state,district,market,commodity,variety,grade,min_price,max_price,modal_price,price_date
Tamil Nadu,Dharmapuri,Dharmapuri(Uzhavar Sandhai ),Onion,Bellary,Local,5300,5700,5500,22/08/2026
Tamil Nadu,Kancheepuram,Kundrathur(Uzhavar Sandhai ),Onion,Bellary,Local,3000,3500,3250,22/08/2026
Tamil Nadu,Dharmapuri,Karimangalam(Uzhavar Sandhai),Onion,Bellary,Local,5000,5500,5250,22/08/2026
Tamil Nadu,Namakkal,Kumarapalayam(Uzhavar Sandhai ),Onion,Bellary,Local,2800,3000,2900,22/08/2026
Tamil Nadu,Thanjavur,Tirukattupalli(Uzhavar Sandhai ),Onion,Bellary,Local,5400,6000,5700,22/08/2026
Tamil Nadu,Perambalur,Perambalur(Uzhavar Sandhai ),Onion,Bellary,Local,6000,6600,6300,22/08/2026
Tamil Nadu,Salem,Mettur(Uzhavar Sandhai ),Onion,Bellary,Local,4500,5800,5150,22/08/2026
Tamil Nadu,Theni,Kambam(Uzhavar Sandhai ),Onion,Bellary,Local,5200,5400,5300,22/08/2026
Tamil Nadu,Pudukkottai,Gandarvakottai(Uzhavar Sandhai ),Onion,Bellary,Local,4000,5000,4500,22/08/2026
Tamil Nadu,Salem,Jalagandapuram(Uzhavar Sandhai ),Onion,Bellary,Local,5000,5500,5250,22/08/2026
Tamil Nadu,Virudhunagar,Sathur(Uzhavar Sandhai ),Onion,Bellary,Local,4500,5000,4750,22/08/2026
Tamil Nadu,Villupuram,Ulundurpettai APMC,Onion,Bellary,Local,4000,4000,4000,22/08/2026
Tamil Nadu,Erode,Thalavadi(Uzhavar Sandhai ),Onion,Bellary,Local,4400,4800,4600,22/08/2026
Tamil Nadu,Nagapattinam,Nagapattinam(Uzhavar Sandhai ),Onion,Bellary,Local,2600,3500,3050,22/08/2026
Tamil Nadu,Thiruvellore,Tiruvallur(Uzhavar Sandhai ),Onion,Bellary,Local,5000,5000,5000,22/08/2026
Tamil Nadu,Karur,Gandhigramam(Uzhavar Sandhai),Onion,Bellary,Local,5500,6000,5750,22/08/2026
Tamil Nadu,Kallakuruchi,Kallakurichi(Uzhavar Sandhai ),Onion,Bellary,Local,6000,6000,6000,22/08/2026
Tamil Nadu,Coimbatore,Vadavalli(Uzhavar Sandhai ),Onion,Bellary,Local,5000,5400,5200,22/08/2026
Tamil Nadu,Coimbatore,Udumalpet APMC,Onion,Bellary,Local,5500,6000,5750,22/08/2026
Tamil Nadu,Pudukkottai,Ponnamaravathi(Uzhavar Sandhai),Onion,Bellary,Local,4500,5000,4750,22/08/2026
Tamil Nadu,Pudukkottai,Viralimalai(Uzhavar Sandhai ),Onion,Bellary,Local,4500,5000,4750,22/08/2026
Tamil Nadu,Thiruvannamalai,Arani(Uzhavar Sandhai ),Onion,Bellary,Local,5000,6000,5500,22/08/2026
Tamil Nadu,Thiruvellore,Perambakkam(Uzhavar Sandhai ),Onion,Bellary,Local,5000,5000,5000,22/08/2026
Tamil Nadu,Tuticorin,Kovilpatti(Uzhavar Sandhai ),Onion,Bellary,Local,6000,6500,6250,22/08/2026
Tamil Nadu,Vellore,Kahithapattarai(Uzhavar Sandhai ),Onion,Bellary,Local,6000,6000,6000,22/08/2026
Tamil Nadu,Villupuram,Villupuram(Uzhavar Sandhai ),Onion,Bellary,Local,5500,6000,5750,22/08/2026
Tamil Nadu,Karur,Karur(Uzhavar Sandhai ),Onion,Bellary,Local,5500,6000,5750,22/08/2026
Tamil Nadu,Nagercoil (Kannyiakumari),Vadaseri APMC,Onion,Bellary,Local,6500,7000,6750,22/08/2026
Tamil Nadu,Dharmapuri,Harur(Uzhavar Sandhai ),Onion,Bellary,Local,4500,5500,5000,22/08/2026
Tamil Nadu,The Nilgiris,Gudalur(Uzhavar Sandhai ),Onion,Bellary,Local,5500,6000,5750,22/08/2026
Tamil Nadu,Dharmapuri,Pennagaram(Uzhavar Sandhai ),Onion,Bellary,Local,5200,5500,5350,22/08/2026
Tamil Nadu,Kallakuruchi,Sankarapuram(Uzhavar Sandhai ),Onion,Bellary,Local,5000,5000,5000,22/08/2026
Tamil Nadu,Kancheepuram,Kancheepuram(Uzhavar Sandhai ),Onion,Bellary,Local,3300,4500,3900,22/08/2026
Tamil Nadu,Madurai,Usilampatti(Uzhavar Sandhai ),Onion,Bellary,Local,5500,6000,5750,22/08/2026
Tamil Nadu,Namakkal,Rasipuram(Uzhavar Sandhai ),Onion,Bellary,Local,5000,5400,5200,22/08/2026
Tamil Nadu,Ranipet,Ranipettai(Uzhavar Sandhai ),Onion,Bellary,Local,5000,5600,5300,22/08/2026
Tamil Nadu,Salem,Ammapet(Uzhavar Sandhai ),Onion,Bellary,Local,5200,5500,5350,22/08/2026
Tamil Nadu,Salem,Thammampatti (Uzhavar Sandhai ),Onion,Bellary,Local,5000,5600,5300,22/08/2026
Tamil Nadu,Salem,Thathakapatti(Uzhavar Sandhai ),Onion,Bellary,Local,5000,5500,5250,22/08/2026
Tamil Nadu,Thiruvannamalai,Vandavasi(Uzhavar Sandhai ),Onion,Bellary,Local,5000,6000,5500,22/08/2026
Tamil Nadu,Cuddalore,Panruti(Uzhavar Sandhai ),Onion,Bellary,Local,4000,4000,4000,22/08/2026
Tamil Nadu,Cuddalore,Vadalur(Uzhavar Sandhai ),Onion,Bellary,Local,4000,5000,4500,22/08/2026
Tamil Nadu,Sivaganga,Sivagangai (Uzhavar Sandhai ),Onion,Bellary,Local,5600,6200,5900,22/08/2026
Tamil Nadu,Sivaganga,Karaikudi(Uzhavar Sandhai ),Onion,Bellary,Local,5800,6400,6100,22/08/2026
Tamil Nadu,Thiruchirappalli,Manachanallur(Uzhavar Sandhai ),Onion,Bellary,Local,4000,5600,4800,22/08/2026
Tamil Nadu,Thiruchirappalli,Thiruverumbur(Uzhavar Sandhai ),Onion,Bellary,Local,4000,5600,4800,22/08/2026
Tamil Nadu,Virudhunagar,Rajapalayam(Uzhavar Sandhai ),Onion,Bellary,Local,5000,5500,5250,22/08/2026
Tamil Nadu,Virudhunagar,Thalavaipuram(Uzhavar Sandhai ),Onion,Bellary,Local,4500,5500,5000,22/08/2026
Tamil Nadu,Chengalpattu,Chengalpet(Uzhavar Sandhai ),Onion,Bellary,Local,4500,5000,4750,22/08/2026
Tamil Nadu,Chengalpattu,Medavakkam(Uzhavar Sandhai ),Onion,Bellary,Local,5000,5000,5000,22/08/2026
Tamil Nadu,Nagercoil (Kannyiakumari),Myladi(Uzhavar Sandhai ),Onion,Bellary,Local,4500,5000,4750,22/08/2026
Tamil Nadu,Vellore,Gudiyatham(Uzhavar Sandhai ),Onion,Bellary,Local,4800,4800,4800,22/08/2026
Tamil Nadu,Cuddalore,Cuddalore(Uzhavar Sandhai ),Onion,Bellary,Local,5000,6000,5500,22/08/2026
Tamil Nadu,Pudukkottai,Karambakkudi(Uzhavar Sandhai ),Onion,Bellary,Local,4500,5000,4750,22/08/2026
Tamil Nadu,Krishnagiri,Kaveripattinam(Uzhavar Sandhai ),Onion,Bellary,Local,4000,4000,4000,22/08/2026
Tamil Nadu,Kancheepuram,Sunguvarchatram(Uzhavar Sandhai ),Onion,Bellary,Local,3000,3500,3250,22/08/2026
Tamil Nadu,Krishnagiri,Avallapalli(Uzhavar Sandhai ),Onion,Bellary,Local,5500,6000,5750,22/08/2026
Tamil Nadu,Madurai,Anaiyur(Uzhavar Sandhai ),Onion,Bellary,Local,5500,6000,5750,22/08/2026
Tamil Nadu,Namakkal,Namakkal(Uzhavar Sandhai ),Onion,Bellary,Local,5000,5500,5250,22/08/2026
Tamil Nadu,Namakkal,Paramathivelur(Uzhavar Sandhai ),Onion,Bellary,Local,5200,5800,5500,22/08/2026
Tamil Nadu,Ranipet,Arcot(Uzhavar Sandhai ),Onion,Bellary,Local,5600,5800,5700,22/08/2026
Tamil Nadu,Thiruchirappalli,Thuraiyur APMC,Onion,Bellary,Local,4500,5500,5000,22/08/2026
Tamil Nadu,Thirunelveli,NGO Colony(Uzhavar Sandhai ),Onion,Bellary,Local,4500,5400,4950,22/08/2026
Tamil Nadu,Thiruvannamalai,Keelpennathur(Uzhavar Sandhai ),Onion,Bellary,Local,3000,3500,3250,22/08/2026
Tamil Nadu,Thanjavur,Peravurani(Uzhavar Sandhai),Onion,Bellary,Local,2500,3000,2750,22/08/2026
Tamil Nadu,Theni,Devaram(Uzhavar Sandhai ),Onion,Bellary,Local,5000,5000,5000,22/08/2026
Tamil Nadu,Salem,Edapadi (Uzhavar Sandhai ),Onion,Bellary,Local,5500,6000,5750,22/08/2026
Tamil Nadu,Salem,Elampillai(Uzhavar Sandhai ),Onion,Bellary,Local,5000,5500,5250,22/08/2026
Tamil Nadu,Sivaganga,Singampunari(Uzhavar Sandhai ),Onion,Bellary,Local,3200,5600,4400,22/08/2026
Tamil Nadu,Sivaganga,Tirupatthur(Uzhavar Sandhai ),Onion,Bellary,Local,5500,6000,5750,22/08/2026
Tamil Nadu,Thiruchirappalli,Lalgudi(Uzhavar Sandhai ),Onion,Bellary,Local,4500,5400,4950,22/08/2026
Tamil Nadu,Virudhunagar,Sivakasi(Uzhavar Sandhai ),Onion,Bellary,Local,5000,6000,5500,22/08/2026
Tamil Nadu,Chengalpattu,Madhuranthagam(Uzhavar Sandhai ),Onion,Bellary,Local,3000,3000,3000,22/08/2026
Tamil Nadu,Madurai,Chokkikulam(Uzhavar Sandhai ),Onion,Bellary,Local,3000,4000,3500,22/08/2026
Tamil Nadu,Cuddalore,Viruthachalam(Uzhavar Sandhai ),Onion,Bellary,Local,5000,5000,5000,22/08/2026
Tamil Nadu,Thiruvellore,Tiruthani(Uzhavar Sandhai ),Onion,Bellary,Local,5000,5000,5000,22/08/2026
Tamil Nadu,Karur,Kulithalai(Uzhavar Sandhai ),Onion,Bellary,Local,5000,5800,5400,22/08/2026
Tamil Nadu,Chengalpattu,Guduvancheri(Uzhavar Sandhai ),Onion,Bellary,Local,4000,5000,4500,22/08/2026
Tamil Nadu,Thirupur,Dharapuram(Uzhavar Sandhai ),Onion,Bellary,Local,4500,5000,4750,22/08/2026
Tamil Nadu,Salem,Athur(Uzhavar Sandhai ),Onion,Bellary,Local,5000,5800,5400,22/08/2026
Tamil Nadu,Nagapattinam,Mayiladuthurai(Uzhavar Sandhai ),Onion,Bellary,Local,3500,4000,3750,22/08/2026
Tamil Nadu,Ramanathapuram,Paramakudi(Uzhavar Sandhai ),Onion,Bellary,Local,4800,5000,4900,22/08/2026
Tamil Nadu,Ramanathapuram,Ramanathapuram(Uzhavar Sandhai ),Onion,Bellary,Local,5000,5500,5250,22/08/2026
Tamil Nadu,Thiruvellore,Ambattur(Uzhavar Sandhai ),Onion,Bellary,Local,5500,5500,5500,22/08/2026
Tamil Nadu,Ariyalur,Ariyalur(Uzhavar Sandhai),Onion,Bellary,Local,4000,4500,4250,22/08/2026
Tamil Nadu,Coimbatore,Sundarapuram(Uzhavar Sandhai ),Onion,Bellary,Local,5000,5500,5250,22/08/2026
Tamil Nadu,Coimbatore,Mettupalayam(Uzhavar Sandhai ),Onion,Bellary,Local,5500,5800,5650,22/08/2026
Tamil Nadu,Ariyalur,Jeyankondam (Uzhavar Sandhai ),Onion,Bellary,Local,4400,4800,4600,22/08/2026
Tamil Nadu,Coimbatore,RSPuram(Uzhavar Sandhai ),Onion,Bellary,Local,4800,5300,5050,22/08/2026
Tamil Nadu,Coimbatore,Singanallur(Uzhavar Sandhai ),Onion,Bellary,Local,5000,5300,5150,22/08/2026
Tamil Nadu,Cuddalore,Chidambaram(Uzhavar Sandhai ),Onion,Bellary,Local,4000,4000,4000,22/08/2026
Tamil Nadu,Thirupur,Tiruppur (South) (Uzhavar Sandhai ),Onion,Bellary,Local,3500,4000,3750,22/08/2026
Tamil Nadu,Erode,Perundurai(Uzhavar Sandhai ),Onion,Bellary,Local,5000,5200,5100,22/08/2026
Tamil Nadu,Kancheepuram,Padappai(Uzhavar Sandhai ),Onion,Bellary,Local,3500,4200,3850,22/08/2026
Tamil Nadu,Nagapattinam,Sirkali(Uzhavar Sandhai ),Onion,Bellary,Local,4500,5000,4750,22/08/2026
Tamil Nadu,Theni,Theni(Uzhavar Sandhai ),Onion,Bellary,Local,5000,5500,5250,22/08/2026
Tamil Nadu,Thirupur,Kangayam(Uzhavar Sandhai ),Onion,Bellary,Local,4000,4700,4350,22/08/2026
Tamil Nadu,Thiruvannamalai,Chengam(Uzhavar Sandhai ),Onion,Bellary,Local,4200,5000,4600,22/08/2026
Tamil Nadu,Thiruvarur,Muthupettai(Uzhavar Sandhai ),Onion,Bellary,Local,4600,4600,4600,22/08/2026
Tamil Nadu,Dharmapuri,AJattihalli(Uzhavar Sandhai ),Onion,Bellary,Local,5000,5700,5350,22/08/2026
Tamil Nadu,Chengalpattu,Pallavaram(Uzhavar Sandhai ),Onion,Bellary,Local,4000,5000,4500,22/08/2026
Tamil Nadu,Chengalpattu,Jameenrayapettai(Uzhavar Sandhai ),Onion,Bellary,Local,4000,5000,4500,22/08/2026
Tamil Nadu,Krishnagiri,Krishnagiri(Uzhavar Sandhai ),Onion,Bellary,Local,5000,5500,5250,22/08/2026
Tamil Nadu,Tenkasi,Sankarankoil(Uzhavar Sandhai ),Onion,Bellary,Local,4500,5000,4750,22/08/2026
Tamil Nadu,Tenkasi,Tenkasi(Uzhavar Sandhai ),Onion,Bellary,Local,4000,5000,4500,22/08/2026
Tamil Nadu,The Nilgiris,Udhagamandalam(Uzhavar Sandhai ),Onion,Bellary,Local,5000,5400,5200,22/08/2026
Tamil Nadu,Villupuram,Gingee(Uzhavar Sandhai ),Onion,Bellary,Local,4000,4500,4250,22/08/2026
Tamil Nadu,Virudhunagar,Kariyapatti(Uzhavar Sandhai ),Onion,Bellary,Local,5500,6000,5750,22/08/2026
Tamil Nadu,Madurai,Melur(Uzhavar Sandhai ),Onion,Bellary,Local,5500,6000,5750,22/08/2026
Tamil Nadu,Pudukkottai,Aranthangi(Uzhavar Sandhai ),Onion,Bellary,Local,4000,5000,4500,22/08/2026
Tamil Nadu,Thirupathur,Natrampalli(Uzhavar Sandhai ),Onion,Bellary,Local,4000,5000,4500,22/08/2026
Tamil Nadu,Virudhunagar,Srivilliputhur(Uzhavar Sandhai ),Onion,Bellary,Local,3500,4000,3750,22/08/2026
Tamil Nadu,Dindigul,Vedasanthur(Uzhavar Sandhai ),Onion,Bellary,Local,5000,5500,5250,22/08/2026
Tamil Nadu,Erode,Gobichettipalayam(Uzhavar Sandhai ),Onion,Bellary,Local,4500,5000,4750,22/08/2026
Tamil Nadu,Erode,Sampath Nagar(Uzhavar Sandhai ),Onion,Bellary,Local,5200,5600,5400,22/08/2026
Tamil Nadu,Pudukkottai,Alangudi(Uzhavar Sandhai ),Onion,Bellary,Local,4500,5000,4750,22/08/2026
Tamil Nadu,Thiruvannamalai,Polur(Uzhavar Sandhai ),Onion,Bellary,Local,4200,5000,4600,22/08/2026
Tamil Nadu,Thiruvannamalai,Tiruvannamalai(Uzhavar Sandhai ),Onion,Bellary,Local,5000,5500,5250,22/08/2026
Tamil Nadu,Thiruvarur,Mannargudi I(Uzhavar Sandhai ),Onion,Bellary,Local,4600,5000,4800,22/08/2026
Tamil Nadu,Thiruvarur,Mannargudi II(Uzhavar Sandhai ),Onion,Bellary,Local,4600,5000,4800,22/08/2026
Tamil Nadu,Thiruvellore,Paruthipattu(Uzhavar Sandhai ),Onion,Bellary,Local,4000,4000,4000,22/08/2026
Tamil Nadu,Erode,Sathiyamagalam(Uzhavar Sandhai ),Onion,Bellary,Local,4500,5000,4750,22/08/2026
Tamil Nadu,Namakkal,Tiruchengode APMC,Onion,Bellary,Local,5000,5500,5250,22/08/2026
Tamil Nadu,Chengalpattu,Thirukalukundram(Uzhavar Sandhai ),Onion,Bellary,Local,3000,3500,3250,22/08/2026
Tamil Nadu,Vellore,Vellore APMC,Onion,Bellary,Local,5600,5600,5600,22/08/2026
Tamil Nadu,Dharmapuri,Palacode(Uzhavar Sandhai ),Onion,Bellary,Local,5400,5600,5500,22/08/2026
Tamil Nadu,Dindigul,Chinnalapatti(Uzhavar Sandhai ),Onion,Bellary,Local,5500,6000,5750,22/08/2026
Tamil Nadu,Dindigul,Dindigul(Uzhavar Sandhai ),Onion,Bellary,Local,5000,6000,5500,22/08/2026
Tamil Nadu,Krishnagiri,Denkanikottai(Uzhavar Sandhai ),Onion,Bellary,Local,5500,6000,5750,22/08/2026
Tamil Nadu,Krishnagiri,Hosur(Uzhavar Sandhai ),Onion,Bellary,Local,5000,6000,5500,22/08/2026
Tamil Nadu,Namakkal,Mohanur(Uzhavar Sandhai ),Onion,Bellary,Local,5000,6000,5500,22/08/2026
Tamil Nadu,Madurai,Palanganatham(Uzhavar Sandhai ),Onion,Bellary,Local,3000,6000,4500,22/08/2026
Tamil Nadu,Madurai,Anna nagar(Uzhavar Sandhai ),Onion,Bellary,Local,4800,6400,5600,22/08/2026
Tamil Nadu,Salem,Sooramangalam(Uzhavar Sandhai ),Onion,Bellary,Local,5000,5500,5250,22/08/2026
Tamil Nadu,Theni,Chinnamanur(Uzhavar Sandhai ),Onion,Bellary,Local,5500,5500,5500,22/08/2026
Tamil Nadu,Thirunelveli,Melapalayam(Uzhavar Sandhai ),Onion,Bellary,Local,5000,5400,5200,22/08/2026
Tamil Nadu,Thirunelveli,Palayamkottai(Uzhavar Sandhai ),Onion,Bellary,Local,4600,5400,5000,22/08/2026
Tamil Nadu,Thirupur,Tiruppur (North) (Uzhavar Sandhai ),Onion,Bellary,Local,3800,4200,4000,22/08/2026
Tamil Nadu,Coimbatore,Sulur(Uzhavar Sandhai ),Onion,Bellary,Local,4800,5300,5050,22/08/2026
Tamil Nadu,Sivaganga,Devakottai (Uzhavar Sandhai ),Onion,Bellary,Local,3500,5800,4650,22/08/2026
Tamil Nadu,Salem,Hasthampatti(Uzhavar Sandhai ),Onion,Bellary,Local,5000,5500,5250,22/08/2026
Tamil Nadu,Thanjavur,Pattukottai(Uzhavar Sandhai ),Onion,Bellary,Local,4600,6000,5300,22/08/2026
Tamil Nadu,Thanjavur,Thanjavur(Uzhavar Sandhai ),Onion,Bellary,Local,5400,6000,5700,22/08/2026
Tamil Nadu,Thiruchirappalli,KKNagar(Uzhavar Sandhai ),Onion,Bellary,Local,6000,6000,6000,22/08/2026
Tamil Nadu,Thiruchirappalli,Manapparai(Uzhavar Sandhai ),Onion,Bellary,Local,5000,5600,5300,22/08/2026
Tamil Nadu,Thiruchirappalli,Musiri(Uzhavar Sandhai ),Onion,Bellary,Local,4600,6000,5300,22/08/2026
Tamil Nadu,Virudhunagar,Virudhunagar(Uzhavar Sandhai ),Onion,Bellary,Local,5000,5200,5100,22/08/2026
Tamil Nadu,Chengalpattu,Nanganallur(Uzhavar Sandhai ),Onion,Bellary,Local,4500,5000,4750,22/08/2026
Tamil Nadu,Villupuram,Tindivanam APMC,Onion,Bellary,Local,4800,4800,4800,22/08/2026
Tamil Nadu,Pudukkottai,Pudukottai(Uzhavar Sandhai ),Onion,Bellary,Local,6000,7000,6500,22/08/2026
Tamil Nadu,Thanjavur,Kumbakonam (Uzhavar Sandhai ),Onion,Bellary,Local,4200,6600,5400,22/08/2026
Tamil Nadu,Theni,Andipatti(Uzhavar Sandhai ),Onion,Bellary,Local,5300,5500,5400,22/08/2026
Tamil Nadu,Theni,Bodinayakanur(Uzhavar Sandhai ),Onion,Bellary,Local,5400,5400,5400,22/08/2026
Tamil Nadu,Thiruvarur,Needamangalam(Uzhavar Sandhai ),Onion,Bellary,Local,4600,4600,4600,22/08/2026
Tamil Nadu,Virudhunagar,Aruppukottai(Uzhavar Sandhai ),Onion,Bellary,Local,5500,6000,5750,22/08/2026
Tamil Nadu,Vellore,Katpadi (Uzhavar Sandhai ),Onion,Bellary,Local,6000,6000,6000,22/08/2026
Tamil Nadu,Madurai,Thirumangalam(Uzhavar Sandhai ),Onion,Bellary,Local,5500,6000,5750,22/08/2026
Tamil Nadu,Salem,Vazhapadi(Uzhavar Sandhai),Onion,Bellary,Local,4500,5000,4750,22/08/2026
Tamil Nadu,Nagapattinam,Vedaranyam(Uzhavar Sandhai),Onion,Bellary,Local,3200,3800,3500,22/08/2026
Tamil Nadu,Vellore,Perampet(Uzhavar Sandhai),Onion,Bellary,Local,4500,5000,4750,22/08/2026
Tamil Nadu,Vellore,Pallikonda(Uzhavar Sandhai),Onion,Bellary,Local,5000,5500,5250,22/08/2026
Tamil Nadu,Thiruvellore,Naravarikuppam(Uzhavar Sandhai ),Onion,Bellary,Local,5500,5500,5500,22/08/2026
Tamil Nadu,Thiruvannamalai,Cheyyar(Uzhavar Sandhai ),Onion,Bellary,Local,4800,6000,5400,22/08/2026
Tamil Nadu,Coimbatore,Pollachi(Uzhavar Sandhai ),Onion,Bellary,Local,3500,4000,3750,22/08/2026
Tamil Nadu,Coimbatore,Kurichi(Uzhavar Sandhai ),Onion,Bellary,Local,5000,5500,5250,22/08/2026
Tamil Nadu,Vellore,Thirupathur APMC,Onion,Bellary,Local,5000,5000,5000,22/08/2026
Tamil Nadu,The Nilgiris,Coonoor(Uzhavar Sandhai ),Onion,Bellary,Local,5000,5400,5200,22/08/2026
Tamil Nadu,Dharmapuri,Palacode(Uzhavar Sandhai ),Onion Green,Onion Green,Local,5500,6000,5750,22/08/2026
Tamil Nadu,Dharmapuri,Pennagaram(Uzhavar Sandhai ),Onion Green,Onion Green,Local,6500,7000,6750,22/08/2026
Tamil Nadu,Dharmapuri,Karimangalam(Uzhavar Sandhai),Onion Green,Onion Green,Local,4500,5000,4750,22/08/2026
Tamil Nadu,Madurai,Usilampatti(Uzhavar Sandhai ),Onion Green,Onion Green,Local,7500,8000,7750,22/08/2026
Tamil Nadu,Nagapattinam,Sirkali(Uzhavar Sandhai ),Onion Green,Onion Green,Local,5500,6000,5750,22/08/2026
Tamil Nadu,Namakkal,Kumarapalayam(Uzhavar Sandhai ),Onion Green,Onion Green,Local,5000,7000,6000,22/08/2026
Tamil Nadu,Thirupur,Tiruppur (North) (Uzhavar Sandhai ),Onion Green,Onion Green,Local,6000,7000,6500,22/08/2026
Tamil Nadu,Thiruvannamalai,Vandavasi(Uzhavar Sandhai ),Onion Green,Onion Green,Local,4000,5000,4500,22/08/2026
Tamil Nadu,Karur,Velayuthampalayam(Uzhavar Sandhai ),Onion Green,Onion Green,Local,7000,8000,7500,22/08/2026
Tamil Nadu,Salem,Elampillai(Uzhavar Sandhai ),Onion Green,Onion Green,Local,5500,6000,5750,22/08/2026
Tamil Nadu,Sivaganga,Singampunari(Uzhavar Sandhai ),Onion Green,Onion Green,Local,7500,8000,7750,22/08/2026
Tamil Nadu,Thiruchirappalli,Musiri(Uzhavar Sandhai ),Onion Green,Onion Green,Local,5000,8000,6500,22/08/2026
Tamil Nadu,Chengalpattu,Chengalpet(Uzhavar Sandhai ),Onion Green,Onion Green,Local,9000,10000,9500,22/08/2026
Tamil Nadu,Chengalpattu,Nanganallur(Uzhavar Sandhai ),Onion Green,Onion Green,Local,8000,9000,8500,22/08/2026
Tamil Nadu,Nagapattinam,Nagapattinam(Uzhavar Sandhai ),Onion Green,Onion Green,Local,5400,6500,5950,22/08/2026
Tamil Nadu,Thanjavur,Kumbakonam (Uzhavar Sandhai ),Onion Green,Onion Green,Local,7200,8400,7800,22/08/2026
Tamil Nadu,Theni,Bodinayakanur(Uzhavar Sandhai ),Onion Green,Onion Green,Local,7000,7000,7000,22/08/2026
Tamil Nadu,Madurai,Thirumangalam(Uzhavar Sandhai ),Onion Green,Onion Green,Local,7500,8000,7750,22/08/2026
Tamil Nadu,Salem,Vazhapadi(Uzhavar Sandhai),Onion Green,Onion Green,Local,6000,7000,6500,22/08/2026
Tamil Nadu,Chengalpattu,Guduvancheri(Uzhavar Sandhai ),Onion Green,Onion Green,Local,9000,10000,9500,22/08/2026
Tamil Nadu,Kallakuruchi,Kallakurichi(Uzhavar Sandhai ),Onion Green,Onion Green,Local,7000,7000,7000,22/08/2026
Tamil Nadu,Salem,Athur(Uzhavar Sandhai ),Onion Green,Onion Green,Local,5000,6000,5500,22/08/2026
Tamil Nadu,Virudhunagar,Srivilliputhur(Uzhavar Sandhai ),Onion Green,Onion Green,Local,5500,7000,6250,22/08/2026
Tamil Nadu,Coimbatore,Vadavalli(Uzhavar Sandhai ),Onion Green,Onion Green,Local,7000,7500,7250,22/08/2026
Tamil Nadu,Dindigul,Vedasanthur(Uzhavar Sandhai ),Onion Green,Onion Green,Local,5000,6000,5500,22/08/2026
Tamil Nadu,Thiruvannamalai,Arani(Uzhavar Sandhai ),Onion Green,Onion Green,Local,4000,5000,4500,22/08/2026
Tamil Nadu,Thiruvarur,Mannargudi II(Uzhavar Sandhai ),Onion Green,Onion Green,Local,8000,8000,8000,22/08/2026
Tamil Nadu,Thiruvannamalai,Cheyyar(Uzhavar Sandhai ),Onion Green,Onion Green,Local,4000,5000,4500,22/08/2026
Tamil Nadu,Ariyalur,Ariyalur(Uzhavar Sandhai),Onion Green,Onion Green,Local,6000,7000,6500,22/08/2026
Tamil Nadu,Erode,Sathiyamagalam(Uzhavar Sandhai ),Onion Green,Onion Green,Local,6000,6500,6250,22/08/2026
Tamil Nadu,Nagercoil (Kannyiakumari),Vadaseri APMC,Onion Green,Onion Green,Local,7500,8000,7750,22/08/2026
Tamil Nadu,Vellore,Thirupathur APMC,Onion Green,Onion Green,Local,7500,7500,7500,22/08/2026
Tamil Nadu,The Nilgiris,Coonoor(Uzhavar Sandhai ),Onion Green,Onion Green,Local,7000,7500,7250,22/08/2026
Tamil Nadu,Thirupur,Tiruppur (South) (Uzhavar Sandhai ),Onion Green,Onion Green,Local,5500,7000,6250,22/08/2026
Tamil Nadu,Dharmapuri,Dharmapuri(Uzhavar Sandhai ),Onion Green,Onion Green,Local,5500,6000,5750,22/08/2026
Tamil Nadu,Dindigul,Chinnalapatti(Uzhavar Sandhai ),Onion Green,Onion Green,Local,5000,6000,5500,22/08/2026
Tamil Nadu,Dindigul,Dindigul(Uzhavar Sandhai ),Onion Green,Onion Green,Local,5000,6000,5500,22/08/2026
Tamil Nadu,Kancheepuram,Kancheepuram(Uzhavar Sandhai ),Onion Green,Onion Green,Local,5000,6000,5500,22/08/2026
Tamil Nadu,Madurai,Palanganatham(Uzhavar Sandhai ),Onion Green,Onion Green,Local,7000,8000,7500,22/08/2026
Tamil Nadu,Theni,Chinnamanur(Uzhavar Sandhai ),Onion Green,Onion Green,Local,7500,7500,7500,22/08/2026
Tamil Nadu,Thirunelveli,Palayamkottai(Uzhavar Sandhai ),Onion Green,Onion Green,Local,6000,7500,6750,22/08/2026
Tamil Nadu,Thiruvannamalai,Chengam(Uzhavar Sandhai ),Onion Green,Onion Green,Local,7000,8000,7500,22/08/2026
Tamil Nadu,Cuddalore,Vadalur(Uzhavar Sandhai ),Onion Green,Onion Green,Local,7000,7000,7000,22/08/2026
Tamil Nadu,Theni,Devaram(Uzhavar Sandhai ),Onion Green,Onion Green,Local,6500,6500,6500,22/08/2026
Tamil Nadu,Salem,Hasthampatti(Uzhavar Sandhai ),Onion Green,Onion Green,Local,5500,6000,5750,22/08/2026
Tamil Nadu,Salem,Jalagandapuram(Uzhavar Sandhai ),Onion Green,Onion Green,Local,5500,6000,5750,22/08/2026
Tamil Nadu,Sivaganga,Karaikudi(Uzhavar Sandhai ),Onion Green,Onion Green,Local,7800,8400,8100,22/08/2026
Tamil Nadu,Sivaganga,Tirupatthur(Uzhavar Sandhai ),Onion Green,Onion Green,Local,8000,8500,8250,22/08/2026
Tamil Nadu,Thanjavur,Pattukottai(Uzhavar Sandhai ),Onion Green,Onion Green,Local,7800,7800,7800,22/08/2026
Tamil Nadu,Thanjavur,Thanjavur(Uzhavar Sandhai ),Onion Green,Onion Green,Local,7000,7600,7300,22/08/2026
Tamil Nadu,Thiruchirappalli,KKNagar(Uzhavar Sandhai ),Onion Green,Onion Green,Local,8400,8400,8400,22/08/2026
Tamil Nadu,Thiruchirappalli,Lalgudi(Uzhavar Sandhai ),Onion Green,Onion Green,Local,8000,8000,8000,22/08/2026
Tamil Nadu,Thiruchirappalli,Manapparai(Uzhavar Sandhai ),Onion Green,Onion Green,Local,7000,8000,7500,22/08/2026
Tamil Nadu,Virudhunagar,Thalavaipuram(Uzhavar Sandhai ),Onion Green,Onion Green,Local,5000,6000,5500,22/08/2026
Tamil Nadu,Thiruvarur,Needamangalam(Uzhavar Sandhai ),Onion Green,Onion Green,Local,8000,8000,8000,22/08/2026
Tamil Nadu,Karur,Gandhigramam(Uzhavar Sandhai),Onion Green,Onion Green,Local,7500,8000,7750,22/08/2026
Tamil Nadu,Nagapattinam,Vedaranyam(Uzhavar Sandhai),Onion Green,Onion Green,Local,4000,5000,4500,22/08/2026
Tamil Nadu,Erode,Gobichettipalayam(Uzhavar Sandhai ),Onion Green,Onion Green,Local,6000,6500,6250,22/08/2026
Tamil Nadu,Pudukkottai,Ponnamaravathi(Uzhavar Sandhai),Onion Green,Onion Green,Local,7500,8000,7750,22/08/2026
Tamil Nadu,Nagapattinam,Mayiladuthurai(Uzhavar Sandhai ),Onion Green,Onion Green,Local,5000,6000,5500,22/08/2026
Tamil Nadu,Ramanathapuram,Paramakudi(Uzhavar Sandhai ),Onion Green,Onion Green,Local,7500,8000,7750,22/08/2026
Tamil Nadu,Pudukkottai,Alangudi(Uzhavar Sandhai ),Onion Green,Onion Green,Local,7000,8000,7500,22/08/2026
Tamil Nadu,Thiruvannamalai,Polur(Uzhavar Sandhai ),Onion Green,Onion Green,Local,5000,6000,5500,22/08/2026
Tamil Nadu,Thiruvarur,Mannargudi I(Uzhavar Sandhai ),Onion Green,Onion Green,Local,8000,8000,8000,22/08/2026
Tamil Nadu,Coimbatore,Mettupalayam(Uzhavar Sandhai ),Onion Green,Onion Green,Local,7000,7500,7250,22/08/2026
Tamil Nadu,Coimbatore,RSPuram(Uzhavar Sandhai ),Onion Green,Onion Green,Local,7000,7500,7250,22/08/2026
Tamil Nadu,Karur,Karur(Uzhavar Sandhai ),Onion Green,Onion Green,Local,7500,8000,7750,22/08/2026
Tamil Nadu,Cuddalore,Cuddalore(Uzhavar Sandhai ),Onion Green,Onion Green,Local,7000,8000,7500,22/08/2026
Tamil Nadu,Chengalpattu,Thirukalukundram(Uzhavar Sandhai ),Onion Green,Onion Green,Local,6000,7000,6500,22/08/2026
Tamil Nadu,Pudukkottai,Karambakkudi(Uzhavar Sandhai ),Onion Green,Onion Green,Local,7000,8000,7500,22/08/2026
Tamil Nadu,Kallakuruchi,Sankarapuram(Uzhavar Sandhai ),Onion Green,Onion Green,Local,8000,8000,8000,22/08/2026
Tamil Nadu,Krishnagiri,Denkanikottai(Uzhavar Sandhai ),Onion Green,Onion Green,Local,8500,9000,8750,22/08/2026
Tamil Nadu,Namakkal,Mohanur(Uzhavar Sandhai ),Onion Green,Onion Green,Local,5000,7000,6000,22/08/2026
Tamil Nadu,Perambalur,Perambalur(Uzhavar Sandhai ),Onion Green,Onion Green,Local,4000,5000,4500,22/08/2026
Tamil Nadu,Ranipet,Ranipettai(Uzhavar Sandhai ),Onion Green,Onion Green,Local,8000,8000,8000,22/08/2026
Tamil Nadu,Salem,Ammapet(Uzhavar Sandhai ),Onion Green,Onion Green,Local,5500,6000,5750,22/08/2026
Tamil Nadu,Salem,Sooramangalam(Uzhavar Sandhai ),Onion Green,Onion Green,Local,5500,6000,5750,22/08/2026
Tamil Nadu,Thiruchirappalli,Thuraiyur APMC,Onion Green,Onion Green,Local,7000,8000,7500,22/08/2026
Tamil Nadu,Theni,Kambam(Uzhavar Sandhai ),Onion Green,Onion Green,Local,5500,6500,6000,22/08/2026
Tamil Nadu,Theni,Theni(Uzhavar Sandhai ),Onion Green,Onion Green,Local,6000,7000,6500,22/08/2026
Tamil Nadu,Thirunelveli,Ambasamudram(Uzhavar Sandhai ),Onion Green,Onion Green,Local,6000,6500,6250,22/08/2026
Tamil Nadu,Thirunelveli,Melapalayam(Uzhavar Sandhai ),Onion Green,Onion Green,Local,7000,7500,7250,22/08/2026
Tamil Nadu,Thirupur,Kangayam(Uzhavar Sandhai ),Onion Green,Onion Green,Local,6000,7200,6600,22/08/2026
Tamil Nadu,Thiruvarur,Muthupettai(Uzhavar Sandhai ),Onion Green,Onion Green,Local,8000,8000,8000,22/08/2026
Tamil Nadu,Cuddalore,Panruti(Uzhavar Sandhai ),Onion Green,Onion Green,Local,6000,6000,6000,22/08/2026
Tamil Nadu,Salem,Attayampatti(Uzhavar Sandhai ),Onion Green,Onion Green,Local,6500,6500,6500,22/08/2026
Tamil Nadu,Sivaganga,Devakottai (Uzhavar Sandhai ),Onion Green,Onion Green,Local,7800,8200,8000,22/08/2026
Tamil Nadu,Thiruchirappalli,Manachanallur(Uzhavar Sandhai ),Onion Green,Onion Green,Local,7000,7000,7000,22/08/2026
Tamil Nadu,Thiruchirappalli,Thiruverumbur(Uzhavar Sandhai ),Onion Green,Onion Green,Local,7000,8000,7500,22/08/2026
Tamil Nadu,Virudhunagar,Rajapalayam(Uzhavar Sandhai ),Onion Green,Onion Green,Local,5000,6000,5500,22/08/2026
Tamil Nadu,Nagercoil (Kannyiakumari),Myladi(Uzhavar Sandhai ),Onion Green,Onion Green,Local,7500,8000,7750,22/08/2026
Tamil Nadu,Tenkasi,Tenkasi(Uzhavar Sandhai ),Onion Green,Onion Green,Local,5000,6000,5500,22/08/2026
Tamil Nadu,Vellore,Katpadi (Uzhavar Sandhai ),Onion Green,Onion Green,Local,8000,8000,8000,22/08/2026
Tamil Nadu,Madurai,Melur(Uzhavar Sandhai ),Onion Green,Onion Green,Local,7500,8000,7750,22/08/2026
Tamil Nadu,Pudukkottai,Aranthangi(Uzhavar Sandhai ),Onion Green,Onion Green,Local,7000,8000,7500,22/08/2026
Tamil Nadu,Vellore,Perampet(Uzhavar Sandhai),Onion Green,Onion Green,Local,7000,8000,7500,22/08/2026
Tamil Nadu,Thirupur,Dharapuram(Uzhavar Sandhai ),Onion Green,Onion Green,Local,6000,7500,6750,22/08/2026
Tamil Nadu,Thirupathur,Natrampalli(Uzhavar Sandhai ),Onion Green,Onion Green,Local,5000,6000,5500,22/08/2026
Tamil Nadu,Erode,Sampath Nagar(Uzhavar Sandhai ),Onion Green,Onion Green,Local,5500,6000,5750,22/08/2026
Tamil Nadu,Tuticorin,Kovilpatti(Uzhavar Sandhai ),Onion Green,Onion Green,Local,6000,6500,6250,22/08/2026
Tamil Nadu,Coimbatore,Kurichi(Uzhavar Sandhai ),Onion Green,Onion Green,Local,7000,7500,7250,22/08/2026
Tamil Nadu,Cuddalore,Chidambaram(Uzhavar Sandhai ),Onion Green,Onion Green,Local,6000,6000,6000,22/08/2026
Tamil Nadu,Vellore,Vellore APMC,Onion Green,Onion Green,Local,8500,8500,8500,22/08/2026
Tamil Nadu,Dharmapuri,Harur(Uzhavar Sandhai ),Onion Green,Onion Green,Local,5000,6000,5500,22/08/2026
Tamil Nadu,Erode,Perundurai(Uzhavar Sandhai ),Onion Green,Onion Green,Local,6500,6800,6650,22/08/2026
Tamil Nadu,Krishnagiri,Avallapalli(Uzhavar Sandhai ),Onion Green,Onion Green,Local,8000,9000,8500,22/08/2026
Tamil Nadu,Krishnagiri,Hosur(Uzhavar Sandhai ),Onion Green,Onion Green,Local,8000,9000,8500,22/08/2026
Tamil Nadu,Madurai,Anaiyur(Uzhavar Sandhai ),Onion Green,Onion Green,Local,7500,8000,7750,22/08/2026
Tamil Nadu,Namakkal,Paramathivelur(Uzhavar Sandhai ),Onion Green,Onion Green,Local,7200,8000,7600,22/08/2026
Tamil Nadu,Salem,Thammampatti (Uzhavar Sandhai ),Onion Green,Onion Green,Local,5000,6000,5500,22/08/2026
Tamil Nadu,Salem,Thathakapatti(Uzhavar Sandhai ),Onion Green,Onion Green,Local,6000,6500,6250,22/08/2026
Tamil Nadu,Thirunelveli,Kandiyaperi(Uzhavar Sandhai ),Onion Green,Onion Green,Local,6000,7500,6750,22/08/2026
Tamil Nadu,Dharmapuri,AJattihalli(Uzhavar Sandhai ),Onion Green,Onion Green,Local,5500,6000,5750,22/08/2026
Tamil Nadu,Karur,Pallapatti (Uzhavar Sandhai ),Onion Green,Onion Green,Local,7500,8000,7750,22/08/2026
Tamil Nadu,Virudhunagar,Sathur(Uzhavar Sandhai ),Onion Green,Onion Green,Local,6500,7000,6750,22/08/2026
Tamil Nadu,Virudhunagar,Sivakasi(Uzhavar Sandhai ),Onion Green,Onion Green,Local,6000,7000,6500,22/08/2026
Tamil Nadu,Chengalpattu,Madhuranthagam(Uzhavar Sandhai ),Onion Green,Onion Green,Local,6000,6000,6000,22/08/2026
Tamil Nadu,Villupuram,Ulundurpettai APMC,Onion Green,Onion Green,Local,7000,7000,7000,22/08/2026
Tamil Nadu,Madurai,Chokkikulam(Uzhavar Sandhai ),Onion Green,Onion Green,Local,7500,8000,7750,22/08/2026
Tamil Nadu,Erode,Thalavadi(Uzhavar Sandhai ),Onion Green,Onion Green,Local,6000,6500,6250,22/08/2026
Tamil Nadu,Cuddalore,Viruthachalam(Uzhavar Sandhai ),Onion Green,Onion Green,Local,8000,8000,8000,22/08/2026
Tamil Nadu,Krishnagiri,Krishnagiri(Uzhavar Sandhai ),Onion Green,Onion Green,Local,6000,7000,6500,22/08/2026
Tamil Nadu,Pudukkottai,Pudukottai(Uzhavar Sandhai ),Onion Green,Onion Green,Local,7000,8000,7500,22/08/2026
Tamil Nadu,Villupuram,Gingee(Uzhavar Sandhai ),Onion Green,Onion Green,Local,7500,7500,7500,22/08/2026
Tamil Nadu,Virudhunagar,Kariyapatti(Uzhavar Sandhai ),Onion Green,Onion Green,Local,7000,7500,7250,22/08/2026
Tamil Nadu,Karur,Kulithalai(Uzhavar Sandhai ),Onion Green,Onion Green,Local,7500,8000,7750,22/08/2026
Tamil Nadu,Thirupur,Palladam(Uzhavar Sandhai ),Onion Green,Onion Green,Local,6000,7000,6500,22/08/2026
Tamil Nadu,Vellore,Pallikonda(Uzhavar Sandhai),Onion Green,Onion Green,Local,7500,8000,7750,22/08/2026
Tamil Nadu,Vellore,Kahithapattarai(Uzhavar Sandhai ),Onion Green,Onion Green,Local,8000,8000,8000,22/08/2026
Tamil Nadu,Villupuram,Villupuram(Uzhavar Sandhai ),Onion Green,Onion Green,Local,8000,8000,8000,22/08/2026
Tamil Nadu,Coimbatore,Sundarapuram(Uzhavar Sandhai ),Onion Green,Onion Green,Local,7000,7500,7250,22/08/2026
Tamil Nadu,Coimbatore,Singanallur(Uzhavar Sandhai ),Onion Green,Onion Green,Local,7000,7500,7250,22/08/2026
Tamil Nadu,The Nilgiris,Gudalur(Uzhavar Sandhai ),Onion Green,Onion Green,Local,7000,8000,7500,22/08/2026
Tamil Nadu,Erode,Periyar Nagar(Uzhavar Sandhai ),Onion Green,Onion Green,Local,5500,6000,5750,22/08/2026
Tamil Nadu,Kancheepuram,Kundrathur(Uzhavar Sandhai ),Onion Green,Onion Green,Local,6000,6000,6000,22/08/2026
Tamil Nadu,Kancheepuram,Padappai(Uzhavar Sandhai ),Onion Green,Onion Green,Local,5000,6000,5500,22/08/2026
Tamil Nadu,Kancheepuram,Sunguvarchatram(Uzhavar Sandhai ),Onion Green,Onion Green,Local,5000,6000,5500,22/08/2026
Tamil Nadu,Namakkal,Namakkal(Uzhavar Sandhai ),Onion Green,Onion Green,Local,3000,7000,5000,22/08/2026
Tamil Nadu,Namakkal,Rasipuram(Uzhavar Sandhai ),Onion Green,Onion Green,Local,5500,7500,6500,22/08/2026
Tamil Nadu,Thanjavur,Tirukattupalli(Uzhavar Sandhai ),Onion Green,Onion Green,Local,7600,7600,7600,22/08/2026
Tamil Nadu,Madurai,Anna nagar(Uzhavar Sandhai ),Onion Green,Onion Green,Local,6600,7800,7200,22/08/2026
Tamil Nadu,Salem,Mecheri(Uzhavar Sandhai),Onion Green,Onion Green,Local,5500,6000,5750,22/08/2026
Tamil Nadu,Ranipet,Arcot(Uzhavar Sandhai ),Onion Green,Onion Green,Local,8000,8000,8000,22/08/2026
Tamil Nadu,Salem,Mettur(Uzhavar Sandhai ),Onion Green,Onion Green,Local,5000,6000,5500,22/08/2026
Tamil Nadu,Thirunelveli,NGO Colony(Uzhavar Sandhai ),Onion Green,Onion Green,Local,7000,7500,7250,22/08/2026
Tamil Nadu,Thiruvannamalai,Tamarainagar(Uzhavar Sandhai ),Onion Green,Onion Green,Local,8000,10000,9000,22/08/2026
Tamil Nadu,Coimbatore,Sulur(Uzhavar Sandhai ),Onion Green,Onion Green,Local,7000,7500,7250,22/08/2026
Tamil Nadu,Pudukkottai,Gandarvakottai(Uzhavar Sandhai ),Onion Green,Onion Green,Local,7000,8000,7500,22/08/2026
Tamil Nadu,Thanjavur,Peravurani(Uzhavar Sandhai),Onion Green,Onion Green,Local,5000,5000,5000,22/08/2026
Tamil Nadu,Karur,Vengamedu(Uzhavar Sandhai ),Onion Green,Onion Green,Local,7500,8000,7750,22/08/2026
Tamil Nadu,Sivaganga,Sivagangai (Uzhavar Sandhai ),Onion Green,Onion Green,Local,7600,8200,7900,22/08/2026
Tamil Nadu,Salem,Edapadi (Uzhavar Sandhai ),Onion Green,Onion Green,Local,5500,6000,5750,22/08/2026
Tamil Nadu,Virudhunagar,Virudhunagar(Uzhavar Sandhai ),Onion Green,Onion Green,Local,6400,6500,6450,22/08/2026
Tamil Nadu,Chengalpattu,Pallavaram(Uzhavar Sandhai ),Onion Green,Onion Green,Local,9000,10000,9500,22/08/2026
Tamil Nadu,Chengalpattu,Jameenrayapettai(Uzhavar Sandhai ),Onion Green,Onion Green,Local,9000,10000,9500,22/08/2026
Tamil Nadu,Villupuram,Tindivanam APMC,Onion Green,Onion Green,Local,7600,7600,7600,22/08/2026
Tamil Nadu,Tenkasi,Sankarankoil(Uzhavar Sandhai ),Onion Green,Onion Green,Local,5000,6000,5500,22/08/2026
Tamil Nadu,The Nilgiris,Udhagamandalam(Uzhavar Sandhai ),Onion Green,Onion Green,Local,7500,7800,7650,22/08/2026
Tamil Nadu,Theni,Andipatti(Uzhavar Sandhai ),Onion Green,Onion Green,Local,6500,7000,6750,22/08/2026
Tamil Nadu,Virudhunagar,Aruppukottai(Uzhavar Sandhai ),Onion Green,Onion Green,Local,7000,7500,7250,22/08/2026
Tamil Nadu,Thiruvarur,Valangaiman APMC,Onion Green,Onion Green,Local,7000,7000,7000,22/08/2026
Tamil Nadu,Coimbatore,Udumalpet APMC,Onion Green,Onion Green,Local,6500,8000,7250,22/08/2026
Tamil Nadu,Pudukkottai,Viralimalai(Uzhavar Sandhai ),Onion Green,Onion Green,Local,7000,8000,7500,22/08/2026
Tamil Nadu,Ramanathapuram,Ramanathapuram(Uzhavar Sandhai ),Onion Green,Onion Green,Local,8500,9000,8750,22/08/2026
Tamil Nadu,Thiruvannamalai,Tiruvannamalai(Uzhavar Sandhai ),Onion Green,Onion Green,Local,7000,8000,7500,22/08/2026
Tamil Nadu,Vellore,Gudiyatham(Uzhavar Sandhai ),Onion Green,Onion Green,Local,8000,8000,8000,22/08/2026
Tamil Nadu,Namakkal,Tiruchengode APMC,Onion Green,Onion Green,Local,6000,7000,6500,22/08/2026
Tamil Nadu,Ariyalur,Jeyankondam (Uzhavar Sandhai ),Onion Green,Onion Green,Local,6400,7000,6700,22/08/2026
Tamil Nadu,Coimbatore,Pollachi(Uzhavar Sandhai ),Onion Green,Onion Green,Local,5500,6000,5750,22/08/2026
Tamil Nadu,Krishnagiri,Kaveripattinam(Uzhavar Sandhai ),Onion Green,Onion Green,Local,6000,7000,6500,22/08/2026
Madhya Pradesh,Ujjain,Badnagar APMC,Onion,Onion,FAQ,1600,3800,2600,22/08/2026
Madhya Pradesh,Ujjain,Badnagar APMC,Onion,Medium,FAQ,800,3200,3200,22/08/2026
Madhya Pradesh,Indore,Indore APMC,Onion,Other,FAQ,407,3747,3253,22/08/2026
Madhya Pradesh,Indore,Indore APMC,Onion,Onion,FAQ,420,3780,3374,22/08/2026
Madhya Pradesh,Dhar,Badnawar APMC,Onion,Onion,FAQ,500,3700,1000,22/08/2026
Madhya Pradesh,Shajapur,Shajapur APMC,Onion,Onion,FAQ,2173.98,3474.55,3332.58,22/08/2026
Madhya Pradesh,Shajapur,Shajapur APMC,Onion,Medium,FAQ,200,3970.2,3167.58,22/08/2026
Madhya Pradesh,Indore,Indore APMC,Onion,Onion,Non-FAQ,1068,3836,3487,22/08/2026
Madhya Pradesh,Ujjain,Badnagar APMC,Onion,Local,FAQ,1355,1440,1440,22/08/2026
Madhya Pradesh,Ujjain,Badnagar APMC,Onion,Onion,Non-FAQ,600,1650,1650,22/08/2026
Madhya Pradesh,Dhar,Kukshi(F&V) APMC,Onion,Onion,Grade A,1200,2500,1800,22/08/2026
Madhya Pradesh,Badwani,Sendhwa(F&V) APMC,Onion,Red,Medium,800,1100,1000,22/08/2026
Madhya Pradesh,Dhar,Badnawar APMC,Onion,Onion,Non-FAQ,500,3200,1000,22/08/2026
Madhya Pradesh,Dhar,Badnawar APMC,Onion,Medium,FAQ,595,815,695,22/08/2026
Madhya Pradesh,Guna,Guna(F&V) APMC,Onion,Other,Grade B,2500,3000,2800,22/08/2026
Madhya Pradesh,Betul,Betul(F&V) APMC,Onion,Onion,FAQ,2800,2800,2800,22/08/2026
Madhya Pradesh,Morena,Morena APMC,Onion,Onion,Non-FAQ,1200,1200,1200,22/08/2026
Madhya Pradesh,Ujjain,Ujjain APMC,Onion,Onion,FAQ,3008.83,3008.83,3008.83,22/08/2026
Madhya Pradesh,Dhar,Badnawar APMC,Onion,Onion-Organic,FAQ,1700,1700,1700,22/08/2026
Madhya Pradesh,Dhar,Badnawar APMC,Onion,White,Non-FAQ,1100,1400,1400,22/08/2026
Madhya Pradesh,Dhar,Badnawar APMC,Onion,Onion-Organic,Non-FAQ,1200,1200,1200,22/08/2026
Madhya Pradesh,Bhopal,Bhopal APMC,Onion,Onion,FAQ,1000,3200,2500,22/08/2026
Maharashtra,Sangli,"Sangli(Phale, Bhajipala Market) APMC",Onion,Local,Local,1200,4000,2600,22/08/2026
Maharashtra,Solapur,SHRI.SIDDHESHWAR  APMC,Onion,Red,Local,500,4600,2500,22/08/2026
Maharashtra,Nashik,Lasalgaon(Niphad) APMC,Onion,Unhali,Local,1201,4081,3800,22/08/2026
Maharashtra,Nashik,Lasalgaon(Vinchur) APMC,Onion,Unhali,Local,1000,4020,3700,22/08/2026
Maharashtra,Satara,Vaduj APMC,Onion,Local,Local,3500,4000,3800,22/08/2026
Maharashtra,Nashik,Manmad APMC,Onion,Unhali,Local,500,3940,3550,22/08/2026
Maharashtra,Kolhapur,Kolhapur APMC,Onion,Other,Local,1200,4200,2300,22/08/2026
Maharashtra,Nashik,Dindori APMC,Onion,Unhali,Local,3000,4121,3750,22/08/2026
Maharashtra,Nagpur,Ramtek APMC,Onion,Unhali,Local,3000,4000,3500,22/08/2026
Maharashtra,Sangli,Vita APMC,Onion,Other,Local,3000,4000,3500,22/08/2026
Maharashtra,Nagpur,Nagpur APMC,Onion,Red,Local,3500,4000,3875,22/08/2026
Maharashtra,Kolhapur,Vadgaonpeth APMC,Onion,Local,Local,2800,4000,3200,22/08/2026
Maharashtra,Chattrapati Sambhajinagar,Chattrapati Sambhajinagar APMC,Onion,Other,Local,1600,3500,2550,22/08/2026
Maharashtra,Jalgaon,Bhusaval APMC,Onion,Unhali,Local,3300,3300,3300,22/08/2026
Maharashtra,Pune,Pune(Manjri) APMC,Onion,Local,Local,2000,3500,2600,22/08/2026
Maharashtra,Satara,Karad APMC,Onion,Halva,Local,1500,4500,4500,22/08/2026
Maharashtra,Solapur,Mangal Wedha APMC,Onion,Local,Local,1800,5000,4000,22/08/2026
Maharashtra,Ahilyanagar,Shevgaon APMC,Onion,2nd Sort,Local,2600,3200,3000,22/08/2026
Maharashtra,Ahilyanagar,Newasa(Ghodegaon) APMC,Onion,Unhali,Local,1000,4500,3200,22/08/2026
Maharashtra,Ahilyanagar,Rahuri(Vambori) APMC,Onion,Unhali,Local,500,4500,3200,22/08/2026
Maharashtra,Chattrapati Sambhajinagar,Paithan APMC,Onion,Unhali,Local,1670,4100,3450,22/08/2026
Maharashtra,Nashik,Nampur APMC,Onion,Unhali,Local,205,4100,3400,22/08/2026
Maharashtra,Nashik,Yeola APMC,Onion,Unhali,Local,700,4138,3725,22/08/2026
Maharashtra,Pune,Khed(Chakan) APMC,Onion,Other,Local,1500,4000,3400,22/08/2026
Maharashtra,Pune,Pune(Moshi) APMC,Onion,Local,Local,1500,3000,2250,22/08/2026
Maharashtra,Nashik,AGRICULTURE PRODUCE MARKET COMITEE CHANDWAD,Onion,Unhali,Local,1235,4285,3680,22/08/2026
Maharashtra,Ahilyanagar,Ahilyanagar APMC,Onion,Unhali,Local,700,4300,2500,22/08/2026
Maharashtra,Ahilyanagar,Kopargaon APMC,Onion,Unhali,Local,1000,4400,3800,22/08/2026
Maharashtra,Chandrapur,Chandrapur(Ganjwad) APMC,Onion,Other,Local,4000,5000,4500,22/08/2026
Maharashtra,Pune,Pune(Pimpri) APMC,Onion,Local,Local,2500,3500,3000,22/08/2026
Maharashtra,Nashik,Shivsiddha Govind Producer Company Ltd Sanchalit Khajgi Krushi Utpann Bajar Samati-Abhona-Kalwan,Onion,Other,Local,1000,4900,3820,22/08/2026
Maharashtra,Ahilyanagar,Jamkhed APMC,Onion,Local,Local,1000,4000,2500,22/08/2026
Maharashtra,Amarawati,Amrawati(Frui & Veg. Market) APMC,Onion,Local,Local,2500,5000,3750,22/08/2026
Maharashtra,Nashik,Kalvan APMC,Onion,Unhali,Local,1000,4550,3500,22/08/2026
Maharashtra,Nashik,Nasik APMC,Onion,Unhali,Local,2100,4050,3500,22/08/2026
Maharashtra,Pune,Junnar(Narayangaon) APMC,Onion,Chinchwad,Local,700,4000,2500,22/08/2026
Maharashtra,Akola,Akola APMC,Onion,Other,Local,2000,4000,3000,22/08/2026
Maharashtra,Dhule,Dhule APMC,Onion,Red,Local,850,4000,2900,22/08/2026
Maharashtra,Dhule,Sakri APMC,Onion,Unhali,Local,3000,4560,4000,22/08/2026
Maharashtra,Mumbai,Mumbai-Onion & Potato Market APMC,Onion,Other,Local,2800,3800,3300,22/08/2026
Maharashtra,Nagpur,Nagpur APMC,Onion,White,Local,4000,4500,4375,22/08/2026
Maharashtra,Satara,Vai APMC,Onion,Local,Local,2000,4500,3200,22/08/2026
Maharashtra,Nashik,Pimpalgaon Baswant APMC,Onion,Unhali,Local,700,4811,4100,22/08/2026
Maharashtra,Nashik,Dindori(Vani) APMC,Onion,Unhali,Local,3151,4301,3801,22/08/2026
Maharashtra,Ahilyanagar,Shevgaon APMC,Onion,Other,Local,1200,2500,2000,22/08/2026
Maharashtra,Ahilyanagar,Shevgaon APMC,Onion,1st Sort,Local,3300,4600,4000,22/08/2026
Maharashtra,Solapur,"Laxmi-Sopan Agriculture Produce Marketing Co Ltd, Barshi, Dist Solapur",Onion,Other,Local,700,3300,2800,22/08/2026
Maharashtra,Ahilyanagar,"Prasanna Krushi Market, Tal Parnet, Dist Ahilyanagar",Onion,Other,Local,500,3800,2150,22/08/2026
Maharashtra,Solapur,SHRI.SIDDHESHWAR  APMC,Onion Green,Other,Local,900,900,900,22/08/2026
Maharashtra,Mumbai,Mumbai APMC,Onion Green,Other,Local,1000,1500,1250,22/08/2026
Maharashtra,Pune,Pune(Moshi) APMC,Onion Green,Other,Local,15,20,18,22/08/2026
Maharashtra,Pune,Pune(Manjri) APMC,Onion Green,Other,Local,3,12,8,22/08/2026
Uttar Pradesh,Kasganj,Kasganj APMC,Onion,Other,FAQ,1850,1850,1850,22/08/2026
Uttar Pradesh,Saharanpur,Saharanpur APMC,Onion,Other,FAQ,2200,2700,2446.71,22/08/2026
Uttar Pradesh,Saharanpur,Rampurmaniharan APMC,Onion,Other,FAQ,2400,2400,2400,22/08/2026
Uttar Pradesh,Sambhal,Muradabad APMC,Onion,Other,FAQ,1500,1500,1500,22/08/2026
Uttar Pradesh,Varanasi,Varanasi APMC,Onion,Other,FAQ,2000,2500,2048.01,22/08/2026
Uttar Pradesh,Etah,Awagarh APMC,Onion,Other,FAQ,2500,2500,2500,22/08/2026
Uttar Pradesh,Jalaun (Orai),Jalaun APMC,Onion,Other,FAQ,1500,1500,1500,22/08/2026
Uttar Pradesh,Mathura,Mathura APMC,Onion,Other,FAQ,2800,2800,2800,22/08/2026
Uttar Pradesh,Lakhimpur,Paliakala APMC,Onion,Other,FAQ,2800,2800,2800,22/08/2026
Uttar Pradesh,Kanpur,Baripaal APMC,Onion,Other,FAQ,2000,2700,2262.5,22/08/2026
Uttar Pradesh,Agra,Khairagarh APMC,Onion,Red,FAQ,3000,3100,3050,22/08/2026
Uttar Pradesh,Auraiya,Auraiya APMC,Onion,Other,FAQ,3000,3000,3000,22/08/2026
Uttar Pradesh,Jaunpur,Jaunpur APMC,Onion,Other,FAQ,3000,3200,3178.57,22/08/2026
Uttar Pradesh,Ayodhya,Ayodhya APMC,Onion,Other,FAQ,1500,1500,1500,22/08/2026
Uttar Pradesh,Hathras,Haathras APMC,Onion,Other,FAQ,2000,2000,2000,22/08/2026
Uttar Pradesh,Jalaun (Orai),Konch APMC,Onion,Other,FAQ,1700,1800,1775,22/08/2026
Uttar Pradesh,Agra,Agra APMC,Onion,Other,FAQ,1500,1500,1500,22/08/2026
Uttar Pradesh,Kushinagar,Kushinagar APMC,Onion,Other,FAQ,1000,1000,1000,22/08/2026
Uttar Pradesh,Ghaziabad,Noida APMC,Onion,Other,FAQ,3500,3500,3500,22/08/2026
Uttar Pradesh,Etawah,Etawah APMC,Onion,Other,FAQ,2500,2500,2500,22/08/2026
Uttar Pradesh,Bareilly,Bareilly APMC,Onion,Other,FAQ,1400,1400,1400,22/08/2026
Uttar Pradesh,Bulandshahar,Buland Shahr APMC,Onion,Other,FAQ,1400,1503,1449.85,22/08/2026
Uttar Pradesh,Gorakhpur,Gorakhpur APMC,Onion,Other,FAQ,1500,1500,1500,22/08/2026
Uttar Pradesh,Shamli,Kairana APMC,Onion,Other,FAQ,1800,1800,1800,22/08/2026
Uttar Pradesh,Bulandshahar,Sikanderabad APMC,Onion,Other,FAQ,3200,3200,3200,22/08/2026
Uttar Pradesh,Ghaziabad,Ghaziabad APMC,Onion,Other,FAQ,3500,3500,3500,22/08/2026
Uttar Pradesh,Lakhimpur,Lakhimpur APMC,Onion,Other,FAQ,2250,2410,2363.86,22/08/2026
Uttar Pradesh,Sambhal,Chandausi APMC,Onion,Other,FAQ,1803,1803,1803,22/08/2026
Uttar Pradesh,Mathura,Kosikalan APMC,Onion,Other,FAQ,2000,2000,2000,22/08/2026
Uttar Pradesh,Pratapgarh,Pratapgarh APMC,Onion,Other,FAQ,1500,2000,1663.49,22/08/2026
Uttar Pradesh,Sonbhadra,Robertsganj APMC,Onion,Other,FAQ,2000,2000,2000,22/08/2026
Uttar Pradesh,Shahjahanpur,Powayan APMC,Onion,Other,FAQ,1800,1800,1800,22/08/2026
Uttar Pradesh,Amroha,Amroha APMC,Onion,Other,FAQ,1500,1500,1500,22/08/2026
Uttar Pradesh,Fatehpur,Fatehpur APMC,Onion,Other,FAQ,2700,3000,2860.71,22/08/2026
Uttar Pradesh,Jhansi,Jhansi APMC,Onion,Other,FAQ,1800,3200,2850,22/08/2026
Uttar Pradesh,Hardoi,Shahabad(New Mandi) APMC,Onion,Other,FAQ,1600,1600,1600,22/08/2026
Uttar Pradesh,Kanpur,Kanpur(Grain) APMC,Onion,Other,FAQ,2700,2700,2700,22/08/2026
Uttar Pradesh,Barabanki,Barabanki APMC,Onion,Other,FAQ,2000,2000,2000,22/08/2026
Uttar Pradesh,Baghpat,Khekda APMC,Onion,Other,FAQ,2800,4000,3970.04,22/08/2026
Uttar Pradesh,Sitapur,Mehmoodabad APMC,Onion,Other,FAQ,1500,1500,1500,22/08/2026
Uttar Pradesh,Prayagraj,Prayagraj APMC,Onion,Other,FAQ,900,1600,930.43,22/08/2026
Uttar Pradesh,Shamli,Thanabhawan APMC,Onion,Other,FAQ,1800,1800,1800,22/08/2026
Uttar Pradesh,Lucknow,Lucknow APMC,Onion,Other,FAQ,2500,2500,2500,22/08/2026
Uttar Pradesh,Saharanpur,Nanuta APMC,Onion,Other,FAQ,1800,2200,1991.3,22/08/2026
Uttar Pradesh,Agra,Samsabad APMC,Onion,Onion,Local,2000,2200,2100,22/08/2026
Rajasthan,Baran,Baran APMC,Onion,Other,Local,800,1600,1200,22/08/2026
Rajasthan,Hanumangarh,Bhadara APMC,Onion,1st Sort,FAQ,3000,3500,3250,22/08/2026
Rajasthan,Bharatpur,Bayana APMC,Onion,Onion,Local,2500,2500,2500,22/08/2026
Rajasthan,Hanumangarh,Rawatsar APMC,Onion,1st Sort,FAQ,900,1500,1200,22/08/2026
Rajasthan,Jaipur,Bassi APMC,Onion,Other,Local,3200,3600,3400,22/08/2026
Rajasthan,Ganganagar,Sriganganagar (F&V) APMC,Onion,Onion,Grade A,3500,3900,3700,22/08/2026
Rajasthan,Hanumangarh,Sangriya APMC,Onion,Onion,Local,1900,2900,2400,22/08/2026
Rajasthan,Churu,Churu APMC,Onion,1st Sort,FAQ,2400,2800,2600,22/08/2026
Rajasthan,Udaipur,Udaipur (F&V) APMC,Onion,Other,Medium,2000,4000,3000,22/08/2026
Rajasthan,Udaipur,Udaipur (F&V) APMC,Onion Green,Onion Green,Medium,4000,5000,4500,22/08/2026
Karnataka,Belagavi,Belgaum APMC,Onion,Pusa-Red,Large,2000,4500,4000,22/08/2026
Gujarat,Morbi,Morbi APMC,Onion,Onion,FAQ,2000,3600,2800,22/08/2026
Gujarat,Bhavnagar,Mahuva(Station Road) APMC,Onion,Red,FAQ,375,3580,1978,22/08/2026
Gujarat,Rajkot,Rajkot(Veg.Sub Yard) APMC,Onion,Onion,FAQ,1750,3825,3055,22/08/2026
Gujarat,Navsari,Bilimora APMC,Onion,Nasik,FAQ,3000,4500,4000,22/08/2026
Gujarat,Navsari,Navsari APMC,Onion,Onion,Local,2800,4200,3500,22/08/2026
Gujarat,Dahod,Dahod(Veg. Market) APMC,Onion,Onion,Local,2500,4000,3500,22/08/2026
Gujarat,Banaskanth,Deesa(Deesa Veg Yard) APMC,Onion,Other,FAQ,3000,4200,3600,22/08/2026
Gujarat,Rajkot,Jetpur(Dist.Rajkot) APMC,Onion,Onion,FAQ,605,3030,2655,22/08/2026
Gujarat,Kheda,Nadiyad(Piplag) APMC,Onion,Onion,FAQ,2100,2500,2300,22/08/2026
Gujarat,Mehsana,Mehsana(Mehsana Veg) APMC,Onion,Onion,Local,2000,4000,3250,22/08/2026
Gujarat,Jamnagar,Jamnagar APMC,Onion,Other,Local,800,3775,1975,22/08/2026
Gujarat,Bhavnagar,Mahuva(Station Road) APMC,Onion,White,FAQ,810,2345,1578,22/08/2026
Gujarat,Porbandar,Porbandar APMC,Onion,Other,Non-FAQ,2000,2500,2250,22/08/2026
Gujarat,Kheda,Kapadvanj APMC,Onion,Onion,Medium,3000,3500,3250,22/08/2026
Gujarat,Sabarkantha,Himatnagar(Veg.Market Himatnagar) APMC,Onion,Onion,Local,2000,2500,2380,22/08/2026
Gujarat,Anand,"Anand(Veg,Yard,Anand) APMC",Onion,Onion,Grade B,2000,3000,2500,22/08/2026
Gujarat,Surat,Surat APMC,Onion,Other,FAQ,1300,4400,2850,22/08/2026
Gujarat,Vadodara(Baroda),Padra APMC,Onion,Other,FAQ,2500,4500,3500,22/08/2026
Gujarat,Surendranagar,Vadhvan APMC,Onion Green,Onion Green,Medium,3500,4000,3750,22/08/2026
Gujarat,Dahod,Dahod(Veg. Market) APMC,Onion Green,Onion Green,Local,4000,5000,4500,22/08/2026
Gujarat,Banaskanth,Deesa(Deesa Veg Yard) APMC,Onion Green,Other,FAQ,2000,3500,2750,22/08/2026
Haryana,Yamuna Nagar,Radaur APMC,Onion,Nasik,Medium,2500,3500,2800,22/08/2026
Haryana,Mahendragarh-Narnaul,Narnaul APMC,Onion,Onion,Medium,2800,4000,3500,22/08/2026
Haryana,Panchkula,Barwala APMC,Onion,Onion,FAQ,2500,2500,2500,22/08/2026
Haryana,Karnal,Gharaunda APMC,Onion,Other,Local,4000,4000,4000,22/08/2026
Haryana,Panipat,Madlauda APMC,Onion,Onion,FAQ,3200,3200,3200,22/08/2026
Haryana,Sonipat,Ganaur APMC,Onion,Onion,FAQ,4000,5000,4500,22/08/2026
Haryana,Gurgaon,Farukh Nagar APMC,Onion,Other,Medium,2000,2800,2400,22/08/2026
Haryana,Hissar,Uklana APMC,Onion,Onion,Medium,3500,3500,3500,22/08/2026
Haryana,Palwal,Hodal APMC,Onion,Onion,FAQ,2200,2800,2500,22/08/2026
Haryana,Rewari,Rewari APMC,Onion,Medium,Medium,1500,4000,2500,22/08/2026
Haryana,Sonipat,Kharkhoda APMC,Onion,Other,FAQ,2800,3500,3100,22/08/2026
Haryana,Rewari,Kosli APMC,Onion,Other,FAQ,2500,2500,2500,22/08/2026
Haryana,Sirsa,Rania APMC,Onion,Other,Non-FAQ,0.11,0.15,0.12,22/08/2026
Haryana,Mahendragarh-Narnaul,Mohindergarh APMC,Onion,Onion,Medium,2500,2500,2500,22/08/2026
Haryana,Jind,Jind APMC,Onion,Local,FAQ,1600,3200,2300,22/08/2026
Haryana,Fatehabad,Jakhal APMC,Onion,Other,Non-FAQ,3500,3500,3500,22/08/2026
Haryana,Rohtak,Meham,Onion,Medium,Medium,4000,4000,4000,22/08/2026
Haryana,Karnal,Tarori APMC,Onion,Nasik,Grade A,3000,4000,3500,22/08/2026
Haryana,Kurukshetra,Shahabad APMC,Onion,Onion,Medium,1755,4205,3500,22/08/2026
Haryana,Sirsa,Rania(Jiwan nagar) APMC,Onion,Other,Non-FAQ,300,500,400,22/08/2026
Haryana,Kurukshetra,Ladwa APMC,Onion,Other,Non-FAQ,5000,5500,5500,22/08/2026
Haryana,Gurgaon,Pataudi APMC,Onion,Onion,Grade B,3000,3500,3200,22/08/2026
Haryana,Mewat,Nuh APMC,Onion,Other,Local,1800,2000,1800,22/08/2026
Haryana,Ambala,Ambala Cantt. APMC,Onion,Nasik,Medium,2500,3500,3200,22/08/2026
Haryana,Rohtak,Rohtak APMC,Onion,Other,Medium,2000,3500,2500,22/08/2026
Haryana,Ambala,Naraingarh APMC,Onion,Onion,FAQ,1800,3600,3000,22/08/2026
Haryana,Sonipat,Sonepat APMC,Onion,Onion,FAQ,3500,4500,4500,22/08/2026
Haryana,Panipat,Samalkha APMC,Onion,Other,FAQ,4000,4000,4000,22/08/2026
Haryana,Kaithal,Kaithal APMC,Onion,Onion,FAQ,3233,3233,3233,22/08/2026
Haryana,Hissar,Hansi APMC,Onion,Other,FAQ,4000,4500,4250,22/08/2026
Haryana,Panipat,Panipat APMC,Onion,Onion,Local,1000,2500,1750,22/08/2026
Haryana,Yamuna Nagar,Jagadhri APMC,Onion,Local,FAQ,2900,3600,3200,22/08/2026
Haryana,Hissar,Barwala(Hisar) APMC,Onion,Onion,Local,3500,4000,3800,22/08/2026
Haryana,Kaithal,Siwan APMC,Onion,Other,FAQ,3800,4000,3900,22/08/2026
Haryana,Jind,Narwana APMC,Onion,Onion,Non-FAQ,2800,3000,2900,22/08/2026
Haryana,Panchkula,Raipur Rani APMC,Onion,Onion,Local,1900,2000,1900,22/08/2026
Haryana,Sonipat,Gohana APMC,Onion,Other,Medium,3000,4000,3500,22/08/2026
Punjab,Jalandhar,Adampur APMC,Onion,Onion,FAQ,3800,4000,4000,22/08/2026
Punjab,Ludhiana,Sahnewal APMC,Onion,Onion,FAQ,4100,4100,4100,22/08/2026
Punjab,Bhatinda,Rampuraphul(Nabha Mandi) APMC,Onion,Other,Grade A,2000,3200,2500,22/08/2026
Punjab,Amritsar,Rayya APMC,Onion,Other,FAQ,1420,1420,1420,22/08/2026
Punjab,Moga,Baghapurana APMC,Onion,Onion,Grade B,3000,4000,3500,22/08/2026
Punjab,Bhatinda,Bathinda APMC,Onion,Other,Grade B,3000,3200,3100,22/08/2026
Punjab,Moga,Dharamkot APMC,Onion,Other,FAQ,3600,4000,4000,22/08/2026
Punjab,Ludhiana,Ludhiana APMC,Onion,Other,FAQ,1300,3500,2700,22/08/2026
Punjab,Gurdaspur,Dhariwal APMC,Onion,Onion,Grade A,1960,1960,1960,22/08/2026
Punjab,Ludhiana,Doraha APMC,Onion,Medium,Local,3500,4000,3800,22/08/2026
Punjab,Ludhiana,Raikot APMC,Onion,Nasik,Grade A,3380,3380,3380,22/08/2026
Punjab,Tarntaran,Patti APMC,Onion,Other,Local,0.4,0.4,0.4,22/08/2026
Punjab,Gurdaspur,Quadian APMC,Onion,Other,Grade A,3200,3500,3400,22/08/2026
Punjab,Ludhiana,Jagraon APMC,Onion,Other,FAQ,1900,1900,1900,22/08/2026
Punjab,Muktsar,Malout APMC,Onion,Onion,FAQ,3500,3500,3500,22/08/2026
Punjab,Ludhiana,Samrala APMC,Onion,Other,Local,2500,3200,3000,22/08/2026
Punjab,Patiala,Dudhansadhan APMC,Onion,Other,Grade B,3500,3500,3500,22/08/2026
Punjab,Gurdaspur,Dinanagar APMC,Onion,Other,Medium,3300,3500,3400,22/08/2026
Punjab,Patiala,Rajpura APMC,Onion,Local,Grade A,2600,2750,2700,22/08/2026
Punjab,Patiala,Samana APMC,Onion,Onion,Grade B,1600,3700,1800,22/08/2026
Punjab,Sangrur,Ahmedgarh APMC,Onion,Other,Medium,4200,4500,4500,22/08/2026
Punjab,Bhatinda,Maur APMC,Onion,Other,Grade B,3500,4000,3800,22/08/2026
Punjab,Ferozpur,Zira APMC,Onion,Other,Local,2900,2900,2900,22/08/2026
Punjab,Hoshiarpur,Mukerian(Talwara) APMC,Onion,Onion,FAQ,3000,4000,3500,22/08/2026
Punjab,Mohali,Lalru APMC,Onion,Other,Local,4600,4600,4600,22/08/2026
Andhra Pradesh,YSR Kadapa,Yerraguntla APMC,Onion,Local,FAQ,2600,3000,2800,22/08/2026
Andhra Pradesh,Kurnool,Kurnool APMC,Onion,Local,FAQ,2396,4089,3124,22/08/2026
West Bengal,North 24 Parganas,Habra APMC,Onion,Onion,FAQ,4500,4500,4500,22/08/2026
West Bengal,Hooghly,Kalipur APMC,Onion,Nasik,FAQ,3500,3600,3600,22/08/2026
West Bengal,Bankura,Bankura Sadar APMC,Onion,Nasik,FAQ,3600,4100,3800,22/08/2026
West Bengal,North 24 Parganas,Barasat APMC,Onion,Other,FAQ,4000,4000,4000,22/08/2026
West Bengal,Purba Bardhaman,Kalna APMC,Onion,Local,FAQ,3800,4000,3900,22/08/2026
West Bengal,Paschim Bardhaman,Durgapur APMC,Onion,Nasik,FAQ,3850,4200,4000,22/08/2026
West Bengal,Darjeeling,Siliguri APMC,Onion,Onion,FAQ,4000,4500,4200,22/08/2026
West Bengal,Sounth 24 Parganas,Baruipur(Canning) APMC,Onion,Red,FAQ,4000,4200,4100,22/08/2026
West Bengal,Paschim Bardhaman,Asansol APMC,Onion,Nasik,FAQ,3800,4000,3900,22/08/2026
West Bengal,Hooghly,Pandua APMC,Onion,Dry F.A.Q.,FAQ,2575,2725,2650,22/08/2026
West Bengal,Medinipur(E),Tamluk (Medinipur E) APMC,Onion,Onion,FAQ,2400,2800,2600,22/08/2026
West Bengal,Uttar Dinajpur,Raiganj APMC,Onion,Nasik,FAQ,3000,3200,3100,22/08/2026
West Bengal,Bankura,Bishnupur(Bankura) APMC,Onion,Nasik,FAQ,3000,4000,3500,22/08/2026
West Bengal,Darjeeling,Karsiyang(Matigara) APMC,Onion,Nasik,FAQ,5200,5400,5300,22/08/2026
West Bengal,Uttar Dinajpur,Islampur APMC,Onion,Dry F.A.Q.,FAQ,3000,3200,3100,22/08/2026
Odisha,Angul,Angul APMC,Onion,Other,Grade B,3500,3500,3500,22/08/2026
Odisha,Jharsuguda,Jharsuguda APMC,Onion,Other,Grade A,3500,4000,3500,22/08/2026
Odisha,Angul,Angaura APMC,Onion,Other,Grade C,3500,4200,3900,22/08/2026
Odisha,Keonjhar,Keonjhar(Dhekikote) APMC,Onion,Other,Non-FAQ,3500,4000,4000,22/08/2026
Odisha,Kalahandi,Kesinga APMC,Onion,Onion,Grade B,2800,3500,3000,22/08/2026
Odisha,Dhenkanal,Hindol APMC,Onion,Other,Grade B,3500,4000,3800,22/08/2026
Odisha,Boudh,Boudh APMC,Onion,Other,Local,3500,4500,4000,22/08/2026
Bihar,Muzaffarpur,Bhagwanpur Mandi APMC,Onion,Medium,Grade A,4200,4200,4200,22/08/2026
Bihar,East Champaran/ Motihari,Raxaul APMC,Onion,1st Sort,Grade A,4100,4300,4200,22/08/2026
Bihar,Siwan,Maharjganj APMC,Onion,1st Sort,FAQ,3200,3200,3200,22/08/2026
Bihar,Khagaria,Khagaria APMC,Onion,Red,Grade A,3160,3350,3300,22/08/2026
Bihar,Begusarai,Balliah APMC,Onion,1st Sort,Grade B,3200,3400,3300,22/08/2026
Bihar,Muzaffarpur,Bhagwanpur Mandi APMC,Onion,1st Sort,Grade A,4400,4500,4455.66,22/08/2026
Bihar,Madhubani,Madhubani APMC,Onion,Nasik,FAQ,4500,4700,4600,22/08/2026
Bihar,East Champaran/ Motihari,Motihari APMC,Onion,Other,Grade A,3800,4200,4000,22/08/2026
Bihar,Begusarai,Balliah APMC,Onion,1st Sort,Grade A,3200,3400,3300,22/08/2026
Bihar,Begusarai,Balliah APMC,Onion,1st Sort,Grade C,3200,3400,3300,22/08/2026
Bihar,Madhubani,Benipatti APMC,Onion,Bombay (U.P.),FAQ,4500,4600,4500,22/08/2026
Telangana,Sangareddy,Sadasivpet APMC,Onion,Local,Local,652,4164,3489,22/08/2026
Telangana,Hyderabad,"Alwal,RBZ",Onion,Onion,FAQ,4400,4400,4400,22/08/2026
Telangana,Sangareddy,APMC PATANCHERU,Onion,Onion,Local,2500,4000,3500,22/08/2026
Telangana,Hyderabad,RYTHU BAZAR MEHDIPATNAM,Onion,1st Sort,Grade A,4000,4000,4000,22/08/2026
Telangana,Hyderabad,RYTHU BAZAR ERRAGADDA,Onion,1st Sort,Grade A,3500,3500,3500,22/08/2026
Telangana,Medchal Malkajgiri,"Kukatpally,RBZ",Onion,1st Sort,Local,4000,4000,4000,22/08/2026
Telangana,Hyderabad,RYTHU BAZAR FALAKNUMA,Onion,Onion,Grade A,4000,4000,4000,22/08/2026
Telangana,Hyderabad,Mahboob Manison APMC,Onion,Onion,Large,3000,4000,3600,22/08/2026
Telangana,Sangareddy,Sangareddy APMC,Onion,Other,Grade B,3600,3600,3600,22/08/2026
Telangana,Ranga Reddy,"Saroornagar,RBZ",Onion,Other,Medium,4400,4400,4400,22/08/2026
Telangana,Hyderabad,Bowenpally APMC,Onion,Onion,FAQ,1200,4000,3000,22/08/2026
Telangana,Ranga Reddy,"Vanasthalipuram,RBZ ",Onion,Onion,Grade A,4000,4000,4000,22/08/2026
Telangana,Hyderabad,Mahboob Manison APMC,Onion,Onion,Small,1500,2600,2500,22/08/2026
Telangana,Nalgonda,Miryalguda(Rythu Bazar) ,Onion,Red,Grade A,4000,4000,4000,22/08/2026
Telangana,Siddipet,Siddipet(Rythu Bazar) ,Onion,Onion,Grade A,4000,5000,4400,22/08/2026
Telangana,Hyderabad,Gudimalkapur APMC,Onion,Onion,Grade B,1300,3800,2100,22/08/2026
Telangana,Hyderabad,Bowenpally APMC,Onion Green,Onion Green,FAQ,2000,4000,3500,22/08/2026
Uttarakhand,Haridwar,Roorkee APMC,Onion,Other,Medium,2000,4000,3000,22/08/2026
Uttarakhand,Chamoli (Gopeshwar),Chamoli APMC,Onion,Other,FAQ,3000,3000,3000,22/08/2026
Uttarakhand,Dehradoon,Dehradoon APMC,Onion,Nasik,FAQ,950,1600,1200,22/08/2026
Uttarakhand,Udhamsinghnagar,Rudrapur APMC,Onion,Other,Medium,3000,4000,3500,22/08/2026
Uttarakhand,Nanital,Ramnagar APMC,Onion,Other,Local,2500,3000,2600,22/08/2026
Uttarakhand,Dehradoon,Rishikesh APMC,Onion,Other,Medium,2200,3600,3000,22/08/2026
Uttarakhand,Haridwar,Haridwar Union APMC,Onion,Other,Medium,2500,4000,3000,22/08/2026
Uttarakhand,Udhamsinghnagar,Kicchha APMC,Onion,Nasik,Non-FAQ,500,600,550,22/08/2026
Uttarakhand,Udhamsinghnagar,Khateema APMC,Onion,Other,Grade A,2000,2500,2200,22/08/2026
Uttarakhand,Garhwal (Pauri),Kotadwara APMC,Onion,Onion,FAQ,1600,1600,1600,22/08/2026
Uttarakhand,Haridwar,Bhagwanpur(Naveen Mandi Sthal) APMC,Onion,Other,Grade A,1100,3000,1600,22/08/2026
Himachal Pradesh,Kullu,PMY Kullu,Onion,Other,FAQ,4200,4500,4300,22/08/2026
Himachal Pradesh,Mandi,SMY Dhanotu,Onion,Onion,FAQ,3800,4200,4000,22/08/2026
Himachal Pradesh,Solan,PMY Kather Solan,Onion,Other,Medium,3900,4500,4200,22/08/2026
Himachal Pradesh,Kangra,SMY Baijnath,Onion,Onion,Grade B,3000,3500,3200,22/08/2026
Himachal Pradesh,Una,PMY Una,Onion,Onion,FAQ,4000,4500,4250,22/08/2026
Himachal Pradesh,Mandi,SMY Jogindernagar,Onion,Local,Grade B,4800,5000,4900,22/08/2026
Himachal Pradesh,Bilaspur,PMY Bilaspur,Onion,Other,Grade B,4200,4500,4400,22/08/2026
Himachal Pradesh,Kangra,PMY Kangra,Onion,Onion,FAQ,4600,5000,4800,22/08/2026
Himachal Pradesh,Mandi,PMY Kangni Mandi,Onion,Onion,Grade B,3900,4500,4200,22/08/2026
Himachal Pradesh,Kangra,SMY Nagrota Bagwan,Onion,Onion,FAQ,4500,4800,4600,22/08/2026
Himachal Pradesh,Hamirpur,PMY Hamirpur,Onion,Other,Grade B,4200,4400,4300,22/08/2026
Himachal Pradesh,Kangra,SMY Dharamshala,Onion,Onion,FAQ,4500,4800,4650,22/08/2026
Himachal Pradesh,Hamirpur,SMY Nadaun,Onion,Other,Grade B,3000,3200,3100,22/08/2026
Himachal Pradesh,Shimla,SMY Rohroo,Onion,1st Sort,Grade B,3600,4500,4000,22/08/2026
Himachal Pradesh,Kangra,SMY Baijnath,Onion,Onion,Grade A,5000,5200,5200,22/08/2026
Himachal Pradesh,Kangra,SMY Jaisinghpur,Onion,Other,FAQ,5000,5400,5200,22/08/2026
Himachal Pradesh,Chamba,PMY Chamba,Onion,Onion,Medium,4000,5000,4500,22/08/2026
Himachal Pradesh,Kangra,SMY Palampur,Onion,Onion,FAQ,5000,5200,5100,22/08/2026
Assam,Tinsukia,Tinsukia Market,Onion,Onion,FAQ,3200,4000,3600,22/08/2026
Assam,Kamrup,Uparhali Pmy APMC,Onion,Onion,FAQ,4200,4400,4400,22/08/2026
Tamil Nadu,Thirupur,Tiruppur (South) (Uzhavar Sandhai ),Tomato,Local,Local,1000,1200,1100,22/08/2026
Tamil Nadu,Dharmapuri,Palacode(Uzhavar Sandhai ),Tomato,Local,Local,1800,2000,1900,22/08/2026
Tamil Nadu,Dindigul,Dindigul(Uzhavar Sandhai ),Tomato,Deshi,Local,2000,2400,2200,22/08/2026
Tamil Nadu,Krishnagiri,Hosur(Uzhavar Sandhai ),Tomato,Deshi,Local,1000,1500,1250,22/08/2026
Tamil Nadu,Madurai,Anaiyur(Uzhavar Sandhai ),Tomato,Deshi,Local,2000,2400,2200,22/08/2026
Tamil Nadu,Nagapattinam,Sirkali(Uzhavar Sandhai ),Tomato,Deshi,Local,2000,2500,2250,22/08/2026
Tamil Nadu,Madurai,Palanganatham(Uzhavar Sandhai ),Tomato,Other,Local,2000,2400,2200,22/08/2026
Tamil Nadu,Ranipet,Ranipettai(Uzhavar Sandhai ),Tomato,Other,Local,2000,2300,2150,22/08/2026
Tamil Nadu,Theni,Theni(Uzhavar Sandhai ),Tomato,Other,Local,1800,2000,1900,22/08/2026
Tamil Nadu,Thirupur,Kangayam(Uzhavar Sandhai ),Tomato,Local,Local,1200,1600,1400,22/08/2026
Tamil Nadu,Pudukkottai,Gandarvakottai(Uzhavar Sandhai ),Tomato,Other,Local,2000,2500,2250,22/08/2026
Tamil Nadu,Sivaganga,Singampunari(Uzhavar Sandhai ),Tomato,Other,Local,2200,2600,2400,22/08/2026
Tamil Nadu,Thiruchirappalli,Lalgudi(Uzhavar Sandhai ),Tomato,Local,Local,2400,2400,2400,22/08/2026
Tamil Nadu,Thiruchirappalli,Manapparai(Uzhavar Sandhai ),Tomato,Other,Local,2500,2500,2500,22/08/2026
Tamil Nadu,Chengalpattu,Nanganallur(Uzhavar Sandhai ),Tomato,Deshi,Local,2000,2500,2250,22/08/2026
Tamil Nadu,Chengalpattu,Jameenrayapettai(Uzhavar Sandhai ),Tomato,Other,Local,2000,2500,2250,22/08/2026
Tamil Nadu,Tenkasi,Tenkasi(Uzhavar Sandhai ),Tomato,Local,Local,1500,1500,1500,22/08/2026
Tamil Nadu,Pudukkottai,Pudukottai(Uzhavar Sandhai ),Tomato,Deshi,Local,2000,2500,2250,22/08/2026
Tamil Nadu,Madurai,Thirumangalam(Uzhavar Sandhai ),Tomato,Deshi,Local,2000,2400,2200,22/08/2026
Tamil Nadu,Vellore,Pallikonda(Uzhavar Sandhai),Tomato,Deshi,Local,2200,2400,2300,22/08/2026
Tamil Nadu,Ramanathapuram,Paramakudi(Uzhavar Sandhai ),Tomato,Deshi,Local,2000,2500,2250,22/08/2026
Tamil Nadu,Thiruvellore,Ambattur(Uzhavar Sandhai ),Tomato,Deshi,Local,2000,2000,2000,22/08/2026
Tamil Nadu,Thiruvellore,Naravarikuppam(Uzhavar Sandhai ),Tomato,Deshi,Local,2000,2000,2000,22/08/2026
Tamil Nadu,Coimbatore,Sundarapuram(Uzhavar Sandhai ),Tomato,Local,Local,1600,1800,1700,22/08/2026
Tamil Nadu,Cuddalore,Cuddalore(Uzhavar Sandhai ),Tomato,Deshi,Local,2000,2000,2000,22/08/2026
Tamil Nadu,Kancheepuram,Kundrathur(Uzhavar Sandhai ),Tomato,Other,Local,2500,2500,2500,22/08/2026
Tamil Nadu,Namakkal,Paramathivelur(Uzhavar Sandhai ),Tomato,Local,Local,2100,2500,2300,22/08/2026
Tamil Nadu,Madurai,Anna nagar(Uzhavar Sandhai ),Tomato,Other,Local,2400,2400,2400,22/08/2026
Tamil Nadu,Salem,Mecheri(Uzhavar Sandhai),Tomato,Deshi,Local,1500,2000,1750,22/08/2026
Tamil Nadu,Thirunelveli,Melapalayam(Uzhavar Sandhai ),Tomato,Other,Local,2000,2300,2150,22/08/2026
Tamil Nadu,Thirunelveli,NGO Colony(Uzhavar Sandhai ),Tomato,Deshi,Local,1700,2300,2000,22/08/2026
Tamil Nadu,Thiruvarur,Muthupettai(Uzhavar Sandhai ),Tomato,Deshi,Local,2000,2000,2000,22/08/2026
Tamil Nadu,Dharmapuri,AJattihalli(Uzhavar Sandhai ),Tomato,Deshi,Local,1600,2000,1800,22/08/2026
Tamil Nadu,Karur,Velayuthampalayam(Uzhavar Sandhai ),Tomato,Other,Local,2000,2400,2200,22/08/2026
Tamil Nadu,Salem,Attayampatti(Uzhavar Sandhai ),Tomato,Deshi,Local,2000,2000,2000,22/08/2026
Tamil Nadu,Sivaganga,Sivagangai (Uzhavar Sandhai ),Tomato,Deshi,Local,2200,2600,2400,22/08/2026
Tamil Nadu,Sivaganga,Devakottai (Uzhavar Sandhai ),Tomato,Deshi,Local,2200,2500,2350,22/08/2026
Tamil Nadu,Sivaganga,Tirupatthur(Uzhavar Sandhai ),Tomato,Other,Local,2200,2500,2350,22/08/2026
Tamil Nadu,Thiruchirappalli,Manachanallur(Uzhavar Sandhai ),Tomato,Other,Local,2400,2400,2400,22/08/2026
Tamil Nadu,Chengalpattu,Madhuranthagam(Uzhavar Sandhai ),Tomato,Deshi,Local,2000,2000,2000,22/08/2026
Tamil Nadu,Krishnagiri,Krishnagiri(Uzhavar Sandhai ),Tomato,Deshi,Local,1000,1500,1250,22/08/2026
Tamil Nadu,Thiruvarur,Tiruvarur(Uzhavar Sandhai ),Tomato,Deshi,Local,2200,2200,2200,22/08/2026
Tamil Nadu,Virudhunagar,Aruppukottai(Uzhavar Sandhai ),Tomato,Deshi,Local,1800,2000,1900,22/08/2026
Tamil Nadu,Villupuram,Gingee(Uzhavar Sandhai ),Tomato,Deshi,Local,2000,2000,2000,22/08/2026
Tamil Nadu,Vellore,Katpadi (Uzhavar Sandhai ),Tomato,Deshi,Local,2000,2500,2250,22/08/2026
Tamil Nadu,Madurai,Melur(Uzhavar Sandhai ),Tomato,Deshi,Local,2000,2400,2200,22/08/2026
Tamil Nadu,Thirupur,Dharapuram(Uzhavar Sandhai ),Tomato,Local,Local,1000,1500,1250,22/08/2026
Tamil Nadu,Thirupathur,Natrampalli(Uzhavar Sandhai ),Tomato,Deshi,Local,1500,2000,1750,22/08/2026
Tamil Nadu,Dindigul,Vedasanthur(Uzhavar Sandhai ),Tomato,Deshi,Local,1000,1500,1250,22/08/2026
Tamil Nadu,Erode,Gobichettipalayam(Uzhavar Sandhai ),Tomato,Deshi,Local,1800,2000,1900,22/08/2026
Tamil Nadu,Tuticorin,Kovilpatti(Uzhavar Sandhai ),Tomato,Local,Local,2000,2500,2250,22/08/2026
Tamil Nadu,Vellore,Gudiyatham(Uzhavar Sandhai ),Tomato,Deshi,Local,1400,1600,1500,22/08/2026
Tamil Nadu,Vellore,Kahithapattarai(Uzhavar Sandhai ),Tomato,Deshi,Local,2000,2000,2000,22/08/2026
Tamil Nadu,Ariyalur,Jeyankondam (Uzhavar Sandhai ),Tomato,Deshi,Local,2000,2500,2250,22/08/2026
Tamil Nadu,Chengalpattu,Thirukalukundram(Uzhavar Sandhai ),Tomato,Local,Local,2400,2600,2500,22/08/2026
Tamil Nadu,Dharmapuri,Harur(Uzhavar Sandhai ),Tomato,Deshi,Local,1500,2000,1750,22/08/2026
Tamil Nadu,The Nilgiris,Coonoor(Uzhavar Sandhai ),Tomato,Deshi,Local,2200,2400,2300,22/08/2026
Tamil Nadu,The Nilgiris,Gudalur(Uzhavar Sandhai ),Tomato,Deshi,Local,2000,2500,2250,22/08/2026
Tamil Nadu,Dharmapuri,Pennagaram(Uzhavar Sandhai ),Tomato,Local,Local,1800,2000,1900,22/08/2026
Tamil Nadu,Dindigul,Chinnalapatti(Uzhavar Sandhai ),Tomato,Deshi,Local,2000,2400,2200,22/08/2026
Tamil Nadu,Kallakuruchi,Sankarapuram(Uzhavar Sandhai ),Tomato,Deshi,Local,2000,2000,2000,22/08/2026
Tamil Nadu,Kancheepuram,Padappai(Uzhavar Sandhai ),Tomato,Local,Local,1800,2400,2100,22/08/2026
Tamil Nadu,Krishnagiri,Avallapalli(Uzhavar Sandhai ),Tomato,Deshi,Local,1000,1500,1250,22/08/2026
Tamil Nadu,Krishnagiri,Denkanikottai(Uzhavar Sandhai ),Tomato,Local,Local,1200,1500,1350,22/08/2026
Tamil Nadu,Namakkal,Kumarapalayam(Uzhavar Sandhai ),Tomato,Other,Local,1200,2000,1600,22/08/2026
Tamil Nadu,Namakkal,Mohanur(Uzhavar Sandhai ),Tomato,Deshi,Local,2200,2600,2400,22/08/2026
Tamil Nadu,Salem,Thathakapatti(Uzhavar Sandhai ),Tomato,Deshi,Local,1600,2000,1800,22/08/2026
Tamil Nadu,Thiruvannamalai,Chengam(Uzhavar Sandhai ),Tomato,Local,Local,1600,2000,1800,22/08/2026
Tamil Nadu,Salem,Jalagandapuram(Uzhavar Sandhai ),Tomato,Other,Local,1600,2000,1800,22/08/2026
Tamil Nadu,Thiruchirappalli,Thiruverumbur(Uzhavar Sandhai ),Tomato,Other,Local,2400,2400,2400,22/08/2026
Tamil Nadu,Virudhunagar,Rajapalayam(Uzhavar Sandhai ),Tomato,Deshi,Local,1300,1800,1550,22/08/2026
Tamil Nadu,Chengalpattu,Chengalpet(Uzhavar Sandhai ),Tomato,Deshi,Local,2000,2500,2250,22/08/2026
Tamil Nadu,Chengalpattu,Medavakkam(Uzhavar Sandhai ),Tomato,Other,Local,2500,2500,2500,22/08/2026
Tamil Nadu,Villupuram,Tindivanam APMC,Tomato,Deshi,Local,1800,1800,1800,22/08/2026
Tamil Nadu,Villupuram,Ulundurpettai APMC,Tomato,Deshi,Local,2000,2000,2000,22/08/2026
Tamil Nadu,Erode,Thalavadi(Uzhavar Sandhai ),Tomato,Other,Local,1200,1600,1400,22/08/2026
Tamil Nadu,Cuddalore,Viruthachalam(Uzhavar Sandhai ),Tomato,Deshi,Local,2000,2000,2000,22/08/2026
Tamil Nadu,Thiruvellore,Tiruthani(Uzhavar Sandhai ),Tomato,Deshi,Local,2500,2500,2500,22/08/2026
Tamil Nadu,Pudukkottai,Aranthangi(Uzhavar Sandhai ),Tomato,Other,Local,2000,2500,2250,22/08/2026
Tamil Nadu,Kallakuruchi,Kallakurichi(Uzhavar Sandhai ),Tomato,Other,Local,2000,2000,2000,22/08/2026
Tamil Nadu,Coimbatore,Vadavalli(Uzhavar Sandhai ),Tomato,Local,Local,1600,1900,1750,22/08/2026
Tamil Nadu,Erode,Sampath Nagar(Uzhavar Sandhai ),Tomato,Other,Local,2000,2200,2100,22/08/2026
Tamil Nadu,Ramanathapuram,Kamuthi(Uzhavar Sandhai ),Tomato,Deshi,Local,3000,3500,3250,22/08/2026
Tamil Nadu,Ramanathapuram,Ramanathapuram(Uzhavar Sandhai ),Tomato,Deshi,Local,2500,3000,2750,22/08/2026
Tamil Nadu,Thiruvannamalai,Arani(Uzhavar Sandhai ),Tomato,Deshi,Local,1500,2000,1750,22/08/2026
Tamil Nadu,Thiruvannamalai,Polur(Uzhavar Sandhai ),Tomato,Local,Local,1500,2000,1750,22/08/2026
Tamil Nadu,Thiruvarur,Mannargudi II(Uzhavar Sandhai ),Tomato,Deshi,Local,2200,2200,2200,22/08/2026
Tamil Nadu,Ariyalur,Ariyalur(Uzhavar Sandhai),Tomato,Deshi,Local,2000,2600,2300,22/08/2026
Tamil Nadu,Namakkal,Tiruchengode APMC,Tomato,Other,Local,2000,2500,2250,22/08/2026
Tamil Nadu,Nagercoil (Kannyiakumari),Vadaseri APMC,Tomato,Local,Local,2200,2500,2350,22/08/2026
Tamil Nadu,Pudukkottai,Karambakkudi(Uzhavar Sandhai ),Tomato,Other,Local,2000,2500,2250,22/08/2026
Tamil Nadu,Erode,Perundurai(Uzhavar Sandhai ),Tomato,Other,Local,2000,2200,2100,22/08/2026
Tamil Nadu,Dharmapuri,Dharmapuri(Uzhavar Sandhai ),Tomato,Local,Local,1800,2000,1900,22/08/2026
Tamil Nadu,Kancheepuram,Kancheepuram(Uzhavar Sandhai ),Tomato,Local,Local,1800,2400,2100,22/08/2026
Tamil Nadu,Kancheepuram,Sunguvarchatram(Uzhavar Sandhai ),Tomato,Other,Local,2500,2500,2500,22/08/2026
Tamil Nadu,Dharmapuri,Karimangalam(Uzhavar Sandhai),Tomato,Local,Local,1800,2000,1900,22/08/2026
Tamil Nadu,Madurai,Usilampatti(Uzhavar Sandhai ),Tomato,Deshi,Local,2000,2400,2200,22/08/2026
Tamil Nadu,Perambalur,Perambalur(Uzhavar Sandhai ),Tomato,Deshi,Local,2500,3000,2750,22/08/2026
Tamil Nadu,Salem,Sooramangalam(Uzhavar Sandhai ),Tomato,Local,Local,1800,2000,1900,22/08/2026
Tamil Nadu,Theni,Chinnamanur(Uzhavar Sandhai ),Tomato,Local,Local,1600,1800,1700,22/08/2026
Tamil Nadu,Thirunelveli,Ambasamudram(Uzhavar Sandhai ),Tomato,Other,Local,2000,2300,2150,22/08/2026
Tamil Nadu,Thirunelveli,Palayamkottai(Uzhavar Sandhai ),Tomato,Deshi,Local,1800,2300,2050,22/08/2026
Tamil Nadu,Thiruvannamalai,Tamarainagar(Uzhavar Sandhai ),Tomato,Deshi,Local,1700,2000,1850,22/08/2026
Tamil Nadu,Coimbatore,Sulur(Uzhavar Sandhai ),Tomato,Deshi,Local,1600,1800,1700,22/08/2026
Tamil Nadu,Cuddalore,Panruti(Uzhavar Sandhai ),Tomato,Deshi,Local,2000,2000,2000,22/08/2026
Tamil Nadu,Thanjavur,Peravurani(Uzhavar Sandhai),Tomato,Deshi,Local,2500,2500,2500,22/08/2026
Tamil Nadu,Karur,Pallapatti (Uzhavar Sandhai ),Tomato,Other,Local,1800,2000,1900,22/08/2026
Tamil Nadu,Salem,Edapadi (Uzhavar Sandhai ),Tomato,Other,Local,2000,2200,2100,22/08/2026
Tamil Nadu,Salem,Elampillai(Uzhavar Sandhai ),Tomato,Other,Local,1800,2200,2000,22/08/2026
Tamil Nadu,Salem,Hasthampatti(Uzhavar Sandhai ),Tomato,Local,Local,1800,2200,2000,22/08/2026
Tamil Nadu,Sivaganga,Karaikudi(Uzhavar Sandhai ),Tomato,Deshi,Local,2400,2800,2600,22/08/2026
Tamil Nadu,Thanjavur,Pattukottai(Uzhavar Sandhai ),Tomato,Deshi,Local,2600,2600,2600,22/08/2026
Tamil Nadu,Thiruchirappalli,KKNagar(Uzhavar Sandhai ),Tomato,Deshi,Local,2200,2400,2300,22/08/2026
Tamil Nadu,Virudhunagar,Sathur(Uzhavar Sandhai ),Tomato,Deshi,Local,1800,2000,1900,22/08/2026
Tamil Nadu,Virudhunagar,Sivakasi(Uzhavar Sandhai ),Tomato,Deshi,Local,1500,2000,1750,22/08/2026
Tamil Nadu,Virudhunagar,Virudhunagar(Uzhavar Sandhai ),Tomato,Deshi,Local,1800,1900,1850,22/08/2026
Tamil Nadu,Nagercoil (Kannyiakumari),Myladi(Uzhavar Sandhai ),Tomato,Deshi,Local,2000,2500,2250,22/08/2026
Tamil Nadu,Madurai,Chokkikulam(Uzhavar Sandhai ),Tomato,Deshi,Local,2000,2400,2200,22/08/2026
Tamil Nadu,Nagapattinam,Nagapattinam(Uzhavar Sandhai ),Tomato,Deshi,Local,2900,3300,3100,22/08/2026
Tamil Nadu,The Nilgiris,Udhagamandalam(Uzhavar Sandhai ),Tomato,Deshi,Local,2000,2300,2150,22/08/2026
Tamil Nadu,Theni,Andipatti(Uzhavar Sandhai ),Tomato,Other,Local,1800,2000,1900,22/08/2026
Tamil Nadu,Thiruvellore,Tiruvallur(Uzhavar Sandhai ),Tomato,Deshi,Local,2500,2500,2500,22/08/2026
Tamil Nadu,Chengalpattu,Guduvancheri(Uzhavar Sandhai ),Tomato,Other,Local,2000,2500,2250,22/08/2026
Tamil Nadu,Nagapattinam,Mayiladuthurai(Uzhavar Sandhai ),Tomato,Deshi,Local,2000,2500,2250,22/08/2026
Tamil Nadu,Thiruvarur,Mannargudi I(Uzhavar Sandhai ),Tomato,Deshi,Local,2200,2200,2200,22/08/2026
Tamil Nadu,Erode,Sathiyamagalam(Uzhavar Sandhai ),Tomato,Local,Local,1500,2000,1750,22/08/2026
Tamil Nadu,Coimbatore,Mettupalayam(Uzhavar Sandhai ),Tomato,Deshi,Local,1600,2000,1800,22/08/2026
Tamil Nadu,Coimbatore,RSPuram(Uzhavar Sandhai ),Tomato,Local,Local,1600,1800,1700,22/08/2026
Tamil Nadu,Coimbatore,Pollachi(Uzhavar Sandhai ),Tomato,Deshi,Local,1500,1800,1650,22/08/2026
Tamil Nadu,Karur,Karur(Uzhavar Sandhai ),Tomato,Deshi,Local,1900,2400,2150,22/08/2026
Tamil Nadu,Coimbatore,Kurichi(Uzhavar Sandhai ),Tomato,Local,Local,1600,1800,1700,22/08/2026
Tamil Nadu,Cuddalore,Chidambaram(Uzhavar Sandhai ),Tomato,Local,Local,2500,2500,2500,22/08/2026
Tamil Nadu,Vellore,Vellore APMC,Tomato,Deshi,Local,2200,2400,2300,22/08/2026
Tamil Nadu,Krishnagiri,Kaveripattinam(Uzhavar Sandhai ),Tomato,Local,Local,2500,2500,2500,22/08/2026
Tamil Nadu,Erode,Periyar Nagar(Uzhavar Sandhai ),Tomato,Other,Local,2000,2200,2100,22/08/2026
Tamil Nadu,Namakkal,Rasipuram(Uzhavar Sandhai ),Tomato,Other,Local,1800,2200,2000,22/08/2026
Tamil Nadu,Thanjavur,Tirukattupalli(Uzhavar Sandhai ),Tomato,Deshi,Local,2200,2200,2200,22/08/2026
Tamil Nadu,Madurai,Anna nagar(Uzhavar Sandhai ),Tomato,Deshi,Local,2000,2400,2200,22/08/2026
Tamil Nadu,Ranipet,Arcot(Uzhavar Sandhai ),Tomato,Other,Local,2000,2300,2150,22/08/2026
Tamil Nadu,Salem,Ammapet(Uzhavar Sandhai ),Tomato,Local,Local,1600,2000,1800,22/08/2026
Tamil Nadu,Salem,Mettur(Uzhavar Sandhai ),Tomato,Local,Local,1500,2000,1750,22/08/2026
Tamil Nadu,Thiruchirappalli,Thuraiyur APMC,Tomato,Other,Local,2000,2400,2200,22/08/2026
Tamil Nadu,Salem,Thammampatti (Uzhavar Sandhai ),Tomato,Deshi,Local,1000,2000,1500,22/08/2026
Tamil Nadu,Theni,Kambam(Uzhavar Sandhai ),Tomato,Deshi,Local,1700,1800,1750,22/08/2026
Tamil Nadu,Thirunelveli,Kandiyaperi(Uzhavar Sandhai ),Tomato,Other,Local,1800,2300,2050,22/08/2026
Tamil Nadu,Thirupur,Tiruppur (North) (Uzhavar Sandhai ),Tomato,Local,Local,1500,1800,1650,22/08/2026
Tamil Nadu,Thiruvannamalai,Keelpennathur(Uzhavar Sandhai ),Tomato,Deshi,Local,1800,2000,1900,22/08/2026
Tamil Nadu,Thiruvannamalai,Vandavasi(Uzhavar Sandhai ),Tomato,Local,Local,1600,2000,1800,22/08/2026
Tamil Nadu,Cuddalore,Vadalur(Uzhavar Sandhai ),Tomato,Local,Local,2500,2500,2500,22/08/2026
Tamil Nadu,Karur,Vengamedu(Uzhavar Sandhai ),Tomato,Deshi,Local,1900,2400,2150,22/08/2026
Tamil Nadu,Theni,Devaram(Uzhavar Sandhai ),Tomato,Deshi,Local,1800,1800,1800,22/08/2026
Tamil Nadu,Thanjavur,Thanjavur(Uzhavar Sandhai ),Tomato,Deshi,Local,2200,2200,2200,22/08/2026
Tamil Nadu,Thiruchirappalli,Musiri(Uzhavar Sandhai ),Tomato,Local,Local,2000,2000,2000,22/08/2026
Tamil Nadu,Virudhunagar,Thalavaipuram(Uzhavar Sandhai ),Tomato,Deshi,Local,1400,1800,1600,22/08/2026
Tamil Nadu,Chengalpattu,Pallavaram(Uzhavar Sandhai ),Tomato,Deshi,Local,2000,2500,2250,22/08/2026
Tamil Nadu,Tenkasi,Sankarankoil(Uzhavar Sandhai ),Tomato,Deshi,Local,1500,1800,1650,22/08/2026
Tamil Nadu,Thanjavur,Kumbakonam (Uzhavar Sandhai ),Tomato,Deshi,Local,2400,2800,2600,22/08/2026
Tamil Nadu,Theni,Bodinayakanur(Uzhavar Sandhai ),Tomato,Other,Local,1800,1800,1800,22/08/2026
Tamil Nadu,Thiruvarur,Needamangalam(Uzhavar Sandhai ),Tomato,Deshi,Local,2000,2000,2000,22/08/2026
Tamil Nadu,Thiruvarur,Valangaiman APMC,Tomato,Deshi,Local,2000,2000,2000,22/08/2026
Tamil Nadu,Virudhunagar,Kariyapatti(Uzhavar Sandhai ),Tomato,Deshi,Local,1800,2000,1900,22/08/2026
Tamil Nadu,Salem,Vazhapadi(Uzhavar Sandhai),Tomato,Deshi,Local,1300,2000,1650,22/08/2026
Tamil Nadu,Karur,Gandhigramam(Uzhavar Sandhai),Tomato,Other,Local,2200,2400,2300,22/08/2026
Tamil Nadu,Nagapattinam,Vedaranyam(Uzhavar Sandhai),Tomato,Deshi,Local,3600,3600,3600,22/08/2026
Tamil Nadu,Vellore,Perampet(Uzhavar Sandhai),Tomato,Deshi,Local,1600,1800,1700,22/08/2026
Tamil Nadu,Karur,Kulithalai(Uzhavar Sandhai ),Tomato,Deshi,Local,2000,2400,2200,22/08/2026
Tamil Nadu,Thirupur,Palladam(Uzhavar Sandhai ),Tomato,Local,Local,1200,1600,1400,22/08/2026
Tamil Nadu,Salem,Athur(Uzhavar Sandhai ),Tomato,Local,Local,1600,2200,1900,22/08/2026
Tamil Nadu,Virudhunagar,Srivilliputhur(Uzhavar Sandhai ),Tomato,Deshi,Local,1500,2000,1750,22/08/2026
Tamil Nadu,Coimbatore,Udumalpet APMC,Tomato,Deshi,Local,1700,2000,1850,22/08/2026
Tamil Nadu,Pudukkottai,Ponnamaravathi(Uzhavar Sandhai),Tomato,Deshi,Local,2000,2500,2250,22/08/2026
Tamil Nadu,Pudukkottai,Viralimalai(Uzhavar Sandhai ),Tomato,Deshi,Local,2000,2500,2250,22/08/2026
Tamil Nadu,Pudukkottai,Alangudi(Uzhavar Sandhai ),Tomato,Other,Local,2000,2500,2250,22/08/2026
Tamil Nadu,Thiruvannamalai,Tiruvannamalai(Uzhavar Sandhai ),Tomato,Deshi,Local,1600,2000,1800,22/08/2026
Tamil Nadu,Thiruvellore,Paruthipattu(Uzhavar Sandhai ),Tomato,Deshi,Local,2500,2500,2500,22/08/2026
Tamil Nadu,Thiruvellore,Perambakkam(Uzhavar Sandhai ),Tomato,Deshi,Local,2500,2500,2500,22/08/2026
Tamil Nadu,Villupuram,Villupuram(Uzhavar Sandhai ),Tomato,Deshi,Local,2000,2000,2000,22/08/2026
Tamil Nadu,Thiruvannamalai,Cheyyar(Uzhavar Sandhai ),Tomato,Local,Local,1500,2000,1750,22/08/2026
Tamil Nadu,Coimbatore,Singanallur(Uzhavar Sandhai ),Tomato,Deshi,Local,1600,1800,1700,22/08/2026
Tamil Nadu,Vellore,Thirupathur APMC,Tomato,Deshi,Local,2000,2000,2000,22/08/2026
Madhya Pradesh,Dhar,Kukshi(F&V) APMC,Tomato,Tomato,Grade A,700,2200,1400,22/08/2026
Madhya Pradesh,Morena,Morena(F&V) APMC,Tomato,Tomato,Non-FAQ,2000,2200,2200,22/08/2026
Madhya Pradesh,Mandsaur,Mandsaur(F&V) APMC,Tomato,Other,Grade A,1100,2750,2000,22/08/2026
Madhya Pradesh,Betul,Betul(F&V) APMC,Tomato,Local,FAQ,800,800,800,22/08/2026
Madhya Pradesh,Morena,Morena APMC,Tomato,Deshi,Non-FAQ,2000,2200,2200,22/08/2026
Madhya Pradesh,Sagar,Sagar(F&V) APMC,Tomato,Local,Local,1500,1700,1600,22/08/2026
Madhya Pradesh,Indore,Indore(F&V) APMC,Tomato,Tomato,Local,600,2000,1400,22/08/2026
Madhya Pradesh,Guna,Guna(F&V) APMC,Tomato,Other,Grade B,1500,1600,1550,22/08/2026
Maharashtra,Nagpur,Kalmeshwar APMC,Tomato,Other,Local,1020,1500,1310,22/08/2026
Maharashtra,Nagpur,Nagpur APMC,Tomato,Local,Local,1000,1500,1375,22/08/2026
Maharashtra,Pune,Khed(Chakan) APMC,Tomato,Other,Local,500,1500,1000,22/08/2026
Maharashtra,Raigad,Panvel APMC,Tomato,Other,Local,2500,3000,2750,22/08/2026
Maharashtra,Pune,Pune(Manjri) APMC,Tomato,Other,Local,500,1500,1000,22/08/2026
Maharashtra,Sangli,Vita APMC,Tomato,Other,Local,1500,2000,1500,22/08/2026
Maharashtra,Pune,Pune(Pimpri) APMC,Tomato,Local,Local,1200,1500,1350,22/08/2026
Maharashtra,Ahilyanagar,Rahata APMC,Tomato,Other,Local,500,1000,750,22/08/2026
Maharashtra,Kolhapur,Vadgaonpeth APMC,Tomato,Local,Local,600,1000,700,22/08/2026
Maharashtra,Amarawati,Amrawati(Frui & Veg. Market) APMC,Tomato,Local,Local,1200,2200,1700,22/08/2026
Maharashtra,Solapur,SHRI.SIDDHESHWAR  APMC,Tomato,Other,Local,100,700,500,22/08/2026
Maharashtra,Satara,Karad APMC,Tomato,Other,Local,1000,1500,1500,22/08/2026
Maharashtra,Satara,Vai APMC,Tomato,Local,Local,1000,1800,1500,22/08/2026
Maharashtra,Solapur,Pandharpur APMC,Tomato,Other,Local,500,1200,1000,22/08/2026
Maharashtra,Solapur,Mangal Wedha APMC,Tomato,Local,Local,200,1300,1000,22/08/2026
Maharashtra,Kolhapur,Kolhapur APMC,Tomato,Other,Local,500,1200,900,22/08/2026
Maharashtra,Solapur,Akluj APMC,Tomato,Local,Local,500,1100,800,22/08/2026
Maharashtra,Nagpur,Nagpur APMC,Tomato,Other,Local,2000,2200,2150,22/08/2026
Maharashtra,Chattrapati Sambhajinagar,Chattrapati Sambhajinagar APMC,Tomato,Other,Local,500,1000,750,22/08/2026
Maharashtra,Jalgaon,Bhusaval APMC,Tomato,Other,Local,1200,1600,1500,22/08/2026
Maharashtra,Nagpur,Kamthi APMC,Tomato,Local,Local,2520,3020,2770,22/08/2026
Maharashtra,Mumbai,Mumbai APMC,Tomato,Other,Local,2600,3000,2800,22/08/2026
Maharashtra,Pune,Pune(Moshi) APMC,Tomato,Local,Local,800,900,850,22/08/2026
Maharashtra,Nagpur,Ramtek APMC,Tomato,Other,Local,1000,2000,1500,22/08/2026
Uttar Pradesh,Etah,Etah APMC,Tomato,Other,FAQ,2000,2000,2000,22/08/2026
Uttar Pradesh,Bareilly,Bareilly APMC,Tomato,Other,FAQ,1700,1700,1700,22/08/2026
Uttar Pradesh,Jalaun (Orai),Jalaun APMC,Tomato,Other,FAQ,1500,1500,1500,22/08/2026
Uttar Pradesh,Mathura,Kosikalan APMC,Tomato,Deshi,FAQ,2300,2500,2400,22/08/2026
Uttar Pradesh,Pratapgarh,Pratapgarh APMC,Tomato,Other,FAQ,1500,1500,1500,22/08/2026
Uttar Pradesh,Banda,Atarra APMC,Tomato,Other,FAQ,800,800,800,22/08/2026
Uttar Pradesh,Agra,Samsabad APMC,Tomato,Local,Local,1400,1600,1500,22/08/2026
Uttar Pradesh,Auraiya,Auraiya APMC,Tomato,Other,FAQ,1600,1600,1600,22/08/2026
Uttar Pradesh,Meerut,Mawana APMC,Tomato,Other,FAQ,2000,2000,2000,22/08/2026
Uttar Pradesh,Bulandshahar,Sikanderabad APMC,Tomato,Other,FAQ,1600,1600,1600,22/08/2026
Uttar Pradesh,Varanasi,Varanasi APMC,Tomato,Other,FAQ,1500,1500,1500,22/08/2026
Uttar Pradesh,Barabanki,Barabanki APMC,Tomato,Other,FAQ,1400,1400,1400,22/08/2026
Uttar Pradesh,Sonbhadra,Dudhi APMC,Tomato,Other,FAQ,3000,3000,3000,22/08/2026
Uttar Pradesh,Shamli,Thanabhawan APMC,Tomato,Other,FAQ,2200,2500,2350,22/08/2026
Uttar Pradesh,Hardoi,Hardoi APMC,Tomato,Other,FAQ,1000,1000,1000,22/08/2026
Uttar Pradesh,Agra,Khairagarh APMC,Tomato,Tomato,FAQ,2500,2600,2550,22/08/2026
Uttar Pradesh,Sambhal,Muradabad APMC,Tomato,Other,FAQ,2000,2000,2000,22/08/2026
Uttar Pradesh,Agra,Achnera APMC,Tomato,Other,FAQ,1000,1000,1000,22/08/2026
Uttar Pradesh,Bijnor,Najibabad APMC,Tomato,Other,FAQ,2500,2500,2500,22/08/2026
Uttar Pradesh,Agra,Fatehpur Sikri APMC,Tomato,Other,FAQ,1800,1800,1800,22/08/2026
Uttar Pradesh,Hathras,Haathras APMC,Tomato,Other,FAQ,2500,2500,2500,22/08/2026
Uttar Pradesh,Baghpat,Khekda APMC,Tomato,Other,FAQ,1800,3000,2944.76,22/08/2026
Uttar Pradesh,Bijnor,Kiratpur APMC,Tomato,Other,FAQ,2100,2100,2100,22/08/2026
Uttar Pradesh,Fatehpur,Fatehpur APMC,Tomato,Other,FAQ,2200,2200,2200,22/08/2026
Uttar Pradesh,Saharanpur,Rampurmaniharan APMC,Tomato,Other,FAQ,2400,2600,2450,22/08/2026
Uttar Pradesh,Kanpur,Kanpur(Grain) APMC,Tomato,Other,FAQ,2100,2100,2100,22/08/2026
Uttar Pradesh,Lakhimpur,Lakhimpur APMC,Tomato,Other,FAQ,1220,1220,1220,22/08/2026
Uttar Pradesh,Sambhal,Chandausi APMC,Tomato,Other,FAQ,2000,2000,2000,22/08/2026
Uttar Pradesh,Prayagraj,Prayagraj APMC,Tomato,Other,FAQ,2000,2000,2000,22/08/2026
Uttar Pradesh,Firozabad,Firozabad APMC,Tomato,Other,FAQ,1000,1000,1000,22/08/2026
Uttar Pradesh,Agra,Agra APMC,Tomato,Other,FAQ,1700,1800,1724.82,22/08/2026
Uttar Pradesh,Jalaun (Orai),Orai APMC,Tomato,Other,FAQ,1500,1500,1500,22/08/2026
Uttar Pradesh,Sitapur,Sitapur APMC,Tomato,Other,FAQ,1500,1500,1500,22/08/2026
Uttar Pradesh,Balrampur,Balrampur APMC,Tomato,Other,FAQ,700,800,704.18,22/08/2026
Uttar Pradesh,Mathura,Mathura APMC,Tomato,Other,FAQ,1800,2600,2045.9,22/08/2026
Uttar Pradesh,Badaun,Shahaswan APMC,Tomato,Other,FAQ,2100,2100,2100,22/08/2026
Uttar Pradesh,Shahjahanpur,Tilhar APMC,Tomato,Other,FAQ,1700,1700,1700,22/08/2026
Uttar Pradesh,Kanpur,Baripaal APMC,Tomato,Other,FAQ,2000,2000,2000,22/08/2026
Uttar Pradesh,Jaunpur,Jaunpur APMC,Tomato,Other,FAQ,1300,1400,1319.88,22/08/2026
Uttar Pradesh,Amroha,Amroha APMC,Tomato,Other,FAQ,1700,1700,1700,22/08/2026
Uttar Pradesh,Saharanpur,Nanuta APMC,Tomato,Other,FAQ,1800,1800,1800,22/08/2026
Uttar Pradesh,Shamli,Kairana APMC,Tomato,Other,FAQ,2200,2200,2200,22/08/2026
Rajasthan,Hanumangarh,Rawatsar APMC,Tomato,Deshi,FAQ,900,2500,1800,22/08/2026
Rajasthan,Churu,Churu APMC,Tomato,Hybrid,FAQ,2000,2400,2200,22/08/2026
Rajasthan,Udaipur,Udaipur (F&V) APMC,Tomato,Other,Medium,1000,1500,1250,22/08/2026
Rajasthan,Baran,Baran APMC,Tomato,Other,Local,1200,2000,1400,22/08/2026
Rajasthan,Ganganagar,Sriganganagar (F&V) APMC,Tomato,Tomato,Grade B,2600,3000,2800,22/08/2026
Rajasthan,Hanumangarh,Bhadara APMC,Tomato,Deshi,FAQ,2000,2700,2450,22/08/2026
Rajasthan,Jalore,Jalore APMC,Tomato,Tomato,Local,1800,2200,2000,22/08/2026
Rajasthan,Jalore,Bhinmal APMC,Tomato,Other,Non-FAQ,2000,2000,2000,22/08/2026
Rajasthan,Bharatpur,Bayana APMC,Tomato,Other,Local,2200,2200,2200,22/08/2026
Rajasthan,Jaipur,Bassi APMC,Tomato,Other,Local,3000,3400,3200,22/08/2026
Karnataka,Chamarajanagar,Chamarajanagar APMC,Tomato,Tomato,Local,1600,4500,3000,22/08/2026
Karnataka,Bengaluru South,Ramanagara APMC,Tomato,Tomato,Local,600,1200,1000,22/08/2026
Gujarat,Kheda,Kapadvanj APMC,Tomato,Tomato,Medium,1500,1800,1650,22/08/2026
Gujarat,Gandhinagar,Mansa(Manas Veg Yard) APMC,Tomato,Tomato,Local,1500,2000,1750,22/08/2026
Gujarat,Surendranagar,Vadhvan APMC,Tomato,Tomato,Medium,2000,2500,2250,22/08/2026
Gujarat,Dahod,Dahod(Veg. Market) APMC,Tomato,Tomato,Local,900,2000,1500,22/08/2026
Gujarat,Kheda,Nadiyad(Chaklasi) APMC,Tomato,Tomato,FAQ,2200,2600,2400,22/08/2026
Gujarat,Anand,"Anand(Veg,Yard,Anand) APMC",Tomato,Tomato,Grade B,1000,1500,1250,22/08/2026
Gujarat,Rajkot,Gondal(Veg.market Gondal) APMC,Tomato,Tomato,Local,1000,2500,1750,22/08/2026
Gujarat,Kheda,Nadiyad(Piplag) APMC,Tomato,Tomato,FAQ,1800,2000,1900,22/08/2026
Gujarat,Porbandar,Porbandar APMC,Tomato,Deshi,Local,2500,3500,3000,22/08/2026
Gujarat,Vadodara(Baroda),Padra APMC,Tomato,Other,FAQ,1200,1500,1350,22/08/2026
Gujarat,Mehsana,Mehsana(Mehsana Veg) APMC,Tomato,Tomato,Local,60,80,70,22/08/2026
Gujarat,Morbi,Morbi APMC,Tomato,Tomato,FAQ,1500,2000,1750,22/08/2026
Gujarat,Kheda,Nadiad APMC,Tomato,Tomato,FAQ,2000,2500,2200,22/08/2026
Gujarat,Gandhinagar,"Kalol(Veg,Market,Kalol) APMC",Tomato,Other,Local,2400,4900,3000,22/08/2026
Gujarat,Sabarkantha,Himatnagar(Veg.Market Himatnagar) APMC,Tomato,Tomato,Local,2000,2500,2500,22/08/2026
Gujarat,Amreli,Damnagar APMC,Tomato,Local,Local,3000,3000,3000,22/08/2026
Gujarat,Navsari,Bilimora APMC,Tomato,Other,FAQ,1500,2000,1800,22/08/2026
Gujarat,Navsari,Navsari APMC,Tomato,Tomato,Local,1500,3000,2250,22/08/2026
Gujarat,Banaskanth,Deesa(Deesa Veg Yard) APMC,Tomato,Other,FAQ,1700,2500,2100,22/08/2026
Gujarat,Surat,Surat APMC,Tomato,Other,FAQ,600,1900,1250,22/08/2026
Gujarat,Morbi,Vankaner(Sub yard) APMC,Tomato,Tomato,FAQ,1500,2500,2000,22/08/2026
Gujarat,Rajkot,Rajkot(Veg.Sub Yard) APMC,Tomato,Tomato,FAQ,1060,1630,1345,22/08/2026
Haryana,Rewari,Kosli APMC,Tomato,Other,FAQ,2500,2500,2500,22/08/2026
Haryana,Mahendragarh-Narnaul,Mohindergarh APMC,Tomato,Tomato,Medium,1200,2000,1500,22/08/2026
Haryana,Hissar,Barwala(Hisar) APMC,Tomato,Tomato,Local,2000,2500,2250,22/08/2026
Haryana,Kaithal,Siwan APMC,Tomato,Other,FAQ,2400,2600,2500,22/08/2026
Haryana,Palwal,Hodal APMC,Tomato,Hybrid,FAQ,2500,3000,2800,22/08/2026
Haryana,Mahendragarh-Narnaul,Narnaul APMC,Tomato,Tomato,Medium,2000,3500,2500,22/08/2026
Haryana,Hissar,Hansi APMC,Tomato,Other,FAQ,2500,3500,3000,22/08/2026
Haryana,Panipat,Madlauda APMC,Tomato,Tomato,FAQ,2000,3000,2500,22/08/2026
Haryana,Rohtak,Sampla APMC,Tomato,Other,Local,4000,4000,4000,22/08/2026
Haryana,Yamuna Nagar,Radaur APMC,Tomato,Other,Medium,4200,4800,4500,22/08/2026
Haryana,Mewat,Nuh APMC,Tomato,Other,Local,1400,1600,1500,22/08/2026
Haryana,Jind,Jind APMC,Tomato,Local,FAQ,1500,2500,2100,22/08/2026
Haryana,Rohtak,Meham,Tomato,Tomato,Medium,2500,3000,2800,22/08/2026
Haryana,Sonipat,Gohana APMC,Tomato,Other,Medium,2500,3000,2800,22/08/2026
Haryana,Karnal,Gharaunda APMC,Tomato,Other,Local,2000,2500,2500,22/08/2026
Haryana,Sirsa,Rania(Jiwan nagar) APMC,Tomato,Deshi,Non-FAQ,50,72,60,22/08/2026
Haryana,Yamuna Nagar,Jagadhri APMC,Tomato,Tomato,FAQ,1200,2000,2000,22/08/2026
Haryana,Hissar,Uklana APMC,Tomato,Tomato,Medium,2800,3000,3000,22/08/2026
Haryana,Ambala,Ambala Cantt. APMC,Tomato,Tomato,Grade C,1500,2000,1800,22/08/2026
Haryana,Jind,Narwana APMC,Tomato,Tomato,Non-FAQ,1000,2000,1500,22/08/2026
Haryana,Panchkula,Raipur Rani APMC,Tomato,Tomato,Local,2200,2400,2200,22/08/2026
Haryana,Kaithal,Kaithal APMC,Tomato,Other,FAQ,1833,1833,1833,22/08/2026
Haryana,Fatehabad,Jakhal APMC,Tomato,Tomato,Non-FAQ,1500,1500,1500,22/08/2026
Haryana,Sonipat,Kharkhoda APMC,Tomato,Local,FAQ,2500,3200,2800,22/08/2026
Haryana,Mewat,FerozpurZirkha(Nagina) APMC,Tomato,Other,Local,2000,2400,2200,22/08/2026
Haryana,Fatehabad,Ratia APMC,Tomato,Other,Grade A,2000,2500,2200,22/08/2026
Haryana,Rewari,Rewari APMC,Tomato,Other,Medium,600,2800,1500,22/08/2026
Haryana,Karnal,Tarori APMC,Tomato,Other,Non-FAQ,1500,2500,2000,22/08/2026
Haryana,Ambala,Naraingarh APMC,Tomato,Tomato,FAQ,1000,2000,1400,22/08/2026
Haryana,Kurukshetra,Shahabad APMC,Tomato,Tomato,Medium,1000,2000,1600,22/08/2026
Haryana,Sirsa,Rania APMC,Tomato,Tomato,Non-FAQ,1,4,2,22/08/2026
Haryana,Sonipat,Ganaur APMC,Tomato,Tomato,FAQ,2000,3000,2500,22/08/2026
Haryana,Kurukshetra,Ladwa APMC,Tomato,Other,Non-FAQ,3500,4000,4000,22/08/2026
Haryana,Ambala,Shahzadpur APMC,Tomato,Tomato,FAQ,1500,1600,1500,22/08/2026
Haryana,Gurgaon,Farukh Nagar APMC,Tomato,Other,Medium,1700,2300,2000,22/08/2026
Haryana,Gurgaon,Pataudi APMC,Tomato,Tomato,Grade B,2000,3200,2500,22/08/2026
Haryana,Rohtak,Rohtak APMC,Tomato,Other,Medium,1000,2000,1500,22/08/2026
Haryana,Kaithal,Pundri APMC,Tomato,Other,FAQ,1800,2000,1900,22/08/2026
Haryana,Panchkula,Barwala APMC,Tomato,Local,FAQ,2000,2500,2250,22/08/2026
Haryana,Panipat,Samalkha APMC,Tomato,Other,FAQ,1500,2000,1800,22/08/2026
Punjab,Jalandhar,Adampur APMC,Tomato,Tomato,FAQ,1750,2250,2250,22/08/2026
Punjab,Ludhiana,Doraha APMC,Tomato,Deshi,Local,2000,3000,2500,22/08/2026
Punjab,Ludhiana,Raikot APMC,Tomato,Other,Grade A,2640,2640,2640,22/08/2026
Punjab,Gurdaspur,Quadian APMC,Tomato,Other,Grade A,3200,3400,3300,22/08/2026
Punjab,Jalandhar,Noor Mehal APMC,Tomato,Other,Local,2200,2200,2200,22/08/2026
Punjab,Muktsar,Malout APMC,Tomato,Tomato,FAQ,3000,3000,3000,22/08/2026
Punjab,Patiala,Rajpura APMC,Tomato,Local,Grade A,1750,1950,1800,22/08/2026
Punjab,Patiala,Samana APMC,Tomato,Tomato,Local,1800,23000,2000,22/08/2026
Punjab,Patiala,Dudhansadhan APMC,Tomato,Other,Grade B,3000,3000,3000,22/08/2026
Punjab,Bhatinda,Bathinda APMC,Tomato,Other,Grade B,2000,2600,2200,22/08/2026
Punjab,Ludhiana,Sahnewal APMC,Tomato,Tomato,FAQ,3100,3100,3100,22/08/2026
Punjab,Ludhiana,Ludhiana APMC,Tomato,Other,FAQ,800,2500,1600,22/08/2026
Punjab,Hoshiarpur,Mukerian(Talwara) APMC,Tomato,Tomato,FAQ,2500,3500,3000,22/08/2026
Punjab,Amritsar,Rayya APMC,Tomato,Other,FAQ,705,705,705,22/08/2026
Punjab,Bhatinda,Maur APMC,Tomato,Other,Grade B,2700,3000,2800,22/08/2026
Punjab,Gurdaspur,Dinanagar APMC,Tomato,Tomato,Medium,2800,3000,2900,22/08/2026
Punjab,Bhatinda,Rampuraphul(Nabha Mandi) APMC,Tomato,Other,Grade A,2000,2700,2500,22/08/2026
Punjab,Ludhiana,Jagraon APMC,Tomato,Other,FAQ,1500,1500,1500,22/08/2026
Punjab,Ferozpur,Zira APMC,Tomato,Other,Local,3300,3300,3300,22/08/2026
Punjab,Tarntaran,Patti APMC,Tomato,Other,Local,0.35,0.35,0.35,22/08/2026
Punjab,Mohali,Lalru APMC,Tomato,Deshi,Local,1000,1000,1000,22/08/2026
Andhra Pradesh,Annamayya,Guramkonda Sub-yard of AMC Valmikipuram,Tomato,Hybrid,FAQ,1000,1400,1200,22/08/2026
Andhra Pradesh,Annamayya,Mulakalacheruvu APMC,Tomato,Local,FAQ,800,1300,1100,22/08/2026
Andhra Pradesh,Kurnool,Pattikonda APMC,Tomato,Local,FAQ,800,1200,1000,22/08/2026
Andhra Pradesh,Annamayya,Punganur APMC,Tomato,Hybrid,FAQ,1000,1400,1200,22/08/2026
Andhra Pradesh,Chittor,Kuppam APMC,Tomato,Tomato,Grade C,900,1212,1212,22/08/2026
Andhra Pradesh,Annamayya,B.Kothakota H/Q Angallu,Tomato,Local,FAQ,800,1300,1000,22/08/2026
Andhra Pradesh,Annamayya,Kalikiri APMC,Tomato,Hybrid,FAQ,1000,1450,1200,22/08/2026
Andhra Pradesh,Chittor,Palamaner APMC,Tomato,Tomato,FAQ,1000,1400,1200,22/08/2026
Andhra Pradesh,Annamayya,Valmikipuram APMC,Tomato,Hybrid,FAQ,1000,1400,1200,22/08/2026
Andhra Pradesh,Chittor,V. Kota Sub-yard of AMC Palamaneru,Tomato,Other,FAQ,1100,1500,1300,22/08/2026
Andhra Pradesh,Annamayya,Somala APMC,Tomato,Tomato,FAQ,800,1200,1000,22/08/2026
Andhra Pradesh,Annamayya,Madanapalli APMC,Tomato,Local,FAQ,1100,1400,1300,22/08/2026
West Bengal,Hooghly,Kalipur APMC,Tomato,Hybrid,FAQ,2400,2600,2400,22/08/2026
West Bengal,Sounth 24 Parganas,Baruipur(Canning) APMC,Tomato,Tomato,FAQ,2900,3100,3000,22/08/2026
West Bengal,Purba Bardhaman,Kalna APMC,Tomato,Tomato,FAQ,2400,2500,2400,22/08/2026
West Bengal,Hooghly,Pandua APMC,Tomato,Hybrid,FAQ,2200,2550,2400,22/08/2026
West Bengal,Paschim Bardhaman,Durgapur APMC,Tomato,Hybrid,FAQ,2550,2750,2600,22/08/2026
West Bengal,Darjeeling,Karsiyang(Matigara) APMC,Tomato,Other,FAQ,3400,3600,3500,22/08/2026
West Bengal,Kolkata,Sealdah Koley Market APMC,Tomato,Other,FAQ,2800,3200,3000,22/08/2026
West Bengal,Darjeeling,Siliguri APMC,Tomato,Tomato,FAQ,2400,2600,2500,22/08/2026
West Bengal,North 24 Parganas,Barasat APMC,Tomato,Other,FAQ,3000,3000,3000,22/08/2026
West Bengal,North 24 Parganas,Habra APMC,Tomato,Other,FAQ,2300,2400,2400,22/08/2026
West Bengal,Bankura,Khatra APMC,Tomato,Tomato,FAQ,2500,3000,2700,22/08/2026
West Bengal,Paschim Bardhaman,Asansol APMC,Tomato,Hybrid,FAQ,2500,2700,2650,22/08/2026
Odisha,Bolangir,Kantabaji APMC,Tomato,Other,Grade B,3000,4000,3500,22/08/2026
Odisha,Dhenkanal,Hindol APMC,Tomato,Tomato,Grade B,2800,3000,2900,22/08/2026
Odisha,Angul,Angaura APMC,Tomato,Other,Large,2750,3150,3000,22/08/2026
Odisha,Kalahandi,Kesinga APMC,Tomato,Local,Grade B,2200,3000,2500,22/08/2026
Odisha,Keonjhar,Keonjhar(Dhekikote) APMC,Tomato,Other,Non-FAQ,4000,4500,4000,22/08/2026
Odisha,Gajapati,Parlakhemundi APMC,Tomato,Local,Grade Range-1,1300,1500,1400,22/08/2026
Odisha,Kalahandi,Kalahandi(Dharamagarh) APMC,Tomato,Other,Grade B,2600,3000,2800,22/08/2026
Odisha,Kalahandi,Mukhiguda APMC,Tomato,Tomato,Grade B,1500,3000,2250,22/08/2026
Odisha,Kalahandi,Junagarh APMC,Tomato,Other,Grade B,2600,3000,2800,22/08/2026
Odisha,Cuttack,Banki APMC,Tomato,Tomato,FAQ,3000,4000,3500,22/08/2026
Odisha,Angul,Angul(Atthamallick) APMC,Tomato,Tomato,Grade B,4000,6000,5000,22/08/2026
Odisha,Rayagada,Gunpur APMC,Tomato,Hybrid,Medium,1450,2070,1520,22/08/2026
Odisha,Sundergarh,Panposh APMC,Tomato,Local,FAQ,3000,3400,3200,22/08/2026
Odisha,Boudh,Boudh APMC,Tomato,Other,Local,2500,3500,3000,22/08/2026
Odisha,Jharsuguda,Jharsuguda APMC,Tomato,Other,Grade A,3500,4000,3500,22/08/2026
Odisha,Mayurbhanja,Betnoti APMC,Tomato,Tomato,FAQ,3000,3400,3200,22/08/2026
Bihar,Siwan,Maharjganj APMC,Tomato,Deshi,FAQ,2800,2800,2800,22/08/2026
Bihar,Madhubani,Madhubani APMC,Tomato,Tomato,FAQ,3800,4000,3900,22/08/2026
Bihar,Buxar,Buxur APMC,Tomato,Deshi,Local,2745,2758,2752,22/08/2026
Bihar,Khagaria,Khagaria APMC,Tomato,Deshi,Grade A,2999.9997,3399.99966,3166.66635,22/08/2026
Bihar,East Champaran/ Motihari,Chakia APMC,Tomato,Deshi,Grade A,3000,3200,3100,22/08/2026
Telangana,Sangareddy,APMC PATANCHERU,Tomato,Tomato,Local,400,1000,600,22/08/2026
Telangana,Hyderabad,RYTHU BAZAR MEHDIPATNAM,Tomato,Deshi,Grade A,1300,1300,1300,22/08/2026
Telangana,Hyderabad,Mahboob Manison APMC,Tomato,Tomato,Medium,800,1200,1000,22/08/2026
Telangana,Mahbubnagar,Mahabubnagar(Rythu Bazar),Tomato,Deshi,Local,2000,2000,2000,22/08/2026
Telangana,Ranga Reddy,L B Nagar APMC,Tomato,Tomato,Medium,600,1000,800,22/08/2026
Telangana,Ranga Reddy,"Vanasthalipuram,RBZ ",Tomato,Other,Grade A,1300,1300,1300,22/08/2026
Telangana,Sangareddy,Sangareddy APMC,Tomato,Other,Grade B,600,600,600,22/08/2026
Telangana,Khammam,"Pavilion Ground,Khammam,RBZ",Tomato,Deshi,FAQ,2400,2400,2400,22/08/2026
Telangana,Ranga Reddy,Shankarapally APMC,Tomato,Local,Local,1250,1250,1250,22/08/2026
Telangana,Ranga Reddy,Shadnagar APMC,Tomato,Local,Local,1000,1300,1200,22/08/2026
Telangana,Karimnagar,Karimnagar APMC,Tomato,Tomato,Medium,1500,2000,1750,22/08/2026
Telangana,Ranga Reddy,"Saroornagar,RBZ",Tomato,Other,Medium,1300,1300,1300,22/08/2026
Telangana,Hyderabad,Bowenpally APMC,Tomato,Deshi,FAQ,400,1000,800,22/08/2026
Telangana,Nalgonda,Miryalguda(Rythu Bazar) ,Tomato,Deshi,Grade A,2000,2000,2000,22/08/2026
Telangana,Siddipet,Siddipet(Rythu Bazar) ,Tomato,Local,Grade A,1200,2000,1600,22/08/2026
Telangana,Hyderabad,RYTHU BAZAR FALAKNUMA,Tomato,Tomato,Local,1300,1300,1300,22/08/2026
Telangana,Warangal,Warangal APMC,Tomato,Tomato,FAQ,1200,1600,1400,22/08/2026
Telangana,Nagarkurnool,Kalwakurthy APMC,Tomato,Tomato,Local,550,550,550,22/08/2026
Telangana,Ranga Reddy,Chevella APMC,Tomato,Local,Local,1000,1000,1000,22/08/2026
Telangana,Hyderabad,RYTHU BAZAR ERRAGADDA,Tomato,Deshi,Grade A,1300,1300,1300,22/08/2026
Telangana,Hyderabad,"Alwal,RBZ",Tomato,Other,FAQ,1300,1300,1300,22/08/2026
Telangana,Nalgonda,Venkateswarnagar APMC,Tomato,Local,Local,700,1000,900,22/08/2026
Telangana,Khammam,"Sattupalli (Ramalayam),RBZ",Tomato,Tomato,FAQ,2000,2800,2400,22/08/2026
Telangana,Ranga Reddy,Ibrahimpatnam APMC,Tomato,Local,Local,1500,1500,1500,22/08/2026
Telangana,Hyderabad,Gudimalkapur APMC,Tomato,Tomato,Grade B,400,1200,600,22/08/2026
Telangana,Medchal Malkajgiri,"Kukatpally,RBZ",Tomato,Deshi,Local,1300,1300,1300,22/08/2026
Uttarakhand,Udhamsinghnagar,Khateema APMC,Tomato,Other,Grade A,1800,2000,1900,22/08/2026
Uttarakhand,Haridwar,Haridwar Union APMC,Tomato,Other,Medium,1200,2200,1600,22/08/2026
Uttarakhand,Udhamsinghnagar,Kashipur APMC,Tomato,Other,Local,1800,1800,1800,22/08/2026
Uttarakhand,Udhamsinghnagar,Kicchha APMC,Tomato,Hybrid,Non-FAQ,1700,1800,1750,22/08/2026
Uttarakhand,Dehradoon,Dehradoon APMC,Tomato,Other,FAQ,850,1200,1050,22/08/2026
Uttarakhand,Haridwar,Manglaur APMC,Tomato,Other,Large,800,1300,900,22/08/2026
Uttarakhand,Haridwar,Roorkee APMC,Tomato,Other,Medium,1200,2200,1600,22/08/2026
Uttarakhand,Chamoli (Gopeshwar),Chamoli APMC,Tomato,Other,FAQ,2500,2500,2500,22/08/2026
Uttarakhand,Udhamsinghnagar,Rudrapur APMC,Tomato,Other,Medium,1500,2500,2000,22/08/2026
Uttarakhand,Dehradoon,Rishikesh APMC,Tomato,Other,Medium,1600,2250,2000,22/08/2026
Uttarakhand,Udhamsinghnagar,Jaspur(UC) APMC,Tomato,Tomato,FAQ,3200,3400,3300,22/08/2026
Uttarakhand,Haridwar,Bhagwanpur(Naveen Mandi Sthal) APMC,Tomato,Other,Grade A,800,1500,1000,22/08/2026
Himachal Pradesh,Kangra,SMY Palampur,Tomato,Tomato,FAQ,2000,2800,2400,22/08/2026
Himachal Pradesh,Kangra,PMY Kangra,Tomato,Tomato,FAQ,2000,2600,2400,22/08/2026
Himachal Pradesh,Kangra,SMY Nagrota Bagwan,Tomato,Tomato,FAQ,2000,2600,2300,22/08/2026
Himachal Pradesh,Shimla,SMY Rohroo,Tomato,Deshi,Grade B,3000,3200,3100,22/08/2026
Himachal Pradesh,Solan,PMY Kather Solan,Tomato,Other,Local,400,2100,1500,22/08/2026
Himachal Pradesh,Kullu,PMY Kullu,Tomato,Other,FAQ,1800,2000,1900,22/08/2026
Himachal Pradesh,Chamba,PMY Chamba,Tomato,Tomato,Medium,3500,4000,3750,22/08/2026
Himachal Pradesh,Hamirpur,PMY Hamirpur,Tomato,Tomato,Grade B,3000,3500,3250,22/08/2026
Himachal Pradesh,Bilaspur,PMY Bilaspur,Tomato,Local,Grade B,1300,3600,2500,22/08/2026
Himachal Pradesh,Kangra,SMY Baijnath,Tomato,Hybrid,Grade A,2500,3000,3000,22/08/2026
Himachal Pradesh,Kangra,SMY Dharamshala,Tomato,Tomato,FAQ,2500,2800,2650,22/08/2026
Himachal Pradesh,Mandi,SMY Jogindernagar,Tomato,Local,Grade B,1500,2500,2000,22/08/2026
Himachal Pradesh,Mandi,PMY Kangni Mandi,Tomato,Tomato,Grade B,1000,2200,1800,22/08/2026
Himachal Pradesh,Shimla,SMY Theog,Tomato,Other,Grade A,1000,2000,1500,22/08/2026
Himachal Pradesh,Kangra,SMY Jaisinghpur,Tomato,Tomato,FAQ,2200,3000,2600,22/08/2026
Himachal Pradesh,Una,PMY Una,Tomato,Tomato,Local,2400,2800,2600,22/08/2026
Himachal Pradesh,Mandi,SMY Dhanotu,Tomato,Tomato,FAQ,1500,2800,2150,22/08/2026
Assam,Kamrup,Uparhali Pmy APMC,Tomato,Tomato,FAQ,3000,3200,3200,22/08/2026
Assam,Karimganj,Santar Bazaar APMC,Tomato,Other,FAQ,2900,3100,3000,22/08/2026
Tamil Nadu,Dharmapuri,Palacode(Uzhavar Sandhai ),Potato,Other,Local,2600,3000,2800,22/08/2026
Tamil Nadu,Kallakuruchi,Sankarapuram(Uzhavar Sandhai ),Potato,Red Nanital,Local,3500,3500,3500,22/08/2026
Tamil Nadu,Dharmapuri,Karimangalam(Uzhavar Sandhai),Potato,Other,Local,2600,2800,2700,22/08/2026
Tamil Nadu,Namakkal,Namakkal(Uzhavar Sandhai ),Potato,Other,Local,2500,2800,2650,22/08/2026
Tamil Nadu,Salem,Ammapet(Uzhavar Sandhai ),Potato,Other,Local,4000,4500,4250,22/08/2026
Tamil Nadu,Salem,Thammampatti (Uzhavar Sandhai ),Potato,Other,Local,2800,3000,2900,22/08/2026
Tamil Nadu,Salem,Thathakapatti(Uzhavar Sandhai ),Potato,Red Nanital,Local,2800,6000,4400,22/08/2026
Tamil Nadu,Thirunelveli,Melapalayam(Uzhavar Sandhai ),Potato,Other,Local,2400,2600,2500,22/08/2026
Tamil Nadu,Thiruvannamalai,Chengam(Uzhavar Sandhai ),Potato,Red Nanital,Local,2500,3000,2750,22/08/2026
Tamil Nadu,Thiruvannamalai,Vandavasi(Uzhavar Sandhai ),Potato,Other,Local,3500,4000,3750,22/08/2026
Tamil Nadu,Cuddalore,Panruti(Uzhavar Sandhai ),Potato,Red Nanital,Local,4000,4000,4000,22/08/2026
Tamil Nadu,Dharmapuri,AJattihalli(Uzhavar Sandhai ),Potato,Other,Local,2400,2800,2600,22/08/2026
Tamil Nadu,Sivaganga,Devakottai (Uzhavar Sandhai ),Potato,Other,Local,4200,5000,4600,22/08/2026
Tamil Nadu,Salem,Jalagandapuram(Uzhavar Sandhai ),Potato,Other,Local,2600,2800,2700,22/08/2026
Tamil Nadu,Sivaganga,Karaikudi(Uzhavar Sandhai ),Potato,Red Nanital,Local,6000,6500,6250,22/08/2026
Tamil Nadu,Thanjavur,Thanjavur(Uzhavar Sandhai ),Potato,Red Nanital,Local,3000,3000,3000,22/08/2026
Tamil Nadu,Chengalpattu,Chengalpet(Uzhavar Sandhai ),Potato,Red Nanital,Local,2500,3000,2750,22/08/2026
Tamil Nadu,Chengalpattu,Medavakkam(Uzhavar Sandhai ),Potato,Other,Local,3000,3000,3000,22/08/2026
Tamil Nadu,Chengalpattu,Pallavaram(Uzhavar Sandhai ),Potato,Red Nanital,Local,2500,3000,2750,22/08/2026
Tamil Nadu,Nagapattinam,Nagapattinam(Uzhavar Sandhai ),Potato,Red Nanital,Local,3500,4000,3750,22/08/2026
Tamil Nadu,Virudhunagar,Kariyapatti(Uzhavar Sandhai ),Potato,Red Nanital,Local,3000,3500,3250,22/08/2026
Tamil Nadu,Vellore,Katpadi (Uzhavar Sandhai ),Potato,Red Nanital,Local,2500,3800,3150,22/08/2026
Tamil Nadu,Vellore,Perampet(Uzhavar Sandhai),Potato,Red Nanital,Local,3000,3000,3000,22/08/2026
Tamil Nadu,Chengalpattu,Guduvancheri(Uzhavar Sandhai ),Potato,Other,Local,2500,3000,2750,22/08/2026
Tamil Nadu,Thirupur,Palladam(Uzhavar Sandhai ),Potato,Red Nanital,Local,2500,3000,2750,22/08/2026
Tamil Nadu,Erode,Sampath Nagar(Uzhavar Sandhai ),Potato,Other,Local,4600,5000,4800,22/08/2026
Tamil Nadu,Nagapattinam,Mayiladuthurai(Uzhavar Sandhai ),Potato,Red Nanital,Local,3000,3000,3000,22/08/2026
Tamil Nadu,Thiruvannamalai,Arani(Uzhavar Sandhai ),Potato,Red Nanital,Local,3500,4000,3750,22/08/2026
Tamil Nadu,Thiruvannamalai,Polur(Uzhavar Sandhai ),Potato,Red Nanital,Local,3300,4000,3650,22/08/2026
Tamil Nadu,Thiruvannamalai,Tiruvannamalai(Uzhavar Sandhai ),Potato,Red Nanital,Local,3000,3600,3300,22/08/2026
Tamil Nadu,Thiruvellore,Ambattur(Uzhavar Sandhai ),Potato,Red Nanital,Local,5000,5000,5000,22/08/2026
Tamil Nadu,Thiruvellore,Naravarikuppam(Uzhavar Sandhai ),Potato,Red Nanital,Local,5000,5000,5000,22/08/2026
Tamil Nadu,Namakkal,Tiruchengode APMC,Potato,Other,Local,2600,3000,2800,22/08/2026
Tamil Nadu,Vellore,Thirupathur APMC,Potato,Red Nanital,Local,3000,3000,3000,22/08/2026
Tamil Nadu,Vellore,Vellore APMC,Potato,Red Nanital,Local,3400,3400,3400,22/08/2026
Tamil Nadu,The Nilgiris,Gudalur(Uzhavar Sandhai ),Potato,Red Nanital,Local,4000,5500,4750,22/08/2026
Tamil Nadu,Thirupur,Tiruppur (South) (Uzhavar Sandhai ),Potato,Other,Local,4000,6000,5000,22/08/2026
Tamil Nadu,Dharmapuri,Dharmapuri(Uzhavar Sandhai ),Potato,Red Nanital,Local,2600,2800,2700,22/08/2026
Tamil Nadu,Perambalur,Perambalur(Uzhavar Sandhai ),Potato,Other,Local,3000,3000,3000,22/08/2026
Tamil Nadu,Ranipet,Arcot(Uzhavar Sandhai ),Potato,Other,Local,2500,3000,2750,22/08/2026
Tamil Nadu,Coimbatore,Sulur(Uzhavar Sandhai ),Potato,Red Nanital,Local,5500,6500,6000,22/08/2026
Tamil Nadu,Sivaganga,Tirupatthur(Uzhavar Sandhai ),Potato,Red Nanital,Local,4500,5000,4750,22/08/2026
Tamil Nadu,Thiruchirappalli,Manachanallur(Uzhavar Sandhai ),Potato,Other,Local,3000,3000,3000,22/08/2026
Tamil Nadu,Virudhunagar,Virudhunagar(Uzhavar Sandhai ),Potato,Red Nanital,Local,3000,3100,3050,22/08/2026
Tamil Nadu,Chengalpattu,Nanganallur(Uzhavar Sandhai ),Potato,Red Nanital,Local,3500,4000,3750,22/08/2026
Tamil Nadu,Villupuram,Ulundurpettai APMC,Potato,Red Nanital,Local,4000,4000,4000,22/08/2026
Tamil Nadu,Thanjavur,Kumbakonam (Uzhavar Sandhai ),Potato,Red Nanital,Local,3600,3600,3600,22/08/2026
Tamil Nadu,Theni,Andipatti(Uzhavar Sandhai ),Potato,Other,Local,2400,2600,2500,22/08/2026
Tamil Nadu,Theni,Bodinayakanur(Uzhavar Sandhai ),Potato,Other,Local,2400,2600,2500,22/08/2026
Tamil Nadu,Salem,Vazhapadi(Uzhavar Sandhai),Potato,Red Nanital,Local,3000,3400,3200,22/08/2026
Tamil Nadu,Thirupur,Dharapuram(Uzhavar Sandhai ),Potato,Other,Local,6500,7500,7000,22/08/2026
Tamil Nadu,Salem,Athur(Uzhavar Sandhai ),Potato,Other,Local,2800,3000,2900,22/08/2026
Tamil Nadu,Coimbatore,Vadavalli(Uzhavar Sandhai ),Potato,Other,Local,5500,6500,6000,22/08/2026
Tamil Nadu,Thiruvarur,Mannargudi II(Uzhavar Sandhai ),Potato,Red Nanital,Local,3000,3000,3000,22/08/2026
Tamil Nadu,Vellore,Kahithapattarai(Uzhavar Sandhai ),Potato,Other,Local,3200,3200,3200,22/08/2026
Tamil Nadu,Coimbatore,Mettupalayam(Uzhavar Sandhai ),Potato,Red Nanital,Local,4000,6500,5250,22/08/2026
Tamil Nadu,Coimbatore,RSPuram(Uzhavar Sandhai ),Potato,Other,Local,6000,6500,6250,22/08/2026
Tamil Nadu,Chengalpattu,Thirukalukundram(Uzhavar Sandhai ),Potato,Other,Local,3000,3500,3250,22/08/2026
Tamil Nadu,Erode,Perundurai(Uzhavar Sandhai ),Potato,Other,Local,3000,3500,3250,22/08/2026
Tamil Nadu,Kancheepuram,Padappai(Uzhavar Sandhai ),Potato,Other,Local,2800,3500,3150,22/08/2026
Tamil Nadu,Krishnagiri,Denkanikottai(Uzhavar Sandhai ),Potato,Red Nanital,Local,2000,2500,2250,22/08/2026
Tamil Nadu,Madurai,Anaiyur(Uzhavar Sandhai ),Potato,Red Nanital,Local,5500,6000,5750,22/08/2026
Tamil Nadu,Madurai,Anna nagar(Uzhavar Sandhai ),Potato,Other,Local,6400,6400,6400,22/08/2026
Tamil Nadu,Ranipet,Ranipettai(Uzhavar Sandhai ),Potato,Other,Local,3200,3200,3200,22/08/2026
Tamil Nadu,Pudukkottai,Gandarvakottai(Uzhavar Sandhai ),Potato,Other,Local,4000,5000,4500,22/08/2026
Tamil Nadu,Sivaganga,Sivagangai (Uzhavar Sandhai ),Potato,Red Nanital,Local,5600,6200,5900,22/08/2026
Tamil Nadu,Salem,Edapadi (Uzhavar Sandhai ),Potato,Other,Local,2800,3000,2900,22/08/2026
Tamil Nadu,Thanjavur,Pattukottai(Uzhavar Sandhai ),Potato,Red Nanital,Local,3000,3000,3000,22/08/2026
Tamil Nadu,Thiruchirappalli,Musiri(Uzhavar Sandhai ),Potato,Other,Local,2600,3000,2800,22/08/2026
Tamil Nadu,Thiruchirappalli,Thiruverumbur(Uzhavar Sandhai ),Potato,Other,Local,3000,3000,3000,22/08/2026
Tamil Nadu,Virudhunagar,Rajapalayam(Uzhavar Sandhai ),Potato,Red Nanital,Local,2500,3000,2750,22/08/2026
Tamil Nadu,Virudhunagar,Thalavaipuram(Uzhavar Sandhai ),Potato,Red Nanital,Local,2500,3000,2750,22/08/2026
Tamil Nadu,Chengalpattu,Madhuranthagam(Uzhavar Sandhai ),Potato,Red Nanital,Local,4000,4000,4000,22/08/2026
Tamil Nadu,Chengalpattu,Jameenrayapettai(Uzhavar Sandhai ),Potato,Other,Local,2500,3000,2750,22/08/2026
Tamil Nadu,Cuddalore,Viruthachalam(Uzhavar Sandhai ),Potato,Red Nanital,Local,4000,4000,4000,22/08/2026
Tamil Nadu,Krishnagiri,Krishnagiri(Uzhavar Sandhai ),Potato,Red Nanital,Local,2000,2600,2300,22/08/2026
Tamil Nadu,The Nilgiris,Udhagamandalam(Uzhavar Sandhai ),Potato,Other,Local,5500,6000,5750,22/08/2026
Tamil Nadu,Thiruvellore,Tiruthani(Uzhavar Sandhai ),Potato,Red Nanital,Local,3000,3000,3000,22/08/2026
Tamil Nadu,Coimbatore,Udumalpet APMC,Potato,Red Nanital,Local,3500,4000,3750,22/08/2026
Tamil Nadu,Erode,Gobichettipalayam(Uzhavar Sandhai ),Potato,Red Nanital,Local,3400,3600,3500,22/08/2026
Tamil Nadu,Ramanathapuram,Ramanathapuram(Uzhavar Sandhai ),Potato,Red Nanital,Local,4800,5000,4900,22/08/2026
Tamil Nadu,Coimbatore,Sundarapuram(Uzhavar Sandhai ),Potato,Other,Local,6000,6500,6250,22/08/2026
Tamil Nadu,Coimbatore,Pollachi(Uzhavar Sandhai ),Potato,Red Nanital,Local,4000,6500,5250,22/08/2026
Tamil Nadu,Karur,Karur(Uzhavar Sandhai ),Potato,Other,Local,5500,6000,5750,22/08/2026
Tamil Nadu,Cuddalore,Cuddalore(Uzhavar Sandhai ),Potato,Red Nanital,Local,4000,4000,4000,22/08/2026
Tamil Nadu,Dharmapuri,Harur(Uzhavar Sandhai ),Potato,Red Nanital,Local,2500,3000,2750,22/08/2026
Tamil Nadu,Dindigul,Dindigul(Uzhavar Sandhai ),Potato,Red Nanital,Local,4000,5000,4500,22/08/2026
Tamil Nadu,Kancheepuram,Kancheepuram(Uzhavar Sandhai ),Potato,Other,Local,2200,3000,2600,22/08/2026
Tamil Nadu,Namakkal,Kumarapalayam(Uzhavar Sandhai ),Potato,Other,Local,3600,3800,3700,22/08/2026
Tamil Nadu,Namakkal,Mohanur(Uzhavar Sandhai ),Potato,Red Nanital,Local,3000,3500,3250,22/08/2026
Tamil Nadu,Namakkal,Rasipuram(Uzhavar Sandhai ),Potato,Other,Local,3000,3500,3250,22/08/2026
Tamil Nadu,Thanjavur,Tirukattupalli(Uzhavar Sandhai ),Potato,Red Nanital,Local,3000,3000,3000,22/08/2026
Tamil Nadu,Madurai,Palanganatham(Uzhavar Sandhai ),Potato,Other,Local,5000,6000,5500,22/08/2026
Tamil Nadu,Madurai,Anna nagar(Uzhavar Sandhai ),Potato,Red Nanital,Local,5000,6000,5500,22/08/2026
Tamil Nadu,Salem,Mettur(Uzhavar Sandhai ),Potato,Other,Local,4500,4500,4500,22/08/2026
Tamil Nadu,Theni,Chinnamanur(Uzhavar Sandhai ),Potato,Other,Local,5500,5500,5500,22/08/2026
Tamil Nadu,Theni,Kambam(Uzhavar Sandhai ),Potato,Red Nanital,Local,2600,2600,2600,22/08/2026
Tamil Nadu,Theni,Theni(Uzhavar Sandhai ),Potato,Other,Local,2600,2600,2600,22/08/2026
Tamil Nadu,Thiruvarur,Muthupettai(Uzhavar Sandhai ),Potato,Red Nanital,Local,3000,3000,3000,22/08/2026
Tamil Nadu,Theni,Devaram(Uzhavar Sandhai ),Potato,Red Nanital,Local,2600,2600,2600,22/08/2026
Tamil Nadu,Thiruchirappalli,KKNagar(Uzhavar Sandhai ),Potato,Red Nanital,Local,3000,3000,3000,22/08/2026
Tamil Nadu,Thiruchirappalli,Lalgudi(Uzhavar Sandhai ),Potato,Other,Local,3000,3000,3000,22/08/2026
Tamil Nadu,Thiruchirappalli,Manapparai(Uzhavar Sandhai ),Potato,Other,Local,3000,3000,3000,22/08/2026
Tamil Nadu,Virudhunagar,Sathur(Uzhavar Sandhai ),Potato,Red Nanital,Local,3500,4000,3750,22/08/2026
Tamil Nadu,Virudhunagar,Aruppukottai(Uzhavar Sandhai ),Potato,Red Nanital,Local,3000,3500,3250,22/08/2026
Tamil Nadu,Karur,Gandhigramam(Uzhavar Sandhai),Potato,Other,Local,3500,6000,4750,22/08/2026
Tamil Nadu,Karur,Kulithalai(Uzhavar Sandhai ),Potato,Other,Local,6500,7000,6750,22/08/2026
Tamil Nadu,Kallakuruchi,Kallakurichi(Uzhavar Sandhai ),Potato,Red Nanital,Local,3500,3500,3500,22/08/2026
Tamil Nadu,Pudukkottai,Alangudi(Uzhavar Sandhai ),Potato,Other,Local,7000,8000,7500,22/08/2026
Tamil Nadu,Thiruvarur,Mannargudi I(Uzhavar Sandhai ),Potato,Red Nanital,Local,3000,3000,3000,22/08/2026
Tamil Nadu,Tuticorin,Kovilpatti(Uzhavar Sandhai ),Potato,Other,Local,3500,4000,3750,22/08/2026
Tamil Nadu,Villupuram,Villupuram(Uzhavar Sandhai ),Potato,Red Nanital,Local,3500,3500,3500,22/08/2026
Tamil Nadu,Thiruvannamalai,Cheyyar(Uzhavar Sandhai ),Potato,Other,Local,3200,4000,3600,22/08/2026
Tamil Nadu,Ariyalur,Ariyalur(Uzhavar Sandhai),Potato,Red Nanital,Local,4000,4500,4250,22/08/2026
Tamil Nadu,Cuddalore,Chidambaram(Uzhavar Sandhai ),Potato,Red Nanital,Local,4000,4000,4000,22/08/2026
Tamil Nadu,The Nilgiris,Coonoor(Uzhavar Sandhai ),Potato,Other,Local,5000,6000,5500,22/08/2026
Tamil Nadu,Dharmapuri,Pennagaram(Uzhavar Sandhai ),Potato,Red Nanital,Local,3300,3500,3400,22/08/2026
Tamil Nadu,Dindigul,Chinnalapatti(Uzhavar Sandhai ),Potato,Red Nanital,Local,4000,5000,4500,22/08/2026
Tamil Nadu,Kancheepuram,Kundrathur(Uzhavar Sandhai ),Potato,Other,Local,2800,2800,2800,22/08/2026
Tamil Nadu,Kancheepuram,Sunguvarchatram(Uzhavar Sandhai ),Potato,Other,Local,2800,2800,2800,22/08/2026
Tamil Nadu,Krishnagiri,Avallapalli(Uzhavar Sandhai ),Potato,Red Nanital,Local,2000,2500,2250,22/08/2026
Tamil Nadu,Krishnagiri,Hosur(Uzhavar Sandhai ),Potato,Red Nanital,Local,2000,2500,2250,22/08/2026
Tamil Nadu,Nagapattinam,Sirkali(Uzhavar Sandhai ),Potato,Red Nanital,Local,3600,4000,3800,22/08/2026
Tamil Nadu,Namakkal,Paramathivelur(Uzhavar Sandhai ),Potato,Other,Local,2400,2800,2600,22/08/2026
Tamil Nadu,Salem,Sooramangalam(Uzhavar Sandhai ),Potato,Other,Local,5500,6000,5750,22/08/2026
Tamil Nadu,Thiruchirappalli,Thuraiyur APMC,Potato,Other,Local,2500,3000,2750,22/08/2026
Tamil Nadu,Thirunelveli,NGO Colony(Uzhavar Sandhai ),Potato,Red Nanital,Local,2000,2600,2300,22/08/2026
Tamil Nadu,Thirunelveli,Palayamkottai(Uzhavar Sandhai ),Potato,Other,Local,2400,2600,2500,22/08/2026
Tamil Nadu,Thirupur,Tiruppur (North) (Uzhavar Sandhai ),Potato,Other,Local,3300,4000,3650,22/08/2026
Tamil Nadu,Cuddalore,Vadalur(Uzhavar Sandhai ),Potato,Other,Local,4000,4000,4000,22/08/2026
Tamil Nadu,Thanjavur,Peravurani(Uzhavar Sandhai),Potato,Red Nanital,Local,3000,3000,3000,22/08/2026
Tamil Nadu,Salem,Elampillai(Uzhavar Sandhai ),Potato,Other,Local,4500,5000,4750,22/08/2026
Tamil Nadu,Salem,Hasthampatti(Uzhavar Sandhai ),Potato,Other,Local,4500,5000,4750,22/08/2026
Tamil Nadu,Sivaganga,Singampunari(Uzhavar Sandhai ),Potato,Other,Local,5600,6200,5900,22/08/2026
Tamil Nadu,Virudhunagar,Sivakasi(Uzhavar Sandhai ),Potato,Red Nanital,Local,3500,4000,3750,22/08/2026
Tamil Nadu,Nagercoil (Kannyiakumari),Myladi(Uzhavar Sandhai ),Potato,Red Nanital,Local,3000,3500,3250,22/08/2026
Tamil Nadu,Villupuram,Tindivanam APMC,Potato,Red Nanital,Local,3600,3600,3600,22/08/2026
Tamil Nadu,Madurai,Chokkikulam(Uzhavar Sandhai ),Potato,Red Nanital,Local,2800,6000,4400,22/08/2026
Tamil Nadu,Erode,Thalavadi(Uzhavar Sandhai ),Potato,Red Nanital,Local,3400,3800,3600,22/08/2026
Tamil Nadu,Pudukkottai,Pudukottai(Uzhavar Sandhai ),Potato,Other,Local,6000,7000,6500,22/08/2026
Tamil Nadu,Villupuram,Gingee(Uzhavar Sandhai ),Potato,Red Nanital,Local,3500,3500,3500,22/08/2026
Tamil Nadu,Nagapattinam,Vedaranyam(Uzhavar Sandhai),Potato,Red Nanital,Local,3500,4000,3750,22/08/2026
Tamil Nadu,Thirupathur,Natrampalli(Uzhavar Sandhai ),Potato,Red Nanital,Local,3000,3500,3250,22/08/2026
Tamil Nadu,Virudhunagar,Srivilliputhur(Uzhavar Sandhai ),Potato,Red Nanital,Local,2500,3000,2750,22/08/2026
Tamil Nadu,Vellore,Pallikonda(Uzhavar Sandhai),Potato,Red Nanital,Local,2500,3000,2750,22/08/2026
Tamil Nadu,Ramanathapuram,Paramakudi(Uzhavar Sandhai ),Potato,Red Nanital,Local,4500,5000,4750,22/08/2026
Tamil Nadu,Thiruvellore,Paruthipattu(Uzhavar Sandhai ),Potato,Red Nanital,Local,4000,4000,4000,22/08/2026
Tamil Nadu,Vellore,Gudiyatham(Uzhavar Sandhai ),Potato,Red Nanital,Local,3000,3000,3000,22/08/2026
Tamil Nadu,Erode,Sathiyamagalam(Uzhavar Sandhai ),Potato,Other,Local,3500,4000,3750,22/08/2026
Tamil Nadu,Coimbatore,Singanallur(Uzhavar Sandhai ),Potato,Other,Local,5000,6500,5750,22/08/2026
Tamil Nadu,Nagercoil (Kannyiakumari),Vadaseri APMC,Potato,Red Nanital,Local,3000,3500,3250,22/08/2026
Tamil Nadu,Krishnagiri,Kaveripattinam(Uzhavar Sandhai ),Potato,Red Nanital,Local,4000,4000,4000,22/08/2026
Tamil Nadu,Kallakuruchi,Sankarapuram(Uzhavar Sandhai ),Sweet Potato,Hosur Red,Local,6000,6000,6000,22/08/2026
Tamil Nadu,Ranipet,Ranipettai(Uzhavar Sandhai ),Sweet Potato,Hosur Red,Local,5000,5000,5000,22/08/2026
Tamil Nadu,Thiruchirappalli,Thuraiyur APMC,Sweet Potato,Hosur Red,Local,4000,4500,4250,22/08/2026
Tamil Nadu,Coimbatore,Sulur(Uzhavar Sandhai ),Sweet Potato,Hosur Red,Local,4600,5000,4800,22/08/2026
Tamil Nadu,Chengalpattu,Chengalpet(Uzhavar Sandhai ),Sweet Potato,Hosur Red,Local,5000,6000,5500,22/08/2026
Tamil Nadu,Chengalpattu,Nanganallur(Uzhavar Sandhai ),Sweet Potato,Hosur Red,Local,5000,6000,5500,22/08/2026
Tamil Nadu,Chengalpattu,Jameenrayapettai(Uzhavar Sandhai ),Sweet Potato,Hosur Red,Local,6000,7000,6500,22/08/2026
Tamil Nadu,Madurai,Chokkikulam(Uzhavar Sandhai ),Sweet Potato,Hosur Red,Local,4500,5000,4750,22/08/2026
Tamil Nadu,Coimbatore,Udumalpet APMC,Sweet Potato,Hosur Red,Local,6000,7000,6500,22/08/2026
Tamil Nadu,Vellore,Kahithapattarai(Uzhavar Sandhai ),Sweet Potato,Hosur Red,Local,3500,3500,3500,22/08/2026
Tamil Nadu,Vellore,Thirupathur APMC,Sweet Potato,Hosur Red,Local,4000,4000,4000,22/08/2026
Tamil Nadu,Dharmapuri,Harur(Uzhavar Sandhai ),Sweet Potato,Hosur Red,Local,4000,5000,4500,22/08/2026
Tamil Nadu,Krishnagiri,Hosur(Uzhavar Sandhai ),Sweet Potato,Hosur Red,Local,3500,4000,3750,22/08/2026
Tamil Nadu,Salem,Sooramangalam(Uzhavar Sandhai ),Sweet Potato,Hosur Red,Local,4000,4500,4250,22/08/2026
Tamil Nadu,Thiruvannamalai,Chengam(Uzhavar Sandhai ),Sweet Potato,Hosur Red,Local,3300,4000,3650,22/08/2026
Tamil Nadu,Dharmapuri,AJattihalli(Uzhavar Sandhai ),Sweet Potato,Hosur Red,Local,2500,2500,2500,22/08/2026
Tamil Nadu,Thanjavur,Thanjavur(Uzhavar Sandhai ),Sweet Potato,Hosur Red,Local,6000,6000,6000,22/08/2026
Tamil Nadu,Thiruchirappalli,Musiri(Uzhavar Sandhai ),Sweet Potato,Hosur Red,Local,4000,4600,4300,22/08/2026
Tamil Nadu,Chengalpattu,Pallavaram(Uzhavar Sandhai ),Sweet Potato,Hosur Red,Local,4000,5000,4500,22/08/2026
Tamil Nadu,Krishnagiri,Krishnagiri(Uzhavar Sandhai ),Sweet Potato,Hosur Red,Local,2000,2800,2400,22/08/2026
Tamil Nadu,Madurai,Melur(Uzhavar Sandhai ),Sweet Potato,Hosur Red,Local,4500,5000,4750,22/08/2026
Tamil Nadu,Coimbatore,Vadavalli(Uzhavar Sandhai ),Sweet Potato,Hosur Red,Local,4200,5000,4600,22/08/2026
Tamil Nadu,Thiruvannamalai,Arani(Uzhavar Sandhai ),Sweet Potato,Hosur Red,Local,3000,4000,3500,22/08/2026
Tamil Nadu,Vellore,Gudiyatham(Uzhavar Sandhai ),Sweet Potato,Hosur Red,Local,3600,3600,3600,22/08/2026
Tamil Nadu,Krishnagiri,Avallapalli(Uzhavar Sandhai ),Sweet Potato,Hosur Red,Local,3500,4000,3750,22/08/2026
Tamil Nadu,Madurai,Anaiyur(Uzhavar Sandhai ),Sweet Potato,Hosur Red,Local,4500,5000,4750,22/08/2026
Tamil Nadu,Perambalur,Perambalur(Uzhavar Sandhai ),Sweet Potato,Hosur Red,Local,6000,6400,6200,22/08/2026
Tamil Nadu,Salem,Ammapet(Uzhavar Sandhai ),Sweet Potato,Hosur Red,Local,4500,5000,4750,22/08/2026
Tamil Nadu,Salem,Mettur(Uzhavar Sandhai ),Sweet Potato,Hosur Red,Local,3000,4000,3500,22/08/2026
Tamil Nadu,Thiruvannamalai,Tamarainagar(Uzhavar Sandhai ),Sweet Potato,Hosur Red,Local,4000,5000,4500,22/08/2026
Tamil Nadu,Karur,Pallapatti (Uzhavar Sandhai ),Sweet Potato,Hosur Red,Local,4500,5000,4750,22/08/2026
Tamil Nadu,Salem,Jalagandapuram(Uzhavar Sandhai ),Sweet Potato,Hosur Red,Local,4000,4500,4250,22/08/2026
Tamil Nadu,Villupuram,Tindivanam APMC,Sweet Potato,Hosur Red,Local,4500,4500,4500,22/08/2026
Tamil Nadu,Karur,Gandhigramam(Uzhavar Sandhai),Sweet Potato,Hosur Red,Local,3500,4000,3750,22/08/2026
Tamil Nadu,Coimbatore,Mettupalayam(Uzhavar Sandhai ),Sweet Potato,Hosur Red,Local,3500,4000,3750,22/08/2026
Tamil Nadu,Coimbatore,Singanallur(Uzhavar Sandhai ),Sweet Potato,Hosur Red,Local,4500,5000,4750,22/08/2026
Tamil Nadu,Coimbatore,Kurichi(Uzhavar Sandhai ),Sweet Potato,Hosur Red,Local,4500,5000,4750,22/08/2026
Tamil Nadu,Vellore,Vellore APMC,Sweet Potato,Hosur Red,Local,3000,3000,3000,22/08/2026
Tamil Nadu,Nagapattinam,Sirkali(Uzhavar Sandhai ),Sweet Potato,Hosur Red,Local,5500,6000,5750,22/08/2026
Tamil Nadu,Namakkal,Paramathivelur(Uzhavar Sandhai ),Sweet Potato,Hosur Red,Local,6000,6800,6400,22/08/2026
Tamil Nadu,Madurai,Anna nagar(Uzhavar Sandhai ),Sweet Potato,Hosur Red,Local,4600,5000,4800,22/08/2026
Tamil Nadu,Ranipet,Arcot(Uzhavar Sandhai ),Sweet Potato,Hosur Red,Local,5000,5000,5000,22/08/2026
Tamil Nadu,Salem,Attayampatti(Uzhavar Sandhai ),Sweet Potato,Hosur Red,Local,4000,4000,4000,22/08/2026
Tamil Nadu,Salem,Edapadi (Uzhavar Sandhai ),Sweet Potato,Hosur Red,Local,3500,4000,3750,22/08/2026
Tamil Nadu,Thiruchirappalli,KKNagar(Uzhavar Sandhai ),Sweet Potato,Hosur Red,Local,6600,6600,6600,22/08/2026
Tamil Nadu,The Nilgiris,Udhagamandalam(Uzhavar Sandhai ),Sweet Potato,Hosur Red,Local,4000,4500,4250,22/08/2026
Tamil Nadu,Vellore,Katpadi (Uzhavar Sandhai ),Sweet Potato,Hosur Red,Local,3000,3000,3000,22/08/2026
Tamil Nadu,Thiruvannamalai,Polur(Uzhavar Sandhai ),Sweet Potato,Hosur Red,Local,3300,4000,3650,22/08/2026
Tamil Nadu,Thiruvannamalai,Tiruvannamalai(Uzhavar Sandhai ),Sweet Potato,Hosur Red,Local,3500,4000,3750,22/08/2026
Tamil Nadu,Cuddalore,Cuddalore(Uzhavar Sandhai ),Sweet Potato,Hosur Red,Local,10000,10000,10000,22/08/2026
Tamil Nadu,Nagercoil (Kannyiakumari),Vadaseri APMC,Sweet Potato,Hosur Red,Local,3500,4000,3750,22/08/2026
Tamil Nadu,Dharmapuri,Pennagaram(Uzhavar Sandhai ),Sweet Potato,Hosur Red,Local,2800,3000,2900,22/08/2026
Tamil Nadu,Dindigul,Dindigul(Uzhavar Sandhai ),Sweet Potato,Hosur Red,Local,5000,6000,5500,22/08/2026
Tamil Nadu,Kancheepuram,Padappai(Uzhavar Sandhai ),Sweet Potato,Hosur Red,Local,3000,4000,3500,22/08/2026
Tamil Nadu,Krishnagiri,Denkanikottai(Uzhavar Sandhai ),Sweet Potato,Hosur Red,Local,3500,4000,3750,22/08/2026
Tamil Nadu,Salem,Thathakapatti(Uzhavar Sandhai ),Sweet Potato,Hosur Red,Local,4000,5000,4500,22/08/2026
Tamil Nadu,Thirunelveli,Palayamkottai(Uzhavar Sandhai ),Sweet Potato,Hosur Red,Local,5000,5500,5250,22/08/2026
Tamil Nadu,Salem,Hasthampatti(Uzhavar Sandhai ),Sweet Potato,Hosur Red,Local,3500,4000,3750,22/08/2026
Tamil Nadu,Thiruchirappalli,Lalgudi(Uzhavar Sandhai ),Sweet Potato,Hosur Red,Local,5000,5000,5000,22/08/2026
Tamil Nadu,Thiruchirappalli,Thiruverumbur(Uzhavar Sandhai ),Sweet Potato,Hosur Red,Local,5000,5000,5000,22/08/2026
Tamil Nadu,Karur,Kulithalai(Uzhavar Sandhai ),Sweet Potato,Hosur Red,Local,2500,3000,2750,22/08/2026
Tamil Nadu,Thiruvarur,Tiruthuraipoondi(Uzhavar Sandhai ),Sweet Potato,Hosur Red,Local,6000,6000,6000,22/08/2026
Tamil Nadu,Villupuram,Villupuram(Uzhavar Sandhai ),Sweet Potato,Hosur Red,Local,6000,6000,6000,22/08/2026
Tamil Nadu,Coimbatore,Sundarapuram(Uzhavar Sandhai ),Sweet Potato,Hosur Red,Local,4500,5000,4750,22/08/2026
Madhya Pradesh,Betul,Betul(F&V) APMC,Potato,Desi,FAQ,1100,1100,1100,22/08/2026
Madhya Pradesh,Indore,Indore APMC,Potato,Local,FAQ,914,914,914,22/08/2026
Madhya Pradesh,Mandsaur,Mandsaur(F&V) APMC,Potato,Other,Grade B,700,1360,1060,22/08/2026
Madhya Pradesh,Dhar,Kukshi(F&V) APMC,Potato,Potato,Grade A,800,1200,1000,22/08/2026
Madhya Pradesh,Morena,Morena(F&V) APMC,Potato,Potato,Non-FAQ,200,200,200,22/08/2026
Madhya Pradesh,Morena,Morena APMC,Potato,Desi,Non-FAQ,200,200,200,22/08/2026
Madhya Pradesh,Sagar,Sagar(F&V) APMC,Potato,Local,Local,700,900,800,22/08/2026
Madhya Pradesh,Satna,Maihar(F&V) APMC,Potato,Potato,Local,600,600,600,22/08/2026
Madhya Pradesh,Gwalior,Dabra(F&V) APMC,Potato,Potato,Non-FAQ,500,500,500,22/08/2026
Maharashtra,Jalgaon,Bhusaval APMC,Potato,Other,Local,1500,2000,1800,22/08/2026
Maharashtra,Satara,Vaduj APMC,Potato,Local,Local,1400,1500,1450,22/08/2026
Maharashtra,Akola,Akola APMC,Potato,Other,Local,700,1100,1000,22/08/2026
Maharashtra,Chandrapur,Chandrapur(Ganjwad) APMC,Potato,Other,Local,1200,1300,1250,22/08/2026
Maharashtra,Chattrapati Sambhajinagar,Chattrapati Sambhajinagar APMC,Potato,Other,Local,1000,1300,1150,22/08/2026
Maharashtra,Amarawati,Amrawati(Frui & Veg. Market) APMC,Potato,Local,Local,500,1200,850,22/08/2026
Maharashtra,Solapur,SHRI.SIDDHESHWAR  APMC,Potato,Local,Local,1000,1200,1100,22/08/2026
Maharashtra,Nashik,Nasik APMC,Potato,Other,Local,700,1300,850,22/08/2026
Maharashtra,Pune,Pune(Manjri) APMC,Potato,Other,Local,1400,1800,1600,22/08/2026
Maharashtra,Pune,Junnar(Narayangaon) APMC,Potato,Other,Local,1100,1500,1300,22/08/2026
Maharashtra,Ahilyanagar,Rahata APMC,Potato,Other,Local,800,1200,1000,22/08/2026
Maharashtra,Sangli,"Sangli(Phale, Bhajipala Market) APMC",Potato,Local,Local,800,1400,1100,22/08/2026
Maharashtra,Pune,Pune(Moshi) APMC,Potato,Local,Local,1000,1100,1050,22/08/2026
Maharashtra,Nagpur,Ramtek APMC,Potato,Local,Local,1000,1500,1300,22/08/2026
Maharashtra,Mumbai,Mumbai-Onion & Potato Market APMC,Potato,Other,Local,600,1200,900,22/08/2026
Maharashtra,Solapur,Akluj APMC,Potato,Other,Local,1200,1400,1300,22/08/2026
Maharashtra,Nagpur,Nagpur APMC,Potato,Local,Local,800,1100,1025,22/08/2026
Maharashtra,Pune,Khed(Chakan) APMC,Potato,Other,Local,800,1500,1200,22/08/2026
Maharashtra,Ahilyanagar,Shrirampur APMC,Potato,Other,Local,800,1000,900,22/08/2026
Maharashtra,Mumbai,Mumbai APMC,Sweet Potato,Other,Local,3000,3600,3300,22/08/2026
Uttar Pradesh,Agra,Achnera APMC,Potato,Other,FAQ,550,550,550,22/08/2026
Uttar Pradesh,Aligarh,Aligarh APMC,Potato,Other,FAQ,500,500,500,22/08/2026
Uttar Pradesh,Saharanpur,Saharanpur APMC,Potato,Other,FAQ,620,800,687.45,22/08/2026
Uttar Pradesh,Bareilly,Bareilly APMC,Potato,Other,FAQ,500,500,500,22/08/2026
Uttar Pradesh,Badaun,Bilsi APMC,Potato,Other,FAQ,700,700,700,22/08/2026
Uttar Pradesh,Kannuj,Chhibramau APMC,Potato,Other,FAQ,550,600,552.08,22/08/2026
Uttar Pradesh,Mathura,Kosikalan APMC,Potato,Other,FAQ,600,600,600,22/08/2026
Uttar Pradesh,Bulandshahar,Khurja APMC,Potato,Other,FAQ,550,550,550,22/08/2026
Uttar Pradesh,Firozabad,Shikohabad APMC,Potato,Other,FAQ,500,500,500,22/08/2026
Uttar Pradesh,Kanpur,Uttaripura APMC,Potato,Other,FAQ,550,1500,651.47,22/08/2026
Uttar Pradesh,Etawah,Jasvantnagar APMC,Potato,Other,FAQ,500,600,510.86,22/08/2026
Uttar Pradesh,Lucknow,Lucknow APMC,Potato,Other,FAQ,700,700,700,22/08/2026
Uttar Pradesh,Firozabad,Firozabad APMC,Potato,Other,FAQ,400,500,417.79,22/08/2026
Uttar Pradesh,Khiri (Lakhimpur),Mohammdi APMC,Potato,Other,FAQ,700,700,700,22/08/2026
Uttar Pradesh,Farukhabad,Kamlaganj APMC,Potato,Other,FAQ,550,560,550.7,22/08/2026
Uttar Pradesh,Farukhabad,Farukhabad APMC,Potato,Other,FAQ,550,550,550,22/08/2026
Uttar Pradesh,Aligarh,Khair APMC,Potato,Other,FAQ,500,500,500,22/08/2026
Uttar Pradesh,Meerut,Mawana APMC,Potato,Other,FAQ,600,800,700,22/08/2026
Uttar Pradesh,Saharanpur,Rampurmaniharan APMC,Potato,Other,FAQ,1000,1200,1142.86,22/08/2026
Uttar Pradesh,Etawah,Etawah APMC,Potato,Other,FAQ,500,550,504.29,22/08/2026
Uttar Pradesh,Ghaziabad,Ghaziabad APMC,Potato,Other,FAQ,1000,1000,1000,22/08/2026
Uttar Pradesh,Varanasi,Varanasi APMC,Potato,Other,FAQ,800,810,800.67,22/08/2026
Uttar Pradesh,Barabanki,Barabanki APMC,Potato,Other,FAQ,600,755,602.99,22/08/2026
Uttar Pradesh,Bulandshahar,Buland Shahr APMC,Potato,Other,FAQ,800,800,800,22/08/2026
Uttar Pradesh,Baghpat,Khekda APMC,Potato,Other,FAQ,800,1000,985,22/08/2026
Uttar Pradesh,Mathura,Mathura APMC,Potato,Other,FAQ,500,700,502.45,22/08/2026
Uttar Pradesh,Kanpur Dehat,Rura APMC,Potato,Other,FAQ,650,700,669.37,22/08/2026
Uttar Pradesh,Prayagraj,Prayagraj APMC,Potato,Other,FAQ,700,700,700,22/08/2026
Uttar Pradesh,Badaun,Shahaswan APMC,Potato,Other,FAQ,600,600,600,22/08/2026
Uttar Pradesh,Mainpuri,Mainpuri APMC,Potato,Other,FAQ,500,500,500,22/08/2026
Uttar Pradesh,Badaun,Badayoun APMC,Potato,Other,FAQ,600,600,600,22/08/2026
Uttar Pradesh,Saharanpur,Gangoh APMC,Potato,Other,FAQ,900,900,900,22/08/2026
Uttar Pradesh,Bijnor,Najibabad APMC,Potato,Other,FAQ,800,1500,818.18,22/08/2026
Uttar Pradesh,Mainpuri,Bewar APMC,Potato,Other,FAQ,500,500,500,22/08/2026
Uttar Pradesh,Agra,Samsabad APMC,Potato,Local,Local,450,600,500,22/08/2026
Uttar Pradesh,Auraiya,Achalda APMC,Potato,Other,FAQ,500,500,500,22/08/2026
Uttar Pradesh,Fatehpur,Fatehpur APMC,Potato,Other,FAQ,700,710,701.72,22/08/2026
Uttar Pradesh,Aligarh,Atrauli APMC,Potato,Other,FAQ,700,700,700,22/08/2026
Uttar Pradesh,Kasganj,Kasganj APMC,Potato,Other,FAQ,600,600,600,22/08/2026
Uttar Pradesh,Hardoi,Shahabad(New Mandi) APMC,Potato,Other,FAQ,550,550,550,22/08/2026
Uttar Pradesh,Bulandshahar,Sikanderabad APMC,Potato,Other,FAQ,800,1000,911.76,22/08/2026
Uttar Pradesh,Agra,Jagnair APMC,Potato,Other,FAQ,800,800,800,22/08/2026
Uttar Pradesh,Agra,Jarar APMC,Potato,Other,FAQ,500,500,500,22/08/2026
Uttar Pradesh,Kanpur,Kanpur(Grain) APMC,Potato,Other,FAQ,550,550,550,22/08/2026
Uttar Pradesh,Lakhimpur,Lakhimpur APMC,Potato,Other,FAQ,950,1050,983.33,22/08/2026
Uttar Pradesh,Pillibhit,Pilibhit APMC,Potato,Other,FAQ,850,850,850,22/08/2026
Uttar Pradesh,Shahjahanpur,Shahjahanpur APMC,Potato,Other,FAQ,600,600,600,22/08/2026
Uttar Pradesh,Sitapur,Sitapur APMC,Potato,Other,FAQ,500,500,500,22/08/2026
Uttar Pradesh,Etawah,Bharthna APMC,Potato,Other,FAQ,500,600,510.4,22/08/2026
Uttar Pradesh,Sambhal,Chandausi APMC,Potato,Other,FAQ,600,610,600.24,22/08/2026
Uttar Pradesh,Kanpur,Choubepur APMC,Potato,Other,FAQ,550,550,550,22/08/2026
Uttar Pradesh,Ghaziabad,Hapur APMC,Potato,Other,FAQ,550,550,550,22/08/2026
Uttar Pradesh,Bulandshahar,Jahangirabad APMC,Potato,Other,FAQ,700,701,700.93,22/08/2026
Uttar Pradesh,Ghazipur,Jangipura APMC,Potato,Other,FAQ,600,600,600,22/08/2026
Uttar Pradesh,Farukhabad,Mohamadabad APMC,Potato,Other,FAQ,550,550,550,22/08/2026
Uttar Pradesh,Shamli,Shamli APMC,Potato,Other,FAQ,1000,1200,1110.34,22/08/2026
Uttar Pradesh,Badaun,Bisoli APMC,Potato,Other,FAQ,600,600,600,22/08/2026
Uttar Pradesh,Shahjahanpur,Tilhar APMC,Potato,Other,FAQ,500,500,500,22/08/2026
Uttar Pradesh,Agra,Samsabad APMC,Potato,Other,FAQ,500,500,500,22/08/2026
Uttar Pradesh,Agra,Agra APMC,Potato,Other,FAQ,500,550,501.09,22/08/2026
Uttar Pradesh,Sambhal,Sambhal APMC,Potato,Other,FAQ,600,600,600,22/08/2026
Uttar Pradesh,Agra,Fatehabad APMC,Potato,Other,FAQ,500,500,500,22/08/2026
Uttar Pradesh,Bareilly,Anwala APMC,Potato,Other,FAQ,600,600,600,22/08/2026
Uttar Pradesh,Etah,Etah APMC,Potato,Other,FAQ,600,600,600,22/08/2026
Uttar Pradesh,Badaun,Babrala APMC,Potato,Desi,Medium,580,600,590,22/08/2026
Uttar Pradesh,Farukhabad,Kayamganj APMC,Potato,Other,FAQ,550,550,550,22/08/2026
Uttar Pradesh,Raebarelli,Lalganj APMC,Potato,Other,FAQ,600,610,602.04,22/08/2026
Uttar Pradesh,Shamli,Kairana APMC,Potato,Other,FAQ,800,800,800,22/08/2026
Uttar Pradesh,Kannuj,Kannauj APMC,Potato,Other,FAQ,550,1100,563.61,22/08/2026
Uttar Pradesh,Hathras,Haathras APMC,Potato,Other,FAQ,500,1100,647.63,22/08/2026
Uttar Pradesh,Mathura,Kosikalan APMC,Potato,Desi,FAQ,700,810,770,22/08/2026
Uttar Pradesh,Bijnor,Kiratpur APMC,Potato,Other,FAQ,800,800,800,22/08/2026
Uttar Pradesh,Badaun,Wazirganj APMC,Potato,Other,FAQ,600,600,600,22/08/2026
Uttar Pradesh,Bulandshahar,Divai APMC,Potato,Other,FAQ,500,500,500,22/08/2026
Uttar Pradesh,Mainpuri,Ghiraur APMC,Potato,Other,FAQ,350,500,402.83,22/08/2026
Uttar Pradesh,Sambhal,Muradabad APMC,Potato,Other,FAQ,700,700,700,22/08/2026
Uttar Pradesh,Unnao,Bangarmau APMC,Potato,Other,FAQ,700,700,700,22/08/2026
Uttar Pradesh,Hardoi,Madhoganj APMC,Potato,Other,FAQ,600,600,600,22/08/2026
Uttar Pradesh,Sitapur,Mehmoodabad APMC,Potato,Other,FAQ,580,600,580.24,22/08/2026
Uttar Pradesh,Hathras,Shadabad APMC,Potato,Other,FAQ,500,500,500,22/08/2026
Uttar Pradesh,Barabanki,Safdarganj APMC,Potato,Other,FAQ,580,580,580,22/08/2026
Uttar Pradesh,Raebarelli,Salon APMC,Potato,Other,FAQ,700,700,700,22/08/2026
Uttar Pradesh,Bulandshahar,Sikarpur APMC,Potato,Other,FAQ,550,550,550,22/08/2026
Uttar Pradesh,Firozabad,Sirsaganj APMC,Potato,Other,FAQ,500,500,500,22/08/2026
Uttar Pradesh,Firozabad,Tundla APMC,Potato,Other,FAQ,500,500,500,22/08/2026
Uttar Pradesh,Badaun,Ujhani APMC,Potato,Other,FAQ,550,550,550,22/08/2026
Uttar Pradesh,Sambhal,Bhehjoi APMC,Potato,Desi,Local,600,610,605,22/08/2026
Uttar Pradesh,Sambhal,Bhehjoi APMC,Potato,Other,FAQ,600,600,600,22/08/2026
Uttar Pradesh,Shahjahanpur,Powayan APMC,Potato,Other,FAQ,600,600,600,22/08/2026
Uttar Pradesh,Hardoi,Hardoi APMC,Potato,Other,FAQ,600,600,600,22/08/2026
Uttar Pradesh,Badaun,Islam Nagar APMC,Potato,Other,FAQ,550,550,550,22/08/2026
Uttar Pradesh,Saharanpur,Nanuta APMC,Potato,Other,FAQ,1100,1100,1100,22/08/2026
Uttar Pradesh,Agra,Khairagarh APMC,Potato,Desi,FAQ,500,600,550,22/08/2026
Uttar Pradesh,Auraiya,Auraiya APMC,Potato,Other,FAQ,500,600,555.41,22/08/2026
Rajasthan,Hanumangarh,Sangriya APMC,Potato,Potato,Local,700,1800,1400,22/08/2026
Rajasthan,Baran,Baran APMC,Potato,Other,Local,600,700,650,22/08/2026
Rajasthan,Hanumangarh,Bhadara APMC,Potato,Other,FAQ,800,900,836,22/08/2026
Rajasthan,Bharatpur,Bayana APMC,Potato,Other,Local,1200,1200,1200,22/08/2026
Rajasthan,Jaipur,Bassi APMC,Potato,Other,Local,1700,2000,1850,22/08/2026
Rajasthan,Hanumangarh,Rawatsar APMC,Potato,Red Nanital,FAQ,500,800,600,22/08/2026
Rajasthan,Jalore,Sanchore APMC,Potato,Other,Local,850,1000,900,22/08/2026
Rajasthan,Udaipur,Udaipur (F&V) APMC,Potato,Other,Medium,700,1000,850,22/08/2026
Rajasthan,Ganganagar,Sriganganagar (F&V) APMC,Potato,Potato,Medium,800,1200,1000,22/08/2026
Rajasthan,Churu,Churu APMC,Potato,Red Nanital,FAQ,900,1100,1000,22/08/2026
Rajasthan,Udaipur,Udaipur (F&V) APMC,Sweet Potato,Other,Medium,5500,5500,5500,22/08/2026
Karnataka,Belagavi,Belgaum APMC,Potato,Local,Large,1000,1700,1300,22/08/2026
Karnataka,Belagavi,Belgaum APMC,Sweet Potato,Sweet Potato,Large,1500,2500,2000,22/08/2026
Gujarat,Kheda,Nadiyad(Piplag) APMC,Potato,Potato,FAQ,1200,1500,1300,22/08/2026
Gujarat,Navsari,Navsari APMC,Potato,Potato,Grade A,600,1850,1225,22/08/2026
Gujarat,Kheda,Kapadvanj APMC,Potato,Potato,Medium,800,1300,1050,22/08/2026
Gujarat,Sabarkantha,Himatnagar(Veg.Market Himatnagar) APMC,Potato,Potato,Local,1500,2000,2000,22/08/2026
Gujarat,Surat,Surat APMC,Potato,Other,FAQ,400,1650,1025,22/08/2026
Gujarat,Porbandar,Porbandar APMC,Potato,Red Nanital,Non-FAQ,1000,1500,1250,22/08/2026
Gujarat,Kheda,Nadiyad(Chaklasi) APMC,Potato,Potato,FAQ,1200,1600,1400,22/08/2026
Gujarat,Anand,"Anand(Veg,Yard,Anand) APMC",Potato,Potato,Grade B,1000,1200,1100,22/08/2026
Gujarat,Mehsana,Mehsana(Mehsana Veg) APMC,Potato,Potato,Local,500,1500,1100,22/08/2026
Gujarat,Banaskanth,Deesa(Deesa Veg Yard) APMC,Potato,Other,FAQ,800,1300,1050,22/08/2026
Gujarat,Rajkot,Gondal(Veg.market Gondal) APMC,Potato,Potato,Local,750,1250,1000,22/08/2026
Gujarat,Navsari,Bilimora APMC,Potato,Other,FAQ,1400,1800,1600,22/08/2026
Gujarat,Mehsana,Vijapur(Vegetable) APMC,Potato,Other,Grade A,500,800,650,22/08/2026
Gujarat,Dahod,Dahod(Veg. Market) APMC,Potato,Potato,Local,700,1200,1000,22/08/2026
Gujarat,Surendranagar,Vadhvan APMC,Potato,Potato,Medium,1500,2000,1750,22/08/2026
Gujarat,Vadodara(Baroda),Padra APMC,Potato,Other,FAQ,1500,2000,1750,22/08/2026
Gujarat,Kheda,Nadiad APMC,Potato,Potato,FAQ,1400,1800,1600,22/08/2026
Gujarat,Rajkot,Rajkot(Veg.Sub Yard) APMC,Potato,Potato,FAQ,345,1320,830,22/08/2026
Gujarat,Surat,Surat APMC,Sweet Potato,Other,FAQ,4000,4900,4450,22/08/2026
Haryana,Rewari,Kosli APMC,Potato,Other,FAQ,1000,1000,1000,22/08/2026
Haryana,Sirsa,Rania APMC,Potato,Potato,Non-FAQ,0.11,0.14,0.12,22/08/2026
Haryana,Kurukshetra,Ladwa APMC,Potato,Red Nanital,Non-FAQ,1800,2500,2500,22/08/2026
Haryana,Yamuna Nagar,Jagadhri APMC,Potato,Potato,FAQ,505,780,700,22/08/2026
Haryana,Ambala,Shahzadpur APMC,Potato,Potato,FAQ,600,1000,600,22/08/2026
Haryana,Gurgaon,Farukh Nagar APMC,Potato,Other,Medium,900,1200,1050,22/08/2026
Haryana,Gurgaon,Pataudi APMC,Potato,Potato,Grade B,700,800,750,22/08/2026
Haryana,Kaithal,Siwan APMC,Potato,Other,FAQ,1400,1600,1500,22/08/2026
Haryana,Ambala,Naraingarh APMC,Potato,Potato,FAQ,400,800,600,22/08/2026
Haryana,Jind,Narwana APMC,Potato,Potato,Non-FAQ,600,600,600,22/08/2026
Haryana,Fatehabad,Jakhal APMC,Potato,Other,Non-FAQ,600,600,600,22/08/2026
Haryana,Yamuna Nagar,Radaur APMC,Potato,Other,Medium,1300,1500,1400,22/08/2026
Haryana,Mewat,Nuh APMC,Potato,Other,Local,1000,1000,1000,22/08/2026
Haryana,Jind,Jind APMC,Potato,Other,FAQ,700,1100,1000,22/08/2026
Haryana,Kaithal,Pundri APMC,Potato,Other,FAQ,700,800,750,22/08/2026
Haryana,Sonipat,Kharkhoda APMC,Potato,Other,FAQ,1000,1200,1100,22/08/2026
Haryana,Kurukshetra,Shahabad APMC,Potato,Potato,Medium,400,800,600,22/08/2026
Haryana,Panipat,Madlauda APMC,Potato,Potato,FAQ,1000,1000,1000,22/08/2026
Haryana,Sirsa,Rania(Jiwan nagar) APMC,Potato,Other,Non-FAQ,50,150,80,22/08/2026
Haryana,Kurukshetra,Ladwa APMC,Potato,Potato,Non-FAQ,700,1000,900,22/08/2026
Haryana,Ambala,Ambala City(Subji Mandi) APMC,Potato,Other,Local,1000,1000,1000,22/08/2026
Haryana,Kaithal,Cheeka APMC,Potato,Other,FAQ,1400,1600,1500,22/08/2026
Haryana,Panipat,Panipat APMC,Potato,Potato,Local,800,1200,1000,22/08/2026
Haryana,Ambala,Ambala Cantt. APMC,Potato,Local,Local,500,600,550,22/08/2026
Haryana,Panchkula,Barwala APMC,Potato,Local,FAQ,700,800,750,22/08/2026
Haryana,Panipat,Samalkha APMC,Potato,Other,FAQ,800,1200,1000,22/08/2026
Haryana,Sonipat,Gohana APMC,Potato,Other,Medium,1000,1500,1200,22/08/2026
Haryana,Mahendragarh-Narnaul,Narnaul APMC,Potato,Potato,Medium,800,1000,900,22/08/2026
Haryana,Sonipat,Sonepat APMC,Potato,Desi,FAQ,900,1200,1200,22/08/2026
Haryana,Panchkula,Raipur Rani APMC,Potato,Potato,Local,800,1000,800,22/08/2026
Haryana,Rohtak,Meham,Potato,Potato,Medium,1000,1000,1000,22/08/2026
Haryana,Hissar,Barwala(Hisar) APMC,Potato,Potato,Local,900,1000,1000,22/08/2026
Haryana,Rewari,Rewari APMC,Potato,Other,Medium,600,1500,1000,22/08/2026
Haryana,Mahendragarh-Narnaul,Mohindergarh APMC,Potato,Potato,Medium,700,800,800,22/08/2026
Haryana,Kaithal,Kaithal APMC,Potato,Other,FAQ,823,823,823,22/08/2026
Haryana,Karnal,Tarori APMC,Potato,Desi,Grade A,800,1500,1000,22/08/2026
Haryana,Faridabad,Ballabhgarh APMC,Potato,Potato,FAQ,600,1000,750,22/08/2026
Haryana,Sonipat,Ganaur APMC,Potato,Potato,FAQ,1000,1500,1200,22/08/2026
Haryana,Rohtak,Sampla APMC,Potato,Other,Local,1200,1200,1200,22/08/2026
Haryana,Hissar,Uklana APMC,Potato,Potato,Medium,800,800,800,22/08/2026
Haryana,Fatehabad,Ratia APMC,Potato,Other,Grade A,600,650,615,22/08/2026
Haryana,Palwal,Hodal APMC,Potato,Potato,FAQ,600,800,700,22/08/2026
Haryana,Rohtak,Rohtak APMC,Potato,Other,Medium,500,1000,700,22/08/2026
Haryana,Hissar,Hansi APMC,Potato,Other,FAQ,1000,4000,1000,22/08/2026
Haryana,Karnal,Gharaunda APMC,Potato,Other,Local,1000,1200,1200,22/08/2026
Punjab,Gurdaspur,Quadian APMC,Potato,Other,Grade A,800,1000,900,22/08/2026
Punjab,Ludhiana,Jagraon APMC,Potato,Other,FAQ,230,230,230,22/08/2026
Punjab,Bhatinda,Bathinda APMC,Potato,Other,Grade B,700,800,750,22/08/2026
Punjab,Ludhiana,Doraha APMC,Potato,Desi,Local,700,800,750,22/08/2026
Punjab,Ludhiana,Raikot APMC,Potato,Badshah,Grade A,620,620,620,22/08/2026
Punjab,Gurdaspur,Dinanagar APMC,Potato,Potato,Medium,1000,1200,1100,22/08/2026
Punjab,Jalandhar,Nakodar APMC,Potato,Potato,Local,450,450,450,22/08/2026
Punjab,Patiala,Rajpura APMC,Potato,Local,Grade A,700,900,800,22/08/2026
Punjab,Bhatinda,Maur APMC,Potato,Other,Grade B,650,750,700,22/08/2026
Punjab,Tarntaran,Patti APMC,Potato,Potato,Local,0.3,0.3,0.3,22/08/2026
Punjab,Amritsar,Rayya APMC,Potato,Potato,FAQ,758,758,758,22/08/2026
Punjab,Gurdaspur,Dera Baba Nanak APMC,Potato,Other,Grade A,896,896,896,22/08/2026
Punjab,Muktsar,Malout APMC,Potato,Potato,FAQ,800,800,800,22/08/2026
Punjab,Faridkot,Kotkapura APMC,Potato,Local,FAQ,800,900,850,22/08/2026
Punjab,Ferozpur,Zira APMC,Potato,Other,Local,900,900,900,22/08/2026
Punjab,Bhatinda,Rampuraphul(Nabha Mandi) APMC,Potato,Other,Grade A,600,800,700,22/08/2026
Punjab,Moga,Baghapurana APMC,Potato,Potato,Grade B,500,700,600,22/08/2026
Punjab,Sangrur,Ahmedgarh APMC,Potato,Local,Medium,400,500,500,22/08/2026
Punjab,Ludhiana,Samrala APMC,Potato,Other,Local,400,600,500,22/08/2026
Punjab,Jalandhar,Adampur APMC,Potato,Local,FAQ,500,600,600,22/08/2026
Punjab,Patiala,Samana APMC,Potato,Potato,Local,600,2000,700,22/08/2026
Punjab,Moga,Dharamkot APMC,Potato,Other,FAQ,1000,1000,1000,22/08/2026
Punjab,Patiala,Dudhansadhan APMC,Potato,Other,Grade B,800,800,800,22/08/2026
Punjab,Ludhiana,Ludhiana APMC,Potato,Other,FAQ,100,600,300,22/08/2026
Punjab,Gurdaspur,Dhariwal APMC,Potato,Potato,Grade A,890,890,890,22/08/2026
Punjab,Hoshiarpur,Mukerian(Talwara) APMC,Potato,Potato,FAQ,800,1600,1200,22/08/2026
Punjab,Mohali,Lalru APMC,Potato,Other,Local,980,980,980,22/08/2026
Andhra Pradesh,Chittor,Palamaner APMC,Potato,Potato,FAQ,1600,2000,1800,22/08/2026
West Bengal,North 24 Parganas,Barasat APMC,Potato,Jyoti,FAQ,1000,1000,1000,22/08/2026
West Bengal,Bankura,Bishnupur(Bankura) APMC,Potato,Jyoti,FAQ,590,680,630,22/08/2026
West Bengal,Bankura,Khatra APMC,Potato,Jyoti,FAQ,590,670,620,22/08/2026
West Bengal,Darjeeling,Karsiyang(Matigara) APMC,Potato,Red,FAQ,1400,1600,1500,22/08/2026
West Bengal,Coochbehar,Mathabhanga APMC,Potato,Jyoti,FAQ,590,620,605,22/08/2026
West Bengal,Bankura,Bankura Sadar APMC,Potato,Jyoti,FAQ,650,690,670,22/08/2026
West Bengal,Medinipur(E),Kolaghat APMC,Potato,Jyoti,FAQ,740,780,760,22/08/2026
West Bengal,North 24 Parganas,Habra APMC,Potato,Jyoti,FAQ,1000,1000,1000,22/08/2026
West Bengal,Hooghly,Kalipur APMC,Potato,Jyoti,FAQ,680,700,700,22/08/2026
West Bengal,Coochbehar,Baxirhat APMC,Potato,Jyoti,FAQ,590,620,605,22/08/2026
West Bengal,Paschim Bardhaman,Asansol APMC,Potato,Jyoti,FAQ,780,860,800,22/08/2026
West Bengal,Coochbehar,Mekhliganj APMC,Potato,Jyoti,FAQ,590,620,605,22/08/2026
West Bengal,Hooghly,Pandua APMC,Potato,Jyoti,FAQ,630,700,660,22/08/2026
West Bengal,Bankura,Indus(Bankura Sadar) APMC,Potato,Jyoti,FAQ,640,680,660,22/08/2026
West Bengal,Paschim Bardhaman,Durgapur APMC,Potato,Jyoti,FAQ,780,860,800,22/08/2026
West Bengal,Darjeeling,Siliguri APMC,Potato,Jyoti,FAQ,640,670,660,22/08/2026
West Bengal,Uttar Dinajpur,Islampur APMC,Potato,Other,FAQ,600,630,620,22/08/2026
West Bengal,Purba Bardhaman,Kalna APMC,Potato,Jyoti,FAQ,740,750,740,22/08/2026
West Bengal,Medinipur(E),Tamluk (Medinipur E) APMC,Potato,Jyoti,FAQ,740,780,760,22/08/2026
West Bengal,Coochbehar,Dinhata APMC,Potato,Jyoti,FAQ,590,620,605,22/08/2026
West Bengal,Coochbehar,Haldibari APMC,Potato,Jyoti,FAQ,590,620,605,22/08/2026
West Bengal,Darjeeling,Darjeeling APMC,Potato,Red,FAQ,1400,1600,1500,22/08/2026
West Bengal,Uttar Dinajpur,Raiganj APMC,Potato,Other,FAQ,600,630,620,22/08/2026
West Bengal,Coochbehar,Toofanganj APMC,Potato,Jyoti,FAQ,590,620,605,22/08/2026
West Bengal,Purba Bardhaman,Guskara APMC,Potato,Jyoti,FAQ,740,750,740,22/08/2026
Odisha,Jharsuguda,Jharsuguda APMC,Potato,Other,Grade A,1700,2000,2000,22/08/2026
Odisha,Dhenkanal,Hindol APMC,Potato,Potato,Grade B,1400,1600,1500,22/08/2026
Odisha,Boudh,Boudh APMC,Potato,Other,Local,1200,1800,1500,22/08/2026
Odisha,Angul,Angaura APMC,Potato,Other,Large,1450,1680,1540,22/08/2026
Bihar,Madhubani,Benipatti APMC,Potato,Potato,FAQ,1150,1200,1150,22/08/2026
Bihar,Buxar,Buxur APMC,Potato,Jyoti,Local,1142,1152,1145,22/08/2026
Bihar,Saharsa,Saharsa APMC,Potato,Local,FAQ,1000,1200,1100,22/08/2026
Bihar,Muzaffarpur,Bhagwanpur Mandi APMC,Potato,Red Nanital,FAQ,1100,1100,1100,22/08/2026
Bihar,Muzaffarpur,Bhagwanpur Mandi APMC,Potato,Jyoti,Grade A,1050,1050,1050,22/08/2026
Bihar,Begusarai,Balliah APMC,Potato,Local,Grade A,1000,1200,1100,22/08/2026
Bihar,Muzaffarpur,Bhagwanpur Mandi APMC,Potato,Red Nanital,Grade A,1100,1100,1100,22/08/2026
Bihar,Begusarai,Balliah APMC,Potato,Local,Grade B,1000,1200,1100,22/08/2026
Bihar,Begusarai,Balliah APMC,Potato,Local,Grade C,1000,1200,1100,22/08/2026
Bihar,East Champaran/ Motihari,Raxaul APMC,Potato,Red Nanital,Grade A,1400,1600,1500,22/08/2026
Bihar,Madhubani,Madhubani APMC,Potato,Red,FAQ,1050,1200,1100,22/08/2026
Bihar,Siwan,Maharjganj APMC,Potato,Red Nanital,FAQ,1700,1700,1700,22/08/2026
Bihar,East Champaran/ Motihari,Motihari APMC,Potato,Other,Grade A,1100,1300,1200,22/08/2026
Bihar,Khagaria,Khagaria APMC,Potato,Red,Grade A,1200,1350,1300,22/08/2026
Bihar,East Champaran/ Motihari,Chakia APMC,Potato,Red,Grade A,1100,1300,1200,22/08/2026
Telangana,Siddipet,Siddipet(Rythu Bazar) ,Potato,Red Nanital,Grade A,1500,2400,2000,22/08/2026
Telangana,Ranga Reddy,"Vanasthalipuram,RBZ ",Potato,Potato,Grade A,1600,1600,1600,22/08/2026
Telangana,Hyderabad,Mahboob Manison APMC,Potato,Potato,Medium,1900,1900,1900,22/08/2026
Telangana,Nalgonda,Venkateswarnagar APMC,Potato,Local,Grade A,1600,2000,1800,22/08/2026
Telangana,Sangareddy,Sangareddy APMC,Potato,Other,Grade B,1600,1600,1600,22/08/2026
Telangana,Hyderabad,RYTHU BAZAR FALAKNUMA,Potato,Potato,Grade A,1600,1600,1600,22/08/2026
Telangana,Warangal,Warangal APMC,Potato,Potato,FAQ,1500,2000,1750,22/08/2026
Telangana,Nalgonda,Miryalguda(Rythu Bazar) ,Potato,Potato,Grade A,3000,3000,3000,22/08/2026
Telangana,Ranga Reddy,Shankarapally APMC,Potato,Potato,Local,2000,2000,2000,22/08/2026
Telangana,Hyderabad,RYTHU BAZAR ERRAGADDA,Potato,Potato,Grade A,1600,1600,1600,22/08/2026
Telangana,Ranga Reddy,L B Nagar APMC,Potato,Potato,Medium,1000,1500,1200,22/08/2026
Telangana,Hyderabad,RYTHU BAZAR MEHDIPATNAM,Potato,Potato,Grade A,1600,1600,1600,22/08/2026
Telangana,Mahbubnagar,Mahabubnagar(Rythu Bazar),Potato,Red Nanital,Local,2400,2400,2400,22/08/2026
Telangana,Hyderabad,"Alwal,RBZ",Potato,Other,FAQ,1600,1600,1600,22/08/2026
Telangana,Hyderabad,Bowenpally APMC,Potato,Potato,FAQ,600,1300,1000,22/08/2026
Telangana,Ranga Reddy,"Saroornagar,RBZ",Potato,Other,Medium,1600,1600,1600,22/08/2026
Telangana,Nagarkurnool,Kalwakurthy APMC,Potato,Potato,Local,1800,1800,1800,22/08/2026
Telangana,Hyderabad,Gudimalkapur APMC,Potato,Potato,Grade B,800,1600,1000,22/08/2026
Telangana,Sangareddy,APMC PATANCHERU,Potato,Potato,Local,1000,1300,1200,22/08/2026
Telangana,Hyderabad,Gudimalkapur APMC,Sweet Potato,Sweet Potato,Grade B,2000,2500,2200,22/08/2026
Telangana,Hyderabad,Bowenpally APMC,Sweet Potato,Sweet Potato,FAQ,1000,3000,2500,22/08/2026
Uttarakhand,Udhamsinghnagar,Rudrapur APMC,Potato,Other,Medium,500,1000,800,22/08/2026
Uttarakhand,Dehradoon,Dehradoon APMC,Potato,Local,Grade B,450,800,600,22/08/2026
Uttarakhand,Dehradoon,Rishikesh APMC,Potato,Other,Medium,765,1075,957,22/08/2026
Uttarakhand,Haridwar,Haridwar Union APMC,Potato,Other,Medium,850,1200,1000,22/08/2026
Uttarakhand,Chamoli (Gopeshwar),Chamoli APMC,Potato,Other,FAQ,1600,1600,1600,22/08/2026
Uttarakhand,Udhamsinghnagar,Kicchha APMC,Potato,Desi,Non-FAQ,300,400,350,22/08/2026
Uttarakhand,Haridwar,Roorkee APMC,Potato,Other,Medium,800,1200,1000,22/08/2026
Uttarakhand,Udhamsinghnagar,Sitarganj APMC,Potato,Kufri Giriraj,Grade A,800,1200,1000,22/08/2026
Uttarakhand,Dehradoon,Dehradoon APMC,Potato,Desi,Grade B,450,700,600,22/08/2026
Uttarakhand,Haridwar,Bhagwanpur(Naveen Mandi Sthal) APMC,Potato,Other,Grade A,400,500,450,22/08/2026
Uttarakhand,Udhamsinghnagar,Khateema APMC,Potato,Other,Grade A,500,700,600,22/08/2026
Uttarakhand,Garhwal (Pauri),Kotadwara APMC,Potato,Potato,FAQ,1300,1300,1300,22/08/2026
Himachal Pradesh,Mandi,PMY Kangni Mandi,Potato,Potato,Grade B,1000,2000,1500,22/08/2026
Himachal Pradesh,Shimla,SMY Rohroo,Potato,Other,Grade B,1800,2000,1900,22/08/2026
Himachal Pradesh,Kangra,SMY Nagrota Bagwan,Potato,Potato,FAQ,1000,1800,1400,22/08/2026
Himachal Pradesh,Kangra,PMY Kangra,Potato,Potato,FAQ,1000,2000,1500,22/08/2026
Himachal Pradesh,Kangra,SMY Baijnath,Potato,Desi,Grade A,1900,2000,2000,22/08/2026
Himachal Pradesh,Una,PMY Una,Potato,Potato,FAQ,700,1000,850,22/08/2026
Himachal Pradesh,Kangra,SMY Palampur,Potato,Potato,FAQ,1000,2000,1500,22/08/2026
Himachal Pradesh,Mandi,SMY Jogindernagar,Potato,Desi,Grade B,1300,2000,1650,22/08/2026
Himachal Pradesh,Kullu,PMY Kullu,Potato,Other,FAQ,800,2200,1600,22/08/2026
Himachal Pradesh,Solan,PMY Kather Solan,Potato,Other,Medium,500,2000,1000,22/08/2026
Himachal Pradesh,Mandi,SMY Dhanotu,Potato,Potato,FAQ,1000,2000,1500,22/08/2026
Himachal Pradesh,Kangra,SMY Dharamshala,Potato,Potato,FAQ,1000,2200,1600,22/08/2026
Himachal Pradesh,Hamirpur,SMY Nadaun,Potato,Other,Grade B,1400,1600,1500,22/08/2026
Himachal Pradesh,Chamba,PMY Chamba,Potato,Potato,Medium,1000,1200,1100,22/08/2026
Himachal Pradesh,Kangra,SMY Jaisinghpur,Potato,Potato,FAQ,1200,2200,1600,22/08/2026
Himachal Pradesh,Hamirpur,PMY Hamirpur,Potato,Other,Grade B,1000,2400,1700,22/08/2026
Assam,Tinsukia,Tinsukia Market,Potato,Potato,FAQ,900,1300,1100,22/08/2026
Assam,Kamrup,Uparhali Pmy APMC,Potato,Potato,FAQ,1000,1300,1200,22/08/2026
Tamil Nadu,Namakkal,Namakkal(Uzhavar Sandhai ),Garlic,Garlic,Local,24000,28000,26000,22/08/2026
Tamil Nadu,Chengalpattu,Madhuranthagam(Uzhavar Sandhai ),Garlic,Garlic,Local,16000,16000,16000,22/08/2026
Tamil Nadu,Chengalpattu,Pallavaram(Uzhavar Sandhai ),Garlic,Garlic,Local,25000,28000,26500,22/08/2026
Tamil Nadu,Nagercoil (Kannyiakumari),Myladi(Uzhavar Sandhai ),Garlic,Garlic,Local,14000,15000,14500,22/08/2026
Tamil Nadu,The Nilgiris,Udhagamandalam(Uzhavar Sandhai ),Garlic,Garlic,Local,15000,20000,17500,22/08/2026
Tamil Nadu,Salem,Vazhapadi(Uzhavar Sandhai),Garlic,Garlic,Local,20000,25000,22500,22/08/2026
Tamil Nadu,Vellore,Perampet(Uzhavar Sandhai),Garlic,Garlic,Local,21000,22000,21500,22/08/2026
Tamil Nadu,Coimbatore,Singanallur(Uzhavar Sandhai ),Garlic,Garlic,Local,20000,22000,21000,22/08/2026
Tamil Nadu,Krishnagiri,Denkanikottai(Uzhavar Sandhai ),Garlic,Garlic,Local,22000,24000,23000,22/08/2026
Tamil Nadu,Madurai,Anna nagar(Uzhavar Sandhai ),Garlic,Garlic,Local,16000,16000,16000,22/08/2026
Tamil Nadu,Salem,Thathakapatti(Uzhavar Sandhai ),Garlic,Garlic,Local,25000,28000,26500,22/08/2026
Tamil Nadu,Thiruvannamalai,Chengam(Uzhavar Sandhai ),Garlic,Garlic,Local,20000,25000,22500,22/08/2026
Tamil Nadu,Thiruchirappalli,Manachanallur(Uzhavar Sandhai ),Garlic,Garlic,Local,15000,15000,15000,22/08/2026
Tamil Nadu,Thiruchirappalli,Manapparai(Uzhavar Sandhai ),Garlic,Garlic,Local,24000,24000,24000,22/08/2026
Tamil Nadu,Chengalpattu,Chengalpet(Uzhavar Sandhai ),Garlic,Garlic,Local,18000,24000,21000,22/08/2026
Tamil Nadu,Nagapattinam,Nagapattinam(Uzhavar Sandhai ),Garlic,Garlic,Local,16900,20000,18450,22/08/2026
Tamil Nadu,Virudhunagar,Aruppukottai(Uzhavar Sandhai ),Garlic,Garlic,Local,23000,24000,23500,22/08/2026
Tamil Nadu,Thiruvellore,Tiruthani(Uzhavar Sandhai ),Garlic,Garlic,Local,24000,24000,24000,22/08/2026
Tamil Nadu,Thirupathur,Natrampalli(Uzhavar Sandhai ),Garlic,Garlic,Local,25000,30000,27500,22/08/2026
Tamil Nadu,Salem,Athur(Uzhavar Sandhai ),Garlic,Garlic,Local,22000,26000,24000,22/08/2026
Tamil Nadu,Thiruvannamalai,Polur(Uzhavar Sandhai ),Garlic,Garlic,Local,22000,26000,24000,22/08/2026
Tamil Nadu,Coimbatore,Mettupalayam(Uzhavar Sandhai ),Garlic,Garlic,Local,16000,18000,17000,22/08/2026
Tamil Nadu,Coimbatore,Pollachi(Uzhavar Sandhai ),Garlic,Garlic,Local,18000,22000,20000,22/08/2026
Tamil Nadu,Krishnagiri,Krishnagiri(Uzhavar Sandhai ),Garlic,Garlic,Local,22000,24000,23000,22/08/2026
Tamil Nadu,Tenkasi,Tenkasi(Uzhavar Sandhai ),Garlic,Garlic,Local,16000,16000,16000,22/08/2026
Tamil Nadu,Thanjavur,Pattukottai(Uzhavar Sandhai ),Garlic,Garlic,Local,16000,16000,16000,22/08/2026
Tamil Nadu,Thiruchirappalli,KKNagar(Uzhavar Sandhai ),Garlic,Garlic,Local,26000,26000,26000,22/08/2026
Tamil Nadu,Chengalpattu,Medavakkam(Uzhavar Sandhai ),Garlic,Garlic,Local,20000,25000,22500,22/08/2026
Tamil Nadu,Coimbatore,RSPuram(Uzhavar Sandhai ),Garlic,Garlic,Local,20000,22000,21000,22/08/2026
Tamil Nadu,Madurai,Anaiyur(Uzhavar Sandhai ),Garlic,Garlic,Local,26000,27000,26500,22/08/2026
Tamil Nadu,Vellore,Gudiyatham(Uzhavar Sandhai ),Garlic,Garlic,Local,22000,22000,22000,22/08/2026
Tamil Nadu,Chengalpattu,Guduvancheri(Uzhavar Sandhai ),Garlic,Garlic,Local,22000,25000,23500,22/08/2026
Tamil Nadu,Madurai,Palanganatham(Uzhavar Sandhai ),Garlic,Garlic,Local,20000,27000,23500,22/08/2026
Tamil Nadu,Ranipet,Ranipettai(Uzhavar Sandhai ),Garlic,Garlic,Local,24000,24000,24000,22/08/2026
Tamil Nadu,Salem,Mettur(Uzhavar Sandhai ),Garlic,Garlic,Local,25000,28000,26500,22/08/2026
Tamil Nadu,Thirunelveli,Palayamkottai(Uzhavar Sandhai ),Garlic,Garlic,Local,22000,28000,25000,22/08/2026
Tamil Nadu,Nagercoil (Kannyiakumari),Vadaseri APMC,Garlic,Garlic,Local,20000,22000,21000,22/08/2026
Tamil Nadu,Vellore,Vellore APMC,Garlic,Garlic,Local,22000,22000,22000,22/08/2026
Tamil Nadu,Thirupur,Tiruppur (South) (Uzhavar Sandhai ),Garlic,Garlic,Local,20000,24000,22000,22/08/2026
Tamil Nadu,Dindigul,Dindigul(Uzhavar Sandhai ),Garlic,Garlic,Local,16000,28000,22000,22/08/2026
Tamil Nadu,Krishnagiri,Avallapalli(Uzhavar Sandhai ),Garlic,Garlic,Local,22000,24000,23000,22/08/2026
Tamil Nadu,Dharmapuri,Karimangalam(Uzhavar Sandhai),Garlic,Garlic,Local,20000,21000,20500,22/08/2026
Tamil Nadu,Krishnagiri,Hosur(Uzhavar Sandhai ),Garlic,Garlic,Local,22000,24000,23000,22/08/2026
Tamil Nadu,Theni,Chinnamanur(Uzhavar Sandhai ),Garlic,Garlic,Local,12000,24000,18000,22/08/2026
Tamil Nadu,Theni,Theni(Uzhavar Sandhai ),Garlic,Garlic,Local,10000,20000,15000,22/08/2026
Tamil Nadu,Coimbatore,Sulur(Uzhavar Sandhai ),Garlic,Garlic,Local,18000,22000,20000,22/08/2026
Tamil Nadu,Cuddalore,Vadalur(Uzhavar Sandhai ),Garlic,Garlic,Local,18000,22000,20000,22/08/2026
Tamil Nadu,Dharmapuri,AJattihalli(Uzhavar Sandhai ),Garlic,Garlic,Local,20000,23800,21900,22/08/2026
Tamil Nadu,Chengalpattu,Nanganallur(Uzhavar Sandhai ),Garlic,Garlic,Local,18000,20000,19000,22/08/2026
Tamil Nadu,Madurai,Chokkikulam(Uzhavar Sandhai ),Garlic,Garlic,Local,14000,27000,20500,22/08/2026
Tamil Nadu,Pudukkottai,Pudukottai(Uzhavar Sandhai ),Garlic,Garlic,Local,28000,30000,29000,22/08/2026
Tamil Nadu,Vellore,Katpadi (Uzhavar Sandhai ),Garlic,Garlic,Local,22000,22000,22000,22/08/2026
Tamil Nadu,Coimbatore,Vadavalli(Uzhavar Sandhai ),Garlic,Garlic,Local,20000,22000,21000,22/08/2026
Tamil Nadu,Vellore,Kahithapattarai(Uzhavar Sandhai ),Garlic,Garlic,Local,21000,21000,21000,22/08/2026
Tamil Nadu,Vellore,Thirupathur APMC,Garlic,Garlic,Local,24000,24000,24000,22/08/2026
Tamil Nadu,The Nilgiris,Coonoor(Uzhavar Sandhai ),Garlic,Garlic,Local,18000,20000,19000,22/08/2026
Tamil Nadu,Dharmapuri,Dharmapuri(Uzhavar Sandhai ),Garlic,Garlic,Local,23000,23800,23400,22/08/2026
Tamil Nadu,Dharmapuri,Palacode(Uzhavar Sandhai ),Garlic,Garlic,Local,22500,23000,22750,22/08/2026
Tamil Nadu,Dharmapuri,Pennagaram(Uzhavar Sandhai ),Garlic,Garlic,Local,21000,22000,21500,22/08/2026
Tamil Nadu,Perambalur,Perambalur(Uzhavar Sandhai ),Garlic,Garlic,Local,18000,20000,19000,22/08/2026
Tamil Nadu,Salem,Thammampatti (Uzhavar Sandhai ),Garlic,Garlic,Local,20000,24000,22000,22/08/2026
Tamil Nadu,Thirunelveli,Melapalayam(Uzhavar Sandhai ),Garlic,Garlic,Local,26000,28000,27000,22/08/2026
Tamil Nadu,Salem,Elampillai(Uzhavar Sandhai ),Garlic,Garlic,Local,23000,24000,23500,22/08/2026
Tamil Nadu,Salem,Hasthampatti(Uzhavar Sandhai ),Garlic,Garlic,Local,17000,18000,17500,22/08/2026
Tamil Nadu,Thanjavur,Thanjavur(Uzhavar Sandhai ),Garlic,Garlic,Local,21000,21000,21000,22/08/2026
Tamil Nadu,Thiruchirappalli,Thiruverumbur(Uzhavar Sandhai ),Garlic,Garlic,Local,16000,16000,16000,22/08/2026
Tamil Nadu,Chengalpattu,Jameenrayapettai(Uzhavar Sandhai ),Garlic,Garlic,Local,23000,25000,24000,22/08/2026
Tamil Nadu,Thanjavur,Kumbakonam (Uzhavar Sandhai ),Garlic,Garlic,Local,20000,20000,20000,22/08/2026
Tamil Nadu,Theni,Andipatti(Uzhavar Sandhai ),Garlic,Garlic,Local,23000,24000,23500,22/08/2026
Tamil Nadu,Kallakuruchi,Kallakurichi(Uzhavar Sandhai ),Garlic,Garlic,Local,26000,26000,26000,22/08/2026
Tamil Nadu,Vellore,Pallikonda(Uzhavar Sandhai),Garlic,Garlic,Local,19000,20000,19500,22/08/2026
Tamil Nadu,Thiruvannamalai,Arani(Uzhavar Sandhai ),Garlic,Garlic,Local,22000,26000,24000,22/08/2026
Tamil Nadu,Thiruvannamalai,Tiruvannamalai(Uzhavar Sandhai ),Garlic,Garlic,Local,25000,28000,26500,22/08/2026
Tamil Nadu,Thiruvarur,Mannargudi I(Uzhavar Sandhai ),Garlic,Garlic,Local,20000,24000,22000,22/08/2026
Tamil Nadu,Thiruvarur,Mannargudi II(Uzhavar Sandhai ),Garlic,Garlic,Local,20000,20000,20000,22/08/2026
Tamil Nadu,Coimbatore,Sundarapuram(Uzhavar Sandhai ),Garlic,Garlic,Local,21000,22000,21500,22/08/2026
Tamil Nadu,Dharmapuri,Harur(Uzhavar Sandhai ),Garlic,Garlic,Local,18000,20000,19000,22/08/2026
Tamil Nadu,The Nilgiris,Gudalur(Uzhavar Sandhai ),Garlic,Garlic,Local,18000,20000,19000,22/08/2026
Madhya Pradesh,Ratlam,Jaora APMC,Garlic,Garlic,FAQ,6500,6500,6500,22/08/2026
Madhya Pradesh,Indore,Indore APMC,Garlic,Garlic,FAQ,1000,18600,4000,22/08/2026
Madhya Pradesh,Rajgarh,Biaora APMC,Garlic,Garlic,FAQ,3000,21100,9000,22/08/2026
Madhya Pradesh,Dhar,Badnawar APMC,Garlic,Garlic,FAQ,3000,18000,3500,22/08/2026
Madhya Pradesh,Dhar,Badnawar APMC,Garlic,Garlic,Non-FAQ,2400,9000,6000,22/08/2026
Madhya Pradesh,Shajapur,Shajapur APMC,Garlic,Garlic,FAQ,1187.94,8723,8723,22/08/2026
Madhya Pradesh,Indore,Indore APMC,Garlic,Garlic,Non-FAQ,2041,15900,14000,22/08/2026
Madhya Pradesh,Mandsaur,Piplya APMC,Garlic,Garlic,FAQ,8000,8000,8000,22/08/2026
Maharashtra,Ahilyanagar,Rahata APMC,Garlic,Other,Local,10000,12000,11000,22/08/2026
Maharashtra,Solapur,Akluj APMC,Garlic,Other,Local,9000,13000,11000,22/08/2026
Maharashtra,Pune,Khed(Chakan) APMC,Garlic,Other,Local,8000,16000,12000,22/08/2026
Maharashtra,Pune,Pune(Moshi) APMC,Garlic,Other,Local,9000,9000,9000,22/08/2026
Maharashtra,Akola,Akola APMC,Garlic,Other,Local,10000,21000,16000,22/08/2026
Maharashtra,Chandrapur,Chandrapur(Ganjwad) APMC,Garlic,Other,Local,13000,21100,18000,22/08/2026
Maharashtra,Amarawati,Amrawati(Frui & Veg. Market) APMC,Garlic,Other,Local,8000,25000,16500,22/08/2026
Maharashtra,Chattrapati Sambhajinagar,Chattrapati Sambhajinagar APMC,Garlic,Other,Local,11000,24000,17500,22/08/2026
Maharashtra,Nashik,Nasik APMC,Garlic,Other,Local,5000,24500,16200,22/08/2026
Maharashtra,Nagpur,Nagpur APMC,Garlic,Other,Local,6000,20000,16500,22/08/2026
Uttar Pradesh,Meerut,Mawana APMC,Garlic,Other,FAQ,10000,12000,11250,22/08/2026
Uttar Pradesh,Kushinagar,Kushinagar APMC,Garlic,Other,FAQ,4000,4000,4000,22/08/2026
Uttar Pradesh,Agra,Samsabad APMC,Garlic,Garlic,Local,5800,6000,5900,22/08/2026
Uttar Pradesh,Mainpuri,Ghiraur APMC,Garlic,Other,FAQ,8000,8100,8003.8,22/08/2026
Uttar Pradesh,Ghaziabad,Noida APMC,Garlic,Other,FAQ,9999.99,9999.99,9999.99,22/08/2026
Uttar Pradesh,Kanpur,Kanpur(Grain) APMC,Garlic,Other,FAQ,7000,7000,7000,22/08/2026
Uttar Pradesh,Hathras,Shadabad APMC,Garlic,Other,FAQ,10000,10000,10000,22/08/2026
Uttar Pradesh,Agra,Agra APMC,Garlic,Other,FAQ,8500,8500,8500,22/08/2026
Uttar Pradesh,Etah,Etah APMC,Garlic,Other,FAQ,8000,8000,8000,22/08/2026
Uttar Pradesh,Sambhal,Muradabad APMC,Garlic,Other,FAQ,6000,6000,6000,22/08/2026
Uttar Pradesh,Auraiya,Achalda APMC,Garlic,Other,FAQ,5000,5500,5138.1,22/08/2026
Uttar Pradesh,Kasganj,Kasganj APMC,Garlic,Other,FAQ,8000,8031,8009.2,22/08/2026
Uttar Pradesh,Etawah,Etawah APMC,Garlic,Other,FAQ,6500,6600,6516.1,22/08/2026
Uttar Pradesh,Ghaziabad,Ghaziabad APMC,Garlic,Other,FAQ,26460,26460,26460,22/08/2026
Uttar Pradesh,Mainpuri,Mainpuri APMC,Garlic,Other,FAQ,8000,8000,8000,22/08/2026
Uttar Pradesh,Varanasi,Varanasi APMC,Garlic,Other,FAQ,7000,7000,7000,22/08/2026
Uttar Pradesh,Baghpat,Khekda APMC,Garlic,Other,FAQ,16000,16000,16000,22/08/2026
Uttar Pradesh,Jaunpur,Jaunpur APMC,Garlic,Other,FAQ,9600,9600,9600,22/08/2026
Uttar Pradesh,Sant Kabir Nagar,Khalilabad APMC,Garlic,Other,FAQ,3000,3000,3000,22/08/2026
Rajasthan,Ganganagar,Sriganganagar (F&V) APMC,Garlic,Garlic,Grade Range-2,12800,13200,13000,22/08/2026
Rajasthan,Bharatpur,Bayana APMC,Garlic,Garlic,Local,10000,10000,10000,22/08/2026
Rajasthan,Hanumangarh,Bhadara APMC,Garlic,Average,FAQ,12000,12000,12000,22/08/2026
Rajasthan,Baran,Baran APMC,Garlic,Other,Local,6500,27000,12000,22/08/2026
Gujarat,Rajkot,Rajkot APMC,Garlic,Garlic,FAQ,5400,12250,8125,22/08/2026
Gujarat,Porbandar,Porbandar APMC,Garlic,Average,FAQ,12000,18000,15000,22/08/2026
Gujarat,Banaskanth,Deesa(Deesa Veg Yard) APMC,Garlic,Other,FAQ,7000,18000,12500,22/08/2026
Gujarat,Jamnagar,Jamnagar APMC,Garlic,Other,Local,4000,12500,9450,22/08/2026
Gujarat,Dahod,Dahod(Veg. Market) APMC,Garlic,Garlic,Local,12000,20000,17000,22/08/2026
Gujarat,Surendranagar,Vadhvan APMC,Garlic,Garlic,FAQ,17000,20000,18500,22/08/2026
Gujarat,Rajkot,Jetpur(Dist.Rajkot) APMC,Garlic,Garlic,FAQ,5005,9730,8905,22/08/2026
Haryana,Kurukshetra,Shahabad APMC,Garlic,Garlic,Local,5000,13100,10700,22/08/2026
Haryana,Yamuna Nagar,Jagadhri APMC,Garlic,Average,FAQ,6000,8500,8500,22/08/2026
Haryana,Hissar,Barwala(Hisar) APMC,Garlic,Garlic,Local,15000,15000,15000,22/08/2026
Haryana,Hissar,Hansi APMC,Garlic,Other,FAQ,10000,20000,15000,22/08/2026
Haryana,Sonipat,Ganaur APMC,Garlic,Average,Local,12000,15000,14000,22/08/2026
Punjab,Patiala,Samana APMC,Garlic,Garlic,Grade Range-2,5000,8000,5500,22/08/2026
Punjab,Tarntaran,Patti APMC,Garlic,Other,Local,40.8,40.8,40.8,22/08/2026
Punjab,Ludhiana,Ludhiana APMC,Garlic,Other,FAQ,5000,8000,7000,22/08/2026
Punjab,Bhatinda,Bathinda APMC,Garlic,Other,Grade Range-1,9000,14000,12000,22/08/2026
Punjab,Jalandhar,Adampur APMC,Garlic,Garlic,FAQ,10000,13000,13000,22/08/2026
Telangana,Hyderabad,Mahboob Manison APMC,Garlic,Garlic,Grade Range-2,6000,18000,11000,22/08/2026
Uttarakhand,Udhamsinghnagar,Rudrapur APMC,Garlic,Average,Local,6000,8000,7000,22/08/2026
Uttarakhand,Udhamsinghnagar,Kashipur APMC,Garlic,Other,Local,4800,4800,4800,22/08/2026
Himachal Pradesh,Solan,PMY Kather Solan,Garlic,Other,Local,7000,20500,14000,22/08/2026
Himachal Pradesh,Una,PMY Una,Garlic,Garlic,FAQ,12000,17000,15000,22/08/2026
Himachal Pradesh,Kangra,SMY Dharamshala,Garlic,Garlic,FAQ,17000,18000,17500,22/08/2026
Himachal Pradesh,Kullu,PMY Kullu,Garlic,Other,FAQ,12000,16000,14000,22/08/2026
Himachal Pradesh,Kangra,SMY Jaisinghpur,Garlic,Average,FAQ,16000,19000,17500,22/08/2026
Himachal Pradesh,Mandi,SMY Dhanotu,Garlic,Garlic,FAQ,8000,12000,10000,22/08/2026
Himachal Pradesh,Kangra,SMY Palampur,Garlic,Average,FAQ,15000,18000,16500,22/08/2026
Himachal Pradesh,Kangra,PMY Kangra,Garlic,Average,FAQ,18000,20000,19000,22/08/2026
Himachal Pradesh,Mandi,PMY Kangni Mandi,Snow Mountain Garlic,Snow Mountain Garlic,Grade B,6000,10000,8000,22/08/2026
Assam,Kamrup,Uparhali Pmy APMC,Garlic,Garlic,FAQ,11000,13000,13000,22/08/2026
Assam,Tinsukia,Tinsukia Market,Garlic,Garlic,FAQ,9000,16000,12000,22/08/2026
Tamil Nadu,Thirupur,Tiruppur (South) (Uzhavar Sandhai ),Ginger(Green),Green Ginger,Local,13000,16000,14500,22/08/2026
Tamil Nadu,Ranipet,Arcot(Uzhavar Sandhai ),Ginger(Green),Green Ginger,Local,18000,18000,18000,22/08/2026
Tamil Nadu,Salem,Sooramangalam(Uzhavar Sandhai ),Ginger(Green),Green Ginger,Local,16000,17000,16500,22/08/2026
Tamil Nadu,Salem,Thathakapatti(Uzhavar Sandhai ),Ginger(Green),Green Ginger,Local,15000,16000,15500,22/08/2026
Tamil Nadu,Theni,Chinnamanur(Uzhavar Sandhai ),Ginger(Green),Green Ginger,Local,16000,16000,16000,22/08/2026
Tamil Nadu,Theni,Kambam(Uzhavar Sandhai ),Ginger(Green),Green Ginger,Local,9000,16000,12500,22/08/2026
Tamil Nadu,Cuddalore,Vadalur(Uzhavar Sandhai ),Ginger(Green),Green Ginger,Local,18000,18000,18000,22/08/2026
Tamil Nadu,Salem,Hasthampatti(Uzhavar Sandhai ),Ginger(Green),Green Ginger,Local,17000,18000,17500,22/08/2026
Tamil Nadu,Sivaganga,Tirupatthur(Uzhavar Sandhai ),Ginger(Green),Green Ginger,Local,12400,20500,16450,22/08/2026
Tamil Nadu,Thiruchirappalli,KKNagar(Uzhavar Sandhai ),Ginger(Green),Green Ginger,Local,18600,18600,18600,22/08/2026
Tamil Nadu,Thiruchirappalli,Thiruverumbur(Uzhavar Sandhai ),Ginger(Green),Green Ginger,Local,19000,19000,19000,22/08/2026
Tamil Nadu,Virudhunagar,Sivakasi(Uzhavar Sandhai ),Ginger(Green),Green Ginger,Local,14000,16000,15000,22/08/2026
Tamil Nadu,Chengalpattu,Medavakkam(Uzhavar Sandhai ),Ginger(Green),Green Ginger,Local,15000,20000,17500,22/08/2026
Tamil Nadu,Chengalpattu,Pallavaram(Uzhavar Sandhai ),Ginger(Green),Green Ginger,Local,16000,18000,17000,22/08/2026
Tamil Nadu,Nagapattinam,Nagapattinam(Uzhavar Sandhai ),Ginger(Green),Green Ginger,Local,10900,12000,11450,22/08/2026
Tamil Nadu,Karur,Gandhigramam(Uzhavar Sandhai),Ginger(Green),Green Ginger,Local,18000,20000,19000,22/08/2026
Tamil Nadu,Erode,Gobichettipalayam(Uzhavar Sandhai ),Ginger(Green),Green Ginger,Local,17000,17500,17250,22/08/2026
Tamil Nadu,Thiruvannamalai,Polur(Uzhavar Sandhai ),Ginger(Green),Green Ginger,Local,20000,24000,22000,22/08/2026
Tamil Nadu,Villupuram,Villupuram(Uzhavar Sandhai ),Ginger(Green),Green Ginger,Local,26000,26000,26000,22/08/2026
Tamil Nadu,Ariyalur,Ariyalur(Uzhavar Sandhai),Ginger(Green),Green Ginger,Local,16000,18000,17000,22/08/2026
Tamil Nadu,Erode,Sathiyamagalam(Uzhavar Sandhai ),Ginger(Green),Green Ginger,Local,15000,16000,15500,22/08/2026
Tamil Nadu,Coimbatore,Mettupalayam(Uzhavar Sandhai ),Ginger(Green),Green Ginger,Local,9000,17000,13000,22/08/2026
Tamil Nadu,Coimbatore,Pollachi(Uzhavar Sandhai ),Ginger(Green),Green Ginger,Local,20000,22000,21000,22/08/2026
Tamil Nadu,Nagercoil (Kannyiakumari),Vadaseri APMC,Ginger(Green),Green Ginger,Local,18000,20000,19000,22/08/2026
Tamil Nadu,Dindigul,Dindigul(Uzhavar Sandhai ),Ginger(Green),Green Ginger,Local,16000,18000,17000,22/08/2026
Tamil Nadu,Kancheepuram,Padappai(Uzhavar Sandhai ),Ginger(Green),Green Ginger,Local,12000,17000,14500,22/08/2026
Tamil Nadu,Namakkal,Mohanur(Uzhavar Sandhai ),Ginger(Green),Green Ginger,Local,20000,22000,21000,22/08/2026
Tamil Nadu,Namakkal,Paramathivelur(Uzhavar Sandhai ),Ginger(Green),Green Ginger,Local,18000,20000,19000,22/08/2026
Tamil Nadu,Ranipet,Ranipettai(Uzhavar Sandhai ),Ginger(Green),Green Ginger,Local,9000,18000,13500,22/08/2026
Tamil Nadu,Thirunelveli,Palayamkottai(Uzhavar Sandhai ),Ginger(Green),Green Ginger,Local,16500,17500,17000,22/08/2026
Tamil Nadu,Sivaganga,Devakottai (Uzhavar Sandhai ),Ginger(Green),Green Ginger,Local,12000,20200,16100,22/08/2026
Tamil Nadu,Salem,Elampillai(Uzhavar Sandhai ),Ginger(Green),Green Ginger,Local,17000,18000,17500,22/08/2026
Tamil Nadu,Thiruchirappalli,Lalgudi(Uzhavar Sandhai ),Ginger(Green),Green Ginger,Local,19000,19000,19000,22/08/2026
Tamil Nadu,Chengalpattu,Chengalpet(Uzhavar Sandhai ),Ginger(Green),Green Ginger,Local,20000,22000,21000,22/08/2026
Tamil Nadu,Chengalpattu,Madhuranthagam(Uzhavar Sandhai ),Ginger(Green),Green Ginger,Local,12000,12000,12000,22/08/2026
Tamil Nadu,Chengalpattu,Nanganallur(Uzhavar Sandhai ),Ginger(Green),Green Ginger,Local,15000,16000,15500,22/08/2026
Tamil Nadu,Chengalpattu,Jameenrayapettai(Uzhavar Sandhai ),Ginger(Green),Green Ginger,Local,17000,18000,17500,22/08/2026
Tamil Nadu,Krishnagiri,Krishnagiri(Uzhavar Sandhai ),Ginger(Green),Green Ginger,Local,17000,18000,17500,22/08/2026
Tamil Nadu,Theni,Andipatti(Uzhavar Sandhai ),Ginger(Green),Green Ginger,Local,9000,15500,12250,22/08/2026
Tamil Nadu,Thiruvellore,Tiruthani(Uzhavar Sandhai ),Ginger(Green),Green Ginger,Local,10000,10000,10000,22/08/2026
Tamil Nadu,Vellore,Perampet(Uzhavar Sandhai),Ginger(Green),Green Ginger,Local,17000,18000,17500,22/08/2026
Tamil Nadu,Coimbatore,Vadavalli(Uzhavar Sandhai ),Ginger(Green),Green Ginger,Local,7000,16000,11500,22/08/2026
Tamil Nadu,Erode,Sampath Nagar(Uzhavar Sandhai ),Ginger(Green),Green Ginger,Local,15000,16000,15500,22/08/2026
Tamil Nadu,Ramanathapuram,Paramakudi(Uzhavar Sandhai ),Ginger(Green),Green Ginger,Local,17000,18000,17500,22/08/2026
Tamil Nadu,Ramanathapuram,Ramanathapuram(Uzhavar Sandhai ),Ginger(Green),Green Ginger,Local,20000,21000,20500,22/08/2026
Tamil Nadu,Thiruvannamalai,Arani(Uzhavar Sandhai ),Ginger(Green),Green Ginger,Local,20000,24000,22000,22/08/2026
Tamil Nadu,Vellore,Gudiyatham(Uzhavar Sandhai ),Ginger(Green),Green Ginger,Local,20000,20000,20000,22/08/2026
Tamil Nadu,Namakkal,Tiruchengode APMC,Ginger(Green),Green Ginger,Local,17000,19000,18000,22/08/2026
Tamil Nadu,Vellore,Vellore APMC,Ginger(Green),Green Ginger,Local,16500,16500,16500,22/08/2026
Tamil Nadu,Dharmapuri,Palacode(Uzhavar Sandhai ),Ginger(Green),Green Ginger,Local,22500,23000,22750,22/08/2026
Tamil Nadu,Krishnagiri,Avallapalli(Uzhavar Sandhai ),Ginger(Green),Green Ginger,Local,16000,18000,17000,22/08/2026
Tamil Nadu,Krishnagiri,Denkanikottai(Uzhavar Sandhai ),Ginger(Green),Green Ginger,Local,16000,18000,17000,22/08/2026
Tamil Nadu,Krishnagiri,Hosur(Uzhavar Sandhai ),Ginger(Green),Green Ginger,Local,15000,18000,16500,22/08/2026
Tamil Nadu,Nagapattinam,Sirkali(Uzhavar Sandhai ),Ginger(Green),Green Ginger,Local,18000,20000,19000,22/08/2026
Tamil Nadu,Namakkal,Namakkal(Uzhavar Sandhai ),Ginger(Green),Green Ginger,Local,17000,18000,17500,22/08/2026
Tamil Nadu,Madurai,Anna nagar(Uzhavar Sandhai ),Ginger(Green),Green Ginger,Local,18000,18000,18000,22/08/2026
Tamil Nadu,Perambalur,Perambalur(Uzhavar Sandhai ),Ginger(Green),Green Ginger,Local,14500,17500,16000,22/08/2026
Tamil Nadu,Salem,Edapadi (Uzhavar Sandhai ),Ginger(Green),Green Ginger,Local,17500,18000,17750,22/08/2026
Tamil Nadu,Salem,Jalagandapuram(Uzhavar Sandhai ),Ginger(Green),Green Ginger,Local,16000,17000,16500,22/08/2026
Tamil Nadu,Thanjavur,Pattukottai(Uzhavar Sandhai ),Ginger(Green),Green Ginger,Local,12000,18000,15000,22/08/2026
Tamil Nadu,Villupuram,Tindivanam APMC,Ginger(Green),Green Ginger,Local,10000,10000,10000,22/08/2026
Tamil Nadu,Cuddalore,Viruthachalam(Uzhavar Sandhai ),Ginger(Green),Green Ginger,Local,10000,20000,15000,22/08/2026
Tamil Nadu,Virudhunagar,Kariyapatti(Uzhavar Sandhai ),Ginger(Green),Green Ginger,Local,19000,20000,19500,22/08/2026
Tamil Nadu,Nagapattinam,Vedaranyam(Uzhavar Sandhai),Ginger(Green),Green Ginger,Local,15000,16000,15500,22/08/2026
Tamil Nadu,Chengalpattu,Guduvancheri(Uzhavar Sandhai ),Ginger(Green),Green Ginger,Local,16000,18000,17000,22/08/2026
Tamil Nadu,Kallakuruchi,Kallakurichi(Uzhavar Sandhai ),Ginger(Green),Green Ginger,Local,22000,22000,22000,22/08/2026
Tamil Nadu,Salem,Athur(Uzhavar Sandhai ),Ginger(Green),Green Ginger,Local,17000,18000,17500,22/08/2026
Tamil Nadu,Thiruvannamalai,Tiruvannamalai(Uzhavar Sandhai ),Ginger(Green),Green Ginger,Local,20000,22000,21000,22/08/2026
Tamil Nadu,Thiruvarur,Mannargudi I(Uzhavar Sandhai ),Ginger(Green),Green Ginger,Local,10000,19000,14500,22/08/2026
Tamil Nadu,Coimbatore,Singanallur(Uzhavar Sandhai ),Ginger(Green),Green Ginger,Local,16000,17000,16500,22/08/2026
Tamil Nadu,Dharmapuri,Dharmapuri(Uzhavar Sandhai ),Ginger(Green),Green Ginger,Local,22200,23000,22600,22/08/2026
Tamil Nadu,Dharmapuri,Pennagaram(Uzhavar Sandhai ),Ginger(Green),Green Ginger,Local,21000,22000,21500,22/08/2026
Tamil Nadu,Salem,Mettur(Uzhavar Sandhai ),Ginger(Green),Green Ginger,Local,15000,17000,16000,22/08/2026
Tamil Nadu,Theni,Theni(Uzhavar Sandhai ),Ginger(Green),Green Ginger,Local,9000,15500,12250,22/08/2026
Tamil Nadu,Thirupur,Tiruppur (North) (Uzhavar Sandhai ),Ginger(Green),Green Ginger,Local,17000,18000,17500,22/08/2026
Tamil Nadu,Thiruvannamalai,Chengam(Uzhavar Sandhai ),Ginger(Green),Green Ginger,Local,16000,20000,18000,22/08/2026
Tamil Nadu,Karur,Velayuthampalayam(Uzhavar Sandhai ),Ginger(Green),Green Ginger,Local,18000,20000,19000,22/08/2026
Tamil Nadu,Sivaganga,Sivagangai (Uzhavar Sandhai ),Ginger(Green),Green Ginger,Local,13000,20000,16500,22/08/2026
Tamil Nadu,Thiruchirappalli,Manachanallur(Uzhavar Sandhai ),Ginger(Green),Green Ginger,Local,18000,18000,18000,22/08/2026
Tamil Nadu,Virudhunagar,Rajapalayam(Uzhavar Sandhai ),Ginger(Green),Green Ginger,Local,18000,20000,19000,22/08/2026
Tamil Nadu,Virudhunagar,Thalavaipuram(Uzhavar Sandhai ),Ginger(Green),Green Ginger,Local,16000,20000,18000,22/08/2026
Tamil Nadu,Erode,Thalavadi(Uzhavar Sandhai ),Ginger(Green),Green Ginger,Local,13000,14000,13500,22/08/2026
Tamil Nadu,Villupuram,Gingee(Uzhavar Sandhai ),Ginger(Green),Green Ginger,Local,13000,13000,13000,22/08/2026
Tamil Nadu,Salem,Vazhapadi(Uzhavar Sandhai),Ginger(Green),Green Ginger,Local,15000,20000,17500,22/08/2026
Tamil Nadu,Karur,Kulithalai(Uzhavar Sandhai ),Ginger(Green),Green Ginger,Local,19500,20000,19750,22/08/2026
Tamil Nadu,Virudhunagar,Srivilliputhur(Uzhavar Sandhai ),Ginger(Green),Green Ginger,Local,17000,20000,18500,22/08/2026
Tamil Nadu,Vellore,Pallikonda(Uzhavar Sandhai),Ginger(Green),Green Ginger,Local,14000,15000,14500,22/08/2026
Tamil Nadu,Thiruvarur,Mannargudi II(Uzhavar Sandhai ),Ginger(Green),Green Ginger,Local,10000,19000,14500,22/08/2026
Tamil Nadu,Tuticorin,Kovilpatti(Uzhavar Sandhai ),Ginger(Green),Green Ginger,Local,19000,19500,19250,22/08/2026
Tamil Nadu,Coimbatore,Sundarapuram(Uzhavar Sandhai ),Ginger(Green),Green Ginger,Local,17000,18000,17500,22/08/2026
Tamil Nadu,Coimbatore,RSPuram(Uzhavar Sandhai ),Ginger(Green),Green Ginger,Local,15500,16500,16000,22/08/2026
Tamil Nadu,Karur,Karur(Uzhavar Sandhai ),Ginger(Green),Green Ginger,Local,19500,20000,19750,22/08/2026
Tamil Nadu,Cuddalore,Cuddalore(Uzhavar Sandhai ),Ginger(Green),Green Ginger,Local,18000,20000,19000,22/08/2026
Tamil Nadu,Vellore,Thirupathur APMC,Ginger(Green),Green Ginger,Local,20000,20000,20000,22/08/2026
Tamil Nadu,Dharmapuri,Harur(Uzhavar Sandhai ),Ginger(Green),Green Ginger,Local,14000,17000,15500,22/08/2026
Tamil Nadu,The Nilgiris,Gudalur(Uzhavar Sandhai ),Ginger(Green),Green Ginger,Local,12000,16000,14000,22/08/2026
Tamil Nadu,Dindigul,Chinnalapatti(Uzhavar Sandhai ),Ginger(Green),Green Ginger,Local,16000,18000,17000,22/08/2026
Tamil Nadu,Kallakuruchi,Sankarapuram(Uzhavar Sandhai ),Ginger(Green),Green Ginger,Local,22000,22000,22000,22/08/2026
Tamil Nadu,Kancheepuram,Kancheepuram(Uzhavar Sandhai ),Ginger(Green),Green Ginger,Local,13000,17500,15250,22/08/2026
Tamil Nadu,Dharmapuri,Karimangalam(Uzhavar Sandhai),Ginger(Green),Green Ginger,Local,20000,21000,20500,22/08/2026
Tamil Nadu,Madurai,Anaiyur(Uzhavar Sandhai ),Ginger(Green),Green Ginger,Local,19000,20000,19500,22/08/2026
Tamil Nadu,Namakkal,Kumarapalayam(Uzhavar Sandhai ),Ginger(Green),Green Ginger,Local,18000,19000,18500,22/08/2026
Tamil Nadu,Namakkal,Rasipuram(Uzhavar Sandhai ),Ginger(Green),Green Ginger,Local,18000,19000,18500,22/08/2026
Tamil Nadu,Madurai,Palanganatham(Uzhavar Sandhai ),Ginger(Green),Green Ginger,Local,12000,20000,16000,22/08/2026
Tamil Nadu,Salem,Ammapet(Uzhavar Sandhai ),Ginger(Green),Green Ginger,Local,16000,17000,16500,22/08/2026
Tamil Nadu,Thiruchirappalli,Thuraiyur APMC,Ginger(Green),Green Ginger,Local,17000,18000,17500,22/08/2026
Tamil Nadu,Salem,Thammampatti (Uzhavar Sandhai ),Ginger(Green),Green Ginger,Local,7000,18000,12500,22/08/2026
Tamil Nadu,Thirunelveli,Melapalayam(Uzhavar Sandhai ),Ginger(Green),Green Ginger,Local,7000,17500,12250,22/08/2026
Tamil Nadu,Thirunelveli,NGO Colony(Uzhavar Sandhai ),Ginger(Green),Green Ginger,Local,17000,17500,17250,22/08/2026
Tamil Nadu,Coimbatore,Sulur(Uzhavar Sandhai ),Ginger(Green),Green Ginger,Local,14000,17000,15500,22/08/2026
Tamil Nadu,Dharmapuri,AJattihalli(Uzhavar Sandhai ),Ginger(Green),Green Ginger,Local,20000,23000,21500,22/08/2026
Tamil Nadu,Sivaganga,Singampunari(Uzhavar Sandhai ),Ginger(Green),Green Ginger,Local,12000,20000,16000,22/08/2026
Tamil Nadu,Sivaganga,Karaikudi(Uzhavar Sandhai ),Ginger(Green),Green Ginger,Local,19500,20500,20000,22/08/2026
Tamil Nadu,Thanjavur,Thanjavur(Uzhavar Sandhai ),Ginger(Green),Green Ginger,Local,20000,20000,20000,22/08/2026
Tamil Nadu,Thiruchirappalli,Manapparai(Uzhavar Sandhai ),Ginger(Green),Green Ginger,Local,22000,22000,22000,22/08/2026
Tamil Nadu,Thiruchirappalli,Musiri(Uzhavar Sandhai ),Ginger(Green),Green Ginger,Local,15000,16500,15750,22/08/2026
Tamil Nadu,Nagercoil (Kannyiakumari),Myladi(Uzhavar Sandhai ),Ginger(Green),Green Ginger,Local,19000,20000,19500,22/08/2026
Tamil Nadu,Villupuram,Ulundurpettai APMC,Ginger(Green),Green Ginger,Local,11000,11000,11000,22/08/2026
Tamil Nadu,Madurai,Chokkikulam(Uzhavar Sandhai ),Ginger(Green),Green Ginger,Local,12000,20000,16000,22/08/2026
Tamil Nadu,Tenkasi,Tenkasi(Uzhavar Sandhai ),Ginger(Green),Green Ginger,Local,18000,18000,18000,22/08/2026
Tamil Nadu,Pudukkottai,Pudukottai(Uzhavar Sandhai ),Ginger(Green),Green Ginger,Local,27000,28000,27500,22/08/2026
Tamil Nadu,Thanjavur,Kumbakonam (Uzhavar Sandhai ),Ginger(Green),Green Ginger,Local,12000,24000,18000,22/08/2026
Tamil Nadu,The Nilgiris,Udhagamandalam(Uzhavar Sandhai ),Ginger(Green),Green Ginger,Local,15000,16000,15500,22/08/2026
Tamil Nadu,Virudhunagar,Aruppukottai(Uzhavar Sandhai ),Ginger(Green),Green Ginger,Local,18000,20000,19000,22/08/2026
Tamil Nadu,Vellore,Katpadi (Uzhavar Sandhai ),Ginger(Green),Green Ginger,Local,18000,18000,18000,22/08/2026
Tamil Nadu,Thirupur,Dharapuram(Uzhavar Sandhai ),Ginger(Green),Green Ginger,Local,17000,18000,17500,22/08/2026
Tamil Nadu,Thirupur,Palladam(Uzhavar Sandhai ),Ginger(Green),Green Ginger,Local,17000,18000,17500,22/08/2026
Tamil Nadu,Thirupathur,Natrampalli(Uzhavar Sandhai ),Ginger(Green),Green Ginger,Local,18000,20000,19000,22/08/2026
Tamil Nadu,Coimbatore,Udumalpet APMC,Ginger(Green),Green Ginger,Local,18000,18500,18250,22/08/2026
Tamil Nadu,Vellore,Kahithapattarai(Uzhavar Sandhai ),Ginger(Green),Green Ginger,Local,8000,8000,8000,22/08/2026
Tamil Nadu,Krishnagiri,Kaveripattinam(Uzhavar Sandhai ),Ginger(Green),Green Ginger,Local,18000,18000,18000,22/08/2026
Tamil Nadu,The Nilgiris,Coonoor(Uzhavar Sandhai ),Ginger(Green),Green Ginger,Local,12000,17000,14500,22/08/2026
Madhya Pradesh,Betul,Betul(F&V) APMC,Ginger(Green),Other,FAQ,8000,8000,8000,22/08/2026
Madhya Pradesh,Indore,Indore(F&V) APMC,Ginger(Green),Green Ginger,Local,4000,12000,8000,22/08/2026
Maharashtra,Kolhapur,Vadgaonpeth APMC,Ginger(Green),Other,Local,9000,12000,10000,22/08/2026
Maharashtra,Chattrapati Sambhajinagar,Chattrapati Sambhajinagar APMC,Ginger(Green),Other,Local,7000,11000,9000,22/08/2026
Maharashtra,Nagpur,Kamthi APMC,Ginger(Green),Other,Local,8060,9060,8560,22/08/2026
Maharashtra,Satara,Vai APMC,Ginger(Green),Other,Local,9000,11000,10000,22/08/2026
Maharashtra,Ahilyanagar,Shrirampur APMC,Ginger(Green),Other,Local,4000,10000,7000,22/08/2026
Maharashtra,Ahilyanagar,Rahata APMC,Ginger(Green),Other,Local,9000,14000,11500,22/08/2026
Maharashtra,Nagpur,Nagpur APMC,Ginger(Green),Other,Local,4000,13000,10750,22/08/2026
Maharashtra,Solapur,Akluj APMC,Ginger(Green),Other,Local,9500,13000,12000,22/08/2026
Maharashtra,Nagpur,HINGNA - APMC,Ginger(Green),Other,Local,8000,16000,12000,22/08/2026
Maharashtra,Mumbai,Mumbai APMC,Ginger(Green),Other,Local,6000,15000,10500,22/08/2026
Maharashtra,Pune,Khed(Chakan) APMC,Ginger(Green),Other,Local,700,12000,10000,22/08/2026
Maharashtra,Pune,Pune(Moshi) APMC,Ginger(Green),Other,Local,6000,7000,6500,22/08/2026
Maharashtra,Satara,Karad APMC,Ginger(Green),Other,Local,6000,8000,8000,22/08/2026
Maharashtra,Amarawati,Amrawati(Frui & Veg. Market) APMC,Ginger(Green),Other,Local,7000,14000,10500,22/08/2026
Maharashtra,Pune,Junnar(Narayangaon) APMC,Ginger(Green),Other,Local,1000,12000,6500,22/08/2026
Uttar Pradesh,Meerut,Mawana APMC,Ginger(Green),Other,FAQ,8000,8000,8000,22/08/2026
Uttar Pradesh,Bareilly,Bareilly APMC,Ginger(Green),Other,FAQ,4500,4500,4500,22/08/2026
Uttar Pradesh,Jaunpur,Jaunpur APMC,Ginger(Green),Other,FAQ,4800,5000,4957.14,22/08/2026
Uttar Pradesh,Agra,Samsabad APMC,Ginger(Green),Green Ginger,Local,5800,6000,5900,22/08/2026
Uttar Pradesh,Jhansi,Jhansi APMC,Ginger(Green),Other,FAQ,8000,8000,8000,22/08/2026
Uttar Pradesh,Bulandshahar,Sikanderabad APMC,Ginger(Green),Other,FAQ,6500,6500,6500,22/08/2026
Uttar Pradesh,Sambhal,Chandausi APMC,Ginger(Green),Other,FAQ,5100,5200,5151.76,22/08/2026
Uttar Pradesh,Mahoba,Mahoba APMC,Ginger(Green),Other,FAQ,2500,2500,2500,22/08/2026
Uttar Pradesh,Balrampur,Balrampur APMC,Ginger(Green),Other,FAQ,2000,2000,2000,22/08/2026
Uttar Pradesh,Mathura,Mathura APMC,Ginger(Green),Other,FAQ,8000,8000,8000,22/08/2026
Uttar Pradesh,Jhansi,Baruwasagar APMC,Ginger(Green),Other,FAQ,8000,8000,8000,22/08/2026
Uttar Pradesh,Amroha,Dhanaura APMC,Ginger(Green),Other,FAQ,4000,4000,4000,22/08/2026
Uttar Pradesh,Varanasi,Varanasi APMC,Ginger(Green),Other,FAQ,6500,6500,6500,22/08/2026
Uttar Pradesh,Agra,Khairagarh APMC,Ginger(Green),Green Ginger,FAQ,6000,6100,6050,22/08/2026
Uttar Pradesh,Saharanpur,Saharanpur APMC,Ginger(Green),Other,FAQ,4300,4800,4348.28,22/08/2026
Uttar Pradesh,Sambhal,Muradabad APMC,Ginger(Green),Other,FAQ,4500,4500,4500,22/08/2026
Rajasthan,Jalore,Jalore APMC,Ginger(Green),Other,Local,4500,4800,4600,22/08/2026
Rajasthan,Udaipur,Udaipur (F&V) APMC,Ginger(Green),Other,Medium,4000,6000,5000,22/08/2026
Rajasthan,Ganganagar,Sriganganagar (F&V) APMC,Ginger(Green),Green Ginger,Grade B,9600,10000,9800,22/08/2026
Karnataka,Bengaluru South,Ramanagara APMC,Ginger(Green),Green Ginger,Local,8200,14000,10800,22/08/2026
Gujarat,Vadodara(Baroda),Padra APMC,Ginger(Green),Other,FAQ,6500,7000,6750,22/08/2026
Gujarat,Amreli,Damnagar APMC,Ginger(Green),Green Ginger,Local,7500,7500,7500,22/08/2026
Gujarat,Porbandar,Porbandar APMC,Ginger(Green),Green Ginger,FAQ,5000,15000,10000,22/08/2026
Gujarat,Anand,"Anand(Veg,Yard,Anand) APMC",Ginger(Green),Green Ginger,Grade B,10000,11000,10500,22/08/2026
Gujarat,Banaskanth,Deesa(Deesa Veg Yard) APMC,Ginger(Green),Other,FAQ,4500,8000,6250,22/08/2026
Gujarat,Kheda,Nadiyad(Piplag) APMC,Ginger(Green),Green Ginger,FAQ,5000,6000,5500,22/08/2026
Gujarat,Rajkot,Rajkot(Veg.Sub Yard) APMC,Ginger(Green),Green Ginger,FAQ,6135,15060,10595,22/08/2026
Gujarat,Dahod,Dahod(Veg. Market) APMC,Ginger(Green),Green Ginger,Local,8000,15000,13000,22/08/2026
Gujarat,Surat,Surat APMC,Ginger(Green),Green Ginger,FAQ,5000,15000,10000,22/08/2026
Haryana,Mahendragarh-Narnaul,Narnaul APMC,Ginger(Green),Green Ginger,Medium,8000,10000,10000,22/08/2026
Haryana,Mahendragarh-Narnaul,Mohindergarh APMC,Ginger(Green),Green Ginger,Medium,3000,3000,3000,22/08/2026
Haryana,Kurukshetra,Shahabad APMC,Ginger(Dry),Vegitable-fresh,Local,8000,8000,8000,22/08/2026
Haryana,Sonipat,Ganaur APMC,Ginger(Green),Green Ginger,Medium,12000,13000,12000,22/08/2026
Haryana,Kurukshetra,Ladwa APMC,Ginger(Green),Green Ginger,Medium,8000,10000,9000,22/08/2026
Haryana,Yamuna Nagar,Jagadhri APMC,Ginger(Green),Green Ginger,Medium,4500,8000,7000,22/08/2026
Haryana,Hissar,Hansi APMC,Ginger(Dry),Other,FAQ,8000,10000,9000,22/08/2026
Haryana,Ambala,Naraingarh APMC,Ginger(Green),Green Ginger,Local,3000,7000,5000,22/08/2026
Haryana,Panipat,Samalkha APMC,Ginger(Green),Other,FAQ,10000,10000,10000,22/08/2026
Punjab,Ludhiana,Jagraon APMC,Ginger(Green),Other,FAQ,5300,5300,5300,22/08/2026
Punjab,Ludhiana,Ludhiana APMC,Ginger(Green),Other,FAQ,4000,5000,4500,22/08/2026
Punjab,Patiala,Samana APMC,Ginger(Green),Green Ginger,Grade Range-2,9000,15000,9400,22/08/2026
Punjab,Gurdaspur,Quadian APMC,Ginger(Green),Other,Grade A,7800,8000,7900,22/08/2026
Punjab,Ferozpur,Zira APMC,Ginger(Green),Other,Local,8000,8000,8000,22/08/2026
Punjab,Jalandhar,Adampur APMC,Ginger(Green),Green Ginger,FAQ,7000,8000,8000,22/08/2026
West Bengal,Darjeeling,Siliguri APMC,Ginger(Green),Green Ginger,FAQ,10000,11000,10500,22/08/2026
West Bengal,Darjeeling,Darjeeling APMC,Ginger(Green),Other,FAQ,9000,9200,9100,22/08/2026
West Bengal,Paschim Bardhaman,Asansol APMC,Ginger(Green),Other,FAQ,11500,12300,12000,22/08/2026
Odisha,Jharsuguda,Jharsuguda APMC,Ginger(Green),Other,Grade A,15000,16000,15000,22/08/2026
Telangana,Hyderabad,Mahboob Manison APMC,Ginger(Green),Other,Medium,3500,7500,5250,22/08/2026
Uttarakhand,Udhamsinghnagar,Rudrapur APMC,Ginger(Green),Other,Medium,9000,12000,10000,22/08/2026
Uttarakhand,Haridwar,Manglaur APMC,Ginger(Green),Green Ginger,Large,8000,9100,8500,22/08/2026
Uttarakhand,Udhamsinghnagar,Kashipur APMC,Ginger(Green),Other,Local,4400,4400,4400,22/08/2026
Himachal Pradesh,Shimla,SMY Rohroo,Ginger(Green),Green Ginger,Grade B,8000,9000,8500,22/08/2026
Himachal Pradesh,Una,PMY Una,Ginger(Green),Green Ginger,FAQ,9000,12000,10500,22/08/2026
Himachal Pradesh,Kangra,SMY Jaisinghpur,Ginger(Green),Green Ginger,FAQ,13000,16000,14500,22/08/2026
Himachal Pradesh,Kullu,PMY Kullu,Ginger(Green),Other,FAQ,12000,13000,12500,22/08/2026
Himachal Pradesh,Mandi,PMY Kangni Mandi,Ginger(Green),Green Ginger,Grade B,7500,15000,12000,22/08/2026
Himachal Pradesh,Mandi,SMY Dhanotu,Ginger(Green),Green Ginger,FAQ,9000,12500,12050,22/08/2026
Himachal Pradesh,Kangra,SMY Palampur,Ginger(Green),Green Ginger,FAQ,12000,15000,13500,22/08/2026
Himachal Pradesh,Kangra,SMY Dharamshala,Ginger(Green),Green Ginger,FAQ,11000,13000,12000,22/08/2026
Assam,Tinsukia,Tinsukia Market,Ginger(Green),Green Ginger,FAQ,8000,12000,10000,22/08/2026
Assam,Kamrup,Uparhali Pmy APMC,Ginger(Green),Green Ginger,FAQ,12000,14000,13000,22/08/2026
Assam,Karimganj,Santar Bazaar APMC,Ginger(Green),Green Ginger,FAQ,12000,14000,13000,22/08/2026
Tamil Nadu,Kancheepuram,Padappai(Uzhavar Sandhai ),Brinjal,Other,Local,2000,3000,2500,22/08/2026
Tamil Nadu,Namakkal,Paramathivelur(Uzhavar Sandhai ),Brinjal,Other,Local,5400,6000,5700,22/08/2026
Tamil Nadu,Salem,Mettur(Uzhavar Sandhai ),Brinjal,Other,Local,3500,4000,3750,22/08/2026
Tamil Nadu,Thirunelveli,Kandiyaperi(Uzhavar Sandhai ),Brinjal,Other,Local,3000,3500,3250,22/08/2026
Tamil Nadu,Thirunelveli,NGO Colony(Uzhavar Sandhai ),Brinjal,Round,Local,4000,4600,4300,22/08/2026
Tamil Nadu,Thirupur,Kangayam(Uzhavar Sandhai ),Brinjal,Round,Local,6000,6500,6250,22/08/2026
Tamil Nadu,Thiruvannamalai,Chengam(Uzhavar Sandhai ),Brinjal,Round,Local,3300,4000,3650,22/08/2026
Tamil Nadu,Cuddalore,Panruti(Uzhavar Sandhai ),Brinjal,Round,Local,4000,5000,4500,22/08/2026
Tamil Nadu,Karur,Velayuthampalayam(Uzhavar Sandhai ),Brinjal,Other,Local,3200,4000,3600,22/08/2026
Tamil Nadu,Theni,Devaram(Uzhavar Sandhai ),Brinjal,Round,Local,3500,3500,3500,22/08/2026
Tamil Nadu,Sivaganga,Singampunari(Uzhavar Sandhai ),Brinjal,Other,Local,4200,4600,4400,22/08/2026
Tamil Nadu,Sivaganga,Karaikudi(Uzhavar Sandhai ),Brinjal,Round,Local,4400,4800,4600,22/08/2026
Tamil Nadu,Chengalpattu,Madhuranthagam(Uzhavar Sandhai ),Brinjal,Round,Local,5000,5000,5000,22/08/2026
Tamil Nadu,Chengalpattu,Medavakkam(Uzhavar Sandhai ),Brinjal,Round,Local,4000,4000,4000,22/08/2026
Tamil Nadu,Cuddalore,Viruthachalam(Uzhavar Sandhai ),Brinjal,Round,Local,4000,5000,4500,22/08/2026
Tamil Nadu,The Nilgiris,Udhagamandalam(Uzhavar Sandhai ),Brinjal,Other,Local,3500,3800,3650,22/08/2026
Tamil Nadu,Theni,Andipatti(Uzhavar Sandhai ),Brinjal,Other,Local,3400,3600,3500,22/08/2026
Tamil Nadu,Thiruvarur,Needamangalam(Uzhavar Sandhai ),Brinjal,Round,Local,3800,3800,3800,22/08/2026
Tamil Nadu,Virudhunagar,Aruppukottai(Uzhavar Sandhai ),Brinjal,Round,Local,3500,4000,3750,22/08/2026
Tamil Nadu,Salem,Vazhapadi(Uzhavar Sandhai),Brinjal,Other,Local,3000,3000,3000,22/08/2026
Tamil Nadu,Nagapattinam,Vedaranyam(Uzhavar Sandhai),Brinjal,Round,Local,4800,5500,5150,22/08/2026
Tamil Nadu,Karur,Kulithalai(Uzhavar Sandhai ),Brinjal,Other,Local,3000,3600,3300,22/08/2026
Tamil Nadu,Chengalpattu,Guduvancheri(Uzhavar Sandhai ),Brinjal,Round,Local,4000,5000,4500,22/08/2026
Tamil Nadu,Thirupur,Palladam(Uzhavar Sandhai ),Brinjal,Other,Local,3500,4000,3750,22/08/2026
Tamil Nadu,Ramanathapuram,Ramanathapuram(Uzhavar Sandhai ),Brinjal,Round,Local,6000,6500,6250,22/08/2026
Tamil Nadu,Ariyalur,Ariyalur(Uzhavar Sandhai),Brinjal,Round,Local,4500,5000,4750,22/08/2026
Tamil Nadu,Erode,Sathiyamagalam(Uzhavar Sandhai ),Brinjal,Other,Local,4400,4800,4600,22/08/2026
Tamil Nadu,Coimbatore,RSPuram(Uzhavar Sandhai ),Brinjal,Other,Local,3200,3600,3400,22/08/2026
Tamil Nadu,Vellore,Thirupathur APMC,Brinjal,Round,Local,4000,4000,4000,22/08/2026
Tamil Nadu,Vellore,Vellore APMC,Brinjal,Round,Local,4000,4500,4250,22/08/2026
Tamil Nadu,Thirupur,Tiruppur (South) (Uzhavar Sandhai ),Brinjal,Other,Local,5000,6000,5500,22/08/2026
Tamil Nadu,Dharmapuri,Pennagaram(Uzhavar Sandhai ),Brinjal,Round,Local,3500,3800,3650,22/08/2026
Tamil Nadu,Ranipet,Arcot(Uzhavar Sandhai ),Brinjal,Other,Local,4000,5000,4500,22/08/2026
Tamil Nadu,Thirunelveli,Ambasamudram(Uzhavar Sandhai ),Brinjal,Other,Local,3500,4000,3750,22/08/2026
Tamil Nadu,Thanjavur,Peravurani(Uzhavar Sandhai),Brinjal,Round,Local,4500,4500,4500,22/08/2026
Tamil Nadu,Sivaganga,Devakottai (Uzhavar Sandhai ),Brinjal,Other,Local,4200,4800,4500,22/08/2026
Tamil Nadu,Salem,Elampillai(Uzhavar Sandhai ),Brinjal,Other,Local,3500,4000,3750,22/08/2026
Tamil Nadu,Thanjavur,Pattukottai(Uzhavar Sandhai ),Brinjal,Round,Local,5000,7400,6200,22/08/2026
Tamil Nadu,Thiruchirappalli,Manapparai(Uzhavar Sandhai ),Brinjal,Other,Local,4600,4600,4600,22/08/2026
Tamil Nadu,Virudhunagar,Rajapalayam(Uzhavar Sandhai ),Brinjal,Round,Local,3000,3500,3250,22/08/2026
Tamil Nadu,Virudhunagar,Sivakasi(Uzhavar Sandhai ),Brinjal,Round,Local,2500,3000,2750,22/08/2026
Tamil Nadu,Nagercoil (Kannyiakumari),Myladi(Uzhavar Sandhai ),Brinjal,Round,Local,6500,7000,6750,22/08/2026
Tamil Nadu,Chengalpattu,Jameenrayapettai(Uzhavar Sandhai ),Brinjal,Round,Local,4000,5000,4500,22/08/2026
Tamil Nadu,Villupuram,Ulundurpettai APMC,Brinjal,Round,Local,5000,5000,5000,22/08/2026
Tamil Nadu,Erode,Thalavadi(Uzhavar Sandhai ),Brinjal,Round,Local,3000,3600,3300,22/08/2026
Tamil Nadu,Tenkasi,Tenkasi(Uzhavar Sandhai ),Brinjal,Other,Local,4000,4000,4000,22/08/2026
Tamil Nadu,Pudukkottai,Pudukottai(Uzhavar Sandhai ),Brinjal,Round,Local,7000,7500,7250,22/08/2026
Tamil Nadu,Theni,Bodinayakanur(Uzhavar Sandhai ),Brinjal,Round,Local,3600,3600,3600,22/08/2026
Tamil Nadu,Virudhunagar,Kariyapatti(Uzhavar Sandhai ),Brinjal,Round,Local,3500,4000,3750,22/08/2026
Tamil Nadu,Thiruvellore,Tiruvallur(Uzhavar Sandhai ),Brinjal,Round,Local,5000,5000,5000,22/08/2026
Tamil Nadu,Madurai,Thirumangalam(Uzhavar Sandhai ),Brinjal,Round,Local,4000,4500,4250,22/08/2026
Tamil Nadu,Karur,Gandhigramam(Uzhavar Sandhai),Brinjal,Other,Local,3500,4000,3750,22/08/2026
Tamil Nadu,Virudhunagar,Srivilliputhur(Uzhavar Sandhai ),Brinjal,Round,Local,3500,4000,3750,22/08/2026
Tamil Nadu,Ramanathapuram,Kamuthi(Uzhavar Sandhai ),Brinjal,Round,Local,5000,5500,5250,22/08/2026
Tamil Nadu,Ramanathapuram,Paramakudi(Uzhavar Sandhai ),Brinjal,Round,Local,5500,6000,5750,22/08/2026
Tamil Nadu,Thiruvarur,Mannargudi II(Uzhavar Sandhai ),Brinjal,Round,Local,4000,4000,4000,22/08/2026
Tamil Nadu,Thiruvannamalai,Cheyyar(Uzhavar Sandhai ),Brinjal,Other,Local,3000,3600,3300,22/08/2026
Tamil Nadu,Namakkal,Tiruchengode APMC,Brinjal,Other,Local,4500,5000,4750,22/08/2026
Tamil Nadu,Coimbatore,Singanallur(Uzhavar Sandhai ),Brinjal,Round,Local,4000,5000,4500,22/08/2026
Tamil Nadu,Karur,Karur(Uzhavar Sandhai ),Brinjal,Other,Local,4000,5000,4500,22/08/2026
Tamil Nadu,Cuddalore,Cuddalore(Uzhavar Sandhai ),Brinjal,Round,Local,7000,8000,7500,22/08/2026
Tamil Nadu,Dharmapuri,Palacode(Uzhavar Sandhai ),Brinjal,Other,Local,3000,3400,3200,22/08/2026
Tamil Nadu,Kallakuruchi,Sankarapuram(Uzhavar Sandhai ),Brinjal,Round,Local,5000,5000,5000,22/08/2026
Tamil Nadu,Kancheepuram,Kancheepuram(Uzhavar Sandhai ),Brinjal,Other,Local,2500,3000,2750,22/08/2026
Tamil Nadu,Krishnagiri,Avallapalli(Uzhavar Sandhai ),Brinjal,Round,Local,3500,4000,3750,22/08/2026
Tamil Nadu,Krishnagiri,Hosur(Uzhavar Sandhai ),Brinjal,Round,Local,2500,3000,2750,22/08/2026
Tamil Nadu,Madurai,Usilampatti(Uzhavar Sandhai ),Brinjal,Round,Local,4000,4500,4250,22/08/2026
Tamil Nadu,Namakkal,Kumarapalayam(Uzhavar Sandhai ),Brinjal,Other,Local,5500,6000,5750,22/08/2026
Tamil Nadu,Namakkal,Rasipuram(Uzhavar Sandhai ),Brinjal,Other,Local,6800,7400,7100,22/08/2026
Tamil Nadu,Thanjavur,Tirukattupalli(Uzhavar Sandhai ),Brinjal,Round,Local,5600,5600,5600,22/08/2026
Tamil Nadu,Perambalur,Perambalur(Uzhavar Sandhai ),Brinjal,Other,Local,4800,5200,5000,22/08/2026
Tamil Nadu,Theni,Kambam(Uzhavar Sandhai ),Brinjal,Round,Local,3000,3600,3300,22/08/2026
Tamil Nadu,Thirupur,Tiruppur (North) (Uzhavar Sandhai ),Brinjal,Other,Local,3000,3500,3250,22/08/2026
Tamil Nadu,Thiruvannamalai,Vandavasi(Uzhavar Sandhai ),Brinjal,Other,Local,3500,4000,3750,22/08/2026
Tamil Nadu,Cuddalore,Vadalur(Uzhavar Sandhai ),Brinjal,Other,Local,3000,3000,3000,22/08/2026
Tamil Nadu,Dharmapuri,AJattihalli(Uzhavar Sandhai ),Brinjal,Other,Local,2500,2800,2650,22/08/2026
Tamil Nadu,Karur,Pallapatti (Uzhavar Sandhai ),Brinjal,Other,Local,5000,6000,5500,22/08/2026
Tamil Nadu,Salem,Hasthampatti(Uzhavar Sandhai ),Brinjal,Round,Local,3500,4000,3750,22/08/2026
Tamil Nadu,Virudhunagar,Sathur(Uzhavar Sandhai ),Brinjal,Round,Local,3500,4000,3750,22/08/2026
Tamil Nadu,Madurai,Chokkikulam(Uzhavar Sandhai ),Brinjal,Round,Local,4500,4800,4650,22/08/2026
Tamil Nadu,Thanjavur,Kumbakonam (Uzhavar Sandhai ),Brinjal,Round,Local,6000,9600,7800,22/08/2026
Tamil Nadu,Villupuram,Gingee(Uzhavar Sandhai ),Brinjal,Round,Local,4000,4500,4250,22/08/2026
Tamil Nadu,Vellore,Perampet(Uzhavar Sandhai),Brinjal,Other,Local,3000,3600,3300,22/08/2026
Tamil Nadu,Kallakuruchi,Kallakurichi(Uzhavar Sandhai ),Brinjal,Other,Local,5000,5000,5000,22/08/2026
Tamil Nadu,Salem,Athur(Uzhavar Sandhai ),Brinjal,Other,Local,3500,4000,3750,22/08/2026
Tamil Nadu,Coimbatore,Vadavalli(Uzhavar Sandhai ),Brinjal,Other,Local,3200,3600,3400,22/08/2026
Tamil Nadu,Coimbatore,Udumalpet APMC,Brinjal,Other,Local,5000,5500,5250,22/08/2026
Tamil Nadu,Erode,Sampath Nagar(Uzhavar Sandhai ),Brinjal,Other,Local,4000,4200,4100,22/08/2026
Tamil Nadu,Thiruvannamalai,Arani(Uzhavar Sandhai ),Brinjal,Round,Local,3800,4500,4150,22/08/2026
Tamil Nadu,Thiruvellore,Paruthipattu(Uzhavar Sandhai ),Brinjal,Round,Local,5000,5000,5000,22/08/2026
Tamil Nadu,Thiruvellore,Perambakkam(Uzhavar Sandhai ),Brinjal,Round,Local,5000,5000,5000,22/08/2026
Tamil Nadu,Coimbatore,Mettupalayam(Uzhavar Sandhai ),Brinjal,Round,Local,3000,3500,3250,22/08/2026
Tamil Nadu,Cuddalore,Chidambaram(Uzhavar Sandhai ),Brinjal,Round,Local,4000,5000,4500,22/08/2026
Tamil Nadu,Pudukkottai,Karambakkudi(Uzhavar Sandhai ),Brinjal,Other,Local,6000,7000,6500,22/08/2026
Tamil Nadu,The Nilgiris,Gudalur(Uzhavar Sandhai ),Brinjal,Round,Local,3500,4000,3750,22/08/2026
Tamil Nadu,Erode,Perundurai(Uzhavar Sandhai ),Brinjal,Other,Local,4000,4400,4200,22/08/2026
Tamil Nadu,Dharmapuri,Dharmapuri(Uzhavar Sandhai ),Brinjal,Round,Local,2600,2800,2700,22/08/2026
Tamil Nadu,Dindigul,Chinnalapatti(Uzhavar Sandhai ),Brinjal,Other,Local,6000,7000,6500,22/08/2026
Tamil Nadu,Erode,Periyar Nagar(Uzhavar Sandhai ),Brinjal,Other,Local,4000,4200,4100,22/08/2026
Tamil Nadu,Kancheepuram,Kundrathur(Uzhavar Sandhai ),Brinjal,Other,Local,3000,3500,3250,22/08/2026
Tamil Nadu,Dharmapuri,Karimangalam(Uzhavar Sandhai),Brinjal,Other,Local,2800,3000,2900,22/08/2026
Tamil Nadu,Krishnagiri,Denkanikottai(Uzhavar Sandhai ),Brinjal,Round,Local,3500,4000,3750,22/08/2026
Tamil Nadu,Madurai,Anaiyur(Uzhavar Sandhai ),Brinjal,Round,Local,4000,4500,4250,22/08/2026
Tamil Nadu,Nagapattinam,Sirkali(Uzhavar Sandhai ),Brinjal,Round,Local,5000,5500,5250,22/08/2026
Tamil Nadu,Namakkal,Mohanur(Uzhavar Sandhai ),Brinjal,Other,Local,6000,6800,6400,22/08/2026
Tamil Nadu,Madurai,Palanganatham(Uzhavar Sandhai ),Brinjal,Other,Local,4000,4500,4250,22/08/2026
Tamil Nadu,Madurai,Anna nagar(Uzhavar Sandhai ),Brinjal,Other,Local,4600,4600,4600,22/08/2026
Tamil Nadu,Salem,Mecheri(Uzhavar Sandhai),Brinjal,Other,Local,3500,4000,3750,22/08/2026
Tamil Nadu,Salem,Thathakapatti(Uzhavar Sandhai ),Brinjal,Round,Local,3800,4400,4100,22/08/2026
Tamil Nadu,Theni,Chinnamanur(Uzhavar Sandhai ),Brinjal,Other,Local,3400,3600,3500,22/08/2026
Tamil Nadu,Theni,Theni(Uzhavar Sandhai ),Brinjal,Other,Local,3000,3600,3300,22/08/2026
Tamil Nadu,Thiruvannamalai,Tamarainagar(Uzhavar Sandhai ),Brinjal,Round,Local,7000,8400,7700,22/08/2026
Tamil Nadu,Pudukkottai,Gandarvakottai(Uzhavar Sandhai ),Brinjal,Other,Local,4500,6000,5250,22/08/2026
Tamil Nadu,Karur,Vengamedu(Uzhavar Sandhai ),Brinjal,Other,Local,4000,5000,4500,22/08/2026
Tamil Nadu,Sivaganga,Sivagangai (Uzhavar Sandhai ),Brinjal,Other,Local,4200,4600,4400,22/08/2026
Tamil Nadu,Salem,Edapadi (Uzhavar Sandhai ),Brinjal,Other,Local,3400,3800,3600,22/08/2026
Tamil Nadu,Salem,Jalagandapuram(Uzhavar Sandhai ),Brinjal,Round,Local,3800,4000,3900,22/08/2026
Tamil Nadu,Sivaganga,Tirupatthur(Uzhavar Sandhai ),Brinjal,Other,Local,4500,5000,4750,22/08/2026
Tamil Nadu,Thanjavur,Thanjavur(Uzhavar Sandhai ),Brinjal,Round,Local,6000,6000,6000,22/08/2026
Tamil Nadu,Thiruchirappalli,Lalgudi(Uzhavar Sandhai ),Brinjal,Other,Local,6000,6000,6000,22/08/2026
Tamil Nadu,Thiruchirappalli,Manachanallur(Uzhavar Sandhai ),Brinjal,Other,Local,6000,6000,6000,22/08/2026
Tamil Nadu,Chengalpattu,Pallavaram(Uzhavar Sandhai ),Brinjal,Round,Local,3500,4000,3750,22/08/2026
Tamil Nadu,Villupuram,Tindivanam APMC,Brinjal,Round,Local,4000,4000,4000,22/08/2026
Tamil Nadu,Tenkasi,Sankarankoil(Uzhavar Sandhai ),Brinjal,Other,Local,3000,3500,3250,22/08/2026
Tamil Nadu,Thiruvellore,Tiruthani(Uzhavar Sandhai ),Brinjal,Round,Local,3000,3000,3000,22/08/2026
Tamil Nadu,Vellore,Katpadi (Uzhavar Sandhai ),Brinjal,Round,Local,4000,5000,4500,22/08/2026
Tamil Nadu,Thirupathur,Natrampalli(Uzhavar Sandhai ),Brinjal,Round,Local,4000,5000,4500,22/08/2026
Tamil Nadu,Nagapattinam,Mayiladuthurai(Uzhavar Sandhai ),Brinjal,Round,Local,4500,5000,4750,22/08/2026
Tamil Nadu,Pudukkottai,Alangudi(Uzhavar Sandhai ),Brinjal,Other,Local,6000,7000,6500,22/08/2026
Tamil Nadu,Tuticorin,Kovilpatti(Uzhavar Sandhai ),Brinjal,Other,Local,2500,3000,2750,22/08/2026
Tamil Nadu,Vellore,Kahithapattarai(Uzhavar Sandhai ),Brinjal,Other,Local,4000,4000,4000,22/08/2026
Tamil Nadu,Coimbatore,Sundarapuram(Uzhavar Sandhai ),Brinjal,Other,Local,4500,5000,4750,22/08/2026
Tamil Nadu,Ariyalur,Jeyankondam (Uzhavar Sandhai ),Brinjal,Round,Local,4400,4800,4600,22/08/2026
Tamil Nadu,Coimbatore,Pollachi(Uzhavar Sandhai ),Brinjal,Other,Local,4500,5000,4750,22/08/2026
Tamil Nadu,Chengalpattu,Thirukalukundram(Uzhavar Sandhai ),Brinjal,Other,Local,3500,4000,3750,22/08/2026
Tamil Nadu,Nagercoil (Kannyiakumari),Vadaseri APMC,Brinjal,Round,Local,9000,10000,9500,22/08/2026
Tamil Nadu,Dharmapuri,Harur(Uzhavar Sandhai ),Brinjal,Round,Local,3000,3500,3250,22/08/2026
Tamil Nadu,The Nilgiris,Coonoor(Uzhavar Sandhai ),Brinjal,Other,Local,3600,3800,3700,22/08/2026
Tamil Nadu,Dindigul,Dindigul(Uzhavar Sandhai ),Brinjal,Other,Local,6000,8000,7000,22/08/2026
Tamil Nadu,Kancheepuram,Sunguvarchatram(Uzhavar Sandhai ),Brinjal,Other,Local,3500,4000,3750,22/08/2026
Tamil Nadu,Namakkal,Namakkal(Uzhavar Sandhai ),Brinjal,Other,Local,7000,7800,7400,22/08/2026
Tamil Nadu,Madurai,Anna nagar(Uzhavar Sandhai ),Brinjal,Round,Local,4000,4500,4250,22/08/2026
Tamil Nadu,Ranipet,Ranipettai(Uzhavar Sandhai ),Brinjal,Other,Local,3000,3000,3000,22/08/2026
Tamil Nadu,Salem,Ammapet(Uzhavar Sandhai ),Brinjal,Other,Local,3200,3600,3400,22/08/2026
Tamil Nadu,Salem,Sooramangalam(Uzhavar Sandhai ),Brinjal,Other,Local,3400,3600,3500,22/08/2026
Tamil Nadu,Thiruchirappalli,Thuraiyur APMC,Brinjal,Other,Local,4000,4600,4300,22/08/2026
Tamil Nadu,Salem,Thammampatti (Uzhavar Sandhai ),Brinjal,Round,Local,3500,4500,4000,22/08/2026
Tamil Nadu,Thirunelveli,Melapalayam(Uzhavar Sandhai ),Brinjal,Other,Local,3500,4000,3750,22/08/2026
Tamil Nadu,Thirunelveli,Palayamkottai(Uzhavar Sandhai ),Brinjal,Other,Local,3000,3500,3250,22/08/2026
Tamil Nadu,Thiruvarur,Muthupettai(Uzhavar Sandhai ),Brinjal,Round,Local,3800,3800,3800,22/08/2026
Tamil Nadu,Coimbatore,Sulur(Uzhavar Sandhai ),Brinjal,Round,Local,4000,5000,4500,22/08/2026
Tamil Nadu,Thiruchirappalli,KKNagar(Uzhavar Sandhai ),Brinjal,Other,Local,7000,7000,7000,22/08/2026
Tamil Nadu,Thiruchirappalli,Musiri(Uzhavar Sandhai ),Brinjal,Other,Local,4000,5000,4500,22/08/2026
Tamil Nadu,Thiruchirappalli,Thiruverumbur(Uzhavar Sandhai ),Brinjal,Other,Local,5600,5600,5600,22/08/2026
Tamil Nadu,Virudhunagar,Thalavaipuram(Uzhavar Sandhai ),Brinjal,Round,Local,2800,3500,3150,22/08/2026
Tamil Nadu,Virudhunagar,Virudhunagar(Uzhavar Sandhai ),Brinjal,Round,Local,3500,3600,3550,22/08/2026
Tamil Nadu,Chengalpattu,Chengalpet(Uzhavar Sandhai ),Brinjal,Other,Local,5000,6000,5500,22/08/2026
Tamil Nadu,Chengalpattu,Nanganallur(Uzhavar Sandhai ),Brinjal,Round,Local,3000,3000,3000,22/08/2026
Tamil Nadu,Krishnagiri,Krishnagiri(Uzhavar Sandhai ),Brinjal,Round,Local,2000,2600,2300,22/08/2026
Tamil Nadu,Nagapattinam,Nagapattinam(Uzhavar Sandhai ),Brinjal,Round,Local,3800,4500,4150,22/08/2026
Tamil Nadu,Thiruvarur,Tiruvarur(Uzhavar Sandhai ),Brinjal,Round,Local,4000,4000,4000,22/08/2026
Tamil Nadu,Thiruvarur,Valangaiman APMC,Brinjal,Round,Local,4000,4000,4000,22/08/2026
Tamil Nadu,Madurai,Melur(Uzhavar Sandhai ),Brinjal,Round,Local,4000,4500,4250,22/08/2026
Tamil Nadu,Pudukkottai,Aranthangi(Uzhavar Sandhai ),Brinjal,Other,Local,5000,6000,5500,22/08/2026
Tamil Nadu,Thirupur,Dharapuram(Uzhavar Sandhai ),Brinjal,Round,Local,5000,5500,5250,22/08/2026
Tamil Nadu,Erode,Gobichettipalayam(Uzhavar Sandhai ),Brinjal,Round,Local,4400,4600,4500,22/08/2026
Tamil Nadu,Vellore,Pallikonda(Uzhavar Sandhai),Brinjal,Round,Local,4500,5000,4750,22/08/2026
Tamil Nadu,Pudukkottai,Ponnamaravathi(Uzhavar Sandhai),Brinjal,Round,Local,6500,7000,6750,22/08/2026
Tamil Nadu,Pudukkottai,Viralimalai(Uzhavar Sandhai ),Brinjal,Round,Local,5000,6000,5500,22/08/2026
Tamil Nadu,Thiruvannamalai,Polur(Uzhavar Sandhai ),Brinjal,Round,Local,4000,4800,4400,22/08/2026
Tamil Nadu,Thiruvannamalai,Tiruvannamalai(Uzhavar Sandhai ),Brinjal,Round,Local,7000,8000,7500,22/08/2026
Tamil Nadu,Thiruvarur,Mannargudi I(Uzhavar Sandhai ),Brinjal,Round,Local,4000,4000,4000,22/08/2026
Tamil Nadu,Thiruvarur,Tiruthuraipoondi(Uzhavar Sandhai ),Brinjal,Round,Local,4000,4000,4000,22/08/2026
Tamil Nadu,Thiruvellore,Ambattur(Uzhavar Sandhai ),Brinjal,Round,Local,4000,4000,4000,22/08/2026
Tamil Nadu,Thiruvellore,Naravarikuppam(Uzhavar Sandhai ),Brinjal,Round,Local,4000,4000,4000,22/08/2026
Tamil Nadu,Vellore,Gudiyatham(Uzhavar Sandhai ),Brinjal,Other,Local,3000,3000,3000,22/08/2026
Tamil Nadu,Villupuram,Villupuram(Uzhavar Sandhai ),Brinjal,Round,Local,6000,7000,6500,22/08/2026
Tamil Nadu,Coimbatore,Kurichi(Uzhavar Sandhai ),Brinjal,Round,Local,5200,5800,5500,22/08/2026
Tamil Nadu,Krishnagiri,Kaveripattinam(Uzhavar Sandhai ),Brinjal,Round,Local,4000,5000,4500,22/08/2026
Madhya Pradesh,Mandsaur,Mandsaur(F&V) APMC,Brinjal,Other,Grade B,1175,1550,1300,22/08/2026
Madhya Pradesh,Indore,Indore(F&V) APMC,Brinjal,Brinjal,Local,300,600,400,22/08/2026
Madhya Pradesh,Dhar,Kukshi(F&V) APMC,Brinjal,Brinjal,Grade A,400,800,600,22/08/2026
Madhya Pradesh,Badwani,Sendhwa(F&V) APMC,Brinjal,Round,Small,700,1000,900,22/08/2026
Madhya Pradesh,Sagar,Sagar(F&V) APMC,Brinjal,Brinjal,Local,600,800,700,22/08/2026
Madhya Pradesh,Betul,Betul(F&V) APMC,Brinjal,Brinjal,FAQ,1200,1200,1200,22/08/2026
Maharashtra,Nagpur,Nagpur APMC,Brinjal,Other,Local,1500,2500,2250,22/08/2026
Maharashtra,Pune,Pune(Moshi) APMC,Brinjal,Other,Local,1000,3000,2000,22/08/2026
Maharashtra,Pune,Pune(Manjri) APMC,Brinjal,Other,Local,2000,4000,3000,22/08/2026
Maharashtra,Amarawati,Amrawati(Frui & Veg. Market) APMC,Brinjal,Other,Local,1500,2500,2000,22/08/2026
Maharashtra,Solapur,SHRI.SIDDHESHWAR  APMC,Brinjal,Other,Local,600,4000,2000,22/08/2026
Maharashtra,Pune,Khed(Chakan) APMC,Brinjal,Other,Local,1000,3000,2000,22/08/2026
Maharashtra,Pune,Junnar(Narayangaon) APMC,Brinjal,Other,Local,400,3500,1900,22/08/2026
Maharashtra,Ahilyanagar,Shrirampur APMC,Brinjal,Other,Local,1000,2000,1500,22/08/2026
Maharashtra,Nagpur,Kamthi APMC,Brinjal,Other,Local,2040,2540,2290,22/08/2026
Maharashtra,Satara,Karad APMC,Brinjal,Other,Local,1000,1500,1500,22/08/2026
Maharashtra,Sangli,Vita APMC,Brinjal,Other,Local,2500,3000,2500,22/08/2026
Maharashtra,Kolhapur,Vadgaonpeth APMC,Brinjal,Other,Local,2000,3500,2800,22/08/2026
Maharashtra,Solapur,Akluj APMC,Brinjal,Other,Local,1500,3800,3000,22/08/2026
Maharashtra,Jalgaon,Bhusaval APMC,Brinjal,Other,Local,4000,6000,4500,22/08/2026
Maharashtra,Satara,Vai APMC,Brinjal,Other,Local,2500,3000,2800,22/08/2026
Maharashtra,Satara,Vaduj APMC,Brinjal,Other,Local,6000,8000,7000,22/08/2026
Maharashtra,Kolhapur,Kolhapur APMC,Brinjal,Other,Local,1500,4000,2800,22/08/2026
Maharashtra,Nagpur,Kalmeshwar APMC,Brinjal,Other,Local,1030,1500,1350,22/08/2026
Maharashtra,Nagpur,Ramtek APMC,Brinjal,Other,Local,1000,1500,1200,22/08/2026
Maharashtra,Pune,Pune(Pimpri) APMC,Brinjal,Other,Local,4000,4000,4000,22/08/2026
Maharashtra,Chattrapati Sambhajinagar,Chattrapati Sambhajinagar APMC,Brinjal,Other,Local,1000,2500,1750,22/08/2026
Maharashtra,Mumbai,Mumbai APMC,Brinjal,Other,Local,2000,4000,3000,22/08/2026
Maharashtra,Nashik,Nasik APMC,Brinjal,Other,Local,2000,6000,4400,22/08/2026
Maharashtra,Pune,Junnar(Otur) APMC,Brinjal,Other,Local,1000,3510,2500,22/08/2026
Maharashtra,Solapur,Mangal Wedha APMC,Brinjal,Other,Local,300,4700,2800,22/08/2026
Maharashtra,Ahilyanagar,Rahata APMC,Brinjal,Other,Local,1000,2800,1900,22/08/2026
Uttar Pradesh,Etah,Awagarh APMC,Brinjal,Brinjal,FAQ,1200,1400,1300,22/08/2026
Uttar Pradesh,Saharanpur,CHHUTMALPUR APMC,Brinjal,Brinjal,Local,650,850,750,22/08/2026
Uttar Pradesh,Bulandshahar,Siyana APMC,Brinjal,Other,Medium,800,840,820,22/08/2026
Uttar Pradesh,Balrampur,Tulsipur APMC,Brinjal,Round/Long,FAQ,2130,2220,2160,22/08/2026
Uttar Pradesh,Ballia,Chitwadagaon APMC,Brinjal,Brinjal,FAQ,1040,1120,1080,22/08/2026
Uttar Pradesh,Saharanpur,Rampurmaniharan APMC,Brinjal,Brinjal,Grade C,1000,1200,1100,22/08/2026
Uttar Pradesh,Mathura,Kosikalan APMC,Brinjal,Brinjal,FAQ,1400,1600,1500,22/08/2026
Uttar Pradesh,Baghpat,Khekda APMC,Brinjal,Round/Long,FAQ,1200,1400,1300,22/08/2026
Uttar Pradesh,Badaun,Shahaswan APMC,Brinjal,Brinjal,Medium,1000,1200,1100,22/08/2026
Uttar Pradesh,Etawah,Jasvantnagar APMC,Brinjal,Round/Long,Medium,1560,1660,1610,22/08/2026
Uttar Pradesh,Shamli,Kairana APMC,Brinjal,Round/Long,FAQ,1000,1100,1050,22/08/2026
Uttar Pradesh,Sant Kabir Nagar,Khalilabad APMC,Brinjal,Brinjal,Medium,1200,1400,1300,22/08/2026
Uttar Pradesh,Shamli,Khandhla APMC,Brinjal,Brinjal,FAQ,600,650,625,22/08/2026
Uttar Pradesh,Amroha,Dhanaura APMC,Brinjal,Brinjal,Medium,1650,1800,1700,22/08/2026
Uttar Pradesh,Hathras,Shadabad APMC,Brinjal,Brinjal,Small,800,900,850,22/08/2026
Uttar Pradesh,Kanpur,Baripaal APMC,Brinjal,Brinjal,Medium,1200,1500,1400,22/08/2026
Uttar Pradesh,Bulandshahar,Gulavati APMC,Brinjal,Brinjal,FAQ,1400,1600,1500,22/08/2026
Rajasthan,Ganganagar,Sriganganagar (F&V) APMC,Brinjal,Brinjal,Grade A,1500,1900,1700,22/08/2026
Rajasthan,Udaipur,Udaipur (F&V) APMC,Brinjal,Other,Medium,1500,4000,2750,22/08/2026
Rajasthan,Jalore,Jalore APMC,Brinjal,Brinjal,Local,1500,2000,1800,22/08/2026
Karnataka,Bengaluru South,Ramanagara APMC,Brinjal,Brinjal,Local,4000,6000,5500,22/08/2026
Karnataka,Bengaluru South,Ramanagara APMC,Brinjal,Round,Local,2000,2800,2500,22/08/2026
Karnataka,Chamarajanagar,Chamarajanagar APMC,Brinjal,Other,Local,1000,1400,1200,22/08/2026
Karnataka,Chamarajanagar,Chamarajanagar APMC,Brinjal,Round/Long,Local,1600,3000,2300,22/08/2026
Karnataka,Belagavi,Belgaum APMC,Brinjal,Other,Large,1200,3200,3000,22/08/2026
Gujarat,Dahod,Dahod(Veg. Market) APMC,Brinjal,Brinjal,Local,2000,4000,3000,22/08/2026
Gujarat,Anand,"Anand(Veg,Yard,Anand) APMC",Brinjal,Brinjal,Grade B,4000,4500,4200,22/08/2026
Gujarat,Gandhinagar,Mansa(Manas Veg Yard) APMC,Brinjal,Brinjal,Local,4000,5000,4000,22/08/2026
Gujarat,Mehsana,Mehsana(Mehsana Veg) APMC,Brinjal,Brinjal,Local,3500,7000,5000,22/08/2026
Gujarat,Amreli,Damnagar APMC,Brinjal,Other,Local,2500,2500,2500,22/08/2026
Gujarat,Rajkot,Rajkot(Veg.Sub Yard) APMC,Brinjal,Brinjal,FAQ,1625,3590,2605,22/08/2026
Gujarat,Porbandar,Porbandar APMC,Brinjal,Arkasheela Mattigulla,Local,3000,3500,3250,22/08/2026
Gujarat,Sabarkantha,Himatnagar(Veg.Market Himatnagar) APMC,Brinjal,Round,Local,4500,5000,4800,22/08/2026
Gujarat,Surat,Bardoli(Kadod) APMC,Brinjal,Other,Local,2100,4600,3200,22/08/2026
Gujarat,Banaskanth,Deesa(Deesa Veg Yard) APMC,Brinjal,Other,FAQ,2400,5000,3700,22/08/2026
Gujarat,Rajkot,Gondal(Veg.market Gondal) APMC,Brinjal,Brinjal,Local,500,4500,2500,22/08/2026
Gujarat,Morbi,Vankaner(Sub yard) APMC,Brinjal,Brinjal,FAQ,2000,3000,2500,22/08/2026
Gujarat,Gandhinagar,Mansa(Manas Veg Yard) APMC,Brinjal,Round/Long,Local,3500,7000,6000,22/08/2026
Gujarat,Navsari,Bilimora APMC,Brinjal,Other,FAQ,2000,3500,3200,22/08/2026
Gujarat,Vadodara(Baroda),Padra APMC,Brinjal,Other,FAQ,3000,6000,4500,22/08/2026
Gujarat,Kheda,Nadiyad(Chaklasi) APMC,Brinjal,Brinjal,FAQ,700,800,750,22/08/2026
Gujarat,Morbi,Morbi APMC,Brinjal,Brinjal,FAQ,2000,4000,3000,22/08/2026
Gujarat,Surat,Surat APMC,Brinjal,Brinjal,FAQ,2500,5000,3750,22/08/2026
Gujarat,Navsari,Navsari APMC,Brinjal,Brinjal,Local,3500,4000,3750,22/08/2026
Gujarat,Kheda,Kapadvanj APMC,Brinjal,Brinjal,Medium,2500,5000,3750,22/08/2026
Gujarat,Surendranagar,Vadhvan APMC,Brinjal,Brinjal,Medium,3500,4500,4000,22/08/2026
Gujarat,Kheda,Nadiyad(Piplag) APMC,Brinjal,Brinjal,FAQ,800,900,850,22/08/2026
Haryana,Mewat,FerozpurZirkha(Nagina) APMC,Brinjal,Other,Local,1000,1400,1200,22/08/2026
Haryana,Mahendragarh-Narnaul,Narnaul APMC,Brinjal,Brinjal,Medium,1500,3000,2500,22/08/2026
Haryana,Sonipat,Ganaur APMC,Brinjal,Brinjal,Medium,3000,4000,3500,22/08/2026
Haryana,Yamuna Nagar,Jagadhri APMC,Brinjal,Brinjal,Medium,1200,1500,1500,22/08/2026
Haryana,Hissar,Barwala(Hisar) APMC,Brinjal,Brinjal,Local,1500,2000,1800,22/08/2026
Haryana,Kaithal,Siwan APMC,Brinjal,Other,FAQ,2000,2200,2100,22/08/2026
Haryana,Mewat,Nuh APMC,Brinjal,Other,Local,800,1000,1000,22/08/2026
Haryana,Palwal,Hodal APMC,Brinjal,Brinjal,FAQ,1500,1800,1600,22/08/2026
Haryana,Ambala,Naraingarh APMC,Brinjal,Brinjal,Local,700,2000,1000,22/08/2026
Haryana,Sonipat,Sonepat APMC,Brinjal,Other,FAQ,1200,2500,2000,22/08/2026
Haryana,Panchkula,Barwala APMC,Brinjal,Brinjal,FAQ,2000,2000,2000,22/08/2026
Haryana,Sirsa,KALANWALIAPMC,Brinjal,Other,Local,2000,2000,2000,22/08/2026
Haryana,Rohtak,Sampla APMC,Brinjal,Other,Local,2000,2000,2000,22/08/2026
Haryana,Yamuna Nagar,Radaur APMC,Brinjal,Other,Medium,1100,1400,1200,22/08/2026
Haryana,Ambala,Shahzadpur APMC,Brinjal,Brinjal,FAQ,1000,1400,1400,22/08/2026
Haryana,Fatehabad,Ratia APMC,Brinjal,Other,Grade A,1800,2200,2000,22/08/2026
Haryana,Panipat,Samalkha APMC,Brinjal,Brinjal,FAQ,1500,2000,1800,22/08/2026
Haryana,Faridabad,Ballabhgarh APMC,Brinjal,Other,FAQ,800,1200,1000,22/08/2026
Haryana,Kurukshetra,Shahabad APMC,Brinjal,Brinjal,Medium,700,1500,1200,22/08/2026
Haryana,Kurukshetra,Ladwa APMC,Brinjal,Brinjal,Medium,2500,3500,3000,22/08/2026
Haryana,Panipat,Panipat APMC,Brinjal,Other,Local,1000,2000,1500,22/08/2026
Haryana,Mahendragarh-Narnaul,Mohindergarh APMC,Brinjal,Brinjal,Medium,1000,1500,1200,22/08/2026
Haryana,Panchkula,Raipur Rani APMC,Brinjal,Other,Local,1500,1600,1500,22/08/2026
Haryana,Hissar,Hansi APMC,Brinjal,Other,FAQ,1500,2000,1750,22/08/2026
Haryana,Fatehabad,Jakhal APMC,Brinjal,Other,Local,1500,1500,1500,22/08/2026
Haryana,Rohtak,Meham,Brinjal,Brinjal,Medium,1500,1500,1500,22/08/2026
Haryana,Sonipat,Gohana APMC,Brinjal,Other,Medium,2000,3000,2500,22/08/2026
Punjab,Moga,Dharamkot APMC,Brinjal,Other,Grade A,1500,1800,1800,22/08/2026
Punjab,Gurdaspur,Dhariwal APMC,Brinjal,Brinjal,Grade A,1940,1940,1940,22/08/2026
Punjab,Gurdaspur,Dinanagar APMC,Brinjal,Brinjal,Medium,2300,2500,2400,22/08/2026
Punjab,Ferozpur,Zira APMC,Brinjal,Other,Local,1700,1700,1700,22/08/2026
Punjab,Jalandhar,Mehatpur APMC,Brinjal,Brinjal,Local,1800,2000,1900,22/08/2026
Punjab,Patiala,Dudhansadhan APMC,Brinjal,Other,Grade B,1500,1500,1500,22/08/2026
Punjab,Gurdaspur,Quadian APMC,Brinjal,Other,Grade A,1500,1700,1600,22/08/2026
Punjab,Ludhiana,Jagraon APMC,Brinjal,Other,FAQ,800,800,800,22/08/2026
Punjab,Patiala,Samana APMC,Brinjal,Brinjal,Local,2700,3700,3100,22/08/2026
Punjab,Jalandhar,Adampur APMC,Brinjal,Brinjal,FAQ,1500,1800,1800,22/08/2026
Punjab,Mohali,Lalru APMC,Brinjal,Other,Local,3000,3000,3000,22/08/2026
Punjab,Jalandhar,Nakodar APMC,Brinjal,Round,Local,1350,1350,1350,22/08/2026
Punjab,Sangrur,Ahmedgarh APMC,Brinjal,Brinjal,Local,2000,2200,2200,22/08/2026
Punjab,Tarntaran,Naushera Pannuan APMC,Brinjal,Other,Local,1350,1350,1350,22/08/2026
Punjab,Ludhiana,Ludhiana APMC,Brinjal,Other,FAQ,500,1200,800,22/08/2026
Punjab,Tarntaran,Patti APMC,Brinjal,Other,Local,0.4,0.4,0.4,22/08/2026
Punjab,Amritsar,Rayya APMC,Brinjal,Round,FAQ,2038,2038,2038,22/08/2026
Punjab,Gurdaspur,Dera Baba Nanak APMC,Brinjal,Other,Grade A,633,633,633,22/08/2026
Punjab,Jalandhar,Nakodar APMC,Brinjal,Brinjal,Local,950,950,950,22/08/2026
Punjab,Muktsar,Malout APMC,Brinjal,Brinjal,FAQ,2000,2000,2000,22/08/2026
Punjab,Patiala,Rajpura APMC,Brinjal,Brinjal,Grade B,1800,2000,1900,22/08/2026
Punjab,Ludhiana,Sahnewal APMC,Brinjal,Brinjal,FAQ,2000,2000,2000,22/08/2026
Punjab,Tarntaran,Bhikhiwind APMC,Brinjal,Brinjal,Local,1000,1000,1000,22/08/2026
Punjab,Ludhiana,Doraha APMC,Brinjal,Other,Local,1500,2500,2000,22/08/2026
Punjab,Tarntaran,Khadur Sahib(Fetehabad) APMC,Brinjal,Other,Grade B,1700,1700,1700,22/08/2026
Punjab,Bhatinda,Rampuraphul(Nabha Mandi) APMC,Brinjal,Brinjal,Grade A,900,1500,1000,22/08/2026
Andhra Pradesh,Chittor,Palamaner APMC,Brinjal,Brinjal,FAQ,1400,2000,1600,22/08/2026
West Bengal,Bankura,Bankura Sadar APMC,Brinjal,Brinjal,FAQ,3700,4000,3800,22/08/2026
West Bengal,Coochbehar,Dinhata APMC,Brinjal,Brinjal,FAQ,4800,5200,5000,22/08/2026
West Bengal,Kolkata,Sealdah Koley Market APMC,Brinjal,Other,FAQ,5000,6000,5000,22/08/2026
West Bengal,Sounth 24 Parganas,Baruipur(Canning) APMC,Brinjal,Brinjal,FAQ,4600,5000,4800,22/08/2026
West Bengal,Coochbehar,Baxirhat APMC,Brinjal,Brinjal,FAQ,4800,5200,5000,22/08/2026
West Bengal,Bankura,Bishnupur(Bankura) APMC,Brinjal,Brinjal,FAQ,3600,4500,4200,22/08/2026
West Bengal,Medinipur(E),Tamluk (Medinipur E) APMC,Brinjal,Brinjal,FAQ,3800,4200,4000,22/08/2026
West Bengal,Bankura,Khatra APMC,Brinjal,Round/Long,FAQ,3400,4300,3800,22/08/2026
West Bengal,Uttar Dinajpur,Raiganj APMC,Brinjal,Round/Long,FAQ,4000,4500,4200,22/08/2026
West Bengal,Purba Bardhaman,Guskara APMC,Brinjal,Other,FAQ,5100,5200,5200,22/08/2026
West Bengal,Coochbehar,Toofanganj APMC,Brinjal,Brinjal,FAQ,4800,5200,5000,22/08/2026
West Bengal,Coochbehar,Mekhliganj APMC,Brinjal,Brinjal,FAQ,4800,5200,5000,22/08/2026
West Bengal,Paschim Bardhaman,Durgapur APMC,Brinjal,Other,FAQ,3650,3850,3765,22/08/2026
West Bengal,Purba Bardhaman,Kalna APMC,Brinjal,Brinjal,FAQ,5100,5200,5200,22/08/2026
West Bengal,North 24 Parganas,Habra APMC,Brinjal,Brinjal,FAQ,4500,4500,4500,22/08/2026
West Bengal,Paschim Bardhaman,Asansol APMC,Brinjal,Other,FAQ,3650,3850,3700,22/08/2026
West Bengal,North 24 Parganas,Barasat APMC,Brinjal,Other,FAQ,4000,4000,4000,22/08/2026
West Bengal,Hooghly,Pandua APMC,Brinjal,Round/Long,FAQ,4400,4750,4600,22/08/2026
West Bengal,Coochbehar,Haldibari APMC,Brinjal,Brinjal,FAQ,4800,5200,5000,22/08/2026
West Bengal,Bankura,Indus(Bankura Sadar) APMC,Brinjal,Brinjal,FAQ,3550,3900,3700,22/08/2026
West Bengal,Uttar Dinajpur,Islampur APMC,Brinjal,Brinjal,FAQ,3800,4200,4000,22/08/2026
West Bengal,Hooghly,Kalipur APMC,Brinjal,Brinjal,FAQ,4400,4800,4600,22/08/2026
West Bengal,Coochbehar,Mathabhanga APMC,Brinjal,Brinjal,FAQ,4800,5200,5000,22/08/2026
Odisha,Cuttack,Banki APMC,Brinjal,Other,Medium,5000,6000,5500,22/08/2026
Odisha,Gajapati,Parlakhemundi APMC,Brinjal,Brinjal,Grade Range-1,1300,1500,1400,22/08/2026
Odisha,Kalahandi,Bhawanipatna APMC,Brinjal,Brinjal,Local,2800,2800,2800,22/08/2026
Odisha,Kalahandi,Junagarh APMC,Brinjal,Other,Grade B,2800,3200,3000,22/08/2026
Odisha,Dhenkanal,Hindol APMC,Brinjal,Brinjal,Grade B,4000,5000,4500,22/08/2026
Odisha,Angul,Pallahara APMC,Brinjal,Other,FAQ,3200,3700,3500,22/08/2026
Odisha,Bargarh,Attabira APMC,Brinjal,Other,Local,2550,2850,2700,22/08/2026
Odisha,Kalahandi,Kesinga APMC,Brinjal,Other,Grade B,3200,3600,3400,22/08/2026
Odisha,Bargarh,Godbhaga APMC,Brinjal,Other,Local,2600,2850,2700,22/08/2026
Odisha,Angul,Angul APMC,Brinjal,Other,Grade B,3000,3000,3000,22/08/2026
Odisha,Rayagada,Gunpur APMC,Brinjal,Round,Grade Range-1,12480,13200,12960,22/08/2026
Odisha,Cuttack,Kendupatna(Niali) APMC,Brinjal,Other,Grade B,3000,3500,3300,22/08/2026
Odisha,Bolangir,Kantabaji APMC,Brinjal,Other,Grade B,2000,3000,2500,22/08/2026
Odisha,Sundergarh,Panposh APMC,Brinjal,Brinjal,FAQ,3000,4000,3500,22/08/2026
Odisha,Keonjhar,Keonjhar(Dhekikote) APMC,Brinjal,Other,Local,4000,4500,4000,22/08/2026
Odisha,Kalahandi,Kalahandi(Dharamagarh) APMC,Brinjal,Other,Grade B,2800,3200,3000,22/08/2026
Odisha,Jagatsinghpur,Rahama APMC,Brinjal,Other,Local,4000,6000,5000,22/08/2026
Odisha,Boudh,Boudh APMC,Brinjal,Other,Local,6000,7000,6500,22/08/2026
Odisha,Mayurbhanja,Betnoti APMC,Brinjal,Brinjal,FAQ,4600,5000,4800,22/08/2026
Odisha,Angul,Angaura APMC,Brinjal,Other,Large,2980,3280,3150,22/08/2026
Bihar,Sheikhpura,Barbigha APMC,Brinjal,Arkasheela Mattigulla,FAQ,3380,3510,3440,22/08/2026
Bihar,Sheikhpura,Shekhpura APMC,Brinjal,Arkasheela Mattigulla,FAQ,3345,3500,3420,22/08/2026
Bihar,Muzaffarpur,Bhagwanpur Mandi APMC,Brinjal,Arkasheela Mattigulla,FAQ,2300,2400,2349.41,22/08/2026
Bihar,Buxar,Buxur APMC,Brinjal,Arkasheela Mattigulla,Local,2425,2472,2465,22/08/2026
Bihar,Saharsa,Saharsa APMC,Brinjal,Brinjal,FAQ,1600,1800,1700,22/08/2026
Bihar,Madhubani,Benipatti APMC,Brinjal,Brinjal,FAQ,1900,2000,2000,22/08/2026
Bihar,Madhubani,Madhubani APMC,Brinjal,Brinjal,FAQ,2000,2400,2200,22/08/2026
Bihar,Khagaria,Khagaria APMC,Brinjal,Arkasheela Mattigulla,Grade A,2399.99976,2733.33306,2499.99975,22/08/2026
Bihar,East Champaran/ Motihari,Raxaul APMC,Brinjal,Arkasheela Mattigulla,Grade A,1600,1800,1700,22/08/2026
Bihar,Muzaffarpur,Bhagwanpur Mandi APMC,Brinjal,Arkasheela Mattigulla,Grade C,2000,2200,2120.75,22/08/2026
Bihar,Siwan,Maharjganj APMC,Brinjal,Arkasheela Mattigulla,FAQ,1800,1800,1800,22/08/2026
Bihar,East Champaran/ Motihari,Chakia APMC,Brinjal,Arkasheela Mattigulla,Grade A,1800,2000,1900,22/08/2026
Telangana,Warangal,Warangal APMC,Brinjal,Brinjal,FAQ,2000,2500,2250,22/08/2026
Telangana,Nalgonda,Miryalguda(Rythu Bazar) ,Brinjal,Arkasheela Mattigulla,Grade A,3000,3000,3000,22/08/2026
Telangana,Mahbubnagar,Mahabubnagar(Rythu Bazar),Brinjal,Arkasheela Mattigulla,Local,4000,4000,4000,22/08/2026
Telangana,Siddipet,Vantamamidi APMC,Brinjal,Brinjal,Local,1500,2000,1750,22/08/2026
Telangana,Ranga Reddy,"Vanasthalipuram,RBZ ",Brinjal,Round/Long,Grade A,2300,2300,2300,22/08/2026
Telangana,Hyderabad,RYTHU BAZAR FALAKNUMA,Brinjal,Brinjal,Grade A,2300,2300,2300,22/08/2026
Telangana,Nagarkurnool,Kalwakurthy APMC,Brinjal,Brinjal,Local,2000,2000,2000,22/08/2026
Telangana,Ranga Reddy,Ibrahimpatnam APMC,Brinjal,Brinjal,Local,1500,1500,1500,22/08/2026
Telangana,Siddipet,Siddipet(Rythu Bazar) ,Brinjal,Brinjal,Grade A,3000,4000,3400,22/08/2026
Telangana,Sangareddy,Sangareddy APMC,Brinjal,Brinjal,Grade B,1500,1500,1500,22/08/2026
Telangana,Ranga Reddy,Shadnagar APMC,Brinjal,Brinjal,Local,1200,1900,1500,22/08/2026
Telangana,Hyderabad,RYTHU BAZAR MEHDIPATNAM,Brinjal,Brinjal,Grade A,2300,2300,2300,22/08/2026
Telangana,Hyderabad,"Alwal,RBZ",Brinjal,Other,FAQ,2800,2800,2800,22/08/2026
Telangana,Hyderabad,Mahboob Manison APMC,Brinjal,Brinjal,Medium,1000,2000,1500,22/08/2026
Telangana,Hyderabad,Gudimalkapur APMC,Brinjal,Brinjal,Grade B,400,1000,600,22/08/2026
Telangana,Hyderabad,Bowenpally APMC,Brinjal,Brinjal,FAQ,1000,3000,2500,22/08/2026
Telangana,Ranga Reddy,L B Nagar APMC,Brinjal,Brinjal,Medium,1000,1500,1200,22/08/2026
Telangana,Medchal Malkajgiri,"Kukatpally,RBZ",Brinjal,Brinjal,Local,2300,2300,2300,22/08/2026
Telangana,Karimnagar,Karimnagar APMC,Brinjal,Brinjal,Medium,2500,3000,2750,22/08/2026
Telangana,Ranga Reddy,"Saroornagar,RBZ",Brinjal,Other,Medium,2800,2800,2800,22/08/2026
Telangana,Hyderabad,Bowenpally APMC,Brinjal,Round,FAQ,500,2000,1500,22/08/2026
Telangana,Hyderabad,Bowenpally APMC,Brinjal,Round/Long,FAQ,500,2500,2000,22/08/2026
Telangana,Hyderabad,RYTHU BAZAR ERRAGADDA,Brinjal,Brinjal,Grade A,2800,2800,2800,22/08/2026
Telangana,Nalgonda,Venkateswarnagar APMC,Brinjal,Brinjal,Local,800,1200,1000,22/08/2026
Uttarakhand,Udhamsinghnagar,Kashipur APMC,Brinjal,Other,Local,600,800,700,22/08/2026
Uttarakhand,Garhwal (Pauri),Kotadwara APMC,Brinjal,Brinjal,FAQ,900,900,900,22/08/2026
Uttarakhand,Udhamsinghnagar,Sitarganj APMC,Brinjal,Brinjal,Local,1000,1500,1200,22/08/2026
Uttarakhand,Nanital,Ramnagar APMC,Brinjal,Other,Local,1500,1800,1700,22/08/2026
Uttarakhand,Dehradoon,Rishikesh APMC,Brinjal,Brinjal,Medium,1200,1800,1400,22/08/2026
Uttarakhand,Udhamsinghnagar,Jaspur(UC) APMC,Brinjal,Brinjal,FAQ,1400,1400,1400,22/08/2026
Uttarakhand,Haridwar,Roorkee APMC,Brinjal,Other,Local,650,850,750,22/08/2026
Uttarakhand,Udhamsinghnagar,Khateema APMC,Brinjal,Other,Grade B,1200,1500,1300,22/08/2026
Uttarakhand,Haridwar,Haridwar Union APMC,Brinjal,Other,Local,800,1000,900,22/08/2026
Uttarakhand,Haridwar,Manglaur APMC,Brinjal,Other,Large,500,850,700,22/08/2026
Uttarakhand,Udhamsinghnagar,Rudrapur APMC,Brinjal,Other,Medium,1000,2000,1500,22/08/2026
Uttarakhand,Dehradoon,Dehradoon APMC,Brinjal,Other,Grade B,750,1000,900,22/08/2026
Uttarakhand,Haridwar,Bhagwanpur(Naveen Mandi Sthal) APMC,Brinjal,Other,Grade A,600,800,700,22/08/2026
Himachal Pradesh,Kangra,SMY Nagrota Bagwan,Brinjal,Brinjal,FAQ,2000,2400,2200,22/08/2026
Himachal Pradesh,Una,PMY Una,Brinjal,Brinjal,Local,1300,2000,1700,22/08/2026
Himachal Pradesh,Chamba,PMY Chamba,Brinjal,Brinjal,Medium,2500,3000,2750,22/08/2026
Himachal Pradesh,Kullu,PMY Kullu,Brinjal,Other,FAQ,2500,3000,2800,22/08/2026
Himachal Pradesh,Kangra,SMY Baijnath,Brinjal,Brinjal,Grade A,2800,4000,3000,22/08/2026
Himachal Pradesh,Hamirpur,PMY Hamirpur,Brinjal,Round/Long,Grade B,3000,3500,3250,22/08/2026
Himachal Pradesh,Kangra,SMY Dharamshala,Brinjal,Brinjal,FAQ,2400,2600,2500,22/08/2026
Himachal Pradesh,Mandi,PMY Kangni Mandi,Brinjal,Brinjal,Grade B,1000,2000,1500,22/08/2026
Himachal Pradesh,Kangra,PMY Kangra,Brinjal,Brinjal,FAQ,2200,2500,2350,22/08/2026
Himachal Pradesh,Kangra,SMY Jaisinghpur,Brinjal,Brinjal,FAQ,2800,3200,3000,22/08/2026
Himachal Pradesh,Mandi,SMY Dhanotu,Brinjal,Brinjal,FAQ,1500,2000,1750,22/08/2026
Himachal Pradesh,Kangra,SMY Palampur,Brinjal,Brinjal,FAQ,2500,3000,2800,22/08/2026
Himachal Pradesh,Mandi,SMY Jogindernagar,Brinjal,Brinjal,Grade B,2500,2800,2650,22/08/2026
Himachal Pradesh,Shimla,SMY Rohroo,Brinjal,Arkasheela Mattigulla,Grade B,2800,3000,2900,22/08/2026
Himachal Pradesh,Solan,PMY Kather Solan,Brinjal,Other,Medium,2000,2500,2200,22/08/2026
Assam,Tinsukia,Tinsukia Market,Brinjal,Brinjal,FAQ,3600,4000,3800,22/08/2026
Assam,Kamrup,Uparhali Pmy APMC,Brinjal,Round/Long,FAQ,2500,2700,2600,22/08/2026
Tamil Nadu,Kancheepuram,Kancheepuram(Uzhavar Sandhai ),Cauliflower,Ranchi,Local,3000,3500,3250,22/08/2026
Tamil Nadu,Dharmapuri,Karimangalam(Uzhavar Sandhai),Cauliflower,Ranchi,Local,3300,3500,3400,22/08/2026
Tamil Nadu,Namakkal,Mohanur(Uzhavar Sandhai ),Cauliflower,Ranchi,Local,3500,4000,3750,22/08/2026
Tamil Nadu,Salem,Thammampatti (Uzhavar Sandhai ),Cauliflower,Ranchi,Local,3500,4000,3750,22/08/2026
Tamil Nadu,Thiruvannamalai,Chengam(Uzhavar Sandhai ),Cauliflower,Ranchi,Local,3300,4000,3650,22/08/2026
Tamil Nadu,Sivaganga,Singampunari(Uzhavar Sandhai ),Cauliflower,Ranchi,Local,4200,5200,4700,22/08/2026
Tamil Nadu,Sivaganga,Tirupatthur(Uzhavar Sandhai ),Cauliflower,Ranchi,Local,4000,4500,4250,22/08/2026
Tamil Nadu,Thiruchirappalli,Manachanallur(Uzhavar Sandhai ),Cauliflower,Ranchi,Local,4000,4000,4000,22/08/2026
Tamil Nadu,Virudhunagar,Thalavaipuram(Uzhavar Sandhai ),Cauliflower,Ranchi,Local,2500,3000,2750,22/08/2026
Tamil Nadu,Chengalpattu,Nanganallur(Uzhavar Sandhai ),Cauliflower,Ranchi,Local,2500,3000,2750,22/08/2026
Tamil Nadu,Krishnagiri,Krishnagiri(Uzhavar Sandhai ),Cauliflower,Ranchi,Local,2000,3000,2500,22/08/2026
Tamil Nadu,Salem,Vazhapadi(Uzhavar Sandhai),Cauliflower,Ranchi,Local,3000,3000,3000,22/08/2026
Tamil Nadu,Coimbatore,Udumalpet APMC,Cauliflower,Ranchi,Local,2000,3500,2750,22/08/2026
Tamil Nadu,Erode,Gobichettipalayam(Uzhavar Sandhai ),Cauliflower,Ranchi,Local,4200,4500,4350,22/08/2026
Tamil Nadu,Ramanathapuram,Ramanathapuram(Uzhavar Sandhai ),Cauliflower,Ranchi,Local,5500,6000,5750,22/08/2026
Tamil Nadu,Villupuram,Villupuram(Uzhavar Sandhai ),Cauliflower,Ranchi,Local,3000,3000,3000,22/08/2026
Tamil Nadu,Erode,Sathiyamagalam(Uzhavar Sandhai ),Cauliflower,Ranchi,Local,3000,3300,3150,22/08/2026
Tamil Nadu,Coimbatore,Singanallur(Uzhavar Sandhai ),Cauliflower,Ranchi,Local,4800,5200,5000,22/08/2026
Tamil Nadu,Thiruchirappalli,Manapparai(Uzhavar Sandhai ),Cauliflower,Ranchi,Local,5000,5000,5000,22/08/2026
Tamil Nadu,Thiruchirappalli,Thiruverumbur(Uzhavar Sandhai ),Cauliflower,Ranchi,Local,5000,5000,5000,22/08/2026
Tamil Nadu,Virudhunagar,Sathur(Uzhavar Sandhai ),Cauliflower,Ranchi,Local,3500,4000,3750,22/08/2026
Tamil Nadu,Virudhunagar,Virudhunagar(Uzhavar Sandhai ),Cauliflower,Ranchi,Local,3300,3500,3400,22/08/2026
Tamil Nadu,Nagercoil (Kannyiakumari),Myladi(Uzhavar Sandhai ),Cauliflower,Ranchi,Local,5000,5500,5250,22/08/2026
Tamil Nadu,Thirupur,Tiruppur (South) (Uzhavar Sandhai ),Cauliflower,Ranchi,Local,2500,3000,2750,22/08/2026
Tamil Nadu,Erode,Perundurai(Uzhavar Sandhai ),Cauliflower,Ranchi,Local,2500,3000,2750,22/08/2026
Tamil Nadu,Dharmapuri,Pennagaram(Uzhavar Sandhai ),Cauliflower,Ranchi,Local,2800,3000,2900,22/08/2026
Tamil Nadu,Namakkal,Kumarapalayam(Uzhavar Sandhai ),Cauliflower,Ranchi,Local,3000,4000,3500,22/08/2026
Tamil Nadu,Thiruvannamalai,Tiruvannamalai(Uzhavar Sandhai ),Cauliflower,Ranchi,Local,3500,4000,3750,22/08/2026
Tamil Nadu,Thiruvarur,Mannargudi II(Uzhavar Sandhai ),Cauliflower,Ranchi,Local,6000,6000,6000,22/08/2026
Tamil Nadu,Tuticorin,Kovilpatti(Uzhavar Sandhai ),Cauliflower,Ranchi,Local,5000,5500,5250,22/08/2026
Tamil Nadu,Namakkal,Rasipuram(Uzhavar Sandhai ),Cauliflower,Ranchi,Local,3000,4000,3500,22/08/2026
Tamil Nadu,Ranipet,Arcot(Uzhavar Sandhai ),Cauliflower,Ranchi,Local,3000,4000,3500,22/08/2026
Tamil Nadu,Theni,Theni(Uzhavar Sandhai ),Cauliflower,Ranchi,Local,3000,4000,3500,22/08/2026
Tamil Nadu,Thirunelveli,NGO Colony(Uzhavar Sandhai ),Cauliflower,Ranchi,Local,4000,4500,4250,22/08/2026
Tamil Nadu,Thirupur,Tiruppur (North) (Uzhavar Sandhai ),Cauliflower,Ranchi,Local,2500,3000,2750,22/08/2026
Tamil Nadu,Coimbatore,Sulur(Uzhavar Sandhai ),Cauliflower,Ranchi,Local,4600,5200,4900,22/08/2026
Tamil Nadu,Theni,Devaram(Uzhavar Sandhai ),Cauliflower,Ranchi,Local,3000,3000,3000,22/08/2026
Tamil Nadu,Sivaganga,Sivagangai (Uzhavar Sandhai ),Cauliflower,Ranchi,Local,4200,5200,4700,22/08/2026
Tamil Nadu,Salem,Elampillai(Uzhavar Sandhai ),Cauliflower,Ranchi,Local,2500,3000,2750,22/08/2026
Tamil Nadu,Dindigul,Chinnalapatti(Uzhavar Sandhai ),Cauliflower,Ranchi,Local,4000,5000,4500,22/08/2026
Tamil Nadu,Kancheepuram,Kundrathur(Uzhavar Sandhai ),Cauliflower,Ranchi,Local,3000,3500,3250,22/08/2026
Tamil Nadu,Krishnagiri,Avallapalli(Uzhavar Sandhai ),Cauliflower,Ranchi,Local,3000,3500,3250,22/08/2026
Tamil Nadu,Krishnagiri,Hosur(Uzhavar Sandhai ),Cauliflower,Ranchi,Local,3000,3500,3250,22/08/2026
Tamil Nadu,Nagapattinam,Sirkali(Uzhavar Sandhai ),Cauliflower,Ranchi,Local,5000,5000,5000,22/08/2026
Tamil Nadu,Ranipet,Ranipettai(Uzhavar Sandhai ),Cauliflower,Ranchi,Local,3000,4000,3500,22/08/2026
Tamil Nadu,Salem,Mettur(Uzhavar Sandhai ),Cauliflower,Ranchi,Local,2000,3000,2500,22/08/2026
Tamil Nadu,Theni,Chinnamanur(Uzhavar Sandhai ),Cauliflower,Ranchi,Local,2500,4000,3250,22/08/2026
Tamil Nadu,Sivaganga,Devakottai (Uzhavar Sandhai ),Cauliflower,Ranchi,Local,4000,4200,4100,22/08/2026
Tamil Nadu,Salem,Jalagandapuram(Uzhavar Sandhai ),Cauliflower,Ranchi,Local,2000,2500,2250,22/08/2026
Tamil Nadu,Sivaganga,Karaikudi(Uzhavar Sandhai ),Cauliflower,Ranchi,Local,4500,5500,5000,22/08/2026
Tamil Nadu,Thiruchirappalli,Musiri(Uzhavar Sandhai ),Cauliflower,Ranchi,Local,3500,4000,3750,22/08/2026
Tamil Nadu,Chengalpattu,Chengalpet(Uzhavar Sandhai ),Cauliflower,Ranchi,Local,2500,3000,2750,22/08/2026
Tamil Nadu,Thanjavur,Kumbakonam (Uzhavar Sandhai ),Cauliflower,Ranchi,Local,6000,6000,6000,22/08/2026
Tamil Nadu,Thiruvellore,Tiruthani(Uzhavar Sandhai ),Cauliflower,Ranchi,Local,4000,4000,4000,22/08/2026
Tamil Nadu,Vellore,Katpadi (Uzhavar Sandhai ),Cauliflower,Ranchi,Local,2500,3000,2750,22/08/2026
Tamil Nadu,Karur,Gandhigramam(Uzhavar Sandhai),Cauliflower,Ranchi,Local,3500,4000,3750,22/08/2026
Tamil Nadu,Thirupur,Palladam(Uzhavar Sandhai ),Cauliflower,Ranchi,Local,3500,4000,3750,22/08/2026
Tamil Nadu,Kallakuruchi,Kallakurichi(Uzhavar Sandhai ),Cauliflower,Ranchi,Local,3000,3000,3000,22/08/2026
Tamil Nadu,Coimbatore,Vadavalli(Uzhavar Sandhai ),Cauliflower,Ranchi,Local,3800,4200,4000,22/08/2026
Tamil Nadu,Coimbatore,Sundarapuram(Uzhavar Sandhai ),Cauliflower,Ranchi,Local,4500,5000,4750,22/08/2026
Tamil Nadu,Coimbatore,Mettupalayam(Uzhavar Sandhai ),Cauliflower,Ranchi,Local,4000,4500,4250,22/08/2026
Tamil Nadu,Coimbatore,RSPuram(Uzhavar Sandhai ),Cauliflower,Ranchi,Local,4000,4400,4200,22/08/2026
Tamil Nadu,Karur,Karur(Uzhavar Sandhai ),Cauliflower,Ranchi,Local,3500,4000,3750,22/08/2026
Tamil Nadu,Nagercoil (Kannyiakumari),Vadaseri APMC,Cauliflower,Ranchi,Local,5000,5500,5250,22/08/2026
Tamil Nadu,Dharmapuri,Harur(Uzhavar Sandhai ),Cauliflower,Ranchi,Local,3500,4000,3750,22/08/2026
Tamil Nadu,The Nilgiris,Coonoor(Uzhavar Sandhai ),Cauliflower,Ranchi,Local,4500,5000,4750,22/08/2026
Tamil Nadu,The Nilgiris,Gudalur(Uzhavar Sandhai ),Cauliflower,Ranchi,Local,3500,4000,3750,22/08/2026
Tamil Nadu,Krishnagiri,Denkanikottai(Uzhavar Sandhai ),Cauliflower,Ranchi,Local,3000,3500,3250,22/08/2026
Tamil Nadu,Madurai,Anna nagar(Uzhavar Sandhai ),Cauliflower,Ranchi,Local,4000,4500,4250,22/08/2026
Tamil Nadu,Perambalur,Perambalur(Uzhavar Sandhai ),Cauliflower,Ranchi,Local,4000,5000,4500,22/08/2026
Tamil Nadu,Theni,Kambam(Uzhavar Sandhai ),Cauliflower,Ranchi,Local,3000,3500,3250,22/08/2026
Tamil Nadu,Thirunelveli,Melapalayam(Uzhavar Sandhai ),Cauliflower,Ranchi,Local,4500,5000,4750,22/08/2026
Tamil Nadu,Salem,Edapadi (Uzhavar Sandhai ),Cauliflower,Ranchi,Local,2800,3000,2900,22/08/2026
Tamil Nadu,Thanjavur,Thanjavur(Uzhavar Sandhai ),Cauliflower,Ranchi,Local,5000,5000,5000,22/08/2026
Tamil Nadu,Thiruchirappalli,KKNagar(Uzhavar Sandhai ),Cauliflower,Ranchi,Local,5000,5000,5000,22/08/2026
Tamil Nadu,Virudhunagar,Sivakasi(Uzhavar Sandhai ),Cauliflower,Ranchi,Local,4000,5000,4500,22/08/2026
Tamil Nadu,Chengalpattu,Pallavaram(Uzhavar Sandhai ),Cauliflower,Ranchi,Local,2500,3000,2750,22/08/2026
Tamil Nadu,Chengalpattu,Jameenrayapettai(Uzhavar Sandhai ),Cauliflower,Ranchi,Local,2500,3000,2750,22/08/2026
Tamil Nadu,Madurai,Chokkikulam(Uzhavar Sandhai ),Cauliflower,Ranchi,Local,3500,5000,4250,22/08/2026
Tamil Nadu,Erode,Thalavadi(Uzhavar Sandhai ),Cauliflower,Ranchi,Local,2500,3000,2750,22/08/2026
Tamil Nadu,Tenkasi,Tenkasi(Uzhavar Sandhai ),Cauliflower,Ranchi,Local,5000,5000,5000,22/08/2026
Tamil Nadu,Pudukkottai,Pudukottai(Uzhavar Sandhai ),Cauliflower,Ranchi,Local,5000,6000,5500,22/08/2026
Tamil Nadu,Theni,Bodinayakanur(Uzhavar Sandhai ),Cauliflower,Ranchi,Local,3500,4000,3750,22/08/2026
Tamil Nadu,Karur,Kulithalai(Uzhavar Sandhai ),Cauliflower,Ranchi,Local,4000,4500,4250,22/08/2026
Tamil Nadu,Thirupathur,Natrampalli(Uzhavar Sandhai ),Cauliflower,Ranchi,Local,2500,3000,2750,22/08/2026
Tamil Nadu,Salem,Athur(Uzhavar Sandhai ),Cauliflower,Ranchi,Local,2500,3000,2750,22/08/2026
Tamil Nadu,Virudhunagar,Srivilliputhur(Uzhavar Sandhai ),Cauliflower,Ranchi,Local,2500,3000,2750,22/08/2026
Tamil Nadu,Thiruvarur,Mannargudi I(Uzhavar Sandhai ),Cauliflower,Ranchi,Local,6000,6000,6000,22/08/2026
Tamil Nadu,Cuddalore,Cuddalore(Uzhavar Sandhai ),Cauliflower,Ranchi,Local,4000,4000,4000,22/08/2026
Tamil Nadu,Vellore,Thirupathur APMC,Cauliflower,Ranchi,Local,3000,3000,3000,22/08/2026
Tamil Nadu,Dharmapuri,Dharmapuri(Uzhavar Sandhai ),Cauliflower,Ranchi,Local,4200,4500,4350,22/08/2026
Tamil Nadu,Dharmapuri,Palacode(Uzhavar Sandhai ),Cauliflower,Ranchi,Local,2500,3000,2750,22/08/2026
Tamil Nadu,Dindigul,Dindigul(Uzhavar Sandhai ),Cauliflower,Ranchi,Local,5000,6000,5500,22/08/2026
Tamil Nadu,Kancheepuram,Padappai(Uzhavar Sandhai ),Cauliflower,Ranchi,Local,3000,3500,3250,22/08/2026
Tamil Nadu,Kancheepuram,Sunguvarchatram(Uzhavar Sandhai ),Cauliflower,Ranchi,Local,3000,3500,3250,22/08/2026
Tamil Nadu,Madurai,Anaiyur(Uzhavar Sandhai ),Cauliflower,Ranchi,Local,3500,4000,3750,22/08/2026
Tamil Nadu,Namakkal,Namakkal(Uzhavar Sandhai ),Cauliflower,Ranchi,Local,2500,4000,3250,22/08/2026
Tamil Nadu,Namakkal,Paramathivelur(Uzhavar Sandhai ),Cauliflower,Ranchi,Local,3500,4000,3750,22/08/2026
Tamil Nadu,Madurai,Palanganatham(Uzhavar Sandhai ),Cauliflower,Ranchi,Local,4000,5000,4500,22/08/2026
Tamil Nadu,Salem,Ammapet(Uzhavar Sandhai ),Cauliflower,Ranchi,Local,2500,3000,2750,22/08/2026
Tamil Nadu,Thiruchirappalli,Thuraiyur APMC,Cauliflower,Ranchi,Local,4500,5000,4750,22/08/2026
Tamil Nadu,Salem,Thathakapatti(Uzhavar Sandhai ),Cauliflower,Ranchi,Local,2000,2500,2250,22/08/2026
Tamil Nadu,Thirunelveli,Palayamkottai(Uzhavar Sandhai ),Cauliflower,Ranchi,Local,4500,5000,4750,22/08/2026
Tamil Nadu,Thirupur,Kangayam(Uzhavar Sandhai ),Cauliflower,Ranchi,Local,3000,3400,3200,22/08/2026
Tamil Nadu,Dharmapuri,AJattihalli(Uzhavar Sandhai ),Cauliflower,Ranchi,Local,4500,4500,4500,22/08/2026
Tamil Nadu,Salem,Hasthampatti(Uzhavar Sandhai ),Cauliflower,Ranchi,Local,2500,3000,2750,22/08/2026
Tamil Nadu,Thanjavur,Pattukottai(Uzhavar Sandhai ),Cauliflower,Ranchi,Local,4800,4800,4800,22/08/2026
Tamil Nadu,Thiruchirappalli,Lalgudi(Uzhavar Sandhai ),Cauliflower,Ranchi,Local,4000,4000,4000,22/08/2026
Tamil Nadu,Virudhunagar,Rajapalayam(Uzhavar Sandhai ),Cauliflower,Ranchi,Local,2500,3000,2750,22/08/2026
Tamil Nadu,The Nilgiris,Udhagamandalam(Uzhavar Sandhai ),Cauliflower,Ranchi,Local,4000,4500,4250,22/08/2026
Tamil Nadu,Theni,Andipatti(Uzhavar Sandhai ),Cauliflower,Ranchi,Local,2000,2500,2250,22/08/2026
Tamil Nadu,Virudhunagar,Aruppukottai(Uzhavar Sandhai ),Cauliflower,Ranchi,Local,3500,4000,3750,22/08/2026
Tamil Nadu,Virudhunagar,Kariyapatti(Uzhavar Sandhai ),Cauliflower,Ranchi,Local,3500,4000,3750,22/08/2026
Tamil Nadu,Thirupur,Dharapuram(Uzhavar Sandhai ),Cauliflower,Ranchi,Local,3000,3500,3250,22/08/2026
Tamil Nadu,Nagapattinam,Mayiladuthurai(Uzhavar Sandhai ),Cauliflower,Ranchi,Local,5000,5000,5000,22/08/2026
Tamil Nadu,Ramanathapuram,Paramakudi(Uzhavar Sandhai ),Cauliflower,Ranchi,Local,5000,5500,5250,22/08/2026
Tamil Nadu,Thiruvannamalai,Polur(Uzhavar Sandhai ),Cauliflower,Ranchi,Local,3000,3600,3300,22/08/2026
Tamil Nadu,Vellore,Kahithapattarai(Uzhavar Sandhai ),Cauliflower,Ranchi,Local,2500,2500,2500,22/08/2026
Tamil Nadu,Namakkal,Tiruchengode APMC,Cauliflower,Ranchi,Local,2500,3000,2750,22/08/2026
Tamil Nadu,Coimbatore,Pollachi(Uzhavar Sandhai ),Cauliflower,Ranchi,Local,4000,4500,4250,22/08/2026
Madhya Pradesh,Badwani,Sendhwa(F&V) APMC,Cauliflower,Cauliflower,Medium,900,1100,1000,22/08/2026
Madhya Pradesh,Dhar,Kukshi(F&V) APMC,Cauliflower,Cauliflower,Grade A,1000,2000,1500,22/08/2026
Madhya Pradesh,Betul,Betul(F&V) APMC,Cauliflower,Cauliflower,FAQ,1800,1800,1800,22/08/2026
Madhya Pradesh,Indore,Indore(F&V) APMC,Cauliflower,Cauliflower,Local,600,1200,800,22/08/2026
Madhya Pradesh,Mandsaur,Mandsaur(F&V) APMC,Cauliflower,Other,Grade B,1050,2275,1550,22/08/2026
Maharashtra,Kolhapur,Vadgaonpeth APMC,Cauliflower,Other,Local,1800,3500,2600,22/08/2026
Maharashtra,Solapur,SHRI.SIDDHESHWAR  APMC,Cauliflower,Other,Local,560,1440,960,22/08/2026
Maharashtra,Chattrapati Sambhajinagar,Chattrapati Sambhajinagar APMC,Cauliflower,Other,Local,1200,1500,1350,22/08/2026
Maharashtra,Pune,Khed(Chakan) APMC,Cauliflower,Other,Local,800,3000,2000,22/08/2026
Maharashtra,Pune,Junnar(Narayangaon) APMC,Cauliflower,Other,Local,300,2000,1100,22/08/2026
Maharashtra,Pune,Junnar(Otur) APMC,Cauliflower,Other,Local,500,2210,1500,22/08/2026
Maharashtra,Satara,Karad APMC,Cauliflower,Other,Local,1500,2500,2500,22/08/2026
Maharashtra,Kolhapur,Kolhapur APMC,Cauliflower,Other,Local,750,1250,1000,22/08/2026
Maharashtra,Chandrapur,Chandrapur(Ganjwad) APMC,Cauliflower,Other,Local,1500,2500,2000,22/08/2026
Maharashtra,Pune,Pune(Pimpri) APMC,Cauliflower,Other,Local,1800,1800,1800,22/08/2026
Maharashtra,Nagpur,Nagpur APMC,Cauliflower,Other,Local,1500,2500,2250,22/08/2026
Maharashtra,Nagpur,Kamthi APMC,Cauliflower,Other,Local,3060,3560,3310,22/08/2026
Maharashtra,Mumbai,Mumbai APMC,Cauliflower,Other,Local,1400,2000,1700,22/08/2026
Maharashtra,Pune,Pune(Moshi) APMC,Cauliflower,Other,Local,1500,2000,1750,22/08/2026
Maharashtra,Satara,Vai APMC,Cauliflower,Other,Local,2500,3000,2800,22/08/2026
Maharashtra,Nagpur,Ramtek APMC,Cauliflower,Other,Local,2000,3000,2500,22/08/2026
Maharashtra,Solapur,Akluj APMC,Cauliflower,Other,Local,1000,1500,1300,22/08/2026
Maharashtra,Amarawati,Amrawati(Frui & Veg. Market) APMC,Cauliflower,Other,Local,3000,4000,3500,22/08/2026
Maharashtra,Nashik,Nasik APMC,Cauliflower,Other,Local,535,1320,1000,22/08/2026
Maharashtra,Pune,Pune(Manjri) APMC,Cauliflower,Other,Local,1200,2400,1600,22/08/2026
Maharashtra,Ahilyanagar,Shrirampur APMC,Cauliflower,Other,Local,500,700,600,22/08/2026
Uttar Pradesh,Mathura,Kosikalan APMC,Cauliflower,Cauliflower,FAQ,5100,5200,5160,22/08/2026
Uttar Pradesh,Kanpur,Baripaal APMC,Cauliflower,Cauliflower,Medium,3000,3400,3200,22/08/2026
Uttar Pradesh,Sant Kabir Nagar,Khalilabad APMC,Cauliflower,Cauliflower,Medium,2800,3000,2900,22/08/2026
Uttar Pradesh,Bulandshahar,Gulavati APMC,Cauliflower,Cauliflower,FAQ,2000,2200,2100,22/08/2026
Uttar Pradesh,Khiri (Lakhimpur),Maigalganj APMC,Cauliflower,Cauliflower,FAQ,1480,1520,1500,22/08/2026
Uttar Pradesh,Bulandshahar,Siyana APMC,Cauliflower,Cauliflower,Medium,1500,1520,1510,22/08/2026
Uttar Pradesh,Saharanpur,CHHUTMALPUR APMC,Cauliflower,Cauliflower,Local,2300,2600,2400,22/08/2026
Rajasthan,Udaipur,Udaipur (F&V) APMC,Cauliflower,Other,Medium,2000,5000,4000,22/08/2026
Rajasthan,Ganganagar,Sriganganagar (F&V) APMC,Cauliflower,Cauliflower,Grade A,4100,4500,4300,22/08/2026
Karnataka,Bengaluru South,Ramanagara APMC,Cauliflower,Cauliflower,Local,2000,2800,2500,22/08/2026
Gujarat,Navsari,Navsari APMC,Cauliflower,Cauliflower,Local,2500,4000,3250,22/08/2026
Gujarat,Dahod,Dahod(Veg. Market) APMC,Cauliflower,Cauliflower,Local,500,2500,2000,22/08/2026
Gujarat,Surat,Surat APMC,Cauliflower,Cauliflower,FAQ,1000,2500,1750,22/08/2026
Gujarat,Porbandar,Porbandar APMC,Cauliflower,African Sarson,Local,5000,6000,5500,22/08/2026
Gujarat,Kheda,Kapadvanj APMC,Cauliflower,Cauliflower,Medium,2500,4000,3250,22/08/2026
Gujarat,Mehsana,Mehsana(Mehsana Veg) APMC,Cauliflower,Cauliflower,Local,1750,6500,3500,22/08/2026
Gujarat,Surendranagar,Vadhvan APMC,Cauliflower,Cauliflower,Medium,3500,4000,3750,22/08/2026
Gujarat,Amreli,Damnagar APMC,Cauliflower,Cauliflower,Local,5000,5000,5000,22/08/2026
Gujarat,Mehsana,Vijapur(Vegetable) APMC,Cauliflower,Other,Grade A,550,5000,2750,22/08/2026
Gujarat,Anand,"Anand(Veg,Yard,Anand) APMC",Cauliflower,Cauliflower,Grade B,2000,2500,2250,22/08/2026
Gujarat,Navsari,Bilimora APMC,Cauliflower,Other,FAQ,1500,3000,2500,22/08/2026
Gujarat,Gandhinagar,"Kalol(Veg,Market,Kalol) APMC",Cauliflower,Cauliflower,Local,1900,2500,2250,22/08/2026
Gujarat,Banaskanth,Deesa(Deesa Veg Yard) APMC,Cauliflower,Other,FAQ,3000,5500,4250,22/08/2026
Gujarat,Vadodara(Baroda),Padra APMC,Cauliflower,Other,FAQ,3000,3500,3250,22/08/2026
Gujarat,Kheda,Nadiyad(Piplag) APMC,Cauliflower,Cauliflower,FAQ,1600,2000,1800,22/08/2026
Gujarat,Sabarkantha,Himatnagar(Veg.Market Himatnagar) APMC,Cauliflower,Cauliflower,Local,4000,4500,4400,22/08/2026
Gujarat,Kheda,Nadiyad(Chaklasi) APMC,Cauliflower,Cauliflower,FAQ,1600,1800,1700,22/08/2026
Gujarat,Gandhinagar,Mansa(Manas Veg Yard) APMC,Cauliflower,Cauliflower,Local,5000,5000,5000,22/08/2026
Gujarat,Rajkot,Gondal(Veg.market Gondal) APMC,Cauliflower,Cauliflower,Local,1000,5000,3000,22/08/2026
Haryana,Mahendragarh-Narnaul,Mohindergarh APMC,Cauliflower,Cauliflower,Medium,1500,1500,1500,22/08/2026
Haryana,Panchkula,Raipur Rani APMC,Cauliflower,Cauliflower,Local,2900,3000,2900,22/08/2026
Haryana,Kurukshetra,Shahabad APMC,Cauliflower,Cauliflower,Medium,3000,5500,5000,22/08/2026
Haryana,Kurukshetra,Ladwa APMC,Cauliflower,Cauliflower,Medium,7000,9000,8000,22/08/2026
Haryana,Ambala,Naraingarh APMC,Cauliflower,Cauliflower,Medium,2500,5000,3000,22/08/2026
Haryana,Panipat,Samalkha APMC,Cauliflower,Cauliflower,FAQ,2500,2500,2500,22/08/2026
Haryana,Ambala,Shahzadpur APMC,Cauliflower,Cauliflower,FAQ,3100,3100,3100,22/08/2026
Haryana,Yamuna Nagar,Radaur APMC,Cauliflower,Other,Medium,4500,5000,4800,22/08/2026
Haryana,Hissar,Barwala(Hisar) APMC,Cauliflower,Cauliflower,Local,3500,5000,4500,22/08/2026
Haryana,Mahendragarh-Narnaul,Narnaul APMC,Cauliflower,Cauliflower,Medium,5000,6000,5500,22/08/2026
Haryana,Panchkula,Barwala APMC,Cauliflower,Local,FAQ,3000,3000,3000,22/08/2026
Haryana,Sonipat,Ganaur APMC,Cauliflower,Other,Medium,6000,8000,7000,22/08/2026
Haryana,Yamuna Nagar,Jagadhri APMC,Cauliflower,Cauliflower,Medium,3000,4000,4000,22/08/2026
Haryana,Gurgaon,Pataudi APMC,Cauliflower,Other,Grade B,3000,4000,3500,22/08/2026
Haryana,Kaithal,Siwan APMC,Cauliflower,Other,FAQ,3300,3500,3400,22/08/2026
Haryana,Fatehabad,Ratia APMC,Cauliflower,Other,Grade A,4000,5000,4500,22/08/2026
Haryana,Kaithal,Pundri APMC,Cauliflower,Other,FAQ,2600,2700,2650,22/08/2026
Haryana,Sonipat,Sonepat APMC,Cauliflower,Other,FAQ,4000,5000,4000,22/08/2026
Haryana,Faridabad,Ballabhgarh APMC,Cauliflower,Cauliflower,FAQ,1000,3000,2000,22/08/2026
Haryana,Hissar,Hansi APMC,Cauliflower,Other,FAQ,4000,5000,4500,22/08/2026
Punjab,Patiala,Dudhansadhan APMC,Cauliflower,Other,Grade B,5000,5000,5000,22/08/2026
Punjab,Gurdaspur,Dinanagar APMC,Cauliflower,Cauliflower,Medium,4500,5000,4800,22/08/2026
Punjab,Ludhiana,Raikot APMC,Cauliflower,Cauliflower,Grade A,3960,3960,3960,22/08/2026
Punjab,Patiala,Rajpura APMC,Cauliflower,Cauliflower,Grade B,2000,2400,2200,22/08/2026
Punjab,Ludhiana,Samrala APMC,Cauliflower,Other,Local,2500,3300,3000,22/08/2026
Punjab,Hoshiarpur,Mukerian(Talwara) APMC,Cauliflower,Cauliflower,FAQ,3000,5000,4000,22/08/2026
Punjab,Ferozpur,Zira APMC,Cauliflower,Other,Local,5000,5000,5000,22/08/2026
Punjab,Tarntaran,Patti APMC,Cauliflower,Other,Local,1000,1000,1000,22/08/2026
Punjab,Muktsar,Malout APMC,Cauliflower,Cauliflower,FAQ,4500,4500,4500,22/08/2026
Punjab,Ludhiana,Sahnewal APMC,Cauliflower,Cauliflower,FAQ,4500,4500,4500,22/08/2026
Punjab,Ludhiana,Ludhiana APMC,Cauliflower,Other,FAQ,1400,3300,2300,22/08/2026
Punjab,Jalandhar,Adampur APMC,Cauliflower,Cauliflower,FAQ,4000,4500,4500,22/08/2026
Punjab,Ludhiana,Doraha APMC,Cauliflower,Local,Local,3000,4000,3500,22/08/2026
Punjab,Bhatinda,Rampuraphul(Nabha Mandi) APMC,Cauliflower,Cauliflower,Grade A,2500,3500,3000,22/08/2026
Punjab,Mohali,Lalru APMC,Cauliflower,Other,Local,4300,4300,4300,22/08/2026
Punjab,Amritsar,Rayya APMC,Cauliflower,Local,FAQ,3185,3185,3185,22/08/2026
Punjab,Ludhiana,Jagraon APMC,Cauliflower,Other,FAQ,1800,1800,1800,22/08/2026
Punjab,Patiala,Samana APMC,Cauliflower,Cauliflower,Local,2000,2800,2300,22/08/2026
Punjab,Moga,Dharamkot APMC,Cauliflower,Other,FAQ,4000,4200,4200,22/08/2026
Andhra Pradesh,Chittor,Palamaner APMC,Cauliflower,Cauliflower,FAQ,1200,2000,1600,22/08/2026
Odisha,Sundergarh,Panposh APMC,Cauliflower,Other,FAQ,4000,4500,4200,22/08/2026
Odisha,Kalahandi,Kesinga APMC,Cauliflower,Other,Grade B,6200,7000,6500,22/08/2026
Odisha,Rayagada,Gunpur APMC,Cauliflower,Cauliflower,Grade Range-2,3200,3540,3450,22/08/2026
Odisha,Keonjhar,Keonjhar(Dhekikote) APMC,Cauliflower,Other,Local,6000,7000,7000,22/08/2026
Odisha,Boudh,Boudh APMC,Cauliflower,Other,Local,8000,9000,8500,22/08/2026
Bihar,Madhubani,Madhubani APMC,Cauliflower,Cauliflower,FAQ,9200,9800,9500,22/08/2026
Bihar,Muzaffarpur,Bhagwanpur Mandi APMC,Cauliflower,African Sarson,Grade A,6200,6200,6200,22/08/2026
Bihar,Khagaria,Khagaria APMC,Cauliflower,African Sarson,Grade A,3499.99965,4499.99955,3749.999625,22/08/2026
Telangana,Hyderabad,RYTHU BAZAR MEHDIPATNAM,Cauliflower,Cauliflower,Grade A,1800,1800,1800,22/08/2026
Telangana,Hyderabad,RYTHU BAZAR ERRAGADDA,Cauliflower,Cauliflower,Grade A,1800,1800,1800,22/08/2026
Telangana,Medchal Malkajgiri,"Kukatpally,RBZ",Cauliflower,African Sarson,Local,1800,1800,1800,22/08/2026
Telangana,Hyderabad,Bowenpally APMC,Cauliflower,Cauliflower,FAQ,500,1500,1200,22/08/2026
Telangana,Hyderabad,Mahboob Manison APMC,Cauliflower,Cauliflower,Medium,2500,2500,2500,22/08/2026
Telangana,Mahbubnagar,Mahabubnagar(Rythu Bazar),Cauliflower,Cauliflower,Local,3000,3000,3000,22/08/2026
Telangana,Warangal,Warangal APMC,Cauliflower,Cauliflower,FAQ,2500,3000,2750,22/08/2026
Telangana,Siddipet,Siddipet(Rythu Bazar) ,Cauliflower,African Sarson,Grade A,2500,3500,3000,22/08/2026
Telangana,Ranga Reddy,"Vanasthalipuram,RBZ ",Cauliflower,Cauliflower,Grade A,1800,1800,1800,22/08/2026
Telangana,Hyderabad,RYTHU BAZAR FALAKNUMA,Cauliflower,Cauliflower,Grade A,1800,1800,1800,22/08/2026
Telangana,Ranga Reddy,"Saroornagar,RBZ",Cauliflower,Cauliflower,Medium,1800,1800,1800,22/08/2026
Telangana,Ranga Reddy,L B Nagar APMC,Cauliflower,Cauliflower,Medium,2000,2500,2200,22/08/2026
Telangana,Hyderabad,Gudimalkapur APMC,Cauliflower,Cauliflower,Grade B,1500,2500,2000,22/08/2026
Uttarakhand,Haridwar,Haridwar Union APMC,Cauliflower,Other,Local,1000,1500,1200,22/08/2026
Uttarakhand,Udhamsinghnagar,Kashipur APMC,Cauliflower,Other,Local,2000,2400,2200,22/08/2026
Uttarakhand,Udhamsinghnagar,Kicchha APMC,Cauliflower,Cauliflower,Medium,1800,1900,1850,22/08/2026
Uttarakhand,Haridwar,Roorkee APMC,Cauliflower,Other,Local,1000,1400,1200,22/08/2026
Uttarakhand,Udhamsinghnagar,Jaspur(UC) APMC,Cauliflower,Other,FAQ,1200,1800,1511,22/08/2026
Himachal Pradesh,Kangra,SMY Nagrota Bagwan,Cauliflower,Cauliflower,FAQ,6000,6500,6200,22/08/2026
Himachal Pradesh,Mandi,SMY Jogindernagar,Cauliflower,Local,Grade B,3000,6000,4500,22/08/2026
Himachal Pradesh,Bilaspur,PMY Bilaspur,Cauliflower,Local,Grade B,5000,6000,5500,22/08/2026
Himachal Pradesh,Mandi,PMY Kangni Mandi,Cauliflower,Cauliflower,Grade B,2000,5000,4500,22/08/2026
Himachal Pradesh,Mandi,SMY Dhanotu,Cauliflower,Cauliflower,FAQ,3000,5000,4000,22/08/2026
Himachal Pradesh,Una,PMY Una,Cauliflower,Cauliflower,Local,4000,5000,4500,22/08/2026
Himachal Pradesh,Hamirpur,PMY Hamirpur,Cauliflower,Cauliflower,Grade B,7000,7500,7250,22/08/2026
Himachal Pradesh,Shimla,SMY Rohroo,Cauliflower,Cauliflower,Grade B,7000,8000,7500,22/08/2026
Himachal Pradesh,Kangra,SMY Dharamshala,Cauliflower,Cauliflower,FAQ,5800,6200,6000,22/08/2026
Himachal Pradesh,Hamirpur,SMY Nadaun,Cauliflower,Cauliflower,Grade B,6000,6200,6100,22/08/2026
Himachal Pradesh,Solan,PMY Kather Solan,Cauliflower,Other,Medium,4500,5000,4800,22/08/2026
Himachal Pradesh,Kangra,PMY Kangra,Cauliflower,Cauliflower,FAQ,6000,7000,6500,22/08/2026
Himachal Pradesh,Kangra,SMY Baijnath,Cauliflower,Cauliflower,Grade A,5500,5600,5600,22/08/2026
Himachal Pradesh,Kangra,SMY Jaisinghpur,Cauliflower,Cauliflower,FAQ,5800,6500,6200,22/08/2026
Himachal Pradesh,Kangra,SMY Palampur,Cauliflower,Cauliflower,FAQ,5500,6500,6000,22/08/2026
Assam,Tinsukia,Tinsukia Market,Cauliflower,Cauliflower,FAQ,7000,9000,8000,22/08/2026
Tamil Nadu,Dharmapuri,Pennagaram(Uzhavar Sandhai ),Cabbage,Cabbage,Local,3600,4000,3800,22/08/2026
Tamil Nadu,Kancheepuram,Kundrathur(Uzhavar Sandhai ),Cabbage,Cabbage,Local,3000,3000,3000,22/08/2026
Tamil Nadu,Namakkal,Kumarapalayam(Uzhavar Sandhai ),Cabbage,Cabbage,Local,3600,4000,3800,22/08/2026
Tamil Nadu,Thirupur,Tiruppur (North) (Uzhavar Sandhai ),Cabbage,Cabbage,Local,1500,2000,1750,22/08/2026
Tamil Nadu,Dharmapuri,AJattihalli(Uzhavar Sandhai ),Cabbage,Cabbage,Local,3000,3400,3200,22/08/2026
Tamil Nadu,Thanjavur,Pattukottai(Uzhavar Sandhai ),Cabbage,Cabbage,Local,3400,3400,3400,22/08/2026
Tamil Nadu,Thiruchirappalli,Manapparai(Uzhavar Sandhai ),Cabbage,Cabbage,Local,3600,3600,3600,22/08/2026
Tamil Nadu,Chengalpattu,Chengalpet(Uzhavar Sandhai ),Cabbage,Cabbage,Local,2500,3000,2750,22/08/2026
Tamil Nadu,Chengalpattu,Pallavaram(Uzhavar Sandhai ),Cabbage,Cabbage,Local,2000,2500,2250,22/08/2026
Tamil Nadu,Erode,Thalavadi(Uzhavar Sandhai ),Cabbage,Cabbage,Local,1800,2200,2000,22/08/2026
Tamil Nadu,The Nilgiris,Udhagamandalam(Uzhavar Sandhai ),Cabbage,Cabbage,Local,2000,2500,2250,22/08/2026
Tamil Nadu,Virudhunagar,Kariyapatti(Uzhavar Sandhai ),Cabbage,Cabbage,Local,3000,3500,3250,22/08/2026
Tamil Nadu,Karur,Kulithalai(Uzhavar Sandhai ),Cabbage,Cabbage,Local,3000,3200,3100,22/08/2026
Tamil Nadu,Erode,Gobichettipalayam(Uzhavar Sandhai ),Cabbage,Cabbage,Local,2400,2600,2500,22/08/2026
Tamil Nadu,Erode,Sampath Nagar(Uzhavar Sandhai ),Cabbage,Cabbage,Local,2200,2500,2350,22/08/2026
Tamil Nadu,Nagapattinam,Mayiladuthurai(Uzhavar Sandhai ),Cabbage,Cabbage,Local,4000,4000,4000,22/08/2026
Tamil Nadu,Thiruvannamalai,Arani(Uzhavar Sandhai ),Cabbage,Cabbage,Local,3000,3600,3300,22/08/2026
Tamil Nadu,Thiruvarur,Mannargudi I(Uzhavar Sandhai ),Cabbage,Cabbage,Local,3000,3000,3000,22/08/2026
Tamil Nadu,Erode,Sathiyamagalam(Uzhavar Sandhai ),Cabbage,Cabbage,Local,2800,3200,3000,22/08/2026
Tamil Nadu,Karur,Karur(Uzhavar Sandhai ),Cabbage,Cabbage,Local,4500,5000,4750,22/08/2026
Tamil Nadu,Dharmapuri,Harur(Uzhavar Sandhai ),Cabbage,Cabbage,Local,3000,3500,3250,22/08/2026
Tamil Nadu,Dindigul,Chinnalapatti(Uzhavar Sandhai ),Cabbage,Cabbage,Local,3600,4000,3800,22/08/2026
Tamil Nadu,Kancheepuram,Padappai(Uzhavar Sandhai ),Cabbage,Cabbage,Local,2000,2500,2250,22/08/2026
Tamil Nadu,Namakkal,Rasipuram(Uzhavar Sandhai ),Cabbage,Cabbage,Local,3800,4000,3900,22/08/2026
Tamil Nadu,Salem,Ammapet(Uzhavar Sandhai ),Cabbage,Cabbage,Local,2500,3000,2750,22/08/2026
Tamil Nadu,Salem,Sooramangalam(Uzhavar Sandhai ),Cabbage,Cabbage,Local,2500,3000,2750,22/08/2026
Tamil Nadu,Theni,Chinnamanur(Uzhavar Sandhai ),Cabbage,Cabbage,Local,3200,3200,3200,22/08/2026
Tamil Nadu,Thirunelveli,Melapalayam(Uzhavar Sandhai ),Cabbage,Cabbage,Local,2800,3000,2900,22/08/2026
Tamil Nadu,Coimbatore,Sulur(Uzhavar Sandhai ),Cabbage,Cabbage,Local,2800,3200,3000,22/08/2026
Tamil Nadu,Theni,Devaram(Uzhavar Sandhai ),Cabbage,Cabbage,Local,3000,3000,3000,22/08/2026
Tamil Nadu,Sivaganga,Sivagangai (Uzhavar Sandhai ),Cabbage,Cabbage,Local,2800,3200,3000,22/08/2026
Tamil Nadu,Salem,Jalagandapuram(Uzhavar Sandhai ),Cabbage,Cabbage,Local,2500,3000,2750,22/08/2026
Tamil Nadu,Virudhunagar,Thalavaipuram(Uzhavar Sandhai ),Cabbage,Cabbage,Local,3200,4000,3600,22/08/2026
Tamil Nadu,Thanjavur,Kumbakonam (Uzhavar Sandhai ),Cabbage,Cabbage,Local,3600,3600,3600,22/08/2026
Tamil Nadu,Salem,Vazhapadi(Uzhavar Sandhai),Cabbage,Cabbage,Local,4000,4000,4000,22/08/2026
Tamil Nadu,Thirupur,Palladam(Uzhavar Sandhai ),Cabbage,Cabbage,Local,2500,3000,2750,22/08/2026
Tamil Nadu,Coimbatore,Udumalpet APMC,Cabbage,Cabbage,Local,3000,3500,3250,22/08/2026
Tamil Nadu,Vellore,Pallikonda(Uzhavar Sandhai),Cabbage,Cabbage,Local,2500,3000,2750,22/08/2026
Tamil Nadu,Tuticorin,Kovilpatti(Uzhavar Sandhai ),Cabbage,Cabbage,Local,4000,4500,4250,22/08/2026
Tamil Nadu,Thiruvannamalai,Cheyyar(Uzhavar Sandhai ),Cabbage,Cabbage,Local,3000,3600,3300,22/08/2026
Tamil Nadu,Ariyalur,Ariyalur(Uzhavar Sandhai),Cabbage,Cabbage,Local,4000,4500,4250,22/08/2026
Tamil Nadu,Coimbatore,Pollachi(Uzhavar Sandhai ),Cabbage,Cabbage,Local,3500,4200,3850,22/08/2026
Tamil Nadu,Nagercoil (Kannyiakumari),Vadaseri APMC,Cabbage,Cabbage,Local,5000,5500,5250,22/08/2026
Tamil Nadu,Vellore,Thirupathur APMC,Cabbage,Cabbage,Local,3400,3400,3400,22/08/2026
Tamil Nadu,The Nilgiris,Gudalur(Uzhavar Sandhai ),Cabbage,Cabbage,Local,2000,2500,2250,22/08/2026
Tamil Nadu,Erode,Perundurai(Uzhavar Sandhai ),Cabbage,Cabbage,Local,2500,2800,2650,22/08/2026
Tamil Nadu,Madurai,Palanganatham(Uzhavar Sandhai ),Cabbage,Cabbage,Local,2500,3000,2750,22/08/2026
Tamil Nadu,Perambalur,Perambalur(Uzhavar Sandhai ),Cabbage,Cabbage,Local,3600,3600,3600,22/08/2026
Tamil Nadu,Salem,Mettur(Uzhavar Sandhai ),Cabbage,Cabbage,Local,3500,4000,3750,22/08/2026
Tamil Nadu,Thiruchirappalli,Thuraiyur APMC,Cabbage,Cabbage,Local,3000,3500,3250,22/08/2026
Tamil Nadu,Salem,Thathakapatti(Uzhavar Sandhai ),Cabbage,Cabbage,Local,3500,4000,3750,22/08/2026
Tamil Nadu,Theni,Kambam(Uzhavar Sandhai ),Cabbage,Cabbage,Local,2800,3000,2900,22/08/2026
Tamil Nadu,Theni,Theni(Uzhavar Sandhai ),Cabbage,Cabbage,Local,3000,3000,3000,22/08/2026
Tamil Nadu,Thiruvannamalai,Chengam(Uzhavar Sandhai ),Cabbage,Cabbage,Local,3300,4000,3650,22/08/2026
Tamil Nadu,Thiruvarur,Muthupettai(Uzhavar Sandhai ),Cabbage,Cabbage,Local,3600,3600,3600,22/08/2026
Tamil Nadu,Sivaganga,Devakottai (Uzhavar Sandhai ),Cabbage,Cabbage,Local,2800,3400,3100,22/08/2026
Tamil Nadu,Salem,Edapadi (Uzhavar Sandhai ),Cabbage,Cabbage,Local,2800,3000,2900,22/08/2026
Tamil Nadu,Salem,Elampillai(Uzhavar Sandhai ),Cabbage,Cabbage,Local,3000,3500,3250,22/08/2026
Tamil Nadu,Salem,Hasthampatti(Uzhavar Sandhai ),Cabbage,Cabbage,Local,3000,3500,3250,22/08/2026
Tamil Nadu,Sivaganga,Singampunari(Uzhavar Sandhai ),Cabbage,Cabbage,Local,2800,3200,3000,22/08/2026
Tamil Nadu,Thanjavur,Thanjavur(Uzhavar Sandhai ),Cabbage,Cabbage,Local,3000,3000,3000,22/08/2026
Tamil Nadu,Nagercoil (Kannyiakumari),Myladi(Uzhavar Sandhai ),Cabbage,Cabbage,Local,5000,5500,5250,22/08/2026
Tamil Nadu,Cuddalore,Viruthachalam(Uzhavar Sandhai ),Cabbage,Cabbage,Local,4000,4000,4000,22/08/2026
Tamil Nadu,Nagapattinam,Nagapattinam(Uzhavar Sandhai ),Cabbage,Cabbage,Local,3900,3900,3900,22/08/2026
Tamil Nadu,Nagapattinam,Vedaranyam(Uzhavar Sandhai),Cabbage,Cabbage,Local,3400,3400,3400,22/08/2026
Tamil Nadu,Thirupathur,Natrampalli(Uzhavar Sandhai ),Cabbage,Cabbage,Local,2500,3000,2750,22/08/2026
Tamil Nadu,Virudhunagar,Srivilliputhur(Uzhavar Sandhai ),Cabbage,Cabbage,Local,2500,3000,2750,22/08/2026
Tamil Nadu,Coimbatore,Vadavalli(Uzhavar Sandhai ),Cabbage,Cabbage,Local,2400,2800,2600,22/08/2026
Tamil Nadu,Thiruvarur,Mannargudi II(Uzhavar Sandhai ),Cabbage,Cabbage,Local,3000,3000,3000,22/08/2026
Tamil Nadu,Coimbatore,Mettupalayam(Uzhavar Sandhai ),Cabbage,Cabbage,Local,3000,3500,3250,22/08/2026
Tamil Nadu,Namakkal,Tiruchengode APMC,Cabbage,Cabbage,Local,2600,3000,2800,22/08/2026
Tamil Nadu,Coimbatore,RSPuram(Uzhavar Sandhai ),Cabbage,Cabbage,Local,2200,2500,2350,22/08/2026
Tamil Nadu,The Nilgiris,Coonoor(Uzhavar Sandhai ),Cabbage,Cabbage,Local,2800,3000,2900,22/08/2026
Tamil Nadu,Thirupur,Tiruppur (South) (Uzhavar Sandhai ),Cabbage,Cabbage,Local,2000,2500,2250,22/08/2026
Tamil Nadu,Dharmapuri,Dharmapuri(Uzhavar Sandhai ),Cabbage,Cabbage,Local,3200,3400,3300,22/08/2026
Tamil Nadu,Krishnagiri,Avallapalli(Uzhavar Sandhai ),Cabbage,Cabbage,Local,1000,1500,1250,22/08/2026
Tamil Nadu,Dharmapuri,Karimangalam(Uzhavar Sandhai),Cabbage,Cabbage,Local,3300,3500,3400,22/08/2026
Tamil Nadu,Namakkal,Mohanur(Uzhavar Sandhai ),Cabbage,Cabbage,Local,3000,3500,3250,22/08/2026
Tamil Nadu,Namakkal,Namakkal(Uzhavar Sandhai ),Cabbage,Cabbage,Local,2500,2800,2650,22/08/2026
Tamil Nadu,Ranipet,Arcot(Uzhavar Sandhai ),Cabbage,Cabbage,Local,2500,2500,2500,22/08/2026
Tamil Nadu,Salem,Thammampatti (Uzhavar Sandhai ),Cabbage,Cabbage,Local,3500,4000,3750,22/08/2026
Tamil Nadu,Thirunelveli,Palayamkottai(Uzhavar Sandhai ),Cabbage,Cabbage,Local,2800,3000,2900,22/08/2026
Tamil Nadu,Cuddalore,Vadalur(Uzhavar Sandhai ),Cabbage,Cabbage,Local,3000,3000,3000,22/08/2026
Tamil Nadu,Sivaganga,Karaikudi(Uzhavar Sandhai ),Cabbage,Cabbage,Local,3000,3500,3250,22/08/2026
Tamil Nadu,Sivaganga,Tirupatthur(Uzhavar Sandhai ),Cabbage,Cabbage,Local,3000,3500,3250,22/08/2026
Tamil Nadu,Thiruchirappalli,KKNagar(Uzhavar Sandhai ),Cabbage,Cabbage,Local,3500,3500,3500,22/08/2026
Tamil Nadu,Thiruchirappalli,Lalgudi(Uzhavar Sandhai ),Cabbage,Cabbage,Local,3600,3600,3600,22/08/2026
Tamil Nadu,Thiruchirappalli,Musiri(Uzhavar Sandhai ),Cabbage,Cabbage,Local,2600,3000,2800,22/08/2026
Tamil Nadu,Virudhunagar,Rajapalayam(Uzhavar Sandhai ),Cabbage,Cabbage,Local,3500,4000,3750,22/08/2026
Tamil Nadu,Virudhunagar,Sathur(Uzhavar Sandhai ),Cabbage,Cabbage,Local,3500,4000,3750,22/08/2026
Tamil Nadu,Villupuram,Tindivanam APMC,Cabbage,Cabbage,Local,3500,3500,3500,22/08/2026
Tamil Nadu,Tenkasi,Tenkasi(Uzhavar Sandhai ),Cabbage,Cabbage,Local,3000,3000,3000,22/08/2026
Tamil Nadu,Pudukkottai,Pudukottai(Uzhavar Sandhai ),Cabbage,Cabbage,Local,3000,4000,3500,22/08/2026
Tamil Nadu,Theni,Bodinayakanur(Uzhavar Sandhai ),Cabbage,Cabbage,Local,3200,3200,3200,22/08/2026
Tamil Nadu,Thiruvellore,Tiruthani(Uzhavar Sandhai ),Cabbage,Cabbage,Local,4000,4000,4000,22/08/2026
Tamil Nadu,Vellore,Katpadi (Uzhavar Sandhai ),Cabbage,Cabbage,Local,3000,3000,3000,22/08/2026
Tamil Nadu,Karur,Gandhigramam(Uzhavar Sandhai),Cabbage,Cabbage,Local,4500,5000,4750,22/08/2026
Tamil Nadu,Vellore,Perampet(Uzhavar Sandhai),Cabbage,Cabbage,Local,3000,3000,3000,22/08/2026
Tamil Nadu,Kallakuruchi,Kallakurichi(Uzhavar Sandhai ),Cabbage,Cabbage,Local,4000,4000,4000,22/08/2026
Tamil Nadu,Ramanathapuram,Paramakudi(Uzhavar Sandhai ),Cabbage,Cabbage,Local,4500,4800,4650,22/08/2026
Tamil Nadu,Villupuram,Villupuram(Uzhavar Sandhai ),Cabbage,Cabbage,Local,5000,5000,5000,22/08/2026
Tamil Nadu,Coimbatore,Singanallur(Uzhavar Sandhai ),Cabbage,Cabbage,Local,2600,3200,2900,22/08/2026
Tamil Nadu,Madurai,Chokkikulam(Uzhavar Sandhai ),Cabbage,Cabbage,Local,2600,3000,2800,22/08/2026
Tamil Nadu,Krishnagiri,Krishnagiri(Uzhavar Sandhai ),Cabbage,Cabbage,Local,2000,3000,2500,22/08/2026
Tamil Nadu,Theni,Andipatti(Uzhavar Sandhai ),Cabbage,Cabbage,Local,2800,3000,2900,22/08/2026
Tamil Nadu,Virudhunagar,Aruppukottai(Uzhavar Sandhai ),Cabbage,Cabbage,Local,3000,3500,3250,22/08/2026
Tamil Nadu,Thiruchirappalli,Manachanallur(Uzhavar Sandhai ),Cabbage,Cabbage,Local,3500,3500,3500,22/08/2026
Tamil Nadu,Thiruchirappalli,Thiruverumbur(Uzhavar Sandhai ),Cabbage,Cabbage,Local,3000,3000,3000,22/08/2026
Tamil Nadu,Virudhunagar,Sivakasi(Uzhavar Sandhai ),Cabbage,Cabbage,Local,2500,3000,2750,22/08/2026
Tamil Nadu,Virudhunagar,Virudhunagar(Uzhavar Sandhai ),Cabbage,Cabbage,Local,3500,3600,3550,22/08/2026
Tamil Nadu,Chengalpattu,Nanganallur(Uzhavar Sandhai ),Cabbage,Cabbage,Local,4500,5000,4750,22/08/2026
Tamil Nadu,Coimbatore,Sundarapuram(Uzhavar Sandhai ),Cabbage,Cabbage,Local,3000,3500,3250,22/08/2026
Tamil Nadu,Cuddalore,Cuddalore(Uzhavar Sandhai ),Cabbage,Cabbage,Local,3000,3000,3000,22/08/2026
Tamil Nadu,Dharmapuri,Palacode(Uzhavar Sandhai ),Cabbage,Cabbage,Local,2800,3000,2900,22/08/2026
Tamil Nadu,Dindigul,Dindigul(Uzhavar Sandhai ),Cabbage,Cabbage,Local,3000,4000,3500,22/08/2026
Tamil Nadu,Kancheepuram,Kancheepuram(Uzhavar Sandhai ),Cabbage,Cabbage,Local,2000,2500,2250,22/08/2026
Tamil Nadu,Kancheepuram,Sunguvarchatram(Uzhavar Sandhai ),Cabbage,Cabbage,Local,3000,3000,3000,22/08/2026
Tamil Nadu,Krishnagiri,Denkanikottai(Uzhavar Sandhai ),Cabbage,Cabbage,Local,1000,1500,1250,22/08/2026
Tamil Nadu,Krishnagiri,Hosur(Uzhavar Sandhai ),Cabbage,Cabbage,Local,1000,1500,1250,22/08/2026
Tamil Nadu,Madurai,Anaiyur(Uzhavar Sandhai ),Cabbage,Cabbage,Local,2600,3000,2800,22/08/2026
Tamil Nadu,Nagapattinam,Sirkali(Uzhavar Sandhai ),Cabbage,Cabbage,Local,2500,3000,2750,22/08/2026
Tamil Nadu,Ramanathapuram,Ramanathapuram(Uzhavar Sandhai ),Cabbage,Cabbage,Local,4200,4500,4350,22/08/2026
Tamil Nadu,Thiruvannamalai,Polur(Uzhavar Sandhai ),Cabbage,Cabbage,Local,3000,3600,3300,22/08/2026
Tamil Nadu,Thiruvannamalai,Tiruvannamalai(Uzhavar Sandhai ),Cabbage,Cabbage,Local,2500,3000,2750,22/08/2026
Tamil Nadu,Thiruvellore,Paruthipattu(Uzhavar Sandhai ),Cabbage,Cabbage,Local,4000,4000,4000,22/08/2026
Tamil Nadu,Vellore,Gudiyatham(Uzhavar Sandhai ),Cabbage,Cabbage,Local,3000,3000,3000,22/08/2026
Tamil Nadu,Vellore,Kahithapattarai(Uzhavar Sandhai ),Cabbage,Cabbage,Local,2500,2500,2500,22/08/2026
Tamil Nadu,Chengalpattu,Guduvancheri(Uzhavar Sandhai ),Cabbage,Cabbage,Local,2000,2500,2250,22/08/2026
Tamil Nadu,Thirupur,Dharapuram(Uzhavar Sandhai ),Cabbage,Cabbage,Local,3000,3500,3250,22/08/2026
Tamil Nadu,Salem,Athur(Uzhavar Sandhai ),Cabbage,Cabbage,Local,3000,3500,3250,22/08/2026
Tamil Nadu,Namakkal,Paramathivelur(Uzhavar Sandhai ),Cabbage,Cabbage,Local,2400,2800,2600,22/08/2026
Tamil Nadu,Madurai,Anna nagar(Uzhavar Sandhai ),Cabbage,Cabbage,Local,3600,3600,3600,22/08/2026
Tamil Nadu,Ranipet,Ranipettai(Uzhavar Sandhai ),Cabbage,Cabbage,Local,2500,2500,2500,22/08/2026
Tamil Nadu,Thirunelveli,NGO Colony(Uzhavar Sandhai ),Cabbage,Cabbage,Local,2200,3000,2600,22/08/2026
Tamil Nadu,Vellore,Vellore APMC,Cabbage,Cabbage,Local,2500,2500,2500,22/08/2026
Tamil Nadu,Villupuram,Gingee(Uzhavar Sandhai ),Cabbage,Cabbage,Local,4000,4000,4000,22/08/2026
Madhya Pradesh,Dhar,Kukshi(F&V) APMC,Cabbage,Cabbage,Grade A,500,1000,700,22/08/2026
Madhya Pradesh,Indore,Indore(F&V) APMC,Cabbage,Cabbage,Local,400,800,600,22/08/2026
Madhya Pradesh,Mandsaur,Mandsaur(F&V) APMC,Cabbage,Cabbage,Grade B,775,1775,1150,22/08/2026
Madhya Pradesh,Badwani,Sendhwa(F&V) APMC,Cabbage,Cabbage,Medium,800,1100,900,22/08/2026
Madhya Pradesh,Betul,Betul(F&V) APMC,Cabbage,Cabbage,FAQ,1200,1200,1200,22/08/2026
Maharashtra,Solapur,SHRI.SIDDHESHWAR  APMC,Cabbage,Other,Local,600,1100,1000,22/08/2026
Maharashtra,Pune,Khed(Chakan) APMC,Cabbage,Other,Local,800,1500,1000,22/08/2026
Maharashtra,Satara,Vai APMC,Cabbage,Other,Local,1500,2000,1800,22/08/2026
Maharashtra,Kolhapur,Kolhapur APMC,Cabbage,Other,Local,500,1000,800,22/08/2026
Maharashtra,Pune,Junnar(Otur) APMC,Cabbage,Other,Local,500,1610,1200,22/08/2026
Maharashtra,Kolhapur,Vadgaonpeth APMC,Cabbage,Other,Local,1100,1600,1300,22/08/2026
Maharashtra,Chattrapati Sambhajinagar,Chattrapati Sambhajinagar APMC,Cabbage,Other,Local,600,1200,900,22/08/2026
Maharashtra,Amarawati,Amrawati(Frui & Veg. Market) APMC,Cabbage,Other,Local,1500,2000,1750,22/08/2026
Maharashtra,Nagpur,Kamthi APMC,Cabbage,Other,Local,1520,2020,1770,22/08/2026
Maharashtra,Pune,Junnar(Narayangaon) APMC,Cabbage,Other,Local,200,1300,750,22/08/2026
Maharashtra,Nagpur,Kalmeshwar APMC,Cabbage,Other,Local,1565,2000,1835,22/08/2026
Maharashtra,Ahilyanagar,Shrirampur APMC,Cabbage,Other,Local,1000,1500,1250,22/08/2026
Maharashtra,Solapur,Akluj APMC,Cabbage,Other,Local,700,1000,900,22/08/2026
Maharashtra,Nagpur,Nagpur APMC,Cabbage,Other,Local,1200,1500,1425,22/08/2026
Maharashtra,Jalgaon,Bhusaval APMC,Cabbage,Other,Local,1000,1500,1200,22/08/2026
Maharashtra,Satara,Karad APMC,Cabbage,Other,Local,1200,1700,1700,22/08/2026
Maharashtra,Ahilyanagar,Rahata APMC,Cabbage,Other,Local,1000,1500,1250,22/08/2026
Maharashtra,Mumbai,Mumbai APMC,Cabbage,Other,Local,1000,1400,1200,22/08/2026
Maharashtra,Nashik,Nasik APMC,Cabbage,Other,Local,670,1585,1290,22/08/2026
Maharashtra,Pune,Pune(Moshi) APMC,Cabbage,Other,Local,1000,1000,1000,22/08/2026
Maharashtra,Pune,Pune(Manjri) APMC,Cabbage,Other,Local,900,1700,1200,22/08/2026
Maharashtra,Pune,Pune(Pimpri) APMC,Cabbage,Other,Local,1800,2000,1900,22/08/2026
Uttar Pradesh,Shamli,Khandhla APMC,Cabbage,Cabbage,FAQ,400,440,420,22/08/2026
Uttar Pradesh,Mathura,Kosikalan APMC,Cabbage,Cabbage,FAQ,2000,2160,2100,22/08/2026
Uttar Pradesh,Etawah,Jasvantnagar APMC,Cabbage,Cabbage,Medium,2160,2260,2210,22/08/2026
Uttar Pradesh,Khiri (Lakhimpur),Maigalganj APMC,Cabbage,Cabbage,FAQ,920,960,940,22/08/2026
Uttar Pradesh,Shamli,Kairana APMC,Cabbage,Cabbage,FAQ,1400,1500,1450,22/08/2026
Rajasthan,Jalore,Jalore APMC,Cabbage,Cabbage,Local,1500,2000,1800,22/08/2026
Rajasthan,Udaipur,Udaipur (F&V) APMC,Cabbage,Other,Medium,2000,2500,2250,22/08/2026
Rajasthan,Ganganagar,Sriganganagar (F&V) APMC,Cabbage,Cabbage,Grade B,2300,2700,2500,22/08/2026
Karnataka,Chamarajanagar,Chamarajanagar APMC,Cabbage,Cabbage,Local,800,1200,1000,22/08/2026
Karnataka,Belagavi,Belgaum APMC,Cabbage,Cabbage,Large,400,500,400,22/08/2026
Karnataka,Bengaluru South,Ramanagara APMC,Cabbage,Cabbage,Local,1000,1600,1200,22/08/2026
Gujarat,Mehsana,Mehsana(Mehsana Veg) APMC,Cabbage,Cabbage,Local,1300,2250,1900,22/08/2026
Gujarat,Morbi,Morbi APMC,Cabbage,Cabbage,FAQ,1800,2200,2000,22/08/2026
Gujarat,Navsari,Bilimora APMC,Cabbage,Other,FAQ,1000,1500,1200,22/08/2026
Gujarat,Anand,"Anand(Veg,Yard,Anand) APMC",Cabbage,Cabbage,Grade B,1000,1500,1250,22/08/2026
Gujarat,Banaskanth,Deesa(Deesa Veg Yard) APMC,Cabbage,Other,FAQ,2000,3500,2750,22/08/2026
Gujarat,Surat,Surat APMC,Cabbage,Cabbage,FAQ,750,1600,1175,22/08/2026
Gujarat,Vadodara(Baroda),Padra APMC,Cabbage,Other,FAQ,1750,2000,1900,22/08/2026
Gujarat,Surendranagar,Vadhvan APMC,Cabbage,Cabbage,Medium,1500,2500,2000,22/08/2026
Gujarat,Porbandar,Porbandar APMC,Cabbage,Cabbage,Local,2500,3000,2750,22/08/2026
Gujarat,Navsari,Navsari APMC,Cabbage,Cabbage,Local,1500,2500,2000,22/08/2026
Gujarat,Kheda,Kapadvanj APMC,Cabbage,Cabbage,Medium,1500,2000,1750,22/08/2026
Gujarat,Dahod,Dahod(Veg. Market) APMC,Cabbage,Cabbage,Local,1000,2000,1500,22/08/2026
Gujarat,Sabarkantha,Himatnagar(Veg.Market Himatnagar) APMC,Cabbage,Cabbage,Local,2000,2500,2350,22/08/2026
Gujarat,Rajkot,Gondal(Veg.market Gondal) APMC,Cabbage,Cabbage,Local,500,2000,1250,22/08/2026
Gujarat,Kheda,Nadiyad(Piplag) APMC,Cabbage,Cabbage,FAQ,1200,1500,1300,22/08/2026
Gujarat,Amreli,Damnagar APMC,Cabbage,Cabbage,Local,3000,3000,3000,22/08/2026
Haryana,Sonipat,Ganaur APMC,Cabbage,Cabbage,Medium,4000,4500,4200,22/08/2026
Haryana,Kurukshetra,Ladwa APMC,Cabbage,Cabbage,Medium,3500,4500,4000,22/08/2026
Haryana,Mahendragarh-Narnaul,Narnaul APMC,Cabbage,Cabbage,Medium,3000,4000,3500,22/08/2026
Haryana,Kurukshetra,Shahabad APMC,Cabbage,Cabbage,Medium,1500,2500,2200,22/08/2026
Haryana,Mahendragarh-Narnaul,Mohindergarh APMC,Cabbage,Cabbage,Medium,1500,2500,2000,22/08/2026
Haryana,Kaithal,Siwan APMC,Cabbage,Other,FAQ,1800,2000,1900,22/08/2026
Haryana,Sonipat,Sonepat APMC,Cabbage,Other,FAQ,1500,2000,1500,22/08/2026
Haryana,Hissar,Hansi APMC,Cabbage,Other,FAQ,2500,3000,2750,22/08/2026
Haryana,Rewari,Kosli APMC,Cabbage,Other,FAQ,2000,2000,2000,22/08/2026
Haryana,Yamuna Nagar,Jagadhri APMC,Cabbage,Cabbage,Medium,1800,2200,2000,22/08/2026
Haryana,Gurgaon,Pataudi APMC,Cabbage,Other,Grade B,900,1100,1000,22/08/2026
Haryana,Panipat,Samalkha APMC,Cabbage,Cabbage,FAQ,1500,2000,1800,22/08/2026
Haryana,Mewat,FerozpurZirkha(Nagina) APMC,Cabbage,Other,Local,2000,2400,2200,22/08/2026
Haryana,Panipat,Panipat APMC,Cabbage,Other,Local,1000,1500,1250,22/08/2026
Haryana,Faridabad,Ballabhgarh APMC,Cabbage,Other,FAQ,1500,1800,1600,22/08/2026
Haryana,Ambala,Naraingarh APMC,Cabbage,Cabbage,Local,800,2000,1600,22/08/2026
Punjab,Patiala,Samana APMC,Cabbage,Cabbage,Local,800,1400,900,22/08/2026
Punjab,Ludhiana,Ludhiana APMC,Cabbage,Other,FAQ,600,1500,900,22/08/2026
Punjab,Bhatinda,Rampuraphul(Nabha Mandi) APMC,Cabbage,Other,Grade A,2000,3000,2500,22/08/2026
Punjab,Gurdaspur,Quadian APMC,Cabbage,Other,Grade A,1200,1400,1300,22/08/2026
Punjab,Ludhiana,Samrala APMC,Cabbage,Cabbage,Local,1500,2200,2000,22/08/2026
Punjab,Ludhiana,Jagraon APMC,Cabbage,Other,FAQ,300,300,300,22/08/2026
Punjab,Jalandhar,Adampur APMC,Cabbage,Cabbage,FAQ,1800,2000,2000,22/08/2026
Andhra Pradesh,Chittor,Palamaner APMC,Cabbage,Cabbage,FAQ,600,1000,800,22/08/2026
West Bengal,Kolkata,Sealdah Koley Market APMC,Cabbage,Other,FAQ,3000,3500,3200,22/08/2026
West Bengal,Darjeeling,Darjeeling APMC,Cabbage,Other,FAQ,2700,2900,2800,22/08/2026
West Bengal,Paschim Bardhaman,Durgapur APMC,Cabbage,Other,FAQ,1900,2050,2000,22/08/2026
West Bengal,Darjeeling,Karsiyang(Matigara) APMC,Cabbage,Other,FAQ,2700,2900,2800,22/08/2026
Odisha,Boudh,Boudh APMC,Cabbage,Other,Local,4000,5000,4500,22/08/2026
Odisha,Kalahandi,Kesinga APMC,Cabbage,Other,Grade B,2700,3100,2900,22/08/2026
Odisha,Kalahandi,Mukhiguda APMC,Cabbage,Cabbage,Grade B,2400,2700,2550,22/08/2026
Odisha,Sundergarh,Panposh APMC,Cabbage,Cabbage,FAQ,2000,3000,2500,22/08/2026
Odisha,Keonjhar,Keonjhar(Dhekikote) APMC,Cabbage,Other,Local,5000,5200,5000,22/08/2026
Odisha,Rayagada,Gunpur APMC,Cabbage,Cabbage,FAQ,3250,3540,3450,22/08/2026
Odisha,Bolangir,Kantabaji APMC,Cabbage,Cabbage,Grade B,2500,3500,3000,22/08/2026
Bihar,Khagaria,Khagaria APMC,Cabbage,Cabbage,Grade A,1799.99982,2083.333125,1933.33314,22/08/2026
Bihar,Muzaffarpur,Bhagwanpur Mandi APMC,Cabbage,Cabbage,Grade A,2600,2600,2600,22/08/2026
Telangana,Karimnagar,Karimnagar APMC,Cabbage,Cabbage,Medium,1000.00005,1000.00005,1000.00005,22/08/2026
Telangana,Hyderabad,Bowenpally APMC,Cabbage,Other,FAQ,400,600,550,22/08/2026
Telangana,Nalgonda,Miryalguda(Rythu Bazar) ,Cabbage,Cabbage,Grade A,2500,2500,2500,22/08/2026
Telangana,Ranga Reddy,L B Nagar APMC,Cabbage,Cabbage,Medium,1000,1500,1200,22/08/2026
Telangana,Nalgonda,Venkateswarnagar APMC,Cabbage,Cabbage,Grade A,1000,1400,1200,22/08/2026
Telangana,Hyderabad,Gudimalkapur APMC,Cabbage,Cabbage,Grade B,600,1000,800,22/08/2026
Telangana,Ranga Reddy,"Saroornagar,RBZ",Cabbage,Other,Medium,1300,1300,1300,22/08/2026
Telangana,Hyderabad,Bowenpally APMC,Cabbage,Cabbage,FAQ,600,1000,900,22/08/2026
Telangana,Mahbubnagar,Mahabubnagar(Rythu Bazar),Cabbage,Cabbage,Local,3000,3000,3000,22/08/2026
Telangana,Hyderabad,Mahboob Manison APMC,Cabbage,Cabbage,Medium,1000,1200,1100,22/08/2026
Telangana,Medchal Malkajgiri,"Kukatpally,RBZ",Cabbage,Cabbage,Local,1300,1300,1300,22/08/2026
Telangana,Warangal,Warangal APMC,Cabbage,Cabbage,FAQ,2000,2500,2250,22/08/2026
Telangana,Hyderabad,"Alwal,RBZ",Cabbage,Other,FAQ,1300,1300,1300,22/08/2026
Telangana,Siddipet,Siddipet(Rythu Bazar) ,Cabbage,Cabbage,Grade A,2000,2800,2400,22/08/2026
Telangana,Ranga Reddy,"Vanasthalipuram,RBZ ",Cabbage,Cabbage,Grade A,1300,1300,1300,22/08/2026
Telangana,Sangareddy,Sangareddy APMC,Cabbage,Cabbage,Grade B,2000,2000,2000,22/08/2026
Telangana,Hyderabad,RYTHU BAZAR FALAKNUMA,Cabbage,Cabbage,Grade A,1300,1300,1300,22/08/2026
Telangana,Hyderabad,RYTHU BAZAR MEHDIPATNAM,Cabbage,Cabbage,Grade A,1300,1300,1300,22/08/2026
Telangana,Hyderabad,RYTHU BAZAR ERRAGADDA,Cabbage,Cabbage,Grade A,1300,1300,1300,22/08/2026
Telangana,Ranga Reddy,Shadnagar APMC,Cabbage,Cabbage,Local,1000,1400,1300,22/08/2026
Telangana,Siddipet,Vantamamidi APMC,Cabbage,Cabbage,Local,800,800,800,22/08/2026
Uttarakhand,Udhamsinghnagar,Rudrapur APMC,Cabbage,Other,Medium,6000,9000,8000,22/08/2026
Uttarakhand,Garhwal (Pauri),Kotadwara APMC,Cabbage,Cabbage,FAQ,1000,1000,1000,22/08/2026
Uttarakhand,Dehradoon,Dehradoon APMC,Cabbage,Cabbage,FAQ,950,1350,1100,22/08/2026
Himachal Pradesh,Solan,PMY Kather Solan,Cabbage,Other,Medium,2000,2400,2200,22/08/2026
Himachal Pradesh,Kangra,PMY Kangra,Cabbage,Cabbage,FAQ,3000,3200,3100,22/08/2026
Himachal Pradesh,Kangra,SMY Jaisinghpur,Cabbage,Cabbage,FAQ,2800,3800,3200,22/08/2026
Himachal Pradesh,Mandi,SMY Dhanotu,Cabbage,Cabbage,FAQ,1500,2200,1890,22/08/2026
Himachal Pradesh,Mandi,SMY Jogindernagar,Cabbage,Cabbage,Grade B,2500,3000,2750,22/08/2026
Himachal Pradesh,Kullu,PMY Kullu,Cabbage,Other,FAQ,1800,2000,1900,22/08/2026
Himachal Pradesh,Shimla,PMY Dhalli Shimla,Cabbage,Cabbage,Grade A,2000,2500,2000,22/08/2026
Himachal Pradesh,Kangra,SMY Dharamshala,Cabbage,Cabbage,FAQ,2800,3000,2900,22/08/2026
Himachal Pradesh,Bilaspur,PMY Bilaspur,Cabbage,Other,Grade B,2500,3200,2900,22/08/2026
Himachal Pradesh,Kangra,SMY Palampur,Cabbage,Cabbage,FAQ,2500,3500,3000,22/08/2026
Himachal Pradesh,Mandi,PMY Kangni Mandi,Cabbage,Cabbage,Grade B,1800,2500,2000,22/08/2026
Himachal Pradesh,Kangra,SMY Nagrota Bagwan,Cabbage,Cabbage,FAQ,2800,3000,2900,22/08/2026
Himachal Pradesh,Shimla,SMY Rohroo,Cabbage,Other,Grade B,2000,2200,2100,22/08/2026
Himachal Pradesh,Shimla,SMY Nerwa,Cabbage,Cabbage,Grade A,2000,2500,2000,22/08/2026
Himachal Pradesh,Kangra,SMY Baijnath,Cabbage,Cabbage,Grade A,2500,2700,2600,22/08/2026
Himachal Pradesh,Una,PMY Una,Cabbage,Cabbage,Local,2800,3200,3000,22/08/2026
Himachal Pradesh,Hamirpur,PMY Hamirpur,Cabbage,Cabbage,Grade B,2800,3200,3000,22/08/2026
Assam,Kamrup,Uparhali Pmy APMC,Cabbage,Cabbage,FAQ,2200,2400,2400,22/08/2026
Assam,Karimganj,Santar Bazaar APMC,Cabbage,Cabbage,FAQ,2100,2300,2200,22/08/2026
Assam,Tinsukia,Tinsukia Market,Cabbage,Cabbage,FAQ,2800,3500,3200,22/08/2026
Tamil Nadu,Dharmapuri,Palacode(Uzhavar Sandhai ),Bitter gourd,Other,Local,4400,4600,4500,22/08/2026
Tamil Nadu,Namakkal,Namakkal(Uzhavar Sandhai ),Bitter gourd,Other,Local,6000,6500,6250,22/08/2026
Tamil Nadu,Namakkal,Paramathivelur(Uzhavar Sandhai ),Bitter gourd,Other,Local,6300,7000,6650,22/08/2026
Tamil Nadu,Thanjavur,Tirukattupalli(Uzhavar Sandhai ),Bitter gourd,Bitter Gourd,Local,5600,9000,7300,22/08/2026
Tamil Nadu,Perambalur,Perambalur(Uzhavar Sandhai ),Bitter gourd,Bitter Gourd,Local,5400,6000,5700,22/08/2026
Tamil Nadu,Salem,Mettur(Uzhavar Sandhai ),Bitter gourd,Other,Local,5000,5500,5250,22/08/2026
Tamil Nadu,Salem,Sooramangalam(Uzhavar Sandhai ),Bitter gourd,Other,Local,5000,5500,5250,22/08/2026
Tamil Nadu,Salem,Thammampatti (Uzhavar Sandhai ),Bitter gourd,Bitter Gourd,Local,4500,5000,4750,22/08/2026
Tamil Nadu,Theni,Chinnamanur(Uzhavar Sandhai ),Bitter gourd,Other,Local,4800,4800,4800,22/08/2026
Tamil Nadu,Thirupur,Kangayam(Uzhavar Sandhai ),Bitter gourd,Bitter Gourd,Local,5500,6000,5750,22/08/2026
Tamil Nadu,Thirupur,Tiruppur (North) (Uzhavar Sandhai ),Bitter gourd,Other,Local,4500,5000,4750,22/08/2026
Tamil Nadu,Thiruvannamalai,Chengam(Uzhavar Sandhai ),Bitter gourd,Bitter Gourd,Local,5000,6000,5500,22/08/2026
Tamil Nadu,Dharmapuri,AJattihalli(Uzhavar Sandhai ),Bitter gourd,Other,Local,4600,4600,4600,22/08/2026
Tamil Nadu,Karur,Pallapatti (Uzhavar Sandhai ),Bitter gourd,Other,Local,5500,6000,5750,22/08/2026
Tamil Nadu,Salem,Attayampatti(Uzhavar Sandhai ),Bitter gourd,Bitter Gourd,Local,5000,5500,5250,22/08/2026
Tamil Nadu,Sivaganga,Sivagangai (Uzhavar Sandhai ),Bitter gourd,Other,Local,6600,7200,6900,22/08/2026
Tamil Nadu,Sivaganga,Devakottai (Uzhavar Sandhai ),Bitter gourd,Other,Local,5200,6800,6000,22/08/2026
Tamil Nadu,Thiruchirappalli,Manapparai(Uzhavar Sandhai ),Bitter gourd,Other,Local,6000,6000,6000,22/08/2026
Tamil Nadu,Chengalpattu,Madhuranthagam(Uzhavar Sandhai ),Bitter gourd,Bitter Gourd,Local,4000,4000,4000,22/08/2026
Tamil Nadu,Salem,Vazhapadi(Uzhavar Sandhai),Bitter gourd,Bitter Gourd,Local,5000,6000,5500,22/08/2026
Tamil Nadu,Pudukkottai,Aranthangi(Uzhavar Sandhai ),Bitter gourd,Other,Local,7000,8000,7500,22/08/2026
Tamil Nadu,Chengalpattu,Guduvancheri(Uzhavar Sandhai ),Bitter gourd,Other,Local,5000,6000,5500,22/08/2026
Tamil Nadu,Salem,Athur(Uzhavar Sandhai ),Bitter gourd,Other,Local,4000,4500,4250,22/08/2026
Tamil Nadu,Vellore,Pallikonda(Uzhavar Sandhai),Bitter gourd,Bitter Gourd,Local,4500,4500,4500,22/08/2026
Tamil Nadu,Pudukkottai,Ponnamaravathi(Uzhavar Sandhai),Bitter gourd,Bitter Gourd,Local,7500,8000,7750,22/08/2026
Tamil Nadu,Pudukkottai,Viralimalai(Uzhavar Sandhai ),Bitter gourd,Bitter Gourd,Local,7000,8000,7500,22/08/2026
Tamil Nadu,Ramanathapuram,Ramanathapuram(Uzhavar Sandhai ),Bitter gourd,Bitter Gourd,Local,5500,6000,5750,22/08/2026
Tamil Nadu,Thiruvannamalai,Tiruvannamalai(Uzhavar Sandhai ),Bitter gourd,Bitter Gourd,Local,5000,6000,5500,22/08/2026
Tamil Nadu,Thiruvarur,Tiruthuraipoondi(Uzhavar Sandhai ),Bitter gourd,Bitter Gourd,Local,6000,6000,6000,22/08/2026
Tamil Nadu,Namakkal,Tiruchengode APMC,Bitter gourd,Other,Local,5400,6000,5700,22/08/2026
Tamil Nadu,Chengalpattu,Thirukalukundram(Uzhavar Sandhai ),Bitter gourd,Bitter Gourd,Local,4500,4800,4650,22/08/2026
Tamil Nadu,Dharmapuri,Harur(Uzhavar Sandhai ),Bitter gourd,Bitter Gourd,Local,4000,5000,4500,22/08/2026
Tamil Nadu,The Nilgiris,Coonoor(Uzhavar Sandhai ),Bitter gourd,Other,Local,5000,5500,5250,22/08/2026
Tamil Nadu,The Nilgiris,Gudalur(Uzhavar Sandhai ),Bitter gourd,Bitter Gourd,Local,5500,6000,5750,22/08/2026
Tamil Nadu,Erode,Perundurai(Uzhavar Sandhai ),Bitter gourd,Other,Local,5000,5400,5200,22/08/2026
Tamil Nadu,Dharmapuri,Dharmapuri(Uzhavar Sandhai ),Bitter gourd,Bitter Gourd,Local,4300,4600,4450,22/08/2026
Tamil Nadu,Erode,Periyar Nagar(Uzhavar Sandhai ),Bitter gourd,Other,Local,5200,5600,5400,22/08/2026
Tamil Nadu,Kancheepuram,Kundrathur(Uzhavar Sandhai ),Bitter gourd,Bitter Gourd,Local,4000,4000,4000,22/08/2026
Tamil Nadu,Krishnagiri,Hosur(Uzhavar Sandhai ),Bitter gourd,Bitter Gourd,Local,4000,4500,4250,22/08/2026
Tamil Nadu,Namakkal,Mohanur(Uzhavar Sandhai ),Bitter gourd,Other,Local,6000,6800,6400,22/08/2026
Tamil Nadu,Madurai,Anna nagar(Uzhavar Sandhai ),Bitter gourd,Bitter Gourd,Local,5500,6500,6000,22/08/2026
Tamil Nadu,Ranipet,Ranipettai(Uzhavar Sandhai ),Bitter gourd,Other,Local,4000,4000,4000,22/08/2026
Tamil Nadu,Salem,Thathakapatti(Uzhavar Sandhai ),Bitter gourd,Bitter Gourd,Local,5600,6000,5800,22/08/2026
Tamil Nadu,Theni,Kambam(Uzhavar Sandhai ),Bitter gourd,Bitter Gourd,Local,4000,4600,4300,22/08/2026
Tamil Nadu,Thanjavur,Peravurani(Uzhavar Sandhai),Bitter gourd,Bitter Gourd,Local,4500,4500,4500,22/08/2026
Tamil Nadu,Theni,Devaram(Uzhavar Sandhai ),Bitter gourd,Bitter Gourd,Local,5000,5000,5000,22/08/2026
Tamil Nadu,Sivaganga,Karaikudi(Uzhavar Sandhai ),Bitter gourd,Bitter Gourd,Local,6800,7400,7100,22/08/2026
Tamil Nadu,Sivaganga,Tirupatthur(Uzhavar Sandhai ),Bitter gourd,Other,Local,5500,7000,6250,22/08/2026
Tamil Nadu,Thanjavur,Thanjavur(Uzhavar Sandhai ),Bitter gourd,Other,Local,5000,5000,5000,22/08/2026
Tamil Nadu,Thiruchirappalli,KKNagar(Uzhavar Sandhai ),Bitter gourd,Other,Local,6000,6000,6000,22/08/2026
Tamil Nadu,Virudhunagar,Sathur(Uzhavar Sandhai ),Bitter gourd,Bitter Gourd,Local,5500,6000,5750,22/08/2026
Tamil Nadu,Chengalpattu,Nanganallur(Uzhavar Sandhai ),Bitter gourd,Bitter Gourd,Local,6500,7000,6750,22/08/2026
Tamil Nadu,Tenkasi,Sankarankoil(Uzhavar Sandhai ),Bitter gourd,Other,Local,8000,8000,8000,22/08/2026
Tamil Nadu,Pudukkottai,Pudukottai(Uzhavar Sandhai ),Bitter gourd,Bitter Gourd,Local,8000,9000,8500,22/08/2026
Tamil Nadu,Virudhunagar,Aruppukottai(Uzhavar Sandhai ),Bitter gourd,Bitter Gourd,Local,7500,8000,7750,22/08/2026
Tamil Nadu,Madurai,Thirumangalam(Uzhavar Sandhai ),Bitter gourd,Bitter Gourd,Local,6500,7000,6750,22/08/2026
Tamil Nadu,Madurai,Melur(Uzhavar Sandhai ),Bitter gourd,Other,Local,6500,7000,6750,22/08/2026
Tamil Nadu,Karur,Gandhigramam(Uzhavar Sandhai),Bitter gourd,Other,Local,5500,6000,5750,22/08/2026
Tamil Nadu,Karur,Kulithalai(Uzhavar Sandhai ),Bitter gourd,Other,Local,5000,6000,5500,22/08/2026
Tamil Nadu,Coimbatore,Udumalpet APMC,Bitter gourd,Bitter Gourd,Local,5000,6000,5500,22/08/2026
Tamil Nadu,Thiruvarur,Mannargudi I(Uzhavar Sandhai ),Bitter gourd,Bitter Gourd,Local,6400,6400,6400,22/08/2026
Tamil Nadu,Thiruvarur,Mannargudi II(Uzhavar Sandhai ),Bitter gourd,Bitter Gourd,Local,6400,6400,6400,22/08/2026
Tamil Nadu,Coimbatore,Singanallur(Uzhavar Sandhai ),Bitter gourd,Bitter Gourd,Local,5500,6000,5750,22/08/2026
Tamil Nadu,Coimbatore,Pollachi(Uzhavar Sandhai ),Bitter gourd,Bitter Gourd,Local,5000,5500,5250,22/08/2026
Tamil Nadu,Cuddalore,Cuddalore(Uzhavar Sandhai ),Bitter gourd,Bitter Gourd,Local,7000,8000,7500,22/08/2026
Tamil Nadu,Nagercoil (Kannyiakumari),Vadaseri APMC,Bitter gourd,Bitter Gourd,Local,6500,7000,6750,22/08/2026
Tamil Nadu,Dharmapuri,Pennagaram(Uzhavar Sandhai ),Bitter gourd,Bitter Gourd,Local,5500,5800,5650,22/08/2026
Tamil Nadu,Dindigul,Chinnalapatti(Uzhavar Sandhai ),Bitter gourd,Other,Local,6000,7000,6500,22/08/2026
Tamil Nadu,Namakkal,Kumarapalayam(Uzhavar Sandhai ),Bitter gourd,Other,Local,4900,5500,5200,22/08/2026
Tamil Nadu,Thiruchirappalli,Thuraiyur APMC,Bitter gourd,Other,Local,5000,5500,5250,22/08/2026
Tamil Nadu,Thirunelveli,Melapalayam(Uzhavar Sandhai ),Bitter gourd,Other,Local,5000,6000,5500,22/08/2026
Tamil Nadu,Thirunelveli,Palayamkottai(Uzhavar Sandhai ),Bitter gourd,Bitter Gourd,Local,4500,6000,5250,22/08/2026
Tamil Nadu,Thiruvannamalai,Vandavasi(Uzhavar Sandhai ),Bitter gourd,Other,Local,3500,4000,3750,22/08/2026
Tamil Nadu,Coimbatore,Sulur(Uzhavar Sandhai ),Bitter gourd,Bitter Gourd,Local,5400,6000,5700,22/08/2026
Tamil Nadu,Karur,Vengamedu(Uzhavar Sandhai ),Bitter gourd,Other,Local,5500,6000,5750,22/08/2026
Tamil Nadu,Salem,Edapadi (Uzhavar Sandhai ),Bitter gourd,Other,Local,5000,5500,5250,22/08/2026
Tamil Nadu,Salem,Jalagandapuram(Uzhavar Sandhai ),Bitter gourd,Bitter Gourd,Local,5000,5500,5250,22/08/2026
Tamil Nadu,Thanjavur,Pattukottai(Uzhavar Sandhai ),Bitter gourd,Bitter Gourd,Local,6000,6000,6000,22/08/2026
Tamil Nadu,Chengalpattu,Jameenrayapettai(Uzhavar Sandhai ),Bitter gourd,Other,Local,5000,6000,5500,22/08/2026
Tamil Nadu,Erode,Thalavadi(Uzhavar Sandhai ),Bitter gourd,Other,Local,5500,6000,5750,22/08/2026
Tamil Nadu,Krishnagiri,Krishnagiri(Uzhavar Sandhai ),Bitter gourd,Bitter Gourd,Local,3000,4000,3500,22/08/2026
Tamil Nadu,Nagapattinam,Nagapattinam(Uzhavar Sandhai ),Bitter gourd,Bitter Gourd,Local,4500,4500,4500,22/08/2026
Tamil Nadu,Villupuram,Gingee(Uzhavar Sandhai ),Bitter gourd,Bitter Gourd,Local,7000,7000,7000,22/08/2026
Tamil Nadu,Nagapattinam,Vedaranyam(Uzhavar Sandhai),Bitter gourd,Bitter Gourd,Local,5000,6000,5500,22/08/2026
Tamil Nadu,Thirupathur,Natrampalli(Uzhavar Sandhai ),Bitter gourd,Bitter Gourd,Local,4000,5000,4500,22/08/2026
Tamil Nadu,Virudhunagar,Srivilliputhur(Uzhavar Sandhai ),Bitter gourd,Bitter Gourd,Local,6500,8000,7250,22/08/2026
Tamil Nadu,Erode,Gobichettipalayam(Uzhavar Sandhai ),Bitter gourd,Bitter Gourd,Local,5600,5800,5700,22/08/2026
Tamil Nadu,Thiruvannamalai,Polur(Uzhavar Sandhai ),Bitter gourd,Bitter Gourd,Local,4000,4800,4400,22/08/2026
Tamil Nadu,Thiruvellore,Paruthipattu(Uzhavar Sandhai ),Bitter gourd,Bitter Gourd,Local,5000,5000,5000,22/08/2026
Tamil Nadu,Tuticorin,Kovilpatti(Uzhavar Sandhai ),Bitter gourd,Other,Local,9500,10000,9750,22/08/2026
Tamil Nadu,Villupuram,Villupuram(Uzhavar Sandhai ),Bitter gourd,Bitter Gourd,Local,6000,6000,6000,22/08/2026
Tamil Nadu,Coimbatore,Sundarapuram(Uzhavar Sandhai ),Bitter gourd,Other,Local,5500,6000,5750,22/08/2026
Tamil Nadu,Coimbatore,Mettupalayam(Uzhavar Sandhai ),Bitter gourd,Bitter Gourd,Local,4500,5500,5000,22/08/2026
Tamil Nadu,Karur,Karur(Uzhavar Sandhai ),Bitter gourd,Other,Local,5500,6000,5750,22/08/2026
Tamil Nadu,Coimbatore,Kurichi(Uzhavar Sandhai ),Bitter gourd,Other,Local,5500,6000,5750,22/08/2026
Tamil Nadu,Krishnagiri,Kaveripattinam(Uzhavar Sandhai ),Bitter gourd,Bitter Gourd,Local,6000,6000,6000,22/08/2026
Tamil Nadu,Dindigul,Dindigul(Uzhavar Sandhai ),Bitter gourd,Bitter Gourd,Local,6000,7000,6500,22/08/2026
Tamil Nadu,Kallakuruchi,Sankarapuram(Uzhavar Sandhai ),Bitter gourd,Bitter Gourd,Local,7000,7000,7000,22/08/2026
Tamil Nadu,Kancheepuram,Sunguvarchatram(Uzhavar Sandhai ),Bitter gourd,Bitter Gourd,Local,4000,4000,4000,22/08/2026
Tamil Nadu,Dharmapuri,Karimangalam(Uzhavar Sandhai),Bitter gourd,Other,Local,4500,5000,4750,22/08/2026
Tamil Nadu,Madurai,Anaiyur(Uzhavar Sandhai ),Bitter gourd,Other,Local,6500,7000,6750,22/08/2026
Tamil Nadu,Madurai,Usilampatti(Uzhavar Sandhai ),Bitter gourd,Bitter Gourd,Local,6500,7000,6750,22/08/2026
Tamil Nadu,Madurai,Palanganatham(Uzhavar Sandhai ),Bitter gourd,Bitter Gourd,Local,6000,6500,6250,22/08/2026
Tamil Nadu,Salem,Ammapet(Uzhavar Sandhai ),Bitter gourd,Other,Local,4500,5000,4750,22/08/2026
Tamil Nadu,Thirunelveli,NGO Colony(Uzhavar Sandhai ),Bitter gourd,Bitter Gourd,Local,5500,6000,5750,22/08/2026
Tamil Nadu,Thiruvannamalai,Tamarainagar(Uzhavar Sandhai ),Bitter gourd,Bitter Gourd,Local,5000,6000,5500,22/08/2026
Tamil Nadu,Thiruvarur,Muthupettai(Uzhavar Sandhai ),Bitter gourd,Bitter Gourd,Local,6000,6000,6000,22/08/2026
Tamil Nadu,Pudukkottai,Gandarvakottai(Uzhavar Sandhai ),Bitter gourd,Other,Local,7000,8000,7500,22/08/2026
Tamil Nadu,Cuddalore,Panruti(Uzhavar Sandhai ),Bitter gourd,Bitter Gourd,Local,6000,6000,6000,22/08/2026
Tamil Nadu,Salem,Elampillai(Uzhavar Sandhai ),Bitter gourd,Other,Local,4500,5000,4750,22/08/2026
Tamil Nadu,Thiruchirappalli,Manachanallur(Uzhavar Sandhai ),Bitter gourd,Other,Local,6000,6000,6000,22/08/2026
Tamil Nadu,Thiruchirappalli,Musiri(Uzhavar Sandhai ),Bitter gourd,Bitter Gourd,Local,5000,5600,5300,22/08/2026
Tamil Nadu,Thiruchirappalli,Thiruverumbur(Uzhavar Sandhai ),Bitter gourd,Other,Local,5600,5600,5600,22/08/2026
Tamil Nadu,Virudhunagar,Thalavaipuram(Uzhavar Sandhai ),Bitter gourd,Other,Local,7500,9000,8250,22/08/2026
Tamil Nadu,Virudhunagar,Virudhunagar(Uzhavar Sandhai ),Bitter gourd,Bitter Gourd,Local,5500,5600,5550,22/08/2026
Tamil Nadu,Villupuram,Tindivanam APMC,Bitter gourd,Bitter Gourd,Local,5000,5000,5000,22/08/2026
Tamil Nadu,Thanjavur,Kumbakonam (Uzhavar Sandhai ),Bitter gourd,Bitter Gourd,Local,7200,7200,7200,22/08/2026
Tamil Nadu,The Nilgiris,Udhagamandalam(Uzhavar Sandhai ),Bitter gourd,Bitter Gourd,Local,5500,5800,5650,22/08/2026
Tamil Nadu,Thiruvarur,Needamangalam(Uzhavar Sandhai ),Bitter gourd,Bitter Gourd,Local,5800,5800,5800,22/08/2026
Tamil Nadu,Thiruvarur,Tiruvarur(Uzhavar Sandhai ),Bitter gourd,Bitter Gourd,Local,6000,6000,6000,22/08/2026
Tamil Nadu,Vellore,Katpadi (Uzhavar Sandhai ),Bitter gourd,Bitter Gourd,Local,4000,5000,4500,22/08/2026
Tamil Nadu,Thirupur,Dharapuram(Uzhavar Sandhai ),Bitter gourd,Bitter Gourd,Local,5000,5500,5250,22/08/2026
Tamil Nadu,Thirupur,Palladam(Uzhavar Sandhai ),Bitter gourd,Other,Local,5000,6000,5500,22/08/2026
Tamil Nadu,Coimbatore,Vadavalli(Uzhavar Sandhai ),Bitter gourd,Other,Local,5000,5800,5400,22/08/2026
Tamil Nadu,Ramanathapuram,Paramakudi(Uzhavar Sandhai ),Bitter gourd,Bitter Gourd,Local,5500,6000,5750,22/08/2026
Tamil Nadu,Thiruvannamalai,Arani(Uzhavar Sandhai ),Bitter gourd,Bitter Gourd,Local,4000,4800,4400,22/08/2026
Tamil Nadu,Thiruvannamalai,Cheyyar(Uzhavar Sandhai ),Bitter gourd,Other,Local,3200,4000,3600,22/08/2026
Tamil Nadu,Thirupur,Tiruppur (South) (Uzhavar Sandhai ),Bitter gourd,Other,Local,5000,6000,5500,22/08/2026
Tamil Nadu,Krishnagiri,Avallapalli(Uzhavar Sandhai ),Bitter gourd,Bitter Gourd,Local,4000,4500,4250,22/08/2026
Tamil Nadu,Krishnagiri,Denkanikottai(Uzhavar Sandhai ),Bitter gourd,Bitter Gourd,Local,4000,4500,4250,22/08/2026
Tamil Nadu,Nagapattinam,Sirkali(Uzhavar Sandhai ),Bitter gourd,Bitter Gourd,Local,5500,6000,5750,22/08/2026
Tamil Nadu,Namakkal,Rasipuram(Uzhavar Sandhai ),Bitter gourd,Other,Local,6000,6500,6250,22/08/2026
Tamil Nadu,Madurai,Anna nagar(Uzhavar Sandhai ),Bitter gourd,Other,Local,5600,5600,5600,22/08/2026
Tamil Nadu,Ranipet,Arcot(Uzhavar Sandhai ),Bitter gourd,Other,Local,4000,5000,4500,22/08/2026
Tamil Nadu,Karur,Velayuthampalayam(Uzhavar Sandhai ),Bitter gourd,Bitter Gourd,Local,5000,6000,5500,22/08/2026
Tamil Nadu,Salem,Hasthampatti(Uzhavar Sandhai ),Bitter gourd,Other,Local,4500,5000,4750,22/08/2026
Tamil Nadu,Sivaganga,Singampunari(Uzhavar Sandhai ),Bitter gourd,Other,Local,6600,7200,6900,22/08/2026
Tamil Nadu,Thiruchirappalli,Lalgudi(Uzhavar Sandhai ),Bitter gourd,Other,Local,5600,5600,5600,22/08/2026
Tamil Nadu,Virudhunagar,Rajapalayam(Uzhavar Sandhai ),Bitter gourd,Bitter Gourd,Local,8000,9000,8500,22/08/2026
Tamil Nadu,Virudhunagar,Sivakasi(Uzhavar Sandhai ),Bitter gourd,Bitter Gourd,Local,5000,6000,5500,22/08/2026
Tamil Nadu,Chengalpattu,Chengalpet(Uzhavar Sandhai ),Bitter gourd,Other,Local,6000,7000,6500,22/08/2026
Tamil Nadu,Nagercoil (Kannyiakumari),Myladi(Uzhavar Sandhai ),Bitter gourd,Bitter Gourd,Local,5500,6000,5750,22/08/2026
Tamil Nadu,Villupuram,Ulundurpettai APMC,Bitter gourd,Bitter Gourd,Local,6000,6000,6000,22/08/2026
Tamil Nadu,Cuddalore,Viruthachalam(Uzhavar Sandhai ),Bitter gourd,Bitter Gourd,Local,6000,6000,6000,22/08/2026
Tamil Nadu,Tenkasi,Tenkasi(Uzhavar Sandhai ),Bitter gourd,Other,Local,4000,5000,4500,22/08/2026
Tamil Nadu,Theni,Andipatti(Uzhavar Sandhai ),Bitter gourd,Other,Local,4600,4800,4700,22/08/2026
Tamil Nadu,Thiruvarur,Valangaiman APMC,Bitter gourd,Bitter Gourd,Local,6000,6000,6000,22/08/2026
Tamil Nadu,Thiruvellore,Tiruthani(Uzhavar Sandhai ),Bitter gourd,Bitter Gourd,Local,5000,5000,5000,22/08/2026
Tamil Nadu,Virudhunagar,Kariyapatti(Uzhavar Sandhai ),Bitter gourd,Other,Local,7500,8000,7750,22/08/2026
Tamil Nadu,Thiruvellore,Tiruvallur(Uzhavar Sandhai ),Bitter gourd,Bitter Gourd,Local,5000,5000,5000,22/08/2026
Tamil Nadu,Kallakuruchi,Kallakurichi(Uzhavar Sandhai ),Bitter gourd,Bitter Gourd,Local,6000,6000,6000,22/08/2026
Tamil Nadu,Erode,Sampath Nagar(Uzhavar Sandhai ),Bitter gourd,Other,Local,5200,5600,5400,22/08/2026
Tamil Nadu,Nagapattinam,Mayiladuthurai(Uzhavar Sandhai ),Bitter gourd,Bitter Gourd,Local,6000,7000,6500,22/08/2026
Tamil Nadu,Pudukkottai,Alangudi(Uzhavar Sandhai ),Bitter gourd,Other,Local,7000,8000,7500,22/08/2026
Tamil Nadu,Vellore,Gudiyatham(Uzhavar Sandhai ),Bitter gourd,Bitter Gourd,Local,4600,4600,4600,22/08/2026
Tamil Nadu,Vellore,Kahithapattarai(Uzhavar Sandhai ),Bitter gourd,Bitter Gourd,Local,4600,4600,4600,22/08/2026
Tamil Nadu,Erode,Sathiyamagalam(Uzhavar Sandhai ),Bitter gourd,Other,Local,5400,5800,5600,22/08/2026
Tamil Nadu,Coimbatore,RSPuram(Uzhavar Sandhai ),Bitter gourd,Other,Local,5500,6000,5750,22/08/2026
Tamil Nadu,Pudukkottai,Karambakkudi(Uzhavar Sandhai ),Bitter gourd,Other,Local,7000,8000,7500,22/08/2026
Tamil Nadu,Vellore,Thirupathur APMC,Bitter gourd,Bitter Gourd,Local,5000,5000,5000,22/08/2026
Tamil Nadu,Vellore,Vellore APMC,Bitter gourd,Bitter Gourd,Local,3500,3500,3500,22/08/2026
Tamil Nadu,Madurai,Anaiyur(Uzhavar Sandhai ),Bottle gourd,Bottle Gourd,Local,2800,3000,2900,22/08/2026
Tamil Nadu,Namakkal,Paramathivelur(Uzhavar Sandhai ),Bottle gourd,Bottle Gourd,Local,1700,2000,1850,22/08/2026
Tamil Nadu,Namakkal,Rasipuram(Uzhavar Sandhai ),Bottle gourd,Bottle Gourd,Local,1800,2500,2150,22/08/2026
Tamil Nadu,Madurai,Palanganatham(Uzhavar Sandhai ),Bottle gourd,Bottle Gourd,Local,2400,3000,2700,22/08/2026
Tamil Nadu,Madurai,Anna nagar(Uzhavar Sandhai ),Bottle gourd,Bottle Gourd,Local,2600,3000,2800,22/08/2026
Tamil Nadu,Salem,Mecheri(Uzhavar Sandhai),Bottle gourd,Bottle Gourd,Local,2000,2500,2250,22/08/2026
Tamil Nadu,Salem,Mettur(Uzhavar Sandhai ),Bottle gourd,Bottle Gourd,Local,1500,2000,1750,22/08/2026
Tamil Nadu,Theni,Chinnamanur(Uzhavar Sandhai ),Bottle gourd,Bottle Gourd,Local,1400,1400,1400,22/08/2026
Tamil Nadu,Karur,Pallapatti (Uzhavar Sandhai ),Bottle gourd,Bottle Gourd,Local,2500,3000,2750,22/08/2026
Tamil Nadu,Salem,Hasthampatti(Uzhavar Sandhai ),Bottle gourd,Bottle Gourd,Local,2500,3000,2750,22/08/2026
Tamil Nadu,Thiruchirappalli,Manachanallur(Uzhavar Sandhai ),Bottle gourd,Bottle Gourd,Local,3000,3000,3000,22/08/2026
Tamil Nadu,Virudhunagar,Sathur(Uzhavar Sandhai ),Bottle gourd,Bottle Gourd,Local,1800,2000,1900,22/08/2026
Tamil Nadu,Virudhunagar,Sivakasi(Uzhavar Sandhai ),Bottle gourd,Bottle Gourd,Local,2000,2500,2250,22/08/2026
Tamil Nadu,Chengalpattu,Pallavaram(Uzhavar Sandhai ),Bottle gourd,Bottle Gourd,Local,4000,5000,4500,22/08/2026
Tamil Nadu,Nagercoil (Kannyiakumari),Myladi(Uzhavar Sandhai ),Bottle gourd,Bottle Gourd,Local,1800,2000,1900,22/08/2026
Tamil Nadu,Tenkasi,Sankarankoil(Uzhavar Sandhai ),Bottle gourd,Bottle Gourd,Local,2000,2000,2000,22/08/2026
Tamil Nadu,The Nilgiris,Udhagamandalam(Uzhavar Sandhai ),Bottle gourd,Bottle Gourd,Local,3000,3300,3150,22/08/2026
Tamil Nadu,Thiruvarur,Tiruvarur(Uzhavar Sandhai ),Bottle gourd,Bottle Gourd,Local,3000,3000,3000,22/08/2026
Tamil Nadu,Villupuram,Gingee(Uzhavar Sandhai ),Bottle gourd,Bottle Gourd,Local,2500,2500,2500,22/08/2026
Tamil Nadu,Salem,Vazhapadi(Uzhavar Sandhai),Bottle gourd,Bottle Gourd,Local,2500,3000,2750,22/08/2026
Tamil Nadu,Chengalpattu,Guduvancheri(Uzhavar Sandhai ),Bottle gourd,Bottle Gourd,Local,4000,5000,4500,22/08/2026
Tamil Nadu,Salem,Athur(Uzhavar Sandhai ),Bottle gourd,Bottle Gourd,Local,2200,2500,2350,22/08/2026
Tamil Nadu,Coimbatore,Pollachi(Uzhavar Sandhai ),Bottle gourd,Bottle Gourd,Local,2500,3000,2750,22/08/2026
Tamil Nadu,Karur,Karur(Uzhavar Sandhai ),Bottle gourd,Bottle Gourd,Local,2500,3000,2750,22/08/2026
Tamil Nadu,Coimbatore,Kurichi(Uzhavar Sandhai ),Bottle gourd,Bottle Gourd,Local,3000,3500,3250,22/08/2026
Tamil Nadu,Thirupur,Tiruppur (South) (Uzhavar Sandhai ),Bottle gourd,Bottle Gourd,Local,1500,2000,1750,22/08/2026
Tamil Nadu,Dharmapuri,Palacode(Uzhavar Sandhai ),Bottle gourd,Bottle Gourd,Local,1800,2200,2000,22/08/2026
Tamil Nadu,Kancheepuram,Padappai(Uzhavar Sandhai ),Bottle gourd,Bottle Gourd,Local,2000,3000,2500,22/08/2026
Tamil Nadu,Kancheepuram,Sunguvarchatram(Uzhavar Sandhai ),Bottle gourd,Bottle Gourd,Local,3000,3000,3000,22/08/2026
Tamil Nadu,Namakkal,Mohanur(Uzhavar Sandhai ),Bottle gourd,Bottle Gourd,Local,1500,2000,1750,22/08/2026
Tamil Nadu,Perambalur,Perambalur(Uzhavar Sandhai ),Bottle gourd,Bottle Gourd,Local,1800,2200,2000,22/08/2026
Tamil Nadu,Thirupur,Tiruppur (North) (Uzhavar Sandhai ),Bottle gourd,Bottle Gourd,Local,1200,1500,1350,22/08/2026
Tamil Nadu,Thiruvannamalai,Tamarainagar(Uzhavar Sandhai ),Bottle gourd,Bottle Gourd,Local,2000,2500,2250,22/08/2026
Tamil Nadu,Coimbatore,Sulur(Uzhavar Sandhai ),Bottle gourd,Bottle Gourd,Local,2600,3000,2800,22/08/2026
Tamil Nadu,Pudukkottai,Gandarvakottai(Uzhavar Sandhai ),Bottle gourd,Bottle Gourd,Local,2000,2500,2250,22/08/2026
Tamil Nadu,Cuddalore,Panruti(Uzhavar Sandhai ),Bottle gourd,Bottle Gourd,Local,2500,2500,2500,22/08/2026
Tamil Nadu,Salem,Attayampatti(Uzhavar Sandhai ),Bottle gourd,Bottle Gourd,Local,3000,3000,3000,22/08/2026
Tamil Nadu,Sivaganga,Karaikudi(Uzhavar Sandhai ),Bottle gourd,Bottle Gourd,Local,3200,3400,3300,22/08/2026
Tamil Nadu,Thanjavur,Thanjavur(Uzhavar Sandhai ),Bottle gourd,Bottle Gourd,Local,3000,3000,3000,22/08/2026
Tamil Nadu,Thiruchirappalli,KKNagar(Uzhavar Sandhai ),Bottle gourd,Bottle Gourd,Local,3000,3000,3000,22/08/2026
Tamil Nadu,Thiruchirappalli,Lalgudi(Uzhavar Sandhai ),Bottle gourd,Bottle Gourd,Local,3000,3000,3000,22/08/2026
Tamil Nadu,Virudhunagar,Rajapalayam(Uzhavar Sandhai ),Bottle gourd,Bottle Gourd,Local,1500,2000,1750,22/08/2026
Tamil Nadu,Chengalpattu,Nanganallur(Uzhavar Sandhai ),Bottle gourd,Bottle Gourd,Local,3500,4000,3750,22/08/2026
Tamil Nadu,Villupuram,Tindivanam APMC,Bottle gourd,Bottle Gourd,Local,2000,2000,2000,22/08/2026
Tamil Nadu,Nagapattinam,Nagapattinam(Uzhavar Sandhai ),Bottle gourd,Bottle Gourd,Local,2800,3300,3050,22/08/2026
Tamil Nadu,Tenkasi,Tenkasi(Uzhavar Sandhai ),Bottle gourd,Bottle Gourd,Local,1500,1500,1500,22/08/2026
Tamil Nadu,Pudukkottai,Pudukottai(Uzhavar Sandhai ),Bottle gourd,Bottle Gourd,Local,2500,3000,2750,22/08/2026
Tamil Nadu,Theni,Andipatti(Uzhavar Sandhai ),Bottle gourd,Bottle Gourd,Local,1800,2000,1900,22/08/2026
Tamil Nadu,Theni,Bodinayakanur(Uzhavar Sandhai ),Bottle gourd,Bottle Gourd,Local,1600,1600,1600,22/08/2026
Tamil Nadu,Thiruvarur,Valangaiman APMC,Bottle gourd,Bottle Gourd,Local,3000,3000,3000,22/08/2026
Tamil Nadu,Madurai,Melur(Uzhavar Sandhai ),Bottle gourd,Bottle Gourd,Local,2400,2600,2500,22/08/2026
Tamil Nadu,Nagapattinam,Vedaranyam(Uzhavar Sandhai),Bottle gourd,Bottle Gourd,Local,3000,3500,3250,22/08/2026
Tamil Nadu,Thirupur,Dharapuram(Uzhavar Sandhai ),Bottle gourd,Bottle Gourd,Local,1400,1800,1600,22/08/2026
Tamil Nadu,Thirupur,Palladam(Uzhavar Sandhai ),Bottle gourd,Bottle Gourd,Local,1500,2000,1750,22/08/2026
Tamil Nadu,Virudhunagar,Srivilliputhur(Uzhavar Sandhai ),Bottle gourd,Bottle Gourd,Local,1500,2000,1750,22/08/2026
Tamil Nadu,Dindigul,Vedasanthur(Uzhavar Sandhai ),Bottle gourd,Bottle Gourd,Local,1000,1500,1250,22/08/2026
Tamil Nadu,Erode,Gobichettipalayam(Uzhavar Sandhai ),Bottle gourd,Bottle Gourd,Local,1800,2000,1900,22/08/2026
Tamil Nadu,Nagapattinam,Mayiladuthurai(Uzhavar Sandhai ),Bottle gourd,Bottle Gourd,Local,2500,3000,2750,22/08/2026
Tamil Nadu,Thiruvannamalai,Arani(Uzhavar Sandhai ),Bottle gourd,Bottle Gourd,Local,1500,2000,1750,22/08/2026
Tamil Nadu,Thiruvannamalai,Tiruvannamalai(Uzhavar Sandhai ),Bottle gourd,Bottle Gourd,Local,2000,2500,2250,22/08/2026
Tamil Nadu,Thiruvellore,Paruthipattu(Uzhavar Sandhai ),Bottle gourd,Bottle Gourd,Local,4000,4000,4000,22/08/2026
Tamil Nadu,Coimbatore,Sundarapuram(Uzhavar Sandhai ),Bottle gourd,Bottle Gourd,Local,2500,3000,2750,22/08/2026
Tamil Nadu,Erode,Sathiyamagalam(Uzhavar Sandhai ),Bottle gourd,Bottle Gourd,Local,1500,2000,1750,22/08/2026
Tamil Nadu,Coimbatore,Mettupalayam(Uzhavar Sandhai ),Bottle gourd,Bottle Gourd,Local,2400,2800,2600,22/08/2026
Tamil Nadu,Namakkal,Tiruchengode APMC,Bottle gourd,Bottle Gourd,Local,1800,2000,1900,22/08/2026
Tamil Nadu,Cuddalore,Chidambaram(Uzhavar Sandhai ),Bottle gourd,Bottle Gourd,Local,3000,3000,3000,22/08/2026
Tamil Nadu,Vellore,Vellore APMC,Bottle gourd,Bottle Gourd,Local,1500,1500,1500,22/08/2026
Tamil Nadu,Erode,Perundurai(Uzhavar Sandhai ),Bottle gourd,Bottle Gourd,Local,1500,1800,1650,22/08/2026
Tamil Nadu,Kancheepuram,Kundrathur(Uzhavar Sandhai ),Bottle gourd,Bottle Gourd,Local,3000,3000,3000,22/08/2026
Tamil Nadu,Krishnagiri,Denkanikottai(Uzhavar Sandhai ),Bottle gourd,Bottle Gourd,Local,2000,2500,2250,22/08/2026
Tamil Nadu,Madurai,Usilampatti(Uzhavar Sandhai ),Bottle gourd,Bottle Gourd,Local,2800,3000,2900,22/08/2026
Tamil Nadu,Salem,Ammapet(Uzhavar Sandhai ),Bottle gourd,Bottle Gourd,Local,2500,2800,2650,22/08/2026
Tamil Nadu,Salem,Thammampatti (Uzhavar Sandhai ),Bottle gourd,Bottle Gourd,Local,2000,2500,2250,22/08/2026
Tamil Nadu,Theni,Theni(Uzhavar Sandhai ),Bottle gourd,Bottle Gourd,Local,1500,2000,1750,22/08/2026
Tamil Nadu,Thirupur,Kangayam(Uzhavar Sandhai ),Bottle gourd,Bottle Gourd,Local,1400,1800,1600,22/08/2026
Tamil Nadu,Thiruvarur,Muthupettai(Uzhavar Sandhai ),Bottle gourd,Bottle Gourd,Local,3000,3000,3000,22/08/2026
Tamil Nadu,Karur,Velayuthampalayam(Uzhavar Sandhai ),Bottle gourd,Bottle Gourd,Local,2400,3000,2700,22/08/2026
Tamil Nadu,Sivaganga,Sivagangai (Uzhavar Sandhai ),Bottle gourd,Bottle Gourd,Local,2800,3200,3000,22/08/2026
Tamil Nadu,Salem,Jalagandapuram(Uzhavar Sandhai ),Bottle gourd,Bottle Gourd,Local,2500,3000,2750,22/08/2026
Tamil Nadu,Sivaganga,Singampunari(Uzhavar Sandhai ),Bottle gourd,Bottle Gourd,Local,2600,3200,2900,22/08/2026
Tamil Nadu,Thiruchirappalli,Manapparai(Uzhavar Sandhai ),Bottle gourd,Bottle Gourd,Local,3000,3000,3000,22/08/2026
Tamil Nadu,Thiruchirappalli,Thiruverumbur(Uzhavar Sandhai ),Bottle gourd,Bottle Gourd,Local,3000,3000,3000,22/08/2026
Tamil Nadu,Virudhunagar,Virudhunagar(Uzhavar Sandhai ),Bottle gourd,Bottle Gourd,Local,2500,2600,2550,22/08/2026
Tamil Nadu,Villupuram,Ulundurpettai APMC,Bottle gourd,Bottle Gourd,Local,2000,2000,2000,22/08/2026
Tamil Nadu,Madurai,Chokkikulam(Uzhavar Sandhai ),Bottle gourd,Bottle Gourd,Local,2600,3000,2800,22/08/2026
Tamil Nadu,Erode,Thalavadi(Uzhavar Sandhai ),Bottle gourd,Bottle Gourd,Local,2000,2400,2200,22/08/2026
Tamil Nadu,Karur,Gandhigramam(Uzhavar Sandhai),Bottle gourd,Bottle Gourd,Local,2500,3000,2750,22/08/2026
Tamil Nadu,Thirupathur,Natrampalli(Uzhavar Sandhai ),Bottle gourd,Bottle Gourd,Local,2000,3000,2500,22/08/2026
Tamil Nadu,Coimbatore,Udumalpet APMC,Bottle gourd,Bottle Gourd,Local,1500,2000,1750,22/08/2026
Tamil Nadu,Pudukkottai,Viralimalai(Uzhavar Sandhai ),Bottle gourd,Bottle Gourd,Local,2000,2500,2250,22/08/2026
Tamil Nadu,Pudukkottai,Alangudi(Uzhavar Sandhai ),Bottle gourd,Bottle Gourd,Local,2000,2500,2250,22/08/2026
Tamil Nadu,Thiruvellore,Ambattur(Uzhavar Sandhai ),Bottle gourd,Bottle Gourd,Local,4000,4000,4000,22/08/2026
Tamil Nadu,Tuticorin,Kovilpatti(Uzhavar Sandhai ),Bottle gourd,Bottle Gourd,Local,3000,3500,3250,22/08/2026
Tamil Nadu,Villupuram,Villupuram(Uzhavar Sandhai ),Bottle gourd,Bottle Gourd,Local,2500,2500,2500,22/08/2026
Tamil Nadu,Thiruvannamalai,Cheyyar(Uzhavar Sandhai ),Bottle gourd,Bottle Gourd,Local,1500,2000,1750,22/08/2026
Tamil Nadu,Coimbatore,RSPuram(Uzhavar Sandhai ),Bottle gourd,Bottle Gourd,Local,2600,3000,2800,22/08/2026
Tamil Nadu,Coimbatore,Singanallur(Uzhavar Sandhai ),Bottle gourd,Bottle Gourd,Local,2500,3000,2750,22/08/2026
Tamil Nadu,Chengalpattu,Thirukalukundram(Uzhavar Sandhai ),Bottle gourd,Bottle Gourd,Local,3000,3500,3250,22/08/2026
Tamil Nadu,Pudukkottai,Karambakkudi(Uzhavar Sandhai ),Bottle gourd,Bottle Gourd,Local,2500,3000,2750,22/08/2026
Tamil Nadu,Vellore,Thirupathur APMC,Bottle gourd,Bottle Gourd,Local,2000,2000,2000,22/08/2026
Tamil Nadu,Krishnagiri,Kaveripattinam(Uzhavar Sandhai ),Bottle gourd,Bottle Gourd,Local,3000,3000,3000,22/08/2026
Tamil Nadu,Dharmapuri,Dharmapuri(Uzhavar Sandhai ),Bottle gourd,Bottle Gourd,Local,1800,2000,1900,22/08/2026
Tamil Nadu,Dindigul,Chinnalapatti(Uzhavar Sandhai ),Bottle gourd,Bottle Gourd,Local,2500,3000,2750,22/08/2026
Tamil Nadu,Krishnagiri,Avallapalli(Uzhavar Sandhai ),Bottle gourd,Bottle Gourd,Local,2000,2500,2250,22/08/2026
Tamil Nadu,Krishnagiri,Hosur(Uzhavar Sandhai ),Bottle gourd,Bottle Gourd,Local,2000,2500,2250,22/08/2026
Tamil Nadu,Nagapattinam,Sirkali(Uzhavar Sandhai ),Bottle gourd,Bottle Gourd,Local,2500,3000,2750,22/08/2026
Tamil Nadu,Namakkal,Kumarapalayam(Uzhavar Sandhai ),Bottle gourd,Bottle Gourd,Local,1800,2000,1900,22/08/2026
Tamil Nadu,Namakkal,Namakkal(Uzhavar Sandhai ),Bottle gourd,Bottle Gourd,Local,1500,2000,1750,22/08/2026
Tamil Nadu,Thanjavur,Tirukattupalli(Uzhavar Sandhai ),Bottle gourd,Bottle Gourd,Local,3000,3000,3000,22/08/2026
Tamil Nadu,Ranipet,Arcot(Uzhavar Sandhai ),Bottle gourd,Bottle Gourd,Local,2500,3000,2750,22/08/2026
Tamil Nadu,Ranipet,Ranipettai(Uzhavar Sandhai ),Bottle gourd,Bottle Gourd,Local,2500,3000,2750,22/08/2026
Tamil Nadu,Salem,Sooramangalam(Uzhavar Sandhai ),Bottle gourd,Bottle Gourd,Local,2000,3000,2500,22/08/2026
Tamil Nadu,Thiruchirappalli,Thuraiyur APMC,Bottle gourd,Bottle Gourd,Local,2500,3000,2750,22/08/2026
Tamil Nadu,Theni,Kambam(Uzhavar Sandhai ),Bottle gourd,Bottle Gourd,Local,1400,2000,1700,22/08/2026
Tamil Nadu,Thirunelveli,Melapalayam(Uzhavar Sandhai ),Bottle gourd,Bottle Gourd,Local,1000,3000,2000,22/08/2026
Tamil Nadu,Thirunelveli,NGO Colony(Uzhavar Sandhai ),Bottle gourd,Bottle Gourd,Local,2200,3000,2600,22/08/2026
Tamil Nadu,Thiruvannamalai,Vandavasi(Uzhavar Sandhai ),Bottle gourd,Bottle Gourd,Local,1600,2000,1800,22/08/2026
Tamil Nadu,Dharmapuri,AJattihalli(Uzhavar Sandhai ),Bottle gourd,Bottle Gourd,Local,2000,2000,2000,22/08/2026
Tamil Nadu,Thanjavur,Peravurani(Uzhavar Sandhai),Bottle gourd,Bottle Gourd,Local,2500,2500,2500,22/08/2026
Tamil Nadu,Karur,Vengamedu(Uzhavar Sandhai ),Bottle gourd,Bottle Gourd,Local,2500,3000,2750,22/08/2026
Tamil Nadu,Theni,Devaram(Uzhavar Sandhai ),Bottle gourd,Bottle Gourd,Local,2000,2000,2000,22/08/2026
Tamil Nadu,Sivaganga,Devakottai (Uzhavar Sandhai ),Bottle gourd,Bottle Gourd,Local,3000,3400,3200,22/08/2026
Tamil Nadu,Salem,Edapadi (Uzhavar Sandhai ),Bottle gourd,Bottle Gourd,Local,2400,2800,2600,22/08/2026
Tamil Nadu,Salem,Elampillai(Uzhavar Sandhai ),Bottle gourd,Bottle Gourd,Local,2000,3000,2500,22/08/2026
Tamil Nadu,Thiruchirappalli,Musiri(Uzhavar Sandhai ),Bottle gourd,Bottle Gourd,Local,2000,2500,2250,22/08/2026
Tamil Nadu,Virudhunagar,Thalavaipuram(Uzhavar Sandhai ),Bottle gourd,Bottle Gourd,Local,1600,2000,1800,22/08/2026
Tamil Nadu,Cuddalore,Viruthachalam(Uzhavar Sandhai ),Bottle gourd,Bottle Gourd,Local,3000,3000,3000,22/08/2026
Tamil Nadu,Krishnagiri,Krishnagiri(Uzhavar Sandhai ),Bottle gourd,Bottle Gourd,Local,2000,2400,2200,22/08/2026
Tamil Nadu,Thanjavur,Kumbakonam (Uzhavar Sandhai ),Bottle gourd,Bottle Gourd,Local,3600,3600,3600,22/08/2026
Tamil Nadu,Thiruvarur,Needamangalam(Uzhavar Sandhai ),Bottle gourd,Bottle Gourd,Local,3000,3000,3000,22/08/2026
Tamil Nadu,Virudhunagar,Kariyapatti(Uzhavar Sandhai ),Bottle gourd,Bottle Gourd,Local,1800,2000,1900,22/08/2026
Tamil Nadu,Thiruvellore,Tiruvallur(Uzhavar Sandhai ),Bottle gourd,Bottle Gourd,Local,3000,3000,3000,22/08/2026
Tamil Nadu,Vellore,Katpadi (Uzhavar Sandhai ),Bottle gourd,Bottle Gourd,Local,2000,2500,2250,22/08/2026
Tamil Nadu,Pudukkottai,Aranthangi(Uzhavar Sandhai ),Bottle gourd,Bottle Gourd,Local,1500,2000,1750,22/08/2026
Tamil Nadu,Kallakuruchi,Kallakurichi(Uzhavar Sandhai ),Bottle gourd,Bottle Gourd,Local,1500,1500,1500,22/08/2026
Tamil Nadu,Coimbatore,Vadavalli(Uzhavar Sandhai ),Bottle gourd,Bottle Gourd,Local,2500,3000,2750,22/08/2026
Tamil Nadu,Erode,Sampath Nagar(Uzhavar Sandhai ),Bottle gourd,Bottle Gourd,Local,1800,2000,1900,22/08/2026
Tamil Nadu,Vellore,Pallikonda(Uzhavar Sandhai),Bottle gourd,Bottle Gourd,Local,2000,2400,2200,22/08/2026
Tamil Nadu,Pudukkottai,Ponnamaravathi(Uzhavar Sandhai),Bottle gourd,Bottle Gourd,Local,2000,2500,2250,22/08/2026
Tamil Nadu,Ramanathapuram,Ramanathapuram(Uzhavar Sandhai ),Bottle gourd,Bottle Gourd,Local,2400,2600,2500,22/08/2026
Tamil Nadu,Thiruvannamalai,Polur(Uzhavar Sandhai ),Bottle gourd,Bottle Gourd,Local,1600,2000,1800,22/08/2026
Tamil Nadu,Thiruvarur,Mannargudi II(Uzhavar Sandhai ),Bottle gourd,Bottle Gourd,Local,3000,3000,3000,22/08/2026
Tamil Nadu,Thiruvellore,Naravarikuppam(Uzhavar Sandhai ),Bottle gourd,Bottle Gourd,Local,4000,4000,4000,22/08/2026
Tamil Nadu,Vellore,Gudiyatham(Uzhavar Sandhai ),Bottle gourd,Bottle Gourd,Local,2000,2000,2000,22/08/2026
Tamil Nadu,Vellore,Kahithapattarai(Uzhavar Sandhai ),Bottle gourd,Bottle Gourd,Local,2000,2000,2000,22/08/2026
Tamil Nadu,Dharmapuri,Pennagaram(Uzhavar Sandhai ),Bottle gourd,Bottle Gourd,Local,2200,2400,2300,22/08/2026
Tamil Nadu,Dindigul,Dindigul(Uzhavar Sandhai ),Bottle gourd,Bottle Gourd,Local,2000,3000,2500,22/08/2026
Tamil Nadu,Erode,Periyar Nagar(Uzhavar Sandhai ),Bottle gourd,Bottle Gourd,Local,1800,2000,1900,22/08/2026
Tamil Nadu,Kallakuruchi,Sankarapuram(Uzhavar Sandhai ),Bottle gourd,Bottle Gourd,Local,1500,1500,1500,22/08/2026
Tamil Nadu,Kancheepuram,Kancheepuram(Uzhavar Sandhai ),Bottle gourd,Bottle Gourd,Local,2000,3000,2500,22/08/2026
Tamil Nadu,Dharmapuri,Karimangalam(Uzhavar Sandhai),Bottle gourd,Bottle Gourd,Local,2300,2500,2400,22/08/2026
Tamil Nadu,Salem,Thathakapatti(Uzhavar Sandhai ),Bottle gourd,Bottle Gourd,Local,2500,3000,2750,22/08/2026
Tamil Nadu,Thirunelveli,Kandiyaperi(Uzhavar Sandhai ),Bottle gourd,Bottle Gourd,Local,1200,1500,1350,22/08/2026
Tamil Nadu,Thiruvannamalai,Chengam(Uzhavar Sandhai ),Bottle gourd,Bottle Gourd,Local,1600,2000,1800,22/08/2026
Tamil Nadu,Cuddalore,Vadalur(Uzhavar Sandhai ),Bottle gourd,Bottle Gourd,Local,2500,2500,2500,22/08/2026
Tamil Nadu,Sivaganga,Tirupatthur(Uzhavar Sandhai ),Bottle gourd,Bottle Gourd,Local,3200,3500,3350,22/08/2026
Tamil Nadu,Thanjavur,Pattukottai(Uzhavar Sandhai ),Bottle gourd,Bottle Gourd,Local,2600,2600,2600,22/08/2026
Tamil Nadu,Chengalpattu,Chengalpet(Uzhavar Sandhai ),Bottle gourd,Bottle Gourd,Local,4000,5000,4500,22/08/2026
Tamil Nadu,Chengalpattu,Madhuranthagam(Uzhavar Sandhai ),Bottle gourd,Bottle Gourd,Local,3000,3000,3000,22/08/2026
Tamil Nadu,Chengalpattu,Jameenrayapettai(Uzhavar Sandhai ),Bottle gourd,Bottle Gourd,Local,4000,5000,4500,22/08/2026
Tamil Nadu,Virudhunagar,Aruppukottai(Uzhavar Sandhai ),Bottle gourd,Bottle Gourd,Local,2500,3000,2750,22/08/2026
Tamil Nadu,Thiruvellore,Tiruthani(Uzhavar Sandhai ),Bottle gourd,Bottle Gourd,Local,3000,3000,3000,22/08/2026
Tamil Nadu,Madurai,Thirumangalam(Uzhavar Sandhai ),Bottle gourd,Bottle Gourd,Local,2400,2600,2500,22/08/2026
Tamil Nadu,Vellore,Perampet(Uzhavar Sandhai),Bottle gourd,Bottle Gourd,Local,2000,2400,2200,22/08/2026
Tamil Nadu,Karur,Kulithalai(Uzhavar Sandhai ),Bottle gourd,Bottle Gourd,Local,1500,2000,1750,22/08/2026
Tamil Nadu,Ramanathapuram,Paramakudi(Uzhavar Sandhai ),Bottle gourd,Bottle Gourd,Local,2500,2800,2650,22/08/2026
Tamil Nadu,Thiruvarur,Mannargudi I(Uzhavar Sandhai ),Bottle gourd,Bottle Gourd,Local,3000,3000,3000,22/08/2026
Tamil Nadu,Thiruvarur,Tiruthuraipoondi(Uzhavar Sandhai ),Bottle gourd,Bottle Gourd,Local,3000,3000,3000,22/08/2026
Tamil Nadu,Cuddalore,Cuddalore(Uzhavar Sandhai ),Bottle gourd,Bottle Gourd,Local,2000,2500,2250,22/08/2026
Tamil Nadu,Nagercoil (Kannyiakumari),Vadaseri APMC,Bottle gourd,Bottle Gourd,Local,1700,2000,1850,22/08/2026
Tamil Nadu,Dharmapuri,Harur(Uzhavar Sandhai ),Bottle gourd,Bottle Gourd,Local,2000,2500,2250,22/08/2026
Tamil Nadu,The Nilgiris,Coonoor(Uzhavar Sandhai ),Bottle gourd,Bottle Gourd,Local,2800,3000,2900,22/08/2026
Madhya Pradesh,Dhar,Kukshi(F&V) APMC,Bitter gourd,Bitter Gourd,Grade A,700,2000,1300,22/08/2026
Madhya Pradesh,Indore,Indore(F&V) APMC,Bitter gourd,Bitter Gourd,Local,1500,3000,2500,22/08/2026
Madhya Pradesh,Badwani,Sendhwa(F&V) APMC,Sponge gourd,Sponge gourd,Medium,900,1100,1000,22/08/2026
Madhya Pradesh,Dhar,Kukshi(F&V) APMC,Bottle gourd,Bottle Gourd,Grade A,300,800,500,22/08/2026
Madhya Pradesh,Satna,Maihar(F&V) APMC,Bottle gourd,Bottle Gourd,Local,1000,1000,1000,22/08/2026
Madhya Pradesh,Indore,Indore(F&V) APMC,Round gourd,Round gourd,Local,200,700,500,22/08/2026
Madhya Pradesh,Indore,Indore(F&V) APMC,Bottle gourd,Bottle Gourd,Local,1500,3000,2500,22/08/2026
Madhya Pradesh,Dhar,Kukshi(F&V) APMC,Sponge gourd,Sponge gourd,Grade A,800,1400,1100,22/08/2026
Madhya Pradesh,Badwani,Sendhwa(F&V) APMC,Bottle gourd,Bottle Gourd,Medium,800,1100,1000,22/08/2026
Madhya Pradesh,Guna,Guna(F&V) APMC,Bottle gourd,Other,Grade B,1500,1800,1700,22/08/2026
Madhya Pradesh,Sagar,Sagar(F&V) APMC,Sponge gourd,Sponge gourd,Local,1000,1200,1100,22/08/2026
Madhya Pradesh,Sagar,Sagar(F&V) APMC,Bottle gourd,Bottle Gourd,Local,600,800,700,22/08/2026
Maharashtra,Mumbai,Mumbai APMC,Bitter gourd,Other,Local,3000,3600,3300,22/08/2026
Maharashtra,Chandrapur,Chandrapur(Ganjwad) APMC,Bitter gourd,Other,Local,1000,2000,1500,22/08/2026
Maharashtra,Solapur,Mangal Wedha APMC,Bitter gourd,Other,Local,2200,3000,2500,22/08/2026
Maharashtra,Nagpur,Ramtek APMC,Bitter gourd,Other,Local,1000,1500,1200,22/08/2026
Maharashtra,Ahilyanagar,Rahata APMC,Bitter gourd,Other,Local,3500,4000,3750,22/08/2026
Maharashtra,Nagpur,Nagpur APMC,Bitter gourd,Other,Local,500,1500,1250,22/08/2026
Maharashtra,Chattrapati Sambhajinagar,Chattrapati Sambhajinagar APMC,Bitter gourd,Other,Local,1500,4500,3000,22/08/2026
Maharashtra,Amarawati,Amrawati(Frui & Veg. Market) APMC,Bitter gourd,Other,Local,2000,2600,2300,22/08/2026
Maharashtra,Solapur,SHRI.SIDDHESHWAR  APMC,Bitter gourd,Other,Local,1350,2300,1800,22/08/2026
Maharashtra,Pune,Pune(Moshi) APMC,Bitter gourd,Other,Local,3000,4000,3500,22/08/2026
Maharashtra,Satara,Karad APMC,Bitter gourd,Other,Local,2000,3500,3500,22/08/2026
Maharashtra,Ahilyanagar,Shrirampur APMC,Bitter gourd,Other,Local,1500,2000,1750,22/08/2026
Maharashtra,Pune,Pune(Pimpri) APMC,Bitter gourd,Other,Local,4000,4000,4000,22/08/2026
Maharashtra,Solapur,Akluj APMC,Bitter gourd,Other,Local,2500,4000,3500,22/08/2026
Maharashtra,Jalgaon,Bhusaval APMC,Bitter gourd,Other,Local,1200,2000,1500,22/08/2026
Maharashtra,Nashik,Nasik APMC,Bitter gourd,Other,Local,1670,3540,2625,22/08/2026
Maharashtra,Pune,Pune(Manjri) APMC,Bitter gourd,Other,Local,2000,4000,3000,22/08/2026
Maharashtra,Pune,Junnar(Narayangaon) APMC,Bitter gourd,Other,Local,500,4120,2500,22/08/2026
Maharashtra,Kolhapur,Vadgaonpeth APMC,Bitter gourd,Other,Local,2000,3000,2800,22/08/2026
Maharashtra,Nagpur,Kamthi APMC,Bitter gourd,Other,Local,5060,5560,5310,22/08/2026
Maharashtra,Pune,Khed(Chakan) APMC,Bitter gourd,Other,Local,2000,3500,2500,22/08/2026
Maharashtra,Raigad,Panvel APMC,Bitter gourd,Other,Local,4000,5000,4500,22/08/2026
Maharashtra,Pune,Junnar(Otur) APMC,Bitter gourd,Other,Local,2000,3860,3200,22/08/2026
Maharashtra,Nagpur,HINGNA - APMC,Bitter gourd,Other,Local,1200,2000,1482,22/08/2026
Maharashtra,Chattrapati Sambhajinagar,Chattrapati Sambhajinagar APMC,Bottle gourd,Other,Local,550,950,750,22/08/2026
Maharashtra,Raigad,Panvel APMC,Bottle gourd,Other,Local,3000,4000,3500,22/08/2026
Maharashtra,Pune,Junnar(Narayangaon) APMC,Bottle gourd,Other,Local,400,2500,1500,22/08/2026
Maharashtra,Pune,Pune(Pimpri) APMC,Bottle gourd,Other,Local,2000,3000,2500,22/08/2026
Maharashtra,Ahilyanagar,Rahata APMC,Bottle gourd,Other,Local,800,1000,900,22/08/2026
Maharashtra,Pune,Pune(Manjri) APMC,Bottle gourd,Other,Local,2000,3000,2500,22/08/2026
Maharashtra,Pune,Junnar(Otur) APMC,Bottle gourd,Other,Local,500,2500,2000,22/08/2026
Maharashtra,Ahilyanagar,Shrirampur APMC,Bottle gourd,Other,Local,800,1000,900,22/08/2026
Maharashtra,Nagpur,Nagpur APMC,Bottle gourd,Other,Local,500,1200,1025,22/08/2026
Maharashtra,Mumbai,Mumbai APMC,Bottle gourd,Other,Local,1600,2400,2000,22/08/2026
Maharashtra,Pune,Pune(Moshi) APMC,Bottle gourd,Other,Local,1000,2000,1500,22/08/2026
Maharashtra,Satara,Karad APMC,Bottle gourd,Other,Local,1000,2000,2000,22/08/2026
Maharashtra,Pune,Khed(Chakan) APMC,Bottle gourd,Other,Local,800,2500,1600,22/08/2026
Maharashtra,Mumbai,Mumbai APMC,Little gourd(Kundru),Other,Local,2000,4000,3000,22/08/2026
Maharashtra,Pune,Pune(Moshi) APMC,Pointed gourd(Parval),Other,Local,5000,5000,5000,22/08/2026
Maharashtra,Pune,Pune(Moshi) APMC,Little gourd(Kundru),Other,Local,3000,3000,3000,22/08/2026
Maharashtra,Nagpur,Nagpur APMC,Little gourd(Kundru),Other,Local,2000,4000,3500,22/08/2026
Maharashtra,Jalgaon,Bhusaval APMC,Little gourd(Kundru),Other,Local,2000,2000,2000,22/08/2026
Maharashtra,Pune,Junnar(Narayangaon) APMC,Little gourd(Kundru),Other,Local,1200,5100,3100,22/08/2026
Maharashtra,Nagpur,Nagpur APMC,Pointed gourd(Parval),Other,Local,3000,3500,3375,22/08/2026
Maharashtra,Nagpur,Kamthi APMC,Little gourd(Kundru),Other,Local,3070,3570,3320,22/08/2026
Maharashtra,Mumbai,Mumbai APMC,Pointed gourd(Parval),Other,Local,4000,5000,4500,22/08/2026
Maharashtra,Chandrapur,Chandrapur(Ganjwad) APMC,Little gourd(Kundru),Other,Local,1000,2000,1500,22/08/2026
Uttar Pradesh,Shamli,Khandhla APMC,Bitter gourd,Bitter Gourd,FAQ,2500,2540,2520,22/08/2026
Uttar Pradesh,Saharanpur,CHHUTMALPUR APMC,Bitter gourd,Bitter Gourd,Local,650,850,750,22/08/2026
Uttar Pradesh,Kanpur,Baripaal APMC,Bitter gourd,Bitter Gourd,Medium,1800,2000,1900,22/08/2026
Uttar Pradesh,Etawah,Jasvantnagar APMC,Bitter gourd,Bitter Gourd,Medium,2810,2910,2860,22/08/2026
Uttar Pradesh,Ballia,Chitwadagaon APMC,Bitter gourd,Bitter Gourd,FAQ,2420,2495,2460,22/08/2026
Uttar Pradesh,Saharanpur,Rampurmaniharan APMC,Bitter gourd,Bitter Gourd,Grade C,1400,1600,1500,22/08/2026
Uttar Pradesh,Bulandshahar,Gulavati APMC,Bitter gourd,Bitter Gourd,FAQ,2000,2200,2100,22/08/2026
Uttar Pradesh,Shamli,Kairana APMC,Bitter gourd,Bitter Gourd,FAQ,2400,2500,2450,22/08/2026
Uttar Pradesh,Hathras,Shadabad APMC,Bottle gourd,Bottle Gourd,Small,800,900,850,22/08/2026
Uttar Pradesh,Bulandshahar,Siyana APMC,Bottle gourd,Bottle Gourd,Medium,1100,1140,1120,22/08/2026
Uttar Pradesh,Bulandshahar,Gulavati APMC,Sponge gourd,Other,FAQ,2000,2200,2100,22/08/2026
Uttar Pradesh,Etawah,Jasvantnagar APMC,Bottle gourd,Bottle Gourd,Medium,1370,1470,1420,22/08/2026
Uttar Pradesh,Shamli,Kairana APMC,Bottle gourd,Bottle Gourd,FAQ,900,1000,950,22/08/2026
Uttar Pradesh,Saharanpur,Rampurmaniharan APMC,Bottle gourd,Bottle Gourd,Grade C,1400,1600,1500,22/08/2026
Uttar Pradesh,Etah,Awagarh APMC,Bottle gourd,Bottle Gourd,FAQ,900,1050,950,22/08/2026
Uttar Pradesh,Mathura,Kosikalan APMC,Bottle gourd,Bottle Gourd,FAQ,1400,1500,1460,22/08/2026
Uttar Pradesh,Ballia,Chitwadagaon APMC,Bottle gourd,Bottle Gourd,FAQ,840,920,880,22/08/2026
Uttar Pradesh,Khiri (Lakhimpur),Maigalganj APMC,Bottle gourd,Bottle Gourd,FAQ,1000,1030,1015,22/08/2026
Uttar Pradesh,Sant Kabir Nagar,Khalilabad APMC,Bottle gourd,Bottle Gourd,Medium,1400,1550,1450,22/08/2026
Uttar Pradesh,Baghpat,Khekda APMC,Sponge gourd,Sponge gourd,FAQ,1200,1600,1400,22/08/2026
Uttar Pradesh,Bulandshahar,Gulavati APMC,Bottle gourd,Bottle Gourd,FAQ,1400,1600,1500,22/08/2026
Uttar Pradesh,Balrampur,Tulsipur APMC,Bottle gourd,Bottle Gourd,FAQ,1920,2000,1950,22/08/2026
Uttar Pradesh,Kanpur,Baripaal APMC,Bottle gourd,Bottle Gourd,Medium,600,700,650,22/08/2026
Uttar Pradesh,Shamli,Khandhla APMC,Bottle gourd,Bottle Gourd,FAQ,900,940,920,22/08/2026
Uttar Pradesh,Saharanpur,CHHUTMALPUR APMC,Bottle gourd,Bottle Gourd,Local,650,850,750,22/08/2026
Uttar Pradesh,Raebarelli,Lalganj APMC,Bottle gourd,Bottle Gourd,FAQ,1400,1600,1500,22/08/2026
Uttar Pradesh,Sant Kabir Nagar,Khalilabad APMC,Pointed gourd(Parval),Pointed gourd (Parval),Medium,1500,1700,1600,22/08/2026
Uttar Pradesh,Kanpur,Baripaal APMC,Pointed gourd(Parval),Pointed gourd (Parval),Medium,3000,3400,3200,22/08/2026
Uttar Pradesh,Kanpur,Baripaal APMC,Little gourd(Kundru),Little gourd (Kundru),Medium,1000,1200,1100,22/08/2026
Uttar Pradesh,Raebarelli,Lalganj APMC,Pointed gourd(Parval),Pointed gourd (Parval),FAQ,2100,2300,2200,22/08/2026
Rajasthan,Udaipur,Udaipur (F&V) APMC,Bitter gourd,Other,Medium,1500,3500,2500,22/08/2026
Rajasthan,Ganganagar,Sriganganagar (F&V) APMC,Bitter gourd,Bitter Gourd,Grade A,2900,3300,3100,22/08/2026
Rajasthan,Jalore,Jalore APMC,Bitter gourd,Other,Local,2500,2800,2600,22/08/2026
Rajasthan,Ganganagar,Sriganganagar (F&V) APMC,Bottle gourd,Bottle Gourd,Medium,1700,2100,1900,22/08/2026
Rajasthan,Udaipur,Udaipur (F&V) APMC,Bottle gourd,Other,Medium,1000,2000,1500,22/08/2026
Rajasthan,Jalore,Jalore APMC,Bottle gourd,Bottle Gourd,Local,800,1000,900,22/08/2026
Rajasthan,Ganganagar,Sriganganagar (F&V) APMC,Sponge gourd,Sponge gourd,Grade A,3500,3900,3700,22/08/2026
Rajasthan,Ganganagar,Sriganganagar (F&V) APMC,Pointed gourd(Parval),Pointed gourd (Parval),Grade A,1400,1800,1600,22/08/2026
Karnataka,Bengaluru South,Ramanagara APMC,Bitter gourd,Bitter Gourd,Local,3500,4400,4000,22/08/2026
Karnataka,Belagavi,Belgaum APMC,Bitter gourd,Bitter Gourd,Large,2000,2500,2300,22/08/2026
Gujarat,Anand,"Anand(Veg,Yard,Anand) APMC",Bitter gourd,Bitter Gourd,Grade B,4000,5000,4500,22/08/2026
Gujarat,Kheda,Nadiyad(Piplag) APMC,Bitter gourd,Bitter Gourd,FAQ,1000,1500,1200,22/08/2026
Gujarat,Rajkot,Gondal(Veg.market Gondal) APMC,Bitter gourd,Bitter Gourd,Local,1000,3000,2000,22/08/2026
Gujarat,Surendranagar,Vadhvan APMC,Bitter gourd,Bitter Gourd,Medium,3500,4000,3750,22/08/2026
Gujarat,Dahod,Dahod(Veg. Market) APMC,Bitter gourd,Bitter Gourd,Local,1000,3000,2000,22/08/2026
Gujarat,Sabarkantha,Himatnagar(Veg.Market Himatnagar) APMC,Bitter gourd,Other,Local,2000,2500,2350,22/08/2026
Gujarat,Kheda,Kapadvanj APMC,Bitter gourd,Bitter Gourd,Medium,2500,3000,2750,22/08/2026
Gujarat,Gandhinagar,Mansa(Manas Veg Yard) APMC,Bitter gourd,Other,Local,3000,3000,3000,22/08/2026
Gujarat,Morbi,Morbi APMC,Bitter gourd,Bitter Gourd,FAQ,2750,3250,3000,22/08/2026
Gujarat,Surat,Surat APMC,Bitter gourd,Bitter Gourd,FAQ,2000,5000,3500,22/08/2026
Gujarat,Morbi,Vankaner(Sub yard) APMC,Bitter gourd,Bitter Gourd,FAQ,1500,3500,3000,22/08/2026
Gujarat,Vadodara(Baroda),Padra APMC,Bitter gourd,Other,FAQ,3500,4000,3750,22/08/2026
Gujarat,Navsari,Navsari APMC,Bottle gourd,Bottle Gourd,Local,1500,3000,2250,22/08/2026
Gujarat,Dahod,Dahod(Veg. Market) APMC,Bottle gourd,Bottle Gourd,Local,300,1000,800,22/08/2026
Gujarat,Kheda,Nadiyad(Chaklasi) APMC,Bottle gourd,Bottle Gourd,FAQ,1200,1500,1300,22/08/2026
Gujarat,Amreli,Damnagar APMC,Bottle gourd,Bottle Gourd,Local,2500,2500,2500,22/08/2026
Gujarat,Navsari,Bilimora APMC,Bottle gourd,Other,FAQ,2000,2500,2200,22/08/2026
Gujarat,Vadodara(Baroda),Padra APMC,Bottle gourd,Other,FAQ,2000,2500,2250,22/08/2026
Gujarat,Vadodara(Baroda),Padra APMC,Sponge gourd,Other,FAQ,1250,1500,1400,22/08/2026
Gujarat,Sabarkantha,Himatnagar(Veg.Market Himatnagar) APMC,Bottle gourd,Bottle Gourd,Local,500,1000,1000,22/08/2026
Gujarat,Kheda,Nadiyad(Piplag) APMC,Sponge gourd,Sponge gourd,FAQ,800,900,850,22/08/2026
Gujarat,Anand,"Anand(Veg,Yard,Anand) APMC",Bottle gourd,Bottle Gourd,Grade A,500,1000,750,22/08/2026
Gujarat,Banaskanth,Deesa(Deesa Veg Yard) APMC,Bottle gourd,Other,FAQ,1500,2500,2000,22/08/2026
Gujarat,Morbi,Morbi APMC,Bottle gourd,Bottle Gourd,FAQ,1000,1700,1350,22/08/2026
Gujarat,Surat,Surat APMC,Bottle gourd,Bottle Gourd,FAQ,1500,8000,4750,22/08/2026
Gujarat,Rajkot,Rajkot(Veg.Sub Yard) APMC,Bottle gourd,Bottle Gourd,FAQ,1525,2260,1890,22/08/2026
Gujarat,Dahod,Dahod(Veg. Market) APMC,Sponge gourd,Sponge gourd,Local,1500,2500,2000,22/08/2026
Gujarat,Surendranagar,Vadhvan APMC,Bottle gourd,Bottle Gourd,Medium,2000,2500,2250,22/08/2026
Gujarat,Surat,Surat APMC,Sponge gourd,Other,FAQ,1500,3500,2500,22/08/2026
Gujarat,Kheda,Nadiyad(Piplag) APMC,Bottle gourd,Bottle Gourd,FAQ,1100,1500,1300,22/08/2026
Gujarat,Kheda,Kapadvanj APMC,Bottle gourd,Bottle Gourd,Medium,500,2000,1250,22/08/2026
Gujarat,Surat,Bardoli(Kadod) APMC,Bottle gourd,Other,Local,1500,3500,3000,22/08/2026
Gujarat,Surat,Surat APMC,Pointed gourd(Parval),Other,FAQ,2500,4000,3250,22/08/2026
Gujarat,Dahod,Dahod(Veg. Market) APMC,Little gourd(Kundru),Little gourd (Kundru),Local,3500,4500,4000,22/08/2026
Gujarat,Porbandar,Porbandar APMC,"Spiny Gourd / Kartali(Kantola)
",Kartali (Kantola),Local,11000,14000,12500,22/08/2026
Gujarat,Vadodara(Baroda),Padra APMC,Little gourd(Kundru),Other,FAQ,2000,4500,3250,22/08/2026
Gujarat,Navsari,Navsari APMC,Little gourd(Kundru),Little gourd (Kundru),Local,5000,7500,6250,22/08/2026
Gujarat,Surat,Surat APMC,Little gourd(Kundru),Other,FAQ,3000,10500,6750,22/08/2026
Gujarat,Surat,Surat APMC,"Spiny Gourd / Kartali(Kantola)
",Other,FAQ,5000,14000,9500,22/08/2026
Gujarat,Navsari,Navsari APMC,Pointed gourd(Parval),Pointed gourd (Parval),Local,3500,4000,3750,22/08/2026
Gujarat,Vadodara(Baroda),Padra APMC,Pointed gourd(Parval),Other,FAQ,3750,4250,4000,22/08/2026
Gujarat,Dahod,Dahod(Veg. Market) APMC,"Spiny Gourd / Kartali(Kantola)
",Kartali (Kantola),Local,10000,16000,15000,22/08/2026
Gujarat,Surat,Mahuva(Anaval) APMC,Pointed gourd(Parval),Other,Local,2950,3050,3000,22/08/2026
Gujarat,Banaskanth,Deesa(Deesa Veg Yard) APMC,"Spiny Gourd / Kartali(Kantola)
",Other,FAQ,7000,13000,10000,22/08/2026
Haryana,Fatehabad,Jakhal APMC,Bitter gourd,Other,Local,1700,1700,1700,22/08/2026
Haryana,Panipat,Samalkha APMC,Bitter gourd,Bitter Gourd,FAQ,2000,2000,2000,22/08/2026
Haryana,Hissar,Hansi APMC,Bitter gourd,Other,FAQ,3000,3500,3250,22/08/2026
Haryana,Sirsa,Rania APMC,Bitter gourd,Bitter Gourd,FAQ,1350,1600,1450,22/08/2026
Haryana,Yamuna Nagar,Radaur APMC,Bitter gourd,Other,Medium,2500,3000,2800,22/08/2026
Haryana,Hissar,Barwala(Hisar) APMC,Bitter gourd,Bitter Gourd,Local,2000,2500,2250,22/08/2026
Haryana,Sonipat,Ganaur APMC,Bitter gourd,Bitter Gourd,Medium,3000,4000,3500,22/08/2026
Haryana,Kurukshetra,Ladwa APMC,Bitter gourd,Bitter Gourd,Medium,2000,2500,2500,22/08/2026
Haryana,Ambala,Naraingarh APMC,Bitter gourd,Bitter Gourd,Local,1000,2500,1600,22/08/2026
Haryana,Kurukshetra,Shahabad APMC,Bitter gourd,Bitter Gourd,Medium,2200,3000,2500,22/08/2026
Haryana,Mahendragarh-Narnaul,Mohindergarh APMC,Bitter gourd,Bitter Gourd,Medium,1000,1000,1000,22/08/2026
Haryana,Ambala,Shahzadpur APMC,Bitter gourd,Bitter Gourd,FAQ,3000,3000,3000,22/08/2026
Haryana,Mahendragarh-Narnaul,Narnaul APMC,Bitter gourd,Bitter Gourd,Medium,2500,4000,3500,22/08/2026
Haryana,Sonipat,Sonepat APMC,Bitter gourd,Other,FAQ,1300,2000,1300,22/08/2026
Haryana,Panchkula,Raipur Rani APMC,Bitter gourd,Bitter Gourd,Local,2400,2500,2400,22/08/2026
Haryana,Sonipat,Gohana APMC,Bitter gourd,Other,Medium,2000,4000,3000,22/08/2026
Haryana,Rewari,Kosli APMC,Bottle gourd,Bottle Gourd,FAQ,1000,2000,1500,22/08/2026
Haryana,Panipat,Panipat APMC,Bottle gourd,Bottle Gourd,Local,800,1800,1300,22/08/2026
Haryana,Hissar,Uklana APMC,Bottle gourd,Bottle Gourd,Medium,1800,2000,2000,22/08/2026
Haryana,Hissar,Hansi APMC,Bottle gourd,Other,FAQ,1500,2000,1750,22/08/2026
Haryana,Sonipat,Ganaur APMC,Bottle gourd,Bottle Gourd,Medium,2000,2500,2200,22/08/2026
Haryana,Yamuna Nagar,Jagadhri APMC,Bottle gourd,Bottle Gourd,Medium,1000,1500,1250,22/08/2026
Haryana,Hissar,Barwala(Hisar) APMC,Bottle gourd,Bottle Gourd,Local,2000,2500,2250,22/08/2026
Haryana,Kaithal,Siwan APMC,Bottle gourd,Other,FAQ,1400,1600,1500,22/08/2026
Haryana,Mahendragarh-Narnaul,Narnaul APMC,Bottle gourd,Bottle Gourd,Medium,800,2000,1500,22/08/2026
Haryana,Panchkula,Barwala APMC,Bottle gourd,Bottle Gourd,FAQ,1200,1800,1500,22/08/2026
Haryana,Kurukshetra,Ladwa APMC,Bottle gourd,Bottle Gourd,Medium,3000,4000,3500,22/08/2026
Haryana,Mewat,Nuh APMC,Bottle gourd,Other,Local,800,1200,800,22/08/2026
Haryana,Kaithal,Pundri APMC,Bottle gourd,Bottle Gourd,FAQ,1400,1600,1500,22/08/2026
Haryana,Mahendragarh-Narnaul,Narnaul APMC,Sponge gourd,Sponge gourd,Medium,4000,5000,5000,22/08/2026
Haryana,Sonipat,Sonepat APMC,Bottle gourd,Other,FAQ,1300,2200,2000,22/08/2026
Haryana,Panchkula,Raipur Rani APMC,Bottle gourd,Bottle Gourd,Local,1500,1600,1500,22/08/2026
Haryana,Faridabad,Ballabhgarh APMC,Bottle gourd,Other,FAQ,1200,1600,1400,22/08/2026
Haryana,Panipat,Samalkha APMC,Bottle gourd,Bottle Gourd,FAQ,1000,1500,1300,22/08/2026
Haryana,Kurukshetra,Shahabad APMC,Bottle gourd,Bottle Gourd,Medium,1500,2200,1800,22/08/2026
Haryana,Kurukshetra,Shahabad APMC,Sponge gourd,Other,Medium,1300,2000,1800,22/08/2026
Haryana,Ambala,Shahzadpur APMC,Bottle gourd,Bottle Gourd,FAQ,1000,2000,1000,22/08/2026
Haryana,Ambala,Naraingarh APMC,Bottle gourd,Bottle Gourd,Local,600,2000,1500,22/08/2026
Haryana,Yamuna Nagar,Radaur APMC,Bottle gourd,Other,Medium,1800,2200,2000,22/08/2026
Haryana,Mewat,FerozpurZirkha(Nagina) APMC,Bottle gourd,Other,Local,1200,1600,1400,22/08/2026
Haryana,Mahendragarh-Narnaul,Mohindergarh APMC,Bottle gourd,Bottle Gourd,Medium,800,1000,1000,22/08/2026
Haryana,Hissar,Barwala(Hisar) APMC,Round gourd,Other,Local,1500,2000,1800,22/08/2026
Haryana,Palwal,Hodal APMC,Bottle gourd,Bottle Gourd,FAQ,700,900,800,22/08/2026
Haryana,Jind,Narwana APMC,Bottle gourd,Bottle Gourd,Local,1000,1500,1250,22/08/2026
Haryana,Kurukshetra,Pehowa APMC,Bottle gourd,Other,Medium,1200,1560,1500,22/08/2026
Haryana,Mahendragarh-Narnaul,Mohindergarh APMC,Pointed gourd(Parval),Other,Medium,1000,1500,1500,22/08/2026
Haryana,Mahendragarh-Narnaul,Narnaul APMC,Pointed gourd(Parval),Pointed gourd (Parval),Medium,2000,3000,2500,22/08/2026
Punjab,Gurdaspur,Quadian APMC,Bitter gourd,Other,Grade A,2800,3000,2900,22/08/2026
Punjab,Tarntaran,Bhikhiwind APMC,Bitter gourd,Bitter Gourd,Local,1100,1100,1100,22/08/2026
Punjab,Ludhiana,Doraha APMC,Bitter gourd,Other,Local,2000,3000,2500,22/08/2026
Punjab,Patiala,Samana APMC,Bitter gourd,Bitter Gourd,Local,4300,5800,4400,22/08/2026
Punjab,Amritsar,Rayya APMC,Bitter gourd,Bitter Gourd,FAQ,1367,1367,1367,22/08/2026
Punjab,Ludhiana,Ludhiana APMC,Bitter gourd,Bitter Gourd,FAQ,1000,1600,1300,22/08/2026
Punjab,Jalandhar,Adampur APMC,Bitter gourd,Bitter Gourd,FAQ,2300,2500,2500,22/08/2026
Punjab,Ferozpur,Zira APMC,Bitter gourd,Other,Local,2400,2400,2400,22/08/2026
Punjab,Gurdaspur,Dera Baba Nanak APMC,Bitter gourd,Other,Grade A,852,852,852,22/08/2026
Punjab,Patiala,Dudhansadhan APMC,Bitter gourd,Other,Grade B,3000,3000,3000,22/08/2026
Punjab,Jalandhar,Bhogpur APMC,Bitter gourd,Bitter Gourd,Local,2200,2200,2200,22/08/2026
Punjab,Tarntaran,Patti APMC,Bitter gourd,Other,Local,0.38,0.38,0.38,22/08/2026
Punjab,Ludhiana,Ludhiana APMC,Bottle gourd,Other,FAQ,200,900,700,22/08/2026
Punjab,Tarntaran,Naushera Pannuan APMC,Bottle gourd,Bottle Gourd,Local,650,650,650,22/08/2026
Punjab,Moga,Dharamkot APMC,Round gourd,Other,Grade A,2200,2500,2500,22/08/2026
Punjab,Patiala,Samana APMC,Bottle gourd,Bottle Gourd,Local,2000,3500,2400,22/08/2026
Punjab,Tarntaran,Patti APMC,Bottle gourd,Other,Local,350,350,350,22/08/2026
Punjab,Jalandhar,Noor Mehal APMC,Bottle gourd,Other,Local,1200,1200,1200,22/08/2026
Punjab,Muktsar,Malout APMC,Round gourd,Round gourd,FAQ,4000,4000,4000,22/08/2026
Punjab,Gurdaspur,Dinanagar APMC,Bottle gourd,Bottle Gourd,Medium,2800,3000,2900,22/08/2026
Punjab,Jalandhar,Adampur APMC,Bottle gourd,Other,Grade A,1400,1500,1500,22/08/2026
Punjab,Jalandhar,Adampur APMC,Round gourd,Other,FAQ,1500,2000,2000,22/08/2026
Punjab,Ludhiana,Doraha APMC,Bottle gourd,Bottle Gourd,Local,1000,2000,1500,22/08/2026
Punjab,Gurdaspur,Kalanaur APMC,Bottle gourd,Bottle Gourd,Grade A,1200,1200,1200,22/08/2026
Punjab,Tarntaran,Patti APMC,Round gourd,Other,Local,100,100,100,22/08/2026
Punjab,Mohali,Lalru APMC,Bottle gourd,Other,Local,1500,1500,1500,22/08/2026
Punjab,Ferozpur,Zira APMC,Bottle gourd,Other,Local,2500,2500,2500,22/08/2026
Punjab,Patiala,Dudhansadhan APMC,Bottle gourd,Other,Grade B,3000,3000,3000,22/08/2026
Punjab,Patiala,Dudhansadhan APMC,Sponge gourd,Other,Grade B,4000,4000,4000,22/08/2026
Punjab,Jalandhar,Bhogpur APMC,Round gourd,Other,Local,1800,1800,1800,22/08/2026
Punjab,Tarntaran,Khadur Sahib(Fetehabad) APMC,Round gourd,Other,Grade B,1200,1200,1200,22/08/2026
West Bengal,Sounth 24 Parganas,Baruipur(Canning) APMC,Bitter gourd,Bitter Gourd,FAQ,3400,3600,3500,22/08/2026
West Bengal,North 24 Parganas,Barasat APMC,Bitter gourd,Other,FAQ,4000,4000,4000,22/08/2026
West Bengal,Hooghly,Pandua APMC,Bitter gourd,Bitter Gourd,FAQ,2400,2925,2650,22/08/2026
West Bengal,Medinipur(E),Tamluk (Medinipur E) APMC,Bitter gourd,Bitter Gourd,FAQ,3600,4000,3800,22/08/2026
West Bengal,Kolkata,Sealdah Koley Market APMC,Bitter gourd,Other,FAQ,3500,4000,4000,22/08/2026
West Bengal,North 24 Parganas,Habra APMC,Bitter gourd,Other,FAQ,2800,2900,2800,22/08/2026
West Bengal,Hooghly,Kalipur APMC,Bitter gourd,Bitter Gourd,FAQ,2600,2800,2600,22/08/2026
West Bengal,Bankura,Khatra APMC,Bottle gourd,Bottle Gourd,FAQ,1400,1700,1500,22/08/2026
West Bengal,Bankura,Bishnupur(Bankura) APMC,Bottle gourd,Bottle Gourd,FAQ,1500,1800,1600,22/08/2026
West Bengal,Kolkata,Sealdah Koley Market APMC,Pointed gourd(Parval),Other,FAQ,3000,3500,3000,22/08/2026
West Bengal,Hooghly,Kalipur APMC,Pointed gourd(Parval),Pointed gourd (Parval),FAQ,3400,3600,3600,22/08/2026
Odisha,Kalahandi,Junagarh APMC,Bitter gourd,Other,Grade B,2200,2600,2400,22/08/2026
Odisha,Kalahandi,Bhawanipatna APMC,Bitter gourd,Other,Local,2900,2900,2900,22/08/2026
Odisha,Cuttack,Banki APMC,Bitter gourd,Other,Medium,5500,6500,6000,22/08/2026
Odisha,Dhenkanal,Hindol APMC,Bitter gourd,Bitter Gourd,Grade B,5200,5500,5400,22/08/2026
Odisha,Bhadrak,Bhadrak APMC,Bitter gourd,Other,Grade A,3600,4000,3800,22/08/2026
Odisha,Puri,Nimapara APMC,Bitter gourd,Other,Grade A,3700,3700,3700,22/08/2026
Odisha,Kalahandi,Kesinga APMC,Bitter gourd,Other,Grade B,3600,4000,3800,22/08/2026
Odisha,Ganjam,Hinjilicut APMC,Bitter gourd,Other,FAQ,2800,2800,2800,22/08/2026
Odisha,Sundergarh,Panposh APMC,Bitter gourd,Other,FAQ,4000,5000,4500,22/08/2026
Odisha,Keonjhar,Keonjhar(Dhekikote) APMC,Bitter gourd,Other,Local,5000,5500,5000,22/08/2026
Odisha,Mayurbhanja,Betnoti APMC,Bitter gourd,Bitter Gourd,FAQ,4300,4700,4500,22/08/2026
Odisha,Angul,Angul APMC,Bitter gourd,Bitter Gourd,Grade B,2500,2500,2500,22/08/2026
Odisha,Mayurbhanja,Betnoti APMC,Bottle gourd,Bottle Gourd,FAQ,2800,3200,3000,22/08/2026
Odisha,Bargarh,Godbhaga APMC,Ridge Gourd(Permal/Hybrid Gourd),Ridge Gourd(Permal/Hybrid Gourd),Grade B,2150,2450,2300,22/08/2026
Odisha,Bargarh,Attabira APMC,Ridge Gourd(Permal/Hybrid Gourd),Ridge Gourd(Permal/Hybrid Gourd),Grade B,2100,2450,2300,22/08/2026
Odisha,Ganjam,Hinjilicut APMC,Bottle gourd,Bottle Gourd,FAQ,1600,1600,1600,22/08/2026
Odisha,Bargarh,Attabira APMC,Bottle gourd,Bottle Gourd,Local,1950,2250,2100,22/08/2026
Odisha,Kalahandi,Mukhiguda APMC,Bottle gourd,Bottle Gourd,Grade B,2000,3000,2500,22/08/2026
Odisha,Bargarh,Godbhaga APMC,Bottle gourd,Other,Local,1950,2250,2100,22/08/2026
Odisha,Sundergarh,Panposh APMC,Bottle gourd,Bottle Gourd,FAQ,2000,2500,2200,22/08/2026
Odisha,Cuttack,Banki APMC,Pointed gourd(Parval),Other,Medium,5500,6500,6000,22/08/2026
Odisha,Balasore,Jaleswar APMC,"Spiny Gourd / Kartali(Kantola)
",Kartali (Kantola),Medium,5300,5600,5500,22/08/2026
Odisha,Bargarh,Attabira APMC,Pointed gourd(Parval),Other,Local,2650,2950,2800,22/08/2026
Odisha,Kalahandi,Mukhiguda APMC,Pointed gourd(Parval),Pointed gourd (Parval),Grade B,4000,6000,5000,22/08/2026
Odisha,Cuttack,Banki APMC,"Spiny Gourd / Kartali(Kantola)
",Other,Medium,5000,6000,5500,22/08/2026
Odisha,Mayurbhanja,Betnoti APMC,Pointed gourd(Parval),Other,FAQ,3300,3700,3500,22/08/2026
Odisha,Angul,Angul APMC,Pointed gourd(Parval),Other,Grade B,4500,4500,4500,22/08/2026
Bihar,Saharsa,Saharsa APMC,Bitter gourd,Bitter Gourd,FAQ,1900,2100,2000,22/08/2026
Bihar,Khagaria,Khagaria APMC,Bitter gourd,Bitter Gourd,Grade A,1699.99983,1816.666485,1749.999825,22/08/2026
Bihar,Sheikhpura,Barbigha APMC,Bitter gourd,Bitter Gourd,FAQ,3350,3500,3420,22/08/2026
Bihar,Sheikhpura,Shekhpura APMC,Bitter gourd,Bitter Gourd,FAQ,3522,3700,3610,22/08/2026
Bihar,East Champaran/ Motihari,Raxaul APMC,Bitter gourd,Bitter Gourd,Grade A,1000,1200,1100,22/08/2026
Bihar,Khagaria,Khagaria APMC,Sponge gourd,Sponge gourd,Grade A,1666.6665,2083.333125,1833.33315,22/08/2026
Bihar,Sheikhpura,Barbigha APMC,Bottle gourd,Bottle Gourd,FAQ,2500,2645,2570,22/08/2026
Bihar,Siwan,Maharjganj APMC,Sponge gourd,Other,FAQ,1500,1500,1500,22/08/2026
Bihar,Saharsa,Saharsa APMC,Pointed gourd(Parval),Pointed gourd (Parval),FAQ,2200,2400,2300,22/08/2026
Bihar,Buxar,Buxur APMC,Sponge gourd,Other,Local,1852,1873,1863,22/08/2026
Bihar,Sheikhpura,Shekhpura APMC,Bottle gourd,Bottle Gourd,FAQ,2545,2700,2610,22/08/2026
Bihar,Buxar,Buxur APMC,Pointed gourd(Parval),Other,Local,2050,2072,2069,22/08/2026
Bihar,Khagaria,Khagaria APMC,Little gourd(Kundru),Little gourd (Kundru),Grade A,2166.66645,2416.666425,2249.999775,22/08/2026
Bihar,East Champaran/ Motihari,Chakia APMC,Pointed gourd(Parval),Other,Grade A,2300,2500,2400,22/08/2026
Telangana,Hyderabad,RYTHU BAZAR FALAKNUMA,Bitter gourd,Bitter Gourd,Grade A,3200,3200,3200,22/08/2026
Telangana,Ranga Reddy,Shadnagar APMC,Bitter gourd,Bitter Gourd,Local,1800,2500,2200,22/08/2026
Telangana,Hyderabad,RYTHU BAZAR MEHDIPATNAM,Bitter gourd,Bitter Gourd,Grade A,3200,3200,3200,22/08/2026
Telangana,Hyderabad,RYTHU BAZAR ERRAGADDA,Bitter gourd,Bitter Gourd,Grade A,3200,3200,3200,22/08/2026
Telangana,Siddipet,Siddipet(Rythu Bazar) ,Bitter gourd,Bitter Gourd,Grade A,3000,4000,3400,22/08/2026
Telangana,Nagarkurnool,Kalwakurthy APMC,Bitter gourd,Bitter Gourd,Local,2500,2500,2500,22/08/2026
Telangana,Siddipet,Vantamamidi APMC,Bitter gourd,Bitter Gourd,Local,1500,2000,1750,22/08/2026
Telangana,Hyderabad,"Alwal,RBZ",Bitter gourd,Bitter Gourd,FAQ,3200,3200,3200,22/08/2026
Telangana,Warangal,Warangal APMC,Bitter gourd,Bitter Gourd,FAQ,1500,2000,1750,22/08/2026
Telangana,Ranga Reddy,L B Nagar APMC,Bitter gourd,Bitter Gourd,Medium,2000,3000,2500,22/08/2026
Telangana,Ranga Reddy,"Vanasthalipuram,RBZ ",Bitter gourd,Bitter Gourd,Grade A,3200,3200,3200,22/08/2026
Telangana,Nalgonda,Venkateswarnagar APMC,Bitter gourd,Bitter Gourd,Local,2100,2500,2200,22/08/2026
Telangana,Karimnagar,Karimnagar APMC,Bitter gourd,Bitter Gourd,Medium,1500,1500,1500,22/08/2026
Telangana,Nalgonda,Miryalguda(Rythu Bazar) ,Bitter gourd,Bitter Gourd,Grade A,3000,3000,3000,22/08/2026
Telangana,Karimnagar,"Weekly Market Area,RBZ APMC",Bitter gourd,Other,Local,3000,6000,3200,22/08/2026
Telangana,Hyderabad,Bowenpally APMC,Bitter gourd,Bitter Gourd,FAQ,800,2700,2000,22/08/2026
Telangana,Ranga Reddy,"Saroornagar,RBZ",Bitter gourd,Other,Medium,3200,3200,3200,22/08/2026
Telangana,Hyderabad,Mahboob Manison APMC,Bitter gourd,Bitter Gourd,Medium,3000,3000,3000,22/08/2026
Telangana,Hyderabad,Gudimalkapur APMC,Bitter gourd,Bitter Gourd,Grade B,1800,3000,2200,22/08/2026
Telangana,Medchal Malkajgiri,"Kukatpally,RBZ",Bitter gourd,Bitter Gourd,Local,3200,3200,3200,22/08/2026
Telangana,Hyderabad,Bowenpally APMC,Bottle gourd,Bottle Gourd,FAQ,200,400,350,22/08/2026
Telangana,Siddipet,Siddipet(Rythu Bazar) ,Bottle gourd,Bottle Gourd,Grade A,800,1200,1000,22/08/2026
Telangana,Nalgonda,Venkateswarnagar APMC,Bottle gourd,Bottle Gourd,Local,600,1000,700,22/08/2026
Telangana,Hyderabad,Gudimalkapur APMC,Bottle gourd,Bottle Gourd,Grade B,100,300,200,22/08/2026
Telangana,Mahbubnagar,Mahabubnagar(Rythu Bazar),Bottle gourd,Bottle Gourd,Local,1400,1400,1400,22/08/2026
Telangana,Ranga Reddy,"Vanasthalipuram,RBZ ",Bottle gourd,Bottle Gourd,Grade A,700,700,700,22/08/2026
Telangana,Medchal Malkajgiri,"Kukatpally,RBZ",Bottle gourd,Bottle Gourd,Local,700,700,700,22/08/2026
Telangana,Hyderabad,RYTHU BAZAR FALAKNUMA,Bottle gourd,Bottle Gourd,Grade A,700,700,700,22/08/2026
Telangana,Ranga Reddy,"Saroornagar,RBZ",Bottle gourd,Bottle Gourd,Medium,700,700,700,22/08/2026
Telangana,Hyderabad,RYTHU BAZAR MEHDIPATNAM,Bottle gourd,Bottle Gourd,Grade A,700,700,700,22/08/2026
Telangana,Hyderabad,RYTHU BAZAR ERRAGADDA,Bottle gourd,Bottle Gourd,Grade A,700,700,700,22/08/2026
Telangana,Ranga Reddy,L B Nagar APMC,Bottle gourd,Bottle Gourd,Medium,400,800,600,22/08/2026
Telangana,Hyderabad,Mahboob Manison APMC,Bottle gourd,Bottle Gourd,Medium,200,200,200,22/08/2026
Telangana,Hyderabad,Bowenpally APMC,Pointed gourd(Parval),Other,FAQ,2000,4000,3500,22/08/2026
Telangana,Medchal Malkajgiri,"Kukatpally,RBZ",Little gourd(Kundru),Other,Local,2300,2300,2300,22/08/2026
Telangana,Nalgonda,Miryalguda(Rythu Bazar) ,Little gourd(Kundru),Little gourd (Kundru),Grade A,3000,3000,3000,22/08/2026
Telangana,Ranga Reddy,"Vanasthalipuram,RBZ ",Little gourd(Kundru),Little gourd (Kundru),Grade A,2300,2300,2300,22/08/2026
Telangana,Ranga Reddy,"Saroornagar,RBZ",Little gourd(Kundru),Other,Medium,2300,2300,2300,22/08/2026
Telangana,Hyderabad,"Alwal,RBZ",Little gourd(Kundru),Other,FAQ,2300,2300,2300,22/08/2026
Telangana,Hyderabad,RYTHU BAZAR FALAKNUMA,Little gourd(Kundru),Little gourd (Kundru),Grade A,2300,2300,2300,22/08/2026
Uttarakhand,Udhamsinghnagar,Sitarganj APMC,Bitter gourd,Bitter Gourd,Grade B,1500,2000,1600,22/08/2026
Uttarakhand,Udhamsinghnagar,Khateema APMC,Bitter gourd,Other,Grade A,1300,1500,1400,22/08/2026
Uttarakhand,Dehradoon,Dehradoon APMC,Bitter gourd,Bitter Gourd,Grade B,950,1350,1100,22/08/2026
Uttarakhand,Haridwar,Manglaur APMC,Bitter gourd,Other,Large,700,1000,800,22/08/2026
Uttarakhand,Dehradoon,Rishikesh APMC,Bitter gourd,Other,Medium,1000,1600,1200,22/08/2026
Uttarakhand,Haridwar,Roorkee APMC,Bitter gourd,Other,Local,650,850,750,22/08/2026
Uttarakhand,Udhamsinghnagar,Kashipur APMC,Bitter gourd,Other,Local,1400,1400,1400,22/08/2026
Uttarakhand,Udhamsinghnagar,Rudrapur APMC,Bitter gourd,Other,Medium,2000,3000,2500,22/08/2026
Uttarakhand,Haridwar,Haridwar Union APMC,Bitter gourd,Other,Local,650,850,750,22/08/2026
Uttarakhand,Udhamsinghnagar,Jaspur(UC) APMC,Bitter gourd,Bitter Gourd,FAQ,1600,1800,1700,22/08/2026
Uttarakhand,Nanital,Ramnagar APMC,Bottle gourd,Other,Local,1500,1700,1600,22/08/2026
Uttarakhand,Haridwar,Haridwar Union APMC,Bottle gourd,Other,Local,650,850,750,22/08/2026
Uttarakhand,Dehradoon,Rishikesh APMC,Bottle gourd,Other,Medium,1050,1600,1350,22/08/2026
Uttarakhand,Udhamsinghnagar,Jaspur(UC) APMC,Bottle gourd,Other,FAQ,1200,1200,1200,22/08/2026
Uttarakhand,Haridwar,Bhagwanpur(Naveen Mandi Sthal) APMC,Bottle gourd,Other,Grade A,600,900,700,22/08/2026
Uttarakhand,Udhamsinghnagar,Sitarganj APMC,Bottle gourd,Bottle Gourd,Local,800,1500,1000,22/08/2026
Uttarakhand,Haridwar,Manglaur APMC,Sponge gourd,Other,Large,600,900,800,22/08/2026
Uttarakhand,Haridwar,Roorkee APMC,Bottle gourd,Other,Local,650,850,750,22/08/2026
Uttarakhand,Nanital,Ramnagar APMC,Sponge gourd,Other,Local,2500,3500,3000,22/08/2026
Uttarakhand,Udhamsinghnagar,Khateema APMC,Bottle gourd,Bottle Gourd,Grade A,1200,1700,1500,22/08/2026
Uttarakhand,Haridwar,Manglaur APMC,Bottle gourd,Other,Large,500,650,550,22/08/2026
Uttarakhand,Udhamsinghnagar,Kashipur APMC,Sponge gourd,Other,Local,1000,1100,1050,22/08/2026
Uttarakhand,Garhwal (Pauri),Kotadwara APMC,Bottle gourd,Bottle Gourd,FAQ,1000,1000,1000,22/08/2026
Uttarakhand,Garhwal (Pauri),Kotadwara APMC,Sponge gourd,Sponge gourd,FAQ,1400,1400,1400,22/08/2026
Uttarakhand,Dehradoon,Dehradoon APMC,Bottle gourd,Other,Grade B,650,1000,850,22/08/2026
Uttarakhand,Udhamsinghnagar,Kashipur APMC,Pointed gourd(Parval),Other,Local,2200,2300,2250,22/08/2026
Uttarakhand,Udhamsinghnagar,Kashipur APMC,Bottle gourd,Other,Local,1000,1200,1100,22/08/2026
Uttarakhand,Udhamsinghnagar,Kicchha APMC,Bottle gourd,Bottle Gourd,Local,300,400,350,22/08/2026
Uttarakhand,Udhamsinghnagar,Rudrapur APMC,Bottle gourd,Other,Medium,1200,2000,1800,22/08/2026
Uttarakhand,Udhamsinghnagar,Rudrapur APMC,Sponge gourd,Other,Medium,2000,3000,2500,22/08/2026
Uttarakhand,Udhamsinghnagar,Rudrapur APMC,Pointed gourd(Parval),Other,Medium,2000,3000,2500,22/08/2026
Himachal Pradesh,Kullu,PMY Kullu,Bitter gourd,Other,FAQ,2000,2500,2200,22/08/2026
Himachal Pradesh,Una,PMY Una,Bitter gourd,Bitter Gourd,Local,1500,2000,1800,22/08/2026
Himachal Pradesh,Kangra,SMY Jaisinghpur,Bitter gourd,Bitter Gourd,FAQ,3800,4200,4000,22/08/2026
Himachal Pradesh,Mandi,PMY Kangni Mandi,Bitter gourd,Bitter Gourd,Grade B,500,2000,1200,22/08/2026
Himachal Pradesh,Shimla,SMY Rohroo,Bitter gourd,Other,Grade B,2800,3000,2900,22/08/2026
Himachal Pradesh,Hamirpur,PMY Hamirpur,Bitter gourd,Bitter Gourd,Grade B,2000,2000,2000,22/08/2026
Himachal Pradesh,Kangra,SMY Dharamshala,Bitter gourd,Bitter Gourd,FAQ,2000,2500,2250,22/08/2026
Himachal Pradesh,Mandi,SMY Jogindernagar,Bitter gourd,Bitter Gourd,Grade B,2000,3000,2500,22/08/2026
Himachal Pradesh,Kangra,SMY Nagrota Bagwan,Bitter gourd,Bitter Gourd,Medium,1800,2200,2000,22/08/2026
Himachal Pradesh,Solan,PMY Kather Solan,Bitter gourd,Other,Medium,2500,3500,3200,22/08/2026
Himachal Pradesh,Kangra,PMY Kangra,Bitter gourd,Bitter Gourd,FAQ,1800,2500,2250,22/08/2026
Himachal Pradesh,Kangra,SMY Baijnath,Bitter gourd,Bitter Gourd,Grade A,2900,3500,3200,22/08/2026
Himachal Pradesh,Mandi,SMY Dhanotu,Bitter gourd,Bitter Gourd,FAQ,1000,2000,1500,22/08/2026
Himachal Pradesh,Kangra,SMY Palampur,Bitter gourd,Bitter Gourd,FAQ,3500,4000,3800,22/08/2026
Himachal Pradesh,Hamirpur,SMY Nadaun,Bitter gourd,Other,Grade B,2800,3000,2900,22/08/2026
Himachal Pradesh,Kangra,SMY Nagrota Bagwan,Bottle gourd,Bottle Gourd,Medium,2300,4500,3200,22/08/2026
Himachal Pradesh,Solan,PMY Kather Solan,Bottle gourd,Other,Medium,1500,2500,2000,22/08/2026
Himachal Pradesh,Hamirpur,PMY Hamirpur,Bottle gourd,Bottle Gourd,Grade B,3500,4500,4000,22/08/2026
Himachal Pradesh,Kangra,SMY Dharamshala,Bottle gourd,Bottle Gourd,FAQ,4500,5000,4750,22/08/2026
Himachal Pradesh,Mandi,SMY Jogindernagar,Bottle gourd,Other,Grade B,2000,4500,3250,22/08/2026
Himachal Pradesh,Kangra,SMY Baijnath,Bottle gourd,Bottle Gourd,Grade A,2800,3500,3200,22/08/2026
Himachal Pradesh,Kangra,SMY Jaisinghpur,Bottle gourd,Bottle Gourd,FAQ,3500,5500,4500,22/08/2026
Himachal Pradesh,Una,PMY Una,Sponge gourd,Sponge gourd,Local,1600,2000,1800,22/08/2026
Himachal Pradesh,Chamba,PMY Chamba,Bottle gourd,Bottle Gourd,Medium,3000,3500,3250,22/08/2026
Himachal Pradesh,Kullu,PMY Kullu,Bottle gourd,Other,FAQ,2500,3500,3000,22/08/2026
Himachal Pradesh,Una,PMY Una,Bottle gourd,Bottle Gourd,Local,1400,1500,1450,22/08/2026
Himachal Pradesh,Chamba,PMY Chamba,Sponge gourd,Other,Medium,2500,4500,3500,22/08/2026
Himachal Pradesh,Shimla,SMY Rohroo,Bottle gourd,Bottle Gourd,Grade B,2300,2500,2400,22/08/2026
Himachal Pradesh,Kangra,PMY Kangra,Bottle gourd,Bottle Gourd,FAQ,2500,3000,2750,22/08/2026
Himachal Pradesh,Kangra,SMY Jwalaji,Bottle gourd,Bottle Gourd,FAQ,2500,3000,2750,22/08/2026
Himachal Pradesh,Mandi,PMY Kangni Mandi,Bottle gourd,Bottle Gourd,Grade B,1000,3000,2000,22/08/2026
Himachal Pradesh,Mandi,PMY Kangni Mandi,Sponge gourd,Sponge gourd,Grade B,1000,2500,2000,22/08/2026
Himachal Pradesh,Kangra,SMY Jaisinghpur,Sponge gourd,Sponge gourd,FAQ,3200,3800,3500,22/08/2026
Himachal Pradesh,Hamirpur,PMY Hamirpur,Sponge gourd,Other,Grade B,1500,2000,1750,22/08/2026
Himachal Pradesh,Mandi,SMY Dhanotu,Bottle gourd,Bottle Gourd,FAQ,1500,2000,1750,22/08/2026
Himachal Pradesh,Kangra,SMY Palampur,Sponge gourd,Other,FAQ,3000,3500,3200,22/08/2026
Himachal Pradesh,Kangra,SMY Palampur,Bottle gourd,Bottle Gourd,FAQ,3000,5000,4000,22/08/2026
Assam,Kamrup,Uparhali Pmy APMC,Bitter gourd,Bitter Gourd,FAQ,2600,2800,2750,22/08/2026
Assam,Tinsukia,Tinsukia Market,Bitter gourd,Other,FAQ,3500,4200,4000,22/08/2026
Assam,Kamrup,Uparhali Pmy APMC,Sponge gourd,Sponge gourd,FAQ,2000,2200,2200,22/08/2026
Assam,Kamrup,Uparhali Pmy APMC,Pointed gourd(Parval),Pointed gourd (Parval),FAQ,3500,3700,3500,22/08/2026
Tamil Nadu,Dharmapuri,Palacode(Uzhavar Sandhai ),Bhindi(Ladies Finger),Bhindi,Local,2500,2800,2650,22/08/2026
Tamil Nadu,Dindigul,Chinnalapatti(Uzhavar Sandhai ),Bhindi(Ladies Finger),Bhindi,Local,3600,4000,3800,22/08/2026
Tamil Nadu,Nagapattinam,Sirkali(Uzhavar Sandhai ),Bhindi(Ladies Finger),Bhindi,Local,4500,5000,4750,22/08/2026
Tamil Nadu,Namakkal,Mohanur(Uzhavar Sandhai ),Bhindi(Ladies Finger),Bhindi,Local,4400,4800,4600,22/08/2026
Tamil Nadu,Perambalur,Perambalur(Uzhavar Sandhai ),Bhindi(Ladies Finger),Bhindi,Local,4800,5000,4900,22/08/2026
Tamil Nadu,Salem,Mecheri(Uzhavar Sandhai),Bhindi(Ladies Finger),Bhindi,Local,3000,3500,3250,22/08/2026
Tamil Nadu,Ranipet,Arcot(Uzhavar Sandhai ),Bhindi(Ladies Finger),Bhindi,Local,3500,4000,3750,22/08/2026
Tamil Nadu,Theni,Kambam(Uzhavar Sandhai ),Bhindi(Ladies Finger),Bhindi,Local,5500,6000,5750,22/08/2026
Tamil Nadu,Salem,Attayampatti(Uzhavar Sandhai ),Bhindi(Ladies Finger),Bhindi,Local,3600,3600,3600,22/08/2026
Tamil Nadu,Sivaganga,Sivagangai (Uzhavar Sandhai ),Bhindi(Ladies Finger),Bhindi,Local,5200,6200,5700,22/08/2026
Tamil Nadu,Virudhunagar,Rajapalayam(Uzhavar Sandhai ),Bhindi(Ladies Finger),Bhindi,Local,3000,3500,3250,22/08/2026
Tamil Nadu,Virudhunagar,Sathur(Uzhavar Sandhai ),Bhindi(Ladies Finger),Bhindi,Local,3500,4000,3750,22/08/2026
Tamil Nadu,Chengalpattu,Chengalpet(Uzhavar Sandhai ),Bhindi(Ladies Finger),Bhindi,Local,4500,5000,4750,22/08/2026
Tamil Nadu,Nagercoil (Kannyiakumari),Myladi(Uzhavar Sandhai ),Bhindi(Ladies Finger),Bhindi,Local,5500,6000,5750,22/08/2026
Tamil Nadu,Villupuram,Ulundurpettai APMC,Bhindi(Ladies Finger),Bhindi,Local,3000,3000,3000,22/08/2026
Tamil Nadu,Tenkasi,Tenkasi(Uzhavar Sandhai ),Bhindi(Ladies Finger),Bhindi,Local,5000,5000,5000,22/08/2026
Tamil Nadu,Theni,Andipatti(Uzhavar Sandhai ),Bhindi(Ladies Finger),Bhindi,Local,6000,6400,6200,22/08/2026
Tamil Nadu,Thiruvarur,Needamangalam(Uzhavar Sandhai ),Bhindi(Ladies Finger),Bhindi,Local,4200,4200,4200,22/08/2026
Tamil Nadu,Villupuram,Gingee(Uzhavar Sandhai ),Bhindi(Ladies Finger),Bhindi,Local,3000,3000,3000,22/08/2026
Tamil Nadu,Vellore,Katpadi (Uzhavar Sandhai ),Bhindi(Ladies Finger),Bhindi,Local,3500,3500,3500,22/08/2026
Tamil Nadu,Nagapattinam,Vedaranyam(Uzhavar Sandhai),Bhindi(Ladies Finger),Bhindi,Local,4500,4500,4500,22/08/2026
Tamil Nadu,Karur,Kulithalai(Uzhavar Sandhai ),Bhindi(Ladies Finger),Bhindi,Local,3000,3600,3300,22/08/2026
Tamil Nadu,Thirupur,Dharapuram(Uzhavar Sandhai ),Bhindi(Ladies Finger),Bhindi,Local,4500,5000,4750,22/08/2026
Tamil Nadu,Salem,Athur(Uzhavar Sandhai ),Bhindi(Ladies Finger),Bhindi,Local,3000,3500,3250,22/08/2026
Tamil Nadu,Erode,Gobichettipalayam(Uzhavar Sandhai ),Bhindi(Ladies Finger),Bhindi,Local,3600,3800,3700,22/08/2026
Tamil Nadu,Ramanathapuram,Kamuthi(Uzhavar Sandhai ),Bhindi(Ladies Finger),Bhindi,Local,6000,6500,6250,22/08/2026
Tamil Nadu,Thiruvannamalai,Cheyyar(Uzhavar Sandhai ),Bhindi(Ladies Finger),Bhindi,Local,3500,4200,3850,22/08/2026
Tamil Nadu,Coimbatore,RSPuram(Uzhavar Sandhai ),Bhindi(Ladies Finger),Bhindi,Local,4000,4500,4250,22/08/2026
Tamil Nadu,Cuddalore,Cuddalore(Uzhavar Sandhai ),Bhindi(Ladies Finger),Bhindi,Local,4500,4500,4500,22/08/2026
Tamil Nadu,The Nilgiris,Gudalur(Uzhavar Sandhai ),Bhindi(Ladies Finger),Bhindi,Local,3500,4000,3750,22/08/2026
Tamil Nadu,Kancheepuram,Kancheepuram(Uzhavar Sandhai ),Bhindi(Ladies Finger),Bhindi,Local,3000,3500,3250,22/08/2026
Tamil Nadu,Kancheepuram,Padappai(Uzhavar Sandhai ),Bhindi(Ladies Finger),Bhindi,Local,3000,3500,3250,22/08/2026
Tamil Nadu,Krishnagiri,Denkanikottai(Uzhavar Sandhai ),Bhindi(Ladies Finger),Bhindi,Local,3000,3500,3250,22/08/2026
Tamil Nadu,Namakkal,Paramathivelur(Uzhavar Sandhai ),Bhindi(Ladies Finger),Bhindi,Local,4400,5000,4700,22/08/2026
Tamil Nadu,Salem,Ammapet(Uzhavar Sandhai ),Bhindi(Ladies Finger),Bhindi,Local,3200,3500,3350,22/08/2026
Tamil Nadu,Salem,Thathakapatti(Uzhavar Sandhai ),Bhindi(Ladies Finger),Bhindi,Local,3400,3600,3500,22/08/2026
Tamil Nadu,Thirunelveli,Ambasamudram(Uzhavar Sandhai ),Bhindi(Ladies Finger),Bhindi,Local,3500,4000,3750,22/08/2026
Tamil Nadu,Thirunelveli,Melapalayam(Uzhavar Sandhai ),Bhindi(Ladies Finger),Bhindi,Local,4500,5000,4750,22/08/2026
Tamil Nadu,Sivaganga,Devakottai (Uzhavar Sandhai ),Bhindi(Ladies Finger),Bhindi,Local,4000,4200,4100,22/08/2026
Tamil Nadu,Salem,Jalagandapuram(Uzhavar Sandhai ),Bhindi(Ladies Finger),Bhindi,Local,3000,3500,3250,22/08/2026
Tamil Nadu,Virudhunagar,Sivakasi(Uzhavar Sandhai ),Bhindi(Ladies Finger),Bhindi,Local,2500,3000,2750,22/08/2026
Tamil Nadu,Virudhunagar,Thalavaipuram(Uzhavar Sandhai ),Bhindi(Ladies Finger),Bhindi,Local,2800,3500,3150,22/08/2026
Tamil Nadu,Cuddalore,Viruthachalam(Uzhavar Sandhai ),Bhindi(Ladies Finger),Bhindi,Local,3000,3000,3000,22/08/2026
Tamil Nadu,The Nilgiris,Udhagamandalam(Uzhavar Sandhai ),Bhindi(Ladies Finger),Bhindi,Local,3500,3800,3650,22/08/2026
Tamil Nadu,Thiruvarur,Tiruvarur(Uzhavar Sandhai ),Bhindi(Ladies Finger),Bhindi,Local,4000,4000,4000,22/08/2026
Tamil Nadu,Salem,Vazhapadi(Uzhavar Sandhai),Bhindi(Ladies Finger),Bhindi,Local,3800,3800,3800,22/08/2026
Tamil Nadu,Karur,Gandhigramam(Uzhavar Sandhai),Bhindi(Ladies Finger),Bhindi,Local,4000,4500,4250,22/08/2026
Tamil Nadu,Pudukkottai,Aranthangi(Uzhavar Sandhai ),Bhindi(Ladies Finger),Bhindi,Local,3500,4000,3750,22/08/2026
Tamil Nadu,Thirupathur,Natrampalli(Uzhavar Sandhai ),Bhindi(Ladies Finger),Bhindi,Local,2500,3000,2750,22/08/2026
Tamil Nadu,Coimbatore,Vadavalli(Uzhavar Sandhai ),Bhindi(Ladies Finger),Bhindi,Local,4000,4500,4250,22/08/2026
Tamil Nadu,Nagapattinam,Mayiladuthurai(Uzhavar Sandhai ),Bhindi(Ladies Finger),Bhindi,Local,4500,5000,4750,22/08/2026
Tamil Nadu,Pudukkottai,Viralimalai(Uzhavar Sandhai ),Bhindi(Ladies Finger),Bhindi,Local,3500,4000,3750,22/08/2026
Tamil Nadu,Ramanathapuram,Paramakudi(Uzhavar Sandhai ),Bhindi(Ladies Finger),Bhindi,Local,4500,5000,4750,22/08/2026
Tamil Nadu,Thiruvannamalai,Arani(Uzhavar Sandhai ),Bhindi(Ladies Finger),Bhindi,Local,3500,4200,3850,22/08/2026
Tamil Nadu,Vellore,Gudiyatham(Uzhavar Sandhai ),Bhindi(Ladies Finger),Bhindi,Local,2400,2400,2400,22/08/2026
Tamil Nadu,Villupuram,Villupuram(Uzhavar Sandhai ),Bhindi(Ladies Finger),Bhindi,Local,4000,4000,4000,22/08/2026
Tamil Nadu,Coimbatore,Sundarapuram(Uzhavar Sandhai ),Bhindi(Ladies Finger),Bhindi,Local,4500,5000,4750,22/08/2026
Tamil Nadu,Erode,Sathiyamagalam(Uzhavar Sandhai ),Bhindi(Ladies Finger),Bhindi,Local,3000,3600,3300,22/08/2026
Tamil Nadu,Ariyalur,Jeyankondam (Uzhavar Sandhai ),Bhindi(Ladies Finger),Bhindi,Local,3000,3500,3250,22/08/2026
Tamil Nadu,Coimbatore,Pollachi(Uzhavar Sandhai ),Bhindi(Ladies Finger),Bhindi,Local,4500,5000,4750,22/08/2026
Tamil Nadu,Dharmapuri,Harur(Uzhavar Sandhai ),Bhindi(Ladies Finger),Bhindi,Local,2500,3000,2750,22/08/2026
Tamil Nadu,Dharmapuri,Karimangalam(Uzhavar Sandhai),Bhindi(Ladies Finger),Bhindi,Local,3300,3500,3400,22/08/2026
Tamil Nadu,Krishnagiri,Hosur(Uzhavar Sandhai ),Bhindi(Ladies Finger),Bhindi,Local,3500,4000,3750,22/08/2026
Tamil Nadu,Madurai,Anaiyur(Uzhavar Sandhai ),Bhindi(Ladies Finger),Bhindi,Local,5000,6000,5500,22/08/2026
Tamil Nadu,Thanjavur,Tirukattupalli(Uzhavar Sandhai ),Bhindi(Ladies Finger),Bhindi,Local,4800,4800,4800,22/08/2026
Tamil Nadu,Salem,Thammampatti (Uzhavar Sandhai ),Bhindi(Ladies Finger),Bhindi,Local,3000,3500,3250,22/08/2026
Tamil Nadu,Theni,Chinnamanur(Uzhavar Sandhai ),Bhindi(Ladies Finger),Bhindi,Local,6000,6000,6000,22/08/2026
Tamil Nadu,Theni,Theni(Uzhavar Sandhai ),Bhindi(Ladies Finger),Bhindi,Local,6000,6400,6200,22/08/2026
Tamil Nadu,Thirunelveli,NGO Colony(Uzhavar Sandhai ),Bhindi(Ladies Finger),Bhindi,Local,4500,5000,4750,22/08/2026
Tamil Nadu,Thirunelveli,Palayamkottai(Uzhavar Sandhai ),Bhindi(Ladies Finger),Bhindi,Local,4800,5000,4900,22/08/2026
Tamil Nadu,Thiruvannamalai,Chengam(Uzhavar Sandhai ),Bhindi(Ladies Finger),Bhindi,Local,3300,4000,3650,22/08/2026
Tamil Nadu,Thiruvannamalai,Vandavasi(Uzhavar Sandhai ),Bhindi(Ladies Finger),Bhindi,Local,3500,4200,3850,22/08/2026
Tamil Nadu,Thiruvarur,Muthupettai(Uzhavar Sandhai ),Bhindi(Ladies Finger),Bhindi,Local,4200,4200,4200,22/08/2026
Tamil Nadu,Cuddalore,Vadalur(Uzhavar Sandhai ),Bhindi(Ladies Finger),Bhindi,Local,2500,2500,2500,22/08/2026
Tamil Nadu,Karur,Pallapatti (Uzhavar Sandhai ),Bhindi(Ladies Finger),Bhindi,Local,3500,4000,3750,22/08/2026
Tamil Nadu,Salem,Edapadi (Uzhavar Sandhai ),Bhindi(Ladies Finger),Bhindi,Local,3400,3800,3600,22/08/2026
Tamil Nadu,Salem,Elampillai(Uzhavar Sandhai ),Bhindi(Ladies Finger),Bhindi,Local,3000,3500,3250,22/08/2026
Tamil Nadu,Thanjavur,Pattukottai(Uzhavar Sandhai ),Bhindi(Ladies Finger),Bhindi,Local,4800,4800,4800,22/08/2026
Tamil Nadu,Thiruchirappalli,Manachanallur(Uzhavar Sandhai ),Bhindi(Ladies Finger),Bhindi,Local,5000,5000,5000,22/08/2026
Tamil Nadu,Thiruchirappalli,Manapparai(Uzhavar Sandhai ),Bhindi(Ladies Finger),Bhindi,Local,5000,5000,5000,22/08/2026
Tamil Nadu,Thiruchirappalli,Musiri(Uzhavar Sandhai ),Bhindi(Ladies Finger),Bhindi,Local,3600,4000,3800,22/08/2026
Tamil Nadu,Chengalpattu,Nanganallur(Uzhavar Sandhai ),Bhindi(Ladies Finger),Bhindi,Local,3500,4000,3750,22/08/2026
Tamil Nadu,Villupuram,Tindivanam APMC,Bhindi(Ladies Finger),Bhindi,Local,3000,3000,3000,22/08/2026
Tamil Nadu,Thanjavur,Kumbakonam (Uzhavar Sandhai ),Bhindi(Ladies Finger),Bhindi,Local,6000,7200,6600,22/08/2026
Tamil Nadu,Thiruvarur,Valangaiman APMC,Bhindi(Ladies Finger),Bhindi,Local,4000,4000,4000,22/08/2026
Tamil Nadu,Virudhunagar,Kariyapatti(Uzhavar Sandhai ),Bhindi(Ladies Finger),Bhindi,Local,4500,5000,4750,22/08/2026
Tamil Nadu,Madurai,Melur(Uzhavar Sandhai ),Bhindi(Ladies Finger),Bhindi,Local,5000,6000,5500,22/08/2026
Tamil Nadu,Chengalpattu,Guduvancheri(Uzhavar Sandhai ),Bhindi(Ladies Finger),Bhindi,Local,4000,5000,4500,22/08/2026
Tamil Nadu,Thirupur,Palladam(Uzhavar Sandhai ),Bhindi(Ladies Finger),Bhindi,Local,4000,5000,4500,22/08/2026
Tamil Nadu,Coimbatore,Udumalpet APMC,Bhindi(Ladies Finger),Bhindi,Local,4500,5000,4750,22/08/2026
Tamil Nadu,Erode,Sampath Nagar(Uzhavar Sandhai ),Bhindi(Ladies Finger),Bhindi,Local,3600,4000,3800,22/08/2026
Tamil Nadu,Pudukkottai,Alangudi(Uzhavar Sandhai ),Bhindi(Ladies Finger),Bhindi,Local,4000,4500,4250,22/08/2026
Tamil Nadu,Thiruvannamalai,Tiruvannamalai(Uzhavar Sandhai ),Bhindi(Ladies Finger),Bhindi,Local,3000,3600,3300,22/08/2026
Tamil Nadu,Thiruvarur,Mannargudi I(Uzhavar Sandhai ),Bhindi(Ladies Finger),Bhindi,Local,4400,4400,4400,22/08/2026
Tamil Nadu,Vellore,Kahithapattarai(Uzhavar Sandhai ),Bhindi(Ladies Finger),Bhindi,Local,3500,3500,3500,22/08/2026
Tamil Nadu,Coimbatore,Singanallur(Uzhavar Sandhai ),Bhindi(Ladies Finger),Bhindi,Local,4000,4500,4250,22/08/2026
Tamil Nadu,Coimbatore,Kurichi(Uzhavar Sandhai ),Bhindi(Ladies Finger),Bhindi,Local,4500,5000,4750,22/08/2026
Tamil Nadu,Krishnagiri,Kaveripattinam(Uzhavar Sandhai ),Bhindi(Ladies Finger),Bhindi,Local,3000,3000,3000,22/08/2026
Tamil Nadu,Thirupur,Tiruppur (South) (Uzhavar Sandhai ),Bhindi(Ladies Finger),Bhindi,Local,4000,5000,4500,22/08/2026
Tamil Nadu,Erode,Perundurai(Uzhavar Sandhai ),Bhindi(Ladies Finger),Bhindi,Local,3400,3600,3500,22/08/2026
Tamil Nadu,Dharmapuri,Dharmapuri(Uzhavar Sandhai ),Bhindi(Ladies Finger),Bhindi,Local,3300,3500,3400,22/08/2026
Tamil Nadu,Dindigul,Dindigul(Uzhavar Sandhai ),Bhindi(Ladies Finger),Bhindi,Local,3000,4000,3500,22/08/2026
Tamil Nadu,Erode,Periyar Nagar(Uzhavar Sandhai ),Bhindi(Ladies Finger),Bhindi,Local,3600,4000,3800,22/08/2026
Tamil Nadu,Kallakuruchi,Sankarapuram(Uzhavar Sandhai ),Bhindi(Ladies Finger),Bhindi,Local,3000,3000,3000,22/08/2026
Tamil Nadu,Kancheepuram,Kundrathur(Uzhavar Sandhai ),Bhindi(Ladies Finger),Bhindi,Local,3500,3500,3500,22/08/2026
Tamil Nadu,Kancheepuram,Sunguvarchatram(Uzhavar Sandhai ),Bhindi(Ladies Finger),Bhindi,Local,3000,3500,3250,22/08/2026
Tamil Nadu,Madurai,Usilampatti(Uzhavar Sandhai ),Bhindi(Ladies Finger),Bhindi,Local,5000,6000,5500,22/08/2026
Tamil Nadu,Namakkal,Kumarapalayam(Uzhavar Sandhai ),Bhindi(Ladies Finger),Bhindi,Local,2600,3400,3000,22/08/2026
Tamil Nadu,Madurai,Palanganatham(Uzhavar Sandhai ),Bhindi(Ladies Finger),Bhindi,Local,5000,6000,5500,22/08/2026
Tamil Nadu,Madurai,Anna nagar(Uzhavar Sandhai ),Bhindi(Ladies Finger),Bhindi,Local,5000,5400,5200,22/08/2026
Tamil Nadu,Salem,Mettur(Uzhavar Sandhai ),Bhindi(Ladies Finger),Bhindi,Local,2500,3000,2750,22/08/2026
Tamil Nadu,Thirunelveli,Kandiyaperi(Uzhavar Sandhai ),Bhindi(Ladies Finger),Bhindi,Local,4800,5000,4900,22/08/2026
Tamil Nadu,Thirupur,Kangayam(Uzhavar Sandhai ),Bhindi(Ladies Finger),Bhindi,Local,4500,5000,4750,22/08/2026
Tamil Nadu,Coimbatore,Sulur(Uzhavar Sandhai ),Bhindi(Ladies Finger),Bhindi,Local,4000,4500,4250,22/08/2026
Tamil Nadu,Cuddalore,Panruti(Uzhavar Sandhai ),Bhindi(Ladies Finger),Bhindi,Local,4000,4000,4000,22/08/2026
Tamil Nadu,Thanjavur,Peravurani(Uzhavar Sandhai),Bhindi(Ladies Finger),Bhindi,Local,4500,4500,4500,22/08/2026
Tamil Nadu,Salem,Hasthampatti(Uzhavar Sandhai ),Bhindi(Ladies Finger),Bhindi,Local,3000,3500,3250,22/08/2026
Tamil Nadu,Sivaganga,Singampunari(Uzhavar Sandhai ),Bhindi(Ladies Finger),Bhindi,Local,5400,6200,5800,22/08/2026
Tamil Nadu,Sivaganga,Karaikudi(Uzhavar Sandhai ),Bhindi(Ladies Finger),Bhindi,Local,5400,6400,5900,22/08/2026
Tamil Nadu,Thanjavur,Thanjavur(Uzhavar Sandhai ),Bhindi(Ladies Finger),Bhindi,Local,4800,4800,4800,22/08/2026
Tamil Nadu,Thiruchirappalli,KKNagar(Uzhavar Sandhai ),Bhindi(Ladies Finger),Bhindi,Local,5600,5600,5600,22/08/2026
Tamil Nadu,Chengalpattu,Madhuranthagam(Uzhavar Sandhai ),Bhindi(Ladies Finger),Bhindi,Local,4000,4000,4000,22/08/2026
Tamil Nadu,Chengalpattu,Pallavaram(Uzhavar Sandhai ),Bhindi(Ladies Finger),Bhindi,Local,4000,5000,4500,22/08/2026
Tamil Nadu,Chengalpattu,Jameenrayapettai(Uzhavar Sandhai ),Bhindi(Ladies Finger),Bhindi,Local,4000,5000,4500,22/08/2026
Tamil Nadu,Tenkasi,Sankarankoil(Uzhavar Sandhai ),Bhindi(Ladies Finger),Bhindi,Local,5000,5000,5000,22/08/2026
Tamil Nadu,Virudhunagar,Aruppukottai(Uzhavar Sandhai ),Bhindi(Ladies Finger),Bhindi,Local,3000,3500,3250,22/08/2026
Tamil Nadu,Thiruvellore,Tiruvallur(Uzhavar Sandhai ),Bhindi(Ladies Finger),Bhindi,Local,4000,4000,4000,22/08/2026
Tamil Nadu,Madurai,Thirumangalam(Uzhavar Sandhai ),Bhindi(Ladies Finger),Bhindi,Local,5000,6000,5500,22/08/2026
Tamil Nadu,Vellore,Perampet(Uzhavar Sandhai),Bhindi(Ladies Finger),Bhindi,Local,2000,2600,2300,22/08/2026
Tamil Nadu,Kallakuruchi,Kallakurichi(Uzhavar Sandhai ),Bhindi(Ladies Finger),Bhindi,Local,3000,3000,3000,22/08/2026
Tamil Nadu,Dindigul,Vedasanthur(Uzhavar Sandhai ),Bhindi(Ladies Finger),Bhindi,Local,3500,4000,3750,22/08/2026
Tamil Nadu,Coimbatore,Palladam APMC,Ragi(Finger Millet),Other,Local,7400,7600,7500,22/08/2026
Tamil Nadu,Vellore,Pallikonda(Uzhavar Sandhai),Bhindi(Ladies Finger),Bhindi,Local,2500,3000,2750,22/08/2026
Tamil Nadu,Ramanathapuram,Ramanathapuram(Uzhavar Sandhai ),Bhindi(Ladies Finger),Bhindi,Local,4500,5000,4750,22/08/2026
Tamil Nadu,Thiruvannamalai,Polur(Uzhavar Sandhai ),Bhindi(Ladies Finger),Bhindi,Local,4000,4800,4400,22/08/2026
Tamil Nadu,Thiruvellore,Paruthipattu(Uzhavar Sandhai ),Bhindi(Ladies Finger),Bhindi,Local,5000,5000,5000,22/08/2026
Tamil Nadu,Thiruvellore,Perambakkam(Uzhavar Sandhai ),Bhindi(Ladies Finger),Bhindi,Local,4000,4000,4000,22/08/2026
Tamil Nadu,Ariyalur,Ariyalur(Uzhavar Sandhai),Bhindi(Ladies Finger),Bhindi,Local,3000,3500,3250,22/08/2026
Tamil Nadu,Coimbatore,Mettupalayam(Uzhavar Sandhai ),Bhindi(Ladies Finger),Bhindi,Local,3000,3500,3250,22/08/2026
Tamil Nadu,Pudukkottai,Karambakkudi(Uzhavar Sandhai ),Bhindi(Ladies Finger),Bhindi,Local,4500,5000,4750,22/08/2026
Tamil Nadu,The Nilgiris,Coonoor(Uzhavar Sandhai ),Bhindi(Ladies Finger),Bhindi,Local,3600,3800,3700,22/08/2026
Tamil Nadu,Dharmapuri,Pennagaram(Uzhavar Sandhai ),Bhindi(Ladies Finger),Bhindi,Local,3300,3500,3400,22/08/2026
Tamil Nadu,Krishnagiri,Avallapalli(Uzhavar Sandhai ),Bhindi(Ladies Finger),Bhindi,Local,3500,4000,3750,22/08/2026
Tamil Nadu,Namakkal,Namakkal(Uzhavar Sandhai ),Bhindi(Ladies Finger),Bhindi,Local,3500,4200,3850,22/08/2026
Tamil Nadu,Namakkal,Rasipuram(Uzhavar Sandhai ),Bhindi(Ladies Finger),Bhindi,Local,3400,4000,3700,22/08/2026
Tamil Nadu,Ranipet,Ranipettai(Uzhavar Sandhai ),Bhindi(Ladies Finger),Bhindi,Local,3000,3500,3250,22/08/2026
Tamil Nadu,Salem,Sooramangalam(Uzhavar Sandhai ),Bhindi(Ladies Finger),Bhindi,Local,3400,3600,3500,22/08/2026
Tamil Nadu,Thiruchirappalli,Thuraiyur APMC,Bhindi(Ladies Finger),Bhindi,Local,5000,5500,5250,22/08/2026
Tamil Nadu,Thirupur,Tiruppur (North) (Uzhavar Sandhai ),Bhindi(Ladies Finger),Bhindi,Local,4500,5000,4750,22/08/2026
Tamil Nadu,Thiruvannamalai,Tamarainagar(Uzhavar Sandhai ),Bhindi(Ladies Finger),Bhindi,Local,3500,4000,3750,22/08/2026
Tamil Nadu,Pudukkottai,Gandarvakottai(Uzhavar Sandhai ),Bhindi(Ladies Finger),Bhindi,Local,3500,4000,3750,22/08/2026
Tamil Nadu,Dharmapuri,AJattihalli(Uzhavar Sandhai ),Bhindi(Ladies Finger),Bhindi,Local,3500,3500,3500,22/08/2026
Tamil Nadu,Karur,Velayuthampalayam(Uzhavar Sandhai ),Bhindi(Ladies Finger),Bhindi,Local,3800,4500,4150,22/08/2026
Tamil Nadu,Karur,Vengamedu(Uzhavar Sandhai ),Bhindi(Ladies Finger),Bhindi,Local,4000,4500,4250,22/08/2026
Tamil Nadu,Theni,Devaram(Uzhavar Sandhai ),Bhindi(Ladies Finger),Bhindi,Local,4800,4800,4800,22/08/2026
Tamil Nadu,Sivaganga,Tirupatthur(Uzhavar Sandhai ),Bhindi(Ladies Finger),Bhindi,Local,4000,4500,4250,22/08/2026
Tamil Nadu,Thiruchirappalli,Lalgudi(Uzhavar Sandhai ),Bhindi(Ladies Finger),Bhindi,Local,5600,5600,5600,22/08/2026
Tamil Nadu,Thiruchirappalli,Thiruverumbur(Uzhavar Sandhai ),Bhindi(Ladies Finger),Bhindi,Local,5000,5000,5000,22/08/2026
Tamil Nadu,Virudhunagar,Virudhunagar(Uzhavar Sandhai ),Bhindi(Ladies Finger),Bhindi,Local,3500,3600,3550,22/08/2026
Tamil Nadu,Madurai,Chokkikulam(Uzhavar Sandhai ),Bhindi(Ladies Finger),Bhindi,Local,5000,6000,5500,22/08/2026
Tamil Nadu,Erode,Thalavadi(Uzhavar Sandhai ),Bhindi(Ladies Finger),Bhindi,Local,3000,3600,3300,22/08/2026
Tamil Nadu,Krishnagiri,Krishnagiri(Uzhavar Sandhai ),Bhindi(Ladies Finger),Bhindi,Local,2500,3000,2750,22/08/2026
Tamil Nadu,Nagapattinam,Nagapattinam(Uzhavar Sandhai ),Bhindi(Ladies Finger),Bhindi,Local,5200,6000,5600,22/08/2026
Tamil Nadu,Pudukkottai,Pudukottai(Uzhavar Sandhai ),Bhindi(Ladies Finger),Bhindi,Local,4500,5000,4750,22/08/2026
Tamil Nadu,Theni,Bodinayakanur(Uzhavar Sandhai ),Bhindi(Ladies Finger),Bhindi,Local,4800,4800,4800,22/08/2026
Tamil Nadu,Thiruvellore,Tiruthani(Uzhavar Sandhai ),Bhindi(Ladies Finger),Bhindi,Local,4000,4000,4000,22/08/2026
Tamil Nadu,Pudukkottai,Ponnamaravathi(Uzhavar Sandhai),Bhindi(Ladies Finger),Bhindi,Local,4000,4500,4250,22/08/2026
Tamil Nadu,Thiruvarur,Mannargudi II(Uzhavar Sandhai ),Bhindi(Ladies Finger),Bhindi,Local,4400,4400,4400,22/08/2026
Tamil Nadu,Thiruvarur,Tiruthuraipoondi(Uzhavar Sandhai ),Bhindi(Ladies Finger),Bhindi,Local,4000,4000,4000,22/08/2026
Tamil Nadu,Tuticorin,Kovilpatti(Uzhavar Sandhai ),Bhindi(Ladies Finger),Bhindi,Local,4000,4500,4250,22/08/2026
Tamil Nadu,Namakkal,Tiruchengode APMC,Bhindi(Ladies Finger),Bhindi,Local,3800,4400,4100,22/08/2026
Tamil Nadu,Karur,Karur(Uzhavar Sandhai ),Bhindi(Ladies Finger),Bhindi,Local,4000,4500,4250,22/08/2026
Tamil Nadu,Nagercoil (Kannyiakumari),Vadaseri APMC,Bhindi(Ladies Finger),Bhindi,Local,5500,6000,5750,22/08/2026
Tamil Nadu,Vellore,Thirupathur APMC,Bhindi(Ladies Finger),Bhindi,Local,3000,3000,3000,22/08/2026
Tamil Nadu,Vellore,Vellore APMC,Bhindi(Ladies Finger),Bhindi,Local,2500,3000,2750,22/08/2026
Madhya Pradesh,Dhar,Kukshi(F&V) APMC,Bhindi(Ladies Finger),Bhindi,Grade A,800,1600,1200,22/08/2026
Madhya Pradesh,Badwani,Sendhwa(F&V) APMC,Bhindi(Ladies Finger),Bhindi,Medium,700,1100,900,22/08/2026
Madhya Pradesh,Guna,Guna(F&V) APMC,Bhindi(Ladies Finger),Bhindi,Grade B,1400,1600,1500,22/08/2026
Madhya Pradesh,Indore,Indore(F&V) APMC,Bhindi(Ladies Finger),Bhindi,Local,800,2500,1600,22/08/2026
Madhya Pradesh,Mandsaur,Mandsaur(F&V) APMC,Bhindi(Ladies Finger),Bhindi,Grade A,1000,1750,1550,22/08/2026
Madhya Pradesh,Betul,Betul(F&V) APMC,Bhindi(Ladies Finger),Bhindi,FAQ,1500,1500,1500,22/08/2026
Madhya Pradesh,Gwalior,Dabra(F&V) APMC,Bhindi(Ladies Finger),Bhindi,Grade C,500,500,500,22/08/2026
Maharashtra,Pune,Khed(Chakan) APMC,Bhindi(Ladies Finger),Other,Local,1000,3000,2000,22/08/2026
Maharashtra,Pune,Pune(Pimpri) APMC,Bhindi(Ladies Finger),Other,Local,3500,3500,3500,22/08/2026
Maharashtra,Ahilyanagar,Rahata APMC,Bhindi(Ladies Finger),Other,Local,1000,2000,1500,22/08/2026
Maharashtra,Amarawati,Amrawati(Frui & Veg. Market) APMC,Bhindi(Ladies Finger),Other,Local,1600,2200,1900,22/08/2026
Maharashtra,Nagpur,Kamthi APMC,Bhindi(Ladies Finger),Other,Local,2510,3010,2760,22/08/2026
Maharashtra,Pune,Junnar(Otur) APMC,Bhindi(Ladies Finger),Other,Local,1000,2990,2200,22/08/2026
Maharashtra,Solapur,Mangal Wedha APMC,Bhindi(Ladies Finger),Other,Local,500,2700,1600,22/08/2026
Maharashtra,Nagpur,Kalmeshwar APMC,Bhindi(Ladies Finger),Other,Local,1005,1500,1315,22/08/2026
Maharashtra,Ahilyanagar,Shrirampur APMC,Bhindi(Ladies Finger),Other,Local,1000,2000,1500,22/08/2026
Maharashtra,Sangli,Vita APMC,Bhindi(Ladies Finger),Other,Local,3000,3500,3200,22/08/2026
Maharashtra,Nagpur,Nagpur APMC,Bhindi(Ladies Finger),Other,Local,1500,2000,1875,22/08/2026
Maharashtra,Kolhapur,Vadgaonpeth APMC,Bhindi(Ladies Finger),Other,Local,2500,3500,3000,22/08/2026
Maharashtra,Nashik,Nasik APMC,Bhindi(Ladies Finger),Other,Local,1665,3335,2500,22/08/2026
Maharashtra,Pune,Junnar(Narayangaon) APMC,Bhindi(Ladies Finger),Other,Local,500,3500,1900,22/08/2026
Maharashtra,Chandrapur,Chandrapur(Ganjwad) APMC,Bhindi(Ladies Finger),Other,Local,1000,2000,1500,22/08/2026
Maharashtra,Pune,Pune APMC,Ragi(Finger Millet),Other,FAQ,5500,5800,5650,22/08/2026
Maharashtra,Solapur,Akluj APMC,Bhindi(Ladies Finger),Other,Local,2000,3000,2500,22/08/2026
Maharashtra,Chattrapati Sambhajinagar,Chattrapati Sambhajinagar APMC,Bhindi(Ladies Finger),Other,Local,1000,1400,1200,22/08/2026
Maharashtra,Solapur,SHRI.SIDDHESHWAR  APMC,Bhindi(Ladies Finger),Other,Local,500,2000,1400,22/08/2026
Maharashtra,Jalgaon,Bhusaval APMC,Bhindi(Ladies Finger),Other,Local,2500,3000,3000,22/08/2026
Maharashtra,Mumbai,Mumbai APMC,Bhindi(Ladies Finger),Other,Local,2600,3000,2800,22/08/2026
Maharashtra,Pune,Pune(Moshi) APMC,Bhindi(Ladies Finger),Other,Local,2000,3000,2500,22/08/2026
Maharashtra,Pune,Pune(Manjri) APMC,Bhindi(Ladies Finger),Other,Local,3000,6500,5000,22/08/2026
Maharashtra,Satara,Karad APMC,Bhindi(Ladies Finger),Other,Local,2000,3000,3000,22/08/2026
Maharashtra,Satara,Vai APMC,Bhindi(Ladies Finger),Other,Local,3000,4000,3500,22/08/2026
Maharashtra,Nagpur,Ramtek APMC,Bhindi(Ladies Finger),Other,Local,1000,2000,1500,22/08/2026
Uttar Pradesh,Saharanpur,Rampurmaniharan APMC,Bhindi(Ladies Finger),Bhindi,Grade C,1600,1800,1700,22/08/2026
Uttar Pradesh,Baghpat,Khekda APMC,Bhindi(Ladies Finger),Bhindi,FAQ,1200,1600,1400,22/08/2026
Uttar Pradesh,Etawah,Jasvantnagar APMC,Bhindi(Ladies Finger),Bhindi,Medium,1560,1660,1610,22/08/2026
Uttar Pradesh,Sant Kabir Nagar,Khalilabad APMC,Bhindi(Ladies Finger),Bhindi,Medium,1400,1500,1450,22/08/2026
Uttar Pradesh,Kanpur,Baripaal APMC,Bhindi(Ladies Finger),Bhindi,Medium,1000,1400,1200,22/08/2026
Uttar Pradesh,Khiri (Lakhimpur),Maigalganj APMC,Bhindi(Ladies Finger),Bhindi,FAQ,2220,2260,2240,22/08/2026
Uttar Pradesh,Saharanpur,CHHUTMALPUR APMC,Bhindi(Ladies Finger),Bhindi,Local,1050,1250,1150,22/08/2026
Uttar Pradesh,Bulandshahar,Gulavati APMC,Bhindi(Ladies Finger),Bhindi,FAQ,3000,3200,3100,22/08/2026
Uttar Pradesh,Raebarelli,Lalganj APMC,Bhindi(Ladies Finger),Bhindi,FAQ,1800,2000,1900,22/08/2026
Uttar Pradesh,Shamli,Khandhla APMC,Bhindi(Ladies Finger),Bhindi,FAQ,1600,1640,1620,22/08/2026
Uttar Pradesh,Shamli,Kairana APMC,Bhindi(Ladies Finger),Bhindi,FAQ,1400,1500,1450,22/08/2026
Uttar Pradesh,Etah,Awagarh APMC,Bhindi(Ladies Finger),Bhindi,FAQ,1400,1550,1450,22/08/2026
Rajasthan,Udaipur,Udaipur (F&V) APMC,Bhindi(Ladies Finger),Other,Medium,2000,4000,3000,22/08/2026
Rajasthan,Ganganagar,Sriganganagar (F&V) APMC,Bhindi(Ladies Finger),Bhindi,Grade B,2300,2700,2500,22/08/2026
Karnataka,Chamarajanagar,Chamarajanagar APMC,Ladies Finger,Ladies Finger,Local,1500,2200,1900,22/08/2026
Karnataka,Belagavi,Belgaum APMC,Ladies Finger,Ladies Finger,Large,2200,2800,2500,22/08/2026
Karnataka,Bengaluru South,Ramanagara APMC,Ladies Finger,Ladies Finger,Local,1600,2400,2000,22/08/2026
Karnataka,Vijayanagara,Kottur APMC,Ragi(Finger Millet),Feeds (Poultry Quality),Local,3100,3100,3100,22/08/2026
Gujarat,Sabarkantha,Himatnagar(Veg.Market Himatnagar) APMC,Bhindi(Ladies Finger),Other,Local,2000,2500,2350,22/08/2026
Gujarat,Mehsana,Mehsana(Mehsana Veg) APMC,Bhindi(Ladies Finger),Bhindi,Local,1500,3000,2300,22/08/2026
Gujarat,Banaskanth,Deesa(Deesa Veg Yard) APMC,Bhindi(Ladies Finger),Other,FAQ,1700,2400,2050,22/08/2026
Gujarat,Surendranagar,Vadhvan APMC,Bhindi(Ladies Finger),Bhindi,Medium,4000,4500,4250,22/08/2026
Gujarat,Rajkot,Gondal(Veg.market Gondal) APMC,Bhindi(Ladies Finger),Bhindi,Local,1000,5000,3000,22/08/2026
Gujarat,Morbi,Vankaner(Sub yard) APMC,Bhindi(Ladies Finger),Bhindi,FAQ,2000,3500,3000,22/08/2026
Gujarat,Anand,"Anand(Veg,Yard,Anand) APMC",Bhindi(Ladies Finger),Bhindi,Grade B,2500,3000,2750,22/08/2026
Gujarat,Rajkot,Rajkot(Veg.Sub Yard) APMC,Bhindi(Ladies Finger),Bhindi,FAQ,1945,4305,3125,22/08/2026
Gujarat,Porbandar,Porbandar APMC,Bhindi(Ladies Finger),Bhindi,Local,2500,3500,3000,22/08/2026
Gujarat,Kheda,Kapadvanj APMC,Bhindi(Ladies Finger),Bhindi,Medium,2500,3000,2750,22/08/2026
Gujarat,Gandhinagar,"Kalol(Veg,Market,Kalol) APMC",Bhindi(Ladies Finger),Other,Local,2400,4900,4400,22/08/2026
Gujarat,Kheda,Nadiyad(Chaklasi) APMC,Bhindi(Ladies Finger),Bhindi,FAQ,1500,1800,1600,22/08/2026
Gujarat,Surat,Songadh(Badarpada) APMC,Bhindi(Ladies Finger),Bhindi,FAQ,2000,4000,3000,22/08/2026
Gujarat,Morbi,Morbi APMC,Bhindi(Ladies Finger),Bhindi,FAQ,2000,4000,3000,22/08/2026
Gujarat,Amreli,Damnagar APMC,Bhindi(Ladies Finger),Bhindi,Local,3000,3000,3000,22/08/2026
Gujarat,Navsari,Navsari APMC,Bhindi(Ladies Finger),Bhindi,Local,1500,2000,1750,22/08/2026
Gujarat,Dahod,Dahod(Veg. Market) APMC,Bhindi(Ladies Finger),Bhindi,Local,1500,2500,2000,22/08/2026
Gujarat,Surat,Surat APMC,Bhindi(Ladies Finger),Bhindi,FAQ,900,3000,1950,22/08/2026
Gujarat,Kheda,Nadiyad(Piplag) APMC,Bhindi(Ladies Finger),Bhindi,FAQ,1600,2000,1800,22/08/2026
Gujarat,Surat,Songadh APMC,Bhindi(Ladies Finger),Bhindi,FAQ,2000,4000,3000,22/08/2026
Gujarat,Surat,Bardoli(Kadod) APMC,Bhindi(Ladies Finger),Other,Local,2300,4200,2800,22/08/2026
Gujarat,Surat,Songadh(Umrada) APMC,Bhindi(Ladies Finger),Bhindi,FAQ,2000,4000,3000,22/08/2026
Gujarat,Navsari,Bilimora APMC,Bhindi(Ladies Finger),Other,FAQ,1000,2000,1800,22/08/2026
Gujarat,Vadodara(Baroda),Padra APMC,Bhindi(Ladies Finger),Other,FAQ,4500,5000,4750,22/08/2026
Haryana,Kurukshetra,Shahabad APMC,Bhindi(Ladies Finger),Bhindi,Medium,2500,3200,3000,22/08/2026
Haryana,Sirsa,Rania(Jiwan nagar) APMC,Bhindi(Ladies Finger),Bhindi,FAQ,550,700,600,22/08/2026
Haryana,Ambala,Shahzadpur APMC,Bhindi(Ladies Finger),Bhindi,FAQ,1500,3000,1500,22/08/2026
Haryana,Kaithal,Siwan APMC,Bhindi(Ladies Finger),Other,FAQ,2400,2600,2500,22/08/2026
Haryana,Jind,Narwana APMC,Bhindi(Ladies Finger),Bhindi,Local,1500,2000,1750,22/08/2026
Haryana,Hissar,Hansi APMC,Bhindi(Ladies Finger),Other,FAQ,2500,3000,2750,22/08/2026
Haryana,Sonipat,Ganaur APMC,Bhindi(Ladies Finger),Bhindi,Medium,3000,4000,3500,22/08/2026
Haryana,Hissar,Uklana APMC,Bhindi(Ladies Finger),Bhindi,Medium,2000,2000,2000,22/08/2026
Haryana,Hissar,Barwala(Hisar) APMC,Bhindi(Ladies Finger),Bhindi,Local,2000,2500,2250,22/08/2026
Haryana,Fatehabad,Ratia APMC,Bhindi(Ladies Finger),Other,Grade A,2000,2500,2200,22/08/2026
Haryana,Kaithal,Pundri APMC,Bhindi(Ladies Finger),Bhindi,FAQ,2400,2500,2450,22/08/2026
Haryana,Fatehabad,Jakhal APMC,Bhindi(Ladies Finger),Other,Local,2500,2500,2500,22/08/2026
Haryana,Mahendragarh-Narnaul,Narnaul APMC,Bhindi(Ladies Finger),Bhindi,Medium,2000,3500,2500,22/08/2026
Haryana,Panipat,Samalkha APMC,Bhindi(Ladies Finger),Bhindi,FAQ,2000,2000,2000,22/08/2026
Haryana,Faridabad,Ballabhgarh APMC,Bhindi(Ladies Finger),Other,FAQ,1200,1800,1400,22/08/2026
Haryana,Sonipat,Gohana APMC,Bhindi(Ladies Finger),Other,Medium,2000,3000,2500,22/08/2026
Haryana,Mewat,Nuh APMC,Bhindi(Ladies Finger),Bhindi,Local,1300,1300,1300,22/08/2026
Haryana,Ambala,Naraingarh APMC,Bhindi(Ladies Finger),Bhindi,Local,1400,2000,1700,22/08/2026
Haryana,Panchkula,Barwala APMC,Bhindi(Ladies Finger),Bhindi,FAQ,1500,1500,1500,22/08/2026
Haryana,Kurukshetra,Ladwa APMC,Bhindi(Ladies Finger),Bhindi,Medium,4500,5000,5000,22/08/2026
Haryana,Mahendragarh-Narnaul,Mohindergarh APMC,Bhindi(Ladies Finger),Bhindi,Medium,1200,1500,1500,22/08/2026
Haryana,Gurgaon,Pataudi APMC,Bhindi(Ladies Finger),Other,Grade B,2000,2300,2200,22/08/2026
Haryana,Sonipat,Sonepat APMC,Bhindi(Ladies Finger),Other,FAQ,2300,3000,2500,22/08/2026
Haryana,Panchkula,Raipur Rani APMC,Bhindi(Ladies Finger),Other,Local,2200,2400,2200,22/08/2026
Punjab,Jalandhar,Adampur APMC,Bhindi(Ladies Finger),Bhindi,FAQ,2800,3000,3000,22/08/2026
Punjab,Gurdaspur,Quadian APMC,Bhindi(Ladies Finger),Other,Grade A,3800,4000,3900,22/08/2026
Punjab,Jalandhar,Nakodar APMC,Bhindi(Ladies Finger),Other,Local,1650,1650,1650,22/08/2026
Punjab,Amritsar,Chogawan APMC,Bhindi(Ladies Finger),Bhindi,Grade A,1160,1160,1160,22/08/2026
Punjab,Ludhiana,Doraha APMC,Bhindi(Ladies Finger),Other,Local,2000,2500,2300,22/08/2026
Punjab,Bhatinda,Rampuraphul(Nabha Mandi) APMC,Bhindi(Ladies Finger),Bhindi,Grade A,2000,2500,2500,22/08/2026
Punjab,Tarntaran,Patti APMC,Bhindi(Ladies Finger),Other,Local,0.4,0.4,0.4,22/08/2026
Punjab,Gurdaspur,Dera Baba Nanak APMC,Bhindi(Ladies Finger),Bhindi,Grade A,828,828,828,22/08/2026
Punjab,Jalandhar,Noor Mehal APMC,Bhindi(Ladies Finger),Other,Local,1500,1500,1500,22/08/2026
Punjab,Ludhiana,Jagraon APMC,Bhindi(Ladies Finger),Other,FAQ,1300,1300,1300,22/08/2026
Punjab,Ludhiana,Sahnewal APMC,Bhindi(Ladies Finger),Bhindi,FAQ,2800,2800,2800,22/08/2026
Punjab,Gurdaspur,Dinanagar APMC,Bhindi(Ladies Finger),Bhindi,Medium,1800,2000,1900,22/08/2026
Punjab,Jalandhar,Bhogpur APMC,Bhindi(Ladies Finger),Bhindi,Local,2000,2000,2000,22/08/2026
Punjab,Hoshiarpur,Mukerian(Talwara) APMC,Bhindi(Ladies Finger),Bhindi,FAQ,2000,3000,2500,22/08/2026
Punjab,Amritsar,Rayya APMC,Bhindi(Ladies Finger),Bhindi,FAQ,699,699,699,22/08/2026
Punjab,Moga,Dharamkot APMC,Bhindi(Ladies Finger),Other,FAQ,2500,3000,3000,22/08/2026
Punjab,Patiala,Dudhansadhan APMC,Bhindi(Ladies Finger),Other,Grade B,2500,2500,2500,22/08/2026
Punjab,Tarntaran,Khadur Sahib(Fetehabad) APMC,Bhindi(Ladies Finger),Other,Grade B,2000,2000,2000,22/08/2026
Punjab,Muktsar,Malout APMC,Bhindi(Ladies Finger),Bhindi,FAQ,3000,3000,3000,22/08/2026
Punjab,Patiala,Rajpura APMC,Bhindi(Ladies Finger),Bhindi,Grade B,1900,2050,2000,22/08/2026
Punjab,Patiala,Samana APMC,Bhindi(Ladies Finger),Bhindi,Local,5000,6000,5500,22/08/2026
Punjab,Ludhiana,Samrala APMC,Bhindi(Ladies Finger),Bhindi,Local,2200,2800,2500,22/08/2026
Punjab,Ludhiana,Ludhiana APMC,Bhindi(Ladies Finger),Other,FAQ,1800,2200,2000,22/08/2026
Punjab,Gurdaspur,Kalanaur APMC,Bhindi(Ladies Finger),Other,Grade A,4100,4100,4100,22/08/2026
Andhra Pradesh,Visakhapatnam,Bhimunipatnam APMC,Ragi(Finger Millet),Local,Local,5000,5000,5000,22/08/2026
Andhra Pradesh,Sri Sathya Sai,Madakasira APMC,Ragi(Finger Millet),Local,FAQ,4900,4900,4900,22/08/2026
West Bengal,Sounth 24 Parganas,Baruipur(Canning) APMC,Bhindi(Ladies Finger),Bhindi,FAQ,3100,3400,3300,22/08/2026
West Bengal,Hooghly,Kalipur APMC,Bhindi(Ladies Finger),Bhindi,FAQ,3000,3200,3200,22/08/2026
West Bengal,Hooghly,Pandua APMC,Bhindi(Ladies Finger),Bhindi,FAQ,3000,3325,3200,22/08/2026
West Bengal,Kolkata,Sealdah Koley Market APMC,Bhindi(Ladies Finger),Other,FAQ,2800,3200,3000,22/08/2026
Odisha,Angul,Angul(Atthamallick) APMC,Bhindi(Ladies Finger),Bhindi,Grade B,3500,4500,4000,22/08/2026
Odisha,Angul,Angaura APMC,Bhindi(Ladies Finger),Bhindi,Grade C,3850,4250,4120,22/08/2026
Odisha,Puri,Nimapara APMC,Bhindi(Ladies Finger),Other,Grade A,3000,3000,3000,22/08/2026
Odisha,Boudh,Boudh APMC,Bhindi(Ladies Finger),Other,Local,6000,7000,6500,22/08/2026
Odisha,Angul,Angul APMC,Bhindi(Ladies Finger),Other,Grade B,3000,3000,3000,22/08/2026
Odisha,Dhenkanal,Hindol APMC,Bhindi(Ladies Finger),Bhindi,Grade B,5700,6000,5800,22/08/2026
Odisha,Keonjhar,Keonjhar(Dhekikote) APMC,Bhindi(Ladies Finger),Other,Local,3500,4000,4000,22/08/2026
Odisha,Kalahandi,Kesinga APMC,Bhindi(Ladies Finger),Other,Grade B,2600,3000,2800,22/08/2026
Odisha,Kalahandi,Mukhiguda APMC,Bhindi(Ladies Finger),Bhindi,Grade B,2000,2400,2200,22/08/2026
Odisha,Sundergarh,Panposh APMC,Bhindi(Ladies Finger),Other,FAQ,3000,3500,3200,22/08/2026
Odisha,Cuttack,Banki APMC,Bhindi(Ladies Finger),Bhindi,Medium,4500,5500,5000,22/08/2026
Odisha,Kalahandi,Junagarh APMC,Bhindi(Ladies Finger),Other,Grade B,1600,2000,1800,22/08/2026
Odisha,Kalahandi,Kalahandi(Dharamagarh) APMC,Bhindi(Ladies Finger),Other,Grade B,1600,2000,1800,22/08/2026
Odisha,Gajapati,Kasinagar APMC,Bhindi(Ladies Finger),Other,Grade Range-1,2800,3000,2900,22/08/2026
Odisha,Rayagada,Rayagada(Muniguda) APMC,Bhindi(Ladies Finger),Bhindi,FAQ,4200,6000,4920,22/08/2026
Bihar,Muzaffarpur,Bhagwanpur Mandi APMC,Bhindi(Ladies Finger),Bhindi,Grade A,1000,1050,1030.17,22/08/2026
Bihar,Khagaria,Khagaria APMC,Bhindi(Ladies Finger),Bhindi,Grade A,799.99992,999.9999,899.99991,22/08/2026
Bihar,East Champaran/ Motihari,Raxaul APMC,Bhindi(Ladies Finger),Bhindi,Grade A,900,1100,1000,22/08/2026
Bihar,Muzaffarpur,Bhagwanpur Mandi APMC,Bhindi(Ladies Finger),Bhindi,FAQ,1000,1000,1000,22/08/2026
Bihar,Madhubani,Madhubani APMC,Bhindi(Ladies Finger),Bhindi,FAQ,900,1100,1000,22/08/2026
Bihar,Buxar,Buxur APMC,Bhindi(Ladies Finger),Bhindi,Local,1202,1208,1206,22/08/2026
Bihar,Madhubani,Benipatti APMC,Bhindi(Ladies Finger),Bhindi,FAQ,1400,1500,1400,22/08/2026
Bihar,Saharsa,Saharsa APMC,Bhindi(Ladies Finger),Bhindi,FAQ,1000,1200,1100,22/08/2026
Bihar,Begusarai,Teghra APMC,Bhindi(Ladies Finger),Bhindi,Local,400,600,500,22/08/2026
Bihar,Muzaffarpur,Bhagwanpur Mandi APMC,Bhindi(Ladies Finger),Bhindi,Grade B,950,950,950,22/08/2026
Bihar,East Champaran/ Motihari,Chakia APMC,Bhindi(Ladies Finger),Bhindi,Grade A,600,800,700,22/08/2026
Telangana,Hyderabad,RYTHU BAZAR FALAKNUMA,Ladies Finger,Ladies Finger,Grade A,3500,3500,3500,22/08/2026
Telangana,Ranga Reddy,"Vanasthalipuram,RBZ ",Ladies Finger,Ladies Finger,Grade A,3500,3500,3500,22/08/2026
Telangana,Hyderabad,RYTHU BAZAR ERRAGADDA,Ladies Finger,Ladies Finger,Grade A,3500,3500,3500,22/08/2026
Telangana,Karimnagar,"Weekly Market Area,RBZ APMC",Bhindi(Ladies Finger),Other,Local,2000,4000,2000,22/08/2026
Telangana,Ranga Reddy,Shadnagar APMC,Bhindi(Ladies Finger),Bhindi,Local,1800,2200,1900,22/08/2026
Telangana,Karimnagar,Karimnagar APMC,Bhindi(Ladies Finger),Bhindi,Medium,1000,1000,1000,22/08/2026
Telangana,Hanumakonda,"Excise Colony,RBZ ",Bhindi(Ladies Finger),Other,Grade A,2600,2600,2600,22/08/2026
Telangana,Nalgonda,Venkateswarnagar APMC,Bhindi(Ladies Finger),Bhindi,Local,1200,1400,1300,22/08/2026
Telangana,Warangal,Warangal APMC,Bhindi(Ladies Finger),Bhindi,FAQ,600,700,650,22/08/2026
Telangana,Hyderabad,Bowenpally APMC,Bhindi(Ladies Finger),Bhindi,FAQ,600,1500,1200,22/08/2026
Telangana,Hyderabad,Bowenpally APMC,Bhindi(Ladies Finger),Other,FAQ,1000,3000,2500,22/08/2026
Telangana,Siddipet,Vantamamidi APMC,Bhindi(Ladies Finger),Bhindi,Local,600,1200,900,22/08/2026
Telangana,Hyderabad,"Alwal,RBZ",Bhindi(Ladies Finger),Bhindi,FAQ,3500,3500,3500,22/08/2026
Telangana,Hyderabad,Gudimalkapur APMC,Bhindi(Ladies Finger),Bhindi,Grade B,600,1200,800,22/08/2026
Telangana,Sangareddy,Sangareddy APMC,Bhindi(Ladies Finger),Other,Grade B,3500,3500,3500,22/08/2026
Telangana,Ranga Reddy,L B Nagar APMC,Bhindi(Ladies Finger),Bhindi,Medium,1000,1500,1200,22/08/2026
Telangana,Ranga Reddy,Ibrahimpatnam APMC,Bhindi(Ladies Finger),Bhindi,Local,3000,3000,3000,22/08/2026
Telangana,Ranga Reddy,"Saroornagar,RBZ",Bhindi(Ladies Finger),Other,Medium,3500,3500,3500,22/08/2026
Telangana,Medchal Malkajgiri,"Kukatpally,RBZ",Bhindi(Ladies Finger),Bhindi,Local,3500,3500,3500,22/08/2026
Telangana,Nagarkurnool,Kalwakurthy APMC,Bhindi(Ladies Finger),Bhindi,Local,1250,1250,1250,22/08/2026
Telangana,Nalgonda,Miryalguda(Rythu Bazar) ,Bhindi(Ladies Finger),Bhindi,Grade A,2500,2500,2500,22/08/2026
Telangana,Hyderabad,RYTHU BAZAR MEHDIPATNAM,Bhindi(Ladies Finger),Bhindi,Grade A,3500,3500,3500,22/08/2026
Telangana,Mahbubnagar,Mahabubnagar(Rythu Bazar),Bhindi(Ladies Finger),Bhindi,Local,3000,3000,3000,22/08/2026
Telangana,Siddipet,Siddipet(Rythu Bazar) ,Bhindi(Ladies Finger),Bhindi,Grade A,1600,2400,2000,22/08/2026
Uttarakhand,Udhamsinghnagar,Rudrapur APMC,Bhindi(Ladies Finger),Other,Medium,1500,2000,1800,22/08/2026
Uttarakhand,Udhamsinghnagar,Jaspur(UC) APMC,Bhindi(Ladies Finger),Bhindi,FAQ,1400,1400,1400,22/08/2026
Uttarakhand,Udhamsinghnagar,Kashipur APMC,Bhindi(Ladies Finger),Other,Local,700,900,800,22/08/2026
Uttarakhand,Haridwar,Haridwar Union APMC,Bhindi(Ladies Finger),Other,Local,1100,1500,1300,22/08/2026
Uttarakhand,Dehradoon,Dehradoon APMC,Bhindi(Ladies Finger),Other,Grade B,850,1050,950,22/08/2026
Uttarakhand,Haridwar,Bhagwanpur(Naveen Mandi Sthal) APMC,Bhindi(Ladies Finger),Other,Grade A,600,800,700,22/08/2026
Uttarakhand,Garhwal (Pauri),Kotadwara APMC,Bhindi(Ladies Finger),Bhindi,FAQ,800,800,800,22/08/2026
Uttarakhand,Haridwar,Manglaur APMC,Bhindi(Ladies Finger),Bhindi,Local,500,800,600,22/08/2026
Uttarakhand,Dehradoon,Rishikesh APMC,Bhindi(Ladies Finger),Other,Medium,1400,1800,1600,22/08/2026
Uttarakhand,Haridwar,Roorkee APMC,Bhindi(Ladies Finger),Other,Local,1100,1600,1300,22/08/2026
Uttarakhand,Nanital,Ramnagar APMC,Bhindi(Ladies Finger),Other,Local,2000,3000,2500,22/08/2026
Uttarakhand,Udhamsinghnagar,Sitarganj APMC,Bhindi(Ladies Finger),Bhindi,Local,1000,1500,1200,22/08/2026
Himachal Pradesh,Hamirpur,SMY Nadaun,Bhindi(Ladies Finger),Other,Grade B,3000,3200,3100,22/08/2026
Himachal Pradesh,Kangra,SMY Nagrota Bagwan,Bhindi(Ladies Finger),Bhindi,Medium,2800,3000,2900,22/08/2026
Himachal Pradesh,Kangra,SMY Palampur,Bhindi(Ladies Finger),Bhindi,FAQ,3000,3500,3200,22/08/2026
Himachal Pradesh,Shimla,SMY Rohroo,Bhindi(Ladies Finger),Bhindi,Grade B,3000,3200,3100,22/08/2026
Himachal Pradesh,Solan,PMY Kather Solan,Bhindi(Ladies Finger),Other,Medium,2500,3000,2800,22/08/2026
Himachal Pradesh,Hamirpur,PMY Hamirpur,Bhindi(Ladies Finger),Other,Grade B,3000,3500,3250,22/08/2026
Himachal Pradesh,Mandi,SMY Jogindernagar,Bhindi(Ladies Finger),Other,Grade B,2500,3000,2750,22/08/2026
Himachal Pradesh,Bilaspur,PMY Bilaspur,Bhindi(Ladies Finger),Other,Grade B,2500,3200,3000,22/08/2026
Himachal Pradesh,Kullu,PMY Kullu,Bhindi(Ladies Finger),Other,FAQ,3500,4000,3800,22/08/2026
Himachal Pradesh,Mandi,PMY Kangni Mandi,Bhindi(Ladies Finger),Bhindi,Grade B,2500,3000,2800,22/08/2026
Himachal Pradesh,Una,PMY Una,Bhindi(Ladies Finger),Bhindi,Local,1800,2200,2000,22/08/2026
Himachal Pradesh,Kangra,PMY Kangra,Bhindi(Ladies Finger),Bhindi,FAQ,3000,3200,3100,22/08/2026
Himachal Pradesh,Kangra,SMY Baijnath,Bhindi(Ladies Finger),Bhindi,Grade A,2800,3300,3200,22/08/2026
Himachal Pradesh,Kangra,SMY Jaisinghpur,Bhindi(Ladies Finger),Bhindi,FAQ,3200,3800,3500,22/08/2026
Himachal Pradesh,Kangra,SMY Jwalaji,Bhindi(Ladies Finger),Bhindi,FAQ,3000,3200,3100,22/08/2026
Himachal Pradesh,Chamba,PMY Chamba,Bhindi(Ladies Finger),Bhindi,Medium,3500,4000,3750,22/08/2026
Himachal Pradesh,Mandi,SMY Dhanotu,Bhindi(Ladies Finger),Bhindi,FAQ,2000,4000,3000,22/08/2026
Himachal Pradesh,Kangra,SMY Dharamshala,Bhindi(Ladies Finger),Bhindi,FAQ,3000,3200,3100,22/08/2026
Assam,Tinsukia,Tinsukia Market,Bhindi(Ladies Finger),Bhindi,FAQ,3600,4000,3800,22/08/2026
Assam,Kamrup,Uparhali Pmy APMC,Bhindi(Ladies Finger),Bhindi,FAQ,3000,3200,3200,22/08/2026
Tamil Nadu,Dharmapuri,Dharmapuri(Uzhavar Sandhai ),Banana,Besrai,Local,5000,5500,5250,22/08/2026
Tamil Nadu,Dindigul,Dindigul(Uzhavar Sandhai ),Banana,Besrai,Local,6000,9000,7500,22/08/2026
Tamil Nadu,Krishnagiri,Hosur(Uzhavar Sandhai ),Banana,Red Banana,Local,8000,9000,8500,22/08/2026
Tamil Nadu,Namakkal,Namakkal(Uzhavar Sandhai ),Banana,Red Banana,Local,7000,8000,7500,22/08/2026
Tamil Nadu,Ranipet,Ranipettai(Uzhavar Sandhai ),Banana,Red Banana,Local,10000,10000,10000,22/08/2026
Tamil Nadu,Theni,Theni(Uzhavar Sandhai ),Banana,Red Banana,Local,6000,7000,6500,22/08/2026
Tamil Nadu,Thirunelveli,Melapalayam(Uzhavar Sandhai ),Banana,Red Banana,Local,9000,10000,9500,22/08/2026
Tamil Nadu,Thirupur,Kangayam(Uzhavar Sandhai ),Banana,Besrai,Local,3500,4000,3750,22/08/2026
Tamil Nadu,Coimbatore,Sulur(Uzhavar Sandhai ),Banana,Besrai,Local,5500,8500,7000,22/08/2026
Tamil Nadu,Thiruchirappalli,Lalgudi(Uzhavar Sandhai ),Banana,Poovan,Local,4000,5000,4500,22/08/2026
Tamil Nadu,Villupuram,Ulundurpettai APMC,Banana,Besrai,Local,3000,4000,3500,22/08/2026
Tamil Nadu,Madurai,Chokkikulam(Uzhavar Sandhai ),Banana,Besrai,Local,4000,5000,4500,22/08/2026
Tamil Nadu,Erode,Thalavadi(Uzhavar Sandhai ),Banana,Red Banana,Local,5500,6000,5750,22/08/2026
Tamil Nadu,Krishnagiri,Krishnagiri(Uzhavar Sandhai ),Banana,Besrai,Local,6000,7000,6500,22/08/2026
Tamil Nadu,Tenkasi,Sankarankoil(Uzhavar Sandhai ),Banana,Besrai,Local,5000,5000,5000,22/08/2026
Tamil Nadu,Theni,Andipatti(Uzhavar Sandhai ),Banana,Karpura,Local,5500,6000,5750,22/08/2026
Tamil Nadu,Theni,Bodinayakanur(Uzhavar Sandhai ),Banana,Besrai,Local,6000,6000,6000,22/08/2026
Tamil Nadu,Virudhunagar,Aruppukottai(Uzhavar Sandhai ),Banana,Besrai,Local,3500,4000,3750,22/08/2026
Tamil Nadu,Villupuram,Gingee(Uzhavar Sandhai ),Banana,Karpura,Local,4000,5000,4500,22/08/2026
Tamil Nadu,Virudhunagar,Kariyapatti(Uzhavar Sandhai ),Banana,Besrai,Local,3500,4000,3750,22/08/2026
Tamil Nadu,Pudukkottai,Aranthangi(Uzhavar Sandhai ),Banana,Karpura,Local,5000,6000,5500,22/08/2026
Tamil Nadu,Thirupur,Dharapuram(Uzhavar Sandhai ),Banana,Besrai,Local,4500,5000,4750,22/08/2026
Tamil Nadu,Kallakuruchi,Kallakurichi(Uzhavar Sandhai ),Banana,Red Banana,Local,8000,10000,9000,22/08/2026
Tamil Nadu,Ramanathapuram,Ramanathapuram(Uzhavar Sandhai ),Banana,Besrai,Local,5000,5500,5250,22/08/2026
Tamil Nadu,Thiruvannamalai,Tiruvannamalai(Uzhavar Sandhai ),Banana,Besrai,Local,4000,5000,4500,22/08/2026
Tamil Nadu,Thiruvarur,Mannargudi I(Uzhavar Sandhai ),Banana,Other,Local,6000,6000,6000,22/08/2026
Tamil Nadu,Vellore,Gudiyatham(Uzhavar Sandhai ),Banana,Red Banana,Local,8000,8000,8000,22/08/2026
Tamil Nadu,Vellore,Kahithapattarai(Uzhavar Sandhai ),Banana,Besrai,Local,5000,6000,5500,22/08/2026
Tamil Nadu,Thiruvannamalai,Cheyyar(Uzhavar Sandhai ),Banana,Poovan,Local,4000,5000,4500,22/08/2026
Tamil Nadu,Coimbatore,Pollachi(Uzhavar Sandhai ),Banana,Red Banana,Local,7000,8000,7500,22/08/2026
Tamil Nadu,Cuddalore,Cuddalore(Uzhavar Sandhai ),Banana,Besrai,Local,4000,8000,6000,22/08/2026
Tamil Nadu,The Nilgiris,Coonoor(Uzhavar Sandhai ),Banana,Besrai,Local,4000,4500,4250,22/08/2026
Tamil Nadu,Kallakuruchi,Sankarapuram(Uzhavar Sandhai ),Banana,Besrai,Local,4000,4000,4000,22/08/2026
Tamil Nadu,Dharmapuri,Karimangalam(Uzhavar Sandhai),Banana,Karpura,Local,6500,7000,6750,22/08/2026
Tamil Nadu,Namakkal,Mohanur(Uzhavar Sandhai ),Banana,Red Banana,Local,7000,8000,7500,22/08/2026
Tamil Nadu,Namakkal,Paramathivelur(Uzhavar Sandhai ),Banana,Red Banana,Local,7200,8000,7600,22/08/2026
Tamil Nadu,Namakkal,Rasipuram(Uzhavar Sandhai ),Banana,Red Banana,Local,7000,7500,7250,22/08/2026
Tamil Nadu,Madurai,Palanganatham(Uzhavar Sandhai ),Banana,Besrai,Local,3600,4000,3800,22/08/2026
Tamil Nadu,Salem,Mettur(Uzhavar Sandhai ),Banana,Red Banana,Local,6000,7500,6750,22/08/2026
Tamil Nadu,Salem,Thathakapatti(Uzhavar Sandhai ),Banana,Besrai,Local,4000,8000,6000,22/08/2026
Tamil Nadu,Theni,Kambam(Uzhavar Sandhai ),Banana,Besrai,Local,3000,6000,4500,22/08/2026
Tamil Nadu,Thiruvannamalai,Chengam(Uzhavar Sandhai ),Banana,Besrai,Local,4200,5000,4600,22/08/2026
Tamil Nadu,Thiruvannamalai,Vandavasi(Uzhavar Sandhai ),Banana,Karpura,Local,4000,5000,4500,22/08/2026
Tamil Nadu,Theni,Devaram(Uzhavar Sandhai ),Banana,Besrai,Local,6000,6000,6000,22/08/2026
Tamil Nadu,Sivaganga,Devakottai (Uzhavar Sandhai ),Banana,Poovan,Local,3500,4000,3750,22/08/2026
Tamil Nadu,Salem,Elampillai(Uzhavar Sandhai ),Banana,Red Banana,Local,7000,7500,7250,22/08/2026
Tamil Nadu,Sivaganga,Tirupatthur(Uzhavar Sandhai ),Banana,Karpura,Local,4000,4000,4000,22/08/2026
Tamil Nadu,Thiruchirappalli,Manachanallur(Uzhavar Sandhai ),Banana,Poovan,Local,5000,5000,5000,22/08/2026
Tamil Nadu,Virudhunagar,Rajapalayam(Uzhavar Sandhai ),Banana,Besrai,Local,3500,4000,3750,22/08/2026
Tamil Nadu,Virudhunagar,Sathur(Uzhavar Sandhai ),Banana,Besrai,Local,3500,4000,3750,22/08/2026
Tamil Nadu,Chengalpattu,Nanganallur(Uzhavar Sandhai ),Banana,Red Banana,Local,9000,10000,9500,22/08/2026
Tamil Nadu,Chengalpattu,Jameenrayapettai(Uzhavar Sandhai ),Banana,Red Banana,Local,8000,9000,8500,22/08/2026
Tamil Nadu,Pudukkottai,Pudukottai(Uzhavar Sandhai ),Banana,Red Banana,Local,8000,9000,8500,22/08/2026
Tamil Nadu,Thanjavur,Kumbakonam (Uzhavar Sandhai ),Banana,Besrai,Local,4000,4000,4000,22/08/2026
Tamil Nadu,The Nilgiris,Udhagamandalam(Uzhavar Sandhai ),Banana,Besrai,Local,3500,5000,4250,22/08/2026
Tamil Nadu,Thiruvellore,Tiruvallur(Uzhavar Sandhai ),Banana,Karpura,Local,7000,7000,7000,22/08/2026
Tamil Nadu,Vellore,Perampet(Uzhavar Sandhai),Banana,Other,Local,5000,5000,5000,22/08/2026
Tamil Nadu,Thirupur,Palladam(Uzhavar Sandhai ),Banana,Karpura,Local,4000,5000,4500,22/08/2026
Tamil Nadu,Thirupathur,Natrampalli(Uzhavar Sandhai ),Banana,Besrai,Local,5000,6000,5500,22/08/2026
Tamil Nadu,Virudhunagar,Srivilliputhur(Uzhavar Sandhai ),Banana,Besrai,Local,3500,4000,3750,22/08/2026
Tamil Nadu,Vellore,Pallikonda(Uzhavar Sandhai),Banana,Other,Local,5000,6000,5500,22/08/2026
Tamil Nadu,Nagapattinam,Mayiladuthurai(Uzhavar Sandhai ),Banana,Besrai,Local,3500,4000,3750,22/08/2026
Tamil Nadu,Pudukkottai,Viralimalai(Uzhavar Sandhai ),Banana,Besrai,Local,4500,5000,4750,22/08/2026
Tamil Nadu,Ramanathapuram,Paramakudi(Uzhavar Sandhai ),Banana,Besrai,Local,4500,5000,4750,22/08/2026
Tamil Nadu,Pudukkottai,Alangudi(Uzhavar Sandhai ),Banana,Poovan,Local,4500,5000,4750,22/08/2026
Tamil Nadu,Thiruvannamalai,Arani(Uzhavar Sandhai ),Banana,Other,Local,5000,6000,5500,22/08/2026
Tamil Nadu,Villupuram,Villupuram(Uzhavar Sandhai ),Banana,Besrai,Local,4000,10000,7000,22/08/2026
Tamil Nadu,Karur,Karur(Uzhavar Sandhai ),Banana,Red Banana,Local,5000,6000,5500,22/08/2026
Tamil Nadu,Coimbatore,Kurichi(Uzhavar Sandhai ),Banana,Red Banana,Local,7000,8000,7500,22/08/2026
Tamil Nadu,Cuddalore,Chidambaram(Uzhavar Sandhai ),Banana,Besrai,Local,4000,4000,4000,22/08/2026
Tamil Nadu,Chengalpattu,Thirukalukundram(Uzhavar Sandhai ),Banana,Poovan,Local,5000,6000,5500,22/08/2026
Tamil Nadu,Dharmapuri,Palacode(Uzhavar Sandhai ),Banana,Poovan,Local,5000,5500,5250,22/08/2026
Tamil Nadu,Dharmapuri,Pennagaram(Uzhavar Sandhai ),Banana,Besrai,Local,4600,5000,4800,22/08/2026
Tamil Nadu,Dindigul,Chinnalapatti(Uzhavar Sandhai ),Banana,Besrai,Local,5000,7000,6000,22/08/2026
Tamil Nadu,Erode,Periyar Nagar(Uzhavar Sandhai ),Banana,Besrai,Local,2400,2800,2600,22/08/2026
Tamil Nadu,Kancheepuram,Sunguvarchatram(Uzhavar Sandhai ),Banana,Red Banana,Local,7000,8000,7500,22/08/2026
Tamil Nadu,Krishnagiri,Denkanikottai(Uzhavar Sandhai ),Banana,Elakki Bale,Local,8500,9000,8750,22/08/2026
Tamil Nadu,Madurai,Anaiyur(Uzhavar Sandhai ),Banana,Besrai,Local,3600,4000,3800,22/08/2026
Tamil Nadu,Namakkal,Kumarapalayam(Uzhavar Sandhai ),Banana,Red Banana,Local,5500,6000,5750,22/08/2026
Tamil Nadu,Salem,Mecheri(Uzhavar Sandhai),Banana,Karpura,Local,4500,5000,4750,22/08/2026
Tamil Nadu,Cuddalore,Vadalur(Uzhavar Sandhai ),Banana,Red Banana,Local,8000,8000,8000,22/08/2026
Tamil Nadu,Dharmapuri,AJattihalli(Uzhavar Sandhai ),Banana,Other,Local,6000,6000,6000,22/08/2026
Tamil Nadu,Karur,Velayuthampalayam(Uzhavar Sandhai ),Banana,Other,Local,5000,6000,5500,22/08/2026
Tamil Nadu,Karur,Vengamedu(Uzhavar Sandhai ),Banana,Red Banana,Local,5000,6000,5500,22/08/2026
Tamil Nadu,Salem,Attayampatti(Uzhavar Sandhai ),Banana,Red Banana,Local,7500,7500,7500,22/08/2026
Tamil Nadu,Salem,Hasthampatti(Uzhavar Sandhai ),Banana,Red Banana,Local,7000,7500,7250,22/08/2026
Tamil Nadu,Salem,Jalagandapuram(Uzhavar Sandhai ),Banana,Red Banana,Local,6500,7000,6750,22/08/2026
Tamil Nadu,Virudhunagar,Sivakasi(Uzhavar Sandhai ),Banana,Besrai,Local,3500,4000,3750,22/08/2026
Tamil Nadu,Virudhunagar,Thalavaipuram(Uzhavar Sandhai ),Banana,Besrai,Local,3200,4000,3600,22/08/2026
Tamil Nadu,Chengalpattu,Madhuranthagam(Uzhavar Sandhai ),Banana,Poovan,Local,3000,4000,3500,22/08/2026
Tamil Nadu,Chengalpattu,Medavakkam(Uzhavar Sandhai ),Banana,Karpura,Local,6000,6000,6000,22/08/2026
Tamil Nadu,Nagapattinam,Nagapattinam(Uzhavar Sandhai ),Banana,Poovan,Local,3900,4200,4050,22/08/2026
Tamil Nadu,Salem,Vazhapadi(Uzhavar Sandhai),Banana,Red Banana,Local,7500,7500,7500,22/08/2026
Tamil Nadu,Nagapattinam,Vedaranyam(Uzhavar Sandhai),Banana,Poovan,Local,4000,4000,4000,22/08/2026
Tamil Nadu,Erode,Sampath Nagar(Uzhavar Sandhai ),Banana,Besrai,Local,2400,2800,2600,22/08/2026
Tamil Nadu,Thiruvarur,Mannargudi II(Uzhavar Sandhai ),Banana,Other,Local,6000,6000,6000,22/08/2026
Tamil Nadu,Erode,Sathiyamagalam(Uzhavar Sandhai ),Banana,Red Banana,Local,6000,6500,6250,22/08/2026
Tamil Nadu,Namakkal,Tiruchengode APMC,Banana,Red Banana,Local,7200,8000,7600,22/08/2026
Tamil Nadu,Nagercoil (Kannyiakumari),Vadaseri APMC,Banana,Besrai,Local,5500,6000,5750,22/08/2026
Tamil Nadu,Dharmapuri,Harur(Uzhavar Sandhai ),Banana,Besrai,Local,4000,6000,5000,22/08/2026
Tamil Nadu,The Nilgiris,Gudalur(Uzhavar Sandhai ),Banana,Besrai,Local,4500,5000,4750,22/08/2026
Tamil Nadu,Erode,Perundurai(Uzhavar Sandhai ),Banana,Red Banana,Local,5500,6000,5750,22/08/2026
Tamil Nadu,Kancheepuram,Padappai(Uzhavar Sandhai ),Banana,Karpura,Local,4000,5000,4500,22/08/2026
Tamil Nadu,Thanjavur,Tirukattupalli(Uzhavar Sandhai ),Banana,Besrai,Local,6500,6500,6500,22/08/2026
Tamil Nadu,Perambalur,Perambalur(Uzhavar Sandhai ),Banana,Red Banana,Local,7000,8000,7500,22/08/2026
Tamil Nadu,Salem,Ammapet(Uzhavar Sandhai ),Banana,Red Banana,Local,7000,7500,7250,22/08/2026
Tamil Nadu,Salem,Sooramangalam(Uzhavar Sandhai ),Banana,Red Banana,Local,7000,7500,7250,22/08/2026
Tamil Nadu,Pudukkottai,Gandarvakottai(Uzhavar Sandhai ),Banana,Red Banana,Local,6000,7000,6500,22/08/2026
Tamil Nadu,Cuddalore,Panruti(Uzhavar Sandhai ),Banana,Besrai,Local,4000,7000,5500,22/08/2026
Tamil Nadu,Sivaganga,Sivagangai (Uzhavar Sandhai ),Banana,Poovan,Local,4000,4000,4000,22/08/2026
Tamil Nadu,Sivaganga,Singampunari(Uzhavar Sandhai ),Banana,Karpura,Local,3500,4000,3750,22/08/2026
Tamil Nadu,Thanjavur,Thanjavur(Uzhavar Sandhai ),Banana,Red Banana,Local,10000,10000,10000,22/08/2026
Tamil Nadu,Thiruchirappalli,KKNagar(Uzhavar Sandhai ),Banana,Poovan,Local,6000,6000,6000,22/08/2026
Tamil Nadu,Thiruchirappalli,Manapparai(Uzhavar Sandhai ),Banana,Poovan,Local,4000,5000,4500,22/08/2026
Tamil Nadu,Thiruchirappalli,Musiri(Uzhavar Sandhai ),Banana,Other,Local,4000,5000,4500,22/08/2026
Tamil Nadu,Thiruchirappalli,Thiruverumbur(Uzhavar Sandhai ),Banana,Karpura,Local,4000,4000,4000,22/08/2026
Tamil Nadu,Nagercoil (Kannyiakumari),Myladi(Uzhavar Sandhai ),Banana,Besrai,Local,5500,6000,5750,22/08/2026
Tamil Nadu,Cuddalore,Viruthachalam(Uzhavar Sandhai ),Banana,Besrai,Local,4000,7000,5500,22/08/2026
Tamil Nadu,Tenkasi,Tenkasi(Uzhavar Sandhai ),Banana,Red Banana,Local,7000,8000,7500,22/08/2026
Tamil Nadu,Karur,Gandhigramam(Uzhavar Sandhai),Banana,Other,Local,5000,6000,5500,22/08/2026
Tamil Nadu,Coimbatore,Vadavalli(Uzhavar Sandhai ),Banana,Red Banana,Local,8000,8600,8300,22/08/2026
Tamil Nadu,Dindigul,Vedasanthur(Uzhavar Sandhai ),Banana,Karpura,Local,6000,7000,6500,22/08/2026
Tamil Nadu,Coimbatore,Udumalpet APMC,Banana,Red Banana,Local,7000,7500,7250,22/08/2026
Tamil Nadu,Pudukkottai,Ponnamaravathi(Uzhavar Sandhai),Banana,Besrai,Local,6500,7000,6750,22/08/2026
Tamil Nadu,Thiruvannamalai,Polur(Uzhavar Sandhai ),Banana,Besrai,Local,5000,6000,5500,22/08/2026
Tamil Nadu,Coimbatore,Sundarapuram(Uzhavar Sandhai ),Banana,Red Banana,Local,7000,8000,7500,22/08/2026
Tamil Nadu,Coimbatore,Mettupalayam(Uzhavar Sandhai ),Banana,Besrai,Local,4000,8000,6000,22/08/2026
Tamil Nadu,Coimbatore,Singanallur(Uzhavar Sandhai ),Banana,Karpura,Local,8000,8500,8250,22/08/2026
Tamil Nadu,Pudukkottai,Karambakkudi(Uzhavar Sandhai ),Banana,Poovan,Local,4500,5000,4750,22/08/2026
Tamil Nadu,Thanjavur,Pattukottai(Uzhavar Sandhai ),Banana,Besrai,Local,3500,3500,3500,22/08/2026
Tamil Nadu,Villupuram,Tindivanam APMC,Banana,Besrai,Local,5000,5000,5000,22/08/2026
Tamil Nadu,Coimbatore,RSPuram(Uzhavar Sandhai ),Banana,Red Banana,Local,8000,8600,8300,22/08/2026
Tamil Nadu,Thirupur,Tiruppur (South) (Uzhavar Sandhai ),Banana,Red Banana,Local,5000,6000,5500,22/08/2026
Tamil Nadu,Kancheepuram,Kancheepuram(Uzhavar Sandhai ),Banana,Karpura,Local,4000,5000,4500,22/08/2026
Tamil Nadu,Kancheepuram,Kundrathur(Uzhavar Sandhai ),Banana,Red Banana,Local,7000,8000,7500,22/08/2026
Tamil Nadu,Nagapattinam,Sirkali(Uzhavar Sandhai ),Banana,Besrai,Local,4000,5000,4500,22/08/2026
Tamil Nadu,Erode,Gobichettipalayam(Uzhavar Sandhai ),Banana,Besrai,Local,2500,5000,3750,22/08/2026
Tamil Nadu,Thiruvarur,Tiruthuraipoondi(Uzhavar Sandhai ),Banana,Besrai,Local,4000,4000,4000,22/08/2026
Tamil Nadu,Tuticorin,Kovilpatti(Uzhavar Sandhai ),Banana,Other,Local,3500,4000,3750,22/08/2026
Tamil Nadu,Madurai,Thirumangalam(Uzhavar Sandhai ),Banana,Besrai,Local,3000,4000,3500,22/08/2026
Tamil Nadu,Madurai,Melur(Uzhavar Sandhai ),Banana,Besrai,Local,4000,5000,4500,22/08/2026
Tamil Nadu,Karur,Kulithalai(Uzhavar Sandhai ),Banana,Other,Local,5500,6000,5750,22/08/2026
Tamil Nadu,Chengalpattu,Guduvancheri(Uzhavar Sandhai ),Banana,Poovan,Local,5000,6000,5500,22/08/2026
Tamil Nadu,Salem,Athur(Uzhavar Sandhai ),Banana,Red Banana,Local,6500,7000,6750,22/08/2026
Tamil Nadu,Madurai,Anna nagar(Uzhavar Sandhai ),Banana,Besrai,Local,3500,4000,3750,22/08/2026
Tamil Nadu,Madurai,Anna nagar(Uzhavar Sandhai ),Banana,Red Banana,Local,9000,9000,9000,22/08/2026
Tamil Nadu,Ranipet,Arcot(Uzhavar Sandhai ),Banana,Other,Local,7000,7000,7000,22/08/2026
Tamil Nadu,Thiruchirappalli,Thuraiyur APMC,Banana,Besrai,Local,4000,5000,4500,22/08/2026
Tamil Nadu,Salem,Thammampatti (Uzhavar Sandhai ),Banana,Red Banana,Local,6500,7000,6750,22/08/2026
Tamil Nadu,Thirunelveli,NGO Colony(Uzhavar Sandhai ),Banana,Besrai,Local,5000,6000,5500,22/08/2026
Tamil Nadu,Thirunelveli,Palayamkottai(Uzhavar Sandhai ),Banana,Red Banana,Local,9000,10000,9500,22/08/2026
Tamil Nadu,Thirupur,Tiruppur (North) (Uzhavar Sandhai ),Banana,Red Banana,Local,6000,7000,6500,22/08/2026
Tamil Nadu,Thiruvannamalai,Tamarainagar(Uzhavar Sandhai ),Banana,Besrai,Local,5000,6000,5500,22/08/2026
Tamil Nadu,Thanjavur,Peravurani(Uzhavar Sandhai),Banana,Besrai,Local,3000,3000,3000,22/08/2026
Tamil Nadu,Karur,Pallapatti (Uzhavar Sandhai ),Banana,Other,Local,5500,6000,5750,22/08/2026
Tamil Nadu,Salem,Edapadi (Uzhavar Sandhai ),Banana,Red Banana,Local,7500,8000,7750,22/08/2026
Tamil Nadu,Sivaganga,Karaikudi(Uzhavar Sandhai ),Banana,Besrai,Local,3500,4000,3750,22/08/2026
Tamil Nadu,Vellore,Thirupathur APMC,Banana,Besrai,Local,4000,4000,4000,22/08/2026
Tamil Nadu,Krishnagiri,Kaveripattinam(Uzhavar Sandhai ),Banana,Besrai,Local,4000,7000,5500,22/08/2026
Tamil Nadu,Vellore,Katpadi (Uzhavar Sandhai ),Banana,Besrai,Local,5000,6000,5500,22/08/2026
Tamil Nadu,Dharmapuri,Pennagaram(Uzhavar Sandhai ),Banana - Green,Banana - Green,Local,2800,3000,2900,22/08/2026
Tamil Nadu,Erode,Periyar Nagar(Uzhavar Sandhai ),Banana - Green,Banana - Green,Local,3000,3500,3250,22/08/2026
Tamil Nadu,Kancheepuram,Padappai(Uzhavar Sandhai ),Banana - Green,Banana - Green,Local,3500,4000,3750,22/08/2026
Tamil Nadu,Krishnagiri,Hosur(Uzhavar Sandhai ),Banana - Green,Banana - Green,Local,4500,5000,4750,22/08/2026
Tamil Nadu,Namakkal,Paramathivelur(Uzhavar Sandhai ),Banana - Green,Banana - Green,Local,3500,4000,3750,22/08/2026
Tamil Nadu,Perambalur,Perambalur(Uzhavar Sandhai ),Banana - Green,Banana - Green,Local,3000,4000,3500,22/08/2026
Tamil Nadu,Salem,Mecheri(Uzhavar Sandhai),Banana - Green,Banana - Green,Local,2000,2500,2250,22/08/2026
Tamil Nadu,Salem,Thammampatti (Uzhavar Sandhai ),Banana - Green,Banana - Green,Local,2000,2500,2250,22/08/2026
Tamil Nadu,Theni,Theni(Uzhavar Sandhai ),Banana - Green,Banana - Green,Local,3000,3500,3250,22/08/2026
Tamil Nadu,Thiruvannamalai,Tamarainagar(Uzhavar Sandhai ),Banana - Green,Banana - Green,Local,3500,4200,3850,22/08/2026
Tamil Nadu,Dharmapuri,AJattihalli(Uzhavar Sandhai ),Banana - Green,Banana - Green,Local,2500,3000,2750,22/08/2026
Tamil Nadu,Karur,Vengamedu(Uzhavar Sandhai ),Banana - Green,Banana - Green,Local,2500,3000,2750,22/08/2026
Tamil Nadu,Salem,Attayampatti(Uzhavar Sandhai ),Banana - Green,Banana - Green,Local,2400,2800,2600,22/08/2026
Tamil Nadu,Sivaganga,Singampunari(Uzhavar Sandhai ),Banana - Green,Banana - Green,Local,2500,3000,2750,22/08/2026
Tamil Nadu,Thiruchirappalli,Manapparai(Uzhavar Sandhai ),Banana - Green,Banana - Green,Local,3000,3000,3000,22/08/2026
Tamil Nadu,Virudhunagar,Sivakasi(Uzhavar Sandhai ),Banana - Green,Banana - Green,Local,3500,4000,3750,22/08/2026
Tamil Nadu,Chengalpattu,Medavakkam(Uzhavar Sandhai ),Banana - Green,Banana - Green,Local,3500,4000,3750,22/08/2026
Tamil Nadu,Nagercoil (Kannyiakumari),Myladi(Uzhavar Sandhai ),Banana - Green,Banana - Green,Local,6500,7000,6750,22/08/2026
Tamil Nadu,Chengalpattu,Jameenrayapettai(Uzhavar Sandhai ),Banana - Green,Banana - Green,Local,3500,4000,3750,22/08/2026
Tamil Nadu,Pudukkottai,Pudukottai(Uzhavar Sandhai ),Banana - Green,Banana - Green,Local,2500,3000,2750,22/08/2026
Tamil Nadu,Thanjavur,Kumbakonam (Uzhavar Sandhai ),Banana - Green,Banana - Green,Local,4800,4800,4800,22/08/2026
Tamil Nadu,Thiruvarur,Tiruvarur(Uzhavar Sandhai ),Banana - Green,Banana - Green,Local,4000,4000,4000,22/08/2026
Tamil Nadu,Thirupur,Palladam(Uzhavar Sandhai ),Banana - Green,Banana - Green,Local,2500,3000,2750,22/08/2026
Tamil Nadu,Pudukkottai,Viralimalai(Uzhavar Sandhai ),Banana - Green,Banana - Green,Local,2500,3000,2750,22/08/2026
Tamil Nadu,Thiruvellore,Ambattur(Uzhavar Sandhai ),Banana - Green,Banana - Green,Local,4000,4000,4000,22/08/2026
Tamil Nadu,Tuticorin,Kovilpatti(Uzhavar Sandhai ),Banana - Green,Banana - Green,Local,3500,4000,3750,22/08/2026
Tamil Nadu,Thiruvannamalai,Cheyyar(Uzhavar Sandhai ),Banana - Green,Banana - Green,Local,1500,2000,1750,22/08/2026
Tamil Nadu,Coimbatore,Sundarapuram(Uzhavar Sandhai ),Banana - Green,Banana - Green,Local,3500,4000,3750,22/08/2026
Tamil Nadu,Erode,Perundurai(Uzhavar Sandhai ),Banana - Green,Banana - Green,Local,2500,3000,2750,22/08/2026
Tamil Nadu,Dindigul,Chinnalapatti(Uzhavar Sandhai ),Banana - Green,Banana - Green,Local,3000,3600,3300,22/08/2026
Tamil Nadu,Kallakuruchi,Sankarapuram(Uzhavar Sandhai ),Banana - Green,Banana - Green,Local,3000,3000,3000,22/08/2026
Tamil Nadu,Kancheepuram,Kancheepuram(Uzhavar Sandhai ),Banana - Green,Banana - Green,Local,3500,4000,3750,22/08/2026
Tamil Nadu,Namakkal,Namakkal(Uzhavar Sandhai ),Banana - Green,Banana - Green,Local,3500,4000,3750,22/08/2026
Tamil Nadu,Namakkal,Rasipuram(Uzhavar Sandhai ),Banana - Green,Banana - Green,Local,4000,4500,4250,22/08/2026
Tamil Nadu,Madurai,Palanganatham(Uzhavar Sandhai ),Banana - Green,Banana - Green,Local,1500,2000,1750,22/08/2026
Tamil Nadu,Thirunelveli,Palayamkottai(Uzhavar Sandhai ),Banana - Green,Banana - Green,Local,2500,3000,2750,22/08/2026
Tamil Nadu,Thiruvannamalai,Vandavasi(Uzhavar Sandhai ),Banana - Green,Banana - Green,Local,1600,2000,1800,22/08/2026
Tamil Nadu,Coimbatore,Sulur(Uzhavar Sandhai ),Banana - Green,Banana - Green,Local,3400,4000,3700,22/08/2026
Tamil Nadu,Sivaganga,Sivagangai (Uzhavar Sandhai ),Banana - Green,Banana - Green,Local,3000,3000,3000,22/08/2026
Tamil Nadu,Sivaganga,Devakottai (Uzhavar Sandhai ),Banana - Green,Banana - Green,Local,2500,3000,2750,22/08/2026
Tamil Nadu,Salem,Edapadi (Uzhavar Sandhai ),Banana - Green,Banana - Green,Local,2400,2800,2600,22/08/2026
Tamil Nadu,Salem,Elampillai(Uzhavar Sandhai ),Banana - Green,Banana - Green,Local,2000,2400,2200,22/08/2026
Tamil Nadu,Thanjavur,Thanjavur(Uzhavar Sandhai ),Banana - Green,Banana - Green,Local,4000,4000,4000,22/08/2026
Tamil Nadu,Thiruchirappalli,Lalgudi(Uzhavar Sandhai ),Banana - Green,Banana - Green,Local,3000,3000,3000,22/08/2026
Tamil Nadu,Thiruchirappalli,Thiruverumbur(Uzhavar Sandhai ),Banana - Green,Banana - Green,Local,2500,2500,2500,22/08/2026
Tamil Nadu,Virudhunagar,Sathur(Uzhavar Sandhai ),Banana - Green,Banana - Green,Local,3500,4000,3750,22/08/2026
Tamil Nadu,Chengalpattu,Nanganallur(Uzhavar Sandhai ),Banana - Green,Banana - Green,Local,3500,4000,3750,22/08/2026
Tamil Nadu,Nagapattinam,Nagapattinam(Uzhavar Sandhai ),Banana - Green,Banana - Green,Local,3000,3000,3000,22/08/2026
Tamil Nadu,Thiruvellore,Tiruvallur(Uzhavar Sandhai ),Banana - Green,Banana - Green,Local,4000,4000,4000,22/08/2026
Tamil Nadu,Madurai,Melur(Uzhavar Sandhai ),Banana - Green,Banana - Green,Local,2000,2300,2150,22/08/2026
Tamil Nadu,Salem,Vazhapadi(Uzhavar Sandhai),Banana - Green,Banana - Green,Local,2500,2500,2500,22/08/2026
Tamil Nadu,Pudukkottai,Aranthangi(Uzhavar Sandhai ),Banana - Green,Banana - Green,Local,2500,3000,2750,22/08/2026
Tamil Nadu,Thirupur,Dharapuram(Uzhavar Sandhai ),Banana - Green,Banana - Green,Local,2500,3000,2750,22/08/2026
Tamil Nadu,Erode,Gobichettipalayam(Uzhavar Sandhai ),Banana - Green,Banana - Green,Local,2800,3000,2900,22/08/2026
Tamil Nadu,Erode,Sampath Nagar(Uzhavar Sandhai ),Banana - Green,Banana - Green,Local,3000,3500,3250,22/08/2026
Tamil Nadu,Nagapattinam,Mayiladuthurai(Uzhavar Sandhai ),Banana - Green,Banana - Green,Local,3000,3500,3250,22/08/2026
Tamil Nadu,Thiruvannamalai,Polur(Uzhavar Sandhai ),Banana - Green,Banana - Green,Local,1600,2000,1800,22/08/2026
Tamil Nadu,Thiruvannamalai,Tiruvannamalai(Uzhavar Sandhai ),Banana - Green,Banana - Green,Local,2500,3000,2750,22/08/2026
Tamil Nadu,Thiruvarur,Mannargudi II(Uzhavar Sandhai ),Banana - Green,Banana - Green,Local,4800,4800,4800,22/08/2026
Tamil Nadu,Thiruvellore,Paruthipattu(Uzhavar Sandhai ),Banana - Green,Banana - Green,Local,4000,4000,4000,22/08/2026
Tamil Nadu,Pudukkottai,Karambakkudi(Uzhavar Sandhai ),Banana - Green,Banana - Green,Local,2500,3000,2750,22/08/2026
Tamil Nadu,Dharmapuri,Harur(Uzhavar Sandhai ),Banana - Green,Banana - Green,Local,2000,2500,2250,22/08/2026
Tamil Nadu,The Nilgiris,Gudalur(Uzhavar Sandhai ),Banana - Green,Banana - Green,Local,4000,4500,4250,22/08/2026
Tamil Nadu,Dindigul,Dindigul(Uzhavar Sandhai ),Banana - Green,Banana - Green,Local,2500,3000,2750,22/08/2026
Tamil Nadu,Kancheepuram,Sunguvarchatram(Uzhavar Sandhai ),Banana - Green,Banana - Green,Local,3000,3000,3000,22/08/2026
Tamil Nadu,Krishnagiri,Avallapalli(Uzhavar Sandhai ),Banana - Green,Banana - Green,Local,3500,4000,3750,22/08/2026
Tamil Nadu,Krishnagiri,Denkanikottai(Uzhavar Sandhai ),Banana - Green,Banana - Green,Local,4000,4500,4250,22/08/2026
Tamil Nadu,Madurai,Usilampatti(Uzhavar Sandhai ),Banana - Green,Banana - Green,Local,2500,3000,2750,22/08/2026
Tamil Nadu,Madurai,Anna nagar(Uzhavar Sandhai ),Banana - Green,Banana - Green,Local,2000,2500,2250,22/08/2026
Tamil Nadu,Ranipet,Arcot(Uzhavar Sandhai ),Banana - Green,Banana - Green,Local,4000,5000,4500,22/08/2026
Tamil Nadu,Salem,Ammapet(Uzhavar Sandhai ),Banana - Green,Banana - Green,Local,2500,2800,2650,22/08/2026
Tamil Nadu,Salem,Sooramangalam(Uzhavar Sandhai ),Banana - Green,Banana - Green,Local,2000,2400,2200,22/08/2026
Tamil Nadu,Salem,Thathakapatti(Uzhavar Sandhai ),Banana - Green,Banana - Green,Local,3500,4000,3750,22/08/2026
Tamil Nadu,Thirunelveli,NGO Colony(Uzhavar Sandhai ),Banana - Green,Banana - Green,Local,2200,3000,2600,22/08/2026
Tamil Nadu,Pudukkottai,Gandarvakottai(Uzhavar Sandhai ),Banana - Green,Banana - Green,Local,2000,3000,2500,22/08/2026
Tamil Nadu,Cuddalore,Panruti(Uzhavar Sandhai ),Banana - Green,Banana - Green,Local,2500,2500,2500,22/08/2026
Tamil Nadu,Theni,Devaram(Uzhavar Sandhai ),Banana - Green,Banana - Green,Local,3500,3500,3500,22/08/2026
Tamil Nadu,Sivaganga,Tirupatthur(Uzhavar Sandhai ),Banana - Green,Banana - Green,Local,2500,3000,2750,22/08/2026
Tamil Nadu,Virudhunagar,Virudhunagar(Uzhavar Sandhai ),Banana - Green,Banana - Green,Local,2900,3100,3000,22/08/2026
Tamil Nadu,Chengalpattu,Chengalpet(Uzhavar Sandhai ),Banana - Green,Banana - Green,Local,3500,4000,3750,22/08/2026
Tamil Nadu,Villupuram,Tindivanam APMC,Banana - Green,Banana - Green,Local,5000,5000,5000,22/08/2026
Tamil Nadu,The Nilgiris,Udhagamandalam(Uzhavar Sandhai ),Banana - Green,Banana - Green,Local,4000,4500,4250,22/08/2026
Tamil Nadu,Thiruvarur,Needamangalam(Uzhavar Sandhai ),Banana - Green,Banana - Green,Local,4000,4000,4000,22/08/2026
Tamil Nadu,Villupuram,Gingee(Uzhavar Sandhai ),Banana - Green,Banana - Green,Local,4000,4000,4000,22/08/2026
Tamil Nadu,Thiruvarur,Valangaiman APMC,Banana - Green,Banana - Green,Local,4000,4000,4000,22/08/2026
Tamil Nadu,Thiruvellore,Tiruthani(Uzhavar Sandhai ),Banana - Green,Banana - Green,Local,4000,4000,4000,22/08/2026
Tamil Nadu,Vellore,Katpadi (Uzhavar Sandhai ),Banana - Green,Banana - Green,Local,3000,3000,3000,22/08/2026
Tamil Nadu,Nagapattinam,Vedaranyam(Uzhavar Sandhai),Banana - Green,Banana - Green,Local,2000,2000,2000,22/08/2026
Tamil Nadu,Chengalpattu,Guduvancheri(Uzhavar Sandhai ),Banana - Green,Banana - Green,Local,3500,4000,3750,22/08/2026
Tamil Nadu,Coimbatore,Vadavalli(Uzhavar Sandhai ),Banana - Green,Banana - Green,Local,3400,4000,3700,22/08/2026
Tamil Nadu,Coimbatore,Udumalpet APMC,Banana - Green,Banana - Green,Local,2500,3000,2750,22/08/2026
Tamil Nadu,Ramanathapuram,Ramanathapuram(Uzhavar Sandhai ),Banana - Green,Banana - Green,Local,3500,4000,3750,22/08/2026
Tamil Nadu,Thiruvannamalai,Arani(Uzhavar Sandhai ),Banana - Green,Banana - Green,Local,1500,2000,1750,22/08/2026
Tamil Nadu,Vellore,Kahithapattarai(Uzhavar Sandhai ),Banana - Green,Banana - Green,Local,5000,5000,5000,22/08/2026
Tamil Nadu,Karur,Karur(Uzhavar Sandhai ),Banana - Green,Banana - Green,Local,2500,3000,2750,22/08/2026
Tamil Nadu,Cuddalore,Chidambaram(Uzhavar Sandhai ),Banana - Green,Banana - Green,Local,2500,3000,2750,22/08/2026
Tamil Nadu,Chengalpattu,Thirukalukundram(Uzhavar Sandhai ),Banana - Green,Banana - Green,Local,3000,3500,3250,22/08/2026
Tamil Nadu,The Nilgiris,Coonoor(Uzhavar Sandhai ),Banana - Green,Banana - Green,Local,4500,5000,4750,22/08/2026
Tamil Nadu,Thirupur,Tiruppur (South) (Uzhavar Sandhai ),Banana - Green,Banana - Green,Local,2500,3000,2750,22/08/2026
Tamil Nadu,Kancheepuram,Kundrathur(Uzhavar Sandhai ),Banana - Green,Banana - Green,Local,3000,3000,3000,22/08/2026
Tamil Nadu,Dharmapuri,Karimangalam(Uzhavar Sandhai),Banana - Green,Banana - Green,Local,2800,3000,2900,22/08/2026
Tamil Nadu,Madurai,Anaiyur(Uzhavar Sandhai ),Banana - Green,Banana - Green,Local,1800,2400,2100,22/08/2026
Tamil Nadu,Namakkal,Mohanur(Uzhavar Sandhai ),Banana - Green,Banana - Green,Local,3500,4000,3750,22/08/2026
Tamil Nadu,Theni,Kambam(Uzhavar Sandhai ),Banana - Green,Banana - Green,Local,3000,3400,3200,22/08/2026
Tamil Nadu,Thirunelveli,Melapalayam(Uzhavar Sandhai ),Banana - Green,Banana - Green,Local,2800,3000,2900,22/08/2026
Tamil Nadu,Thirupur,Tiruppur (North) (Uzhavar Sandhai ),Banana - Green,Banana - Green,Local,2800,3200,3000,22/08/2026
Tamil Nadu,Thiruvannamalai,Chengam(Uzhavar Sandhai ),Banana - Green,Banana - Green,Local,1200,1500,1350,22/08/2026
Tamil Nadu,Cuddalore,Vadalur(Uzhavar Sandhai ),Banana - Green,Banana - Green,Local,3000,3000,3000,22/08/2026
Tamil Nadu,Karur,Pallapatti (Uzhavar Sandhai ),Banana - Green,Banana - Green,Local,2500,3000,2750,22/08/2026
Tamil Nadu,Karur,Velayuthampalayam(Uzhavar Sandhai ),Banana - Green,Banana - Green,Local,2400,3000,2700,22/08/2026
Tamil Nadu,Salem,Jalagandapuram(Uzhavar Sandhai ),Banana - Green,Banana - Green,Local,2500,2800,2650,22/08/2026
Tamil Nadu,Thiruchirappalli,Manachanallur(Uzhavar Sandhai ),Banana - Green,Banana - Green,Local,2500,2500,2500,22/08/2026
Tamil Nadu,Virudhunagar,Rajapalayam(Uzhavar Sandhai ),Banana - Green,Banana - Green,Local,3000,3500,3250,22/08/2026
Tamil Nadu,Erode,Thalavadi(Uzhavar Sandhai ),Banana - Green,Banana - Green,Local,3000,3400,3200,22/08/2026
Tamil Nadu,Cuddalore,Viruthachalam(Uzhavar Sandhai ),Banana - Green,Banana - Green,Local,2500,3000,2750,22/08/2026
Tamil Nadu,Krishnagiri,Krishnagiri(Uzhavar Sandhai ),Banana - Green,Banana - Green,Local,2500,3000,2750,22/08/2026
Tamil Nadu,Tenkasi,Sankarankoil(Uzhavar Sandhai ),Banana - Green,Banana - Green,Local,3500,3500,3500,22/08/2026
Tamil Nadu,Virudhunagar,Aruppukottai(Uzhavar Sandhai ),Banana - Green,Banana - Green,Local,3000,3500,3250,22/08/2026
Tamil Nadu,Virudhunagar,Kariyapatti(Uzhavar Sandhai ),Banana - Green,Banana - Green,Local,3000,3500,3250,22/08/2026
Tamil Nadu,Vellore,Perampet(Uzhavar Sandhai),Banana - Green,Banana - Green,Local,4000,4000,4000,22/08/2026
Tamil Nadu,Karur,Kulithalai(Uzhavar Sandhai ),Banana - Green,Banana - Green,Local,3500,4000,3750,22/08/2026
Tamil Nadu,Salem,Athur(Uzhavar Sandhai ),Banana - Green,Banana - Green,Local,2000,2400,2200,22/08/2026
Tamil Nadu,Virudhunagar,Srivilliputhur(Uzhavar Sandhai ),Banana - Green,Banana - Green,Local,2500,3000,2750,22/08/2026
Tamil Nadu,Pudukkottai,Ponnamaravathi(Uzhavar Sandhai),Banana - Green,Banana - Green,Local,2500,3000,2750,22/08/2026
Tamil Nadu,Thiruvarur,Mannargudi I(Uzhavar Sandhai ),Banana - Green,Banana - Green,Local,4800,4800,4800,22/08/2026
Tamil Nadu,Thiruvarur,Tiruthuraipoondi(Uzhavar Sandhai ),Banana - Green,Banana - Green,Local,4000,4000,4000,22/08/2026
Tamil Nadu,Thiruvellore,Naravarikuppam(Uzhavar Sandhai ),Banana - Green,Banana - Green,Local,4000,4000,4000,22/08/2026
Tamil Nadu,Vellore,Gudiyatham(Uzhavar Sandhai ),Banana - Green,Banana - Green,Local,3500,3500,3500,22/08/2026
Tamil Nadu,Coimbatore,RSPuram(Uzhavar Sandhai ),Banana - Green,Banana - Green,Local,3500,3800,3650,22/08/2026
Tamil Nadu,Coimbatore,Pollachi(Uzhavar Sandhai ),Banana - Green,Banana - Green,Local,4000,4500,4250,22/08/2026
Tamil Nadu,Vellore,Thirupathur APMC,Banana - Green,Banana - Green,Local,2500,2500,2500,22/08/2026
Tamil Nadu,Madurai,Chokkikulam(Uzhavar Sandhai ),Banana - Green,Banana - Green,Local,2000,2400,2200,22/08/2026
Tamil Nadu,Tenkasi,Tenkasi(Uzhavar Sandhai ),Banana - Green,Banana - Green,Local,2500,3000,2750,22/08/2026
Tamil Nadu,Theni,Andipatti(Uzhavar Sandhai ),Banana - Green,Banana - Green,Local,3000,3500,3250,22/08/2026
Tamil Nadu,Theni,Bodinayakanur(Uzhavar Sandhai ),Banana - Green,Banana - Green,Local,3600,3600,3600,22/08/2026
Tamil Nadu,Thanjavur,Pattukottai(Uzhavar Sandhai ),Banana - Green,Banana - Green,Local,3000,3000,3000,22/08/2026
Tamil Nadu,Thiruchirappalli,KKNagar(Uzhavar Sandhai ),Banana - Green,Banana - Green,Local,3000,3000,3000,22/08/2026
Tamil Nadu,Thiruchirappalli,Musiri(Uzhavar Sandhai ),Banana - Green,Banana - Green,Local,2500,2500,2500,22/08/2026
Tamil Nadu,Virudhunagar,Thalavaipuram(Uzhavar Sandhai ),Banana - Green,Banana - Green,Local,2800,3500,3150,22/08/2026
Tamil Nadu,Chengalpattu,Pallavaram(Uzhavar Sandhai ),Banana - Green,Banana - Green,Local,3500,4000,3750,22/08/2026
Tamil Nadu,Villupuram,Ulundurpettai APMC,Banana - Green,Banana - Green,Local,3000,3000,3000,22/08/2026
Tamil Nadu,Erode,Sathiyamagalam(Uzhavar Sandhai ),Banana - Green,Banana - Green,Local,2500,3000,2750,22/08/2026
Tamil Nadu,Coimbatore,Mettupalayam(Uzhavar Sandhai ),Banana - Green,Banana - Green,Local,4500,5000,4750,22/08/2026
Tamil Nadu,Namakkal,Tiruchengode APMC,Banana - Green,Banana - Green,Local,4000,4500,4250,22/08/2026
Tamil Nadu,Coimbatore,Singanallur(Uzhavar Sandhai ),Banana - Green,Banana - Green,Local,3500,4000,3750,22/08/2026
Tamil Nadu,Coimbatore,Kurichi(Uzhavar Sandhai ),Banana - Green,Banana - Green,Local,3500,4000,3750,22/08/2026
Tamil Nadu,Cuddalore,Cuddalore(Uzhavar Sandhai ),Banana - Green,Banana - Green,Local,2000,3000,2500,22/08/2026
Tamil Nadu,Dharmapuri,Dharmapuri(Uzhavar Sandhai ),Banana - Green,Banana - Green,Local,2800,3000,2900,22/08/2026
Tamil Nadu,Dharmapuri,Palacode(Uzhavar Sandhai ),Banana - Green,Banana - Green,Local,2000,2500,2250,22/08/2026
Tamil Nadu,Nagapattinam,Sirkali(Uzhavar Sandhai ),Banana - Green,Banana - Green,Local,2500,3000,2750,22/08/2026
Tamil Nadu,Namakkal,Kumarapalayam(Uzhavar Sandhai ),Banana - Green,Banana - Green,Local,3500,4000,3750,22/08/2026
Tamil Nadu,Vellore,Pallikonda(Uzhavar Sandhai),Banana - Green,Banana - Green,Local,2500,3000,2750,22/08/2026
Tamil Nadu,Ramanathapuram,Paramakudi(Uzhavar Sandhai ),Banana - Green,Banana - Green,Local,3000,3500,3250,22/08/2026
Tamil Nadu,Pudukkottai,Alangudi(Uzhavar Sandhai ),Banana - Green,Banana - Green,Local,2500,3000,2750,22/08/2026
Tamil Nadu,Villupuram,Villupuram(Uzhavar Sandhai ),Banana - Green,Banana - Green,Local,3000,3000,3000,22/08/2026
Tamil Nadu,Karur,Gandhigramam(Uzhavar Sandhai),Banana - Green,Banana - Green,Local,2000,3000,2500,22/08/2026
Tamil Nadu,Kallakuruchi,Kallakurichi(Uzhavar Sandhai ),Banana - Green,Banana - Green,Local,3000,3000,3000,22/08/2026
Tamil Nadu,Thirupathur,Natrampalli(Uzhavar Sandhai ),Banana - Green,Banana - Green,Local,2500,3000,2750,22/08/2026
Tamil Nadu,Thanjavur,Tirukattupalli(Uzhavar Sandhai ),Banana - Green,Banana - Green,Local,4000,4000,4000,22/08/2026
Tamil Nadu,Ranipet,Ranipettai(Uzhavar Sandhai ),Banana - Green,Banana - Green,Local,4000,5000,4500,22/08/2026
Tamil Nadu,Salem,Mettur(Uzhavar Sandhai ),Banana - Green,Banana - Green,Local,2000,2500,2250,22/08/2026
Tamil Nadu,Thiruchirappalli,Thuraiyur APMC,Banana - Green,Banana - Green,Local,2000,2500,2250,22/08/2026
Tamil Nadu,Theni,Chinnamanur(Uzhavar Sandhai ),Banana - Green,Banana - Green,Local,3600,3600,3600,22/08/2026
Tamil Nadu,Thirunelveli,Ambasamudram(Uzhavar Sandhai ),Banana - Green,Banana - Green,Local,2800,3000,2900,22/08/2026
Tamil Nadu,Thirupur,Kangayam(Uzhavar Sandhai ),Banana - Green,Banana - Green,Local,2500,3000,2750,22/08/2026
Tamil Nadu,Thiruvarur,Muthupettai(Uzhavar Sandhai ),Banana - Green,Banana - Green,Local,4000,4000,4000,22/08/2026
Tamil Nadu,Thanjavur,Peravurani(Uzhavar Sandhai),Banana - Green,Banana - Green,Local,3000,3000,3000,22/08/2026
Tamil Nadu,Salem,Hasthampatti(Uzhavar Sandhai ),Banana - Green,Banana - Green,Local,1500,2000,1750,22/08/2026
Tamil Nadu,Sivaganga,Karaikudi(Uzhavar Sandhai ),Banana - Green,Banana - Green,Local,3500,4000,3750,22/08/2026
Tamil Nadu,Nagercoil (Kannyiakumari),Vadaseri APMC,Banana - Green,Banana - Green,Local,7500,8000,7750,22/08/2026
Tamil Nadu,Krishnagiri,Kaveripattinam(Uzhavar Sandhai ),Banana - Green,Banana - Green,Local,2500,3000,2750,22/08/2026
Madhya Pradesh,Indore,Indore(F&V) APMC,Banana,Other,Local,600,1400,1000,22/08/2026
Madhya Pradesh,Gwalior,Dabra(F&V) APMC,Banana,Banana - Ripe,Grade C,1000,1000,1000,22/08/2026
Madhya Pradesh,Guna,Guna(F&V) APMC,Banana,Other,Grade B,1800,2000,1900,22/08/2026
Madhya Pradesh,Sagar,Sagar(F&V) APMC,Banana,Medium,Local,1000,1400,1200,22/08/2026
Maharashtra,Pune,Pune(Moshi) APMC,Banana,Other,Local,3000,7000,5000,22/08/2026
Maharashtra,Nagpur,HINGNA - APMC,Banana,Other,Local,1600,1600,1600,22/08/2026
Maharashtra,Nashik,Nasik APMC,Banana,Khandesh,Local,700,1800,1400,22/08/2026
Maharashtra,Jalgaon,APMC Yawal,Banana,Other,Local,1500,2200,1510,22/08/2026
Maharashtra,Mumbai,Mumbai APMC,Banana - Green,Other,Local,2600,3000,2800,22/08/2026
Uttar Pradesh,Badaun,Shahaswan APMC,Banana,Amruthapani,Medium,2100,2250,2200,22/08/2026
Uttar Pradesh,Rampur,Bilaspur APMC,Banana,Other,Medium,2100,2300,2200,22/08/2026
Uttar Pradesh,Sitapur,Hargaon (Laharpur) APMC,Banana,Desi(Bontha),Local,900,910,905,22/08/2026
Uttar Pradesh,Kanpur,Baripaal APMC,Banana,Banana - Ripe,Medium,2000,2400,2200,22/08/2026
Uttar Pradesh,Saharanpur,Rampurmaniharan APMC,Banana - Green,Banana - Green,Grade C,1600,1800,1700,22/08/2026
Uttar Pradesh,Balrampur,Panchpedwa APMC,Banana - Green,Banana - Green,FAQ,1300,1400,1350,22/08/2026
Uttar Pradesh,Khiri (Lakhimpur),Maigalganj APMC,Banana - Green,Banana - Green,FAQ,1770,1810,1790,22/08/2026
Uttar Pradesh,Etah,Awagarh APMC,Banana - Green,Banana - Green,FAQ,1400,1600,1500,22/08/2026
Uttar Pradesh,Badaun,Shahaswan APMC,Banana - Green,Banana - Green,Medium,1200,1300,1250,22/08/2026
Rajasthan,Udaipur,Udaipur (F&V) APMC,Banana,Medium,Medium,1500,2500,2000,22/08/2026
Rajasthan,Ganganagar,Sriganganagar (F&V) APMC,Banana,Banana-Organic,Grade A,3000,3400,3200,22/08/2026
Karnataka,Udupi,Kundapura APMC,Banana - Green,Banana - Green,Local,7000,9000,8000,22/08/2026
Gujarat,Porbandar,Porbandar APMC,Banana,Amruthapani,Grade A,2500,3500,3000,22/08/2026
Gujarat,Navsari,Navsari APMC,Banana,Banana - Ripe,Local,1500,2250,1875,22/08/2026
Gujarat,Surendranagar,Vadhvan APMC,Banana,Medium,Medium,2500,3000,2750,22/08/2026
Gujarat,Rajkot,Gondal(Veg.market Gondal) APMC,Banana,Banana - Ripe,Local,1600,2000,1800,22/08/2026
Gujarat,Mehsana,Mehsana(Mehsana Veg) APMC,Banana,Other,Local,1500,2500,2250,22/08/2026
Gujarat,Banaskanth,Deesa(Deesa Veg Yard) APMC,Banana,Other,Medium,3000,4500,3750,22/08/2026
Gujarat,Surat,Surat APMC,Banana - Green,Other,FAQ,800,1800,1300,22/08/2026
Gujarat,Surendranagar,Vadhvan APMC,Banana - Green,Banana - Green,Medium,1000,1500,1250,22/08/2026
Haryana,Mahendragarh-Narnaul,Mohindergarh APMC,Banana,Banana - Ripe,Medium,2250,2250,2250,22/08/2026
Haryana,Rewari,Rewari APMC,Banana,Other,Medium,2000,4000,3000,22/08/2026
Haryana,Rohtak,Meham,Banana,Medium,Medium,1700,1700,1700,22/08/2026
Haryana,Kurukshetra,Shahabad APMC,Banana,Medium,Medium,2540,3500,3200,22/08/2026
Haryana,Hissar,Barwala(Hisar) APMC,Banana,Other,Local,2500,2500,2500,22/08/2026
Haryana,Rohtak,Rohtak APMC,Banana,Other,Medium,1800,2000,2000,22/08/2026
Haryana,Jind,Narwana APMC,Banana,Other,Local,1300,1300,1300,22/08/2026
Haryana,Rewari,Kosli APMC,Banana,Other,Medium,2000,2000,2000,22/08/2026
Haryana,Rohtak,Sampla APMC,Banana,Other,Local,2500,2500,2500,22/08/2026
Haryana,Fatehabad,Ratia APMC,Banana,Other,Grade A,3000,3500,3200,22/08/2026
Haryana,Mahendragarh-Narnaul,Narnaul APMC,Banana,Banana - Ripe,Medium,4000,5000,5000,22/08/2026
Haryana,Sonipat,Sonepat APMC,Banana,Other,Medium,3200,4000,3500,22/08/2026
Haryana,Gurgaon,Gurgaon APMC,Banana,Other,Grade B,2000,3000,2500,22/08/2026
Haryana,Karnal,Tarori APMC,Banana,Other,Grade A,1800,2500,2200,22/08/2026
Haryana,Kurukshetra,Ladwa APMC,Banana,Medium,Medium,5500,6000,6000,22/08/2026
Haryana,Panipat,Panipat APMC,Banana,Banana - Ripe,Local,2000,3000,2500,22/08/2026
Haryana,Ambala,Barara APMC,Banana,Other,Medium,2100,3000,2300,22/08/2026
Haryana,Sonipat,Kharkhoda APMC,Banana,Other,Medium,2500,3200,2800,22/08/2026
Haryana,Karnal,Gharaunda APMC,Banana,Other,Local,3000,3000,3000,22/08/2026
Haryana,Yamuna Nagar,Radaur APMC,Banana,Other,Medium,3200,3500,3300,22/08/2026
Haryana,Yamuna Nagar,Jagadhri APMC,Banana,Other,Medium,2000,2600,2600,22/08/2026
Haryana,Ambala,Ambala Cantt. APMC,Banana,Other,Medium,2500,3000,2800,22/08/2026
Haryana,Ambala,Naraingarh APMC,Banana,Banana - Ripe,Medium,1800,4000,3000,22/08/2026
Punjab,Gurdaspur,Quadian APMC,Banana,Other,Grade A,3200,3400,3300,22/08/2026
Punjab,Patiala,Samana APMC,Banana,Other,Grade Range-2,2500,4000,2700,22/08/2026
Punjab,Bhatinda,Maur APMC,Banana,Medium,Grade B,3100,3500,3300,22/08/2026
Punjab,Ludhiana,Doraha APMC,Banana,Amruthapani,Local,2700,3000,2900,22/08/2026
Punjab,Ferozpur,Zira APMC,Banana,Other,Local,4000,4000,4000,22/08/2026
Punjab,Gurdaspur,Dinanagar APMC,Banana,Medium,Medium,3500,4000,3800,22/08/2026
Punjab,Patiala,Dudhansadhan APMC,Banana,Other,Grade B,3500,3500,3500,22/08/2026
Punjab,Hoshiarpur,Mukerian(Talwara) APMC,Banana,Banana - Ripe,Grade A,3000,3800,3400,22/08/2026
Punjab,Ludhiana,Jagraon APMC,Banana,Other,Grade A,2200,2200,2200,22/08/2026
Punjab,Tarntaran,Patti APMC,Banana,Other,Grade B,3.7,3.7,3.7,22/08/2026
Punjab,Muktsar,Malout APMC,Banana,Banana - Ripe,Grade A,2000,2000,2000,22/08/2026
Punjab,Patiala,Rajpura APMC,Banana,Other,Grade A,2600,2750,2700,22/08/2026
Punjab,Sangrur,Ahmedgarh APMC,Banana,Other,Medium,2800,3000,3000,22/08/2026
Punjab,Bhatinda,Bathinda APMC,Banana,Other,Grade B,1500,1700,1600,22/08/2026
Punjab,Bhatinda,Rampuraphul(Nabha Mandi) APMC,Banana,Other,Grade A,2000,3000,2500,22/08/2026
Andhra Pradesh,Tirupathi,Railway Koduru APMC,Banana,Medium,Grade A,950,1150,1050,22/08/2026
Andhra Pradesh,Tirupathi,Thiruchanur APMC,Banana,Banana - Ripe,Grade A,1000,2000,1600,22/08/2026
Andhra Pradesh,Dr.B.R.A.Konaseema,Ravulapalem (Kothapeta APMC),Banana,Desi(Bontha),Local,2100,2600,2400,22/08/2026
Andhra Pradesh,Dr.B.R.A.Konaseema,Ravulapalem (Kothapeta APMC),Banana,Karpura,Local,2400,3900,3400,22/08/2026
Andhra Pradesh,Anakapally,Payakaraopeta APMC,Banana,Karpura,Local,1500,1700,1600,22/08/2026
Andhra Pradesh,Vijayanagaram,Vijayanagaram APMC,Banana,Banana - Ripe,Local,2800,2800,2800,22/08/2026
Andhra Pradesh,Dr.B.R.A.Konaseema,Ravulapalem (Kothapeta APMC),Banana,Amruthapani,Local,2500,3900,3700,22/08/2026
Andhra Pradesh,Dr.B.R.A.Konaseema,Ravulapalem (Kothapeta APMC),Banana,Bhushavali(Pacha),Local,2200,2700,2400,22/08/2026
Andhra Pradesh,Dr.B.R.A.Konaseema,Ambajipeta APMC,Banana,Banana - Ripe,Medium,960,2880,1920,22/08/2026
Andhra Pradesh,YSR Kadapa,Siddavatam APMC,Banana,Medium,Grade B,1500,1700,1600,22/08/2026
Andhra Pradesh,Dr.B.R.A.Konaseema,Ravulapalem (Kothapeta APMC),Banana,Chakkarakeli(White),Local,2500,3500,3200,22/08/2026
Andhra Pradesh,Dr.B.R.A.Konaseema,Ravulapalem (Kothapeta APMC),Banana,Chakkarakeli(Red),Local,4200,4700,4500,22/08/2026
West Bengal,Darjeeling,Siliguri APMC,Banana,Banana - Ripe,Grade A,2200,2400,2300,22/08/2026
Odisha,Gajapati,Kasinagar APMC,Banana,Other,Grade Range-1,2300,2500,2400,22/08/2026
Odisha,Cuttack,Kendupatna APMC,Banana - Green,Other,Grade B,1300,1320,1310,22/08/2026
Odisha,Dhenkanal,Hindol APMC,Banana - Green,Other,Grade B,2400,2600,2500,22/08/2026
Odisha,Cuttack,Banki APMC,Banana - Green,Banana - Green,Medium,1200,1800,1500,22/08/2026
Odisha,Angul,Angaura APMC,Banana - Green,Banana - Green,Grade C,1900,2300,2150,22/08/2026
Telangana,Ranga Reddy,"Vanasthalipuram,RBZ ",Banana - Green,Banana - Green,Grade A,4000,4000,4000,22/08/2026
Telangana,Hyderabad,RYTHU BAZAR ERRAGADDA,Banana - Green,Banana - Green,Grade A,1000,1000,1000,22/08/2026
Telangana,Ranga Reddy,L B Nagar APMC,Banana - Green,Banana - Green,Medium,2000,3000,2500,22/08/2026
Telangana,Hyderabad,RYTHU BAZAR MEHDIPATNAM,Banana - Green,Banana - Green,Grade A,1000,1000,1000,22/08/2026
Telangana,Ranga Reddy,"Saroornagar,RBZ",Banana - Green,Banana - Green,Medium,4000,4000,4000,22/08/2026
Telangana,Hyderabad,Bowenpally APMC,Banana - Green,Banana - Green,FAQ,300,700,600,22/08/2026
Telangana,Hyderabad,Gudimalkapur APMC,Banana - Green,Banana - Green,Grade B,2000,2500,2000,22/08/2026
Telangana,Medchal Malkajgiri,"Kukatpally,RBZ",Banana - Green,Banana - Green,Local,1000,1000,1000,22/08/2026
Uttarakhand,Dehradoon,Rishikesh APMC,Banana,Other,Medium,1850,2100,2000,22/08/2026
Uttarakhand,Udhamsinghnagar,Kashipur APMC,Banana,Other,Local,1000,1400,1200,22/08/2026
Uttarakhand,Udhamsinghnagar,Sitarganj APMC,Banana,Banana - Ripe,Grade B,2000,3000,2200,22/08/2026
Uttarakhand,Udhamsinghnagar,Rudrapur APMC,Banana,Banana - Ripe,Medium,3000,5000,4000,22/08/2026
Uttarakhand,Haridwar,Manglaur APMC,Banana,Other,Medium,1000,1200,1100,22/08/2026
Uttarakhand,Udhamsinghnagar,Kicchha APMC,Banana,Banana - Ripe,Medium,600,700,650,22/08/2026
Uttarakhand,Haridwar,Roorkee APMC,Banana,Other,Medium,800,1200,1000,22/08/2026
Uttarakhand,Dehradoon,Dehradoon APMC,Banana,Banana - Ripe,Grade B,1450,2000,1800,22/08/2026
Uttarakhand,Haridwar,Haridwar Union APMC,Banana,Other,Medium,1200,1800,1500,22/08/2026
Uttarakhand,Haridwar,Bhagwanpur(Naveen Mandi Sthal) APMC,Banana,Other,Grade A,500,1200,1000,22/08/2026
Uttarakhand,Udhamsinghnagar,Khateema APMC,Banana - Green,Other,Grade B,1400,1700,1500,22/08/2026
Himachal Pradesh,Mandi,PMY Kangni Mandi,Banana,Banana - Ripe,Grade B,3900,4800,4500,22/08/2026
Himachal Pradesh,Hamirpur,SMY Nadaun,Banana,Other,Grade B,4000,4100,4050,22/08/2026
Himachal Pradesh,Kangra,SMY Nagrota Bagwan,Banana,Other,Medium,4000,4800,4400,22/08/2026
Himachal Pradesh,Kangra,SMY Jaisinghpur,Banana,Medium,Medium,5400,5600,5450,22/08/2026
Himachal Pradesh,Una,PMY Una,Banana,Banana - Ripe,Grade A,3600,4000,3800,22/08/2026
Himachal Pradesh,Chamba,PMY Chamba,Banana,Other,Medium,4000,4200,4100,22/08/2026
Himachal Pradesh,Bilaspur,PMY Bilaspur,Banana,Other,Grade B,2500,3200,2600,22/08/2026
Himachal Pradesh,Kangra,PMY Kangra,Banana,Other,Medium,4000,5000,4500,22/08/2026
Himachal Pradesh,Kangra,SMY Dharamshala,Banana,Banana - Ripe,Medium,4800,4900,4850,22/08/2026
Himachal Pradesh,Mandi,SMY Jogindernagar,Banana,Other,Grade B,3000,4000,3500,22/08/2026
Himachal Pradesh,Kangra,SMY Baijnath,Banana,Banana - Ripe,Grade B,3600,3800,3700,22/08/2026
Himachal Pradesh,Solan,PMY Kather Solan,Banana,Other,Medium,4800,6000,5400,22/08/2026
Himachal Pradesh,Kullu,PMY Kullu,Banana,Other,Medium,3700,4100,3900,22/08/2026
Himachal Pradesh,Hamirpur,PMY Hamirpur,Banana,Other,Grade B,4200,4600,4400,22/08/2026
Himachal Pradesh,Kangra,SMY Palampur,Banana,Other,Medium,5200,5500,5400,22/08/2026
Tamil Nadu,Krishnagiri,Hosur(Uzhavar Sandhai ),Mango,Neelam,Local,8000,9000,8500,22/08/2026
Tamil Nadu,Theni,Kambam(Uzhavar Sandhai ),Mango,Safeda,Local,7000,8000,7500,22/08/2026
Tamil Nadu,Nagapattinam,Nagapattinam(Uzhavar Sandhai ),Mango,Other,Local,4700,5500,5100,22/08/2026
Tamil Nadu,Tenkasi,Tenkasi(Uzhavar Sandhai ),Mango,Neelam,Local,6000,8000,7000,22/08/2026
Tamil Nadu,Thanjavur,Kumbakonam (Uzhavar Sandhai ),Mango,Safeda,Local,3000,8000,5500,22/08/2026
Tamil Nadu,Erode,Sampath Nagar(Uzhavar Sandhai ),Mango,Safeda,Local,7000,8000,7500,22/08/2026
Tamil Nadu,Madurai,Anna nagar(Uzhavar Sandhai ),Mango,Safeda,Local,6500,7500,7000,22/08/2026
Tamil Nadu,Sivaganga,Singampunari(Uzhavar Sandhai ),Mango,Other,Local,5500,6000,5750,22/08/2026
Tamil Nadu,Thanjavur,Thanjavur(Uzhavar Sandhai ),Mango,Safeda,Local,8000,8000,8000,22/08/2026
Tamil Nadu,Chengalpattu,Medavakkam(Uzhavar Sandhai ),Mango,Safeda,Local,8000,8000,8000,22/08/2026
Tamil Nadu,Madurai,Chokkikulam(Uzhavar Sandhai ),Mango,Safeda,Local,5000,8000,6500,22/08/2026
Tamil Nadu,Pudukkottai,Pudukottai(Uzhavar Sandhai ),Mango,Other,Local,10000,12000,11000,22/08/2026
Tamil Nadu,Vellore,Katpadi (Uzhavar Sandhai ),Mango,Safeda,Local,8000,8000,8000,22/08/2026
Tamil Nadu,Karur,Kulithalai(Uzhavar Sandhai ),Mango,Neelam,Local,5000,6000,5500,22/08/2026
Tamil Nadu,Thiruvannamalai,Polur(Uzhavar Sandhai ),Mango,Safeda,Local,4200,5000,4600,22/08/2026
Tamil Nadu,Thiruvannamalai,Tiruvannamalai(Uzhavar Sandhai ),Mango,Safeda,Local,7000,8000,7500,22/08/2026
Tamil Nadu,Thiruvarur,Mannargudi II(Uzhavar Sandhai ),Mango,Safeda,Local,8000,10000,9000,22/08/2026
Tamil Nadu,Vellore,Thirupathur APMC,Mango,Safeda,Local,5000,5000,5000,22/08/2026
Tamil Nadu,Dharmapuri,Pennagaram(Uzhavar Sandhai ),Mango,Safeda,Local,4600,5000,4800,22/08/2026
Tamil Nadu,Kallakuruchi,Sankarapuram(Uzhavar Sandhai ),Mango,Neelam,Local,5000,5000,5000,22/08/2026
Tamil Nadu,Madurai,Anaiyur(Uzhavar Sandhai ),Mango,Safeda,Local,7000,8000,7500,22/08/2026
Tamil Nadu,Namakkal,Namakkal(Uzhavar Sandhai ),Mango,Neelam,Local,7000,8000,7500,22/08/2026
Tamil Nadu,Madurai,Anna nagar(Uzhavar Sandhai ),Mango,Neelam,Local,7000,7000,7000,22/08/2026
Tamil Nadu,Salem,Sooramangalam(Uzhavar Sandhai ),Mango,Neelam,Local,7000,8000,7500,22/08/2026
Tamil Nadu,Theni,Theni(Uzhavar Sandhai ),Mango,Neelam,Local,5000,5000,5000,22/08/2026
Tamil Nadu,Thiruvannamalai,Tamarainagar(Uzhavar Sandhai ),Mango,Safeda,Local,6000,7000,6500,22/08/2026
Tamil Nadu,Thiruvarur,Tiruthuraipoondi(Uzhavar Sandhai ),Mango,Safeda,Local,7000,8000,7500,22/08/2026
Tamil Nadu,Nagercoil (Kannyiakumari),Vadaseri APMC,Mango,Safeda,Local,6500,7000,6750,22/08/2026
Tamil Nadu,Vellore,Vellore APMC,Mango,Safeda,Local,11000,11000,11000,22/08/2026
Tamil Nadu,Thiruvannamalai,Chengam(Uzhavar Sandhai ),Mango,Safeda,Local,4200,5000,4600,22/08/2026
Tamil Nadu,Sivaganga,Sivagangai (Uzhavar Sandhai ),Mango,Safeda,Local,4500,5500,5000,22/08/2026
Tamil Nadu,Karur,Gandhigramam(Uzhavar Sandhai),Mango,Neelam,Local,8000,10000,9000,22/08/2026
Tamil Nadu,Kallakuruchi,Kallakurichi(Uzhavar Sandhai ),Mango,Neelam,Local,6000,7000,6500,22/08/2026
Tamil Nadu,Thiruvarur,Mannargudi I(Uzhavar Sandhai ),Mango,Safeda,Local,10000,10000,10000,22/08/2026
Tamil Nadu,Coimbatore,Sundarapuram(Uzhavar Sandhai ),Mango,Neelam,Local,8000,9000,8500,22/08/2026
Tamil Nadu,Coimbatore,Mettupalayam(Uzhavar Sandhai ),Mango,Safeda,Local,6000,10000,8000,22/08/2026
Tamil Nadu,Perambalur,Perambalur(Uzhavar Sandhai ),Mango,Neelam,Local,8000,9000,8500,22/08/2026
Tamil Nadu,Thirunelveli,Palayamkottai(Uzhavar Sandhai ),Mango,Safeda,Local,10000,15000,12500,22/08/2026
Tamil Nadu,Pudukkottai,Gandarvakottai(Uzhavar Sandhai ),Mango,Malgoa,Local,6000,7000,6500,22/08/2026
Tamil Nadu,The Nilgiris,Udhagamandalam(Uzhavar Sandhai ),Mango,Safeda,Local,10000,12000,11000,22/08/2026
Tamil Nadu,Madurai,Thirumangalam(Uzhavar Sandhai ),Mango,Safeda,Local,7000,8000,7500,22/08/2026
Tamil Nadu,Madurai,Melur(Uzhavar Sandhai ),Mango,Safeda,Local,7000,7500,7250,22/08/2026
Tamil Nadu,Salem,Vazhapadi(Uzhavar Sandhai),Mango,Neelam,Local,5000,5000,5000,22/08/2026
Tamil Nadu,Thirupur,Dharapuram(Uzhavar Sandhai ),Mango,Safeda,Local,5500,6000,5750,22/08/2026
Tamil Nadu,Thiruvannamalai,Arani(Uzhavar Sandhai ),Mango,Safeda,Local,4000,5000,4500,22/08/2026
Tamil Nadu,Villupuram,Villupuram(Uzhavar Sandhai ),Mango,Safeda,Local,10000,10000,10000,22/08/2026
Tamil Nadu,Coimbatore,Kurichi(Uzhavar Sandhai ),Mango,Neelam,Local,8000,9000,8500,22/08/2026
Tamil Nadu,Kallakuruchi,Sankarapuram(Uzhavar Sandhai ),Mango(Raw-Ripe),Mango - Raw-Ripe,Local,5000,5000,5000,22/08/2026
Tamil Nadu,Salem,Thammampatti (Uzhavar Sandhai ),Mango(Raw-Ripe),Mango - Raw-Ripe,Local,6000,6000,6000,22/08/2026
Tamil Nadu,Thirunelveli,Palayamkottai(Uzhavar Sandhai ),Mango(Raw-Ripe),Mango - Raw-Ripe,Local,6000,7000,6500,22/08/2026
Tamil Nadu,Thiruvarur,Muthupettai(Uzhavar Sandhai ),Mango(Raw-Ripe),Mango - Raw-Ripe,Local,7000,7000,7000,22/08/2026
Tamil Nadu,Thanjavur,Peravurani(Uzhavar Sandhai),Mango(Raw-Ripe),Mango - Raw-Ripe,Local,2500,3000,2750,22/08/2026
Tamil Nadu,Salem,Attayampatti(Uzhavar Sandhai ),Mango(Raw-Ripe),Mango - Raw-Ripe,Local,2000,2500,2250,22/08/2026
Tamil Nadu,Thiruchirappalli,KKNagar(Uzhavar Sandhai ),Mango(Raw-Ripe),Mango - Raw-Ripe,Local,10000,10000,10000,22/08/2026
Tamil Nadu,Thiruchirappalli,Manapparai(Uzhavar Sandhai ),Mango(Raw-Ripe),Mango - Raw-Ripe,Local,10000,10000,10000,22/08/2026
Tamil Nadu,Nagercoil (Kannyiakumari),Myladi(Uzhavar Sandhai ),Mango(Raw-Ripe),Mango - Raw-Ripe,Local,6500,7000,6750,22/08/2026
Tamil Nadu,Thiruvellore,Tiruvallur(Uzhavar Sandhai ),Mango(Raw-Ripe),Mango - Raw-Ripe,Local,4000,4000,4000,22/08/2026
Tamil Nadu,Karur,Gandhigramam(Uzhavar Sandhai),Mango(Raw-Ripe),Mango - Raw-Ripe,Local,5000,8000,6500,22/08/2026
Tamil Nadu,Nagapattinam,Mayiladuthurai(Uzhavar Sandhai ),Mango(Raw-Ripe),Mango - Raw-Ripe,Local,3500,4000,3750,22/08/2026
Tamil Nadu,Ramanathapuram,Ramanathapuram(Uzhavar Sandhai ),Mango(Raw-Ripe),Mango - Raw-Ripe,Local,5000,5200,5100,22/08/2026
Tamil Nadu,Thiruvannamalai,Tiruvannamalai(Uzhavar Sandhai ),Mango(Raw-Ripe),Mango - Raw-Ripe,Local,12000,14000,13000,22/08/2026
Tamil Nadu,Thiruvarur,Mannargudi I(Uzhavar Sandhai ),Mango(Raw-Ripe),Mango - Raw-Ripe,Local,7000,7000,7000,22/08/2026
Tamil Nadu,Karur,Karur(Uzhavar Sandhai ),Mango(Raw-Ripe),Mango - Raw-Ripe,Local,7500,8000,7750,22/08/2026
Tamil Nadu,Nagapattinam,Sirkali(Uzhavar Sandhai ),Mango(Raw-Ripe),Mango - Raw-Ripe,Local,5500,6000,5750,22/08/2026
Tamil Nadu,Namakkal,Rasipuram(Uzhavar Sandhai ),Mango(Raw-Ripe),Mango - Raw-Ripe,Local,4500,5500,5000,22/08/2026
Tamil Nadu,Thanjavur,Tirukattupalli(Uzhavar Sandhai ),Mango(Raw-Ripe),Mango - Raw-Ripe,Local,7000,7000,7000,22/08/2026
Tamil Nadu,Pudukkottai,Gandarvakottai(Uzhavar Sandhai ),Mango(Raw-Ripe),Mango - Raw-Ripe,Local,6000,7000,6500,22/08/2026
Tamil Nadu,Sivaganga,Karaikudi(Uzhavar Sandhai ),Mango(Raw-Ripe),Mango - Raw-Ripe,Local,5500,6000,5750,22/08/2026
Tamil Nadu,Thanjavur,Thanjavur(Uzhavar Sandhai ),Mango(Raw-Ripe),Mango - Raw-Ripe,Local,7000,7000,7000,22/08/2026
Tamil Nadu,Thiruchirappalli,Musiri(Uzhavar Sandhai ),Mango(Raw-Ripe),Mango - Raw-Ripe,Local,9000,10000,9500,22/08/2026
Tamil Nadu,Madurai,Chokkikulam(Uzhavar Sandhai ),Mango(Raw-Ripe),Mango - Raw-Ripe,Local,5500,14000,9750,22/08/2026
Tamil Nadu,Cuddalore,Viruthachalam(Uzhavar Sandhai ),Mango(Raw-Ripe),Mango - Raw-Ripe,Local,8000,8000,8000,22/08/2026
Tamil Nadu,The Nilgiris,Udhagamandalam(Uzhavar Sandhai ),Mango(Raw-Ripe),Mango - Raw-Ripe,Local,10000,11000,10500,22/08/2026
Tamil Nadu,Virudhunagar,Aruppukottai(Uzhavar Sandhai ),Mango(Raw-Ripe),Mango - Raw-Ripe,Local,9000,10000,9500,22/08/2026
Tamil Nadu,Thiruvarur,Valangaiman APMC,Mango(Raw-Ripe),Mango - Raw-Ripe,Local,6000,6000,6000,22/08/2026
Tamil Nadu,Chengalpattu,Guduvancheri(Uzhavar Sandhai ),Mango(Raw-Ripe),Mango - Raw-Ripe,Local,7000,8000,7500,22/08/2026
Tamil Nadu,Kallakuruchi,Kallakurichi(Uzhavar Sandhai ),Mango(Raw-Ripe),Mango - Raw-Ripe,Local,3000,3000,3000,22/08/2026
Tamil Nadu,Pudukkottai,Viralimalai(Uzhavar Sandhai ),Mango(Raw-Ripe),Mango - Raw-Ripe,Local,6000,7000,6500,22/08/2026
Tamil Nadu,Vellore,Kahithapattarai(Uzhavar Sandhai ),Mango(Raw-Ripe),Mango - Raw-Ripe,Local,12000,12000,12000,22/08/2026
Tamil Nadu,Cuddalore,Cuddalore(Uzhavar Sandhai ),Mango(Raw-Ripe),Mango - Raw-Ripe,Local,6000,10000,8000,22/08/2026
Tamil Nadu,Vellore,Vellore APMC,Mango(Raw-Ripe),Mango - Raw-Ripe,Local,11000,11000,11000,22/08/2026
Tamil Nadu,Namakkal,Namakkal(Uzhavar Sandhai ),Mango(Raw-Ripe),Mango - Raw-Ripe,Local,4500,5000,4750,22/08/2026
Tamil Nadu,Madurai,Anna nagar(Uzhavar Sandhai ),Mango(Raw-Ripe),Mango - Raw-Ripe,Local,8400,8400,8400,22/08/2026
Tamil Nadu,Perambalur,Perambalur(Uzhavar Sandhai ),Mango(Raw-Ripe),Mango - Raw-Ripe,Local,9000,9600,9300,22/08/2026
Tamil Nadu,Coimbatore,Sulur(Uzhavar Sandhai ),Mango(Raw-Ripe),Mango - Raw-Ripe,Local,5000,6500,5750,22/08/2026
Tamil Nadu,Sivaganga,Singampunari(Uzhavar Sandhai ),Mango(Raw-Ripe),Mango - Raw-Ripe,Local,4600,5600,5100,22/08/2026
Tamil Nadu,Thanjavur,Pattukottai(Uzhavar Sandhai ),Mango(Raw-Ripe),Mango - Raw-Ripe,Local,5000,5000,5000,22/08/2026
Tamil Nadu,Thiruchirappalli,Lalgudi(Uzhavar Sandhai ),Mango(Raw-Ripe),Mango - Raw-Ripe,Local,10000,10000,10000,22/08/2026
Tamil Nadu,Chengalpattu,Chengalpet(Uzhavar Sandhai ),Mango(Raw-Ripe),Mango - Raw-Ripe,Local,8000,9000,8500,22/08/2026
Tamil Nadu,Chengalpattu,Jameenrayapettai(Uzhavar Sandhai ),Mango(Raw-Ripe),Mango - Raw-Ripe,Local,7000,8000,7500,22/08/2026
Tamil Nadu,Nagapattinam,Nagapattinam(Uzhavar Sandhai ),Mango(Raw-Ripe),Mango - Raw-Ripe,Local,4300,6500,5400,22/08/2026
Tamil Nadu,Pudukkottai,Pudukottai(Uzhavar Sandhai ),Mango(Raw-Ripe),Mango - Raw-Ripe,Local,9000,10000,9500,22/08/2026
Tamil Nadu,Thiruvarur,Tiruvarur(Uzhavar Sandhai ),Mango(Raw-Ripe),Mango - Raw-Ripe,Local,5000,6000,5500,22/08/2026
Tamil Nadu,Villupuram,Gingee(Uzhavar Sandhai ),Mango(Raw-Ripe),Mango - Raw-Ripe,Local,7000,7000,7000,22/08/2026
Tamil Nadu,Thirupur,Dharapuram(Uzhavar Sandhai ),Mango(Raw-Ripe),Mango - Raw-Ripe,Local,2500,3000,2750,22/08/2026
Tamil Nadu,Salem,Athur(Uzhavar Sandhai ),Mango(Raw-Ripe),Mango - Raw-Ripe,Local,4500,5000,4750,22/08/2026
Tamil Nadu,Thiruvannamalai,Arani(Uzhavar Sandhai ),Mango(Raw-Ripe),Mango - Raw-Ripe,Local,7000,8000,7500,22/08/2026
Tamil Nadu,Coimbatore,Mettupalayam(Uzhavar Sandhai ),Mango(Raw-Ripe),Mango - Raw-Ripe,Local,6000,7000,6500,22/08/2026
Tamil Nadu,Cuddalore,Chidambaram(Uzhavar Sandhai ),Mango(Raw-Ripe),Mango - Raw-Ripe,Local,8000,8000,8000,22/08/2026
Tamil Nadu,Nagercoil (Kannyiakumari),Vadaseri APMC,Mango(Raw-Ripe),Mango - Raw-Ripe,Local,6500,7000,6750,22/08/2026
Tamil Nadu,Pudukkottai,Karambakkudi(Uzhavar Sandhai ),Mango(Raw-Ripe),Mango - Raw-Ripe,Local,7000,8000,7500,22/08/2026
Tamil Nadu,Vellore,Thirupathur APMC,Mango(Raw-Ripe),Mango - Raw-Ripe,Local,5000,5000,5000,22/08/2026
Tamil Nadu,Madurai,Palanganatham(Uzhavar Sandhai ),Mango(Raw-Ripe),Mango - Raw-Ripe,Local,5000,5500,5250,22/08/2026
Tamil Nadu,Thiruchirappalli,Thuraiyur APMC,Mango(Raw-Ripe),Mango - Raw-Ripe,Local,9000,10000,9500,22/08/2026
Tamil Nadu,Thirunelveli,Melapalayam(Uzhavar Sandhai ),Mango(Raw-Ripe),Mango - Raw-Ripe,Local,6500,7000,6750,22/08/2026
Tamil Nadu,Thiruvannamalai,Tamarainagar(Uzhavar Sandhai ),Mango(Raw-Ripe),Mango - Raw-Ripe,Local,5000,6000,5500,22/08/2026
Tamil Nadu,Karur,Pallapatti (Uzhavar Sandhai ),Mango(Raw-Ripe),Mango - Raw-Ripe,Local,7500,8000,7750,22/08/2026
Tamil Nadu,Sivaganga,Sivagangai (Uzhavar Sandhai ),Mango(Raw-Ripe),Mango - Raw-Ripe,Local,6000,6000,6000,22/08/2026
Tamil Nadu,Salem,Hasthampatti(Uzhavar Sandhai ),Mango(Raw-Ripe),Mango - Raw-Ripe,Local,4000,5000,4500,22/08/2026
Tamil Nadu,Chengalpattu,Nanganallur(Uzhavar Sandhai ),Mango(Raw-Ripe),Mango - Raw-Ripe,Local,6000,7000,6500,22/08/2026
Tamil Nadu,Villupuram,Ulundurpettai APMC,Mango(Raw-Ripe),Mango - Raw-Ripe,Local,2000,2000,2000,22/08/2026
Tamil Nadu,Tenkasi,Tenkasi(Uzhavar Sandhai ),Mango(Raw-Ripe),Mango - Raw-Ripe,Local,6000,6000,6000,22/08/2026
Tamil Nadu,Thiruvarur,Needamangalam(Uzhavar Sandhai ),Mango(Raw-Ripe),Mango - Raw-Ripe,Local,7000,7000,7000,22/08/2026
Tamil Nadu,Virudhunagar,Kariyapatti(Uzhavar Sandhai ),Mango(Raw-Ripe),Mango - Raw-Ripe,Local,9500,10000,9750,22/08/2026
Tamil Nadu,Pudukkottai,Aranthangi(Uzhavar Sandhai ),Mango(Raw-Ripe),Mango - Raw-Ripe,Local,7000,8000,7500,22/08/2026
Tamil Nadu,Nagapattinam,Vedaranyam(Uzhavar Sandhai),Mango(Raw-Ripe),Mango - Raw-Ripe,Local,4000,6000,5000,22/08/2026
Tamil Nadu,Pudukkottai,Alangudi(Uzhavar Sandhai ),Mango(Raw-Ripe),Mango - Raw-Ripe,Local,6000,7000,6500,22/08/2026
Tamil Nadu,Thiruvannamalai,Polur(Uzhavar Sandhai ),Mango(Raw-Ripe),Mango - Raw-Ripe,Local,1600,2000,1800,22/08/2026
Tamil Nadu,Thiruvarur,Mannargudi II(Uzhavar Sandhai ),Mango(Raw-Ripe),Mango - Raw-Ripe,Local,7000,7000,7000,22/08/2026
Tamil Nadu,Tuticorin,Kovilpatti(Uzhavar Sandhai ),Mango(Raw-Ripe),Mango - Raw-Ripe,Local,7000,7500,7250,22/08/2026
Tamil Nadu,Vellore,Gudiyatham(Uzhavar Sandhai ),Mango(Raw-Ripe),Mango - Raw-Ripe,Local,6600,6600,6600,22/08/2026
Tamil Nadu,Ariyalur,Ariyalur(Uzhavar Sandhai),Mango(Raw-Ripe),Mango - Raw-Ripe,Local,3000,3500,3250,22/08/2026
Tamil Nadu,Coimbatore,Singanallur(Uzhavar Sandhai ),Mango(Raw-Ripe),Mango - Raw-Ripe,Local,6000,6500,6250,22/08/2026
Tamil Nadu,Krishnagiri,Hosur(Uzhavar Sandhai ),Mango(Raw-Ripe),Mango - Raw-Ripe,Local,2500,3000,2750,22/08/2026
Tamil Nadu,Madurai,Anaiyur(Uzhavar Sandhai ),Mango(Raw-Ripe),Mango - Raw-Ripe,Local,5000,5500,5250,22/08/2026
Tamil Nadu,Ranipet,Ranipettai(Uzhavar Sandhai ),Mango(Raw-Ripe),Mango - Raw-Ripe,Local,8000,10000,9000,22/08/2026
Tamil Nadu,Cuddalore,Panruti(Uzhavar Sandhai ),Mango(Raw-Ripe),Mango - Raw-Ripe,Local,7000,7000,7000,22/08/2026
Tamil Nadu,Cuddalore,Vadalur(Uzhavar Sandhai ),Mango(Raw-Ripe),Mango - Raw-Ripe,Local,5000,5000,5000,22/08/2026
Tamil Nadu,Sivaganga,Devakottai (Uzhavar Sandhai ),Mango(Raw-Ripe),Mango - Raw-Ripe,Local,4500,5400,4950,22/08/2026
Tamil Nadu,Sivaganga,Tirupatthur(Uzhavar Sandhai ),Mango(Raw-Ripe),Mango - Raw-Ripe,Local,5000,5500,5250,22/08/2026
Tamil Nadu,Thiruchirappalli,Manachanallur(Uzhavar Sandhai ),Mango(Raw-Ripe),Mango - Raw-Ripe,Local,10000,10000,10000,22/08/2026
Tamil Nadu,Thiruchirappalli,Thiruverumbur(Uzhavar Sandhai ),Mango(Raw-Ripe),Mango - Raw-Ripe,Local,9000,9000,9000,22/08/2026
Tamil Nadu,Chengalpattu,Pallavaram(Uzhavar Sandhai ),Mango(Raw-Ripe),Mango - Raw-Ripe,Local,7000,8000,7500,22/08/2026
Tamil Nadu,Villupuram,Tindivanam APMC,Mango(Raw-Ripe),Mango - Raw-Ripe,Local,5000,5000,5000,22/08/2026
Tamil Nadu,Thanjavur,Kumbakonam (Uzhavar Sandhai ),Mango(Raw-Ripe),Mango - Raw-Ripe,Local,8400,16800,12600,22/08/2026
Tamil Nadu,Madurai,Melur(Uzhavar Sandhai ),Mango(Raw-Ripe),Mango - Raw-Ripe,Local,12000,14000,13000,22/08/2026
Tamil Nadu,Salem,Vazhapadi(Uzhavar Sandhai),Mango(Raw-Ripe),Mango - Raw-Ripe,Local,4000,4000,4000,22/08/2026
Tamil Nadu,Thiruvarur,Tiruthuraipoondi(Uzhavar Sandhai ),Mango(Raw-Ripe),Mango - Raw-Ripe,Local,6000,6000,6000,22/08/2026
Tamil Nadu,Coimbatore,Sundarapuram(Uzhavar Sandhai ),Mango(Raw-Ripe),Mango - Raw-Ripe,Local,6000,6500,6250,22/08/2026
Tamil Nadu,Krishnagiri,Kaveripattinam(Uzhavar Sandhai ),Mango(Raw-Ripe),Mango - Raw-Ripe,Local,8000,8000,8000,22/08/2026
Maharashtra,Nagpur,Kamthi APMC,Mango,Other,Local,2030,2530,2280,22/08/2026
Maharashtra,Pune,Pune(Moshi) APMC,Mango,Other,Local,5000,5000,5000,22/08/2026
Maharashtra,Mumbai,Mumbai APMC,Mango(Raw-Ripe),Other,Local,4000,4600,4300,22/08/2026
Uttar Pradesh,Ghaziabad,Noida APMC,dried mango,Other,FAQ,27720.2,27720.2,27720.2,22/08/2026
Uttar Pradesh,Agra,Agra APMC,dried mango,Other,FAQ,13874.9,13874.9,13874.9,22/08/2026
Uttar Pradesh,Ghaziabad,Ghaziabad APMC,dried mango,Other,FAQ,27721,27721,27721,22/08/2026
Uttar Pradesh,Kanpur,Kanpur(Grain) APMC,dried mango,Other,FAQ,4500,4500,4500,22/08/2026
Rajasthan,Udaipur,Udaipur (F&V) APMC,Mango,Other,Medium,5000,5000,5000,22/08/2026
Rajasthan,Ganganagar,Sriganganagar (F&V) APMC,Mango,Amrapali,Grade A,13300,13700,13500,22/08/2026
Rajasthan,Udaipur,Udaipur (F&V) APMC,Mango(Raw-Ripe),Other,Medium,9000,9000,9000,22/08/2026
Gujarat,Surat,Surat APMC,Mango(Raw-Ripe),Other,FAQ,7000,12000,9500,22/08/2026
Haryana,Kurukshetra,Shahabad APMC,Mango,Other,Medium,4500,7000,6500,22/08/2026
Haryana,Yamuna Nagar,Jagadhri APMC,Mango,Other,Medium,5000,16000,12500,22/08/2026
Haryana,Hissar,Barwala(Hisar) APMC,Mango,Other,Local,10000,11000,11000,22/08/2026
Haryana,Rohtak,Rohtak APMC,Mango,Other,Medium,6000,10000,8000,22/08/2026
Haryana,Sonipat,Sonepat APMC,Mango,Chausa,Medium,9200,12000,9800,22/08/2026
Haryana,Jind,Narwana APMC,Mango,Other,Local,10000,10000,10000,22/08/2026
Haryana,Hissar,Hansi APMC,Mango,Other,Grade B,8000,12000,10000,22/08/2026
Punjab,Ludhiana,Ludhiana APMC,Mango,Other,Medium,2000,6000,3000,22/08/2026
Punjab,Bhatinda,Rampuraphul(Nabha Mandi) APMC,Mango,Other,Grade A,6000,8000,7000,22/08/2026
Punjab,Bhatinda,Bathinda APMC,Mango,Other,Grade B,5000,7000,6000,22/08/2026
Punjab,Patiala,Rajpura APMC,Mango,Other,Grade B,4000,5000,4550,22/08/2026
Punjab,Patiala,Samana APMC,Mango,Other,Grade Range-2,6500,7600,7300,22/08/2026
Andhra Pradesh,Anakapally,Payakaraopeta APMC,Mango,Other,Local,2300,2500,2400,22/08/2026
Andhra Pradesh,Tirupathi,Puttur APMC,Mango,Other,Local,1100,1200,1150,22/08/2026
West Bengal,Kolkata,Mechua APMC,Mango,Other,Grade A,8000,8500,8200,22/08/2026
Telangana,Ranga Reddy,Gaddiannaram APMC,Mango,Langra,Medium,2000,6000,3000,22/08/2026
Telangana,Hyderabad,Bowenpally APMC,Mango(Raw-Ripe),Mango - Raw-Ripe,FAQ,1000,3000,2500,22/08/2026
Uttarakhand,Haridwar,Roorkee APMC,Mango,Other,Local,1200,2200,1600,22/08/2026
Uttarakhand,Dehradoon,Rishikesh APMC,Mango,Chausa,Medium,5500,9000,8550,22/08/2026
Uttarakhand,Dehradoon,Dehradoon APMC,Mango,Other,Grade B,1850,3500,2200,22/08/2026
Uttarakhand,Haridwar,Haridwar Union APMC,Mango,Other,Local,2200,3000,2600,22/08/2026
Uttarakhand,Udhamsinghnagar,Kashipur APMC,Mango,Other,Local,2300,2300,2300,22/08/2026
Himachal Pradesh,Mandi,PMY Kangni Mandi,Mango,Chausa,Grade B,9000,10000,9000,22/08/2026
Himachal Pradesh,Solan,PMY Kather Solan,Mango,Other,Medium,10000,15000,12000,22/08/2026
Himachal Pradesh,Bilaspur,PMY Bilaspur,Mango,Other,Grade C,12000,13500,13000,22/08/2026
Himachal Pradesh,Una,PMY Una,Mango,Chausa,Grade A,10000,13000,11500,22/08/2026
Himachal Pradesh,Kullu,PMY Kullu,Mango,Other,Medium,10000,13000,12000,22/08/2026
Tamil Nadu,Madurai,Anaiyur(Uzhavar Sandhai ),Pomegranate,Pomogranate,Local,18000,23000,20500,22/08/2026
Tamil Nadu,Madurai,Palanganatham(Uzhavar Sandhai ),Pomegranate,Pomogranate,Local,18000,23000,20500,22/08/2026
Tamil Nadu,Salem,Thathakapatti(Uzhavar Sandhai ),Pomegranate,Pomogranate,Local,12000,16000,14000,22/08/2026
Tamil Nadu,Vellore,Katpadi (Uzhavar Sandhai ),Pomegranate,Pomogranate,Local,18000,18000,18000,22/08/2026
Tamil Nadu,Vellore,Vellore APMC,Pomegranate,Pomogranate,Local,18000,18000,18000,22/08/2026
Tamil Nadu,Salem,Ammapet(Uzhavar Sandhai ),Pomegranate,Pomogranate,Local,12000,15000,13500,22/08/2026
Tamil Nadu,Chengalpattu,Jameenrayapettai(Uzhavar Sandhai ),Pomegranate,Pomogranate,Local,12000,14000,13000,22/08/2026
Tamil Nadu,Erode,Sampath Nagar(Uzhavar Sandhai ),Pomegranate,Pomogranate,Local,17000,17500,17250,22/08/2026
Tamil Nadu,Thiruvarur,Mannargudi I(Uzhavar Sandhai ),Pomegranate,Pomogranate,Local,16000,16000,16000,22/08/2026
Tamil Nadu,Madurai,Chokkikulam(Uzhavar Sandhai ),Pomegranate,Pomogranate,Local,18000,23000,20500,22/08/2026
Tamil Nadu,Pudukkottai,Pudukottai(Uzhavar Sandhai ),Pomegranate,Pomogranate,Local,24000,25000,24500,22/08/2026
Tamil Nadu,The Nilgiris,Udhagamandalam(Uzhavar Sandhai ),Pomegranate,Pomogranate,Local,10000,13000,11500,22/08/2026
Tamil Nadu,Virudhunagar,Aruppukottai(Uzhavar Sandhai ),Pomegranate,Pomogranate,Local,13000,14000,13500,22/08/2026
Tamil Nadu,Thiruchirappalli,KKNagar(Uzhavar Sandhai ),Pomegranate,Pomogranate,Local,16000,16000,16000,22/08/2026
Tamil Nadu,Coimbatore,Mettupalayam(Uzhavar Sandhai ),Pomegranate,Pomogranate,Local,12000,14000,13000,22/08/2026
Tamil Nadu,Coimbatore,RSPuram(Uzhavar Sandhai ),Pomegranate,Pomogranate,Local,10000,14000,12000,22/08/2026
Tamil Nadu,Thiruvannamalai,Tiruvannamalai(Uzhavar Sandhai ),Pomegranate,Pomogranate,Local,14000,16000,15000,22/08/2026
Tamil Nadu,Vellore,Kahithapattarai(Uzhavar Sandhai ),Pomegranate,Pomogranate,Local,13000,13000,13000,22/08/2026
Tamil Nadu,Theni,Theni(Uzhavar Sandhai ),Pomegranate,Pomogranate,Local,14000,26000,20000,22/08/2026
Tamil Nadu,Thirunelveli,Palayamkottai(Uzhavar Sandhai ),Pomegranate,Pomogranate,Local,16000,18000,17000,22/08/2026
Tamil Nadu,Perambalur,Perambalur(Uzhavar Sandhai ),Pomegranate,Pomogranate,Local,18000,20000,19000,22/08/2026
Tamil Nadu,Salem,Hasthampatti(Uzhavar Sandhai ),Pomegranate,Pomogranate,Local,10000,12000,11000,22/08/2026
Tamil Nadu,Thanjavur,Thanjavur(Uzhavar Sandhai ),Pomegranate,Pomogranate,Local,24000,24000,24000,22/08/2026
Tamil Nadu,Chengalpattu,Nanganallur(Uzhavar Sandhai ),Pomegranate,Pomogranate,Local,13000,14000,13500,22/08/2026
Tamil Nadu,Coimbatore,Singanallur(Uzhavar Sandhai ),Pomegranate,Pomogranate,Local,16000,17000,16500,22/08/2026
Tamil Nadu,Krishnagiri,Hosur(Uzhavar Sandhai ),Pomegranate,Pomogranate,Local,15000,17000,16000,22/08/2026
Tamil Nadu,Madurai,Anna nagar(Uzhavar Sandhai ),Pomegranate,Pomogranate,Local,15000,15000,15000,22/08/2026
Tamil Nadu,Coimbatore,Vadavalli(Uzhavar Sandhai ),Pomegranate,Pomogranate,Local,10000,14000,12000,22/08/2026
Madhya Pradesh,Indore,Indore(F&V) APMC,Pomegranate,Pomogranate,Local,3000,8000,6000,22/08/2026
Maharashtra,Amarawati,Amrawati(Frui & Veg. Market) APMC,Pomegranate,Other,Local,2000,12000,7000,22/08/2026
Maharashtra,Pune,Indapur APMC,Pomegranate,Other,Local,1500,31100,4500,22/08/2026
Maharashtra,Nashik,Nasik APMC,Pomegranate,Other,Local,300,8000,5000,22/08/2026
Maharashtra,Chandrapur,Chandrapur(Ganjwad) APMC,Pomegranate,Other,Local,7000,10000,8000,22/08/2026
Maharashtra,Nagpur,Nagpur APMC,Pomegranate,Other,Local,2000,6000,5000,22/08/2026
Maharashtra,Solapur,SHRI.SIDDHESHWAR  APMC,Pomegranate,Other,Local,1000,13000,4500,22/08/2026
Maharashtra,Pune,Pune(Moshi) APMC,Pomegranate,Other,Local,8000,10000,9000,22/08/2026
Maharashtra,Ahilyanagar,Shrirampur APMC,Pomegranate,Other,Local,2000,12000,7000,22/08/2026
Maharashtra,Solapur,"Perfect Krushi Market Yard, Tal Madha, Dist Solapur",Pomegranate,Other,Local,1425,13250,8750,22/08/2026
Maharashtra,Pune,Pune(Manjri) APMC,Pomegranate,Other,Local,6000,8000,7000,22/08/2026
Maharashtra,Nashik,Pimpalgaon Baswant APMC,Pomegranate,Other,Local,250,10300,8500,22/08/2026
Maharashtra,Sangli,"Sangli(Phale, Bhajipala Market) APMC",Pomegranate,Other,Local,3000,10000,6500,22/08/2026
Maharashtra,Chattrapati Sambhajinagar,Chattrapati Sambhajinagar APMC,Pomegranate,Other,Local,250,11000,5625,22/08/2026
Maharashtra,Mumbai,Mumbai- Fruit Market APMC,Pomegranate,Other,Local,10000,15000,12500,22/08/2026
Maharashtra,Solapur,Sangola APMC,Pomegranate,Other,Local,2700,14100,8000,22/08/2026
Maharashtra,Nashik,"Perfect Krishi Market Yard Pvt Ltd, Dist Nashik",Pomegranate,Other,Local,1325,12950,8450,22/08/2026
Uttar Pradesh,Bulandshahar,Siyana APMC,Pomegranate,Pomogranate,Medium,6600,6700,6650,22/08/2026
Uttar Pradesh,Kanpur,Baripaal APMC,Pomegranate,Pomogranate,Medium,5000,5800,5400,22/08/2026
Rajasthan,Ganganagar,Sriganganagar (F&V) APMC,Pomegranate,Pomogranate,Grade A,8000,8400,8200,22/08/2026
Rajasthan,Udaipur,Udaipur (F&V) APMC,Pomegranate,Other,Medium,3000,7000,5000,22/08/2026
Gujarat,Rajkot,Gondal(Veg.market Gondal) APMC,Pomegranate,Pomogranate,Local,2000,8000,5000,22/08/2026
Gujarat,Banaskanth,Deesa(Deesa Veg Yard) APMC,Pomegranate,Other,Medium,6000,11000,8500,22/08/2026
Gujarat,Porbandar,Porbandar APMC,Pomegranate,Other,Grade A,3000,5000,4000,22/08/2026
Haryana,Jind,Narwana APMC,Pomegranate,Pomogranate,Local,7000,7000,7000,22/08/2026
Haryana,Gurgaon,Gurgaon APMC,Pomegranate,Other,Grade B,5000,7000,6000,22/08/2026
Haryana,Rohtak,Meham,Pomegranate,Pomogranate,Medium,10000,10000,10000,22/08/2026
Haryana,Mahendragarh-Narnaul,Mohindergarh APMC,Pomegranate,Pomogranate,Medium,7000,7000,7000,22/08/2026
Haryana,Ambala,Barara APMC,Pomegranate,Other,Medium,7000,9000,7000,22/08/2026
Haryana,Ambala,Ambala Cantt. APMC,Pomegranate,Pomogranate,Small,6000,9000,8500,22/08/2026
Haryana,Kurukshetra,Ladwa APMC,Pomegranate,Pomogranate,Medium,6000,12000,9000,22/08/2026
Haryana,Ambala,Naraingarh APMC,Pomegranate,Pomogranate,Local,6000,8500,7000,22/08/2026
Haryana,Faridabad,Ballabhgarh APMC,Pomegranate,Other,Grade A,7000,8500,8000,22/08/2026
Haryana,Kurukshetra,Shahabad APMC,Pomegranate,Pomogranate,Medium,7500,9000,8000,22/08/2026
Haryana,Panipat,Panipat APMC,Pomegranate,Pomogranate,Local,5000,7000,6000,22/08/2026
Haryana,Yamuna Nagar,Jagadhri APMC,Pomegranate,Pomogranate,Medium,6000,9500,9000,22/08/2026
Haryana,Hissar,Hansi APMC,Pomegranate,Other,Grade B,8000,15000,12000,22/08/2026
Haryana,Mahendragarh-Narnaul,Narnaul APMC,Pomegranate,Pomogranate,Medium,10000,12000,12000,22/08/2026
Haryana,Sonipat,Sonepat APMC,Pomegranate,Other,Medium,4100,8000,6500,22/08/2026
Haryana,Sonipat,Kharkhoda APMC,Pomegranate,Other,Medium,10000,12000,11000,22/08/2026
Haryana,Hissar,Barwala(Hisar) APMC,Pomegranate,Pomogranate,Local,14000,18000,17000,22/08/2026
Haryana,Sonipat,Gohana APMC,Pomegranate,Pomogranate,Medium,10000,14000,12000,22/08/2026
Punjab,Patiala,Samana APMC,Pomegranate,Pomogranate,Grade Range-2,15000,24000,17000,22/08/2026
Punjab,Ludhiana,Jagraon APMC,Pomegranate,Other,Grade A,8300,8300,8300,22/08/2026
Punjab,Ludhiana,Ludhiana APMC,Pomegranate,Other,Medium,2000,5000,4000,22/08/2026
West Bengal,Kolkata,Mechua APMC,Pomegranate,Other,Grade A,11500,13400,12000,22/08/2026
Telangana,Warangal,Warangal APMC,Pomegranate,Pomogranate,Large,6000,12000,8300,22/08/2026
Telangana,Ranga Reddy,Gaddiannaram APMC,Pomegranate,Pomogranate,Medium,1000,14000,3000,22/08/2026
Uttarakhand,Haridwar,Manglaur APMC,Pomegranate,Other,Medium,4000,7000,5000,22/08/2026
Uttarakhand,Dehradoon,Rishikesh APMC,Pomegranate,Other,Medium,6200,10200,7500,22/08/2026
Uttarakhand,Garhwal (Pauri),Kotadwara APMC,Pomegranate,Pomogranate,Small,3500,3500,3500,22/08/2026
Uttarakhand,Udhamsinghnagar,Kicchha APMC,Pomegranate,Pomogranate,Medium,8000,9000,8500,22/08/2026
Uttarakhand,Udhamsinghnagar,Rudrapur APMC,Pomegranate,Other,Medium,5000,7500,6000,22/08/2026
Uttarakhand,Dehradoon,Dehradoon APMC,Pomegranate,Other,Grade B,8500,10500,9500,22/08/2026
Himachal Pradesh,Bilaspur,PMY Bilaspur,Pomegranate,Pomogranate,Grade C,6000,15000,12000,22/08/2026
Himachal Pradesh,Kullu,PMY Kullu,Pomegranate,Other,Medium,5000,13000,8000,22/08/2026
Himachal Pradesh,Mandi,PMY Kangni Mandi,Pomegranate,Pomogranate,Grade B,5000,11000,8000,22/08/2026
Himachal Pradesh,Kangra,SMY Nagrota Bagwan,Pomegranate,Pomogranate,Medium,10000,11000,10500,22/08/2026
Himachal Pradesh,Solan,PMY Kather Solan,Pomegranate,Other,Medium,7000,12000,10000,22/08/2026
Himachal Pradesh,Mandi,SMY Dhanotu,Pomegranate,Pomogranate,Medium,8000,12000,10000,22/08/2026
Himachal Pradesh,Mandi,SMY Jogindernagar,Pomegranate,Pomogranate,Grade B,5500,14000,9750,22/08/2026
Himachal Pradesh,Kangra,SMY Jaisinghpur,Pomegranate,Other,Medium,8000,16000,11000,22/08/2026
Himachal Pradesh,Una,PMY Una,Pomegranate,Pomogranate,Grade A,8000,16000,12000,22/08/2026
Himachal Pradesh,Kangra,SMY Dharamshala,Pomegranate,Pomogranate,Medium,11000,12000,11750,22/08/2026
Himachal Pradesh,Hamirpur,SMY Nadaun,Pomegranate,Other,Grade B,15000,16000,15500,22/08/2026
Himachal Pradesh,Kangra,PMY Kangra,Pomegranate,Other,Medium,10000,11000,10500,22/08/2026
Himachal Pradesh,Kangra,SMY Palampur,Pomegranate,Pomogranate,Medium,7000,15000,11000,22/08/2026
Tamil Nadu,Erode,Sampath Nagar(Uzhavar Sandhai ),Grapes,Annabesahai,Local,10000,11000,10500,22/08/2026
Tamil Nadu,Madurai,Anaiyur(Uzhavar Sandhai ),Grapes,Annabesahai,Local,11000,12000,11500,22/08/2026
Tamil Nadu,Salem,Hasthampatti(Uzhavar Sandhai ),Grapes,Annabesahai,Local,8000,10000,9000,22/08/2026
Tamil Nadu,Thanjavur,Thanjavur(Uzhavar Sandhai ),Grapes,Annabesahai,Local,12000,12000,12000,22/08/2026
Tamil Nadu,Coimbatore,RSPuram(Uzhavar Sandhai ),Grapes,Annabesahai,Local,9000,10000,9500,22/08/2026
Tamil Nadu,Krishnagiri,Hosur(Uzhavar Sandhai ),Grapes,Annabesahai,Local,14000,16000,15000,22/08/2026
Tamil Nadu,Madurai,Palanganatham(Uzhavar Sandhai ),Grapes,Annabesahai,Local,11000,12000,11500,22/08/2026
Tamil Nadu,Thirunelveli,Palayamkottai(Uzhavar Sandhai ),Grapes,Annabesahai,Local,11000,12000,11500,22/08/2026
Tamil Nadu,The Nilgiris,Udhagamandalam(Uzhavar Sandhai ),Grapes,Annabesahai,Local,8000,10000,9000,22/08/2026
Tamil Nadu,Thiruvarur,Mannargudi I(Uzhavar Sandhai ),Grapes,Annabesahai,Local,10000,10000,10000,22/08/2026
Tamil Nadu,Dindigul,Chinnalapatti(Uzhavar Sandhai ),Grapes,Annabesahai,Local,8000,9000,8500,22/08/2026
Tamil Nadu,Madurai,Chokkikulam(Uzhavar Sandhai ),Grapes,Annabesahai,Local,11000,12000,11500,22/08/2026
Tamil Nadu,Chengalpattu,Guduvancheri(Uzhavar Sandhai ),Grapes,Annabesahai,Local,11000,12000,11500,22/08/2026
Tamil Nadu,Coimbatore,Vadavalli(Uzhavar Sandhai ),Grapes,Annabesahai,Local,9000,10000,9500,22/08/2026
Tamil Nadu,Thiruvannamalai,Tiruvannamalai(Uzhavar Sandhai ),Grapes,Annabesahai,Local,8000,10000,9000,22/08/2026
Tamil Nadu,Coimbatore,Singanallur(Uzhavar Sandhai ),Grapes,Annabesahai,Local,9000,10000,9500,22/08/2026
Tamil Nadu,Madurai,Anna nagar(Uzhavar Sandhai ),Grapes,Annabesahai,Local,10000,10000,10000,22/08/2026
Tamil Nadu,Perambalur,Perambalur(Uzhavar Sandhai ),Grapes,Annabesahai,Local,10000,12000,11000,22/08/2026
Tamil Nadu,Theni,Theni(Uzhavar Sandhai ),Grapes,Annabesahai,Local,12000,12000,12000,22/08/2026
Tamil Nadu,Thiruchirappalli,KKNagar(Uzhavar Sandhai ),Grapes,Annabesahai,Local,12000,12000,12000,22/08/2026
Tamil Nadu,Thiruchirappalli,Manapparai(Uzhavar Sandhai ),Grapes,Annabesahai,Local,8000,8000,8000,22/08/2026
Tamil Nadu,Chengalpattu,Nanganallur(Uzhavar Sandhai ),Grapes,Annabesahai,Local,8500,9000,8750,22/08/2026
Tamil Nadu,Chengalpattu,Jameenrayapettai(Uzhavar Sandhai ),Grapes,Annabesahai,Local,11000,12000,11500,22/08/2026
Maharashtra,Sangli,Sangli APMC,Dry Grapes,Other,Local,21000,35200,28100,22/08/2026
Maharashtra,Sangli,Tasgaon APMC,Dry Grapes,Other,Local,9000,19500,14700,22/08/2026
Uttar Pradesh,Shamli,Khandhla APMC,Grapes,Green,Medium,4200,4220,4210,22/08/2026
Gujarat,Rajkot,Gondal(Veg.market Gondal) APMC,Grapes,Green,Local,14000,26000,20000,22/08/2026
Haryana,Sonipat,Gohana APMC,Grapes,Other,Medium,15000,20000,16000,22/08/2026
Haryana,Kurukshetra,Shahabad APMC,Grapes,Green,Medium,10000,10000,10000,22/08/2026
Telangana,Ranga Reddy,Gaddiannaram APMC,Grapes,Other,Medium,20000,32000,24000,22/08/2026
Telangana,Ranga Reddy,Gaddiannaram APMC,Grapes,Black,Medium,1500,5000,2500,22/08/2026
Tamil Nadu,Salem,Hasthampatti(Uzhavar Sandhai ),Apple,American,Local,20000,22000,21000,22/08/2026
Tamil Nadu,Salem,Jalagandapuram(Uzhavar Sandhai ),Apple,American,Local,24000,26000,25000,22/08/2026
Tamil Nadu,Thiruvannamalai,Tiruvannamalai(Uzhavar Sandhai ),Apple,American,Local,22000,24000,23000,22/08/2026
Tamil Nadu,Vellore,Vellore APMC,Apple,American,Local,28000,28000,28000,22/08/2026
Tamil Nadu,Thanjavur,Thanjavur(Uzhavar Sandhai ),Apple,American,Local,26000,26000,26000,22/08/2026
Tamil Nadu,Erode,Sampath Nagar(Uzhavar Sandhai ),Apple,American,Local,26000,27000,26500,22/08/2026
Tamil Nadu,Theni,Theni(Uzhavar Sandhai ),Apple,American,Local,14000,26000,20000,22/08/2026
Tamil Nadu,Thirunelveli,Palayamkottai(Uzhavar Sandhai ),Apple,American,Local,20000,24000,22000,22/08/2026
Tamil Nadu,Vellore,Katpadi (Uzhavar Sandhai ),Apple,American,Local,25000,25000,25000,22/08/2026
Tamil Nadu,Madurai,Palanganatham(Uzhavar Sandhai ),Apple,American,Local,20000,27000,23500,22/08/2026
Tamil Nadu,Nagercoil (Kannyiakumari),Myladi(Uzhavar Sandhai ),Apple,American,Local,25000,26000,25500,22/08/2026
Tamil Nadu,Chengalpattu,Jameenrayapettai(Uzhavar Sandhai ),Apple,American,Local,25000,26000,25500,22/08/2026
Tamil Nadu,Thiruvarur,Mannargudi I(Uzhavar Sandhai ),Apple,American,Local,21000,28000,24500,22/08/2026
Tamil Nadu,Kancheepuram,Kundrathur(Uzhavar Sandhai ),Apple,American,Local,16000,18000,17000,22/08/2026
Tamil Nadu,Madurai,Anna nagar(Uzhavar Sandhai ),Apple,American,Local,22000,24000,23000,22/08/2026
Tamil Nadu,Chengalpattu,Nanganallur(Uzhavar Sandhai ),Apple,American,Local,22000,23000,22500,22/08/2026
Tamil Nadu,Coimbatore,RSPuram(Uzhavar Sandhai ),Apple,American,Local,20000,28000,24000,22/08/2026
Tamil Nadu,Krishnagiri,Hosur(Uzhavar Sandhai ),Apple,American,Local,25000,28000,26500,22/08/2026
Tamil Nadu,Madurai,Anaiyur(Uzhavar Sandhai ),Apple,American,Local,26000,27000,26500,22/08/2026
Tamil Nadu,Perambalur,Perambalur(Uzhavar Sandhai ),Apple,American,Local,22000,25000,23500,22/08/2026
Tamil Nadu,Salem,Ammapet(Uzhavar Sandhai ),Apple,American,Local,24000,25000,24500,22/08/2026
Tamil Nadu,Thiruchirappalli,KKNagar(Uzhavar Sandhai ),Apple,American,Local,25000,25000,25000,22/08/2026
Tamil Nadu,Madurai,Chokkikulam(Uzhavar Sandhai ),Apple,American,Local,18000,27000,22500,22/08/2026
Tamil Nadu,The Nilgiris,Udhagamandalam(Uzhavar Sandhai ),Apple,American,Local,20000,24000,22000,22/08/2026
Tamil Nadu,Coimbatore,Vadavalli(Uzhavar Sandhai ),Apple,American,Local,20000,28000,24000,22/08/2026
Tamil Nadu,Coimbatore,Singanallur(Uzhavar Sandhai ),Apple,American,Local,27000,28000,27500,22/08/2026
Tamil Nadu,Kallakuruchi,Sankarapuram(Uzhavar Sandhai ),Custard Apple(Sharifa),Custard Apple(Sharifa),Local,5000,5000,5000,22/08/2026
Tamil Nadu,Thiruvannamalai,Tamarainagar(Uzhavar Sandhai ),Custard Apple(Sharifa),Custard Apple(Sharifa),Local,6000,7000,6500,22/08/2026
Tamil Nadu,Salem,Thathakapatti(Uzhavar Sandhai ),Custard Apple(Sharifa),Custard Apple(Sharifa),Local,4000,5000,4500,22/08/2026
Tamil Nadu,Vellore,Vellore APMC,Custard Apple(Sharifa),Custard Apple(Sharifa),Local,5000,5000,5000,22/08/2026
Tamil Nadu,Namakkal,Rasipuram(Uzhavar Sandhai ),Custard Apple(Sharifa),Custard Apple(Sharifa),Local,3500,4000,3750,22/08/2026
Tamil Nadu,Thiruvannamalai,Chengam(Uzhavar Sandhai ),Custard Apple(Sharifa),Custard Apple(Sharifa),Local,4200,5000,4600,22/08/2026
Tamil Nadu,Salem,Athur(Uzhavar Sandhai ),Custard Apple(Sharifa),Custard Apple(Sharifa),Local,3500,4000,3750,22/08/2026
Tamil Nadu,Vellore,Pallikonda(Uzhavar Sandhai),Custard Apple(Sharifa),Custard Apple(Sharifa),Local,4500,5000,4750,22/08/2026
Tamil Nadu,Vellore,Thirupathur APMC,Custard Apple(Sharifa),Custard Apple(Sharifa),Local,4000,4000,4000,22/08/2026
Tamil Nadu,Salem,Thammampatti (Uzhavar Sandhai ),Custard Apple(Sharifa),Custard Apple(Sharifa),Local,4000,4000,4000,22/08/2026
Tamil Nadu,Vellore,Kahithapattarai(Uzhavar Sandhai ),Custard Apple(Sharifa),Custard Apple(Sharifa),Local,5000,5000,5000,22/08/2026
Tamil Nadu,Ranipet,Ranipettai(Uzhavar Sandhai ),Custard Apple(Sharifa),Custard Apple(Sharifa),Local,8000,10000,9000,22/08/2026
Tamil Nadu,Thiruvannamalai,Tiruvannamalai(Uzhavar Sandhai ),Custard Apple(Sharifa),Custard Apple(Sharifa),Local,7000,8000,7500,22/08/2026
Tamil Nadu,Coimbatore,RSPuram(Uzhavar Sandhai ),Custard Apple(Sharifa),Custard Apple(Sharifa),Local,5000,6000,5500,22/08/2026
Madhya Pradesh,Sagar,Sagar(F&V) APMC,Apple,Apple,Local,4000,6000,5000,22/08/2026
Madhya Pradesh,Indore,Indore(F&V) APMC,Apple,Apple,Local,4000,12000,9000,22/08/2026
Maharashtra,Chattrapati Sambhajinagar,Chattrapati Sambhajinagar APMC,Apple,Other,Local,11000,14000,12500,22/08/2026
Maharashtra,Pune,Pune(Moshi) APMC,Apple,Other,Local,18000,18000,18000,22/08/2026
Maharashtra,Amarawati,Amrawati(Frui & Veg. Market) APMC,Apple,Simla,Local,11000,15000,13000,22/08/2026
Maharashtra,Kolhapur,Kolhapur APMC,Apple,Other,Local,10000,17500,12500,22/08/2026
Maharashtra,Sangli,"Sangli(Phale, Bhajipala Market) APMC",Apple,Other,Local,7000,15000,11000,22/08/2026
Maharashtra,Nashik,Nasik APMC,Apple,Other,Local,7000,20000,12000,22/08/2026
Maharashtra,Nagpur,Nagpur APMC,Apple,Other,Local,11000,13000,12500,22/08/2026
Maharashtra,Chandrapur,Chandrapur(Ganjwad) APMC,Apple,Other,Local,15000,20000,18000,22/08/2026
Uttar Pradesh,Kanpur,Baripaal APMC,Apple,Apple,Medium,5200,5800,5400,22/08/2026
Uttar Pradesh,Balrampur,Tulsipur APMC,Apple,Kasmir/Shimla - II,Medium,14500,15400,15000,22/08/2026
Uttar Pradesh,Bulandshahar,Siyana APMC,Apple,Other,Medium,11000,11800,11400,22/08/2026
Uttar Pradesh,Shamli,Kairana APMC,Apple,Other,Medium,3400,3500,3450,22/08/2026
Uttar Pradesh,Farukhabad,Farukhabad APMC,Apple,Other,Grade A,5000,10000,6000,22/08/2026
Uttar Pradesh,Badaun,Shahaswan APMC,Apple,Apple,Medium,5500,6200,6000,22/08/2026
Rajasthan,Ganganagar,Sriganganagar (F&V) APMC,Apple,Apple,Grade A,6800,7200,7000,22/08/2026
Rajasthan,Udaipur,Udaipur (F&V) APMC,Apple,Apple,Medium,3000,7000,5000,22/08/2026
Gujarat,Banaskanth,Deesa(Deesa Veg Yard) APMC,Apple,Other,Medium,7000,15000,11000,22/08/2026
Gujarat,Rajkot,Gondal(Veg.market Gondal) APMC,Apple,Apple,Local,5000,13000,9000,22/08/2026
Gujarat,Porbandar,Porbandar APMC,Apple,Apple,Grade A,8000,12000,10000,22/08/2026
Haryana,Kurukshetra,Ladwa APMC,Apple,Simla,Medium,20000,25000,22000,22/08/2026
Haryana,Mahendragarh-Narnaul,Mohindergarh APMC,Apple,Apple,Medium,5000,6000,6000,22/08/2026
Haryana,Rohtak,Rohtak APMC,Apple,Other,Medium,8000,15000,10000,22/08/2026
Haryana,Ambala,Naraingarh APMC,Apple,Apple,Grade B,2000,8000,3800,22/08/2026
Haryana,Hissar,Hansi APMC,Apple,Other,Grade B,8000,20000,15000,22/08/2026
Haryana,Panipat,Panipat APMC,Apple,Other,Local,4000,14000,6000,22/08/2026
Haryana,Gurgaon,Pataudi APMC,Apple,Apple,Grade B,6500,7500,7000,22/08/2026
Haryana,Rohtak,Meham,Apple,Apple,Medium,6500,6500,6500,22/08/2026
Haryana,Karnal,Gharaunda APMC,Apple,Other,Local,8500,11000,11000,22/08/2026
Haryana,Kurukshetra,Shahabad APMC,Apple,Apple,Medium,4000,8000,5500,22/08/2026
Haryana,Kurukshetra,Ladwa APMC,Apple,Apple,Medium,3000,8000,7000,22/08/2026
Haryana,Yamuna Nagar,Radaur APMC,Apple,Other,Medium,5500,6200,5800,22/08/2026
Haryana,Fatehabad,Ratia APMC,Apple,Other,Grade A,5000,11000,9000,22/08/2026
Haryana,Sonipat,Gohana APMC,Apple,Apple,Medium,8000,15000,10000,22/08/2026
Haryana,Rewari,Kosli APMC,Apple,Other,Medium,8000,8000,8000,22/08/2026
Haryana,Ambala,Barara APMC,Apple,Apple,Medium,6000,15000,7000,22/08/2026
Haryana,Hissar,Uklana APMC,Apple,Apple,Medium,7000,7000,7000,22/08/2026
Haryana,Hissar,Barwala(Hisar) APMC,Apple,Apple,Local,7500,8000,7800,22/08/2026
Haryana,Ambala,Ambala Cantt. APMC,Apple,Apple,Medium,3000,8000,5400,22/08/2026
Haryana,Rewari,Rewari APMC,Apple,Apple,Medium,4000,25000,15000,22/08/2026
Haryana,Mahendragarh-Narnaul,Narnaul APMC,Apple,Apple,Medium,8000,17000,12000,22/08/2026
Haryana,Jind,Narwana APMC,Apple,Apple,Local,6000,6000,6000,22/08/2026
Haryana,Gurgaon,Gurgaon APMC,Apple,Apple,Grade B,5000,7000,6000,22/08/2026
Haryana,Rohtak,Sampla APMC,Apple,Apple,Local,8000,9000,8000,22/08/2026
Haryana,Yamuna Nagar,Jagadhri APMC,Apple,Apple,Medium,5000,12000,10000,22/08/2026
Haryana,Sonipat,Sonepat APMC,Apple,Other,Medium,4500,11500,9500,22/08/2026
Haryana,Sonipat,Kharkhoda APMC,Apple,Other,Medium,11000,13000,12000,22/08/2026
Punjab,Bhatinda,Bathinda APMC,Apple,Kasmir/Shimla - II,Grade B,10000,25000,15000,22/08/2026
Punjab,Ferozpur,Zira APMC,Apple,Other,Local,9000,9000,9000,22/08/2026
Punjab,Hoshiarpur,Mukerian(Talwara) APMC,Apple,Apple,Grade A,4000,7000,5500,22/08/2026
Punjab,Patiala,Samana APMC,Apple,Apple,Grade B,6000,28000,20000,22/08/2026
Punjab,Ludhiana,Raikot APMC,Apple,Apple,Grade A,7580,7580,7580,22/08/2026
Punjab,Gurdaspur,Quadian APMC,Apple,Other,Grade A,6800,7000,6900,22/08/2026
Punjab,Patiala,Rajpura APMC,Apple,Apple,Grade A,19500,22500,20500,22/08/2026
Punjab,Bhatinda,Maur APMC,Apple,Apple,Grade B,8000,10000,9000,22/08/2026
Punjab,Gurdaspur,Dinanagar APMC,Apple,Apple,Medium,7000,9000,8000,22/08/2026
Punjab,Tarntaran,Patti APMC,Apple,Other,Grade B,3800,3800,3800,22/08/2026
Punjab,Ludhiana,Jagraon APMC,Apple,Apple,Grade A,8000,8000,8000,22/08/2026
Punjab,Muktsar,Malout APMC,Apple,Apple,Grade A,7600,7600,7600,22/08/2026
Punjab,Patiala,Dudhansadhan APMC,Apple,Other,Grade B,12000,12000,12000,22/08/2026
Punjab,Ludhiana,Ludhiana APMC,Apple,Other,Medium,3000,12000,6000,22/08/2026
Punjab,Bhatinda,Rampuraphul(Nabha Mandi) APMC,Apple,Other,Grade A,9000,15000,12000,22/08/2026
West Bengal,Kolkata,Mechua APMC,Apple,Other,Grade A,18200,20000,19200,22/08/2026
Telangana,Ranga Reddy,Gaddiannaram APMC,Apple,Kasmir/Shimla - II,Medium,6000,30000,15000,22/08/2026
Telangana,Ranga Reddy,Gaddiannaram APMC,Apple,Other,Medium,6666.667,26666.668,12000.0006,22/08/2026
Uttarakhand,Udhamsinghnagar,Kashipur APMC,Apple,Apple,Local,4800,4900,4850,22/08/2026
Uttarakhand,Dehradoon,Dehradoon APMC,Apple,Apple,Grade B,5500,10500,8500,22/08/2026
Uttarakhand,Udhamsinghnagar,Rudrapur APMC,Apple,Other,Medium,8000,10000,9000,22/08/2026
Uttarakhand,Haridwar,Haridwar Union APMC,Apple,Other,Medium,7500,10000,8500,22/08/2026
Uttarakhand,Udhamsinghnagar,Sitarganj APMC,Apple,Simla,Grade B,11000,15000,12500,22/08/2026
Uttarakhand,Haridwar,Manglaur APMC,Apple,Other,Medium,5100,8000,7000,22/08/2026
Uttarakhand,Udhamsinghnagar,Khateema APMC,Apple,Other,Grade A,5000,7000,6000,22/08/2026
Uttarakhand,Dehradoon,Rishikesh APMC,Apple,Kasmir/Shimla - II,Medium,2400,7100,3500,22/08/2026
Himachal Pradesh,Bilaspur,PMY Bilaspur,Apple,Other,Grade C,8000,17000,15000,22/08/2026
Himachal Pradesh,Mandi,PMY Kangni Mandi,Apple,Apple,Grade B,4000,18000,12000,22/08/2026
Himachal Pradesh,Hamirpur,SMY Nadaun,Apple,Other,Grade B,10000,15000,12500,22/08/2026
Himachal Pradesh,Hamirpur,PMY Hamirpur,Apple,Apple,Grade B,5000,17000,11000,22/08/2026
Himachal Pradesh,Kangra,SMY Nagrota Bagwan,Apple,Apple,Medium,4000,18000,11000,22/08/2026
Himachal Pradesh,Solan,SMY Parwanoo,Apple,Other,Local,3000,14000,12000,22/08/2026
Himachal Pradesh,Solan,PMY Kather Solan,Apple,Other,Local,3000,15000,10000,22/08/2026
Himachal Pradesh,Shimla,SMY Mehndli,Apple,Royal Delicious,Grade A,12500,65000,35000,22/08/2026
Himachal Pradesh,Mandi,SMY Dhanotu,Apple,Apple,Medium,5000,15000,10000,22/08/2026
Himachal Pradesh,Kangra,PMY Kangra,Apple,Apple,Medium,4000,18000,12500,22/08/2026
Himachal Pradesh,Kangra,SMY Baijnath,Apple,Apple,Grade B,6000,11000,8000,22/08/2026
Himachal Pradesh,Kangra,SMY Jaisinghpur,Apple,Kullu Delicious,Medium,6000,18000,11000,22/08/2026
Himachal Pradesh,Una,PMY Una,Apple,Apple,Grade A,6000,17000,12000,22/08/2026
Himachal Pradesh,Kangra,SMY Palampur,Apple,Kullu Delicious,Medium,5000,17000,10000,22/08/2026
Himachal Pradesh,Kullu,SMY Khegsu,Apple,Other,Medium,2000,13000,6000,22/08/2026
Himachal Pradesh,Kangra,SMY Dharamshala,Apple,Apple,Medium,5000,10000,7500,22/08/2026
Himachal Pradesh,Mandi,SMY Jogindernagar,Apple,Apple,Grade B,3000,10000,6500,22/08/2026
Assam,Kamrup,Uparhali Pmy APMC,Apple,Apple,Grade A,14000,16000,15000,22/08/2026
Tamil Nadu,Thiruchirappalli,KKNagar(Uzhavar Sandhai ),Chili Red,Bold,Local,28000,28000,28000,22/08/2026
Tamil Nadu,Namakkal,Rasipuram(Uzhavar Sandhai ),Chili Red,Bold,Local,17000,18000,17500,22/08/2026
Tamil Nadu,Madurai,Anna nagar(Uzhavar Sandhai ),Chili Red,Bold,Local,20000,20000,20000,22/08/2026
Madhya Pradesh,Badwani,Sendhwa APMC,Red gram/Arhar/Tur(whole),Arhar Dal(Tur),FAQ,5500,5500,5500,22/08/2026
Madhya Pradesh,Khargone,Kasrawad APMC,Red gram/Arhar/Tur(whole),Arhar Dal(Tur),FAQ,8408.63,8448.66,8448.66,22/08/2026
Madhya Pradesh,Morena,Morena APMC,Red gram/Arhar/Tur(whole),Arhar Dal(Tur),Non-FAQ,4805,5250,5250,22/08/2026
Madhya Pradesh,Indore,Indore APMC,Red gram/Arhar/Tur(whole),Arhar Dal(Tur),FAQ,5900,5950,5950,22/08/2026
Madhya Pradesh,Khargone,Bhikangaon APMC,Red gram/Arhar/Tur(whole),Arhar Dal(Tur),FAQ,5000,5000,5000,22/08/2026
Madhya Pradesh,Katni,Katni APMC,Red gram/Arhar/Tur(whole),Arhar Dal(Tur),FAQ,6389.17,8325,8325,22/08/2026
Madhya Pradesh,Khandwa,Khandwa APMC,Red gram/Arhar/Tur(whole),Arhar Dal(Tur),FAQ,8000,8025,8025,22/08/2026
Madhya Pradesh,Chhatarpur,LavKush Nagar(Laundi) APMC,Bengal Gram(Gram)(Whole),Gram,FAQ,5500,5500,5500,22/08/2026
Madhya Pradesh,Dewas,Khategaon APMC,Bengal Gram(Gram)(Whole),Gram,FAQ,6500,6500,6500,22/08/2026
Madhya Pradesh,Sagar,Rahatgarh APMC,Bengal Gram(Gram)(Whole),Desi (F.A.Q. Split),Non-FAQ,5700,6081,6081,22/08/2026
Madhya Pradesh,Damoh,Javera APMC,Bengal Gram(Gram)(Whole),Gram,Non-FAQ,5945,5945,5945,22/08/2026
Madhya Pradesh,Rajgarh,Biaora APMC,Bengal Gram(Gram)(Whole),Gram,FAQ,5800,5955,5955,22/08/2026
Madhya Pradesh,Sagar,Sagar APMC,Bengal Gram(Gram)(Whole),Gram,FAQ,4300,6150,5900,22/08/2026
Madhya Pradesh,Chhatarpur,LavKush Nagar(Laundi) APMC,Bengal Gram(Gram)(Whole),Desi (F.A.Q. Split),Non-FAQ,5650,5825,5825,22/08/2026
Madhya Pradesh,Chhatarpur,LavKush Nagar(Laundi) APMC,Bengal Gram(Gram)(Whole),Desi (F.A.Q. Split),FAQ,5950,5950,5950,22/08/2026
Madhya Pradesh,Rajgarh,Jeerapur APMC,Bengal Gram(Gram)(Whole),Gram,FAQ,5870,5870,5870,22/08/2026
Madhya Pradesh,Badwani,Sendhwa APMC,Bengal Gram(Gram)(Whole),Gram,FAQ,5800,5800,5800,22/08/2026
Madhya Pradesh,Rajgarh,Pachaur APMC,Bengal Gram(Gram)(Whole),Gram,FAQ,5755,6055,6055,22/08/2026
Madhya Pradesh,Guna,Maksudangarh APMC,Bengal Gram(Gram)(Whole),Gram,Non-FAQ,5810,5810,5810,22/08/2026
Madhya Pradesh,Shivpuri,Barad APMC,Bengal Gram(Gram)(Whole),Gram,FAQ,5500,5500,5500,22/08/2026
Madhya Pradesh,Indore,Indore APMC,Bengal Gram(Gram)(Whole),Gram,FAQ,5700,6295,6295,22/08/2026
Madhya Pradesh,Rajgarh,Biaora APMC,Green Gram(Moong)(Whole),Green (Whole),FAQ,6210,6875,6875,22/08/2026
Madhya Pradesh,Rajgarh,Jeerapur APMC,Green Gram(Moong)(Whole),Green (Whole),FAQ,6540,6540,6540,22/08/2026
Madhya Pradesh,Sagar,Rahatgarh APMC,Green Gram(Moong)(Whole),Green (Whole),Non-FAQ,4005,6435,6199,22/08/2026
Madhya Pradesh,Khargone,Bhikangaon APMC,Green Gram(Moong)(Whole),Green (Whole),FAQ,7055,7075,7075,22/08/2026
Madhya Pradesh,Indore,Indore APMC,Green Gram(Moong)(Whole),Green (Whole),FAQ,6490,6490,6490,22/08/2026
Madhya Pradesh,Morena,Morena APMC,Green Gram(Moong)(Whole),Green (Whole),Non-FAQ,3595,6745,3595,22/08/2026
Madhya Pradesh,Badwani,Sendhwa APMC,Green Gram(Moong)(Whole),Green (Whole),FAQ,6885,6900,6900,22/08/2026
Madhya Pradesh,Sagar,Sagar APMC,Green Gram(Moong)(Whole),Green (Whole),FAQ,3000,6855,6855,22/08/2026
Madhya Pradesh,Tikamgarh,Tikamgarh APMC,Black Gram(Urd Beans)(Whole),Urda/Urd,FAQ,6500,6600,6600,22/08/2026
Madhya Pradesh,Indore,Indore APMC,Black Gram(Urd Beans)(Whole),Urda/Urd,FAQ,9200,9200,9200,22/08/2026
Madhya Pradesh,Badwani,Sendhwa APMC,Black Gram(Urd Beans)(Whole),Urda/Urd,FAQ,4725,4725,4725,22/08/2026
Maharashtra,Washim,Risod APMC,Red gram/Arhar/Tur(whole),Other,Non-FAQ,7300,7800,7600,22/08/2026
Maharashtra,Amarawati,Achalpur APMC,Red gram/Arhar/Tur(whole),Other,Non-FAQ,7600,7800,7700,22/08/2026
Maharashtra,Hingoli,Hingoli(Kanegoan Naka) APMC,Red gram/Arhar/Tur(whole),Other,Non-FAQ,7300,7700,7500,22/08/2026
Maharashtra,Latur,Ahmedpur APMC,Red gram/Arhar/Tur(whole),Other,FAQ,8000,8076,8038,22/08/2026
Maharashtra,Latur,Aurad Shahajani APMC,Red gram/Arhar/Tur(whole),Other,Non-FAQ,7450,7999,7800,22/08/2026
Maharashtra,Nagpur,Savner APMC,Red gram/Arhar/Tur(whole),Other,Non-FAQ,7764,7851,7815,22/08/2026
Maharashtra,Jalna,Jalana APMC,Red gram/Arhar/Tur(whole),Other,FAQ,8100,8100,8100,22/08/2026
Maharashtra,Amarawati,Dhamngaon-Railway APMC,Red gram/Arhar/Tur(whole),Other,Non-FAQ,4000,5000,4900,22/08/2026
Maharashtra,Latur,Chakur APMC,Red gram/Arhar/Tur(whole),Other,Non-FAQ,7500,7901,7667,22/08/2026
Maharashtra,Akola,Akola APMC,Red gram/Arhar/Tur(whole),Other,FAQ,8000,8275,8000,22/08/2026
Maharashtra,Amarawati,Amarawati APMC,Red gram/Arhar/Tur(whole),Other,FAQ,8000,8350,8175,22/08/2026
Maharashtra,Latur,APMC Latur,Red gram/Arhar/Tur(whole),Other,FAQ,8000,8278,8100,22/08/2026
Maharashtra,Latur,Aurad Shahajani APMC,Red gram/Arhar/Tur(whole),Other,FAQ,8000,8101,8050,22/08/2026
Maharashtra,Solapur,Dudhani APMC,Red gram/Arhar/Tur(whole),Other,FAQ,8010,8530,8394,22/08/2026
Maharashtra,Chattrapati Sambhajinagar,Gangapur APMC,Red gram/Arhar/Tur(whole),Other,Non-FAQ,5851,5851,5851,22/08/2026
Maharashtra,Akola,Patur APMC,Red gram/Arhar/Tur(whole),Other,Non-FAQ,7400,7600,7544,22/08/2026
Maharashtra,Ahilyanagar,Ahilyanagar APMC,Red gram/Arhar/Tur(whole),Other,Non-FAQ,5200,7500,6350,22/08/2026
Maharashtra,Akola,Akola APMC,Red gram/Arhar/Tur(whole),Other,Non-FAQ,7000,7995,7800,22/08/2026
Maharashtra,Nagpur,"M/S Kalpana Agri Commodities Marketing, Nagpur",Red gram/Arhar/Tur(whole),Other,Local,7400,7900,7400,22/08/2026
Maharashtra,Nagpur,Nagpur APMC,Red gram/Arhar/Tur(whole),Other,FAQ,8000,8065,8048,22/08/2026
Maharashtra,Chattrapati Sambhajinagar,Vaijpur APMC,Red gram/Arhar/Tur(whole),Other,Non-FAQ,6605,7675,7350,22/08/2026
Maharashtra,Amarawati,Agricultural Produce Market Committee Nandgaon Khandeshwar,Red gram/Arhar/Tur(whole),Other,Non-FAQ,7265,7675,7470,22/08/2026
Maharashtra,Buldhana,Malkapur APMC,Red gram/Arhar/Tur(whole),Other,FAQ,8245,8380,8300,22/08/2026
Maharashtra,Buldhana,Khamgaon APMC,Red gram/Arhar/Tur(whole),Other,FAQ,8000,8200,8100,22/08/2026
Maharashtra,Nagpur,Umared APMC,Red gram/Arhar/Tur(whole),Other,Non-FAQ,6700,7230,7010,22/08/2026
Maharashtra,Nashik,Lasalgaon(Niphad) APMC,Red gram/Arhar/Tur(whole),Other,Non-FAQ,4500,4500,4500,22/08/2026
Maharashtra,Solapur,Barshi APMC,Red gram/Arhar/Tur(whole),Other,Non-FAQ,7700,7700,7700,22/08/2026
Maharashtra,Wardha,Arvi APMC,Red gram/Arhar/Tur(whole),Other,Non-FAQ,6600,7800,7000,22/08/2026
Maharashtra,Jalna,Jalana APMC,Red gram/Arhar/Tur(whole),Other,Non-FAQ,5500,7800,7800,22/08/2026
Maharashtra,Yavatmal,Ner Parasopant APMC,Red gram/Arhar/Tur(whole),Other,Non-FAQ,6910,7920,7570,22/08/2026
Maharashtra,Akola,Murtizapur APMC,Red gram/Arhar/Tur(whole),Other,Non-FAQ,7000,7995,7500,22/08/2026
Maharashtra,Buldhana,Krushi Utpanna Bazar Samiti Shegaon,Red gram/Arhar/Tur(whole),Other,Non-FAQ,6000,7690,7195,22/08/2026
Maharashtra,Buldhana,Chikali APMC,Red gram/Arhar/Tur(whole),Other,Non-FAQ,6700,7600,7150,22/08/2026
Maharashtra,Buldhana,"Bsk Krishi Bazar Private Limited, Mehkar, Dist Buldhana",Red gram/Arhar/Tur(whole),Other,Local,7600,7800,7605,22/08/2026
Maharashtra,Buldhana,Lonar APMC,Red gram/Arhar/Tur(whole),Other,Non-FAQ,7600,7950,7775,22/08/2026
Maharashtra,Nashik,Malegaon APMC,Red gram/Arhar/Tur(whole),Other,Non-FAQ,5999,7171,6871,22/08/2026
Maharashtra,Nagpur,Nagpur APMC,Red gram/Arhar/Tur(whole),Other,Non-FAQ,7400,7999,7849,22/08/2026
Maharashtra,Akola,Telhara APMC,Red gram/Arhar/Tur(whole),Other,Non-FAQ,7500,7750,7640,22/08/2026
Maharashtra,Buldhana,Khamgaon APMC,Red gram/Arhar/Tur(whole),Other,Non-FAQ,6225,7980,7102,22/08/2026
Maharashtra,Beed,Majalgaon APMC,Red gram/Arhar/Tur(whole),Other,FAQ,8011,8050,8021,22/08/2026
Maharashtra,Solapur,Dudhani APMC,Red gram/Arhar/Tur(whole),Other,Non-FAQ,6200,7950,7493,22/08/2026
Maharashtra,Wardha,Hinganghat APMC,Red gram/Arhar/Tur(whole),Other,Non-FAQ,7350,7950,7600,22/08/2026
Maharashtra,Beed,Gevrai APMC,Red gram/Arhar/Tur(whole),Other,Non-FAQ,7000,7700,7350,22/08/2026
Maharashtra,Wardha,APMC SINDI BRANCH SELOO,Red gram/Arhar/Tur(whole),Other,Non-FAQ,7250,7850,7550,22/08/2026
Maharashtra,Buldhana,Malkapur APMC,Red gram/Arhar/Tur(whole),Other,Non-FAQ,7300,7300,7300,22/08/2026
Maharashtra,Hingoli,Hingoli APMC,Red gram/Arhar/Tur(whole),Other,Non-FAQ,7550,7900,7725,22/08/2026
Maharashtra,Latur,Udgir APMC,Red gram/Arhar/Tur(whole),Other,FAQ,8165,8386,8275,22/08/2026
Maharashtra,Nanded,Bhokar APMC,Red gram/Arhar/Tur(whole),Other,Non-FAQ,7000,7750,7375,22/08/2026
Maharashtra,Wardha,Hinganghat APMC,Red gram/Arhar/Tur(whole),Other,FAQ,8000,8730,8300,22/08/2026
Maharashtra,Yavatmal,"Shekari Krushi Khajgi Bazar, Arni, Dist Yavatmal",Red gram/Arhar/Tur(whole),Other,Local,7775,8000,7930,22/08/2026
Maharashtra,Mumbai,Mumbai APMC,Red gram split/Arhar dal/Tur dal,Other,Local,9500,14000,13200,22/08/2026
Maharashtra,Nagpur,Nagpur APMC,Chili Red,Other,Local,14000,18000,17000,22/08/2026
Maharashtra,Mumbai,Mumbai APMC,Chili Red,Other,Local,25000,30000,27500,22/08/2026
Maharashtra,Buldhana,Malkapur APMC,Bengal Gram(Gram)(Whole),Average (Whole),Non-FAQ,5075,5800,5600,22/08/2026
Maharashtra,Pune,Pune APMC,Bengal Gram(Gram)(Whole),Other,FAQ,6200,7500,6850,22/08/2026
Maharashtra,Solapur,Barshi APMC,Bengal Gram(Gram)(Whole),Other,FAQ,6000,6100,6000,22/08/2026
Maharashtra,Buldhana,Krushi Utpanna Bazar Samiti Shegaon,Bengal Gram(Gram)(Whole),Other,Non-FAQ,5300,5505,5400,22/08/2026
Maharashtra,Wardha,APMC SINDI BRANCH SELOO,Bengal Gram(Gram)(Whole),Other,FAQ,5880,6005,5950,22/08/2026
Maharashtra,Washim,Risod APMC,Bengal Gram(Gram)(Whole),Other,FAQ,5900,6100,6000,22/08/2026
Maharashtra,Amarawati,Agricultural Produce Market Committee Nandgaon Khandeshwar,Bengal Gram(Gram)(Whole),Other,Non-FAQ,5545,5835,5690,22/08/2026
Maharashtra,Chattrapati Sambhajinagar,Paithan APMC,Bengal Gram(Gram)(Whole),Other,Non-FAQ,5050,5050,5050,22/08/2026
Maharashtra,Latur,Ahmedpur APMC,Bengal Gram(Gram)(Whole),Other,FAQ,5875,5911,5893,22/08/2026
Maharashtra,Latur,Aurad Shahajani APMC,Bengal Gram(Gram)(Whole),Other,FAQ,6100,6100,6100,22/08/2026
Maharashtra,Latur,Udgir APMC,Bengal Gram(Gram)(Whole),Other,FAQ,5875,6200,6025,22/08/2026
Maharashtra,Mumbai,Mumbai APMC,Bengal Gram(Gram)(Whole),Other,FAQ,6800,7900,7400,22/08/2026
Maharashtra,Solapur,Dudhani APMC,Bengal Gram(Gram)(Whole),Other,Non-FAQ,5100,5500,5300,22/08/2026
Maharashtra,Wardha,Hinganghat APMC,Bengal Gram(Gram)(Whole),Other,FAQ,5875,6430,6000,22/08/2026
Maharashtra,Amarawati,Dhamngaon-Railway APMC,Bengal Gram(Gram)(Whole),Average (Whole),Non-FAQ,4100,5000,4700,22/08/2026
Maharashtra,Ahilyanagar,Kopargaon APMC,Bengal Gram(Gram)(Whole),Other,FAQ,5875,6112,6050,22/08/2026
Maharashtra,Akola,Akola APMC,Bengal Gram(Gram)(Whole),Kabul Small,Non-FAQ,4105,4105,4105,22/08/2026
Maharashtra,Buldhana,Chikali APMC,Bengal Gram(Gram)(Whole),Average (Whole),Non-FAQ,5000,5400,5200,22/08/2026
Maharashtra,Parbhani,"Shree Salasar Krushi Bazar, Dist Parbhani",Bengal Gram(Gram)(Whole),Other,Local,5850,5850,5850,22/08/2026
Maharashtra,Nashik,Malegaon APMC,Bengal Gram(Gram)(Whole),Other,Non-FAQ,4740,5770,5650,22/08/2026
Maharashtra,Nagpur,Nagpur APMC,Bengal Gram(Gram)(Whole),Other,FAQ,5875,6160,6088,22/08/2026
Maharashtra,Akola,Telhara APMC,Bengal Gram(Gram)(Whole),Other,FAQ,6100,6250,6190,22/08/2026
Maharashtra,Chattrapati Sambhajinagar,Lasur Station APMC,Bengal Gram(Gram)(Whole),Other,FAQ,5950,5950,5950,22/08/2026
Maharashtra,Buldhana,Malkapur APMC,Bengal Gram(Gram)(Whole),Average (Whole),FAQ,6225,6225,6225,22/08/2026
Maharashtra,Jalgaon,Amalner APMC,Bengal Gram(Gram)(Whole),Average (Whole),Non-FAQ,5500,5870,5870,22/08/2026
Maharashtra,Nagpur,Umared APMC,Bengal Gram(Gram)(Whole),Other,FAQ,5880,6200,6040,22/08/2026
Maharashtra,Nanded,Bhokar APMC,Bengal Gram(Gram)(Whole),Other,Non-FAQ,5605,5605,5605,22/08/2026
Maharashtra,Nashik,Lasalgaon(Niphad) APMC,Bengal Gram(Gram)(Whole),Other,Non-FAQ,450,5481,5481,22/08/2026
Maharashtra,Solapur,Dudhani APMC,Bengal Gram(Gram)(Whole),Other,FAQ,6000,6005,6002,22/08/2026
Maharashtra,Chattrapati Sambhajinagar,Gangapur APMC,Bengal Gram(Gram)(Whole),Other,Non-FAQ,5000,5000,5000,22/08/2026
Maharashtra,Akola,Akola APMC,Bengal Gram(Gram)(Whole),Other,Non-FAQ,5495,5850,5585,22/08/2026
Maharashtra,Buldhana,"Bsk Krishi Bazar Private Limited, Mehkar, Dist Buldhana",Bengal Gram(Gram)(Whole),Other,Local,5700,6000,5853,22/08/2026
Maharashtra,Amarawati,Amarawati APMC,Bengal Gram(Gram)(Whole),Other,FAQ,5875,6275,6075,22/08/2026
Maharashtra,Chattrapati Sambhajinagar,Lasur Station APMC,Bengal Gram(Gram)(Whole),Other,Non-FAQ,4000,5100,4500,22/08/2026
Maharashtra,Ahilyanagar,"Omchatinya Multi State Agro Purpose Co-Op Society, Dist Ahilyanagar",Bengal Gram(Gram)(Whole),Other,Local,5700,5800,5700,22/08/2026
Maharashtra,Beed,Beed APMC,Bengal Gram(Gram)(Whole),Other,Non-FAQ,5830,5830,5830,22/08/2026
Maharashtra,Latur,APMC Latur,Bengal Gram(Gram)(Whole),Other,FAQ,5875,6200,6000,22/08/2026
Maharashtra,Sangli,Sangli APMC,Bengal Gram(Gram)(Whole),Other,FAQ,6000,6500,6250,22/08/2026
Maharashtra,Jalna,Jalana APMC,Bengal Gram(Gram)(Whole),Other,Non-FAQ,4900,4900,4900,22/08/2026
Maharashtra,Akola,Murtizapur APMC,Bengal Gram(Gram)(Whole),Other,FAQ,5890,6275,6085,22/08/2026
Maharashtra,Nagpur,"M/S Kalpana Agri Commodities Marketing, Nagpur",Bengal Gram(Gram)(Whole),Other,Local,5600,5600,5600,22/08/2026
Maharashtra,Ahilyanagar,Jamkhed APMC,Bengal Gram(Gram)(Whole),Other,Non-FAQ,5100,5400,5250,22/08/2026
Maharashtra,Akola,Patur APMC,Bengal Gram(Gram)(Whole),Average (Whole),Non-FAQ,5800,5800,5800,22/08/2026
Maharashtra,Beed,Gevrai APMC,Bengal Gram(Gram)(Whole),Other,FAQ,5900,6020,6000,22/08/2026
Maharashtra,Ahilyanagar,Ahilyanagar APMC,Bengal Gram(Gram)(Whole),Other,Non-FAQ,4800,5400,5100,22/08/2026
Maharashtra,Chattrapati Sambhajinagar,Vaijpur APMC,Bengal Gram(Gram)(Whole),Other,Non-FAQ,5180,5800,5400,22/08/2026
Maharashtra,Buldhana,Khamgaon APMC,Bengal Gram(Gram)(Whole),Average (Whole),FAQ,5900,6250,6075,22/08/2026
Maharashtra,Buldhana,Khamgaon APMC,Bengal Gram(Gram)(Whole),Average (Whole),Non-FAQ,3600,5800,4700,22/08/2026
Maharashtra,Parbhani,Pathari APMC,Bengal Gram(Gram)(Whole),Other,Non-FAQ,4500,4500,4500,22/08/2026
Maharashtra,Wardha,Arvi APMC,Bengal Gram(Gram)(Whole),Other,Non-FAQ,5000,5800,5600,22/08/2026
Maharashtra,Jalna,Jalana APMC,Bengal Gram(Gram)(Whole),Other,FAQ,6075,6150,6075,22/08/2026
Maharashtra,Buldhana,Lonar APMC,Bengal Gram(Gram)(Whole),Other,FAQ,5900,6050,5975,22/08/2026
Maharashtra,Nagpur,Nagpur APMC,Bengal Gram(Gram)(Whole),Other,Non-FAQ,5650,5874,5818,22/08/2026
Maharashtra,Akola,Akola APMC,Bengal Gram(Gram)(Whole),Kabul Small,FAQ,5900,6325,6125,22/08/2026
Maharashtra,Amarawati,Amarawati APMC,Green Gram(Moong)(Whole),Other,Non-FAQ,6500,7100,6800,22/08/2026
Maharashtra,Parbhani,Pathari APMC,Green Gram(Moong)(Whole),Green (Whole),Non-FAQ,7000,7000,7000,22/08/2026
Maharashtra,Jalna,Jalana APMC,Green Gram(Moong)(Whole),Other,Non-FAQ,4500,8100,7800,22/08/2026
Maharashtra,Ahilyanagar,Ahilyanagar APMC,Kulthi(Horse Gram),Other,Local,5500,5500,5500,22/08/2026
Maharashtra,Akola,Akola APMC,Green Gram(Moong)(Whole),Green (Whole),Non-FAQ,6805,7345,7195,22/08/2026
Maharashtra,Akola,Telhara APMC,Green Gram(Moong)(Whole),Other,Non-FAQ,4100,5400,4255,22/08/2026
Maharashtra,Chattrapati Sambhajinagar,Gangapur APMC,Green Gram(Moong)(Whole),Green (Whole),Non-FAQ,7011,7011,7011,22/08/2026
Maharashtra,Beed,Majalgaon APMC,Green Gram(Moong)(Whole),Green (Whole),Non-FAQ,8189,8501,8200,22/08/2026
Maharashtra,Mumbai,Mumbai APMC,Green Gram(Moong)(Whole),Other,FAQ,8800,15000,12500,22/08/2026
Maharashtra,Wardha,Hinganghat APMC,Green Gram(Moong)(Whole),Green (Whole),Non-FAQ,5800,5800,5800,22/08/2026
Maharashtra,Ahilyanagar,"Omchatinya Multi State Agro Purpose Co-Op Society, Dist Ahilyanagar",Green Gram(Moong)(Whole),Other,Local,8500,8500,8500,22/08/2026
Maharashtra,Buldhana,Malkapur APMC,Green Gram(Moong)(Whole),Other,Non-FAQ,7500,7500,7500,22/08/2026
Maharashtra,Pune,Pune APMC,Green Gram(Moong)(Whole),Green (Whole),FAQ,9200,10200,9700,22/08/2026
Maharashtra,Ahilyanagar,Ahilyanagar APMC,Green Gram(Moong)(Whole),Other,FAQ,9000,9000,9000,22/08/2026
Maharashtra,Washim,Washim APMC,Green Gram(Moong)(Whole),Other,Non-FAQ,5580,6800,5850,22/08/2026
Maharashtra,Beed,Gevrai APMC,Green Gram(Moong)(Whole),Other,FAQ,8768,9320,8910,22/08/2026
Maharashtra,Chattrapati Sambhajinagar,Vaijpur APMC,Green Gram(Moong)(Whole),Green (Whole),FAQ,9011,9011,9011,22/08/2026
Maharashtra,Buldhana,Khamgaon APMC,Green Gram(Moong)(Whole),Other,Non-FAQ,6050,6050,6050,22/08/2026
Maharashtra,Jalgaon,Amalner APMC,Green Gram(Moong)(Whole),Other,Non-FAQ,6200,7900,7900,22/08/2026
Maharashtra,Wardha,APMC SINDI BRANCH SELOO,Green Gram(Moong)(Whole),Green (Whole),Non-FAQ,5800,6200,6000,22/08/2026
Maharashtra,Nashik,Malegaon APMC,Green Gram(Moong)(Whole),Green (Whole),FAQ,9411,9411,9411,22/08/2026
Maharashtra,Amarawati,Amarawati APMC,Black Gram(Urd Beans)(Whole),Other,Non-FAQ,6500,7100,6800,22/08/2026
Maharashtra,Mumbai,Mumbai APMC,Bengal Gram Dal(Chana Dal),Other,Local,7300,8000,7600,22/08/2026
Maharashtra,Mumbai,Mumbai APMC,Green Gram Dal(Moong Dal),Other,Local,9000,10800,10000,22/08/2026
Maharashtra,Solapur,Barshi APMC,Black Gram(Urd Beans)(Whole),Other,Non-FAQ,4000,5500,5500,22/08/2026
Maharashtra,Dharashiv,Paranda APMC,Black Gram(Urd Beans)(Whole),Other,FAQ,8000,8200,8000,22/08/2026
Maharashtra,Mumbai,Mumbai APMC,Black Gram(Urd Beans)(Whole),Other,FAQ,8500,11000,10000,22/08/2026
Maharashtra,Washim,Washim APMC,Black Gram(Urd Beans)(Whole),Other,Non-FAQ,3530,4200,3850,22/08/2026
Maharashtra,Buldhana,Lonar APMC,Black Gram(Urd Beans)(Whole),Other,FAQ,7800,8000,7900,22/08/2026
Maharashtra,Solapur,Dudhani APMC,Black Gram(Urd Beans)(Whole),Other,FAQ,8500,8530,8515,22/08/2026
Maharashtra,Solapur,Barshi APMC,Black Gram(Urd Beans)(Whole),Other,FAQ,8600,8600,8600,22/08/2026
Maharashtra,Ahilyanagar,Ahilyanagar APMC,Black Gram(Urd Beans)(Whole),Other,Non-FAQ,7750,7750,7750,22/08/2026
Maharashtra,Buldhana,Malkapur APMC,Black Gram(Urd Beans)(Whole),Other,FAQ,8750,8750,8750,22/08/2026
Maharashtra,Mumbai,Mumbai APMC,Black Gram Dal(Urd Dal),Other,Local,10000,12900,12000,22/08/2026
Maharashtra,Pune,Pune APMC,Black Gram(Urd Beans)(Whole),Other,FAQ,9500,10100,9800,22/08/2026
Uttar Pradesh,Ghaziabad,Noida APMC,Red gram/Arhar/Tur(whole),Other,FAQ,9000,9500,9183.73,22/08/2026
Uttar Pradesh,Varanasi,Varanasi APMC,Red gram/Arhar/Tur(whole),Other,FAQ,7100,7100,7100,22/08/2026
Uttar Pradesh,Lucknow,Banthara APMC,Red gram/Arhar/Tur(whole),Other,FAQ,8000,8500,8194.17,22/08/2026
Uttar Pradesh,Sonbhadra,Robertsganj APMC,Red gram/Arhar/Tur(whole),Other,FAQ,6700,6700,6700,22/08/2026
Uttar Pradesh,Auraiya,Auraiya APMC,Red gram/Arhar/Tur(whole),Other,FAQ,7300,7300,7300,22/08/2026
Uttar Pradesh,Ghaziabad,Ghaziabad APMC,Red gram/Arhar/Tur(whole),Other,FAQ,8000,8000,8000,22/08/2026
Uttar Pradesh,Hamirpur,Raath APMC,Red gram/Arhar/Tur(whole),Other,FAQ,6700,6800,6741.82,22/08/2026
Uttar Pradesh,Mahoba,Mahoba APMC,Red gram/Arhar/Tur(whole),Other,FAQ,6400,6500,6433.74,22/08/2026
Uttar Pradesh,Kanpur Dehat,Pukharayan APMC,Red gram/Arhar/Tur(whole),Other,FAQ,7000,7000,7000,22/08/2026
Uttar Pradesh,Ghaziabad,Noida APMC,Chili Red,Other,FAQ,45169.35,45169.35,45169.35,22/08/2026
Uttar Pradesh,Agra,Agra APMC,Chili Red,Other,FAQ,44384,44384,44384,22/08/2026
Uttar Pradesh,Gorakhpur,Gorakhpur APMC,Chili Red,Other,FAQ,11500,11500,11500,22/08/2026
Uttar Pradesh,Ghaziabad,Ghaziabad APMC,Chili Red,Other,FAQ,44718.26,44718.26,44718.26,22/08/2026
Uttar Pradesh,Lucknow,Lucknow APMC,Chili Red,Other,FAQ,9000,11000,9615.4,22/08/2026
Uttar Pradesh,Lucknow,Banthara APMC,Chili Red,Other,FAQ,36310.86,36310.86,36310.86,22/08/2026
Uttar Pradesh,Bareilly,Bareilly APMC,Chili Red,Other,FAQ,9000,9000,9000,22/08/2026
Uttar Pradesh,Barabanki,Barabanki APMC,Chili Red,Other,FAQ,14680.38,14680.38,14680.38,22/08/2026
Uttar Pradesh,Lucknow,Banthara APMC,Bengal Gram(Gram)(Whole),Other,FAQ,6000,6000,6000,22/08/2026
Uttar Pradesh,Mahoba,Mahoba APMC,Bengal Gram(Gram)(Whole),Other,FAQ,4850,5260,4908.57,22/08/2026
Uttar Pradesh,Ghaziabad,Ghaziabad APMC,Pegeon Pea(Arhar Fali),Other,FAQ,11821.91,12022.69,11910.33,22/08/2026
Uttar Pradesh,Etawah,Etawah APMC,Pegeon Pea(Arhar Fali),Other,FAQ,10578.75,10800,10631.74,22/08/2026
Uttar Pradesh,Bareilly,Bareilly APMC,Pegeon Pea(Arhar Fali),Other,FAQ,9800,9800,9800,22/08/2026
Uttar Pradesh,Muzaffarnagar,Muzzafarnagar APMC,Pegeon Pea(Arhar Fali),Other,FAQ,9600,9600,9600,22/08/2026
Uttar Pradesh,Amethi,Sultanpur APMC,Pegeon Pea(Arhar Fali),Other,FAQ,7500,7500,7500,22/08/2026
Uttar Pradesh,Agra,Agra APMC,Pegeon Pea(Arhar Fali),Other,FAQ,8605.41,12022.78,9486.98,22/08/2026
Uttar Pradesh,Mau(Maunathbhanjan),Doharighat APMC,Pegeon Pea(Arhar Fali),Other,FAQ,11450,11450,11450,22/08/2026
Uttar Pradesh,Jaunpur,Jaunpur APMC,Pegeon Pea(Arhar Fali),Other,FAQ,8005,10421.97,9342.87,22/08/2026
Uttar Pradesh,Bahraich,Bahraich APMC,Pegeon Pea(Arhar Fali),Other,FAQ,8000,8000,8000,22/08/2026
Uttar Pradesh,Banda,Banda APMC,Gram Raw(Chholia),Other,FAQ,5580,6000,5878.77,22/08/2026
Uttar Pradesh,Hamirpur,Maudaha APMC,Gram Raw(Chholia),Other,FAQ,5350,5800,5481.46,22/08/2026
Uttar Pradesh,Ghaziabad,Ghaziabad APMC,Green Gram(Moong)(Whole),Other,FAQ,6300,12790,9339.49,22/08/2026
Uttar Pradesh,Varanasi,Varanasi APMC,Green Gram(Moong)(Whole),Other,FAQ,8000,9300,8757.12,22/08/2026
Uttar Pradesh,Bareilly,Bareilly APMC,Green Gram(Moong)(Whole),Other,FAQ,8301,9250,9012.75,22/08/2026
Uttar Pradesh,Hathras,Haathras APMC,Green Gram(Moong)(Whole),Other,FAQ,6695.68,8768,8717.88,22/08/2026
Uttar Pradesh,Jalaun (Orai),Jalaun APMC,Green Gram(Moong)(Whole),Other,FAQ,8768,8780,8770.59,22/08/2026
Uttar Pradesh,Hamirpur,Muskara APMC,Gram Raw(Chholia),Other,FAQ,5900,5900,5900,22/08/2026
Uttar Pradesh,Prayagraj,Prayagraj APMC,Green Gram(Moong)(Whole),Other,FAQ,8768,8768,8768,22/08/2026
Uttar Pradesh,Etawah,Jasvantnagar APMC,Green Gram(Moong)(Whole),Other,FAQ,8768,8768,8768,22/08/2026
Uttar Pradesh,Mainpuri,Bewar APMC,Green Gram(Moong)(Whole),Other,FAQ,8768,8768,8768,22/08/2026
Uttar Pradesh,Mahoba,Charkhari APMC,Gram Raw(Chholia),Other,FAQ,5000,5050,5027.49,22/08/2026
Uttar Pradesh,Agra,Samsabad APMC,Green Gram(Moong)(Whole),Other,FAQ,8768,8768,8768,22/08/2026
Uttar Pradesh,Agra,Agra APMC,Gram Raw(Chholia),Other,FAQ,6350,8878.99,6835.04,22/08/2026
Uttar Pradesh,Etah,Etah APMC,Green Gram(Moong)(Whole),Other,FAQ,8768,8768,8768,22/08/2026
Uttar Pradesh,Agra,Achnera APMC,Green Gram(Moong)(Whole),Other,FAQ,6550,6550,6550,22/08/2026
Uttar Pradesh,Kanpur Dehat,Jhijhank APMC,Green Gram(Moong)(Whole),Other,FAQ,8768,8768,8768,22/08/2026
Uttar Pradesh,Varanasi,Varanasi APMC,Gram Raw(Chholia),Other,FAQ,5400,10550,7015.02,22/08/2026
Uttar Pradesh,Barabanki,Barabanki APMC,Gram Raw(Chholia),Other,FAQ,8396,8396,8396,22/08/2026
Uttar Pradesh,Hamirpur,Bharuasumerpur APMC,Gram Raw(Chholia),Other,FAQ,5800,5800,5800,22/08/2026
Uttar Pradesh,Fatehpur,Bindki APMC,Green Gram(Moong)(Whole),Other,FAQ,6500,6500,6500,22/08/2026
Uttar Pradesh,Lalitpur,Mehrauni APMC,Gram Raw(Chholia),Other,FAQ,5800,5800,5800,22/08/2026
Uttar Pradesh,Mathura,Mathura APMC,Green Gram(Moong)(Whole),Other,FAQ,8768,8768,8768,22/08/2026
Uttar Pradesh,Firozabad,Sirsaganj APMC,Green Gram(Moong)(Whole),Other,FAQ,8468,8768,8760.13,22/08/2026
Uttar Pradesh,Firozabad,Tundla APMC,Green Gram(Moong)(Whole),Other,FAQ,7400,7760,7510.94,22/08/2026
Uttar Pradesh,Lucknow,Lucknow APMC,Gram Raw(Chholia),Other,FAQ,6850,6850,6850,22/08/2026
Uttar Pradesh,Jalaun (Orai),Kalpi APMC,Green Gram(Moong)(Whole),Other,FAQ,6700,6700,6700,22/08/2026
Uttar Pradesh,Jhansi,Mauranipur APMC,Gram Raw(Chholia),Other,FAQ,6000,6000,6000,22/08/2026
Uttar Pradesh,Ghaziabad,Noida APMC,Gram Raw(Chholia),Other,FAQ,6200,9287.54,7702.57,22/08/2026
Uttar Pradesh,Agra,Jagnair APMC,Gram Raw(Chholia),Other,FAQ,5000,5000,5000,22/08/2026
Uttar Pradesh,Ghaziabad,Ghaziabad APMC,Gram Raw(Chholia),Other,FAQ,6804.13,10698.8,8215.08,22/08/2026
Uttar Pradesh,Lalitpur,Lalitpur APMC,Gram Raw(Chholia),Other,FAQ,5260,5325,5287.5,22/08/2026
Uttar Pradesh,Kanpur,Choubepur APMC,Green Gram(Moong)(Whole),Other,FAQ,8768,8768,8768,22/08/2026
Uttar Pradesh,Jhansi,Gurusarai APMC,Gram Raw(Chholia),Other,FAQ,5500,5720,5614.27,22/08/2026
Uttar Pradesh,Prayagraj,Jasra APMC,Green Gram(Moong)(Whole),Other,FAQ,8768,8768,8768,22/08/2026
Uttar Pradesh,Mathura,Kosikalan APMC,Green Gram(Moong)(Whole),Other,FAQ,8768,8768,8768,22/08/2026
Uttar Pradesh,Hamirpur,Muskara APMC,Green Gram(Moong)(Whole),Other,FAQ,7500,7500,7500,22/08/2026
Uttar Pradesh,Kanpur,Baripaal APMC,Green Gram(Moong)(Whole),Other,FAQ,6900,7000,6907.38,22/08/2026
Uttar Pradesh,Firozabad,Firozabad APMC,Gram Raw(Chholia),Other,FAQ,6175,6621.22,6375.25,22/08/2026
Uttar Pradesh,Agra,Agra APMC,Green Gram(Moong)(Whole),Other,FAQ,8768,9615.58,8777.89,22/08/2026
Uttar Pradesh,Ghaziabad,Noida APMC,Green Gram(Moong)(Whole),Other,FAQ,7500,12915.04,9185.77,22/08/2026
Uttar Pradesh,Agra,Fatehabad APMC,Green Gram(Moong)(Whole),Other,FAQ,6750,6750,6750,22/08/2026
Uttar Pradesh,Lalitpur,Lalitpur APMC,Green Gram(Moong)(Whole),Other,FAQ,7000,8768,7514.57,22/08/2026
Uttar Pradesh,Hamirpur,Raath APMC,Gram Raw(Chholia),Other,FAQ,5510,5560,5535.71,22/08/2026
Uttar Pradesh,Lucknow,Banthara APMC,Gram Raw(Chholia),Other,FAQ,5500,8323.95,7240.13,22/08/2026
Uttar Pradesh,Badaun,Badayoun APMC,Green Gram(Moong)(Whole),Other,FAQ,8768,8768,8768,22/08/2026
Uttar Pradesh,Jalaun (Orai),Konch APMC,Green Gram(Moong)(Whole),Other,FAQ,6500,8768,7387.26,22/08/2026
Uttar Pradesh,Mahoba,Mahoba APMC,Green Gram(Moong)(Whole),Other,FAQ,6000,6000,6000,22/08/2026
Uttar Pradesh,Jhansi,Moth APMC,Gram Raw(Chholia),Other,FAQ,5550,5885,5728.42,22/08/2026
Uttar Pradesh,Bareilly,Bareilly APMC,Gram Raw(Chholia),Other,FAQ,8075,8075,8075,22/08/2026
Uttar Pradesh,Barabanki,Barabanki APMC,Green Gram(Moong)(Whole),Other,FAQ,9063,9063,9063,22/08/2026
Uttar Pradesh,Aligarh,Charra APMC,Green Gram(Moong)(Whole),Other,FAQ,8768,8768,8768,22/08/2026
Uttar Pradesh,Jalaun (Orai),Orai APMC,Green Gram(Moong)(Whole),Other,FAQ,6200,8768,7374.49,22/08/2026
Uttar Pradesh,Hamirpur,Maudaha APMC,Green Gram(Moong)(Whole),Other,FAQ,8768,8795,8772.5,22/08/2026
Uttar Pradesh,Saharanpur,Saharanpur APMC,Gram Raw(Chholia),Other,FAQ,6600,9400,6991.28,22/08/2026
Uttar Pradesh,Sambhal,Muradabad APMC,Gram Raw(Chholia),Other,FAQ,8100,10500,9700,22/08/2026
Uttar Pradesh,Jhansi,Chirgaon APMC,Gram Raw(Chholia),Other,FAQ,5500,6000,5799.67,22/08/2026
Uttar Pradesh,Fatehpur,Jahanabad APMC,Green Gram(Moong)(Whole),Other,FAQ,8768,8768,8768,22/08/2026
Uttar Pradesh,Pratapgarh,Pratapgarh APMC,Green Gram(Moong)(Whole),Other,FAQ,8768,8768,8768,22/08/2026
Uttar Pradesh,Raebarelli,Raibareilly APMC,Gram Raw(Chholia),Other,FAQ,8210,8210,8210,22/08/2026
Uttar Pradesh,Bulandshahar,Sikarpur APMC,Green Gram(Moong)(Whole),Other,FAQ,8780,8780,8780,22/08/2026
Uttar Pradesh,Lucknow,Lucknow APMC,Green Gram(Moong)(Whole),Other,FAQ,8600,8700,8671.43,22/08/2026
Uttar Pradesh,Hamirpur,Raath APMC,Green Gram(Moong)(Whole),Other,FAQ,8768,8768,8768,22/08/2026
Uttar Pradesh,Lucknow,Banthara APMC,Green Gram(Moong)(Whole),Other,FAQ,8000,9329.52,8534.17,22/08/2026
Uttar Pradesh,Jalaun (Orai),Ait APMC,Green Gram(Moong)(Whole),Other,FAQ,8768,8768,8768,22/08/2026
Uttar Pradesh,Auraiya,Auraiya APMC,Green Gram(Moong)(Whole),Other,FAQ,7000,7000,7000,22/08/2026
Uttar Pradesh,Saharanpur,Saharanpur APMC,Bengal Gram Dal(Chana Dal),Other,FAQ,7525,7775,7650,22/08/2026
Uttar Pradesh,Sambhal,Muradabad APMC,Green Gram Dal(Moong Dal),Other,FAQ,8750,9325,8965.63,22/08/2026
Uttar Pradesh,Raebarelli,Raibareilly APMC,Green Gram Dal(Moong Dal),Other,FAQ,9260,9291,9277.71,22/08/2026
Uttar Pradesh,Raebarelli,Raibareilly APMC,Black Gram Dal(Urd Dal),Other,FAQ,11910,11910,11910,22/08/2026
Uttar Pradesh,Amethi,Sultanpur APMC,Black Gram Dal(Urd Dal),Other,FAQ,8000,8100,8023.55,22/08/2026
Uttar Pradesh,Hardoi,Sandila APMC,Green Gram Dal(Moong Dal),Other,FAQ,7050,7250,7142.5,22/08/2026
Uttar Pradesh,Hardoi,Hardoi APMC,Black Gram Dal(Urd Dal),Other,FAQ,7200,7200,7200,22/08/2026
Uttar Pradesh,Agra,Agra APMC,Black Gram Dal(Urd Dal),Other,FAQ,9100,13800,9271.32,22/08/2026
Uttar Pradesh,Farukhabad,Farukhabad APMC,Green Gram Dal(Moong Dal),Other,FAQ,9200,9200,9200,22/08/2026
Uttar Pradesh,Ghaziabad,Ghaziabad APMC,Green Gram Dal(Moong Dal),Other,FAQ,10202.49,13245.45,10326.21,22/08/2026
Uttar Pradesh,Farukhabad,Farukhabad APMC,Bengal Gram Dal(Chana Dal),Other,FAQ,7200,7200,7200,22/08/2026
Uttar Pradesh,Ghaziabad,Ghaziabad APMC,Bengal Gram Dal(Chana Dal),Other,FAQ,7631.49,9250.3,7958.31,22/08/2026
Uttar Pradesh,Shahjahanpur,Shahjahanpur APMC,Black Gram Dal(Urd Dal),Other,FAQ,8836.3,8836.3,8836.3,22/08/2026
Uttar Pradesh,Raebarelli,Raibareilly APMC,Bengal Gram Dal(Chana Dal),Other,FAQ,7960,7960,7960,22/08/2026
Uttar Pradesh,Lucknow,Banthara APMC,Black Gram Dal(Urd Dal),Other,FAQ,6500,11216.57,7019.41,22/08/2026
Uttar Pradesh,Agra,Agra APMC,Bengal Gram Dal(Chana Dal),Other,FAQ,7631.49,7631.49,7631.49,22/08/2026
Uttar Pradesh,Ghaziabad,Ghaziabad APMC,Black Gram Dal(Urd Dal),Other,FAQ,6500,13800,11485.98,22/08/2026
Uttar Pradesh,Lucknow,Lucknow APMC,Black Gram Dal(Urd Dal),Other,FAQ,11000,11650,11433.33,22/08/2026
Uttar Pradesh,Hardoi,Sandila APMC,Bengal Gram Dal(Chana Dal),Other,FAQ,6000,6250,6129.78,22/08/2026
Uttar Pradesh,Agra,Agra APMC,Green Gram Dal(Moong Dal),Other,FAQ,10355.88,10355.88,10355.88,22/08/2026
Uttar Pradesh,Bareilly,Bareilly APMC,Black Gram Dal(Urd Dal),Other,FAQ,9320.66,11350,9426.84,22/08/2026
Uttar Pradesh,Sambhal,Chandausi APMC,Black Gram Dal(Urd Dal),Other,FAQ,7000,7000,7000,22/08/2026
Uttar Pradesh,Ghaziabad,Noida APMC,Black Gram Dal(Urd Dal),Other,FAQ,8500,13921.65,9975.48,22/08/2026
Uttar Pradesh,Lalitpur,Lalitpur APMC,Black Gram Dal(Urd Dal),Other,FAQ,8200,8205,8201.32,22/08/2026
Uttar Pradesh,Sambhal,Muradabad APMC,Bengal Gram Dal(Chana Dal),Other,FAQ,7450,7450,7450,22/08/2026
Uttar Pradesh,Sambhal,Muradabad APMC,Black Gram Dal(Urd Dal),Other,FAQ,10000,12200,10862.5,22/08/2026
Uttar Pradesh,Varanasi,Varanasi APMC,Black Gram Dal(Urd Dal),Other,FAQ,6000,11300,10793.1,22/08/2026
Uttar Pradesh,Bareilly,Bareilly APMC,Bengal Gram Dal(Chana Dal),Other,FAQ,7800,7800,7800,22/08/2026
Uttar Pradesh,Fatehpur,Bindki APMC,Black Gram Dal(Urd Dal),Other,FAQ,7900,8000,7927.6,22/08/2026
Uttar Pradesh,Sonbhadra,Robertsganj APMC,Black Gram Dal(Urd Dal),Other,FAQ,7600,7600,7600,22/08/2026
Uttar Pradesh,Lucknow,Lucknow APMC,Green Gram Dal(Moong Dal),Other,FAQ,8160,10425,8766.11,22/08/2026
Uttar Pradesh,Lucknow,Lucknow APMC,Bengal Gram Dal(Chana Dal),Other,FAQ,7200,7289,7215.7,22/08/2026
Rajasthan,Baran,Baran APMC,Bengal Gram(Gram)(Whole),Other,Local,5200,5700,5612,22/08/2026
Rajasthan,Hanumangarh,Hanumangarh APMC,Bengal Gram(Gram)(Whole),Other,Non-FAQ,5240,5681,5681,22/08/2026
Rajasthan,Tonk,Dooni APMC,Bengal Gram(Gram)(Whole),999,Local,4500,5740,5120,22/08/2026
Rajasthan,Bundi,Bundi APMC,Bengal Gram(Gram)(Whole),999,FAQ,5599,5599,5599,22/08/2026
Rajasthan,Ganganagar,Sri Karanpur APMC,Bengal Gram(Gram)(Whole),Other,FAQ,5496,5496,5496,22/08/2026
Rajasthan,Udaipur,Fatehnagar APMC,Bengal Gram(Gram)(Whole),Average (Whole),FAQ,5697,5797,5792,22/08/2026
Rajasthan,Tonk,Malpura APMC,Bengal Gram(Gram)(Whole),Other,FAQ,5800,5891,5875,22/08/2026
Rajasthan,Bundi,Dei APMC,Bengal Gram(Gram)(Whole),Other,Local,4601,5901,5901,22/08/2026
Rajasthan,Jhalawar,Bhawani Mandi APMC,Bengal Gram(Gram)(Whole),Other,Local,5400,5792,5596,22/08/2026
Rajasthan,Ganganagar,Kesarisinghpur APMC,Bengal Gram(Gram)(Whole),Other,Non-FAQ,5385,5385,5385,22/08/2026
Rajasthan,Ganganagar,Padampur APMC,Bengal Gram(Gram)(Whole),Other,FAQ,5731,5731,5731,22/08/2026
Rajasthan,Tonk,Deoli APMC,Bengal Gram(Gram)(Whole),Other,FAQ,5451,5700,5576,22/08/2026
Rajasthan,Jhalawar,Khanpur APMC,Bengal Gram(Gram)(Whole),Other,FAQ,5000,5978,5750,22/08/2026
Rajasthan,Jaipur,Bassi APMC,Bengal Gram(Gram)(Whole),999,Local,5650,5772,5711,22/08/2026
Rajasthan,Bundi,Bundi APMC,Green Gram(Moong)(Whole),Other,FAQ,3056,6491,4774,22/08/2026
Rajasthan,Baran,Baran APMC,Green Gram(Moong)(Whole),Other,Local,6355,6751,6610,22/08/2026
Rajasthan,Churu,Sadulpur APMC,Green Gram(Moong)(Whole),Other,Local,6100,6100,6100,22/08/2026
Rajasthan,Jhalawar,Khanpur APMC,Green Gram(Moong)(Whole),Other,FAQ,5000,6641,6641,22/08/2026
Rajasthan,Tonk,Malpura APMC,Green Gram(Moong)(Whole),Other,FAQ,6000,6550,6345,22/08/2026
Rajasthan,Bundi,Bundi APMC,Black Gram(Urd Beans)(Whole),Other,FAQ,6001,6001,6001,22/08/2026
Rajasthan,Tonk,Dooni APMC,Black Gram(Urd Beans)(Whole),Black Gram (Whole),Local,4700,5400,5050,22/08/2026
Rajasthan,Tonk,Deoli APMC,Black Gram(Urd Beans)(Whole),Other,FAQ,5000,7000,6000,22/08/2026
Rajasthan,Bundi,Dei APMC,Black Gram(Urd Beans)(Whole),Other,Local,4800,5901,5901,22/08/2026
Rajasthan,Baran,Baran APMC,Black Gram(Urd Beans)(Whole),Other,Local,5600,6701,6200,22/08/2026
Karnataka,Bidar,Basava Kalayana APMC,Red gram/Arhar/Tur(whole),Arhar (Whole),FAQ,5000,8000,7690,22/08/2026
Karnataka,Vijayanagara,Kottur APMC,Red gram/Arhar/Tur(whole),Arhar (Whole),Local,6250,7500,6375,22/08/2026
Karnataka,Bidar,Bidar APMC,Red gram/Arhar/Tur(whole),Arhar (Whole),Non-FAQ,3688,8422,7944,22/08/2026
Karnataka,Gadag,Laxmeshwar APMC,Red gram/Arhar/Tur(whole),Arhar (Whole),Non-FAQ,5672,5672,5672,22/08/2026
Karnataka,Gadag,Gadag APMC,Red gram split/Arhar dal/Tur dal,Arhar Dal(Tur),Medium,10900,10900,10900,22/08/2026
Karnataka,Gadag,Laxmeshwar APMC,Bengal Gram(Gram)(Whole),Jawari/Local,Non-FAQ,5160,5425,5357,22/08/2026
Karnataka,Bidar,Basava Kalayana APMC,Bengal Gram(Gram)(Whole),Average (Whole),FAQ,5600,5600,5600,22/08/2026
Karnataka,Gadag,Gadag APMC,Bengal Gram(Gram)(Whole),Average (Whole),FAQ,4569,6209,6104,22/08/2026
Karnataka,Bidar,Bidar APMC,Bengal Gram(Gram)(Whole),Jawari/Local,Non-FAQ,4900,6393,5787,22/08/2026
Karnataka,Gadag,Laxmeshwar APMC,Alasande Gram,Alasande Gram,Small,6019,8560,7624,22/08/2026
Karnataka,Gadag,Gadag APMC,Green Gram(Moong)(Whole),Green (Whole),FAQ,1869,10361,8268,22/08/2026
Karnataka,Gadag,Laxmeshwar APMC,Green Gram(Moong)(Whole),Green (Whole),Non-FAQ,1025,9289,7370,22/08/2026
Karnataka,Bidar,Bidar APMC,Green Gram(Moong)(Whole),Local,Non-FAQ,4735,5888,5440,22/08/2026
Karnataka,Gadag,Laxmeshwar APMC,Kulthi(Horse Gram),Horse gram (Whole),Small,3515,3515,3515,22/08/2026
Karnataka,Bidar,Bidar APMC,Black Gram(Urd Beans)(Whole),Black Gram (Whole),Non-FAQ,4822,7330,6239,22/08/2026
Karnataka,Gadag,Gadag APMC,Black Gram(Urd Beans)(Whole),Black Gram (Whole),FAQ,1209,8360,7896,22/08/2026
Karnataka,Gadag,Laxmeshwar APMC,Black Gram(Urd Beans)(Whole),Black Gram (Whole),Non-FAQ,1560,8369,8064,22/08/2026
Gujarat,Junagarh,Junagadh APMC,Red gram/Arhar/Tur(whole),Arhar (Whole),FAQ,7000,8000,7650,22/08/2026
Gujarat,Botad,Botad APMC,Red gram/Arhar/Tur(whole),Other,Local,5600,6000,5850,22/08/2026
Gujarat,Rajkot,Rajkot APMC,Red gram/Arhar/Tur(whole),Arhar (Whole),FAQ,5550,7905,7100,22/08/2026
Gujarat,Amreli,The Agricultural Produce Market Committee-Amreli,Red gram/Arhar/Tur(whole),Other,FAQ,3900,7475,7200,22/08/2026
Gujarat,Rajkot,Jasdan APMC,Red gram/Arhar/Tur(whole),Arhar (Whole),FAQ,5000,6000,5500,22/08/2026
Gujarat,Amreli,Savarkundla APMC,Red gram/Arhar/Tur(whole),Other,Local,6500,7405,7125,22/08/2026
Gujarat,Rajkot,Dhoraji APMC,Red gram/Arhar/Tur(whole),Arhar (Whole),Non-FAQ,5830,7105,6880,22/08/2026
Gujarat,Rajkot,Jetpur(Dist.Rajkot) APMC,Red gram/Arhar/Tur(whole),Arhar (Whole),FAQ,5750,7300,7125,22/08/2026
Gujarat,Bhavnagar,Mahuva(Station Road) APMC,Red gram/Arhar/Tur(whole),Local,FAQ,5955,5955,5955,22/08/2026
Gujarat,Dahod,Dahod APMC,Red gram/Arhar/Tur(whole),Arhar (Whole),Non-FAQ,6000,6500,6370,22/08/2026
Gujarat,Jamnagar,Jamnagar APMC,Bengal Gram(Gram)(Whole),Other,Local,5000,6200,5875,22/08/2026
Gujarat,Rajkot,Jetpur(Dist.Rajkot) APMC,Bengal Gram(Gram)(Whole),Desi (Whole),FAQ,5600,6130,6000,22/08/2026
Gujarat,Dahod,Dahod APMC,Bengal Gram(Gram)(Whole),Desi (Whole),Local,6050,6100,6075,22/08/2026
Gujarat,Amreli,APMC Bagasara,Bengal Gram(Gram)(Whole),Desi (Whole),Local,5000,5500,5250,22/08/2026
Gujarat,Rajkot,Jasdan APMC,Bengal Gram(Gram)(Whole),Desi (Whole),FAQ,4500,6150,5750,22/08/2026
Gujarat,Morbi,Morbi APMC,Bengal Gram(Gram)(Whole),Other,FAQ,6000,6030,6015,22/08/2026
Gujarat,Bhavnagar,Taleja APMC,Bengal Gram(Gram)(Whole),Other,FAQ,4750,5900,5325,22/08/2026
Gujarat,Morbi,Vankaner APMC,Bengal Gram(Gram)(Whole),Desi (Whole),FAQ,5500,5710,5600,22/08/2026
Gujarat,Rajkot,Rajkot APMC,Bengal Gram(Gram)(Whole),White (whole),FAQ,6250,9350,8625,22/08/2026
Gujarat,Jamnagar,Jam Jodhpur APMC,Bengal Gram(Gram)(Whole),Average (Whole),Local,5500,6175,5750,22/08/2026
Gujarat,Amreli,The Agricultural Produce Market Committee-Amreli,Bengal Gram(Gram)(Whole),Other,FAQ,4500,6175,6050,22/08/2026
Gujarat,Jamnagar,Kalawad APMC,Bengal Gram(Gram)(Whole),Other,Local,5500,6095,5825,22/08/2026
Gujarat,Jamnagar,Dhrol APMC,Bengal Gram(Gram)(Whole),Other,Local,5005,5950,5480,22/08/2026
Gujarat,Patan,Harij APMC,Bengal Gram(Gram)(Whole),Average (Whole),Local,5410,6130,5840,22/08/2026
Gujarat,Rajkot,Rajkot APMC,Bengal Gram(Gram)(Whole),Desi (Whole),FAQ,5075,6200,6075,22/08/2026
Gujarat,Bhavnagar,Bhavnagar APMC,Bengal Gram(Gram)(Whole),Other,FAQ,5718,5718,5718,22/08/2026
Gujarat,Botad,Botad APMC,Bengal Gram(Gram)(Whole),Other,Local,5670,6700,6235,22/08/2026
Gujarat,Amreli,Savarkundla APMC,Bengal Gram(Gram)(Whole),Average (Whole),Local,5600,6330,6100,22/08/2026
Gujarat,Navsari,Navsari APMC,Pegeon Pea(Arhar Fali),Pigeon Pea (Arhar Fali),Local,10000,11000,10500,22/08/2026
Gujarat,Surat,Surat APMC,Pegeon Pea(Arhar Fali),Other,FAQ,5000,11000,8000,22/08/2026
Gujarat,Kheda,Nadiyad(Piplag) APMC,Pegeon Pea(Arhar Fali),Pigeon Pea (Arhar Fali),FAQ,5000,6000,5500,22/08/2026
Gujarat,Rajkot,Jasdan APMC,Green Gram(Moong)(Whole),Green (Whole),FAQ,4000,7500,7000,22/08/2026
Gujarat,Junagarh,Junagadh APMC,Green Gram(Moong)(Whole),Green (Whole),FAQ,5000,8640,7500,22/08/2026
Gujarat,Jamnagar,Jam Jodhpur APMC,Green Gram(Moong)(Whole),Green (Whole),Local,5000,7000,6000,22/08/2026
Gujarat,Junagarh,Junagadh APMC,Kulthi(Horse Gram),Horse gram (Whole),FAQ,5000,6150,5900,22/08/2026
Gujarat,Dahod,Dahod APMC,Green Gram(Moong)(Whole),Green (Whole),Local,7000,7500,7400,22/08/2026
Gujarat,Rajkot,Rajkot APMC,Green Gram(Moong)(Whole),Green (Whole),FAQ,5500,7875,7200,22/08/2026
Gujarat,Amreli,The Agricultural Produce Market Committee-Amreli,Green Gram(Moong)(Whole),Other,FAQ,3025,6750,6750,22/08/2026
Gujarat,Porbandar,Porbandar APMC,Green Gram(Moong)(Whole),Green (Whole),Non-FAQ,6825,7650,7235,22/08/2026
Gujarat,Banaskanth,Dhanera APMC,Green Gram(Moong)(Whole),Local,Local,5505,5505,5505,22/08/2026
Gujarat,Rajkot,Rajkot APMC,Black Gram(Urd Beans)(Whole),Black Gram (Whole),FAQ,7000,9005,8600,22/08/2026
Gujarat,Rajkot,Jasdan APMC,Black Gram(Urd Beans)(Whole),Black Gram (Whole),FAQ,2500,8125,6750,22/08/2026
Gujarat,Gir Somnath,Veraval APMC,Black Gram(Urd Beans)(Whole),Other,FAQ,8000,9000,8755,22/08/2026
Gujarat,Jamnagar,Jamnagar APMC,Black Gram(Urd Beans)(Whole),Other,Local,7000,8300,8300,22/08/2026
Andhra Pradesh,Palnadu,Ipur APMC,Red gram/Arhar/Tur(whole),Local,FAQ,6900,7900,7500,22/08/2026
Andhra Pradesh,Kurnool,Kurnool APMC,Red gram/Arhar/Tur(whole),Local,FAQ,2510,7727,7697,22/08/2026
Andhra Pradesh,Markapuram,Kanigiri APMC,Red gram/Arhar/Tur(whole),(Whole),Local,8600,8800,8700,22/08/2026
Andhra Pradesh,Ananthapuramu,Guntakal APMC,Red gram/Arhar/Tur(whole),Local,Local,7000,7800,7500,22/08/2026
Andhra Pradesh,Ananthapuramu,Gooti APMC,Red gram/Arhar/Tur(whole),Local,Grade Range-1,4800,6060,5760,22/08/2026
Andhra Pradesh,Markapuram,Podili APMC,Red gram/Arhar/Tur(whole),Arhar (Whole),FAQ,8000,8200,8100,22/08/2026
Andhra Pradesh,Palnadu,Narasaraopet APMC,Red gram/Arhar/Tur(whole),Local,FAQ,8000,8000,8000,22/08/2026
Andhra Pradesh,Palnadu,Gurazala APMC,Chili Red,Red,Local,15000,22000,19500,22/08/2026
Andhra Pradesh,Bapatla,Parchur APMC,Chili Red,Dry,FAQ,15000,20000,18000,22/08/2026
Andhra Pradesh,Palnadu,Gurazala APMC,Chili Red,Red,Grade Range-1,17000,27000,24000,22/08/2026
Andhra Pradesh,Prakasam,Maddipadu APMC,Bengal Gram(Gram)(Whole),Gulabi,FAQ,6000,6000,6000,22/08/2026
Andhra Pradesh,Bapatla,Parchur APMC,Bengal Gram(Gram)(Whole),Other,FAQ,5500,6000,5800,22/08/2026
Andhra Pradesh,Ananthapuramu,Urvakonda APMC,Bengal Gram(Gram)(Whole),Other,Local,6000,6200,6100,22/08/2026
Andhra Pradesh,Markapuram,Giddalur APMC,Bengal Gram(Gram)(Whole),Other,FAQ,5900,6000,5950,22/08/2026
Andhra Pradesh,Guntur,Tadikonda APMC,Bengal Gram(Gram)(Whole),Average (Whole),Grade Range-1,5700,5700,5700,22/08/2026
Andhra Pradesh,Prakasam,Kondapi APMC,Bengal Gram(Gram)(Whole),Average (Whole),Local,5500,6000,5750,22/08/2026
Andhra Pradesh,Markapuram,Cumbum APMC,Bengal Gram(Gram)(Whole),Desi (Whole),FAQ,5700,5900,5800,22/08/2026
Andhra Pradesh,Palnadu,Narasaraopet APMC,Bengal Gram(Gram)(Whole),Desi (Whole),FAQ,6000,6000,6000,22/08/2026
Andhra Pradesh,Markapuram,Markapur APMC,Bengal Gram(Gram)(Whole),Desi (Whole),FAQ,5450,5450,5450,22/08/2026
Andhra Pradesh,Prakasam,Addanki APMC,Bengal Gram(Gram)(Whole),Gulabi,FAQ,5920,5980,5950,22/08/2026
Andhra Pradesh,Nandyal,Nandikotkur APMC,Bengal Gram(Gram)(Whole),Gulabi,FAQ,5400,5650,5500,22/08/2026
Andhra Pradesh,YSR Kadapa,Proddatur APMC,Bengal Gram(Gram)(Whole),Jawari/Local,Local,6300,6300,6300,22/08/2026
Andhra Pradesh,YSR Kadapa,Jammalamadugu APMC,Bengal Gram(Gram)(Whole),Average (Whole),FAQ,6000,6200,6100,22/08/2026
Andhra Pradesh,Palnadu,Chilakaluripet APMC,Bengal Gram(Gram)(Whole),Other,Local,5000,5800,5500,22/08/2026
Andhra Pradesh,Ananthapuramu,Guntakal APMC,Bengal Gram(Gram)(Whole),Bengal Gram (Split),Local,6000,6200,6100,22/08/2026
Andhra Pradesh,Anakapally,Payakaraopeta APMC,Green Gram(Moong)(Whole),Local,Local,8748,8768,8758,22/08/2026
Andhra Pradesh,Palnadu,Narasaraopet APMC,Green Gram(Moong)(Whole),Local (Whole),FAQ,7000,7000,7000,22/08/2026
Andhra Pradesh,Parvathipuram Manyam,Palakonda APMC,Green Gram(Moong)(Whole),Green (Whole),FAQ,6500,6500,6500,22/08/2026
Andhra Pradesh,Bapatla,Parchur APMC,Black Gram(Urd Beans)(Whole),Black Gram (Whole),FAQ,8000,9000,8500,22/08/2026
Andhra Pradesh,Parvathipuram Manyam,Palakonda APMC,Black Gram(Urd Beans)(Whole),Black Gram (Whole),FAQ,7500,7500,7500,22/08/2026
Andhra Pradesh,Krishna,Movva (HQ-Kuchipudi) APMC,Black Gram(Urd Beans)(Whole),Local,Local,9500,9500,9500,22/08/2026
Andhra Pradesh,Krishna,Penamaluru (HQ-Kankipadu) APMC,Black Gram(Urd Beans)(Whole),Local,Local,9000,9000,9000,22/08/2026
Andhra Pradesh,Bapatla,Kuchinapudi APMC,Black Gram(Urd Beans)(Whole),Black Gram (Whole),Local,9500,9700,9600,22/08/2026
Andhra Pradesh,Krishna,Pedana APMC,Black Gram(Urd Beans)(Whole),Local,Local,7800,8200,8100,22/08/2026
Andhra Pradesh,Krishna,Divi (HQ-Avanigadda) APMC,Black Gram(Urd Beans)(Whole),Desi,FAQ,8200,8800,8400,22/08/2026
Andhra Pradesh,Krishna,Vuyyur APMC,Black Gram Dal(Urd Dal),Local,FAQ,8500,8600,8550,22/08/2026
Andhra Pradesh,Palnadu,Ipur APMC,Black Gram(Urd Beans)(Whole),Black Gram (Whole),FAQ,7500,8500,8000,22/08/2026
Andhra Pradesh,Guntur,Ponnur APMC,Black Gram(Urd Beans)(Whole),Black Gram (Whole),Grade Range-1,9800,10000,9900,22/08/2026
Andhra Pradesh,Palnadu,Narasaraopet APMC,Black Gram(Urd Beans)(Whole),Black Gram (Whole),FAQ,8500,8500,8500,22/08/2026
Andhra Pradesh,Krishna,Gudlavalleru APMC,Black Gram Dal(Urd Dal),Black Gram Dal,FAQ,9000,9000,9000,22/08/2026
Andhra Pradesh,Visakhapatnam,Pendurthi APMC,Black Gram Dal(Urd Dal),Black Gram Dal,Local,7600,7600,7600,22/08/2026
West Bengal,Paschim Bardhaman,Asansol APMC,Red gram split/Arhar dal/Tur dal,Arhar Dal(Tur),FAQ,12500,12700,12650,22/08/2026
West Bengal,Darjeeling,Siliguri APMC,Black Gram Dal(Urd Dal),Black Gram Dal,FAQ,12000,13000,12500,22/08/2026
West Bengal,Darjeeling,Siliguri APMC,Green Gram Dal(Moong Dal),Green Gram Dal,FAQ,9600,9800,9700,22/08/2026
West Bengal,Paschim Bardhaman,Asansol APMC,Green Gram Dal(Moong Dal),Green Gram Dal,FAQ,12500,12635,12600,22/08/2026
Telangana,Vikarabad,Tanduru APMC,Red gram/Arhar/Tur(whole),(Whole),Grade Range-1,16560,16658,16600,22/08/2026
Telangana,Narayanpet,Narayanpet APMC,Green Gram(Moong)(Whole),Local (Whole),Non-FAQ,5509,9062,7370,22/08/2026
Telangana,Vikarabad,Tanduru APMC,Green Gram(Moong)(Whole),Green (Whole),Grade Range-1,12000,15222,13770,22/08/2026
Telangana,Sangareddy,Sadasivpet APMC,Green Gram(Moong)(Whole),Local,Local,8407,8407,8407,22/08/2026
Telangana,Suryapet,Suryapeta APMC,Green Gram(Moong)(Whole),Local,Local,5972,6309,6159,22/08/2026
Telangana,Vikarabad,Dharur APMC,Green Gram Dal(Moong Dal),Green Gram Dal,Grade Range-2,7600,7600,7600,22/08/2026
Madhya Pradesh,Rajgarh,Biaora APMC,Green Gram(Moong)(Whole),Green (Whole),FAQ,6210,6875,6875,22/08/2026
Madhya Pradesh,Rajgarh,Jeerapur APMC,Green Gram(Moong)(Whole),Green (Whole),FAQ,6540,6540,6540,22/08/2026
Madhya Pradesh,Sagar,Rahatgarh APMC,Green Gram(Moong)(Whole),Green (Whole),Non-FAQ,4005,6435,6199,22/08/2026
Madhya Pradesh,Khargone,Bhikangaon APMC,Green Gram(Moong)(Whole),Green (Whole),FAQ,7055,7075,7075,22/08/2026
Madhya Pradesh,Indore,Indore APMC,Green Gram(Moong)(Whole),Green (Whole),FAQ,6490,6490,6490,22/08/2026
Madhya Pradesh,Morena,Morena APMC,Green Gram(Moong)(Whole),Green (Whole),Non-FAQ,3595,6745,3595,22/08/2026
Madhya Pradesh,Badwani,Sendhwa APMC,Green Gram(Moong)(Whole),Green (Whole),FAQ,6885,6900,6900,22/08/2026
Madhya Pradesh,Sagar,Sagar APMC,Green Gram(Moong)(Whole),Green (Whole),FAQ,3000,6855,6855,22/08/2026
Maharashtra,Akola,Telhara APMC,Green Gram(Moong)(Whole),Other,Non-FAQ,4100,5400,4255,22/08/2026
Maharashtra,Chattrapati Sambhajinagar,Gangapur APMC,Green Gram(Moong)(Whole),Green (Whole),Non-FAQ,7011,7011,7011,22/08/2026
Maharashtra,Amarawati,Amarawati APMC,Green Gram(Moong)(Whole),Other,Non-FAQ,6500,7100,6800,22/08/2026
Maharashtra,Parbhani,Pathari APMC,Green Gram(Moong)(Whole),Green (Whole),Non-FAQ,7000,7000,7000,22/08/2026
Maharashtra,Jalna,Jalana APMC,Green Gram(Moong)(Whole),Other,Non-FAQ,4500,8100,7800,22/08/2026
Maharashtra,Akola,Akola APMC,Green Gram(Moong)(Whole),Green (Whole),Non-FAQ,6805,7345,7195,22/08/2026
Maharashtra,Beed,Majalgaon APMC,Green Gram(Moong)(Whole),Green (Whole),Non-FAQ,8189,8501,8200,22/08/2026
Maharashtra,Mumbai,Mumbai APMC,Green Gram(Moong)(Whole),Other,FAQ,8800,15000,12500,22/08/2026
Maharashtra,Wardha,Hinganghat APMC,Green Gram(Moong)(Whole),Green (Whole),Non-FAQ,5800,5800,5800,22/08/2026
Maharashtra,Ahilyanagar,"Omchatinya Multi State Agro Purpose Co-Op Society, Dist Ahilyanagar",Green Gram(Moong)(Whole),Other,Local,8500,8500,8500,22/08/2026
Maharashtra,Buldhana,Malkapur APMC,Green Gram(Moong)(Whole),Other,Non-FAQ,7500,7500,7500,22/08/2026
Maharashtra,Pune,Pune APMC,Green Gram(Moong)(Whole),Green (Whole),FAQ,9200,10200,9700,22/08/2026
Maharashtra,Ahilyanagar,Ahilyanagar APMC,Green Gram(Moong)(Whole),Other,FAQ,9000,9000,9000,22/08/2026
Maharashtra,Washim,Washim APMC,Green Gram(Moong)(Whole),Other,Non-FAQ,5580,6800,5850,22/08/2026
Maharashtra,Beed,Gevrai APMC,Green Gram(Moong)(Whole),Other,FAQ,8768,9320,8910,22/08/2026
Maharashtra,Chattrapati Sambhajinagar,Vaijpur APMC,Green Gram(Moong)(Whole),Green (Whole),FAQ,9011,9011,9011,22/08/2026
Maharashtra,Buldhana,Khamgaon APMC,Green Gram(Moong)(Whole),Other,Non-FAQ,6050,6050,6050,22/08/2026
Maharashtra,Jalgaon,Amalner APMC,Green Gram(Moong)(Whole),Other,Non-FAQ,6200,7900,7900,22/08/2026
Maharashtra,Wardha,APMC SINDI BRANCH SELOO,Green Gram(Moong)(Whole),Green (Whole),Non-FAQ,5800,6200,6000,22/08/2026
Maharashtra,Nashik,Malegaon APMC,Green Gram(Moong)(Whole),Green (Whole),FAQ,9411,9411,9411,22/08/2026
Maharashtra,Mumbai,Mumbai APMC,Green Gram Dal(Moong Dal),Other,Local,9000,10800,10000,22/08/2026
Uttar Pradesh,Jalaun (Orai),Kalpi APMC,Green Gram(Moong)(Whole),Other,FAQ,6700,6700,6700,22/08/2026
Uttar Pradesh,Kanpur,Choubepur APMC,Green Gram(Moong)(Whole),Other,FAQ,8768,8768,8768,22/08/2026
Uttar Pradesh,Prayagraj,Jasra APMC,Green Gram(Moong)(Whole),Other,FAQ,8768,8768,8768,22/08/2026
Uttar Pradesh,Mathura,Kosikalan APMC,Green Gram(Moong)(Whole),Other,FAQ,8768,8768,8768,22/08/2026
Uttar Pradesh,Hamirpur,Muskara APMC,Green Gram(Moong)(Whole),Other,FAQ,7500,7500,7500,22/08/2026
Uttar Pradesh,Kanpur,Baripaal APMC,Green Gram(Moong)(Whole),Other,FAQ,6900,7000,6907.38,22/08/2026
Uttar Pradesh,Agra,Agra APMC,Green Gram(Moong)(Whole),Other,FAQ,8768,9615.58,8777.89,22/08/2026
Uttar Pradesh,Etah,Etah APMC,Green Gram(Moong)(Whole),Other,FAQ,8768,8768,8768,22/08/2026
Uttar Pradesh,Agra,Achnera APMC,Green Gram(Moong)(Whole),Other,FAQ,6550,6550,6550,22/08/2026
Uttar Pradesh,Kanpur Dehat,Jhijhank APMC,Green Gram(Moong)(Whole),Other,FAQ,8768,8768,8768,22/08/2026
Uttar Pradesh,Fatehpur,Bindki APMC,Green Gram(Moong)(Whole),Other,FAQ,6500,6500,6500,22/08/2026
Uttar Pradesh,Mathura,Mathura APMC,Green Gram(Moong)(Whole),Other,FAQ,8768,8768,8768,22/08/2026
Uttar Pradesh,Firozabad,Sirsaganj APMC,Green Gram(Moong)(Whole),Other,FAQ,8468,8768,8760.13,22/08/2026
Uttar Pradesh,Firozabad,Tundla APMC,Green Gram(Moong)(Whole),Other,FAQ,7400,7760,7510.94,22/08/2026
Uttar Pradesh,Ghaziabad,Ghaziabad APMC,Green Gram(Moong)(Whole),Other,FAQ,6300,12790,9339.49,22/08/2026
Uttar Pradesh,Varanasi,Varanasi APMC,Green Gram(Moong)(Whole),Other,FAQ,8000,9300,8757.12,22/08/2026
Uttar Pradesh,Bareilly,Bareilly APMC,Green Gram(Moong)(Whole),Other,FAQ,8301,9250,9012.75,22/08/2026
Uttar Pradesh,Hathras,Haathras APMC,Green Gram(Moong)(Whole),Other,FAQ,6695.68,8768,8717.88,22/08/2026
Uttar Pradesh,Jalaun (Orai),Jalaun APMC,Green Gram(Moong)(Whole),Other,FAQ,8768,8780,8770.59,22/08/2026
Uttar Pradesh,Prayagraj,Prayagraj APMC,Green Gram(Moong)(Whole),Other,FAQ,8768,8768,8768,22/08/2026
Uttar Pradesh,Etawah,Jasvantnagar APMC,Green Gram(Moong)(Whole),Other,FAQ,8768,8768,8768,22/08/2026
Uttar Pradesh,Mainpuri,Bewar APMC,Green Gram(Moong)(Whole),Other,FAQ,8768,8768,8768,22/08/2026
Uttar Pradesh,Agra,Samsabad APMC,Green Gram(Moong)(Whole),Other,FAQ,8768,8768,8768,22/08/2026
Uttar Pradesh,Jalaun (Orai),Orai APMC,Green Gram(Moong)(Whole),Other,FAQ,6200,8768,7374.49,22/08/2026
Uttar Pradesh,Hamirpur,Maudaha APMC,Green Gram(Moong)(Whole),Other,FAQ,8768,8795,8772.5,22/08/2026
Uttar Pradesh,Fatehpur,Jahanabad APMC,Green Gram(Moong)(Whole),Other,FAQ,8768,8768,8768,22/08/2026
Uttar Pradesh,Pratapgarh,Pratapgarh APMC,Green Gram(Moong)(Whole),Other,FAQ,8768,8768,8768,22/08/2026
Uttar Pradesh,Bulandshahar,Sikarpur APMC,Green Gram(Moong)(Whole),Other,FAQ,8780,8780,8780,22/08/2026
Uttar Pradesh,Lucknow,Lucknow APMC,Green Gram(Moong)(Whole),Other,FAQ,8600,8700,8671.43,22/08/2026
Uttar Pradesh,Hamirpur,Raath APMC,Green Gram(Moong)(Whole),Other,FAQ,8768,8768,8768,22/08/2026
Uttar Pradesh,Lucknow,Banthara APMC,Green Gram(Moong)(Whole),Other,FAQ,8000,9329.52,8534.17,22/08/2026
Uttar Pradesh,Jalaun (Orai),Ait APMC,Green Gram(Moong)(Whole),Other,FAQ,8768,8768,8768,22/08/2026
Uttar Pradesh,Auraiya,Auraiya APMC,Green Gram(Moong)(Whole),Other,FAQ,7000,7000,7000,22/08/2026
Uttar Pradesh,Ghaziabad,Noida APMC,Green Gram(Moong)(Whole),Other,FAQ,7500,12915.04,9185.77,22/08/2026
Uttar Pradesh,Agra,Fatehabad APMC,Green Gram(Moong)(Whole),Other,FAQ,6750,6750,6750,22/08/2026
Uttar Pradesh,Lalitpur,Lalitpur APMC,Green Gram(Moong)(Whole),Other,FAQ,7000,8768,7514.57,22/08/2026
Uttar Pradesh,Badaun,Badayoun APMC,Green Gram(Moong)(Whole),Other,FAQ,8768,8768,8768,22/08/2026
Uttar Pradesh,Jalaun (Orai),Konch APMC,Green Gram(Moong)(Whole),Other,FAQ,6500,8768,7387.26,22/08/2026
Uttar Pradesh,Mahoba,Mahoba APMC,Green Gram(Moong)(Whole),Other,FAQ,6000,6000,6000,22/08/2026
Uttar Pradesh,Barabanki,Barabanki APMC,Green Gram(Moong)(Whole),Other,FAQ,9063,9063,9063,22/08/2026
Uttar Pradesh,Aligarh,Charra APMC,Green Gram(Moong)(Whole),Other,FAQ,8768,8768,8768,22/08/2026
Uttar Pradesh,Farukhabad,Farukhabad APMC,Green Gram Dal(Moong Dal),Other,FAQ,9200,9200,9200,22/08/2026
Uttar Pradesh,Ghaziabad,Ghaziabad APMC,Green Gram Dal(Moong Dal),Other,FAQ,10202.49,13245.45,10326.21,22/08/2026
Uttar Pradesh,Sambhal,Muradabad APMC,Green Gram Dal(Moong Dal),Other,FAQ,8750,9325,8965.63,22/08/2026
Uttar Pradesh,Raebarelli,Raibareilly APMC,Green Gram Dal(Moong Dal),Other,FAQ,9260,9291,9277.71,22/08/2026
Uttar Pradesh,Hardoi,Sandila APMC,Green Gram Dal(Moong Dal),Other,FAQ,7050,7250,7142.5,22/08/2026
Uttar Pradesh,Lucknow,Lucknow APMC,Green Gram Dal(Moong Dal),Other,FAQ,8160,10425,8766.11,22/08/2026
Uttar Pradesh,Agra,Agra APMC,Green Gram Dal(Moong Dal),Other,FAQ,10355.88,10355.88,10355.88,22/08/2026
Rajasthan,Bundi,Bundi APMC,Green Gram(Moong)(Whole),Other,FAQ,3056,6491,4774,22/08/2026
Rajasthan,Jhalawar,Khanpur APMC,Green Gram(Moong)(Whole),Other,FAQ,5000,6641,6641,22/08/2026
Rajasthan,Tonk,Malpura APMC,Green Gram(Moong)(Whole),Other,FAQ,6000,6550,6345,22/08/2026
Rajasthan,Baran,Baran APMC,Green Gram(Moong)(Whole),Other,Local,6355,6751,6610,22/08/2026
Rajasthan,Churu,Sadulpur APMC,Green Gram(Moong)(Whole),Other,Local,6100,6100,6100,22/08/2026
Karnataka,Bidar,Bidar APMC,Green Gram(Moong)(Whole),Local,Non-FAQ,4735,5888,5440,22/08/2026
Karnataka,Gadag,Laxmeshwar APMC,Green Gram(Moong)(Whole),Green (Whole),Non-FAQ,1025,9289,7370,22/08/2026
Karnataka,Gadag,Gadag APMC,Green Gram(Moong)(Whole),Green (Whole),FAQ,1869,10361,8268,22/08/2026
Gujarat,Rajkot,Jasdan APMC,Green Gram(Moong)(Whole),Green (Whole),FAQ,4000,7500,7000,22/08/2026
Gujarat,Junagarh,Junagadh APMC,Green Gram(Moong)(Whole),Green (Whole),FAQ,5000,8640,7500,22/08/2026
Gujarat,Jamnagar,Jam Jodhpur APMC,Green Gram(Moong)(Whole),Green (Whole),Local,5000,7000,6000,22/08/2026
Gujarat,Porbandar,Porbandar APMC,Green Gram(Moong)(Whole),Green (Whole),Non-FAQ,6825,7650,7235,22/08/2026
Gujarat,Banaskanth,Dhanera APMC,Green Gram(Moong)(Whole),Local,Local,5505,5505,5505,22/08/2026
Gujarat,Rajkot,Rajkot APMC,Green Gram(Moong)(Whole),Green (Whole),FAQ,5500,7875,7200,22/08/2026
Gujarat,Amreli,The Agricultural Produce Market Committee-Amreli,Green Gram(Moong)(Whole),Other,FAQ,3025,6750,6750,22/08/2026
Gujarat,Dahod,Dahod APMC,Green Gram(Moong)(Whole),Green (Whole),Local,7000,7500,7400,22/08/2026
Andhra Pradesh,Palnadu,Narasaraopet APMC,Green Gram(Moong)(Whole),Local (Whole),FAQ,7000,7000,7000,22/08/2026
Andhra Pradesh,Parvathipuram Manyam,Palakonda APMC,Green Gram(Moong)(Whole),Green (Whole),FAQ,6500,6500,6500,22/08/2026
Andhra Pradesh,Anakapally,Payakaraopeta APMC,Green Gram(Moong)(Whole),Local,Local,8748,8768,8758,22/08/2026
West Bengal,Darjeeling,Siliguri APMC,Green Gram Dal(Moong Dal),Green Gram Dal,FAQ,9600,9800,9700,22/08/2026
West Bengal,Paschim Bardhaman,Asansol APMC,Green Gram Dal(Moong Dal),Green Gram Dal,FAQ,12500,12635,12600,22/08/2026
Telangana,Narayanpet,Narayanpet APMC,Green Gram(Moong)(Whole),Local (Whole),Non-FAQ,5509,9062,7370,22/08/2026
Telangana,Vikarabad,Tanduru APMC,Green Gram(Moong)(Whole),Green (Whole),Grade Range-1,12000,15222,13770,22/08/2026
Telangana,Sangareddy,Sadasivpet APMC,Green Gram(Moong)(Whole),Local,Local,8407,8407,8407,22/08/2026
Telangana,Suryapet,Suryapeta APMC,Green Gram(Moong)(Whole),Local,Local,5972,6309,6159,22/08/2026
Telangana,Vikarabad,Dharur APMC,Green Gram Dal(Moong Dal),Green Gram Dal,Grade Range-2,7600,7600,7600,22/08/2026
Madhya Pradesh,Ujjain,Tarana APMC,Kabuli Chana(Chickpeas-White),Bitkey,FAQ,5125,5125,5125,22/08/2026
Madhya Pradesh,Indore,Indore APMC,Kabuli Chana(Chickpeas-White),Dollar Gram,FAQ,3790,8970,7600,22/08/2026
Madhya Pradesh,Badwani,Anjad APMC,Kabuli Chana(Chickpeas-White),Dollar Gram,FAQ,7900,8000,8000,22/08/2026
Maharashtra,Mumbai,Mumbai APMC,Bengal Gram Dal(Chana Dal),Other,Local,7300,8000,7600,22/08/2026
Uttar Pradesh,Saharanpur,Saharanpur APMC,Bengal Gram Dal(Chana Dal),Other,FAQ,7525,7775,7650,22/08/2026
Uttar Pradesh,Hardoi,Sandila APMC,Bengal Gram Dal(Chana Dal),Other,FAQ,6000,6250,6129.78,22/08/2026
Uttar Pradesh,Sambhal,Muradabad APMC,Bengal Gram Dal(Chana Dal),Other,FAQ,7450,7450,7450,22/08/2026
Uttar Pradesh,Bareilly,Bareilly APMC,Bengal Gram Dal(Chana Dal),Other,FAQ,7800,7800,7800,22/08/2026
Uttar Pradesh,Lucknow,Lucknow APMC,Bengal Gram Dal(Chana Dal),Other,FAQ,7200,7289,7215.7,22/08/2026
Uttar Pradesh,Farukhabad,Farukhabad APMC,Bengal Gram Dal(Chana Dal),Other,FAQ,7200,7200,7200,22/08/2026
Uttar Pradesh,Ghaziabad,Ghaziabad APMC,Bengal Gram Dal(Chana Dal),Other,FAQ,7631.49,9250.3,7958.31,22/08/2026
Uttar Pradesh,Raebarelli,Raibareilly APMC,Bengal Gram Dal(Chana Dal),Other,FAQ,7960,7960,7960,22/08/2026
Uttar Pradesh,Agra,Agra APMC,Bengal Gram Dal(Chana Dal),Other,FAQ,7631.49,7631.49,7631.49,22/08/2026
Gujarat,Amreli,Rajula APMC,Kabuli Chana(Chickpeas-White),Kabuli Chana(Chickpeas-white),Local,5250,5250,5250,22/08/2026
Madhya Pradesh,Dindori,Gorakhpur APMC,Lentil(Masur)(Whole),Local,FAQ,5700,5750,5750,22/08/2026
Madhya Pradesh,Rajgarh,Jeerapur APMC,Lentil(Masur)(Whole),Masur Dal,FAQ,5425,8230,8230,22/08/2026
Madhya Pradesh,Rajgarh,Biaora APMC,Lentil(Masur)(Whole),Masur Dal,FAQ,5800,5800,5800,22/08/2026
Madhya Pradesh,Rajgarh,Pachaur APMC,Lentil(Masur)(Whole),Masur Dal,FAQ,7185,7185,7185,22/08/2026
Madhya Pradesh,Rajgarh,Chhapiheda APMC,Lentil(Masur)(Whole),Masur Dal,FAQ,7225,7400,7400,22/08/2026
Madhya Pradesh,Sagar,Sagar APMC,Lentil(Masur)(Whole),Masur Dal,FAQ,2100,8505,5850,22/08/2026
Madhya Pradesh,Sagar,Rahatgarh APMC,Lentil(Masur)(Whole),Local,Non-FAQ,5415,6149,6149,22/08/2026
Maharashtra,Mumbai,Mumbai APMC,Masur Dal,Other,Local,7100,7500,7300,22/08/2026
Maharashtra,Pune,Pune APMC,Lentil(Masur)(Whole),Other,FAQ,7000,7400,7200,22/08/2026
Maharashtra,Mumbai,Mumbai APMC,Lentil(Masur)(Whole),Other,FAQ,7000,7300,7200,22/08/2026
Maharashtra,Sangli,Sangli APMC,Lentil(Masur)(Whole),Other,FAQ,7000,7500,7250,22/08/2026
Uttar Pradesh,Saharanpur,Saharanpur APMC,Masur Dal,Other,FAQ,7400,7400,7400,22/08/2026
Uttar Pradesh,Varanasi,Varanasi APMC,Masur Dal,Other,FAQ,5400,6850,6600,22/08/2026
Uttar Pradesh,Bareilly,Bareilly APMC,Masur Dal,Other,FAQ,7500,7500,7500,22/08/2026
Uttar Pradesh,Jalaun (Orai),Orai APMC,Masur Dal,Other,FAQ,6217,6250,6229.81,22/08/2026
Uttar Pradesh,Sambhal,Muradabad APMC,Masur Dal,Other,FAQ,6500,10700,7836.36,22/08/2026
Uttar Pradesh,Balrampur,Tulsipur APMC,Masur Dal,Other,FAQ,8000,9300,8975,22/08/2026
Uttar Pradesh,Ghaziabad,Noida APMC,Masur Dal,Other,FAQ,6500,10081.9,7024.37,22/08/2026
Uttar Pradesh,Ghaziabad,Ghaziabad APMC,Masur Dal,Other,FAQ,4800,10082,7582.61,22/08/2026
Uttar Pradesh,Lakhimpur,Lakhimpur APMC,Masur Dal,Other,FAQ,6910.18,6910.18,6910.18,22/08/2026
Uttar Pradesh,Balrampur,Panchpedwa APMC,Masur Dal,Other,FAQ,7500,7500,7500,22/08/2026
Uttar Pradesh,Banda,Baberu APMC,Masur Dal,Other,FAQ,6000,6000,6000,22/08/2026
Uttar Pradesh,Agra,Agra APMC,Masur Dal,Other,FAQ,6955,9265,7089.67,22/08/2026
Uttar Pradesh,Banda,Banda APMC,Masur Dal,Other,FAQ,6000,6500,6372.19,22/08/2026
Uttar Pradesh,Balrampur,Balrampur APMC,Masur Dal,Other,FAQ,9000,9000,9000,22/08/2026
Uttar Pradesh,Barabanki,Barabanki APMC,Masur Dal,Other,FAQ,7171,7171,7171,22/08/2026
Uttar Pradesh,Lucknow,Lucknow APMC,Masur Dal,Other,FAQ,6900,9700,7700,22/08/2026
Uttar Pradesh,Lucknow,Banthara APMC,Masur Dal,Other,FAQ,5800,6925.97,6356.26,22/08/2026
Uttar Pradesh,Balrampur,Tulsipur APMC,Lentil(Masur)(Whole),Masoor Gola,FAQ,9400,9500,9450,22/08/2026
West Bengal,Medinipur(E),Kolaghat APMC,Masur Dal,Masur Dal,FAQ,10600,11000,10800,22/08/2026
West Bengal,North 24 Parganas,Habra APMC,Masur Dal,Masur Dal,FAQ,10500,10500,10500,22/08/2026
West Bengal,Hooghly,Pandua APMC,Masur Dal,Masur Dal,FAQ,10600,10925,10750,22/08/2026
West Bengal,Medinipur(E),Tamluk (Medinipur E) APMC,Masur Dal,Masur Dal,FAQ,10600,11000,10800,22/08/2026
West Bengal,Darjeeling,Siliguri APMC,Masur Dal,Masur Dal,FAQ,12300,12700,12500,22/08/2026
West Bengal,Bankura,Bishnupur(Bankura) APMC,Masur Dal,Other,FAQ,9900,10500,10200,22/08/2026
West Bengal,Hooghly,Kalipur APMC,Masur Dal,Masur Dal,FAQ,11000,12000,11500,22/08/2026
West Bengal,Paschim Bardhaman,Asansol APMC,Masur Dal,Masur Dal,FAQ,9600,9850,9765,22/08/2026
West Bengal,Bankura,Bankura Sadar APMC,Masur Dal,Masur Dal,FAQ,9760,10250,9970,22/08/2026
West Bengal,Paschim Bardhaman,Durgapur APMC,Masur Dal,Masur Dal,FAQ,9700,9850,9800,22/08/2026
West Bengal,North 24 Parganas,Barasat APMC,Lentil(Masur)(Whole),Other,FAQ,7500,7500,7500,22/08/2026
Maharashtra,Buldhana,Lonar APMC,Turmeric,Other,Local,1500,16800,15900,22/08/2026
Maharashtra,Hingoli,Hingoli APMC,Turmeric,Other,Local,14850,16450,15650,22/08/2026
Maharashtra,Mumbai,Mumbai APMC,Turmeric,Other,Local,18000,24500,21250,22/08/2026
Maharashtra,Buldhana,Mehekar APMC,Turmeric,Other,Local,14000,16655,15500,22/08/2026
Maharashtra,Hingoli,"Gajanan Krushi Utpanna Bazar (India) Pvt Ltd, Basmat, Dist Hingoli",Turmeric,Other,Local,15500,18000,16761,22/08/2026
Uttar Pradesh,Lucknow,Lucknow APMC,Turmeric,Other,FAQ,14000,17333.4,15938.02,22/08/2026
Uttar Pradesh,Ghaziabad,Ghaziabad APMC,Turmeric,Other,FAQ,35000,35000,35000,22/08/2026
Gujarat,Surat,Surat APMC,Turmeric(raw),Other,FAQ,4000,11500,7750,22/08/2026
Maharashtra,Sangli,Tasgaon APMC,Dry Grapes,Other,Local,9000,19500,14700,22/08/2026
Maharashtra,Sangli,Sangli APMC,Dry Grapes,Other,Local,21000,35200,28100,22/08/2026
Uttar Pradesh,Saharanpur,Saharanpur APMC,Peas(Dry),Other,FAQ,4550,5025,4668.75,22/08/2026
Uttar Pradesh,Jalaun (Orai),Kadaura APMC,Peas(Dry),Other,FAQ,3600,3600,3600,22/08/2026
Uttar Pradesh,Jalaun (Orai),Kalpi APMC,Peas(Dry),Other,FAQ,3300,3300,3300,22/08/2026
Uttar Pradesh,Jalaun (Orai),Jalaun APMC,Peas(Dry),Other,FAQ,3000,3500,3268.28,22/08/2026
Uttar Pradesh,Jhansi,Jhansi APMC,Peas(Dry),Other,FAQ,3000,4000,3396.83,22/08/2026
Uttar Pradesh,Hamirpur,Muskara APMC,Peas(Dry),Other,FAQ,3800,3800,3800,22/08/2026
Uttar Pradesh,Lucknow,Banthara APMC,Peas(Dry),Other,FAQ,2900,6622.54,3460.94,22/08/2026
Uttar Pradesh,Ghaziabad,Ghaziabad APMC,Peas(Dry),Other,FAQ,7085,7085,7085,22/08/2026
Uttar Pradesh,Lalitpur,Lalitpur APMC,Peas(Dry),Other,FAQ,3810,3960,3901.97,22/08/2026
Uttar Pradesh,Jalaun (Orai),Konch APMC,Peas(Dry),Other,FAQ,2800,3650,3343.51,22/08/2026
Uttar Pradesh,Mahoba,Charkhari APMC,Peas(Dry),Other,FAQ,3300,3300,3300,22/08/2026
Uttar Pradesh,Hamirpur,Raath APMC,Peas(Dry),Other,FAQ,3300,3500,3397.28,22/08/2026
Uttar Pradesh,Jalaun (Orai),Orai APMC,Peas(Dry),Other,FAQ,2350,3428,2568.57,22/08/2026
Uttar Pradesh,Ghaziabad,Noida APMC,Peas(Dry),Other,FAQ,4000,6751.41,5568.99,22/08/2026
Uttar Pradesh,Varanasi,Varanasi APMC,Peas(Dry),Other,FAQ,2700,2700,2700,22/08/2026
Uttar Pradesh,Mahoba,Mahoba APMC,Peas(Dry),Other,FAQ,3950,4630,4264.62,22/08/2026
Uttar Pradesh,Agra,Agra APMC,Peas(Dry),Other,FAQ,6787,6787,6787,22/08/2026
Haryana,Ambala,Ambala Cantt. APMC,Dry Fodder,Dry Fodder,Local,930,930,930,22/08/2026
Haryana,Kurukshetra,Shahabad APMC,Ginger(Dry),Vegitable-fresh,Local,8000,8000,8000,22/08/2026
Haryana,Hissar,Hansi APMC,Ginger(Dry),Other,FAQ,8000,10000,9000,22/08/2026
Andhra Pradesh,NTR,Nandigama APMC,Dry Chillies,Dry Chillies,Grade Range-1,22100,22100,22100,22/08/2026
Andhra Pradesh,NTR,Tiruvuru APMC,Dry Chillies,Dry Chillies,Local,21000,21000,21000,22/08/2026
Andhra Pradesh,Sri Sathya Sai,Hindupur APMC,Dry Chillies,1st Sort,FAQ,12000,23600,17600,22/08/2026
Andhra Pradesh,Guntur,Prathipadu APMC,Dry Chillies,Byadgi,Grade Range-1,14000,22000,19000,22/08/2026
West Bengal,Paschim Bardhaman,Asansol APMC,Peas(Dry),Other,FAQ,6850,7000,6900,22/08/2026
Maharashtra,Mumbai,Mumbai APMC,Cummin Seed(Jeera),Other,Local,22000,35000,28500,22/08/2026
Rajasthan,Barmer,Dhorimanna APMC,Cummin Seed(Jeera),Cummin Seed(Jeera),Local,36000,39000,37000,22/08/2026
Gujarat,Patan,Siddhpur APMC,Cummin Seed(Jeera),Cummin Seed(Jeera),FAQ,18710,19340,19025,22/08/2026
Gujarat,Ahmedabad,Viramgam APMC,Cummin Seed(Jeera),Other,Local,17450,19005,18230,22/08/2026
Gujarat,Botad,Botad APMC,Cummin Seed(Jeera),Other,Local,16000,19300,17700,22/08/2026
Gujarat,Patan,Harij APMC,Cummin Seed(Jeera),Other,Local,17850,19910,18540,22/08/2026
Gujarat,Surendranagar,Dhragradhra APMC,Cummin Seed(Jeera),Cummin Seed(Jeera),Local,18640,18780,18725,22/08/2026
Gujarat,Junagarh,Junagadh APMC,Cummin Seed(Jeera),Cummin Seed(Jeera),FAQ,16000,18700,17500,22/08/2026
Gujarat,Morbi,Vankaner APMC,Cummin Seed(Jeera),Cummin Seed(Jeera),FAQ,16500,19155,18250,22/08/2026
Gujarat,Mehsana,Unjha APMC,Cummin Seed(Jeera),Cummin Seed(Jeera),FAQ,16055,22575,19375,22/08/2026
Gujarat,Amreli,Babra APMC,Cummin Seed(Jeera),Other,FAQ,16625,18700,17660,22/08/2026
Gujarat,Jamnagar,Dhrol APMC,Cummin Seed(Jeera),Other,Local,11500,18450,14975,22/08/2026
Gujarat,Morbi,APMC HALVAD,Cummin Seed(Jeera),Cummin Seed(Jeera),Local,17500,19350,18900,22/08/2026
Gujarat,Patan,Sami APMC,Cummin Seed(Jeera),Cummin Seed(Jeera),Local,18500,19250,19000,22/08/2026
Gujarat,Banaskanth,Vav APMC,Cummin Seed(Jeera),Other,FAQ,15000,19000,18950,22/08/2026
Gujarat,Banaskanth,Tharad APMC,Cummin Seed(Jeera),Other,Local,12000,20205,16100,22/08/2026
Gujarat,Banaskanth,Bhabhar APMC,Cummin Seed(Jeera),Cummin Seed(Jeera),FAQ,18205,19350,18780,22/08/2026
Gujarat,Rajkot,Rajkot APMC,Cummin Seed(Jeera),Cummin Seed(Jeera),FAQ,17750,19430,18930,22/08/2026
Gujarat,Morbi,Morbi APMC,Cummin Seed(Jeera),Cummin Seed(Jeera),FAQ,16250,19150,17700,22/08/2026
Gujarat,Jamnagar,Jamnagar APMC,Cummin Seed(Jeera),Other,Local,17500,19150,18875,22/08/2026
Gujarat,Jamnagar,Jam Jodhpur APMC,Cummin Seed(Jeera),Cummin Seed(Jeera),Local,15000,19400,17500,22/08/2026
Gujarat,Amreli,The Agricultural Produce Market Committee-Amreli,Cummin Seed(Jeera),Cummin Seed(Jeera),FAQ,14650,18850,18275,22/08/2026
Gujarat,Patan,Radhanpur APMC,Cummin Seed(Jeera),Other,Local,15050,20455,19250,22/08/2026
Gujarat,Rajkot,Jasdan APMC,Cummin Seed(Jeera),Cummin Seed(Jeera),FAQ,11000,19000,18250,22/08/2026
Gujarat,Porbandar,Porbandar APMC,Cummin Seed(Jeera),Cummin Seed(Jeera),FAQ,18375,18750,18560,22/08/2026
Tamil Nadu,Dindigul,Chinnalapatti(Uzhavar Sandhai ),Coriander(Leaves),I Sort,Local,3000,3500,3250,22/08/2026
Tamil Nadu,Erode,Periyar Nagar(Uzhavar Sandhai ),Coriander(Leaves),I Sort,Local,3600,4000,3800,22/08/2026
Tamil Nadu,Krishnagiri,Avallapalli(Uzhavar Sandhai ),Coriander(Leaves),I Sort,Local,3500,4000,3750,22/08/2026
Tamil Nadu,Krishnagiri,Hosur(Uzhavar Sandhai ),Coriander(Leaves),I Sort,Local,3500,4000,3750,22/08/2026
Tamil Nadu,Namakkal,Mohanur(Uzhavar Sandhai ),Coriander(Leaves),I Sort,Local,7500,8000,7750,22/08/2026
Tamil Nadu,Salem,Mecheri(Uzhavar Sandhai),Coriander(Leaves),I Sort,Local,1600,2000,1800,22/08/2026
Tamil Nadu,Ranipet,Arcot(Uzhavar Sandhai ),Coriander(Leaves),I Sort,Local,4000,4000,4000,22/08/2026
Tamil Nadu,Salem,Mettur(Uzhavar Sandhai ),Coriander(Leaves),I Sort,Local,3000,4000,3500,22/08/2026
Tamil Nadu,Salem,Thathakapatti(Uzhavar Sandhai ),Coriander(Leaves),I Sort,Local,3500,4000,3750,22/08/2026
Tamil Nadu,Theni,Chinnamanur(Uzhavar Sandhai ),Coriander(Leaves),I Sort,Local,3200,3200,3200,22/08/2026
Tamil Nadu,Theni,Theni(Uzhavar Sandhai ),Coriander(Leaves),I Sort,Local,3500,3500,3500,22/08/2026
Tamil Nadu,Thirunelveli,Melapalayam(Uzhavar Sandhai ),Coriander(Leaves),I Sort,Local,3500,4000,3750,22/08/2026
Tamil Nadu,Theni,Devaram(Uzhavar Sandhai ),Coriander(Leaves),I Sort,Local,3200,3200,3200,22/08/2026
Tamil Nadu,Salem,Hasthampatti(Uzhavar Sandhai ),Coriander(Leaves),I Sort,Local,1800,2000,1900,22/08/2026
Tamil Nadu,Sivaganga,Tirupatthur(Uzhavar Sandhai ),Coriander(Leaves),I Sort,Local,4500,5000,4750,22/08/2026
Tamil Nadu,Thiruchirappalli,Thiruverumbur(Uzhavar Sandhai ),Coriander(Leaves),I Sort,Local,3000,3000,3000,22/08/2026
Tamil Nadu,Tenkasi,Tenkasi(Uzhavar Sandhai ),Coriander(Leaves),I Sort,Local,3000,3000,3000,22/08/2026
Tamil Nadu,Thanjavur,Kumbakonam (Uzhavar Sandhai ),Coriander(Leaves),I Sort,Local,4200,4200,4200,22/08/2026
Tamil Nadu,Theni,Bodinayakanur(Uzhavar Sandhai ),Coriander(Leaves),I Sort,Local,3200,3200,3200,22/08/2026
Tamil Nadu,Thiruvarur,Needamangalam(Uzhavar Sandhai ),Coriander(Leaves),I Sort,Local,3500,3500,3500,22/08/2026
Tamil Nadu,Coimbatore,Udumalpet APMC,Coriander(Leaves),I Sort,Local,5000,6000,5500,22/08/2026
Tamil Nadu,Erode,Sampath Nagar(Uzhavar Sandhai ),Coriander(Leaves),I Sort,Local,3600,4000,3800,22/08/2026
Tamil Nadu,Pudukkottai,Ponnamaravathi(Uzhavar Sandhai),Coriander(Leaves),I Sort,Local,5500,6000,5750,22/08/2026
Tamil Nadu,Thiruvarur,Mannargudi II(Uzhavar Sandhai ),Coriander(Leaves),I Sort,Local,3500,3500,3500,22/08/2026
Tamil Nadu,Vellore,Kahithapattarai(Uzhavar Sandhai ),Coriander(Leaves),I Sort,Local,2500,2500,2500,22/08/2026
Tamil Nadu,Karur,Karur(Uzhavar Sandhai ),Coriander(Leaves),I Sort,Local,5000,5500,5250,22/08/2026
Tamil Nadu,Pudukkottai,Karambakkudi(Uzhavar Sandhai ),Coriander(Leaves),I Sort,Local,4500,5000,4750,22/08/2026
Tamil Nadu,Dindigul,Dindigul(Uzhavar Sandhai ),Coriander(Leaves),I Sort,Local,3000,3500,3250,22/08/2026
Tamil Nadu,Nagapattinam,Sirkali(Uzhavar Sandhai ),Coriander(Leaves),I Sort,Local,3500,4000,3750,22/08/2026
Tamil Nadu,Namakkal,Paramathivelur(Uzhavar Sandhai ),Coriander(Leaves),I Sort,Local,7200,8000,7600,22/08/2026
Tamil Nadu,Salem,Thammampatti (Uzhavar Sandhai ),Coriander(Leaves),I Sort,Local,3000,3500,3250,22/08/2026
Tamil Nadu,Thirunelveli,NGO Colony(Uzhavar Sandhai ),Coriander(Leaves),I Sort,Local,3500,4000,3750,22/08/2026
Tamil Nadu,Thirupur,Tiruppur (North) (Uzhavar Sandhai ),Coriander(Leaves),I Sort,Local,2500,3000,2750,22/08/2026
Tamil Nadu,Thiruvannamalai,Chengam(Uzhavar Sandhai ),Coriander(Leaves),I Sort,Local,5000,6000,5500,22/08/2026
Tamil Nadu,Thiruvannamalai,Vandavasi(Uzhavar Sandhai ),Coriander(Leaves),I Sort,Local,4000,5000,4500,22/08/2026
Tamil Nadu,Cuddalore,Vadalur(Uzhavar Sandhai ),Coriander(Leaves),I Sort,Local,4000,4000,4000,22/08/2026
Tamil Nadu,Salem,Attayampatti(Uzhavar Sandhai ),Coriander(Leaves),I Sort,Local,2000,2500,2250,22/08/2026
Tamil Nadu,Sivaganga,Devakottai (Uzhavar Sandhai ),Coriander(Leaves),I Sort,Local,4400,4800,4600,22/08/2026
Tamil Nadu,Salem,Elampillai(Uzhavar Sandhai ),Coriander(Leaves),I Sort,Local,3000,4000,3500,22/08/2026
Tamil Nadu,Sivaganga,Singampunari(Uzhavar Sandhai ),Coriander(Leaves),I Sort,Local,4200,4600,4400,22/08/2026
Tamil Nadu,Thiruchirappalli,KKNagar(Uzhavar Sandhai ),Coriander(Leaves),I Sort,Local,3000,3000,3000,22/08/2026
Tamil Nadu,Thiruchirappalli,Lalgudi(Uzhavar Sandhai ),Coriander(Leaves),I Sort,Local,3000,3000,3000,22/08/2026
Tamil Nadu,Thiruchirappalli,Manachanallur(Uzhavar Sandhai ),Coriander(Leaves),I Sort,Local,3000,3000,3000,22/08/2026
Tamil Nadu,Chengalpattu,Madhuranthagam(Uzhavar Sandhai ),Coriander(Leaves),I Sort,Local,3000,3000,3000,22/08/2026
Tamil Nadu,The Nilgiris,Udhagamandalam(Uzhavar Sandhai ),Coriander(Leaves),I Sort,Local,6500,7000,6750,22/08/2026
Tamil Nadu,Thiruvarur,Tiruvarur(Uzhavar Sandhai ),Coriander(Leaves),I Sort,Local,4000,4000,4000,22/08/2026
Tamil Nadu,Virudhunagar,Kariyapatti(Uzhavar Sandhai ),Coriander(Leaves),I Sort,Local,3500,4000,3750,22/08/2026
Tamil Nadu,Karur,Gandhigramam(Uzhavar Sandhai),Coriander(Leaves),I Sort,Local,5000,5500,5250,22/08/2026
Tamil Nadu,Chengalpattu,Guduvancheri(Uzhavar Sandhai ),Coriander(Leaves),I Sort,Local,5000,6000,5500,22/08/2026
Tamil Nadu,Thirupur,Dharapuram(Uzhavar Sandhai ),Coriander(Leaves),I Sort,Local,3500,4000,3750,22/08/2026
Tamil Nadu,Salem,Athur(Uzhavar Sandhai ),Coriander(Leaves),I Sort,Local,2500,3000,2750,22/08/2026
Tamil Nadu,Pudukkottai,Viralimalai(Uzhavar Sandhai ),Coriander(Leaves),I Sort,Local,4500,5000,4750,22/08/2026
Tamil Nadu,Ramanathapuram,Ramanathapuram(Uzhavar Sandhai ),Coriander(Leaves),I Sort,Local,6500,7000,6750,22/08/2026
Tamil Nadu,Thiruvarur,Mannargudi I(Uzhavar Sandhai ),Coriander(Leaves),I Sort,Local,3500,3500,3500,22/08/2026
Tamil Nadu,Tuticorin,Kovilpatti(Uzhavar Sandhai ),Coriander(Leaves),I Sort,Local,4500,5000,4750,22/08/2026
Tamil Nadu,Coimbatore,Singanallur(Uzhavar Sandhai ),Coriander(Leaves),I Sort,Local,3500,4000,3750,22/08/2026
Tamil Nadu,Coimbatore,Kurichi(Uzhavar Sandhai ),Coriander(Leaves),I Sort,Local,3500,4000,3750,22/08/2026
Tamil Nadu,Vellore,Vellore APMC,Coriander(Leaves),I Sort,Local,3500,3500,3500,22/08/2026
Tamil Nadu,Thirupur,Tiruppur (South) (Uzhavar Sandhai ),Coriander(Leaves),I Sort,Local,2500,3000,2750,22/08/2026
Tamil Nadu,Dharmapuri,Dharmapuri(Uzhavar Sandhai ),Coriander(Leaves),I Sort,Local,4600,5000,4800,22/08/2026
Tamil Nadu,Krishnagiri,Denkanikottai(Uzhavar Sandhai ),Coriander(Leaves),I Sort,Local,3500,4000,3750,22/08/2026
Tamil Nadu,Madurai,Anaiyur(Uzhavar Sandhai ),Coriander(Leaves),I Sort,Local,4000,4500,4250,22/08/2026
Tamil Nadu,Namakkal,Rasipuram(Uzhavar Sandhai ),Coriander(Leaves),I Sort,Local,7500,8000,7750,22/08/2026
Tamil Nadu,Madurai,Palanganatham(Uzhavar Sandhai ),Coriander(Leaves),I Sort,Local,4000,4500,4250,22/08/2026
Tamil Nadu,Ranipet,Ranipettai(Uzhavar Sandhai ),Coriander(Leaves),I Sort,Local,4000,4000,4000,22/08/2026
Tamil Nadu,Thirunelveli,Kandiyaperi(Uzhavar Sandhai ),Coriander(Leaves),I Sort,Local,3500,4000,3750,22/08/2026
Tamil Nadu,Thiruvannamalai,Tamarainagar(Uzhavar Sandhai ),Coriander(Leaves),I Sort,Local,4000,5000,4500,22/08/2026
Tamil Nadu,Thiruvarur,Muthupettai(Uzhavar Sandhai ),Coriander(Leaves),I Sort,Local,3500,3500,3500,22/08/2026
Tamil Nadu,Cuddalore,Panruti(Uzhavar Sandhai ),Coriander(Leaves),I Sort,Local,6000,6000,6000,22/08/2026
Tamil Nadu,Dharmapuri,AJattihalli(Uzhavar Sandhai ),Coriander(Leaves),I Sort,Local,4000,5000,4500,22/08/2026
Tamil Nadu,Karur,Pallapatti (Uzhavar Sandhai ),Coriander(Leaves),I Sort,Local,4500,5000,4750,22/08/2026
Tamil Nadu,Sivaganga,Sivagangai (Uzhavar Sandhai ),Coriander(Leaves),I Sort,Local,4200,4600,4400,22/08/2026
Tamil Nadu,Salem,Edapadi (Uzhavar Sandhai ),Coriander(Leaves),I Sort,Local,2000,2200,2100,22/08/2026
Tamil Nadu,Thanjavur,Pattukottai(Uzhavar Sandhai ),Coriander(Leaves),I Sort,Local,3400,3400,3400,22/08/2026
Tamil Nadu,Thanjavur,Thanjavur(Uzhavar Sandhai ),Coriander(Leaves),I Sort,Local,3500,3500,3500,22/08/2026
Tamil Nadu,Virudhunagar,Sathur(Uzhavar Sandhai ),Coriander(Leaves),I Sort,Local,5500,6000,5750,22/08/2026
Tamil Nadu,Chengalpattu,Pallavaram(Uzhavar Sandhai ),Coriander(Leaves),I Sort,Local,5000,6000,5500,22/08/2026
Tamil Nadu,Madurai,Chokkikulam(Uzhavar Sandhai ),Coriander(Leaves),I Sort,Local,4000,4500,4250,22/08/2026
Tamil Nadu,Theni,Andipatti(Uzhavar Sandhai ),Coriander(Leaves),I Sort,Local,3500,3500,3500,22/08/2026
Tamil Nadu,Vellore,Katpadi (Uzhavar Sandhai ),Coriander(Leaves),I Sort,Local,3500,3500,3500,22/08/2026
Tamil Nadu,Pudukkottai,Aranthangi(Uzhavar Sandhai ),Coriander(Leaves),I Sort,Local,4500,5000,4750,22/08/2026
Tamil Nadu,Nagapattinam,Vedaranyam(Uzhavar Sandhai),Coriander(Leaves),I Sort,Local,3500,3500,3500,22/08/2026
Tamil Nadu,Vellore,Perampet(Uzhavar Sandhai),Coriander(Leaves),I Sort,Local,5000,5000,5000,22/08/2026
Tamil Nadu,Thirupathur,Natrampalli(Uzhavar Sandhai ),Coriander(Leaves),I Sort,Local,2500,3000,2750,22/08/2026
Tamil Nadu,Coimbatore,Vadavalli(Uzhavar Sandhai ),Coriander(Leaves),I Sort,Local,3500,4000,3750,22/08/2026
Tamil Nadu,Erode,Gobichettipalayam(Uzhavar Sandhai ),Coriander(Leaves),I Sort,Local,6500,6800,6650,22/08/2026
Tamil Nadu,Nagapattinam,Mayiladuthurai(Uzhavar Sandhai ),Coriander(Leaves),I Sort,Local,3500,4000,3750,22/08/2026
Tamil Nadu,Ramanathapuram,Paramakudi(Uzhavar Sandhai ),Coriander(Leaves),I Sort,Local,6500,7000,6750,22/08/2026
Tamil Nadu,Thiruvellore,Paruthipattu(Uzhavar Sandhai ),Coriander(Leaves),I Sort,Local,6000,6000,6000,22/08/2026
Tamil Nadu,Vellore,Gudiyatham(Uzhavar Sandhai ),Coriander(Leaves),I Sort,Local,5000,5000,5000,22/08/2026
Tamil Nadu,Thiruvannamalai,Cheyyar(Uzhavar Sandhai ),Coriander(Leaves),I Sort,Local,4000,5000,4500,22/08/2026
Tamil Nadu,Ariyalur,Ariyalur(Uzhavar Sandhai),Coriander(Leaves),I Sort,Local,4000,4500,4250,22/08/2026
Tamil Nadu,Erode,Sathiyamagalam(Uzhavar Sandhai ),Coriander(Leaves),I Sort,Local,4500,5000,4750,22/08/2026
Tamil Nadu,Nagercoil (Kannyiakumari),Vadaseri APMC,Coriander(Leaves),I Sort,Local,4000,4500,4250,22/08/2026
Tamil Nadu,Erode,Perundurai(Uzhavar Sandhai ),Coriander(Leaves),I Sort,Local,4000,4200,4100,22/08/2026
Tamil Nadu,Dharmapuri,Palacode(Uzhavar Sandhai ),Coriander(Leaves),I Sort,Local,4600,5000,4800,22/08/2026
Tamil Nadu,Dharmapuri,Karimangalam(Uzhavar Sandhai),Coriander(Leaves),I Sort,Local,4500,5000,4750,22/08/2026
Tamil Nadu,Namakkal,Kumarapalayam(Uzhavar Sandhai ),Coriander(Leaves),I Sort,Local,7500,8500,8000,22/08/2026
Tamil Nadu,Perambalur,Perambalur(Uzhavar Sandhai ),Coriander(Leaves),I Sort,Local,3200,3200,3200,22/08/2026
Tamil Nadu,Salem,Ammapet(Uzhavar Sandhai ),Coriander(Leaves),I Sort,Local,3200,3600,3400,22/08/2026
Tamil Nadu,Salem,Sooramangalam(Uzhavar Sandhai ),Coriander(Leaves),I Sort,Local,3400,3600,3500,22/08/2026
Tamil Nadu,Theni,Kambam(Uzhavar Sandhai ),Coriander(Leaves),I Sort,Local,3200,3200,3200,22/08/2026
Tamil Nadu,Thirunelveli,Palayamkottai(Uzhavar Sandhai ),Coriander(Leaves),I Sort,Local,3500,4000,3750,22/08/2026
Tamil Nadu,Pudukkottai,Gandarvakottai(Uzhavar Sandhai ),Coriander(Leaves),I Sort,Local,4500,5000,4750,22/08/2026
Tamil Nadu,Sivaganga,Karaikudi(Uzhavar Sandhai ),Coriander(Leaves),I Sort,Local,4400,4800,4600,22/08/2026
Tamil Nadu,Thiruchirappalli,Manapparai(Uzhavar Sandhai ),Coriander(Leaves),I Sort,Local,3000,3000,3000,22/08/2026
Tamil Nadu,Virudhunagar,Thalavaipuram(Uzhavar Sandhai ),Coriander(Leaves),I Sort,Local,4000,5000,4500,22/08/2026
Tamil Nadu,Chengalpattu,Medavakkam(Uzhavar Sandhai ),Coriander(Leaves),I Sort,Local,3000,3000,3000,22/08/2026
Tamil Nadu,Chengalpattu,Nanganallur(Uzhavar Sandhai ),Coriander(Leaves),I Sort,Local,3500,4000,3750,22/08/2026
Tamil Nadu,Nagapattinam,Nagapattinam(Uzhavar Sandhai ),Coriander(Leaves),I Sort,Local,2700,2700,2700,22/08/2026
Tamil Nadu,Tenkasi,Sankarankoil(Uzhavar Sandhai ),Coriander(Leaves),I Sort,Local,5000,5000,5000,22/08/2026
Tamil Nadu,Virudhunagar,Aruppukottai(Uzhavar Sandhai ),Coriander(Leaves),I Sort,Local,3500,4000,3750,22/08/2026
Tamil Nadu,Villupuram,Gingee(Uzhavar Sandhai ),Coriander(Leaves),I Sort,Local,4000,4000,4000,22/08/2026
Tamil Nadu,Salem,Vazhapadi(Uzhavar Sandhai),Coriander(Leaves),I Sort,Local,4500,5000,4750,22/08/2026
Tamil Nadu,Kallakuruchi,Kallakurichi(Uzhavar Sandhai ),Coriander(Leaves),I Sort,Local,6000,6000,6000,22/08/2026
Tamil Nadu,Vellore,Pallikonda(Uzhavar Sandhai),Coriander(Leaves),I Sort,Local,3500,3500,3500,22/08/2026
Tamil Nadu,Thiruvannamalai,Polur(Uzhavar Sandhai ),Coriander(Leaves),I Sort,Local,4200,5000,4600,22/08/2026
Tamil Nadu,Thiruvannamalai,Tiruvannamalai(Uzhavar Sandhai ),Coriander(Leaves),I Sort,Local,4000,5000,4500,22/08/2026
Tamil Nadu,Coimbatore,Sundarapuram(Uzhavar Sandhai ),Coriander(Leaves),I Sort,Local,3500,4000,3750,22/08/2026
Tamil Nadu,Coimbatore,Mettupalayam(Uzhavar Sandhai ),Coriander(Leaves),I Sort,Local,4500,5000,4750,22/08/2026
Tamil Nadu,Namakkal,Tiruchengode APMC,Coriander(Leaves),I Sort,Local,7000,8000,7500,22/08/2026
Tamil Nadu,Coimbatore,RSPuram(Uzhavar Sandhai ),Coriander(Leaves),I Sort,Local,3500,4000,3750,22/08/2026
Tamil Nadu,Coimbatore,Pollachi(Uzhavar Sandhai ),Coriander(Leaves),I Sort,Local,7000,8000,7500,22/08/2026
Tamil Nadu,Dharmapuri,Harur(Uzhavar Sandhai ),Coriander(Leaves),I Sort,Local,3500,4000,3750,22/08/2026
Tamil Nadu,Krishnagiri,Kaveripattinam(Uzhavar Sandhai ),Coriander(Leaves),I Sort,Local,4000,4000,4000,22/08/2026
Tamil Nadu,Erode,Thalavadi(Uzhavar Sandhai ),Coriander(Leaves),I Sort,Local,4400,4800,4600,22/08/2026
Tamil Nadu,Cuddalore,Viruthachalam(Uzhavar Sandhai ),Coriander(Leaves),I Sort,Local,5000,5000,5000,22/08/2026
Tamil Nadu,Krishnagiri,Krishnagiri(Uzhavar Sandhai ),Coriander(Leaves),I Sort,Local,1500,2000,1750,22/08/2026
Tamil Nadu,Pudukkottai,Pudukottai(Uzhavar Sandhai ),Coriander(Leaves),I Sort,Local,5000,6000,5500,22/08/2026
Tamil Nadu,Thiruchirappalli,Musiri(Uzhavar Sandhai ),Coriander(Leaves),I Sort,Local,2600,3000,2800,22/08/2026
Tamil Nadu,Virudhunagar,Rajapalayam(Uzhavar Sandhai ),Coriander(Leaves),I Sort,Local,4000,5000,4500,22/08/2026
Tamil Nadu,Virudhunagar,Sivakasi(Uzhavar Sandhai ),Coriander(Leaves),I Sort,Local,4000,5000,4500,22/08/2026
Tamil Nadu,Chengalpattu,Chengalpet(Uzhavar Sandhai ),Coriander(Leaves),I Sort,Local,6000,7000,6500,22/08/2026
Tamil Nadu,Chengalpattu,Jameenrayapettai(Uzhavar Sandhai ),Coriander(Leaves),I Sort,Local,5000,6000,5500,22/08/2026
Tamil Nadu,Villupuram,Tindivanam APMC,Coriander(Leaves),I Sort,Local,4000,4000,4000,22/08/2026
Tamil Nadu,Villupuram,Ulundurpettai APMC,Coriander(Leaves),I Sort,Local,6000,6000,6000,22/08/2026
Tamil Nadu,Cuddalore,Cuddalore(Uzhavar Sandhai ),Coriander(Leaves),I Sort,Local,5000,5000,5000,22/08/2026
Tamil Nadu,Dharmapuri,Pennagaram(Uzhavar Sandhai ),Coriander(Leaves),I Sort,Local,5500,6000,5750,22/08/2026
Tamil Nadu,Kallakuruchi,Sankarapuram(Uzhavar Sandhai ),Coriander(Leaves),I Sort,Local,6000,6000,6000,22/08/2026
Tamil Nadu,Kancheepuram,Kancheepuram(Uzhavar Sandhai ),Coriander(Leaves),I Sort,Local,4000,5000,4500,22/08/2026
Tamil Nadu,Kancheepuram,Padappai(Uzhavar Sandhai ),Coriander(Leaves),I Sort,Local,4500,5500,5000,22/08/2026
Tamil Nadu,Madurai,Usilampatti(Uzhavar Sandhai ),Coriander(Leaves),I Sort,Local,4000,4500,4250,22/08/2026
Tamil Nadu,Thiruvannamalai,Arani(Uzhavar Sandhai ),Coriander(Leaves),I Sort,Local,4000,5000,4500,22/08/2026
Tamil Nadu,Villupuram,Villupuram(Uzhavar Sandhai ),Coriander(Leaves),I Sort,Local,5000,5000,5000,22/08/2026
Tamil Nadu,Madurai,Melur(Uzhavar Sandhai ),Coriander(Leaves),I Sort,Local,4000,4500,4250,22/08/2026
Tamil Nadu,Karur,Kulithalai(Uzhavar Sandhai ),Coriander(Leaves),I Sort,Local,2500,3000,2750,22/08/2026
Tamil Nadu,Thirupur,Palladam(Uzhavar Sandhai ),Coriander(Leaves),I Sort,Local,3500,4000,3750,22/08/2026
Tamil Nadu,Virudhunagar,Srivilliputhur(Uzhavar Sandhai ),Coriander(Leaves),I Sort,Local,4000,5000,4500,22/08/2026
Tamil Nadu,Namakkal,Namakkal(Uzhavar Sandhai ),Coriander(Leaves),I Sort,Local,7000,8000,7500,22/08/2026
Tamil Nadu,Madurai,Anna nagar(Uzhavar Sandhai ),Coriander(Leaves),I Sort,Local,3200,3200,3200,22/08/2026
Tamil Nadu,Thiruchirappalli,Thuraiyur APMC,Coriander(Leaves),I Sort,Local,2500,3000,2750,22/08/2026
Tamil Nadu,Thirupur,Kangayam(Uzhavar Sandhai ),Coriander(Leaves),I Sort,Local,3500,4000,3750,22/08/2026
Tamil Nadu,Coimbatore,Sulur(Uzhavar Sandhai ),Coriander(Leaves),I Sort,Local,3600,4000,3800,22/08/2026
Tamil Nadu,Karur,Velayuthampalayam(Uzhavar Sandhai ),Coriander(Leaves),I Sort,Local,4500,5500,5000,22/08/2026
Tamil Nadu,Karur,Vengamedu(Uzhavar Sandhai ),Coriander(Leaves),I Sort,Local,5000,5500,5250,22/08/2026
Tamil Nadu,Salem,Jalagandapuram(Uzhavar Sandhai ),Coriander(Leaves),I Sort,Local,1600,2000,1800,22/08/2026
Tamil Nadu,Vellore,Thirupathur APMC,Coriander(Leaves),I Sort,Local,4000,4000,4000,22/08/2026
Tamil Nadu,The Nilgiris,Coonoor(Uzhavar Sandhai ),Coriander(Leaves),I Sort,Local,6500,7000,6750,22/08/2026
Tamil Nadu,The Nilgiris,Gudalur(Uzhavar Sandhai ),Coriander(Leaves),I Sort,Local,6000,7000,6500,22/08/2026
Tamil Nadu,Thiruvellore,Tiruthani(Uzhavar Sandhai ),Coriander(Leaves),I Sort,Local,4000,4000,4000,22/08/2026
Madhya Pradesh,Rajgarh,Jeerapur APMC,Coriander(Leaves),Coriander,FAQ,14225,14225,14225,22/08/2026
Madhya Pradesh,Dhar,Kukshi(F&V) APMC,Coriander(Leaves),Coriander,Grade A,1200,3000,2100,22/08/2026
Madhya Pradesh,Indore,Indore(F&V) APMC,Coriander(Leaves),Coriander,Local,400,800,600,22/08/2026
Madhya Pradesh,Rajgarh,Biaora APMC,Coriander(Leaves),Coriander,FAQ,2000,15100,14600,22/08/2026
Maharashtra,Nagpur,Kalmeshwar APMC,Coriander(Leaves),Other,Local,1560,2000,1840,22/08/2026
Maharashtra,Pune,Pune(Pimpri) APMC,Coriander(Leaves),Other,Local,7,9,8,22/08/2026
Maharashtra,Solapur,SHRI.SIDDHESHWAR  APMC,Coriander(Leaves),Other,Local,100,500,300,22/08/2026
Maharashtra,Jalgaon,Bhusaval APMC,Coriander(Leaves),Other,Local,1000,1500,1200,22/08/2026
Maharashtra,Chandrapur,Chandrapur(Ganjwad) APMC,Coriander(Leaves),Other,Local,1000,2000,1500,22/08/2026
Maharashtra,Amarawati,Amrawati(Frui & Veg. Market) APMC,Coriander(Leaves),Other,Local,1000,2000,1500,22/08/2026
Maharashtra,Satara,Vaduj APMC,Coriander(Leaves),Other,Local,2,7,5,22/08/2026
Maharashtra,Nagpur,Nagpur APMC,Coriander(Leaves),Other,Local,2000,3000,2750,22/08/2026
Maharashtra,Nagpur,Kamthi APMC,Coriander(Leaves),Other,Local,3550,4050,3800,22/08/2026
Maharashtra,Nagpur,Ramtek APMC,Coriander(Leaves),Other,Local,1500,2500,2000,22/08/2026
Maharashtra,Chattrapati Sambhajinagar,Chattrapati Sambhajinagar APMC,Coriander(Leaves),Other,Local,600,700,650,22/08/2026
Maharashtra,Mumbai,Mumbai APMC,Coriander(Leaves),Other,Local,300,700,500,22/08/2026
Maharashtra,Pune,Pune(Moshi) APMC,Coriander(Leaves),Other,Local,7,8,8,22/08/2026
Maharashtra,Kolhapur,Kolhapur APMC,Coriander(Leaves),Other,Local,1000,2000,1500,22/08/2026
Uttar Pradesh,Lucknow,Lucknow APMC,Coriander(Leaves),Other,FAQ,5000,13300,9473.44,22/08/2026
Uttar Pradesh,Agra,Agra APMC,Coriander(Leaves),Other,FAQ,12578.81,13967.9,13919.9,22/08/2026
Uttar Pradesh,Ghaziabad,Noida APMC,Coriander(Leaves),Other,FAQ,16190,22923.71,21482.15,22/08/2026
Uttar Pradesh,Barabanki,Barabanki APMC,Coriander(Leaves),Other,FAQ,16180,16180,16180,22/08/2026
Uttar Pradesh,Ghaziabad,Ghaziabad APMC,Coriander(Leaves),Other,FAQ,16190,23839,21898.27,22/08/2026
Uttar Pradesh,Lucknow,Banthara APMC,Coriander(Leaves),Other,FAQ,16190,55265.94,40793.37,22/08/2026
Rajasthan,Ganganagar,Sriganganagar (F&V) APMC,Coriander(Leaves),Coriander,Grade A,10600,11000,10800,22/08/2026
Karnataka,Gadag,Gadag APMC,Coriander(Leaves),Local,Medium,12569,12569,12569,22/08/2026
Gujarat,Dahod,Dahod(Veg. Market) APMC,Coriander(Leaves),Coriander,Local,500,1500,1200,22/08/2026
Gujarat,Kheda,Nadiyad(Piplag) APMC,Coriander(Leaves),Coriander,FAQ,2000,2500,2300,22/08/2026
Gujarat,Rajkot,Rajkot(Veg.Sub Yard) APMC,Coriander(Leaves),Coriander,FAQ,805,1605,1205,22/08/2026
Gujarat,Navsari,Navsari APMC,Coriander(Leaves),Coriander,Local,2500,3000,2750,22/08/2026
Gujarat,Porbandar,Porbandar APMC,Coriander(Leaves),Coriander,Local,3000,5000,4000,22/08/2026
Gujarat,Amreli,Damnagar APMC,Coriander(Leaves),Coriander,Local,4000,4000,4000,22/08/2026
Gujarat,Banaskanth,Deesa(Deesa Veg Yard) APMC,Coriander(Leaves),Other,FAQ,2000,3500,2750,22/08/2026
Gujarat,Vadodara(Baroda),Padra APMC,Coriander(Leaves),Other,FAQ,1000,1500,1250,22/08/2026
Gujarat,Kheda,Nadiyad(Chaklasi) APMC,Coriander(Leaves),Coriander,FAQ,2200,2500,2300,22/08/2026
Gujarat,Surendranagar,Vadhvan APMC,Coriander(Leaves),Coriander,Medium,5000,5500,5250,22/08/2026
Haryana,Panchkula,Raipur Rani APMC,Coriander(Leaves),Coriander,Local,3300,3500,3300,22/08/2026
Haryana,Sonipat,Ganaur APMC,Coriander(Leaves),Coriander,Medium,5000,6000,5500,22/08/2026
Punjab,Ludhiana,Ludhiana APMC,Coriander(Leaves),Other,FAQ,2000,3000,2500,22/08/2026
Punjab,Ludhiana,Doraha APMC,Coriander(Leaves),Coriander,Local,5000,5000,5000,22/08/2026
Punjab,Patiala,Samana APMC,Coriander(Leaves),Coriander,Grade Range-2,7000,9000,8000,22/08/2026
Himachal Pradesh,Una,PMY Una,Coriander(Leaves),Coriander,Local,10000,13000,11500,22/08/2026
Himachal Pradesh,Mandi,SMY Dhanotu,Coriander(Leaves),Coriander,FAQ,10000,12000,11000,22/08/2026
Himachal Pradesh,Mandi,PMY Kangni Mandi,Coriander(Leaves),Coriander,Grade B,8000,12000,10000,22/08/2026
Himachal Pradesh,Kangra,SMY Palampur,Coriander(Leaves),Coriander,FAQ,20000,25000,22500,22/08/2026
Himachal Pradesh,Kullu,PMY Kullu,Coriander(Leaves),Other,FAQ,12000,13000,12500,22/08/2026
Tamil Nadu,Ramanathapuram,Paramakudi(Uzhavar Sandhai ),Soyabean,Local,Local,9000,10000,9500,22/08/2026
Tamil Nadu,Ramanathapuram,Ramanathapuram(Uzhavar Sandhai ),Soyabean,Local,Local,9000,9500,9250,22/08/2026
Tamil Nadu,Theni,Theni(Uzhavar Sandhai ),Soyabean,Local,Local,9500,9500,9500,22/08/2026
Tamil Nadu,Theni,Chinnamanur(Uzhavar Sandhai ),Soyabean,Local,Local,10000,10000,10000,22/08/2026
Tamil Nadu,Theni,Andipatti(Uzhavar Sandhai ),Soyabean,Local,Local,9000,9500,9250,22/08/2026
Madhya Pradesh,Rajgarh,Pachaur APMC,Soyabean,Soyabeen,Non-FAQ,6045,6045,6045,22/08/2026
Madhya Pradesh,Rajgarh,Kurawar APMC,Soyabean,Soyabeen,FAQ,6700,6800,6700,22/08/2026
Madhya Pradesh,Ratlam,Sailana APMC,Soyabean,Soyabeen,FAQ,5800,6011,5900,22/08/2026
Madhya Pradesh,Sagar,Rahatgarh APMC,Soyabean,Soyabeen,Non-FAQ,6050,6110,6110,22/08/2026
Madhya Pradesh,Chhatarpur,Badamalhera APMC,Soyabean,Soyabeen,Non-FAQ,5790,5860,5800,22/08/2026
Madhya Pradesh,Rajgarh,Biaora APMC,Soyabean,Soyabeen,FAQ,5100,6075,5990,22/08/2026
Madhya Pradesh,Rajgarh,Kurawar APMC,Soyabean,Yellow,FAQ,6790,6800,6800,22/08/2026
Madhya Pradesh,Rajgarh,Chhapiheda APMC,Soyabean,Soyabeen,FAQ,9725,9800,9800,22/08/2026
Madhya Pradesh,Jhabua,Petlawad APMC,Soyabean,Soyabeen,FAQ,5580,5590,5590,22/08/2026
Madhya Pradesh,Khargone,Bhikangaon APMC,Soyabean,Soyabeen,FAQ,4705,6040,6040,22/08/2026
Madhya Pradesh,Shajapur,Badod APMC,Soyabean,Soyabeen,Non-FAQ,5600,5600,5600,22/08/2026
Madhya Pradesh,Indore,Indore APMC,Soyabean,Yellow,FAQ,3300,3300,3300,22/08/2026
Madhya Pradesh,Dhar,Dhar APMC,Soyabean,Soyabeen,FAQ,6000,6050,6050,22/08/2026
Madhya Pradesh,Rajgarh,Jeerapur APMC,Soyabean,Soyabeen,FAQ,3725,6310,6310,22/08/2026
Madhya Pradesh,Harda,Harda APMC,Soyabean,Soyabeen,Non-FAQ,5700,5700,5700,22/08/2026
Madhya Pradesh,Sagar,Rahatgarh APMC,Soyabean,Yellow,Non-FAQ,6100,6100,6100,22/08/2026
Madhya Pradesh,Rajgarh,Khilchipur APMC,Soyabean,Soyabeen,FAQ,5500,5980,5980,22/08/2026
Madhya Pradesh,Guna,Maksudangarh APMC,Soyabean,Soyabeen,FAQ,5550,5550,5550,22/08/2026
Madhya Pradesh,Indore,Indore APMC,Soyabean,Soyabeen,FAQ,2005,6125,6125,22/08/2026
Madhya Pradesh,Vidisha,Shamshabad APMC,Soyabean,Soyabeen,FAQ,5470,5470,5470,22/08/2026
Madhya Pradesh,Rajgarh,Pachaur APMC,Soyabean,Soyabeen,FAQ,2020,6200,5900,22/08/2026
Madhya Pradesh,Sagar,Sagar APMC,Soyabean,Soyabeen,FAQ,3500,6900,5900,22/08/2026
Madhya Pradesh,Sagar,Rahatgarh APMC,Soyabean,Yellow,FAQ,6130,6130,6130,22/08/2026
Madhya Pradesh,Shivpuri,Barad APMC,Soyabean,Soyabeen,FAQ,4909,5913,5900,22/08/2026
Madhya Pradesh,Guna,Maksudangarh APMC,Soyabean,Soyabeen,Non-FAQ,5500,5600,5600,22/08/2026
Maharashtra,Washim,Risod APMC,Soyabean,Other,Local,5800,6300,6000,22/08/2026
Maharashtra,Amarawati,Achalpur APMC,Soyabean,Other,Local,6500,6600,6550,22/08/2026
Maharashtra,Hingoli,Hingoli(Kanegoan Naka) APMC,Soyabean,Yellow,FAQ,6000,6200,6100,22/08/2026
Maharashtra,Latur,Udgir APMC,Soyabean,Other,FAQ,6300,6350,6325,22/08/2026
Maharashtra,Sangli,Sangli APMC,Soyabean,Other,Local,7000,7500,7250,22/08/2026
Maharashtra,Wardha,Hinganghat APMC,Soyabean,Yellow,FAQ,5330,6280,5750,22/08/2026
Maharashtra,Jalna,Jalana APMC,Soyabean,Yellow,FAQ,6000,6100,6000,22/08/2026
Maharashtra,Ahilyanagar,Ahilyanagar APMC,Soyabean,Other,Local,6000,6000,6000,22/08/2026
Maharashtra,Akola,Akola APMC,Soyabean,Yellow,FAQ,6200,6525,6450,22/08/2026
Maharashtra,Ahilyanagar,Jamkhed APMC,Soyabean,Yellow,FAQ,5500,6000,5750,22/08/2026
Maharashtra,Nagpur,Nagpur APMC,Soyabean,Other,Local,5800,6200,6100,22/08/2026
Maharashtra,Chattrapati Sambhajinagar,Vaijpur APMC,Soyabean,Other,Local,5800,5800,5800,22/08/2026
Maharashtra,Buldhana,Khamgaon APMC,Soyabean,Yellow,Non-FAQ,5300,5300,5300,22/08/2026
Maharashtra,Latur,Ahmedpur APMC,Soyabean,Yellow,FAQ,5328,6526,5927,22/08/2026
Maharashtra,Latur,Aurad Shahajani APMC,Soyabean,Yellow,FAQ,6220,6351,6285,22/08/2026
Maharashtra,Nanded,Bhokar APMC,Soyabean,Yellow,FAQ,6100,6100,6100,22/08/2026
Maharashtra,Wardha,Hinganghat APMC,Soyabean,Yellow,Non-FAQ,4500,5200,4900,22/08/2026
Maharashtra,Beed,Gevrai APMC,Soyabean,Yellow,FAQ,5500,6300,5900,22/08/2026
Maharashtra,Ahilyanagar,Kopargaon APMC,Soyabean,Other,Local,6000,6325,6215,22/08/2026
Maharashtra,Ahilyanagar,Rahuri(Vambori) APMC,Soyabean,Other,Local,4500,6160,5840,22/08/2026
Maharashtra,Nashik,Lasalgaon(Niphad) APMC,Soyabean,Other,Local,5000,6380,6351,22/08/2026
Maharashtra,Parbhani,Pathari APMC,Soyabean,Yellow,Non-FAQ,5301,5301,5301,22/08/2026
Maharashtra,Washim,Washim(Ansing) APMC,Soyabean,Yellow,FAQ,6350,6600,6450,22/08/2026
Maharashtra,Wardha,Arvi APMC,Soyabean,Yellow,FAQ,5500,6000,5800,22/08/2026
Maharashtra,Washim,Washim APMC,Soyabean,Yellow,FAQ,5870,6350,6050,22/08/2026
Maharashtra,Latur,Chakur APMC,Soyabean,Yellow,FAQ,6151,6443,6259,22/08/2026
Maharashtra,Buldhana,Chikali APMC,Soyabean,Yellow,FAQ,5800,6300,6050,22/08/2026
Maharashtra,Yavatmal,KISAN MARKET YARD,Soyabean,Other,Local,5985,6400,5985,22/08/2026
Maharashtra,Buldhana,Lonar APMC,Soyabean,Yellow,FAQ,6000,6100,6050,22/08/2026
Maharashtra,Beed,Ambejogai APMC,Soyabean,Yellow,FAQ,6000,6000,6000,22/08/2026
Maharashtra,Amarawati,Amarawati APMC,Soyabean,Other,Local,5850,6450,6150,22/08/2026
Maharashtra,Chattrapati Sambhajinagar,Lasur Station APMC,Soyabean,Other,Local,4500,6200,6000,22/08/2026
Maharashtra,Buldhana,Malkapur APMC,Soyabean,Yellow,FAQ,5855,6235,6025,22/08/2026
Maharashtra,Beed,Majalgaon APMC,Soyabean,Other,Local,4100,6200,6000,22/08/2026
Maharashtra,Jalna,BHOKARDAN APMC,Soyabean,Yellow,FAQ,6100,6300,6200,22/08/2026
Maharashtra,Latur,APMC Latur,Soyabean,Yellow,FAQ,6240,6600,6450,22/08/2026
Maharashtra,Jalna,Jalana APMC,Soyabean,Yellow,Non-FAQ,5100,5100,5100,22/08/2026
Maharashtra,Chattrapati Sambhajinagar,Gangapur APMC,Soyabean,Yellow,FAQ,6200,6200,6200,22/08/2026
Maharashtra,Yavatmal,"Shekari Krushi Khajgi Bazar, Arni, Dist Yavatmal",Soyabean,Yellow,Local,5650,5650,5650,22/08/2026
Maharashtra,Buldhana,"Bsk Krishi Bazar Private Limited, Mehkar, Dist Buldhana",Soyabean,Other,Local,6100,6300,6230,22/08/2026
Maharashtra,Nashik,Malegaon APMC,Soyabean,Yellow,FAQ,5800,5800,5800,22/08/2026
Maharashtra,Akola,Telhara APMC,Soyabean,Yellow,FAQ,6000,6200,6140,22/08/2026
Maharashtra,Amarawati,Agricultural Produce Market Committee Nandgaon Khandeshwar,Soyabean,Yellow,FAQ,5450,5900,5675,22/08/2026
Maharashtra,Buldhana,Khamgaon APMC,Soyabean,Yellow,FAQ,5700,6225,5962,22/08/2026
Maharashtra,Hingoli,Hingoli APMC,Soyabean,Other,Local,5550,5900,5725,22/08/2026
Maharashtra,Latur,Latur(Murud) APMC,Soyabean,Yellow,FAQ,6050,6300,6150,22/08/2026
Maharashtra,Nagpur,Umared APMC,Soyabean,Yellow,FAQ,5350,5850,5570,22/08/2026
Maharashtra,Solapur,Barshi APMC,Soyabean,Other,Local,6400,6800,6700,22/08/2026
Maharashtra,Akola,Patur APMC,Soyabean,Other,Local,6000,6200,6175,22/08/2026
Maharashtra,Akola,Murtizapur APMC,Soyabean,Yellow,FAQ,5800,6335,6070,22/08/2026
Maharashtra,Buldhana,Krushi Utpanna Bazar Samiti Shegaon,Soyabean,Yellow,FAQ,6000,6015,6010,22/08/2026
Maharashtra,Wardha,APMC SINDI BRANCH SELOO,Soyabean,Yellow,FAQ,5335,5755,5500,22/08/2026
Uttar Pradesh,Lalitpur,Lalitpur APMC,Soyabean,Other,FAQ,6020,6210,6120.91,22/08/2026
Rajasthan,Baran,Baran APMC,Soyabean,Other,Local,5500,6125,6050,22/08/2026
Rajasthan,Baran,Atru APMC,Soyabean,Other,Local,5774,5984,5879,22/08/2026
Rajasthan,Bundi,Keshoraipatan APMC,Soyabean,Soyabeen,FAQ,6500,6750,6600,22/08/2026
Rajasthan,Jhalawar,Khanpur APMC,Soyabean,Soyabeen,FAQ,3000,6150,5901,22/08/2026
Rajasthan,Bundi,Dei APMC,Soyabean,Other,Local,5400,6121,5900,22/08/2026
Rajasthan,Jhalawar,Bhawani Mandi APMC,Soyabean,Soyabeen,Local,5000,6071,5536,22/08/2026
Rajasthan,Jhalawar,Choumahla APMC,Soyabean,Other,Non-FAQ,5700,6100,5900,22/08/2026
Karnataka,Bidar,Basava Kalayana APMC,Soyabean,Soyabeen,FAQ,6350,6500,6350,22/08/2026
Karnataka,Bidar,Bidar APMC,Soyabean,Yellow,Non-FAQ,4656,6508,6039,22/08/2026
Gujarat,Gir Somnath,Veraval APMC,Soyabean,Other,FAQ,5755,6120,6000,22/08/2026
Gujarat,Rajkot,Jasdan APMC,Soyabean,Soyabeen,FAQ,4775,5500,5250,22/08/2026
Gujarat,Rajkot,Dhoraji APMC,Soyabean,Yellow,Non-FAQ,5730,5910,5780,22/08/2026
Gujarat,Amreli,The Agricultural Produce Market Committee-Amreli,Soyabean,Soyabeen,FAQ,5275,6075,6025,22/08/2026
Gujarat,Rajkot,Rajkot APMC,Soyabean,Soyabeen,FAQ,5755,6300,6075,22/08/2026
Gujarat,Junagarh,Junagadh APMC,Soyabean,Soyabeen,FAQ,5250,6375,6000,22/08/2026
Gujarat,Rajkot,Jetpur(Dist.Rajkot) APMC,Soyabean,Soyabeen,FAQ,5525,6005,5900,22/08/2026
Gujarat,Dahod,Dahod APMC,Soyabean,Soyabeen,Local,6000,6150,6070,22/08/2026
Gujarat,Amreli,APMC Bagasara,Soyabean,Yellow,Local,5650,5870,5760,22/08/2026
Andhra Pradesh,Kurnool,Kurnool APMC,Soyabean,Soyabeen,Non-FAQ,4530,4530,4530,22/08/2026
Madhya Pradesh,Gwalior,Lashkar APMC,Mustard,Mustard,FAQ,7500,7925,7860,22/08/2026
Madhya Pradesh,Sagar,Sagar APMC,Mustard,Mustard,FAQ,6700,7750,7750,22/08/2026
Madhya Pradesh,Shivpuri,Barad APMC,Mustard,Mustard,FAQ,7625,8050,8050,22/08/2026
Madhya Pradesh,Morena,Morena APMC,Mustard,Mustard,Non-FAQ,7555,7860,7665,22/08/2026
Madhya Pradesh,Rajgarh,Pachaur APMC,Mustard,Mustard,FAQ,7305,7305,7305,22/08/2026
Madhya Pradesh,Bhind,Mehgaon APMC,Mustard,Mustard,FAQ,7300,7525,7500,22/08/2026
Madhya Pradesh,Chhatarpur,Chhatarpur APMC,Mustard,Mustard,FAQ,7500,7500,7500,22/08/2026
Madhya Pradesh,Rajgarh,Biaora APMC,Mustard,Mustard,FAQ,6505,7100,7100,22/08/2026
Madhya Pradesh,Chhatarpur,LavKush Nagar(Laundi) APMC,Mustard,Mustard,FAQ,7050,7300,7300,22/08/2026
Madhya Pradesh,Katni,Katni APMC,Mustard,Mustard,FAQ,7480,7515,7500,22/08/2026
Madhya Pradesh,Rajgarh,Jeerapur APMC,Mustard,Mustard,FAQ,7205,7360,7360,22/08/2026
Madhya Pradesh,Morena,Kailaras APMC,Mustard,Mustard,FAQ,7631,7631,7631,22/08/2026
Madhya Pradesh,Morena,Sabalgarh APMC,Mustard,Mustard,Non-FAQ,7650,7750,7750,22/08/2026
Maharashtra,Chattrapati Sambhajinagar,Vaijpur APMC,Mustard,Other,FAQ,7150,7150,7150,22/08/2026
Maharashtra,Jalna,Jalana APMC,Mustard,Other,FAQ,6900,7600,6900,22/08/2026
Maharashtra,Buldhana,Malkapur APMC,Mustard,Other,FAQ,7000,7000,7000,22/08/2026
Maharashtra,Buldhana,Khamgaon APMC,Mustard,Other,FAQ,6500,7380,6940,22/08/2026
Maharashtra,Jalna,Jalana APMC,Mustard,Other,Non-FAQ,4900,4900,4900,22/08/2026
Maharashtra,Akola,Akola APMC,Mustard,Other,FAQ,7000,7000,7000,22/08/2026
Uttar Pradesh,Lalitpur,Lalitpur APMC,Mustard,Other,FAQ,6000,6600,6266.67,22/08/2026
Uttar Pradesh,Ayodhya,Ayodhya APMC,Mustard,Other,FAQ,5000,5000,5000,22/08/2026
Uttar Pradesh,Barabanki,Safdarganj APMC,Mustard,Other,FAQ,6000,7000,6475.01,22/08/2026
Uttar Pradesh,Bulandshahar,Sikarpur APMC,Mustard,Other,FAQ,6000,6010,6005.16,22/08/2026
Uttar Pradesh,Agra,Khairagarh APMC,Mustard,Other,FAQ,7950,8040,7987.29,22/08/2026
Uttar Pradesh,Auraiya,Auraiya APMC,Mustard,Other,FAQ,7450,7600,7529.38,22/08/2026
Uttar Pradesh,Banda,Banda APMC,Mustard,Other,FAQ,7000,7500,7370,22/08/2026
Uttar Pradesh,Hamirpur,Bharuasumerpur APMC,Mustard,Other,FAQ,7400,7400,7400,22/08/2026
Uttar Pradesh,Gonda,Gonda APMC,Mustard,Other,FAQ,5300,5300,5300,22/08/2026
Uttar Pradesh,Chitrakut,Mau(Chitrakut) APMC,Mustard,Other,FAQ,7500,7500,7500,22/08/2026
Uttar Pradesh,Agra,Agra APMC,Mustard,Other,FAQ,7380.95,10359,9366.32,22/08/2026
Uttar Pradesh,Jalaun (Orai),Kalpi APMC,Mustard,Other,FAQ,7200,7200,7200,22/08/2026
Uttar Pradesh,Ghaziabad,Noida APMC,Mustard,Other,FAQ,9703.23,14761.9,10648.78,22/08/2026
Uttar Pradesh,Agra,Jagnair APMC,Mustard,Other,FAQ,7000,8100,7619.86,22/08/2026
Uttar Pradesh,Sitapur,Sitapur APMC,Mustard,Other,FAQ,6900,6950,6908.79,22/08/2026
Uttar Pradesh,Sitapur,Viswan APMC,Mustard,Other,FAQ,7400,7500,7448.71,22/08/2026
Uttar Pradesh,Hathras,Sikandraraau APMC,Mustard,Other,FAQ,5950,6025,6008.47,22/08/2026
Uttar Pradesh,Kanpur Dehat,Jhijhank APMC,Mustard,Other,FAQ,7500,7500,7500,22/08/2026
Uttar Pradesh,Hamirpur,Maudaha APMC,Mustard,Other,FAQ,7000,7000,7000,22/08/2026
Uttar Pradesh,Ghaziabad,Ghaziabad APMC,Mustard,Other,FAQ,9717,14762,10696.61,22/08/2026
Uttar Pradesh,Kanpur,Kanpur(Grain) APMC,Mustard,Other,FAQ,5500,5500,5500,22/08/2026
Uttar Pradesh,Sitapur,Mehmoodabad APMC,Mustard,Other,FAQ,6500,6510,6504.75,22/08/2026
Uttar Pradesh,Kanpur Dehat,Rura APMC,Mustard,Other,FAQ,7000,7000,7000,22/08/2026
Uttar Pradesh,Lucknow,Banthara APMC,Mustard,Other,FAQ,5520,8882.88,6906.07,22/08/2026
Uttar Pradesh,Shravasti,Bhinga APMC,Mustard,Other,FAQ,6700,6715,6708.31,22/08/2026
Rajasthan,Hanumangarh,Bhadara APMC,Mustard,Mustard,Non-FAQ,7715,7720,7718,22/08/2026
Rajasthan,Ganganagar,Padampur APMC,Mustard,Other,FAQ,7278,7668,7594,22/08/2026
Rajasthan,Deeg,Deeg APMC,Mustard,Other,Non-FAQ,7520,8240,7804,22/08/2026
Rajasthan,Tonk,Dooni APMC,Mustard,Big 100 Kg,Local,7000,7750,7375,22/08/2026
Rajasthan,Deeg,Kama APMC,Mustard,Other,Local,7391,7861,7672,22/08/2026
Rajasthan,Ganganagar,Rawla APMC,Mustard,Mustard,FAQ,7355,7500,7428,22/08/2026
Rajasthan,Chittorgarh,Begu APMC,Mustard,Other,Local,7900,7900,7900,22/08/2026
Rajasthan,Alwar,Barodamev APMC,Mustard,Other,Non-FAQ,7350,7951,7685,22/08/2026
Rajasthan,Baran,Baran APMC,Mustard,Other,Local,7150,7912,7570,22/08/2026
Rajasthan,Jhalawar,Khanpur APMC,Mustard,Mustard,FAQ,6000,7600,7410,22/08/2026
Rajasthan,Ganganagar,Gajsinghpur APMC,Mustard,Other,Local,7707,7848,7745,22/08/2026
Rajasthan,Baran,Atru APMC,Mustard,Other,Local,7225,7750,7488,22/08/2026
Rajasthan,Hanumangarh,Hanumangarh APMC,Mustard,Sarson(Black),Non-FAQ,7506,7506,7506,22/08/2026
Rajasthan,Ganganagar,Sri Karanpur APMC,Mustard,Other,FAQ,7506,7898,7789,22/08/2026
Rajasthan,Deeg,Sikri APMC,Mustard,Mustard,Non-FAQ,7140,8030,7600,22/08/2026
Rajasthan,Jaipur,Bassi APMC,Mustard,Other,Local,7531,8000,7765,22/08/2026
Rajasthan,Jhunjhunu,Surajgarh APMC,Mustard,Other,FAQ,7550,7550,7550,22/08/2026
Rajasthan,Tonk,Deoli APMC,Mustard,Mustard,FAQ,7151,8051,7601,22/08/2026
Rajasthan,Alwar,Laxmangarh - Barodamev  APMC,Mustard,Other,Non-FAQ,7600,8394,7877,22/08/2026
Rajasthan,Alwar,Kherli APMC,Mustard,Mustard,Non-FAQ,7510,7990,7860,22/08/2026
Rajasthan,Jhalawar,Bhawani Mandi APMC,Mustard,Other,Local,6501,7751,7126,22/08/2026
Rajasthan,Ganganagar,Kesarisinghpur APMC,Mustard,Mustard,FAQ,7377,7624,7624,22/08/2026
Rajasthan,Udaipur,Fatehnagar APMC,Mustard,Mustard,FAQ,7460,7479,7460,22/08/2026
Rajasthan,Ganganagar,Gharsana APMC,Mustard,Mustard,FAQ,6861,7650,7620,22/08/2026
Rajasthan,Tonk,Malpura APMC,Mustard,Other,FAQ,8100,8370,8260,22/08/2026
Rajasthan,Bundi,Dei APMC,Mustard,Other,Local,7200,7599,7400,22/08/2026
Rajasthan,Jhalawar,Choumahla APMC,Mustard,Other,Non-FAQ,6900,7240,7070,22/08/2026
Karnataka,Gadag,Gadag APMC,Mustard,Other,FAQ,5139,5679,5499,22/08/2026
Gujarat,Banaskanth,Tharad APMC,Mustard,Other,Local,7500,8150,7825,22/08/2026
Gujarat,Rajkot,Rajkot APMC,Mustard,Mustard,FAQ,6300,7570,7300,22/08/2026
Gujarat,Mehsana,Visnagar APMC,Mustard,Other,Local,7160,7725,7442,22/08/2026
Gujarat,Gandhinagar,Mansa APMC,Mustard,Mustard,Local,7495,7495,7495,22/08/2026
Gujarat,Banaskanth,Deesa APMC,Mustard,Other,FAQ,7500,7610,7600,22/08/2026
Gujarat,Mehsana,Mehsana APMC,Mustard,Mustard,Local,7520,7590,7550,22/08/2026
Gujarat,Patan,Siddhpur APMC,Mustard,Mustard,FAQ,7400,7530,7465,22/08/2026
Gujarat,Banaskanth,Dhanera APMC,Mustard,Mustard,Local,7370,8000,7700,22/08/2026
Gujarat,Banaskanth,Thara(Shihori) APMC,Mustard,Other,FAQ,7005,7050,7027.5,22/08/2026
Gujarat,Jamnagar,Dhrol APMC,Mustard,Other,Local,5825,5875,5850,22/08/2026
Gujarat,Morbi,APMC HALVAD,Mustard,Rai UP,Local,9340,9520,9350,22/08/2026
Haryana,Mahendragarh-Narnaul,Ateli APMC,Mustard,Mustard,FAQ,7000,8000,7500,22/08/2026
Haryana,Rewari,Rewari APMC,Mustard,Mustard,Non-FAQ,7051,8051,7600,22/08/2026
Haryana,Mahendragarh-Narnaul,Khanina APMC,Mustard,Mustard,FAQ,7700,7700,7700,22/08/2026
West Bengal,Bankura,Bankura Sadar APMC,Mustard,Mustard,FAQ,6000,6400,6200,22/08/2026
West Bengal,Paschim Bardhaman,Asansol APMC,Mustard,Other,FAQ,6250,6500,6450,22/08/2026
West Bengal,Purba Bardhaman,Guskara APMC,Mustard,Yellow (Black),FAQ,6100,6200,6200,22/08/2026
West Bengal,Bankura,Khatra APMC,Mustard,Mustard,FAQ,6000,6700,6400,22/08/2026
West Bengal,Paschim Bardhaman,Durgapur APMC,Mustard,Other,FAQ,6250,6525,6400,22/08/2026
West Bengal,Bankura,Bishnupur(Bankura) APMC,Mustard,Mustard,FAQ,6000,6700,6400,22/08/2026
West Bengal,Paschim Bardhaman,Durgapur APMC,Mustard Oil,Other,FAQ,18000,18500,18300,22/08/2026
Tamil Nadu,Nagapattinam,Sirkali(Uzhavar Sandhai ),Groundnut,Big (With Shell),Local,5500,6000,5750,22/08/2026
Tamil Nadu,Thiruchirappalli,KKNagar(Uzhavar Sandhai ),Groundnut,Big (With Shell),Local,8000,8000,8000,22/08/2026
Tamil Nadu,Thiruvannamalai,Polur(Uzhavar Sandhai ),Groundnut,Big (With Shell),Local,5000,6000,5500,22/08/2026
Tamil Nadu,Vellore,Gudiyatham(Uzhavar Sandhai ),Groundnut,Big (With Shell),Local,7600,7600,7600,22/08/2026
Tamil Nadu,Vellore,Thirupathur APMC,Groundnut,Big (With Shell),Local,6000,6000,6000,22/08/2026
Tamil Nadu,Kallakuruchi,Sankarapuram(Uzhavar Sandhai ),Groundnut,Big (With Shell),Local,7000,7000,7000,22/08/2026
Tamil Nadu,Madurai,Anna nagar(Uzhavar Sandhai ),Groundnut,Big (With Shell),Local,6000,7000,6500,22/08/2026
Tamil Nadu,Salem,Ammapet(Uzhavar Sandhai ),Groundnut,Big (With Shell),Local,6500,7000,6750,22/08/2026
Tamil Nadu,Villupuram,Tindivanam APMC,Groundnut,Big (With Shell),Local,7000,7000,7000,22/08/2026
Tamil Nadu,Villupuram,Gingee(Uzhavar Sandhai ),Groundnut,Big (With Shell),Local,7000,7000,7000,22/08/2026
Tamil Nadu,Kallakuruchi,Kallakurichi(Uzhavar Sandhai ),Groundnut,Big (With Shell),Local,7000,7000,7000,22/08/2026
Tamil Nadu,Coimbatore,Mettupalayam(Uzhavar Sandhai ),Groundnut,Big (With Shell),Local,7000,8000,7500,22/08/2026
Tamil Nadu,Nagapattinam,Nagapattinam(Uzhavar Sandhai ),Groundnut,Big (With Shell),Local,5000,6000,5500,22/08/2026
Tamil Nadu,Pudukkottai,Pudukottai(Uzhavar Sandhai ),Groundnut,Big (With Shell),Local,5000,6000,5500,22/08/2026
Tamil Nadu,Chengalpattu,Jameenrayapettai(Uzhavar Sandhai ),Groundnut,Big (With Shell),Local,9000,10000,9500,22/08/2026
Tamil Nadu,Dindigul,Dindigul(Uzhavar Sandhai ),Groundnut,Big (With Shell),Local,6000,8000,7000,22/08/2026
Tamil Nadu,Villupuram,Villupuram(Uzhavar Sandhai ),Groundnut,Big (With Shell),Local,9000,9000,9000,22/08/2026
Tamil Nadu,Madurai,Melur(Uzhavar Sandhai ),Groundnut,Big (With Shell),Local,7000,8000,7500,22/08/2026
Tamil Nadu,Salem,Thammampatti (Uzhavar Sandhai ),Groundnut,Big (With Shell),Local,7000,7000,7000,22/08/2026
Tamil Nadu,Salem,Elampillai(Uzhavar Sandhai ),Groundnut,Big (With Shell),Local,6500,7000,6750,22/08/2026
Tamil Nadu,Salem,Jalagandapuram(Uzhavar Sandhai ),Groundnut,Big (With Shell),Local,6000,6500,6250,22/08/2026
Tamil Nadu,Krishnagiri,Hosur(Uzhavar Sandhai ),Groundnut,Big (With Shell),Local,8000,10000,9000,22/08/2026
Tamil Nadu,Namakkal,Mohanur(Uzhavar Sandhai ),Groundnut,Big (With Shell),Local,7000,8000,7500,22/08/2026
Tamil Nadu,Namakkal,Rasipuram(Uzhavar Sandhai ),Groundnut,Big (With Shell),Local,6500,7000,6750,22/08/2026
Tamil Nadu,Perambalur,Perambalur(Uzhavar Sandhai ),Groundnut,Big (With Shell),Local,8000,9000,8500,22/08/2026
Tamil Nadu,Ranipet,Arcot(Uzhavar Sandhai ),Groundnut,Big (With Shell),Local,7000,7000,7000,22/08/2026
Tamil Nadu,Ranipet,Ranipettai(Uzhavar Sandhai ),Groundnut,Big (With Shell),Local,7000,7000,7000,22/08/2026
Tamil Nadu,Salem,Attayampatti(Uzhavar Sandhai ),Groundnut,Big (With Shell),Local,7000,7000,7000,22/08/2026
Tamil Nadu,Salem,Hasthampatti(Uzhavar Sandhai ),Groundnut,Big (With Shell),Local,7000,7500,7250,22/08/2026
Tamil Nadu,Chengalpattu,Pallavaram(Uzhavar Sandhai ),Groundnut,Big (With Shell),Local,9000,10000,9500,22/08/2026
Tamil Nadu,Madurai,Chokkikulam(Uzhavar Sandhai ),Groundnut,Big (With Shell),Local,7000,8000,7500,22/08/2026
Tamil Nadu,Vellore,Katpadi (Uzhavar Sandhai ),Groundnut,Big (With Shell),Local,8000,8000,8000,22/08/2026
Tamil Nadu,Salem,Vazhapadi(Uzhavar Sandhai),Groundnut,Big (With Shell),Local,7000,7000,7000,22/08/2026
Tamil Nadu,Erode,Gobichettipalayam(Uzhavar Sandhai ),Groundnut,Big (With Shell),Local,4800,5000,4900,22/08/2026
Tamil Nadu,Thiruvarur,Tiruthuraipoondi(Uzhavar Sandhai ),Groundnut,Big (With Shell),Local,6000,6000,6000,22/08/2026
Tamil Nadu,Vellore,Vellore APMC,Groundnut,Big (With Shell),Local,8500,8500,8500,22/08/2026
Tamil Nadu,Dharmapuri,Pennagaram(Uzhavar Sandhai ),Groundnut,Big (With Shell),Local,6200,6500,6350,22/08/2026
Tamil Nadu,Madurai,Anaiyur(Uzhavar Sandhai ),Groundnut,Big (With Shell),Local,7000,8000,7500,22/08/2026
Tamil Nadu,Namakkal,Namakkal(Uzhavar Sandhai ),Groundnut,Big (With Shell),Local,6500,7000,6750,22/08/2026
Tamil Nadu,Salem,Thathakapatti(Uzhavar Sandhai ),Groundnut,Big (With Shell),Local,7000,8000,7500,22/08/2026
Tamil Nadu,Thiruvannamalai,Chengam(Uzhavar Sandhai ),Groundnut,Big (With Shell),Local,7000,8000,7500,22/08/2026
Tamil Nadu,Thiruvannamalai,Tamarainagar(Uzhavar Sandhai ),Groundnut,Big (With Shell),Local,7000,8000,7500,22/08/2026
Tamil Nadu,Krishnagiri,Krishnagiri(Uzhavar Sandhai ),Groundnut,Big (With Shell),Local,7000,7500,7250,22/08/2026
Tamil Nadu,Vellore,Perampet(Uzhavar Sandhai),Groundnut,Big (With Shell),Local,7000,7600,7300,22/08/2026
Tamil Nadu,Erode,Sampath Nagar(Uzhavar Sandhai ),Groundnut,Big (With Shell),Local,5500,6000,5750,22/08/2026
Tamil Nadu,Thiruvannamalai,Tiruvannamalai(Uzhavar Sandhai ),Groundnut,Big (With Shell),Local,7000,8000,7500,22/08/2026
Tamil Nadu,Vellore,Kahithapattarai(Uzhavar Sandhai ),Groundnut,Big (With Shell),Local,8000,8000,8000,22/08/2026
Tamil Nadu,Coimbatore,RSPuram(Uzhavar Sandhai ),Groundnut,Big (With Shell),Local,6500,7000,6750,22/08/2026
Tamil Nadu,Cuddalore,Cuddalore(Uzhavar Sandhai ),Groundnut,Big (With Shell),Local,8000,8000,8000,22/08/2026
Madhya Pradesh,Khargone,Khargone APMC,Groundnut,Big (With Shell),FAQ,6200,6200,6200,22/08/2026
Maharashtra,Nashik,Malegaon APMC,Groundnut,Other,Non-FAQ,5599,7260,7240,22/08/2026
Maharashtra,Chattrapati Sambhajinagar,Vaijpur APMC,Groundnut,Other,Non-FAQ,5005,6150,5550,22/08/2026
Maharashtra,Solapur,Akluj APMC,Groundnut,Other,Non-FAQ,6000,7000,6500,22/08/2026
Maharashtra,Ahilyanagar,Jamkhed APMC,Groundnut,Other,FAQ,7500,8000,7750,22/08/2026
Maharashtra,Buldhana,Khamgaon APMC,Groundnut,Other,FAQ,8000,8000,8000,22/08/2026
Maharashtra,Latur,Ahmedpur APMC,Groundnut,Other,FAQ,7263,7500,7381,22/08/2026
Uttar Pradesh,Saharanpur,Saharanpur APMC,Groundnut,Other,FAQ,5800,5800,5800,22/08/2026
Uttar Pradesh,Shahjahanpur,Jalalabad APMC,Groundnut,Other,FAQ,6000,6600,6093.92,22/08/2026
Uttar Pradesh,Lucknow,Banthara APMC,Groundnut,Other,FAQ,14142.86,15714.41,14215.88,22/08/2026
Uttar Pradesh,Mahoba,Mahoba APMC,Groundnut,Other,FAQ,6720,7250,6964.37,22/08/2026
Uttar Pradesh,Hardoi,Sandila APMC,Groundnut,Other,FAQ,8000,8200,8110.77,22/08/2026
Uttar Pradesh,Mainpuri,Mainpuri APMC,Groundnut,Other,FAQ,6500,8000,7100.81,22/08/2026
Uttar Pradesh,Siddharth Nagar,Naugarh APMC,Groundnut,Other,FAQ,9300,9300,9300,22/08/2026
Uttar Pradesh,Lucknow,Lucknow APMC,Groundnut,Other,FAQ,10447.61,10447.61,10447.61,22/08/2026
Uttar Pradesh,Kannuj,Chhibramau APMC,Groundnut,Other,FAQ,7350,7450,7388.81,22/08/2026
Uttar Pradesh,Farukhabad,Farukhabad APMC,Groundnut,Other,FAQ,7700,7700,7700,22/08/2026
Uttar Pradesh,Ghaziabad,Ghaziabad APMC,Groundnut,Other,FAQ,13469,15714,14191.08,22/08/2026
Uttar Pradesh,Agra,Agra APMC,Groundnut,Other,FAQ,14012,15714,14031.1,22/08/2026
Uttar Pradesh,Jhansi,Mauranipur APMC,Groundnut,Other,FAQ,5000,5100,5050,22/08/2026
Uttar Pradesh,Ghaziabad,Noida APMC,Groundnut,Other,FAQ,9243.41,15714.58,14200.6,22/08/2026
Uttar Pradesh,Barabanki,Barabanki APMC,Groundnut,Other,FAQ,6822.89,6822.89,6822.89,22/08/2026
Karnataka,Gadag,Laxmeshwar APMC,Groundnut,Gejje,Non-FAQ,5089,5558,5365,22/08/2026
Gujarat,Amreli,The Agricultural Produce Market Committee-Amreli,Groundnut,Other,FAQ,5000,6600,6575,22/08/2026
Gujarat,Amreli,APMC Bagasara,Groundnut,Balli/Habbu,Local,5500,5620,5560,22/08/2026
Gujarat,Rajkot,Jasdan APMC,Groundnut,G20,FAQ,5000,7000,6500,22/08/2026
Gujarat,Porbandar,Porbandar APMC,Groundnut,Bold,Non-FAQ,5000,7000,6000,22/08/2026
Gujarat,Rajkot,Rajkot APMC,Groundnut,Bold,FAQ,6750,7900,7375,22/08/2026
Gujarat,Morbi,Morbi APMC,Groundnut,Other,FAQ,4000,7150,5575,22/08/2026
Gujarat,Jamnagar,Kalawad APMC,Groundnut,Other,Local,5000,6900,5780,22/08/2026
Gujarat,Jamnagar,Jamnagar APMC,Groundnut,Other,Local,6000,6500,6500,22/08/2026
Gujarat,Junagarh,Junagadh APMC,Groundnut,Bold,FAQ,5500,6650,6000,22/08/2026
Gujarat,Jamnagar,Jam Jodhpur APMC,Groundnut,G20,Local,5000,7000,6250,22/08/2026
Gujarat,Jamnagar,Dhrol APMC,Groundnut,Other,Local,5200,6550,5875,22/08/2026
Gujarat,Rajkot,Rajkot APMC,Groundnut,G20,FAQ,6350,7600,7175,22/08/2026
Gujarat,Botad,Botad APMC,Groundnut,Local,Local,6000,6000,6000,22/08/2026
Gujarat,Amreli,Savarkundla APMC,Groundnut,Bold,Local,6000,6985,6500,22/08/2026
Gujarat,Rajkot,Jetpur(Dist.Rajkot) APMC,Groundnut,Other,FAQ,3755,6905,6355,22/08/2026
Gujarat,Junagarh,Junagadh APMC,Groundnut(Split),Groundnut(Split),FAQ,7500,8900,8500,22/08/2026
Gujarat,Amreli,The Agricultural Produce Market Committee-Amreli,Groundnut(Split),Groundnut(Split),FAQ,7500,10550,9675,22/08/2026
Gujarat,Surat,Surat APMC,Groundnut pods(raw),Other,FAQ,4000,5000,4500,22/08/2026
Andhra Pradesh,Ananthapuramu,Urvakonda APMC,Groundnut,Local,Local,7500,8300,8000,22/08/2026
Andhra Pradesh,Ananthapuramu,Guntakal APMC,Groundnut,Local,Local,5600,8000,7400,22/08/2026
Andhra Pradesh,Alluri Sitharama Raju,Chintapally APMC,Groundnut,Local,FAQ,6500,7500,7000,22/08/2026
Andhra Pradesh,Bapatla,Bapatla APMC,Groundnut,Local,Local,8000,8500,8250,22/08/2026
Andhra Pradesh,Ananthapuramu,Kalyandurg APMC,Groundnut,Local,Grade Range-1,8000,8500,8300,22/08/2026
Andhra Pradesh,Sri Sathya Sai,Dharmavaram APMC,Groundnut,Local,FAQ,7000,7200,7100,22/08/2026
Andhra Pradesh,Ananthapuramu,Singanamala APMC,Groundnut,Local,Grade Range-1,6700,7900,7300,22/08/2026
Andhra Pradesh,YSR Kadapa,Kamalapuram APMC,Groundnut,Local,Local,7500,7500,7500,22/08/2026
Andhra Pradesh,Tirupathi,Srikalahasti APMC,Groundnut,Local,Local,6500,6800,6650,22/08/2026
Andhra Pradesh,Kurnool,Adoni APMC,Groundnut,Local,Grade Range-1,3809,8888,7659,22/08/2026
Andhra Pradesh,Ananthapuramu,Gooti APMC,Groundnut,Local,Grade Range-1,4690,6070,5470,22/08/2026
Andhra Pradesh,YSR Kadapa,Proddatur APMC,Groundnut,Local,Local,7000,7000,7000,22/08/2026
Andhra Pradesh,Sri Sathya Sai,Puttaparthi  APMC,Groundnut,F.A.Q,FAQ,6400,6800,6600,22/08/2026
Andhra Pradesh,Kurnool,Kurnool APMC,Groundnut,Bold Kernel,FAQ,4855,9299,8900,22/08/2026
Andhra Pradesh,Sri Sathya Sai,Penukonda APMC,Groundnut,Local,FAQ,7400,7600,7500,22/08/2026
Andhra Pradesh,Sri Sathya Sai,Madakasira APMC,Groundnut,Local,FAQ,7300,7300,7300,22/08/2026
Andhra Pradesh,Annamayya,Rayachoti APMC,Groundnut,Local,Grade Range-1,7300,7900,7600,22/08/2026
Andhra Pradesh,YSR Kadapa,Kadapa,Groundnut,Big (With Shell),FAQ,4816,8069,7889,22/08/2026
Andhra Pradesh,Chittor,Rompicherla APMC,Groundnut,Local,Local,3800,3800,3800,22/08/2026
Telangana,Wanaparthy,Wanaparthy town APMC,Groundnut,Local,Local,6156,9116,8616,22/08/2026
Telangana,Jogulamba Gadwal,Gadwal APMC,Groundnut,Big (With Shell),Local,4169,8519,6399,22/08/2026
Telangana,Mahbubnagar,Mahbubnagar APMC,Groundnut,Local,Local,5769,5769,5769,22/08/2026
Telangana,Hyderabad,Bowenpally APMC,Groundnut pods(raw),Groundnut pods (raw),FAQ,3000,5000,4500,22/08/2026
Telangana,Siddipet,Vantamamidi APMC,Groundnut pods(raw),Groundnut pods (raw),Local,2500,2500,2500,22/08/2026
Madhya Pradesh,Shivpuri,Karera APMC,Wheat,Mill Quality,Non-FAQ,2500,2500,2500,22/08/2026
Madhya Pradesh,Shivpuri,Pohari APMC,Wheat,Mill Quality,Non-FAQ,2455,2455,2455,22/08/2026
Madhya Pradesh,Mandla,Krishi Upaj Mandi Samiti Bichhiya,Wheat,Wheat,Non-FAQ,2450,2500,2500,22/08/2026
Madhya Pradesh,Tikamgarh,Khargapur APMC,Wheat,Mill Quality,FAQ,2440,2500,2500,22/08/2026
Madhya Pradesh,Shivpuri,Khaniadhana APMC,Wheat,Mill Quality,FAQ,2415,2452,2440,22/08/2026
Madhya Pradesh,Datia,Datia APMC,Wheat,Mill Quality,FAQ,2500,2600,2600,22/08/2026
Madhya Pradesh,Gwalior,Lashkar APMC,Wheat,Wheat,FAQ,2535,2600,2600,22/08/2026
Madhya Pradesh,Guna,Maksudangarh APMC,Wheat,Wheat,FAQ,2400,2600,2430,22/08/2026
Madhya Pradesh,Panna,Panna APMC,Wheat,Mill Quality,FAQ,2460,2460,2460,22/08/2026
Madhya Pradesh,Dhar,Dhar APMC,Wheat,Lokwan,FAQ,2650,2650,2650,22/08/2026
Madhya Pradesh,Bhind,Mehgaon APMC,Wheat,Wheat,FAQ,2390,2545,2400,22/08/2026
Madhya Pradesh,Morena,Sabalgarh APMC,Wheat,Mill Quality,Non-FAQ,2550,2563,2563,22/08/2026
Madhya Pradesh,Raisen,Bareli APMC,Wheat,Mill Quality,FAQ,2421,2495,2495,22/08/2026
Madhya Pradesh,Chhatarpur,Badamalhera APMC,Wheat,Mill Quality,Non-FAQ,2495,2555,2510,22/08/2026
Madhya Pradesh,Mandsaur,Bhanpura APMC,Wheat,Mill Quality,FAQ,2450,2500,2500,22/08/2026
Madhya Pradesh,Mandsaur,Garoth APMC,Wheat,Wheat,Non-FAQ,2451,2475,2475,22/08/2026
Madhya Pradesh,Rajgarh,Biaora APMC,Wheat,Wheat,FAQ,2495,2655,2560,22/08/2026
Madhya Pradesh,Khandwa,Mundi APMC,Wheat,Wheat,FAQ,2550,2610,2575,22/08/2026
Madhya Pradesh,Vidisha,Shamshabad APMC,Wheat,Mill Quality,FAQ,2340,2470,2470,22/08/2026
Madhya Pradesh,Ujjain,Badnagar APMC,Wheat,Wheat,Non-FAQ,2801,2831,2831,22/08/2026
Madhya Pradesh,Indore,Sanwer APMC,Wheat,Wheat,FAQ,2680,2680,2680,22/08/2026
Madhya Pradesh,Jhabua,Petlawad APMC,Wheat,Wheat Mix,FAQ,2455,2563,2563,22/08/2026
Madhya Pradesh,Khargone,Bhikangaon APMC,Wheat,Wheat,Non-FAQ,2485,2578,2578,22/08/2026
Madhya Pradesh,Khargone,Kasrawad APMC,Wheat,Lokwan,FAQ,2535,2535,2535,22/08/2026
Madhya Pradesh,Gwalior,Lashkar APMC,Wheat,Mill Quality,FAQ,2310,2310,2310,22/08/2026
Madhya Pradesh,Guna,Maksudangarh APMC,Wheat,Wheat,Non-FAQ,2460,2575,2520,22/08/2026
Madhya Pradesh,Panna,Panna APMC,Wheat,Mill Quality,Non-FAQ,2475,2475,2475,22/08/2026
Madhya Pradesh,Satna,Satna APMC,Wheat,Wheat,Non-FAQ,2450,2450,2450,22/08/2026
Madhya Pradesh,Vidisha,Ganjbasoda APMC,Wheat,Wheat,FAQ,2500,2500,2500,22/08/2026
Madhya Pradesh,Dindori,Dindori APMC,Wheat,Local,Non-FAQ,2300,2525,2400,22/08/2026
Madhya Pradesh,Satna,Ramnagar APMC,Wheat,Mill Quality,Non-FAQ,2445,2535,2455,22/08/2026
Madhya Pradesh,Hoshangabad,Babai APMC,Wheat,Mill Quality,FAQ,2500,2510,2500,22/08/2026
Madhya Pradesh,Vidisha,Shamshabad APMC,Wheat,Wheat,FAQ,2515,2515,2515,22/08/2026
Madhya Pradesh,Shivpuri,Karera APMC,Wheat,Mill Quality,FAQ,2415,2455,2455,22/08/2026
Madhya Pradesh,Shivpuri,Magroni APMC,Wheat,Wheat,FAQ,2302,2512,2455,22/08/2026
Madhya Pradesh,Bhind,Alampur APMC,Wheat,Wheat,Non-FAQ,2480,2500,2500,22/08/2026
Madhya Pradesh,Sagar,Sagar APMC,Wheat,Wheat,FAQ,2395,2790,2560,22/08/2026
Madhya Pradesh,Sagar,Rahatgarh APMC,Wheat,Mill Quality,Non-FAQ,2455,2975,2500,22/08/2026
Madhya Pradesh,Rewa,Chaakghat APMC,Wheat,Mill Quality,FAQ,2450,2450,2450,22/08/2026
Madhya Pradesh,Shehdol,Beohari APMC,Wheat,Mill Quality,FAQ,2490,2490,2490,22/08/2026
Madhya Pradesh,Tikamgarh,Palera APMC,Wheat,Mill Quality,Non-FAQ,2530,2536,2536,22/08/2026
Madhya Pradesh,Rajgarh,Khilchipur APMC,Wheat,Mill Quality,FAQ,2277,2589,2581,22/08/2026
Madhya Pradesh,Jhabua,Petlawad APMC,Wheat,Wheat,FAQ,2400,2600,2600,22/08/2026
Madhya Pradesh,Guna,Aron APMC,Wheat,Wheat,FAQ,2300,2300,2300,22/08/2026
Madhya Pradesh,Panna,Panna APMC,Wheat,Wheat,Non-FAQ,2470,2470,2470,22/08/2026
Madhya Pradesh,Rajgarh,Jeerapur APMC,Wheat,Wheat,FAQ,1595,2585,2575,22/08/2026
Madhya Pradesh,Jhabua,Jhabua APMC,Wheat,Wheat,FAQ,2500,2650,2600,22/08/2026
Madhya Pradesh,Raisen,Bareli APMC,Wheat,Wheat,FAQ,2510,2510,2510,22/08/2026
Madhya Pradesh,Bhind,Gohad APMC,Wheat,Mill Quality,Non-FAQ,2475,2480,2480,22/08/2026
Madhya Pradesh,Satna,Amarpatan APMC,Wheat,Mill Quality,FAQ,2510,2510,2510,22/08/2026
Madhya Pradesh,Gwalior,Bhitarwar APMC,Wheat,Mill Quality,Non-FAQ,2530,2595,2565,22/08/2026
Madhya Pradesh,Sidhi,Sidhi APMC,Wheat,Mill Quality,Non-FAQ,2300,2457,2400,22/08/2026
Madhya Pradesh,Rajgarh,Pachaur APMC,Wheat,Wheat,FAQ,1205,2660,2550,22/08/2026
Madhya Pradesh,Shivpuri,Pichhour APMC,Wheat,Mill Quality,Non-FAQ,2515,2520,2517,22/08/2026
Madhya Pradesh,Bhind,Lahar APMC,Wheat,Wheat,FAQ,2546,2550,2550,22/08/2026
Madhya Pradesh,Sheopur,Vijaypur APMC,Wheat,Wheat,FAQ,2450,2500,2500,22/08/2026
Madhya Pradesh,Chhatarpur,Harpalpur APMC,Wheat,Wheat,FAQ,2574,2600,2600,22/08/2026
Madhya Pradesh,Chhatarpur,LavKush Nagar(Laundi) APMC,Wheat,Mill Quality,FAQ,2420,2420,2420,22/08/2026
Madhya Pradesh,Tikamgarh,Tikamgarh APMC,Wheat,Wheat,FAQ,2509,2605,2585,22/08/2026
Madhya Pradesh,Shehdol,Budhar APMC,Wheat,Mill Quality,Non-FAQ,2500,2500,2500,22/08/2026
Madhya Pradesh,Rajgarh,Chhapiheda APMC,Wheat,Wheat,FAQ,2563,2588,2588,22/08/2026
Madhya Pradesh,Jhabua,Thandla APMC,Wheat,Lokwan,FAQ,2500,2600,2600,22/08/2026
Madhya Pradesh,Khargone,Kasrawad APMC,Wheat,Wheat,FAQ,2525,2720,2590,22/08/2026
Madhya Pradesh,Ashoknagar,Chanderi APMC,Wheat,Wheat,Non-FAQ,2425,2500,2500,22/08/2026
Madhya Pradesh,Ashoknagar,Chanderi APMC,Wheat,Wheat,FAQ,2500,2506,2506,22/08/2026
Madhya Pradesh,Shivpuri,Barad APMC,Wheat,Wheat,FAQ,2440,2570,2450,22/08/2026
Madhya Pradesh,Indore,Indore APMC,Wheat,Malwa Shakti,Non-FAQ,2695,2695,2695,22/08/2026
Madhya Pradesh,Satna,Satna APMC,Wheat,Wheat,FAQ,2500,2550,2500,22/08/2026
Madhya Pradesh,Katni,Katni APMC,Wheat,Mill Quality,FAQ,2440,2530,2500,22/08/2026
Madhya Pradesh,Rewa,Baikunthpur APMC,Wheat,Mill Quality,FAQ,2500,2500,2500,22/08/2026
Madhya Pradesh,Vidisha,Shamshabad APMC,Wheat,Mill Quality,Non-FAQ,2300,2300,2300,22/08/2026
Madhya Pradesh,Ratlam,Sailana APMC,Wheat,Wheat,FAQ,2300,2300,2300,22/08/2026
Madhya Pradesh,Bhind,Alampur APMC,Wheat,Mill Quality,Non-FAQ,2516,2538,2530,22/08/2026
Madhya Pradesh,Mandla,Krishi Upaj Mandi Samiti Bichhiya,Wheat,Mill Quality,Non-FAQ,2400,2400,2400,22/08/2026
Madhya Pradesh,Tikamgarh,Niwadi APMC,Wheat,Mill Quality,Non-FAQ,2500,2569,2555,22/08/2026
Madhya Pradesh,Rewa,Rewa APMC,Wheat,Wheat,FAQ,2400,2545,2545,22/08/2026
Madhya Pradesh,Khargone,Bhikangaon APMC,Wheat,Wheat,FAQ,2484,2750,2645,22/08/2026
Madhya Pradesh,Shivpuri,Khaniadhana APMC,Wheat,Mill Quality,Non-FAQ,2435,2470,2470,22/08/2026
Madhya Pradesh,Datia,Sevda APMC,Wheat,Mill Quality,Non-FAQ,2500,2519,2506,22/08/2026
Madhya Pradesh,Indore,Indore APMC,Wheat,Wheat,FAQ,1800,2900,2681,22/08/2026
Madhya Pradesh,Morena,Morena APMC,Wheat,Wheat,Non-FAQ,2600,2625,2617,22/08/2026
Madhya Pradesh,Dhar,Dhar APMC,Wheat,Wheat,FAQ,2200,2200,2200,22/08/2026
Madhya Pradesh,Indore,Mhow APMC,Wheat,Mill Quality,Non-FAQ,2450,2450,2450,22/08/2026
Madhya Pradesh,Dindori,Shahpura APMC,Wheat,Mill Quality,Non-FAQ,2315,2360,2360,22/08/2026
Madhya Pradesh,Sehore,Nasrullaganj APMC,Wheat,Wheat,FAQ,2600,2600,2600,22/08/2026
Maharashtra,Yavatmal,Pusad APMC,Wheat,Other,FAQ,2585,2655,2600,22/08/2026
Maharashtra,Nagpur,Nagpur APMC,Wheat,Sharbati,FAQ,3200,3500,3425,22/08/2026
Maharashtra,Nagpur,Nagpur APMC,Wheat,Other,Non-FAQ,2540,2584,2573,22/08/2026
Maharashtra,Ahilyanagar,Rahuri(Vambori) APMC,Wheat,Other,FAQ,2651,2751,2701,22/08/2026
Maharashtra,Chattrapati Sambhajinagar,Chattrapati Sambhajinagar APMC,Wheat,Other,Non-FAQ,2550,2582,2566,22/08/2026
Maharashtra,Chattrapati Sambhajinagar,Vaijpur APMC,Wheat,Other,FAQ,2635,2710,2670,22/08/2026
Maharashtra,Buldhana,Malkapur APMC,Wheat,Other,FAQ,2630,2630,2630,22/08/2026
Maharashtra,Nagpur,Umared APMC,Wheat,Other,Non-FAQ,2450,2550,2500,22/08/2026
Maharashtra,Nashik,Lasalgaon(Niphad) APMC,Wheat,Maharashtra 2189,FAQ,2686,2763,2711,22/08/2026
Maharashtra,Parbhani,Pathari APMC,Wheat,Other,Non-FAQ,2350,2350,2350,22/08/2026
Maharashtra,Sangli,Sangli APMC,Wheat,Other,FAQ,3000,4500,3750,22/08/2026
Maharashtra,Solapur,Dudhani APMC,Wheat,Maharashtra 2189,FAQ,2600,2715,2645,22/08/2026
Maharashtra,Solapur,Barshi APMC,Wheat,Other,FAQ,2600,2600,2600,22/08/2026
Maharashtra,Wardha,Hinganghat APMC,Wheat,Other,FAQ,2585,2610,2600,22/08/2026
Maharashtra,Jalna,Jalana APMC,Wheat,Other,Non-FAQ,2400,2580,2580,22/08/2026
Maharashtra,Yavatmal,Umarked(Danki) APMC,Wheat,Other,Non-FAQ,2200,2300,2250,22/08/2026
Maharashtra,Nanded,Loha APMC,Wheat,Other,Non-FAQ,2200,2500,2400,22/08/2026
Maharashtra,Amarawati,Dhamngaon-Railway APMC,Wheat,Other,Non-FAQ,2400,2500,2480,22/08/2026
Maharashtra,Wardha,APMC SINDI BRANCH SELOO,Wheat,Other,Non-FAQ,2400,2580,2500,22/08/2026
Maharashtra,Yavatmal,KISAN MARKET YARD,Wheat,Other,Local,2400,2590,2551,22/08/2026
Maharashtra,Ahilyanagar,Shevgaon(Bodhegaon) APMC,Wheat,Maharashtra 2189,FAQ,2600,2700,2600,22/08/2026
Maharashtra,Akola,Telhara APMC,Wheat,Other,Non-FAQ,2400,2580,2480,22/08/2026
Maharashtra,Jalna,BHOKARDAN APMC,Wheat,Other,Non-FAQ,2400,2550,2500,22/08/2026
Maharashtra,Nanded,Bhokar APMC,Wheat,Other,Non-FAQ,2300,2375,2338,22/08/2026
Maharashtra,Nagpur,Savner APMC,Wheat,Other,Non-FAQ,2424,2440,2430,22/08/2026
Maharashtra,Ahilyanagar,Kopargaon APMC,Wheat,Other,FAQ,2588,2691,2651,22/08/2026
Maharashtra,Ahilyanagar,Karjat APMC,Wheat,Other,Non-FAQ,2200,2500,2300,22/08/2026
Maharashtra,Ahilyanagar,Rahata APMC,Wheat,Other,FAQ,2700,2700,2700,22/08/2026
Maharashtra,Ahilyanagar,Jamkhed APMC,Wheat,Other,FAQ,2600,2650,2625,22/08/2026
Maharashtra,Nashik,Malegaon APMC,Wheat,Other,Non-FAQ,1900,2584,2580,22/08/2026
Maharashtra,Nagpur,Nagpur APMC,Wheat,Other,FAQ,2585,2625,2615,22/08/2026
Maharashtra,Amarawati,Amarawati APMC,Wheat,Other,FAQ,2585,2700,2642,22/08/2026
Maharashtra,Chattrapati Sambhajinagar,Lasur Station APMC,Wheat,Other,FAQ,2600,2640,2620,22/08/2026
Maharashtra,Solapur,SHRI.SIDDHESHWAR  APMC,Wheat,Sharbati,FAQ,2640,4090,3710,22/08/2026
Maharashtra,Beed,Beed APMC,Wheat,Other,Non-FAQ,2434,2530,2480,22/08/2026
Maharashtra,Beed,Majalgaon APMC,Wheat,Other,FAQ,2588,2665,2610,22/08/2026
Maharashtra,Jalgaon,Amalner APMC,Wheat,Other,Non-FAQ,2400,2580,2580,22/08/2026
Maharashtra,Jalgaon,APMC PACHORA,Wheat,Other,Non-FAQ,2483,2580,2511,22/08/2026
Maharashtra,Beed,Gevrai APMC,Wheat,Other,Non-FAQ,2500,2525,2510,22/08/2026
Maharashtra,Ahilyanagar,Shevgaon APMC,Wheat,Maharashtra 2189,FAQ,2650,2650,2650,22/08/2026
Maharashtra,Ahilyanagar,Shevgaon APMC,Wheat,Maharashtra 2189,Non-FAQ,2550,2550,2550,22/08/2026
Maharashtra,Buldhana,"Bsk Krishi Bazar Private Limited, Mehkar, Dist Buldhana",Wheat,Other,Local,2500,2600,2550,22/08/2026
Maharashtra,Buldhana,Lonar APMC,Wheat,Other,Non-FAQ,2350,2424,2387,22/08/2026
Maharashtra,Amarawati,Achalpur APMC,Wheat,Other,Non-FAQ,2400,2550,2475,22/08/2026
Maharashtra,Jalgaon,Parola APMC,Wheat,Kalyan,Non-FAQ,2400,2525,2400,22/08/2026
Maharashtra,Kolhapur,Kolhapur(Laxmipuri) APMC,Wheat,Other,FAQ,3000,3900,3450,22/08/2026
Maharashtra,Latur,Ahmedpur APMC,Wheat,Other,Non-FAQ,2525,2550,2539,22/08/2026
Maharashtra,Latur,Aurad Shahajani APMC,Wheat,Maharashtra 2189,Non-FAQ,2200,2518,2359,22/08/2026
Maharashtra,Satara,Vaduj APMC,Wheat,Maharashtra 2189,FAQ,2800,3000,2900,22/08/2026
Maharashtra,Jalna,Jalana APMC,Wheat,Other,FAQ,2672,2672,2672,22/08/2026
Maharashtra,Yavatmal,Umarkhed APMC,Wheat,Other,Non-FAQ,2200,2300,2250,22/08/2026
Maharashtra,Chattrapati Sambhajinagar,Gangapur APMC,Wheat,Other,FAQ,2612,2625,2622,22/08/2026
Maharashtra,Amarawati,Anajngaon APMC,Wheat,Other,Non-FAQ,2200,2500,2350,22/08/2026
Maharashtra,Akola,Akola APMC,Wheat,Other,FAQ,2590,2950,2615,22/08/2026
Maharashtra,Akola,Murtizapur APMC,Wheat,Other,Non-FAQ,2200,2575,2390,22/08/2026
Maharashtra,Buldhana,Krushi Utpanna Bazar Samiti Shegaon,Wheat,Other,Non-FAQ,2355,2500,2430,22/08/2026
Maharashtra,Buldhana,Chikali APMC,Wheat,Other,Non-FAQ,2025,2475,2250,22/08/2026
Maharashtra,Bhandara,Bhandara APMC,Wheat,Maharashtra 2189,Non-FAQ,2400,2400,2400,22/08/2026
Maharashtra,Solapur,Akluj APMC,Wheat,Other,FAQ,2600,2600,2600,22/08/2026
Maharashtra,Chattrapati Sambhajinagar,Chattrapati Sambhajinagar APMC,Wheat,Other,FAQ,2585,2801,2693,22/08/2026
Maharashtra,Chattrapati Sambhajinagar,Lasur Station APMC,Wheat,Other,Non-FAQ,2580,2580,2580,22/08/2026
Maharashtra,Ahilyanagar,"Omchatinya Multi State Agro Purpose Co-Op Society, Dist Ahilyanagar",Wheat,Other,Local,2550,2600,2550,22/08/2026
Maharashtra,Amarawati,Agricultural Produce Market Committee Nandgaon Khandeshwar,Wheat,Other,Non-FAQ,2345,2575,2460,22/08/2026
Maharashtra,Buldhana,Malkapur APMC,Wheat,Other,Non-FAQ,2500,2580,2550,22/08/2026
Maharashtra,Chattrapati Sambhajinagar,Paithan APMC,Wheat,Bansi,FAQ,2585,2740,2600,22/08/2026
Maharashtra,Buldhana,Khamgaon APMC,Wheat,Other,Non-FAQ,2100,2575,2338,22/08/2026
Maharashtra,Latur,Latur(Murud) APMC,Wheat,Maharashtra 2189,Non-FAQ,2050,2410,2200,22/08/2026
Maharashtra,Mumbai,Mumbai APMC,Wheat,Other,FAQ,2900,4600,3750,22/08/2026
Maharashtra,Solapur,Barshi APMC,Wheat,Other,Non-FAQ,2550,2550,2550,22/08/2026
Maharashtra,Wardha,Hinganghat APMC,Wheat,Other,Non-FAQ,2300,2580,2420,22/08/2026
Maharashtra,Dharashiv,Paranda APMC,Wheat,Other,Non-FAQ,2200,2200,2200,22/08/2026
Maharashtra,Akola,Patur APMC,Wheat,Maharashtra 2189,Non-FAQ,2400,2570,2564,22/08/2026
Maharashtra,Washim,Washim APMC,Wheat,Maharashtra 2189,Non-FAQ,2325,2580,2450,22/08/2026
Maharashtra,Beed,Gevrai APMC,Wheat,Other,FAQ,2600,2700,2650,22/08/2026
Maharashtra,Ahilyanagar,Ahilyanagar APMC,Wheat,Other,FAQ,2600,2700,2650,22/08/2026
Maharashtra,Yavatmal,"Shekari Krushi Khajgi Bazar, Arni, Dist Yavatmal",Wheat,Other,Local,2200,2570,2451,22/08/2026
Uttar Pradesh,Banda,Banda APMC,Wheat,Other,FAQ,2500,2500,2500,22/08/2026
Uttar Pradesh,Raebarelli,Bachranwa APMC,Wheat,Dara,FAQ,2400,2500,2472.8,22/08/2026
Uttar Pradesh,Etah,Etah APMC,Wheat,Other,FAQ,2500,2501,2500.01,22/08/2026
Uttar Pradesh,Etah,Aliganj APMC,Wheat,Other,FAQ,2510,2510,2510,22/08/2026
Uttar Pradesh,Auraiya,Achalda APMC,Wheat,Dara,FAQ,2400,2400,2400,22/08/2026
Uttar Pradesh,Fatehpur,Fatehpur APMC,Wheat,Other,FAQ,2455,2550,2469.03,22/08/2026
Uttar Pradesh,Aligarh,Aligarh APMC,Wheat,Dara,FAQ,2500,2520,2509.69,22/08/2026
Uttar Pradesh,Lakhimpur,Golagokarnath APMC,Wheat,Dara,FAQ,2500,2505,2501.34,22/08/2026
Uttar Pradesh,Kanpur Dehat,Jhijhank APMC,Wheat,Dara,FAQ,2350,2600,2473.18,22/08/2026
Uttar Pradesh,Hardoi,Sandi APMC,Wheat,Dara,FAQ,2450,2450,2450,22/08/2026
Uttar Pradesh,Ambedkarnagar,Akbarpur APMC,Wheat,Dara,FAQ,2450,2500,2457.03,22/08/2026
Uttar Pradesh,Agra,Jarar APMC,Wheat,Dara,FAQ,2500,2500,2500,22/08/2026
Uttar Pradesh,Ghaziabad,Ghaziabad APMC,Wheat,Other,FAQ,4086,4086,4086,22/08/2026
Uttar Pradesh,Lalitpur,Lalitpur APMC,Wheat,Dara Mill Quality,FAQ,2440,2480,2456.68,22/08/2026
Uttar Pradesh,Pillibhit,Pilibhit APMC,Wheat,Other,FAQ,2545,2550,2548,22/08/2026
Uttar Pradesh,Sitapur,Sitapur APMC,Wheat,Other,FAQ,2580,2580,2580,22/08/2026
Uttar Pradesh,Bareilly,Bareilly APMC,Wheat,Dara Mill Quality,FAQ,2603,2610,2606.17,22/08/2026
Uttar Pradesh,Fatehpur,Bindki APMC,Wheat,Dara,FAQ,2400,2570,2477.08,22/08/2026
Uttar Pradesh,Pillibhit,Bishalpur APMC,Wheat,Dara,FAQ,2500,2500,2500,22/08/2026
Uttar Pradesh,Kanpur,Choubepur APMC,Wheat,Medium,FAQ,2400,2400,2400,22/08/2026
Uttar Pradesh,Aligarh,Charra APMC,Wheat,Other,FAQ,2500,2500,2500,22/08/2026
Uttar Pradesh,Ghaziabad,Hapur APMC,Wheat,Dara,FAQ,2600,2600,2600,22/08/2026
Uttar Pradesh,Hathras,Haathras APMC,Wheat,Other,FAQ,2511,2511,2511,22/08/2026
Uttar Pradesh,Kaushambi,Manjhanpur APMC,Wheat,Other,FAQ,2400,2400,2400,22/08/2026
Uttar Pradesh,Lalitpur,Mehrauni APMC,Wheat,Other,FAQ,2325,2400,2364.38,22/08/2026
Uttar Pradesh,Raebarelli,Raibareilly APMC,Wheat,Dara Mill Quality,FAQ,2560,2560,2560,22/08/2026
Uttar Pradesh,Badaun,Shahaswan APMC,Wheat,Other,FAQ,2600,2600,2600,22/08/2026
Uttar Pradesh,Siddharth Nagar,Sahiyapur APMC,Wheat,Dara,FAQ,2430,2600,2554.73,22/08/2026
Uttar Pradesh,Siddharth Nagar,Sahiyapur APMC,Wheat,Local,FAQ,2430,2430,2430,22/08/2026
Uttar Pradesh,Bulandshahar,Sikarpur APMC,Wheat,Other,FAQ,2455,2455,2455,22/08/2026
Uttar Pradesh,Bulandshahar,Sikarpur APMC,Wheat,Medium,FAQ,2455,2455,2455,22/08/2026
Uttar Pradesh,Amethi,Sultanpur APMC,Wheat,Dara,FAQ,2450,2450,2450,22/08/2026
Uttar Pradesh,Ambedkarnagar,Tanda Akbarpur APMC,Wheat,Dara,FAQ,2450,2600,2559.62,22/08/2026
Uttar Pradesh,Ambedkarnagar,Tanda Akbarpur APMC,Wheat,Medium Fine,FAQ,2450,2450,2450,22/08/2026
Uttar Pradesh,Unnao,Unnao APMC,Wheat,Other,FAQ,2585,2585,2585,22/08/2026
Uttar Pradesh,Kanpur,Baripaal APMC,Wheat,Dara,FAQ,2500,2520,2510.11,22/08/2026
Uttar Pradesh,Shahjahanpur,Powayan APMC,Wheat,Dara,FAQ,2530,2530,2530,22/08/2026
Uttar Pradesh,Sitapur,Mishrit APMC,Wheat,Dara,FAQ,2540,2540,2540,22/08/2026
Uttar Pradesh,Bahraich,Risia APMC,Wheat,Dara,FAQ,2250,2250,2250,22/08/2026
Uttar Pradesh,Badaun,Badayoun APMC,Wheat,Other,FAQ,2500,2500,2500,22/08/2026
Uttar Pradesh,Jalaun (Orai),Madhogarh APMC,Wheat,Dara,FAQ,2470,2470,2470,22/08/2026
Uttar Pradesh,Unnao,Purwa APMC,Wheat,Dara,FAQ,2450,2500,2459.14,22/08/2026
Uttar Pradesh,Sant Kabir Nagar,Khalilabad APMC,Wheat,Medium,FAQ,2530,2530,2530,22/08/2026
Uttar Pradesh,Fatehpur,Khaga APMC,Wheat,Dara,FAQ,2450,2500,2466.35,22/08/2026
Uttar Pradesh,Fatehpur,Fatehpur APMC,Wheat,Medium,FAQ,2460,2460,2460,22/08/2026
Uttar Pradesh,Fatehpur,Fatehpur APMC,Wheat,Dara,FAQ,2450,2500,2468.17,22/08/2026
Uttar Pradesh,Kanpur Dehat,Jhijhank APMC,Wheat,Hybrid,FAQ,2500,2500,2500,22/08/2026
Uttar Pradesh,Kasganj,Kasganj APMC,Wheat,Dara,FAQ,2500,2500,2500,22/08/2026
Uttar Pradesh,Aligarh,Khair APMC,Wheat,Other,FAQ,2500,2550,2535.01,22/08/2026
Uttar Pradesh,Siddharth Nagar,Shohratgarh APMC,Wheat,Dara,FAQ,2450,2600,2521.5,22/08/2026
Uttar Pradesh,Maharajganj,Gadaura APMC,Wheat,Dara,FAQ,2500,2500,2500,22/08/2026
Uttar Pradesh,Kanpur,Kanpur(Grain) APMC,Wheat,Medium,FAQ,2365,2365,2365,22/08/2026
Uttar Pradesh,Sitapur,Sitapur APMC,Wheat,Dara,FAQ,2580,2580,2580,22/08/2026
Uttar Pradesh,Ghazipur,Saidpur APMC,Wheat,Medium,FAQ,2430,2430,2430,22/08/2026
Uttar Pradesh,Bahraich,Bahraich APMC,Wheat,Hybrid,FAQ,2540,2560,2552.07,22/08/2026
Uttar Pradesh,Balrampur,Balrampur APMC,Wheat,Dara,FAQ,2300,2300,2300,22/08/2026
Uttar Pradesh,Barabanki,Barabanki APMC,Wheat,Dara,FAQ,2450,2650,2501.71,22/08/2026
Uttar Pradesh,Fatehpur,Bindki APMC,Wheat,Other,FAQ,2400,2560,2503.56,22/08/2026
Uttar Pradesh,Sitapur,Viswan APMC,Wheat,Dara,FAQ,2400,2400,2400,22/08/2026
Uttar Pradesh,Sitapur,Viswan APMC,Wheat,Local,FAQ,2400,2520,2450.01,22/08/2026
Uttar Pradesh,Bulandshahar,Buland Shahr APMC,Wheat,Dara,FAQ,2500,2600,2593.96,22/08/2026
Uttar Pradesh,Bulandshahar,Buland Shahr APMC,Wheat,Dara Mill Quality,FAQ,2600,2600,2600,22/08/2026
Uttar Pradesh,Kanpur,Choubepur APMC,Wheat,Dara Mill Quality,FAQ,2550,2550,2550,22/08/2026
Uttar Pradesh,Aligarh,Charra APMC,Wheat,Wheat-Organic,FAQ,2500,2500,2500,22/08/2026
Uttar Pradesh,Gautam Budh Nagar,Dankaur APMC,Wheat,Dara,FAQ,2450,2500,2469.99,22/08/2026
Uttar Pradesh,Amethi,Jafarganj APMC,Wheat,Dara,FAQ,2300,2400,2334.61,22/08/2026
Uttar Pradesh,Fatehpur,Jahanabad APMC,Wheat,Dara Mill Quality,FAQ,2490,2500,2492.59,22/08/2026
Uttar Pradesh,Raebarelli,Jayas APMC,Wheat,Dara,FAQ,2400,2610,2509.95,22/08/2026
Uttar Pradesh,Jalaun (Orai),Jalaun APMC,Wheat,Mill Quality,FAQ,2540,2540,2540,22/08/2026
Uttar Pradesh,Mathura,Kosikalan APMC,Wheat,Other,FAQ,2580,2580,2580,22/08/2026
Uttar Pradesh,Hardoi,Madhoganj APMC,Wheat,Dara,FAQ,2500,2500,2500,22/08/2026
Uttar Pradesh,Sitapur,Mehmoodabad APMC,Wheat,Other,FAQ,2480,2605,2561.32,22/08/2026
Uttar Pradesh,Mathura,Mathura APMC,Wheat,Medium,FAQ,2450,2500,2481.74,22/08/2026
Uttar Pradesh,Jhansi,Moth APMC,Wheat,Dara,FAQ,2510,2670,2609.81,22/08/2026
Uttar Pradesh,Balrampur,Panchpedwa APMC,Wheat,Kalyan,FAQ,2380,2380,2380,22/08/2026
Uttar Pradesh,Shravasti,Payagpur APMC,Wheat,Medium,FAQ,2425,2425,2425,22/08/2026
Uttar Pradesh,Raebarelli,Salon APMC,Wheat,Dara,FAQ,2400,2400,2400,22/08/2026
Uttar Pradesh,Bulandshahar,Sikarpur APMC,Wheat,2329,FAQ,2455,2455,2455,22/08/2026
Uttar Pradesh,Amethi,Sultanpur APMC,Wheat,Hybrid,FAQ,2450,2450,2450,22/08/2026
Uttar Pradesh,Firozabad,Tundla APMC,Wheat,Medium,FAQ,2615,2620,2617.75,22/08/2026
Uttar Pradesh,Sambhal,Bhehjoi APMC,Wheat,Dara,Local,2500,2510,2505,22/08/2026
Uttar Pradesh,Sitapur,Maholi APMC,Wheat,Dara,FAQ,2400,2510,2463.46,22/08/2026
Uttar Pradesh,Gorakhpur,Gorakhpur APMC,Wheat,Dara Mill Quality,FAQ,2500,2500,2500,22/08/2026
Uttar Pradesh,Hardoi,Hardoi APMC,Wheat,Sharbati,FAQ,2420,2420,2420,22/08/2026
Uttar Pradesh,Lucknow,Lucknow APMC,Wheat,Local,FAQ,2550,2550,2550,22/08/2026
Uttar Pradesh,Lucknow,Lucknow APMC,Wheat,Dara,FAQ,2400,2425,2413.74,22/08/2026
Uttar Pradesh,Mainpuri,Mainpuri APMC,Wheat,Super Fine,FAQ,2400,2400,2400,22/08/2026
Uttar Pradesh,Mainpuri,Mainpuri APMC,Wheat,Other,FAQ,2500,2538,2523.75,22/08/2026
Uttar Pradesh,Baghpat,Baraut APMC,Wheat,Medium,FAQ,2620,2620,2620,22/08/2026
Uttar Pradesh,Firozabad,Firozabad APMC,Wheat,Medium,FAQ,2620,2660,2647.27,22/08/2026
Uttar Pradesh,Khiri (Lakhimpur),Maigalganj APMC,Wheat,Dara,FAQ,2600,2645,2630,22/08/2026
Uttar Pradesh,Sant Kabir Nagar,Khalilabad APMC,Wheat,Other,FAQ,2530,2530,2530,22/08/2026
Uttar Pradesh,Auraiya,Dibiapur APMC,Wheat,Dara,FAQ,2400,2580,2479.25,22/08/2026
Uttar Pradesh,Auraiya,Dibiapur APMC,Wheat,Other,FAQ,2500,2500,2500,22/08/2026
Uttar Pradesh,Mahoba,Charkhari APMC,Wheat,Dara,FAQ,2350,2500,2429.37,22/08/2026
Uttar Pradesh,Shravasti,Bhinga APMC,Wheat,Other,FAQ,2550,2550,2550,22/08/2026
Uttar Pradesh,Mau(Maunathbhanjan),Kopaganj APMC,Wheat,Dara,FAQ,2585,2600,2596.63,22/08/2026
Uttar Pradesh,Etah,Aliganj APMC,Wheat,Deshi,FAQ,2500,2500,2500,22/08/2026
Uttar Pradesh,Etah,Aliganj APMC,Wheat,Dara,FAQ,2500,2500,2500,22/08/2026
Uttar Pradesh,Auraiya,Achalda APMC,Wheat,Other,FAQ,2400,2400,2400,22/08/2026
Uttar Pradesh,Agra,Achnera APMC,Wheat,Dara,FAQ,2551,2600,2576.75,22/08/2026
Uttar Pradesh,Agra,Achnera APMC,Wheat,Dara Mill Quality,FAQ,2600,2600,2600,22/08/2026
Uttar Pradesh,Chitrakut,Karvi APMC,Wheat,Dara,FAQ,2450,2500,2493.56,22/08/2026
Uttar Pradesh,Azamgarh,Azamgarh APMC,Wheat,Medium,FAQ,2600,2600,2600,22/08/2026
Uttar Pradesh,Azamgarh,Azamgarh APMC,Wheat,Dara,FAQ,2585,2600,2591.25,22/08/2026
Uttar Pradesh,Hamirpur,Maudaha APMC,Wheat,Deshi,FAQ,2330,2330,2330,22/08/2026
Uttar Pradesh,Jhansi,Mauranipur APMC,Wheat,Other,FAQ,2500,2500,2500,22/08/2026
Uttar Pradesh,Agra,Jagnair APMC,Wheat,Other,FAQ,2425,2425,2425,22/08/2026
Uttar Pradesh,Kanpur,Kanpur(Grain) APMC,Wheat,Dara Mill Quality,FAQ,2360,2360,2360,22/08/2026
Uttar Pradesh,Kanpur,Kanpur(Grain) APMC,Wheat,Dara,FAQ,2360,2700,2596.05,22/08/2026
Uttar Pradesh,Pillibhit,Pilibhit APMC,Wheat,Dara,FAQ,2460,2460,2460,22/08/2026
Uttar Pradesh,Balrampur,Utraula APMC,Wheat,Dara,FAQ,2405,2500,2469.2,22/08/2026
Uttar Pradesh,Sitapur,Sidhauli APMC,Wheat,Dara,FAQ,2405,2422,2410.47,22/08/2026
Uttar Pradesh,Bahraich,Bahraich APMC,Wheat,Other,FAQ,2500,2500,2500,22/08/2026
Uttar Pradesh,Bareilly,Bareilly APMC,Wheat,Dara,FAQ,2600,2600,2600,22/08/2026
Uttar Pradesh,Basti,Basti APMC,Wheat,Dara Mill Quality,FAQ,2499.98,2500,2500,22/08/2026
Uttar Pradesh,Basti,Basti APMC,Wheat,Other,FAQ,2450,2450,2450,22/08/2026
Uttar Pradesh,Basti,Basti APMC,Wheat,Dara,FAQ,2450,2600,2528.21,22/08/2026
Uttar Pradesh,Hamirpur,Bharuasumerpur APMC,Wheat,Medium,FAQ,2500,2500,2500,22/08/2026
Uttar Pradesh,Kanpur,Choubepur APMC,Wheat,Dara,FAQ,2450,2500,2478.85,22/08/2026
Uttar Pradesh,Aligarh,Charra APMC,Wheat,Hybrid,FAQ,2500,2500,2500,22/08/2026
Uttar Pradesh,Jhansi,Chirgaon APMC,Wheat,Other,FAQ,2450,2450,2450,22/08/2026
Uttar Pradesh,Deoria,Devariya APMC,Wheat,Other,FAQ,2700,2700,2700,22/08/2026
Uttar Pradesh,Deoria,Devariya APMC,Wheat,Sonalika,FAQ,2660.81,2660.81,2660.81,22/08/2026
Uttar Pradesh,Deoria,Devariya APMC,Wheat,Sharbati,FAQ,2679.56,2683.29,2681.7,22/08/2026
Uttar Pradesh,Ghaziabad,Hapur APMC,Wheat,Other,FAQ,2600,2600,2600,22/08/2026
Uttar Pradesh,Fatehpur,Jahanabad APMC,Wheat,Dara,FAQ,2450,2560,2524.88,22/08/2026
Uttar Pradesh,Jalaun (Orai),Konch APMC,Wheat,Dara Mill Quality,FAQ,2280,2310,2294.57,22/08/2026
Uttar Pradesh,Mathura,Mathura APMC,Wheat,Dara,FAQ,2451,2565,2546.83,22/08/2026
Uttar Pradesh,Pratapgarh,Pratapgarh APMC,Wheat,Dara,FAQ,2400,2400,2400,22/08/2026
Uttar Pradesh,Prayagraj,Prayagraj APMC,Wheat,Other,FAQ,2500,2500,2500,22/08/2026
Uttar Pradesh,Raebarelli,Raibareilly APMC,Wheat,Dara,FAQ,2400,2500,2441.82,22/08/2026
Uttar Pradesh,Bulandshahar,Sikarpur APMC,Wheat,PBW-343,FAQ,2455,2460,2456.74,22/08/2026
Uttar Pradesh,Ambedkarnagar,Tanda Akbarpur APMC,Wheat,Other,FAQ,2450,2450,2450,22/08/2026
Uttar Pradesh,Prayagraj,Ajuha APMC,Wheat,Dara,FAQ,2400,2400,2400,22/08/2026
Uttar Pradesh,Kaushambi,Bharwari APMC,Wheat,Dara,FAQ,2500,2500,2500,22/08/2026
Uttar Pradesh,Hardoi,Hardoi APMC,Wheat,Dara,FAQ,2400,2420,2406.76,22/08/2026
Uttar Pradesh,Jaunpur,Jaunpur APMC,Wheat,Local,FAQ,2590,2590,2590,22/08/2026
Uttar Pradesh,Firozabad,Firozabad APMC,Wheat,Dara,FAQ,2630,2630,2630,22/08/2026
Uttar Pradesh,Firozabad,Firozabad APMC,Wheat,Deshi,FAQ,2600,2650,2622.73,22/08/2026
Uttar Pradesh,Kushinagar,Kushinagar APMC,Wheat,Dara,FAQ,2500,2500,2500,22/08/2026
Uttar Pradesh,Gorakhpur,Sehjanwa APMC,Wheat,Dara,FAQ,2560,2751,2657.85,22/08/2026
Uttar Pradesh,Jalaun (Orai),Madhogarh APMC,Wheat,Local,FAQ,2470,2470,2470,22/08/2026
Uttar Pradesh,Siddharth Nagar,Bansi APMC,Wheat,Dara,FAQ,2500,2500,2500,22/08/2026
Uttar Pradesh,Banda,Atarra APMC,Wheat,Deshi,FAQ,2450,2450,2450,22/08/2026
Uttar Pradesh,Banda,Atarra APMC,Wheat,Dara,FAQ,2450,2450,2450,22/08/2026
Uttar Pradesh,Unnao,Purwa APMC,Wheat,Other,FAQ,2470,2470,2470,22/08/2026
Uttar Pradesh,Kanpur Dehat,Pukharayan APMC,Wheat,Dara,FAQ,2450,2500,2486.06,22/08/2026
Uttar Pradesh,Siddharth Nagar,Naugarh APMC,Wheat,Dara,FAQ,2500,2600,2528.54,22/08/2026
Uttar Pradesh,Mainpuri,Bewar APMC,Wheat,Dara,FAQ,2450,2450,2450,22/08/2026
Uttar Pradesh,Banda,Baberu APMC,Wheat,Dara,FAQ,2400,2400,2400,22/08/2026
Uttar Pradesh,Auraiya,Auraiya APMC,Wheat,Medium,FAQ,2550,2560,2554.51,22/08/2026
Uttar Pradesh,Maharajganj,Partaval APMC,Wheat,Dara,FAQ,2400,2400,2400,22/08/2026
Uttar Pradesh,Etah,Etah APMC,Wheat,Dara,FAQ,2500,2500,2500,22/08/2026
Uttar Pradesh,Jalaun (Orai),Orai APMC,Wheat,Other,FAQ,2540,2540,2540,22/08/2026
Uttar Pradesh,Jalaun (Orai),Orai APMC,Wheat,Dara,FAQ,2450,2450,2450,22/08/2026
Uttar Pradesh,Chitrakut,Karvi APMC,Wheat,Other,FAQ,2250,2480,2278.69,22/08/2026
Uttar Pradesh,Chitrakut,Karvi APMC,Wheat,Medium,FAQ,2400,2400,2400,22/08/2026
Uttar Pradesh,Mainpuri,Ghiraur APMC,Wheat,Dara,FAQ,2400,2400,2400,22/08/2026
Uttar Pradesh,Jalaun (Orai),Kalpi APMC,Wheat,Dara,FAQ,2400,2550,2466.85,22/08/2026
Uttar Pradesh,Aligarh,Khair APMC,Wheat,Dara,FAQ,2500,2601,2543.66,22/08/2026
Uttar Pradesh,Hamirpur,Maudaha APMC,Wheat,Other,FAQ,2330,2330,2330,22/08/2026
Uttar Pradesh,Hardoi,Shahabad(New Mandi) APMC,Wheat,Dara,FAQ,2450,2450,2450,22/08/2026
Uttar Pradesh,Siddharth Nagar,Shohratgarh APMC,Wheat,Other,FAQ,2450,2450,2450,22/08/2026
Uttar Pradesh,Ambedkarnagar,Akbarpur APMC,Wheat,PBW-343,FAQ,2450,2450,2450,22/08/2026
Uttar Pradesh,Ambedkarnagar,Akbarpur APMC,Wheat,Medium Fine,FAQ,2450,2450,2450,22/08/2026
Uttar Pradesh,Bulandshahar,Sikanderabad APMC,Wheat,Other,FAQ,2500,2590,2504.99,22/08/2026
Uttar Pradesh,Agra,Jagnair APMC,Wheat,Medium,FAQ,2425,2460,2436.97,22/08/2026
Uttar Pradesh,Kanpur,Kanpur(Grain) APMC,Wheat,Other,FAQ,2360,2500,2451,22/08/2026
Uttar Pradesh,Lakhimpur,Lakhimpur APMC,Wheat,Dara,FAQ,2400,2625,2494.69,22/08/2026
Uttar Pradesh,Lalitpur,Lalitpur APMC,Wheat,Dara,FAQ,2350,2455,2357.49,22/08/2026
Uttar Pradesh,Lalitpur,Lalitpur APMC,Wheat,Other,FAQ,2350,2350,2350,22/08/2026
Uttar Pradesh,Shahjahanpur,Shahjahanpur APMC,Wheat,Other,FAQ,2475,2475,2475,22/08/2026
Uttar Pradesh,Shahjahanpur,Shahjahanpur APMC,Wheat,Dara,FAQ,2475,2475,2475,22/08/2026
Uttar Pradesh,Sitapur,Sitapur APMC,Wheat,Dara Mill Quality,FAQ,2450,2450,2450,22/08/2026
Uttar Pradesh,Balrampur,Utraula APMC,Wheat,Wheat-Organic,FAQ,2405,2405,2405,22/08/2026
Uttar Pradesh,Shahjahanpur,Meeranpur Katra APMC,Wheat,Other,FAQ,2440,2440,2440,22/08/2026
Uttar Pradesh,Bareilly,Bareilly APMC,Wheat,Other,FAQ,2604,2680,2613.71,22/08/2026
Uttar Pradesh,Unnao,Bangarmau APMC,Wheat,Dara,FAQ,2500,2550,2529.82,22/08/2026
Uttar Pradesh,Basti,Basti APMC,Wheat,Medium,FAQ,2450,2630,2516.01,22/08/2026
Uttar Pradesh,Etawah,Bharthna APMC,Wheat,Dara,FAQ,2450,2450,2450,22/08/2026
Uttar Pradesh,Fatehpur,Bindki APMC,Wheat,Medium,FAQ,2400,2500,2430.02,22/08/2026
Uttar Pradesh,Sitapur,Viswan APMC,Wheat,Mill Quality,FAQ,2400,2400,2400,22/08/2026
Uttar Pradesh,Deoria,Devariya APMC,Wheat,Dara,FAQ,2450,2500,2470.06,22/08/2026
Uttar Pradesh,Deoria,Devariya APMC,Wheat,Hybrid,FAQ,2655.25,2655.25,2655.25,22/08/2026
Uttar Pradesh,Mau(Maunathbhanjan),Doharighat APMC,Wheat,Dara,FAQ,2350,2350,2350,22/08/2026
Uttar Pradesh,Ayodhya,Ayodhya APMC,Wheat,Medium,FAQ,2425,2425,2425,22/08/2026
Uttar Pradesh,Mathura,Kosikalan APMC,Wheat,Dara,FAQ,2500,2660,2600,22/08/2026
Uttar Pradesh,Baghpat,Khekda APMC,Wheat,Dara,FAQ,2600,2600,2600,22/08/2026
Uttar Pradesh,Lalitpur,Mehrauni APMC,Wheat,Dara,FAQ,2301,2306,2303.87,22/08/2026
Uttar Pradesh,Maharajganj,Nautnava APMC,Wheat,Wheat-Organic,FAQ,2400,2400,2400,22/08/2026
Uttar Pradesh,Gonda,Nawabganj APMC,Wheat,Dara,FAQ,2590,2600,2597.85,22/08/2026
Uttar Pradesh,Balrampur,Panchpedwa APMC,Wheat,Dara,FAQ,2380,2380,2380,22/08/2026
Uttar Pradesh,Lakhimpur,Paliakala APMC,Wheat,Medium,FAQ,2450,2450,2450,22/08/2026
Uttar Pradesh,Lakhimpur,Paliakala APMC,Wheat,Dara,FAQ,2400,2400,2400,22/08/2026
Uttar Pradesh,Kanpur Dehat,Rura APMC,Wheat,Other,FAQ,2550,2550,2550,22/08/2026
Uttar Pradesh,Prayagraj,Prayagraj APMC,Wheat,Dara,FAQ,2400,2400,2400,22/08/2026
Uttar Pradesh,Raebarelli,Salon APMC,Wheat,Other,FAQ,2450,2450,2450,22/08/2026
Uttar Pradesh,Jaunpur,Shahganj APMC,Wheat,Dara,FAQ,2530,2650,2559.71,22/08/2026
Uttar Pradesh,Hathras,Sikandraraau APMC,Wheat,Other,FAQ,2501,2501,2501,22/08/2026
Uttar Pradesh,Kanpur,Uttaripura APMC,Wheat,Other,FAQ,2400,2400,2400,22/08/2026
Uttar Pradesh,Sambhal,Bhehjoi APMC,Wheat,Mill Quality,FAQ,2530,2538,2533.9,22/08/2026
Uttar Pradesh,Kaushambi,Bharwari APMC,Wheat,Other,FAQ,2500,2500,2500,22/08/2026
Uttar Pradesh,Maharajganj,Anandnagar APMC,Wheat,Dara,FAQ,2400,2400,2400,22/08/2026
Uttar Pradesh,Lucknow,Lucknow APMC,Wheat,Medium Fine,FAQ,2640,2640,2640,22/08/2026
Uttar Pradesh,Kasganj,Ganj Dundwara APMC,Wheat,Dara,FAQ,2500,2500,2500,22/08/2026
Uttar Pradesh,Khiri (Lakhimpur),Mohammdi APMC,Wheat,Other,FAQ,2500,2500,2500,22/08/2026
Uttar Pradesh,Agra,Fatehpur Sikri APMC,Wheat,Dara,FAQ,2560,2560,2560,22/08/2026
Uttar Pradesh,Hamirpur,Raath APMC,Wheat,Other,FAQ,2400,2400,2400,22/08/2026
Uttar Pradesh,Amroha,Dhanaura APMC,Wheat,Dara,FAQ,2500,2500,2500,22/08/2026
Uttar Pradesh,Auraiya,Auraiya APMC,Wheat,Other,FAQ,2520,2520,2520,22/08/2026
Uttar Pradesh,Banda,Banda APMC,Wheat,Dara,FAQ,2425,2430,2425.39,22/08/2026
Uttar Pradesh,Aligarh,Aligarh APMC,Wheat,Other,FAQ,2500,2550,2530,22/08/2026
Uttar Pradesh,Bulandshahar,Anoop Shahar APMC,Wheat,Other,FAQ,2425,2450,2442.55,22/08/2026
Uttar Pradesh,Chitrakut,Karvi APMC,Wheat,Dara Mill Quality,FAQ,2500,2500,2500,22/08/2026
Uttar Pradesh,Jhansi,Jhansi APMC,Wheat,Other,FAQ,2351,2351,2351,22/08/2026
Uttar Pradesh,Farukhabad,Kayamganj APMC,Wheat,Dara,FAQ,2380,2380,2380,22/08/2026
Uttar Pradesh,Jalaun (Orai),Kalpi APMC,Wheat,Other,FAQ,2550,2550,2550,22/08/2026
Uttar Pradesh,Kasganj,Kasganj APMC,Wheat,Other,FAQ,2595,2595,2595,22/08/2026
Uttar Pradesh,Saharanpur,Saharanpur APMC,Wheat,Dara Mill Quality,FAQ,2750,2785,2763.91,22/08/2026
Uttar Pradesh,Ambedkarnagar,Akbarpur APMC,Wheat,Other,FAQ,2450,2475,2465.92,22/08/2026
Uttar Pradesh,Bulandshahar,Sikanderabad APMC,Wheat,Dara,FAQ,2580,2580,2580,22/08/2026
Uttar Pradesh,Bareilly,Anwala APMC,Wheat,Dara,FAQ,2450,2450,2450,22/08/2026
Uttar Pradesh,Ghaziabad,Ghaziabad APMC,Wheat,Dara,FAQ,2740,2750,2744.93,22/08/2026
Uttar Pradesh,Kanpur,Kanpur(Grain) APMC,Wheat,Hybrid,FAQ,2600,2600,2600,22/08/2026
Uttar Pradesh,Lalitpur,Lalitpur APMC,Wheat,Mill Quality,FAQ,2350,2591,2393.81,22/08/2026
Uttar Pradesh,Lalitpur,Lalitpur APMC,Wheat,Medium,FAQ,2425,2425,2425,22/08/2026
Uttar Pradesh,Sambhal,Muradabad APMC,Wheat,Other,FAQ,2505,2510,2507.27,22/08/2026
Uttar Pradesh,Sitapur,Sitapur APMC,Wheat,Medium,FAQ,2450,2455,2450.4,22/08/2026
Uttar Pradesh,Barabanki,Barabanki APMC,Wheat,Other,FAQ,2450,2600,2487.61,22/08/2026
Uttar Pradesh,Etawah,Bharthna APMC,Wheat,Other,FAQ,2500,2500,2500,22/08/2026
Uttar Pradesh,Ballia,Vilthararoad APMC,Wheat,Dara,FAQ,2600,2600,2600,22/08/2026
Uttar Pradesh,Kanpur,Choubepur APMC,Wheat,Other,FAQ,2400,2400.01,2400,22/08/2026
Uttar Pradesh,Ayodhya,Ayodhya APMC,Wheat,Dara,FAQ,2425,2425,2425,22/08/2026
Uttar Pradesh,Ayodhya,Ayodhya APMC,Wheat,Dara Mill Quality,FAQ,2425,2600,2535.15,22/08/2026
Uttar Pradesh,Bulandshahar,Jahangirabad APMC,Wheat,Other,FAQ,2600,2600,2600,22/08/2026
Uttar Pradesh,Baghpat,Khekda APMC,Wheat,Other,FAQ,2600,2600,2600,22/08/2026
Uttar Pradesh,Baghpat,Khekda APMC,Wheat,Mill Quality,FAQ,2600,2600,2600,22/08/2026
Uttar Pradesh,Bulandshahar,Khurja APMC,Wheat,Other,FAQ,2450,2450,2450,22/08/2026
Uttar Pradesh,Jalaun (Orai),Konch APMC,Wheat,Other,FAQ,2480,2500,2486.44,22/08/2026
Uttar Pradesh,Mathura,Mathura APMC,Wheat,Other,FAQ,2451,2565,2552.72,22/08/2026
Uttar Pradesh,Jhansi,Moth APMC,Wheat,Deshi,FAQ,2400,2620,2499.98,22/08/2026
Uttar Pradesh,Hamirpur,Muskara APMC,Wheat,Other,FAQ,2350,2350,2350,22/08/2026
Uttar Pradesh,Balrampur,Panchpedwa APMC,Wheat,Other,FAQ,2380,2400,2383.28,22/08/2026
Uttar Pradesh,Kanpur Dehat,Rura APMC,Wheat,Dara,FAQ,2550,2550,2550,22/08/2026
Uttar Pradesh,Kanpur Dehat,Rura APMC,Wheat,Medium,FAQ,2550,2550,2550,22/08/2026
Uttar Pradesh,Pillibhit,Puranpur APMC,Wheat,Dara,FAQ,2450,2465,2451.84,22/08/2026
Uttar Pradesh,Ayodhya,Rudauli APMC,Wheat,Dara,FAQ,2425,2600,2487.52,22/08/2026
Uttar Pradesh,Barabanki,Safdarganj APMC,Wheat,PBW-343,FAQ,2450,2450,2450,22/08/2026
Uttar Pradesh,Barabanki,Safdarganj APMC,Wheat,Dara,FAQ,2450,2775,2472.66,22/08/2026
Uttar Pradesh,Siddharth Nagar,Sahiyapur APMC,Wheat,Other,FAQ,2430,2500,2464.16,22/08/2026
Uttar Pradesh,Jaunpur,Shahganj APMC,Wheat,Other,FAQ,2530,2530,2530,22/08/2026
Uttar Pradesh,Amethi,Sultanpur APMC,Wheat,Deshi,FAQ,2452,2453,2452.63,22/08/2026
Uttar Pradesh,Ambedkarnagar,Tanda Akbarpur APMC,Wheat,Wheat-Organic,FAQ,2450,2450,2450,22/08/2026
Uttar Pradesh,Unnao,Unnao APMC,Wheat,Dara,FAQ,2550,2550,2550,22/08/2026
Uttar Pradesh,Unnao,Unnao APMC,Wheat,Dara Mill Quality,FAQ,2550,2550,2550,22/08/2026
Uttar Pradesh,Hardoi,Sandila APMC,Wheat,Dara,FAQ,2450,2700,2497.51,22/08/2026
Uttar Pradesh,Kanpur,Baripaal APMC,Wheat,Local,FAQ,2500,2500,2500,22/08/2026
Uttar Pradesh,Gorakhpur,Gorakhpur APMC,Wheat,Dara,FAQ,2500,2550,2509.3,22/08/2026
Uttar Pradesh,Kannuj,Kannauj APMC,Wheat,Dara,FAQ,2500,2500,2500,22/08/2026
Uttar Pradesh,Jaunpur,Jaunpur APMC,Wheat,Dara Mill Quality,FAQ,2595,2643,2625.94,22/08/2026
Uttar Pradesh,Lucknow,Lucknow APMC,Wheat,Medium,FAQ,2640,2640,2640,22/08/2026
Uttar Pradesh,Lucknow,Lucknow APMC,Wheat,Kalawal,FAQ,2640,2640,2640,22/08/2026
Uttar Pradesh,Lucknow,Lucknow APMC,Wheat,Mill Quality,FAQ,2450,2450,2450,22/08/2026
Uttar Pradesh,Raebarelli,Lalganj APMC,Wheat,Dara,FAQ,2400,2580,2473.52,22/08/2026
Uttar Pradesh,Kasganj,Ganj Dundwara APMC,Wheat,Sharbati,FAQ,2500,2500,2500,22/08/2026
Uttar Pradesh,Chitrakut,Mau(Chitrakut) APMC,Wheat,Other,FAQ,2400,2400,2400,22/08/2026
Uttar Pradesh,Khiri (Lakhimpur),Mohammdi APMC,Wheat,Dara,FAQ,2500,2500,2500,22/08/2026
Uttar Pradesh,Sant Kabir Nagar,Khalilabad APMC,Wheat,Dara,FAQ,2530,2710,2571.14,22/08/2026
Uttar Pradesh,Auraiya,Dibiapur APMC,Wheat,Hybrid,FAQ,2500,2500,2500,22/08/2026
Uttar Pradesh,Badaun,Dataganj APMC,Wheat,Dara,FAQ,2500,2600,2550,22/08/2026
Uttar Pradesh,Badaun,Dataganj APMC,Wheat,PBW-343,FAQ,2500,2500,2500,22/08/2026
Uttar Pradesh,Shahjahanpur,Jalalabad APMC,Wheat,Bansi,FAQ,2550,2550,2550,22/08/2026
Uttar Pradesh,Lucknow,Banthara APMC,Wheat,Dara,FAQ,2500,2760,2602.22,22/08/2026
Uttar Pradesh,Shravasti,Bhinga APMC,Wheat,Dara,FAQ,2500,2500,2500,22/08/2026
Rajasthan,Deeg,Kama APMC,Wheat,Other,Local,2490,2490,2490,22/08/2026
Rajasthan,Ganganagar,Gajsinghpur APMC,Wheat,Other,Local,2634,2655,2634,22/08/2026
Rajasthan,Jhalawar,Bhawani Mandi APMC,Wheat,Other,Local,2450,2550,2500,22/08/2026
Rajasthan,Bundi,Keshoraipatan APMC,Wheat,Deshi,FAQ,2500,2575,2550,22/08/2026
Rajasthan,Tonk,Dooni APMC,Wheat,147 Average,Local,2500,2570,2535,22/08/2026
Rajasthan,Jhalawar,Khanpur APMC,Wheat,Other,FAQ,2400,2751,2599,22/08/2026
Rajasthan,Ganganagar,Padampur APMC,Wheat,Other,FAQ,2489,2968,2599,22/08/2026
Rajasthan,Ganganagar,Gharsana APMC,Wheat,Other,FAQ,2560,2575,2570,22/08/2026
Rajasthan,Tonk,Deoli APMC,Wheat,147 Average,FAQ,2501,2601,2551,22/08/2026
Rajasthan,Jaipur,Bassi APMC,Wheat,Other,Local,2520,2602,2561,22/08/2026
Rajasthan,Hanumangarh,Bhadara APMC,Wheat,1482,Non-FAQ,2625,2670,2648,22/08/2026
Rajasthan,Baran,Atru APMC,Wheat,Other,Local,2608,2610,2609,22/08/2026
Rajasthan,Ganganagar,Sri Karanpur APMC,Wheat,Other,FAQ,2531,2558,2554,22/08/2026
Rajasthan,Udaipur,Fatehnagar APMC,Wheat,Local,FAQ,2569,2703,2646,22/08/2026
Rajasthan,Baran,Samraniyan APMC,Wheat,Other,Local,2521,2537,2525,22/08/2026
Rajasthan,Kota,Khatauli APMC,Wheat,Wheat,Local,2541,2541,2541,22/08/2026
Rajasthan,Baran,Baran APMC,Wheat,Other,Local,2490,2835,2668,22/08/2026
Rajasthan,Ganganagar,Sadulshahar APMC,Wheat,Other,FAQ,2570,2597,2575,22/08/2026
Rajasthan,Alwar,Barodamev APMC,Wheat,Other,Non-FAQ,2580,2595,2593,22/08/2026
Rajasthan,Alwar,Laxmangarh - Barodamev  APMC,Wheat,Other,Non-FAQ,2571,2600,2589,22/08/2026
Rajasthan,Tonk,Malpura APMC,Wheat,Other,FAQ,2500,2526,2515,22/08/2026
Rajasthan,Bundi,Dei APMC,Wheat,Other,Local,2571,2600,2580,22/08/2026
Rajasthan,Jhalawar,Choumahla APMC,Wheat,Other,Non-FAQ,2500,2620,2560,22/08/2026
Rajasthan,Alwar,Kherli APMC,Wheat,Other,Non-FAQ,2520,2545,2540,22/08/2026
Rajasthan,Bundi,Bundi APMC,Wheat,Other,FAQ,2525,2646,2586,22/08/2026
Rajasthan,Ganganagar,Rawla APMC,Wheat,Other,FAQ,2510,2510,2510,22/08/2026
Rajasthan,Ganganagar,Kesarisinghpur APMC,Wheat,Other,FAQ,2510,2593,2550,22/08/2026
Karnataka,Bidar,Basava Kalayana APMC,Wheat,Mill Quality,FAQ,3900,4500,4300,22/08/2026
Karnataka,Bidar,Basava Kalayana APMC,Wheat,Mexican,FAQ,2471,2720,2570,22/08/2026
Karnataka,Gadag,Gadag APMC,Wheat,White,FAQ,1737,4212,2919,22/08/2026
Gujarat,Rajkot,Jasdan APMC,Wheat,2189 No. 2,FAQ,2555,2720,2630,22/08/2026
Gujarat,Gandhinagar,Kalol APMC,Wheat,Other,Local,2625,2710,2665,22/08/2026
Gujarat,Patan,Radhanpur APMC,Wheat,Other,Local,2525,2750,2650,22/08/2026
Gujarat,Amreli,Rajula APMC,Wheat,PISSI,Local,2250,2850,2550,22/08/2026
Gujarat,Patan,Harij APMC,Wheat,Other,Local,2375,2825,2600,22/08/2026
Gujarat,Morbi,Vankaner APMC,Wheat,Lokwan,FAQ,2250,2715,2600,22/08/2026
Gujarat,Dahod,Dahod APMC,Wheat,147 Average,Local,2750,2825,2800,22/08/2026
Gujarat,Sabarkantha,Modasa APMC,Wheat,Lokwan Gujrat,FAQ,2600,2645,2645,22/08/2026
Gujarat,Amreli,APMC Bagasara,Wheat,Lokwan Gujrat,Local,2500,2700,2600,22/08/2026
Gujarat,Surendranagar,Dhragradhra APMC,Wheat,Wheat,Local,2660,2660,2660,22/08/2026
Gujarat,Gandhinagar,Dehgam APMC,Wheat,Other,FAQ,2600,2650,2625,22/08/2026
Gujarat,Banaskanth,Tharad APMC,Wheat,Other,Local,2420,2475,2447,22/08/2026
Gujarat,Jamnagar,Kalawad APMC,Wheat,Other,Local,2355,2615,2465,22/08/2026
Gujarat,Junagarh,Bhesan APMC,Wheat,Other,FAQ,2000,2750,2500,22/08/2026
Gujarat,Jamnagar,Dhrol APMC,Wheat,Other,Local,2375,2575,2475,22/08/2026
Gujarat,Morbi,APMC HALVAD,Wheat,Other,Local,2500,2740,2650,22/08/2026
Gujarat,Mehsana,Mehsana APMC,Wheat,Local,Local,2300,2755,2650,22/08/2026
Gujarat,Patan,Siddhpur APMC,Wheat,Hybrid,FAQ,2575,2715,2645,22/08/2026
Gujarat,Rajkot,Jetpur(Dist.Rajkot) APMC,Wheat,Other,FAQ,2500,2800,2700,22/08/2026
Gujarat,Mehsana,Visnagar APMC,Wheat,Other,Local,2500,2637,2568,22/08/2026
Gujarat,Ahmedabad,Viramgam APMC,Wheat,Other,Local,2550,2605,2580,22/08/2026
Gujarat,Amreli,Savarkundla APMC,Wheat,Bansi,Local,2425,2680,2600,22/08/2026
Gujarat,Porbandar,Porbandar APMC,Wheat,Lokwan,Non-FAQ,2150,2450,2300,22/08/2026
Gujarat,Kheda,Kapadvanj APMC,Wheat,Other,Local,2500,2575,2537,22/08/2026
Gujarat,Sabarkantha,Vadali APMC,Wheat,Other,FAQ,2500,2685,2593,22/08/2026
Gujarat,Panchmahals,Morva Hafad APMC,Wheat,Deshi,Local,2000,2400,2200,22/08/2026
Gujarat,Mehsana,Mehsana(Jornang) APMC,Wheat,Other,Local,2350,2695,2550,22/08/2026
Gujarat,Rajkot,Rajkot APMC,Wheat,Sharbati,FAQ,2500,3250,2690,22/08/2026
Gujarat,Botad,Botad APMC,Wheat,Local,Local,2460,2700,2630,22/08/2026
Gujarat,Amreli,Babra APMC,Wheat,Medium,FAQ,2555,2670,2610,22/08/2026
Gujarat,Bhavnagar,Taleja APMC,Wheat,Kalyan,FAQ,2050,2830,2440,22/08/2026
Gujarat,Patan,Sami APMC,Wheat,Deshi,Local,2250,2400,2375,22/08/2026
Gujarat,Mehsana,Kadi APMC,Wheat,Other,FAQ,2600,3020,2700,22/08/2026
Gujarat,Gandhinagar,Dehgam(Rekhiyal) APMC,Wheat,Other,FAQ,2550,2610,2580,22/08/2026
Gujarat,Bhavnagar,Mahuva(Station Road) APMC,Wheat,Kalyan,FAQ,2370,2875,2623,22/08/2026
Gujarat,Banaskanth,Dhanera APMC,Wheat,Other,Local,2520,2550,2535,22/08/2026
Gujarat,Amreli,Savarkundla APMC,Wheat,Lokwan,Local,2300,2610,2550,22/08/2026
Gujarat,Porbandar,Porbandar APMC,Wheat,Deshi,FAQ,2720,2720,2720,22/08/2026
Gujarat,Banaskanth,Palanpur APMC,Wheat,Deshi,Local,2620,2620,2620,22/08/2026
Gujarat,Banaskanth,Thara APMC,Wheat,Other,FAQ,2450,2685,2567.5,22/08/2026
Gujarat,Sabarkantha,Modasa(Tintoi) APMC,Wheat,Lokwan,FAQ,2500,2545,2545,22/08/2026
Gujarat,Rajkot,Rajkot APMC,Wheat,Lokwan,FAQ,2450,2775,2640,22/08/2026
Gujarat,Amreli,The Agricultural Produce Market Committee-Amreli,Wheat,Rajasthan Tukdi,FAQ,1750,2825,2625,22/08/2026
Gujarat,Gandhinagar,Mansa APMC,Wheat,Local,Local,2555,2790,2660,22/08/2026
Gujarat,Sabarkantha,Talod APMC,Wheat,Other,FAQ,2500,2700,2600,22/08/2026
Gujarat,Gir Somnath,Veraval APMC,Wheat,Medium Fine,FAQ,2455,2715,2575,22/08/2026
Gujarat,Sabarkantha,Himatnagar APMC,Wheat,Sonalika,Local,2640,2875,2750,22/08/2026
Gujarat,Morbi,Morbi APMC,Wheat,Other,FAQ,2500,2790,2645,22/08/2026
Gujarat,Bhavnagar,Bhavnagar APMC,Wheat,Local,FAQ,2672,2672,2672,22/08/2026
Gujarat,Jamnagar,Jamnagar APMC,Wheat,Other,Local,2450,2795,2675,22/08/2026
Gujarat,Junagarh,Junagadh APMC,Wheat,Lokwan,FAQ,2450,2730,2625,22/08/2026
Gujarat,Junagarh,Junagadh APMC,Wheat,Sharbati,FAQ,2475,2655,2600,22/08/2026
Gujarat,Rajkot,Dhoraji APMC,Wheat,Lokwan Gujrat,Non-FAQ,2535,2610,2550,22/08/2026
Gujarat,Jamnagar,Jam Jodhpur APMC,Wheat,Other,Local,2400,2645,2550,22/08/2026
Gujarat,Amreli,The Agricultural Produce Market Committee-Amreli,Wheat,Lokwan,FAQ,2075,2850,2675,22/08/2026
Gujarat,Panchmahals,Godhra APMC,Wheat,Lokwan,Non-FAQ,2575,2620,2605,22/08/2026
Gujarat,Rajkot,Jetpur(Dist.Rajkot) APMC,Wheat,Lokwan,FAQ,2250,2675,2600,22/08/2026
Gujarat,Surendranagar,Chotila APMC,Wheat,Local,FAQ,2500,2750,2650,22/08/2026
Gujarat,Banaskanth,Deesa APMC,Wheat,Other,FAQ,2475,2620,2550,22/08/2026
Gujarat,Ahmedabad,Sanad APMC,Wheat,Sharbati,FAQ,2640,2640,2640,22/08/2026
West Bengal,Paschim Bardhaman,Durgapur APMC,Wheat,Kalyan,FAQ,2625,2835,2700,22/08/2026
West Bengal,Bankura,Bishnupur(Bankura) APMC,Wheat,Sonalika,FAQ,2600,2800,2700,22/08/2026
West Bengal,Paschim Bardhaman,Asansol APMC,Wheat,Kalyan,FAQ,2600,2800,2725,22/08/2026
West Bengal,Bankura,Khatra APMC,Wheat,Sonalika,FAQ,2600,2800,2700,22/08/2026
Bihar,Sheikhpura,Barbigha APMC,Wheat,147 Average,FAQ,2500,2700,2580,22/08/2026
Bihar,Sheikhpura,Shekhpura APMC,Wheat,147 Average,FAQ,2500,2675,2580,22/08/2026
Uttarakhand,Haridwar,Lakshar APMC,Wheat,Other,Local,2585,2600,2600,22/08/2026
Maharashtra,Raigad,Alibagh APMC,Rice,Other,Local,4000,4500,4250,22/08/2026
Maharashtra,Raigad,Murud APMC,Rice,Other,Local,4000,4500,4250,22/08/2026
Maharashtra,Sangli,Sangli APMC,Rice,Other,Local,4500,9500,7000,22/08/2026
Maharashtra,Nagpur,Umared APMC,Rice,Other,Local,3800,4500,4200,22/08/2026
Maharashtra,Nagpur,Nagpur APMC,Rice,Other,Local,6200,6500,6425,22/08/2026
Maharashtra,Kolhapur,Kolhapur(Laxmipuri) APMC,Rice,1009 Kar,Local,3000,9200,6100,22/08/2026
Maharashtra,Mumbai,Mumbai APMC,Rice,Other,Local,3000,8500,5750,22/08/2026
Maharashtra,Solapur,SHRI.SIDDHESHWAR  APMC,Rice,Other,Local,3575,7300,4250,22/08/2026
Maharashtra,Pune,Pune APMC,Rice,Other,Local,3300,3800,3550,22/08/2026
Maharashtra,Raigad,Karjat(Raigad) APMC,Rice,Other,Local,3600,5500,4700,22/08/2026
Maharashtra,Raigad,Mangaon APMC,Rice,Other,Local,1900,4800,3800,22/08/2026
Uttar Pradesh,Banda,Banda APMC,Rice,Common,FAQ,2700,3500,2972.32,22/08/2026
Uttar Pradesh,Ghaziabad,Ghaziabad APMC,Rice,Other,FAQ,5882.27,8613,6387.52,22/08/2026
Uttar Pradesh,Varanasi,Varanasi APMC,Rice,Other,FAQ,2500,2500,2500,22/08/2026
Uttar Pradesh,Balrampur,Utraula APMC,Rice,Other,FAQ,2400,2400,2400,22/08/2026
Uttar Pradesh,Mau(Maunathbhanjan),Doharighat APMC,Rice,Common,FAQ,2600,2600,2600,22/08/2026
Uttar Pradesh,Balrampur,Panchpedwa APMC,Rice,Common,FAQ,2200,2400,2224.39,22/08/2026
Uttar Pradesh,Raebarelli,Raibareilly APMC,Rice,Common,FAQ,2500,6422,5130.88,22/08/2026
Uttar Pradesh,Amethi,Sultanpur APMC,Rice,Common,FAQ,8800,8800,8800,22/08/2026
Uttar Pradesh,Amroha,Hasanpur APMC,Rice,Common,FAQ,2500,2525,2512.95,22/08/2026
Uttar Pradesh,Chitrakut,Karvi APMC,Rice,Common,FAQ,2300,2400,2304.3,22/08/2026
Uttar Pradesh,Ghaziabad,Noida APMC,Rice,Common,FAQ,9729.39,9729.39,9729.39,22/08/2026
Uttar Pradesh,Barabanki,Barabanki APMC,Rice,Common,FAQ,2400,2400,2400,22/08/2026
Uttar Pradesh,Kannuj,Chhibramau APMC,Rice,Common,FAQ,2500,2500,2500,22/08/2026
Uttar Pradesh,Ghaziabad,Hapur APMC,Rice,Common,FAQ,3500,3500,3500,22/08/2026
Uttar Pradesh,Ghazipur,Jangipura APMC,Rice,Common,FAQ,2400,2710,2572.31,22/08/2026
Uttar Pradesh,Sitapur,Mehmoodabad APMC,Rice,Common,FAQ,2230,2250,2243.4,22/08/2026
Uttar Pradesh,Maharajganj,Nautnava APMC,Rice,Common,FAQ,2000,2000,2000,22/08/2026
Uttar Pradesh,Prayagraj,Prayagraj APMC,Rice,Common,FAQ,10366.04,10366.04,10366.04,22/08/2026
Uttar Pradesh,Ayodhya,Rudauli APMC,Rice,Common,FAQ,2500,2500,2500,22/08/2026
Uttar Pradesh,Kanpur,Uttaripura APMC,Rice,Common,FAQ,2150,2150,2150,22/08/2026
Uttar Pradesh,Gorakhpur,Sehjanwa APMC,Rice,Common,FAQ,2200,2200,2200,22/08/2026
Uttar Pradesh,Amroha,Hasanpur APMC,Rice,Other,FAQ,6091.6,6091.6,6091.6,22/08/2026
Uttar Pradesh,Siddharth Nagar,Bansi APMC,Rice,Common,FAQ,2500,2500,2500,22/08/2026
Uttar Pradesh,Lucknow,Banthara APMC,Rice,Other,FAQ,5690.54,12645.96,5912.46,22/08/2026
Uttar Pradesh,Mirzapur,Ahirora APMC,Rice,Common,FAQ,3500,3500,3500,22/08/2026
Uttar Pradesh,Azamgarh,Azamgarh APMC,Rice,Common,FAQ,2400,2525,2484.77,22/08/2026
Uttar Pradesh,Hamirpur,Maudaha APMC,Rice,Other,FAQ,2500,2500,2500,22/08/2026
Uttar Pradesh,Saharanpur,Saharanpur APMC,Rice,Common,FAQ,3035,10030,4889.38,22/08/2026
Uttar Pradesh,Ambedkarnagar,Akbarpur APMC,Rice,Common,FAQ,2450,2450,2450,22/08/2026
Uttar Pradesh,Maharajganj,Gadaura APMC,Rice,Common,FAQ,2300,2670,2459.91,22/08/2026
Uttar Pradesh,Etawah,Etawah APMC,Rice,Other,FAQ,6403.67,6403.67,6403.67,22/08/2026
Uttar Pradesh,Ghaziabad,Ghaziabad APMC,Rice,Common,FAQ,5230.3,5583.15,5374.94,22/08/2026
Uttar Pradesh,Balrampur,Utraula APMC,Rice,Common,FAQ,2400,2500,2435.55,22/08/2026
Uttar Pradesh,Fatehpur,Bindki APMC,Rice,Other,FAQ,2550,2550,2550,22/08/2026
Uttar Pradesh,Ghaziabad,Hapur APMC,Rice,Basmati Dawat,FAQ,3500,10800,5569.2,22/08/2026
Uttar Pradesh,Muzaffarnagar,Muzzafarnagar APMC,Rice,Rice Bran(Kukuf),FAQ,3146,3146,3146,22/08/2026
Uttar Pradesh,Kanpur Dehat,Rura APMC,Rice,Other,FAQ,2500,2500,2500,22/08/2026
Uttar Pradesh,Hathras,Sikandraraau APMC,Rice,Other,FAQ,2210,2215,2211.44,22/08/2026
Uttar Pradesh,Ambedkarnagar,Tanda Akbarpur APMC,Rice,Common,FAQ,2400,2400,2400,22/08/2026
Uttar Pradesh,Ghaziabad,Muradnagar APMC,Rice,Other,FAQ,2460,2460,2460,22/08/2026
Uttar Pradesh,Lucknow,Lucknow APMC,Rice,White Parboiled,FAQ,3050,3050,3050,22/08/2026
Uttar Pradesh,Raebarelli,Lalganj APMC,Rice,Common,FAQ,2500,2500,2500,22/08/2026
Uttar Pradesh,Mahoba,Charkhari APMC,Rice,Common,FAQ,2500,2500,2500,22/08/2026
Uttar Pradesh,Lucknow,Banthara APMC,Rice,Common,FAQ,2300,9729.23,2598.99,22/08/2026
Uttar Pradesh,Raebarelli,Bachranwa APMC,Rice,Common,FAQ,2500,2750,2720.81,22/08/2026
Uttar Pradesh,Kanpur Dehat,Jhijhank APMC,Rice,Common,FAQ,2750,2750,2750,22/08/2026
Uttar Pradesh,Saharanpur,Saharanpur APMC,Rice,Other,FAQ,3011,3400,3234.86,22/08/2026
Uttar Pradesh,Basti,Basti APMC,Rice,Common,FAQ,2500,2600,2522.25,22/08/2026
Uttar Pradesh,Etawah,Bharthna APMC,Rice,Other,FAQ,2652,2652,2652,22/08/2026
Uttar Pradesh,Fatehpur,Bindki APMC,Rice,Common,FAQ,2510,2510,2510,22/08/2026
Uttar Pradesh,Deoria,Devariya APMC,Rice,Common,FAQ,2400,2600,2564.33,22/08/2026
Uttar Pradesh,Ayodhya,Rudauli APMC,Rice,Mataa Parboiled,FAQ,2500,2500,2500,22/08/2026
Uttar Pradesh,Unnao,Unnao APMC,Rice,Common,FAQ,2460,2460,2460,22/08/2026
Uttar Pradesh,Ghazipur,Yusufpur APMC,Rice,Other,FAQ,2500,2500,2500,22/08/2026
Uttar Pradesh,Ghazipur,Yusufpur APMC,Rice,Common,FAQ,2500,2500,2500,22/08/2026
Uttar Pradesh,Lucknow,Lucknow APMC,Rice,Other,FAQ,2600,2600,2600,22/08/2026
Uttar Pradesh,Lucknow,Lucknow APMC,Rice,Basmati Dawat,FAQ,4404.48,4785.24,4580.39,22/08/2026
Uttar Pradesh,Banda,Atarra APMC,Rice,Other,FAQ,2400,2400,2400,22/08/2026
Uttar Pradesh,Unnao,Purwa APMC,Rice,Common,FAQ,2300,2300,2300,22/08/2026
Uttar Pradesh,Agra,Agra APMC,Rice,Common,FAQ,3361,3361,3361,22/08/2026
Uttar Pradesh,Agra,Agra APMC,Rice,Other,FAQ,6121,8552,6344.11,22/08/2026
Uttar Pradesh,Maharajganj,Partaval APMC,Rice,Common,FAQ,2400,2400,2400,22/08/2026
Uttar Pradesh,Banda,Banda APMC,Rice,Other,FAQ,2400,2420,2408.85,22/08/2026
Uttar Pradesh,Ghaziabad,Noida APMC,Rice,Other,FAQ,5984.02,8710.22,6507.94,22/08/2026
Uttar Pradesh,Sitapur,Sitapur APMC,Rice,Common,FAQ,1800,2625,2051.26,22/08/2026
Uttar Pradesh,Varanasi,Varanasi APMC,Rice,Common,FAQ,9729.76,9729.76,9729.76,22/08/2026
Uttar Pradesh,Unnao,Bangarmau APMC,Rice,Common,FAQ,2300,2300,2300,22/08/2026
Uttar Pradesh,Barabanki,Barabanki APMC,Rice,Other,FAQ,5985,12558,7754.65,22/08/2026
Uttar Pradesh,Basti,Basti APMC,Rice,Other,FAQ,2500,2500,2500,22/08/2026
Uttar Pradesh,Raebarelli,Jayas APMC,Rice,Common,FAQ,2200,2200,2200,22/08/2026
Uttar Pradesh,Gonda,Nawabganj APMC,Rice,Common,FAQ,2400,2600,2505.71,22/08/2026
Uttar Pradesh,Barabanki,Safdarganj APMC,Rice,Common,FAQ,2750,2750,2750,22/08/2026
Uttar Pradesh,Siddharth Nagar,Sahiyapur APMC,Rice,Common,FAQ,2550,2550,2550,22/08/2026
Uttar Pradesh,Shamli,Shamli APMC,Rice,Other,FAQ,3830,3830,3830,22/08/2026
Uttar Pradesh,Maharajganj,Anandnagar APMC,Rice,Common,FAQ,2550,2550,2550,22/08/2026
Uttar Pradesh,Gorakhpur,Gorakhpur APMC,Rice,Common,FAQ,2700,10366.04,4543.73,22/08/2026
Uttar Pradesh,Lucknow,Lucknow APMC,Rice,Boiled Rice,FAQ,3648,3648,3648,22/08/2026
Uttar Pradesh,Lucknow,Lucknow APMC,Rice,Common,FAQ,4000.99,8754.37,7111.57,22/08/2026
Uttar Pradesh,Saharanpur,Gangoh APMC,Rice,Other,FAQ,3050,3050,3050,22/08/2026
Uttar Pradesh,Auraiya,Auraiya APMC,Rice,Common,FAQ,2700,2700,2700,22/08/2026
Uttar Pradesh,Ballia,Ballia APMC,Broken Rice,Broken Rice,FAQ,1000,1000,1000,22/08/2026
Uttar Pradesh,Siddharth Nagar,Sahiyapur APMC,Broken Rice,Broken Rice,FAQ,2050,2050,2050,22/08/2026
Uttar Pradesh,Prayagraj,Prayagraj APMC,Broken Rice,Broken Rice,FAQ,1850,1850,1850,22/08/2026
Uttar Pradesh,Maharajganj,Gadaura APMC,Broken Rice,Broken Rice,FAQ,1700,1700,1700,22/08/2026
Uttar Pradesh,Shahjahanpur,Shahjahanpur APMC,Broken Rice,Broken Rice,FAQ,1800,1800,1800,22/08/2026
Karnataka,Uttara Kannada,Mundgod APMC,Rice,Boiled Rice,Small,2450,2450,2450,22/08/2026
Karnataka,Bidar,Bidar APMC,Rice,CR 1009 (Coarse) Boiled,Small,4500,5500,5100,22/08/2026
Gujarat,Dahod,Dahod APMC,Rice,Lashkari,FAQ,5000,6500,5700,22/08/2026
Andhra Pradesh,Visakhapatnam,Visakhapatnam APMC,Rice,B P T,Grade Range-1,6150,6150,6150,22/08/2026
Andhra Pradesh,NTR,Tiruvuru APMC,Rice,Sona,Local,4900,4900,4900,22/08/2026
Andhra Pradesh,Palnadu,Narasaraopet APMC,Rice,B P T,FAQ,6000,6000,6000,22/08/2026
West Bengal,Bankura,Bishnupur(Bankura) APMC,Rice,Common,FAQ,3800,3900,3850,22/08/2026
West Bengal,Hooghly,Pandua APMC,Rice,Fine,FAQ,4375,4575,4425,22/08/2026
West Bengal,Coochbehar,Haldibari APMC,Rice,Common,FAQ,3900,4100,4000,22/08/2026
West Bengal,Hooghly,Kalipur APMC,Rice,Fine,FAQ,4660,4700,4680,22/08/2026
West Bengal,Coochbehar,Mathabhanga APMC,Rice,Common,FAQ,3900,4100,4000,22/08/2026
West Bengal,Medinipur(E),Tamluk (Medinipur E) APMC,Rice,Common,FAQ,3200,3400,3300,22/08/2026
West Bengal,Bankura,Indus(Bankura Sadar) APMC,Rice,Fine,FAQ,4500,4600,4550,22/08/2026
West Bengal,Bankura,Khatra APMC,Rice,Common,FAQ,3800,3900,3850,22/08/2026
West Bengal,Purba Bardhaman,Guskara APMC,Rice,Fine,FAQ,3800,3850,3850,22/08/2026
West Bengal,Paschim Bardhaman,Asansol APMC,Rice,Fine,FAQ,4685,4850,4765,22/08/2026
West Bengal,Coochbehar,Mekhliganj APMC,Rice,Common,FAQ,3900,4100,4000,22/08/2026
West Bengal,Medinipur(E),Tamluk (Medinipur E) APMC,Rice,Fine,FAQ,4200,4400,4300,22/08/2026
West Bengal,Medinipur(E),Kolaghat APMC,Rice,Common,FAQ,3200,3400,3300,22/08/2026
West Bengal,Paschim Bardhaman,Durgapur APMC,Rice,Fine,FAQ,4685,4850,4750,22/08/2026
West Bengal,Sounth 24 Parganas,Baruipur(Canning) APMC,Rice,Fine,FAQ,5000,5200,5100,22/08/2026
West Bengal,Bankura,Bankura Sadar APMC,Rice,Common,FAQ,3050,3150,3125,22/08/2026
West Bengal,Purba Bardhaman,Kalna APMC,Rice,Fine,FAQ,3850,3900,3900,22/08/2026
West Bengal,Purba Bardhaman,Kalna APMC,Rice,Other,FAQ,3100,3150,3150,22/08/2026
West Bengal,Coochbehar,Dinhata APMC,Rice,Common,FAQ,3900,4100,4000,22/08/2026
West Bengal,Hooghly,Kalipur APMC,Rice,Common,FAQ,3240,3260,3250,22/08/2026
West Bengal,Bankura,Bishnupur(Bankura) APMC,Rice,Fine,FAQ,4800,4900,4850,22/08/2026
West Bengal,Medinipur(E),Kolaghat APMC,Rice,Fine,FAQ,4200,4400,4300,22/08/2026
West Bengal,Darjeeling,Siliguri APMC,Rice,Fine(Basmati),FAQ,5100,5300,5200,22/08/2026
West Bengal,Purba Bardhaman,Guskara APMC,Rice,Common,FAQ,3100,3150,3150,22/08/2026
West Bengal,Coochbehar,Toofanganj APMC,Rice,Common,FAQ,3900,4100,4000,22/08/2026
West Bengal,Sounth 24 Parganas,Baruipur(Canning) APMC,Rice,Common,FAQ,3300,3500,3400,22/08/2026
West Bengal,Coochbehar,Baxirhat APMC,Rice,Common,FAQ,3900,4100,4000,22/08/2026
Uttarakhand,Udhamsinghnagar,Gadarpur APMC,Rice,Other,Local,3600,3600,3600,22/08/2026
Uttarakhand,Udhamsinghnagar,Bazpur APMC,Rice,Common,FAQ,3850,3850,3850,22/08/2026
Tamil Nadu,Erode,Alangeyam APMC,Maize,Other,Local,2751,2761,2756,22/08/2026
Madhya Pradesh,Chhindwara,Amarwda APMC,Maize,Local,FAQ,2324.08,2324.4,2324.4,22/08/2026
Madhya Pradesh,Khargone,Badwaha APMC,Maize,Local,FAQ,2550,2550,2550,22/08/2026
Madhya Pradesh,Indore,Indore APMC,Maize,Local,FAQ,2000,2000,2000,22/08/2026
Madhya Pradesh,Burhanpur,Burhanpur APMC,Maize,Local,FAQ,1825,1825,1825,22/08/2026
Madhya Pradesh,Khargone,Bhikangaon APMC,Maize,Local,FAQ,2101,2500,2370,22/08/2026
Madhya Pradesh,Rajgarh,Jeerapur APMC,Maize,Local,FAQ,2160,2160,2160,22/08/2026
Madhya Pradesh,Badwani,Badwani APMC,Maize,Local,FAQ,1500,1600,1600,22/08/2026
Madhya Pradesh,Badwani,Sendhwa APMC,Maize,Local,FAQ,1880,2000,2000,22/08/2026
Madhya Pradesh,Badwani,Khetia APMC,Maize,Yellow,FAQ,1690,1710,1710,22/08/2026
Madhya Pradesh,Sagar,Sagar APMC,Maize,Local,FAQ,1900,1900,1900,22/08/2026
Madhya Pradesh,Rajgarh,Khilchipur APMC,Maize,Local,FAQ,2137,2137,2137,22/08/2026
Madhya Pradesh,Jhabua,Thandla APMC,Maize,Local,FAQ,2200,2300,2300,22/08/2026
Madhya Pradesh,Khargone,Karhi APMC,Maize,Local,FAQ,2175,2350,2350,22/08/2026
Maharashtra,Chattrapati Sambhajinagar,Lasur Station APMC,Maize,Other,Non-FAQ,2325,2351,2340,22/08/2026
Maharashtra,Solapur,Kurdwadi APMC,Maize,Deshi Red,FAQ,2500,2500,2500,22/08/2026
Maharashtra,Jalgaon,Parola APMC,Maize,Yellow,Non-FAQ,2200,2200,2200,22/08/2026
Maharashtra,Jalgaon,APMC PACHORA,Maize,Other,Non-FAQ,2100,2325,2221,22/08/2026
Maharashtra,Nashik,Lasalgaon(Niphad) APMC,Maize,Deshi Red,Non-FAQ,2250,2250,2250,22/08/2026
Maharashtra,Satara,Vaduj APMC,Maize,Deshi Red,FAQ,2400,2420,2410,22/08/2026
Maharashtra,Buldhana,Nandura APMC,Maize,Other,Non-FAQ,2000,2330,2330,22/08/2026
Maharashtra,Buldhana,Malkapur APMC,Maize,Yellow,FAQ,2420,2430,2425,22/08/2026
Maharashtra,Jalgaon,Amalner APMC,Maize,Deshi Red,Non-FAQ,2250,2316,2316,22/08/2026
Maharashtra,Sangli,Sangli APMC,Maize,Other,FAQ,2400,2550,2475,22/08/2026
Maharashtra,Jalna,Jalana APMC,Maize,Deshi Red,Non-FAQ,2325,2350,2350,22/08/2026
Maharashtra,Akola,Akola APMC,Maize,Yellow,Non-FAQ,2275,2275,2275,22/08/2026
Maharashtra,Dhule,Dhule APMC,Maize,Yellow,Non-FAQ,2200,2200,2200,22/08/2026
Maharashtra,Buldhana,Lonar APMC,Maize,Yellow,Non-FAQ,2100,2250,2175,22/08/2026
Maharashtra,Nashik,Malegaon APMC,Maize,Yellow,Non-FAQ,1810,2398,2375,22/08/2026
Maharashtra,Amarawati,Amarawati APMC,Maize,Deshi Red,Non-FAQ,1700,1800,1750,22/08/2026
Maharashtra,Chattrapati Sambhajinagar,Vaijpur APMC,Maize,Yellow,Non-FAQ,1920,2330,2280,22/08/2026
Maharashtra,Buldhana,Malkapur APMC,Maize,Yellow,Non-FAQ,2100,2100,2100,22/08/2026
Maharashtra,Jalna,BHOKARDAN APMC,Maize,Yellow,Non-FAQ,2100,2250,2200,22/08/2026
Maharashtra,Mumbai,Mumbai APMC,Maize,Other,FAQ,2500,4000,3400,22/08/2026
Maharashtra,Jalna,Jalana APMC,Maize,Deshi Red,FAQ,2450,2450,2450,22/08/2026
Maharashtra,Buldhana,Khamgaon APMC,Maize,Deshi Red,Non-FAQ,2050,2310,2180,22/08/2026
Maharashtra,Beed,Majalgaon APMC,Maize,Other,Non-FAQ,2000,2000,2000,22/08/2026
Maharashtra,Pune,Pune APMC,Maize,Deshi Red,FAQ,2500,2800,2650,22/08/2026
Maharashtra,Solapur,Barshi APMC,Maize,Other,Non-FAQ,2350,2350,2350,22/08/2026
Maharashtra,Chattrapati Sambhajinagar,Gangapur APMC,Maize,Yellow,Non-FAQ,2000,2000,2000,22/08/2026
Maharashtra,Ahilyanagar,Ahilyanagar APMC,Maize,Other,FAQ,2500,2600,2550,22/08/2026
Uttar Pradesh,Aligarh,Atrauli APMC,Maize,Other,FAQ,1900,1900,1900,22/08/2026
Uttar Pradesh,Aligarh,Khair APMC,Maize,Other,FAQ,2200,2225,2205.91,22/08/2026
Uttar Pradesh,Unnao,Bangarmau APMC,Maize,Other,FAQ,1950,1950,1950,22/08/2026
Uttar Pradesh,Barabanki,Barabanki APMC,Maize,Other,FAQ,8768,8768,8768,22/08/2026
Uttar Pradesh,Badaun,Bilsi APMC,Maize,Other,FAQ,1900,2200,1989.99,22/08/2026
Uttar Pradesh,Aligarh,Charra APMC,Maize,Other,FAQ,1950,1950,1950,22/08/2026
Uttar Pradesh,Ghaziabad,Hapur APMC,Maize,Other,FAQ,2100,2100,2100,22/08/2026
Uttar Pradesh,Farukhabad,Mohamadabad APMC,Maize,Other,FAQ,1900,2250,1988.37,22/08/2026
Uttar Pradesh,Khiri (Lakhimpur),Mohammdi APMC,Maize,Other,FAQ,1900,1900,1900,22/08/2026
Uttar Pradesh,Auraiya,Dibiapur APMC,Maize,Other,FAQ,2100,2100,2100,22/08/2026
Uttar Pradesh,Etah,Aliganj APMC,Maize,Other,FAQ,1800,1900,1811.09,22/08/2026
Uttar Pradesh,Sambhal,Sambhal APMC,Maize,Other,FAQ,1600,2380,2110,22/08/2026
Uttar Pradesh,Sitapur,Sidhauli APMC,Maize,Other,FAQ,2000,2000,2000,22/08/2026
Uttar Pradesh,Bulandshahar,Jahangirabad APMC,Maize,Other,FAQ,1900,2400,2106.08,22/08/2026
Uttar Pradesh,Firozabad,Shikohabad APMC,Maize,Other,FAQ,2035,2168,2070.02,22/08/2026
Uttar Pradesh,Firozabad,Sirsaganj APMC,Maize,Other,FAQ,1950,2305,2171.91,22/08/2026
Uttar Pradesh,Badaun,Ujhani APMC,Maize,Other,FAQ,2100,2410,2271.25,22/08/2026
Uttar Pradesh,Badaun,Dataganj APMC,Maize,Other,FAQ,2250,2250,2250,22/08/2026
Uttar Pradesh,Shahjahanpur,Jalalabad APMC,Maize,Other,FAQ,2030,2030,2030,22/08/2026
Uttar Pradesh,Agra,Agra APMC,Maize,Other,FAQ,4367.03,4367.03,4367.03,22/08/2026
Uttar Pradesh,Auraiya,Auraiya APMC,Maize,Other,FAQ,2000,2000,2000,22/08/2026
Uttar Pradesh,Etah,Etah APMC,Maize,Other,FAQ,1800,1800,1800,22/08/2026
Uttar Pradesh,Lakhimpur,Golagokarnath APMC,Maize,Other,FAQ,1890,1905,1898.79,22/08/2026
Uttar Pradesh,Bahraich,Naanpara APMC,Maize,Other,FAQ,2250,2250,2250,22/08/2026
Uttar Pradesh,Varanasi,Varanasi APMC,Maize,Other,FAQ,8650,8650,8650,22/08/2026
Uttar Pradesh,Bulandshahar,Buland Shahr APMC,Maize,Other,FAQ,2000,2003,2000.64,22/08/2026
Uttar Pradesh,Hathras,Haathras APMC,Maize,Other,FAQ,2295,2360,2345.79,22/08/2026
Uttar Pradesh,Bulandshahar,Khurja APMC,Maize,Other,FAQ,2200,2200,2200,22/08/2026
Uttar Pradesh,Badaun,Shahaswan APMC,Maize,Other,FAQ,1900,2000,1926.19,22/08/2026
Uttar Pradesh,Bulandshahar,Sikarpur APMC,Maize,Other,FAQ,1950,1960,1951.33,22/08/2026
Uttar Pradesh,Hathras,Sikandraraau APMC,Maize,Other,FAQ,1810,1850,1837.81,22/08/2026
Uttar Pradesh,Kanpur,Uttaripura APMC,Maize,Other,FAQ,1900,2200,1952.79,22/08/2026
Uttar Pradesh,Sambhal,Bhehjoi APMC,Maize,Other,FAQ,2200,2300,2266.57,22/08/2026
Uttar Pradesh,Muzaffarnagar,Khatauli APMC,Maize,Other,FAQ,1605,1605,1605,22/08/2026
Uttar Pradesh,Bulandshahar,Anoop Shahar APMC,Maize,Other,FAQ,2000,2260,2226.05,22/08/2026
Uttar Pradesh,Badaun,Babrala APMC,Maize,Local,Local,2080,2100,2090,22/08/2026
Uttar Pradesh,Ghaziabad,Ghaziabad APMC,Maize,Other,FAQ,8691,8691,8691,22/08/2026
Uttar Pradesh,Shahjahanpur,Meeranpur Katra APMC,Maize,Other,FAQ,1710,1710,1710,22/08/2026
Uttar Pradesh,Etawah,Bharthna APMC,Maize,Other,FAQ,2000,2000,2000,22/08/2026
Uttar Pradesh,Gautam Budh Nagar,DADRI APMC,Maize,Other,FAQ,2000,2000,2000,22/08/2026
Uttar Pradesh,Sambhal,Chandausi APMC,Maize,Other,FAQ,1900,2240,2114.97,22/08/2026
Uttar Pradesh,Bulandshahar,Divai APMC,Maize,Other,FAQ,1900,2300,2041.16,22/08/2026
Uttar Pradesh,Sonbhadra,Dudhi APMC,Maize,Other,FAQ,700,700,700,22/08/2026
Uttar Pradesh,Hathras,Shadabad APMC,Maize,Other,FAQ,1800,1800,1800,22/08/2026
Uttar Pradesh,Sambhal,Bhehjoi APMC,Maize,Local,Local,1500,2200,1800,22/08/2026
Uttar Pradesh,Shahjahanpur,Powayan APMC,Maize,Other,FAQ,1800,2200,2023.23,22/08/2026
Uttar Pradesh,Bulandshahar,Gulavati APMC,Maize,Other,FAQ,2100,2200,2134,22/08/2026
Uttar Pradesh,Etawah,Jasvantnagar APMC,Maize,Other,FAQ,2000,2350,2103.26,22/08/2026
Uttar Pradesh,Badaun,Badayoun APMC,Maize,Other,FAQ,1900,1958,1926.42,22/08/2026
Uttar Pradesh,Mainpuri,Bewar APMC,Maize,Other,FAQ,1900,1900,1900,22/08/2026
Uttar Pradesh,Lucknow,Banthara APMC,Maize,Other,FAQ,8687.71,8687.71,8687.71,22/08/2026
Uttar Pradesh,Auraiya,Achalda APMC,Maize,Other,FAQ,2000,2000,2000,22/08/2026
Uttar Pradesh,Aligarh,Aligarh APMC,Maize,Other,FAQ,1900,2200,2078.19,22/08/2026
Uttar Pradesh,Farukhabad,Farukhabad APMC,Maize,Other,FAQ,2000,2100,2091.38,22/08/2026
Uttar Pradesh,Farukhabad,Kayamganj APMC,Maize,Other,FAQ,2000,2000,2000,22/08/2026
Uttar Pradesh,Kasganj,Kasganj APMC,Maize,Other,FAQ,1850,2300,2079.83,22/08/2026
Uttar Pradesh,Ghaziabad,Noida APMC,Maize,Other,FAQ,8738.69,8738.69,8738.69,22/08/2026
Uttar Pradesh,Bahraich,Bahraich APMC,Maize,Other,FAQ,2000,2000,2000,22/08/2026
Uttar Pradesh,Bareilly,Bareilly APMC,Maize,Other,FAQ,1800,1830,1809.94,22/08/2026
Uttar Pradesh,Kannuj,Chhibramau APMC,Maize,Other,FAQ,2100,2300,2114.4,22/08/2026
Uttar Pradesh,Amethi,Jafarganj APMC,Maize,Other,FAQ,2490,2640,2583.94,22/08/2026
Uttar Pradesh,Hardoi,Madhoganj APMC,Maize,Other,FAQ,2320,2320,2320,22/08/2026
Uttar Pradesh,Bulandshahar,Siyana APMC,Maize,Other,FAQ,2050,2100,2053.75,22/08/2026
Uttar Pradesh,Badaun,Bisoli APMC,Maize,Other,FAQ,2000,2170,2100.21,22/08/2026
Uttar Pradesh,Firozabad,Tundla APMC,Maize,Other,FAQ,2250,2250,2250,22/08/2026
Uttar Pradesh,Badaun,Wazirganj APMC,Maize,Other,FAQ,2000,2000,2000,22/08/2026
Uttar Pradesh,Kannuj,Kannauj APMC,Maize,Other,FAQ,2000,2200,2044.42,22/08/2026
Uttar Pradesh,Hardoi,Hardoi APMC,Maize,Other,FAQ,2000,2200,2197.59,22/08/2026
Uttar Pradesh,Mainpuri,Mainpuri APMC,Maize,Other,FAQ,1950,2200,2023.7,22/08/2026
Uttar Pradesh,Firozabad,Firozabad APMC,Maize,Other,FAQ,1800,1800,1800,22/08/2026
Uttar Pradesh,Badaun,Islam Nagar APMC,Maize,Other,FAQ,1950,1950,1950,22/08/2026
Uttar Pradesh,Gorakhpur,Sehjanwa APMC,Maize,Other,FAQ,2560,2560,2560,22/08/2026
Uttar Pradesh,Kasganj,Ganj Dundwara APMC,Maize,Other,FAQ,2200,2300,2249.15,22/08/2026
Uttar Pradesh,Sant Kabir Nagar,Khalilabad APMC,Maize,Other,FAQ,1900,1900,1900,22/08/2026
Uttar Pradesh,Farukhabad,Kamlaganj APMC,Maize,Other,FAQ,2000,2330,2192.8,22/08/2026
Rajasthan,Udaipur,Fatehnagar APMC,Maize,Hybrid,FAQ,2200,2200,2200,22/08/2026
Rajasthan,Bundi,Bundi APMC,Maize,Other,FAQ,2076,2172,2124,22/08/2026
Rajasthan,Baran,Baran APMC,Maize,Other,Local,2090,2400,2240,22/08/2026
Karnataka,Uttara Kannada,Mundgod APMC,Maize,Hybrid/Local,Non-FAQ,2500,2500,2500,22/08/2026
Gujarat,Sabarkantha,Modasa APMC,Maize,Hybrid Red (Cattle Feed),Non-FAQ,2375,2410,2410,22/08/2026
Gujarat,Panchmahals,Morva Hafad APMC,Maize,Deshi White,Local,2250,2400,2325,22/08/2026
Gujarat,Panchmahals,Godhra APMC,Maize,Deshi White,Local,2375,2415,2405,22/08/2026
Gujarat,Amreli,The Agricultural Produce Market Committee-Amreli,Maize,Other,FAQ,2425,2425,2425,22/08/2026
Gujarat,Narmada,Garudeshwal APMC,Maize,Deshi Red,Local,2360,2360,2360,22/08/2026
Gujarat,Dahod,Dahod APMC,Maize,White (SAFED),Local,2325,2550,2400,22/08/2026
Gujarat,Rajkot,Jasdan APMC,Maize,Hybrid/Local,FAQ,2625,2625,2625,22/08/2026
Gujarat,Sabarkantha,Modasa(Tintoi) APMC,Maize,Hybrid Red (Cattle Feed),Non-FAQ,2275,2315,2315,22/08/2026
Andhra Pradesh,Prakasam,Santhamaguluru APMC,Maize,Hybrid,FAQ,2400,2470,2450,22/08/2026
Andhra Pradesh,Nandyal,Nandikotkur APMC,Maize,Hybrid,FAQ,2200,2400,2300,22/08/2026
Andhra Pradesh,Vijayanagaram,Gajapathinagaram APMC,Maize,Local,Local,2400,2400,2400,22/08/2026
Andhra Pradesh,NTR,Tiruvuru APMC,Maize,Hybrid,Local,2400,2400,2400,22/08/2026
Andhra Pradesh,Sri Sathya Sai,Puttaparthi  APMC,Maize,Local,FAQ,2400,2500,2450,22/08/2026
Andhra Pradesh,Srikakulam,Ponduru APMC,Maize,Local,FAQ,2400,2400,2400,22/08/2026
Andhra Pradesh,Kurnool,Kurnool APMC,Maize,Local,FAQ,2011,2458,2458,22/08/2026
Andhra Pradesh,Sri Sathya Sai,Penukonda APMC,Maize,Hybrid/Local,FAQ,2450,2600,2500,22/08/2026
Andhra Pradesh,Nandyal,Nandyal APMC,Maize,Other,Local,2480,2480,2480,22/08/2026
Andhra Pradesh,YSR Kadapa,Simhadhripuram APMC,Maize,Hybrid/Local,FAQ,2200,2400,2300,22/08/2026
Andhra Pradesh,Vijayanagaram,Chipurupalli APMC,Maize,Local,FAQ,4800,4800,4800,22/08/2026
Andhra Pradesh,Parvathipuram Manyam,Kurupam APMC,Maize,Hybrid/Local,Local,2400,2400,2400,22/08/2026
Andhra Pradesh,Sri Sathya Sai,Gorantla  APMC,Maize,Hybrid/Local,FAQ,2100,2400,2200,22/08/2026
Andhra Pradesh,Bapatla,Parchur APMC,Maize,Local,FAQ,2200,2300,2200,22/08/2026
Andhra Pradesh,Vijayanagaram,Bobbili APMC,Maize,Local,FAQ,4800,4800,4800,22/08/2026
Andhra Pradesh,Srikakulam,Etcherla APMC,Maize,Deshi White,Local,2400,2400,2400,22/08/2026
Andhra Pradesh,Vijayanagaram,Merakamudidam APMC,Maize,Local,Local,1800,2000,1950,22/08/2026
Andhra Pradesh,NTR,Kanchekacherla APMC,Maize,Hybrid,FAQ,2400,2400,2400,22/08/2026
Andhra Pradesh,Guntur,Mangalagiri APMC,Maize,Fine,FAQ,2480,2480,2480,22/08/2026
Andhra Pradesh,Eluru,Polavaram APMC,Maize,Local,Local,2420,2420,2420,22/08/2026
Andhra Pradesh,Parvathipuram Manyam,Palakonda APMC,Maize,Medium,FAQ,1800,1800,1800,22/08/2026
Andhra Pradesh,Ananthapuramu,RAYADURG APMC,Maize,Local,Grade Range-1,2200,2700,2400,22/08/2026
Andhra Pradesh,Parvathipuram Manyam,Parvathipuram APMC,Maize,Hybrid/Local,Local,2400,2400,2400,22/08/2026
Andhra Pradesh,Vijayanagaram,Rajam APMC,Maize,Local,FAQ,4800,4800,4800,22/08/2026
Andhra Pradesh,Nandyal,Allagadda APMC,Maize,Local,FAQ,2000,2250,2100,22/08/2026
Andhra Pradesh,NTR,Nandigama APMC,Maize,Hybrid,Grade Range-1,2350,2350,2350,22/08/2026
Andhra Pradesh,Prakasam,Addanki APMC,Maize,Local,FAQ,2400,2430,2410,22/08/2026
Andhra Pradesh,Bapatla,Bapatla APMC,Maize,Local,Local,2200,2400,2300,22/08/2026
Andhra Pradesh,East Godavari,Gopalapuram APMC,Maize,Local,Local,2410,2410,2410,22/08/2026
Andhra Pradesh,NTR,Jaggayyapeta APMC,Maize,Local,Grade Range-1,2410,2410,2410,22/08/2026
Andhra Pradesh,Palnadu,Rompicherla APMC,Maize,Hybrid/Local,FAQ,2300,2400,2400,22/08/2026
Andhra Pradesh,East Godavari,Nidadavolu APMC,Maize,Local,Local,2410,2410,2410,22/08/2026
Andhra Pradesh,Bapatla,Kuchinapudi APMC,Maize,Local,Local,2800,3000,2900,22/08/2026
Andhra Pradesh,NTR,Mylavaram APMC,Maize,Hybrid,Local,2400,2400,2400,22/08/2026
Andhra Pradesh,Nandyal,Banaganapalli APMC,Maize,Local,FAQ,2000,2400,2200,22/08/2026
Andhra Pradesh,East Godavari,Rajanagaram APMC,Maize,Fine,Local,2405,2405,2405,22/08/2026
Andhra Pradesh,Srikakulam,Hiramandalam APMC,Maize,Medium,Local,2210,2210,2210,22/08/2026
Andhra Pradesh,Nandyal,Panyam APMC,Maize,Hybrid/Local,FAQ,2400,2400,2400,22/08/2026
Andhra Pradesh,Parvathipuram Manyam,Saluru APMC,Maize,Hybrid/Local,FAQ,2600,2600,2600,22/08/2026
Andhra Pradesh,Eluru,Nuzvid APMC,Maize,Local,FAQ,2500,2500,2500,22/08/2026
Andhra Pradesh,Vijayanagaram,Pusapatirega APMC,Maize,Local,FAQ,4800,4800,4800,22/08/2026
Andhra Pradesh,Krishna,Penamaluru (HQ-Kankipadu) APMC,Maize,Hybrid/Local,Local,2600,2600,2600,22/08/2026
Telangana,Bhadradri Kothagudem,Yellandu APMC,Maize,Local,Local,2200,2400,2300,22/08/2026
Telangana,Bhadradri Kothagudem,Kothagudem APMC,Maize,Local,FAQ,2400,2400,2400,22/08/2026
Telangana,Karimnagar,Husnabad APMC,Maize,Local,Local,2400,2400,2400,22/08/2026
Uttarakhand,Garhwal (Pauri),Kotadwara APMC,Maize,Other,FAQ,1400,1400,1400,22/08/2026
