state,district,market,commodity,variety,grade,min_price,max_price,modal_price,price_date
Tamil Nadu,The Nilgiris,Gudalur(Uzhavar Sandhai ) APMC,Onion,Bellary,Local,2500,2700,2600,09/04/2026
Tamil Nadu,Dharmapuri,Karimangalam(Uzhavar Sandhai),Onion,Bellary,Local,2300,2500,2400,09/04/2026
Tamil Nadu,Erode,Sampath Nagar(Uzhavar Sandhai ) APMC,Onion,Bellary,Local,2000,2500,2250,09/04/2026
Tamil Nadu,Erode,Sathiyamagalam(Uzhavar Sandhai ) APMC,Onion,Bellary,Local,2400,2800,2600,09/04/2026
Tamil Nadu,Namakkal,Tiruchengode APMC,Onion,Bellary,Local,2500,2800,2650,09/04/2026
Tamil Nadu,Ariyalur,Jeyankondam (Uzhavar Sandhai ) APMC,Onion,Bellary,Local,2400,2800,2600,09/04/2026
Tamil Nadu,Coimbatore,Sulur(Uzhavar Sandhai ) APMC,Onion,Bellary,Local,1800,2100,1950,09/04/2026
Tamil Nadu,Pudukkottai,Gandarvakottai(Uzhavar Sandhai ) APMC,Onion,Bellary,Local,2500,3000,2750,09/04/2026
Tamil Nadu,Cuddalore,Cuddalore(Uzhavar Sandhai ) APMC,Onion,Bellary,Local,2500,2500,2500,09/04/2026
Tamil Nadu,Dharmapuri,Palacode(Uzhavar Sandhai ) APMC,Onion,Bellary,Local,2200,2500,2350,09/04/2026
Tamil Nadu,Kancheepuram,Kancheepuram(Uzhavar Sandhai ) APMC,Onion,Bellary,Local,2000,2500,2250,09/04/2026
Tamil Nadu,Madurai,Anna nagar(Uzhavar Sandhai ) APMC,Onion,Bellary,Local,2000,2400,2200,09/04/2026
Tamil Nadu,Madurai,Chokkikulam(Uzhavar Sandhai ) APMC,Onion,Bellary,Local,2000,2600,2300,09/04/2026
Tamil Nadu,Nagapattinam,Nagapattinam(Uzhavar Sandhai ) APMC,Onion,Bellary,Local,2000,3500,2750,09/04/2026
Tamil Nadu,Namakkal,Kumarapalayam(Uzhavar Sandhai ) APMC,Onion,Bellary,Local,2500,3000,2750,09/04/2026
Tamil Nadu,Chengalpattu,Medavakkam(Uzhavar Sandhai ) APMC,Onion,Bellary,Local,2000,2500,2250,09/04/2026
Tamil Nadu,Thirupathur,Natrampalli(Uzhavar Sandhai ) APMC,Onion,Bellary,Local,2500,3000,2750,09/04/2026
Tamil Nadu,Kallakuruchi,Sankarapuram(Uzhavar Sandhai ) APMC,Onion,Bellary,Local,3000,3000,3000,09/04/2026
Tamil Nadu,Nagercoil (Kannyiakumari),Vadaseri APMC,Onion,Bellary,Local,2700,3000,2850,09/04/2026
Tamil Nadu,Pudukkottai,Karambakkudi(Uzhavar Sandhai ) APMC,Onion,Bellary,Local,2500,3000,2750,09/04/2026
Tamil Nadu,Ramanathapuram,Paramakudi(Uzhavar Sandhai ) APMC,Onion,Bellary,Local,2500,3000,2750,09/04/2026
Tamil Nadu,Salem,Hasthampatti(Uzhavar Sandhai ) APMC,Onion,Bellary,Local,2500,3000,2750,09/04/2026
Tamil Nadu,Salem,Jalagandapuram(Uzhavar Sandhai ) APMC,Onion,Bellary,Local,2600,3000,2800,09/04/2026
Tamil Nadu,Sivaganga,Tirupatthur(Uzhavar Sandhai ) APMC,Onion,Bellary,Local,2000,2500,2250,09/04/2026
Tamil Nadu,Thanjavur,Pattukottai(Uzhavar Sandhai ) APMC,Onion,Bellary,Local,2500,3200,2850,09/04/2026
Tamil Nadu,Theni,Devaram(Uzhavar Sandhai ) APMC,Onion,Bellary,Local,2500,2500,2500,09/04/2026
Tamil Nadu,Thiruvannamalai,Keelpennathur(Uzhavar Sandhai ) APMC,Onion,Bellary,Local,2500,3000,2750,09/04/2026
Tamil Nadu,Thiruchirappalli,KKNagar(Uzhavar Sandhai ) APMC,Onion,Bellary,Local,2800,2800,2800,09/04/2026
Tamil Nadu,Coimbatore,Singanallur(Uzhavar Sandhai ) APMC,Onion,Bellary,Local,1900,2100,2000,09/04/2026
Tamil Nadu,Coimbatore,Mettupalayam(Uzhavar Sandhai ) APMC,Onion,Bellary,Local,2000,2500,2250,09/04/2026
Tamil Nadu,Karur,Karur(Uzhavar Sandhai ) APMC,Onion,Bellary,Local,2500,3000,2750,09/04/2026
Tamil Nadu,Krishnagiri,Kaveripattinam(Uzhavar Sandhai ) APMC,Onion,Bellary,Local,2500,2500,2500,09/04/2026
Tamil Nadu,The Nilgiris,Coonoor(Uzhavar Sandhai ) APMC,Onion,Bellary,Local,2200,2600,2400,09/04/2026
Tamil Nadu,Vellore,Perampet(Uzhavar Sandhai),Onion,Bellary,Local,2500,2500,2500,09/04/2026
Tamil Nadu,Pudukkottai,Ponnamaravathi(Uzhavar Sandhai),Onion,Bellary,Local,2500,3000,2750,09/04/2026
Tamil Nadu,Vellore,Kahithapattarai(Uzhavar Sandhai ) APMC,Onion,Bellary,Local,2200,2200,2200,09/04/2026
Tamil Nadu,Virudhunagar,Aruppukottai(Uzhavar Sandhai ) APMC,Onion,Bellary,Local,2500,3000,2750,09/04/2026
Tamil Nadu,Virudhunagar,Rajapalayam(Uzhavar Sandhai ) APMC,Onion,Bellary,Local,2500,3000,2750,09/04/2026
Tamil Nadu,Chengalpattu,Madhuranthagam(Uzhavar Sandhai ) APMC,Onion,Bellary,Local,3000,3000,3000,09/04/2026
Tamil Nadu,Chengalpattu,Guduvancheri(Uzhavar Sandhai ) APMC,Onion,Bellary,Local,2000,2500,2250,09/04/2026
Tamil Nadu,Chengalpattu,Thirukalukundram(Uzhavar Sandhai ) APMC,Onion,Bellary,Local,2000,2500,2250,09/04/2026
Tamil Nadu,Thirupur,Tiruppur (North) (Uzhavar Sandhai ) APMC,Onion,Bellary,Local,2000,2500,2250,09/04/2026
Tamil Nadu,Tuticorin,Tuticorin(Uzhavar Sandhai ) APMC,Onion,Bellary,Local,2500,3000,2750,09/04/2026
Tamil Nadu,Coimbatore,Kurichi(Uzhavar Sandhai ) APMC,Onion,Bellary,Local,2000,2200,2100,09/04/2026
Tamil Nadu,Cuddalore,Vadalur(Uzhavar Sandhai ) APMC,Onion,Bellary,Local,2000,3000,2500,09/04/2026
Tamil Nadu,Dindigul,Dindigul(Uzhavar Sandhai ) APMC,Onion,Bellary,Local,2500,3000,2750,09/04/2026
Tamil Nadu,Dindigul,Palani(Uzhavar Sandhai ) APMC,Onion,Bellary,Local,2000,2500,2250,09/04/2026
Tamil Nadu,Erode,Perundurai(Uzhavar Sandhai ) APMC,Onion,Bellary,Local,2500,3000,2750,09/04/2026
Tamil Nadu,Kancheepuram,Kundrathur(Uzhavar Sandhai ) APMC,Onion,Bellary,Local,2500,2500,2500,09/04/2026
Tamil Nadu,Madurai,Palanganatham(Uzhavar Sandhai ) APMC,Onion,Bellary,Local,2000,2600,2300,09/04/2026
Tamil Nadu,Namakkal,Namakkal(Uzhavar Sandhai ) APMC,Onion,Bellary,Local,2000,2600,2300,09/04/2026
Tamil Nadu,The Nilgiris,Udhagamandalam(Uzhavar Sandhai ) APMC,Onion,Bellary,Local,2500,2700,2600,09/04/2026
Tamil Nadu,Salem,Elampillai(Uzhavar Sandhai ) APMC,Onion,Bellary,Local,2600,3000,2800,09/04/2026
Tamil Nadu,Salem,Edapadi (Uzhavar Sandhai ) APMC,Onion,Bellary,Local,2600,3000,2800,09/04/2026
Tamil Nadu,Sivaganga,Karaikudi(Uzhavar Sandhai ) APMC,Onion,Bellary,Local,2400,3000,2700,09/04/2026
Tamil Nadu,Thanjavur,Tirukattupalli(Uzhavar Sandhai ) APMC,Onion,Bellary,Local,2600,2600,2600,09/04/2026
Tamil Nadu,Thirunelveli,Melapalayam(Uzhavar Sandhai ) APMC,Onion,Bellary,Local,2000,2300,2150,09/04/2026
Tamil Nadu,Thiruvellore,Paruthipattu(Uzhavar Sandhai ) APMC,Onion,Bellary,Local,2000,2000,2000,09/04/2026
Tamil Nadu,Thiruvarur,Mannargudi I(Uzhavar Sandhai ) APMC,Onion,Bellary,Local,2600,3400,3000,09/04/2026
Tamil Nadu,Thiruvannamalai,Polur(Uzhavar Sandhai ) APMC,Onion,Bellary,Local,2000,2500,2250,09/04/2026
Tamil Nadu,Thiruvannamalai,Arani(Uzhavar Sandhai ) APMC,Onion,Bellary,Local,2000,2500,2250,09/04/2026
Tamil Nadu,Thiruchirappalli,Manapparai(Uzhavar Sandhai ) APMC,Onion,Bellary,Local,3000,3000,3000,09/04/2026
Tamil Nadu,Thiruchirappalli,Musiri(Uzhavar Sandhai ) APMC,Onion,Bellary,Local,2000,2800,2400,09/04/2026
Tamil Nadu,Thiruchirappalli,Thiruverumbur(Uzhavar Sandhai ) APMC,Onion,Bellary,Local,2600,2600,2600,09/04/2026
Tamil Nadu,Dharmapuri,Harur(Uzhavar Sandhai ) APMC,Onion,Bellary,Local,2000,2500,2250,09/04/2026
Tamil Nadu,Virudhunagar,Srivilliputhur(Uzhavar Sandhai ) APMC,Onion,Bellary,Local,2500,3000,2750,09/04/2026
Tamil Nadu,Thiruchirappalli,Thuraiyur APMC,Onion,Bellary,Local,2000,2500,2250,09/04/2026
Tamil Nadu,Coimbatore,Pollachi(Uzhavar Sandhai ) APMC,Onion,Bellary,Local,2000,2500,2250,09/04/2026
Tamil Nadu,Nagapattinam,Vedaranyam(Uzhavar Sandhai),Onion,Bellary,Local,2800,3000,2900,09/04/2026
Tamil Nadu,Salem,Thammampatti (Uzhavar Sandhai ) APMC,Onion,Bellary,Local,2500,3000,2750,09/04/2026
Tamil Nadu,Thanjavur,Peravurani(Uzhavar Sandhai),Onion,Bellary,Local,3000,4000,3500,09/04/2026
Tamil Nadu,Salem,Vazhapadi(Uzhavar Sandhai),Onion,Bellary,Local,2000,3000,2500,09/04/2026
Tamil Nadu,Thiruchirappalli,Manachanallur(Uzhavar Sandhai ) APMC,Onion,Bellary,Local,2800,2800,2800,09/04/2026
Tamil Nadu,Vellore,Gudiyatham(Uzhavar Sandhai ) APMC,Onion,Bellary,Local,2200,2200,2200,09/04/2026
Tamil Nadu,Virudhunagar,Virudhunagar(Uzhavar Sandhai ) APMC,Onion,Bellary,Local,2000,2500,2250,09/04/2026
Tamil Nadu,Virudhunagar,Sivakasi(Uzhavar Sandhai ) APMC,Onion,Bellary,Local,2000,2500,2250,09/04/2026
Tamil Nadu,Virudhunagar,Thalavaipuram(Uzhavar Sandhai ) APMC,Onion,Bellary,Local,2500,3000,2750,09/04/2026
Tamil Nadu,Nagercoil (Kannyiakumari),Myladi(Uzhavar Sandhai ) APMC,Onion,Bellary,Local,2500,3000,2750,09/04/2026
Tamil Nadu,Ranipet,Ranipettai(Uzhavar Sandhai ) APMC,Onion,Bellary,Local,1800,2000,1900,09/04/2026
Tamil Nadu,Thirupathur,Vaniyampadi(Uzhavar Sandhai ) APMC,Onion,Bellary,Local,2500,2500,2500,09/04/2026
Tamil Nadu,Cuddalore,Panruti(Uzhavar Sandhai ) APMC,Onion,Bellary,Local,2500,2500,2500,09/04/2026
Tamil Nadu,Dindigul,Chinnalapatti(Uzhavar Sandhai ) APMC,Onion,Bellary,Local,2500,3000,2750,09/04/2026
Tamil Nadu,Kancheepuram,Sunguvarchatram(Uzhavar Sandhai ) APMC,Onion,Bellary,Local,2500,3000,2750,09/04/2026
Tamil Nadu,Karur,Kulithalai(Uzhavar Sandhai ) APMC,Onion,Bellary,Local,3000,3200,3100,09/04/2026
Tamil Nadu,Krishnagiri,Hosur(Uzhavar Sandhai ) APMC,Onion,Bellary,Local,2000,2500,2250,09/04/2026
Tamil Nadu,Madurai,Thirumangalam(Uzhavar Sandhai ) APMC,Onion,Bellary,Local,2000,2600,2300,09/04/2026
Tamil Nadu,Madurai,Anaiyur(Uzhavar Sandhai ) APMC,Onion,Bellary,Local,2000,2600,2300,09/04/2026
Tamil Nadu,Namakkal,Mohanur(Uzhavar Sandhai ) APMC,Onion,Bellary,Local,2500,3000,2750,09/04/2026
Tamil Nadu,Pudukkottai,Viralimalai(Uzhavar Sandhai ) APMC,Onion,Bellary,Local,2500,3000,2750,09/04/2026
Tamil Nadu,Ramanathapuram,Ramanathapuram(Uzhavar Sandhai ) APMC,Onion,Bellary,Local,3000,3200,3100,09/04/2026
Tamil Nadu,Salem,Thathakapatti(Uzhavar Sandhai ) APMC,Onion,Bellary,Local,2500,3000,2750,09/04/2026
Tamil Nadu,Sivaganga,Devakottai (Uzhavar Sandhai ) APMC,Onion,Bellary,Local,2000,2500,2250,09/04/2026
Tamil Nadu,Theni,Kambam(Uzhavar Sandhai ) APMC,Onion,Bellary,Local,2000,2500,2250,09/04/2026
Tamil Nadu,Thiruvellore,Ambattur(Uzhavar Sandhai ) APMC,Onion,Bellary,Local,2000,2000,2000,09/04/2026
Tamil Nadu,Thiruvellore,Naravarikuppam(Uzhavar Sandhai ) APMC,Onion,Bellary,Local,2000,2000,2000,09/04/2026
Tamil Nadu,Thiruvellore,Perambakkam(Uzhavar Sandhai ) APMC,Onion,Bellary,Local,2500,2500,2500,09/04/2026
Tamil Nadu,Thiruvarur,Muthupettai(Uzhavar Sandhai ) APMC,Onion,Bellary,Local,3500,3500,3500,09/04/2026
Tamil Nadu,Thiruvarur,Mannargudi II(Uzhavar Sandhai ) APMC,Onion,Bellary,Local,2600,3400,3000,09/04/2026
Tamil Nadu,Tuticorin,Kovilpatti(Uzhavar Sandhai ) APMC,Onion,Bellary,Local,2500,3000,2750,09/04/2026
Tamil Nadu,Thiruvannamalai,Tiruvannamalai(Uzhavar Sandhai ) APMC,Onion,Bellary,Local,2000,2500,2250,09/04/2026
Tamil Nadu,Thiruvannamalai,Chengam(Uzhavar Sandhai ) APMC,Onion,Bellary,Local,1600,2000,1800,09/04/2026
Tamil Nadu,Salem,Athur(Uzhavar Sandhai ) APMC,Onion,Bellary,Local,2500,3000,2750,09/04/2026
Tamil Nadu,Vellore,Thirupathur APMC,Onion,Bellary,Local,2400,2400,2400,09/04/2026
Tamil Nadu,Theni,Andipatti(Uzhavar Sandhai ) APMC,Onion,Bellary,Local,2200,2500,2350,09/04/2026
Tamil Nadu,Thiruvarur,Tiruvarur(Uzhavar Sandhai ) APMC,Onion,Bellary,Local,3600,3600,3600,09/04/2026
Tamil Nadu,Coimbatore,Udumalpet APMC,Onion,Bellary,Local,2500,3000,2750,09/04/2026
Tamil Nadu,Vellore,Pallikonda(Uzhavar Sandhai),Onion,Bellary,Local,2200,2200,2200,09/04/2026
Tamil Nadu,Thiruvannamalai,Cheyyar(Uzhavar Sandhai ) APMC,Onion,Bellary,Local,2000,2500,2250,09/04/2026
Tamil Nadu,Thanjavur,Papanasam(Uzhavar Sandhai ) APMC,Onion,Bellary,Local,2700,3000,2850,09/04/2026
Tamil Nadu,Dindigul,Vedasanthur(Uzhavar Sandhai ) APMC,Onion,Bellary,Local,2000,2500,2250,09/04/2026
Tamil Nadu,Coimbatore,Sundarapuram(Uzhavar Sandhai ) APMC,Onion,Bellary,Local,2000,2300,2150,09/04/2026
Tamil Nadu,Erode,Gobichettipalayam(Uzhavar Sandhai ) APMC,Onion,Bellary,Local,2000,2400,2200,09/04/2026
Tamil Nadu,Coimbatore,RSPuram(Uzhavar Sandhai ) APMC,Onion,Bellary,Local,1800,2000,1900,09/04/2026
Tamil Nadu,Villupuram,Villupuram(Uzhavar Sandhai ) APMC,Onion,Bellary,Local,3000,3000,3000,09/04/2026
Tamil Nadu,Chengalpattu,Pallavaram(Uzhavar Sandhai ) APMC,Onion,Bellary,Local,2000,2500,2250,09/04/2026
Tamil Nadu,Chengalpattu,Nanganallur(Uzhavar Sandhai ) APMC,Onion,Bellary,Local,2500,3000,2750,09/04/2026
Tamil Nadu,Chengalpattu,Jameenrayapettai(Uzhavar Sandhai ) APMC,Onion,Bellary,Local,2000,2500,2250,09/04/2026
Tamil Nadu,Ranipet,Arcot(Uzhavar Sandhai ) APMC,Onion,Bellary,Local,2000,2000,2000,09/04/2026
Tamil Nadu,Thirupur,Kangayam(Uzhavar Sandhai ) APMC,Onion,Bellary,Local,2700,3000,2850,09/04/2026
Tamil Nadu,Tenkasi,Tenkasi(Uzhavar Sandhai ) APMC,Onion,Bellary,Local,2000,2500,2250,09/04/2026
Tamil Nadu,Sivaganga,Sivagangai (Uzhavar Sandhai ) APMC,Onion,Bellary,Local,2200,2800,2500,09/04/2026
Tamil Nadu,Sivaganga,Singampunari(Uzhavar Sandhai ) APMC,Onion,Bellary,Local,2000,2800,2400,09/04/2026
Tamil Nadu,Thanjavur,Thanjavur(Uzhavar Sandhai ) APMC,Onion,Bellary,Local,2600,2600,2600,09/04/2026
Tamil Nadu,Theni,Bodinayakanur(Uzhavar Sandhai ) APMC,Onion,Bellary,Local,2500,2500,2500,09/04/2026
Tamil Nadu,Theni,Chinnamanur(Uzhavar Sandhai ) APMC,Onion,Bellary,Local,2500,2500,2500,09/04/2026
Tamil Nadu,Thirunelveli,Palayamkottai(Uzhavar Sandhai ) APMC,Onion,Bellary,Local,1800,2300,2050,09/04/2026
Tamil Nadu,Thirunelveli,NGO Colony(Uzhavar Sandhai ) APMC,Onion,Bellary,Local,2000,2300,2150,09/04/2026
Tamil Nadu,Thiruvellore,Tiruthani(Uzhavar Sandhai ) APMC,Onion,Bellary,Local,2000,2000,2000,09/04/2026
Tamil Nadu,Thiruvellore,Tiruvallur(Uzhavar Sandhai ) APMC,Onion,Bellary,Local,2500,2500,2500,09/04/2026
Tamil Nadu,Cuddalore,Chidambaram(Uzhavar Sandhai ) APMC,Onion,Bellary,Local,2500,2500,2500,09/04/2026
Tamil Nadu,Dharmapuri,Dharmapuri(Uzhavar Sandhai ) APMC,Onion,Bellary,Local,2400,2500,2450,09/04/2026
Tamil Nadu,Dharmapuri,AJattihalli(Uzhavar Sandhai ) APMC,Onion,Bellary,Local,2000,2500,2250,09/04/2026
Tamil Nadu,Erode,Thalavadi(Uzhavar Sandhai ) APMC,Onion,Bellary,Local,2400,2800,2600,09/04/2026
Tamil Nadu,Kancheepuram,Padappai(Uzhavar Sandhai ) APMC,Onion,Bellary,Local,2000,2500,2250,09/04/2026
Tamil Nadu,Madurai,Usilampatti(Uzhavar Sandhai ) APMC,Onion,Bellary,Local,2000,2600,2300,09/04/2026
Tamil Nadu,Namakkal,Rasipuram(Uzhavar Sandhai ) APMC,Onion,Bellary,Local,2800,3000,2900,09/04/2026
Tamil Nadu,Perambalur,Perambalur(Uzhavar Sandhai ) APMC,Onion,Bellary,Local,2500,2700,2600,09/04/2026
Tamil Nadu,Pudukkottai,Alangudi(Uzhavar Sandhai ) APMC,Onion,Bellary,Local,2500,3000,2750,09/04/2026
Tamil Nadu,Nagapattinam,Mayiladuthurai(Uzhavar Sandhai ) APMC,Onion,Bellary,Local,2000,2500,2250,09/04/2026
Tamil Nadu,Namakkal,Paramathivelur(Uzhavar Sandhai ) APMC,Onion,Bellary,Local,2400,2800,2600,09/04/2026
Tamil Nadu,Vellore,Katpadi (Uzhavar Sandhai ) APMC,Onion,Bellary,Local,2500,2500,2500,09/04/2026
Tamil Nadu,Thanjavur,Kumbakonam (Uzhavar Sandhai ) APMC,Onion,Bellary,Local,2400,3000,2700,09/04/2026
Tamil Nadu,Villupuram,Tindivanam APMC,Onion,Bellary,Local,2000,2500,2250,09/04/2026
Tamil Nadu,Villupuram,Ulundurpettai APMC,Onion,Bellary,Local,3000,3000,3000,09/04/2026
Tamil Nadu,Salem,Mecheri(Uzhavar Sandhai),Onion,Bellary,Local,2500,3000,2750,09/04/2026
Tamil Nadu,Karur,Gandhigramam(Uzhavar Sandhai),Onion,Bellary,Local,2500,3000,2750,09/04/2026
Tamil Nadu,Vellore,Vellore APMC,Onion,Bellary,Local,2000,2200,2100,09/04/2026
Tamil Nadu,Salem,Ammapet(Uzhavar Sandhai ) APMC,Onion,Bellary,Local,2800,3000,2900,09/04/2026
Tamil Nadu,Theni,Periyakulam(Uzhavar Sandhai ) APMC,Onion,Bellary,Local,2300,2500,2400,09/04/2026
Tamil Nadu,Ariyalur,Ariyalur(Uzhavar Sandhai) APMC,Onion,Bellary,Local,2000,2500,2250,09/04/2026
Tamil Nadu,Coimbatore,Vadavalli(Uzhavar Sandhai ) APMC,Onion,Bellary,Local,2000,2200,2100,09/04/2026
Tamil Nadu,Cuddalore,Viruthachalam(Uzhavar Sandhai ) APMC,Onion,Bellary,Local,2500,2500,2500,09/04/2026
Tamil Nadu,Dharmapuri,Pennagaram(Uzhavar Sandhai ) APMC,Onion,Bellary,Local,2800,3000,2900,09/04/2026
Tamil Nadu,Krishnagiri,Krishnagiri(Uzhavar Sandhai ) APMC,Onion,Bellary,Local,1500,2000,1750,09/04/2026
Tamil Nadu,Krishnagiri,Denkanikottai(Uzhavar Sandhai ) APMC,Onion,Bellary,Local,2000,2500,2250,09/04/2026
Tamil Nadu,Krishnagiri,Avallapalli(Uzhavar Sandhai ) APMC,Onion,Bellary,Local,2000,2500,2250,09/04/2026
Tamil Nadu,Madurai,Melur(Uzhavar Sandhai ) APMC,Onion,Bellary,Local,2000,2600,2300,09/04/2026
Tamil Nadu,Nagapattinam,Sirkali(Uzhavar Sandhai ) APMC,Onion,Bellary,Local,2500,3000,2750,09/04/2026
Tamil Nadu,Pudukkottai,Pudukottai(Uzhavar Sandhai ) APMC,Onion,Bellary,Local,2500,3000,2750,09/04/2026
Tamil Nadu,Pudukkottai,Aranthangi(Uzhavar Sandhai ) APMC,Onion,Bellary,Local,2500,3000,2750,09/04/2026
Tamil Nadu,Villupuram,Gingee(Uzhavar Sandhai ) APMC,Onion,Bellary,Local,2000,2500,2250,09/04/2026
Tamil Nadu,Virudhunagar,Sathur(Uzhavar Sandhai ) APMC,Onion,Bellary,Local,2500,3000,2750,09/04/2026
Tamil Nadu,Virudhunagar,Kariyapatti(Uzhavar Sandhai ) APMC,Onion,Bellary,Local,2500,3000,2750,09/04/2026
Tamil Nadu,Thirupur,Tiruppur (South) (Uzhavar Sandhai ) APMC,Onion,Bellary,Local,1800,2000,1900,09/04/2026
Tamil Nadu,Thirupur,Dharapuram(Uzhavar Sandhai ) APMC,Onion,Bellary,Local,2500,2800,2650,09/04/2026
Tamil Nadu,Tenkasi,Sankarankoil(Uzhavar Sandhai ) APMC,Onion,Bellary,Local,3000,3000,3000,09/04/2026
Tamil Nadu,Kallakuruchi,Kallakurichi(Uzhavar Sandhai ) APMC,Onion,Bellary,Local,3000,3000,3000,09/04/2026
Tamil Nadu,Salem,Sooramangalam(Uzhavar Sandhai ) APMC,Onion,Bellary,Local,2600,3000,2800,09/04/2026
Tamil Nadu,Salem,Mettur(Uzhavar Sandhai ) APMC,Onion,Bellary,Local,2500,3000,2750,09/04/2026
Tamil Nadu,Salem,Attayampatti(Uzhavar Sandhai ) APMC,Onion,Bellary,Local,3000,3000,3000,09/04/2026
Tamil Nadu,Theni,Theni(Uzhavar Sandhai ) APMC,Onion,Bellary,Local,2500,2500,2500,09/04/2026
Tamil Nadu,Thiruvarur,Needamangalam(Uzhavar Sandhai ) APMC,Onion,Bellary,Local,3400,3400,3400,09/04/2026
Tamil Nadu,Thiruvannamalai,Vandavasi(Uzhavar Sandhai ) APMC,Onion,Bellary,Local,2000,2500,2250,09/04/2026
Tamil Nadu,Thiruchirappalli,Lalgudi(Uzhavar Sandhai ) APMC,Onion,Bellary,Local,2000,2800,2400,09/04/2026
Tamil Nadu,Karur,Gandhigramam(Uzhavar Sandhai),Onion Green,Onion Green,Local,3500,4000,3750,09/04/2026
Tamil Nadu,Thiruvarur,Valangaiman APMC,Onion Green,Onion Green,Local,4200,4200,4200,09/04/2026
Tamil Nadu,Thiruchirappalli,Thuraiyur APMC,Onion Green,Onion Green,Local,2500,3500,3000,09/04/2026
Tamil Nadu,Nagapattinam,Mayiladuthurai(Uzhavar Sandhai ) APMC,Onion Green,Onion Green,Local,3500,4000,3750,09/04/2026
Tamil Nadu,Cuddalore,Vadalur(Uzhavar Sandhai ) APMC,Onion Green,Onion Green,Local,3000,3500,3250,09/04/2026
Tamil Nadu,Erode,Thalavadi(Uzhavar Sandhai ) APMC,Onion Green,Onion Green,Local,2600,3000,2800,09/04/2026
Tamil Nadu,Kancheepuram,Sunguvarchatram(Uzhavar Sandhai ) APMC,Onion Green,Onion Green,Local,4500,5000,4750,09/04/2026
Tamil Nadu,Krishnagiri,Krishnagiri(Uzhavar Sandhai ) APMC,Onion Green,Onion Green,Local,3000,3500,3250,09/04/2026
Tamil Nadu,Madurai,Palanganatham(Uzhavar Sandhai ) APMC,Onion Green,Onion Green,Local,4000,4400,4200,09/04/2026
Tamil Nadu,Madurai,Melur(Uzhavar Sandhai ) APMC,Onion Green,Onion Green,Local,3800,4400,4100,09/04/2026
Tamil Nadu,Madurai,Anaiyur(Uzhavar Sandhai ) APMC,Onion Green,Onion Green,Local,4000,4400,4200,09/04/2026
Tamil Nadu,Nagapattinam,Nagapattinam(Uzhavar Sandhai ) APMC,Onion Green,Onion Green,Local,4000,5000,4500,09/04/2026
Tamil Nadu,Namakkal,Rasipuram(Uzhavar Sandhai ) APMC,Onion Green,Onion Green,Local,2000,3500,2750,09/04/2026
Tamil Nadu,The Nilgiris,Udhagamandalam(Uzhavar Sandhai ) APMC,Onion Green,Onion Green,Local,3500,3800,3650,09/04/2026
Tamil Nadu,Pudukkottai,Aranthangi(Uzhavar Sandhai ) APMC,Onion Green,Onion Green,Local,4000,4500,4250,09/04/2026
Tamil Nadu,Virudhunagar,Aruppukottai(Uzhavar Sandhai ) APMC,Onion Green,Onion Green,Local,4000,4500,4250,09/04/2026
Tamil Nadu,Chengalpattu,Medavakkam(Uzhavar Sandhai ) APMC,Onion Green,Onion Green,Local,4000,5000,4500,09/04/2026
Tamil Nadu,Ranipet,Arcot(Uzhavar Sandhai ) APMC,Onion Green,Onion Green,Local,4000,4000,4000,09/04/2026
Tamil Nadu,Thirupur,Kangayam(Uzhavar Sandhai ) APMC,Onion Green,Onion Green,Local,3000,3300,3150,09/04/2026
Tamil Nadu,Tenkasi,Tenkasi(Uzhavar Sandhai ) APMC,Onion Green,Onion Green,Local,3500,4000,3750,09/04/2026
Tamil Nadu,Sivaganga,Devakottai (Uzhavar Sandhai ) APMC,Onion Green,Onion Green,Local,3500,4400,3950,09/04/2026
Tamil Nadu,Thirunelveli,Melapalayam(Uzhavar Sandhai ) APMC,Onion Green,Onion Green,Local,4000,4600,4300,09/04/2026
Tamil Nadu,Thirunelveli,Ambasamudram(Uzhavar Sandhai ) APMC,Onion Green,Onion Green,Local,4400,4600,4500,09/04/2026
Tamil Nadu,Thiruvannamalai,Arani(Uzhavar Sandhai ) APMC,Onion Green,Onion Green,Local,4200,5000,4600,09/04/2026
Tamil Nadu,Thiruvannamalai,Chengam(Uzhavar Sandhai ) APMC,Onion Green,Onion Green,Local,3000,3600,3300,09/04/2026
Tamil Nadu,Thiruchirappalli,Manapparai(Uzhavar Sandhai ) APMC,Onion Green,Onion Green,Local,4600,4600,4600,09/04/2026
Tamil Nadu,Thiruchirappalli,Musiri(Uzhavar Sandhai ) APMC,Onion Green,Onion Green,Local,3500,4000,3750,09/04/2026
Tamil Nadu,Coimbatore,RSPuram(Uzhavar Sandhai ) APMC,Onion Green,Onion Green,Local,2800,3300,3050,09/04/2026
Tamil Nadu,Coimbatore,Mettupalayam(Uzhavar Sandhai ) APMC,Onion Green,Onion Green,Local,3000,3400,3200,09/04/2026
Tamil Nadu,Dharmapuri,Harur(Uzhavar Sandhai ) APMC,Onion Green,Onion Green,Local,2500,3000,2750,09/04/2026
Tamil Nadu,Namakkal,Paramathivelur(Uzhavar Sandhai ) APMC,Onion Green,Onion Green,Local,2800,3200,3000,09/04/2026
Tamil Nadu,Villupuram,Tindivanam APMC,Onion Green,Onion Green,Local,4000,4000,4000,09/04/2026
Tamil Nadu,Salem,Mecheri(Uzhavar Sandhai),Onion Green,Onion Green,Local,2500,3000,2750,09/04/2026
Tamil Nadu,Pudukkottai,Ponnamaravathi(Uzhavar Sandhai),Onion Green,Onion Green,Local,4500,5000,4750,09/04/2026
Tamil Nadu,Thiruvannamalai,Cheyyar(Uzhavar Sandhai ) APMC,Onion Green,Onion Green,Local,4000,5000,4500,09/04/2026
Tamil Nadu,Virudhunagar,Virudhunagar(Uzhavar Sandhai ) APMC,Onion Green,Onion Green,Local,3500,4000,3750,09/04/2026
Tamil Nadu,Virudhunagar,Sathur(Uzhavar Sandhai ) APMC,Onion Green,Onion Green,Local,3500,4000,3750,09/04/2026
Tamil Nadu,Virudhunagar,Kariyapatti(Uzhavar Sandhai ) APMC,Onion Green,Onion Green,Local,4000,4500,4250,09/04/2026
Tamil Nadu,Chengalpattu,Guduvancheri(Uzhavar Sandhai ) APMC,Onion Green,Onion Green,Local,4000,5000,4500,09/04/2026
Tamil Nadu,Thirupur,Palladam(Uzhavar Sandhai ) APMC,Onion Green,Onion Green,Local,2500,3000,2750,09/04/2026
Tamil Nadu,Thirupur,Tiruppur (South) (Uzhavar Sandhai ) APMC,Onion Green,Onion Green,Local,2500,3000,2750,09/04/2026
Tamil Nadu,Thirupathur,Vaniyampadi(Uzhavar Sandhai ) APMC,Onion Green,Onion Green,Local,4000,4000,4000,09/04/2026
Tamil Nadu,Kallakuruchi,Kallakurichi(Uzhavar Sandhai ) APMC,Onion Green,Onion Green,Local,2500,2500,2500,09/04/2026
Tamil Nadu,Cuddalore,Chidambaram(Uzhavar Sandhai ) APMC,Onion Green,Onion Green,Local,4000,4000,4000,09/04/2026
Tamil Nadu,Dindigul,Dindigul(Uzhavar Sandhai ) APMC,Onion Green,Onion Green,Local,3000,3600,3300,09/04/2026
Tamil Nadu,Dindigul,Chinnalapatti(Uzhavar Sandhai ) APMC,Onion Green,Onion Green,Local,3000,3600,3300,09/04/2026
Tamil Nadu,Kancheepuram,Padappai(Uzhavar Sandhai ) APMC,Onion Green,Onion Green,Local,4000,4500,4250,09/04/2026
Tamil Nadu,Kancheepuram,Kundrathur(Uzhavar Sandhai ) APMC,Onion Green,Onion Green,Local,4500,4500,4500,09/04/2026
Tamil Nadu,Karur,Vengamedu(Uzhavar Sandhai ) APMC,Onion Green,Onion Green,Local,3500,4000,3750,09/04/2026
Tamil Nadu,Namakkal,Namakkal(Uzhavar Sandhai ) APMC,Onion Green,Onion Green,Local,2000,3000,2500,09/04/2026
Tamil Nadu,Namakkal,Kumarapalayam(Uzhavar Sandhai ) APMC,Onion Green,Onion Green,Local,3000,3500,3250,09/04/2026
Tamil Nadu,Perambalur,Perambalur(Uzhavar Sandhai ) APMC,Onion Green,Onion Green,Local,2000,3500,2750,09/04/2026
Tamil Nadu,Salem,Attayampatti(Uzhavar Sandhai ) APMC,Onion Green,Onion Green,Local,3000,3600,3300,09/04/2026
Tamil Nadu,Thirunelveli,Kandiyaperi(Uzhavar Sandhai ) APMC,Onion Green,Onion Green,Local,3800,4600,4200,09/04/2026
Tamil Nadu,Tuticorin,Kovilpatti(Uzhavar Sandhai ) APMC,Onion Green,Onion Green,Local,4500,5000,4750,09/04/2026
Tamil Nadu,Thiruvannamalai,Tiruvannamalai(Uzhavar Sandhai ) APMC,Onion Green,Onion Green,Local,4000,5000,4500,09/04/2026
Tamil Nadu,Vellore,Vellore APMC,Onion Green,Onion Green,Local,4000,4400,4200,09/04/2026
Tamil Nadu,Salem,Athur(Uzhavar Sandhai ) APMC,Onion Green,Onion Green,Local,2500,3300,2900,09/04/2026
Tamil Nadu,Theni,Periyakulam(Uzhavar Sandhai ) APMC,Onion Green,Onion Green,Local,3000,4000,3500,09/04/2026
Tamil Nadu,Virudhunagar,Srivilliputhur(Uzhavar Sandhai ) APMC,Onion Green,Onion Green,Local,3500,4000,3750,09/04/2026
Tamil Nadu,Erode,Sampath Nagar(Uzhavar Sandhai ) APMC,Onion Green,Onion Green,Local,2500,3200,2850,09/04/2026
Tamil Nadu,Ariyalur,Jeyankondam (Uzhavar Sandhai ) APMC,Onion Green,Onion Green,Local,3200,3600,3400,09/04/2026
Tamil Nadu,Thanjavur,Papanasam(Uzhavar Sandhai ) APMC,Onion Green,Onion Green,Local,3000,4200,3600,09/04/2026
Tamil Nadu,Coimbatore,Sundarapuram(Uzhavar Sandhai ) APMC,Onion Green,Onion Green,Local,3000,3400,3200,09/04/2026
Tamil Nadu,Nagapattinam,Vedaranyam(Uzhavar Sandhai),Onion Green,Onion Green,Local,3500,4000,3750,09/04/2026
Tamil Nadu,Thiruvarur,Tiruvarur(Uzhavar Sandhai ) APMC,Onion Green,Onion Green,Local,4000,4000,4000,09/04/2026
Tamil Nadu,Coimbatore,Udumalpet APMC,Onion Green,Onion Green,Local,4000,4800,4400,09/04/2026
Tamil Nadu,Dharmapuri,Karimangalam(Uzhavar Sandhai),Onion Green,Onion Green,Local,3000,3200,3100,09/04/2026
Tamil Nadu,Vellore,Perampet(Uzhavar Sandhai),Onion Green,Onion Green,Local,4600,4600,4600,09/04/2026
Tamil Nadu,Thiruchirappalli,Manachanallur(Uzhavar Sandhai ) APMC,Onion Green,Onion Green,Local,3600,3600,3600,09/04/2026
Tamil Nadu,Villupuram,Villupuram(Uzhavar Sandhai ) APMC,Onion Green,Onion Green,Local,4000,4000,4000,09/04/2026
Tamil Nadu,Virudhunagar,Rajapalayam(Uzhavar Sandhai ) APMC,Onion Green,Onion Green,Local,4500,5000,4750,09/04/2026
Tamil Nadu,Chengalpattu,Nanganallur(Uzhavar Sandhai ) APMC,Onion Green,Onion Green,Local,4500,5500,5000,09/04/2026
Tamil Nadu,Tenkasi,Sankarankoil(Uzhavar Sandhai ) APMC,Onion Green,Onion Green,Local,3500,3500,3500,09/04/2026
Tamil Nadu,Tuticorin,Tuticorin(Uzhavar Sandhai ) APMC,Onion Green,Onion Green,Local,3000,4000,3500,09/04/2026
Tamil Nadu,Dharmapuri,Pennagaram(Uzhavar Sandhai ) APMC,Onion Green,Onion Green,Local,3300,3500,3400,09/04/2026
Tamil Nadu,Dindigul,Palani(Uzhavar Sandhai ) APMC,Onion Green,Onion Green,Local,2000,3500,2750,09/04/2026
Tamil Nadu,Erode,Periyar Nagar(Uzhavar Sandhai ) APMC,Onion Green,Onion Green,Local,2600,3200,2900,09/04/2026
Tamil Nadu,Madurai,Anna nagar(Uzhavar Sandhai ) APMC,Onion Green,Onion Green,Local,4000,4400,4200,09/04/2026
Tamil Nadu,Namakkal,Mohanur(Uzhavar Sandhai ) APMC,Onion Green,Onion Green,Local,3000,3600,3300,09/04/2026
Tamil Nadu,Ramanathapuram,Paramakudi(Uzhavar Sandhai ) APMC,Onion Green,Onion Green,Local,4000,4500,4250,09/04/2026
Tamil Nadu,Salem,Sooramangalam(Uzhavar Sandhai ) APMC,Onion Green,Onion Green,Local,2500,3000,2750,09/04/2026
Tamil Nadu,Salem,Thathakapatti(Uzhavar Sandhai ) APMC,Onion Green,Onion Green,Local,4000,5000,4500,09/04/2026
Tamil Nadu,Salem,Hasthampatti(Uzhavar Sandhai ) APMC,Onion Green,Onion Green,Local,3400,3600,3500,09/04/2026
Tamil Nadu,Salem,Elampillai(Uzhavar Sandhai ) APMC,Onion Green,Onion Green,Local,3000,3600,3300,09/04/2026
Tamil Nadu,Salem,Jalagandapuram(Uzhavar Sandhai ) APMC,Onion Green,Onion Green,Local,3000,3400,3200,09/04/2026
Tamil Nadu,Sivaganga,Tirupatthur(Uzhavar Sandhai ) APMC,Onion Green,Onion Green,Local,4000,4500,4250,09/04/2026
Tamil Nadu,Thirunelveli,NGO Colony(Uzhavar Sandhai ) APMC,Onion Green,Onion Green,Local,3800,4600,4200,09/04/2026
Tamil Nadu,Thiruvannamalai,Polur(Uzhavar Sandhai ) APMC,Onion Green,Onion Green,Local,4200,5000,4600,09/04/2026
Tamil Nadu,Thiruvannamalai,Vandavasi(Uzhavar Sandhai ) APMC,Onion Green,Onion Green,Local,4000,5000,4500,09/04/2026
Tamil Nadu,Thiruvannamalai,Keelpennathur(Uzhavar Sandhai ) APMC,Onion Green,Onion Green,Local,4500,5500,5000,09/04/2026
Tamil Nadu,Thiruchirappalli,Thiruverumbur(Uzhavar Sandhai ) APMC,Onion Green,Onion Green,Local,4600,4600,4600,09/04/2026
Tamil Nadu,Salem,Ammapet(Uzhavar Sandhai ) APMC,Onion Green,Onion Green,Local,3400,3800,3600,09/04/2026
Tamil Nadu,Vellore,Thirupathur APMC,Onion Green,Onion Green,Local,4500,4500,4500,09/04/2026
Tamil Nadu,Krishnagiri,Kaveripattinam(Uzhavar Sandhai ) APMC,Onion Green,Onion Green,Local,3500,4000,3750,09/04/2026
Tamil Nadu,The Nilgiris,Gudalur(Uzhavar Sandhai ) APMC,Onion Green,Onion Green,Local,3500,3800,3650,09/04/2026
Tamil Nadu,Coimbatore,Sulur(Uzhavar Sandhai ) APMC,Onion Green,Onion Green,Local,3000,3300,3150,09/04/2026
Tamil Nadu,Salem,Thammampatti (Uzhavar Sandhai ) APMC,Onion Green,Onion Green,Local,2500,3000,2750,09/04/2026
Tamil Nadu,Villupuram,Ulundurpettai APMC,Onion Green,Onion Green,Local,2500,2500,2500,09/04/2026
Tamil Nadu,Coimbatore,Vadavalli(Uzhavar Sandhai ) APMC,Onion Green,Onion Green,Local,3000,3400,3200,09/04/2026
Tamil Nadu,Dindigul,Vedasanthur(Uzhavar Sandhai ) APMC,Onion Green,Onion Green,Local,2500,3500,3000,09/04/2026
Tamil Nadu,Erode,Gobichettipalayam(Uzhavar Sandhai ) APMC,Onion Green,Onion Green,Local,2000,2500,2250,09/04/2026
Tamil Nadu,Erode,Sathiyamagalam(Uzhavar Sandhai ) APMC,Onion Green,Onion Green,Local,2500,3000,2750,09/04/2026
Tamil Nadu,Namakkal,Tiruchengode APMC,Onion Green,Onion Green,Local,2000,2500,2250,09/04/2026
Tamil Nadu,Ariyalur,Ariyalur(Uzhavar Sandhai) APMC,Onion Green,Onion Green,Local,3500,4000,3750,09/04/2026
Tamil Nadu,Coimbatore,Pollachi(Uzhavar Sandhai ) APMC,Onion Green,Onion Green,Local,3000,3500,3250,09/04/2026
Tamil Nadu,Thiruchirappalli,Lalgudi(Uzhavar Sandhai ) APMC,Onion Green,Onion Green,Local,3400,5000,4200,09/04/2026
Tamil Nadu,Villupuram,Gingee(Uzhavar Sandhai ) APMC,Onion Green,Onion Green,Local,5000,5000,5000,09/04/2026
Tamil Nadu,Thirupur,Dharapuram(Uzhavar Sandhai ) APMC,Onion Green,Onion Green,Local,3000,3500,3250,09/04/2026
Tamil Nadu,Thirupur,Tiruppur (North) (Uzhavar Sandhai ) APMC,Onion Green,Onion Green,Local,2500,3000,2750,09/04/2026
Tamil Nadu,Kallakuruchi,Sankarapuram(Uzhavar Sandhai ) APMC,Onion Green,Onion Green,Local,2500,2500,2500,09/04/2026
Tamil Nadu,Nagercoil (Kannyiakumari),Vadaseri APMC,Onion Green,Onion Green,Local,5000,5500,5250,09/04/2026
Tamil Nadu,Pudukkottai,Karambakkudi(Uzhavar Sandhai ) APMC,Onion Green,Onion Green,Local,3500,4000,3750,09/04/2026
Tamil Nadu,Ramanathapuram,Ramanathapuram(Uzhavar Sandhai ) APMC,Onion Green,Onion Green,Local,4800,5000,4900,09/04/2026
Tamil Nadu,Sivaganga,Karaikudi(Uzhavar Sandhai ) APMC,Onion Green,Onion Green,Local,3800,4200,4000,09/04/2026
Tamil Nadu,Thanjavur,Thanjavur(Uzhavar Sandhai ) APMC,Onion Green,Onion Green,Local,4000,4000,4000,09/04/2026
Tamil Nadu,Thanjavur,Pattukottai(Uzhavar Sandhai ) APMC,Onion Green,Onion Green,Local,4000,4000,4000,09/04/2026
Tamil Nadu,Thanjavur,Tirukattupalli(Uzhavar Sandhai ) APMC,Onion Green,Onion Green,Local,3000,3000,3000,09/04/2026
Tamil Nadu,Theni,Devaram(Uzhavar Sandhai ) APMC,Onion Green,Onion Green,Local,3600,3600,3600,09/04/2026
Tamil Nadu,Theni,Chinnamanur(Uzhavar Sandhai ) APMC,Onion Green,Onion Green,Local,3800,4000,3900,09/04/2026
Tamil Nadu,Thirunelveli,Palayamkottai(Uzhavar Sandhai ) APMC,Onion Green,Onion Green,Local,4000,4600,4300,09/04/2026
Tamil Nadu,Thiruvarur,Mannargudi I(Uzhavar Sandhai ) APMC,Onion Green,Onion Green,Local,4600,5000,4800,09/04/2026
Tamil Nadu,Thiruvarur,Muthupettai(Uzhavar Sandhai ) APMC,Onion Green,Onion Green,Local,4000,4000,4000,09/04/2026
Tamil Nadu,Thiruvarur,Mannargudi II(Uzhavar Sandhai ) APMC,Onion Green,Onion Green,Local,4600,5000,4800,09/04/2026
Tamil Nadu,Thiruvannamalai,Tamarainagar(Uzhavar Sandhai ) APMC,Onion Green,Onion Green,Local,3500,4200,3850,09/04/2026
Tamil Nadu,Karur,Karur(Uzhavar Sandhai ) APMC,Onion Green,Onion Green,Local,3500,4000,3750,09/04/2026
Tamil Nadu,Coimbatore,Kurichi(Uzhavar Sandhai ) APMC,Onion Green,Onion Green,Local,2800,3000,2900,09/04/2026
Tamil Nadu,Cuddalore,Viruthachalam(Uzhavar Sandhai ) APMC,Onion Green,Onion Green,Local,3500,4000,3750,09/04/2026
Tamil Nadu,Cuddalore,Panruti(Uzhavar Sandhai ) APMC,Onion Green,Onion Green,Local,4000,4000,4000,09/04/2026
Tamil Nadu,Dharmapuri,Dharmapuri(Uzhavar Sandhai ) APMC,Onion Green,Onion Green,Local,3200,3400,3300,09/04/2026
Tamil Nadu,Dharmapuri,AJattihalli(Uzhavar Sandhai ) APMC,Onion Green,Onion Green,Local,3000,3400,3200,09/04/2026
Tamil Nadu,Karur,Kulithalai(Uzhavar Sandhai ) APMC,Onion Green,Onion Green,Local,3000,3500,3250,09/04/2026
Tamil Nadu,Karur,Velayuthampalayam(Uzhavar Sandhai ) APMC,Onion Green,Onion Green,Local,3200,4000,3600,09/04/2026
Tamil Nadu,Madurai,Thirumangalam(Uzhavar Sandhai ) APMC,Onion Green,Onion Green,Local,4000,4400,4200,09/04/2026
Tamil Nadu,Nagapattinam,Sirkali(Uzhavar Sandhai ) APMC,Onion Green,Onion Green,Local,5500,6000,5750,09/04/2026
Tamil Nadu,Pudukkottai,Gandarvakottai(Uzhavar Sandhai ) APMC,Onion Green,Onion Green,Local,4000,4500,4250,09/04/2026
Tamil Nadu,Vellore,Katpadi (Uzhavar Sandhai ) APMC,Onion Green,Onion Green,Local,4500,4500,4500,09/04/2026
Tamil Nadu,Thanjavur,Kumbakonam (Uzhavar Sandhai ) APMC,Onion Green,Onion Green,Local,3000,4200,3600,09/04/2026
Tamil Nadu,Vellore,Pallikonda(Uzhavar Sandhai),Onion Green,Onion Green,Local,4200,4200,4200,09/04/2026
Tamil Nadu,Thanjavur,Peravurani(Uzhavar Sandhai),Onion Green,Onion Green,Local,4000,4000,4000,09/04/2026
Tamil Nadu,Salem,Vazhapadi(Uzhavar Sandhai),Onion Green,Onion Green,Local,2500,3000,2750,09/04/2026
Tamil Nadu,The Nilgiris,Coonoor(Uzhavar Sandhai ) APMC,Onion Green,Onion Green,Local,3500,3800,3650,09/04/2026
Tamil Nadu,Theni,Andipatti(Uzhavar Sandhai ) APMC,Onion Green,Onion Green,Local,3500,4000,3750,09/04/2026
Tamil Nadu,Coimbatore,Singanallur(Uzhavar Sandhai ) APMC,Onion Green,Onion Green,Local,3000,3300,3150,09/04/2026
Tamil Nadu,Cuddalore,Cuddalore(Uzhavar Sandhai ) APMC,Onion Green,Onion Green,Local,4000,4000,4000,09/04/2026
Tamil Nadu,Dharmapuri,Palacode(Uzhavar Sandhai ) APMC,Onion Green,Onion Green,Local,3200,3400,3300,09/04/2026
Tamil Nadu,Erode,Perundurai(Uzhavar Sandhai ) APMC,Onion Green,Onion Green,Local,3000,3500,3250,09/04/2026
Tamil Nadu,Karur,Pallapatti (Uzhavar Sandhai ) APMC,Onion Green,Onion Green,Local,3600,4000,3800,09/04/2026
Tamil Nadu,Krishnagiri,Hosur(Uzhavar Sandhai ) APMC,Onion Green,Onion Green,Local,4000,4500,4250,09/04/2026
Tamil Nadu,Krishnagiri,Denkanikottai(Uzhavar Sandhai ) APMC,Onion Green,Onion Green,Local,4000,4500,4250,09/04/2026
Tamil Nadu,Krishnagiri,Avallapalli(Uzhavar Sandhai ) APMC,Onion Green,Onion Green,Local,4000,4500,4250,09/04/2026
Tamil Nadu,Madurai,Chokkikulam(Uzhavar Sandhai ) APMC,Onion Green,Onion Green,Local,3800,4400,4100,09/04/2026
Tamil Nadu,Madurai,Usilampatti(Uzhavar Sandhai ) APMC,Onion Green,Onion Green,Local,3500,4400,3950,09/04/2026
Tamil Nadu,Pudukkottai,Pudukottai(Uzhavar Sandhai ) APMC,Onion Green,Onion Green,Local,4000,5000,4500,09/04/2026
Tamil Nadu,Pudukkottai,Alangudi(Uzhavar Sandhai ) APMC,Onion Green,Onion Green,Local,4000,4500,4250,09/04/2026
Tamil Nadu,Pudukkottai,Viralimalai(Uzhavar Sandhai ) APMC,Onion Green,Onion Green,Local,4000,5000,4500,09/04/2026
Tamil Nadu,Vellore,Gudiyatham(Uzhavar Sandhai ) APMC,Onion Green,Onion Green,Local,4600,4600,4600,09/04/2026
Tamil Nadu,Virudhunagar,Sivakasi(Uzhavar Sandhai ) APMC,Onion Green,Onion Green,Local,3500,4000,3750,09/04/2026
Tamil Nadu,Virudhunagar,Thalavaipuram(Uzhavar Sandhai ) APMC,Onion Green,Onion Green,Local,4000,5000,4500,09/04/2026
Tamil Nadu,Nagercoil (Kannyiakumari),Myladi(Uzhavar Sandhai ) APMC,Onion Green,Onion Green,Local,4500,5000,4750,09/04/2026
Tamil Nadu,Chengalpattu,Pallavaram(Uzhavar Sandhai ) APMC,Onion Green,Onion Green,Local,4000,5000,4500,09/04/2026
Tamil Nadu,Chengalpattu,Madhuranthagam(Uzhavar Sandhai ) APMC,Onion Green,Onion Green,Local,3000,3000,3000,09/04/2026
Tamil Nadu,Chengalpattu,Jameenrayapettai(Uzhavar Sandhai ) APMC,Onion Green,Onion Green,Local,4000,5000,4500,09/04/2026
Tamil Nadu,Ranipet,Ranipettai(Uzhavar Sandhai ) APMC,Onion Green,Onion Green,Local,4000,4000,4000,09/04/2026
Tamil Nadu,Thirupathur,Natrampalli(Uzhavar Sandhai ) APMC,Onion Green,Onion Green,Local,3000,4000,3500,09/04/2026
Tamil Nadu,Salem,Mettur(Uzhavar Sandhai ) APMC,Onion Green,Onion Green,Local,2500,3000,2750,09/04/2026
Tamil Nadu,Salem,Edapadi (Uzhavar Sandhai ) APMC,Onion Green,Onion Green,Local,2500,3000,2750,09/04/2026
Tamil Nadu,Sivaganga,Sivagangai (Uzhavar Sandhai ) APMC,Onion Green,Onion Green,Local,4000,4400,4200,09/04/2026
Tamil Nadu,Sivaganga,Singampunari(Uzhavar Sandhai ) APMC,Onion Green,Onion Green,Local,3500,4200,3850,09/04/2026
Tamil Nadu,Theni,Theni(Uzhavar Sandhai ) APMC,Onion Green,Onion Green,Local,3000,4000,3500,09/04/2026
Tamil Nadu,Theni,Kambam(Uzhavar Sandhai ) APMC,Onion Green,Onion Green,Local,3000,3500,3250,09/04/2026
Tamil Nadu,Theni,Bodinayakanur(Uzhavar Sandhai ) APMC,Onion Green,Onion Green,Local,3800,3800,3800,09/04/2026
Tamil Nadu,Thiruvellore,Tiruthani(Uzhavar Sandhai ) APMC,Onion Green,Onion Green,Local,6000,6000,6000,09/04/2026
Tamil Nadu,Thiruvellore,Naravarikuppam(Uzhavar Sandhai ) APMC,Onion Green,Onion Green,Local,2000,2000,2000,09/04/2026
Tamil Nadu,Thiruvarur,Needamangalam(Uzhavar Sandhai ) APMC,Onion Green,Onion Green,Local,4400,4400,4400,09/04/2026
Tamil Nadu,Thiruchirappalli,KKNagar(Uzhavar Sandhai ) APMC,Onion Green,Onion Green,Local,5000,5000,5000,09/04/2026
Maharashtra,Nagpur,Kamthi APMC,Onion,Local,Local,1520,2020,1770,09/04/2026
Maharashtra,Nashik,Lasalgaon APMC,Onion,Other,Local,400,1505,1125,09/04/2026
Maharashtra,Nashik,Lasalgaon(Niphad) APMC,Onion,Other,Local,450,1400,1275,09/04/2026
Maharashtra,Nashik,Pimpalgaon APMC,Onion,Pole,Local,300,1043,925,09/04/2026
Maharashtra,Nashik,Yeola APMC,Onion,Red,Local,175,971,800,09/04/2026
Maharashtra,Pune,Khed(Chakan) APMC,Onion,Other,Local,900,1300,1100,09/04/2026
Maharashtra,Pune,Pune(Moshi) APMC,Onion,Local,Local,300,1000,650,09/04/2026
Maharashtra,Ahmednagar,Rahuri(Vambori) APMC,Onion,Other,Local,100,1300,800,09/04/2026
Maharashtra,Jalgaon,Bhusaval APMC,Onion,Other,Local,500,1000,800,09/04/2026
Maharashtra,Kolhapur,Kolhapur APMC,Onion,Other,Local,500,1300,900,09/04/2026
Maharashtra,Nagpur,Nagpur APMC,Onion,Red,Local,1000,1400,1300,09/04/2026
Maharashtra,Nagpur,Nagpur APMC,Onion,White,Local,1000,1400,1300,09/04/2026
Maharashtra,Nashik,Devala APMC,Onion,Other,Local,500,1600,1250,09/04/2026
Maharashtra,Nashik,Devala APMC,Onion,Red,Local,350,1030,900,09/04/2026
Maharashtra,Nashik,Yeola APMC,Onion,Other,Local,200,1220,1000,09/04/2026
Maharashtra,Sangli,Vita APMC,Onion,Other,Local,800,1200,1000,09/04/2026
Maharashtra,Satara,Vaduj APMC,Onion,Local,Local,500,1100,800,09/04/2026
Maharashtra,Ahmednagar,Ahmednagar APMC,Onion,Red,Local,150,1300,750,09/04/2026
Maharashtra,Mumbai,Vashi New Mumbai APMC,Onion,Other,Local,700,1400,1050,09/04/2026
Maharashtra,Sangli,"Sangli(Phale, Bhajipura Market) APMC",Onion,Local,Local,400,1300,850,09/04/2026
Maharashtra,Satara,Satara APMC,Onion,Other,Local,1000,1300,1100,09/04/2026
Maharashtra,Sholapur,Mangal Wedha APMC,Onion,Local,Local,300,600,450,09/04/2026
Maharashtra,Akola,Akola APMC,Onion,Other,Local,400,1200,800,09/04/2026
Maharashtra,Jalgaon,Jalgaon APMC,Onion,Red,Local,300,1137,800,09/04/2026
Maharashtra,Kolhapur,Vadgaonpeth APMC,Onion,Local,Local,900,1500,1200,09/04/2026
Maharashtra,Nashik,Kalvan APMC,Onion,Red,Local,400,1000,800,09/04/2026
Maharashtra,Nashik,Lasalgaon(Vinchur) APMC,Onion,Other,Local,500,1252,1100,09/04/2026
Maharashtra,Nashik,Manmad APMC,Onion,Red,Local,300,940,850,09/04/2026
Maharashtra,Nashik,Nampur APMC,Onion,Other,Local,300,1225,1000,09/04/2026
Maharashtra,Nashik,Nasik APMC,Onion,Other,Local,300,1250,950,09/04/2026
Maharashtra,Pune,Pune APMC,Onion,Local,Local,500,1300,900,09/04/2026
Maharashtra,Satara,Karad APMC,Onion,Other,Local,500,1300,1300,09/04/2026
Maharashtra,Sholapur,Solapur APMC,Onion,Red,Local,100,1300,600,09/04/2026
Maharashtra,Ahmednagar,Sangamner APMC,Onion,Other,Local,200,1351,775,09/04/2026
Maharashtra,Jalgaon,Yawal APMC,Onion,Red,Local,980,1190,1110,09/04/2026
Maharashtra,Nagpur,Ramtek APMC,Onion,Other,Local,1100,1500,1300,09/04/2026
Maharashtra,Nashik,Kalvan APMC,Onion,Other,Local,700,1475,1000,09/04/2026
Maharashtra,Nashik,Lasalgaon(Niphad) APMC,Onion,Red,Local,421,898,800,09/04/2026
Maharashtra,Nashik,Manmad APMC,Onion,Other,Local,400,1132,1000,09/04/2026
Maharashtra,Nashik,Pimpalgaon APMC,Onion,Other,Local,400,1660,1250,09/04/2026
Maharashtra,Dharashiv(Usmanabad),Dharashiv APMC,Onion,Red,Local,600,1200,900,09/04/2026
Maharashtra,Pune,Junnar(Narayangaon) APMC,Onion,Other,Local,200,1300,750,09/04/2026
Maharashtra,Pune,Junnar(Otur) APMC,Onion,Other,Local,700,1400,1200,09/04/2026
Maharashtra,Ahmednagar,Shevgaon APMC,Onion,2nd Sort,Local,500,800,700,09/04/2026
Maharashtra,Ahmednagar,Akole APMC,Onion,Other,Local,200,1351,1100,09/04/2026
Maharashtra,Ahmednagar,Kopargaon APMC,Onion,Red,Local,400,981,875,09/04/2026
Maharashtra,Ahmednagar,Kopargaon APMC,Onion,Other,Local,500,1226,1050,09/04/2026
Maharashtra,Chattrapati Sambhajinagar,Chattrapati Sambhajinagar APMC,Onion,Other,Local,300,950,625,09/04/2026
Maharashtra,Dhule,Dhule APMC,Onion,Red,Local,400,1100,900,09/04/2026
Maharashtra,Nashik,Chandvad APMC,Onion,Red,Local,400,995,860,09/04/2026
Maharashtra,Nashik,Chandvad APMC,Onion,Other,Local,735,1500,1050,09/04/2026
Maharashtra,Nashik,Dindori(Vani) APMC,Onion,Other,Local,801,1410,1225,09/04/2026
Maharashtra,Nashik,Lasalgaon APMC,Onion,Red,Local,300,972,800,09/04/2026
Maharashtra,Nashik,Lasalgaon(Vinchur) APMC,Onion,Red,Local,400,946,800,09/04/2026
Maharashtra,Nashik,Pimpalgaon Baswant(Saykheda) APMC,Onion,Other,Local,700,1151,980,09/04/2026
Maharashtra,Nashik,Sinner APMC,Onion,Other,Local,500,1151,1050,09/04/2026
Maharashtra,Pune,Junnar APMC,Onion,Other,Local,400,1400,900,09/04/2026
Maharashtra,Pune,Pune(Manjri) APMC,Onion,Local,Local,700,1200,900,09/04/2026
Maharashtra,Pune,Pune(Pimpri) APMC,Onion,Local,Local,700,1400,1050,09/04/2026
Maharashtra,Nashik,Shivsiddha Govind Producer Company Limited Sanchal APMC,Onion,Other,Local,400,1500,1175,09/04/2026
Maharashtra,Ahmednagar,Shevgaon APMC,Onion,1st Sort,Local,900,1200,1050,09/04/2026
Maharashtra,Ahmednagar,Rahata APMC,Onion Green,Other,Local,5,10,7,09/04/2026
Maharashtra,Mumbai,Mumbai APMC,Onion Green,Other,Local,600,800,700,09/04/2026
Maharashtra,Pune,Pune APMC,Onion Green,Other,Local,5,12,8,09/04/2026
Maharashtra,Pune,Pune(Manjri) APMC,Onion Green,Other,Local,5,12,8,09/04/2026
Maharashtra,Jalgaon,Bhusaval APMC,Onion Green,Other,Local,2000,2000,2000,09/04/2026
Maharashtra,Pune,Pune(Pimpri) APMC,Onion Green,Other,Local,6,7,7,09/04/2026
Maharashtra,Sholapur,Solapur APMC,Onion Green,Other,Local,400,600,500,09/04/2026
Uttar Pradesh,Etawah,Etawah APMC,Onion,Other,FAQ,1025,1025,1025,09/04/2026
Uttar Pradesh,Aligarh,Charra APMC,Onion,Other,FAQ,1000,1000,1000,09/04/2026
Uttar Pradesh,Etawah,Jasvantnagar APMC,Onion,Other,FAQ,1450,1450,1450,09/04/2026
Uttar Pradesh,Raebarelli,Lalganj APMC,Onion,Red,FAQ,800,1000,900,09/04/2026
Uttar Pradesh,Raebarelli,Lalganj APMC,Onion,Other,FAQ,800,800,800,09/04/2026
Uttar Pradesh,Bijnor,Chaandpur APMC,Onion,Other,FAQ,800,800,800,09/04/2026
Uttar Pradesh,Fatehpur,Fatehpur APMC,Onion,Other,FAQ,1200,1200,1200,09/04/2026
Uttar Pradesh,Mathura,Kosikalan APMC,Onion,Other,FAQ,1200,1200,1200,09/04/2026
Uttar Pradesh,Mathura,Mathura APMC,Onion,Other,FAQ,1200,1200,1200,09/04/2026
Uttar Pradesh,Bulandshahar,Sikarpur APMC,Onion,Red,FAQ,1000,1200,1100,09/04/2026
Uttar Pradesh,Maharajganj,Anandnagar APMC,Onion,Red,FAQ,950,1150,1050,09/04/2026
Uttar Pradesh,Shamli,Khandhla APMC,Onion,Red,FAQ,1100,1120,1110,09/04/2026
Uttar Pradesh,Agra,Khairagarh APMC,Onion,Red,FAQ,800,900,850,09/04/2026
Uttar Pradesh,Kanpur,Kanpur(Grain) APMC,Onion,Other,FAQ,1000,1000,1000,09/04/2026
Uttar Pradesh,Pillibhit,Pilibhit APMC,Onion,Other,FAQ,1000,1000,1000,09/04/2026
Uttar Pradesh,Muzaffarnagar,Muzzafarnagar APMC,Onion,Other,FAQ,900,900,900,09/04/2026
Uttar Pradesh,Bahraich,Naanpara APMC,Onion,Other,FAQ,1000,1000,1000,09/04/2026
Uttar Pradesh,Balrampur,Panchpedwa APMC,Onion,Onion,FAQ,1400,1500,1450,09/04/2026
Uttar Pradesh,Prayagraj,Prayagraj APMC,Onion,Other,FAQ,1000,1000,1000,09/04/2026
Uttar Pradesh,Badaun,Shahaswan APMC,Onion,Red,Medium,1200,1200,1200,09/04/2026
Uttar Pradesh,Ghazipur,Yusufpur APMC,Onion,Other,FAQ,600,600,600,09/04/2026
Uttar Pradesh,Saharanpur,Saharanpur APMC,Onion,Other,FAQ,800,1150,940.8,09/04/2026
Uttar Pradesh,Raebarelli,Jayas APMC,Onion,Other,FAQ,1200,1200,1200,09/04/2026
Uttar Pradesh,Jhansi,Jhansi APMC,Onion,Other,FAQ,1000,1050,1025,09/04/2026
Uttar Pradesh,Farukhabad,Kayamganj APMC,Onion,Red,FAQ,1300,1300,1300,09/04/2026
Uttar Pradesh,Jalaun (Orai),Kalpi APMC,Onion,Other,FAQ,1000,1000,1000,09/04/2026
Uttar Pradesh,Sambhal,Sambhal APMC,Onion,Onion,FAQ,1200,1500,1400,09/04/2026
Uttar Pradesh,Firozabad,Shikohabad APMC,Onion,Other,FAQ,800,800,800,09/04/2026
Uttar Pradesh,Ayodhya,Ayodhya APMC,Onion,Other,FAQ,1000,1000,1000,09/04/2026
Uttar Pradesh,Sambhal,Chandausi APMC,Onion,Other,FAQ,908,1030,948.02,09/04/2026
Uttar Pradesh,Mau(Maunathbhanjan),Doharighat APMC,Onion,Red,FAQ,1200,1200,1200,09/04/2026
Uttar Pradesh,Ghaziabad,Ghaziabad APMC,Onion,Other,FAQ,1250,1260,1255.6,09/04/2026
Uttar Pradesh,Lakhimpur,Lakhimpur APMC,Onion,Other,FAQ,1100,1100,1100,09/04/2026
Uttar Pradesh,Saharanpur,Gangoh APMC,Onion,Onion,FAQ,800,1200,1100,09/04/2026
Uttar Pradesh,Bulandshahar,Gulavati APMC,Onion,Onion,FAQ,1400,1600,1500,09/04/2026
Uttar Pradesh,Bulandshahar,Gulavati APMC,Onion,Other,FAQ,1200,1200,1200,09/04/2026
Uttar Pradesh,Varanasi,Varanasi APMC,Onion,Other,FAQ,800,1000,898.11,09/04/2026
Uttar Pradesh,Lakhimpur,Golagokarnath APMC,Onion,Other,FAQ,1050,1050,1050,09/04/2026
Uttar Pradesh,Raebarelli,Salon APMC,Onion,Other,FAQ,1325,1335,1330,09/04/2026
Uttar Pradesh,Bulandshahar,Sikarpur APMC,Onion,Other,FAQ,1000,1000,1000,09/04/2026
Uttar Pradesh,Barabanki,Barabanki APMC,Onion,Other,FAQ,1300,1300,1300,09/04/2026
Uttar Pradesh,Bulandshahar,Buland Shahr APMC,Onion,Other,FAQ,1200,1200,1200,09/04/2026
Uttar Pradesh,Aligarh,Charra APMC,Onion,Dry F.A.Q.,FAQ,1200,1300,1250,09/04/2026
Uttar Pradesh,Etawah,Jasvantnagar APMC,Onion,Red,Medium,1250,1350,1300,09/04/2026
Uttar Pradesh,Sonbhadra,Dudhi APMC,Onion,Onion,Local,1500,1700,1600,09/04/2026
Uttar Pradesh,Shamli,Kairana APMC,Onion,Other,FAQ,1000,1000,1000,09/04/2026
Uttar Pradesh,Sant Kabir Nagar,Khalilabad APMC,Onion,Red,Medium,1200,1200,1200,09/04/2026
Uttar Pradesh,Auraiya,Auraiya APMC,Onion,Other,FAQ,1300,1300,1300,09/04/2026
Uttar Pradesh,Mau(Maunathbhanjan),Kopaganj APMC,Onion,Red,FAQ,1200,1200,1200,09/04/2026
Uttar Pradesh,Sambhal,Muradabad APMC,Onion,Other,FAQ,800,800,800,09/04/2026
Uttar Pradesh,Shamli,Kairana APMC,Onion,Red,FAQ,1000,1100,1050,09/04/2026
Uttar Pradesh,Khiri (Lakhimpur),Maigalganj APMC,Onion,Red,FAQ,1100,1130,1115,09/04/2026
Uttar Pradesh,Saharanpur,Gangoh APMC,Onion,Other,FAQ,800,800,800,09/04/2026
Uttar Pradesh,Kanpur Dehat,Pukharayan APMC,Onion,Red,FAQ,1250,1275,1265,09/04/2026
Uttar Pradesh,Saharanpur,Rampurmaniharan APMC,Onion,Red,Grade C,1400,1400,1400,09/04/2026
Uttar Pradesh,Saharanpur,Rampurmaniharan APMC,Onion,Other,FAQ,1600,1600,1600,09/04/2026
Uttar Pradesh,Shamli,Khandhla APMC,Onion,Other,FAQ,1500,1500,1500,09/04/2026
Uttar Pradesh,Agra,Samsabad APMC,Onion,Other,Local,900,1100,1000,09/04/2026
Uttar Pradesh,Sitapur,Hargaon (Laharpur) APMC,Onion,Nasik,Local,1200,1200,1200,09/04/2026
Uttar Pradesh,Aligarh,Khair APMC,Onion,Red,Grade B,1000,1000,1000,09/04/2026
Uttar Pradesh,Hathras,Shadabad APMC,Onion,Onion,Small,1100,1200,1150,09/04/2026
Uttar Pradesh,Balrampur,Tulsipur APMC,Onion,Onion,FAQ,1400,1450,1425,09/04/2026
Rajasthan,Hanumangarh,Sangriya APMC,Onion,Onion,Local,800,1600,1200,09/04/2026
Rajasthan,Ganganagar,Sriganganagar (F&V) APMC,Onion,Bombay (U.P.),Grade C,900,1300,1100,09/04/2026
Rajasthan,Sikar,Sikar APMC,Onion,Onion,FAQ,300,800,550,09/04/2026
Rajasthan,Hanumangarh,Bhadara APMC,Onion,1st Sort,FAQ,700,800,739,09/04/2026
Rajasthan,Churu,Churu APMC,Onion,1st Sort,FAQ,700,900,800,09/04/2026
Rajasthan,Hanumangarh,Rawatsar APMC,Onion,1st Sort,FAQ,900,900,900,09/04/2026
Rajasthan,Rajsamand,Rajsamand APMC,Onion,Onion,FAQ,1300,1700,1500,09/04/2026
Rajasthan,Ajmer,Ajmer(F&V) APMC,Onion,Other,Medium,700,1400,1200,09/04/2026
Rajasthan,Jaipur,Bassi APMC,Onion,Other,Local,1600,2000,1800,09/04/2026
Rajasthan,Pratapgarh,Pratapgarh APMC,Onion,Other,FAQ,500,1290,895,09/04/2026
Rajasthan,Jaipur,Jaipur (F&V) APMC,Onion,Other,FAQ,700,1500,1100,09/04/2026
Karnataka,Chikmagalur,Chikkamagalore APMC,Onion,Other,Local,1694,2094,1894,09/04/2026
Karnataka,Bijapur,Bijapur APMC,Onion,Onion,Local,300,1200,800,09/04/2026
Karnataka,Bangalore,Bangalore APMC,Onion,Onion,Large,800,1300,1000,09/04/2026
Karnataka,Bangalore,Doddaballa Pur APMC,Onion,Onion,Medium,1500,2500,2000,09/04/2026
Karnataka,Tumkur,Tumkur APMC,Onion,Other,Local,950,1400,1200,09/04/2026
Karnataka,Shimoga,Shimoga APMC,Onion,Onion,Local,1000,2400,1700,09/04/2026
Karnataka,Bangalore,Bangalore APMC,Onion,Local,Medium,500,800,600,09/04/2026
Karnataka,Dharwad,Hubli (Amaragol) APMC,Onion,Puna,Local,400,2100,1600,09/04/2026
Karnataka,Bangalore,Bangalore APMC,Onion,Puna,Local,800,1500,1200,09/04/2026
Karnataka,Kolar,Gowribidanoor APMC,Onion,Onion,Local,1000,2000,1500,09/04/2026
Karnataka,Kolar,Bangarpet APMC,Onion,Onion,Local,1000,2000,1500,09/04/2026
Karnataka,Belgaum,Belgaum APMC,Onion,Pusa-Red,Large,500,1500,1200,09/04/2026
Karnataka,Bangalore,Bangalore APMC,Onion,Bangalore-Samall,Small,200,500,300,09/04/2026
Gujarat,Ahmedabad,Ahmedabad(Chimanbhai Patal Market Vasana) APMC,Onion,Local,FAQ,600,1300,1150,09/04/2026
Gujarat,Morbi,Morbi APMC,Onion,Onion,FAQ,500,1400,950,09/04/2026
Gujarat,Surat,Surat APMC,Onion,Other,FAQ,400,1700,1050,09/04/2026
Gujarat,Kheda,Kapadvanj APMC,Onion,Onion,Medium,800,1500,1150,09/04/2026
Gujarat,Ahmedabad,Ahmedabad(Chimanbhai Patal Market Vasana) APMC,Onion,Nasik,FAQ,1000,1500,1350,09/04/2026
Gujarat,Navsari,Bilimora APMC,Onion,Nasik,FAQ,800,1700,1200,09/04/2026
Gujarat,Navsari,Navsari APMC,Onion,Onion,Grade A,700,1500,1100,09/04/2026
Gujarat,Bhavnagar,Bhavnagar APMC,Onion,Red,FAQ,620,620,620,09/04/2026
Gujarat,Rajkot,Jetpur(Dist.Rajkot) APMC,Onion,Onion,FAQ,205,1005,755,09/04/2026
Gujarat,Banaskanth,Deesa(Deesa Veg Yard) APMC,Onion,Other,FAQ,1000,1750,1375,09/04/2026
Gujarat,Bhavnagar,Bhavnagar APMC,Onion,White,FAQ,822,822,822,09/04/2026
Gujarat,Porbandar,Porbandar APMC,Onion,Other,Non-FAQ,500,1500,1000,09/04/2026
Gujarat,Rajkot,Rajkot(Veg.Sub Yard) APMC,Onion,Onion,FAQ,175,1255,875,09/04/2026
Gujarat,Dahod,Dahod(Veg. Market) APMC,Onion,Onion,Local,200,1600,1000,09/04/2026
Gujarat,Mehsana,Mehsana(Mehsana Veg) APMC,Onion,Onion,Local,700,1500,1200,09/04/2026
Gujarat,Dahod,Dahod(Veg. Market) APMC,Onion Green,Onion Green,Local,1000,1500,1200,09/04/2026
Gujarat,Ahmedabad,Ahmedabad APMC,Onion Green,Other,FAQ,500,2000,1100,09/04/2026
Gujarat,Surendranagar,Vadhvan APMC,Onion Green,Onion Green,Medium,500,1000,750,09/04/2026
Haryana,Karnal,Tarori APMC,Onion,Nasik,Grade A,2500,3000,2800,09/04/2026
Haryana,Rewari,Rewari APMC,Onion,Medium,Medium,800,1200,1000,09/04/2026
Haryana,Ambala,Naraingarh APMC,Onion,Onion,Medium,1000,1600,1400,09/04/2026
Haryana,Ambala,Shahzadpur APMC,Onion,Onion,FAQ,1200,1200,1200,09/04/2026
Haryana,Yamuna Nagar,Sadhaura APMC,Onion,Onion,Local,1000,1400,1300,09/04/2026
Haryana,Sonipat,Sonepat(Kharkhoda) APMC,Onion,Other,FAQ,1200,1500,1350,09/04/2026
Haryana,Kurukshetra,Thanesar APMC,Onion,Onion,Medium,1000,2100,1500,09/04/2026
Haryana,Panchkula,Panchkul(Kalka) APMC,Onion,Other,Grade A,1300,1800,1500,09/04/2026
Haryana,Yamuna Nagar,Jagadhri APMC,Onion,Other,FAQ,1210,1460,1430,09/04/2026
Haryana,Yamuna Nagar,Mustafabad APMC,Onion,Onion,FAQ,1400,1500,1400,09/04/2026
Haryana,Yamuna Nagar,Radaur APMC,Onion,Nasik,Medium,1300,1500,1400,09/04/2026
Haryana,Hissar,Barwala(Hisar) APMC,Onion,Onion,Local,800,1000,900,09/04/2026
Haryana,Sonipat,Ganaur APMC,Onion,Onion,FAQ,2000,2200,2000,09/04/2026
Haryana,Kurukshetra,Ladwa APMC,Onion,Onion,Medium,2200,2700,2700,09/04/2026
Haryana,Faridabad,Ballabhgarh APMC,Onion,Onion,FAQ,1000,1500,1200,09/04/2026
Haryana,Gurgaon,Sohna APMC,Onion,Onion,Local,1200,1700,1500,09/04/2026
Haryana,Jind,Narwana APMC,Onion,Onion,Non-FAQ,800,800,800,09/04/2026
Haryana,Mewat,Nuh APMC,Onion,Other,Local,1300,1500,1300,09/04/2026
Haryana,Jhajar,Bahadurgarh APMC,Onion,Other,FAQ,700,800,750,09/04/2026
Haryana,Fatehabad,Fatehabad APMC,Onion,Other,Local,1100,1200,1100,09/04/2026
Haryana,Kaithal,Cheeka APMC,Onion,Other,FAQ,1500,1800,1650,09/04/2026
Haryana,Kurukshetra,Pehowa APMC,Onion,Other,Medium,1200,1560,1500,09/04/2026
Haryana,Sonipat,Gohana APMC,Onion,Other,Medium,800,1600,1200,09/04/2026
Haryana,Hissar,Hansi APMC,Onion,Other,Grade Range-1,800,1500,1200,09/04/2026
Haryana,Mahendragarh-Narnaul,Mohindergarh APMC,Onion,Onion,FAQ,700,900,800,09/04/2026
Haryana,Sonipat,Sonepat APMC,Onion,Onion,FAQ,1000,1500,1000,09/04/2026
Haryana,Yamuna Nagar,Chhachrauli APMC,Onion,Onion,Medium,1500,2250,1650,09/04/2026
Haryana,Hissar,Uklana APMC,Onion,Onion,Medium,1500,1600,1600,09/04/2026
Haryana,Panipat,Madlauda APMC,Onion,Onion,FAQ,1500,1500,1500,09/04/2026
Haryana,Rewari,Kosli APMC,Onion,Other,FAQ,2000,2000,2000,09/04/2026
Haryana,Gurgaon,Gurgaon APMC,Onion,Other,Grade B,1000,2000,1500,09/04/2026
Haryana,Mahendragarh-Narnaul,Narnaul APMC,Onion,Onion,Medium,800,1000,1000,09/04/2026
Haryana,Panchkula,Barwala APMC,Onion,Onion,FAQ,1500,1500,1500,09/04/2026
Haryana,Sirsa,Sirsa APMC,Onion,Other,FAQ,1300,1400,1300,09/04/2026
Haryana,Panipat,Samalkha APMC,Onion,Other,FAQ,1200,1300,1300,09/04/2026
Haryana,Rohtak,Rohtak APMC,Onion,Other,Medium,800,1200,1000,09/04/2026
Haryana,Jhajar,Jhajjar APMC,Onion,Other,Medium,800,800,800,09/04/2026
Haryana,Panipat,Panipat APMC,Onion,Onion,Local,500,1300,900,09/04/2026
Haryana,Panchkula,Raipur Rai APMC,Onion,Onion,Local,1800,2000,1800,09/04/2026
Haryana,Kaithal,Dhand APMC,Onion,Other,Medium,2000,2200,2150,09/04/2026
Haryana,Kaithal,Siwan APMC,Onion,Other,FAQ,1600,1750,1700,09/04/2026
Haryana,Yamuna Nagar,Chhachrauli APMC,Onion Green,Other,Medium,1400,1500,1400,09/04/2026
Punjab,Patiala,Patiala APMC,Onion,Onion,Grade B,1200,1600,1400,09/04/2026
Punjab,Ropar (Rupnagar),Morinda APMC,Onion,Onion,Medium,1400,2000,1700,09/04/2026
Punjab,Gurdaspur,Gurdaspur APMC,Onion,Other,Grade A,1300,1300,1300,09/04/2026
Punjab,Ludhiana,Ludhiana APMC,Onion,Other,FAQ,500,1600,1100,09/04/2026
Punjab,Gurdaspur,Dinanagar APMC,Onion,Other,Medium,1500,1700,1600,09/04/2026
Punjab,Ropar (Rupnagar),Chamkaur Sahib APMC,Onion,Onion,Medium,1600,1600,1600,09/04/2026
Punjab,Mohali,Kurali APMC,Onion,Other,Medium,1300,1500,1400,09/04/2026
Punjab,Patiala,Ghanaur APMC,Onion,Other,FAQ,1300,1500,1400,09/04/2026
Punjab,Mohali,Kharar APMC,Onion,Other,Non-FAQ,1300,2000,1500,09/04/2026
Punjab,Hoshiarpur,Mukerian APMC,Onion,Onion,Grade B,1300,1500,1400,09/04/2026
Punjab,Ludhiana,Sahnewal APMC,Onion,Onion,FAQ,1700,1700,1700,09/04/2026
Punjab,Sangrur,Bhawanigarh APMC,Onion,Other,Medium,1200,1400,1300,09/04/2026
Punjab,Bhatinda,Bhagta Bhai Ka APMC,Onion,Other,Medium,1900,1900,1900,09/04/2026
Punjab,Gurdaspur,F.G.Churian APMC,Onion,Onion,Grade A,1300,1300,1300,09/04/2026
Punjab,Ferozpur,Zira APMC,Onion,Onion,Local,1400,1400,1400,09/04/2026
Punjab,Jalandhar,Jalandhar City(Jalandhar) APMC,Onion,Other,FAQ,600,1300,900,09/04/2026
Punjab,Hoshiarpur,GarhShankar (Kotfatuhi) APMC,Onion,Other,FAQ,1100,1100,1100,09/04/2026
Punjab,Patiala,Nabha APMC,Onion,Other,Grade C,700,1200,900,09/04/2026
Punjab,Ludhiana,Khanna APMC,Onion,Onion,Grade A,1200,1200,1200,09/04/2026
Punjab,Patiala,Patran APMC,Onion,Other,Grade A,630,630,630,09/04/2026
Punjab,Gurdaspur,Quadian APMC,Onion,Other,FAQ,1200,1400,1300,09/04/2026
Punjab,Amritsar,Rayya APMC,Onion,Red,FAQ,1210,1210,1210,09/04/2026
Punjab,Ropar (Rupnagar),Ropar APMC,Onion,Nasik,Non-FAQ,1400,1600,1500,09/04/2026
Punjab,Moga,Nihal Singh Wala APMC,Onion,Onion,FAQ,1800,1800,1800,09/04/2026
Punjab,Fatehgarh,Bassi Pathana APMC,Onion,Onion,Medium,1800,1800,1800,09/04/2026
Punjab,Fazilka,Fazilka APMC,Onion,Onion,FAQ,2000,2000,2000,09/04/2026
Punjab,Nawanshahr,Nawan Shahar(Subzi Mandi) APMC,Onion,Onion,FAQ,1200,1400,1300,09/04/2026
Punjab,Tarntaran,Tarantaran APMC,Onion,Other,Local,1600,1600,1600,09/04/2026
Punjab,Muktsar,Giddarbaha APMC,Onion,Onion,FAQ,1500,1500,1500,09/04/2026
Punjab,Hoshiarpur,Garh Shankar APMC,Onion,Onion,FAQ,1000,1000,1000,09/04/2026
Punjab,Hoshiarpur,Tanda Urmur APMC,Onion,Onion,Grade A,1800,2000,1900,09/04/2026
Punjab,Bhatinda,Talwandi Sabo APMC,Onion,Other,Grade A,1400,1600,1500,09/04/2026
Punjab,Jalandhar,Phillaur(Apra Mandi) APMC,Onion,Other,FAQ,1500,1500,1500,09/04/2026
Punjab,Mohali,Banur APMC,Onion,Other,Local,1580,1580,1580,09/04/2026
Punjab,Sangrur,Lehra Gaga APMC,Onion,Other,Grade A,900,900,900,09/04/2026
Punjab,Moga,Baghapurana APMC,Onion,Onion,Grade B,1400,2000,1800,09/04/2026
Punjab,Sangrur,Dhuri APMC,Onion,Onion,Medium,1500,1700,1600,09/04/2026
Punjab,Hoshiarpur,Garh Shankar(Mahalpur) APMC,Onion,Onion,FAQ,1100,1100,1100,09/04/2026
Punjab,Mansa,Mansa APMC,Onion,Nasik,FAQ,1890,1890,1890,09/04/2026
Punjab,Ludhiana,Doraha APMC,Onion,Medium,Local,1700,2200,2000,09/04/2026
Punjab,Fazilka,Jalalabad APMC,Onion,Other,Medium,1400,1600,1500,09/04/2026
Punjab,Fazilka,Jalalabad APMC,Onion Green,Onion Green,Medium,1300,1350,1300,09/04/2026
Punjab,Patiala,Patiala APMC,Onion Green,Onion Green,Grade B,700,1000,900,09/04/2026
Andhra Pradesh,Kurnool,Kurnool APMC,Onion,Local,Local,444,1125,645,09/04/2026
West Bengal,Hooghly,Sheoraphuly APMC,Onion,Local,FAQ,875,925,900,09/04/2026
West Bengal,Malda,Gajol APMC,Onion,Nasik,FAQ,1700,1900,1800,09/04/2026
West Bengal,North 24 Parganas,Habra APMC,Onion,Onion,FAQ,1000,1000,1000,09/04/2026
West Bengal,Paschim Bardhaman,Durgapur APMC,Onion,Nasik,FAQ,1400,1600,1550,09/04/2026
West Bengal,Dakshin Dinajpur,Balurghat APMC,Onion,1st Sort,FAQ,1200,1600,1400,09/04/2026
West Bengal,Kolkata,Bara Bazar (Posta Bazar) APMC,Onion,Other,FAQ,900,1400,1225,09/04/2026
West Bengal,Birbhum,Bolpur APMC,Onion,Onion,FAQ,1800,2000,1900,09/04/2026
West Bengal,Jalpaiguri,Dhupguri APMC,Onion,Nasik,FAQ,1800,2000,1900,09/04/2026
West Bengal,Nadia,Nadia APMC,Onion,Local,FAQ,1400,1600,1500,09/04/2026
West Bengal,Jalpaiguri,Jalpaiguri Sadar APMC,Onion,Nasik,FAQ,1900,2000,2000,09/04/2026
West Bengal,Malda,Samsi APMC,Onion,Nasik,FAQ,1750,2000,1950,09/04/2026
West Bengal,Bankura,Bishnupur(Bankura) APMC,Onion,Nasik,Non-FAQ,1500,2000,1800,09/04/2026
West Bengal,Darjeeling,Siliguri APMC,Onion,Onion,FAQ,1900,2100,2000,09/04/2026
West Bengal,Hooghly,Kalipur APMC,Onion,Nasik,FAQ,1400,1700,1500,09/04/2026
West Bengal,Medinipur(W),Garbeta(Medinipur) APMC,Onion,Onion,FAQ,1400,1500,1450,09/04/2026
West Bengal,Hooghly,Pandua APMC,Onion,Dry F.A.Q.,FAQ,1250,1575,1350,09/04/2026
West Bengal,Uttar Dinajpur,Islampur APMC,Onion,Dry F.A.Q.,FAQ,1200,1300,1250,09/04/2026
West Bengal,Murshidabad,Jangipur APMC,Onion,Bellary,FAQ,750,850,800,09/04/2026
West Bengal,Howrah,Ramkrishanpur(Howrah) APMC,Onion,Nasik,FAQ,1200,2400,1800,09/04/2026
West Bengal,Dakshin Dinajpur,Gangarampur(Dakshin Dinajpur) APMC,Onion,1st Sort,FAQ,1000,1500,1400,09/04/2026
West Bengal,Medinipur(W),Medinipur(West) APMC,Onion,Onion,FAQ,1250,1350,1300,09/04/2026
West Bengal,Howrah,Uluberia APMC,Onion,Nasik,FAQ,1200,2400,1800,09/04/2026
West Bengal,Puruliya,Balarampur APMC,Onion,Other,Local,1000,1300,1200,09/04/2026
West Bengal,Sounth 24 Parganas,Diamond Harbour(South 24-pgs) APMC,Onion,Onion,FAQ,1500,1700,1600,09/04/2026
West Bengal,Purba Bardhaman,Katwa APMC,Onion,Onion,FAQ,1950,1975,1960,09/04/2026
West Bengal,Medinipur(E),Tamluk (Medinipur E) APMC,Onion,Onion,FAQ,1000,1400,1200,09/04/2026
West Bengal,Nadia,Bethuadahari APMC,Onion,Local,Grade Range-1,1000,1200,1100,09/04/2026
West Bengal,Birbhum,Sainthia APMC,Onion,Onion,FAQ,1800,2000,1900,09/04/2026
West Bengal,Darjeeling,Karsiyang(Matigara) APMC,Onion,Nasik,FAQ,2700,2900,2800,09/04/2026
West Bengal,Nadia,Karimpur APMC,Onion,Local,Grade A,1000,1200,1100,09/04/2026
West Bengal,Medinipur(W),Ghatal APMC,Onion,Onion,Medium,1630,1650,1640,09/04/2026
West Bengal,Hooghly,Champadanga APMC,Onion,Other,FAQ,850,950,900,09/04/2026
West Bengal,Nadia,Ranaghat APMC,Onion,Other,FAQ,1300,1600,1400,09/04/2026
West Bengal,Nadia,Chakdah APMC,Onion,Other,FAQ,1250,1400,1300,09/04/2026
West Bengal,Bankura,Bankura Sadar APMC,Onion,Nasik,FAQ,1400,1550,1500,09/04/2026
West Bengal,Birbhum,Rampurhat APMC,Onion,Other,FAQ,1800,2000,1900,09/04/2026
West Bengal,Paschim Bardhaman,Asansol APMC,Onion,Nasik,FAQ,1450,1550,1500,09/04/2026
West Bengal,Nadia,Kalyani APMC,Onion,Onion,Local,1600,1800,1700,09/04/2026
West Bengal,North 24 Parganas,Barasat APMC,Onion,Other,FAQ,1000,1000,1000,09/04/2026
West Bengal,Birbhum,Birbhum APMC,Onion,Other,FAQ,1800,2000,1900,09/04/2026
Odisha,Kalahandi,Kesinga APMC,Onion,Local,Grade B,1000,1400,1200,09/04/2026
Odisha,Balasore,Jaleswar APMC,Onion,Other,Local,1300,1800,1500,09/04/2026
Odisha,Boudh,Boudh APMC,Onion,Other,Local,1800,2200,2000,09/04/2026
Odisha,Dhenkanal,Kamakhyanagar APMC,Onion,Onion,Grade A,2000,2000,2000,09/04/2026
Odisha,Rayagada,Rayagada APMC,Onion,Nasik,Medium,1800,1900,1900,09/04/2026
Odisha,Bargarh,Bargarh APMC,Onion,Onion,Local,1400,1700,1600,09/04/2026
Odisha,Sambalpur,Rairakhol APMC,Onion,Onion,Grade B,1000,1800,1200,09/04/2026
Odisha,Sundergarh,Sargipali APMC,Onion,Other,FAQ,1300,1500,1400,09/04/2026
Odisha,Mayurbhanja,Udala APMC,Onion,Onion,FAQ,1500,1500,1500,09/04/2026
Odisha,Dhenkanal,Hindol APMC,Onion,Other,Grade B,1700,2000,1800,09/04/2026
Odisha,Bolangir,Tusura APMC,Onion,Other,Grade A,2000,2000,2000,09/04/2026
Odisha,Khurda,Balugaon APMC,Onion,Other,Grade A,1600,1600,1600,09/04/2026
Odisha,Sonepur,Birmaharajpur APMC,Onion,Onion,Local,1800,2000,1900,09/04/2026
Telangana,Ranga Reddy,"Kukatpally,RBZ APMC",Onion,Other,Medium,500,1200,850,09/04/2026
Telangana,Hyderabad,Hyderabad (F&V) APMC,Onion,Onion,Small,200,700,500,09/04/2026
Telangana,Hyderabad,Hyderabad (F&V) APMC,Onion,Onion,Medium,800,1200,900,09/04/2026
Telangana,Hyderabad,Gudimalkapur APMC,Onion,Onion,Grade B,300,1500,900,09/04/2026
Telangana,Hyderabad,Bowenpally APMC,Onion,Onion,FAQ,600,1200,1100,09/04/2026
Telangana,Hyderabad,Gudimalkapur APMC,Onion Green,Onion Green,Grade B,800,1000,900,09/04/2026
Telangana,Hyderabad,Bowenpally APMC,Onion Green,Onion Green,FAQ,1000,3000,2500,09/04/2026
Kerala,Malappuram,Parappanangadi APMC,Onion,Small,Grade A,4700,4900,4800,09/04/2026
Kerala,Kottayam,Ettumanoor APMC,Onion,Big,FAQ,1800,2200,2000,09/04/2026
Kerala,Alappuzha,Kayamkulam APMC,Onion,Big,FAQ,1900,2100,2000,09/04/2026
Kerala,Kozhikode(Calicut),Kallachi APMC,Onion,Big,FAQ,1800,2200,2000,09/04/2026
Kerala,Alappuzha,Harippad APMC,Onion,Big,FAQ,2000,2500,2000,09/04/2026
Kerala,Alappuzha,Harippad APMC,Onion,Small,FAQ,4000,4500,4000,09/04/2026
Kerala,Alappuzha,Kayamkulam APMC,Onion,Small,FAQ,2800,3000,2900,09/04/2026
Kerala,Kozhikode(Calicut),Mukkom APMC,Onion,Onion,FAQ,1900,2100,2000,09/04/2026
Kerala,Kannur,Kannur APMC,Onion,Onion,Grade A,2000,2200,2100,09/04/2026
Kerala,Palakad,Koduvayoor APMC,Onion,Small,Medium,3600,4000,3800,09/04/2026
Kerala,Kottayam,Pala APMC,Onion,Onion,FAQ,3600,5000,4200,09/04/2026
Kerala,Kottayam,Pala APMC,Onion,Big,FAQ,2200,3000,2600,09/04/2026
Kerala,Ernakulam,Thrippunithura APMC,Onion,Big,Medium,2100,2600,2100,09/04/2026
Kerala,Kottayam,Kuruppanthura APMC,Onion,Big,Local,2600,2600,2600,09/04/2026
Kerala,Kannur,Thalasserry APMC,Onion,1st Sort,FAQ,1800,2600,2000,09/04/2026
Kerala,Kollam,Chathanoor APMC,Onion,Other,FAQ,3300,3700,3500,09/04/2026
Kerala,Ernakulam,Perumbavoor APMC,Onion,Onion,Medium,1500,2500,2000,09/04/2026
Kerala,Malappuram,Perinthalmanna APMC,Onion,Onion,Large,2100,2100,2100,09/04/2026
Kerala,Palakad,Koduvayoor APMC,Onion,Big,Medium,1800,2200,2000,09/04/2026
Kerala,Alappuzha,Chengannur APMC,Onion,Onion,FAQ,1800,2100,1900,09/04/2026
Kerala,Alappuzha,Aroor APMC,Onion,Big,FAQ,2400,2600,2500,09/04/2026
Kerala,Ernakulam,Piravam APMC,Onion,Onion,Local,2200,3000,2500,09/04/2026
Kerala,Kollam,Anchal APMC,Onion,Big,Local,2600,2600,2600,09/04/2026
Kerala,Malappuram,Parappanangadi APMC,Onion,Other,FAQ,1700,1900,1800,09/04/2026
Kerala,Alappuzha,Aroor APMC,Onion,Small,FAQ,5600,5800,5700,09/04/2026
Kerala,Kollam,Anchal APMC,Onion,Small,Local,2800,2800,2800,09/04/2026
Uttarakhand,Udhamsinghnagar,Kashipur APMC,Onion,Other,Local,1600,1600,1600,09/04/2026
Uttarakhand,Udhamsinghnagar,Khateema APMC,Onion,Other,Grade A,1000,1200,1100,09/04/2026
Uttarakhand,Garhwal (Pauri),Kotadwara APMC,Onion,Onion,FAQ,1000,1000,1000,09/04/2026
Uttarakhand,Nanital,Haldwani APMC,Onion,Other,FAQ,1000,1200,1100,09/04/2026
Uttarakhand,Dehradoon,Dehradoon APMC,Onion,Nasik,FAQ,1250,1600,1500,09/04/2026
Uttarakhand,Udhamsinghnagar,Sitarganj APMC,Onion,Onion,Local,1000,1500,1200,09/04/2026
Uttarakhand,Udhamsinghnagar,Kicchha APMC,Onion,Nasik,Non-FAQ,700,900,800,09/04/2026
Uttarakhand,Udhamsinghnagar,Rudrapur APMC,Onion,Other,Medium,1400,1600,1500,09/04/2026
Uttarakhand,Haridwar,Haridwar Union APMC,Onion,Onion,FAQ,1200,1500,1300,09/04/2026
Uttarakhand,Haridwar,Roorkee APMC,Onion,Other,Medium,2000,4000,3000,09/04/2026
Uttarakhand,Dehradoon,Rishikesh APMC,Onion,Other,Medium,1650,1800,1700,09/04/2026
Uttarakhand,Dehradoon,Vikasnagar APMC,Onion,Other,Medium,700,1000,1000,09/04/2026
Himachal Pradesh,Solan,SMY Nalagarh,Onion,Other,Medium,1200,2000,1600,09/04/2026
Himachal Pradesh,Mandi,SMY Takoli,Onion,Other,Medium,1500,2000,1800,09/04/2026
Himachal Pradesh,Una,SMY Santoshgarh,Onion,Onion,FAQ,1200,1600,1400,09/04/2026
Himachal Pradesh,Kangra,SMY Baijnath,Onion,Onion,Grade A,2000,2100,2100,09/04/2026
Himachal Pradesh,Kangra,SMY Palampur,Onion,Onion,FAQ,2000,2200,2100,09/04/2026
Himachal Pradesh,Solan,PMY Kather Solan,Onion,Other,Medium,1300,2000,1800,09/04/2026
Himachal Pradesh,Una,SMY Takarla,Onion,Other,FAQ,1300,2000,1600,09/04/2026
Himachal Pradesh,Hamirpur,PMY Hamirpur,Onion,Other,Grade B,1800,2200,2000,09/04/2026
Himachal Pradesh,Kangra,SMY Dharamshala,Onion,Onion,FAQ,2000,2400,2200,09/04/2026
Himachal Pradesh,Hamirpur,SMY Nadaun,Onion,Other,Grade B,1800,2200,2000,09/04/2026
Himachal Pradesh,Chamba,PMY Chamba,Onion,Onion,Medium,1800,2000,1900,09/04/2026
Himachal Pradesh,Mandi,SMY Dhanotu,Onion,Onion,FAQ,1600,2000,1800,09/04/2026
Himachal Pradesh,Una,PMY Una,Onion,Onion,FAQ,1600,2000,1800,09/04/2026
Himachal Pradesh,Kullu,PMY Kullu,Onion,Other,FAQ,1800,2200,2000,09/04/2026
Himachal Pradesh,Mandi,PMY Kangni Mandi,Onion,Onion,Grade B,1300,2000,1600,09/04/2026
Tamil Nadu,Salem,Athur(Uzhavar Sandhai ) APMC,Tomato,Local,Local,1500,1800,1650,09/04/2026
Tamil Nadu,Nagapattinam,Vedaranyam(Uzhavar Sandhai),Tomato,Deshi,Local,1400,1600,1500,09/04/2026
Tamil Nadu,Coimbatore,Udumalpet APMC,Tomato,Deshi,Local,1500,1800,1650,09/04/2026
Tamil Nadu,Vellore,Katpadi (Uzhavar Sandhai ) APMC,Tomato,Deshi,Local,1500,2000,1750,09/04/2026
Tamil Nadu,Pudukkottai,Ponnamaravathi(Uzhavar Sandhai),Tomato,Deshi,Local,2000,2500,2250,09/04/2026
Tamil Nadu,Salem,Vazhapadi(Uzhavar Sandhai),Tomato,Deshi,Local,1200,1800,1500,09/04/2026
Tamil Nadu,Thiruvannamalai,Cheyyar(Uzhavar Sandhai ) APMC,Tomato,Local,Local,1200,1500,1350,09/04/2026
Tamil Nadu,Vellore,Kahithapattarai(Uzhavar Sandhai ) APMC,Tomato,Local,Local,1800,1800,1800,09/04/2026
Tamil Nadu,Villupuram,Villupuram(Uzhavar Sandhai ) APMC,Tomato,Deshi,Local,2000,2000,2000,09/04/2026
Tamil Nadu,Virudhunagar,Sivakasi(Uzhavar Sandhai ) APMC,Tomato,Deshi,Local,1500,2000,1750,09/04/2026
Tamil Nadu,Chengalpattu,Madhuranthagam(Uzhavar Sandhai ) APMC,Tomato,Deshi,Local,1500,2000,1750,09/04/2026
Tamil Nadu,Chengalpattu,Jameenrayapettai(Uzhavar Sandhai ) APMC,Tomato,Other,Local,1500,2000,1750,09/04/2026
Tamil Nadu,Thirupur,Dharapuram(Uzhavar Sandhai ) APMC,Tomato,Local,Local,1500,2000,1750,09/04/2026
Tamil Nadu,Thirupathur,Natrampalli(Uzhavar Sandhai ) APMC,Tomato,Deshi,Local,1000,1500,1250,09/04/2026
Tamil Nadu,Tenkasi,Tenkasi(Uzhavar Sandhai ) APMC,Tomato,Local,Local,1500,1500,1500,09/04/2026
Tamil Nadu,Tenkasi,Sankarankoil(Uzhavar Sandhai ) APMC,Tomato,Local,Local,1500,1500,1500,09/04/2026
Tamil Nadu,Salem,Sooramangalam(Uzhavar Sandhai ) APMC,Tomato,Other,Local,1000,1400,1200,09/04/2026
Tamil Nadu,Thanjavur,Tirukattupalli(Uzhavar Sandhai ) APMC,Tomato,Deshi,Local,2200,2200,2200,09/04/2026
Tamil Nadu,Thirunelveli,Kandiyaperi(Uzhavar Sandhai ) APMC,Tomato,Other,Local,2200,2500,2350,09/04/2026
Tamil Nadu,Thirunelveli,NGO Colony(Uzhavar Sandhai ) APMC,Tomato,Other,Local,2200,2500,2350,09/04/2026
Tamil Nadu,Thiruvellore,Perambakkam(Uzhavar Sandhai ) APMC,Tomato,Deshi,Local,2000,2000,2000,09/04/2026
Tamil Nadu,Thiruvarur,Muthupettai(Uzhavar Sandhai ) APMC,Tomato,Deshi,Local,2000,2000,2000,09/04/2026
Tamil Nadu,Thiruvarur,Mannargudi II(Uzhavar Sandhai ) APMC,Tomato,Deshi,Local,2000,2000,2000,09/04/2026
Tamil Nadu,Thiruvannamalai,Tamarainagar(Uzhavar Sandhai ) APMC,Tomato,Deshi,Local,1200,1500,1350,09/04/2026
Tamil Nadu,Thiruchirappalli,Manapparai(Uzhavar Sandhai ) APMC,Tomato,Other,Local,1500,1500,1500,09/04/2026
Tamil Nadu,Cuddalore,Cuddalore(Uzhavar Sandhai ) APMC,Tomato,Deshi,Local,1600,1600,1600,09/04/2026
Tamil Nadu,Kancheepuram,Sunguvarchatram(Uzhavar Sandhai ) APMC,Tomato,Deshi,Local,1500,2000,1750,09/04/2026
Tamil Nadu,Karur,Kulithalai(Uzhavar Sandhai ) APMC,Tomato,Deshi,Local,1800,2000,1900,09/04/2026
Tamil Nadu,Namakkal,Kumarapalayam(Uzhavar Sandhai ) APMC,Tomato,Deshi,Local,1500,2000,1750,09/04/2026
Tamil Nadu,Pudukkottai,Aranthangi(Uzhavar Sandhai ) APMC,Tomato,Deshi,Local,2000,2500,2250,09/04/2026
Tamil Nadu,Pudukkottai,Alangudi(Uzhavar Sandhai ) APMC,Tomato,Other,Local,2000,2500,2250,09/04/2026
Tamil Nadu,Erode,Sampath Nagar(Uzhavar Sandhai ) APMC,Tomato,Other,Local,1500,1800,1650,09/04/2026
Tamil Nadu,Erode,Sathiyamagalam(Uzhavar Sandhai ) APMC,Tomato,Local,Local,1500,2000,1750,09/04/2026
Tamil Nadu,Thiruvarur,Valangaiman APMC,Tomato,Deshi,Local,1500,1500,1500,09/04/2026
Tamil Nadu,Vellore,Vellore APMC,Tomato,Deshi,Local,1200,1500,1350,09/04/2026
Tamil Nadu,Vellore,Thirupathur APMC,Tomato,Deshi,Local,2000,2000,2000,09/04/2026
Tamil Nadu,Theni,Andipatti(Uzhavar Sandhai ) APMC,Tomato,Deshi,Local,1600,1800,1700,09/04/2026
Tamil Nadu,Coimbatore,Sulur(Uzhavar Sandhai ) APMC,Tomato,Deshi,Local,1800,2000,1900,09/04/2026
Tamil Nadu,Thiruvarur,Tiruvarur(Uzhavar Sandhai ) APMC,Tomato,Deshi,Local,2000,2000,2000,09/04/2026
Tamil Nadu,Salem,Mecheri(Uzhavar Sandhai),Tomato,Other,Local,1500,2000,1750,09/04/2026
Tamil Nadu,Virudhunagar,Virudhunagar(Uzhavar Sandhai ) APMC,Tomato,Deshi,Local,1000,1500,1250,09/04/2026
Tamil Nadu,Virudhunagar,Sathur(Uzhavar Sandhai ) APMC,Tomato,Deshi,Local,1800,2000,1900,09/04/2026
Tamil Nadu,Chengalpattu,Thirukalukundram(Uzhavar Sandhai ) APMC,Tomato,Deshi,Local,1800,2000,1900,09/04/2026
Tamil Nadu,Ranipet,Ranipettai(Uzhavar Sandhai ) APMC,Tomato,Other,Local,1500,1800,1650,09/04/2026
Tamil Nadu,Ranipet,Arcot(Uzhavar Sandhai ) APMC,Tomato,Local,Local,1500,1500,1500,09/04/2026
Tamil Nadu,Thirupur,Tiruppur (North) (Uzhavar Sandhai ) APMC,Tomato,Local,Local,1500,1800,1650,09/04/2026
Tamil Nadu,Kallakuruchi,Sankarapuram(Uzhavar Sandhai ) APMC,Tomato,Deshi,Local,1800,2000,1900,09/04/2026
Tamil Nadu,Dindigul,Palani(Uzhavar Sandhai ) APMC,Tomato,Deshi,Local,1000,1800,1400,09/04/2026
Tamil Nadu,Erode,Periyar Nagar(Uzhavar Sandhai ) APMC,Tomato,Other,Local,1500,1800,1650,09/04/2026
Tamil Nadu,Erode,Perundurai(Uzhavar Sandhai ) APMC,Tomato,Deshi,Local,1600,1800,1700,09/04/2026
Tamil Nadu,Erode,Thalavadi(Uzhavar Sandhai ) APMC,Tomato,Other,Local,1400,1600,1500,09/04/2026
Tamil Nadu,Krishnagiri,Krishnagiri(Uzhavar Sandhai ) APMC,Tomato,Deshi,Local,800,1200,1000,09/04/2026
Tamil Nadu,Krishnagiri,Denkanikottai(Uzhavar Sandhai ) APMC,Tomato,Deshi,Local,1500,2000,1750,09/04/2026
Tamil Nadu,Madurai,Anna nagar(Uzhavar Sandhai ) APMC,Tomato,Deshi,Local,1600,1800,1700,09/04/2026
Tamil Nadu,Namakkal,Namakkal(Uzhavar Sandhai ) APMC,Tomato,Local,Local,1500,2000,1750,09/04/2026
Tamil Nadu,Salem,Mettur(Uzhavar Sandhai ) APMC,Tomato,Local,Local,1500,2000,1750,09/04/2026
Tamil Nadu,Salem,Attayampatti(Uzhavar Sandhai ) APMC,Tomato,Deshi,Local,1400,1800,1600,09/04/2026
Tamil Nadu,Thirunelveli,Melapalayam(Uzhavar Sandhai ) APMC,Tomato,Other,Local,2200,2500,2350,09/04/2026
Tamil Nadu,Thiruvellore,Tiruthani(Uzhavar Sandhai ) APMC,Tomato,Deshi,Local,1500,1500,1500,09/04/2026
Tamil Nadu,Thiruvellore,Ambattur(Uzhavar Sandhai ) APMC,Tomato,Deshi,Local,2000,2000,2000,09/04/2026
Tamil Nadu,Thiruvellore,Naravarikuppam(Uzhavar Sandhai ) APMC,Tomato,Deshi,Local,2000,2000,2000,09/04/2026
Tamil Nadu,Thiruvannamalai,Tiruvannamalai(Uzhavar Sandhai ) APMC,Tomato,Deshi,Local,1500,1800,1650,09/04/2026
Tamil Nadu,Thiruvannamalai,Chengam(Uzhavar Sandhai ) APMC,Tomato,Deshi,Local,1000,1500,1250,09/04/2026
Tamil Nadu,Thiruvannamalai,Vandavasi(Uzhavar Sandhai ) APMC,Tomato,Other,Local,800,1000,900,09/04/2026
Tamil Nadu,Dharmapuri,Harur(Uzhavar Sandhai ) APMC,Tomato,Local,Local,1500,1800,1650,09/04/2026
Tamil Nadu,Krishnagiri,Kaveripattinam(Uzhavar Sandhai ) APMC,Tomato,Local,Local,2000,2000,2000,09/04/2026
Tamil Nadu,The Nilgiris,Coonoor(Uzhavar Sandhai ) APMC,Tomato,Local,Local,2200,2400,2300,09/04/2026
Tamil Nadu,The Nilgiris,Gudalur(Uzhavar Sandhai ) APMC,Tomato,Deshi,Local,2000,2400,2200,09/04/2026
Tamil Nadu,Virudhunagar,Srivilliputhur(Uzhavar Sandhai ) APMC,Tomato,Deshi,Local,1500,2000,1750,09/04/2026
Tamil Nadu,Erode,Gobichettipalayam(Uzhavar Sandhai ) APMC,Tomato,Deshi,Local,1400,1800,1600,09/04/2026
Tamil Nadu,Villupuram,Ulundurpettai APMC,Tomato,Deshi,Local,1800,1800,1800,09/04/2026
Tamil Nadu,Coimbatore,Vadavalli(Uzhavar Sandhai ) APMC,Tomato,Local,Local,1800,2000,1900,09/04/2026
Tamil Nadu,Cuddalore,Chidambaram(Uzhavar Sandhai ) APMC,Tomato,Local,Local,2000,2000,2000,09/04/2026
Tamil Nadu,Cuddalore,Panruti(Uzhavar Sandhai ) APMC,Tomato,Deshi,Local,2000,2000,2000,09/04/2026
Tamil Nadu,Dharmapuri,Pennagaram(Uzhavar Sandhai ) APMC,Tomato,Local,Local,1800,2000,1900,09/04/2026
Tamil Nadu,Kancheepuram,Padappai(Uzhavar Sandhai ) APMC,Tomato,Local,Local,1200,1800,1500,09/04/2026
Tamil Nadu,Kancheepuram,Kundrathur(Uzhavar Sandhai ) APMC,Tomato,Other,Local,1600,1800,1700,09/04/2026
Tamil Nadu,Krishnagiri,Avallapalli(Uzhavar Sandhai ) APMC,Tomato,Deshi,Local,1000,1500,1250,09/04/2026
Tamil Nadu,Nagapattinam,Sirkali(Uzhavar Sandhai ) APMC,Tomato,Deshi,Local,2000,2200,2100,09/04/2026
Tamil Nadu,Perambalur,Perambalur(Uzhavar Sandhai ) APMC,Tomato,Local,Local,1500,2000,1750,09/04/2026
Tamil Nadu,Pudukkottai,Pudukottai(Uzhavar Sandhai ) APMC,Tomato,Other,Local,2000,2500,2250,09/04/2026
Tamil Nadu,Pudukkottai,Viralimalai(Uzhavar Sandhai ) APMC,Tomato,Deshi,Local,2000,2500,2250,09/04/2026
Tamil Nadu,Villupuram,Gingee(Uzhavar Sandhai ) APMC,Tomato,Deshi,Local,1500,1500,1500,09/04/2026
Tamil Nadu,Virudhunagar,Aruppukottai(Uzhavar Sandhai ) APMC,Tomato,Deshi,Local,1500,2000,1750,09/04/2026
Tamil Nadu,Virudhunagar,Rajapalayam(Uzhavar Sandhai ) APMC,Tomato,Deshi,Local,1800,2200,2000,09/04/2026
Tamil Nadu,Virudhunagar,Thalavaipuram(Uzhavar Sandhai ) APMC,Tomato,Deshi,Local,1800,2200,2000,09/04/2026
Tamil Nadu,Chengalpattu,Nanganallur(Uzhavar Sandhai ) APMC,Tomato,Deshi,Local,1500,2000,1750,09/04/2026
Tamil Nadu,Chengalpattu,Guduvancheri(Uzhavar Sandhai ) APMC,Tomato,Deshi,Local,1500,2000,1750,09/04/2026
Tamil Nadu,Nagercoil (Kannyiakumari),Vadaseri APMC,Tomato,Deshi,Local,1300,1500,1400,09/04/2026
Tamil Nadu,Pudukkottai,Karambakkudi(Uzhavar Sandhai ) APMC,Tomato,Deshi,Local,1800,2000,1900,09/04/2026
Tamil Nadu,Ramanathapuram,Ramanathapuram(Uzhavar Sandhai ) APMC,Tomato,Deshi,Local,2000,2500,2250,09/04/2026
Tamil Nadu,Ramanathapuram,Paramakudi(Uzhavar Sandhai ) APMC,Tomato,Deshi,Local,2000,2500,2250,09/04/2026
Tamil Nadu,Sivaganga,Sivagangai (Uzhavar Sandhai ) APMC,Tomato,Deshi,Local,1800,2000,1900,09/04/2026
Tamil Nadu,Sivaganga,Karaikudi(Uzhavar Sandhai ) APMC,Tomato,Deshi,Local,2000,2200,2100,09/04/2026
Tamil Nadu,Sivaganga,Tirupatthur(Uzhavar Sandhai ) APMC,Tomato,Other,Local,2000,2200,2100,09/04/2026
Tamil Nadu,Theni,Bodinayakanur(Uzhavar Sandhai ) APMC,Tomato,Other,Local,1800,1800,1800,09/04/2026
Tamil Nadu,Thirunelveli,Palayamkottai(Uzhavar Sandhai ) APMC,Tomato,Deshi,Local,2200,2500,2350,09/04/2026
Tamil Nadu,Thiruvellore,Tiruvallur(Uzhavar Sandhai ) APMC,Tomato,Deshi,Local,2000,2000,2000,09/04/2026
Tamil Nadu,Thiruvellore,Paruthipattu(Uzhavar Sandhai ) APMC,Tomato,Local,Local,2000,2000,2000,09/04/2026
Tamil Nadu,Thiruvannamalai,Arani(Uzhavar Sandhai ) APMC,Tomato,Deshi,Local,1200,1500,1350,09/04/2026
Tamil Nadu,Thiruvannamalai,Keelpennathur(Uzhavar Sandhai ) APMC,Tomato,Deshi,Local,2000,2500,2250,09/04/2026
Tamil Nadu,Thiruchirappalli,Musiri(Uzhavar Sandhai ) APMC,Tomato,Deshi,Local,1000,1800,1400,09/04/2026
Tamil Nadu,Nagapattinam,Mayiladuthurai(Uzhavar Sandhai ) APMC,Tomato,Deshi,Local,1500,2000,1750,09/04/2026
Tamil Nadu,Salem,Thammampatti (Uzhavar Sandhai ) APMC,Tomato,Deshi,Local,1000,1800,1400,09/04/2026
Tamil Nadu,Thanjavur,Kumbakonam (Uzhavar Sandhai ) APMC,Tomato,Deshi,Local,1600,2200,1900,09/04/2026
Tamil Nadu,Villupuram,Tindivanam APMC,Tomato,Deshi,Local,1200,1500,1350,09/04/2026
Tamil Nadu,Karur,Gandhigramam(Uzhavar Sandhai),Tomato,Other,Local,1800,2000,1900,09/04/2026
Tamil Nadu,Thiruchirappalli,Thuraiyur APMC,Tomato,Other,Local,1800,1800,1800,09/04/2026
Tamil Nadu,Ariyalur,Ariyalur(Uzhavar Sandhai) APMC,Tomato,Deshi,Local,1800,2000,1900,09/04/2026
Tamil Nadu,Coimbatore,Pollachi(Uzhavar Sandhai ) APMC,Tomato,Deshi,Local,1700,2000,1850,09/04/2026
Tamil Nadu,Coimbatore,Mettupalayam(Uzhavar Sandhai ) APMC,Tomato,Deshi,Local,1600,2000,1800,09/04/2026
Tamil Nadu,Karur,Karur(Uzhavar Sandhai ) APMC,Tomato,Deshi,Local,1600,2000,1800,09/04/2026
Tamil Nadu,Coimbatore,Sundarapuram(Uzhavar Sandhai ) APMC,Tomato,Local,Local,1500,2000,1750,09/04/2026
Tamil Nadu,Cuddalore,Viruthachalam(Uzhavar Sandhai ) APMC,Tomato,Deshi,Local,2000,2000,2000,09/04/2026
Tamil Nadu,Cuddalore,Vadalur(Uzhavar Sandhai ) APMC,Tomato,Local,Local,2000,2000,2000,09/04/2026
Tamil Nadu,Dharmapuri,Dharmapuri(Uzhavar Sandhai ) APMC,Tomato,Local,Local,1300,1400,1350,09/04/2026
Tamil Nadu,Dharmapuri,Palacode(Uzhavar Sandhai ) APMC,Tomato,Local,Local,1200,1500,1350,09/04/2026
Tamil Nadu,Dharmapuri,AJattihalli(Uzhavar Sandhai ) APMC,Tomato,Deshi,Local,1200,1600,1400,09/04/2026
Tamil Nadu,Dindigul,Dindigul(Uzhavar Sandhai ) APMC,Tomato,Deshi,Local,1500,2000,1750,09/04/2026
Tamil Nadu,Karur,Vengamedu(Uzhavar Sandhai ) APMC,Tomato,Deshi,Local,1600,2000,1800,09/04/2026
Tamil Nadu,Madurai,Usilampatti(Uzhavar Sandhai ) APMC,Tomato,Deshi,Local,1600,1800,1700,09/04/2026
Tamil Nadu,Madurai,Anaiyur(Uzhavar Sandhai ) APMC,Tomato,Deshi,Local,1600,1800,1700,09/04/2026
Tamil Nadu,Thiruchirappalli,Manachanallur(Uzhavar Sandhai ) APMC,Tomato,Local,Local,2000,2000,2000,09/04/2026
Tamil Nadu,Nagercoil (Kannyiakumari),Myladi(Uzhavar Sandhai ) APMC,Tomato,Deshi,Local,1500,1800,1650,09/04/2026
Tamil Nadu,Thirupur,Tiruppur (South) (Uzhavar Sandhai ) APMC,Tomato,Local,Local,1200,1400,1300,09/04/2026
Tamil Nadu,Salem,Thathakapatti(Uzhavar Sandhai ) APMC,Tomato,Local,Local,1400,1800,1600,09/04/2026
Tamil Nadu,Salem,Hasthampatti(Uzhavar Sandhai ) APMC,Tomato,Deshi,Local,1200,1500,1350,09/04/2026
Tamil Nadu,Salem,Edapadi (Uzhavar Sandhai ) APMC,Tomato,Other,Local,1500,2000,1750,09/04/2026
Tamil Nadu,Sivaganga,Singampunari(Uzhavar Sandhai ) APMC,Tomato,Local,Local,1500,2000,1750,09/04/2026
Tamil Nadu,Thanjavur,Pattukottai(Uzhavar Sandhai ) APMC,Tomato,Deshi,Local,2200,2200,2200,09/04/2026
Tamil Nadu,Theni,Theni(Uzhavar Sandhai ) APMC,Tomato,Other,Local,1600,1800,1700,09/04/2026
Tamil Nadu,Theni,Kambam(Uzhavar Sandhai ) APMC,Tomato,Other,Local,1600,1800,1700,09/04/2026
Tamil Nadu,Theni,Chinnamanur(Uzhavar Sandhai ) APMC,Tomato,Other,Local,1600,1800,1700,09/04/2026
Tamil Nadu,Thiruvarur,Mannargudi I(Uzhavar Sandhai ) APMC,Tomato,Deshi,Local,2000,2000,2000,09/04/2026
Tamil Nadu,Tuticorin,Kovilpatti(Uzhavar Sandhai ) APMC,Tomato,Local,Local,1500,2000,1750,09/04/2026
Tamil Nadu,Thiruvannamalai,Polur(Uzhavar Sandhai ) APMC,Tomato,Deshi,Local,1200,1500,1350,09/04/2026
Tamil Nadu,Thiruchirappalli,KKNagar(Uzhavar Sandhai ) APMC,Tomato,Deshi,Local,2000,2000,2000,09/04/2026
Tamil Nadu,Salem,Ammapet(Uzhavar Sandhai ) APMC,Tomato,Local,Local,1500,1800,1650,09/04/2026
Tamil Nadu,Theni,Periyakulam(Uzhavar Sandhai ) APMC,Tomato,Other,Local,1600,1800,1700,09/04/2026
Tamil Nadu,Namakkal,Tiruchengode APMC,Tomato,Other,Local,1800,2000,1900,09/04/2026
Tamil Nadu,Ariyalur,Jeyankondam (Uzhavar Sandhai ) APMC,Tomato,Deshi,Local,1600,2000,1800,09/04/2026
Tamil Nadu,Coimbatore,RSPuram(Uzhavar Sandhai ) APMC,Tomato,Local,Local,1800,2000,1900,09/04/2026
Tamil Nadu,Thanjavur,Papanasam(Uzhavar Sandhai ) APMC,Tomato,Deshi,Local,1600,2200,1900,09/04/2026
Tamil Nadu,Dindigul,Vedasanthur(Uzhavar Sandhai ) APMC,Tomato,Local,Local,1500,1800,1650,09/04/2026
Tamil Nadu,Pudukkottai,Gandarvakottai(Uzhavar Sandhai ) APMC,Tomato,Other,Local,2000,2500,2250,09/04/2026
Tamil Nadu,Namakkal,Paramathivelur(Uzhavar Sandhai ) APMC,Tomato,Local,Local,1500,1800,1650,09/04/2026
Tamil Nadu,Dharmapuri,Karimangalam(Uzhavar Sandhai),Tomato,Local,Local,1200,1500,1350,09/04/2026
Tamil Nadu,Vellore,Pallikonda(Uzhavar Sandhai),Tomato,Deshi,Local,1600,1600,1600,09/04/2026
Tamil Nadu,Thanjavur,Peravurani(Uzhavar Sandhai),Tomato,Deshi,Local,2000,2000,2000,09/04/2026
Tamil Nadu,Vellore,Gudiyatham(Uzhavar Sandhai ) APMC,Tomato,Deshi,Local,1500,1500,1500,09/04/2026
Tamil Nadu,Virudhunagar,Kariyapatti(Uzhavar Sandhai ) APMC,Tomato,Deshi,Local,1800,2000,1900,09/04/2026
Tamil Nadu,Chengalpattu,Pallavaram(Uzhavar Sandhai ) APMC,Tomato,Deshi,Local,1500,2000,1750,09/04/2026
Tamil Nadu,Chengalpattu,Medavakkam(Uzhavar Sandhai ) APMC,Tomato,Other,Local,1000,1500,1250,09/04/2026
Tamil Nadu,Thirupur,Palladam(Uzhavar Sandhai ) APMC,Tomato,Local,Local,1500,1800,1650,09/04/2026
Tamil Nadu,Thirupur,Kangayam(Uzhavar Sandhai ) APMC,Tomato,Deshi,Local,1300,1600,1450,09/04/2026
Tamil Nadu,Thirupathur,Vaniyampadi(Uzhavar Sandhai ) APMC,Tomato,Deshi,Local,1500,1500,1500,09/04/2026
Tamil Nadu,Kallakuruchi,Kallakurichi(Uzhavar Sandhai ) APMC,Tomato,Deshi,Local,1800,1800,1800,09/04/2026
Tamil Nadu,Tuticorin,Tuticorin(Uzhavar Sandhai ) APMC,Tomato,Local,Local,1500,2000,1750,09/04/2026
Tamil Nadu,Coimbatore,Kurichi(Uzhavar Sandhai ) APMC,Tomato,Local,Local,1500,1900,1700,09/04/2026
Tamil Nadu,Dindigul,Chinnalapatti(Uzhavar Sandhai ) APMC,Tomato,Deshi,Local,1600,2000,1800,09/04/2026
Tamil Nadu,Karur,Velayuthampalayam(Uzhavar Sandhai ) APMC,Tomato,Other,Local,1600,2000,1800,09/04/2026
Tamil Nadu,Karur,Pallapatti (Uzhavar Sandhai ) APMC,Tomato,Other,Local,2200,2500,2350,09/04/2026
Tamil Nadu,Krishnagiri,Hosur(Uzhavar Sandhai ) APMC,Tomato,Deshi,Local,1000,1500,1250,09/04/2026
Tamil Nadu,Madurai,Chokkikulam(Uzhavar Sandhai ) APMC,Tomato,Deshi,Local,1800,2000,1900,09/04/2026
Tamil Nadu,Madurai,Palanganatham(Uzhavar Sandhai ) APMC,Tomato,Other,Local,1600,1800,1700,09/04/2026
Tamil Nadu,Madurai,Thirumangalam(Uzhavar Sandhai ) APMC,Tomato,Deshi,Local,2500,3000,2750,09/04/2026
Tamil Nadu,Madurai,Melur(Uzhavar Sandhai ) APMC,Tomato,Deshi,Local,1600,1800,1700,09/04/2026
Tamil Nadu,Nagapattinam,Nagapattinam(Uzhavar Sandhai ) APMC,Tomato,Deshi,Local,2000,2500,2250,09/04/2026
Tamil Nadu,The Nilgiris,Udhagamandalam(Uzhavar Sandhai ) APMC,Tomato,Deshi,Local,2000,2300,2150,09/04/2026
Tamil Nadu,Ramanathapuram,Kamuthi(Uzhavar Sandhai ) APMC,Tomato,Deshi,Local,2000,2500,2250,09/04/2026
Tamil Nadu,Salem,Elampillai(Uzhavar Sandhai ) APMC,Tomato,Local,Local,1500,2000,1750,09/04/2026
Tamil Nadu,Salem,Jalagandapuram(Uzhavar Sandhai ) APMC,Tomato,Other,Local,1500,1800,1650,09/04/2026
Tamil Nadu,Sivaganga,Devakottai (Uzhavar Sandhai ) APMC,Tomato,Deshi,Local,2000,2200,2100,09/04/2026
Tamil Nadu,Thanjavur,Thanjavur(Uzhavar Sandhai ) APMC,Tomato,Deshi,Local,2000,2000,2000,09/04/2026
Tamil Nadu,Theni,Devaram(Uzhavar Sandhai ) APMC,Tomato,Deshi,Local,1800,1800,1800,09/04/2026
Tamil Nadu,Thirunelveli,Ambasamudram(Uzhavar Sandhai ) APMC,Tomato,Other,Local,2300,2500,2400,09/04/2026
Tamil Nadu,Thiruvarur,Needamangalam(Uzhavar Sandhai ) APMC,Tomato,Deshi,Local,1800,1800,1800,09/04/2026
Tamil Nadu,Thiruchirappalli,Thiruverumbur(Uzhavar Sandhai ) APMC,Tomato,Other,Local,1800,1800,1800,09/04/2026
Tamil Nadu,Thiruchirappalli,Lalgudi(Uzhavar Sandhai ) APMC,Tomato,Deshi,Local,2000,2000,2000,09/04/2026
Madhya Pradesh,Shivpuri,Karera(F&V) APMC,Tomato,Tomato,Local,800,1500,1000,09/04/2026
Madhya Pradesh,Shivpuri,Shivpuri(F&V) APMC,Tomato,Other,Grade B,1000,1000,1000,09/04/2026
Madhya Pradesh,Morena,Morena APMC,Tomato,Tomato,Non-FAQ,1000,1000,1000,09/04/2026
Madhya Pradesh,Indore,Sanwer(F&V) APMC,Tomato,Tomato,Grade A,800,1500,1200,09/04/2026
Madhya Pradesh,Dewas,Dewas(F&V) APMC,Tomato,Other,FAQ,300,1100,700,09/04/2026
Madhya Pradesh,Burhanpur,Burhanpur(F&V) APMC,Tomato,Other,Local,400,1000,800,09/04/2026
Madhya Pradesh,Sagar,Sagar(F&V) APMC,Tomato,Deshi,Local,300,500,400,09/04/2026
Madhya Pradesh,Dhar,Kukshi(F&V) APMC,Tomato,Tomato,Grade A,400,600,500,09/04/2026
Madhya Pradesh,Khandwa,Sanawad(F&V) APMC,Tomato,Deshi,Grade A,1000,1000,1000,09/04/2026
Madhya Pradesh,Harda,Sirali(F&V) APMC,Tomato,Tomato,Grade A,1000,1000,1000,09/04/2026
Madhya Pradesh,Badwani,Sendhwa(F&V) APMC,Tomato,Hybrid,Medium,1200,1800,1600,09/04/2026
Madhya Pradesh,Badwani,Badwani(F&V) APMC,Tomato,Tomato,Local,700,700,700,09/04/2026
Madhya Pradesh,Hoshangabad,Pipariya(F&V) APMC,Tomato,Tomato,Local,300,950,600,09/04/2026
Madhya Pradesh,Khandwa,Khandwa(F&V) APMC,Tomato,Tomato,FAQ,400,1000,647,09/04/2026
Madhya Pradesh,Indore,Indore(F&V) APMC,Tomato,Other,Local,400,1000,600,09/04/2026
Maharashtra,Jalgaon,Jalgaon APMC,Tomato,Other,Local,400,800,500,09/04/2026
Maharashtra,Kolhapur,Kolhapur APMC,Tomato,Other,Local,500,1500,1000,09/04/2026
Maharashtra,Kolhapur,Vadgaonpeth APMC,Tomato,Local,Local,1000,2500,1600,09/04/2026
Maharashtra,Mumbai,Mumbai APMC,Tomato,Other,Local,1000,1400,1200,09/04/2026
Maharashtra,Nagpur,Nagpur APMC,Tomato,Other,Local,1000,1300,1225,09/04/2026
Maharashtra,Sangli,Islampur APMC,Tomato,Other,Local,1000,1500,1250,09/04/2026
Maharashtra,Ahmednagar,Rahata APMC,Tomato,Other,Local,250,1050,650,09/04/2026
Maharashtra,Chandrapur,Chandrapur(Ganjwad) APMC,Tomato,Other,Local,400,600,500,09/04/2026
Maharashtra,Jalgaon,Bhusaval APMC,Tomato,Other,Local,900,1500,1300,09/04/2026
Maharashtra,Nagpur,Kalmeshwar APMC,Tomato,Other,Local,815,1200,1005,09/04/2026
Maharashtra,Pune,Khed(Chakan) APMC,Tomato,Other,Local,1000,1500,1200,09/04/2026
Maharashtra,Pune,Pune(Manjri) APMC,Tomato,Other,Local,1000,2000,1500,09/04/2026
Maharashtra,Ahmednagar,Rahuri APMC,Tomato,Other,Local,500,1500,1000,09/04/2026
Maharashtra,Nagpur,Nagpur APMC,Tomato,Local,Local,600,1300,1125,09/04/2026
Maharashtra,Raigad,Panvel APMC,Tomato,Other,Local,1500,2000,1750,09/04/2026
Maharashtra,Satara,Karad APMC,Tomato,Other,Local,1000,1500,1500,09/04/2026
Maharashtra,Satara,Phaltan APMC,Tomato,Other,Local,500,1500,1285,09/04/2026
Maharashtra,Sholapur,Akluj APMC,Tomato,Local,Local,800,1500,1000,09/04/2026
Maharashtra,Sholapur,Solapur APMC,Tomato,Other,Local,200,800,500,09/04/2026
Maharashtra,Ahmednagar,Sangamner APMC,Tomato,Other,Local,250,1000,625,09/04/2026
Maharashtra,Nagpur,Kamthi APMC,Tomato,Local,Local,810,1010,910,09/04/2026
Maharashtra,Pune,Pune(Pimpri) APMC,Tomato,Local,Local,1200,1400,1300,09/04/2026
Maharashtra,Ahmednagar,Ahmednagar APMC,Tomato,Other,Local,500,1200,850,09/04/2026
Maharashtra,Sangli,Vita APMC,Tomato,Other,Local,1000,1200,1150,09/04/2026
Maharashtra,Satara,Satara APMC,Tomato,Other,Local,1000,1200,1100,09/04/2026
Maharashtra,Sholapur,Mangal Wedha APMC,Tomato,Local,Local,200,1200,1000,09/04/2026
Maharashtra,Ahmednagar,Shrirampur APMC,Tomato,Other,Local,800,1000,900,09/04/2026
Maharashtra,Chattrapati Sambhajinagar,Chattrapati Sambhajinagar APMC,Tomato,Other,Local,500,600,550,09/04/2026
Maharashtra,Nagpur,Ramtek APMC,Tomato,Other,Local,600,800,700,09/04/2026
Maharashtra,Pune,Pune APMC,Tomato,Local,Local,600,1500,1050,09/04/2026
Maharashtra,Pune,Pune(Moshi) APMC,Tomato,Local,Local,500,1000,750,09/04/2026
Maharashtra,Ratnagiri,Ratnagiri (Nachane) APMC,Tomato,Other,Local,1400,1600,1500,09/04/2026
Uttar Pradesh,Hardoi,Hardoi APMC,Tomato,Other,FAQ,800,800,800,09/04/2026
Uttar Pradesh,Mau(Maunathbhanjan),Kopaganj APMC,Tomato,Tomato,FAQ,1100,1100,1100,09/04/2026
Uttar Pradesh,Barabanki,Barabanki APMC,Tomato,Other,FAQ,600,700,625.29,09/04/2026
Uttar Pradesh,Sonbhadra,Dudhi APMC,Tomato,Other,FAQ,1500,1500,1500,09/04/2026
Uttar Pradesh,Shamli,Kairana APMC,Tomato,Other,FAQ,900,900,900,09/04/2026
Uttar Pradesh,Shamli,Khandhla APMC,Tomato,Deshi,FAQ,1100,1130,1115,09/04/2026
Uttar Pradesh,Hathras,Shadabad APMC,Tomato,Tomato,Small,1100,1200,1150,09/04/2026
Uttar Pradesh,Unnao,Unnao APMC,Tomato,Other,FAQ,1000,1000,1000,09/04/2026
Uttar Pradesh,Badaun,Badayoun APMC,Tomato,Other,FAQ,1500,1500,1500,09/04/2026
Uttar Pradesh,Amroha,Amroha APMC,Tomato,Other,FAQ,1000,1000,1000,09/04/2026
Uttar Pradesh,Aligarh,Khair APMC,Tomato,Deshi,Grade B,1000,1000,1000,09/04/2026
Uttar Pradesh,Bijnor,Kiratpur APMC,Tomato,Other,FAQ,1300,1300,1300,09/04/2026
Uttar Pradesh,Mathura,Mathura APMC,Tomato,Other,FAQ,900,1400,1194.12,09/04/2026
Uttar Pradesh,Pratapgarh,Pratapgarh APMC,Tomato,Tomato,FAQ,1050,1050,1050,09/04/2026
Uttar Pradesh,Barabanki,Safdarganj APMC,Tomato,Other,FAQ,800,800,800,09/04/2026
Uttar Pradesh,Raebarelli,Salon APMC,Tomato,Deshi,FAQ,1125,1135,1130,09/04/2026
Uttar Pradesh,Etah,Aliganj APMC,Tomato,Other,FAQ,700,700,700,09/04/2026
Uttar Pradesh,Aligarh,Charra APMC,Tomato,Deshi,FAQ,900,1000,950,09/04/2026
Uttar Pradesh,Sonbhadra,Dudhi APMC,Tomato,Deshi,Local,1000,1200,1100,09/04/2026
Uttar Pradesh,Shamli,Kairana APMC,Tomato,Tomato,FAQ,900,1000,950,09/04/2026
Uttar Pradesh,Saharanpur,Rampurmaniharan APMC,Tomato,Deshi,Grade C,1500,1500,1500,09/04/2026
Uttar Pradesh,Agra,Samsabad APMC,Tomato,Deshi,Local,1000,1200,1100,09/04/2026
Uttar Pradesh,Agra,Khairagarh APMC,Tomato,Other,FAQ,600,600,600,09/04/2026
Uttar Pradesh,Etawah,Jasvantnagar APMC,Tomato,Hybrid,Medium,1170,1270,1220,09/04/2026
Uttar Pradesh,Amroha,Hasanpur APMC,Tomato,Deshi,FAQ,1850,2020,2000,09/04/2026
Uttar Pradesh,Saharanpur,Rampurmaniharan APMC,Tomato,Other,FAQ,1600,1700,1607.69,09/04/2026
Uttar Pradesh,Agra,Khairagarh APMC,Tomato,Tomato,FAQ,600,700,650,09/04/2026
Uttar Pradesh,Agra,Jagnair APMC,Tomato,Other,FAQ,1620,1650,1632.5,09/04/2026
Uttar Pradesh,Ghaziabad,Ghaziabad APMC,Tomato,Other,FAQ,1350,1360,1356.24,09/04/2026
Uttar Pradesh,Fatehpur,Fatehpur APMC,Tomato,Other,FAQ,1100,1100,1100,09/04/2026
Uttar Pradesh,Ghazipur,Jangipura APMC,Tomato,Other,FAQ,600,600,600,09/04/2026
Uttar Pradesh,Prayagraj,Sirsa APMC,Tomato,Deshi,FAQ,1500,1600,1550,09/04/2026
Uttar Pradesh,Bareilly,Bareilly APMC,Tomato,Other,FAQ,1700,1700,1700,09/04/2026
Uttar Pradesh,Bulandshahar,Buland Shahr APMC,Tomato,Other,FAQ,1300,1300,1300,09/04/2026
Uttar Pradesh,Saharanpur,Chutmalpur APMC,Tomato,Hybrid,Medium,1600,1800,1700,09/04/2026
Uttar Pradesh,Prayagraj,Jasra APMC,Tomato,Other,FAQ,1000,1000,1000,09/04/2026
Uttar Pradesh,Jhansi,Jhansi APMC,Tomato,Other,FAQ,1500,1500,1500,09/04/2026
Uttar Pradesh,Kasganj,Kasganj APMC,Tomato,Other,FAQ,700,700,700,09/04/2026
Uttar Pradesh,Jalaun (Orai),Konch APMC,Tomato,Other,FAQ,1200,1300,1233.33,09/04/2026
Uttar Pradesh,Mathura,Kosikalan APMC,Tomato,Other,FAQ,700,800,765.22,09/04/2026
Uttar Pradesh,Muzaffarnagar,Muzzafarnagar APMC,Tomato,Other,FAQ,1000,1000,1000,09/04/2026
Uttar Pradesh,Hathras,Shadabad APMC,Tomato,Other,FAQ,1200,1200,1200,09/04/2026
Uttar Pradesh,Bulandshahar,Sikarpur APMC,Tomato,Hybrid,FAQ,1400,1500,1450,09/04/2026
Uttar Pradesh,Balrampur,Tulsipur APMC,Tomato,Hybrid,FAQ,1200,1260,1240,09/04/2026
Uttar Pradesh,Sitapur,Mishrit APMC,Tomato,Other,FAQ,500,500,500,09/04/2026
Uttar Pradesh,Ayodhya,Ayodhya APMC,Tomato,Other,FAQ,800,800,800,09/04/2026
Uttar Pradesh,Sambhal,Chandausi APMC,Tomato,Other,FAQ,1000,1060,1037.16,09/04/2026
Uttar Pradesh,Mau(Maunathbhanjan),Doharighat APMC,Tomato,Deshi,FAQ,1200,1200,1200,09/04/2026
Uttar Pradesh,Auraiya,Auraiya APMC,Tomato,Other,FAQ,1000,1000,1000,09/04/2026
Uttar Pradesh,Maharajganj,Anandnagar APMC,Tomato,Tomato,FAQ,950,1150,1050,09/04/2026
Uttar Pradesh,Sant Kabir Nagar,Khalilabad APMC,Tomato,Other,FAQ,800,800,800,09/04/2026
Uttar Pradesh,Bareilly,Anwala APMC,Tomato,Other,FAQ,1000,1000,1000,09/04/2026
Uttar Pradesh,Bijnor,Chaandpur APMC,Tomato,Other,FAQ,1200,1400,1229.85,09/04/2026
Uttar Pradesh,Agra,Fatehpur Sikri APMC,Tomato,Other,FAQ,1500,1500,1500,09/04/2026
Uttar Pradesh,Kanpur,Varipaal APMC,Tomato,Other,FAQ,680,700,697.24,09/04/2026
Uttar Pradesh,Jaunpur,Jaunpur APMC,Tomato,Other,FAQ,1000,1000,1000,09/04/2026
Uttar Pradesh,Lucknow,Lucknow APMC,Tomato,Other,FAQ,700,700,700,09/04/2026
Uttar Pradesh,Raebarelli,Lalganj APMC,Tomato,Deshi,FAQ,800,1000,900,09/04/2026
Uttar Pradesh,Amroha,Hasanpur APMC,Tomato,Other,FAQ,2020,2020,2020,09/04/2026
Uttar Pradesh,Kanpur Dehat,Pukharayan APMC,Tomato,Hybrid,FAQ,1160,1190,1180,09/04/2026
Uttar Pradesh,Shamli,Khandhla APMC,Tomato,Other,FAQ,1500,1500,1500,09/04/2026
Uttar Pradesh,Farukhabad,Kayamganj APMC,Tomato,Deshi,FAQ,1200,1200,1200,09/04/2026
Uttar Pradesh,Aligarh,Khair APMC,Tomato,Other,FAQ,1200,1200,1200,09/04/2026
Uttar Pradesh,Baghpat,Khekda APMC,Tomato,Other,FAQ,1200,1200,1200,09/04/2026
Uttar Pradesh,Mathura,Kosikalan APMC,Tomato,Deshi,FAQ,1000,1090,1060,09/04/2026
Uttar Pradesh,Sambhal,Sambhal APMC,Tomato,Deshi,FAQ,1200,1600,1500,09/04/2026
Uttar Pradesh,Etah,Awagarh APMC,Tomato,Other,FAQ,1200,1200,1200,09/04/2026
Uttar Pradesh,Fatehpur,Bindki APMC,Tomato,Other,FAQ,1200,1200,1200,09/04/2026
Uttar Pradesh,Saharanpur,Chutmalpur APMC,Tomato,Other,FAQ,1600,1700,1692,09/04/2026
Uttar Pradesh,Etah,Etah APMC,Tomato,Other,FAQ,800,800,800,09/04/2026
Rajasthan,Ajmer,Ajmer(F&V) APMC,Tomato,Other,Medium,500,900,700,09/04/2026
Rajasthan,Jaipur,Bassi APMC,Tomato,Other,Local,1600,2000,1800,09/04/2026
Rajasthan,Hanumangarh,Bhadara APMC,Tomato,Deshi,FAQ,1500,1800,1620,09/04/2026
Rajasthan,Jalore,Jalore APMC,Tomato,Tomato,Local,500,700,600,09/04/2026
Rajasthan,Hanumangarh,Rawatsar APMC,Tomato,Deshi,FAQ,1200,1200,1200,09/04/2026
Rajasthan,Jalore,Bhinmal APMC,Tomato,Other,Non-FAQ,700,800,750,09/04/2026
Rajasthan,Rajsamand,Rajsamand APMC,Tomato,Tomato,FAQ,900,1300,1100,09/04/2026
Rajasthan,Jaipur,Jaipur (F&V) APMC,Tomato,Other,FAQ,500,1100,800,09/04/2026
Rajasthan,Churu,Churu APMC,Tomato,Hybrid,FAQ,1500,1600,1550,09/04/2026
Rajasthan,Sikar,Sikar APMC,Tomato,Deshi,FAQ,500,1000,750,09/04/2026
Rajasthan,Ganganagar,Sriganganagar (F&V) APMC,Tomato,Tomato,Grade B,2200,2600,2400,09/04/2026
Gujarat,Dahod,Dahod(Veg. Market) APMC,Tomato,Tomato,Local,300,1200,900,09/04/2026
Gujarat,Banaskanth,Deesa(Deesa Veg Yard) APMC,Tomato,Other,FAQ,500,900,700,09/04/2026
Gujarat,Morbi,Morbi APMC,Tomato,Tomato,FAQ,500,1300,900,09/04/2026
Gujarat,Porbandar,Porbandar APMC,Tomato,Deshi,Local,750,1250,1000,09/04/2026
Gujarat,Navsari,Bilimora APMC,Tomato,Other,FAQ,900,1250,1100,09/04/2026
Gujarat,Bhavnagar,Palitana APMC,Tomato,Hybrid,Medium,700,1200,950,09/04/2026
Gujarat,Rajkot,Rajkot(Veg.Sub Yard) APMC,Tomato,Tomato,FAQ,440,1445,765,09/04/2026
Gujarat,Ahmedabad,Ahmedabad APMC,Tomato,Other,FAQ,400,1000,750,09/04/2026
Gujarat,Navsari,Navsari APMC,Tomato,Tomato,Grade A,500,1400,950,09/04/2026
Gujarat,Surendranagar,Vadhvan APMC,Tomato,Tomato,Local,500,1000,750,09/04/2026
Gujarat,Amreli,Damnagar APMC,Tomato,Local,Local,5000,5000,5000,09/04/2026
Gujarat,Gandhinagar,Mansa(Manas Veg Yard) APMC,Tomato,Tomato,Local,600,1500,1000,09/04/2026
Gujarat,Mehsana,Mehsana(Mehsana Veg) APMC,Tomato,Tomato,Local,200,1500,750,09/04/2026
Gujarat,Gir Somnath,Talalagir APMC,Tomato,Hybrid,FAQ,1100,1350,1200,09/04/2026
Gujarat,Kheda,Kapadvanj APMC,Tomato,Tomato,Medium,500,700,600,09/04/2026
Gujarat,Rajkot,Gondal(Veg.market Gondal) APMC,Tomato,Tomato,Local,300,1200,750,09/04/2026
Gujarat,Surat,Surat APMC,Tomato,Other,FAQ,400,1500,950,09/04/2026
Haryana,Panipat,Samalkha APMC,Tomato,Other,FAQ,1000,1000,1000,09/04/2026
Haryana,Mahendragarh-Narnaul,Narnaul APMC,Tomato,Tomato,Medium,800,1500,1000,09/04/2026
Haryana,Panipat,Panipat APMC,Tomato,Other,Local,500,900,700,09/04/2026
Haryana,Yamuna Nagar,Jagadhri APMC,Tomato,Tomato,FAQ,900,1500,1280,09/04/2026
Haryana,Mewat,Nuh APMC,Tomato,Other,Local,1000,1200,1000,09/04/2026
Haryana,Rohtak,Sampla APMC,Tomato,Other,Local,2000,2000,2000,09/04/2026
Haryana,Jhajar,Bahadurgarh APMC,Tomato,Other,FAQ,1000,1800,1500,09/04/2026
Haryana,Sonipat,Gohana APMC,Tomato,Tomato,Medium,800,1500,1000,09/04/2026
Haryana,Hissar,Hansi APMC,Tomato,Other,Grade Range-1,800,1500,1000,09/04/2026
Haryana,Rewari,Rewari APMC,Tomato,Other,Medium,800,1500,1200,09/04/2026
Haryana,Yamuna Nagar,Chhachrauli APMC,Tomato,Tomato,Medium,1400,2900,2100,09/04/2026
Haryana,Yamuna Nagar,Mustafabad APMC,Tomato,Other,FAQ,1300,1400,1400,09/04/2026
Haryana,Kaithal,Cheeka APMC,Tomato,Other,FAQ,1500,2000,1750,09/04/2026
Haryana,Panchkula,"New Grain Market , Panchkula APMC",Tomato,Other,Grade A,1200,1800,1400,09/04/2026
Haryana,Mewat,Tauru APMC,Tomato,Deshi,FAQ,1500,1500,1500,09/04/2026
Haryana,Ambala,Naraingarh APMC,Tomato,Tomato,Medium,500,1500,850,09/04/2026
Haryana,Sonipat,Sonepat APMC,Tomato,Deshi,FAQ,1200,1500,1400,09/04/2026
Haryana,Hissar,Barwala(Hisar) APMC,Tomato,Tomato,Local,800,1800,1500,09/04/2026
Haryana,Panipat,Madlauda APMC,Tomato,Tomato,FAQ,1000,1400,1200,09/04/2026
Haryana,Gurgaon,Gurgaon APMC,Tomato,Other,Grade B,1000,2000,1500,09/04/2026
Haryana,Jind,Narwana APMC,Tomato,Tomato,Local,1500,1500,1500,09/04/2026
Haryana,Karnal,Tarori APMC,Tomato,Deshi,Grade A,2500,3200,3000,09/04/2026
Haryana,Sirsa,Sirsa APMC,Tomato,Other,FAQ,1350,2000,1600,09/04/2026
Haryana,Mewat,FerozpurZirkha(Nagina) APMC,Tomato,Other,Local,1200,1600,1400,09/04/2026
Haryana,Rohtak,Meham APMC,Tomato,Tomato,Medium,1400,1400,1400,09/04/2026
Haryana,Sonipat,Sonepat(Kharkhoda) APMC,Tomato,Local,FAQ,1200,1800,1650,09/04/2026
Haryana,Mahendragarh-Narnaul,Mohindergarh APMC,Tomato,Tomato,FAQ,1000,1300,1200,09/04/2026
Haryana,Panchkula,Raipur Rai APMC,Tomato,Tomato,Local,2000,2200,2000,09/04/2026
Haryana,Ambala,Shahzadpur APMC,Tomato,Tomato,FAQ,1000,1500,1100,09/04/2026
Haryana,Yamuna Nagar,Sadhaura APMC,Tomato,Tomato,Local,1200,1500,1300,09/04/2026
Haryana,Hissar,Uklana APMC,Tomato,Tomato,Medium,1500,1500,1500,09/04/2026
Haryana,Kaithal,Dhand APMC,Tomato,Other,Medium,2200,4000,3500,09/04/2026
Haryana,Kaithal,Siwan APMC,Tomato,Other,FAQ,1800,2000,1900,09/04/2026
Haryana,Rewari,Kosli APMC,Tomato,Other,FAQ,1200,1200,1200,09/04/2026
Haryana,Kurukshetra,Ladwa APMC,Tomato,Tomato,Medium,3500,3800,3800,09/04/2026
Haryana,Kurukshetra,Thanesar APMC,Tomato,Tomato,Local,500,3000,1500,09/04/2026
Haryana,Gurgaon,Sohna APMC,Tomato,Tomato,Local,1000,1300,1200,09/04/2026
Haryana,Fatehabad,Fatehabad APMC,Tomato,Other,Local,1000,2000,1500,09/04/2026
Haryana,Panchkula,Barwala APMC,Tomato,Local,FAQ,800,1600,1150,09/04/2026
Haryana,Rohtak,Rohtak APMC,Tomato,Other,Medium,800,1500,1000,09/04/2026
Haryana,Jhajar,Jhajjar APMC,Tomato,Other,Medium,1500,1500,1500,09/04/2026
Haryana,Yamuna Nagar,Radaur APMC,Tomato,Other,Medium,1000,1500,1200,09/04/2026
Haryana,Sonipat,Ganaur APMC,Tomato,Tomato,FAQ,1000,1200,1000,09/04/2026
Punjab,Ludhiana,Ludhiana APMC,Tomato,Other,FAQ,300,1800,1000,09/04/2026
Punjab,Gurdaspur,Dinanagar APMC,Tomato,Tomato,Medium,1800,2000,1900,09/04/2026
Punjab,Sangrur,Bhawanigarh APMC,Tomato,Other,Medium,1500,1700,1600,09/04/2026
Punjab,Hoshiarpur,GarhShankar (Kotfatuhi) APMC,Tomato,Other,FAQ,2800,2800,2800,09/04/2026
Punjab,Patiala,Patiala APMC,Tomato,Tomato,Grade B,600,800,700,09/04/2026
Punjab,Sangrur,Dhuri APMC,Tomato,Tomato,Medium,1600,1800,1700,09/04/2026
Punjab,Amritsar,Rayya APMC,Tomato,Other,FAQ,895,895,895,09/04/2026
Punjab,Ropar (Rupnagar),Morinda APMC,Tomato,Deshi,Medium,1000,2000,1500,09/04/2026
Punjab,Hoshiarpur,Mukerian APMC,Tomato,Tomato,Grade B,1200,1600,1400,09/04/2026
Punjab,Bhatinda,Bhagta Bhai Ka APMC,Tomato,Other,Medium,2500,2500,2500,09/04/2026
Punjab,Bhatinda,Talwandi Sabo APMC,Tomato,Other,Grade A,1300,1500,1400,09/04/2026
Punjab,Patiala,Ghanaur APMC,Tomato,Other,FAQ,1000,1200,1100,09/04/2026
Punjab,Jalandhar,Jalandhar City(Jalandhar) APMC,Tomato,Other,FAQ,500,1400,900,09/04/2026
Punjab,Sangrur,Lehra Gaga APMC,Tomato,Other,Grade A,1700,1700,1700,09/04/2026
Punjab,Fazilka,Fazilka APMC,Tomato,Tomato,FAQ,2500,2500,2500,09/04/2026
Punjab,Jalandhar,Phillaur(Apra Mandi) APMC,Tomato,Other,FAQ,2500,2500,2500,09/04/2026
Punjab,Gurdaspur,Gurdaspur APMC,Tomato,Other,FAQ,1450,1450,1450,09/04/2026
Punjab,Ropar (Rupnagar),Ropar APMC,Tomato,Other,Non-FAQ,1500,2000,1800,09/04/2026
Punjab,Mansa,Mansa APMC,Tomato,Other,FAQ,5000,5000,5000,09/04/2026
Punjab,Moga,Nihal Singh Wala APMC,Tomato,Other,FAQ,2200,2200,2200,09/04/2026
Punjab,Mohali,Kurali APMC,Tomato,Other,Medium,1600,1800,1700,09/04/2026
Punjab,Moga,Baghapurana APMC,Tomato,Tomato,Grade B,1500,2000,1800,09/04/2026
Punjab,Nawanshahr,Nawan Shahar(Subzi Mandi) APMC,Tomato,Tomato,FAQ,1700,1800,1730,09/04/2026
Punjab,Patiala,Nabha APMC,Tomato,Other,Grade C,1200,2000,1600,09/04/2026
Punjab,Hoshiarpur,Tanda Urmur APMC,Tomato,Local,Grade A,2000,2500,2200,09/04/2026
Punjab,Ropar (Rupnagar),Chamkaur Sahib APMC,Tomato,Local,Medium,2000,2000,2000,09/04/2026
Punjab,Fazilka,Jalalabad APMC,Tomato,Tomato,Medium,1600,1800,1700,09/04/2026
Punjab,Gurdaspur,Quadian APMC,Tomato,Other,FAQ,1800,1900,1850,09/04/2026
Punjab,Fatehgarh,Bassi Pathana APMC,Tomato,Tomato,Medium,1200,1500,1300,09/04/2026
Punjab,Ludhiana,Khanna APMC,Tomato,Tomato,Grade A,1200,1200,1200,09/04/2026
Punjab,Patiala,Patran APMC,Tomato,Other,Grade A,1500,1500,1500,09/04/2026
Punjab,Hoshiarpur,Garh Shankar(Mahalpur) APMC,Tomato,Tomato,FAQ,1800,2000,1900,09/04/2026
Punjab,Tarntaran,Tarantaran APMC,Tomato,Other,Local,2000,2000,2000,09/04/2026
Punjab,Muktsar,Giddarbaha APMC,Tomato,Tomato,FAQ,2500,2500,2500,09/04/2026
Punjab,Hoshiarpur,Garh Shankar APMC,Tomato,Tomato,FAQ,1700,1700,1700,09/04/2026
Punjab,Ludhiana,Doraha APMC,Tomato,Deshi,Local,1800,2500,2400,09/04/2026
Punjab,Ludhiana,Sahnewal APMC,Tomato,Tomato,FAQ,2500,2500,2500,09/04/2026
Punjab,Ferozpur,Zira APMC,Tomato,Other,Local,2000,2000,2000,09/04/2026
Punjab,Mohali,Banur APMC,Tomato,Other,Local,2222,2222,2222,09/04/2026
Punjab,Mohali,Kharar APMC,Tomato,Tomato,Non-FAQ,800,2000,1500,09/04/2026
Andhra Pradesh,Chittor,Kalikiri APMC,Tomato,Hybrid,FAQ,1000,1500,1300,09/04/2026
Andhra Pradesh,Chittor,Punganur APMC,Tomato,Hybrid,FAQ,1000,1270,1140,09/04/2026
Andhra Pradesh,Annamayya,Valmikipuram APMC,Tomato,Local,FAQ,960,1200,1080,09/04/2026
Andhra Pradesh,Chittor,Palamaner APMC,Tomato,Tomato,FAQ,900,1300,1100,09/04/2026
Andhra Pradesh,Chittor,Madanapalli APMC,Tomato,Local,FAQ,1200,1500,1400,09/04/2026
West Bengal,Medinipur(W),Ghatal APMC,Tomato,Hybrid,Local,1300,1500,1400,09/04/2026
West Bengal,Hooghly,Pandua APMC,Tomato,Deshi,FAQ,1000,1200,1100,09/04/2026
West Bengal,Puruliya,Balarampur APMC,Tomato,Other,Local,800,1200,1000,09/04/2026
West Bengal,Medinipur(W),Garbeta(Medinipur) APMC,Tomato,Tomato,FAQ,1200,1600,1400,09/04/2026
West Bengal,Dakshin Dinajpur,Balurghat APMC,Tomato,Other,FAQ,1200,1500,1400,09/04/2026
West Bengal,Howrah,Ramkrishanpur(Howrah) APMC,Tomato,Tomato,FAQ,800,1200,1000,09/04/2026
West Bengal,Dakshin Dinajpur,Gangarampur(Dakshin Dinajpur) APMC,Tomato,Other,FAQ,1000,1500,1300,09/04/2026
West Bengal,Darjeeling,Darjeeling APMC,Tomato,Other,FAQ,2100,2300,2200,09/04/2026
West Bengal,Jalpaiguri,Dhupguri APMC,Tomato,Deshi,FAQ,900,1100,1000,09/04/2026
West Bengal,Medinipur(W),Medinipur(West) APMC,Tomato,Tomato,FAQ,1300,1400,1350,09/04/2026
West Bengal,Paschim Bardhaman,Asansol APMC,Tomato,Hybrid,FAQ,900,1250,1050,09/04/2026
West Bengal,Nadia,Chakdah APMC,Tomato,Other,FAQ,1300,1600,1400,09/04/2026
West Bengal,Hooghly,Sheoraphuly APMC,Tomato,Hybrid,FAQ,1000,1200,1100,09/04/2026
West Bengal,Darjeeling,Siliguri APMC,Tomato,Tomato,FAQ,1400,1600,1500,09/04/2026
West Bengal,Hooghly,Kalipur APMC,Tomato,Deshi,FAQ,1100,1300,1200,09/04/2026
West Bengal,Kolkata,Sealdah Koley Market APMC,Tomato,Other,FAQ,1200,1600,1400,09/04/2026
West Bengal,Darjeeling,Karsiyang(Matigara) APMC,Tomato,Other,FAQ,2100,2300,2200,09/04/2026
West Bengal,North 24 Parganas,Habra APMC,Tomato,Other,FAQ,1200,1300,1200,09/04/2026
West Bengal,Hooghly,Champadanga APMC,Tomato,Hybrid,FAQ,1000,1200,1100,09/04/2026
West Bengal,Nadia,Ranaghat APMC,Tomato,Other,FAQ,1700,1900,1800,09/04/2026
West Bengal,Birbhum,Bolpur APMC,Tomato,Hybrid,FAQ,1300,1500,1400,09/04/2026
West Bengal,Howrah,Uluberia APMC,Tomato,Other,FAQ,700,1000,800,09/04/2026
West Bengal,Sounth 24 Parganas,Diamond Harbour(South 24-pgs) APMC,Tomato,Tomato,FAQ,1000,1200,1100,09/04/2026
West Bengal,North 24 Parganas,Barasat APMC,Tomato,Other,FAQ,1000,1000,1000,09/04/2026
West Bengal,Birbhum,Birbhum APMC,Tomato,Hybrid,FAQ,1300,1500,1400,09/04/2026
West Bengal,Bankura,Khatra APMC,Tomato,Tomato,Non-FAQ,1000,1500,1200,09/04/2026
West Bengal,Paschim Bardhaman,Durgapur APMC,Tomato,Hybrid,FAQ,900,1250,1050,09/04/2026
West Bengal,Birbhum,Sainthia APMC,Tomato,Hybrid,FAQ,1300,1500,1400,09/04/2026
Odisha,Kalahandi,Bhawanipatna APMC,Tomato,Other,FAQ,1500,1500,1500,09/04/2026
Odisha,Kalahandi,Mukhiguda APMC,Tomato,Tomato,Grade B,1550,2150,1850,09/04/2026
Odisha,Dhenkanal,Hindol APMC,Tomato,Tomato,Grade B,1500,2000,1800,09/04/2026
Odisha,Gajapati,Parlakhemundi APMC,Tomato,Local,Grade Range-1,800,1000,900,09/04/2026
Odisha,Mayurbhanja,Betnoti APMC,Tomato,Tomato,FAQ,1000,1400,1200,09/04/2026
Odisha,Keonjhar,Keonjhar APMC,Tomato,Other,Local,1800,2000,2000,09/04/2026
Odisha,Khurda,Balugaon APMC,Tomato,Hybrid,Grade A,2000,2000,2000,09/04/2026
Odisha,Bolangir,Kantabaji APMC,Tomato,Other,Grade B,900,900,900,09/04/2026
Odisha,Nayagarh,Bahadajholla APMC,Tomato,Tomato,Grade B,1000,1200,1200,09/04/2026
Odisha,Sundergarh,Panposh APMC,Tomato,Local,FAQ,1500,2500,2000,09/04/2026
Odisha,Mayurbhanja,Udala APMC,Tomato,Other,FAQ,1500,1500,1500,09/04/2026
Odisha,Sonepur,Birmaharajpur APMC,Tomato,Local,Local,700,900,800,09/04/2026
Odisha,Cuttack,Banki APMC,Tomato,Other,Medium,800,1200,1000,09/04/2026
Odisha,Rayagada,Rayagada APMC,Tomato,Other,Local,900,1000,1000,09/04/2026
Odisha,Mayurbhanja,Karanjia APMC,Tomato,Local,Local,950,1100,1050,09/04/2026
Odisha,Balasore,Nilagiri APMC,Tomato,Other,Local,2000,2100,2050,09/04/2026
Odisha,Bolangir,Tusura APMC,Tomato,Other,Grade A,1500,1500,1500,09/04/2026
Odisha,Sambalpur,Rairakhol APMC,Tomato,Deshi,Medium,800,1200,1000,09/04/2026
Odisha,Sundergarh,Sargipali APMC,Tomato,Local,FAQ,800,1000,900,09/04/2026
Odisha,Keonjhar,Champua APMC,Tomato,Other,Local,1000,1000,1000,09/04/2026
Odisha,Sundergarh,Bonai APMC,Tomato,Other,Local,2000,2550,2300,09/04/2026
Odisha,Bargarh,Bargarh(Barapalli) APMC,Tomato,Tomato,Grade C,800,1200,1000,09/04/2026
Odisha,Kalahandi,Junagarh APMC,Tomato,Other,Grade B,1300,1700,1500,09/04/2026
Odisha,Kalahandi,Kesinga APMC,Tomato,Local,Grade B,500,900,700,09/04/2026
Odisha,Nuapada,Khariar Road APMC,Tomato,Tomato,FAQ,2000,2000,2000,09/04/2026
Odisha,Boudh,Boudh APMC,Tomato,Other,Local,500,700,600,09/04/2026
Odisha,Dhenkanal,Dhenkanal APMC,Tomato,Tomato,Grade B,2000,2000,2000,09/04/2026
Odisha,Dhenkanal,Kamakhyanagar APMC,Tomato,Tomato,Grade A,2000,2000,2000,09/04/2026
Telangana,Warangal,Warangal APMC,Tomato,Tomato,FAQ,1000,1500,1250,09/04/2026
Telangana,Hyderabad,Hyderabad (F&V) APMC,Tomato,Tomato,Local,800,1200,1000,09/04/2026
Telangana,Hyderabad,Gaddiannaram APMC,Tomato,Tomato,Medium,600,1200,800,09/04/2026
Telangana,Adilabad,Mancharial APMC,Tomato,Deshi,Non-FAQ,2100,2100,2100,09/04/2026
Telangana,Hyderabad,Gudimalkapur APMC,Tomato,Tomato,Grade B,400,1200,1000,09/04/2026
Telangana,Ranga Reddy,Chevella APMC,Tomato,Local,Local,1000,1000,1000,09/04/2026
Telangana,Mahbubnagar,Mahabubnagar(Rythu Bazar) APMC,Tomato,Deshi,Local,1400,1400,1400,09/04/2026
Telangana,Ranga Reddy,"Kukatpally,RBZ APMC",Tomato,Deshi,Medium,400,1400,900,09/04/2026
Telangana,Hyderabad,Bowenpally APMC,Tomato,Deshi,FAQ,400,1200,1000,09/04/2026
Kerala,Ernakulam,Perumbavoor APMC,Tomato,Tomato,Medium,2500,3500,3000,09/04/2026
Kerala,Kozhikode(Calicut),Kallachi APMC,Tomato,Tomato,FAQ,2000,2400,2200,09/04/2026
Kerala,Ernakulam,Piravam APMC,Tomato,Tomato,Local,4000,5000,4500,09/04/2026
Kerala,Alappuzha,Chengannur APMC,Tomato,Tomato,FAQ,3500,3800,3600,09/04/2026
Kerala,Alappuzha,Kayamkulam APMC,Tomato,Other,FAQ,2900,3100,3000,09/04/2026
Kerala,Kozhikode(Calicut),Mukkom APMC,Tomato,Tomato,FAQ,2000,2200,2100,09/04/2026
Kerala,Kottayam,Kuruppanthura APMC,Tomato,Other,Local,4600,4800,4600,09/04/2026
Kerala,Kollam,Chathanoor APMC,Tomato,Other,FAQ,7800,8200,8000,09/04/2026
Kerala,Kottayam,Ettumanoor APMC,Tomato,Tomato,FAQ,3000,3400,3200,09/04/2026
Kerala,Kannur,Thalasserry APMC,Tomato,Other,FAQ,1800,2600,2100,09/04/2026
Kerala,Kollam,Anchal APMC,Tomato,Tomato,Local,3700,3700,3700,09/04/2026
Kerala,Kottayam,Pala APMC,Tomato,Other,FAQ,3000,4000,3500,09/04/2026
Kerala,Ernakulam,Thrippunithura APMC,Tomato,Tomato,Medium,3600,4400,3800,09/04/2026
Kerala,Malappuram,Perinthalmanna APMC,Tomato,Tomato,Large,2000,2000,2000,09/04/2026
Kerala,Malappuram,Parappanangadi APMC,Tomato,Other,FAQ,1880,1930,1930,09/04/2026
Kerala,Palakad,Koduvayoor APMC,Tomato,Tomato,Medium,2400,2800,2600,09/04/2026
Kerala,Kollam,Sasthamkotta APMC,Tomato,Tomato,Local,3000,3000,3000,09/04/2026
Uttarakhand,Garhwal (Pauri),Kotadwara APMC,Tomato,Tomato,FAQ,900,900,900,09/04/2026
Uttarakhand,Nanital,Ramnagar APMC,Tomato,Other,Local,700,900,800,09/04/2026
Uttarakhand,Udhamsinghnagar,Sitarganj APMC,Tomato,Tomato,Local,1000,1800,1500,09/04/2026
Uttarakhand,Haridwar,Roorkee APMC,Tomato,Other,Medium,1200,2200,1600,09/04/2026
Uttarakhand,Udhamsinghnagar,Kashipur APMC,Tomato,Other,Local,1100,1400,1250,09/04/2026
Uttarakhand,Udhamsinghnagar,Kicchha APMC,Tomato,Deshi,Local,400,600,500,09/04/2026
Uttarakhand,Udhamsinghnagar,Rudrapur APMC,Tomato,Other,Medium,1000,1500,1200,09/04/2026
Uttarakhand,Haridwar,Haridwar Union APMC,Tomato,Tomato,FAQ,1000,1400,1200,09/04/2026
Uttarakhand,Haridwar,Bhagwanpur(Naveen Mandi Sthal) APMC,Tomato,Other,Grade A,700,800,750,09/04/2026
Uttarakhand,Haridwar,Manglaur APMC,Tomato,Other,Local,1000,1350,1200,09/04/2026
Uttarakhand,Dehradoon,Rishikesh APMC,Tomato,Other,Medium,1200,1800,1500,09/04/2026
Uttarakhand,Dehradoon,Vikasnagar APMC,Tomato,Other,Medium,700,1000,1000,09/04/2026
Himachal Pradesh,Kullu,PMY Kullu,Tomato,Other,FAQ,2000,3000,2500,09/04/2026
Himachal Pradesh,Hamirpur,SMY Nadaun,Tomato,Tomato,Grade B,2400,2600,2500,09/04/2026
Himachal Pradesh,Una,PMY Una,Tomato,Tomato,FAQ,1900,2500,2200,09/04/2026
Himachal Pradesh,Chamba,PMY Chamba,Tomato,Tomato,Medium,2200,2400,2300,09/04/2026
Himachal Pradesh,Mandi,SMY Takoli,Tomato,Other,Medium,2000,2500,2200,09/04/2026
Himachal Pradesh,Una,SMY Takarla,Tomato,Other,FAQ,1800,2200,2000,09/04/2026
Himachal Pradesh,Solan,SMY Nalagarh,Tomato,Other,Medium,1500,2000,1800,09/04/2026
Himachal Pradesh,Kangra,SMY Jaisinghpur,Tomato,Tomato,FAQ,2300,2400,2350,09/04/2026
Himachal Pradesh,Solan,PMY Kather Solan,Tomato,Other,Medium,1700,2100,1900,09/04/2026
Himachal Pradesh,Mandi,PMY Kangni Mandi,Tomato,Tomato,Grade B,1800,2200,2000,09/04/2026
Himachal Pradesh,Kangra,SMY Baijnath,Tomato,Hybrid,Grade A,2100,2200,2200,09/04/2026
Himachal Pradesh,Hamirpur,PMY Hamirpur,Tomato,Tomato,Grade B,2400,2600,2500,09/04/2026
Himachal Pradesh,Kangra,SMY Dharamshala,Tomato,Tomato,FAQ,1800,2200,2000,09/04/2026
Himachal Pradesh,Mandi,SMY Dhanotu,Tomato,Tomato,FAQ,2000,2200,2100,09/04/2026
Himachal Pradesh,Kangra,SMY Palampur,Tomato,Tomato,FAQ,2200,2300,2250,09/04/2026
Himachal Pradesh,Una,SMY Santoshgarh,Tomato,Tomato,FAQ,1400,1600,1500,09/04/2026
Tamil Nadu,Coimbatore,Mettupalayam(Uzhavar Sandhai ) APMC,Potato,Red Nanital,Local,2500,3500,3000,09/04/2026
Tamil Nadu,Karur,Karur(Uzhavar Sandhai ) APMC,Potato,Other,Local,3500,4000,3750,09/04/2026
Tamil Nadu,Vellore,Vellore APMC,Potato,Red Nanital,Local,1800,1800,1800,09/04/2026
Tamil Nadu,Dharmapuri,Harur(Uzhavar Sandhai ) APMC,Potato,Other,Local,2500,2800,2650,09/04/2026
Tamil Nadu,Virudhunagar,Srivilliputhur(Uzhavar Sandhai ) APMC,Potato,Red Nanital,Local,2500,3000,2750,09/04/2026
Tamil Nadu,Pudukkottai,Gandarvakottai(Uzhavar Sandhai ) APMC,Potato,Other,Local,3500,4000,3750,09/04/2026
Tamil Nadu,Nagapattinam,Vedaranyam(Uzhavar Sandhai),Potato,Red Nanital,Local,3000,3200,3100,09/04/2026
Tamil Nadu,Coimbatore,Udumalpet APMC,Potato,Red Nanital,Local,2500,3000,2750,09/04/2026
Tamil Nadu,Villupuram,Ulundurpettai APMC,Potato,Red Nanital,Local,3000,3000,3000,09/04/2026
Tamil Nadu,Vellore,Kahithapattarai(Uzhavar Sandhai ) APMC,Potato,Other,Local,1800,1800,1800,09/04/2026
Tamil Nadu,Virudhunagar,Rajapalayam(Uzhavar Sandhai ) APMC,Potato,Red Nanital,Local,2500,3000,2750,09/04/2026
Tamil Nadu,Chengalpattu,Nanganallur(Uzhavar Sandhai ) APMC,Potato,Red Nanital,Local,2500,3000,2750,09/04/2026
Tamil Nadu,Chengalpattu,Madhuranthagam(Uzhavar Sandhai ) APMC,Potato,Red Nanital,Local,4000,4000,4000,09/04/2026
Tamil Nadu,Thirupathur,Natrampalli(Uzhavar Sandhai ) APMC,Potato,Red Nanital,Local,3000,3500,3250,09/04/2026
Tamil Nadu,Pudukkottai,Karambakkudi(Uzhavar Sandhai ) APMC,Potato,Red Nanital,Local,3500,4000,3750,09/04/2026
Tamil Nadu,Cuddalore,Cuddalore(Uzhavar Sandhai ) APMC,Potato,Red Nanital,Local,3000,3000,3000,09/04/2026
Tamil Nadu,Cuddalore,Vadalur(Uzhavar Sandhai ) APMC,Potato,Other,Local,2000,3000,2500,09/04/2026
Tamil Nadu,Dharmapuri,Palacode(Uzhavar Sandhai ) APMC,Potato,Other,Local,2500,2800,2650,09/04/2026
Tamil Nadu,Erode,Thalavadi(Uzhavar Sandhai ) APMC,Potato,Red Nanital,Local,3000,3400,3200,09/04/2026
Tamil Nadu,Krishnagiri,Krishnagiri(Uzhavar Sandhai ) APMC,Potato,Red Nanital,Local,2000,2400,2200,09/04/2026
Tamil Nadu,Madurai,Anna nagar(Uzhavar Sandhai ) APMC,Potato,Red Nanital,Local,3000,3200,3100,09/04/2026
Tamil Nadu,Madurai,Palanganatham(Uzhavar Sandhai ) APMC,Potato,Other,Local,3000,3200,3100,09/04/2026
Tamil Nadu,The Nilgiris,Udhagamandalam(Uzhavar Sandhai ) APMC,Potato,Other,Local,3000,3500,3250,09/04/2026
Tamil Nadu,Salem,Jalagandapuram(Uzhavar Sandhai ) APMC,Potato,Other,Local,2800,3000,2900,09/04/2026
Tamil Nadu,Theni,Bodinayakanur(Uzhavar Sandhai ) APMC,Potato,Other,Local,2300,2300,2300,09/04/2026
Tamil Nadu,Theni,Devaram(Uzhavar Sandhai ) APMC,Potato,Red Nanital,Local,2400,2400,2400,09/04/2026
Tamil Nadu,Thiruvellore,Tiruthani(Uzhavar Sandhai ) APMC,Potato,Red Nanital,Local,3000,3000,3000,09/04/2026
Tamil Nadu,Thiruvannamalai,Polur(Uzhavar Sandhai ) APMC,Potato,Red Nanital,Local,2500,3000,2750,09/04/2026
Tamil Nadu,Thiruchirappalli,Manapparai(Uzhavar Sandhai ) APMC,Potato,Red Nanital,Local,4000,4000,4000,09/04/2026
Tamil Nadu,Thiruchirappalli,Musiri(Uzhavar Sandhai ) APMC,Potato,Red Nanital,Local,2500,3000,2750,09/04/2026
Tamil Nadu,The Nilgiris,Gudalur(Uzhavar Sandhai ) APMC,Potato,Red Nanital,Local,3500,4000,3750,09/04/2026
Tamil Nadu,Salem,Thammampatti (Uzhavar Sandhai ) APMC,Potato,Other,Local,3500,3500,3500,09/04/2026
Tamil Nadu,Karur,Gandhigramam(Uzhavar Sandhai),Potato,Other,Local,3000,4000,3500,09/04/2026
Tamil Nadu,Coimbatore,Vadavalli(Uzhavar Sandhai ) APMC,Potato,Other,Local,2500,3000,2750,09/04/2026
Tamil Nadu,Thiruchirappalli,Manachanallur(Uzhavar Sandhai ) APMC,Potato,Other,Local,2800,2800,2800,09/04/2026
Tamil Nadu,Vellore,Gudiyatham(Uzhavar Sandhai ) APMC,Potato,Red Nanital,Local,2500,2500,2500,09/04/2026
Tamil Nadu,Virudhunagar,Aruppukottai(Uzhavar Sandhai ) APMC,Potato,Red Nanital,Local,2500,3000,2750,09/04/2026
Tamil Nadu,Kallakuruchi,Kallakurichi(Uzhavar Sandhai ) APMC,Potato,Red Nanital,Local,3000,3000,3000,09/04/2026
Tamil Nadu,Salem,Mettur(Uzhavar Sandhai ) APMC,Potato,Other,Local,3500,3500,3500,09/04/2026
Tamil Nadu,Sivaganga,Tirupatthur(Uzhavar Sandhai ) APMC,Potato,Red Nanital,Local,3200,3500,3350,09/04/2026
Tamil Nadu,Thanjavur,Thanjavur(Uzhavar Sandhai ) APMC,Potato,Red Nanital,Local,2400,2400,2400,09/04/2026
Tamil Nadu,Thanjavur,Pattukottai(Uzhavar Sandhai ) APMC,Potato,Red Nanital,Local,2800,2800,2800,09/04/2026
Tamil Nadu,Thiruvellore,Paruthipattu(Uzhavar Sandhai ) APMC,Potato,Red Nanital,Local,3000,3000,3000,09/04/2026
Tamil Nadu,Thiruvarur,Mannargudi I(Uzhavar Sandhai ) APMC,Potato,Other,Local,3400,3400,3400,09/04/2026
Tamil Nadu,Thiruvannamalai,Tiruvannamalai(Uzhavar Sandhai ) APMC,Potato,Red Nanital,Local,2000,2500,2250,09/04/2026
Tamil Nadu,Thiruchirappalli,Thiruverumbur(Uzhavar Sandhai ) APMC,Potato,Other,Local,3000,3000,3000,09/04/2026
Tamil Nadu,Cuddalore,Viruthachalam(Uzhavar Sandhai ) APMC,Potato,Red Nanital,Local,3000,3500,3250,09/04/2026
Tamil Nadu,Dindigul,Dindigul(Uzhavar Sandhai ) APMC,Potato,Other,Local,3000,4000,3500,09/04/2026
Tamil Nadu,Krishnagiri,Denkanikottai(Uzhavar Sandhai ) APMC,Potato,Red Nanital,Local,1500,2000,1750,09/04/2026
Tamil Nadu,Madurai,Anaiyur(Uzhavar Sandhai ) APMC,Potato,Red Nanital,Local,2800,3200,3000,09/04/2026
Tamil Nadu,Namakkal,Namakkal(Uzhavar Sandhai ) APMC,Potato,Other,Local,2500,2800,2650,09/04/2026
Tamil Nadu,Coimbatore,Sulur(Uzhavar Sandhai ) APMC,Potato,Red Nanital,Local,3000,3400,3200,09/04/2026
Tamil Nadu,Namakkal,Paramathivelur(Uzhavar Sandhai ) APMC,Potato,Other,Local,2600,3000,2800,09/04/2026
Tamil Nadu,Vellore,Katpadi (Uzhavar Sandhai ) APMC,Potato,Red Nanital,Local,2200,2200,2200,09/04/2026
Tamil Nadu,Vellore,Perampet(Uzhavar Sandhai),Potato,Red Nanital,Local,3000,3000,3000,09/04/2026
Tamil Nadu,The Nilgiris,Coonoor(Uzhavar Sandhai ) APMC,Potato,Other,Local,3500,4000,3750,09/04/2026
Tamil Nadu,Erode,Sathiyamagalam(Uzhavar Sandhai ) APMC,Potato,Red Nanital,Local,3000,3400,3200,09/04/2026
Tamil Nadu,Namakkal,Tiruchengode APMC,Potato,Other,Local,2600,3000,2800,09/04/2026
Tamil Nadu,Ariyalur,Jeyankondam (Uzhavar Sandhai ) APMC,Potato,Red Nanital,Local,3000,3000,3000,09/04/2026
Tamil Nadu,Thanjavur,Papanasam(Uzhavar Sandhai ) APMC,Potato,Red Nanital,Local,2400,3000,2700,09/04/2026
Tamil Nadu,Dharmapuri,Pennagaram(Uzhavar Sandhai ) APMC,Potato,Red Nanital,Local,2800,3000,2900,09/04/2026
Tamil Nadu,Dharmapuri,AJattihalli(Uzhavar Sandhai ) APMC,Potato,Other,Local,2400,2800,2600,09/04/2026
Tamil Nadu,Dindigul,Palani(Uzhavar Sandhai ) APMC,Potato,Other,Local,2400,2600,2500,09/04/2026
Tamil Nadu,Erode,Perundurai(Uzhavar Sandhai ) APMC,Potato,Red Nanital,Local,3000,3500,3250,09/04/2026
Tamil Nadu,Kancheepuram,Kundrathur(Uzhavar Sandhai ) APMC,Potato,Other,Local,2500,3000,2750,09/04/2026
Tamil Nadu,Krishnagiri,Avallapalli(Uzhavar Sandhai ) APMC,Potato,Red Nanital,Local,1500,2000,1750,09/04/2026
Tamil Nadu,Madurai,Chokkikulam(Uzhavar Sandhai ) APMC,Potato,Red Nanital,Local,3000,3200,3100,09/04/2026
Tamil Nadu,Pudukkottai,Pudukottai(Uzhavar Sandhai ) APMC,Potato,Other,Local,3000,4000,3500,09/04/2026
Tamil Nadu,Pudukkottai,Alangudi(Uzhavar Sandhai ) APMC,Potato,Other,Local,3500,4000,3750,09/04/2026
Tamil Nadu,Virudhunagar,Sivakasi(Uzhavar Sandhai ) APMC,Potato,Red Nanital,Local,2500,3000,2750,09/04/2026
Tamil Nadu,Chengalpattu,Pallavaram(Uzhavar Sandhai ) APMC,Potato,Other,Local,2500,3000,2750,09/04/2026
Tamil Nadu,Chengalpattu,Medavakkam(Uzhavar Sandhai ) APMC,Potato,Other,Local,2000,2500,2250,09/04/2026
Tamil Nadu,Ranipet,Ranipettai(Uzhavar Sandhai ) APMC,Potato,Other,Local,1800,2000,1900,09/04/2026
Tamil Nadu,Thirupur,Palladam(Uzhavar Sandhai ) APMC,Potato,Other,Local,2000,2500,2250,09/04/2026
Tamil Nadu,Kallakuruchi,Sankarapuram(Uzhavar Sandhai ) APMC,Potato,Red Nanital,Local,3000,3000,3000,09/04/2026
Tamil Nadu,Tuticorin,Tuticorin(Uzhavar Sandhai ) APMC,Potato,Other,Local,2500,3000,2750,09/04/2026
Tamil Nadu,Nagercoil (Kannyiakumari),Vadaseri APMC,Potato,Red Nanital,Local,2700,3000,2850,09/04/2026
Tamil Nadu,Ramanathapuram,Paramakudi(Uzhavar Sandhai ) APMC,Potato,Red Nanital,Local,3500,4000,3750,09/04/2026
Tamil Nadu,Salem,Sooramangalam(Uzhavar Sandhai ) APMC,Potato,Other,Local,2400,2600,2500,09/04/2026
Tamil Nadu,Salem,Thathakapatti(Uzhavar Sandhai ) APMC,Potato,Other,Local,2400,2800,2600,09/04/2026
Tamil Nadu,Salem,Edapadi (Uzhavar Sandhai ) APMC,Potato,Other,Local,2500,3000,2750,09/04/2026
Tamil Nadu,Sivaganga,Devakottai (Uzhavar Sandhai ) APMC,Potato,Red Nanital,Local,3200,3400,3300,09/04/2026
Tamil Nadu,Sivaganga,Karaikudi(Uzhavar Sandhai ) APMC,Potato,Red Nanital,Local,3400,3600,3500,09/04/2026
Tamil Nadu,Theni,Chinnamanur(Uzhavar Sandhai ) APMC,Potato,Other,Local,2200,2200,2200,09/04/2026
Tamil Nadu,Thiruvarur,Mannargudi II(Uzhavar Sandhai ) APMC,Potato,Red Nanital,Local,3400,3400,3400,09/04/2026
Tamil Nadu,Tuticorin,Kovilpatti(Uzhavar Sandhai ) APMC,Potato,Other,Local,2500,3000,2750,09/04/2026
Tamil Nadu,Salem,Ammapet(Uzhavar Sandhai ) APMC,Potato,Other,Local,3000,3500,3250,09/04/2026
Tamil Nadu,Vellore,Thirupathur APMC,Potato,Red Nanital,Local,3600,3600,3600,09/04/2026
Tamil Nadu,Krishnagiri,Kaveripattinam(Uzhavar Sandhai ) APMC,Potato,Red Nanital,Local,3000,3500,3250,09/04/2026
Tamil Nadu,Theni,Andipatti(Uzhavar Sandhai ) APMC,Potato,Red Nanital,Local,2000,2300,2150,09/04/2026
Tamil Nadu,Dharmapuri,Karimangalam(Uzhavar Sandhai),Potato,Other,Local,2600,2800,2700,09/04/2026
Tamil Nadu,Vellore,Pallikonda(Uzhavar Sandhai),Potato,Red Nanital,Local,1800,1800,1800,09/04/2026
Tamil Nadu,Thanjavur,Peravurani(Uzhavar Sandhai),Potato,Red Nanital,Local,3000,3000,3000,09/04/2026
Tamil Nadu,Salem,Vazhapadi(Uzhavar Sandhai),Potato,Other,Local,3600,3600,3600,09/04/2026
Tamil Nadu,Thiruchirappalli,Thuraiyur APMC,Potato,Red Nanital,Local,2000,2500,2250,09/04/2026
Tamil Nadu,Coimbatore,RSPuram(Uzhavar Sandhai ) APMC,Potato,Other,Local,2700,3200,2950,09/04/2026
Tamil Nadu,Nagapattinam,Mayiladuthurai(Uzhavar Sandhai ) APMC,Potato,Red Nanital,Local,4000,4000,4000,09/04/2026
Tamil Nadu,Thanjavur,Kumbakonam (Uzhavar Sandhai ) APMC,Potato,Red Nanital,Local,2400,3000,2700,09/04/2026
Tamil Nadu,Villupuram,Tindivanam APMC,Potato,Red Nanital,Local,2800,2800,2800,09/04/2026
Tamil Nadu,Coimbatore,Sundarapuram(Uzhavar Sandhai ) APMC,Potato,Other,Local,3200,3800,3500,09/04/2026
Tamil Nadu,Cuddalore,Chidambaram(Uzhavar Sandhai ) APMC,Potato,Red Nanital,Local,3000,3500,3250,09/04/2026
Tamil Nadu,Dharmapuri,Dharmapuri(Uzhavar Sandhai ) APMC,Potato,Red Nanital,Local,2600,2800,2700,09/04/2026
Tamil Nadu,Dindigul,Chinnalapatti(Uzhavar Sandhai ) APMC,Potato,Red Nanital,Local,3500,4000,3750,09/04/2026
Tamil Nadu,Kancheepuram,Padappai(Uzhavar Sandhai ) APMC,Potato,Other,Local,2200,3000,2600,09/04/2026
Tamil Nadu,Kancheepuram,Sunguvarchatram(Uzhavar Sandhai ) APMC,Potato,Other,Local,3500,4000,3750,09/04/2026
Tamil Nadu,Krishnagiri,Hosur(Uzhavar Sandhai ) APMC,Potato,Red Nanital,Local,1500,2000,1750,09/04/2026
Tamil Nadu,Nagapattinam,Nagapattinam(Uzhavar Sandhai ) APMC,Potato,Other,Local,3500,4000,3750,09/04/2026
Tamil Nadu,Nagapattinam,Sirkali(Uzhavar Sandhai ) APMC,Potato,Red Nanital,Local,3600,4000,3800,09/04/2026
Tamil Nadu,Virudhunagar,Thalavaipuram(Uzhavar Sandhai ) APMC,Potato,Red Nanital,Local,2200,2600,2400,09/04/2026
Tamil Nadu,Nagercoil (Kannyiakumari),Myladi(Uzhavar Sandhai ) APMC,Potato,Red Nanital,Local,2500,3000,2750,09/04/2026
Tamil Nadu,Chengalpattu,Guduvancheri(Uzhavar Sandhai ) APMC,Potato,Other,Local,2500,3000,2750,09/04/2026
Tamil Nadu,Thirupur,Dharapuram(Uzhavar Sandhai ) APMC,Potato,Other,Local,4000,4500,4250,09/04/2026
Tamil Nadu,Thirupur,Tiruppur (North) (Uzhavar Sandhai ) APMC,Potato,Other,Local,3500,4000,3750,09/04/2026
Tamil Nadu,Thirupathur,Vaniyampadi(Uzhavar Sandhai ) APMC,Potato,Red Nanital,Local,2500,2500,2500,09/04/2026
Tamil Nadu,Ramanathapuram,Ramanathapuram(Uzhavar Sandhai ) APMC,Potato,Red Nanital,Local,3500,3800,3650,09/04/2026
Tamil Nadu,Salem,Attayampatti(Uzhavar Sandhai ) APMC,Potato,Red Nanital,Local,3000,4000,3500,09/04/2026
Tamil Nadu,Salem,Elampillai(Uzhavar Sandhai ) APMC,Potato,Other,Local,2500,3000,2750,09/04/2026
Tamil Nadu,Theni,Kambam(Uzhavar Sandhai ) APMC,Potato,Other,Local,2200,2400,2300,09/04/2026
Tamil Nadu,Thirunelveli,Palayamkottai(Uzhavar Sandhai ) APMC,Potato,Other,Local,1800,2000,1900,09/04/2026
Tamil Nadu,Thirunelveli,NGO Colony(Uzhavar Sandhai ) APMC,Potato,Other,Local,2000,2200,2100,09/04/2026
Tamil Nadu,Thiruvannamalai,Arani(Uzhavar Sandhai ) APMC,Potato,Other,Local,2500,3000,2750,09/04/2026
Tamil Nadu,Thiruchirappalli,KKNagar(Uzhavar Sandhai ) APMC,Potato,Red Nanital,Local,3000,3000,3000,09/04/2026
Tamil Nadu,Salem,Athur(Uzhavar Sandhai ) APMC,Potato,Red Nanital,Local,2600,3000,2800,09/04/2026
Tamil Nadu,Theni,Periyakulam(Uzhavar Sandhai ) APMC,Potato,Other,Local,2000,2300,2150,09/04/2026
Tamil Nadu,Erode,Sampath Nagar(Uzhavar Sandhai ) APMC,Potato,Other,Local,2200,3200,2700,09/04/2026
Tamil Nadu,Erode,Gobichettipalayam(Uzhavar Sandhai ) APMC,Potato,Red Nanital,Local,3000,3500,3250,09/04/2026
Tamil Nadu,Ariyalur,Ariyalur(Uzhavar Sandhai) APMC,Potato,Other,Local,3000,3500,3250,09/04/2026
Tamil Nadu,Coimbatore,Singanallur(Uzhavar Sandhai ) APMC,Potato,Other,Local,3000,3400,3200,09/04/2026
Tamil Nadu,Coimbatore,Pollachi(Uzhavar Sandhai ) APMC,Potato,Red Nanital,Local,3000,3500,3250,09/04/2026
Tamil Nadu,Thiruvannamalai,Cheyyar(Uzhavar Sandhai ) APMC,Potato,Other,Local,2500,3000,2750,09/04/2026
Tamil Nadu,Salem,Mecheri(Uzhavar Sandhai),Potato,Other,Local,2500,3000,2750,09/04/2026
Tamil Nadu,Villupuram,Villupuram(Uzhavar Sandhai ) APMC,Potato,Red Nanital,Local,3000,3000,3000,09/04/2026
Tamil Nadu,Villupuram,Gingee(Uzhavar Sandhai ) APMC,Potato,Red Nanital,Local,3000,3000,3000,09/04/2026
Tamil Nadu,Virudhunagar,Sathur(Uzhavar Sandhai ) APMC,Potato,Red Nanital,Local,2500,3000,2750,09/04/2026
Tamil Nadu,Virudhunagar,Kariyapatti(Uzhavar Sandhai ) APMC,Potato,Red Nanital,Local,2500,3000,2750,09/04/2026
Tamil Nadu,Chengalpattu,Jameenrayapettai(Uzhavar Sandhai ) APMC,Potato,Other,Local,2500,3000,2750,09/04/2026
Tamil Nadu,Ranipet,Arcot(Uzhavar Sandhai ) APMC,Potato,Other,Local,2400,2400,2400,09/04/2026
Tamil Nadu,Cuddalore,Panruti(Uzhavar Sandhai ) APMC,Potato,Red Nanital,Local,3000,3000,3000,09/04/2026
Tamil Nadu,Karur,Kulithalai(Uzhavar Sandhai ) APMC,Potato,Other,Local,2500,3000,2750,09/04/2026
Tamil Nadu,Namakkal,Kumarapalayam(Uzhavar Sandhai ) APMC,Potato,Red Nanital,Local,2500,3000,2750,09/04/2026
Tamil Nadu,Namakkal,Mohanur(Uzhavar Sandhai ) APMC,Potato,Other,Local,2500,3000,2750,09/04/2026
Tamil Nadu,Salem,Hasthampatti(Uzhavar Sandhai ) APMC,Potato,Red Nanital,Local,2500,3000,2750,09/04/2026
Tamil Nadu,Sivaganga,Sivagangai (Uzhavar Sandhai ) APMC,Potato,Red Nanital,Local,3200,3400,3300,09/04/2026
Tamil Nadu,Sivaganga,Singampunari(Uzhavar Sandhai ) APMC,Potato,Other,Local,2500,3200,2850,09/04/2026
Tamil Nadu,Thanjavur,Tirukattupalli(Uzhavar Sandhai ) APMC,Potato,Red Nanital,Local,2400,2400,2400,09/04/2026
Tamil Nadu,Theni,Theni(Uzhavar Sandhai ) APMC,Potato,Other,Local,2300,2300,2300,09/04/2026
Tamil Nadu,Thirunelveli,Melapalayam(Uzhavar Sandhai ) APMC,Potato,Other,Local,2000,2200,2100,09/04/2026
Tamil Nadu,Thiruvellore,Ambattur(Uzhavar Sandhai ) APMC,Potato,Red Nanital,Local,4000,4000,4000,09/04/2026
Tamil Nadu,Thiruvarur,Muthupettai(Uzhavar Sandhai ) APMC,Potato,Red Nanital,Local,3500,3500,3500,09/04/2026
Tamil Nadu,Thiruvannamalai,Chengam(Uzhavar Sandhai ) APMC,Potato,Red Nanital,Local,2500,3600,3050,09/04/2026
Tamil Nadu,Thiruvannamalai,Vandavasi(Uzhavar Sandhai ) APMC,Potato,Other,Local,2000,2500,2250,09/04/2026
Tamil Nadu,Thiruvannamalai,Keelpennathur(Uzhavar Sandhai ) APMC,Potato,Red Nanital,Local,2500,3000,2750,09/04/2026
Tamil Nadu,Thiruchirappalli,Lalgudi(Uzhavar Sandhai ) APMC,Potato,Red Nanital,Local,3000,4000,3500,09/04/2026
Tamil Nadu,Vellore,Thirupathur APMC,Sweet Potato,Hosur Red,Local,4000,4000,4000,09/04/2026
Tamil Nadu,Coimbatore,Sulur(Uzhavar Sandhai ) APMC,Sweet Potato,Hosur Red,Local,3000,3400,3200,09/04/2026
Tamil Nadu,Coimbatore,Vadavalli(Uzhavar Sandhai ) APMC,Sweet Potato,Hosur Red,Local,2500,2800,2650,09/04/2026
Tamil Nadu,Chengalpattu,Jameenrayapettai(Uzhavar Sandhai ) APMC,Sweet Potato,Hosur Red,Local,4000,5000,4500,09/04/2026
Tamil Nadu,Thirupathur,Vaniyampadi(Uzhavar Sandhai ) APMC,Sweet Potato,Hosur Red,Local,3000,3000,3000,09/04/2026
Tamil Nadu,Dindigul,Palani(Uzhavar Sandhai ) APMC,Sweet Potato,Hosur Red,Local,2500,3000,2750,09/04/2026
Tamil Nadu,Dindigul,Chinnalapatti(Uzhavar Sandhai ) APMC,Sweet Potato,Hosur Red,Local,4000,5000,4500,09/04/2026
Tamil Nadu,Karur,Kulithalai(Uzhavar Sandhai ) APMC,Sweet Potato,Hosur Red,Local,2500,3000,2750,09/04/2026
Tamil Nadu,Krishnagiri,Denkanikottai(Uzhavar Sandhai ) APMC,Sweet Potato,Hosur Red,Local,3000,4000,3500,09/04/2026
Tamil Nadu,Thirunelveli,Palayamkottai(Uzhavar Sandhai ) APMC,Sweet Potato,Hosur Red,Local,2000,2500,2250,09/04/2026
Tamil Nadu,Thirunelveli,NGO Colony(Uzhavar Sandhai ) APMC,Sweet Potato,Hosur Red,Local,2000,2500,2250,09/04/2026
Tamil Nadu,Thiruvannamalai,Arani(Uzhavar Sandhai ) APMC,Sweet Potato,Hosur Red,Local,2500,3000,2750,09/04/2026
Tamil Nadu,Thiruvannamalai,Chengam(Uzhavar Sandhai ) APMC,Sweet Potato,Hosur Red,Local,2500,3000,2750,09/04/2026
Tamil Nadu,Thiruvannamalai,Tamarainagar(Uzhavar Sandhai ) APMC,Sweet Potato,Hosur Red,Local,2000,2500,2250,09/04/2026
Tamil Nadu,Villupuram,Tindivanam APMC,Sweet Potato,Hosur Red,Local,4000,4000,4000,09/04/2026
Tamil Nadu,Dharmapuri,Karimangalam(Uzhavar Sandhai),Sweet Potato,Hosur Red,Local,2300,2500,2400,09/04/2026
Tamil Nadu,Vellore,Pallikonda(Uzhavar Sandhai),Sweet Potato,Hosur Red,Local,3000,3000,3000,09/04/2026
Tamil Nadu,Coimbatore,RSPuram(Uzhavar Sandhai ) APMC,Sweet Potato,Hosur Red,Local,2200,2800,2500,09/04/2026
Tamil Nadu,Karur,Karur(Uzhavar Sandhai ) APMC,Sweet Potato,Hosur Red,Local,2500,3000,2750,09/04/2026
Tamil Nadu,Villupuram,Villupuram(Uzhavar Sandhai ) APMC,Sweet Potato,Hosur Red,Local,4000,4000,4000,09/04/2026
Tamil Nadu,Tenkasi,Tenkasi(Uzhavar Sandhai ) APMC,Sweet Potato,Hosur Red,Local,3500,3500,3500,09/04/2026
Tamil Nadu,Tenkasi,Sankarankoil(Uzhavar Sandhai ) APMC,Sweet Potato,Hosur Red,Local,4500,4500,4500,09/04/2026
Tamil Nadu,Salem,Mettur(Uzhavar Sandhai ) APMC,Sweet Potato,Hosur Red,Local,3500,3500,3500,09/04/2026
Tamil Nadu,Salem,Attayampatti(Uzhavar Sandhai ) APMC,Sweet Potato,Hosur Red,Local,4000,4000,4000,09/04/2026
Tamil Nadu,Sivaganga,Tirupatthur(Uzhavar Sandhai ) APMC,Sweet Potato,Hosur Red,Local,3500,4000,3750,09/04/2026
Tamil Nadu,Theni,Devaram(Uzhavar Sandhai ) APMC,Sweet Potato,Hosur Red,Local,2500,2500,2500,09/04/2026
Tamil Nadu,Theni,Chinnamanur(Uzhavar Sandhai ) APMC,Sweet Potato,Hosur Red,Local,3000,3000,3000,09/04/2026
Tamil Nadu,Thiruvannamalai,Polur(Uzhavar Sandhai ) APMC,Sweet Potato,Hosur Red,Local,3300,4000,3650,09/04/2026
Tamil Nadu,Thiruvannamalai,Keelpennathur(Uzhavar Sandhai ) APMC,Sweet Potato,Hosur Red,Local,4500,5000,4750,09/04/2026
Tamil Nadu,Dharmapuri,Pennagaram(Uzhavar Sandhai ) APMC,Sweet Potato,Hosur Red,Local,4700,5000,4850,09/04/2026
Tamil Nadu,Kancheepuram,Padappai(Uzhavar Sandhai ) APMC,Sweet Potato,Hosur Red,Local,2500,3500,3000,09/04/2026
Tamil Nadu,Karur,Pallapatti (Uzhavar Sandhai ) APMC,Sweet Potato,Hosur Red,Local,3000,3500,3250,09/04/2026
Tamil Nadu,Krishnagiri,Krishnagiri(Uzhavar Sandhai ) APMC,Sweet Potato,Hosur Red,Local,1600,2000,1800,09/04/2026
Tamil Nadu,Krishnagiri,Avallapalli(Uzhavar Sandhai ) APMC,Sweet Potato,Hosur Red,Local,4000,4500,4250,09/04/2026
Tamil Nadu,Madurai,Anna nagar(Uzhavar Sandhai ) APMC,Sweet Potato,Hosur Red,Local,3000,3600,3300,09/04/2026
Tamil Nadu,Madurai,Chokkikulam(Uzhavar Sandhai ) APMC,Sweet Potato,Hosur Red,Local,3000,3600,3300,09/04/2026
Tamil Nadu,Madurai,Melur(Uzhavar Sandhai ) APMC,Sweet Potato,Hosur Red,Local,3000,3600,3300,09/04/2026
Tamil Nadu,Perambalur,Perambalur(Uzhavar Sandhai ) APMC,Sweet Potato,Hosur Red,Local,3000,3000,3000,09/04/2026
Tamil Nadu,Vellore,Katpadi (Uzhavar Sandhai ) APMC,Sweet Potato,Hosur Red,Local,3000,3000,3000,09/04/2026
Tamil Nadu,Salem,Ammapet(Uzhavar Sandhai ) APMC,Sweet Potato,Hosur Red,Local,3500,4000,3750,09/04/2026
Tamil Nadu,Thiruchirappalli,Thuraiyur APMC,Sweet Potato,Hosur Red,Local,3000,3500,3250,09/04/2026
Tamil Nadu,Cuddalore,Cuddalore(Uzhavar Sandhai ) APMC,Sweet Potato,Hosur Red,Local,4000,4000,4000,09/04/2026
Tamil Nadu,Dharmapuri,Dharmapuri(Uzhavar Sandhai ) APMC,Sweet Potato,Hosur Red,Local,1800,2000,1900,09/04/2026
Tamil Nadu,Dharmapuri,Palacode(Uzhavar Sandhai ) APMC,Sweet Potato,Hosur Red,Local,2000,2400,2200,09/04/2026
Tamil Nadu,Dharmapuri,AJattihalli(Uzhavar Sandhai ) APMC,Sweet Potato,Hosur Red,Local,2000,2500,2250,09/04/2026
Tamil Nadu,Nagapattinam,Nagapattinam(Uzhavar Sandhai ) APMC,Sweet Potato,Hosur Red,Local,6000,6800,6400,09/04/2026
Tamil Nadu,Nagapattinam,Sirkali(Uzhavar Sandhai ) APMC,Sweet Potato,Hosur Red,Local,5500,6000,5750,09/04/2026
Tamil Nadu,Namakkal,Namakkal(Uzhavar Sandhai ) APMC,Sweet Potato,Hosur Red,Local,4500,5000,4750,09/04/2026
Tamil Nadu,The Nilgiris,Udhagamandalam(Uzhavar Sandhai ) APMC,Sweet Potato,Hosur Red,Local,3000,3500,3250,09/04/2026
Tamil Nadu,Pudukkottai,Pudukottai(Uzhavar Sandhai ) APMC,Sweet Potato,Hosur Red,Local,4000,4500,4250,09/04/2026
Tamil Nadu,Virudhunagar,Aruppukottai(Uzhavar Sandhai ) APMC,Sweet Potato,Hosur Red,Local,3000,4000,3500,09/04/2026
Tamil Nadu,Kallakuruchi,Sankarapuram(Uzhavar Sandhai ) APMC,Sweet Potato,Hosur Red,Local,3000,3000,3000,09/04/2026
Tamil Nadu,Salem,Sooramangalam(Uzhavar Sandhai ) APMC,Sweet Potato,Hosur Red,Local,3500,4000,3750,09/04/2026
Tamil Nadu,Salem,Thathakapatti(Uzhavar Sandhai ) APMC,Sweet Potato,Hosur Red,Local,3500,4000,3750,09/04/2026
Tamil Nadu,Theni,Theni(Uzhavar Sandhai ) APMC,Sweet Potato,Hosur Red,Local,2800,2800,2800,09/04/2026
Tamil Nadu,Theni,Kambam(Uzhavar Sandhai ) APMC,Sweet Potato,Hosur Red,Local,2500,2500,2500,09/04/2026
Tamil Nadu,Thiruchirappalli,Musiri(Uzhavar Sandhai ) APMC,Sweet Potato,Hosur Red,Local,3000,3600,3300,09/04/2026
Tamil Nadu,Salem,Athur(Uzhavar Sandhai ) APMC,Sweet Potato,Hosur Red,Local,3000,3500,3250,09/04/2026
Tamil Nadu,Dharmapuri,Harur(Uzhavar Sandhai ) APMC,Sweet Potato,Hosur Red,Local,2500,3000,2750,09/04/2026
Tamil Nadu,Erode,Sampath Nagar(Uzhavar Sandhai ) APMC,Sweet Potato,Hosur Red,Local,3000,3500,3250,09/04/2026
Tamil Nadu,Namakkal,Tiruchengode APMC,Sweet Potato,Hosur Red,Local,3000,3500,3250,09/04/2026
Tamil Nadu,Coimbatore,Udumalpet APMC,Sweet Potato,Hosur Red,Local,3500,4000,3750,09/04/2026
Tamil Nadu,Salem,Vazhapadi(Uzhavar Sandhai),Sweet Potato,Hosur Red,Local,3500,4000,3750,09/04/2026
Tamil Nadu,Vellore,Kahithapattarai(Uzhavar Sandhai ) APMC,Sweet Potato,Hosur Red,Local,3000,3000,3000,09/04/2026
Tamil Nadu,Chengalpattu,Nanganallur(Uzhavar Sandhai ) APMC,Sweet Potato,Hosur Red,Local,4500,5000,4750,09/04/2026
Tamil Nadu,Chengalpattu,Guduvancheri(Uzhavar Sandhai ) APMC,Sweet Potato,Hosur Red,Local,4000,5000,4500,09/04/2026
Tamil Nadu,Ranipet,Ranipettai(Uzhavar Sandhai ) APMC,Sweet Potato,Hosur Red,Local,3000,3500,3250,09/04/2026
Tamil Nadu,Thirupur,Tiruppur (North) (Uzhavar Sandhai ) APMC,Sweet Potato,Hosur Red,Local,4500,5000,4750,09/04/2026
Tamil Nadu,Kallakuruchi,Kallakurichi(Uzhavar Sandhai ) APMC,Sweet Potato,Hosur Red,Local,3000,3000,3000,09/04/2026
Tamil Nadu,Tuticorin,Tuticorin(Uzhavar Sandhai ) APMC,Sweet Potato,Hosur Red,Local,3000,4000,3500,09/04/2026
Tamil Nadu,Kancheepuram,Kundrathur(Uzhavar Sandhai ) APMC,Sweet Potato,Hosur Red,Local,3000,3000,3000,09/04/2026
Tamil Nadu,Karur,Vengamedu(Uzhavar Sandhai ) APMC,Sweet Potato,Hosur Red,Local,2500,3000,2750,09/04/2026
Tamil Nadu,Salem,Hasthampatti(Uzhavar Sandhai ) APMC,Sweet Potato,Hosur Red,Local,3000,4000,3500,09/04/2026
Tamil Nadu,Thirunelveli,Melapalayam(Uzhavar Sandhai ) APMC,Sweet Potato,Hosur Red,Local,2500,3000,2750,09/04/2026
Tamil Nadu,Thiruvannamalai,Tiruvannamalai(Uzhavar Sandhai ) APMC,Sweet Potato,Hosur Red,Local,2500,3000,2750,09/04/2026
Tamil Nadu,Thiruchirappalli,Lalgudi(Uzhavar Sandhai ) APMC,Sweet Potato,Hosur Red,Local,4000,4000,4000,09/04/2026
Tamil Nadu,Vellore,Vellore APMC,Sweet Potato,Hosur Red,Local,3000,3000,3000,09/04/2026
Tamil Nadu,Vellore,Perampet(Uzhavar Sandhai),Sweet Potato,Hosur Red,Local,3000,3000,3000,09/04/2026
Tamil Nadu,Karur,Gandhigramam(Uzhavar Sandhai),Sweet Potato,Hosur Red,Local,2500,3000,2750,09/04/2026
Tamil Nadu,Coimbatore,Singanallur(Uzhavar Sandhai ) APMC,Sweet Potato,Hosur Red,Local,3000,3400,3200,09/04/2026
Tamil Nadu,Coimbatore,Mettupalayam(Uzhavar Sandhai ) APMC,Sweet Potato,Hosur Red,Local,2500,3000,2750,09/04/2026
Tamil Nadu,Thanjavur,Kumbakonam (Uzhavar Sandhai ) APMC,Sweet Potato,Hosur Red,Local,5000,5000,5000,09/04/2026
Tamil Nadu,Coimbatore,Sundarapuram(Uzhavar Sandhai ) APMC,Sweet Potato,Hosur Red,Local,3000,3500,3250,09/04/2026
Tamil Nadu,Coimbatore,Kurichi(Uzhavar Sandhai ) APMC,Sweet Potato,Hosur Red,Local,2800,3200,3000,09/04/2026
Tamil Nadu,Dindigul,Dindigul(Uzhavar Sandhai ) APMC,Sweet Potato,Hosur Red,Local,4000,5000,4500,09/04/2026
Tamil Nadu,Erode,Periyar Nagar(Uzhavar Sandhai ) APMC,Sweet Potato,Hosur Red,Local,3000,3500,3250,09/04/2026
Tamil Nadu,Krishnagiri,Hosur(Uzhavar Sandhai ) APMC,Sweet Potato,Hosur Red,Local,3500,4000,3750,09/04/2026
Tamil Nadu,Madurai,Anaiyur(Uzhavar Sandhai ) APMC,Sweet Potato,Hosur Red,Local,3000,3600,3300,09/04/2026
Tamil Nadu,Namakkal,Mohanur(Uzhavar Sandhai ) APMC,Sweet Potato,Hosur Red,Local,4000,4800,4400,09/04/2026
Tamil Nadu,Vellore,Gudiyatham(Uzhavar Sandhai ) APMC,Sweet Potato,Hosur Red,Local,3000,3000,3000,09/04/2026
Tamil Nadu,Chengalpattu,Pallavaram(Uzhavar Sandhai ) APMC,Sweet Potato,Hosur Red,Local,4000,5000,4500,09/04/2026
Tamil Nadu,Salem,Elampillai(Uzhavar Sandhai ) APMC,Sweet Potato,Hosur Red,Local,3500,4000,3750,09/04/2026
Tamil Nadu,Salem,Jalagandapuram(Uzhavar Sandhai ) APMC,Sweet Potato,Hosur Red,Local,3500,4000,3750,09/04/2026
Tamil Nadu,Thanjavur,Thanjavur(Uzhavar Sandhai ) APMC,Sweet Potato,Hosur Red,Local,3600,3600,3600,09/04/2026
Tamil Nadu,Thiruvarur,Tiruthuraipoondi(Uzhavar Sandhai ) APMC,Sweet Potato,Hosur Red,Local,4000,4000,4000,09/04/2026
Tamil Nadu,Thiruchirappalli,KKNagar(Uzhavar Sandhai ) APMC,Sweet Potato,Hosur Red,Local,4000,4000,4000,09/04/2026
Madhya Pradesh,Shajapur,Shajapur APMC,Potato,Potato,FAQ,234,655,655,09/04/2026
Madhya Pradesh,Shivpuri,Shivpuri(F&V) APMC,Potato,Other,Grade B,800,800,800,09/04/2026
Madhya Pradesh,Sagar,Sagar(F&V) APMC,Potato,Local,Local,500,700,600,09/04/2026
Madhya Pradesh,Indore,Indore APMC,Potato,Local,FAQ,125,754,641,09/04/2026
Madhya Pradesh,Badwani,Badwani(F&V) APMC,Potato,Potato,Local,1000,1000,1000,09/04/2026
Madhya Pradesh,Sheopur,Sheopurkalan(F&V) APMC,Potato,Potato,Medium,600,700,650,09/04/2026
Madhya Pradesh,Ujjain,Ujjain APMC,Potato,Potato,Non-FAQ,100,649.96,649.96,09/04/2026
Madhya Pradesh,Morena,Morena APMC,Potato,Desi,Non-FAQ,300,400,400,09/04/2026
Madhya Pradesh,Shivpuri,Karera(F&V) APMC,Potato,Potato,Local,600,1000,800,09/04/2026
Madhya Pradesh,Hoshangabad,Pipariya(F&V) APMC,Potato,Potato,Local,750,1500,1100,09/04/2026
Madhya Pradesh,Morena,Porsa APMC,Potato,Potato,Non-FAQ,400,450,450,09/04/2026
Madhya Pradesh,Dewas,Dewas(F&V) APMC,Potato,Other,FAQ,200,1000,860,09/04/2026
Madhya Pradesh,Burhanpur,Burhanpur(F&V) APMC,Potato,Local,Local,700,1200,1000,09/04/2026
Madhya Pradesh,Chhatarpur,Chattarpur(F&V) APMC,Potato,Other,Grade B,700,700,700,09/04/2026
Madhya Pradesh,Dhar,Kukshi(F&V) APMC,Potato,Potato,Grade A,700,1100,900,09/04/2026
Maharashtra,Mumbai,Vashi New Mumbai APMC,Potato,Other,Local,600,1300,950,09/04/2026
Maharashtra,Nagpur,Nagpur APMC,Potato,Local,Local,600,1000,900,09/04/2026
Maharashtra,Ahmednagar,Ahmednagar APMC,Potato,Other,Local,1000,1700,1350,09/04/2026
Maharashtra,Satara,Satara APMC,Potato,Other,Local,1000,1400,1200,09/04/2026
Maharashtra,Ahmednagar,Shrirampur APMC,Potato,Other,Local,800,1200,1000,09/04/2026
Maharashtra,Chattrapati Sambhajinagar,Chattrapati Sambhajinagar APMC,Potato,Other,Local,500,1200,850,09/04/2026
Maharashtra,Chandrapur,Chandrapur(Ganjwad) APMC,Potato,Other,Local,1000,1300,1200,09/04/2026
Maharashtra,Jalgaon,Jalgaon APMC,Potato,Other,Local,500,800,700,09/04/2026
Maharashtra,Dharashiv(Usmanabad),Dharashiv APMC,Potato,Other,Local,600,1200,900,09/04/2026
Maharashtra,Pune,Pune(Moshi) APMC,Potato,Local,Local,700,1000,850,09/04/2026
Maharashtra,Sangli,"Sangli(Phale, Bhajipura Market) APMC",Potato,Local,Local,700,1600,1150,09/04/2026
Maharashtra,Sholapur,Solapur APMC,Potato,Local,Local,600,1350,1000,09/04/2026
Maharashtra,Nagpur,Ramtek APMC,Potato,Local,Local,800,1000,900,09/04/2026
Maharashtra,Nashik,Nasik APMC,Potato,Other,Local,700,1350,900,09/04/2026
Maharashtra,Pune,Junnar(Otur) APMC,Potato,Local,Local,500,1400,1000,09/04/2026
Maharashtra,Pune,Khed(Chakan) APMC,Potato,Other,Local,800,1200,1000,09/04/2026
Maharashtra,Pune,Pune APMC,Potato,Local,Local,500,1400,950,09/04/2026
Maharashtra,Ahmednagar,Rahata APMC,Potato,Other,Local,300,1100,700,09/04/2026
Maharashtra,Sangli,Vita APMC,Potato,Other,Local,1100,1200,1150,09/04/2026
Maharashtra,Sholapur,Akluj APMC,Potato,Local,Local,900,1200,1000,09/04/2026
Maharashtra,Akola,Akola APMC,Potato,Other,Local,500,1200,900,09/04/2026
Maharashtra,Jalgaon,Bhusaval APMC,Potato,Other,Local,1000,1500,1200,09/04/2026
Maharashtra,Pune,Junnar APMC,Potato,Local,Local,500,1000,700,09/04/2026
Maharashtra,Pune,Junnar(Narayangaon) APMC,Potato,Other,Local,200,1300,700,09/04/2026
Maharashtra,Pune,Pune(Manjri) APMC,Potato,Other,Local,1200,1600,1500,09/04/2026
Maharashtra,Nagpur,Nagpur APMC,Sweet Potato,Other,Local,1000,1500,1325,09/04/2026
Maharashtra,Mumbai,Mumbai APMC,Sweet Potato,Other,Local,2000,3200,2600,09/04/2026
Maharashtra,Pune,Pune APMC,Sweet Potato,Other,Local,2000,3000,2500,09/04/2026
Uttar Pradesh,Mainpuri,Ghiraur APMC,Potato,Other,FAQ,500,500,500,09/04/2026
Uttar Pradesh,Bulandshahar,Jahangirabad APMC,Potato,Other,FAQ,400,500,409.15,09/04/2026
Uttar Pradesh,Sitapur,Mehmoodabad APMC,Potato,Other,FAQ,500,500,500,09/04/2026
Uttar Pradesh,Kaushambi,Manjhanpur APMC,Potato,Other,FAQ,400,400,400,09/04/2026
Uttar Pradesh,Hathras,Shadabad APMC,Potato,Potato,Small,400,500,450,09/04/2026
Uttar Pradesh,Badaun,Shahaswan APMC,Potato,Potato,Medium,800,800,800,09/04/2026
Uttar Pradesh,Sambhal,Sambhal APMC,Potato,Desi,FAQ,400,1000,800,09/04/2026
Uttar Pradesh,Bulandshahar,Sikarpur APMC,Potato,Potato,FAQ,500,650,600,09/04/2026
Uttar Pradesh,Bulandshahar,Sikarpur APMC,Potato,Other,FAQ,400,600,404.5,09/04/2026
Uttar Pradesh,Firozabad,Tundla APMC,Potato,Other,FAQ,500,500,500,09/04/2026
Uttar Pradesh,Badaun,Wazirganj APMC,Potato,Other,FAQ,500,500,500,09/04/2026
Uttar Pradesh,Auraiya,Achalda APMC,Potato,Other,FAQ,500,500,500,09/04/2026
Uttar Pradesh,Etawah,Bharthna APMC,Potato,Other,FAQ,500,500,500,09/04/2026
Uttar Pradesh,Kanpur,Choubepur APMC,Potato,Other,FAQ,450,450,450,09/04/2026
Uttar Pradesh,Bulandshahar,Divai APMC,Potato,Other,FAQ,500,500,500,09/04/2026
Uttar Pradesh,Etah,Etah APMC,Potato,Other,FAQ,500,500,500,09/04/2026
Uttar Pradesh,Kanpur,Kanpur(Grain) APMC,Potato,Other,FAQ,600,600,600,09/04/2026
Uttar Pradesh,Sambhal,Muradabad APMC,Potato,Other,FAQ,400,400,400,09/04/2026
Uttar Pradesh,Sitapur,Sitapur APMC,Potato,Other,FAQ,500,500,500,09/04/2026
Uttar Pradesh,Raebarelli,Lalganj APMC,Potato,Other,FAQ,600,610,607.5,09/04/2026
Uttar Pradesh,Farukhabad,Kamlaganj APMC,Potato,Local,Local,500,500,500,09/04/2026
Uttar Pradesh,Firozabad,Firozabad APMC,Potato,Other,FAQ,400,500,403.51,09/04/2026
Uttar Pradesh,Bulandshahar,Sikanderabad APMC,Potato,Other,FAQ,500,500,500,09/04/2026
Uttar Pradesh,Sambhal,Bhehjoi APMC,Potato,Potato,Local,400,410,405,09/04/2026
Uttar Pradesh,Etawah,Jasvantnagar APMC,Potato,Desi,Medium,500,700,600,09/04/2026
Uttar Pradesh,Kanpur Dehat,Pukharayan APMC,Potato,Local,FAQ,600,625,610,09/04/2026
Uttar Pradesh,Agra,Fatehabad APMC,Potato,Other,FAQ,500,500,500,09/04/2026
Uttar Pradesh,Shamli,Khandhla APMC,Potato,Desi,FAQ,550,620,580,09/04/2026
Uttar Pradesh,Mainpuri,Mainpuri APMC,Potato,Other,FAQ,500,500,500,09/04/2026
Uttar Pradesh,Varanasi,Varanasi APMC,Potato,Other,FAQ,800,800,800,09/04/2026
Uttar Pradesh,Auraiya,Auraiya APMC,Potato,Other,FAQ,600,600,600,09/04/2026
Uttar Pradesh,Lakhimpur,Golagokarnath APMC,Potato,Other,FAQ,400,400,400,09/04/2026
Uttar Pradesh,Hathras,Haathras APMC,Potato,Other,FAQ,500,500,500,09/04/2026
Uttar Pradesh,Farukhabad,Kayamganj APMC,Potato,Desi,FAQ,450,450,450,09/04/2026
Uttar Pradesh,Farukhabad,Mohamadabad APMC,Potato,Other,FAQ,450,450,450,09/04/2026
Uttar Pradesh,Lakhimpur,Paliakala APMC,Potato,Other,FAQ,500,500,500,09/04/2026
Uttar Pradesh,Raebarelli,Salon APMC,Potato,Desi,FAQ,690,700,692,09/04/2026
Uttar Pradesh,Firozabad,Shikohabad APMC,Potato,Other,FAQ,500,500,500,09/04/2026
Uttar Pradesh,Balrampur,Tulsipur APMC,Potato,Potato,FAQ,600,670,640,09/04/2026
Uttar Pradesh,Etah,Aliganj APMC,Potato,Other,FAQ,500,500,500,09/04/2026
Uttar Pradesh,Aligarh,Atrauli APMC,Potato,Other,FAQ,500,500,500,09/04/2026
Uttar Pradesh,Sambhal,Chandausi APMC,Potato,Other,FAQ,455,505,490,09/04/2026
Uttar Pradesh,Kannuj,Chhibramau APMC,Potato,Other,FAQ,450,450,450,09/04/2026
Uttar Pradesh,Farukhabad,Farukhabad APMC,Potato,Local,FAQ,400,500,450,09/04/2026
Uttar Pradesh,Bulandshahar,Gulavati APMC,Potato,Desi,FAQ,500,700,600,09/04/2026
Uttar Pradesh,Lakhimpur,Lakhimpur APMC,Potato,Other,FAQ,500,520,518.12,09/04/2026
Uttar Pradesh,Agra,Agra APMC,Potato,Other,FAQ,500,500,500,09/04/2026
Uttar Pradesh,Sitapur,Sidhauli APMC,Potato,Other,FAQ,400,400,400,09/04/2026
Uttar Pradesh,Bulandshahar,Buland Shahr APMC,Potato,Other,FAQ,400,400,400,09/04/2026
Uttar Pradesh,Aligarh,Charra APMC,Potato,Desi,FAQ,700,800,750,09/04/2026
Uttar Pradesh,Maharajganj,Anandnagar APMC,Potato,Potato,FAQ,950,1150,1050,09/04/2026
Uttar Pradesh,Kannuj,Kannauj APMC,Potato,Other,FAQ,450,800,523.28,09/04/2026
Uttar Pradesh,Amroha,Hasanpur APMC,Potato,Desi,FAQ,400,420,410,09/04/2026
Uttar Pradesh,Shamli,Kairana APMC,Potato,Other,FAQ,600,600,600,09/04/2026
Uttar Pradesh,Khiri (Lakhimpur),Maigalganj APMC,Potato,Desi,FAQ,600,630,615,09/04/2026
Uttar Pradesh,Shamli,Khandhla APMC,Potato,Other,FAQ,800,800,800,09/04/2026
Uttar Pradesh,Jalaun (Orai),Konch APMC,Potato,Other,FAQ,500,500,500,09/04/2026
Uttar Pradesh,Sambhal,Sambhal APMC,Potato,Other,FAQ,400,400,400,09/04/2026
Uttar Pradesh,Hardoi,Shahabad(New Mandi) APMC,Potato,Other,FAQ,500,500,500,09/04/2026
Uttar Pradesh,Firozabad,Sirsaganj APMC,Potato,Other,FAQ,500,500,500,09/04/2026
Uttar Pradesh,Sambhal,Bhehjoi APMC,Potato,Other,FAQ,400,400,400,09/04/2026
Uttar Pradesh,Etawah,Etawah APMC,Potato,Other,FAQ,550,771.64,586.26,09/04/2026
Uttar Pradesh,Ghaziabad,Ghaziabad APMC,Potato,Other,FAQ,700,750,715.38,09/04/2026
Uttar Pradesh,Lucknow,Lucknow APMC,Potato,Other,FAQ,600,600,600,09/04/2026
Uttar Pradesh,Farukhabad,Kayamganj APMC,Potato,Other,FAQ,450,450,450,09/04/2026
Uttar Pradesh,Baghpat,Khekda APMC,Potato,Other,FAQ,600,600,600,09/04/2026
Uttar Pradesh,Pratapgarh,Pratapgarh APMC,Potato,Potato,FAQ,610,610,610,09/04/2026
Uttar Pradesh,Pratapgarh,Pratapgarh APMC,Potato,Other,FAQ,800,800,800,09/04/2026
Uttar Pradesh,Badaun,Ujhani APMC,Potato,Other,FAQ,450,450,450,09/04/2026
Uttar Pradesh,Kanpur,Uttaripura APMC,Potato,Other,FAQ,450,450,450,09/04/2026
Uttar Pradesh,Ghazipur,Yusufpur APMC,Potato,Other,FAQ,1100,1100,1100,09/04/2026
Uttar Pradesh,Farukhabad,Farukhabad APMC,Potato,Other,FAQ,450,581,452.04,09/04/2026
Uttar Pradesh,Saharanpur,Saharanpur APMC,Potato,Other,FAQ,350,400,378.43,09/04/2026
Uttar Pradesh,Bulandshahar,Gulavati APMC,Potato,Other,FAQ,800,800,800,09/04/2026
Uttar Pradesh,Sonbhadra,Dudhi APMC,Potato,Potato,Local,900,1100,1000,09/04/2026
Uttar Pradesh,Raebarelli,Lalganj APMC,Potato,Desi,FAQ,600,700,650,09/04/2026
Uttar Pradesh,Amroha,Hasanpur APMC,Potato,Other,FAQ,400,410,406,09/04/2026
Uttar Pradesh,Saharanpur,Rampurmaniharan APMC,Potato,Desi,Grade C,700,700,700,09/04/2026
Uttar Pradesh,Saharanpur,Rampurmaniharan APMC,Potato,Other,FAQ,700,800,750,09/04/2026
Uttar Pradesh,Farukhabad,Kamlaganj APMC,Potato,Other,FAQ,500,500,500,09/04/2026
Uttar Pradesh,Agra,Samsabad APMC,Potato,Other,FAQ,500,500,500,09/04/2026
Uttar Pradesh,Agra,Khairagarh APMC,Potato,Desi,FAQ,500,600,550,09/04/2026
Uttar Pradesh,Jaunpur,Jaunpur APMC,Potato,Other,FAQ,800,800,800,09/04/2026
Uttar Pradesh,Meerut,Meerut APMC,Potato,Other,FAQ,800,800,800,09/04/2026
Uttar Pradesh,Etawah,Jasvantnagar APMC,Potato,Other,FAQ,550,550,550,09/04/2026
Uttar Pradesh,Shahjahanpur,Jalalabad APMC,Potato,Other,FAQ,500,500,500,09/04/2026
Uttar Pradesh,Shamli,Kairana APMC,Potato,Desi,FAQ,600,700,650,09/04/2026
Uttar Pradesh,Bareilly,Anwala APMC,Potato,Other,FAQ,500,500,500,09/04/2026
Uttar Pradesh,Bijnor,Chaandpur APMC,Potato,Other,FAQ,800,900,812.59,09/04/2026
Uttar Pradesh,Mainpuri,Bewar APMC,Potato,Other,FAQ,500,500,500,09/04/2026
Uttar Pradesh,Agra,Samsabad APMC,Potato,Local,Local,450,550,500,09/04/2026
Uttar Pradesh,Badaun,Badayoun APMC,Potato,Other,FAQ,450,450,450,09/04/2026
Uttar Pradesh,Badaun,Bisoli APMC,Potato,Other,FAQ,500,500,500,09/04/2026
Uttar Pradesh,Fatehpur,Fatehpur APMC,Potato,Other,FAQ,500,550,528.75,09/04/2026
Uttar Pradesh,Ghaziabad,Hapur APMC,Potato,Other,FAQ,1058,1205,1099.35,09/04/2026
Uttar Pradesh,Sitapur,Hargaon (Laharpur) APMC,Potato,Other,Local,560,560,560,09/04/2026
Uttar Pradesh,Kasganj,Kasganj APMC,Potato,Other,FAQ,500,500,500,09/04/2026
Uttar Pradesh,Aligarh,Khair APMC,Potato,Desi,Grade B,500,500,500,09/04/2026
Uttar Pradesh,Bijnor,Kiratpur APMC,Potato,Other,FAQ,600,600,600,09/04/2026
Uttar Pradesh,Mathura,Kosikalan APMC,Potato,Desi,FAQ,500,590,545,09/04/2026
Uttar Pradesh,Mathura,Kosikalan APMC,Potato,Other,FAQ,700,700,700,09/04/2026
Uttar Pradesh,Mathura,Mathura APMC,Potato,Other,FAQ,600,600,600,09/04/2026
Uttar Pradesh,Muzaffarnagar,Muzzafarnagar APMC,Potato,Other,FAQ,700,700,700,09/04/2026
Uttar Pradesh,Prayagraj,Prayagraj APMC,Potato,Other,FAQ,500,520,502.74,09/04/2026
Uttar Pradesh,Hathras,Shadabad APMC,Potato,Other,FAQ,500,500,500,09/04/2026
Uttar Pradesh,Barabanki,Safdarganj APMC,Potato,Other,FAQ,500,500,500,09/04/2026
Uttar Pradesh,Unnao,Unnao APMC,Potato,Other,FAQ,600,600,600,09/04/2026
Uttar Pradesh,Barabanki,Barabanki APMC,Potato,Other,FAQ,500,560,500.92,09/04/2026
Uttar Pradesh,Fatehpur,Bindki APMC,Potato,Other,FAQ,600,600,600,09/04/2026
Uttar Pradesh,Mau(Maunathbhanjan),Doharighat APMC,Potato,Potato,FAQ,800,800,800,09/04/2026
Rajasthan,Hanumangarh,Sangriya APMC,Potato,Potato,Local,600,1300,900,09/04/2026
Rajasthan,Ganganagar,Sriganganagar (F&V) APMC,Potato,Jalander,Grade A,400,800,600,09/04/2026
Rajasthan,Jaipur,Jaipur (F&V) APMC,Potato,Other,FAQ,400,700,550,09/04/2026
Rajasthan,Churu,Churu APMC,Potato,Red Nanital,FAQ,600,700,650,09/04/2026
Rajasthan,Rajsamand,Rajsamand APMC,Potato,Potato,FAQ,500,900,700,09/04/2026
Rajasthan,Hanumangarh,Bhadara APMC,Potato,Other,FAQ,500,700,600,09/04/2026
Rajasthan,Hanumangarh,Rawatsar APMC,Potato,Red Nanital,FAQ,700,700,700,09/04/2026
Rajasthan,Jaipur,Bassi APMC,Potato,Other,Local,1600,1800,1700,09/04/2026
Rajasthan,Baran,Baran APMC,Potato,Other,Local,500,700,550,09/04/2026
Rajasthan,Sikar,Sikar APMC,Potato,Other,FAQ,500,500,500,09/04/2026
Rajasthan,Ajmer,Ajmer(F&V) APMC,Potato,Other,Medium,700,1100,950,09/04/2026
Karnataka,Kolar,Bangarpet APMC,Potato,Local,Local,700,1300,1100,09/04/2026
Karnataka,Belgaum,Belgaum APMC,Potato,Local,Large,500,1200,1000,09/04/2026
Karnataka,Bangalore,Doddaballa Pur APMC,Potato,Local,Medium,1500,2000,1700,09/04/2026
Karnataka,Chikmagalur,Chikkamagalore APMC,Potato,Other,Local,748,1248,848,09/04/2026
Karnataka,Bangalore,Bangalore APMC,Potato,Potato,Medium,600,1800,1400,09/04/2026
Karnataka,Bangalore,Bangalore APMC,Potato,Local,Medium,800,1100,1000,09/04/2026
Karnataka,Dharwad,Hubli (Amaragol) APMC,Potato,Potato,Local,1400,1800,1500,09/04/2026
Karnataka,Kalburgi,Kalburgi APMC,Potato,Potato,Local,500,1200,850,09/04/2026
Karnataka,Kolar,Gowribidanoor APMC,Potato,Potato,Local,1500,2500,2000,09/04/2026
Karnataka,Shimoga,Shimoga APMC,Potato,Local,Local,1600,2600,2000,09/04/2026
Karnataka,Belgaum,Belgaum APMC,Sweet Potato,Sweet Potato,Large,1000,1500,1200,09/04/2026
Karnataka,Bangalore,"Binny Mill (F&V), Bangalore APMC",Sweet Potato,Sweet Potato,Local,2500,3000,2800,09/04/2026
Gujarat,Ahmedabad,Ahmedabad(Chimanbhai Patal Market Vasana) APMC,Potato,Chips,FAQ,1000,1400,1300,09/04/2026
Gujarat,Porbandar,Porbandar APMC,Potato,Red Nanital,Non-FAQ,750,1250,1000,09/04/2026
Gujarat,Surat,Surat APMC,Potato,Other,FAQ,400,1500,950,09/04/2026
Gujarat,Navsari,Bilimora APMC,Potato,Other,FAQ,1200,1600,1400,09/04/2026
Gujarat,Ahmedabad,Ahmedabad(Chimanbhai Patal Market Vasana) APMC,Potato,Other,FAQ,900,1100,1050,09/04/2026
Gujarat,Gandhinagar,Mansa(Manas Veg Yard) APMC,Potato,Other,Local,700,700,700,09/04/2026
Gujarat,Kachchh,Bhuj APMC,Potato,Desi,FAQ,800,1200,1000,09/04/2026
Gujarat,Surendranagar,Vadhvan APMC,Potato,Potato,Medium,1000,1500,1250,09/04/2026
Gujarat,Mehsana,Mehsana(Mehsana Veg) APMC,Potato,Potato,Local,250,850,700,09/04/2026
Gujarat,Banaskanth,Deesa(Deesa Veg Yard) APMC,Potato,Other,FAQ,500,1200,850,09/04/2026
Gujarat,Bhavnagar,Palitana APMC,Potato,Potato,Medium,1000,2100,1550,09/04/2026
Gujarat,Rajkot,Rajkot(Veg.Sub Yard) APMC,Potato,Potato,FAQ,480,1270,875,09/04/2026
Gujarat,Navsari,Navsari APMC,Potato,Potato,Grade A,700,1500,1100,09/04/2026
Gujarat,Kheda,Kapadvanj APMC,Potato,Potato,Medium,600,950,775,09/04/2026
Gujarat,Ahmedabad,Ahmedabad(Chimanbhai Patal Market Vasana) APMC,Potato,Desi,FAQ,400,800,700,09/04/2026
Gujarat,Dahod,Dahod(Veg. Market) APMC,Potato,Potato,Local,800,1200,1100,09/04/2026
Gujarat,Rajkot,Gondal(Veg.market Gondal) APMC,Potato,Potato,Local,500,1250,875,09/04/2026
Gujarat,Surendranagar,Vadhvan APMC,Sweet Potato,Sweet Potato,Medium,3000,3500,3250,09/04/2026
Gujarat,Surat,Surat APMC,Sweet Potato,Other,FAQ,1000,2300,1650,09/04/2026
Gujarat,Ahmedabad,Ahmedabad APMC,Sweet Potato,Other,FAQ,1200,2000,1900,09/04/2026
Gujarat,Rajkot,Gondal(Veg.market Gondal) APMC,Sweet Potato,Sweet Potato,Local,500,1200,850,09/04/2026
Haryana,Panipat,Samalkha APMC,Potato,Other,FAQ,500,500,500,09/04/2026
Haryana,Kurukshetra,Ladwa APMC,Potato,Local,Medium,700,900,900,09/04/2026
Haryana,Jhajar,Jhajjar APMC,Potato,Other,Medium,600,600,600,09/04/2026
Haryana,Sonipat,Sonepat APMC,Potato,Desi,FAQ,900,1000,900,09/04/2026
Haryana,Yamuna Nagar,Jagadhri APMC,Potato,Potato,FAQ,500,650,630,09/04/2026
Haryana,Kaithal,Siwan APMC,Potato,Other,FAQ,350,420,400,09/04/2026
Haryana,Mewat,Nuh APMC,Potato,Other,Local,1000,1000,1000,09/04/2026
Haryana,Panipat,Madlauda APMC,Potato,Potato,FAQ,600,700,650,09/04/2026
Haryana,Rohtak,Sampla APMC,Potato,Other,Local,800,1000,1000,09/04/2026
Haryana,Faridabad,Ballabhgarh APMC,Potato,Potato,FAQ,550,800,700,09/04/2026
Haryana,Gurgaon,Sohna APMC,Potato,Potato,Local,800,1000,1000,09/04/2026
Haryana,Mahendragarh-Narnaul,Narnaul APMC,Potato,Potato,Medium,700,800,750,09/04/2026
Haryana,Rohtak,Rohtak APMC,Potato,Other,Medium,400,600,500,09/04/2026
Haryana,Kaithal,Dhand APMC,Potato,Other,Medium,700,900,850,09/04/2026
Haryana,Gurgaon,Gurgaon APMC,Potato,Other,Grade B,500,700,600,09/04/2026
Haryana,Mewat,Tauru APMC,Potato,Potato,FAQ,700,700,700,09/04/2026
Haryana,Sonipat,Sonepat(Kharkhoda) APMC,Potato,Other,FAQ,600,800,700,09/04/2026
Haryana,Jind,Narwana APMC,Potato,Potato,Non-FAQ,500,500,500,09/04/2026
Haryana,Ambala,Shahzadpur APMC,Potato,Potato,FAQ,250,800,250,09/04/2026
Haryana,Yamuna Nagar,Chhachrauli APMC,Potato,Potato,Medium,600,1000,600,09/04/2026
Haryana,Yamuna Nagar,Radaur APMC,Potato,Other,Local,300,400,350,09/04/2026
Haryana,Sonipat,Ganaur APMC,Potato,Potato,FAQ,600,1000,800,09/04/2026
Haryana,Fatehabad,Fatehabad APMC,Potato,Potato,Local,500,600,600,09/04/2026
Haryana,Kaithal,Cheeka APMC,Potato,Other,FAQ,600,700,650,09/04/2026
Haryana,Sirsa,Sirsa APMC,Potato,Other,FAQ,350,600,400,09/04/2026
Haryana,Sonipat,Gohana APMC,Potato,Other,Medium,500,1200,1000,09/04/2026
Haryana,Hissar,Hansi APMC,Potato,Other,Grade Range-1,300,2500,700,09/04/2026
Haryana,Mahendragarh-Narnaul,Mohindergarh APMC,Potato,Potato,FAQ,600,700,700,09/04/2026
Haryana,Yamuna Nagar,Sadhaura APMC,Potato,Potato,Local,600,700,650,09/04/2026
Haryana,Hissar,Uklana APMC,Potato,Potato,Medium,700,700,700,09/04/2026
Haryana,Rewari,Kosli APMC,Potato,Other,FAQ,1000,1200,1100,09/04/2026
Haryana,Rohtak,Meham APMC,Potato,Potato,Medium,500,500,500,09/04/2026
Haryana,Panchkula,Barwala APMC,Potato,Local,FAQ,400,600,500,09/04/2026
Haryana,Karnal,Tarori APMC,Potato,Desi,Grade A,1000,1200,1100,09/04/2026
Haryana,Kurukshetra,Pehowa APMC,Potato,Other,Medium,320,360,350,09/04/2026
Haryana,Kurukshetra,Thanesar APMC,Potato,Potato,Local,400,800,600,09/04/2026
Haryana,Rewari,Rewari APMC,Potato,Other,Medium,800,1250,1000,09/04/2026
Haryana,Panipat,Panipat APMC,Potato,Potato,Local,300,500,400,09/04/2026
Haryana,Panchkula,Raipur Rai APMC,Potato,Potato,Local,600,650,600,09/04/2026
Haryana,Yamuna Nagar,Mustafabad APMC,Potato,Potato,FAQ,450,500,500,09/04/2026
Haryana,Hissar,Barwala(Hisar) APMC,Potato,Potato,Local,500,700,600,09/04/2026
Haryana,Jhajar,Bahadurgarh APMC,Potato,Other,FAQ,500,1200,1000,09/04/2026
Punjab,Sangrur,Lehra Gaga APMC,Potato,Other,Grade A,400,400,400,09/04/2026
Punjab,Fazilka,Fazilka APMC,Potato,Potato,FAQ,700,700,700,09/04/2026
Punjab,Jalandhar,Nakodar APMC,Potato,Potato,Local,450,450,450,09/04/2026
Punjab,Ludhiana,Ludhiana APMC,Potato,Other,FAQ,100,400,200,09/04/2026
Punjab,Hoshiarpur,Garh Shankar APMC,Potato,Potato,FAQ,500,500,500,09/04/2026
Punjab,Mohali,Kurali APMC,Potato,Other,Medium,520,670,600,09/04/2026
Punjab,Bhatinda,Talwandi Sabo APMC,Potato,Other,Grade A,600,800,700,09/04/2026
Punjab,Mohali,Kharar APMC,Potato,Potato,Non-FAQ,400,500,450,09/04/2026
Punjab,Ludhiana,Khanna APMC,Potato,Potato,Grade A,400,400,400,09/04/2026
Punjab,Nawanshahr,Nawan Shahar(Subzi Mandi) APMC,Potato,Potato,FAQ,400,500,450,09/04/2026
Punjab,Patiala,Nabha APMC,Potato,Other,Grade C,280,500,370,09/04/2026
Punjab,Gurdaspur,Dinanagar APMC,Potato,Potato,Medium,550,650,600,09/04/2026
Punjab,Hoshiarpur,Tanda Urmur APMC,Potato,Local,Grade B,1000,1200,1100,09/04/2026
Punjab,Hoshiarpur,Garh Shankar(Mahalpur) APMC,Potato,Potato,FAQ,450,450,450,09/04/2026
Punjab,Tarntaran,Tarantaran APMC,Potato,Other,Local,330,330,330,09/04/2026
Punjab,Gurdaspur,Quadian APMC,Potato,Other,FAQ,400,500,450,09/04/2026
Punjab,Ropar (Rupnagar),Ropar APMC,Potato,Local,Non-FAQ,600,800,700,09/04/2026
Punjab,Mansa,Mansa APMC,Potato,Other,FAQ,560,560,560,09/04/2026
Punjab,Ludhiana,Sahnewal APMC,Potato,Potato,FAQ,500,500,500,09/04/2026
Punjab,Ropar (Rupnagar),Chamkaur Sahib APMC,Potato,Potato,Medium,400,400,400,09/04/2026
Punjab,Sangrur,Ahmedgarh APMC,Potato,Local,Medium,500,600,600,09/04/2026
Punjab,Gurdaspur,F.G.Churian APMC,Potato,Potato,Grade A,500,500,500,09/04/2026
Punjab,Patiala,Ghanaur APMC,Potato,Other,FAQ,300,500,400,09/04/2026
Punjab,Ferozpur,Zira APMC,Potato,Other,Local,400,400,400,09/04/2026
Punjab,Moga,Baghapurana APMC,Potato,Potato,Grade B,400,600,500,09/04/2026
Punjab,Amritsar,Rayya APMC,Potato,Potato,FAQ,500,500,500,09/04/2026
Punjab,Ropar (Rupnagar),Morinda APMC,Potato,Potato,Local,480,600,540,09/04/2026
Punjab,Jalandhar,Jalandhar City(Jalandhar) APMC,Potato,Other,Medium,100,400,200,09/04/2026
Punjab,Jalandhar,Phillaur(Apra Mandi) APMC,Potato,Other,FAQ,400,400,400,09/04/2026
Punjab,Hoshiarpur,Mukerian APMC,Potato,Potato,Local,800,1200,1000,09/04/2026
Punjab,Ludhiana,Doraha APMC,Potato,Desi,Local,500,600,550,09/04/2026
Punjab,Fazilka,Jalalabad APMC,Potato,Potato,Medium,500,700,600,09/04/2026
Punjab,Fatehgarh,Bassi Pathana APMC,Potato,Potato,Medium,400,600,500,09/04/2026
Punjab,Patiala,Patiala APMC,Potato,Potato,Grade A,100,300,200,09/04/2026
Punjab,Patiala,Patran APMC,Potato,Other,Grade A,300,300,300,09/04/2026
Punjab,Gurdaspur,Gurdaspur APMC,Potato,Other,Grade A,650,650,650,09/04/2026
Punjab,Muktsar,Giddarbaha APMC,Potato,Potato,FAQ,1000,1000,1000,09/04/2026
Punjab,Moga,Nihal Singh Wala APMC,Potato,Potato,FAQ,400,400,400,09/04/2026
Punjab,Sangrur,Bhawanigarh APMC,Potato,Other,Medium,500,500,500,09/04/2026
Punjab,Bhatinda,Bhagta Bhai Ka APMC,Potato,Other,Medium,700,700,700,09/04/2026
Punjab,Hoshiarpur,GarhShankar (Kotfatuhi) APMC,Potato,Other,FAQ,500,500,500,09/04/2026
Andhra Pradesh,Chittor,Palamaner APMC,Potato,Potato,FAQ,1000,1300,1200,09/04/2026
West Bengal,Bankura,Bankura Sadar APMC,Potato,Jyoti,FAQ,510,550,530,09/04/2026
West Bengal,Birbhum,Rampurhat APMC,Potato,Other,FAQ,420,460,440,09/04/2026
West Bengal,Dakshin Dinajpur,Balurghat APMC,Potato,Local,FAQ,560,580,570,09/04/2026
West Bengal,Paschim Bardhaman,Asansol APMC,Potato,Jyoti,FAQ,680,750,700,09/04/2026
West Bengal,Bankura,Khatra APMC,Potato,Other,Non-FAQ,320,400,350,09/04/2026
West Bengal,Coochbehar,Haldibari APMC,Potato,Jyoti,FAQ,780,820,810,09/04/2026
West Bengal,Nadia,Ranaghat APMC,Potato,Jyoti,FAQ,680,700,690,09/04/2026
West Bengal,Jalpaiguri,Jalpaiguri Sadar APMC,Potato,Jyoti,FAQ,600,700,650,09/04/2026
West Bengal,Malda,Samsi APMC,Potato,Local,FAQ,410,480,420,09/04/2026
West Bengal,Paschim Bardhaman,Durgapur APMC,Potato,Jyoti,FAQ,680,760,700,09/04/2026
West Bengal,Nadia,Karimpur APMC,Potato,Jyoti,Grade A,670,690,680,09/04/2026
West Bengal,Bankura,Bishnupur(Bankura) APMC,Potato,Jyoti,Non-FAQ,360,450,400,09/04/2026
West Bengal,Hooghly,Champadanga APMC,Potato,Jyoti,FAQ,680,700,690,09/04/2026
West Bengal,Birbhum,Sainthia APMC,Potato,Potato,FAQ,900,1000,950,09/04/2026
West Bengal,Medinipur(E),Kolaghat APMC,Potato,Jyoti,FAQ,630,680,650,09/04/2026
West Bengal,Kolkata,Bara Bazar (Posta Bazar) APMC,Potato,Other,FAQ,620,700,660,09/04/2026
West Bengal,Hooghly,Pandua APMC,Potato,Jyoti,FAQ,620,690,660,09/04/2026
West Bengal,Medinipur(E),Tamluk (Medinipur E) APMC,Potato,Jyoti,FAQ,630,670,650,09/04/2026
West Bengal,Uttar Dinajpur,Islampur APMC,Potato,Other,FAQ,600,640,620,09/04/2026
West Bengal,Birbhum,Birbhum APMC,Potato,Potato,FAQ,900,1000,950,09/04/2026
West Bengal,North 24 Parganas,Habra APMC,Potato,Jyoti,FAQ,660,700,660,09/04/2026
West Bengal,Bankura,Khatra APMC,Potato,Jyoti,Non-FAQ,350,450,400,09/04/2026
West Bengal,Darjeeling,Darjeeling APMC,Potato,Red,FAQ,1400,1600,1500,09/04/2026
West Bengal,Nadia,Chakdah APMC,Potato,Jyoti,FAQ,680,700,690,09/04/2026
West Bengal,Dakshin Dinajpur,Gangarampur(Dakshin Dinajpur) APMC,Potato,Local,FAQ,560,580,570,09/04/2026
West Bengal,Nadia,Kalyani APMC,Potato,Jyoti,Local,680,700,690,09/04/2026
West Bengal,Coochbehar,Mathabhanga APMC,Potato,Jyoti,FAQ,780,820,800,09/04/2026
West Bengal,Darjeeling,Siliguri APMC,Potato,Jyoti,FAQ,730,760,750,09/04/2026
West Bengal,Medinipur(W),Garbeta(Medinipur) APMC,Potato,Jyoti,FAQ,500,520,510,09/04/2026
West Bengal,Coochbehar,Baxirhat APMC,Potato,Jyoti,FAQ,790,820,810,09/04/2026
West Bengal,Nadia,Bethuadahari APMC,Potato,Desi,Grade A,650,670,660,09/04/2026
West Bengal,Howrah,Ramkrishanpur(Howrah) APMC,Potato,Jyoti,FAQ,620,660,640,09/04/2026
West Bengal,Murshidabad,Jiaganj APMC,Potato,Local,FAQ,500,550,520,09/04/2026
West Bengal,Coochbehar,Dinhata APMC,Potato,Jyoti,FAQ,790,820,810,09/04/2026
West Bengal,Bankura,Indus(Bankura Sadar) APMC,Potato,Jyoti,FAQ,500,550,520,09/04/2026
West Bengal,Howrah,Uluberia APMC,Potato,Jyoti,FAQ,630,660,640,09/04/2026
West Bengal,Hooghly,Sheoraphuly APMC,Potato,Jyoti,FAQ,680,700,690,09/04/2026
West Bengal,Jhargram,Jhargram APMC,Potato,Jyoti,FAQ,410,450,430,09/04/2026
West Bengal,Sounth 24 Parganas,Diamond Harbour(South 24-pgs) APMC,Potato,Jyoti,FAQ,720,760,740,09/04/2026
West Bengal,Darjeeling,Karsiyang(Matigara) APMC,Potato,Red,FAQ,1400,1600,1500,09/04/2026
West Bengal,Purba Bardhaman,Katwa APMC,Potato,Jyoti,FAQ,670,710,690,09/04/2026
West Bengal,Nadia,Nadia APMC,Potato,Jyoti,FAQ,690,700,690,09/04/2026
West Bengal,Coochbehar,Toofanganj APMC,Potato,Jyoti,FAQ,780,820,810,09/04/2026
West Bengal,Malda,Gajol APMC,Potato,Local,FAQ,400,450,430,09/04/2026
West Bengal,Medinipur(W),Medinipur(West) APMC,Potato,Jyoti,FAQ,480,520,500,09/04/2026
West Bengal,Puruliya,Balarampur APMC,Potato,Other,FAQ,600,800,700,09/04/2026
West Bengal,Hooghly,Kalipur APMC,Potato,Jyoti,FAQ,620,660,640,09/04/2026
West Bengal,North 24 Parganas,Barasat APMC,Potato,Jyoti,FAQ,1000,1000,1000,09/04/2026
West Bengal,Birbhum,Bolpur APMC,Potato,Potato,FAQ,900,1000,950,09/04/2026
West Bengal,Jalpaiguri,Dhupguri APMC,Potato,Jyoti,FAQ,600,700,650,09/04/2026
West Bengal,Uttar Dinajpur,Kaliaganj APMC,Potato,Other,FAQ,500,580,550,09/04/2026
West Bengal,Murshidabad,Jangipur APMC,Potato,Jyoti,FAQ,450,550,500,09/04/2026
West Bengal,Uttar Dinajpur,Raiganj APMC,Potato,Other,FAQ,600,640,620,09/04/2026
West Bengal,Bankura,Bishnupur(Bankura) APMC,Potato,Other,Non-FAQ,340,400,380,09/04/2026
West Bengal,Medinipur(W),Ghatal APMC,Potato,Jyoti,Local,710,730,720,09/04/2026
West Bengal,Coochbehar,Mekhliganj APMC,Potato,Jyoti,FAQ,780,820,800,09/04/2026
West Bengal,Kolkata,Sealdah Koley Market APMC,Sweet Potato,Other,FAQ,3800,4000,4000,09/04/2026
Odisha,Sundergarh,Sargipali APMC,Potato,Other,FAQ,900,1200,1000,09/04/2026
Odisha,Dhenkanal,Kamakhyanagar APMC,Potato,Potato,Grade A,1000,1000,1000,09/04/2026
Odisha,Sundergarh,Bonai APMC,Potato,Other,FAQ,750,1000,850,09/04/2026
Odisha,Dhenkanal,Hindol APMC,Potato,Potato,Grade B,1000,1200,1100,09/04/2026
Odisha,Sambalpur,Rairakhol APMC,Potato,Potato,Grade B,1000,1800,1200,09/04/2026
Odisha,Mayurbhanja,Udala APMC,Potato,Potato,FAQ,900,900,900,09/04/2026
Odisha,Nuapada,Khariar Road APMC,Potato,Other,FAQ,1500,1500,1500,09/04/2026
Odisha,Jagatsinghpur,Jagatsinghpur APMC,Potato,Potato,FAQ,1500,1600,1550,09/04/2026
Odisha,Khurda,Balugaon APMC,Potato,Kufri Giriraj,Grade A,900,900,900,09/04/2026
Odisha,Rayagada,Rayagada APMC,Potato,Potato,Medium,1300,1400,1400,09/04/2026
Odisha,Bolangir,Tusura APMC,Potato,Other,Grade A,2000,2000,2000,09/04/2026
Odisha,Boudh,Boudh APMC,Potato,Other,Local,1000,1500,1200,09/04/2026
Odisha,Sonepur,Birmaharajpur APMC,Potato,Other,Local,1500,1650,1600,09/04/2026
Telangana,Warangal,Warangal APMC,Potato,Potato,FAQ,1200,1600,1400,09/04/2026
Telangana,Ranga Reddy,"Kukatpally,RBZ APMC",Potato,Other,Medium,700,1200,950,09/04/2026
Telangana,Hyderabad,Hyderabad (F&V) APMC,Potato,Potato,Medium,1500,1500,1500,09/04/2026
Telangana,Hyderabad,Bowenpally APMC,Potato,Potato,FAQ,600,1300,1100,09/04/2026
Telangana,Hyderabad,Gudimalkapur APMC,Potato,Potato,Grade B,800,1300,1000,09/04/2026
Telangana,Medak,Vantamamidi APMC,Potato,Potato,Local,600,700,650,09/04/2026
Telangana,Mahbubnagar,Mahabubnagar(Rythu Bazar) APMC,Potato,Red Nanital,Local,3000,3000,3000,09/04/2026
Telangana,Hyderabad,Gaddiannaram APMC,Potato,Potato,Medium,1000,1500,1200,09/04/2026
Telangana,Hyderabad,Gudimalkapur APMC,Sweet Potato,Sweet Potato,Grade B,700,1000,800,09/04/2026
Telangana,Ranga Reddy,"Kukatpally,RBZ APMC",Sweet Potato,Hosur Green,Medium,1500,2500,2000,09/04/2026
Telangana,Hyderabad,Bowenpally APMC,Sweet Potato,Sweet Potato,FAQ,1000,1500,1300,09/04/2026
Kerala,Ernakulam,Perumbavoor APMC,Potato,Potato,Medium,2500,3500,3000,09/04/2026
Kerala,Ernakulam,Thrippunithura APMC,Potato,Potato,Medium,3600,5000,3800,09/04/2026
Kerala,Kozhikode(Calicut),Mukkom APMC,Potato,Potato,FAQ,2000,2200,2100,09/04/2026
Kerala,Kottayam,Ettumanoor APMC,Potato,Potato,FAQ,2400,2600,2500,09/04/2026
Kerala,Kottayam,Kuruppanthura APMC,Potato,Other,Local,4500,4500,4500,09/04/2026
Kerala,Alappuzha,Chengannur APMC,Potato,Potato,FAQ,2900,3200,3000,09/04/2026
Kerala,Kottayam,Pala APMC,Potato,Other,FAQ,2600,3600,3000,09/04/2026
Kerala,Kollam,Chathanoor APMC,Potato,Other,FAQ,2800,3200,3000,09/04/2026
Kerala,Malappuram,Parappanangadi APMC,Potato,Other,FAQ,1800,2000,1900,09/04/2026
Kerala,Kannur,Thalasserry APMC,Potato,Other,FAQ,2000,2700,2300,09/04/2026
Kerala,Kozhikode(Calicut),Kallachi APMC,Potato,Other,FAQ,2200,2600,2400,09/04/2026
Kerala,Kollam,Anchal APMC,Potato,Potato,Local,3700,3700,3700,09/04/2026
Kerala,Palakad,Koduvayoor APMC,Potato,Potato,Medium,2200,2600,2400,09/04/2026
Kerala,Ernakulam,Piravam APMC,Potato,Potato,Local,4000,5000,4500,09/04/2026
Kerala,Alappuzha,Kayamkulam APMC,Potato,Other,FAQ,2200,2400,2300,09/04/2026
Kerala,Palakad,Koduvayoor APMC,Sweet Potato,Sweet Potato,Medium,2400,2800,2600,09/04/2026
Kerala,Malappuram,Parappanangadi APMC,Sweet Potato,Hosur Green,FAQ,1300,1500,1400,09/04/2026
Kerala,Kollam,Sasthamkotta APMC,Sweet Potato,Other,Local,3500,3500,3500,09/04/2026
Kerala,Ernakulam,Piravam APMC,Sweet Potato,Sweet Potato,Local,2500,3500,3000,09/04/2026
Uttarakhand,Dehradoon,Rishikesh APMC,Potato,Other,Medium,400,600,500,09/04/2026
Uttarakhand,Udhamsinghnagar,Kicchha APMC,Potato,Desi,Non-FAQ,300,500,400,09/04/2026
Uttarakhand,Haridwar,Bhagwanpur(Naveen Mandi Sthal) APMC,Potato,Other,Grade A,400,500,450,09/04/2026
Uttarakhand,Dehradoon,Dehradoon APMC,Potato,Other,FAQ,350,600,500,09/04/2026
Uttarakhand,Udhamsinghnagar,Khateema APMC,Potato,Other,Grade B,300,500,400,09/04/2026
Uttarakhand,Garhwal (Pauri),Kotadwara APMC,Potato,Potato,FAQ,900,900,900,09/04/2026
Uttarakhand,Haridwar,Manglaur APMC,Potato,Other,Large,500,700,600,09/04/2026
Uttarakhand,Haridwar,Roorkee APMC,Potato,Other,Medium,800,1200,1000,09/04/2026
Uttarakhand,Udhamsinghnagar,Rudrapur APMC,Potato,Other,Medium,400,500,450,09/04/2026
Uttarakhand,Dehradoon,Dehradoon APMC,Potato,Desi,FAQ,350,600,400,09/04/2026
Uttarakhand,Dehradoon,Vikasnagar APMC,Potato,Other,Medium,400,400,400,09/04/2026
Uttarakhand,Nanital,Haldwani APMC,Potato,Other,FAQ,600,800,700,09/04/2026
Uttarakhand,Haridwar,Haridwar Union APMC,Potato,Potato,FAQ,650,750,700,09/04/2026
Himachal Pradesh,Mandi,SMY Dhanotu,Potato,Potato,FAQ,600,700,650,09/04/2026
Himachal Pradesh,Kangra,SMY Baijnath,Potato,Desi,Grade A,800,1300,1000,09/04/2026
Himachal Pradesh,Mandi,SMY Takoli,Potato,Other,Medium,500,1200,800,09/04/2026
Himachal Pradesh,Kangra,SMY Palampur,Potato,Potato,FAQ,700,1000,800,09/04/2026
Himachal Pradesh,Kangra,SMY Dharamshala,Potato,Potato,FAQ,1000,1400,1200,09/04/2026
Himachal Pradesh,Chamba,PMY Chamba,Potato,Potato,Medium,1000,1200,1100,09/04/2026
Himachal Pradesh,Hamirpur,PMY Hamirpur,Potato,Other,Grade B,800,1400,1100,09/04/2026
Himachal Pradesh,Una,SMY Santoshgarh,Potato,Jyoti,FAQ,500,800,650,09/04/2026
Himachal Pradesh,Kullu,PMY Kullu,Potato,Other,FAQ,1000,1500,1300,09/04/2026
Himachal Pradesh,Solan,PMY Kather Solan,Potato,Other,Medium,600,1000,800,09/04/2026
Himachal Pradesh,Una,SMY Takarla,Potato,Other,FAQ,400,1000,700,09/04/2026
Himachal Pradesh,Solan,SMY Nalagarh,Potato,Other,Medium,400,800,600,09/04/2026
Himachal Pradesh,Una,PMY Una,Potato,Potato,Local,500,1000,800,09/04/2026
Himachal Pradesh,Mandi,PMY Kangni Mandi,Potato,Potato,Grade B,500,800,600,09/04/2026
Himachal Pradesh,Kangra,SMY Jaisinghpur,Potato,Potato,FAQ,800,1100,1000,09/04/2026
Tamil Nadu,Salem,Athur(Uzhavar Sandhai ) APMC,Garlic,Garlic,Local,16000,18000,17000,09/04/2026
Tamil Nadu,Vellore,Thirupathur APMC,Garlic,Garlic,Local,17500,17500,17500,09/04/2026
Tamil Nadu,Dharmapuri,Harur(Uzhavar Sandhai ) APMC,Garlic,Garlic,Local,13000,13500,13250,09/04/2026
Tamil Nadu,The Nilgiris,Gudalur(Uzhavar Sandhai ) APMC,Garlic,Garlic,Local,13000,14000,13500,09/04/2026
Tamil Nadu,Dharmapuri,Karimangalam(Uzhavar Sandhai),Garlic,Garlic,Local,13000,14000,13500,09/04/2026
Tamil Nadu,Thiruchirappalli,Manachanallur(Uzhavar Sandhai ) APMC,Garlic,Garlic,Local,14000,14000,14000,09/04/2026
Tamil Nadu,Chengalpattu,Madhuranthagam(Uzhavar Sandhai ) APMC,Garlic,Garlic,Local,12000,12000,12000,09/04/2026
Tamil Nadu,Ranipet,Arcot(Uzhavar Sandhai ) APMC,Garlic,Garlic,Local,14000,14000,14000,09/04/2026
Tamil Nadu,Thirupur,Tiruppur (South) (Uzhavar Sandhai ) APMC,Garlic,Garlic,Local,12000,14000,13000,09/04/2026
Tamil Nadu,Thirupur,Tiruppur (North) (Uzhavar Sandhai ) APMC,Garlic,Garlic,Local,13000,14000,13500,09/04/2026
Tamil Nadu,Salem,Mettur(Uzhavar Sandhai ) APMC,Garlic,Garlic,Local,16000,18000,17000,09/04/2026
Tamil Nadu,Thiruvannamalai,Arani(Uzhavar Sandhai ) APMC,Garlic,Garlic,Local,14000,16000,15000,09/04/2026
Tamil Nadu,Dindigul,Dindigul(Uzhavar Sandhai ) APMC,Garlic,Garlic,Local,32000,35000,33500,09/04/2026
Tamil Nadu,Salem,Vazhapadi(Uzhavar Sandhai),Garlic,Garlic,Local,20000,20000,20000,09/04/2026
Tamil Nadu,Vellore,Vellore APMC,Garlic,Garlic,Local,13500,14500,14000,09/04/2026
Tamil Nadu,Coimbatore,Sundarapuram(Uzhavar Sandhai ) APMC,Garlic,Garlic,Local,14000,15000,14500,09/04/2026
Tamil Nadu,Cuddalore,Vadalur(Uzhavar Sandhai ) APMC,Garlic,Garlic,Local,13000,16000,14500,09/04/2026
Tamil Nadu,Krishnagiri,Krishnagiri(Uzhavar Sandhai ) APMC,Garlic,Garlic,Local,14000,16000,15000,09/04/2026
Tamil Nadu,Krishnagiri,Avallapalli(Uzhavar Sandhai ) APMC,Garlic,Garlic,Local,15000,16000,15500,09/04/2026
Tamil Nadu,Perambalur,Perambalur(Uzhavar Sandhai ) APMC,Garlic,Garlic,Local,13000,15000,14000,09/04/2026
Tamil Nadu,Chengalpattu,Jameenrayapettai(Uzhavar Sandhai ) APMC,Garlic,Garlic,Local,18000,20000,19000,09/04/2026
Tamil Nadu,Thanjavur,Thanjavur(Uzhavar Sandhai ) APMC,Garlic,Garlic,Local,15000,15000,15000,09/04/2026
Tamil Nadu,Theni,Theni(Uzhavar Sandhai ) APMC,Garlic,Garlic,Local,10000,20000,15000,09/04/2026
Tamil Nadu,Thiruvannamalai,Chengam(Uzhavar Sandhai ) APMC,Garlic,Garlic,Local,12000,14000,13000,09/04/2026
Tamil Nadu,Thiruchirappalli,Thiruverumbur(Uzhavar Sandhai ) APMC,Garlic,Garlic,Local,16000,16000,16000,09/04/2026
Tamil Nadu,The Nilgiris,Coonoor(Uzhavar Sandhai ) APMC,Garlic,Garlic,Local,15000,16000,15500,09/04/2026
Tamil Nadu,Theni,Andipatti(Uzhavar Sandhai ) APMC,Garlic,Garlic,Local,22000,24000,23000,09/04/2026
Tamil Nadu,Coimbatore,Sulur(Uzhavar Sandhai ) APMC,Garlic,Garlic,Local,14000,16000,15000,09/04/2026
Tamil Nadu,Vellore,Perampet(Uzhavar Sandhai),Garlic,Garlic,Local,15000,15000,15000,09/04/2026
Tamil Nadu,Tenkasi,Tenkasi(Uzhavar Sandhai ) APMC,Garlic,Garlic,Local,14000,14000,14000,09/04/2026
Tamil Nadu,Dindigul,Palani(Uzhavar Sandhai ) APMC,Garlic,Garlic,Local,25000,25000,25000,09/04/2026
Tamil Nadu,Madurai,Palanganatham(Uzhavar Sandhai ) APMC,Garlic,Garlic,Local,11000,20000,15500,09/04/2026
Tamil Nadu,Namakkal,Namakkal(Uzhavar Sandhai ) APMC,Garlic,Garlic,Local,16000,18000,17000,09/04/2026
Tamil Nadu,The Nilgiris,Udhagamandalam(Uzhavar Sandhai ) APMC,Garlic,Garlic,Local,12000,15000,13500,09/04/2026
Tamil Nadu,Pudukkottai,Pudukottai(Uzhavar Sandhai ) APMC,Garlic,Garlic,Local,22000,24000,23000,09/04/2026
Tamil Nadu,Salem,Thathakapatti(Uzhavar Sandhai ) APMC,Garlic,Garlic,Local,16000,18000,17000,09/04/2026
Tamil Nadu,Thirunelveli,Palayamkottai(Uzhavar Sandhai ) APMC,Garlic,Garlic,Local,12000,16000,14000,09/04/2026
Tamil Nadu,Thiruvannamalai,Tiruvannamalai(Uzhavar Sandhai ) APMC,Garlic,Garlic,Local,16000,18000,17000,09/04/2026
Tamil Nadu,Thiruvannamalai,Polur(Uzhavar Sandhai ) APMC,Garlic,Garlic,Local,12000,15000,13500,09/04/2026
Tamil Nadu,Thiruvannamalai,Keelpennathur(Uzhavar Sandhai ) APMC,Garlic,Garlic,Local,11000,12000,11500,09/04/2026
Tamil Nadu,Salem,Mecheri(Uzhavar Sandhai),Garlic,Garlic,Local,12000,13000,12500,09/04/2026
Tamil Nadu,Coimbatore,RSPuram(Uzhavar Sandhai ) APMC,Garlic,Garlic,Local,11000,14200,12600,09/04/2026
Tamil Nadu,Coimbatore,Singanallur(Uzhavar Sandhai ) APMC,Garlic,Garlic,Local,14000,16000,15000,09/04/2026
Tamil Nadu,Coimbatore,Mettupalayam(Uzhavar Sandhai ) APMC,Garlic,Garlic,Local,12000,15000,13500,09/04/2026
Tamil Nadu,Thanjavur,Kumbakonam (Uzhavar Sandhai ) APMC,Garlic,Garlic,Local,14400,18000,16200,09/04/2026
Tamil Nadu,Coimbatore,Vadavalli(Uzhavar Sandhai ) APMC,Garlic,Garlic,Local,13500,14200,13850,09/04/2026
Tamil Nadu,Dharmapuri,Dharmapuri(Uzhavar Sandhai ) APMC,Garlic,Garlic,Local,14000,14400,14200,09/04/2026
Tamil Nadu,Dharmapuri,Palacode(Uzhavar Sandhai ) APMC,Garlic,Garlic,Local,15500,16000,15750,09/04/2026
Tamil Nadu,Dharmapuri,AJattihalli(Uzhavar Sandhai ) APMC,Garlic,Garlic,Local,12000,16400,14200,09/04/2026
Tamil Nadu,Krishnagiri,Denkanikottai(Uzhavar Sandhai ) APMC,Garlic,Garlic,Local,14000,16000,15000,09/04/2026
Tamil Nadu,Madurai,Anna nagar(Uzhavar Sandhai ) APMC,Garlic,Garlic,Local,14000,14000,14000,09/04/2026
Tamil Nadu,Nagapattinam,Nagapattinam(Uzhavar Sandhai ) APMC,Garlic,Garlic,Local,15000,20000,17500,09/04/2026
Tamil Nadu,Vellore,Gudiyatham(Uzhavar Sandhai ) APMC,Garlic,Garlic,Local,14000,14000,14000,09/04/2026
Tamil Nadu,Vellore,Kahithapattarai(Uzhavar Sandhai ) APMC,Garlic,Garlic,Local,14500,14500,14500,09/04/2026
Tamil Nadu,Virudhunagar,Aruppukottai(Uzhavar Sandhai ) APMC,Garlic,Garlic,Local,13000,14000,13500,09/04/2026
Tamil Nadu,Nagercoil (Kannyiakumari),Myladi(Uzhavar Sandhai ) APMC,Garlic,Garlic,Local,11000,12000,11500,09/04/2026
Tamil Nadu,Chengalpattu,Medavakkam(Uzhavar Sandhai ) APMC,Garlic,Garlic,Local,10000,15000,12500,09/04/2026
Tamil Nadu,Chengalpattu,Nanganallur(Uzhavar Sandhai ) APMC,Garlic,Garlic,Local,11000,12000,11500,09/04/2026
Tamil Nadu,Thirupathur,Natrampalli(Uzhavar Sandhai ) APMC,Garlic,Garlic,Local,18000,20000,19000,09/04/2026
Tamil Nadu,Nagercoil (Kannyiakumari),Vadaseri APMC,Garlic,Garlic,Local,13000,14000,13500,09/04/2026
Tamil Nadu,Theni,Chinnamanur(Uzhavar Sandhai ) APMC,Garlic,Garlic,Local,10000,20000,15000,09/04/2026
Tamil Nadu,Coimbatore,Pollachi(Uzhavar Sandhai ) APMC,Garlic,Garlic,Local,13000,16000,14500,09/04/2026
Tamil Nadu,Salem,Thammampatti (Uzhavar Sandhai ) APMC,Garlic,Garlic,Local,12000,16000,14000,09/04/2026
Tamil Nadu,Vellore,Katpadi (Uzhavar Sandhai ) APMC,Garlic,Garlic,Local,14000,14000,14000,09/04/2026
Tamil Nadu,Vellore,Pallikonda(Uzhavar Sandhai),Garlic,Garlic,Local,13500,14500,14000,09/04/2026
Tamil Nadu,Chengalpattu,Pallavaram(Uzhavar Sandhai ) APMC,Garlic,Garlic,Local,18000,20000,19000,09/04/2026
Tamil Nadu,Chengalpattu,Guduvancheri(Uzhavar Sandhai ) APMC,Garlic,Garlic,Local,16000,20000,18000,09/04/2026
Tamil Nadu,Thirupathur,Vaniyampadi(Uzhavar Sandhai ) APMC,Garlic,Garlic,Local,18000,18000,18000,09/04/2026
Tamil Nadu,Kallakuruchi,Kallakurichi(Uzhavar Sandhai ) APMC,Garlic,Garlic,Local,16000,16000,16000,09/04/2026
Tamil Nadu,Tuticorin,Tuticorin(Uzhavar Sandhai ) APMC,Garlic,Garlic,Local,21000,22000,21500,09/04/2026
Tamil Nadu,Dharmapuri,Pennagaram(Uzhavar Sandhai ) APMC,Garlic,Garlic,Local,16500,17000,16750,09/04/2026
Tamil Nadu,Kancheepuram,Padappai(Uzhavar Sandhai ) APMC,Garlic,Garlic,Local,12000,15000,13500,09/04/2026
Tamil Nadu,Krishnagiri,Hosur(Uzhavar Sandhai ) APMC,Garlic,Garlic,Local,14000,16000,15000,09/04/2026
Tamil Nadu,Madurai,Chokkikulam(Uzhavar Sandhai ) APMC,Garlic,Garlic,Local,18000,22000,20000,09/04/2026
Tamil Nadu,Madurai,Anaiyur(Uzhavar Sandhai ) APMC,Garlic,Garlic,Local,11000,22000,16500,09/04/2026
Tamil Nadu,Salem,Hasthampatti(Uzhavar Sandhai ) APMC,Garlic,Garlic,Local,15000,16000,15500,09/04/2026
Tamil Nadu,Thirunelveli,Melapalayam(Uzhavar Sandhai ) APMC,Garlic,Garlic,Local,14000,16000,15000,09/04/2026
Tamil Nadu,Thirunelveli,NGO Colony(Uzhavar Sandhai ) APMC,Garlic,Garlic,Local,14000,16000,15000,09/04/2026
Tamil Nadu,Thiruvellore,Tiruthani(Uzhavar Sandhai ) APMC,Garlic,Garlic,Local,12000,12000,12000,09/04/2026
Tamil Nadu,Thiruvarur,Mannargudi I(Uzhavar Sandhai ) APMC,Garlic,Garlic,Local,16000,20000,18000,09/04/2026
Tamil Nadu,Thiruvarur,Mannargudi II(Uzhavar Sandhai ) APMC,Garlic,Garlic,Local,16000,20000,18000,09/04/2026
Tamil Nadu,Thiruchirappalli,KKNagar(Uzhavar Sandhai ) APMC,Garlic,Garlic,Local,20000,20000,20000,09/04/2026
Tamil Nadu,Thiruchirappalli,Manapparai(Uzhavar Sandhai ) APMC,Garlic,Garlic,Local,15000,15000,15000,09/04/2026
Madhya Pradesh,Ratlam,A lot APMC,Garlic,Garlic,FAQ,200,12001,3000,09/04/2026
Madhya Pradesh,Shajapur,Soyatkalan APMC,Garlic,Garlic,FAQ,2400,5000,5000,09/04/2026
Madhya Pradesh,Mandsaur,Piplya APMC,Garlic,Garlic-Organic,Non-FAQ,2012,2012,2012,09/04/2026
Madhya Pradesh,Mandsaur,Shamgarh APMC,Garlic,Garlic,Non-FAQ,2052,9401,4700,09/04/2026
Madhya Pradesh,Ratlam,Jaora APMC,Garlic,Garlic,FAQ,300,18600,2000,09/04/2026
Madhya Pradesh,Ratlam,Sailana APMC,Garlic,Garlic,FAQ,601,14000,2500,09/04/2026
Madhya Pradesh,Dewas,Dewas(F&V) APMC,Garlic,Other,FAQ,800,6500,4650,09/04/2026
Madhya Pradesh,Bhopal,Bhopal APMC,Garlic,Desi,FAQ,1300,5100,5100,09/04/2026
Madhya Pradesh,Neemuch,Neemuch APMC,Garlic,Garlic,FAQ,1820,17000,6500,09/04/2026
Madhya Pradesh,Neemuch,Javad APMC,Garlic,Garlic,FAQ,500,16001,13000,09/04/2026
Madhya Pradesh,Ratlam,Ratlam APMC,Garlic,Garlic,FAQ,200,15000,2000,09/04/2026
Madhya Pradesh,Shivpuri,Shivpuri APMC,Garlic,Garlic,FAQ,1000,9010,2500,09/04/2026
Madhya Pradesh,Sagar,Deori APMC,Garlic,Garlic,FAQ,4300,4500,4400,09/04/2026
Madhya Pradesh,Sehore,Ichhawar APMC,Garlic,Garlic,FAQ,200,3000,3000,09/04/2026
Madhya Pradesh,Shajapur,Soyatkalan APMC,Garlic,Garlic,Non-FAQ,2890,3300,3300,09/04/2026
Madhya Pradesh,Ujjain,Ujjain APMC,Garlic,Desi,FAQ,3100,3100,3100,09/04/2026
Madhya Pradesh,Ujjain,Ujjain APMC,Garlic,Garlic,FAQ,500,10250,2500,09/04/2026
Madhya Pradesh,Damoh,Damoh APMC,Garlic,Garlic,FAQ,3000,6900,4200,09/04/2026
Madhya Pradesh,Dhar,Badnawar APMC,Garlic,Garlic,FAQ,1300,6000,2400,09/04/2026
Madhya Pradesh,Ujjain,Badnagar APMC,Garlic,Garlic,FAQ,500,10000,2000,09/04/2026
Madhya Pradesh,Shajapur,Shajapur APMC,Garlic,Garlic,FAQ,1096,8000,3746,09/04/2026
Madhya Pradesh,Shajapur,Agar APMC,Garlic,Garlic,FAQ,300,4900,2700,09/04/2026
Madhya Pradesh,Rajgarh,Biaora APMC,Garlic,Garlic,FAQ,500,12300,2000,09/04/2026
Madhya Pradesh,Indore,Gautampura APMC,Garlic,Garlic,FAQ,1000,8000,2500,09/04/2026
Madhya Pradesh,Rajgarh,Sarangpur APMC,Garlic,Average,Non-FAQ,1280,2200,2200,09/04/2026
Madhya Pradesh,Indore,Indore APMC,Garlic,Garlic,Non-FAQ,500,10600,2000,09/04/2026
Madhya Pradesh,Rajgarh,Narsinghgarh APMC,Garlic,Garlic,FAQ,100,13700,4000,09/04/2026
Madhya Pradesh,Mandsaur,Piplya APMC,Garlic,Garlic-Organic,FAQ,1600,4590,2100,09/04/2026
Madhya Pradesh,Mandsaur,Piplya APMC,Garlic,Garlic,FAQ,1000,15200,4000,09/04/2026
Madhya Pradesh,Shajapur,Shujalpur APMC,Garlic,Desi,FAQ,1000,10000,2000,09/04/2026
Madhya Pradesh,Mandsaur,Mandsaur APMC,Garlic,Garlic,Non-FAQ,900,17601,5000,09/04/2026
Madhya Pradesh,Sagar,Deori APMC,Garlic,Garlic,Non-FAQ,3780,4310,4310,09/04/2026
Madhya Pradesh,Neemuch,Manasa APMC,Garlic,Garlic,Non-FAQ,2400,11500,4000,09/04/2026
Madhya Pradesh,Sagar,Garhakota APMC,Garlic,Garlic,Non-FAQ,4000,4050,4000,09/04/2026
Madhya Pradesh,Indore,Indore APMC,Garlic,Garlic,FAQ,500,12300,2300,09/04/2026
Madhya Pradesh,Mandsaur,Daloda APMC,Garlic,Garlic,Non-FAQ,2600,13500,2711,09/04/2026
Madhya Pradesh,Mandsaur,Daloda APMC,Garlic,Garlic,FAQ,100,19201,2000,09/04/2026
Madhya Pradesh,Rajgarh,Narsinghgarh APMC,Garlic,Garlic,Non-FAQ,4000,5000,5000,09/04/2026
Madhya Pradesh,Dhar,Badnawar APMC,Garlic,Garlic,Non-FAQ,1320,3500,2000,09/04/2026
Madhya Pradesh,Mandsaur,Sitmau APMC,Garlic,Garlic,FAQ,1700,7940,4800,09/04/2026
Madhya Pradesh,Shajapur,Shajapur APMC,Garlic,Garlic,Non-FAQ,1817.2,1817.2,1817.2,09/04/2026
Madhya Pradesh,Shajapur,Kalapipal APMC,Garlic,Garlic,FAQ,200,9150,2000,09/04/2026
Madhya Pradesh,Bhopal,Bhopal APMC,Garlic,Garlic,FAQ,200,12000,2000,09/04/2026
Madhya Pradesh,Bhopal,Bhopal APMC,Garlic,China,FAQ,9350,9350,9350,09/04/2026
Madhya Pradesh,Sehore,Sehore APMC,Garlic,Garlic,Non-FAQ,700,4000,2500,09/04/2026
Madhya Pradesh,Mandsaur,Mandsaur APMC,Garlic,Garlic,FAQ,1800,16391,3000,09/04/2026
Maharashtra,Chattrapati Sambhajinagar,Chattrapati Sambhajinagar APMC,Garlic,Other,Local,2500,8200,5350,09/04/2026
Maharashtra,Sangli,"Sangli(Phale, Bhajipura Market) APMC",Garlic,Other,Local,5000,10000,7500,09/04/2026
Maharashtra,Pune,Pune(Moshi) APMC,Garlic,Other,Local,8000,9000,8500,09/04/2026
Maharashtra,Ahmednagar,Ahmednagar APMC,Garlic,Other,Local,3000,4000,3500,09/04/2026
Maharashtra,Akola,Akola APMC,Garlic,Other,Local,3000,11000,8500,09/04/2026
Maharashtra,Nagpur,Nagpur APMC,Garlic,Other,Local,2000,10000,8000,09/04/2026
Maharashtra,Ahmednagar,Rahata APMC,Garlic,Other,Local,4500,7000,5750,09/04/2026
Maharashtra,Nagpur,Ramtek APMC,Garlic,Other,Local,7000,9000,8000,09/04/2026
Maharashtra,Chandrapur,Chandrapur(Ganjwad) APMC,Garlic,Other,Local,8000,11000,9000,09/04/2026
Maharashtra,Nashik,Nasik APMC,Garlic,Other,Local,2800,10000,7100,09/04/2026
Maharashtra,Pune,Pune APMC,Garlic,Other,Local,3000,12000,7500,09/04/2026
Uttar Pradesh,Etawah,Etawah APMC,Garlic,Other,FAQ,7000,7000,7000,09/04/2026
Uttar Pradesh,Mainpuri,Mainpuri APMC,Garlic,Other,FAQ,4000,4000,4000,09/04/2026
Uttar Pradesh,Fatehpur,Khaga APMC,Garlic,Other,FAQ,3000,3000,3000,09/04/2026
Uttar Pradesh,Pratapgarh,Pratapgarh APMC,Garlic,Garlic,FAQ,6000,6000,6000,09/04/2026
Uttar Pradesh,Barabanki,Safdarganj APMC,Garlic,Other,FAQ,4200,4200,4200,09/04/2026
Uttar Pradesh,Etawah,Bharthna APMC,Garlic,Other,FAQ,4500,4500,4500,09/04/2026
Uttar Pradesh,Shamli,Kairana APMC,Garlic,Garlic,FAQ,6500,6600,6550,09/04/2026
Uttar Pradesh,Rampur,Tanda(Rampur) APMC,Garlic,Other,FAQ,5500,5500,5500,09/04/2026
Uttar Pradesh,Jhansi,Jhansi APMC,Garlic,Other,FAQ,6000,6000,6000,09/04/2026
Uttar Pradesh,Hardoi,Hardoi APMC,Garlic,Other,FAQ,5000,5000,5000,09/04/2026
Uttar Pradesh,Lakhimpur,Lakhimpur APMC,Garlic,Other,FAQ,4300,4300,4300,09/04/2026
Uttar Pradesh,Varanasi,Varanasi APMC,Garlic,Other,FAQ,3500,4000,3754.95,09/04/2026
Uttar Pradesh,Kasganj,Ganj Dundwara APMC,Garlic,Other,FAQ,7000,7000,7000,09/04/2026
Uttar Pradesh,Kanpur,Kanpur(Grain) APMC,Garlic,Other,FAQ,5000,5000,5000,09/04/2026
Uttar Pradesh,Barabanki,Barabanki APMC,Garlic,Other,FAQ,4500,4500,4500,09/04/2026
Uttar Pradesh,Sitapur,Viswan APMC,Garlic,Other,FAQ,1800,1800,1800,09/04/2026
Uttar Pradesh,Etawah,Jasvantnagar APMC,Garlic,Garlic,FAQ,6770,6870,6820,09/04/2026
Uttar Pradesh,Shamli,Khandhla APMC,Garlic,Other,FAQ,5000,5000,5000,09/04/2026
Uttar Pradesh,Aligarh,Khair APMC,Garlic,Garlic,Grade Range-2,8500,8500,8500,09/04/2026
Uttar Pradesh,Rampur,Rampur APMC,Garlic,Other,FAQ,4000,4000,4000,09/04/2026
Uttar Pradesh,Bulandshahar,Sikarpur APMC,Garlic,Garlic,FAQ,6800,7000,6900,09/04/2026
Uttar Pradesh,Bulandshahar,Sikarpur APMC,Garlic,Other,FAQ,5000,5000,5000,09/04/2026
Uttar Pradesh,Rampur,Bilaspur APMC,Garlic,Other,FAQ,3900,3900,3900,09/04/2026
Uttar Pradesh,Mainpuri,Bewar APMC,Garlic,Other,FAQ,4500,4500,4500,09/04/2026
Uttar Pradesh,Agra,Samsabad APMC,Garlic,Average,Local,5000,5200,5100,09/04/2026
Uttar Pradesh,Badaun,Badayoun APMC,Garlic,Other,FAQ,7000,7000,7000,09/04/2026
Uttar Pradesh,Saharanpur,Saharanpur APMC,Garlic,Other,FAQ,4000,4000,4000,09/04/2026
Uttar Pradesh,Bulandshahar,Gulavati APMC,Garlic,Desi,FAQ,6000,6200,6100,09/04/2026
Uttar Pradesh,Jalaun (Orai),Konch APMC,Garlic,Other,FAQ,4800,4800,4800,09/04/2026
Uttar Pradesh,Jaunpur,Shahganj APMC,Garlic,Other,FAQ,4000,4000,4000,09/04/2026
Uttar Pradesh,Etah,Etah APMC,Garlic,Other,FAQ,4200,5000,4250.23,09/04/2026
Uttar Pradesh,Bijnor,Chaandpur APMC,Garlic,Other,FAQ,3400,3800,3520,09/04/2026
Uttar Pradesh,Ghaziabad,Ghaziabad APMC,Garlic,Other,FAQ,7030,7040,7038.11,09/04/2026
Uttar Pradesh,Raebarelli,Jayas APMC,Garlic,Other,FAQ,5000,5000,5000,09/04/2026
Rajasthan,Pratapgarh,Pratapgarh APMC,Garlic,Other,FAQ,3000,14500,8550,09/04/2026
Rajasthan,Ganganagar,Sriganganagar (F&V) APMC,Garlic,Garlic,Grade Range-1,8800,9200,9000,09/04/2026
Rajasthan,Chittorgarh,Nimbahera APMC,Garlic,Other,FAQ,5000,10501,7750,09/04/2026
Rajasthan,Ajmer,Ajmer(F&V) APMC,Garlic,Other,Local,4000,9000,6500,09/04/2026
Rajasthan,Kota,Kota APMC,Garlic,Other,Local,9000,9000,9000,09/04/2026
Rajasthan,Hanumangarh,Bhadara APMC,Garlic,Average,FAQ,10000,10000,10000,09/04/2026
Rajasthan,Jaipur,Jaipur (F&V) APMC,Garlic,Average,FAQ,2500,10000,6250,09/04/2026
Rajasthan,Pratapgarh,Chhotisadri APMC,Garlic,Average,Local,2600,18000,10300,09/04/2026
Rajasthan,Baran,Baran APMC,Garlic,Other,Local,3260,17010,9500,09/04/2026
Karnataka,Shimoga,Shimoga APMC,Garlic,Garlic,Local,5000,15000,10000,09/04/2026
Karnataka,Kolar,Bangarpet APMC,Garlic,Garlic,Local,7500,9500,9000,09/04/2026
Karnataka,Tumkur,Tumkur APMC,Garlic,Garlic,Local,6500,9500,7000,09/04/2026
Gujarat,Dahod,Dahod(Veg. Market) APMC,Garlic,Garlic,Local,7000,12000,10000,09/04/2026
Gujarat,Rajkot,Rajkot APMC,Garlic,Garlic,FAQ,3850,8350,6050,09/04/2026
Gujarat,Surendranagar,Vadhvan APMC,Garlic,Garlic,FAQ,10000,12000,11000,09/04/2026
Gujarat,Jamnagar,Jamnagar APMC,Garlic,Other,Local,4625,8000,6625,09/04/2026
Gujarat,Rajkot,Jetpur(Dist.Rajkot) APMC,Garlic,Garlic,FAQ,2255,7355,5905,09/04/2026
Gujarat,Banaskanth,Deesa(Deesa Veg Yard) APMC,Garlic,Other,FAQ,6500,11300,8900,09/04/2026
Gujarat,Porbandar,Porbandar APMC,Garlic,Average,FAQ,6000,11000,8500,09/04/2026
Haryana,Panipat,Samalkha APMC,Garlic,Garlic,FAQ,8000,8000,8000,09/04/2026
Haryana,Kurukshetra,Thanesar APMC,Garlic,Other,Local,5000,7000,6000,09/04/2026
Haryana,Mahendragarh-Narnaul,Narnaul APMC,Garlic,Garlic,FAQ,12000,12000,12000,09/04/2026
Haryana,Hissar,Hansi APMC,Garlic,Other,Grade Range-1,7000,10000,8500,09/04/2026
Haryana,Ambala,Naraingarh APMC,Garlic,Garlic,Local,6000,6000,6000,09/04/2026
Punjab,Fatehgarh,Bassi Pathana APMC,Garlic,Garlic,FAQ,7500,9500,8500,09/04/2026
Punjab,Mansa,Mansa APMC,Garlic,Garlic,FAQ,14000,14000,14000,09/04/2026
Punjab,Ropar (Rupnagar),Morinda APMC,Garlic,Garlic,Local,9000,10000,9500,09/04/2026
Punjab,Patiala,Patiala APMC,Garlic,Garlic,Grade Range-1,5000,8000,7500,09/04/2026
Punjab,Gurdaspur,Quadian APMC,Garlic,Other,FAQ,7600,8000,7800,09/04/2026
Punjab,Jalandhar,Jalandhar City(Jalandhar) APMC,Garlic,Other,FAQ,3600,8000,5800,09/04/2026
Punjab,Gurdaspur,Dinanagar APMC,Garlic,Garlic,Local,5000,5500,5300,09/04/2026
Punjab,Ropar (Rupnagar),Chamkaur Sahib APMC,Garlic,Other,Local,7000,7000,7000,09/04/2026
Punjab,Sangrur,Bhawanigarh APMC,Garlic,Other,Grade Range-2,8000,8500,8250,09/04/2026
Punjab,Kapurthala,Sultanpur APMC,Garlic,Other,Local,5000,5000,5000,09/04/2026
Punjab,Gurdaspur,Gurdaspur APMC,Garlic,Other,Grade Range-2,5500,5500,5500,09/04/2026
Punjab,Ludhiana,Ludhiana APMC,Garlic,Other,FAQ,3000,7000,4500,09/04/2026
Punjab,Hoshiarpur,Garh Shankar(Mahalpur) APMC,Garlic,Other,FAQ,6800,6800,6800,09/04/2026
Punjab,Ropar (Rupnagar),Ropar APMC,Garlic,Desi,FAQ,8000,9000,8500,09/04/2026
Punjab,Hoshiarpur,Tanda Urmur APMC,Garlic,Garlic,Grade Range-2,10000,12000,11000,09/04/2026
Punjab,Fazilka,Jalalabad APMC,Garlic,Garlic,Local,7500,7500,7500,09/04/2026
Punjab,Mohali,Banur APMC,Garlic,Other,Local,8000,8000,8000,09/04/2026
Punjab,Nawanshahr,Nawan Shahar(Subzi Mandi) APMC,Garlic,Garlic,FAQ,9500,10000,9800,09/04/2026
Punjab,Patiala,Nabha APMC,Garlic,Other,Grade Range-3,5000,8000,6600,09/04/2026
Punjab,Ludhiana,Khanna APMC,Garlic,Other,Grade Range-1,4000,4000,4000,09/04/2026
West Bengal,Murshidabad,Jangipur APMC,Garlic,Other,FAQ,5700,6000,5850,09/04/2026
West Bengal,Kolkata,Bara Bazar (Posta Bazar) APMC,Garlic,Garlic,FAQ,5780,6200,6000,09/04/2026
West Bengal,Medinipur(W),Medinipur(West) APMC,Garlic,Garlic,FAQ,9000,9500,9200,09/04/2026
Odisha,Khurda,Balugaon APMC,Garlic,Other,Grade Range-1,11000,11000,11000,09/04/2026
Odisha,Bolangir,Tusura APMC,Garlic,Other,Grade Range-1,10000,10000,10000,09/04/2026
Telangana,Hyderabad,Hyderabad (F&V) APMC,Garlic,Garlic,Grade Range-2,4000,10000,6500,09/04/2026
Kerala,Malappuram,Perinthalmanna APMC,Garlic,Garlic,Grade Range-2,14800,14800,14800,09/04/2026
Kerala,Alappuzha,Chengannur APMC,Garlic,Garlic,FAQ,12400,13000,12500,09/04/2026
Kerala,Palakad,Koduvayoor APMC,Garlic,Garlic,FAQ,12300,12700,12500,09/04/2026
Kerala,Malappuram,Parappanangadi APMC,Garlic,Average,Grade Range-1,12500,12700,12600,09/04/2026
Kerala,Alappuzha,Aroor APMC,Garlic,Other,FAQ,19000,19200,19100,09/04/2026
Uttarakhand,Udhamsinghnagar,Kashipur APMC,Garlic,Other,Local,4600,4600,4600,09/04/2026
Uttarakhand,Dehradoon,Dehradoon APMC,Garlic,Garlic,FAQ,4500,8500,7000,09/04/2026
Uttarakhand,Udhamsinghnagar,Rudrapur APMC,Garlic,Average,Local,8000,10000,9000,09/04/2026
Himachal Pradesh,Hamirpur,PMY Hamirpur,Garlic,Garlic,Grade Range-2,7000,12000,9500,09/04/2026
Himachal Pradesh,Una,SMY Santoshgarh,Garlic,Other,FAQ,7000,7500,7250,09/04/2026
Himachal Pradesh,Kullu,PMY Kullu,Garlic,Other,FAQ,12000,14000,13000,09/04/2026
Himachal Pradesh,Solan,PMY Kather Solan,Garlic,Garlic,Grade Range-2,8500,10000,9000,09/04/2026
Himachal Pradesh,Una,PMY Una,Garlic,Garlic,FAQ,10000,15000,12500,09/04/2026
Himachal Pradesh,Mandi,SMY Dhanotu,Garlic,Garlic,FAQ,8000,9000,8500,09/04/2026
Himachal Pradesh,Solan,SMY Nalagarh,Garlic,Other,Grade Range-2,7000,9000,8000,09/04/2026
Himachal Pradesh,Kangra,SMY Dharamshala,Garlic,Garlic,FAQ,13000,14000,13500,09/04/2026
Himachal Pradesh,Mandi,PMY Kangni Mandi,Snow Mountain Garlic,Snow Mountain Garlic,Grade B,5000,9000,7000,09/04/2026
Tamil Nadu,Erode,Sampath Nagar(Uzhavar Sandhai ) APMC,Ginger(Green),Green Ginger,Local,6500,6800,6650,09/04/2026
Tamil Nadu,Thiruchirappalli,Thuraiyur APMC,Ginger(Green),Green Ginger,Local,7000,7600,7300,09/04/2026
Tamil Nadu,Vellore,Vellore APMC,Ginger(Green),Green Ginger,Local,6500,6500,6500,09/04/2026
Tamil Nadu,Salem,Athur(Uzhavar Sandhai ) APMC,Ginger(Green),Green Ginger,Local,7000,8000,7500,09/04/2026
Tamil Nadu,Dharmapuri,Harur(Uzhavar Sandhai ) APMC,Ginger(Green),Green Ginger,Local,8000,8500,8250,09/04/2026
Tamil Nadu,Salem,Thammampatti (Uzhavar Sandhai ) APMC,Ginger(Green),Green Ginger,Local,8000,8000,8000,09/04/2026
Tamil Nadu,Thiruvarur,Tiruvarur(Uzhavar Sandhai ) APMC,Ginger(Green),Green Ginger,Local,8000,8000,8000,09/04/2026
Tamil Nadu,Vellore,Kahithapattarai(Uzhavar Sandhai ) APMC,Ginger(Green),Green Ginger,Local,6500,6500,6500,09/04/2026
Tamil Nadu,Villupuram,Gingee(Uzhavar Sandhai ) APMC,Ginger(Green),Green Ginger,Local,7000,7000,7000,09/04/2026
Tamil Nadu,Chengalpattu,Medavakkam(Uzhavar Sandhai ) APMC,Ginger(Green),Green Ginger,Local,6000,7000,6500,09/04/2026
Tamil Nadu,Thirupur,Tiruppur (South) (Uzhavar Sandhai ) APMC,Ginger(Green),Green Ginger,Local,4000,6000,5000,09/04/2026
Tamil Nadu,Thirupathur,Vaniyampadi(Uzhavar Sandhai ) APMC,Ginger(Green),Green Ginger,Local,8000,8000,8000,09/04/2026
Tamil Nadu,Nagercoil (Kannyiakumari),Vadaseri APMC,Ginger(Green),Green Ginger,Local,8500,9000,8750,09/04/2026
Tamil Nadu,Cuddalore,Vadalur(Uzhavar Sandhai ) APMC,Ginger(Green),Green Ginger,Local,8000,8000,8000,09/04/2026
Tamil Nadu,Dindigul,Chinnalapatti(Uzhavar Sandhai ) APMC,Ginger(Green),Green Ginger,Local,8000,9000,8500,09/04/2026
Tamil Nadu,Erode,Thalavadi(Uzhavar Sandhai ) APMC,Ginger(Green),Green Ginger,Local,6500,7000,6750,09/04/2026
Tamil Nadu,Krishnagiri,Denkanikottai(Uzhavar Sandhai ) APMC,Ginger(Green),Green Ginger,Local,6000,7000,6500,09/04/2026
Tamil Nadu,Namakkal,Rasipuram(Uzhavar Sandhai ) APMC,Ginger(Green),Green Ginger,Local,6000,7000,6500,09/04/2026
Tamil Nadu,Salem,Sooramangalam(Uzhavar Sandhai ) APMC,Ginger(Green),Green Ginger,Local,7500,8000,7750,09/04/2026
Tamil Nadu,Salem,Thathakapatti(Uzhavar Sandhai ) APMC,Ginger(Green),Green Ginger,Local,7000,8000,7500,09/04/2026
Tamil Nadu,Salem,Jalagandapuram(Uzhavar Sandhai ) APMC,Ginger(Green),Green Ginger,Local,7500,8000,7750,09/04/2026
Tamil Nadu,Sivaganga,Devakottai (Uzhavar Sandhai ) APMC,Ginger(Green),Green Ginger,Local,8400,9400,8900,09/04/2026
Tamil Nadu,Theni,Kambam(Uzhavar Sandhai ) APMC,Ginger(Green),Green Ginger,Local,6400,6400,6400,09/04/2026
Tamil Nadu,Theni,Bodinayakanur(Uzhavar Sandhai ) APMC,Ginger(Green),Green Ginger,Local,6400,6400,6400,09/04/2026
Tamil Nadu,Thirunelveli,NGO Colony(Uzhavar Sandhai ) APMC,Ginger(Green),Green Ginger,Local,6600,6800,6700,09/04/2026
Tamil Nadu,Thiruvarur,Mannargudi II(Uzhavar Sandhai ) APMC,Ginger(Green),Green Ginger,Local,8000,8000,8000,09/04/2026
Tamil Nadu,Thiruvannamalai,Keelpennathur(Uzhavar Sandhai ) APMC,Ginger(Green),Green Ginger,Local,8000,9000,8500,09/04/2026
Tamil Nadu,Thiruchirappalli,Musiri(Uzhavar Sandhai ) APMC,Ginger(Green),Green Ginger,Local,7000,8000,7500,09/04/2026
Tamil Nadu,Theni,Periyakulam(Uzhavar Sandhai ) APMC,Ginger(Green),Green Ginger,Local,6000,6400,6200,09/04/2026
Tamil Nadu,Theni,Andipatti(Uzhavar Sandhai ) APMC,Ginger(Green),Green Ginger,Local,6000,6400,6200,09/04/2026
Tamil Nadu,Coimbatore,RSPuram(Uzhavar Sandhai ) APMC,Ginger(Green),Green Ginger,Local,6000,6500,6250,09/04/2026
Tamil Nadu,Coimbatore,Mettupalayam(Uzhavar Sandhai ) APMC,Ginger(Green),Green Ginger,Local,6000,7000,6500,09/04/2026
Tamil Nadu,Thanjavur,Papanasam(Uzhavar Sandhai ) APMC,Ginger(Green),Green Ginger,Local,8400,8400,8400,09/04/2026
Tamil Nadu,Nagapattinam,Vedaranyam(Uzhavar Sandhai),Ginger(Green),Green Ginger,Local,6000,6500,6250,09/04/2026
Tamil Nadu,Coimbatore,Udumalpet APMC,Ginger(Green),Green Ginger,Local,7000,8000,7500,09/04/2026
Tamil Nadu,Salem,Mecheri(Uzhavar Sandhai),Ginger(Green),Green Ginger,Local,7500,8000,7750,09/04/2026
Tamil Nadu,Thiruchirappalli,Manachanallur(Uzhavar Sandhai ) APMC,Ginger(Green),Green Ginger,Local,8000,8000,8000,09/04/2026
Tamil Nadu,Virudhunagar,Rajapalayam(Uzhavar Sandhai ) APMC,Ginger(Green),Green Ginger,Local,7000,8000,7500,09/04/2026
Tamil Nadu,Virudhunagar,Sivakasi(Uzhavar Sandhai ) APMC,Ginger(Green),Green Ginger,Local,7000,8000,7500,09/04/2026
Tamil Nadu,Virudhunagar,Sathur(Uzhavar Sandhai ) APMC,Ginger(Green),Green Ginger,Local,7500,8000,7750,09/04/2026
Tamil Nadu,Chengalpattu,Jameenrayapettai(Uzhavar Sandhai ) APMC,Ginger(Green),Green Ginger,Local,6000,7000,6500,09/04/2026
Tamil Nadu,Ranipet,Ranipettai(Uzhavar Sandhai ) APMC,Ginger(Green),Green Ginger,Local,7000,7000,7000,09/04/2026
Tamil Nadu,Thirupur,Palladam(Uzhavar Sandhai ) APMC,Ginger(Green),Green Ginger,Local,6500,7000,6750,09/04/2026
Tamil Nadu,Thirupur,Tiruppur (North) (Uzhavar Sandhai ) APMC,Ginger(Green),Green Ginger,Local,6000,6500,6250,09/04/2026
Tamil Nadu,Tenkasi,Tenkasi(Uzhavar Sandhai ) APMC,Ginger(Green),Green Ginger,Local,8000,8000,8000,09/04/2026
Tamil Nadu,Kallakuruchi,Kallakurichi(Uzhavar Sandhai ) APMC,Ginger(Green),Green Ginger,Local,9000,9000,9000,09/04/2026
Tamil Nadu,Kancheepuram,Sunguvarchatram(Uzhavar Sandhai ) APMC,Ginger(Green),Green Ginger,Local,6500,7000,6750,09/04/2026
Tamil Nadu,Namakkal,Namakkal(Uzhavar Sandhai ) APMC,Ginger(Green),Green Ginger,Local,6000,7000,6500,09/04/2026
Tamil Nadu,Namakkal,Kumarapalayam(Uzhavar Sandhai ) APMC,Ginger(Green),Green Ginger,Local,6500,7500,7000,09/04/2026
Tamil Nadu,The Nilgiris,Udhagamandalam(Uzhavar Sandhai ) APMC,Ginger(Green),Green Ginger,Local,7000,7500,7250,09/04/2026
Tamil Nadu,Salem,Edapadi (Uzhavar Sandhai ) APMC,Ginger(Green),Green Ginger,Local,7500,8000,7750,09/04/2026
Tamil Nadu,Thanjavur,Pattukottai(Uzhavar Sandhai ) APMC,Ginger(Green),Green Ginger,Local,8400,9400,8900,09/04/2026
Tamil Nadu,Thiruvellore,Tiruthani(Uzhavar Sandhai ) APMC,Ginger(Green),Green Ginger,Local,8000,8000,8000,09/04/2026
Tamil Nadu,Thiruvarur,Mannargudi I(Uzhavar Sandhai ) APMC,Ginger(Green),Green Ginger,Local,8000,8000,8000,09/04/2026
Tamil Nadu,Vellore,Thirupathur APMC,Ginger(Green),Green Ginger,Local,8000,8000,8000,09/04/2026
Tamil Nadu,Pudukkottai,Gandarvakottai(Uzhavar Sandhai ) APMC,Ginger(Green),Green Ginger,Local,7000,8000,7500,09/04/2026
Tamil Nadu,Vellore,Perampet(Uzhavar Sandhai),Ginger(Green),Green Ginger,Local,7500,7500,7500,09/04/2026
Tamil Nadu,Karur,Gandhigramam(Uzhavar Sandhai),Ginger(Green),Green Ginger,Local,7000,8000,7500,09/04/2026
Tamil Nadu,Erode,Gobichettipalayam(Uzhavar Sandhai ) APMC,Ginger(Green),Green Ginger,Local,6800,7500,7150,09/04/2026
Tamil Nadu,Namakkal,Tiruchengode APMC,Ginger(Green),Green Ginger,Local,6200,7000,6600,09/04/2026
Tamil Nadu,Ariyalur,Ariyalur(Uzhavar Sandhai) APMC,Ginger(Green),Green Ginger,Local,7000,7400,7200,09/04/2026
Tamil Nadu,Villupuram,Villupuram(Uzhavar Sandhai ) APMC,Ginger(Green),Green Ginger,Local,7000,7000,7000,09/04/2026
Tamil Nadu,Chengalpattu,Pallavaram(Uzhavar Sandhai ) APMC,Ginger(Green),Green Ginger,Local,6000,7000,6500,09/04/2026
Tamil Nadu,Tuticorin,Tuticorin(Uzhavar Sandhai ) APMC,Ginger(Green),Green Ginger,Local,9000,10000,9500,09/04/2026
Tamil Nadu,Ramanathapuram,Ramanathapuram(Uzhavar Sandhai ) APMC,Ginger(Green),Green Ginger,Local,9000,9500,9250,09/04/2026
Tamil Nadu,Salem,Attayampatti(Uzhavar Sandhai ) APMC,Ginger(Green),Green Ginger,Local,8000,8000,8000,09/04/2026
Tamil Nadu,Salem,Elampillai(Uzhavar Sandhai ) APMC,Ginger(Green),Green Ginger,Local,7500,8000,7750,09/04/2026
Tamil Nadu,Sivaganga,Karaikudi(Uzhavar Sandhai ) APMC,Ginger(Green),Green Ginger,Local,8500,9500,9000,09/04/2026
Tamil Nadu,Sivaganga,Tirupatthur(Uzhavar Sandhai ) APMC,Ginger(Green),Green Ginger,Local,8400,9500,8950,09/04/2026
Tamil Nadu,Sivaganga,Singampunari(Uzhavar Sandhai ) APMC,Ginger(Green),Green Ginger,Local,8500,9200,8850,09/04/2026
Tamil Nadu,Thiruvannamalai,Tiruvannamalai(Uzhavar Sandhai ) APMC,Ginger(Green),Green Ginger,Local,8000,10000,9000,09/04/2026
Tamil Nadu,Thiruvannamalai,Arani(Uzhavar Sandhai ) APMC,Ginger(Green),Green Ginger,Local,7000,8400,7700,09/04/2026
Tamil Nadu,Thiruchirappalli,KKNagar(Uzhavar Sandhai ) APMC,Ginger(Green),Green Ginger,Local,8400,8400,8400,09/04/2026
Tamil Nadu,Thiruchirappalli,Lalgudi(Uzhavar Sandhai ) APMC,Ginger(Green),Green Ginger,Local,8000,8000,8000,09/04/2026
Tamil Nadu,Cuddalore,Cuddalore(Uzhavar Sandhai ) APMC,Ginger(Green),Green Ginger,Local,8000,8000,8000,09/04/2026
Tamil Nadu,Dharmapuri,Pennagaram(Uzhavar Sandhai ) APMC,Ginger(Green),Green Ginger,Local,8500,9000,8750,09/04/2026
Tamil Nadu,Dharmapuri,Palacode(Uzhavar Sandhai ) APMC,Ginger(Green),Green Ginger,Local,7500,8000,7750,09/04/2026
Tamil Nadu,Dindigul,Palani(Uzhavar Sandhai ) APMC,Ginger(Green),Green Ginger,Local,6000,7000,6500,09/04/2026
Tamil Nadu,Karur,Kulithalai(Uzhavar Sandhai ) APMC,Ginger(Green),Green Ginger,Local,7500,8000,7750,09/04/2026
Tamil Nadu,Krishnagiri,Hosur(Uzhavar Sandhai ) APMC,Ginger(Green),Green Ginger,Local,6000,7000,6500,09/04/2026
Tamil Nadu,Madurai,Anaiyur(Uzhavar Sandhai ) APMC,Ginger(Green),Green Ginger,Local,8000,9000,8500,09/04/2026
Tamil Nadu,Perambalur,Perambalur(Uzhavar Sandhai ) APMC,Ginger(Green),Green Ginger,Local,7000,7500,7250,09/04/2026
Tamil Nadu,Pudukkottai,Pudukottai(Uzhavar Sandhai ) APMC,Ginger(Green),Green Ginger,Local,7000,8000,7500,09/04/2026
Tamil Nadu,Namakkal,Paramathivelur(Uzhavar Sandhai ) APMC,Ginger(Green),Green Ginger,Local,6300,7000,6650,09/04/2026
Tamil Nadu,Vellore,Katpadi (Uzhavar Sandhai ) APMC,Ginger(Green),Green Ginger,Local,6500,6500,6500,09/04/2026
Tamil Nadu,Villupuram,Tindivanam APMC,Ginger(Green),Green Ginger,Local,8000,8000,8000,09/04/2026
Tamil Nadu,Dharmapuri,Karimangalam(Uzhavar Sandhai),Ginger(Green),Green Ginger,Local,7500,8000,7750,09/04/2026
Tamil Nadu,Salem,Vazhapadi(Uzhavar Sandhai),Ginger(Green),Green Ginger,Local,8000,8000,8000,09/04/2026
Tamil Nadu,Salem,Ammapet(Uzhavar Sandhai ) APMC,Ginger(Green),Green Ginger,Local,7500,8000,7750,09/04/2026
Tamil Nadu,The Nilgiris,Gudalur(Uzhavar Sandhai ) APMC,Ginger(Green),Green Ginger,Local,7000,7500,7250,09/04/2026
Tamil Nadu,Coimbatore,Singanallur(Uzhavar Sandhai ) APMC,Ginger(Green),Green Ginger,Local,6500,7000,6750,09/04/2026
Tamil Nadu,Coimbatore,Pollachi(Uzhavar Sandhai ) APMC,Ginger(Green),Green Ginger,Local,5000,7000,6000,09/04/2026
Tamil Nadu,Karur,Karur(Uzhavar Sandhai ) APMC,Ginger(Green),Green Ginger,Local,7500,8000,7750,09/04/2026
Tamil Nadu,Coimbatore,Vadavalli(Uzhavar Sandhai ) APMC,Ginger(Green),Green Ginger,Local,6000,6500,6250,09/04/2026
Tamil Nadu,Cuddalore,Viruthachalam(Uzhavar Sandhai ) APMC,Ginger(Green),Green Ginger,Local,7000,8000,7500,09/04/2026
Tamil Nadu,Dharmapuri,Dharmapuri(Uzhavar Sandhai ) APMC,Ginger(Green),Green Ginger,Local,8000,8400,8200,09/04/2026
Tamil Nadu,Erode,Perundurai(Uzhavar Sandhai ) APMC,Ginger(Green),Green Ginger,Local,7200,7500,7350,09/04/2026
Tamil Nadu,Kancheepuram,Kundrathur(Uzhavar Sandhai ) APMC,Ginger(Green),Green Ginger,Local,6000,6000,6000,09/04/2026
Tamil Nadu,Karur,Velayuthampalayam(Uzhavar Sandhai ) APMC,Ginger(Green),Green Ginger,Local,7000,8000,7500,09/04/2026
Tamil Nadu,Krishnagiri,Avallapalli(Uzhavar Sandhai ) APMC,Ginger(Green),Green Ginger,Local,6000,7000,6500,09/04/2026
Tamil Nadu,Madurai,Palanganatham(Uzhavar Sandhai ) APMC,Ginger(Green),Green Ginger,Local,8000,9000,8500,09/04/2026
Tamil Nadu,Virudhunagar,Aruppukottai(Uzhavar Sandhai ) APMC,Ginger(Green),Green Ginger,Local,7000,8000,7500,09/04/2026
Tamil Nadu,Virudhunagar,Virudhunagar(Uzhavar Sandhai ) APMC,Ginger(Green),Green Ginger,Local,7500,8000,7750,09/04/2026
Tamil Nadu,Virudhunagar,Kariyapatti(Uzhavar Sandhai ) APMC,Ginger(Green),Green Ginger,Local,7500,8000,7750,09/04/2026
Tamil Nadu,Virudhunagar,Thalavaipuram(Uzhavar Sandhai ) APMC,Ginger(Green),Green Ginger,Local,6500,8000,7250,09/04/2026
Tamil Nadu,Chengalpattu,Nanganallur(Uzhavar Sandhai ) APMC,Ginger(Green),Green Ginger,Local,8000,9000,8500,09/04/2026
Tamil Nadu,Chengalpattu,Madhuranthagam(Uzhavar Sandhai ) APMC,Ginger(Green),Green Ginger,Local,7000,7000,7000,09/04/2026
Tamil Nadu,Ranipet,Arcot(Uzhavar Sandhai ) APMC,Ginger(Green),Green Ginger,Local,8000,8000,8000,09/04/2026
Tamil Nadu,Ramanathapuram,Paramakudi(Uzhavar Sandhai ) APMC,Ginger(Green),Green Ginger,Local,9000,10000,9500,09/04/2026
Tamil Nadu,Salem,Hasthampatti(Uzhavar Sandhai ) APMC,Ginger(Green),Green Ginger,Local,7000,8000,7500,09/04/2026
Tamil Nadu,Thanjavur,Thanjavur(Uzhavar Sandhai ) APMC,Ginger(Green),Green Ginger,Local,8000,8000,8000,09/04/2026
Tamil Nadu,Theni,Theni(Uzhavar Sandhai ) APMC,Ginger(Green),Green Ginger,Local,6400,6400,6400,09/04/2026
Tamil Nadu,Theni,Chinnamanur(Uzhavar Sandhai ) APMC,Ginger(Green),Green Ginger,Local,6400,6400,6400,09/04/2026
Tamil Nadu,Tuticorin,Kovilpatti(Uzhavar Sandhai ) APMC,Ginger(Green),Green Ginger,Local,7000,7500,7250,09/04/2026
Tamil Nadu,Thiruvannamalai,Polur(Uzhavar Sandhai ) APMC,Ginger(Green),Green Ginger,Local,7000,8400,7700,09/04/2026
Tamil Nadu,Krishnagiri,Kaveripattinam(Uzhavar Sandhai ) APMC,Ginger(Green),Green Ginger,Local,7000,7000,7000,09/04/2026
Tamil Nadu,The Nilgiris,Coonoor(Uzhavar Sandhai ) APMC,Ginger(Green),Green Ginger,Local,7000,7500,7250,09/04/2026
Tamil Nadu,Virudhunagar,Srivilliputhur(Uzhavar Sandhai ) APMC,Ginger(Green),Green Ginger,Local,6500,8000,7250,09/04/2026
Tamil Nadu,Vellore,Pallikonda(Uzhavar Sandhai),Ginger(Green),Green Ginger,Local,6000,6500,6250,09/04/2026
Tamil Nadu,Erode,Sathiyamagalam(Uzhavar Sandhai ) APMC,Ginger(Green),Green Ginger,Local,7500,8000,7750,09/04/2026
Tamil Nadu,Coimbatore,Sulur(Uzhavar Sandhai ) APMC,Ginger(Green),Green Ginger,Local,6400,7000,6700,09/04/2026
Tamil Nadu,Thanjavur,Kumbakonam (Uzhavar Sandhai ) APMC,Ginger(Green),Green Ginger,Local,8400,8400,8400,09/04/2026
Tamil Nadu,Villupuram,Ulundurpettai APMC,Ginger(Green),Green Ginger,Local,8000,8000,8000,09/04/2026
Tamil Nadu,Coimbatore,Sundarapuram(Uzhavar Sandhai ) APMC,Ginger(Green),Green Ginger,Local,6500,7000,6750,09/04/2026
Tamil Nadu,Dharmapuri,AJattihalli(Uzhavar Sandhai ) APMC,Ginger(Green),Green Ginger,Local,8000,8400,8200,09/04/2026
Tamil Nadu,Dindigul,Dindigul(Uzhavar Sandhai ) APMC,Ginger(Green),Green Ginger,Local,8000,9000,8500,09/04/2026
Tamil Nadu,Kancheepuram,Padappai(Uzhavar Sandhai ) APMC,Ginger(Green),Green Ginger,Local,5500,6500,6000,09/04/2026
Tamil Nadu,Krishnagiri,Krishnagiri(Uzhavar Sandhai ) APMC,Ginger(Green),Green Ginger,Local,7000,8000,7500,09/04/2026
Tamil Nadu,Madurai,Anna nagar(Uzhavar Sandhai ) APMC,Ginger(Green),Green Ginger,Local,8000,9000,8500,09/04/2026
Tamil Nadu,Madurai,Chokkikulam(Uzhavar Sandhai ) APMC,Ginger(Green),Green Ginger,Local,8000,9000,8500,09/04/2026
Tamil Nadu,Nagapattinam,Nagapattinam(Uzhavar Sandhai ) APMC,Ginger(Green),Green Ginger,Local,5000,6500,5750,09/04/2026
Tamil Nadu,Nagapattinam,Sirkali(Uzhavar Sandhai ) APMC,Ginger(Green),Green Ginger,Local,7000,7000,7000,09/04/2026
Tamil Nadu,Namakkal,Mohanur(Uzhavar Sandhai ) APMC,Ginger(Green),Green Ginger,Local,9000,10000,9500,09/04/2026
Tamil Nadu,Vellore,Gudiyatham(Uzhavar Sandhai ) APMC,Ginger(Green),Green Ginger,Local,8000,8000,8000,09/04/2026
Tamil Nadu,Nagercoil (Kannyiakumari),Myladi(Uzhavar Sandhai ) APMC,Ginger(Green),Green Ginger,Local,7500,8000,7750,09/04/2026
Tamil Nadu,Chengalpattu,Guduvancheri(Uzhavar Sandhai ) APMC,Ginger(Green),Green Ginger,Local,6000,7000,6500,09/04/2026
Tamil Nadu,Thirupur,Dharapuram(Uzhavar Sandhai ) APMC,Ginger(Green),Green Ginger,Local,7000,8000,7500,09/04/2026
Tamil Nadu,Thirupathur,Natrampalli(Uzhavar Sandhai ) APMC,Ginger(Green),Green Ginger,Local,7000,8000,7500,09/04/2026
Tamil Nadu,Kallakuruchi,Sankarapuram(Uzhavar Sandhai ) APMC,Ginger(Green),Green Ginger,Local,9000,9000,9000,09/04/2026
Tamil Nadu,Salem,Mettur(Uzhavar Sandhai ) APMC,Ginger(Green),Green Ginger,Local,7500,8000,7750,09/04/2026
Tamil Nadu,Sivaganga,Sivagangai (Uzhavar Sandhai ) APMC,Ginger(Green),Green Ginger,Local,8200,9200,8700,09/04/2026
Tamil Nadu,Thirunelveli,Palayamkottai(Uzhavar Sandhai ) APMC,Ginger(Green),Green Ginger,Local,6600,6800,6700,09/04/2026
Tamil Nadu,Thirunelveli,Melapalayam(Uzhavar Sandhai ) APMC,Ginger(Green),Green Ginger,Local,6500,6800,6650,09/04/2026
Tamil Nadu,Thiruvannamalai,Chengam(Uzhavar Sandhai ) APMC,Ginger(Green),Green Ginger,Local,8000,10000,9000,09/04/2026
Tamil Nadu,Thiruchirappalli,Manapparai(Uzhavar Sandhai ) APMC,Ginger(Green),Green Ginger,Local,8000,8000,8000,09/04/2026
Tamil Nadu,Thiruchirappalli,Thiruverumbur(Uzhavar Sandhai ) APMC,Ginger(Green),Green Ginger,Local,8000,8000,8000,09/04/2026
Madhya Pradesh,Rewa,Rewa(F&V) APMC,Ginger(Green),Other,Grade B,2800,2800,2800,09/04/2026
Madhya Pradesh,Indore,Indore(F&V) APMC,Ginger(Green),Green Ginger,Local,1500,5000,3500,09/04/2026
Madhya Pradesh,Sheopur,Sheopurkalan(F&V) APMC,Ginger(Green),Green Ginger,Medium,5000,5000,5000,09/04/2026
Madhya Pradesh,Dhar,Kukshi(F&V) APMC,Ginger(Green),Green Ginger,Grade A,4300,4800,4500,09/04/2026
Madhya Pradesh,Shivpuri,Shivpuri(F&V) APMC,Ginger(Green),Green Ginger,Grade B,3500,3500,3500,09/04/2026
Maharashtra,Ahmednagar,Rahata APMC,Ginger(Green),Other,Local,2000,5000,3500,09/04/2026
Maharashtra,Nagpur,Kamthi APMC,Ginger(Green),Other,Local,5030,6030,5530,09/04/2026
Maharashtra,Ratnagiri,Ratnagiri (Nachane) APMC,Ginger(Green),Other,Local,5000,5500,5300,09/04/2026
Maharashtra,Ahmednagar,Shrirampur APMC,Ginger(Green),Other,Local,3000,4000,3550,09/04/2026
Maharashtra,Chandrapur,Chandrapur(Ganjwad) APMC,Ginger(Green),Other,Local,4600,5500,5400,09/04/2026
Maharashtra,Mumbai,Mumbai APMC,Ginger(Green),Other,Local,3600,5400,4500,09/04/2026
Maharashtra,Pune,Pune(Moshi) APMC,Ginger(Green),Other,Local,5000,5000,5000,09/04/2026
Maharashtra,Ahmednagar,Ahmednagar APMC,Ginger(Green),Other,Local,4000,4500,4250,09/04/2026
Maharashtra,Satara,Karad APMC,Ginger(Green),Other,Local,3000,4000,4000,09/04/2026
Maharashtra,Sholapur,Akluj APMC,Ginger(Green),Other,Local,4000,5000,4500,09/04/2026
Maharashtra,Chattrapati Sambhajinagar,Chattrapati Sambhajinagar APMC,Ginger(Green),Other,Local,1600,2000,1800,09/04/2026
Maharashtra,Jalgaon,Jalgaon APMC,Ginger(Green),Other,Local,3000,4500,3500,09/04/2026
Maharashtra,Pune,Khed(Chakan) APMC,Ginger(Green),Other,Local,3000,4000,3500,09/04/2026
Maharashtra,Satara,Vaduj APMC,Ginger(Green),Other,Local,3500,4500,4000,09/04/2026
Maharashtra,Nagpur,Ramtek APMC,Ginger(Green),Other,Local,4000,5000,4500,09/04/2026
Maharashtra,Pune,Junnar(Narayangaon) APMC,Ginger(Green),Other,Local,1000,4800,2900,09/04/2026
Maharashtra,Pune,Pune APMC,Ginger(Green),Other,Local,1500,4000,2750,09/04/2026
Maharashtra,Sangli,"Sangli(Phale, Bhajipura Market) APMC",Ginger(Green),Other,Local,3000,5000,4000,09/04/2026
Maharashtra,Akola,Akola APMC,Ginger(Green),Other,Local,3000,4000,3700,09/04/2026
Maharashtra,Nagpur,Nagpur APMC,Ginger(Green),Other,Local,3000,4300,3975,09/04/2026
Maharashtra,Sangli,Islampur APMC,Ginger(Green),Other,Local,4500,6000,5200,09/04/2026
Maharashtra,Satara,Satara APMC,Ginger(Green),Other,Local,3000,4000,3500,09/04/2026
Uttar Pradesh,Saharanpur,Rampurmaniharan APMC,Ginger(Green),Other,FAQ,4000,4100,4033.33,09/04/2026
Uttar Pradesh,Shamli,Khandhla APMC,Ginger(Green),Green Ginger,FAQ,4600,4640,4620,09/04/2026
Uttar Pradesh,Fatehpur,Fatehpur APMC,Ginger(Green),Other,FAQ,4500,4500,4500,09/04/2026
Uttar Pradesh,Jhansi,Baruwasagar APMC,Ginger(Green),Other,FAQ,4700,4700,4700,09/04/2026
Uttar Pradesh,Lakhimpur,Lakhimpur APMC,Ginger(Green),Other,FAQ,3800,3800,3800,09/04/2026
Uttar Pradesh,Etawah,Jasvantnagar APMC,Ginger(Green),Green Ginger,Medium,4860,4960,4910,09/04/2026
Uttar Pradesh,Agra,Khairagarh APMC,Ginger(Green),Other,FAQ,4000,4000,4000,09/04/2026
Uttar Pradesh,Bulandshahar,Gulavati APMC,Ginger(Green),Green Ginger,FAQ,6000,6200,6100,09/04/2026
Uttar Pradesh,Farukhabad,Kayamganj APMC,Ginger(Green),Green Ginger,FAQ,4725,4725,4725,09/04/2026
Uttar Pradesh,Bulandshahar,Sikarpur APMC,Ginger(Green),Other,FAQ,4500,4500,4500,09/04/2026
Uttar Pradesh,Prayagraj,Sirsa APMC,Ginger(Green),Other,FAQ,2500,2500,2500,09/04/2026
Uttar Pradesh,Aligarh,Khair APMC,Ginger(Green),Green Ginger,Grade B,5000,5000,5000,09/04/2026
Uttar Pradesh,Bulandshahar,Sikarpur APMC,Ginger(Green),Green Ginger,FAQ,4800,5000,4900,09/04/2026
Uttar Pradesh,Bulandshahar,Buland Shahr APMC,Ginger(Green),Other,FAQ,4000,4000,4000,09/04/2026
Uttar Pradesh,Shamli,Kairana APMC,Ginger(Green),Green Ginger,FAQ,4900,5000,4950,09/04/2026
Uttar Pradesh,Shamli,Kairana APMC,Ginger(Green),Other,FAQ,5000,5000,5000,09/04/2026
Uttar Pradesh,Saharanpur,Rampurmaniharan APMC,Ginger(Green),Green Ginger,Grade C,3400,3400,3400,09/04/2026
Uttar Pradesh,Bijnor,Chaandpur APMC,Ginger(Green),Other,FAQ,3000,3400,3025,09/04/2026
Uttar Pradesh,Agra,Khairagarh APMC,Ginger(Green),Green Ginger,FAQ,5000,5100,5050,09/04/2026
Uttar Pradesh,Ghaziabad,Ghaziabad APMC,Ginger(Green),Other,FAQ,5200,5600,5393.43,09/04/2026
Uttar Pradesh,Sambhal,Chandausi APMC,Ginger(Green),Other,FAQ,3700,4300,4065.05,09/04/2026
Uttar Pradesh,Saharanpur,Chutmalpur APMC,Ginger(Green),Green Ginger,Medium,3550,3750,3605,09/04/2026
Uttar Pradesh,Saharanpur,Chutmalpur APMC,Ginger(Green),Other,FAQ,3400,3500,3450,09/04/2026
Uttar Pradesh,Shamli,Khandhla APMC,Ginger(Green),Other,FAQ,4800,4800,4800,09/04/2026
Uttar Pradesh,Mathura,Mathura APMC,Ginger(Green),Other,FAQ,2850,6000,4950,09/04/2026
Uttar Pradesh,Unnao,Unnao APMC,Ginger(Green),Other,FAQ,4500,4500,4500,09/04/2026
Uttar Pradesh,Saharanpur,Saharanpur APMC,Ginger(Green),Other,FAQ,4150,4300,4250,09/04/2026
Rajasthan,Jaipur,Jaipur (F&V) APMC,Ginger(Dry),Dry,FAQ,5100,5200,5150,09/04/2026
Rajasthan,Ajmer,Ajmer(F&V) APMC,Ginger(Green),Other,Medium,3500,6500,5200,09/04/2026
Rajasthan,Ganganagar,Sriganganagar (F&V) APMC,Ginger(Green),Green Ginger,Grade B,7200,7600,7400,09/04/2026
Rajasthan,Jalore,Jalore APMC,Ginger(Green),Other,Local,3500,4000,3800,09/04/2026
Karnataka,Mysore,Piriya Pattana APMC,Ginger(Green),Green Ginger,Medium,1200,1500,1400,09/04/2026
Karnataka,Karwar(Uttar Kannad),Sirsi APMC,Ginger(Green),Green Ginger,Local,3001,3001,3001,09/04/2026
Karnataka,Bangalore,Bangalore APMC,Ginger(Green),Green Ginger,Medium,3300,4600,4200,09/04/2026
Karnataka,Bangalore,"Binny Mill (F&V), Bangalore APMC",Ginger(Green),Green Ginger,Local,4000,4400,4200,09/04/2026
Karnataka,Madikeri(Kodagu),Somvarpet APMC,Ginger(Green),Green Ginger,Grade Range-1,1555,1555,1555,09/04/2026
Karnataka,Bangalore,Doddaballa Pur APMC,Ginger(Green),Green Ginger,Medium,4000,5000,4500,09/04/2026
Karnataka,Kolar,Bangarpet APMC,Ginger(Green),Green Ginger,Local,2000,2500,2200,09/04/2026
Karnataka,Chamrajnagar,Gundlupet APMC,Ginger(Dry),Dry,Local,15000,15000,15000,09/04/2026
Karnataka,Bangalore,Ramanagara APMC,Ginger(Green),Green Ginger,Local,4400,5500,5000,09/04/2026
Gujarat,Rajkot,Rajkot(Veg.Sub Yard) APMC,Ginger(Green),Green Ginger,FAQ,4635,5680,5155,09/04/2026
Gujarat,Banaskanth,Deesa(Deesa Veg Yard) APMC,Ginger(Green),Other,FAQ,5500,5700,5600,09/04/2026
Gujarat,Amreli,Damnagar APMC,Ginger(Green),Green Ginger,Local,8000,8000,8000,09/04/2026
Gujarat,Dahod,Dahod(Veg. Market) APMC,Ginger(Green),Green Ginger,Local,4000,6000,5300,09/04/2026
Gujarat,Porbandar,Porbandar APMC,Ginger(Green),Green Ginger,FAQ,5000,7000,6000,09/04/2026
Gujarat,Surat,Surat APMC,Ginger(Green),Green Ginger,FAQ,2000,4350,3150,09/04/2026
Gujarat,Ahmedabad,Ahmedabad APMC,Ginger(Green),Other,FAQ,4500,5700,5650,09/04/2026
Haryana,Kurukshetra,Thanesar APMC,Ginger(Green),Green Ginger,Medium,6000,7000,6500,09/04/2026
Haryana,Mewat,Tauru APMC,Ginger(Green),Green Ginger,Medium,6000,6000,6000,09/04/2026
Haryana,Jhajar,Bahadurgarh APMC,Ginger(Green),Other,Medium,6000,7000,6500,09/04/2026
Haryana,Kurukshetra,Ladwa APMC,Ginger(Green),Green Ginger,Medium,6500,7000,7000,09/04/2026
Haryana,Mahendragarh-Narnaul,Narnaul APMC,Ginger(Green),Green Ginger,Medium,4000,6000,5000,09/04/2026
Haryana,Panchkula,Raipur Rai APMC,Ginger(Green),Green Ginger,Local,3400,3500,3400,09/04/2026
Haryana,Yamuna Nagar,Radaur APMC,Ginger(Green),Other,Medium,7000,7500,7200,09/04/2026
Haryana,Sonipat,Ganaur APMC,Ginger(Green),Green Ginger,Medium,7000,8000,7500,09/04/2026
Haryana,Panipat,Samalkha APMC,Ginger(Green),Other,FAQ,8000,8000,8000,09/04/2026
Haryana,Ambala,Naraingarh APMC,Ginger(Green),Green Ginger,Medium,3000,5000,4200,09/04/2026
Haryana,Mahendragarh-Narnaul,Mohindergarh APMC,Ginger(Green),Green Ginger,FAQ,4000,4000,4000,09/04/2026
Haryana,Yamuna Nagar,Jagadhri APMC,Ginger(Green),Green Ginger,Medium,4500,5500,5500,09/04/2026
Punjab,Fazilka,Fazilka APMC,Ginger(Green),Other,FAQ,7000,7000,7000,09/04/2026
Punjab,Fazilka,Fazilka APMC,Ginger(Dry),Dry,FAQ,15000,15000,15000,09/04/2026
Punjab,Ropar (Rupnagar),Ropar APMC,Ginger(Green),Green Ginger,FAQ,6500,7000,6800,09/04/2026
Punjab,Nawanshahr,Nawan Shahar(Subzi Mandi) APMC,Ginger(Green),Green Ginger,FAQ,6000,6300,6200,09/04/2026
Punjab,Ludhiana,Khanna APMC,Ginger(Green),Green Ginger,Grade A,4000,4000,4000,09/04/2026
Punjab,Fatehgarh,Bassi Pathana APMC,Ginger(Green),Green Ginger,Medium,7000,7500,7200,09/04/2026
Punjab,Hoshiarpur,Tanda Urmur APMC,Ginger(Green),Other,Grade A,6000,7000,6500,09/04/2026
Punjab,Jalandhar,Jalandhar City(Jalandhar) APMC,Ginger(Green),Other,FAQ,2000,4200,3100,09/04/2026
Punjab,Ludhiana,Doraha APMC,Ginger(Green),Green Ginger,Local,6000,7000,6500,09/04/2026
Punjab,Sangrur,Lehra Gaga APMC,Ginger(Green),Other,Grade A,8500,8500,8500,09/04/2026
Punjab,Gurdaspur,Quadian APMC,Ginger(Green),Other,FAQ,6000,6300,6200,09/04/2026
Punjab,Gurdaspur,Gurdaspur APMC,Ginger(Green),Other,Grade A,5800,6000,5900,09/04/2026
Punjab,Hoshiarpur,Garh Shankar APMC,Ginger(Dry),Vegitable-fresh,FAQ,5500,5500,5500,09/04/2026
Punjab,Sangrur,Bhawanigarh APMC,Ginger(Green),Green Ginger,Medium,6000,7000,6500,09/04/2026
Punjab,Ropar (Rupnagar),Morinda APMC,Ginger(Green),Green Ginger,Medium,7000,7500,7250,09/04/2026
Punjab,Patiala,Nabha APMC,Ginger(Green),Other,Grade C,5000,7000,6000,09/04/2026
Punjab,Muktsar,Giddarbaha APMC,Ginger(Green),Green Ginger,FAQ,7000,7000,7000,09/04/2026
Punjab,Ludhiana,Ludhiana APMC,Ginger(Green),Other,FAQ,3200,5800,4500,09/04/2026
Punjab,Gurdaspur,Dinanagar APMC,Ginger(Green),Green Ginger,Medium,5500,6000,5800,09/04/2026
Punjab,Ropar (Rupnagar),Chamkaur Sahib APMC,Ginger(Green),Green Ginger,Medium,5000,5000,5000,09/04/2026
Punjab,Mohali,Kurali APMC,Ginger(Green),Other,Medium,4500,5000,4800,09/04/2026
Punjab,Ferozpur,Zira APMC,Ginger(Green),Other,Local,8000,8000,8000,09/04/2026
Punjab,Fazilka,Jalalabad APMC,Ginger(Green),Other,Medium,6400,6500,6400,09/04/2026
West Bengal,Paschim Bardhaman,Asansol APMC,Ginger(Green),Other,FAQ,6500,6750,6650,09/04/2026
West Bengal,Medinipur(W),Medinipur(West) APMC,Ginger(Dry),Big/Thick,FAQ,5600,6000,5800,09/04/2026
West Bengal,Kolkata,Bara Bazar (Posta Bazar) APMC,Ginger(Dry),Dry,FAQ,5500,6100,5850,09/04/2026
West Bengal,Hooghly,Sheoraphuly APMC,Ginger(Dry),Other,FAQ,5800,6200,6000,09/04/2026
West Bengal,Darjeeling,Siliguri APMC,Ginger(Green),Green Ginger,FAQ,5600,6000,5800,09/04/2026
West Bengal,Darjeeling,Darjeeling APMC,Ginger(Green),Other,FAQ,8100,8300,8200,09/04/2026
West Bengal,Purba Bardhaman,Katwa APMC,Ginger(Green),Other,FAQ,4260,4270,4270,09/04/2026
Telangana,Hyderabad,Hyderabad (F&V) APMC,Ginger(Green),Other,Medium,3000,5100,4100,09/04/2026
Kerala,Ernakulam,Perumbavoor APMC,Ginger(Green),Green Ginger,Medium,5500,6500,6000,09/04/2026
Kerala,Malappuram,Perinthalmanna APMC,Ginger(Green),Green Ginger,Large,4600,4600,4600,09/04/2026
Kerala,Malappuram,Parappanangadi APMC,Ginger(Green),Green Ginger,Grade A,6000,6200,6100,09/04/2026
Kerala,Thiruvananthapuram,Parassala APMC,Ginger(Green),Green Ginger,Local,6000,6200,6000,09/04/2026
Kerala,Palakad,Koduvayoor APMC,Ginger(Dry),Other,FAQ,6800,7200,7000,09/04/2026
Kerala,Kollam,Chathanoor APMC,Ginger(Green),Other,FAQ,9800,10200,10000,09/04/2026
Kerala,Alappuzha,Kayamkulam APMC,Ginger(Green),Other,FAQ,7900,8100,8000,09/04/2026
Kerala,Ernakulam,Piravam APMC,Ginger(Green),Green Ginger,Local,8000,10000,9000,09/04/2026
Kerala,Wayanad,Kalpetta APMC,Ginger(Green),Green Ginger,FAQ,3500,3600,3600,09/04/2026
Kerala,Alappuzha,Chengannur APMC,Ginger(Green),Green Ginger,FAQ,6400,6800,6500,09/04/2026
Kerala,Thirssur,Irinjalakkuda APMC,Ginger(Green),Green Ginger,FAQ,7800,7800,7800,09/04/2026
Kerala,Ernakulam,Thrippunithura APMC,Ginger(Green),Green Ginger,Medium,9000,14000,10000,09/04/2026
Kerala,Kottayam,Kuruppanthura APMC,Ginger(Green),Other,Local,9000,9000,9000,09/04/2026
Kerala,Kozhikode(Calicut),Mukkom APMC,Ginger(Green),Green Ginger,FAQ,8000,9000,8500,09/04/2026
Kerala,Alappuzha,Aroor APMC,Ginger(Green),Other,FAQ,7800,8000,7900,09/04/2026
Kerala,Kozhikode(Calicut),Kallachi APMC,Ginger(Green),Green Ginger,FAQ,6800,7200,7000,09/04/2026
Kerala,Kottayam,Ettumanoor APMC,Ginger(Green),Green Ginger,FAQ,6400,6800,6600,09/04/2026
Uttarakhand,Dehradoon,Rishikesh APMC,Ginger(Green),Other,Medium,4500,6200,5550,09/04/2026
Uttarakhand,Udhamsinghnagar,Kashipur APMC,Ginger(Green),Other,Local,3600,3800,3700,09/04/2026
Uttarakhand,Udhamsinghnagar,Rudrapur APMC,Ginger(Green),Other,Medium,5000,7000,6000,09/04/2026
Himachal Pradesh,Kangra,SMY Baijnath,Ginger(Green),Green Ginger,Grade B,8000,8500,8300,09/04/2026
Himachal Pradesh,Solan,PMY Kather Solan,Ginger(Green),Other,Medium,7000,7500,7200,09/04/2026
Himachal Pradesh,Una,SMY Santoshgarh,Ginger(Green),Green Ginger,FAQ,6000,6200,6100,09/04/2026
Himachal Pradesh,Mandi,SMY Dhanotu,Ginger(Green),Green Ginger,FAQ,7000,8000,7500,09/04/2026
Himachal Pradesh,Kangra,SMY Dharamshala,Ginger(Green),Green Ginger,FAQ,7500,8500,8000,09/04/2026
Himachal Pradesh,Hamirpur,PMY Hamirpur,Ginger(Green),Other,Grade B,8000,8500,8250,09/04/2026
Himachal Pradesh,Kangra,SMY Palampur,Ginger(Green),Green Ginger,FAQ,8500,9000,8800,09/04/2026
Himachal Pradesh,Solan,SMY Nalagarh,Ginger(Green),Green Ginger,Medium,5000,7000,6000,09/04/2026
Himachal Pradesh,Hamirpur,SMY Nadaun,Ginger(Green),Other,Grade B,8000,8500,8250,09/04/2026
Himachal Pradesh,Una,PMY Una,Ginger(Green),Green Ginger,FAQ,7000,9000,8000,09/04/2026
Himachal Pradesh,Kullu,PMY Kullu,Ginger(Green),Other,FAQ,7000,8000,7500,09/04/2026
Himachal Pradesh,Mandi,PMY Kangni Mandi,Ginger(Green),Green Ginger,Grade B,6000,8000,7000,09/04/2026
Tamil Nadu,Dharmapuri,Harur(Uzhavar Sandhai ) APMC,Brinjal,Other,Local,2000,2400,2200,09/04/2026
Tamil Nadu,The Nilgiris,Coonoor(Uzhavar Sandhai ) APMC,Brinjal,Other,Local,3200,3600,3400,09/04/2026
Tamil Nadu,Pudukkottai,Ponnamaravathi(Uzhavar Sandhai),Brinjal,Round,Local,3000,3500,3250,09/04/2026
Tamil Nadu,Erode,Sampath Nagar(Uzhavar Sandhai ) APMC,Brinjal,Other,Local,2500,2800,2650,09/04/2026
Tamil Nadu,Thiruchirappalli,Thuraiyur APMC,Brinjal,Other,Local,1600,2000,1800,09/04/2026
Tamil Nadu,Ariyalur,Ariyalur(Uzhavar Sandhai) APMC,Brinjal,Round,Local,3000,3400,3200,09/04/2026
Tamil Nadu,Coimbatore,RSPuram(Uzhavar Sandhai ) APMC,Brinjal,Other,Local,3000,3400,3200,09/04/2026
Tamil Nadu,Karur,Karur(Uzhavar Sandhai ) APMC,Brinjal,Other,Local,3000,4000,3500,09/04/2026
Tamil Nadu,Villupuram,Ulundurpettai APMC,Brinjal,Round,Local,2500,3000,2750,09/04/2026
Tamil Nadu,Dindigul,Vedasanthur(Uzhavar Sandhai ) APMC,Brinjal,Other,Local,2500,3000,2750,09/04/2026
Tamil Nadu,Dharmapuri,Pennagaram(Uzhavar Sandhai ) APMC,Brinjal,Round,Local,2800,3000,2900,09/04/2026
Tamil Nadu,Dindigul,Dindigul(Uzhavar Sandhai ) APMC,Brinjal,Other,Local,6000,7000,6500,09/04/2026
Tamil Nadu,Kancheepuram,Padappai(Uzhavar Sandhai ) APMC,Brinjal,Other,Local,2500,3000,2750,09/04/2026
Tamil Nadu,Karur,Pallapatti (Uzhavar Sandhai ) APMC,Brinjal,Other,Local,3500,4000,3750,09/04/2026
Tamil Nadu,Karur,Vengamedu(Uzhavar Sandhai ) APMC,Brinjal,Other,Local,3000,4000,3500,09/04/2026
Tamil Nadu,Krishnagiri,Hosur(Uzhavar Sandhai ) APMC,Brinjal,Round,Local,2000,2500,2250,09/04/2026
Tamil Nadu,Madurai,Anna nagar(Uzhavar Sandhai ) APMC,Brinjal,Round,Local,3500,4500,4000,09/04/2026
Tamil Nadu,Virudhunagar,Kariyapatti(Uzhavar Sandhai ) APMC,Brinjal,Round,Local,3500,4000,3750,09/04/2026
Tamil Nadu,Virudhunagar,Thalavaipuram(Uzhavar Sandhai ) APMC,Brinjal,Round,Local,3200,4000,3600,09/04/2026
Tamil Nadu,Chengalpattu,Jameenrayapettai(Uzhavar Sandhai ) APMC,Brinjal,Round,Local,3500,4000,3750,09/04/2026
Tamil Nadu,Chengalpattu,Thirukalukundram(Uzhavar Sandhai ) APMC,Brinjal,Round,Local,3000,4000,3500,09/04/2026
Tamil Nadu,Ranipet,Ranipettai(Uzhavar Sandhai ) APMC,Brinjal,Other,Local,2000,3500,2750,09/04/2026
Tamil Nadu,Ranipet,Arcot(Uzhavar Sandhai ) APMC,Brinjal,Other,Local,3600,3600,3600,09/04/2026
Tamil Nadu,Thirupur,Palladam(Uzhavar Sandhai ) APMC,Brinjal,Other,Local,2000,3000,2500,09/04/2026
Tamil Nadu,Thirupathur,Natrampalli(Uzhavar Sandhai ) APMC,Brinjal,Round,Local,2500,3000,2750,09/04/2026
Tamil Nadu,Kallakuruchi,Sankarapuram(Uzhavar Sandhai ) APMC,Brinjal,Round,Local,2500,3000,2750,09/04/2026
Tamil Nadu,Ramanathapuram,Ramanathapuram(Uzhavar Sandhai ) APMC,Brinjal,Round,Local,5000,5500,5250,09/04/2026
Tamil Nadu,Salem,Thathakapatti(Uzhavar Sandhai ) APMC,Brinjal,Other,Local,2600,2800,2700,09/04/2026
Tamil Nadu,Thanjavur,Thanjavur(Uzhavar Sandhai ) APMC,Brinjal,Round,Local,3400,4000,3700,09/04/2026
Tamil Nadu,Thirunelveli,Kandiyaperi(Uzhavar Sandhai ) APMC,Brinjal,Other,Local,1800,2000,1900,09/04/2026
Tamil Nadu,Thirunelveli,Ambasamudram(Uzhavar Sandhai ) APMC,Brinjal,Other,Local,2400,2600,2500,09/04/2026
Tamil Nadu,Thiruvarur,Needamangalam(Uzhavar Sandhai ) APMC,Brinjal,Round,Local,3000,3000,3000,09/04/2026
Tamil Nadu,Thiruvannamalai,Polur(Uzhavar Sandhai ) APMC,Brinjal,Round,Local,3300,4000,3650,09/04/2026
Tamil Nadu,Thiruvannamalai,Vandavasi(Uzhavar Sandhai ) APMC,Brinjal,Other,Local,3000,3600,3300,09/04/2026
Tamil Nadu,Thiruchirappalli,Musiri(Uzhavar Sandhai ) APMC,Brinjal,Round,Local,3500,4000,3750,09/04/2026
Tamil Nadu,Coimbatore,Sulur(Uzhavar Sandhai ) APMC,Brinjal,Round,Local,3400,4400,3900,09/04/2026
Tamil Nadu,Thiruvarur,Tiruvarur(Uzhavar Sandhai ) APMC,Brinjal,Round,Local,4000,4000,4000,09/04/2026
Tamil Nadu,Coimbatore,Udumalpet APMC,Brinjal,Other,Local,2500,2700,2600,09/04/2026
Tamil Nadu,Villupuram,Tindivanam APMC,Brinjal,Other,Local,3000,3000,3000,09/04/2026
Tamil Nadu,Thanjavur,Peravurani(Uzhavar Sandhai),Brinjal,Round,Local,3000,4000,3500,09/04/2026
Tamil Nadu,Karur,Gandhigramam(Uzhavar Sandhai),Brinjal,Other,Local,2500,3000,2750,09/04/2026
Tamil Nadu,Krishnagiri,Kaveripattinam(Uzhavar Sandhai ) APMC,Brinjal,Round,Local,3000,3500,3250,09/04/2026
Tamil Nadu,Namakkal,Tiruchengode APMC,Brinjal,Other,Local,4500,5000,4750,09/04/2026
Tamil Nadu,Ariyalur,Jeyankondam (Uzhavar Sandhai ) APMC,Brinjal,Round,Local,4000,4400,4200,09/04/2026
Tamil Nadu,Thiruvannamalai,Cheyyar(Uzhavar Sandhai ) APMC,Brinjal,Other,Local,3000,3600,3300,09/04/2026
Tamil Nadu,Thanjavur,Papanasam(Uzhavar Sandhai ) APMC,Brinjal,Round,Local,2400,3600,3000,09/04/2026
Tamil Nadu,Coimbatore,Sundarapuram(Uzhavar Sandhai ) APMC,Brinjal,Other,Local,3000,3500,3250,09/04/2026
Tamil Nadu,Cuddalore,Chidambaram(Uzhavar Sandhai ) APMC,Brinjal,Round,Local,3000,3000,3000,09/04/2026
Tamil Nadu,Cuddalore,Viruthachalam(Uzhavar Sandhai ) APMC,Brinjal,Round,Local,3000,4000,3500,09/04/2026
Tamil Nadu,Dindigul,Palani(Uzhavar Sandhai ) APMC,Brinjal,Other,Local,2000,2000,2000,09/04/2026
Tamil Nadu,Erode,Periyar Nagar(Uzhavar Sandhai ) APMC,Brinjal,Other,Local,2500,2800,2650,09/04/2026
Tamil Nadu,Madurai,Usilampatti(Uzhavar Sandhai ) APMC,Brinjal,Round,Local,2800,3200,3000,09/04/2026
Tamil Nadu,Madurai,Melur(Uzhavar Sandhai ) APMC,Brinjal,Round,Local,3000,3200,3100,09/04/2026
Tamil Nadu,Nagapattinam,Nagapattinam(Uzhavar Sandhai ) APMC,Brinjal,Round,Local,4000,6000,5000,09/04/2026
Tamil Nadu,Nagapattinam,Sirkali(Uzhavar Sandhai ) APMC,Brinjal,Round,Local,4000,5000,4500,09/04/2026
Tamil Nadu,Vellore,Gudiyatham(Uzhavar Sandhai ) APMC,Brinjal,Other,Local,3000,3000,3000,09/04/2026
Tamil Nadu,Virudhunagar,Rajapalayam(Uzhavar Sandhai ) APMC,Brinjal,Round,Local,3500,4000,3750,09/04/2026
Tamil Nadu,Virudhunagar,Sathur(Uzhavar Sandhai ) APMC,Brinjal,Round,Local,4500,5000,4750,09/04/2026
Tamil Nadu,Chengalpattu,Pallavaram(Uzhavar Sandhai ) APMC,Brinjal,Round,Local,3500,4000,3750,09/04/2026
Tamil Nadu,Thirupur,Dharapuram(Uzhavar Sandhai ) APMC,Brinjal,Round,Local,3500,4000,3750,09/04/2026
Tamil Nadu,Tuticorin,Tuticorin(Uzhavar Sandhai ) APMC,Brinjal,Round,Local,3000,4000,3500,09/04/2026
Tamil Nadu,Ramanathapuram,Kamuthi(Uzhavar Sandhai ) APMC,Brinjal,Round,Local,5000,5500,5250,09/04/2026
Tamil Nadu,Salem,Attayampatti(Uzhavar Sandhai ) APMC,Brinjal,Round,Local,2400,3000,2700,09/04/2026
Tamil Nadu,Sivaganga,Karaikudi(Uzhavar Sandhai ) APMC,Brinjal,Round,Local,3400,3600,3500,09/04/2026
Tamil Nadu,Sivaganga,Singampunari(Uzhavar Sandhai ) APMC,Brinjal,Other,Local,3500,4000,3750,09/04/2026
Tamil Nadu,Theni,Theni(Uzhavar Sandhai ) APMC,Brinjal,Other,Local,2500,2800,2650,09/04/2026
Tamil Nadu,Theni,Bodinayakanur(Uzhavar Sandhai ) APMC,Brinjal,Round,Local,2600,2600,2600,09/04/2026
Tamil Nadu,Theni,Chinnamanur(Uzhavar Sandhai ) APMC,Brinjal,Round,Local,2000,2000,2000,09/04/2026
Tamil Nadu,Thirunelveli,Palayamkottai(Uzhavar Sandhai ) APMC,Brinjal,Other,Local,1800,2000,1900,09/04/2026
Tamil Nadu,Thiruvellore,Tiruthani(Uzhavar Sandhai ) APMC,Brinjal,Round,Local,4000,4000,4000,09/04/2026
Tamil Nadu,Thiruvellore,Perambakkam(Uzhavar Sandhai ) APMC,Brinjal,Round,Local,3000,3000,3000,09/04/2026
Tamil Nadu,Thiruvarur,Muthupettai(Uzhavar Sandhai ) APMC,Brinjal,Round,Local,3000,3000,3000,09/04/2026
Tamil Nadu,Thiruvannamalai,Tiruvannamalai(Uzhavar Sandhai ) APMC,Brinjal,Round,Local,3000,3600,3300,09/04/2026
Tamil Nadu,Thiruchirappalli,KKNagar(Uzhavar Sandhai ) APMC,Brinjal,Other,Local,3600,4000,3800,09/04/2026
Tamil Nadu,Thiruchirappalli,Manapparai(Uzhavar Sandhai ) APMC,Brinjal,Other,Local,4000,4000,4000,09/04/2026
Tamil Nadu,Nagapattinam,Mayiladuthurai(Uzhavar Sandhai ) APMC,Brinjal,Round,Local,3500,4000,3750,09/04/2026
Tamil Nadu,Nagapattinam,Vedaranyam(Uzhavar Sandhai),Brinjal,Round,Local,4400,4600,4500,09/04/2026
Tamil Nadu,Salem,Thammampatti (Uzhavar Sandhai ) APMC,Brinjal,Round,Local,2500,3000,2750,09/04/2026
Tamil Nadu,Erode,Sathiyamagalam(Uzhavar Sandhai ) APMC,Brinjal,Round,Local,2500,3000,2750,09/04/2026
Tamil Nadu,Coimbatore,Pollachi(Uzhavar Sandhai ) APMC,Brinjal,Other,Local,2000,2500,2250,09/04/2026
Tamil Nadu,Thiruchirappalli,Manachanallur(Uzhavar Sandhai ) APMC,Brinjal,Other,Local,2200,2200,2200,09/04/2026
Tamil Nadu,Virudhunagar,Aruppukottai(Uzhavar Sandhai ) APMC,Brinjal,Round,Local,3000,4000,3500,09/04/2026
Tamil Nadu,Virudhunagar,Sivakasi(Uzhavar Sandhai ) APMC,Brinjal,Round,Local,2500,3000,2750,09/04/2026
Tamil Nadu,Nagercoil (Kannyiakumari),Myladi(Uzhavar Sandhai ) APMC,Brinjal,Round,Local,4500,5000,4750,09/04/2026
Tamil Nadu,Thirupur,Tiruppur (South) (Uzhavar Sandhai ) APMC,Brinjal,Other,Local,2500,3000,2750,09/04/2026
Tamil Nadu,Ramanathapuram,Paramakudi(Uzhavar Sandhai ) APMC,Brinjal,Round,Local,5500,6000,5750,09/04/2026
Tamil Nadu,Salem,Sooramangalam(Uzhavar Sandhai ) APMC,Brinjal,Other,Local,2600,2800,2700,09/04/2026
Tamil Nadu,Salem,Mettur(Uzhavar Sandhai ) APMC,Brinjal,Other,Local,3000,3500,3250,09/04/2026
Tamil Nadu,Salem,Edapadi (Uzhavar Sandhai ) APMC,Brinjal,Other,Local,2000,2400,2200,09/04/2026
Tamil Nadu,Sivaganga,Sivagangai (Uzhavar Sandhai ) APMC,Brinjal,Round,Local,3200,3400,3300,09/04/2026
Tamil Nadu,Thanjavur,Pattukottai(Uzhavar Sandhai ) APMC,Brinjal,Round,Local,2500,3000,2750,09/04/2026
Tamil Nadu,Theni,Kambam(Uzhavar Sandhai ) APMC,Brinjal,Other,Local,2400,2600,2500,09/04/2026
Tamil Nadu,Theni,Devaram(Uzhavar Sandhai ) APMC,Brinjal,Round,Local,2800,2800,2800,09/04/2026
Tamil Nadu,Thirunelveli,Melapalayam(Uzhavar Sandhai ) APMC,Brinjal,Other,Local,2400,2500,2450,09/04/2026
Tamil Nadu,Thiruchirappalli,Lalgudi(Uzhavar Sandhai ) APMC,Brinjal,Round,Local,4600,4600,4600,09/04/2026
Tamil Nadu,Coimbatore,Kurichi(Uzhavar Sandhai ) APMC,Brinjal,Other,Local,3500,4000,3750,09/04/2026
Tamil Nadu,Dharmapuri,Dharmapuri(Uzhavar Sandhai ) APMC,Brinjal,Round,Local,1800,2000,1900,09/04/2026
Tamil Nadu,Dharmapuri,Palacode(Uzhavar Sandhai ) APMC,Brinjal,Other,Local,2000,2400,2200,09/04/2026
Tamil Nadu,Erode,Thalavadi(Uzhavar Sandhai ) APMC,Brinjal,Round,Local,2500,3000,2750,09/04/2026
Tamil Nadu,Krishnagiri,Denkanikottai(Uzhavar Sandhai ) APMC,Brinjal,Round,Local,2000,2500,2250,09/04/2026
Tamil Nadu,Madurai,Chokkikulam(Uzhavar Sandhai ) APMC,Brinjal,Round,Local,2800,3000,2900,09/04/2026
Tamil Nadu,Madurai,Palanganatham(Uzhavar Sandhai ) APMC,Brinjal,Other,Local,3000,3200,3100,09/04/2026
Tamil Nadu,Pudukkottai,Aranthangi(Uzhavar Sandhai ) APMC,Brinjal,Round,Local,3000,3500,3250,09/04/2026
Tamil Nadu,Vellore,Vellore APMC,Brinjal,Round,Local,3500,3800,3650,09/04/2026
Tamil Nadu,Salem,Ammapet(Uzhavar Sandhai ) APMC,Brinjal,Other,Local,2500,2800,2650,09/04/2026
Tamil Nadu,Vellore,Thirupathur APMC,Brinjal,Round,Local,2400,2400,2400,09/04/2026
Tamil Nadu,The Nilgiris,Gudalur(Uzhavar Sandhai ) APMC,Brinjal,Round,Local,3000,3500,3250,09/04/2026
Tamil Nadu,Virudhunagar,Srivilliputhur(Uzhavar Sandhai ) APMC,Brinjal,Round,Local,2500,3000,2750,09/04/2026
Tamil Nadu,Erode,Gobichettipalayam(Uzhavar Sandhai ) APMC,Brinjal,Round,Local,5000,5600,5300,09/04/2026
Tamil Nadu,Thiruvarur,Valangaiman APMC,Brinjal,Round,Local,3000,3000,3000,09/04/2026
Tamil Nadu,Pudukkottai,Gandarvakottai(Uzhavar Sandhai ) APMC,Brinjal,Other,Local,2000,3000,2500,09/04/2026
Tamil Nadu,Namakkal,Paramathivelur(Uzhavar Sandhai ) APMC,Brinjal,Other,Local,4200,4800,4500,09/04/2026
Tamil Nadu,Vellore,Katpadi (Uzhavar Sandhai ) APMC,Brinjal,Round,Local,4000,4000,4000,09/04/2026
Tamil Nadu,Dharmapuri,Karimangalam(Uzhavar Sandhai),Brinjal,Other,Local,2300,2500,2400,09/04/2026
Tamil Nadu,Salem,Mecheri(Uzhavar Sandhai),Brinjal,Other,Local,2500,3000,2750,09/04/2026
Tamil Nadu,Villupuram,Gingee(Uzhavar Sandhai ) APMC,Brinjal,Round,Local,3000,4000,3500,09/04/2026
Tamil Nadu,Chengalpattu,Medavakkam(Uzhavar Sandhai ) APMC,Brinjal,Round,Local,3000,4000,3500,09/04/2026
Tamil Nadu,Chengalpattu,Madhuranthagam(Uzhavar Sandhai ) APMC,Brinjal,Round,Local,3000,3000,3000,09/04/2026
Tamil Nadu,Thirupathur,Vaniyampadi(Uzhavar Sandhai ) APMC,Brinjal,Round,Local,3000,3000,3000,09/04/2026
Tamil Nadu,Kallakuruchi,Kallakurichi(Uzhavar Sandhai ) APMC,Brinjal,Other,Local,2500,2500,2500,09/04/2026
Tamil Nadu,Nagercoil (Kannyiakumari),Vadaseri APMC,Brinjal,Round,Local,4500,5000,4750,09/04/2026
Tamil Nadu,Pudukkottai,Karambakkudi(Uzhavar Sandhai ) APMC,Brinjal,Round,Local,2500,3000,2750,09/04/2026
Tamil Nadu,Cuddalore,Cuddalore(Uzhavar Sandhai ) APMC,Brinjal,Round,Local,4000,4500,4250,09/04/2026
Tamil Nadu,Cuddalore,Vadalur(Uzhavar Sandhai ) APMC,Brinjal,Other,Local,3000,3000,3000,09/04/2026
Tamil Nadu,Dharmapuri,AJattihalli(Uzhavar Sandhai ) APMC,Brinjal,Other,Local,1600,2000,1800,09/04/2026
Tamil Nadu,Dindigul,Chinnalapatti(Uzhavar Sandhai ) APMC,Brinjal,Other,Local,2500,3000,2750,09/04/2026
Tamil Nadu,Erode,Perundurai(Uzhavar Sandhai ) APMC,Brinjal,Round,Local,2800,3000,2900,09/04/2026
Tamil Nadu,Karur,Kulithalai(Uzhavar Sandhai ) APMC,Brinjal,Other,Local,2400,2800,2600,09/04/2026
Tamil Nadu,Karur,Velayuthampalayam(Uzhavar Sandhai ) APMC,Brinjal,Other,Local,2400,3000,2700,09/04/2026
Tamil Nadu,Madurai,Anaiyur(Uzhavar Sandhai ) APMC,Brinjal,Round,Local,3000,4500,3750,09/04/2026
Tamil Nadu,Namakkal,Namakkal(Uzhavar Sandhai ) APMC,Brinjal,Other,Local,2500,2800,2650,09/04/2026
Tamil Nadu,The Nilgiris,Udhagamandalam(Uzhavar Sandhai ) APMC,Brinjal,Other,Local,3000,3500,3250,09/04/2026
Tamil Nadu,Perambalur,Perambalur(Uzhavar Sandhai ) APMC,Brinjal,Other,Local,2600,2800,2700,09/04/2026
Tamil Nadu,Pudukkottai,Pudukottai(Uzhavar Sandhai ) APMC,Brinjal,Round,Local,3000,3500,3250,09/04/2026
Tamil Nadu,Pudukkottai,Alangudi(Uzhavar Sandhai ) APMC,Brinjal,Other,Local,3000,3500,3250,09/04/2026
Tamil Nadu,Salem,Elampillai(Uzhavar Sandhai ) APMC,Brinjal,Other,Local,1800,2000,1900,09/04/2026
Tamil Nadu,Sivaganga,Devakottai (Uzhavar Sandhai ) APMC,Brinjal,Round,Local,3000,3500,3250,09/04/2026
Tamil Nadu,Thirunelveli,NGO Colony(Uzhavar Sandhai ) APMC,Brinjal,Other,Local,1800,2000,1900,09/04/2026
Tamil Nadu,Thiruvellore,Ambattur(Uzhavar Sandhai ) APMC,Brinjal,Round,Local,4000,4000,4000,09/04/2026
Tamil Nadu,Thiruvellore,Naravarikuppam(Uzhavar Sandhai ) APMC,Brinjal,Round,Local,4000,4000,4000,09/04/2026
Tamil Nadu,Thiruvarur,Tiruthuraipoondi(Uzhavar Sandhai ) APMC,Brinjal,Round,Local,4000,4000,4000,09/04/2026
Tamil Nadu,Thiruvarur,Mannargudi I(Uzhavar Sandhai ) APMC,Brinjal,Round,Local,3000,3200,3100,09/04/2026
Tamil Nadu,Thiruvannamalai,Keelpennathur(Uzhavar Sandhai ) APMC,Brinjal,Round,Local,3500,4000,3750,09/04/2026
Tamil Nadu,Thiruvannamalai,Tamarainagar(Uzhavar Sandhai ) APMC,Brinjal,Other,Local,1200,1500,1350,09/04/2026
Tamil Nadu,Coimbatore,Singanallur(Uzhavar Sandhai ) APMC,Brinjal,Round,Local,3400,4400,3900,09/04/2026
Tamil Nadu,Coimbatore,Mettupalayam(Uzhavar Sandhai ) APMC,Brinjal,Round,Local,3000,3400,3200,09/04/2026
Tamil Nadu,Salem,Athur(Uzhavar Sandhai ) APMC,Brinjal,Other,Local,2200,2500,2350,09/04/2026
Tamil Nadu,Theni,Periyakulam(Uzhavar Sandhai ) APMC,Brinjal,Other,Local,2600,2800,2700,09/04/2026
Tamil Nadu,Theni,Andipatti(Uzhavar Sandhai ) APMC,Brinjal,Round,Local,2500,2800,2650,09/04/2026
Tamil Nadu,Thanjavur,Kumbakonam (Uzhavar Sandhai ) APMC,Brinjal,Round,Local,2400,3600,3000,09/04/2026
Tamil Nadu,Vellore,Pallikonda(Uzhavar Sandhai),Brinjal,Other,Local,3000,3500,3250,09/04/2026
Tamil Nadu,Vellore,Perampet(Uzhavar Sandhai),Brinjal,Other,Local,3600,3600,3600,09/04/2026
Tamil Nadu,Salem,Vazhapadi(Uzhavar Sandhai),Brinjal,Other,Local,2400,2400,2400,09/04/2026
Tamil Nadu,Coimbatore,Vadavalli(Uzhavar Sandhai ) APMC,Brinjal,Round,Local,3500,4500,4000,09/04/2026
Tamil Nadu,Vellore,Kahithapattarai(Uzhavar Sandhai ) APMC,Brinjal,Other,Local,3500,3500,3500,09/04/2026
Tamil Nadu,Villupuram,Villupuram(Uzhavar Sandhai ) APMC,Brinjal,Round,Local,4000,4000,4000,09/04/2026
Tamil Nadu,Virudhunagar,Virudhunagar(Uzhavar Sandhai ) APMC,Brinjal,Round,Local,2500,3000,2750,09/04/2026
Tamil Nadu,Chengalpattu,Nanganallur(Uzhavar Sandhai ) APMC,Brinjal,Round,Local,3500,4000,3750,09/04/2026
Tamil Nadu,Chengalpattu,Guduvancheri(Uzhavar Sandhai ) APMC,Brinjal,Round,Local,3500,4000,3750,09/04/2026
Tamil Nadu,Thirupur,Tiruppur (North) (Uzhavar Sandhai ) APMC,Brinjal,Other,Local,2500,3000,2750,09/04/2026
Tamil Nadu,Thirupur,Kangayam(Uzhavar Sandhai ) APMC,Brinjal,Round,Local,4700,5000,4850,09/04/2026
Tamil Nadu,Tenkasi,Tenkasi(Uzhavar Sandhai ) APMC,Brinjal,Other,Local,3500,4000,3750,09/04/2026
Tamil Nadu,Tenkasi,Sankarankoil(Uzhavar Sandhai ) APMC,Brinjal,Other,Local,4000,4000,4000,09/04/2026
Tamil Nadu,Cuddalore,Panruti(Uzhavar Sandhai ) APMC,Brinjal,Round,Local,3000,3000,3000,09/04/2026
Tamil Nadu,Kancheepuram,Kundrathur(Uzhavar Sandhai ) APMC,Brinjal,Other,Local,2500,3000,2750,09/04/2026
Tamil Nadu,Krishnagiri,Krishnagiri(Uzhavar Sandhai ) APMC,Brinjal,Round,Local,1600,2000,1800,09/04/2026
Tamil Nadu,Krishnagiri,Avallapalli(Uzhavar Sandhai ) APMC,Brinjal,Round,Local,2000,2500,2250,09/04/2026
Tamil Nadu,Madurai,Thirumangalam(Uzhavar Sandhai ) APMC,Brinjal,Round,Local,4000,4500,4250,09/04/2026
Tamil Nadu,Namakkal,Kumarapalayam(Uzhavar Sandhai ) APMC,Brinjal,Round,Local,5500,6000,5750,09/04/2026
Tamil Nadu,Namakkal,Mohanur(Uzhavar Sandhai ) APMC,Brinjal,Other,Local,5500,6000,5750,09/04/2026
Tamil Nadu,Pudukkottai,Viralimalai(Uzhavar Sandhai ) APMC,Brinjal,Round,Local,3000,3500,3250,09/04/2026
Tamil Nadu,Salem,Hasthampatti(Uzhavar Sandhai ) APMC,Brinjal,Other,Local,2400,2500,2450,09/04/2026
Tamil Nadu,Salem,Jalagandapuram(Uzhavar Sandhai ) APMC,Brinjal,Round,Local,2500,3000,2750,09/04/2026
Tamil Nadu,Sivaganga,Tirupatthur(Uzhavar Sandhai ) APMC,Brinjal,Other,Local,3200,3500,3350,09/04/2026
Tamil Nadu,Thiruvellore,Tiruvallur(Uzhavar Sandhai ) APMC,Brinjal,Round,Local,4000,4000,4000,09/04/2026
Tamil Nadu,Thiruvellore,Paruthipattu(Uzhavar Sandhai ) APMC,Brinjal,Round,Local,4000,4000,4000,09/04/2026
Tamil Nadu,Thiruvarur,Mannargudi II(Uzhavar Sandhai ) APMC,Brinjal,Round,Local,3000,3200,3100,09/04/2026
Tamil Nadu,Tuticorin,Kovilpatti(Uzhavar Sandhai ) APMC,Brinjal,Other,Local,2000,2500,2250,09/04/2026
Tamil Nadu,Thiruvannamalai,Arani(Uzhavar Sandhai ) APMC,Brinjal,Round,Local,3600,4000,3800,09/04/2026
Tamil Nadu,Thiruvannamalai,Chengam(Uzhavar Sandhai ) APMC,Brinjal,Round,Local,2500,3000,2750,09/04/2026
Tamil Nadu,Thiruchirappalli,Thiruverumbur(Uzhavar Sandhai ) APMC,Brinjal,Other,Local,4000,4000,4000,09/04/2026
Madhya Pradesh,Badwani,Badwani(F&V) APMC,Brinjal,Brinjal,Local,1000,1000,1000,09/04/2026
Madhya Pradesh,Indore,Sanwer(F&V) APMC,Brinjal,Brinjal,Grade A,500,800,600,09/04/2026
Madhya Pradesh,Badwani,Sendhwa(F&V) APMC,Brinjal,Round,Small,1400,2100,1700,09/04/2026
Madhya Pradesh,Shivpuri,Shivpuri(F&V) APMC,Brinjal,Other,Grade B,1500,1500,1500,09/04/2026
Madhya Pradesh,Dhar,Kukshi(F&V) APMC,Brinjal,Brinjal,Grade A,600,2000,1300,09/04/2026
Madhya Pradesh,Dewas,Dewas(F&V) APMC,Brinjal,Other,FAQ,500,900,850,09/04/2026
Madhya Pradesh,Khandwa,Khandwa(F&V) APMC,Brinjal,Brinjal,FAQ,750,1600,950,09/04/2026
Madhya Pradesh,Burhanpur,Burhanpur(F&V) APMC,Brinjal,Brinjal,Local,1000,1500,1400,09/04/2026
Madhya Pradesh,Sagar,Sagar(F&V) APMC,Brinjal,Brinjal,Local,800,1200,1000,09/04/2026
Madhya Pradesh,Shivpuri,Karera(F&V) APMC,Brinjal,Brinjal,Local,900,1500,1000,09/04/2026
Madhya Pradesh,Hoshangabad,Pipariya(F&V) APMC,Brinjal,Brinjal,Local,400,1350,900,09/04/2026
Madhya Pradesh,Harda,Sirali(F&V) APMC,Brinjal,Brinjal,Grade A,1000,1000,1000,09/04/2026
Maharashtra,Chattrapati Sambhajinagar,Chattrapati Sambhajinagar APMC,Brinjal,Other,Local,600,800,700,09/04/2026
Maharashtra,Chandrapur,Chandrapur(Ganjwad) APMC,Brinjal,Other,Local,800,1200,1000,09/04/2026
Maharashtra,Sholapur,Solapur APMC,Brinjal,Other,Local,500,2000,1200,09/04/2026
Maharashtra,Ahmednagar,Ahmednagar APMC,Brinjal,Other,Local,500,1500,1000,09/04/2026
Maharashtra,Ahmednagar,Rahata APMC,Brinjal,Other,Local,500,1400,950,09/04/2026
Maharashtra,Satara,Karad APMC,Brinjal,Other,Local,1000,1500,1500,09/04/2026
Maharashtra,Satara,Vaduj APMC,Brinjal,Other,Local,4000,5500,5000,09/04/2026
Maharashtra,Sholapur,Mangal Wedha APMC,Brinjal,Other,Local,200,2300,1500,09/04/2026
Maharashtra,Jalgaon,Jalgaon APMC,Brinjal,Other,Local,300,700,500,09/04/2026
Maharashtra,Nagpur,Nagpur APMC,Brinjal,Other,Local,500,1000,825,09/04/2026
Maharashtra,Nagpur,Ramtek APMC,Brinjal,Other,Local,800,1000,900,09/04/2026
Maharashtra,Pune,Junnar(Narayangaon) APMC,Brinjal,Other,Local,200,1600,850,09/04/2026
Maharashtra,Sangli,Islampur APMC,Brinjal,Other,Local,1000,2000,1450,09/04/2026
Maharashtra,Sholapur,Akluj APMC,Brinjal,Other,Local,1500,3000,2500,09/04/2026
Maharashtra,Ahmednagar,Shrirampur APMC,Brinjal,Other,Local,1000,1200,1100,09/04/2026
Maharashtra,Jalgaon,Bhusaval APMC,Brinjal,Other,Local,1500,2000,1800,09/04/2026
Maharashtra,Nagpur,Kalmeshwar APMC,Brinjal,Other,Local,860,1200,1040,09/04/2026
Maharashtra,Nagpur,Kamthi APMC,Brinjal,Other,Local,810,1010,910,09/04/2026
Maharashtra,Nashik,Nasik APMC,Brinjal,Other,Local,1200,3500,2200,09/04/2026
Maharashtra,Pune,Pune(Moshi) APMC,Brinjal,Other,Local,2000,3000,2500,09/04/2026
Maharashtra,Ratnagiri,Ratnagiri (Nachane) APMC,Brinjal,Other,Local,1500,2000,1800,09/04/2026
Maharashtra,Sangli,Vita APMC,Brinjal,Other,Local,1500,2000,1750,09/04/2026
Maharashtra,Kolhapur,Kolhapur APMC,Brinjal,Other,Local,1000,2000,1500,09/04/2026
Maharashtra,Pune,Khed(Chakan) APMC,Brinjal,Other,Local,1000,2000,1500,09/04/2026
Maharashtra,Pune,Pune APMC,Brinjal,Other,Local,1000,2500,1750,09/04/2026
Maharashtra,Pune,Pune(Manjri) APMC,Brinjal,Other,Local,1400,3500,2200,09/04/2026
Maharashtra,Satara,Phaltan APMC,Brinjal,Other,Local,500,1500,1145,09/04/2026
Maharashtra,Satara,Satara APMC,Brinjal,Other,Local,2000,3000,2500,09/04/2026
Maharashtra,Mumbai,Mumbai APMC,Brinjal,Other,Local,1200,2000,1600,09/04/2026
Maharashtra,Pune,Pune(Pimpri) APMC,Brinjal,Other,Local,1500,2200,1850,09/04/2026
Uttar Pradesh,Etah,Awagarh APMC,Brinjal,Brinjal,FAQ,1200,1400,1250,09/04/2026
Uttar Pradesh,Aligarh,Charra APMC,Brinjal,Brinjal,FAQ,1200,1300,1250,09/04/2026
Uttar Pradesh,Sonbhadra,Dudhi APMC,Brinjal,Brinjal,Local,900,1100,1000,09/04/2026
Uttar Pradesh,Amroha,Hasanpur APMC,Brinjal,Round/Long,FAQ,1450,1520,1500,09/04/2026
Uttar Pradesh,Kanpur Dehat,Pukharayan APMC,Brinjal,Brinjal,FAQ,1210,1245,1230,09/04/2026
Uttar Pradesh,Shamli,Khandhla APMC,Brinjal,Brinjal,FAQ,1200,1240,1220,09/04/2026
Uttar Pradesh,Bulandshahar,Sikarpur APMC,Brinjal,Round/Long,FAQ,1800,2000,1900,09/04/2026
Uttar Pradesh,Farukhabad,Kayamganj APMC,Brinjal,Brinjal,FAQ,1575,1575,1575,09/04/2026
Uttar Pradesh,Saharanpur,Chutmalpur APMC,Brinjal,Brinjal,Local,700,900,800,09/04/2026
Uttar Pradesh,Shahjahanpur,Jalalabad APMC,Brinjal,Brinjal,FAQ,700,800,750,09/04/2026
Uttar Pradesh,Sant Kabir Nagar,Khalilabad APMC,Brinjal,Brinjal,Medium,1500,1500,1500,09/04/2026
Uttar Pradesh,Lalitpur,Lalitpur APMC,Brinjal,Other,FAQ,1230,1300,1270,09/04/2026
Uttar Pradesh,Aligarh,Khair APMC,Brinjal,Round/Long,Grade B,1800,1800,1800,09/04/2026
Uttar Pradesh,Mathura,Kosikalan APMC,Brinjal,Brinjal,FAQ,1200,1300,1260,09/04/2026
Uttar Pradesh,Sambhal,Sambhal APMC,Brinjal,Brinjal,FAQ,750,900,800,09/04/2026
Uttar Pradesh,Etawah,Jasvantnagar APMC,Brinjal,Round/Long,Medium,1490,1590,1540,09/04/2026
Uttar Pradesh,Khiri (Lakhimpur),Maigalganj APMC,Brinjal,Round/Long,FAQ,1450,1495,1475,09/04/2026
Uttar Pradesh,Mau(Maunathbhanjan),Kopaganj APMC,Brinjal,Brinjal,FAQ,1400,1400,1400,09/04/2026
Uttar Pradesh,Badaun,Shahaswan APMC,Brinjal,Brinjal,Medium,1400,1400,1400,09/04/2026
Uttar Pradesh,Balrampur,Tulsipur APMC,Brinjal,Round/Long,FAQ,2110,2170,2140,09/04/2026
Uttar Pradesh,Shamli,Kairana APMC,Brinjal,Round/Long,FAQ,1000,1100,1050,09/04/2026
Uttar Pradesh,Saharanpur,Rampurmaniharan APMC,Brinjal,Brinjal,Grade C,900,900,900,09/04/2026
Uttar Pradesh,Bulandshahar,Gulavati APMC,Brinjal,Brinjal,FAQ,1400,1600,1500,09/04/2026
Uttar Pradesh,Pratapgarh,Pratapgarh APMC,Brinjal,Brinjal,FAQ,1620,1620,1620,09/04/2026
Rajasthan,Ganganagar,Sriganganagar (F&V) APMC,Brinjal,Brinjal,Local,2300,2700,2500,09/04/2026
Rajasthan,Jalore,Jalore APMC,Brinjal,Brinjal,Local,1200,1500,1300,09/04/2026
Rajasthan,Jaipur,Jaipur (F&V) APMC,Brinjal,Other,FAQ,1000,1500,1250,09/04/2026
Rajasthan,Ajmer,Ajmer(F&V) APMC,Brinjal,Other,Medium,600,1500,1100,09/04/2026
Karnataka,Kolar,Bangarpet APMC,Brinjal,Brinjal,Local,500,1300,1100,09/04/2026
Karnataka,Bangalore,Ramanagara APMC,Brinjal,Round,Local,2000,2800,2500,09/04/2026
Karnataka,Chamrajnagar,Chamaraj Nagar APMC,Brinjal,Other,Local,1000,1500,1250,09/04/2026
Karnataka,Bangalore,Doddaballa Pur APMC,Brinjal,Brinjal,Medium,1500,2100,1800,09/04/2026
Karnataka,Kolar,Gowribidanoor APMC,Brinjal,Round,Local,1000,2000,1500,09/04/2026
Karnataka,Chamrajnagar,Chamaraj Nagar APMC,Brinjal,Round/Long,Local,1000,1600,1300,09/04/2026
Karnataka,Davangere,Honnali APMC,Brinjal,Brinjal,Medium,600,700,650,09/04/2026
Karnataka,Bangalore,Ramanagara APMC,Brinjal,Brinjal,Local,2400,4000,3200,09/04/2026
Karnataka,Shimoga,Shimoga APMC,Brinjal,Brinjal,Local,1000,1600,1300,09/04/2026
Karnataka,Kalburgi,Kalburgi APMC,Brinjal,Brinjal,Local,1100,2700,1900,09/04/2026
Karnataka,Kolar,Chintamani APMC,Brinjal,Brinjal,Local,1000,2000,1500,09/04/2026
Karnataka,Bangalore,"Binny Mill (F&V), Bangalore APMC",Brinjal,Brinjal,Local,2000,2400,2200,09/04/2026
Gujarat,Gir Somnath,Talalagir APMC,Brinjal,Brinjal,FAQ,3800,4000,3900,09/04/2026
Gujarat,Rajkot,Gondal(Veg.market Gondal) APMC,Brinjal,Brinjal,Local,500,2000,1250,09/04/2026
Gujarat,Surat,Surat APMC,Brinjal,Brinjal,FAQ,900,2000,1450,09/04/2026
Gujarat,Ahmedabad,Ahmedabad APMC,Brinjal,Other,FAQ,500,2000,1350,09/04/2026
Gujarat,Navsari,Navsari APMC,Brinjal,Brinjal,Local,500,1000,750,09/04/2026
Gujarat,Amreli,Damnagar APMC,Brinjal,Other,Local,3500,3500,3500,09/04/2026
Gujarat,Mehsana,Mehsana(Mehsana Veg) APMC,Brinjal,Brinjal,Local,600,1200,1000,09/04/2026
Gujarat,Morbi,Morbi APMC,Brinjal,Brinjal,FAQ,500,1100,800,09/04/2026
Gujarat,Porbandar,Porbandar APMC,Brinjal,Arkasheela Mattigulla,Local,1500,2500,2000,09/04/2026
Gujarat,Navsari,Bilimora APMC,Brinjal,Other,FAQ,400,750,600,09/04/2026
Gujarat,Rajkot,Rajkot(Veg.Sub Yard) APMC,Brinjal,Brinjal,FAQ,820,1795,1305,09/04/2026
Gujarat,Gandhinagar,Mansa(Manas Veg Yard) APMC,Brinjal,Round,Local,2000,2000,2000,09/04/2026
Gujarat,Banaskanth,Deesa(Deesa Veg Yard) APMC,Brinjal,Other,FAQ,800,1300,1050,09/04/2026
Gujarat,Kheda,Kapadvanj APMC,Brinjal,Brinjal,Medium,700,800,750,09/04/2026
Gujarat,Dahod,Dahod(Veg. Market) APMC,Brinjal,Brinjal,Local,300,1500,1100,09/04/2026
Gujarat,Gandhinagar,Mansa(Manas Veg Yard) APMC,Brinjal,Round/Long,Local,800,1000,1000,09/04/2026
Haryana,Kurukshetra,Ladwa APMC,Brinjal,Round/Long,Medium,2500,3000,3000,09/04/2026
Haryana,Panipat,Samalkha APMC,Brinjal,Brinjal,FAQ,150,1500,1500,09/04/2026
Haryana,Jhajar,Jhajjar APMC,Brinjal,Other,Medium,1500,1500,1500,09/04/2026
Haryana,Ambala,Ambala Cantt. APMC,Brinjal,Brinjal,Grade B,1000,1500,1200,09/04/2026
Haryana,Mewat,Tauru APMC,Brinjal,Other,Local,2000,2000,2000,09/04/2026
Haryana,Sirsa,Sirsa APMC,Brinjal,Other,FAQ,1800,2500,2300,09/04/2026
Haryana,Kurukshetra,Thanesar APMC,Brinjal,Brinjal,Local,2000,3000,2500,09/04/2026
Haryana,Mahendragarh-Narnaul,Narnaul APMC,Brinjal,Brinjal,Medium,1500,2000,2000,09/04/2026
Haryana,Panchkula,Raipur Rai APMC,Brinjal,Other,Local,1500,1600,1500,09/04/2026
Haryana,Faridabad,Faridabad APMC,Brinjal,Brinjal,Local,2000,2000,2000,09/04/2026
Haryana,Sonipat,Gohana APMC,Brinjal,Other,Medium,1500,3000,2000,09/04/2026
Haryana,Hissar,Hansi APMC,Brinjal,Other,Grade Range-1,1000,1200,1100,09/04/2026
Haryana,Yamuna Nagar,Radaur APMC,Brinjal,Other,Local,1500,1700,1600,09/04/2026
Haryana,Sonipat,Ganaur APMC,Brinjal,Brinjal,Medium,1500,1800,1600,09/04/2026
Haryana,Kaithal,Cheeka APMC,Brinjal,Other,FAQ,800,1200,1000,09/04/2026
Haryana,Faridabad,Ballabhgarh APMC,Brinjal,Other,FAQ,1000,1500,1200,09/04/2026
Haryana,Ambala,Naraingarh APMC,Brinjal,Brinjal,Medium,1100,1500,1250,09/04/2026
Haryana,Mahendragarh-Narnaul,Mohindergarh APMC,Brinjal,Brinjal,FAQ,800,1500,1000,09/04/2026
Haryana,Sonipat,Sonepat APMC,Brinjal,Other,FAQ,1000,2500,2500,09/04/2026
Haryana,Yamuna Nagar,Jagadhri APMC,Brinjal,Brinjal,Medium,1400,1800,1800,09/04/2026
Haryana,Hissar,Barwala(Hisar) APMC,Brinjal,Brinjal,Local,1200,1500,1400,09/04/2026
Haryana,Rewari,Kosli APMC,Brinjal,Other,FAQ,1000,1000,1000,09/04/2026
Haryana,Rohtak,Sampla APMC,Brinjal,Other,Local,2000,2000,2000,09/04/2026
Haryana,Jhajar,Bahadurgarh APMC,Brinjal,Other,Medium,2500,3000,2800,09/04/2026
Haryana,Panchkula,Barwala APMC,Brinjal,Brinjal,FAQ,2000,2000,2000,09/04/2026
Haryana,Mewat,FerozpurZirkha(Nagina) APMC,Brinjal,Other,Local,1200,1600,1400,09/04/2026
Haryana,Rohtak,Meham APMC,Brinjal,Brinjal,Medium,1500,1500,1500,09/04/2026
Haryana,Kaithal,Siwan APMC,Brinjal,Other,FAQ,1400,1600,1500,09/04/2026
Punjab,Muktsar,Giddarbaha APMC,Brinjal,Brinjal,Local,2500,2500,2500,09/04/2026
Punjab,Hoshiarpur,Tanda Urmur APMC,Brinjal,Brinjal,Grade A,2500,3000,2800,09/04/2026
Punjab,Sangrur,Bhawanigarh APMC,Brinjal,Other,Medium,2500,2700,2600,09/04/2026
Punjab,Tarntaran,Naushera Pannuan APMC,Brinjal,Other,Grade B,2000,2000,2000,09/04/2026
Punjab,Nawanshahr,Nawan Shahar(Subzi Mandi) APMC,Brinjal,Brinjal,FAQ,2500,2600,2530,09/04/2026
Punjab,Jalandhar,Mehatpur APMC,Brinjal,Brinjal,Local,2500,3000,2500,09/04/2026
Punjab,Patiala,Nabha APMC,Brinjal,Other,Grade C,1200,2000,1600,09/04/2026
Punjab,Patiala,Patran APMC,Brinjal,Other,Grade A,1580,1580,1580,09/04/2026
Punjab,Fatehgarh,Bassi Pathana APMC,Brinjal,Brinjal,Medium,2200,2500,2300,09/04/2026
Punjab,Amritsar,Rayya APMC,Brinjal,Round,FAQ,1630,1630,1630,09/04/2026
Punjab,Jalandhar,Adampur APMC,Brinjal,Brinjal,FAQ,2000,2500,2500,09/04/2026
Punjab,Mohali,Banur APMC,Brinjal,Other,Local,900,900,900,09/04/2026
Punjab,Ludhiana,Khanna APMC,Brinjal,Round,Grade A,1000,1000,1000,09/04/2026
Punjab,Gurdaspur,Quadian APMC,Brinjal,Other,FAQ,2000,2200,2100,09/04/2026
Punjab,Gurdaspur,Gurdaspur APMC,Brinjal,Other,Grade A,1400,1400,1400,09/04/2026
Punjab,Ludhiana,Ludhiana APMC,Brinjal,Other,FAQ,700,1700,1000,09/04/2026
Punjab,Moga,Baghapurana APMC,Brinjal,Brinjal,Grade B,1600,2000,1800,09/04/2026
Punjab,Patiala,Patiala APMC,Brinjal,Brinjal,Grade A,1500,2000,1800,09/04/2026
Punjab,Jalandhar,Jalandhar City(Jalandhar) APMC,Brinjal,Other,FAQ,800,1000,900,09/04/2026
Punjab,Hoshiarpur,Mukerian APMC,Brinjal,Brinjal,Grade B,1500,2100,1800,09/04/2026
Punjab,Bhatinda,Bhagta Bhai Ka APMC,Brinjal,Other,Medium,2300,2300,2300,09/04/2026
Punjab,Jalandhar,Phillaur(Apra Mandi) APMC,Brinjal,Other,FAQ,2500,2500,2500,09/04/2026
Punjab,Ropar (Rupnagar),Morinda APMC,Brinjal,Brinjal,Medium,2500,2500,2500,09/04/2026
Punjab,Tarntaran,Tarantaran APMC,Brinjal,Other,Local,1700,1700,1700,09/04/2026
Punjab,Fazilka,Fazilka APMC,Brinjal,Brinjal,FAQ,2000,2000,2000,09/04/2026
Punjab,Ropar (Rupnagar),Ropar APMC,Brinjal,Round/Long,FAQ,2000,2400,2200,09/04/2026
Punjab,Jalandhar,Nakodar APMC,Brinjal,Round,Local,1500,1500,1500,09/04/2026
Punjab,Mansa,Mansa APMC,Brinjal,Brinjal,FAQ,2590,2590,2590,09/04/2026
Punjab,Sangrur,Ahmedgarh APMC,Brinjal,Brinjal,Local,2000,2200,2200,09/04/2026
Punjab,Bhatinda,Talwandi Sabo APMC,Brinjal,Other,Grade A,1200,1500,1400,09/04/2026
Punjab,Gurdaspur,Dera Baba Nanak APMC,Brinjal,Other,Grade B,968,968,968,09/04/2026
Punjab,Fazilka,Jalalabad APMC,Brinjal,Other,Medium,1400,1550,1500,09/04/2026
Andhra Pradesh,Chittor,Palamaner APMC,Brinjal,Brinjal,FAQ,1400,1800,1600,09/04/2026
West Bengal,Bankura,Bankura Sadar APMC,Brinjal,Brinjal,FAQ,2500,2800,2750,09/04/2026
West Bengal,Howrah,Ramkrishanpur(Howrah) APMC,Brinjal,Brinjal,FAQ,4000,4800,4500,09/04/2026
West Bengal,Dakshin Dinajpur,Gangarampur(Dakshin Dinajpur) APMC,Brinjal,Other,FAQ,3000,3500,3300,09/04/2026
West Bengal,Kolkata,Sealdah Koley Market APMC,Brinjal,Other,FAQ,4500,5000,5000,09/04/2026
West Bengal,Murshidabad,Lalbagh APMC,Brinjal,Brinjal,FAQ,4925,5060,5000,09/04/2026
West Bengal,Nadia,Ranaghat APMC,Brinjal,Other,FAQ,4400,4600,4500,09/04/2026
West Bengal,Bankura,Indus(Bankura Sadar) APMC,Brinjal,Brinjal,FAQ,2500,2800,2700,09/04/2026
West Bengal,North 24 Parganas,Barasat APMC,Brinjal,Other,FAQ,5000,5000,5000,09/04/2026
West Bengal,Medinipur(W),Garbeta(Medinipur) APMC,Brinjal,Brinjal,FAQ,2600,3000,2800,09/04/2026
West Bengal,Paschim Bardhaman,Asansol APMC,Brinjal,Other,FAQ,2250,2550,2350,09/04/2026
West Bengal,Medinipur(W),Ghatal APMC,Brinjal,Brinjal,Local,3300,3500,3400,09/04/2026
West Bengal,Birbhum,Sainthia APMC,Brinjal,Brinjal,FAQ,2500,2700,2600,09/04/2026
West Bengal,Hooghly,Pandua APMC,Brinjal,Round/Long,FAQ,3800,4250,4000,09/04/2026
West Bengal,Medinipur(E),Tamluk (Medinipur E) APMC,Brinjal,Brinjal,FAQ,2800,3200,3000,09/04/2026
West Bengal,Uttar Dinajpur,Islampur APMC,Brinjal,Brinjal,FAQ,2500,2800,2600,09/04/2026
West Bengal,Medinipur(W),Medinipur(West) APMC,Brinjal,Brinjal,FAQ,2500,2700,2600,09/04/2026
West Bengal,Nadia,Karimpur APMC,Brinjal,Other,Grade A,3600,3800,3700,09/04/2026
West Bengal,Bankura,Bishnupur(Bankura) APMC,Brinjal,Brinjal,Local,2600,3500,3000,09/04/2026
West Bengal,Jhargram,Jhargram APMC,Brinjal,Other,FAQ,3000,3400,3200,09/04/2026
West Bengal,North 24 Parganas,Habra APMC,Brinjal,Brinjal,FAQ,4500,4800,4500,09/04/2026
West Bengal,Bankura,Khatra APMC,Brinjal,Round/Long,Medium,2600,3400,3000,09/04/2026
West Bengal,Birbhum,Bolpur APMC,Brinjal,Brinjal,FAQ,2600,2800,2700,09/04/2026
West Bengal,Birbhum,Birbhum APMC,Brinjal,Brinjal,FAQ,2500,2700,2600,09/04/2026
West Bengal,Murshidabad,Jangipur APMC,Brinjal,Other,FAQ,2200,2400,2300,09/04/2026
West Bengal,Nadia,Kalyani APMC,Brinjal,Round,Local,4800,5000,4900,09/04/2026
West Bengal,Puruliya,Balarampur APMC,Brinjal,Other,Local,1500,2000,1800,09/04/2026
West Bengal,Hooghly,Kalipur APMC,Brinjal,Brinjal,FAQ,3800,4200,4000,09/04/2026
West Bengal,Sounth 24 Parganas,Diamond Harbour(South 24-pgs) APMC,Brinjal,Brinjal,FAQ,3800,4000,3900,09/04/2026
West Bengal,Nadia,Nadia APMC,Brinjal,Other,FAQ,3805,4001,3905,09/04/2026
West Bengal,Paschim Bardhaman,Durgapur APMC,Brinjal,Other,FAQ,2250,2550,2450,09/04/2026
West Bengal,Uttar Dinajpur,Raiganj APMC,Brinjal,Round/Long,FAQ,2600,3000,2800,09/04/2026
West Bengal,Nadia,Chakdah APMC,Brinjal,Brinjal,FAQ,3800,4200,4000,09/04/2026
West Bengal,Dakshin Dinajpur,Balurghat APMC,Brinjal,Round/Long,FAQ,2800,3500,3000,09/04/2026
West Bengal,Howrah,Uluberia APMC,Brinjal,Other,FAQ,3800,4500,4200,09/04/2026
West Bengal,Jalpaiguri,Jalpaiguri Sadar APMC,Brinjal,Brinjal,FAQ,3000,3200,3100,09/04/2026
Odisha,Kalahandi,Kesinga APMC,Brinjal,Other,Grade B,1200,1600,1400,09/04/2026
Odisha,Nuapada,Khariar Road APMC,Brinjal,Brinjal,FAQ,3500,3500,3500,09/04/2026
Odisha,Balasore,Nilagiri APMC,Brinjal,Other,Local,1300,1400,1350,09/04/2026
Odisha,Rayagada,Rayagada APMC,Brinjal,Brinjal,Local,1900,2000,2000,09/04/2026
Odisha,Bargarh,Attabira APMC,Brinjal,Other,Local,2000,2400,2200,09/04/2026
Odisha,Mayurbhanja,Karanjia APMC,Brinjal,Brinjal,Local,2100,2300,2200,09/04/2026
Odisha,Dhenkanal,Hindol APMC,Brinjal,Brinjal,Grade B,5000,5500,5200,09/04/2026
Odisha,Bargarh,Bargarh(Barapalli) APMC,Brinjal,Brinjal,Medium,1400,1900,1600,09/04/2026
Odisha,Mayurbhanja,Betnoti APMC,Brinjal,Brinjal,FAQ,1500,1900,1700,09/04/2026
Odisha,Jagatsinghpur,Jagatsinghpur APMC,Brinjal,Other,Local,2500,2900,2700,09/04/2026
Odisha,Kalahandi,Bhawanipatna APMC,Brinjal,Other,FAQ,1700,2500,2500,09/04/2026
Odisha,Sambalpur,Rairakhol APMC,Brinjal,Brinjal,Local,1200,2000,1500,09/04/2026
Odisha,Dhenkanal,Dhenkanal APMC,Brinjal,Brinjal,Grade B,3000,3000,3000,09/04/2026
Odisha,Dhenkanal,Kamakhyanagar APMC,Brinjal,Brinjal,Grade A,6000,6000,6000,09/04/2026
Odisha,Keonjhar,Keonjhar APMC,Brinjal,Other,Local,1200,1500,1500,09/04/2026
Odisha,Keonjhar,Champua APMC,Brinjal,Other,Local,1000,1000,1000,09/04/2026
Odisha,Khurda,Balugaon APMC,Brinjal,Round,Grade A,3600,3600,3600,09/04/2026
Odisha,Bargarh,Bargarh APMC,Brinjal,Brinjal,Medium,1400,1800,1600,09/04/2026
Odisha,Nayagarh,Bahadajholla APMC,Brinjal,Other,Grade B,2500,2500,2500,09/04/2026
Odisha,Sundergarh,Sargipali APMC,Brinjal,Brinjal,FAQ,900,1100,1000,09/04/2026
Odisha,Jagatsinghpur,Rahama APMC,Brinjal,Other,Local,2000,4000,3000,09/04/2026
Odisha,Cuttack,Banki APMC,Brinjal,Other,Medium,3000,4000,3500,09/04/2026
Odisha,Mayurbhanja,Narasinghpur APMC,Brinjal,Brinjal,Local,3000,4000,3500,09/04/2026
Odisha,Bolangir,Kantabaji APMC,Brinjal,Other,Grade B,900,900,900,09/04/2026
Odisha,Sundergarh,Panposh APMC,Brinjal,Brinjal,FAQ,1500,2500,2200,09/04/2026
Odisha,Ganjam,Bhanjanagar APMC,Brinjal,Brinjal,FAQ,1800,2000,1900,09/04/2026
Odisha,Boudh,Boudh APMC,Brinjal,Other,Local,3000,4000,3500,09/04/2026
Telangana,Mahbubnagar,Mahabubnagar(Rythu Bazar) APMC,Brinjal,Arkasheela Mattigulla,Local,2000,2000,2000,09/04/2026
Telangana,Hyderabad,Bowenpally APMC,Brinjal,Brinjal,FAQ,600,2000,1500,09/04/2026
Telangana,Hyderabad,Bowenpally APMC,Brinjal,Round,FAQ,500,1000,800,09/04/2026
Telangana,Mahbubnagar,Shadnagar APMC,Brinjal,Brinjal,Local,600,1200,800,09/04/2026
Telangana,Warangal,Warangal APMC,Brinjal,Brinjal,FAQ,1200,1600,1400,09/04/2026
Telangana,Hyderabad,Gudimalkapur APMC,Brinjal,Brinjal,Grade B,300,900,500,09/04/2026
Telangana,Hyderabad,Hyderabad (F&V) APMC,Brinjal,Brinjal,Medium,1000,1000,1000,09/04/2026
Telangana,Hyderabad,Gaddiannaram APMC,Brinjal,Brinjal,Medium,1000,1500,1200,09/04/2026
Telangana,Ranga Reddy,"Kukatpally,RBZ APMC",Brinjal,Brinjal,Medium,400,1300,850,09/04/2026
Telangana,Hyderabad,Bowenpally APMC,Brinjal,Round/Long,FAQ,500,1000,800,09/04/2026
Telangana,Medak,Vantamamidi APMC,Brinjal,Brinjal,Local,600,1000,800,09/04/2026
Kerala,Kollam,Chathanoor APMC,Brinjal,Other,FAQ,3800,4200,4000,09/04/2026
Kerala,Malappuram,Perinthalmanna APMC,Brinjal,Brinjal,Large,2200,2200,2200,09/04/2026
Kerala,Thirssur,Irinjalakkuda APMC,Brinjal,Brinjal,FAQ,3200,3200,3200,09/04/2026
Kerala,Kozhikode(Calicut),Kallachi APMC,Brinjal,Brinjal,FAQ,3300,3700,3500,09/04/2026
Kerala,Kollam,Sasthamkotta APMC,Brinjal,Other,Local,3500,3500,3500,09/04/2026
Kerala,Kollam,Anchal APMC,Brinjal,Brinjal,Local,3700,3700,3700,09/04/2026
Kerala,Palakad,Koduvayoor APMC,Brinjal,Brinjal,Medium,2200,2600,2400,09/04/2026
Kerala,Wayanad,Kalpetta APMC,Brinjal,Other,FAQ,2100,2200,2200,09/04/2026
Kerala,Kozhikode(Calicut),Mukkom APMC,Brinjal,Brinjal,FAQ,3600,4000,3800,09/04/2026
Kerala,Alappuzha,Aroor APMC,Brinjal,Other,FAQ,4500,4700,4600,09/04/2026
Kerala,Alappuzha,Harippad APMC,Brinjal,Brinjal,FAQ,4500,5000,4500,09/04/2026
Kerala,Kottayam,Pala APMC,Brinjal,Brinjal,FAQ,5500,6600,6000,09/04/2026
Kerala,Ernakulam,Thrippunithura APMC,Brinjal,Brinjal,Medium,5000,6000,5200,09/04/2026
Kerala,Kottayam,Athirampuzha APMC,Brinjal,Brinjal,FAQ,4500,4700,4600,09/04/2026
Kerala,Ernakulam,Perumbavoor APMC,Brinjal,Brinjal,Medium,3500,4500,4000,09/04/2026
Kerala,Malappuram,Parappanangadi APMC,Brinjal,Other,FAQ,2800,3000,2900,09/04/2026
Kerala,Kottayam,Pampady APMC,Brinjal,Brinjal,FAQ,3500,4500,4000,09/04/2026
Kerala,Alappuzha,Kayamkulam APMC,Brinjal,Other,FAQ,2500,2700,2600,09/04/2026
Kerala,Kottayam,Kuruppanthura APMC,Brinjal,Other,Local,3600,3800,3800,09/04/2026
Kerala,Ernakulam,Piravam APMC,Brinjal,Brinjal,Local,3000,4000,3500,09/04/2026
Kerala,Alappuzha,Chengannur APMC,Brinjal,Brinjal,FAQ,3500,4000,3800,09/04/2026
Uttarakhand,Dehradoon,Vikasnagar APMC,Brinjal,Other,Medium,700,800,800,09/04/2026
Uttarakhand,Udhamsinghnagar,Sitarganj APMC,Brinjal,Brinjal,Local,800,1200,1000,09/04/2026
Uttarakhand,Haridwar,Bhagwanpur(Naveen Mandi Sthal) APMC,Brinjal,Other,Grade A,500,600,550,09/04/2026
Uttarakhand,Dehradoon,Dehradoon APMC,Brinjal,Other,FAQ,600,1000,800,09/04/2026
Uttarakhand,Haridwar,Roorkee APMC,Brinjal,Other,Local,550,750,650,09/04/2026
Uttarakhand,Nanital,Haldwani APMC,Brinjal,Other,FAQ,800,1000,900,09/04/2026
Uttarakhand,Haridwar,Haridwar Union APMC,Brinjal,Other,Grade B,650,1200,800,09/04/2026
Uttarakhand,Dehradoon,Rishikesh APMC,Brinjal,Other,Medium,1200,1800,1500,09/04/2026
Uttarakhand,Udhamsinghnagar,Rudrapur APMC,Brinjal,Other,Medium,1500,2500,2000,09/04/2026
Uttarakhand,Garhwal (Pauri),Kotadwara APMC,Brinjal,Brinjal,FAQ,900,900,900,09/04/2026
Uttarakhand,Nanital,Ramnagar APMC,Brinjal,Other,Local,1200,1500,1300,09/04/2026
Uttarakhand,Udhamsinghnagar,Khateema APMC,Brinjal,Other,Grade A,800,1000,900,09/04/2026
Himachal Pradesh,Kangra,SMY Baijnath,Brinjal,Brinjal,Grade A,2500,3000,2700,09/04/2026
Himachal Pradesh,Solan,PMY Kather Solan,Brinjal,Other,Medium,2500,3000,2800,09/04/2026
Himachal Pradesh,Kangra,SMY Dharamshala,Brinjal,Brinjal,FAQ,2000,2500,2250,09/04/2026
Himachal Pradesh,Chamba,PMY Chamba,Brinjal,Brinjal,Medium,2000,2500,2250,09/04/2026
Himachal Pradesh,Kangra,SMY Palampur,Brinjal,Brinjal,FAQ,2500,3000,2800,09/04/2026
Himachal Pradesh,Kullu,PMY Kullu,Brinjal,Other,FAQ,2500,3000,2800,09/04/2026
Himachal Pradesh,Kangra,SMY Jaisinghpur,Brinjal,Brinjal,FAQ,2800,3200,3000,09/04/2026
Himachal Pradesh,Hamirpur,PMY Hamirpur,Brinjal,Round/Long,Grade B,2800,3000,2900,09/04/2026
Himachal Pradesh,Hamirpur,SMY Nadaun,Brinjal,Other,Grade B,2800,3000,2900,09/04/2026
Himachal Pradesh,Una,SMY Santoshgarh,Brinjal,Round/Long,FAQ,1800,2000,1900,09/04/2026
Himachal Pradesh,Mandi,SMY Dhanotu,Brinjal,Brinjal,FAQ,2000,2200,2100,09/04/2026
Himachal Pradesh,Solan,SMY Nalagarh,Brinjal,Other,Medium,1500,2000,1800,09/04/2026
Himachal Pradesh,Una,PMY Una,Brinjal,Round/Long,FAQ,1700,2500,2100,09/04/2026
Himachal Pradesh,Mandi,PMY Kangni Mandi,Brinjal,Brinjal,Grade B,1500,2500,2000,09/04/2026
Tamil Nadu,Vellore,Vellore APMC,Cauliflower,Ranchi,Local,1500,2000,1750,09/04/2026
Tamil Nadu,Vellore,Thirupathur APMC,Cauliflower,Ranchi,Local,2500,2500,2500,09/04/2026
Tamil Nadu,Vellore,Pallikonda(Uzhavar Sandhai),Cauliflower,Ranchi,Local,2000,2000,2000,09/04/2026
Tamil Nadu,Coimbatore,Sundarapuram(Uzhavar Sandhai ) APMC,Cauliflower,Ranchi,Local,3500,3800,3650,09/04/2026
Tamil Nadu,Namakkal,Tiruchengode APMC,Cauliflower,Ranchi,Local,2600,3000,2800,09/04/2026
Tamil Nadu,Coimbatore,Singanallur(Uzhavar Sandhai ) APMC,Cauliflower,Ranchi,Local,3000,3400,3200,09/04/2026
Tamil Nadu,Karur,Karur(Uzhavar Sandhai ) APMC,Cauliflower,Ranchi,Local,3000,3500,3250,09/04/2026
Tamil Nadu,Chengalpattu,Pallavaram(Uzhavar Sandhai ) APMC,Cauliflower,Ranchi,Local,1800,2000,1900,09/04/2026
Tamil Nadu,Chengalpattu,Guduvancheri(Uzhavar Sandhai ) APMC,Cauliflower,Ranchi,Local,1800,2000,1900,09/04/2026
Tamil Nadu,Ranipet,Arcot(Uzhavar Sandhai ) APMC,Cauliflower,Ranchi,Local,3000,3000,3000,09/04/2026
Tamil Nadu,Thirupur,Palladam(Uzhavar Sandhai ) APMC,Cauliflower,Ranchi,Local,2500,3000,2750,09/04/2026
Tamil Nadu,Thirupur,Tiruppur (North) (Uzhavar Sandhai ) APMC,Cauliflower,Ranchi,Local,2500,3000,2750,09/04/2026
Tamil Nadu,Thirupathur,Natrampalli(Uzhavar Sandhai ) APMC,Cauliflower,Ranchi,Local,2500,3000,2750,09/04/2026
Tamil Nadu,Tenkasi,Tenkasi(Uzhavar Sandhai ) APMC,Cauliflower,Ranchi,Local,4000,4000,4000,09/04/2026
Tamil Nadu,Salem,Mettur(Uzhavar Sandhai ) APMC,Cauliflower,Ranchi,Local,2000,3000,2500,09/04/2026
Tamil Nadu,Salem,Hasthampatti(Uzhavar Sandhai ) APMC,Cauliflower,Ranchi,Local,2500,3000,2750,09/04/2026
Tamil Nadu,Sivaganga,Tirupatthur(Uzhavar Sandhai ) APMC,Cauliflower,Ranchi,Local,2500,3000,2750,09/04/2026
Tamil Nadu,Theni,Theni(Uzhavar Sandhai ) APMC,Cauliflower,Ranchi,Local,1500,2500,2000,09/04/2026
Tamil Nadu,Theni,Kambam(Uzhavar Sandhai ) APMC,Cauliflower,Ranchi,Local,2000,2500,2250,09/04/2026
Tamil Nadu,Thirunelveli,NGO Colony(Uzhavar Sandhai ) APMC,Cauliflower,Ranchi,Local,3400,3600,3500,09/04/2026
Tamil Nadu,Thiruvannamalai,Chengam(Uzhavar Sandhai ) APMC,Cauliflower,Ranchi,Local,2500,3000,2750,09/04/2026
Tamil Nadu,Thiruvannamalai,Keelpennathur(Uzhavar Sandhai ) APMC,Cauliflower,Ranchi,Local,2000,2500,2250,09/04/2026
Tamil Nadu,Thiruchirappalli,KKNagar(Uzhavar Sandhai ) APMC,Cauliflower,Ranchi,Local,3500,3500,3500,09/04/2026
Tamil Nadu,Thiruchirappalli,Thiruverumbur(Uzhavar Sandhai ) APMC,Cauliflower,Ranchi,Local,4000,4000,4000,09/04/2026
Tamil Nadu,Krishnagiri,Avallapalli(Uzhavar Sandhai ) APMC,Cauliflower,Ranchi,Local,2000,2500,2250,09/04/2026
Tamil Nadu,Madurai,Chokkikulam(Uzhavar Sandhai ) APMC,Cauliflower,Ranchi,Local,2000,2500,2250,09/04/2026
Tamil Nadu,Namakkal,Namakkal(Uzhavar Sandhai ) APMC,Cauliflower,Ranchi,Local,2000,3000,2500,09/04/2026
Tamil Nadu,The Nilgiris,Udhagamandalam(Uzhavar Sandhai ) APMC,Cauliflower,Ranchi,Local,3000,3500,3250,09/04/2026
Tamil Nadu,Dharmapuri,Harur(Uzhavar Sandhai ) APMC,Cauliflower,Ranchi,Local,3000,3500,3250,09/04/2026
Tamil Nadu,Theni,Andipatti(Uzhavar Sandhai ) APMC,Cauliflower,Ranchi,Local,2000,2500,2250,09/04/2026
Tamil Nadu,Nagapattinam,Mayiladuthurai(Uzhavar Sandhai ) APMC,Cauliflower,Ranchi,Local,5000,5000,5000,09/04/2026
Tamil Nadu,Salem,Mecheri(Uzhavar Sandhai),Cauliflower,Ranchi,Local,3000,3500,3250,09/04/2026
Tamil Nadu,Salem,Vazhapadi(Uzhavar Sandhai),Cauliflower,Ranchi,Local,2500,2500,2500,09/04/2026
Tamil Nadu,Karur,Gandhigramam(Uzhavar Sandhai),Cauliflower,Ranchi,Local,3500,3500,3500,09/04/2026
Tamil Nadu,Thanjavur,Papanasam(Uzhavar Sandhai ) APMC,Cauliflower,Ranchi,Local,4200,4200,4200,09/04/2026
Tamil Nadu,Thiruchirappalli,Manachanallur(Uzhavar Sandhai ) APMC,Cauliflower,Ranchi,Local,4000,4000,4000,09/04/2026
Tamil Nadu,Virudhunagar,Rajapalayam(Uzhavar Sandhai ) APMC,Cauliflower,Ranchi,Local,2500,3000,2750,09/04/2026
Tamil Nadu,Virudhunagar,Virudhunagar(Uzhavar Sandhai ) APMC,Cauliflower,Ranchi,Local,3000,3500,3250,09/04/2026
Tamil Nadu,Virudhunagar,Sivakasi(Uzhavar Sandhai ) APMC,Cauliflower,Ranchi,Local,3500,4000,3750,09/04/2026
Tamil Nadu,Virudhunagar,Sathur(Uzhavar Sandhai ) APMC,Cauliflower,Ranchi,Local,3000,3500,3250,09/04/2026
Tamil Nadu,Dharmapuri,Dharmapuri(Uzhavar Sandhai ) APMC,Cauliflower,Ranchi,Local,2400,2500,2450,09/04/2026
Tamil Nadu,Kancheepuram,Sunguvarchatram(Uzhavar Sandhai ) APMC,Cauliflower,Ranchi,Local,2500,3000,2750,09/04/2026
Tamil Nadu,Karur,Kulithalai(Uzhavar Sandhai ) APMC,Cauliflower,Ranchi,Local,3500,4000,3750,09/04/2026
Tamil Nadu,Madurai,Anna nagar(Uzhavar Sandhai ) APMC,Cauliflower,Ranchi,Local,2500,3000,2750,09/04/2026
Tamil Nadu,Nagapattinam,Sirkali(Uzhavar Sandhai ) APMC,Cauliflower,Ranchi,Local,5000,5000,5000,09/04/2026
Tamil Nadu,Namakkal,Mohanur(Uzhavar Sandhai ) APMC,Cauliflower,Ranchi,Local,2500,3000,2750,09/04/2026
Tamil Nadu,Ramanathapuram,Ramanathapuram(Uzhavar Sandhai ) APMC,Cauliflower,Ranchi,Local,5000,5500,5250,09/04/2026
Tamil Nadu,Salem,Attayampatti(Uzhavar Sandhai ) APMC,Cauliflower,Ranchi,Local,2500,3000,2750,09/04/2026
Tamil Nadu,Salem,Elampillai(Uzhavar Sandhai ) APMC,Cauliflower,Ranchi,Local,2500,3000,2750,09/04/2026
Tamil Nadu,Tuticorin,Kovilpatti(Uzhavar Sandhai ) APMC,Cauliflower,Ranchi,Local,3500,4000,3750,09/04/2026
Tamil Nadu,Thiruchirappalli,Lalgudi(Uzhavar Sandhai ) APMC,Cauliflower,Ranchi,Local,4000,4000,4000,09/04/2026
Tamil Nadu,The Nilgiris,Gudalur(Uzhavar Sandhai ) APMC,Cauliflower,Ranchi,Local,3000,3500,3250,09/04/2026
Tamil Nadu,Erode,Sathiyamagalam(Uzhavar Sandhai ) APMC,Cauliflower,Ranchi,Local,3000,3300,3150,09/04/2026
Tamil Nadu,Coimbatore,Pollachi(Uzhavar Sandhai ) APMC,Cauliflower,Ranchi,Local,3500,4000,3750,09/04/2026
Tamil Nadu,Coimbatore,Mettupalayam(Uzhavar Sandhai ) APMC,Cauliflower,Ranchi,Local,3000,3500,3250,09/04/2026
Tamil Nadu,Coimbatore,Vadavalli(Uzhavar Sandhai ) APMC,Cauliflower,Ranchi,Local,3500,3800,3650,09/04/2026
Tamil Nadu,Cuddalore,Cuddalore(Uzhavar Sandhai ) APMC,Cauliflower,Ranchi,Local,3000,3000,3000,09/04/2026
Tamil Nadu,Dharmapuri,Palacode(Uzhavar Sandhai ) APMC,Cauliflower,Ranchi,Local,2000,2500,2250,09/04/2026
Tamil Nadu,Dindigul,Palani(Uzhavar Sandhai ) APMC,Cauliflower,Ranchi,Local,1500,2500,2000,09/04/2026
Tamil Nadu,Dindigul,Chinnalapatti(Uzhavar Sandhai ) APMC,Cauliflower,Ranchi,Local,4500,5000,4750,09/04/2026
Tamil Nadu,Krishnagiri,Hosur(Uzhavar Sandhai ) APMC,Cauliflower,Ranchi,Local,2500,3000,2750,09/04/2026
Tamil Nadu,Namakkal,Rasipuram(Uzhavar Sandhai ) APMC,Cauliflower,Ranchi,Local,2500,3500,3000,09/04/2026
Tamil Nadu,Pudukkottai,Pudukottai(Uzhavar Sandhai ) APMC,Cauliflower,Ranchi,Local,4000,5000,4500,09/04/2026
Tamil Nadu,Virudhunagar,Aruppukottai(Uzhavar Sandhai ) APMC,Cauliflower,Ranchi,Local,3000,3500,3250,09/04/2026
Tamil Nadu,Nagercoil (Kannyiakumari),Myladi(Uzhavar Sandhai ) APMC,Cauliflower,Ranchi,Local,4000,4500,4250,09/04/2026
Tamil Nadu,Chengalpattu,Medavakkam(Uzhavar Sandhai ) APMC,Cauliflower,Ranchi,Local,2500,2500,2500,09/04/2026
Tamil Nadu,Chengalpattu,Nanganallur(Uzhavar Sandhai ) APMC,Cauliflower,Ranchi,Local,2000,2500,2250,09/04/2026
Tamil Nadu,Ranipet,Ranipettai(Uzhavar Sandhai ) APMC,Cauliflower,Ranchi,Local,2500,3000,2750,09/04/2026
Tamil Nadu,Thirupur,Tiruppur (South) (Uzhavar Sandhai ) APMC,Cauliflower,Ranchi,Local,2500,3000,2750,09/04/2026
Tamil Nadu,Thirupur,Dharapuram(Uzhavar Sandhai ) APMC,Cauliflower,Ranchi,Local,3000,3500,3250,09/04/2026
Tamil Nadu,Thirupur,Kangayam(Uzhavar Sandhai ) APMC,Cauliflower,Ranchi,Local,2700,3000,2850,09/04/2026
Tamil Nadu,Kallakuruchi,Kallakurichi(Uzhavar Sandhai ) APMC,Cauliflower,Ranchi,Local,4000,4000,4000,09/04/2026
Tamil Nadu,Tuticorin,Tuticorin(Uzhavar Sandhai ) APMC,Cauliflower,Ranchi,Local,3000,4000,3500,09/04/2026
Tamil Nadu,Sivaganga,Devakottai (Uzhavar Sandhai ) APMC,Cauliflower,Ranchi,Local,2500,3000,2750,09/04/2026
Tamil Nadu,Thanjavur,Pattukottai(Uzhavar Sandhai ) APMC,Cauliflower,Ranchi,Local,4400,4400,4400,09/04/2026
Tamil Nadu,Theni,Chinnamanur(Uzhavar Sandhai ) APMC,Cauliflower,Ranchi,Local,1000,2800,1900,09/04/2026
Tamil Nadu,Thiruvellore,Paruthipattu(Uzhavar Sandhai ) APMC,Cauliflower,Ranchi,Local,3000,3000,3000,09/04/2026
Tamil Nadu,Thiruvannamalai,Polur(Uzhavar Sandhai ) APMC,Cauliflower,Ranchi,Local,2500,3000,2750,09/04/2026
Tamil Nadu,Thiruchirappalli,Musiri(Uzhavar Sandhai ) APMC,Cauliflower,Ranchi,Local,2500,3000,2750,09/04/2026
Tamil Nadu,Coimbatore,Sulur(Uzhavar Sandhai ) APMC,Cauliflower,Ranchi,Local,3000,3400,3200,09/04/2026
Tamil Nadu,Coimbatore,Udumalpet APMC,Cauliflower,Ranchi,Local,2000,2500,2250,09/04/2026
Tamil Nadu,Vellore,Katpadi (Uzhavar Sandhai ) APMC,Cauliflower,Ranchi,Local,2500,2500,2500,09/04/2026
Tamil Nadu,Thanjavur,Kumbakonam (Uzhavar Sandhai ) APMC,Cauliflower,Ranchi,Local,4200,4200,4200,09/04/2026
Tamil Nadu,The Nilgiris,Coonoor(Uzhavar Sandhai ) APMC,Cauliflower,Ranchi,Local,3500,4000,3750,09/04/2026
Tamil Nadu,Virudhunagar,Srivilliputhur(Uzhavar Sandhai ) APMC,Cauliflower,Ranchi,Local,2500,3000,2750,09/04/2026
Tamil Nadu,Coimbatore,RSPuram(Uzhavar Sandhai ) APMC,Cauliflower,Ranchi,Local,3200,3500,3350,09/04/2026
Tamil Nadu,Dharmapuri,Pennagaram(Uzhavar Sandhai ) APMC,Cauliflower,Ranchi,Local,2400,2500,2450,09/04/2026
Tamil Nadu,Dharmapuri,AJattihalli(Uzhavar Sandhai ) APMC,Cauliflower,Ranchi,Local,3000,3000,3000,09/04/2026
Tamil Nadu,Erode,Thalavadi(Uzhavar Sandhai ) APMC,Cauliflower,Ranchi,Local,2500,3000,2750,09/04/2026
Tamil Nadu,Kancheepuram,Kundrathur(Uzhavar Sandhai ) APMC,Cauliflower,Ranchi,Local,2000,2500,2250,09/04/2026
Tamil Nadu,Namakkal,Kumarapalayam(Uzhavar Sandhai ) APMC,Cauliflower,Ranchi,Local,2500,3000,2750,09/04/2026
Tamil Nadu,Perambalur,Perambalur(Uzhavar Sandhai ) APMC,Cauliflower,Ranchi,Local,3500,4000,3750,09/04/2026
Tamil Nadu,Vellore,Kahithapattarai(Uzhavar Sandhai ) APMC,Cauliflower,Ranchi,Local,2000,2000,2000,09/04/2026
Tamil Nadu,Villupuram,Villupuram(Uzhavar Sandhai ) APMC,Cauliflower,Ranchi,Local,2500,3000,2750,09/04/2026
Tamil Nadu,Virudhunagar,Kariyapatti(Uzhavar Sandhai ) APMC,Cauliflower,Ranchi,Local,3000,3500,3250,09/04/2026
Tamil Nadu,Virudhunagar,Thalavaipuram(Uzhavar Sandhai ) APMC,Cauliflower,Ranchi,Local,2500,3000,2750,09/04/2026
Tamil Nadu,Salem,Thathakapatti(Uzhavar Sandhai ) APMC,Cauliflower,Ranchi,Local,2500,3000,2750,09/04/2026
Tamil Nadu,Salem,Jalagandapuram(Uzhavar Sandhai ) APMC,Cauliflower,Ranchi,Local,2000,2500,2250,09/04/2026
Tamil Nadu,Salem,Edapadi (Uzhavar Sandhai ) APMC,Cauliflower,Ranchi,Local,2600,3000,2800,09/04/2026
Tamil Nadu,Sivaganga,Sivagangai (Uzhavar Sandhai ) APMC,Cauliflower,Ranchi,Local,2200,2600,2400,09/04/2026
Tamil Nadu,Sivaganga,Karaikudi(Uzhavar Sandhai ) APMC,Cauliflower,Ranchi,Local,2400,2800,2600,09/04/2026
Tamil Nadu,Sivaganga,Singampunari(Uzhavar Sandhai ) APMC,Cauliflower,Ranchi,Local,2500,3000,2750,09/04/2026
Tamil Nadu,Thanjavur,Thanjavur(Uzhavar Sandhai ) APMC,Cauliflower,Ranchi,Local,4000,4000,4000,09/04/2026
Tamil Nadu,Theni,Bodinayakanur(Uzhavar Sandhai ) APMC,Cauliflower,Ranchi,Local,2500,2500,2500,09/04/2026
Tamil Nadu,Theni,Devaram(Uzhavar Sandhai ) APMC,Cauliflower,Ranchi,Local,2500,2500,2500,09/04/2026
Tamil Nadu,Thirunelveli,Palayamkottai(Uzhavar Sandhai ) APMC,Cauliflower,Ranchi,Local,3400,3600,3500,09/04/2026
Tamil Nadu,Thiruvellore,Tiruthani(Uzhavar Sandhai ) APMC,Cauliflower,Ranchi,Local,3000,3000,3000,09/04/2026
Tamil Nadu,Thiruvarur,Mannargudi I(Uzhavar Sandhai ) APMC,Cauliflower,Ranchi,Local,4600,4600,4600,09/04/2026
Tamil Nadu,Thiruvarur,Mannargudi II(Uzhavar Sandhai ) APMC,Cauliflower,Ranchi,Local,4600,4600,4600,09/04/2026
Tamil Nadu,Thiruvannamalai,Tiruvannamalai(Uzhavar Sandhai ) APMC,Cauliflower,Ranchi,Local,3500,4000,3750,09/04/2026
Tamil Nadu,Thiruchirappalli,Manapparai(Uzhavar Sandhai ) APMC,Cauliflower,Ranchi,Local,5000,5000,5000,09/04/2026
Tamil Nadu,Salem,Ammapet(Uzhavar Sandhai ) APMC,Cauliflower,Ranchi,Local,2500,3000,2750,09/04/2026
Tamil Nadu,Salem,Athur(Uzhavar Sandhai ) APMC,Cauliflower,Ranchi,Local,2000,2500,2250,09/04/2026
Tamil Nadu,Theni,Periyakulam(Uzhavar Sandhai ) APMC,Cauliflower,Ranchi,Local,2000,2500,2250,09/04/2026
Tamil Nadu,Erode,Gobichettipalayam(Uzhavar Sandhai ) APMC,Cauliflower,Ranchi,Local,2500,3000,2750,09/04/2026
Tamil Nadu,Thiruchirappalli,Thuraiyur APMC,Cauliflower,Ranchi,Local,3000,4000,3500,09/04/2026
Tamil Nadu,Namakkal,Paramathivelur(Uzhavar Sandhai ) APMC,Cauliflower,Ranchi,Local,2600,3000,2800,09/04/2026
Tamil Nadu,Dharmapuri,Karimangalam(Uzhavar Sandhai),Cauliflower,Ranchi,Local,2800,3000,2900,09/04/2026
Tamil Nadu,Nagercoil (Kannyiakumari),Vadaseri APMC,Cauliflower,Ranchi,Local,4000,4500,4250,09/04/2026
Tamil Nadu,Dindigul,Dindigul(Uzhavar Sandhai ) APMC,Cauliflower,Ranchi,Local,4000,5000,4500,09/04/2026
Tamil Nadu,Erode,Perundurai(Uzhavar Sandhai ) APMC,Cauliflower,Ranchi,Local,3500,4000,3750,09/04/2026
Tamil Nadu,Kancheepuram,Padappai(Uzhavar Sandhai ) APMC,Cauliflower,Ranchi,Local,2500,3500,3000,09/04/2026
Tamil Nadu,Krishnagiri,Krishnagiri(Uzhavar Sandhai ) APMC,Cauliflower,Ranchi,Local,2000,2500,2250,09/04/2026
Tamil Nadu,Krishnagiri,Denkanikottai(Uzhavar Sandhai ) APMC,Cauliflower,Ranchi,Local,2500,3000,2750,09/04/2026
Tamil Nadu,Madurai,Palanganatham(Uzhavar Sandhai ) APMC,Cauliflower,Ranchi,Local,2000,3000,2500,09/04/2026
Tamil Nadu,Madurai,Anaiyur(Uzhavar Sandhai ) APMC,Cauliflower,Ranchi,Local,2000,2500,2250,09/04/2026
Tamil Nadu,Nagapattinam,Nagapattinam(Uzhavar Sandhai ) APMC,Cauliflower,Ranchi,Local,4500,4500,4500,09/04/2026
Tamil Nadu,Ramanathapuram,Paramakudi(Uzhavar Sandhai ) APMC,Cauliflower,Ranchi,Local,4500,5000,4750,09/04/2026
Tamil Nadu,Thirunelveli,Melapalayam(Uzhavar Sandhai ) APMC,Cauliflower,Ranchi,Local,3400,3600,3500,09/04/2026
Madhya Pradesh,Indore,Indore(F&V) APMC,Cauliflower,Local,Local,600,1200,800,09/04/2026
Madhya Pradesh,Burhanpur,Burhanpur(F&V) APMC,Cauliflower,Local,Local,1500,2000,1800,09/04/2026
Madhya Pradesh,Badwani,Badwani(F&V) APMC,Cauliflower,Cauliflower,Local,1200,1200,1200,09/04/2026
Madhya Pradesh,Khandwa,Sanawad(F&V) APMC,Cauliflower,African Sarson,Grade A,1500,2000,1800,09/04/2026
Madhya Pradesh,Indore,Sanwer(F&V) APMC,Cauliflower,Cauliflower,Grade A,400,800,700,09/04/2026
Madhya Pradesh,Chhatarpur,Chattarpur(F&V) APMC,Cauliflower,Other,Grade B,1500,1500,1500,09/04/2026
Madhya Pradesh,Dhar,Kukshi(F&V) APMC,Cauliflower,Cauliflower,Grade A,1200,1700,1400,09/04/2026
Madhya Pradesh,Badwani,Sendhwa(F&V) APMC,Cauliflower,Cauliflower,Medium,1400,1800,1600,09/04/2026
Madhya Pradesh,Dewas,Dewas(F&V) APMC,Cauliflower,Other,FAQ,800,1600,1385,09/04/2026
Madhya Pradesh,Khandwa,Khandwa(F&V) APMC,Cauliflower,Cauliflower,FAQ,700,1500,800,09/04/2026
Madhya Pradesh,Sagar,Sagar(F&V) APMC,Cauliflower,Cauliflower,Local,300,700,500,09/04/2026
Madhya Pradesh,Hoshangabad,Pipariya(F&V) APMC,Cauliflower,Cauliflower,Local,600,1800,1200,09/04/2026
Maharashtra,Satara,Karad APMC,Cauliflower,Other,Local,1500,2000,2000,09/04/2026
Maharashtra,Sholapur,Akluj APMC,Cauliflower,Other,Local,1000,1500,1300,09/04/2026
Maharashtra,Kolhapur,Kolhapur APMC,Cauliflower,Other,Local,500,1000,750,09/04/2026
Maharashtra,Pune,Pune(Moshi) APMC,Cauliflower,Other,Local,1000,1000,1000,09/04/2026
Maharashtra,Sangli,Islampur APMC,Cauliflower,Other,Local,1500,2500,2000,09/04/2026
Maharashtra,Ahmednagar,Ahmednagar APMC,Cauliflower,Other,Local,1000,1200,1100,09/04/2026
Maharashtra,Nagpur,Nagpur APMC,Cauliflower,Other,Local,500,1000,825,09/04/2026
Maharashtra,Pune,Khed(Chakan) APMC,Cauliflower,Other,Local,800,1400,1000,09/04/2026
Maharashtra,Ahmednagar,Rahata APMC,Cauliflower,Other,Local,500,2000,1250,09/04/2026
Maharashtra,Ahmednagar,Shrirampur APMC,Cauliflower,Other,Local,400,600,500,09/04/2026
Maharashtra,Kolhapur,Vadgaonpeth APMC,Cauliflower,Other,Local,800,1800,1000,09/04/2026
Maharashtra,Mumbai,Mumbai APMC,Cauliflower,Other,Local,800,1400,1100,09/04/2026
Maharashtra,Nagpur,Kalmeshwar APMC,Cauliflower,Other,Local,245,600,425,09/04/2026
Maharashtra,Nagpur,Kamthi APMC,Cauliflower,Other,Local,1520,2020,1770,09/04/2026
Maharashtra,Pune,Khed APMC,Cauliflower,Other,Local,600,1300,900,09/04/2026
Maharashtra,Pune,Pune(Manjri) APMC,Cauliflower,Other,Local,400,1200,800,09/04/2026
Maharashtra,Ratnagiri,Ratnagiri (Nachane) APMC,Cauliflower,Other,Local,2500,3000,2600,09/04/2026
Maharashtra,Satara,Satara APMC,Cauliflower,Other,Local,1000,2000,1500,09/04/2026
Maharashtra,Jalgaon,Bhusaval APMC,Cauliflower,Other,Local,1000,1500,1200,09/04/2026
Maharashtra,Pune,Junnar(Narayangaon) APMC,Cauliflower,Other,Local,200,1200,650,09/04/2026
Maharashtra,Pune,Pune APMC,Cauliflower,Other,Local,1000,1500,1250,09/04/2026
Maharashtra,Pune,Pune(Pimpri) APMC,Cauliflower,Other,Local,1300,1500,1400,09/04/2026
Maharashtra,Sholapur,Solapur APMC,Cauliflower,Other,Local,350,1100,800,09/04/2026
Maharashtra,Chandrapur,Chandrapur(Ganjwad) APMC,Cauliflower,Other,Local,600,1000,800,09/04/2026
Maharashtra,Nashik,Nasik APMC,Cauliflower,Other,Local,500,1140,860,09/04/2026
Maharashtra,Dharashiv(Usmanabad),Dharashiv APMC,Cauliflower,Other,Local,2000,3100,2550,09/04/2026
Uttar Pradesh,Kanpur Dehat,Pukharayan APMC,Cauliflower,Cauliflower,FAQ,1435,1460,1450,09/04/2026
Uttar Pradesh,Aligarh,Khair APMC,Cauliflower,Cauliflower,Grade B,800,800,800,09/04/2026
Uttar Pradesh,Mathura,Kosikalan APMC,Cauliflower,Cauliflower,FAQ,1500,1600,1550,09/04/2026
Uttar Pradesh,Etawah,Jasvantnagar APMC,Cauliflower,Cauliflower,Medium,1660,1760,1710,09/04/2026
Uttar Pradesh,Amroha,Hasanpur APMC,Cauliflower,Local,FAQ,1450,1520,1500,09/04/2026
Uttar Pradesh,Mau(Maunathbhanjan),Kopaganj APMC,Cauliflower,Cauliflower,FAQ,1500,1500,1500,09/04/2026
Uttar Pradesh,Balrampur,Panchpedwa APMC,Cauliflower,Cauliflower,FAQ,1400,1500,1450,09/04/2026
Uttar Pradesh,Sambhal,Sambhal APMC,Cauliflower,Cauliflower,FAQ,500,880,800,09/04/2026
Uttar Pradesh,Bulandshahar,Sikarpur APMC,Cauliflower,Cauliflower,FAQ,1800,2000,1900,09/04/2026
Uttar Pradesh,Farukhabad,Kayamganj APMC,Cauliflower,Cauliflower,FAQ,1550,1550,1550,09/04/2026
Uttar Pradesh,Shahjahanpur,Jalalabad APMC,Cauliflower,Cauliflower,FAQ,900,1000,950,09/04/2026
Uttar Pradesh,Pratapgarh,Pratapgarh APMC,Cauliflower,Cauliflower,FAQ,1365,1365,1365,09/04/2026
Uttar Pradesh,Bulandshahar,Gulavati APMC,Cauliflower,Cauliflower,FAQ,2000,2200,2100,09/04/2026
Uttar Pradesh,Sonbhadra,Dudhi APMC,Cauliflower,Cauliflower,Local,1200,1400,1300,09/04/2026
Uttar Pradesh,Khiri (Lakhimpur),Maigalganj APMC,Cauliflower,Local,FAQ,1680,1725,1700,09/04/2026
Uttar Pradesh,Farukhabad,Kamlaganj APMC,Cauliflower,Cauliflower,FAQ,1500,1500,1500,09/04/2026
Uttar Pradesh,Mau(Maunathbhanjan),Doharighat APMC,Cauliflower,Other,FAQ,1200,1200,1200,09/04/2026
Rajasthan,Jaipur,Jaipur (F&V) APMC,Cauliflower,Other,FAQ,1000,1500,1250,09/04/2026
Rajasthan,Jalore,Jalore APMC,Cauliflower,Cauliflower,Local,2000,2500,2300,09/04/2026
Rajasthan,Ajmer,Ajmer(F&V) APMC,Cauliflower,Other,Medium,700,2000,1500,09/04/2026
Rajasthan,Ganganagar,Sriganganagar (F&V) APMC,Cauliflower,Cauliflower,Grade C,1300,1700,1500,09/04/2026
Karnataka,Bangalore,"Binny Mill (F&V), Bangalore APMC",Cauliflower,Cauliflower,Local,1800,2200,2000,09/04/2026
Karnataka,Kolar,Bangarpet APMC,Cauliflower,Local,Local,2000,2700,2500,09/04/2026
Karnataka,Shimoga,Shimoga APMC,Cauliflower,Cauliflower,Local,1200,1500,1350,09/04/2026
Karnataka,Chikmagalur,Chikkamagalore APMC,Cauliflower,Local,Local,1667,1667,1667,09/04/2026
Karnataka,Bangalore,Ramanagara APMC,Cauliflower,Cauliflower,Local,2400,3200,2800,09/04/2026
Karnataka,Kolar,Gowribidanoor APMC,Cauliflower,Local,Local,1500,2500,2000,09/04/2026
Gujarat,Dahod,Dahod(Veg. Market) APMC,Cauliflower,Cauliflower,Local,800,2500,2000,09/04/2026
Gujarat,Rajkot,Gondal(Veg.market Gondal) APMC,Cauliflower,Cauliflower,Local,250,2500,1375,09/04/2026
Gujarat,Surat,Surat APMC,Cauliflower,Cauliflower,FAQ,1000,4000,2500,09/04/2026
Gujarat,Gandhinagar,Mansa(Manas Veg Yard) APMC,Cauliflower,Cauliflower,Local,1500,1500,1500,09/04/2026
Gujarat,Mehsana,Mehsana(Mehsana Veg) APMC,Cauliflower,Cauliflower,Local,400,1500,1100,09/04/2026
Gujarat,Navsari,Bilimora APMC,Cauliflower,Other,FAQ,1000,2250,1600,09/04/2026
Gujarat,Ahmedabad,Ahmedabad APMC,Cauliflower,Other,FAQ,800,1500,1350,09/04/2026
Gujarat,Navsari,Navsari APMC,Cauliflower,Cauliflower,Local,3000,3500,3250,09/04/2026
Gujarat,Amreli,Damnagar APMC,Cauliflower,Cauliflower,Local,3000,3000,3000,09/04/2026
Gujarat,Kheda,Kapadvanj APMC,Cauliflower,Cauliflower,Medium,1200,1300,1250,09/04/2026
Gujarat,Banaskanth,Deesa(Deesa Veg Yard) APMC,Cauliflower,Other,FAQ,2000,2750,2375,09/04/2026
Gujarat,Surendranagar,Vadhvan APMC,Cauliflower,Cauliflower,Medium,2000,3000,2500,09/04/2026
Gujarat,Porbandar,Porbandar APMC,Cauliflower,African Sarson,Local,2000,3000,2500,09/04/2026
Haryana,Gurgaon,Sohna APMC,Cauliflower,Cauliflower,Local,1500,2000,1800,09/04/2026
Haryana,Sonipat,Sonepat APMC,Cauliflower,Other,FAQ,900,1200,1200,09/04/2026
Haryana,Yamuna Nagar,Jagadhri APMC,Cauliflower,Cauliflower,Medium,1800,2100,2100,09/04/2026
Haryana,Sonipat,Gohana APMC,Cauliflower,Other,Medium,1000,2000,1500,09/04/2026
Haryana,Panchkula,Raipur Rai APMC,Cauliflower,Cauliflower,Local,1400,1500,1400,09/04/2026
Haryana,Mewat,Nuh APMC,Cauliflower,Other,Local,1000,1500,1500,09/04/2026
Haryana,Faridabad,Faridabad APMC,Cauliflower,Cauliflower,Local,1200,1200,1200,09/04/2026
Haryana,Yamuna Nagar,Sadhaura APMC,Cauliflower,Cauliflower,Local,1400,1600,1500,09/04/2026
Haryana,Hissar,Uklana APMC,Cauliflower,Cauliflower,Medium,800,800,800,09/04/2026
Haryana,Kaithal,Siwan APMC,Cauliflower,Other,FAQ,800,1000,900,09/04/2026
Haryana,Faridabad,Ballabhgarh APMC,Cauliflower,Cauliflower,FAQ,1000,1600,1300,09/04/2026
Haryana,Mewat,FerozpurZirkha(Nagina) APMC,Cauliflower,Other,Local,1200,1600,1400,09/04/2026
Haryana,Yamuna Nagar,Chhachrauli APMC,Cauliflower,Cauliflower,Medium,1200,1400,1200,09/04/2026
Haryana,Hissar,Barwala(Hisar) APMC,Cauliflower,Cauliflower,Local,800,1000,900,09/04/2026
Haryana,Jhajar,Bahadurgarh APMC,Cauliflower,Other,Medium,1800,2000,1900,09/04/2026
Haryana,Kaithal,Cheeka APMC,Cauliflower,Other,FAQ,1500,1700,1600,09/04/2026
Haryana,Kurukshetra,Ladwa APMC,Cauliflower,Cauliflower,Medium,3000,3500,3500,09/04/2026
Haryana,Kurukshetra,Thanesar APMC,Cauliflower,Cauliflower,Local,1000,3000,2000,09/04/2026
Haryana,Hissar,Hansi APMC,Cauliflower,Other,Grade Range-1,1000,1500,1300,09/04/2026
Haryana,Mahendragarh-Narnaul,Narnaul APMC,Cauliflower,Cauliflower,Medium,1500,2000,2000,09/04/2026
Haryana,Ambala,Naraingarh APMC,Cauliflower,Cauliflower,Medium,600,2000,1200,09/04/2026
Haryana,Mahendragarh-Narnaul,Mohindergarh APMC,Cauliflower,Cauliflower,FAQ,1500,1500,1500,09/04/2026
Haryana,Ambala,Shahzadpur APMC,Cauliflower,Cauliflower,FAQ,1500,2100,1500,09/04/2026
Haryana,Yamuna Nagar,Radaur APMC,Cauliflower,Other,Local,900,1500,1200,09/04/2026
Haryana,Rohtak,Sampla APMC,Cauliflower,Other,Local,1200,1500,1500,09/04/2026
Haryana,Sonipat,Ganaur APMC,Cauliflower,Other,Medium,2000,2500,2200,09/04/2026
Punjab,Amritsar,Rayya APMC,Cauliflower,Other,FAQ,1235,1235,1235,09/04/2026
Punjab,Jalandhar,Phillaur(Apra Mandi) APMC,Cauliflower,Other,FAQ,2500,2500,2500,09/04/2026
Punjab,Ropar (Rupnagar),Morinda APMC,Cauliflower,Cauliflower,Medium,2000,2000,2000,09/04/2026
Punjab,Gurdaspur,Dinanagar APMC,Cauliflower,Cauliflower,Medium,2600,2800,2700,09/04/2026
Punjab,Sangrur,Ahmedgarh APMC,Cauliflower,Local,Local,1400,1500,1500,09/04/2026
Punjab,Gurdaspur,F.G.Churian APMC,Cauliflower,Cauliflower,Grade A,2000,2000,2000,09/04/2026
Punjab,Patiala,Patiala APMC,Cauliflower,Cauliflower,Grade A,1200,2000,1500,09/04/2026
Punjab,Tarntaran,Harike APMC,Cauliflower,Cauliflower,FAQ,1000,1100,1050,09/04/2026
Punjab,Sangrur,Bhawanigarh APMC,Cauliflower,Other,Medium,1500,1500,1500,09/04/2026
Punjab,Gurdaspur,Kalanaur APMC,Cauliflower,Cauliflower,Grade A,2500,2500,2500,09/04/2026
Punjab,Jalandhar,Mehatpur APMC,Cauliflower,Cauliflower,Local,2000,2000,2000,09/04/2026
Punjab,Patiala,Nabha APMC,Cauliflower,Other,Grade C,1300,2300,1600,09/04/2026
Punjab,Kapurthala,Sultanpur APMC,Cauliflower,Other,Local,2000,2000,2000,09/04/2026
Punjab,Moga,Baghapurana APMC,Cauliflower,Cauliflower,Grade B,1500,2500,2000,09/04/2026
Punjab,Patiala,Patran APMC,Cauliflower,Other,Grade A,950,950,950,09/04/2026
Punjab,Gurdaspur,Gurdaspur APMC,Cauliflower,Other,FAQ,1250,1250,1250,09/04/2026
Punjab,Mansa,Mansa APMC,Cauliflower,Cauliflower,FAQ,1000,1000,1000,09/04/2026
Punjab,Hoshiarpur,Tanda Urmur APMC,Cauliflower,Cauliflower,Grade A,3000,3500,3200,09/04/2026
Punjab,Jalandhar,Bhogpur APMC,Cauliflower,Cauliflower,Local,2400,2400,2400,09/04/2026
Punjab,Hoshiarpur,GarhShankar (Kotfatuhi) APMC,Cauliflower,Other,FAQ,2800,2800,2800,09/04/2026
Punjab,Sangrur,Lehra Gaga APMC,Cauliflower,Other,Grade A,1500,1500,1500,09/04/2026
Punjab,Ludhiana,Khanna APMC,Cauliflower,Local,Grade A,1500,1500,1500,09/04/2026
Punjab,Nawanshahr,Nawan Shahar(Subzi Mandi) APMC,Cauliflower,Cauliflower,FAQ,2000,2300,2200,09/04/2026
Punjab,Hoshiarpur,Garh Shankar(Mahalpur) APMC,Cauliflower,Cauliflower,FAQ,1800,1800,1800,09/04/2026
Punjab,Ropar (Rupnagar),Ropar APMC,Cauliflower,Cauliflower,FAQ,1800,2000,1900,09/04/2026
Punjab,Hoshiarpur,Garh Shankar APMC,Cauliflower,Cauliflower,FAQ,3000,3000,3000,09/04/2026
Punjab,Moga,Nihal Singh Wala APMC,Cauliflower,Cauliflower,FAQ,2000,2000,2000,09/04/2026
Punjab,Ropar (Rupnagar),Chamkaur Sahib APMC,Cauliflower,Cauliflower,Medium,2000,2000,2000,09/04/2026
Punjab,Gurdaspur,Quadian APMC,Cauliflower,Other,FAQ,2000,2200,2100,09/04/2026
Punjab,Fazilka,Fazilka APMC,Cauliflower,Cauliflower,FAQ,2000,2000,2000,09/04/2026
Punjab,Jalandhar,Jalandhar City(Jalandhar) APMC,Cauliflower,Other,FAQ,600,2000,1300,09/04/2026
Punjab,Tarntaran,Tarantaran APMC,Cauliflower,Other,Local,1200,1200,1200,09/04/2026
Punjab,Hoshiarpur,Mukerian APMC,Cauliflower,Cauliflower,Grade B,1200,1800,1500,09/04/2026
Punjab,Ludhiana,Ludhiana APMC,Cauliflower,Other,FAQ,800,1600,1000,09/04/2026
Punjab,Mohali,Kurali APMC,Cauliflower,Cauliflower,Medium,1200,1350,1250,09/04/2026
Punjab,Bhatinda,Bhagta Bhai Ka APMC,Cauliflower,Other,Medium,2800,2800,2800,09/04/2026
Punjab,Bhatinda,Talwandi Sabo APMC,Cauliflower,Other,Grade A,800,1000,900,09/04/2026
Punjab,Mohali,Banur APMC,Cauliflower,Other,Local,2222,2222,2222,09/04/2026
Andhra Pradesh,Chittor,Palamaner APMC,Cauliflower,Cauliflower,FAQ,900,1300,1100,09/04/2026
West Bengal,Kolkata,Sealdah Koley Market APMC,Cauliflower,Other,FAQ,2200,2400,2300,09/04/2026
West Bengal,Jhargram,Jhargram APMC,Cauliflower,Other,FAQ,2800,3200,3000,09/04/2026
West Bengal,Dakshin Dinajpur,Gangarampur(Dakshin Dinajpur) APMC,Cauliflower,Other,FAQ,3000,3500,3300,09/04/2026
West Bengal,Puruliya,Balarampur APMC,Cauliflower,Other,Local,2500,3500,3000,09/04/2026
Odisha,Bolangir,Tusura APMC,Cauliflower,Other,Grade A,3000,3000,3000,09/04/2026
Odisha,Khurda,Balugaon APMC,Cauliflower,Local,Grade A,1600,1600,1600,09/04/2026
Odisha,Kalahandi,Mukhiguda APMC,Cauliflower,Cauliflower,Grade B,1600,2000,1800,09/04/2026
Odisha,Kalahandi,Bhawanipatna APMC,Cauliflower,Other,FAQ,2300,2500,2500,09/04/2026
Odisha,Keonjhar,Champua APMC,Cauliflower,Other,Local,1000,1000,1000,09/04/2026
Odisha,Rayagada,Rayagada APMC,Cauliflower,Cauliflower,Local,2100,2200,2200,09/04/2026
Odisha,Nuapada,Khariar Road APMC,Cauliflower,Cauliflower,FAQ,4000,4000,4000,09/04/2026
Odisha,Sundergarh,Panposh APMC,Cauliflower,Local,FAQ,2500,3200,3000,09/04/2026
Odisha,Bargarh,Bargarh APMC,Cauliflower,Cauliflower,Grade C,2200,2600,2400,09/04/2026
Odisha,Bolangir,Kantabaji APMC,Cauliflower,Other,Grade B,1700,1700,1700,09/04/2026
Odisha,Mayurbhanja,Baripada APMC,Cauliflower,Cauliflower,Medium,2000,2500,2200,09/04/2026
Odisha,Kalahandi,Junagarh APMC,Cauliflower,Other,Grade B,2400,2800,2600,09/04/2026
Odisha,Bargarh,Bargarh(Barapalli) APMC,Cauliflower,Cauliflower,Medium,3100,3500,3300,09/04/2026
Odisha,Keonjhar,Keonjhar APMC,Cauliflower,Other,Local,1200,1500,1500,09/04/2026
Odisha,Nayagarh,Bahadajholla APMC,Cauliflower,Other,Grade B,2200,2200,2200,09/04/2026
Odisha,Ganjam,Bhanjanagar APMC,Cauliflower,Cauliflower,FAQ,2600,2800,2700,09/04/2026
Odisha,Boudh,Boudh APMC,Cauliflower,Other,Local,3000,4000,3500,09/04/2026
Odisha,Mayurbhanja,Udala APMC,Cauliflower,Other,FAQ,3000,3000,3000,09/04/2026
Odisha,Dhenkanal,Kamakhyanagar APMC,Cauliflower,Cauliflower,Grade A,3500,3500,3500,09/04/2026
Kerala,Thirssur,Irinjalakkuda APMC,Cauliflower,Cauliflower,FAQ,4000,4000,4000,09/04/2026
Kerala,Kollam,Anchal APMC,Cauliflower,Cauliflower,Medium,5200,5200,5200,09/04/2026
Kerala,Palakad,Koduvayoor APMC,Cauliflower,Cauliflower,Medium,3200,3600,3400,09/04/2026
Kerala,Kottayam,Pampady APMC,Cauliflower,Cauliflower,FAQ,5000,6000,5500,09/04/2026
Kerala,Kozhikode(Calicut),Kallachi APMC,Cauliflower,Other,FAQ,3800,4200,4000,09/04/2026
Kerala,Ernakulam,Perumbavoor APMC,Cauliflower,Cauliflower,Medium,3000,4000,3500,09/04/2026
Kerala,Malappuram,Perinthalmanna APMC,Cauliflower,Cauliflower,Large,2200,2200,2200,09/04/2026
Kerala,Kottayam,Kuruppanthura APMC,Cauliflower,Other,Local,4200,4400,4200,09/04/2026
Kerala,Alappuzha,Chengannur APMC,Cauliflower,Other,FAQ,3400,3800,3500,09/04/2026
Kerala,Kottayam,Ettumanoor APMC,Cauliflower,Cauliflower,FAQ,4000,4400,4200,09/04/2026
Kerala,Kottayam,Athirampuzha APMC,Cauliflower,Cauliflower,FAQ,4000,4200,4100,09/04/2026
Kerala,Malappuram,Parappanangadi APMC,Cauliflower,Other,FAQ,3800,4000,3900,09/04/2026
Kerala,Alappuzha,Harippad APMC,Cauliflower,Cauliflower,FAQ,4000,4500,4000,09/04/2026
Kerala,Alappuzha,Kayamkulam APMC,Cauliflower,Other,FAQ,3400,3600,3500,09/04/2026
Kerala,Alappuzha,Aroor APMC,Cauliflower,Other,FAQ,4500,4700,4600,09/04/2026
Kerala,Ernakulam,Piravam APMC,Cauliflower,Cauliflower,Local,4000,5000,4500,09/04/2026
Uttarakhand,Dehradoon,Vikasnagar APMC,Cauliflower,Other,Medium,400,1000,1000,09/04/2026
Uttarakhand,Udhamsinghnagar,Sitarganj APMC,Cauliflower,Cauliflower,Local,800,1200,1000,09/04/2026
Uttarakhand,Nanital,Ramnagar APMC,Cauliflower,Other,Local,800,1200,1000,09/04/2026
Uttarakhand,Dehradoon,Rishikesh APMC,Cauliflower,Other,Medium,600,850,800,09/04/2026
Uttarakhand,Garhwal (Pauri),Kotadwara APMC,Cauliflower,Cauliflower,FAQ,900,900,900,09/04/2026
Uttarakhand,Haridwar,Haridwar Union APMC,Cauliflower,Cauliflower,FAQ,500,800,600,09/04/2026
Uttarakhand,Haridwar,Roorkee APMC,Cauliflower,Other,Local,500,700,600,09/04/2026
Uttarakhand,Nanital,Haldwani APMC,Cauliflower,Other,FAQ,600,1000,800,09/04/2026
Himachal Pradesh,Chamba,PMY Chamba,Cauliflower,Cauliflower,Medium,2500,3000,2750,09/04/2026
Himachal Pradesh,Kangra,SMY Palampur,Cauliflower,Cauliflower,FAQ,2800,3200,3000,09/04/2026
Himachal Pradesh,Una,SMY Santoshgarh,Cauliflower,Cauliflower,FAQ,1800,2000,1900,09/04/2026
Himachal Pradesh,Mandi,SMY Dhanotu,Cauliflower,Cauliflower,FAQ,2500,3200,2800,09/04/2026
Himachal Pradesh,Una,PMY Una,Cauliflower,Cauliflower,FAQ,2400,3200,2800,09/04/2026
Himachal Pradesh,Solan,SMY Nalagarh,Cauliflower,Other,Medium,1500,2500,2000,09/04/2026
Himachal Pradesh,Bilaspur,PMY Bilaspur,Cauliflower,Other,Grade B,2000,2700,2500,09/04/2026
Himachal Pradesh,Hamirpur,PMY Hamirpur,Cauliflower,Cauliflower,Grade B,3000,4000,3500,09/04/2026
Himachal Pradesh,Mandi,SMY Takoli,Cauliflower,Local,Medium,1800,2200,2000,09/04/2026
Himachal Pradesh,Mandi,PMY Kangni Mandi,Cauliflower,Cauliflower,Grade B,2800,3500,3200,09/04/2026
Himachal Pradesh,Una,SMY Takarla,Cauliflower,Cauliflower,FAQ,2000,2800,2500,09/04/2026
Himachal Pradesh,Hamirpur,SMY Nadaun,Cauliflower,Cauliflower,Grade B,3000,4000,3500,09/04/2026
Himachal Pradesh,Kangra,SMY Baijnath,Cauliflower,Cauliflower,Grade A,3200,3300,3300,09/04/2026
Himachal Pradesh,Kangra,SMY Jaisinghpur,Cauliflower,Cauliflower,FAQ,3000,3500,3200,09/04/2026
Himachal Pradesh,Kullu,PMY Kullu,Cauliflower,Other,FAQ,2500,3000,2800,09/04/2026
Himachal Pradesh,Solan,PMY Kather Solan,Cauliflower,Other,Medium,2000,3000,2500,09/04/2026
Himachal Pradesh,Kangra,SMY Dharamshala,Cauliflower,Cauliflower,FAQ,2800,3000,2900,09/04/2026
Tamil Nadu,Vellore,Vellore APMC,Cabbage,Cabbage,Local,1800,1800,1800,09/04/2026
Tamil Nadu,The Nilgiris,Gudalur(Uzhavar Sandhai ) APMC,Cabbage,Cabbage,Local,1500,2000,1750,09/04/2026
Tamil Nadu,Vellore,Perampet(Uzhavar Sandhai),Cabbage,Cabbage,Local,2400,2400,2400,09/04/2026
Tamil Nadu,Coimbatore,Vadavalli(Uzhavar Sandhai ) APMC,Cabbage,Cabbage,Local,1600,2000,1800,09/04/2026
Tamil Nadu,Thiruchirappalli,Thuraiyur APMC,Cabbage,Cabbage,Local,1600,2000,1800,09/04/2026
Tamil Nadu,Karur,Karur(Uzhavar Sandhai ) APMC,Cabbage,Cabbage,Local,2500,3000,2750,09/04/2026
Tamil Nadu,Virudhunagar,Virudhunagar(Uzhavar Sandhai ) APMC,Cabbage,Cabbage,Local,2000,2500,2250,09/04/2026
Tamil Nadu,Virudhunagar,Thalavaipuram(Uzhavar Sandhai ) APMC,Cabbage,Cabbage,Local,2500,3000,2750,09/04/2026
Tamil Nadu,Chengalpattu,Pallavaram(Uzhavar Sandhai ) APMC,Cabbage,Cabbage,Local,1800,2000,1900,09/04/2026
Tamil Nadu,Thirupur,Palladam(Uzhavar Sandhai ) APMC,Cabbage,Cabbage,Local,2000,2500,2250,09/04/2026
Tamil Nadu,Thirupur,Dharapuram(Uzhavar Sandhai ) APMC,Cabbage,Cabbage,Local,2500,3000,2750,09/04/2026
Tamil Nadu,Thirupur,Tiruppur (North) (Uzhavar Sandhai ) APMC,Cabbage,Cabbage,Local,1600,2000,1800,09/04/2026
Tamil Nadu,Tenkasi,Tenkasi(Uzhavar Sandhai ) APMC,Cabbage,Cabbage,Local,2000,2000,2000,09/04/2026
Tamil Nadu,Salem,Thathakapatti(Uzhavar Sandhai ) APMC,Cabbage,Cabbage,Local,2500,3000,2750,09/04/2026
Tamil Nadu,Salem,Mettur(Uzhavar Sandhai ) APMC,Cabbage,Cabbage,Local,2000,2500,2250,09/04/2026
Tamil Nadu,Salem,Attayampatti(Uzhavar Sandhai ) APMC,Cabbage,Cabbage,Local,2500,3000,2750,09/04/2026
Tamil Nadu,Theni,Kambam(Uzhavar Sandhai ) APMC,Cabbage,Cabbage,Local,1800,2000,1900,09/04/2026
Tamil Nadu,Thirunelveli,Melapalayam(Uzhavar Sandhai ) APMC,Cabbage,Cabbage,Local,1800,2000,1900,09/04/2026
Tamil Nadu,Thiruvarur,Mannargudi I(Uzhavar Sandhai ) APMC,Cabbage,Cabbage,Local,3000,3000,3000,09/04/2026
Tamil Nadu,Thiruvarur,Mannargudi II(Uzhavar Sandhai ) APMC,Cabbage,Cabbage,Local,3000,3000,3000,09/04/2026
Tamil Nadu,Cuddalore,Viruthachalam(Uzhavar Sandhai ) APMC,Cabbage,Cabbage,Local,2000,2000,2000,09/04/2026
Tamil Nadu,Cuddalore,Vadalur(Uzhavar Sandhai ) APMC,Cabbage,Cabbage,Local,3000,3000,3000,09/04/2026
Tamil Nadu,Dharmapuri,Dharmapuri(Uzhavar Sandhai ) APMC,Cabbage,Cabbage,Local,2400,2600,2500,09/04/2026
Tamil Nadu,Dharmapuri,Pennagaram(Uzhavar Sandhai ) APMC,Cabbage,Cabbage,Local,2400,2500,2450,09/04/2026
Tamil Nadu,Dharmapuri,AJattihalli(Uzhavar Sandhai ) APMC,Cabbage,Cabbage,Local,2500,2800,2650,09/04/2026
Tamil Nadu,Erode,Perundurai(Uzhavar Sandhai ) APMC,Cabbage,Cabbage,Local,1200,1400,1300,09/04/2026
Tamil Nadu,Krishnagiri,Denkanikottai(Uzhavar Sandhai ) APMC,Cabbage,Cabbage,Local,800,1000,900,09/04/2026
Tamil Nadu,Krishnagiri,Avallapalli(Uzhavar Sandhai ) APMC,Cabbage,Cabbage,Local,500,1000,750,09/04/2026
Tamil Nadu,Madurai,Anaiyur(Uzhavar Sandhai ) APMC,Cabbage,Cabbage,Local,1400,1600,1500,09/04/2026
Tamil Nadu,The Nilgiris,Udhagamandalam(Uzhavar Sandhai ) APMC,Cabbage,Cabbage,Local,1200,1500,1350,09/04/2026
Tamil Nadu,Salem,Ammapet(Uzhavar Sandhai ) APMC,Cabbage,Cabbage,Local,2000,2500,2250,09/04/2026
Tamil Nadu,Salem,Athur(Uzhavar Sandhai ) APMC,Cabbage,Cabbage,Local,2000,2500,2250,09/04/2026
Tamil Nadu,Vellore,Thirupathur APMC,Cabbage,Cabbage,Local,2500,2500,2500,09/04/2026
Tamil Nadu,The Nilgiris,Coonoor(Uzhavar Sandhai ) APMC,Cabbage,Cabbage,Local,1200,1500,1350,09/04/2026
Tamil Nadu,Erode,Gobichettipalayam(Uzhavar Sandhai ) APMC,Cabbage,Cabbage,Local,1800,2000,1900,09/04/2026
Tamil Nadu,Namakkal,Tiruchengode APMC,Cabbage,Cabbage,Local,1800,2000,1900,09/04/2026
Tamil Nadu,Coimbatore,Singanallur(Uzhavar Sandhai ) APMC,Cabbage,Cabbage,Local,1600,1800,1700,09/04/2026
Tamil Nadu,Nagapattinam,Vedaranyam(Uzhavar Sandhai),Cabbage,Cabbage,Local,2500,2800,2650,09/04/2026
Tamil Nadu,Namakkal,Paramathivelur(Uzhavar Sandhai ) APMC,Cabbage,Cabbage,Local,1700,2000,1850,09/04/2026
Tamil Nadu,Dharmapuri,Karimangalam(Uzhavar Sandhai),Cabbage,Cabbage,Local,2600,2800,2700,09/04/2026
Tamil Nadu,Salem,Mecheri(Uzhavar Sandhai),Cabbage,Cabbage,Local,2500,3000,2750,09/04/2026
Tamil Nadu,Vellore,Pallikonda(Uzhavar Sandhai),Cabbage,Cabbage,Local,1500,2000,1750,09/04/2026
Tamil Nadu,Karur,Gandhigramam(Uzhavar Sandhai),Cabbage,Cabbage,Local,2500,3000,2750,09/04/2026
Tamil Nadu,Vellore,Gudiyatham(Uzhavar Sandhai ) APMC,Cabbage,Cabbage,Local,2500,2500,2500,09/04/2026
Tamil Nadu,Vellore,Kahithapattarai(Uzhavar Sandhai ) APMC,Cabbage,Cabbage,Local,2200,2200,2200,09/04/2026
Tamil Nadu,Villupuram,Villupuram(Uzhavar Sandhai ) APMC,Cabbage,Cabbage,Local,2000,2000,2000,09/04/2026
Tamil Nadu,Virudhunagar,Kariyapatti(Uzhavar Sandhai ) APMC,Cabbage,Cabbage,Local,2500,3000,2750,09/04/2026
Tamil Nadu,Chengalpattu,Nanganallur(Uzhavar Sandhai ) APMC,Cabbage,Cabbage,Local,2000,2500,2250,09/04/2026
Tamil Nadu,Ranipet,Ranipettai(Uzhavar Sandhai ) APMC,Cabbage,Cabbage,Local,1500,1500,1500,09/04/2026
Tamil Nadu,Ranipet,Arcot(Uzhavar Sandhai ) APMC,Cabbage,Cabbage,Local,2000,2000,2000,09/04/2026
Tamil Nadu,Thirupathur,Natrampalli(Uzhavar Sandhai ) APMC,Cabbage,Cabbage,Local,2500,3000,2750,09/04/2026
Tamil Nadu,Tuticorin,Tuticorin(Uzhavar Sandhai ) APMC,Cabbage,Cabbage,Local,2500,3000,2750,09/04/2026
Tamil Nadu,Dindigul,Chinnalapatti(Uzhavar Sandhai ) APMC,Cabbage,Cabbage,Local,2500,3000,2750,09/04/2026
Tamil Nadu,Kancheepuram,Kundrathur(Uzhavar Sandhai ) APMC,Cabbage,Cabbage,Local,1500,1500,1500,09/04/2026
Tamil Nadu,Krishnagiri,Krishnagiri(Uzhavar Sandhai ) APMC,Cabbage,Cabbage,Local,1000,1500,1250,09/04/2026
Tamil Nadu,Perambalur,Perambalur(Uzhavar Sandhai ) APMC,Cabbage,Cabbage,Local,2400,2600,2500,09/04/2026
Tamil Nadu,Thanjavur,Thanjavur(Uzhavar Sandhai ) APMC,Cabbage,Cabbage,Local,2400,2400,2400,09/04/2026
Tamil Nadu,Thiruvellore,Ambattur(Uzhavar Sandhai ) APMC,Cabbage,Cabbage,Local,2000,2000,2000,09/04/2026
Tamil Nadu,Thiruvellore,Paruthipattu(Uzhavar Sandhai ) APMC,Cabbage,Cabbage,Local,3000,3000,3000,09/04/2026
Tamil Nadu,Thiruvannamalai,Chengam(Uzhavar Sandhai ) APMC,Cabbage,Cabbage,Local,2500,3000,2750,09/04/2026
Tamil Nadu,Thiruchirappalli,Musiri(Uzhavar Sandhai ) APMC,Cabbage,Cabbage,Local,1500,2000,1750,09/04/2026
Tamil Nadu,Thiruchirappalli,Lalgudi(Uzhavar Sandhai ) APMC,Cabbage,Cabbage,Local,2000,2000,2000,09/04/2026
Tamil Nadu,Theni,Periyakulam(Uzhavar Sandhai ) APMC,Cabbage,Cabbage,Local,1800,2000,1900,09/04/2026
Tamil Nadu,Virudhunagar,Srivilliputhur(Uzhavar Sandhai ) APMC,Cabbage,Cabbage,Local,2500,3000,2750,09/04/2026
Tamil Nadu,Erode,Sathiyamagalam(Uzhavar Sandhai ) APMC,Cabbage,Cabbage,Local,2000,2400,2200,09/04/2026
Tamil Nadu,Ariyalur,Jeyankondam (Uzhavar Sandhai ) APMC,Cabbage,Cabbage,Local,2000,2500,2250,09/04/2026
Tamil Nadu,Coimbatore,Mettupalayam(Uzhavar Sandhai ) APMC,Cabbage,Cabbage,Local,2000,2400,2200,09/04/2026
Tamil Nadu,Nagapattinam,Mayiladuthurai(Uzhavar Sandhai ) APMC,Cabbage,Cabbage,Local,3000,3000,3000,09/04/2026
Tamil Nadu,Villupuram,Tindivanam APMC,Cabbage,Cabbage,Local,2500,2500,2500,09/04/2026
Tamil Nadu,Thanjavur,Papanasam(Uzhavar Sandhai ) APMC,Cabbage,Cabbage,Local,2400,2400,2400,09/04/2026
Tamil Nadu,Cuddalore,Cuddalore(Uzhavar Sandhai ) APMC,Cabbage,Cabbage,Local,2500,2500,2500,09/04/2026
Tamil Nadu,Dindigul,Dindigul(Uzhavar Sandhai ) APMC,Cabbage,Cabbage,Local,2500,3000,2750,09/04/2026
Tamil Nadu,Namakkal,Mohanur(Uzhavar Sandhai ) APMC,Cabbage,Cabbage,Local,2000,2500,2250,09/04/2026
Tamil Nadu,Virudhunagar,Sivakasi(Uzhavar Sandhai ) APMC,Cabbage,Cabbage,Local,2500,3000,2750,09/04/2026
Tamil Nadu,Virudhunagar,Sathur(Uzhavar Sandhai ) APMC,Cabbage,Cabbage,Local,2500,3000,2750,09/04/2026
Tamil Nadu,Chengalpattu,Guduvancheri(Uzhavar Sandhai ) APMC,Cabbage,Cabbage,Local,1800,2000,1900,09/04/2026
Tamil Nadu,Salem,Hasthampatti(Uzhavar Sandhai ) APMC,Cabbage,Cabbage,Local,3000,3200,3100,09/04/2026
Tamil Nadu,Sivaganga,Sivagangai (Uzhavar Sandhai ) APMC,Cabbage,Cabbage,Local,1800,2000,1900,09/04/2026
Tamil Nadu,Sivaganga,Devakottai (Uzhavar Sandhai ) APMC,Cabbage,Cabbage,Local,1800,2000,1900,09/04/2026
Tamil Nadu,Sivaganga,Tirupatthur(Uzhavar Sandhai ) APMC,Cabbage,Cabbage,Local,1800,2000,1900,09/04/2026
Tamil Nadu,Theni,Devaram(Uzhavar Sandhai ) APMC,Cabbage,Cabbage,Local,2000,2000,2000,09/04/2026
Tamil Nadu,Thirunelveli,Palayamkottai(Uzhavar Sandhai ) APMC,Cabbage,Cabbage,Local,1800,2000,1900,09/04/2026
Tamil Nadu,Thiruvarur,Muthupettai(Uzhavar Sandhai ) APMC,Cabbage,Cabbage,Local,3000,3000,3000,09/04/2026
Tamil Nadu,Tuticorin,Kovilpatti(Uzhavar Sandhai ) APMC,Cabbage,Cabbage,Local,2000,2500,2250,09/04/2026
Tamil Nadu,Erode,Sampath Nagar(Uzhavar Sandhai ) APMC,Cabbage,Cabbage,Local,1200,1500,1350,09/04/2026
Tamil Nadu,Coimbatore,Pollachi(Uzhavar Sandhai ) APMC,Cabbage,Cabbage,Local,1600,2000,1800,09/04/2026
Tamil Nadu,Coimbatore,Sulur(Uzhavar Sandhai ) APMC,Cabbage,Cabbage,Local,1600,1800,1700,09/04/2026
Tamil Nadu,Salem,Thammampatti (Uzhavar Sandhai ) APMC,Cabbage,Cabbage,Local,2500,2500,2500,09/04/2026
Tamil Nadu,Coimbatore,Udumalpet APMC,Cabbage,Cabbage,Local,2000,2500,2250,09/04/2026
Tamil Nadu,Thiruvannamalai,Cheyyar(Uzhavar Sandhai ) APMC,Cabbage,Cabbage,Local,2000,2400,2200,09/04/2026
Tamil Nadu,Coimbatore,Sundarapuram(Uzhavar Sandhai ) APMC,Cabbage,Cabbage,Local,1600,2000,1800,09/04/2026
Tamil Nadu,Villupuram,Gingee(Uzhavar Sandhai ) APMC,Cabbage,Cabbage,Local,2500,2500,2500,09/04/2026
Tamil Nadu,Chengalpattu,Jameenrayapettai(Uzhavar Sandhai ) APMC,Cabbage,Cabbage,Local,1800,2000,1900,09/04/2026
Tamil Nadu,Kallakuruchi,Kallakurichi(Uzhavar Sandhai ) APMC,Cabbage,Cabbage,Local,2000,2000,2000,09/04/2026
Tamil Nadu,Nagercoil (Kannyiakumari),Vadaseri APMC,Cabbage,Cabbage,Local,3000,3500,3250,09/04/2026
Tamil Nadu,Kancheepuram,Padappai(Uzhavar Sandhai ) APMC,Cabbage,Cabbage,Local,1000,1500,1250,09/04/2026
Tamil Nadu,Kancheepuram,Sunguvarchatram(Uzhavar Sandhai ) APMC,Cabbage,Cabbage,Local,1200,1500,1350,09/04/2026
Tamil Nadu,Karur,Kulithalai(Uzhavar Sandhai ) APMC,Cabbage,Cabbage,Local,1600,2000,1800,09/04/2026
Tamil Nadu,Madurai,Palanganatham(Uzhavar Sandhai ) APMC,Cabbage,Cabbage,Local,1500,2000,1750,09/04/2026
Tamil Nadu,Nagapattinam,Nagapattinam(Uzhavar Sandhai ) APMC,Cabbage,Cabbage,Local,3000,3800,3400,09/04/2026
Tamil Nadu,Nagapattinam,Sirkali(Uzhavar Sandhai ) APMC,Cabbage,Cabbage,Local,2500,3000,2750,09/04/2026
Tamil Nadu,Namakkal,Namakkal(Uzhavar Sandhai ) APMC,Cabbage,Cabbage,Local,1500,1800,1650,09/04/2026
Tamil Nadu,Namakkal,Kumarapalayam(Uzhavar Sandhai ) APMC,Cabbage,Cabbage,Local,1500,2000,1750,09/04/2026
Tamil Nadu,Ramanathapuram,Ramanathapuram(Uzhavar Sandhai ) APMC,Cabbage,Cabbage,Local,3000,3500,3250,09/04/2026
Tamil Nadu,Ramanathapuram,Paramakudi(Uzhavar Sandhai ) APMC,Cabbage,Cabbage,Local,2500,3000,2750,09/04/2026
Tamil Nadu,Salem,Sooramangalam(Uzhavar Sandhai ) APMC,Cabbage,Cabbage,Local,2500,3000,2750,09/04/2026
Tamil Nadu,Salem,Jalagandapuram(Uzhavar Sandhai ) APMC,Cabbage,Cabbage,Local,2500,3000,2750,09/04/2026
Tamil Nadu,Salem,Edapadi (Uzhavar Sandhai ) APMC,Cabbage,Cabbage,Local,2000,2500,2250,09/04/2026
Tamil Nadu,Sivaganga,Karaikudi(Uzhavar Sandhai ) APMC,Cabbage,Cabbage,Local,1800,2000,1900,09/04/2026
Tamil Nadu,Theni,Theni(Uzhavar Sandhai ) APMC,Cabbage,Cabbage,Local,2000,2000,2000,09/04/2026
Tamil Nadu,Theni,Chinnamanur(Uzhavar Sandhai ) APMC,Cabbage,Cabbage,Local,2000,2000,2000,09/04/2026
Tamil Nadu,Thiruvellore,Tiruthani(Uzhavar Sandhai ) APMC,Cabbage,Cabbage,Local,2000,2000,2000,09/04/2026
Tamil Nadu,Thiruvannamalai,Arani(Uzhavar Sandhai ) APMC,Cabbage,Cabbage,Local,2000,2400,2200,09/04/2026
Tamil Nadu,Thiruchirappalli,Thiruverumbur(Uzhavar Sandhai ) APMC,Cabbage,Cabbage,Local,2500,2500,2500,09/04/2026
Tamil Nadu,Vellore,Katpadi (Uzhavar Sandhai ) APMC,Cabbage,Cabbage,Local,2000,2000,2000,09/04/2026
Tamil Nadu,Thanjavur,Kumbakonam (Uzhavar Sandhai ) APMC,Cabbage,Cabbage,Local,2400,2400,2400,09/04/2026
Tamil Nadu,Salem,Vazhapadi(Uzhavar Sandhai),Cabbage,Cabbage,Local,2500,2500,2500,09/04/2026
Tamil Nadu,Dharmapuri,Harur(Uzhavar Sandhai ) APMC,Cabbage,Cabbage,Local,2400,2600,2500,09/04/2026
Tamil Nadu,Theni,Andipatti(Uzhavar Sandhai ) APMC,Cabbage,Cabbage,Local,1800,2000,1900,09/04/2026
Tamil Nadu,Ariyalur,Ariyalur(Uzhavar Sandhai) APMC,Cabbage,Cabbage,Local,2000,2500,2250,09/04/2026
Tamil Nadu,Coimbatore,RSPuram(Uzhavar Sandhai ) APMC,Cabbage,Cabbage,Local,1200,1600,1400,09/04/2026
Tamil Nadu,Dharmapuri,Palacode(Uzhavar Sandhai ) APMC,Cabbage,Cabbage,Local,2000,2500,2250,09/04/2026
Tamil Nadu,Dindigul,Palani(Uzhavar Sandhai ) APMC,Cabbage,Cabbage,Local,1500,2000,1750,09/04/2026
Tamil Nadu,Erode,Thalavadi(Uzhavar Sandhai ) APMC,Cabbage,Cabbage,Local,1000,1300,1150,09/04/2026
Tamil Nadu,Krishnagiri,Hosur(Uzhavar Sandhai ) APMC,Cabbage,Cabbage,Local,800,1000,900,09/04/2026
Tamil Nadu,Madurai,Anna nagar(Uzhavar Sandhai ) APMC,Cabbage,Cabbage,Local,1400,1600,1500,09/04/2026
Tamil Nadu,Madurai,Chokkikulam(Uzhavar Sandhai ) APMC,Cabbage,Cabbage,Local,1400,1600,1500,09/04/2026
Tamil Nadu,Namakkal,Rasipuram(Uzhavar Sandhai ) APMC,Cabbage,Cabbage,Local,1800,2000,1900,09/04/2026
Tamil Nadu,Pudukkottai,Pudukottai(Uzhavar Sandhai ) APMC,Cabbage,Cabbage,Local,2000,2500,2250,09/04/2026
Tamil Nadu,Thiruchirappalli,Manachanallur(Uzhavar Sandhai ) APMC,Cabbage,Cabbage,Local,2400,2400,2400,09/04/2026
Tamil Nadu,Virudhunagar,Aruppukottai(Uzhavar Sandhai ) APMC,Cabbage,Cabbage,Local,2500,3000,2750,09/04/2026
Tamil Nadu,Virudhunagar,Rajapalayam(Uzhavar Sandhai ) APMC,Cabbage,Cabbage,Local,2500,3000,2750,09/04/2026
Tamil Nadu,Nagercoil (Kannyiakumari),Myladi(Uzhavar Sandhai ) APMC,Cabbage,Cabbage,Local,2500,3000,2750,09/04/2026
Tamil Nadu,Thirupathur,Vaniyampadi(Uzhavar Sandhai ) APMC,Cabbage,Cabbage,Local,3000,3000,3000,09/04/2026
Tamil Nadu,Salem,Elampillai(Uzhavar Sandhai ) APMC,Cabbage,Cabbage,Local,2500,3000,2750,09/04/2026
Tamil Nadu,Sivaganga,Singampunari(Uzhavar Sandhai ) APMC,Cabbage,Cabbage,Local,2000,2000,2000,09/04/2026
Tamil Nadu,Thanjavur,Pattukottai(Uzhavar Sandhai ) APMC,Cabbage,Cabbage,Local,2200,2200,2200,09/04/2026
Tamil Nadu,Theni,Bodinayakanur(Uzhavar Sandhai ) APMC,Cabbage,Cabbage,Local,2000,2000,2000,09/04/2026
Tamil Nadu,Thirunelveli,NGO Colony(Uzhavar Sandhai ) APMC,Cabbage,Cabbage,Local,1800,2000,1900,09/04/2026
Tamil Nadu,Thiruvannamalai,Tiruvannamalai(Uzhavar Sandhai ) APMC,Cabbage,Cabbage,Local,1500,2000,1750,09/04/2026
Tamil Nadu,Thiruvannamalai,Polur(Uzhavar Sandhai ) APMC,Cabbage,Cabbage,Local,2000,2400,2200,09/04/2026
Tamil Nadu,Thiruvannamalai,Keelpennathur(Uzhavar Sandhai ) APMC,Cabbage,Cabbage,Local,2000,2500,2250,09/04/2026
Tamil Nadu,Thiruchirappalli,KKNagar(Uzhavar Sandhai ) APMC,Cabbage,Cabbage,Local,2600,2600,2600,09/04/2026
Tamil Nadu,Thiruchirappalli,Manapparai(Uzhavar Sandhai ) APMC,Cabbage,Cabbage,Local,2600,2600,2600,09/04/2026
Madhya Pradesh,Khandwa,Sanawad(F&V) APMC,Cabbage,Cabbage,Grade A,800,1000,900,09/04/2026
Madhya Pradesh,Burhanpur,Burhanpur(F&V) APMC,Cabbage,Cabbage,Local,500,850,650,09/04/2026
Madhya Pradesh,Khandwa,Khandwa(F&V) APMC,Cabbage,Cabbage,FAQ,300,600,420,09/04/2026
Madhya Pradesh,Dhar,Kukshi(F&V) APMC,Cabbage,Cabbage,Grade A,500,800,600,09/04/2026
Madhya Pradesh,Hoshangabad,Pipariya(F&V) APMC,Cabbage,Cabbage,Local,400,1250,800,09/04/2026
Madhya Pradesh,Dewas,Dewas(F&V) APMC,Cabbage,Other,FAQ,400,800,600,09/04/2026
Madhya Pradesh,Indore,Indore(F&V) APMC,Cabbage,Cabbage,Local,100,500,300,09/04/2026
Madhya Pradesh,Shivpuri,Shivpuri(F&V) APMC,Cabbage,Other,Grade B,1000,1000,1000,09/04/2026
Madhya Pradesh,Badwani,Badwani(F&V) APMC,Cabbage,Cabbage,Local,800,800,800,09/04/2026
Madhya Pradesh,Indore,Sanwer(F&V) APMC,Cabbage,Cabbage,Grade A,700,1000,800,09/04/2026
Madhya Pradesh,Badwani,Sendhwa(F&V) APMC,Cabbage,Cabbage,Medium,1200,1800,1500,09/04/2026
Maharashtra,Jalgaon,Bhusaval APMC,Cabbage,Other,Local,500,1000,800,09/04/2026
Maharashtra,Nagpur,Kalmeshwar APMC,Cabbage,Other,Local,230,500,460,09/04/2026
Maharashtra,Sangli,Islampur APMC,Cabbage,Other,Local,600,1000,800,09/04/2026
Maharashtra,Satara,Karad APMC,Cabbage,Other,Local,800,1000,1000,09/04/2026
Maharashtra,Sholapur,Solapur APMC,Cabbage,Other,Local,250,500,400,09/04/2026
Maharashtra,Ahmednagar,Shrirampur APMC,Cabbage,Other,Local,300,500,400,09/04/2026
Maharashtra,Mumbai,Mumbai APMC,Cabbage,Other,Local,300,600,450,09/04/2026
Maharashtra,Nagpur,Kamthi APMC,Cabbage,Other,Local,1530,2030,1780,09/04/2026
Maharashtra,Nagpur,Nagpur APMC,Cabbage,Other,Local,300,400,350,09/04/2026
Maharashtra,Ratnagiri,Ratnagiri (Nachane) APMC,Cabbage,Other,Local,800,1000,900,09/04/2026
Maharashtra,Pune,Khed(Chakan) APMC,Cabbage,Other,Local,500,700,600,09/04/2026
Maharashtra,Pune,Pune(Manjri) APMC,Cabbage,Other,Local,600,1000,800,09/04/2026
Maharashtra,Sholapur,Akluj APMC,Cabbage,Other,Local,500,800,700,09/04/2026
Maharashtra,Ahmednagar,Ahmednagar APMC,Cabbage,Other,Local,500,800,650,09/04/2026
Maharashtra,Satara,Satara APMC,Cabbage,Other,Local,500,600,550,09/04/2026
Maharashtra,Nagpur,Ramtek APMC,Cabbage,Other,Local,600,800,700,09/04/2026
Maharashtra,Pune,Junnar(Narayangaon) APMC,Cabbage,Other,Local,200,450,300,09/04/2026
Maharashtra,Pune,Khed APMC,Cabbage,Other,Local,300,800,500,09/04/2026
Maharashtra,Pune,Pune APMC,Cabbage,Other,Local,300,1000,650,09/04/2026
Maharashtra,Pune,Pune(Pimpri) APMC,Cabbage,Other,Local,700,1200,950,09/04/2026
Maharashtra,Chattrapati Sambhajinagar,Chattrapati Sambhajinagar APMC,Cabbage,Other,Local,300,500,400,09/04/2026
Maharashtra,Chandrapur,Chandrapur(Ganjwad) APMC,Cabbage,Other,Local,400,600,500,09/04/2026
Maharashtra,Kolhapur,Kolhapur APMC,Cabbage,Other,Local,500,900,700,09/04/2026
Maharashtra,Nashik,Nasik APMC,Cabbage,Other,Local,250,500,330,09/04/2026
Maharashtra,Pune,Pune(Moshi) APMC,Cabbage,Other,Local,500,1000,750,09/04/2026
Maharashtra,Ahmednagar,Rahata APMC,Cabbage,Other,Local,200,500,350,09/04/2026
Uttar Pradesh,Bulandshahar,Sikarpur APMC,Cabbage,Cabbage,FAQ,1400,1500,1450,09/04/2026
Uttar Pradesh,Etawah,Jasvantnagar APMC,Cabbage,Cabbage,Medium,1100,1200,1150,09/04/2026
Uttar Pradesh,Shamli,Kairana APMC,Cabbage,Cabbage,FAQ,1100,1200,1150,09/04/2026
Uttar Pradesh,Pratapgarh,Pratapgarh APMC,Cabbage,Cabbage,FAQ,1320,1320,1320,09/04/2026
Uttar Pradesh,Shamli,Khandhla APMC,Cabbage,Cabbage,FAQ,1100,1130,1115,09/04/2026
Uttar Pradesh,Lalitpur,Lalitpur APMC,Cabbage,Other,FAQ,1300,1380,1340,09/04/2026
Uttar Pradesh,Khiri (Lakhimpur),Maigalganj APMC,Cabbage,Cabbage,FAQ,1200,1230,1215,09/04/2026
Uttar Pradesh,Mathura,Kosikalan APMC,Cabbage,Cabbage,FAQ,800,900,860,09/04/2026
Uttar Pradesh,Aligarh,Charra APMC,Cabbage,Cabbage,FAQ,1000,1100,1050,09/04/2026
Uttar Pradesh,Sonbhadra,Dudhi APMC,Cabbage,Cabbage,Local,900,1100,1000,09/04/2026
Uttar Pradesh,Kanpur Dehat,Pukharayan APMC,Cabbage,Cabbage,FAQ,1025,1050,1040,09/04/2026
Rajasthan,Jalore,Jalore APMC,Cabbage,Cabbage,Local,800,1000,900,09/04/2026
Rajasthan,Jaipur,Jaipur (F&V) APMC,Cabbage,Cabbage,FAQ,500,700,600,09/04/2026
Rajasthan,Ganganagar,Sriganganagar (F&V) APMC,Cabbage,Cabbage,Local,300,700,500,09/04/2026
Rajasthan,Ajmer,Ajmer(F&V) APMC,Cabbage,Other,Medium,700,1500,1200,09/04/2026
Karnataka,Chamrajnagar,Chamaraj Nagar APMC,Cabbage,Cabbage,Local,500,800,650,09/04/2026
Karnataka,Kolar,Bangarpet APMC,Cabbage,Cabbage,Local,300,400,300,09/04/2026
Karnataka,Bangalore,Ramanagara APMC,Cabbage,Cabbage,Local,800,1000,900,09/04/2026
Karnataka,Shimoga,Shimoga APMC,Cabbage,Cabbage,Local,400,600,500,09/04/2026
Karnataka,Kolar,Gowribidanoor APMC,Cabbage,Cabbage,Local,400,800,600,09/04/2026
Karnataka,Bangalore,"Binny Mill (F&V), Bangalore APMC",Cabbage,Cabbage,Local,900,1100,1000,09/04/2026
Gujarat,Morbi,Morbi APMC,Cabbage,Cabbage,FAQ,400,600,500,09/04/2026
Gujarat,Dahod,Dahod(Veg. Market) APMC,Cabbage,Cabbage,Local,200,1000,500,09/04/2026
Gujarat,Gandhinagar,Mansa(Manas Veg Yard) APMC,Cabbage,Other,Local,500,1000,1000,09/04/2026
Gujarat,Amreli,Damnagar APMC,Cabbage,Cabbage,Local,3500,3500,3500,09/04/2026
Gujarat,Navsari,Bilimora APMC,Cabbage,Other,FAQ,500,800,700,09/04/2026
Gujarat,Kheda,Kapadvanj APMC,Cabbage,Cabbage,Medium,250,300,270,09/04/2026
Gujarat,Banaskanth,Deesa(Deesa Veg Yard) APMC,Cabbage,Other,FAQ,1000,1400,1200,09/04/2026
Gujarat,Surendranagar,Vadhvan APMC,Cabbage,Cabbage,Medium,500,1000,750,09/04/2026
Gujarat,Porbandar,Porbandar APMC,Cabbage,Cabbage,Local,500,1000,750,09/04/2026
Gujarat,Ahmedabad,Ahmedabad APMC,Cabbage,Other,FAQ,400,1000,750,09/04/2026
Gujarat,Navsari,Navsari APMC,Cabbage,Cabbage,Local,1000,1500,1250,09/04/2026
Gujarat,Mehsana,Mehsana(Mehsana Veg) APMC,Cabbage,Cabbage,Local,700,1500,900,09/04/2026
Gujarat,Gir Somnath,Talalagir APMC,Cabbage,Cabbage,FAQ,1000,1250,1100,09/04/2026
Gujarat,Rajkot,Gondal(Veg.market Gondal) APMC,Cabbage,Cabbage,Local,300,1200,750,09/04/2026
Gujarat,Surat,Surat APMC,Cabbage,Cabbage,FAQ,400,1700,1050,09/04/2026
Punjab,Sangrur,Lehra Gaga APMC,Cabbage,Other,Grade A,1000,1000,1000,09/04/2026
Punjab,Ludhiana,Khanna APMC,Cabbage,Other,Grade A,700,700,700,09/04/2026
Punjab,Gurdaspur,Quadian APMC,Cabbage,Other,FAQ,500,700,600,09/04/2026
Punjab,Fazilka,Jalalabad APMC,Cabbage,Other,Medium,700,800,750,09/04/2026
Punjab,Mohali,Kurali APMC,Cabbage,Other,Medium,600,720,658,09/04/2026
Punjab,Sangrur,Bhawanigarh APMC,Cabbage,Other,Medium,450,450,450,09/04/2026
Punjab,Patiala,Patiala APMC,Cabbage,Cabbage,Grade A,200,500,400,09/04/2026
Punjab,Patiala,Patran APMC,Cabbage,Other,Grade A,450,450,450,09/04/2026
Punjab,Fatehgarh,Bassi Pathana APMC,Cabbage,Cabbage,Medium,400,600,500,09/04/2026
Punjab,Nawanshahr,Nawan Shahar(Subzi Mandi) APMC,Cabbage,Cabbage,FAQ,700,800,730,09/04/2026
Punjab,Gurdaspur,Gurdaspur APMC,Cabbage,Other,Grade A,750,750,750,09/04/2026
Punjab,Hoshiarpur,Mukerian APMC,Cabbage,Cabbage,Grade B,1200,1400,1300,09/04/2026
Punjab,Mansa,Mansa APMC,Cabbage,Cabbage,FAQ,900,900,900,09/04/2026
Punjab,Hoshiarpur,Garh Shankar APMC,Cabbage,Cabbage,FAQ,700,700,700,09/04/2026
Punjab,Hoshiarpur,Tanda Urmur APMC,Cabbage,Cabbage,Grade A,900,1100,1000,09/04/2026
Punjab,Moga,Baghapurana APMC,Cabbage,Cabbage,Grade B,600,800,700,09/04/2026
Punjab,Muktsar,Giddarbaha APMC,Cabbage,Cabbage,FAQ,2600,2600,2600,09/04/2026
Punjab,Jalandhar,Bhogpur APMC,Cabbage,Cabbage,Local,800,800,800,09/04/2026
Punjab,Hoshiarpur,GarhShankar (Kotfatuhi) APMC,Cabbage,Cabbage,FAQ,600,600,600,09/04/2026
Punjab,Jalandhar,Jalandhar City(Jalandhar) APMC,Cabbage,Other,FAQ,300,500,400,09/04/2026
Punjab,Ludhiana,Ludhiana APMC,Cabbage,Other,FAQ,200,400,300,09/04/2026
Andhra Pradesh,Chittor,Palamaner APMC,Cabbage,Cabbage,FAQ,800,1200,1000,09/04/2026
West Bengal,Jhargram,Jhargram APMC,Cabbage,Other,FAQ,1400,1800,1600,09/04/2026
West Bengal,Paschim Bardhaman,Durgapur APMC,Cabbage,Other,FAQ,1300,1450,1350,09/04/2026
West Bengal,Puruliya,Balarampur APMC,Cabbage,Cabbage,Local,1500,2500,2000,09/04/2026
West Bengal,Nadia,Ranaghat APMC,Cabbage,Other,FAQ,1400,1500,1500,09/04/2026
West Bengal,Nadia,Kalyani APMC,Cabbage,Cabbage,Local,1200,1500,1400,09/04/2026
West Bengal,Darjeeling,Karsiyang(Matigara) APMC,Cabbage,Other,FAQ,2100,2300,2200,09/04/2026
West Bengal,Kolkata,Sealdah Koley Market APMC,Cabbage,Other,FAQ,1800,2500,2000,09/04/2026
West Bengal,Darjeeling,Darjeeling APMC,Cabbage,Other,FAQ,2100,2300,2200,09/04/2026
West Bengal,Medinipur(W),Medinipur(West) APMC,Cabbage,Cabbage,FAQ,1300,1400,1350,09/04/2026
West Bengal,Dakshin Dinajpur,Gangarampur(Dakshin Dinajpur) APMC,Cabbage,Other,FAQ,400,500,450,09/04/2026
West Bengal,Howrah,Uluberia APMC,Cabbage,Other,FAQ,1400,1800,1600,09/04/2026
West Bengal,Medinipur(W),Garbeta(Medinipur) APMC,Cabbage,Cabbage,FAQ,1600,2000,1800,09/04/2026
Odisha,Dhenkanal,Hindol APMC,Cabbage,Cabbage,Grade B,2000,2500,2200,09/04/2026
Odisha,Bargarh,Bargarh APMC,Cabbage,Cabbage,Medium,1100,1500,1300,09/04/2026
Odisha,Bolangir,Kantabaji APMC,Cabbage,Cabbage,Grade B,1500,1500,1500,09/04/2026
Odisha,Bargarh,Bargarh(Barapalli) APMC,Cabbage,Cabbage,Local,1200,1600,1400,09/04/2026
Odisha,Ganjam,Bhanjanagar APMC,Cabbage,Cabbage,FAQ,1800,2000,1900,09/04/2026
Odisha,Mayurbhanja,Udala APMC,Cabbage,Cabbage,FAQ,1000,1000,1000,09/04/2026
Odisha,Sundergarh,Panposh APMC,Cabbage,Cabbage,FAQ,2000,3000,2500,09/04/2026
Odisha,Sundergarh,Bonai APMC,Cabbage,Other,Local,1450,2000,1700,09/04/2026
Odisha,Mayurbhanja,Baripada APMC,Cabbage,Cabbage,Medium,1500,1800,1600,09/04/2026
Odisha,Kalahandi,Junagarh APMC,Cabbage,Other,Grade B,1500,1900,1700,09/04/2026
Odisha,Kalahandi,Kesinga APMC,Cabbage,Other,Grade B,1200,1600,1400,09/04/2026
Odisha,Bolangir,Tusura APMC,Cabbage,Other,Grade A,1500,1500,1500,09/04/2026
Odisha,Nayagarh,Bahadajholla APMC,Cabbage,Cabbage,Grade B,1300,1300,1300,09/04/2026
Odisha,Kalahandi,Bhawanipatna APMC,Cabbage,Other,FAQ,2000,2200,2200,09/04/2026
Odisha,Rayagada,Rayagada APMC,Cabbage,Cabbage,Local,1400,1500,1500,09/04/2026
Odisha,Nuapada,Khariar Road APMC,Cabbage,Cabbage,FAQ,2000,2000,2000,09/04/2026
Odisha,Gajapati,Parlakhemundi APMC,Cabbage,Cabbage,Grade Range-1,1800,2000,1900,09/04/2026
Odisha,Dhenkanal,Dhenkanal APMC,Cabbage,Cabbage,Grade B,1800,1800,1800,09/04/2026
Odisha,Keonjhar,Keonjhar APMC,Cabbage,Other,Local,1500,1600,1500,09/04/2026
Odisha,Keonjhar,Champua APMC,Cabbage,Other,Local,1000,1000,1000,09/04/2026
Telangana,Hyderabad,Bowenpally APMC,Cabbage,Cabbage,FAQ,400,700,600,09/04/2026
Telangana,Hyderabad,Gudimalkapur APMC,Cabbage,Cabbage,Grade B,200,500,300,09/04/2026
Telangana,Medak,Vantamamidi APMC,Cabbage,Cabbage,Local,500,600,550,09/04/2026
Telangana,Hyderabad,Bowenpally APMC,Cabbage,Other,FAQ,300,500,450,09/04/2026
Telangana,Mahbubnagar,Mahabubnagar(Rythu Bazar) APMC,Cabbage,Cabbage,Local,2000,2000,2000,09/04/2026
Telangana,Ranga Reddy,"Kukatpally,RBZ APMC",Cabbage,Cabbage,Medium,400,1000,700,09/04/2026
Telangana,Mahbubnagar,Shadnagar APMC,Cabbage,Cabbage,Local,800,1200,1000,09/04/2026
Telangana,Warangal,Warangal APMC,Cabbage,Cabbage,FAQ,1200,1600,1400,09/04/2026
Telangana,Hyderabad,Hyderabad (F&V) APMC,Cabbage,Cabbage,Medium,600,1000,800,09/04/2026
Telangana,Hyderabad,Gaddiannaram APMC,Cabbage,Cabbage,Medium,500,1000,700,09/04/2026
Kerala,Kollam,Chathanoor APMC,Cabbage,Other,FAQ,5800,6200,6000,09/04/2026
Kerala,Kottayam,Athirampuzha APMC,Cabbage,Cabbage,FAQ,2400,2600,2500,09/04/2026
Kerala,Kottayam,Ettumanoor APMC,Cabbage,Cabbage,FAQ,2800,3200,3000,09/04/2026
Kerala,Kozhikode(Calicut),Kallachi APMC,Cabbage,Cabbage,FAQ,1800,2200,2000,09/04/2026
Kerala,Kollam,Anchal APMC,Cabbage,Cabbage,Medium,5500,5500,5500,09/04/2026
Kerala,Malappuram,Parappanangadi APMC,Cabbage,Other,FAQ,1200,1400,1300,09/04/2026
Kerala,Alappuzha,Harippad APMC,Cabbage,Cabbage,FAQ,4000,4500,4000,09/04/2026
Kerala,Kottayam,Pala APMC,Cabbage,Cabbage,FAQ,2800,4000,3400,09/04/2026
Kerala,Ernakulam,Thrippunithura APMC,Cabbage,Cabbage,Medium,4000,5000,4200,09/04/2026
Kerala,Kottayam,Pampady APMC,Cabbage,Cabbage,FAQ,5000,6000,5500,09/04/2026
Kerala,Alappuzha,Kayamkulam APMC,Cabbage,Other,FAQ,2000,2200,2100,09/04/2026
Kerala,Palakad,Koduvayoor APMC,Cabbage,Cabbage,Medium,1500,1900,1700,09/04/2026
Kerala,Malappuram,Perinthalmanna APMC,Cabbage,Cabbage,Large,1500,1500,1500,09/04/2026
Kerala,Kozhikode(Calicut),Mukkom APMC,Cabbage,Cabbage,FAQ,2200,2400,2300,09/04/2026
Kerala,Kottayam,Kuruppanthura APMC,Cabbage,Other,Local,4500,4500,4500,09/04/2026
Kerala,Alappuzha,Chengannur APMC,Cabbage,Other,FAQ,2700,3000,2800,09/04/2026
Kerala,Thirssur,Irinjalakkuda APMC,Cabbage,Cabbage,FAQ,3000,3000,3000,09/04/2026
Kerala,Ernakulam,Perumbavoor APMC,Cabbage,Cabbage,Medium,2500,3500,3000,09/04/2026
Kerala,Alappuzha,Aroor APMC,Cabbage,Other,FAQ,3200,3400,3300,09/04/2026
Kerala,Ernakulam,Piravam APMC,Cabbage,Cabbage,Local,4000,5000,4500,09/04/2026
Uttarakhand,Dehradoon,Rishikesh APMC,Cabbage,Other,Medium,200,400,350,09/04/2026
Uttarakhand,Haridwar,Haridwar Union APMC,Cabbage,Other,FAQ,300,400,350,09/04/2026
Uttarakhand,Dehradoon,Dehradoon APMC,Cabbage,Cabbage,FAQ,850,1050,950,09/04/2026
Uttarakhand,Udhamsinghnagar,Rudrapur APMC,Cabbage,Other,Medium,1500,2500,2000,09/04/2026
Himachal Pradesh,Bilaspur,PMY Bilaspur,Cabbage,Other,Grade B,800,1000,900,09/04/2026
Himachal Pradesh,Mandi,PMY Kangni Mandi,Cabbage,Cabbage,Grade B,500,1000,700,09/04/2026
Himachal Pradesh,Kangra,SMY Jaisinghpur,Cabbage,Cabbage,FAQ,1100,1400,1200,09/04/2026
Himachal Pradesh,Una,SMY Santoshgarh,Cabbage,Cabbage,FAQ,600,600,600,09/04/2026
Himachal Pradesh,Kangra,SMY Dharamshala,Cabbage,Cabbage,FAQ,1000,1200,1100,09/04/2026
Himachal Pradesh,Chamba,PMY Chamba,Cabbage,Cabbage,Medium,1000,1500,1250,09/04/2026
Himachal Pradesh,Mandi,SMY Takoli,Cabbage,Other,Medium,1000,2000,1500,09/04/2026
Himachal Pradesh,Mandi,SMY Dhanotu,Cabbage,Cabbage,FAQ,600,800,700,09/04/2026
Himachal Pradesh,Solan,SMY Nalagarh,Cabbage,Other,Medium,500,1000,700,09/04/2026
Himachal Pradesh,Kangra,SMY Baijnath,Cabbage,Cabbage,Grade A,1000,1200,1100,09/04/2026
Himachal Pradesh,Una,PMY Una,Cabbage,Cabbage,FAQ,600,700,650,09/04/2026
Himachal Pradesh,Kangra,SMY Palampur,Cabbage,Cabbage,FAQ,1000,1200,1100,09/04/2026
Himachal Pradesh,Solan,PMY Kather Solan,Cabbage,Cabbage,Medium,600,800,700,09/04/2026
Himachal Pradesh,Hamirpur,PMY Hamirpur,Cabbage,Cabbage,Grade B,1000,1200,1100,09/04/2026
Himachal Pradesh,Hamirpur,SMY Nadaun,Cabbage,Other,Grade B,1000,1200,1100,09/04/2026
Himachal Pradesh,Kullu,PMY Kullu,Cabbage,Other,FAQ,800,1200,1000,09/04/2026
Tamil Nadu,Dharmapuri,Harur(Uzhavar Sandhai ) APMC,Bitter gourd,Other,Local,3500,4000,3750,09/04/2026
Tamil Nadu,The Nilgiris,Coonoor(Uzhavar Sandhai ) APMC,Bitter gourd,Other,Local,3800,4000,3900,09/04/2026
Tamil Nadu,Namakkal,Paramathivelur(Uzhavar Sandhai ) APMC,Bitter gourd,Other,Local,4400,5000,4700,09/04/2026
Tamil Nadu,Vellore,Katpadi (Uzhavar Sandhai ) APMC,Bitter gourd,Bitter Gourd,Local,3500,3500,3500,09/04/2026
Tamil Nadu,Thanjavur,Peravurani(Uzhavar Sandhai),Bitter gourd,Bitter Gourd,Local,5000,5000,5000,09/04/2026
Tamil Nadu,Pudukkottai,Ponnamaravathi(Uzhavar Sandhai),Bitter gourd,Bitter Gourd,Local,2500,3000,2750,09/04/2026
Tamil Nadu,Salem,Vazhapadi(Uzhavar Sandhai),Bitter gourd,Bitter Gourd,Local,4000,4000,4000,09/04/2026
Tamil Nadu,Karur,Gandhigramam(Uzhavar Sandhai),Bitter gourd,Other,Local,3500,4000,3750,09/04/2026
Tamil Nadu,Dindigul,Vedasanthur(Uzhavar Sandhai ) APMC,Bitter gourd,Other,Local,3000,3600,3300,09/04/2026
Tamil Nadu,Erode,Sampath Nagar(Uzhavar Sandhai ) APMC,Bitter gourd,Other,Local,3600,4000,3800,09/04/2026
Tamil Nadu,Virudhunagar,Aruppukottai(Uzhavar Sandhai ) APMC,Bitter gourd,Bitter Gourd,Local,4000,5000,4500,09/04/2026
Tamil Nadu,Virudhunagar,Sivakasi(Uzhavar Sandhai ) APMC,Bitter gourd,Bitter Gourd,Local,4000,5000,4500,09/04/2026
Tamil Nadu,Chengalpattu,Madhuranthagam(Uzhavar Sandhai ) APMC,Bitter gourd,Bitter Gourd,Local,3000,4000,3500,09/04/2026
Tamil Nadu,Chengalpattu,Thirukalukundram(Uzhavar Sandhai ) APMC,Bitter gourd,Bitter Gourd,Local,4000,5000,4500,09/04/2026
Tamil Nadu,Thirupathur,Natrampalli(Uzhavar Sandhai ) APMC,Bitter gourd,Bitter Gourd,Local,3000,4000,3500,09/04/2026
Tamil Nadu,Tenkasi,Tenkasi(Uzhavar Sandhai ) APMC,Bitter gourd,Other,Local,4000,4000,4000,09/04/2026
Tamil Nadu,Tuticorin,Tuticorin(Uzhavar Sandhai ) APMC,Bitter gourd,Other,Local,5000,6000,5500,09/04/2026
Tamil Nadu,Salem,Attayampatti(Uzhavar Sandhai ) APMC,Bitter gourd,Bitter Gourd,Local,4000,4400,4200,09/04/2026
Tamil Nadu,Salem,Hasthampatti(Uzhavar Sandhai ) APMC,Bitter gourd,Bitter Gourd,Local,3800,4000,3900,09/04/2026
Tamil Nadu,Salem,Edapadi (Uzhavar Sandhai ) APMC,Bitter gourd,Other,Local,3500,4000,3750,09/04/2026
Tamil Nadu,Theni,Theni(Uzhavar Sandhai ) APMC,Bitter gourd,Other,Local,2800,2800,2800,09/04/2026
Tamil Nadu,Theni,Bodinayakanur(Uzhavar Sandhai ) APMC,Bitter gourd,Other,Local,3000,3000,3000,09/04/2026
Tamil Nadu,Thiruvannamalai,Arani(Uzhavar Sandhai ) APMC,Bitter gourd,Bitter Gourd,Local,3500,4200,3850,09/04/2026
Tamil Nadu,Thiruvannamalai,Vandavasi(Uzhavar Sandhai ) APMC,Bitter gourd,Other,Local,3000,3500,3250,09/04/2026
Tamil Nadu,Cuddalore,Panruti(Uzhavar Sandhai ) APMC,Bitter gourd,Bitter Gourd,Local,4000,4000,4000,09/04/2026
Tamil Nadu,Dindigul,Chinnalapatti(Uzhavar Sandhai ) APMC,Bitter gourd,Bitter Gourd,Local,3500,4000,3750,09/04/2026
Tamil Nadu,Kancheepuram,Sunguvarchatram(Uzhavar Sandhai ) APMC,Bitter gourd,Other,Local,3500,4000,3750,09/04/2026
Tamil Nadu,Krishnagiri,Hosur(Uzhavar Sandhai ) APMC,Bitter gourd,Bitter Gourd,Local,3500,4000,3750,09/04/2026
Tamil Nadu,Madurai,Palanganatham(Uzhavar Sandhai ) APMC,Bitter gourd,Bitter Gourd,Local,3000,3600,3300,09/04/2026
Tamil Nadu,Madurai,Anaiyur(Uzhavar Sandhai ) APMC,Bitter gourd,Bitter Gourd,Local,3000,3600,3300,09/04/2026
Tamil Nadu,Nagapattinam,Nagapattinam(Uzhavar Sandhai ) APMC,Bitter gourd,Other,Local,4000,4500,4250,09/04/2026
Tamil Nadu,Namakkal,Mohanur(Uzhavar Sandhai ) APMC,Bitter gourd,Other,Local,4500,5200,4850,09/04/2026
Tamil Nadu,Pudukkottai,Alangudi(Uzhavar Sandhai ) APMC,Bitter gourd,Other,Local,2500,3000,2750,09/04/2026
Tamil Nadu,The Nilgiris,Gudalur(Uzhavar Sandhai ) APMC,Bitter gourd,Bitter Gourd,Local,3500,4000,3750,09/04/2026
Tamil Nadu,Virudhunagar,Srivilliputhur(Uzhavar Sandhai ) APMC,Bitter gourd,Bitter Gourd,Local,4000,5000,4500,09/04/2026
Tamil Nadu,Erode,Gobichettipalayam(Uzhavar Sandhai ) APMC,Bitter gourd,Bitter Gourd,Local,4800,5400,5100,09/04/2026
Tamil Nadu,Namakkal,Tiruchengode APMC,Bitter gourd,Other,Local,4500,5000,4750,09/04/2026
Tamil Nadu,Coimbatore,Pollachi(Uzhavar Sandhai ) APMC,Bitter gourd,Bitter Gourd,Local,4500,5000,4750,09/04/2026
Tamil Nadu,Coimbatore,Mettupalayam(Uzhavar Sandhai ) APMC,Bitter gourd,Bitter Gourd,Local,3500,3800,3650,09/04/2026
Tamil Nadu,Thiruvannamalai,Cheyyar(Uzhavar Sandhai ) APMC,Bitter gourd,Other,Local,3000,3500,3250,09/04/2026
Tamil Nadu,Coimbatore,Udumalpet APMC,Bitter gourd,Bitter Gourd,Local,4000,4700,4350,09/04/2026
Tamil Nadu,Thanjavur,Kumbakonam (Uzhavar Sandhai ) APMC,Bitter gourd,Bitter Gourd,Local,3600,6000,4800,09/04/2026
Tamil Nadu,Vellore,Pallikonda(Uzhavar Sandhai),Bitter gourd,Bitter Gourd,Local,2800,3200,3000,09/04/2026
Tamil Nadu,Thiruchirappalli,Manachanallur(Uzhavar Sandhai ) APMC,Bitter gourd,Other,Local,3000,3000,3000,09/04/2026
Tamil Nadu,Virudhunagar,Thalavaipuram(Uzhavar Sandhai ) APMC,Bitter gourd,Other,Local,4000,5000,4500,09/04/2026
Tamil Nadu,Nagercoil (Kannyiakumari),Myladi(Uzhavar Sandhai ) APMC,Bitter gourd,Bitter Gourd,Local,4000,4500,4250,09/04/2026
Tamil Nadu,Ranipet,Ranipettai(Uzhavar Sandhai ) APMC,Bitter gourd,Other,Local,3000,3000,3000,09/04/2026
Tamil Nadu,Ranipet,Arcot(Uzhavar Sandhai ) APMC,Bitter gourd,Other,Local,4000,4000,4000,09/04/2026
Tamil Nadu,Thirupur,Kangayam(Uzhavar Sandhai ) APMC,Bitter gourd,Bitter Gourd,Local,4500,4800,4650,09/04/2026
Tamil Nadu,Erode,Periyar Nagar(Uzhavar Sandhai ) APMC,Bitter gourd,Other,Local,3600,4000,3800,09/04/2026
Tamil Nadu,Karur,Velayuthampalayam(Uzhavar Sandhai ) APMC,Bitter gourd,Bitter Gourd,Local,3200,4000,3600,09/04/2026
Tamil Nadu,Karur,Pallapatti (Uzhavar Sandhai ) APMC,Bitter gourd,Other,Local,3500,4000,3750,09/04/2026
Tamil Nadu,Madurai,Usilampatti(Uzhavar Sandhai ) APMC,Bitter gourd,Bitter Gourd,Local,3000,3600,3300,09/04/2026
Tamil Nadu,Madurai,Thirumangalam(Uzhavar Sandhai ) APMC,Bitter gourd,Bitter Gourd,Local,3000,3600,3300,09/04/2026
Tamil Nadu,Namakkal,Kumarapalayam(Uzhavar Sandhai ) APMC,Bitter gourd,Bitter Gourd,Local,4500,5000,4750,09/04/2026
Tamil Nadu,The Nilgiris,Udhagamandalam(Uzhavar Sandhai ) APMC,Bitter gourd,Bitter Gourd,Local,3500,4000,3750,09/04/2026
Tamil Nadu,Perambalur,Perambalur(Uzhavar Sandhai ) APMC,Bitter gourd,Bitter Gourd,Local,4000,4000,4000,09/04/2026
Tamil Nadu,Ramanathapuram,Paramakudi(Uzhavar Sandhai ) APMC,Bitter gourd,Bitter Gourd,Local,5500,6000,5750,09/04/2026
Tamil Nadu,Salem,Sooramangalam(Uzhavar Sandhai ) APMC,Bitter gourd,Other,Local,3600,4000,3800,09/04/2026
Tamil Nadu,Salem,Thathakapatti(Uzhavar Sandhai ) APMC,Bitter gourd,Other,Local,3500,4000,3750,09/04/2026
Tamil Nadu,Salem,Elampillai(Uzhavar Sandhai ) APMC,Bitter gourd,Other,Local,3500,4000,3750,09/04/2026
Tamil Nadu,Sivaganga,Sivagangai (Uzhavar Sandhai ) APMC,Bitter gourd,Bitter Gourd,Local,3200,3800,3500,09/04/2026
Tamil Nadu,Sivaganga,Karaikudi(Uzhavar Sandhai ) APMC,Bitter gourd,Bitter Gourd,Local,3400,4000,3700,09/04/2026
Tamil Nadu,Thanjavur,Thanjavur(Uzhavar Sandhai ) APMC,Bitter gourd,Bitter Gourd,Local,4600,4600,4600,09/04/2026
Tamil Nadu,Theni,Chinnamanur(Uzhavar Sandhai ) APMC,Bitter gourd,Other,Local,3200,3200,3200,09/04/2026
Tamil Nadu,Thiruvellore,Tiruthani(Uzhavar Sandhai ) APMC,Bitter gourd,Bitter Gourd,Local,4000,4000,4000,09/04/2026
Tamil Nadu,Thiruvellore,Paruthipattu(Uzhavar Sandhai ) APMC,Bitter gourd,Other,Local,4000,4000,4000,09/04/2026
Tamil Nadu,Tuticorin,Kovilpatti(Uzhavar Sandhai ) APMC,Bitter gourd,Other,Local,7000,7500,7250,09/04/2026
Tamil Nadu,Thiruvannamalai,Polur(Uzhavar Sandhai ) APMC,Bitter gourd,Bitter Gourd,Local,4000,4800,4400,09/04/2026
Tamil Nadu,Thiruchirappalli,Lalgudi(Uzhavar Sandhai ) APMC,Bitter gourd,Bitter Gourd,Local,3000,3600,3300,09/04/2026
Tamil Nadu,Nagapattinam,Mayiladuthurai(Uzhavar Sandhai ) APMC,Bitter gourd,Bitter Gourd,Local,4500,5000,4750,09/04/2026
Tamil Nadu,Salem,Athur(Uzhavar Sandhai ) APMC,Bitter gourd,Bitter Gourd,Local,3500,4000,3750,09/04/2026
Tamil Nadu,Vellore,Thirupathur APMC,Bitter gourd,Bitter Gourd,Local,4000,4000,4000,09/04/2026
Tamil Nadu,Krishnagiri,Kaveripattinam(Uzhavar Sandhai ) APMC,Bitter gourd,Bitter Gourd,Local,4000,4000,4000,09/04/2026
Tamil Nadu,Karur,Karur(Uzhavar Sandhai ) APMC,Bitter gourd,Other,Local,3500,4000,3750,09/04/2026
Tamil Nadu,Thanjavur,Papanasam(Uzhavar Sandhai ) APMC,Bitter gourd,Bitter Gourd,Local,3600,6000,4800,09/04/2026
Tamil Nadu,Coimbatore,Vadavalli(Uzhavar Sandhai ) APMC,Bitter gourd,Bitter Gourd,Local,4000,4400,4200,09/04/2026
Tamil Nadu,Coimbatore,Kurichi(Uzhavar Sandhai ) APMC,Bitter gourd,Other,Local,4500,5000,4750,09/04/2026
Tamil Nadu,Dharmapuri,Dharmapuri(Uzhavar Sandhai ) APMC,Bitter gourd,Bitter Gourd,Local,3200,3400,3300,09/04/2026
Tamil Nadu,Dharmapuri,Pennagaram(Uzhavar Sandhai ) APMC,Bitter gourd,Bitter Gourd,Local,3800,4000,3900,09/04/2026
Tamil Nadu,Dharmapuri,Palacode(Uzhavar Sandhai ) APMC,Bitter gourd,Other,Local,2800,3000,2900,09/04/2026
Tamil Nadu,Dindigul,Palani(Uzhavar Sandhai ) APMC,Bitter gourd,Bitter Gourd,Local,3000,3600,3300,09/04/2026
Tamil Nadu,Erode,Perundurai(Uzhavar Sandhai ) APMC,Bitter gourd,Bitter Gourd,Local,4200,4500,4350,09/04/2026
Tamil Nadu,Kancheepuram,Kundrathur(Uzhavar Sandhai ) APMC,Bitter gourd,Bitter Gourd,Local,3500,3500,3500,09/04/2026
Tamil Nadu,Krishnagiri,Avallapalli(Uzhavar Sandhai ) APMC,Bitter gourd,Bitter Gourd,Local,3000,4000,3500,09/04/2026
Tamil Nadu,Nagapattinam,Sirkali(Uzhavar Sandhai ) APMC,Bitter gourd,Bitter Gourd,Local,5000,5500,5250,09/04/2026
Tamil Nadu,Pudukkottai,Pudukottai(Uzhavar Sandhai ) APMC,Bitter gourd,Other,Local,2500,3000,2750,09/04/2026
Tamil Nadu,Pudukkottai,Viralimalai(Uzhavar Sandhai ) APMC,Bitter gourd,Bitter Gourd,Local,2500,3000,2750,09/04/2026
Tamil Nadu,Vellore,Gudiyatham(Uzhavar Sandhai ) APMC,Bitter gourd,Bitter Gourd,Local,2400,2400,2400,09/04/2026
Tamil Nadu,Villupuram,Gingee(Uzhavar Sandhai ) APMC,Bitter gourd,Other,Local,3500,4500,4000,09/04/2026
Tamil Nadu,Virudhunagar,Virudhunagar(Uzhavar Sandhai ) APMC,Bitter gourd,Bitter Gourd,Local,3500,4000,3750,09/04/2026
Tamil Nadu,Chengalpattu,Jameenrayapettai(Uzhavar Sandhai ) APMC,Bitter gourd,Other,Local,4000,5000,4500,09/04/2026
Tamil Nadu,Thirupur,Dharapuram(Uzhavar Sandhai ) APMC,Bitter gourd,Bitter Gourd,Local,4500,5000,4750,09/04/2026
Tamil Nadu,Thirupur,Tiruppur (North) (Uzhavar Sandhai ) APMC,Bitter gourd,Other,Local,4500,5000,4750,09/04/2026
Tamil Nadu,Kallakuruchi,Kallakurichi(Uzhavar Sandhai ) APMC,Bitter gourd,Bitter Gourd,Local,5000,5000,5000,09/04/2026
Tamil Nadu,Kallakuruchi,Sankarapuram(Uzhavar Sandhai ) APMC,Bitter gourd,Bitter Gourd,Local,5000,6000,5500,09/04/2026
Tamil Nadu,Salem,Jalagandapuram(Uzhavar Sandhai ) APMC,Bitter gourd,Other,Local,3500,4000,3750,09/04/2026
Tamil Nadu,Sivaganga,Singampunari(Uzhavar Sandhai ) APMC,Bitter gourd,Other,Local,3000,3500,3250,09/04/2026
Tamil Nadu,Thanjavur,Tirukattupalli(Uzhavar Sandhai ) APMC,Bitter gourd,Bitter Gourd,Local,2400,2400,2400,09/04/2026
Tamil Nadu,Thiruvarur,Tiruthuraipoondi(Uzhavar Sandhai ) APMC,Bitter gourd,Bitter Gourd,Local,4000,4000,4000,09/04/2026
Tamil Nadu,Thiruvannamalai,Tiruvannamalai(Uzhavar Sandhai ) APMC,Bitter gourd,Bitter Gourd,Local,2400,3000,2700,09/04/2026
Tamil Nadu,Thiruchirappalli,KKNagar(Uzhavar Sandhai ) APMC,Bitter gourd,Other,Local,3600,3600,3600,09/04/2026
Tamil Nadu,Thiruchirappalli,Manapparai(Uzhavar Sandhai ) APMC,Bitter gourd,Other,Local,3600,3600,3600,09/04/2026
Tamil Nadu,Thiruchirappalli,Musiri(Uzhavar Sandhai ) APMC,Bitter gourd,Bitter Gourd,Local,3500,4000,3750,09/04/2026
Tamil Nadu,Thiruchirappalli,Thiruverumbur(Uzhavar Sandhai ) APMC,Bitter gourd,Other,Local,3600,3600,3600,09/04/2026
Tamil Nadu,Theni,Periyakulam(Uzhavar Sandhai ) APMC,Bitter gourd,Other,Local,2600,2800,2700,09/04/2026
Tamil Nadu,Dharmapuri,Karimangalam(Uzhavar Sandhai),Bitter gourd,Other,Local,3300,3500,3400,09/04/2026
Tamil Nadu,Thiruvarur,Valangaiman APMC,Bitter gourd,Bitter Gourd,Local,2600,2600,2600,09/04/2026
Tamil Nadu,Coimbatore,Sulur(Uzhavar Sandhai ) APMC,Bitter gourd,Bitter Gourd,Local,4400,5000,4700,09/04/2026
Tamil Nadu,Pudukkottai,Gandarvakottai(Uzhavar Sandhai ) APMC,Bitter gourd,Other,Local,2500,3000,2750,09/04/2026
Tamil Nadu,Thiruvarur,Tiruvarur(Uzhavar Sandhai ) APMC,Bitter gourd,Bitter Gourd,Local,3000,3000,3000,09/04/2026
Tamil Nadu,Villupuram,Tindivanam APMC,Bitter gourd,Other,Local,3000,3000,3000,09/04/2026
Tamil Nadu,Villupuram,Ulundurpettai APMC,Bitter gourd,Bitter Gourd,Local,5000,5000,5000,09/04/2026
Tamil Nadu,Coimbatore,Sundarapuram(Uzhavar Sandhai ) APMC,Bitter gourd,Other,Local,4500,5000,4750,09/04/2026
Tamil Nadu,Cuddalore,Cuddalore(Uzhavar Sandhai ) APMC,Bitter gourd,Bitter Gourd,Local,4000,4000,4000,09/04/2026
Tamil Nadu,Cuddalore,Vadalur(Uzhavar Sandhai ) APMC,Bitter gourd,Other,Local,4000,4000,4000,09/04/2026
Tamil Nadu,Dharmapuri,AJattihalli(Uzhavar Sandhai ) APMC,Bitter gourd,Other,Local,3400,3400,3400,09/04/2026
Tamil Nadu,Kancheepuram,Padappai(Uzhavar Sandhai ) APMC,Bitter gourd,Other,Local,2500,3000,2750,09/04/2026
Tamil Nadu,Karur,Kulithalai(Uzhavar Sandhai ) APMC,Bitter gourd,Other,Local,3000,3600,3300,09/04/2026
Tamil Nadu,Krishnagiri,Krishnagiri(Uzhavar Sandhai ) APMC,Bitter gourd,Bitter Gourd,Local,2500,3000,2750,09/04/2026
Tamil Nadu,Madurai,Anna nagar(Uzhavar Sandhai ) APMC,Bitter gourd,Bitter Gourd,Local,3000,3600,3300,09/04/2026
Tamil Nadu,Madurai,Chokkikulam(Uzhavar Sandhai ) APMC,Bitter gourd,Bitter Gourd,Local,3000,3600,3300,09/04/2026
Tamil Nadu,Madurai,Melur(Uzhavar Sandhai ) APMC,Bitter gourd,Other,Local,3000,3600,3300,09/04/2026
Tamil Nadu,Namakkal,Namakkal(Uzhavar Sandhai ) APMC,Bitter gourd,Other,Local,4500,4800,4650,09/04/2026
Tamil Nadu,Vellore,Kahithapattarai(Uzhavar Sandhai ) APMC,Bitter gourd,Bitter Gourd,Local,2400,2400,2400,09/04/2026
Tamil Nadu,Virudhunagar,Sathur(Uzhavar Sandhai ) APMC,Bitter gourd,Bitter Gourd,Local,5500,6000,5750,09/04/2026
Tamil Nadu,Virudhunagar,Kariyapatti(Uzhavar Sandhai ) APMC,Bitter gourd,Bitter Gourd,Local,4500,5000,4750,09/04/2026
Tamil Nadu,Thirupur,Palladam(Uzhavar Sandhai ) APMC,Bitter gourd,Other,Local,4000,5000,4500,09/04/2026
Tamil Nadu,Thirupathur,Vaniyampadi(Uzhavar Sandhai ) APMC,Bitter gourd,Bitter Gourd,Local,3000,3000,3000,09/04/2026
Tamil Nadu,Tenkasi,Sankarankoil(Uzhavar Sandhai ) APMC,Bitter gourd,Other,Local,7500,7500,7500,09/04/2026
Tamil Nadu,Nagercoil (Kannyiakumari),Vadaseri APMC,Bitter gourd,Bitter Gourd,Local,4300,4800,4550,09/04/2026
Tamil Nadu,Pudukkottai,Karambakkudi(Uzhavar Sandhai ) APMC,Bitter gourd,Bitter Gourd,Local,3000,3500,3250,09/04/2026
Tamil Nadu,Salem,Mettur(Uzhavar Sandhai ) APMC,Bitter gourd,Bitter Gourd,Local,3500,4000,3750,09/04/2026
Tamil Nadu,Thanjavur,Pattukottai(Uzhavar Sandhai ) APMC,Bitter gourd,Bitter Gourd,Local,3500,3500,3500,09/04/2026
Tamil Nadu,Theni,Devaram(Uzhavar Sandhai ) APMC,Bitter gourd,Bitter Gourd,Local,2800,2800,2800,09/04/2026
Tamil Nadu,Thirunelveli,NGO Colony(Uzhavar Sandhai ) APMC,Bitter gourd,Other,Local,3000,4000,3500,09/04/2026
Tamil Nadu,Thiruvarur,Mannargudi I(Uzhavar Sandhai ) APMC,Bitter gourd,Bitter Gourd,Local,3000,3000,3000,09/04/2026
Tamil Nadu,Thiruvarur,Needamangalam(Uzhavar Sandhai ) APMC,Bitter gourd,Bitter Gourd,Local,3000,3000,3000,09/04/2026
Tamil Nadu,Thiruvannamalai,Chengam(Uzhavar Sandhai ) APMC,Bitter gourd,Bitter Gourd,Local,3500,4000,3750,09/04/2026
Tamil Nadu,Erode,Sathiyamagalam(Uzhavar Sandhai ) APMC,Bitter gourd,Bitter Gourd,Local,4000,4300,4150,09/04/2026
Tamil Nadu,Thiruchirappalli,Thuraiyur APMC,Bitter gourd,Other,Local,3000,3500,3250,09/04/2026
Tamil Nadu,Ariyalur,Ariyalur(Uzhavar Sandhai) APMC,Bitter gourd,Bitter Gourd,Local,4000,4400,4200,09/04/2026
Tamil Nadu,Coimbatore,RSPuram(Uzhavar Sandhai ) APMC,Bitter gourd,Other,Local,4000,4600,4300,09/04/2026
Tamil Nadu,Coimbatore,Singanallur(Uzhavar Sandhai ) APMC,Bitter gourd,Bitter Gourd,Local,4500,5000,4750,09/04/2026
Tamil Nadu,Vellore,Vellore APMC,Bitter gourd,Bitter Gourd,Local,2500,3000,2750,09/04/2026
Tamil Nadu,Salem,Ammapet(Uzhavar Sandhai ) APMC,Bitter gourd,Other,Local,3400,3600,3500,09/04/2026
Tamil Nadu,Theni,Andipatti(Uzhavar Sandhai ) APMC,Bitter gourd,Bitter Gourd,Local,2500,2800,2650,09/04/2026
Tamil Nadu,Nagapattinam,Vedaranyam(Uzhavar Sandhai),Bitter gourd,Bitter Gourd,Local,3000,3500,3250,09/04/2026
Tamil Nadu,Salem,Thammampatti (Uzhavar Sandhai ) APMC,Bitter gourd,Bitter Gourd,Local,3500,3500,3500,09/04/2026
Tamil Nadu,Vellore,Perampet(Uzhavar Sandhai),Bitter gourd,Bitter Gourd,Local,4600,4600,4600,09/04/2026
Tamil Nadu,Villupuram,Villupuram(Uzhavar Sandhai ) APMC,Bitter gourd,Bitter Gourd,Local,4000,5000,4500,09/04/2026
Tamil Nadu,Virudhunagar,Rajapalayam(Uzhavar Sandhai ) APMC,Bitter gourd,Bitter Gourd,Local,4500,5000,4750,09/04/2026
Tamil Nadu,Chengalpattu,Pallavaram(Uzhavar Sandhai ) APMC,Bitter gourd,Bitter Gourd,Local,4000,5000,4500,09/04/2026
Tamil Nadu,Chengalpattu,Nanganallur(Uzhavar Sandhai ) APMC,Bitter gourd,Bitter Gourd,Local,5000,6000,5500,09/04/2026
Tamil Nadu,Chengalpattu,Guduvancheri(Uzhavar Sandhai ) APMC,Bitter gourd,Bitter Gourd,Local,4000,5000,4500,09/04/2026
Tamil Nadu,Thirupur,Tiruppur (South) (Uzhavar Sandhai ) APMC,Bitter gourd,Other,Local,4000,5000,4500,09/04/2026
Tamil Nadu,Cuddalore,Viruthachalam(Uzhavar Sandhai ) APMC,Bitter gourd,Bitter Gourd,Local,4000,4000,4000,09/04/2026
Tamil Nadu,Dindigul,Dindigul(Uzhavar Sandhai ) APMC,Bitter gourd,Other,Local,3000,4000,3500,09/04/2026
Tamil Nadu,Erode,Thalavadi(Uzhavar Sandhai ) APMC,Bitter gourd,Other,Local,3400,4000,3700,09/04/2026
Tamil Nadu,Karur,Vengamedu(Uzhavar Sandhai ) APMC,Bitter gourd,Other,Local,3500,4000,3750,09/04/2026
Tamil Nadu,Krishnagiri,Denkanikottai(Uzhavar Sandhai ) APMC,Bitter gourd,Bitter Gourd,Local,3000,4000,3500,09/04/2026
Tamil Nadu,Pudukkottai,Aranthangi(Uzhavar Sandhai ) APMC,Bitter gourd,Bitter Gourd,Local,3000,3500,3250,09/04/2026
Tamil Nadu,Ramanathapuram,Ramanathapuram(Uzhavar Sandhai ) APMC,Bitter gourd,Bitter Gourd,Local,5500,6800,6150,09/04/2026
Tamil Nadu,Sivaganga,Devakottai (Uzhavar Sandhai ) APMC,Bitter gourd,Bitter Gourd,Local,3500,4000,3750,09/04/2026
Tamil Nadu,Sivaganga,Tirupatthur(Uzhavar Sandhai ) APMC,Bitter gourd,Other,Local,3500,4000,3750,09/04/2026
Tamil Nadu,Theni,Kambam(Uzhavar Sandhai ) APMC,Bitter gourd,Other,Local,3000,3200,3100,09/04/2026
Tamil Nadu,Thirunelveli,Palayamkottai(Uzhavar Sandhai ) APMC,Bitter gourd,Other,Local,3000,4000,3500,09/04/2026
Tamil Nadu,Thirunelveli,Melapalayam(Uzhavar Sandhai ) APMC,Bitter gourd,Other,Local,3000,4000,3500,09/04/2026
Tamil Nadu,Thiruvellore,Tiruvallur(Uzhavar Sandhai ) APMC,Bitter gourd,Bitter Gourd,Local,4000,4000,4000,09/04/2026
Tamil Nadu,Thiruvarur,Muthupettai(Uzhavar Sandhai ) APMC,Bitter gourd,Bitter Gourd,Local,3000,3000,3000,09/04/2026
Tamil Nadu,Thiruvarur,Mannargudi II(Uzhavar Sandhai ) APMC,Bitter gourd,Bitter Gourd,Local,3000,3000,3000,09/04/2026
Tamil Nadu,Thiruvannamalai,Keelpennathur(Uzhavar Sandhai ) APMC,Bitter gourd,Bitter Gourd,Local,5000,6000,5500,09/04/2026
Tamil Nadu,Thiruvannamalai,Tamarainagar(Uzhavar Sandhai ) APMC,Bitter gourd,Bitter Gourd,Local,2000,2500,2250,09/04/2026
Tamil Nadu,Salem,Athur(Uzhavar Sandhai ) APMC,Bottle gourd,Bottle Gourd,Local,1200,1500,1350,09/04/2026
Tamil Nadu,Dharmapuri,Harur(Uzhavar Sandhai ) APMC,Bottle gourd,Bottle Gourd,Local,1400,1600,1500,09/04/2026
Tamil Nadu,The Nilgiris,Coonoor(Uzhavar Sandhai ) APMC,Bottle gourd,Bottle Gourd,Local,2000,2400,2200,09/04/2026
Tamil Nadu,Karur,Karur(Uzhavar Sandhai ) APMC,Bottle gourd,Bottle Gourd,Local,500,1000,750,09/04/2026
Tamil Nadu,Thiruvannamalai,Cheyyar(Uzhavar Sandhai ) APMC,Bottle gourd,Bottle Gourd,Local,1500,2000,1750,09/04/2026
Tamil Nadu,Nagapattinam,Vedaranyam(Uzhavar Sandhai),Bottle gourd,Bottle Gourd,Local,2800,3000,2900,09/04/2026
Tamil Nadu,Coimbatore,Udumalpet APMC,Bottle gourd,Bottle Gourd,Local,1000,1500,1250,09/04/2026
Tamil Nadu,Villupuram,Ulundurpettai APMC,Bottle gourd,Bottle Gourd,Local,2000,2000,2000,09/04/2026
Tamil Nadu,Thanjavur,Peravurani(Uzhavar Sandhai),Bottle gourd,Bottle Gourd,Local,3000,3000,3000,09/04/2026
Tamil Nadu,Thiruchirappalli,Manachanallur(Uzhavar Sandhai ) APMC,Bottle gourd,Bottle Gourd,Local,2000,2000,2000,09/04/2026
Tamil Nadu,Vellore,Gudiyatham(Uzhavar Sandhai ) APMC,Bottle gourd,Bottle Gourd,Local,1500,1500,1500,09/04/2026
Tamil Nadu,Virudhunagar,Sivakasi(Uzhavar Sandhai ) APMC,Bottle gourd,Bottle Gourd,Local,1500,2000,1750,09/04/2026
Tamil Nadu,Chengalpattu,Pallavaram(Uzhavar Sandhai ) APMC,Bottle gourd,Bottle Gourd,Local,2500,3000,2750,09/04/2026
Tamil Nadu,Chengalpattu,Jameenrayapettai(Uzhavar Sandhai ) APMC,Bottle gourd,Bottle Gourd,Local,3000,4000,3500,09/04/2026
Tamil Nadu,Thirupur,Tiruppur (South) (Uzhavar Sandhai ) APMC,Bottle gourd,Bottle Gourd,Local,1000,1500,1250,09/04/2026
Tamil Nadu,Kallakuruchi,Kallakurichi(Uzhavar Sandhai ) APMC,Bottle gourd,Bottle Gourd,Local,2000,2000,2000,09/04/2026
Tamil Nadu,Cuddalore,Vadalur(Uzhavar Sandhai ) APMC,Bottle gourd,Bottle Gourd,Local,2000,2000,2000,09/04/2026
Tamil Nadu,Dindigul,Dindigul(Uzhavar Sandhai ) APMC,Bottle gourd,Bottle Gourd,Local,1500,2000,1750,09/04/2026
Tamil Nadu,Kancheepuram,Padappai(Uzhavar Sandhai ) APMC,Bottle gourd,Bottle Gourd,Local,1500,2500,2000,09/04/2026
Tamil Nadu,Karur,Pallapatti (Uzhavar Sandhai ) APMC,Bottle gourd,Bottle Gourd,Local,1200,1500,1350,09/04/2026
Tamil Nadu,Nagapattinam,Nagapattinam(Uzhavar Sandhai ) APMC,Bottle gourd,Bottle Gourd,Local,3000,3500,3250,09/04/2026
Tamil Nadu,Namakkal,Kumarapalayam(Uzhavar Sandhai ) APMC,Bottle gourd,Bottle Gourd,Local,1100,1400,1250,09/04/2026
Tamil Nadu,Perambalur,Perambalur(Uzhavar Sandhai ) APMC,Bottle gourd,Bottle Gourd,Local,1200,1400,1300,09/04/2026
Tamil Nadu,Pudukkottai,Aranthangi(Uzhavar Sandhai ) APMC,Bottle gourd,Bottle Gourd,Local,1500,2000,1750,09/04/2026
Tamil Nadu,Sivaganga,Sivagangai (Uzhavar Sandhai ) APMC,Bottle gourd,Bottle Gourd,Local,2200,2600,2400,09/04/2026
Tamil Nadu,Sivaganga,Tirupatthur(Uzhavar Sandhai ) APMC,Bottle gourd,Bottle Gourd,Local,2500,3000,2750,09/04/2026
Tamil Nadu,Sivaganga,Singampunari(Uzhavar Sandhai ) APMC,Bottle gourd,Bottle Gourd,Local,2000,2500,2250,09/04/2026
Tamil Nadu,Theni,Chinnamanur(Uzhavar Sandhai ) APMC,Bottle gourd,Bottle Gourd,Local,1400,1400,1400,09/04/2026
Tamil Nadu,Thirunelveli,Kandiyaperi(Uzhavar Sandhai ) APMC,Bottle gourd,Bottle Gourd,Local,1000,1200,1100,09/04/2026
Tamil Nadu,Thiruvellore,Tiruthani(Uzhavar Sandhai ) APMC,Bottle gourd,Bottle Gourd,Local,2000,2000,2000,09/04/2026
Tamil Nadu,Thiruvellore,Paruthipattu(Uzhavar Sandhai ) APMC,Bottle gourd,Bottle Gourd,Local,4000,4000,4000,09/04/2026
Tamil Nadu,Thiruvarur,Mannargudi II(Uzhavar Sandhai ) APMC,Bottle gourd,Bottle Gourd,Local,2000,2000,2000,09/04/2026
Tamil Nadu,Tuticorin,Kovilpatti(Uzhavar Sandhai ) APMC,Bottle gourd,Bottle Gourd,Local,2000,2500,2250,09/04/2026
Tamil Nadu,Thiruvannamalai,Arani(Uzhavar Sandhai ) APMC,Bottle gourd,Bottle Gourd,Local,1600,2000,1800,09/04/2026
Tamil Nadu,Thiruvannamalai,Vandavasi(Uzhavar Sandhai ) APMC,Bottle gourd,Bottle Gourd,Local,1600,2000,1800,09/04/2026
Tamil Nadu,Thiruchirappalli,Lalgudi(Uzhavar Sandhai ) APMC,Bottle gourd,Bottle Gourd,Local,1600,1600,1600,09/04/2026
Tamil Nadu,Vellore,Pallikonda(Uzhavar Sandhai),Bottle gourd,Bottle Gourd,Local,2000,2000,2000,09/04/2026
Tamil Nadu,Vellore,Perampet(Uzhavar Sandhai),Bottle gourd,Bottle Gourd,Local,2400,2400,2400,09/04/2026
Tamil Nadu,Thanjavur,Papanasam(Uzhavar Sandhai ) APMC,Bottle gourd,Bottle Gourd,Local,2400,2400,2400,09/04/2026
Tamil Nadu,Coimbatore,Vadavalli(Uzhavar Sandhai ) APMC,Bottle gourd,Bottle Gourd,Local,2000,2400,2200,09/04/2026
Tamil Nadu,Virudhunagar,Virudhunagar(Uzhavar Sandhai ) APMC,Bottle gourd,Bottle Gourd,Local,1600,2000,1800,09/04/2026
Tamil Nadu,Virudhunagar,Thalavaipuram(Uzhavar Sandhai ) APMC,Bottle gourd,Bottle Gourd,Local,1200,1500,1350,09/04/2026
Tamil Nadu,Chengalpattu,Medavakkam(Uzhavar Sandhai ) APMC,Bottle gourd,Bottle Gourd,Local,2500,2500,2500,09/04/2026
Tamil Nadu,Chengalpattu,Nanganallur(Uzhavar Sandhai ) APMC,Bottle gourd,Bottle Gourd,Local,3000,4000,3500,09/04/2026
Tamil Nadu,Pudukkottai,Karambakkudi(Uzhavar Sandhai ) APMC,Bottle gourd,Bottle Gourd,Local,1500,2000,1750,09/04/2026
Tamil Nadu,Ramanathapuram,Ramanathapuram(Uzhavar Sandhai ) APMC,Bottle gourd,Bottle Gourd,Local,1500,2000,1750,09/04/2026
Tamil Nadu,Salem,Mettur(Uzhavar Sandhai ) APMC,Bottle gourd,Bottle Gourd,Local,1000,2000,1500,09/04/2026
Tamil Nadu,Salem,Attayampatti(Uzhavar Sandhai ) APMC,Bottle gourd,Bottle Gourd,Local,1000,1500,1250,09/04/2026
Tamil Nadu,Salem,Jalagandapuram(Uzhavar Sandhai ) APMC,Bottle gourd,Bottle Gourd,Local,1500,2000,1750,09/04/2026
Tamil Nadu,Sivaganga,Karaikudi(Uzhavar Sandhai ) APMC,Bottle gourd,Bottle Gourd,Local,2400,2800,2600,09/04/2026
Tamil Nadu,Thanjavur,Tirukattupalli(Uzhavar Sandhai ) APMC,Bottle gourd,Bottle Gourd,Local,3600,3600,3600,09/04/2026
Tamil Nadu,Theni,Kambam(Uzhavar Sandhai ) APMC,Bottle gourd,Bottle Gourd,Local,1200,1400,1300,09/04/2026
Tamil Nadu,Theni,Devaram(Uzhavar Sandhai ) APMC,Bottle gourd,Bottle Gourd,Local,1400,1400,1400,09/04/2026
Tamil Nadu,Thirunelveli,Palayamkottai(Uzhavar Sandhai ) APMC,Bottle gourd,Bottle Gourd,Local,1000,1200,1100,09/04/2026
Tamil Nadu,Thirunelveli,Melapalayam(Uzhavar Sandhai ) APMC,Bottle gourd,Bottle Gourd,Local,1200,2500,1850,09/04/2026
Tamil Nadu,Thiruvannamalai,Polur(Uzhavar Sandhai ) APMC,Bottle gourd,Bottle Gourd,Local,1600,2000,1800,09/04/2026
Tamil Nadu,Thiruvannamalai,Chengam(Uzhavar Sandhai ) APMC,Bottle gourd,Bottle Gourd,Local,1500,2000,1750,09/04/2026
Tamil Nadu,Thiruvannamalai,Keelpennathur(Uzhavar Sandhai ) APMC,Bottle gourd,Bottle Gourd,Local,3000,4000,3500,09/04/2026
Tamil Nadu,Cuddalore,Viruthachalam(Uzhavar Sandhai ) APMC,Bottle gourd,Bottle Gourd,Local,2000,2500,2250,09/04/2026
Tamil Nadu,Erode,Perundurai(Uzhavar Sandhai ) APMC,Bottle gourd,Bottle Gourd,Local,800,1000,900,09/04/2026
Tamil Nadu,Kancheepuram,Kancheepuram(Uzhavar Sandhai ) APMC,Bottle gourd,Bottle Gourd,Local,1000,1500,1250,09/04/2026
Tamil Nadu,Kancheepuram,Sunguvarchatram(Uzhavar Sandhai ) APMC,Bottle gourd,Bottle Gourd,Local,2000,2500,2250,09/04/2026
Tamil Nadu,Karur,Velayuthampalayam(Uzhavar Sandhai ) APMC,Bottle gourd,Bottle Gourd,Local,600,1000,800,09/04/2026
Tamil Nadu,Krishnagiri,Avallapalli(Uzhavar Sandhai ) APMC,Bottle gourd,Bottle Gourd,Local,1000,1500,1250,09/04/2026
Tamil Nadu,Madurai,Usilampatti(Uzhavar Sandhai ) APMC,Bottle gourd,Bottle Gourd,Local,2000,2400,2200,09/04/2026
Tamil Nadu,Madurai,Thirumangalam(Uzhavar Sandhai ) APMC,Bottle gourd,Bottle Gourd,Local,1500,2000,1750,09/04/2026
Tamil Nadu,Pudukkottai,Pudukottai(Uzhavar Sandhai ) APMC,Bottle gourd,Bottle Gourd,Local,1000,1500,1250,09/04/2026
Tamil Nadu,Salem,Ammapet(Uzhavar Sandhai ) APMC,Bottle gourd,Bottle Gourd,Local,1500,2000,1750,09/04/2026
Tamil Nadu,Vellore,Thirupathur APMC,Bottle gourd,Bottle Gourd,Local,1500,1500,1500,09/04/2026
Tamil Nadu,Krishnagiri,Kaveripattinam(Uzhavar Sandhai ) APMC,Bottle gourd,Bottle Gourd,Local,2000,2500,2250,09/04/2026
Tamil Nadu,Theni,Andipatti(Uzhavar Sandhai ) APMC,Bottle gourd,Bottle Gourd,Local,1200,1400,1300,09/04/2026
Tamil Nadu,Salem,Vazhapadi(Uzhavar Sandhai),Bottle gourd,Bottle Gourd,Local,1400,1400,1400,09/04/2026
Tamil Nadu,Thiruvarur,Valangaiman APMC,Bottle gourd,Bottle Gourd,Local,1800,1800,1800,09/04/2026
Tamil Nadu,Thiruchirappalli,Thuraiyur APMC,Bottle gourd,Bottle Gourd,Local,1200,1600,1400,09/04/2026
Tamil Nadu,Coimbatore,Mettupalayam(Uzhavar Sandhai ) APMC,Bottle gourd,Bottle Gourd,Local,1600,2000,1800,09/04/2026
Tamil Nadu,Vellore,Katpadi (Uzhavar Sandhai ) APMC,Bottle gourd,Bottle Gourd,Local,2000,2000,2000,09/04/2026
Tamil Nadu,Dindigul,Vedasanthur(Uzhavar Sandhai ) APMC,Bottle gourd,Bottle Gourd,Local,1000,1200,1100,09/04/2026
Tamil Nadu,Erode,Thalavadi(Uzhavar Sandhai ) APMC,Bottle gourd,Bottle Gourd,Local,1500,2000,1750,09/04/2026
Tamil Nadu,Karur,Kulithalai(Uzhavar Sandhai ) APMC,Bottle gourd,Bottle Gourd,Local,1000,1500,1250,09/04/2026
Tamil Nadu,Krishnagiri,Hosur(Uzhavar Sandhai ) APMC,Bottle gourd,Bottle Gourd,Local,1500,2000,1750,09/04/2026
Tamil Nadu,Madurai,Melur(Uzhavar Sandhai ) APMC,Bottle gourd,Bottle Gourd,Local,1800,2400,2100,09/04/2026
Tamil Nadu,Nagapattinam,Sirkali(Uzhavar Sandhai ) APMC,Bottle gourd,Bottle Gourd,Local,2500,3000,2750,09/04/2026
Tamil Nadu,Namakkal,Mohanur(Uzhavar Sandhai ) APMC,Bottle gourd,Bottle Gourd,Local,1200,1400,1300,09/04/2026
Tamil Nadu,Villupuram,Villupuram(Uzhavar Sandhai ) APMC,Bottle gourd,Bottle Gourd,Local,3000,3000,3000,09/04/2026
Tamil Nadu,Virudhunagar,Aruppukottai(Uzhavar Sandhai ) APMC,Bottle gourd,Bottle Gourd,Local,1000,2000,1500,09/04/2026
Tamil Nadu,Virudhunagar,Rajapalayam(Uzhavar Sandhai ) APMC,Bottle gourd,Bottle Gourd,Local,1000,1500,1250,09/04/2026
Tamil Nadu,Nagercoil (Kannyiakumari),Myladi(Uzhavar Sandhai ) APMC,Bottle gourd,Bottle Gourd,Local,1200,1500,1350,09/04/2026
Tamil Nadu,Ranipet,Arcot(Uzhavar Sandhai ) APMC,Bottle gourd,Bottle Gourd,Local,2000,2000,2000,09/04/2026
Tamil Nadu,Thirupur,Kangayam(Uzhavar Sandhai ) APMC,Bottle gourd,Bottle Gourd,Local,1300,1600,1450,09/04/2026
Tamil Nadu,Thirupathur,Natrampalli(Uzhavar Sandhai ) APMC,Bottle gourd,Bottle Gourd,Local,1500,2000,1750,09/04/2026
Tamil Nadu,Thirupathur,Vaniyampadi(Uzhavar Sandhai ) APMC,Bottle gourd,Bottle Gourd,Local,2000,2000,2000,09/04/2026
Tamil Nadu,Tenkasi,Sankarankoil(Uzhavar Sandhai ) APMC,Bottle gourd,Bottle Gourd,Local,1000,1000,1000,09/04/2026
Tamil Nadu,Tuticorin,Tuticorin(Uzhavar Sandhai ) APMC,Bottle gourd,Bottle Gourd,Local,1000,1500,1250,09/04/2026
Tamil Nadu,Nagercoil (Kannyiakumari),Vadaseri APMC,Bottle gourd,Bottle Gourd,Local,1700,2000,1850,09/04/2026
Tamil Nadu,Salem,Sooramangalam(Uzhavar Sandhai ) APMC,Bottle gourd,Bottle Gourd,Local,2000,2400,2200,09/04/2026
Tamil Nadu,Salem,Hasthampatti(Uzhavar Sandhai ) APMC,Bottle gourd,Bottle Gourd,Local,2000,2400,2200,09/04/2026
Tamil Nadu,Salem,Elampillai(Uzhavar Sandhai ) APMC,Bottle gourd,Bottle Gourd,Local,1800,2000,1900,09/04/2026
Tamil Nadu,Thanjavur,Thanjavur(Uzhavar Sandhai ) APMC,Bottle gourd,Bottle Gourd,Local,2000,2000,2000,09/04/2026
Tamil Nadu,Thanjavur,Pattukottai(Uzhavar Sandhai ) APMC,Bottle gourd,Bottle Gourd,Local,2600,2600,2600,09/04/2026
Tamil Nadu,Theni,Theni(Uzhavar Sandhai ) APMC,Bottle gourd,Bottle Gourd,Local,1000,1400,1200,09/04/2026
Tamil Nadu,Thirunelveli,Ambasamudram(Uzhavar Sandhai ) APMC,Bottle gourd,Bottle Gourd,Local,1000,1200,1100,09/04/2026
Tamil Nadu,Thiruvellore,Naravarikuppam(Uzhavar Sandhai ) APMC,Bottle gourd,Bottle Gourd,Local,3000,3000,3000,09/04/2026
Tamil Nadu,Thiruvarur,Mannargudi I(Uzhavar Sandhai ) APMC,Bottle gourd,Bottle Gourd,Local,2000,2000,2000,09/04/2026
Tamil Nadu,Thiruvannamalai,Tiruvannamalai(Uzhavar Sandhai ) APMC,Bottle gourd,Bottle Gourd,Local,1500,2000,1750,09/04/2026
Tamil Nadu,Thiruchirappalli,KKNagar(Uzhavar Sandhai ) APMC,Bottle gourd,Bottle Gourd,Local,2000,2000,2000,09/04/2026
Tamil Nadu,Thiruchirappalli,Musiri(Uzhavar Sandhai ) APMC,Bottle gourd,Bottle Gourd,Local,1000,1800,1400,09/04/2026
Tamil Nadu,Coimbatore,Sulur(Uzhavar Sandhai ) APMC,Bottle gourd,Bottle Gourd,Local,2000,2600,2300,09/04/2026
Tamil Nadu,Pudukkottai,Gandarvakottai(Uzhavar Sandhai ) APMC,Bottle gourd,Bottle Gourd,Local,1000,1500,1250,09/04/2026
Tamil Nadu,Namakkal,Paramathivelur(Uzhavar Sandhai ) APMC,Bottle gourd,Bottle Gourd,Local,1000,1200,1100,09/04/2026
Tamil Nadu,Salem,Thammampatti (Uzhavar Sandhai ) APMC,Bottle gourd,Bottle Gourd,Local,1200,1500,1350,09/04/2026
Tamil Nadu,Thanjavur,Kumbakonam (Uzhavar Sandhai ) APMC,Bottle gourd,Bottle Gourd,Local,2400,2400,2400,09/04/2026
Tamil Nadu,Villupuram,Tindivanam APMC,Bottle gourd,Bottle Gourd,Local,1500,1500,1500,09/04/2026
Tamil Nadu,Salem,Mecheri(Uzhavar Sandhai),Bottle gourd,Bottle Gourd,Local,1500,2000,1750,09/04/2026
Tamil Nadu,Karur,Gandhigramam(Uzhavar Sandhai),Bottle gourd,Bottle Gourd,Local,500,1000,750,09/04/2026
Tamil Nadu,Erode,Gobichettipalayam(Uzhavar Sandhai ) APMC,Bottle gourd,Bottle Gourd,Local,1000,1200,1100,09/04/2026
Tamil Nadu,Ariyalur,Ariyalur(Uzhavar Sandhai) APMC,Bottle gourd,Bottle Gourd,Local,1600,2000,1800,09/04/2026
Tamil Nadu,Ariyalur,Jeyankondam (Uzhavar Sandhai ) APMC,Bottle gourd,Bottle Gourd,Local,1800,2200,2000,09/04/2026
Tamil Nadu,Coimbatore,Singanallur(Uzhavar Sandhai ) APMC,Bottle gourd,Bottle Gourd,Local,2000,2600,2300,09/04/2026
Tamil Nadu,Coimbatore,Pollachi(Uzhavar Sandhai ) APMC,Bottle gourd,Bottle Gourd,Local,2000,2500,2250,09/04/2026
Tamil Nadu,Coimbatore,Sundarapuram(Uzhavar Sandhai ) APMC,Bottle gourd,Bottle Gourd,Local,2000,2500,2250,09/04/2026
Tamil Nadu,Cuddalore,Cuddalore(Uzhavar Sandhai ) APMC,Bottle gourd,Bottle Gourd,Local,2000,2000,2000,09/04/2026
Tamil Nadu,Dindigul,Palani(Uzhavar Sandhai ) APMC,Bottle gourd,Bottle Gourd,Local,800,1200,1000,09/04/2026
Tamil Nadu,Dindigul,Chinnalapatti(Uzhavar Sandhai ) APMC,Bottle gourd,Bottle Gourd,Local,1500,2000,1750,09/04/2026
Tamil Nadu,Erode,Periyar Nagar(Uzhavar Sandhai ) APMC,Bottle gourd,Bottle Gourd,Local,1000,1500,1250,09/04/2026
Tamil Nadu,Krishnagiri,Denkanikottai(Uzhavar Sandhai ) APMC,Bottle gourd,Bottle Gourd,Local,1000,1500,1250,09/04/2026
Tamil Nadu,Madurai,Anaiyur(Uzhavar Sandhai ) APMC,Bottle gourd,Bottle Gourd,Local,2000,2400,2200,09/04/2026
Tamil Nadu,Namakkal,Rasipuram(Uzhavar Sandhai ) APMC,Bottle gourd,Bottle Gourd,Local,1600,1800,1700,09/04/2026
Tamil Nadu,The Nilgiris,Udhagamandalam(Uzhavar Sandhai ) APMC,Bottle gourd,Bottle Gourd,Local,1500,2000,1750,09/04/2026
Tamil Nadu,Vellore,Kahithapattarai(Uzhavar Sandhai ) APMC,Bottle gourd,Bottle Gourd,Local,2000,2000,2000,09/04/2026
Tamil Nadu,Villupuram,Gingee(Uzhavar Sandhai ) APMC,Bottle gourd,Bottle Gourd,Local,2000,2000,2000,09/04/2026
Tamil Nadu,Ranipet,Ranipettai(Uzhavar Sandhai ) APMC,Bottle gourd,Bottle Gourd,Local,1500,1500,1500,09/04/2026
Tamil Nadu,Thirupur,Dharapuram(Uzhavar Sandhai ) APMC,Bottle gourd,Bottle Gourd,Local,1000,1500,1250,09/04/2026
Tamil Nadu,Thirupur,Tiruppur (North) (Uzhavar Sandhai ) APMC,Bottle gourd,Bottle Gourd,Local,1600,2000,1800,09/04/2026
Tamil Nadu,Tenkasi,Tenkasi(Uzhavar Sandhai ) APMC,Bottle gourd,Bottle Gourd,Local,1200,1200,1200,09/04/2026
Tamil Nadu,Kallakuruchi,Sankarapuram(Uzhavar Sandhai ) APMC,Bottle gourd,Bottle Gourd,Local,2000,2000,2000,09/04/2026
Tamil Nadu,Ramanathapuram,Paramakudi(Uzhavar Sandhai ) APMC,Bottle gourd,Bottle Gourd,Local,1800,2000,1900,09/04/2026
Tamil Nadu,Thiruvellore,Tiruvallur(Uzhavar Sandhai ) APMC,Bottle gourd,Bottle Gourd,Local,3000,3000,3000,09/04/2026
Tamil Nadu,Thiruvellore,Ambattur(Uzhavar Sandhai ) APMC,Bottle gourd,Bottle Gourd,Local,3000,3000,3000,09/04/2026
Tamil Nadu,Thiruvellore,Perambakkam(Uzhavar Sandhai ) APMC,Bottle gourd,Bottle Gourd,Local,3000,3000,3000,09/04/2026
Tamil Nadu,Thiruvarur,Muthupettai(Uzhavar Sandhai ) APMC,Bottle gourd,Bottle Gourd,Local,2000,2000,2000,09/04/2026
Tamil Nadu,Thiruchirappalli,Thiruverumbur(Uzhavar Sandhai ) APMC,Bottle gourd,Bottle Gourd,Local,1600,1600,1600,09/04/2026
Tamil Nadu,Erode,Sampath Nagar(Uzhavar Sandhai ) APMC,Bottle gourd,Bottle Gourd,Local,1000,1500,1250,09/04/2026
Tamil Nadu,Erode,Sathiyamagalam(Uzhavar Sandhai ) APMC,Bottle gourd,Bottle Gourd,Local,1000,1600,1300,09/04/2026
Tamil Nadu,Namakkal,Tiruchengode APMC,Bottle gourd,Bottle Gourd,Local,1000,1200,1100,09/04/2026
Tamil Nadu,Coimbatore,RSPuram(Uzhavar Sandhai ) APMC,Bottle gourd,Bottle Gourd,Local,2000,2200,2100,09/04/2026
Tamil Nadu,Vellore,Vellore APMC,Bottle gourd,Bottle Gourd,Local,2000,2000,2000,09/04/2026
Tamil Nadu,Theni,Periyakulam(Uzhavar Sandhai ) APMC,Bottle gourd,Bottle Gourd,Local,1200,1400,1300,09/04/2026
Tamil Nadu,The Nilgiris,Gudalur(Uzhavar Sandhai ) APMC,Bottle gourd,Bottle Gourd,Local,1500,2000,1750,09/04/2026
Tamil Nadu,Virudhunagar,Srivilliputhur(Uzhavar Sandhai ) APMC,Bottle gourd,Bottle Gourd,Local,1500,2000,1750,09/04/2026
Tamil Nadu,Nagapattinam,Mayiladuthurai(Uzhavar Sandhai ) APMC,Bottle gourd,Bottle Gourd,Local,2500,3000,2750,09/04/2026
Tamil Nadu,Thiruvarur,Tiruvarur(Uzhavar Sandhai ) APMC,Bottle gourd,Bottle Gourd,Local,2000,2000,2000,09/04/2026
Tamil Nadu,Dharmapuri,Karimangalam(Uzhavar Sandhai),Bottle gourd,Bottle Gourd,Local,1400,1600,1500,09/04/2026
Tamil Nadu,Pudukkottai,Ponnamaravathi(Uzhavar Sandhai),Bottle gourd,Bottle Gourd,Local,1000,1500,1250,09/04/2026
Tamil Nadu,Virudhunagar,Sathur(Uzhavar Sandhai ) APMC,Bottle gourd,Bottle Gourd,Local,1800,2000,1900,09/04/2026
Tamil Nadu,Virudhunagar,Kariyapatti(Uzhavar Sandhai ) APMC,Bottle gourd,Bottle Gourd,Local,1500,2000,1750,09/04/2026
Tamil Nadu,Chengalpattu,Guduvancheri(Uzhavar Sandhai ) APMC,Bottle gourd,Bottle Gourd,Local,2500,3000,2750,09/04/2026
Tamil Nadu,Chengalpattu,Thirukalukundram(Uzhavar Sandhai ) APMC,Bottle gourd,Bottle Gourd,Local,2000,3000,2500,09/04/2026
Tamil Nadu,Thirupur,Palladam(Uzhavar Sandhai ) APMC,Bottle gourd,Bottle Gourd,Local,1500,2000,1750,09/04/2026
Tamil Nadu,Coimbatore,Kurichi(Uzhavar Sandhai ) APMC,Bottle gourd,Bottle Gourd,Local,2000,2500,2250,09/04/2026
Tamil Nadu,Cuddalore,Panruti(Uzhavar Sandhai ) APMC,Bottle gourd,Bottle Gourd,Local,2000,2000,2000,09/04/2026
Tamil Nadu,Dharmapuri,Dharmapuri(Uzhavar Sandhai ) APMC,Bottle gourd,Bottle Gourd,Local,1500,1600,1550,09/04/2026
Tamil Nadu,Dharmapuri,Pennagaram(Uzhavar Sandhai ) APMC,Bottle gourd,Bottle Gourd,Local,2400,2500,2450,09/04/2026
Tamil Nadu,Dharmapuri,Palacode(Uzhavar Sandhai ) APMC,Bottle gourd,Bottle Gourd,Local,1200,1500,1350,09/04/2026
Tamil Nadu,Dharmapuri,AJattihalli(Uzhavar Sandhai ) APMC,Bottle gourd,Bottle Gourd,Local,1600,2000,1800,09/04/2026
Tamil Nadu,Kancheepuram,Kundrathur(Uzhavar Sandhai ) APMC,Bottle gourd,Bottle Gourd,Local,2500,2500,2500,09/04/2026
Tamil Nadu,Karur,Vengamedu(Uzhavar Sandhai ) APMC,Bottle gourd,Bottle Gourd,Local,500,1000,750,09/04/2026
Tamil Nadu,Krishnagiri,Krishnagiri(Uzhavar Sandhai ) APMC,Bottle gourd,Bottle Gourd,Local,800,1000,900,09/04/2026
Tamil Nadu,Madurai,Anna nagar(Uzhavar Sandhai ) APMC,Bottle gourd,Bottle Gourd,Local,2000,2400,2200,09/04/2026
Tamil Nadu,Madurai,Chokkikulam(Uzhavar Sandhai ) APMC,Bottle gourd,Bottle Gourd,Local,2000,2400,2200,09/04/2026
Tamil Nadu,Madurai,Palanganatham(Uzhavar Sandhai ) APMC,Bottle gourd,Bottle Gourd,Local,1800,2400,2100,09/04/2026
Tamil Nadu,Namakkal,Namakkal(Uzhavar Sandhai ) APMC,Bottle gourd,Bottle Gourd,Local,1000,1400,1200,09/04/2026
Tamil Nadu,Pudukkottai,Alangudi(Uzhavar Sandhai ) APMC,Bottle gourd,Bottle Gourd,Local,1000,1500,1250,09/04/2026
Tamil Nadu,Pudukkottai,Viralimalai(Uzhavar Sandhai ) APMC,Bottle gourd,Bottle Gourd,Local,1000,1500,1250,09/04/2026
Tamil Nadu,Salem,Thathakapatti(Uzhavar Sandhai ) APMC,Bottle gourd,Bottle Gourd,Local,1800,2000,1900,09/04/2026
Tamil Nadu,Salem,Edapadi (Uzhavar Sandhai ) APMC,Bottle gourd,Bottle Gourd,Local,1500,2000,1750,09/04/2026
Tamil Nadu,Sivaganga,Devakottai (Uzhavar Sandhai ) APMC,Bottle gourd,Bottle Gourd,Local,2500,3000,2750,09/04/2026
Tamil Nadu,Theni,Bodinayakanur(Uzhavar Sandhai ) APMC,Bottle gourd,Bottle Gourd,Local,1400,1400,1400,09/04/2026
Tamil Nadu,Thiruvarur,Tiruthuraipoondi(Uzhavar Sandhai ) APMC,Bottle gourd,Bottle Gourd,Local,2000,2000,2000,09/04/2026
Tamil Nadu,Thiruvarur,Needamangalam(Uzhavar Sandhai ) APMC,Bottle gourd,Bottle Gourd,Local,2000,2000,2000,09/04/2026
Tamil Nadu,Thiruvannamalai,Tamarainagar(Uzhavar Sandhai ) APMC,Bottle gourd,Bottle Gourd,Local,1500,2000,1750,09/04/2026
Tamil Nadu,Thiruchirappalli,Manapparai(Uzhavar Sandhai ) APMC,Bottle gourd,Bottle Gourd,Local,2000,2000,2000,09/04/2026
Madhya Pradesh,Burhanpur,Burhanpur(F&V) APMC,Bitter gourd,Bitter Gourd,Medium,2000,3000,2800,09/04/2026
Madhya Pradesh,Sheopur,Sheopurkalan(F&V) APMC,Bitter gourd,Bitter Gourd,Medium,1500,1800,1600,09/04/2026
Madhya Pradesh,Indore,Indore(F&V) APMC,Bitter gourd,Bitter Gourd,Local,1000,2500,1600,09/04/2026
Madhya Pradesh,Dhar,Kukshi(F&V) APMC,Bitter gourd,Bitter Gourd,Grade A,1400,2300,1800,09/04/2026
Madhya Pradesh,Khandwa,Khandwa(F&V) APMC,Bitter gourd,Bitter Gourd,FAQ,850,2000,1500,09/04/2026
Madhya Pradesh,Indore,Indore(F&V) APMC,Bottle gourd,Bottle Gourd,Local,800,2000,1400,09/04/2026
Madhya Pradesh,Hoshangabad,Pipariya(F&V) APMC,Sponge gourd,Sponge gourd,Local,1200,2500,1800,09/04/2026
Madhya Pradesh,Dhar,Kukshi(F&V) APMC,Sponge gourd,Sponge gourd,Grade A,1000,2000,1500,09/04/2026
Madhya Pradesh,Badwani,Badwani(F&V) APMC,Sponge gourd,Sponge gourd,Local,1600,1600,1600,09/04/2026
Madhya Pradesh,Dhar,Kukshi(F&V) APMC,Bottle gourd,Bottle Gourd,Grade A,400,600,500,09/04/2026
Madhya Pradesh,Hoshangabad,Pipariya(F&V) APMC,Bottle gourd,Bottle Gourd,Local,400,1150,700,09/04/2026
Madhya Pradesh,Harda,Sirali(F&V) APMC,Bottle gourd,Bottle Gourd,Grade B,1500,1500,1500,09/04/2026
Madhya Pradesh,Khandwa,Khandwa(F&V) APMC,Bottle gourd,Bottle Gourd,FAQ,400,800,500,09/04/2026
Madhya Pradesh,Sagar,Sagar(F&V) APMC,Bottle gourd,Bottle Gourd,Local,600,1000,800,09/04/2026
Madhya Pradesh,Burhanpur,Burhanpur(F&V) APMC,Bottle gourd,Bottle Gourd,Local,1000,1500,1200,09/04/2026
Madhya Pradesh,Khandwa,Khandwa(F&V) APMC,Sponge gourd,Sponge gourd,FAQ,800,1600,1000,09/04/2026
Madhya Pradesh,Shivpuri,Shivpuri(F&V) APMC,Bottle gourd,Other,Grade B,1200,1200,1200,09/04/2026
Madhya Pradesh,Chhatarpur,Chattarpur(F&V) APMC,Bottle gourd,Other,Grade B,700,700,700,09/04/2026
Madhya Pradesh,Shivpuri,Karera(F&V) APMC,Bottle gourd,Bottle Gourd,Local,900,2000,1500,09/04/2026
Madhya Pradesh,Rewa,Rewa(F&V) APMC,Bottle gourd,Bottle Gourd,Grade B,1200,1200,1200,09/04/2026
Madhya Pradesh,Indore,Sanwer(F&V) APMC,Bottle gourd,Bottle Gourd,Grade A,800,1300,1100,09/04/2026
Madhya Pradesh,Badwani,Sendhwa(F&V) APMC,Bottle gourd,Bottle Gourd,Medium,1000,1300,1100,09/04/2026
Maharashtra,Mumbai,Mumbai APMC,Bitter gourd,Other,Local,1600,2400,2000,09/04/2026
Maharashtra,Pune,Khed(Chakan) APMC,Bitter gourd,Other,Local,2000,3000,2500,09/04/2026
Maharashtra,Pune,Pune(Manjri) APMC,Bitter gourd,Other,Local,3000,4000,3500,09/04/2026
Maharashtra,Ahmednagar,Ahmednagar APMC,Bitter gourd,Other,Local,2500,3000,2750,09/04/2026
Maharashtra,Satara,Karad APMC,Bitter gourd,Other,Local,2000,3000,3000,09/04/2026
Maharashtra,Satara,Satara APMC,Bitter gourd,Other,Local,1000,2000,1500,09/04/2026
Maharashtra,Sholapur,Mangal Wedha APMC,Bitter gourd,Other,Local,1700,4000,2600,09/04/2026
Maharashtra,Chandrapur,Chandrapur(Ganjwad) APMC,Bitter gourd,Other,Local,1500,2500,2000,09/04/2026
Maharashtra,Nashik,Nasik APMC,Bitter gourd,Other,Local,2080,2915,2500,09/04/2026
Maharashtra,Ratnagiri,Ratnagiri (Nachane) APMC,Bitter gourd,Other,Local,2500,3000,2700,09/04/2026
Maharashtra,Sangli,Islampur APMC,Bitter gourd,Other,Local,3000,4500,3750,09/04/2026
Maharashtra,Sholapur,Akluj APMC,Bitter gourd,Other,Local,2000,3500,3000,09/04/2026
Maharashtra,Sholapur,Solapur APMC,Bitter gourd,Other,Local,700,2500,1500,09/04/2026
Maharashtra,Jalgaon,Bhusaval APMC,Bitter gourd,Other,Local,2000,2500,2500,09/04/2026
Maharashtra,Jalgaon,Jalgaon APMC,Bitter gourd,Other,Local,1500,2200,1800,09/04/2026
Maharashtra,Raigad,Panvel APMC,Bitter gourd,Other,Local,3000,4000,3500,09/04/2026
Maharashtra,Ahmednagar,Rahata APMC,Bitter gourd,Other,Local,1000,2500,1750,09/04/2026
Maharashtra,Thane,Shahapur APMC,Bitter gourd,Other,Local,2000,3000,2500,09/04/2026
Maharashtra,Chattrapati Sambhajinagar,Chattrapati Sambhajinagar APMC,Bitter gourd,Other,Local,1500,2500,2000,09/04/2026
Maharashtra,Kolhapur,Vadgaonpeth APMC,Bitter gourd,Other,Local,1600,2600,2000,09/04/2026
Maharashtra,Nagpur,Nagpur APMC,Bitter gourd,Other,Local,2000,2500,2325,09/04/2026
Maharashtra,Pune,Junnar(Narayangaon) APMC,Bitter gourd,Other,Local,200,2500,1500,09/04/2026
Maharashtra,Pune,Pune APMC,Bitter gourd,Other,Local,2000,3000,2500,09/04/2026
Maharashtra,Pune,Pune(Pimpri) APMC,Bitter gourd,Other,Local,2500,2500,2500,09/04/2026
Maharashtra,Ahmednagar,Shrirampur APMC,Bitter gourd,Other,Local,1500,2500,2000,09/04/2026
Maharashtra,Nagpur,Kamthi APMC,Bitter gourd,Other,Local,4070,4570,4320,09/04/2026
Maharashtra,Pune,Pune(Moshi) APMC,Bitter gourd,Other,Local,3000,4000,3500,09/04/2026
Maharashtra,Ahmednagar,Ahmednagar APMC,Bottle gourd,Other,Local,800,1000,900,09/04/2026
Maharashtra,Sangli,Islampur APMC,Bottle gourd,Other,Local,1000,1500,1250,09/04/2026
Maharashtra,Ahmednagar,Rahata APMC,Bottle gourd,Other,Local,500,1100,800,09/04/2026
Maharashtra,Pune,Junnar(Narayangaon) APMC,Bottle gourd,Other,Local,250,1520,880,09/04/2026
Maharashtra,Raigad,Panvel APMC,Bottle gourd,Other,Local,2500,3000,2750,09/04/2026
Maharashtra,Satara,Satara APMC,Bottle gourd,Other,Local,1000,1500,1250,09/04/2026
Maharashtra,Mumbai,Mumbai APMC,Bottle gourd,Other,Local,1200,2000,1600,09/04/2026
Maharashtra,Nagpur,Nagpur APMC,Bottle gourd,Other,Local,500,700,650,09/04/2026
Maharashtra,Pune,Khed(Chakan) APMC,Bottle gourd,Other,Local,1000,2000,1500,09/04/2026
Maharashtra,Ahmednagar,Shrirampur APMC,Bottle gourd,Other,Local,800,1000,900,09/04/2026
Maharashtra,Chattrapati Sambhajinagar,Chattrapati Sambhajinagar APMC,Bottle gourd,Other,Local,1000,1500,1250,09/04/2026
Maharashtra,Nashik,Nasik APMC,Bottle gourd,Other,Local,660,2000,1200,09/04/2026
Maharashtra,Pune,Pune APMC,Bottle gourd,Other,Local,1000,2000,1500,09/04/2026
Maharashtra,Pune,Pune(Manjri) APMC,Bottle gourd,Other,Local,1500,2500,2000,09/04/2026
Maharashtra,Pune,Pune(Pimpri) APMC,Bottle gourd,Other,Local,1500,2500,2000,09/04/2026
Maharashtra,Jalgaon,Jalgaon APMC,Little gourd(Kundru),Other,Local,3000,3000,3000,09/04/2026
Maharashtra,Pune,Pune(Moshi) APMC,Little gourd(Kundru),Other,Local,3000,4000,3500,09/04/2026
Maharashtra,Mumbai,Mumbai APMC,Little gourd(Kundru),Other,Local,2000,3200,2600,09/04/2026
Maharashtra,Pune,Junnar(Narayangaon) APMC,Little gourd(Kundru),Other,Local,1000,4000,2500,09/04/2026
Maharashtra,Nagpur,Nagpur APMC,Little gourd(Kundru),Other,Local,3000,3500,3350,09/04/2026
Maharashtra,Pune,Pune APMC,Little gourd(Kundru),Other,Local,2000,3500,2750,09/04/2026
Maharashtra,Ahmednagar,Rahata APMC,Little gourd(Kundru),Other,Local,2500,2500,2500,09/04/2026
Maharashtra,Pune,Pune APMC,Pointed gourd(Parval),Other,Local,3500,6000,4750,09/04/2026
Uttar Pradesh,Pratapgarh,Pratapgarh APMC,Bitter gourd,Bitter Gourd,FAQ,2650,2650,2650,09/04/2026
Uttar Pradesh,Sant Kabir Nagar,Khalilabad APMC,Bitter gourd,Bitter Gourd,Medium,3500,3500,3500,09/04/2026
Uttar Pradesh,Sambhal,Chandausi APMC,Bitter gourd,Bitter Gourd,FAQ,3000,3100,3050,09/04/2026
Uttar Pradesh,Mau(Maunathbhanjan),Kopaganj APMC,Bitter gourd,Bitter Gourd,FAQ,3400,3400,3400,09/04/2026
Uttar Pradesh,Aligarh,Khair APMC,Bitter gourd,Bitter Gourd,Grade B,4200,4200,4200,09/04/2026
Uttar Pradesh,Bulandshahar,Sikarpur APMC,Bitter gourd,Bitter Gourd,FAQ,4000,4200,4100,09/04/2026
Uttar Pradesh,Lalitpur,Lalitpur APMC,Bitter gourd,Other,FAQ,2500,2580,2540,09/04/2026
Uttar Pradesh,Etawah,Jasvantnagar APMC,Bitter gourd,Bitter Gourd,Medium,2660,2760,2710,09/04/2026
Uttar Pradesh,Sonbhadra,Dudhi APMC,Bitter gourd,Bitter Gourd,Local,5600,5800,5700,09/04/2026
Uttar Pradesh,Shamli,Khandhla APMC,Bitter gourd,Bitter Gourd,FAQ,3400,3420,3410,09/04/2026
Uttar Pradesh,Saharanpur,Rampurmaniharan APMC,Bitter gourd,Bitter Gourd,Grade C,3000,3000,3000,09/04/2026
Uttar Pradesh,Aligarh,Khair APMC,Bottle gourd,Bottle Gourd,Grade B,1200,1200,1200,09/04/2026
Uttar Pradesh,Balrampur,Tulsipur APMC,Bottle gourd,Bottle Gourd,FAQ,2300,2370,2340,09/04/2026
Uttar Pradesh,Saharanpur,Chutmalpur APMC,Bottle gourd,Bottle Gourd,Local,900,1100,1000,09/04/2026
Uttar Pradesh,Bulandshahar,Gulavati APMC,Bottle gourd,Bottle Gourd,FAQ,1400,1600,1500,09/04/2026
Uttar Pradesh,Khiri (Lakhimpur),Maigalganj APMC,Bottle gourd,Bottle Gourd,FAQ,1350,1400,1375,09/04/2026
Uttar Pradesh,Lalitpur,Lalitpur APMC,Bottle gourd,Other,FAQ,1120,1200,1160,09/04/2026
Uttar Pradesh,Mau(Maunathbhanjan),Kopaganj APMC,Bottle gourd,Bottle Gourd,FAQ,1400,1400,1400,09/04/2026
Uttar Pradesh,Banda,Banda APMC,Bottle gourd,Bottle Gourd,FAQ,1050,1150,1100,09/04/2026
Uttar Pradesh,Etawah,Jasvantnagar APMC,Bottle gourd,Bottle Gourd,Medium,985,1085,1035,09/04/2026
Uttar Pradesh,Mathura,Kosikalan APMC,Bottle gourd,Bottle Gourd,FAQ,1040,1120,1080,09/04/2026
Uttar Pradesh,Sambhal,Sambhal APMC,Bottle gourd,Bottle Gourd,FAQ,800,900,850,09/04/2026
Uttar Pradesh,Shahjahanpur,Jalalabad APMC,Bottle gourd,Bottle Gourd,FAQ,900,1000,950,09/04/2026
Uttar Pradesh,Shamli,Khandhla APMC,Bottle gourd,Bottle Gourd,FAQ,1400,1440,1420,09/04/2026
Uttar Pradesh,Farukhabad,Kayamganj APMC,Bottle gourd,Bottle Gourd,FAQ,1400,1400,1400,09/04/2026
Uttar Pradesh,Sambhal,Chandausi APMC,Bottle gourd,Bottle Gourd,FAQ,1250,1300,1285,09/04/2026
Uttar Pradesh,Aligarh,Charra APMC,Bottle gourd,Bottle Gourd,FAQ,1500,1600,1550,09/04/2026
Uttar Pradesh,Etawah,Jasvantnagar APMC,Sponge gourd,Sponge gourd,Medium,2560,2660,2610,09/04/2026
Uttar Pradesh,Raebarelli,Lalganj APMC,Bottle gourd,Bottle Gourd,FAQ,800,1000,900,09/04/2026
Uttar Pradesh,Shamli,Kairana APMC,Bottle gourd,Bottle Gourd,FAQ,1100,1200,1150,09/04/2026
Uttar Pradesh,Kanpur Dehat,Pukharayan APMC,Bottle gourd,Bottle Gourd,FAQ,1150,1175,1160,09/04/2026
Uttar Pradesh,Saharanpur,Rampurmaniharan APMC,Bottle gourd,Bottle Gourd,Grade C,1000,1000,1000,09/04/2026
Uttar Pradesh,Pratapgarh,Pratapgarh APMC,Bottle gourd,Bottle Gourd,FAQ,1450,1450,1450,09/04/2026
Uttar Pradesh,Bulandshahar,Sikarpur APMC,Bottle gourd,Bottle Gourd,FAQ,1400,1600,1500,09/04/2026
Uttar Pradesh,Etah,Awagarh APMC,Bottle gourd,Bottle Gourd,FAQ,1600,1700,1650,09/04/2026
Uttar Pradesh,Pratapgarh,Pratapgarh APMC,Pointed gourd(Parval),Pointed gourd (Parval),FAQ,3400,3400,3400,09/04/2026
Rajasthan,Jaipur,Jaipur (F&V) APMC,Bitter gourd,Bitter Gourd,FAQ,2000,2500,2250,09/04/2026
Rajasthan,Jalore,Jalore APMC,Bitter gourd,Other,Local,2000,2500,2300,09/04/2026
Rajasthan,Ganganagar,Sriganganagar (F&V) APMC,Bitter gourd,Bitter Gourd,Grade A,5300,5700,5500,09/04/2026
Rajasthan,Jaipur,Jaipur (F&V) APMC,Bottle gourd,Bottle Gourd,FAQ,600,1000,800,09/04/2026
Rajasthan,Ganganagar,Sriganganagar (F&V) APMC,Sponge gourd,Sponge gourd,Grade A,4800,5200,5000,09/04/2026
Rajasthan,Jalore,Jalore APMC,Bottle gourd,Bottle Gourd,Local,800,1000,900,09/04/2026
Karnataka,Shimoga,Shimoga APMC,Bitter gourd,Bitter Gourd,Local,3000,4000,3500,09/04/2026
Karnataka,Bangalore,"Binny Mill (F&V), Bangalore APMC",Bitter gourd,Bitter Gourd,Local,2400,2600,2500,09/04/2026
Karnataka,Kolar,Gowribidanoor APMC,Bitter gourd,Bitter Gourd,Local,1500,2500,2000,09/04/2026
Karnataka,Kolar,Bangarpet APMC,Bitter gourd,Bitter Gourd,Local,1000,1500,1200,09/04/2026
Karnataka,Bangalore,Ramanagara APMC,Bitter gourd,Bitter Gourd,Local,2400,3500,3000,09/04/2026
Karnataka,Kolar,Gowribidanoor APMC,Bottle gourd,Bottle Gourd,Local,1200,2000,1800,09/04/2026
Karnataka,Bangalore,"Binny Mill (F&V), Bangalore APMC",Bottle gourd,Bottle Gourd,Local,1800,2000,1900,09/04/2026
Karnataka,Bangalore,Ramanagara APMC,Bottle gourd,Bottle Gourd,Local,1200,1600,1400,09/04/2026
Haryana,Jhajar,Bahadurgarh APMC,Bitter gourd,Other,Medium,5000,6000,5500,09/04/2026
Haryana,Mahendragarh-Narnaul,Narnaul APMC,Bitter gourd,Bitter Gourd,Medium,3000,4000,4000,09/04/2026
Haryana,Sonipat,Ganaur APMC,Bitter gourd,Bitter Gourd,Medium,3500,4000,3800,09/04/2026
Haryana,Kurukshetra,Ladwa APMC,Bitter gourd,Bitter Gourd,Medium,3000,4000,3500,09/04/2026
Haryana,Ambala,Naraingarh APMC,Bitter gourd,Bitter Gourd,Medium,1500,3000,2500,09/04/2026
Haryana,Hissar,Barwala(Hisar) APMC,Bitter gourd,Bitter Gourd,Local,3000,3500,3250,09/04/2026
Haryana,Kurukshetra,Thanesar APMC,Bitter gourd,Bitter Gourd,Local,3000,4000,3500,09/04/2026
Haryana,Sonipat,Gohana APMC,Bitter gourd,Other,Medium,4000,6000,5000,09/04/2026
Haryana,Gurgaon,Sohna APMC,Bitter gourd,Bitter Gourd,Local,2500,3000,2700,09/04/2026
Haryana,Panchkula,Barwala APMC,Bitter gourd,Bitter Gourd,FAQ,3000,4000,3500,09/04/2026
Haryana,Faridabad,Ballabhgarh APMC,Bitter gourd,Other,FAQ,2000,2600,2300,09/04/2026
Haryana,Kaithal,Siwan APMC,Bitter gourd,Other,FAQ,3800,4000,3900,09/04/2026
Haryana,Gurgaon,Sohna APMC,Bottle gourd,Bottle Gourd,Local,800,1200,1100,09/04/2026
Haryana,Jind,Narwana APMC,Bottle gourd,Bottle Gourd,Local,1000,1000,1000,09/04/2026
Haryana,Panipat,Panipat APMC,Bottle gourd,Bottle Gourd,Local,800,1000,900,09/04/2026
Haryana,Yamuna Nagar,Radaur APMC,Bottle gourd,Other,Local,1600,1800,1700,09/04/2026
Haryana,Mewat,Nuh APMC,Bottle gourd,Other,Local,500,900,900,09/04/2026
Haryana,Kurukshetra,Ladwa APMC,Bottle gourd,Bottle Gourd,Medium,3500,3800,3800,09/04/2026
Haryana,Kurukshetra,Thanesar APMC,Bottle gourd,Bottle Gourd,Local,1000,2500,1750,09/04/2026
Haryana,Sonipat,Sonepat APMC,Bottle gourd,Other,FAQ,900,1200,1200,09/04/2026
Haryana,Panchkula,Raipur Rai APMC,Bottle gourd,Bottle Gourd,Local,1500,1600,1500,09/04/2026
Haryana,Ambala,Shahzadpur APMC,Bottle gourd,Bottle Gourd,FAQ,1400,2000,1500,09/04/2026
Haryana,Yamuna Nagar,Jagadhri APMC,Bottle gourd,Bottle Gourd,Medium,800,1100,1100,09/04/2026
Haryana,Yamuna Nagar,Chhachrauli APMC,Bottle gourd,Bottle Gourd,Medium,1300,2500,1500,09/04/2026
Haryana,Yamuna Nagar,Mustafabad APMC,Bottle gourd,Bottle Gourd,FAQ,1600,1700,1700,09/04/2026
Haryana,Hissar,Uklana APMC,Bottle gourd,Bottle Gourd,Medium,1400,1500,1500,09/04/2026
Haryana,Rewari,Kosli APMC,Bottle gourd,Bottle Gourd,FAQ,2000,2000,2000,09/04/2026
Haryana,Sonipat,Ganaur APMC,Bottle gourd,Bottle Gourd,Medium,1200,1500,1400,09/04/2026
Haryana,Jhajar,Bahadurgarh APMC,Bottle gourd,Other,Medium,1000,1500,1200,09/04/2026
Haryana,Faridabad,Faridabad APMC,Bottle gourd,Bottle Gourd,Local,1000,1000,1000,09/04/2026
Haryana,Kaithal,Cheeka APMC,Bottle gourd,Other,FAQ,800,1200,1000,09/04/2026
Haryana,Mewat,FerozpurZirkha(Nagina) APMC,Bottle gourd,Other,Local,1000,1400,1200,09/04/2026
Haryana,Mahendragarh-Narnaul,Narnaul APMC,Bottle gourd,Bottle Gourd,Medium,800,1000,1000,09/04/2026
Haryana,Ambala,Naraingarh APMC,Bottle gourd,Bottle Gourd,Medium,700,1500,1000,09/04/2026
Haryana,Mahendragarh-Narnaul,Mohindergarh APMC,Bottle gourd,Bottle Gourd,FAQ,800,800,800,09/04/2026
Haryana,Kaithal,Siwan APMC,Bottle gourd,Other,FAQ,1800,2000,1900,09/04/2026
Haryana,Kurukshetra,Thanesar APMC,Sponge gourd,Sponge gourd,Local,3000,4000,3500,09/04/2026
Haryana,Faridabad,Ballabhgarh APMC,Bottle gourd,Other,FAQ,700,1000,900,09/04/2026
Haryana,Panipat,Samalkha APMC,Sponge gourd,Other,FAQ,3000,3000,3000,09/04/2026
Haryana,Panchkula,Barwala APMC,Bottle gourd,Bottle Gourd,FAQ,1200,1500,1350,09/04/2026
Haryana,Panipat,Samalkha APMC,Bottle gourd,Bottle Gourd,FAQ,1000,1500,1200,09/04/2026
Haryana,Mahendragarh-Narnaul,Narnaul APMC,Sponge gourd,Sponge gourd,Medium,3000,5000,4000,09/04/2026
Haryana,Hissar,Hansi APMC,Bottle gourd,Other,Grade Range-1,700,800,750,09/04/2026
Haryana,Mewat,Tauru APMC,Bottle gourd,Other,Local,1000,1000,1000,09/04/2026
Haryana,Yamuna Nagar,Sadhaura APMC,Bottle gourd,Bottle Gourd,Local,1200,1500,1300,09/04/2026
Punjab,Patiala,Patran APMC,Bitter gourd,Bitter Gourd,Grade A,3360,3360,3360,09/04/2026
Punjab,Hoshiarpur,Garh Shankar(Mahalpur) APMC,Bitter gourd,Other,FAQ,4600,4600,4600,09/04/2026
Punjab,Patiala,Nabha APMC,Bitter gourd,Other,Grade C,2800,4400,3800,09/04/2026
Punjab,Hoshiarpur,Tanda Urmur APMC,Bitter gourd,Bitter Gourd,Grade A,5000,6000,5500,09/04/2026
Punjab,Ludhiana,Khanna APMC,Bitter gourd,Bitter Gourd,Grade A,1800,1800,1800,09/04/2026
Punjab,Gurdaspur,Quadian APMC,Bitter gourd,Other,FAQ,5000,5200,5100,09/04/2026
Punjab,Ropar (Rupnagar),Morinda APMC,Bitter gourd,Bitter Gourd,Medium,5000,5000,5000,09/04/2026
Punjab,Ludhiana,Ludhiana APMC,Bitter gourd,Bitter Gourd,FAQ,2000,3800,2700,09/04/2026
Punjab,Ferozpur,Zira APMC,Bitter gourd,Bitter Gourd,Grade A,5000,5000,5000,09/04/2026
Punjab,Fazilka,Jalalabad APMC,Bitter gourd,Bitter Gourd,Medium,5300,5400,5300,09/04/2026
Punjab,Nawanshahr,Nawan Shahar(Subzi Mandi) APMC,Bitter gourd,Bitter Gourd,FAQ,5000,5500,5300,09/04/2026
Punjab,Tarntaran,Patti APMC,Bitter gourd,Other,Local,3000,3000,3000,09/04/2026
Punjab,Fatehgarh,Bassi Pathana APMC,Bitter gourd,Bitter Gourd,Medium,7000,7000,7000,09/04/2026
Punjab,Sangrur,Lehra Gaga APMC,Bottle gourd,Other,Grade A,3800,3800,3800,09/04/2026
Punjab,Ludhiana,Khanna APMC,Bottle gourd,Other,Grade A,1200,1200,1200,09/04/2026
Punjab,Moga,Nihal Singh Wala APMC,Bottle gourd,Bottle Gourd,FAQ,2500,2500,2500,09/04/2026
Punjab,Nawanshahr,Nawan Shahar(Subzi Mandi) APMC,Round gourd,Other,FAQ,2000,2300,2100,09/04/2026
Punjab,Moga,Baghapurana APMC,Bottle gourd,Other,Grade B,2000,2400,2200,09/04/2026
Punjab,Nawanshahr,Nawan Shahar(Subzi Mandi) APMC,Sponge gourd,Other,FAQ,3500,4000,3800,09/04/2026
Punjab,Gurdaspur,Dinanagar APMC,Bottle gourd,Bottle Gourd,Medium,1800,2000,1900,09/04/2026
Punjab,Ludhiana,Doraha APMC,Bottle gourd,Bottle Gourd,Local,1500,2000,1800,09/04/2026
Punjab,Mohali,Banur APMC,Bottle gourd,Other,Local,2000,2000,2000,09/04/2026
Punjab,Patiala,Patran APMC,Round gourd,Other,Grade A,1260,1260,1260,09/04/2026
Punjab,Mohali,Kharar APMC,Bottle gourd,Bottle Gourd,Local,1500,2000,1700,09/04/2026
Punjab,Ropar (Rupnagar),Morinda APMC,Bottle gourd,Bottle Gourd,Medium,2000,2000,2000,09/04/2026
Punjab,Kapurthala,Sultanpur APMC,Bottle gourd,Other,Local,2000,2000,2000,09/04/2026
Punjab,Hoshiarpur,Garh Shankar(Mahalpur) APMC,Bottle gourd,Bottle Gourd,FAQ,1800,1800,1800,09/04/2026
Punjab,Ludhiana,Doraha APMC,Sponge gourd,Other,Local,2000,2000,2000,09/04/2026
Punjab,Sangrur,Bhawanigarh APMC,Bottle gourd,Other,Medium,2600,2800,2700,09/04/2026
Punjab,Jalandhar,Jalandhar City(Jalandhar) APMC,Bottle gourd,Bottle Gourd,FAQ,800,1400,1100,09/04/2026
Punjab,Jalandhar,Phillaur(Apra Mandi) APMC,Bottle gourd,Other,FAQ,1000,1000,1000,09/04/2026
Punjab,Ludhiana,Ludhiana APMC,Bottle gourd,Other,FAQ,200,700,500,09/04/2026
Punjab,Mohali,Kurali APMC,Bottle gourd,Bottle Gourd,Medium,1400,1600,1500,09/04/2026
Punjab,Tarntaran,Naushera Pannuan APMC,Bottle gourd,Bottle Gourd,Grade B,2000,2000,2000,09/04/2026
Telangana,Hyderabad,Gudimalkapur APMC,Bitter gourd,Bitter Gourd,Grade B,1500,2500,2000,09/04/2026
Telangana,Ranga Reddy,"Kukatpally,RBZ APMC",Bitter gourd,Bitter Gourd,Medium,2000,2500,2250,09/04/2026
Telangana,Mahbubnagar,Shadnagar APMC,Bitter gourd,Bitter Gourd,Local,1800,2200,1900,09/04/2026
Telangana,Warangal,Warangal APMC,Bitter gourd,Bitter Gourd,FAQ,2000,2500,2250,09/04/2026
Telangana,Hyderabad,Gaddiannaram APMC,Bitter gourd,Bitter Gourd,Medium,2000,3000,2500,09/04/2026
Telangana,Hyderabad,Hyderabad (F&V) APMC,Bitter gourd,Bitter Gourd,Medium,2000,2000,2000,09/04/2026
Telangana,Medak,Vantamamidi APMC,Bitter gourd,Bitter Gourd,Local,1000,1500,1250,09/04/2026
Telangana,Hyderabad,Bowenpally APMC,Bitter gourd,Bitter Gourd,FAQ,600,2300,1800,09/04/2026
Telangana,Hyderabad,Gaddiannaram APMC,Bottle gourd,Bottle Gourd,Medium,500,1000,600,09/04/2026
Telangana,Medak,Vantamamidi APMC,Bottle gourd,Bottle Gourd,Local,500,500,500,09/04/2026
Telangana,Hyderabad,Gudimalkapur APMC,Bottle gourd,Bottle Gourd,Grade B,200,400,300,09/04/2026
Telangana,Ranga Reddy,"Kukatpally,RBZ APMC",Bottle gourd,Bottle Gourd,Medium,1000,1300,1150,09/04/2026
Telangana,Hyderabad,Bowenpally APMC,Bottle gourd,Bottle Gourd,FAQ,400,600,550,09/04/2026
Kerala,Malappuram,Parappanangadi APMC,Bitter gourd,Other,FAQ,4300,4500,4400,09/04/2026
Kerala,Kozhikode(Calicut),Mukkom APMC,Bitter gourd,Bitter Gourd,FAQ,5000,5200,5100,09/04/2026
Kerala,Kannur,Kannur APMC,Bitter gourd,Bitter Gourd,Grade A,4600,5200,4900,09/04/2026
Kerala,Alappuzha,Harippad APMC,Bitter gourd,Other,FAQ,5000,5500,5000,09/04/2026
Kerala,Alappuzha,Kayamkulam APMC,Bitter gourd,Other,FAQ,6800,7000,6900,09/04/2026
Kerala,Thiruvananthapuram,Parassala APMC,Bitter gourd,Bitter Gourd,Local,6000,6200,6000,09/04/2026
Kerala,Kollam,Anchal APMC,Bitter gourd,Bitter Gourd,Local,7300,7300,7300,09/04/2026
Kerala,Palakad,Koduvayoor APMC,Bitter gourd,Bitter Gourd,Medium,4500,4900,4700,09/04/2026
Kerala,Kottayam,Pampady APMC,Bitter gourd,Bitter Gourd,FAQ,5500,6500,6000,09/04/2026
Kerala,Alappuzha,Aroor APMC,Bitter gourd,Other,FAQ,5800,6000,5900,09/04/2026
Kerala,Kozhikode(Calicut),Kallachi APMC,Bitter gourd,Bitter Gourd,FAQ,4800,5200,5000,09/04/2026
Kerala,Kollam,Sasthamkotta APMC,Bitter gourd,Other,Local,6000,6000,6000,09/04/2026
Kerala,Pathanamthitta,Ranniangadi APMC,Bitter gourd,Bitter Gourd,Local,5800,6000,5800,09/04/2026
Kerala,Kottayam,Athirampuzha APMC,Bitter gourd,Bitter Gourd,FAQ,5000,5400,5200,09/04/2026
Kerala,Ernakulam,Perumbavoor APMC,Bitter gourd,Bitter Gourd,Medium,4500,5500,5000,09/04/2026
Kerala,Alappuzha,Chengannur APMC,Bitter gourd,Other,FAQ,4500,4800,4600,09/04/2026
Kerala,Kottayam,Ettumanoor APMC,Bitter gourd,Bitter Gourd,FAQ,5000,5400,5200,09/04/2026
Kerala,Ernakulam,Piravam APMC,Bitter gourd,Bitter Gourd,Local,6000,7000,6500,09/04/2026
Kerala,Wayanad,Kalpetta APMC,Bitter gourd,Other,FAQ,2800,2900,2900,09/04/2026
Kerala,Kollam,Chathanoor APMC,Bitter gourd,Other,FAQ,7800,8200,8000,09/04/2026
Kerala,Malappuram,Perinthalmanna APMC,Bitter gourd,Bitter Gourd,Large,2600,2600,2600,09/04/2026
Kerala,Kottayam,Pala APMC,Bitter gourd,Bitter Gourd,FAQ,4500,5600,5000,09/04/2026
Kerala,Ernakulam,Thrippunithura APMC,Bitter gourd,Bitter Gourd,Medium,5000,6400,5200,09/04/2026
Kerala,Thirssur,Irinjalakkuda APMC,Bitter gourd,Bitter Gourd,FAQ,3600,3600,3600,09/04/2026
Kerala,Kottayam,Kuruppanthura APMC,Bitter gourd,Other,Local,6800,6800,6800,09/04/2026
Kerala,Idukki,Munnar APMC,Bitter gourd,Other,Medium,4500,4500,4500,09/04/2026
Kerala,Malappuram,Parappanangadi APMC,Bottle gourd,Bottle Gourd,FAQ,2200,2400,2300,09/04/2026
Kerala,Kozhikode(Calicut),Mukkom APMC,Bottle gourd,Bottle Gourd,FAQ,2200,2400,2300,09/04/2026
Kerala,Alappuzha,Chengannur APMC,Bottle gourd,Other,FAQ,1900,2200,2000,09/04/2026
Kerala,Idukki,Munnar APMC,Bottle gourd,Bottle Gourd,Medium,6000,6000,6000,09/04/2026
Kerala,Palakad,Koduvayoor APMC,Bottle gourd,Bottle Gourd,Medium,3200,3600,3400,09/04/2026
Kerala,Thirssur,Irinjalakkuda APMC,Bottle gourd,Bottle Gourd,FAQ,3600,3600,3600,09/04/2026
Kerala,Alappuzha,Harippad APMC,Bottle gourd,Other,FAQ,1500,2000,1500,09/04/2026
Kerala,Kozhikode(Calicut),Kallachi APMC,Bottle gourd,Bottle Gourd,FAQ,3000,3400,3200,09/04/2026
Kerala,Ernakulam,Perumbavoor APMC,Bottle gourd,Bottle Gourd,Medium,2500,3500,3000,09/04/2026
Kerala,Malappuram,Perinthalmanna APMC,Bottle gourd,Bottle Gourd,Large,1700,1700,1700,09/04/2026
Kerala,Ernakulam,Piravam APMC,Bottle gourd,Bottle Gourd,Local,2400,3500,3000,09/04/2026
Kerala,Ernakulam,Thrippunithura APMC,Bottle gourd,Bottle Gourd,Medium,4500,6000,4700,09/04/2026
Kerala,Palakad,Koduvayoor APMC,Little gourd(Kundru),Other,Medium,2700,3100,2900,09/04/2026
Kerala,Pathanamthitta,Thengamam VFPCK APMC,Little gourd(Kundru),Little gourd (Kundru),Grade A,2000,3000,2800,09/04/2026
Kerala,Ernakulam,Piravam APMC,Little gourd(Kundru),Other,Local,5000,7000,6000,09/04/2026
Kerala,Ernakulam,Perumbavoor APMC,Little gourd(Kundru),Other,Medium,4000,5000,4500,09/04/2026
Kerala,Kottayam,Ettumanoor APMC,Little gourd(Kundru),Other,FAQ,2400,2600,2500,09/04/2026
Kerala,Kottayam,Pala APMC,Little gourd(Kundru),Other,FAQ,2500,4000,3200,09/04/2026
Kerala,Ernakulam,Thrippunithura APMC,Little gourd(Kundru),Other,Medium,4000,5000,4200,09/04/2026
Kerala,Kottayam,Athirampuzha VFPCK APMC,Little gourd(Kundru),Little gourd (Kundru),Grade A,1500,1500,1500,09/04/2026
Kerala,Kollam,Chathanoor APMC,Little gourd(Kundru),Other,FAQ,8800,9200,9000,09/04/2026
Kerala,Malappuram,Parappanangadi APMC,Little gourd(Kundru),Little gourd (Kundru),FAQ,3300,3500,3400,09/04/2026
Uttarakhand,Udhamsinghnagar,Khateema APMC,Bitter gourd,Other,Grade B,1000,1200,1100,09/04/2026
Uttarakhand,Haridwar,Roorkee APMC,Bitter gourd,Other,Local,650,850,750,09/04/2026
Uttarakhand,Dehradoon,Dehradoon APMC,Bitter gourd,Bitter Gourd,FAQ,2000,3000,2500,09/04/2026
Uttarakhand,Garhwal (Pauri),Kotadwara APMC,Bitter gourd,Bitter Gourd,FAQ,1100,1100,1100,09/04/2026
Uttarakhand,Udhamsinghnagar,Kashipur APMC,Sponge gourd,Other,Local,1900,1900,1900,09/04/2026
Uttarakhand,Haridwar,Haridwar Union APMC,Bottle gourd,Bottle Gourd,FAQ,800,1000,900,09/04/2026
Uttarakhand,Udhamsinghnagar,Rudrapur APMC,Bottle gourd,Other,Medium,1500,2000,1800,09/04/2026
Uttarakhand,Dehradoon,Rishikesh APMC,Bottle gourd,Other,Medium,1000,1500,1200,09/04/2026
Uttarakhand,Dehradoon,Vikasnagar APMC,Bottle gourd,Other,Medium,700,1000,1000,09/04/2026
Uttarakhand,Haridwar,Roorkee APMC,Bottle gourd,Other,Local,600,800,700,09/04/2026
Uttarakhand,Haridwar,Manglaur APMC,Bottle gourd,Other,Large,500,600,550,09/04/2026
Uttarakhand,Haridwar,Bhagwanpur(Naveen Mandi Sthal) APMC,Bottle gourd,Other,Grade A,400,800,600,09/04/2026
Uttarakhand,Udhamsinghnagar,Kicchha APMC,Bottle gourd,Bottle Gourd,Local,300,500,400,09/04/2026
Uttarakhand,Nanital,Ramnagar APMC,Bottle gourd,Other,Local,1000,1200,1100,09/04/2026
Uttarakhand,Udhamsinghnagar,Rudrapur APMC,Pointed gourd(Parval),Other,Medium,5000,7000,6000,09/04/2026
Himachal Pradesh,Kullu,PMY Kullu,Bitter gourd,Other,FAQ,7000,7500,7300,09/04/2026
Himachal Pradesh,Solan,SMY Nalagarh,Bitter gourd,Bitter Gourd,Medium,4000,5000,4500,09/04/2026
Himachal Pradesh,Kangra,SMY Jaisinghpur,Bitter gourd,Bitter Gourd,FAQ,6200,6800,6500,09/04/2026
Himachal Pradesh,Una,PMY Una,Bitter gourd,Bitter Gourd,FAQ,4500,5500,5000,09/04/2026
Himachal Pradesh,Hamirpur,PMY Hamirpur,Bitter gourd,Bitter Gourd,Grade B,5000,5500,5250,09/04/2026
Himachal Pradesh,Una,SMY Santoshgarh,Bitter gourd,Bitter Gourd,FAQ,4200,4200,4200,09/04/2026
Himachal Pradesh,Bilaspur,PMY Bilaspur,Bitter gourd,Other,Grade B,5000,6200,5500,09/04/2026
Himachal Pradesh,Kangra,SMY Palampur,Bitter gourd,Bitter Gourd,FAQ,6000,6500,6200,09/04/2026
Himachal Pradesh,Kangra,SMY Baijnath,Bitter gourd,Bitter Gourd,Grade A,5000,6000,5500,09/04/2026
Himachal Pradesh,Kangra,SMY Dharamshala,Bitter gourd,Bitter Gourd,FAQ,5000,6000,5500,09/04/2026
Himachal Pradesh,Chamba,PMY Chamba,Bitter gourd,Bitter Gourd,Medium,7000,7500,7250,09/04/2026
Himachal Pradesh,Solan,PMY Kather Solan,Bitter gourd,Other,Medium,4000,5500,5000,09/04/2026
Himachal Pradesh,Mandi,PMY Kangni Mandi,Bitter gourd,Bitter Gourd,Grade B,3500,6000,5000,09/04/2026
Himachal Pradesh,Hamirpur,PMY Hamirpur,Sponge gourd,Other,Grade B,5000,5500,5250,09/04/2026
Himachal Pradesh,Mandi,SMY Dhanotu,Bottle gourd,Bottle Gourd,FAQ,1500,1800,1650,09/04/2026
Himachal Pradesh,Kangra,SMY Palampur,Bottle gourd,Bottle Gourd,FAQ,1800,2000,1900,09/04/2026
Himachal Pradesh,Una,SMY Santoshgarh,Bottle gourd,Bottle Gourd,FAQ,1800,2000,1900,09/04/2026
Himachal Pradesh,Chamba,PMY Chamba,Bottle gourd,Bottle Gourd,Medium,2000,2200,2100,09/04/2026
Himachal Pradesh,Hamirpur,PMY Hamirpur,Bottle gourd,Bottle Gourd,Grade B,2200,2500,2350,09/04/2026
Himachal Pradesh,Solan,SMY Nalagarh,Bottle gourd,Other,Medium,1200,2000,1600,09/04/2026
Himachal Pradesh,Kangra,SMY Jaisinghpur,Bottle gourd,Bottle Gourd,FAQ,2200,2400,2300,09/04/2026
Himachal Pradesh,Kullu,PMY Kullu,Sponge gourd,Other,FAQ,5000,5500,5300,09/04/2026
Himachal Pradesh,Una,PMY Una,Sponge gourd,Sponge gourd,Local,5000,5500,5250,09/04/2026
Himachal Pradesh,Mandi,PMY Kangni Mandi,Bottle gourd,Bottle Gourd,Grade B,1500,2500,2000,09/04/2026
Himachal Pradesh,Mandi,PMY Kangni Mandi,Sponge gourd,Sponge gourd,Grade B,3000,4500,4000,09/04/2026
Himachal Pradesh,Kangra,SMY Dharamshala,Bottle gourd,Bottle Gourd,FAQ,2000,2500,2250,09/04/2026
Himachal Pradesh,Hamirpur,SMY Nadaun,Bottle gourd,Other,Grade B,2200,2500,2350,09/04/2026
Himachal Pradesh,Kangra,SMY Baijnath,Bottle gourd,Bottle Gourd,Grade A,3300,3600,3500,09/04/2026
Himachal Pradesh,Una,PMY Una,Bottle gourd,Bottle Gourd,Local,2100,2500,2300,09/04/2026
Himachal Pradesh,Kullu,PMY Kullu,Bottle gourd,Other,FAQ,2000,2500,2300,09/04/2026
Himachal Pradesh,Solan,PMY Kather Solan,Bottle gourd,Other,Medium,1800,2200,2000,09/04/2026
Himachal Pradesh,Una,SMY Takarla,Bottle gourd,Bottle Gourd,FAQ,1000,2000,1500,09/04/2026
Tamil Nadu,Vellore,Vellore APMC,Bhindi(Ladies Finger),Bhindi,Local,3500,4000,3750,09/04/2026
Tamil Nadu,The Nilgiris,Coonoor(Uzhavar Sandhai ) APMC,Bhindi(Ladies Finger),Bhindi,Local,5000,5500,5250,09/04/2026
Tamil Nadu,Coimbatore,Singanallur(Uzhavar Sandhai ) APMC,Bhindi(Ladies Finger),Bhindi,Local,6000,6500,6250,09/04/2026
Tamil Nadu,Coimbatore,Sundarapuram(Uzhavar Sandhai ) APMC,Bhindi(Ladies Finger),Bhindi,Local,6000,6500,6250,09/04/2026
Tamil Nadu,Nagapattinam,Mayiladuthurai(Uzhavar Sandhai ) APMC,Bhindi(Ladies Finger),Bhindi,Local,4500,5000,4750,09/04/2026
Tamil Nadu,Thiruvannamalai,Cheyyar APMC,Ragi(Finger Millet),Other,Local,3576,3676,3626,09/04/2026
Tamil Nadu,Thanjavur,Kumbakonam (Uzhavar Sandhai ) APMC,Bhindi(Ladies Finger),Bhindi,Local,4800,4800,4800,09/04/2026
Tamil Nadu,Vellore,Perampet(Uzhavar Sandhai),Bhindi(Ladies Finger),Bhindi,Local,3600,3600,3600,09/04/2026
Tamil Nadu,Virudhunagar,Thalavaipuram(Uzhavar Sandhai ) APMC,Bhindi(Ladies Finger),Bhindi,Local,2500,3000,2750,09/04/2026
Tamil Nadu,Chengalpattu,Pallavaram(Uzhavar Sandhai ) APMC,Bhindi(Ladies Finger),Bhindi,Local,5000,6000,5500,09/04/2026
Tamil Nadu,Chengalpattu,Nanganallur(Uzhavar Sandhai ) APMC,Bhindi(Ladies Finger),Bhindi,Local,4500,5500,5000,09/04/2026
Tamil Nadu,Thirupur,Dharapuram(Uzhavar Sandhai ) APMC,Bhindi(Ladies Finger),Bhindi,Local,5500,6000,5750,09/04/2026
Tamil Nadu,Kallakuruchi,Kallakurichi(Uzhavar Sandhai ) APMC,Bhindi(Ladies Finger),Bhindi,Local,4000,4000,4000,09/04/2026
Tamil Nadu,Nagercoil (Kannyiakumari),Vadaseri APMC,Bhindi(Ladies Finger),Bhindi,Local,4000,4500,4250,09/04/2026
Tamil Nadu,Cuddalore,Viruthachalam(Uzhavar Sandhai ) APMC,Bhindi(Ladies Finger),Bhindi,Local,3800,4000,3900,09/04/2026
Tamil Nadu,Cuddalore,Panruti(Uzhavar Sandhai ) APMC,Bhindi(Ladies Finger),Bhindi,Local,3500,3500,3500,09/04/2026
Tamil Nadu,Dindigul,Chinnalapatti(Uzhavar Sandhai ) APMC,Bhindi(Ladies Finger),Bhindi,Local,4000,4600,4300,09/04/2026
Tamil Nadu,Kancheepuram,Kundrathur(Uzhavar Sandhai ) APMC,Bhindi(Ladies Finger),Bhindi,Local,3500,3500,3500,09/04/2026
Tamil Nadu,Krishnagiri,Hosur(Uzhavar Sandhai ) APMC,Bhindi(Ladies Finger),Bhindi,Local,5000,6000,5500,09/04/2026
Tamil Nadu,Krishnagiri,Krishnagiri(Uzhavar Sandhai ) APMC,Bhindi(Ladies Finger),Bhindi,Local,3600,4000,3800,09/04/2026
Tamil Nadu,Krishnagiri,Denkanikottai(Uzhavar Sandhai ) APMC,Bhindi(Ladies Finger),Bhindi,Local,5000,6000,5500,09/04/2026
Tamil Nadu,Nagapattinam,Sirkali(Uzhavar Sandhai ) APMC,Bhindi(Ladies Finger),Bhindi,Local,4500,5000,4750,09/04/2026
Tamil Nadu,Pudukkottai,Aranthangi(Uzhavar Sandhai ) APMC,Bhindi(Ladies Finger),Bhindi,Local,3500,4000,3750,09/04/2026
Tamil Nadu,Pudukkottai,Alangudi(Uzhavar Sandhai ) APMC,Bhindi(Ladies Finger),Bhindi,Local,3500,4000,3750,09/04/2026
Tamil Nadu,Thirunelveli,NGO Colony(Uzhavar Sandhai ) APMC,Bhindi(Ladies Finger),Bhindi,Local,2500,3000,2750,09/04/2026
Tamil Nadu,Thiruvannamalai,Polur(Uzhavar Sandhai ) APMC,Bhindi(Ladies Finger),Bhindi,Local,3300,4000,3650,09/04/2026
Tamil Nadu,Thiruvannamalai,Vandavasi(Uzhavar Sandhai ) APMC,Bhindi(Ladies Finger),Bhindi,Local,3500,4000,3750,09/04/2026
Tamil Nadu,Thiruvannamalai,Tamarainagar(Uzhavar Sandhai ) APMC,Bhindi(Ladies Finger),Bhindi,Local,2000,2500,2250,09/04/2026
Tamil Nadu,Cuddalore,Kurinchipadi APMC,Ragi(Finger Millet),Other,Local,3666,4033,3849.5,09/04/2026
Tamil Nadu,Coimbatore,Mettupalayam(Uzhavar Sandhai ) APMC,Bhindi(Ladies Finger),Bhindi,Local,4500,5000,4750,09/04/2026
Tamil Nadu,Karur,Karur(Uzhavar Sandhai ) APMC,Bhindi(Ladies Finger),Bhindi,Local,5000,5500,5250,09/04/2026
Tamil Nadu,Theni,Periyakulam(Uzhavar Sandhai ) APMC,Bhindi(Ladies Finger),Bhindi,Local,3800,4000,3900,09/04/2026
Tamil Nadu,Krishnagiri,Kaveripattinam(Uzhavar Sandhai ) APMC,Bhindi(Ladies Finger),Bhindi,Local,3500,3500,3500,09/04/2026
Tamil Nadu,Coimbatore,Sulur(Uzhavar Sandhai ) APMC,Bhindi(Ladies Finger),Bhindi,Local,6000,6500,6250,09/04/2026
Tamil Nadu,Pudukkottai,Gandarvakottai(Uzhavar Sandhai ) APMC,Bhindi(Ladies Finger),Bhindi,Local,3000,4000,3500,09/04/2026
Tamil Nadu,Salem,Thammampatti (Uzhavar Sandhai ) APMC,Bhindi(Ladies Finger),Bhindi,Local,4000,4000,4000,09/04/2026
Tamil Nadu,Thiruvarur,Tiruvarur(Uzhavar Sandhai ) APMC,Bhindi(Ladies Finger),Bhindi,Local,4000,4000,4000,09/04/2026
Tamil Nadu,Villupuram,Tindivanam APMC,Bhindi(Ladies Finger),Bhindi,Local,4000,4000,4000,09/04/2026
Tamil Nadu,Villupuram,Ulundurpettai APMC,Bhindi(Ladies Finger),Bhindi,Local,5000,5000,5000,09/04/2026
Tamil Nadu,Thanjavur,Papanasam(Uzhavar Sandhai ) APMC,Bhindi(Ladies Finger),Bhindi,Local,4800,4800,4800,09/04/2026
Tamil Nadu,Dindigul,Vedasanthur(Uzhavar Sandhai ) APMC,Bhindi(Ladies Finger),Bhindi,Local,3000,3500,3250,09/04/2026
Tamil Nadu,Virudhunagar,Rajapalayam(Uzhavar Sandhai ) APMC,Bhindi(Ladies Finger),Bhindi,Local,2500,3000,2750,09/04/2026
Tamil Nadu,Ranipet,Arcot(Uzhavar Sandhai ) APMC,Bhindi(Ladies Finger),Bhindi,Local,3600,3600,3600,09/04/2026
Tamil Nadu,Thirupur,Tiruppur (South) (Uzhavar Sandhai ) APMC,Bhindi(Ladies Finger),Bhindi,Local,5000,6000,5500,09/04/2026
Tamil Nadu,Thirupur,Kangayam(Uzhavar Sandhai ) APMC,Bhindi(Ladies Finger),Bhindi,Local,5300,5600,5450,09/04/2026
Tamil Nadu,Tenkasi,Tenkasi(Uzhavar Sandhai ) APMC,Bhindi(Ladies Finger),Bhindi,Local,3000,3500,3250,09/04/2026
Tamil Nadu,Kallakuruchi,Sankarapuram(Uzhavar Sandhai ) APMC,Bhindi(Ladies Finger),Bhindi,Local,4000,4000,4000,09/04/2026
Tamil Nadu,Pudukkottai,Karambakkudi(Uzhavar Sandhai ) APMC,Bhindi(Ladies Finger),Bhindi,Local,3500,4000,3750,09/04/2026
Tamil Nadu,Dindigul,Palani(Uzhavar Sandhai ) APMC,Bhindi(Ladies Finger),Bhindi,Local,3000,3500,3250,09/04/2026
Tamil Nadu,Erode,Thalavadi(Uzhavar Sandhai ) APMC,Bhindi(Ladies Finger),Bhindi,Local,4400,4800,4600,09/04/2026
Tamil Nadu,Karur,Kulithalai(Uzhavar Sandhai ) APMC,Bhindi(Ladies Finger),Bhindi,Local,4500,5000,4750,09/04/2026
Tamil Nadu,Karur,Velayuthampalayam(Uzhavar Sandhai ) APMC,Bhindi(Ladies Finger),Bhindi,Local,4500,5500,5000,09/04/2026
Tamil Nadu,Madurai,Anaiyur(Uzhavar Sandhai ) APMC,Bhindi(Ladies Finger),Bhindi,Local,3500,4000,3750,09/04/2026
Tamil Nadu,Namakkal,Kumarapalayam(Uzhavar Sandhai ) APMC,Bhindi(Ladies Finger),Bhindi,Local,4000,4500,4250,09/04/2026
Tamil Nadu,Perambalur,Perambalur(Uzhavar Sandhai ) APMC,Bhindi(Ladies Finger),Bhindi,Local,4000,4400,4200,09/04/2026
Tamil Nadu,Ramanathapuram,Paramakudi(Uzhavar Sandhai ) APMC,Bhindi(Ladies Finger),Bhindi,Local,4500,5000,4750,09/04/2026
Tamil Nadu,Salem,Mettur(Uzhavar Sandhai ) APMC,Bhindi(Ladies Finger),Bhindi,Local,4000,4500,4250,09/04/2026
Tamil Nadu,Salem,Hasthampatti(Uzhavar Sandhai ) APMC,Bhindi(Ladies Finger),Bhindi,Local,4000,4400,4200,09/04/2026
Tamil Nadu,Theni,Kambam(Uzhavar Sandhai ) APMC,Bhindi(Ladies Finger),Bhindi,Local,3600,4000,3800,09/04/2026
Tamil Nadu,Theni,Devaram(Uzhavar Sandhai ) APMC,Bhindi(Ladies Finger),Bhindi,Local,4000,4000,4000,09/04/2026
Tamil Nadu,Thiruvellore,Tiruthani(Uzhavar Sandhai ) APMC,Bhindi(Ladies Finger),Bhindi,Local,3000,3000,3000,09/04/2026
Tamil Nadu,Thiruvellore,Tiruvallur(Uzhavar Sandhai ) APMC,Bhindi(Ladies Finger),Bhindi,Local,4000,4000,4000,09/04/2026
Tamil Nadu,Thiruvarur,Mannargudi I(Uzhavar Sandhai ) APMC,Bhindi(Ladies Finger),Bhindi,Local,3400,3400,3400,09/04/2026
Tamil Nadu,Thiruvannamalai,Chengam(Uzhavar Sandhai ) APMC,Bhindi(Ladies Finger),Bhindi,Local,3600,4000,3800,09/04/2026
Tamil Nadu,Salem,Mecheri(Uzhavar Sandhai),Bhindi(Ladies Finger),Bhindi,Local,4000,4500,4250,09/04/2026
Tamil Nadu,Salem,Vazhapadi(Uzhavar Sandhai),Bhindi(Ladies Finger),Bhindi,Local,4000,4000,4000,09/04/2026
Tamil Nadu,Vellore,Thirupathur APMC,Bhindi(Ladies Finger),Bhindi,Local,5600,5600,5600,09/04/2026
Tamil Nadu,Virudhunagar,Srivilliputhur(Uzhavar Sandhai ) APMC,Bhindi(Ladies Finger),Bhindi,Local,3000,3500,3250,09/04/2026
Tamil Nadu,Erode,Sampath Nagar(Uzhavar Sandhai ) APMC,Bhindi(Ladies Finger),Bhindi,Local,4200,4600,4400,09/04/2026
Tamil Nadu,Erode,Gobichettipalayam(Uzhavar Sandhai ) APMC,Bhindi(Ladies Finger),Bhindi,Local,5200,5600,5400,09/04/2026
Tamil Nadu,Ariyalur,Jeyankondam (Uzhavar Sandhai ) APMC,Bhindi(Ladies Finger),Bhindi,Local,4400,4800,4600,09/04/2026
Tamil Nadu,Coimbatore,RSPuram(Uzhavar Sandhai ) APMC,Bhindi(Ladies Finger),Bhindi,Local,5400,5800,5600,09/04/2026
Tamil Nadu,Coimbatore,Pollachi(Uzhavar Sandhai ) APMC,Bhindi(Ladies Finger),Bhindi,Local,6000,6500,6250,09/04/2026
Tamil Nadu,Cuddalore,Vadalur(Uzhavar Sandhai ) APMC,Bhindi(Ladies Finger),Bhindi,Local,4000,4000,4000,09/04/2026
Tamil Nadu,Dharmapuri,Pennagaram(Uzhavar Sandhai ) APMC,Bhindi(Ladies Finger),Bhindi,Local,4200,4500,4350,09/04/2026
Tamil Nadu,Erode,Periyar Nagar(Uzhavar Sandhai ) APMC,Bhindi(Ladies Finger),Bhindi,Local,4200,4600,4400,09/04/2026
Tamil Nadu,Erode,Perundurai(Uzhavar Sandhai ) APMC,Bhindi(Ladies Finger),Bhindi,Local,4000,4200,4100,09/04/2026
Tamil Nadu,Karur,Pallapatti (Uzhavar Sandhai ) APMC,Bhindi(Ladies Finger),Bhindi,Local,5500,6000,5750,09/04/2026
Tamil Nadu,Madurai,Thirumangalam(Uzhavar Sandhai ) APMC,Bhindi(Ladies Finger),Bhindi,Local,3000,4000,3500,09/04/2026
Tamil Nadu,Namakkal,Namakkal(Uzhavar Sandhai ) APMC,Bhindi(Ladies Finger),Bhindi,Local,4000,4400,4200,09/04/2026
Tamil Nadu,Thiruchirappalli,Manachanallur(Uzhavar Sandhai ) APMC,Bhindi(Ladies Finger),Bhindi,Local,3600,3600,3600,09/04/2026
Tamil Nadu,Vellore,Gudiyatham(Uzhavar Sandhai ) APMC,Bhindi(Ladies Finger),Bhindi,Local,3600,3600,3600,09/04/2026
Tamil Nadu,Vellore,Kahithapattarai(Uzhavar Sandhai ) APMC,Bhindi(Ladies Finger),Bhindi,Local,4000,4000,4000,09/04/2026
Tamil Nadu,Villupuram,Villupuram(Uzhavar Sandhai ) APMC,Bhindi(Ladies Finger),Bhindi,Local,5000,5000,5000,09/04/2026
Tamil Nadu,Virudhunagar,Aruppukottai(Uzhavar Sandhai ) APMC,Bhindi(Ladies Finger),Bhindi,Local,3000,3500,3250,09/04/2026
Tamil Nadu,Virudhunagar,Virudhunagar(Uzhavar Sandhai ) APMC,Bhindi(Ladies Finger),Bhindi,Local,3500,4000,3750,09/04/2026
Tamil Nadu,Virudhunagar,Sathur(Uzhavar Sandhai ) APMC,Bhindi(Ladies Finger),Bhindi,Local,3500,4000,3750,09/04/2026
Tamil Nadu,Virudhunagar,Kariyapatti(Uzhavar Sandhai ) APMC,Bhindi(Ladies Finger),Bhindi,Local,3000,3500,3250,09/04/2026
Tamil Nadu,Chengalpattu,Guduvancheri(Uzhavar Sandhai ) APMC,Bhindi(Ladies Finger),Bhindi,Local,5000,6000,5500,09/04/2026
Tamil Nadu,Chengalpattu,Thirukalukundram(Uzhavar Sandhai ) APMC,Bhindi(Ladies Finger),Bhindi,Local,3000,4000,3500,09/04/2026
Tamil Nadu,Thirupathur,Natrampalli(Uzhavar Sandhai ) APMC,Bhindi(Ladies Finger),Bhindi,Local,4000,5000,4500,09/04/2026
Tamil Nadu,Tuticorin,Tuticorin(Uzhavar Sandhai ) APMC,Bhindi(Ladies Finger),Bhindi,Local,4500,5000,4750,09/04/2026
Tamil Nadu,Ramanathapuram,Kamuthi(Uzhavar Sandhai ) APMC,Bhindi(Ladies Finger),Bhindi,Local,4500,5000,4750,09/04/2026
Tamil Nadu,Salem,Thathakapatti(Uzhavar Sandhai ) APMC,Bhindi(Ladies Finger),Bhindi,Local,4400,4600,4500,09/04/2026
Tamil Nadu,Salem,Elampillai(Uzhavar Sandhai ) APMC,Bhindi(Ladies Finger),Bhindi,Local,4500,5000,4750,09/04/2026
Tamil Nadu,Salem,Jalagandapuram(Uzhavar Sandhai ) APMC,Bhindi(Ladies Finger),Bhindi,Local,4000,4500,4250,09/04/2026
Tamil Nadu,Salem,Edapadi (Uzhavar Sandhai ) APMC,Bhindi(Ladies Finger),Bhindi,Local,3500,4000,3750,09/04/2026
Tamil Nadu,Sivaganga,Sivagangai (Uzhavar Sandhai ) APMC,Bhindi(Ladies Finger),Bhindi,Local,3600,4200,3900,09/04/2026
Tamil Nadu,Sivaganga,Karaikudi(Uzhavar Sandhai ) APMC,Bhindi(Ladies Finger),Bhindi,Local,3800,4400,4100,09/04/2026
Tamil Nadu,Sivaganga,Tirupatthur(Uzhavar Sandhai ) APMC,Bhindi(Ladies Finger),Bhindi,Local,4000,4500,4250,09/04/2026
Tamil Nadu,Thirunelveli,Kandiyaperi(Uzhavar Sandhai ) APMC,Bhindi(Ladies Finger),Bhindi,Local,2500,3000,2750,09/04/2026
Tamil Nadu,Thirunelveli,Melapalayam(Uzhavar Sandhai ) APMC,Bhindi(Ladies Finger),Bhindi,Local,2800,3000,2900,09/04/2026
Tamil Nadu,Thirunelveli,Ambasamudram(Uzhavar Sandhai ) APMC,Bhindi(Ladies Finger),Bhindi,Local,2600,3000,2800,09/04/2026
Tamil Nadu,Thiruvellore,Paruthipattu(Uzhavar Sandhai ) APMC,Bhindi(Ladies Finger),Bhindi,Local,4000,4000,4000,09/04/2026
Tamil Nadu,Vellore,Vellore APMC,Ragi(Finger Millet),Other,Local,3505,3905,3705,09/04/2026
Tamil Nadu,Salem,Ammapet(Uzhavar Sandhai ) APMC,Bhindi(Ladies Finger),Bhindi,Local,4400,4600,4500,09/04/2026
Tamil Nadu,Salem,Athur(Uzhavar Sandhai ) APMC,Bhindi(Ladies Finger),Bhindi,Local,4500,5000,4750,09/04/2026
Tamil Nadu,Dharmapuri,Harur(Uzhavar Sandhai ) APMC,Bhindi(Ladies Finger),Bhindi,Local,4000,4400,4200,09/04/2026
Tamil Nadu,Pudukkottai,Ponnamaravathi(Uzhavar Sandhai),Bhindi(Ladies Finger),Bhindi,Local,3500,4000,3750,09/04/2026
Tamil Nadu,Thiruchirappalli,Thuraiyur APMC,Bhindi(Ladies Finger),Bhindi,Local,4500,5000,4750,09/04/2026
Tamil Nadu,Ariyalur,Ariyalur(Uzhavar Sandhai) APMC,Bhindi(Ladies Finger),Bhindi,Local,3600,4000,3800,09/04/2026
Tamil Nadu,Nagapattinam,Vedaranyam(Uzhavar Sandhai),Bhindi(Ladies Finger),Bhindi,Local,4000,4200,4100,09/04/2026
Tamil Nadu,Coimbatore,Udumalpet APMC,Bhindi(Ladies Finger),Bhindi,Local,4000,4800,4400,09/04/2026
Tamil Nadu,Cuddalore,Virudhachalam APMC,Ragi(Finger Millet),Other,Local,3777,4177,3977,09/04/2026
Tamil Nadu,Thiruvannamalai,Cheyyar(Uzhavar Sandhai ) APMC,Bhindi(Ladies Finger),Bhindi,Local,3200,4000,3600,09/04/2026
Tamil Nadu,Coimbatore,Vadavalli(Uzhavar Sandhai ) APMC,Bhindi(Ladies Finger),Bhindi,Local,5500,6000,5750,09/04/2026
Tamil Nadu,Coimbatore,Kurichi(Uzhavar Sandhai ) APMC,Bhindi(Ladies Finger),Bhindi,Local,6000,6500,6250,09/04/2026
Tamil Nadu,Dharmapuri,Palacode(Uzhavar Sandhai ) APMC,Bhindi(Ladies Finger),Bhindi,Local,3800,4000,3900,09/04/2026
Tamil Nadu,Dharmapuri,AJattihalli(Uzhavar Sandhai ) APMC,Bhindi(Ladies Finger),Bhindi,Local,4500,4500,4500,09/04/2026
Tamil Nadu,Dindigul,Dindigul(Uzhavar Sandhai ) APMC,Bhindi(Ladies Finger),Bhindi,Local,4000,4600,4300,09/04/2026
Tamil Nadu,Karur,Vengamedu(Uzhavar Sandhai ) APMC,Bhindi(Ladies Finger),Bhindi,Local,5000,5500,5250,09/04/2026
Tamil Nadu,Madurai,Anna nagar(Uzhavar Sandhai ) APMC,Bhindi(Ladies Finger),Bhindi,Local,3500,4000,3750,09/04/2026
Tamil Nadu,Madurai,Palanganatham(Uzhavar Sandhai ) APMC,Bhindi(Ladies Finger),Bhindi,Local,3000,4000,3500,09/04/2026
Tamil Nadu,Madurai,Melur(Uzhavar Sandhai ) APMC,Bhindi(Ladies Finger),Bhindi,Local,3500,4000,3750,09/04/2026
Tamil Nadu,Namakkal,Rasipuram(Uzhavar Sandhai ) APMC,Bhindi(Ladies Finger),Bhindi,Local,4000,4500,4250,09/04/2026
Tamil Nadu,Namakkal,Mohanur(Uzhavar Sandhai ) APMC,Bhindi(Ladies Finger),Bhindi,Local,4500,5000,4750,09/04/2026
Tamil Nadu,Pudukkottai,Viralimalai(Uzhavar Sandhai ) APMC,Bhindi(Ladies Finger),Bhindi,Local,3500,4000,3750,09/04/2026
Tamil Nadu,Nagercoil (Kannyiakumari),Myladi(Uzhavar Sandhai ) APMC,Bhindi(Ladies Finger),Bhindi,Local,4000,4500,4250,09/04/2026
Tamil Nadu,Chengalpattu,Medavakkam(Uzhavar Sandhai ) APMC,Bhindi(Ladies Finger),Bhindi,Local,4000,4000,4000,09/04/2026
Tamil Nadu,Chengalpattu,Jameenrayapettai(Uzhavar Sandhai ) APMC,Bhindi(Ladies Finger),Bhindi,Local,5000,6000,5500,09/04/2026
Tamil Nadu,Ramanathapuram,Ramanathapuram(Uzhavar Sandhai ) APMC,Bhindi(Ladies Finger),Bhindi,Local,4500,5000,4750,09/04/2026
Tamil Nadu,Sivaganga,Devakottai (Uzhavar Sandhai ) APMC,Bhindi(Ladies Finger),Bhindi,Local,4000,4400,4200,09/04/2026
Tamil Nadu,Theni,Bodinayakanur(Uzhavar Sandhai ) APMC,Bhindi(Ladies Finger),Bhindi,Local,4000,4000,4000,09/04/2026
Tamil Nadu,Thirunelveli,Palayamkottai(Uzhavar Sandhai ) APMC,Bhindi(Ladies Finger),Bhindi,Local,2600,3000,2800,09/04/2026
Tamil Nadu,Thiruvarur,Tiruthuraipoondi(Uzhavar Sandhai ) APMC,Bhindi(Ladies Finger),Bhindi,Local,4000,4000,4000,09/04/2026
Tamil Nadu,Thiruvarur,Needamangalam(Uzhavar Sandhai ) APMC,Bhindi(Ladies Finger),Bhindi,Local,3200,3200,3200,09/04/2026
Tamil Nadu,Thiruvarur,Muthupettai(Uzhavar Sandhai ) APMC,Bhindi(Ladies Finger),Bhindi,Local,4000,4000,4000,09/04/2026
Tamil Nadu,Thiruvarur,Mannargudi II(Uzhavar Sandhai ) APMC,Bhindi(Ladies Finger),Bhindi,Local,3400,3400,3400,09/04/2026
Tamil Nadu,Thiruvannamalai,Tiruvannamalai(Uzhavar Sandhai ) APMC,Bhindi(Ladies Finger),Bhindi,Local,3600,4000,3800,09/04/2026
Tamil Nadu,Thiruvannamalai,Arani(Uzhavar Sandhai ) APMC,Bhindi(Ladies Finger),Bhindi,Local,3300,4000,3650,09/04/2026
Tamil Nadu,Thiruvannamalai,Keelpennathur(Uzhavar Sandhai ) APMC,Bhindi(Ladies Finger),Bhindi,Local,4500,5500,5000,09/04/2026
Tamil Nadu,Thiruchirappalli,Manapparai(Uzhavar Sandhai ) APMC,Bhindi(Ladies Finger),Bhindi,Local,4600,4600,4600,09/04/2026
Tamil Nadu,Thiruchirappalli,Musiri(Uzhavar Sandhai ) APMC,Bhindi(Ladies Finger),Bhindi,Local,4000,4600,4300,09/04/2026
Tamil Nadu,The Nilgiris,Gudalur(Uzhavar Sandhai ) APMC,Bhindi(Ladies Finger),Bhindi,Local,5000,5500,5250,09/04/2026
Tamil Nadu,Theni,Andipatti(Uzhavar Sandhai ) APMC,Bhindi(Ladies Finger),Bhindi,Local,3500,4000,3750,09/04/2026
Tamil Nadu,Namakkal,Paramathivelur(Uzhavar Sandhai ) APMC,Bhindi(Ladies Finger),Bhindi,Local,4200,4800,4500,09/04/2026
Tamil Nadu,Vellore,Katpadi (Uzhavar Sandhai ) APMC,Bhindi(Ladies Finger),Bhindi,Local,4000,4000,4000,09/04/2026
Tamil Nadu,Villupuram,Gingee APMC,Ragi(Finger Millet),Other,Local,3200,3355,3277.5,09/04/2026
Tamil Nadu,Dharmapuri,Karimangalam(Uzhavar Sandhai),Bhindi(Ladies Finger),Bhindi,Local,3800,4000,3900,09/04/2026
Tamil Nadu,Vellore,Pallikonda(Uzhavar Sandhai),Bhindi(Ladies Finger),Bhindi,Local,3600,4200,3900,09/04/2026
Tamil Nadu,Thanjavur,Peravurani(Uzhavar Sandhai),Bhindi(Ladies Finger),Bhindi,Local,5000,5000,5000,09/04/2026
Tamil Nadu,Karur,Gandhigramam(Uzhavar Sandhai),Bhindi(Ladies Finger),Bhindi,Local,5000,5500,5250,09/04/2026
Tamil Nadu,Erode,Sathiyamagalam(Uzhavar Sandhai ) APMC,Bhindi(Ladies Finger),Bhindi,Local,4500,5000,4750,09/04/2026
Tamil Nadu,Thiruvarur,Valangaiman APMC,Bhindi(Ladies Finger),Bhindi,Local,3000,3000,3000,09/04/2026
Tamil Nadu,Namakkal,Tiruchengode APMC,Bhindi(Ladies Finger),Bhindi,Local,4500,5000,4750,09/04/2026
Tamil Nadu,Villupuram,Gingee(Uzhavar Sandhai ) APMC,Bhindi(Ladies Finger),Bhindi,Local,4500,4500,4500,09/04/2026
Tamil Nadu,Virudhunagar,Sivakasi(Uzhavar Sandhai ) APMC,Bhindi(Ladies Finger),Bhindi,Local,3500,4000,3750,09/04/2026
Tamil Nadu,Chengalpattu,Madhuranthagam(Uzhavar Sandhai ) APMC,Bhindi(Ladies Finger),Bhindi,Local,3000,3000,3000,09/04/2026
Tamil Nadu,Ranipet,Ranipettai(Uzhavar Sandhai ) APMC,Bhindi(Ladies Finger),Bhindi,Local,3000,3500,3250,09/04/2026
Tamil Nadu,Thirupur,Palladam(Uzhavar Sandhai ) APMC,Bhindi(Ladies Finger),Bhindi,Local,5000,6000,5500,09/04/2026
Tamil Nadu,Thirupur,Tiruppur (North) (Uzhavar Sandhai ) APMC,Bhindi(Ladies Finger),Bhindi,Local,6000,7000,6500,09/04/2026
Tamil Nadu,Thirupathur,Vaniyampadi(Uzhavar Sandhai ) APMC,Bhindi(Ladies Finger),Bhindi,Local,4000,4000,4000,09/04/2026
Tamil Nadu,Tenkasi,Sankarankoil(Uzhavar Sandhai ) APMC,Bhindi(Ladies Finger),Bhindi,Local,4000,4000,4000,09/04/2026
Tamil Nadu,Villupuram,Thirukovilur APMC,Ragi(Finger Millet),Other,Local,3587,3971,3779,09/04/2026
Tamil Nadu,Salem,Sooramangalam(Uzhavar Sandhai ) APMC,Bhindi(Ladies Finger),Bhindi,Local,4400,4600,4500,09/04/2026
Tamil Nadu,Salem,Attayampatti(Uzhavar Sandhai ) APMC,Bhindi(Ladies Finger),Bhindi,Local,4000,4600,4300,09/04/2026
Tamil Nadu,Sivaganga,Singampunari(Uzhavar Sandhai ) APMC,Bhindi(Ladies Finger),Bhindi,Local,3500,4000,3750,09/04/2026
Tamil Nadu,Thanjavur,Thanjavur(Uzhavar Sandhai ) APMC,Bhindi(Ladies Finger),Bhindi,Local,4600,4600,4600,09/04/2026
Tamil Nadu,Thanjavur,Pattukottai(Uzhavar Sandhai ) APMC,Bhindi(Ladies Finger),Bhindi,Local,5400,5400,5400,09/04/2026
Tamil Nadu,Thanjavur,Tirukattupalli(Uzhavar Sandhai ) APMC,Bhindi(Ladies Finger),Bhindi,Local,4800,4800,4800,09/04/2026
Tamil Nadu,Theni,Theni(Uzhavar Sandhai ) APMC,Bhindi(Ladies Finger),Bhindi,Local,3500,4000,3750,09/04/2026
Tamil Nadu,Theni,Chinnamanur(Uzhavar Sandhai ) APMC,Bhindi(Ladies Finger),Bhindi,Local,4000,4000,4000,09/04/2026
Tamil Nadu,Thiruvellore,Perambakkam(Uzhavar Sandhai ) APMC,Bhindi(Ladies Finger),Bhindi,Local,3000,3000,3000,09/04/2026
Tamil Nadu,Tuticorin,Kovilpatti(Uzhavar Sandhai ) APMC,Bhindi(Ladies Finger),Bhindi,Local,4000,4500,4250,09/04/2026
Tamil Nadu,Thiruchirappalli,KKNagar(Uzhavar Sandhai ) APMC,Bhindi(Ladies Finger),Bhindi,Local,4600,4600,4600,09/04/2026
Tamil Nadu,Thiruchirappalli,Thiruverumbur(Uzhavar Sandhai ) APMC,Bhindi(Ladies Finger),Bhindi,Local,4600,4600,4600,09/04/2026
Tamil Nadu,Thiruchirappalli,Lalgudi(Uzhavar Sandhai ) APMC,Bhindi(Ladies Finger),Bhindi,Local,4600,4600,4600,09/04/2026
Tamil Nadu,Cuddalore,Cuddalore(Uzhavar Sandhai ) APMC,Bhindi(Ladies Finger),Bhindi,Local,5000,5000,5000,09/04/2026
Tamil Nadu,Dharmapuri,Dharmapuri(Uzhavar Sandhai ) APMC,Bhindi(Ladies Finger),Bhindi,Local,3800,4000,3900,09/04/2026
Tamil Nadu,Kancheepuram,Padappai(Uzhavar Sandhai ) APMC,Bhindi(Ladies Finger),Bhindi,Local,4500,5000,4750,09/04/2026
Tamil Nadu,Kancheepuram,Sunguvarchatram(Uzhavar Sandhai ) APMC,Bhindi(Ladies Finger),Bhindi,Local,4500,5000,4750,09/04/2026
Tamil Nadu,Krishnagiri,Avallapalli(Uzhavar Sandhai ) APMC,Bhindi(Ladies Finger),Bhindi,Local,5000,6000,5500,09/04/2026
Tamil Nadu,Madurai,Chokkikulam(Uzhavar Sandhai ) APMC,Bhindi(Ladies Finger),Bhindi,Local,3500,4000,3750,09/04/2026
Tamil Nadu,Madurai,Usilampatti(Uzhavar Sandhai ) APMC,Bhindi(Ladies Finger),Bhindi,Local,3500,4000,3750,09/04/2026
Tamil Nadu,Nagapattinam,Nagapattinam(Uzhavar Sandhai ) APMC,Bhindi(Ladies Finger),Bhindi,Local,4500,5500,5000,09/04/2026
Tamil Nadu,The Nilgiris,Udhagamandalam(Uzhavar Sandhai ) APMC,Bhindi(Ladies Finger),Bhindi,Local,5000,5500,5250,09/04/2026
Tamil Nadu,Pudukkottai,Pudukottai(Uzhavar Sandhai ) APMC,Bhindi(Ladies Finger),Bhindi,Local,3000,4000,3500,09/04/2026
Maharashtra,Ahmednagar,Ahmednagar APMC,Bhindi(Ladies Finger),Other,Local,2500,3000,2750,09/04/2026
Maharashtra,Mumbai,Mumbai APMC,Bhindi(Ladies Finger),Other,Local,3000,4000,3500,09/04/2026
Maharashtra,Sholapur,Akluj APMC,Bhindi(Ladies Finger),Other,Local,2500,3000,2700,09/04/2026
Maharashtra,Nashik,Nasik APMC,Bhindi(Ladies Finger),Other,Local,1250,2085,1670,09/04/2026
Maharashtra,Dharashiv(Usmanabad),Dharashiv APMC,Bhindi(Ladies Finger),Other,Local,3000,4000,3500,09/04/2026
Maharashtra,Pune,Pune(Moshi) APMC,Bhindi(Ladies Finger),Other,Local,2000,3000,2500,09/04/2026
Maharashtra,Sangli,Islampur APMC,Bhindi(Ladies Finger),Other,Local,3500,4000,3750,09/04/2026
Maharashtra,Ahmednagar,Shrirampur APMC,Bhindi(Ladies Finger),Other,Local,1500,2000,1750,09/04/2026
Maharashtra,Pune,Junnar(Narayangaon) APMC,Bhindi(Ladies Finger),Other,Local,200,3500,2000,09/04/2026
Maharashtra,Pune,Khed(Chakan) APMC,Bhindi(Ladies Finger),Other,Local,2000,3000,2500,09/04/2026
Maharashtra,Sangli,Vita APMC,Bhindi(Ladies Finger),Other,Local,3500,4000,3750,09/04/2026
Maharashtra,Sholapur,Mangal Wedha APMC,Bhindi(Ladies Finger),Other,Local,1600,3400,2500,09/04/2026
Maharashtra,Satara,Karad APMC,Bhindi(Ladies Finger),Other,Local,2500,3500,3500,09/04/2026
Maharashtra,Thane,Shahapur APMC,Bhindi(Ladies Finger),Other,Local,2000,2500,2300,09/04/2026
Maharashtra,Chattrapati Sambhajinagar,Chattrapati Sambhajinagar APMC,Bhindi(Ladies Finger),Other,Local,1400,2000,1700,09/04/2026
Maharashtra,Chandrapur,Chandrapur(Ganjwad) APMC,Bhindi(Ladies Finger),Other,Local,1500,2500,2000,09/04/2026
Maharashtra,Jalgaon,Jalgaon APMC,Bhindi(Ladies Finger),Other,Local,1200,2000,1500,09/04/2026
Maharashtra,Kolhapur,Vadgaonpeth APMC,Bhindi(Ladies Finger),Other,Local,2800,3500,3000,09/04/2026
Maharashtra,Nagpur,Nagpur APMC,Bhindi(Ladies Finger),Other,Local,2000,2500,2325,09/04/2026
Maharashtra,Nagpur,Ramtek APMC,Bhindi(Ladies Finger),Other,Local,1000,2000,1500,09/04/2026
Maharashtra,Pune,Pune APMC,Ragi(Finger Millet),Other,FAQ,5100,5600,5350,09/04/2026
Maharashtra,Pune,Pune(Pimpri) APMC,Bhindi(Ladies Finger),Other,Local,3500,4000,3750,09/04/2026
Maharashtra,Raigad,Panvel APMC,Bhindi(Ladies Finger),Other,Local,4500,5000,4750,09/04/2026
Maharashtra,Ratnagiri,Ratnagiri (Nachane) APMC,Bhindi(Ladies Finger),Other,Local,4500,5500,5000,09/04/2026
Maharashtra,Ahmednagar,Rahata APMC,Bhindi(Ladies Finger),Other,Local,1500,3000,2250,09/04/2026
Maharashtra,Satara,Satara APMC,Bhindi(Ladies Finger),Other,Local,3000,3500,3200,09/04/2026
Maharashtra,Sholapur,Solapur APMC,Bhindi(Ladies Finger),Other,Local,1000,4500,2000,09/04/2026
Maharashtra,Jalgaon,Bhusaval APMC,Bhindi(Ladies Finger),Other,Local,3000,3500,3500,09/04/2026
Maharashtra,Nagpur,Kalmeshwar APMC,Bhindi(Ladies Finger),Other,Local,3565,4000,3845,09/04/2026
Maharashtra,Nagpur,Kamthi APMC,Bhindi(Ladies Finger),Other,Local,3080,3580,3330,09/04/2026
Maharashtra,Pune,Pune APMC,Bhindi(Ladies Finger),Other,Local,1000,4000,2500,09/04/2026
Maharashtra,Pune,Pune(Manjri) APMC,Bhindi(Ladies Finger),Other,Local,2000,4500,3000,09/04/2026
Uttar Pradesh,Etawah,Jasvantnagar APMC,Bhindi(Ladies Finger),Bhindi,Medium,2460,2560,2510,09/04/2026
Uttar Pradesh,Shamli,Kairana APMC,Bhindi(Ladies Finger),Bhindi,FAQ,2100,2200,2150,09/04/2026
Uttar Pradesh,Shamli,Khandhla APMC,Bhindi(Ladies Finger),Bhindi,FAQ,2500,2600,2550,09/04/2026
Uttar Pradesh,Sonbhadra,Dudhi APMC,Bhindi(Ladies Finger),Bhindi,Local,3000,3200,3100,09/04/2026
Uttar Pradesh,Aligarh,Khair APMC,Bhindi(Ladies Finger),Bhindi,Grade B,3800,3800,3800,09/04/2026
Uttar Pradesh,Bulandshahar,Sikarpur APMC,Bhindi(Ladies Finger),Bhindi,FAQ,2800,3000,2900,09/04/2026
Uttar Pradesh,Mau(Maunathbhanjan),Kopaganj APMC,Bhindi(Ladies Finger),Bhindi,FAQ,2500,2500,2500,09/04/2026
Uttar Pradesh,Pratapgarh,Pratapgarh APMC,Bhindi(Ladies Finger),Bhindi,FAQ,2600,2600,2600,09/04/2026
Uttar Pradesh,Sambhal,Chandausi APMC,Bhindi(Ladies Finger),Bhindi,FAQ,2900,3000,2940,09/04/2026
Uttar Pradesh,Saharanpur,Chutmalpur APMC,Bhindi(Ladies Finger),Bhindi,Medium,1500,1700,1600,09/04/2026
Uttar Pradesh,Shahjahanpur,Jalalabad APMC,Bhindi(Ladies Finger),Bhindi,FAQ,1900,2000,1950,09/04/2026
Uttar Pradesh,Khiri (Lakhimpur),Maigalganj APMC,Bhindi(Ladies Finger),Bhindi,FAQ,2610,2640,2625,09/04/2026
Uttar Pradesh,Sant Kabir Nagar,Khalilabad APMC,Bhindi(Ladies Finger),Bhindi,Medium,2600,2600,2600,09/04/2026
Uttar Pradesh,Kanpur Dehat,Pukharayan APMC,Bhindi(Ladies Finger),Bhindi,FAQ,2700,2720,2710,09/04/2026
Rajasthan,Jalore,Jalore APMC,Bhindi(Ladies Finger),Bhindi,Local,2500,3000,2800,09/04/2026
Rajasthan,Ajmer,Ajmer(F&V) APMC,Bhindi(Ladies Finger),Other,Medium,1800,4000,3000,09/04/2026
Rajasthan,Jaipur,Jaipur (F&V) APMC,Bhindi(Ladies Finger),Other,FAQ,3000,5000,4000,09/04/2026
Rajasthan,Ganganagar,Sriganganagar (F&V) APMC,Bhindi(Ladies Finger),Bhindi,Grade B,5600,6000,5800,09/04/2026
Karnataka,Davangere,Honnali APMC,Ladies Finger,Ladies Finger,Medium,250,300,280,09/04/2026
Karnataka,Kolar,Gowribidanoor APMC,Ladies Finger,Ladies Finger,Local,1500,2500,2000,09/04/2026
Karnataka,Bangalore,Hoskote APMC,Ladies Finger,Ladies Finger,Medium,3100,3300,3200,09/04/2026
Karnataka,Shimoga,Shimoga APMC,Ladies Finger,Ladies Finger,Local,3000,4000,3500,09/04/2026
Karnataka,Kalburgi,Kalburgi APMC,Ladies Finger,Ladies Finger,Local,2000,2200,2100,09/04/2026
Karnataka,Bangalore,Ramanagara APMC,Ladies Finger,Ladies Finger,Local,3000,4400,4000,09/04/2026
Karnataka,Kolar,Chintamani APMC,Ladies Finger,Ladies Finger,Local,1500,2500,2000,09/04/2026
Karnataka,Kolar,Bhagepalli APMC,Ladies Finger,Ladies Finger,Small,1500,2000,1800,09/04/2026
Karnataka,Bangalore,"Binny Mill (F&V), Bangalore APMC",Ladies Finger,Ladies Finger,Local,3500,4500,4000,09/04/2026
Karnataka,Tumkur,Tumkur APMC,Ragi(Finger Millet),Local,Local,2800,4100,3400,09/04/2026
Karnataka,Chitradurga,Hiriyur APMC,Ragi(Finger Millet),Local,Local,3305,3305,3305,09/04/2026
Karnataka,Davangere,Harappana Halli APMC,Ragi(Finger Millet),Local,Local,2834,3000,2887,09/04/2026
Karnataka,Haveri,Ranebennur APMC,Ragi(Finger Millet),Local,FAQ,3050,3080,3065,09/04/2026
Karnataka,Bellary,Kottur APMC,Ragi(Finger Millet),Hybrid,Local,2901,3240,3095,09/04/2026
Karnataka,Bangalore,Bangalore APMC,Ragi(Finger Millet),Fine,FAQ,4800,5200,5000,09/04/2026
Gujarat,Kheda,Kapadvanj APMC,Bhindi(Ladies Finger),Bhindi,Medium,2500,2750,2625,09/04/2026
Gujarat,Mehsana,Mehsana(Mehsana Veg) APMC,Bhindi(Ladies Finger),Bhindi,Local,1000,4500,2500,09/04/2026
Gujarat,Gir Somnath,Talalagir APMC,Bhindi(Ladies Finger),Bhindi,FAQ,2560,2800,2680,09/04/2026
Gujarat,Porbandar,Porbandar APMC,Bhindi(Ladies Finger),Bhindi,Local,3000,4000,3500,09/04/2026
Gujarat,Amreli,Damnagar APMC,Bhindi(Ladies Finger),Bhindi,Local,4000,4000,4000,09/04/2026
Gujarat,Navsari,Bilimora APMC,Bhindi(Ladies Finger),Other,FAQ,2500,3000,2800,09/04/2026
Gujarat,Banaskanth,Deesa(Deesa Veg Yard) APMC,Bhindi(Ladies Finger),Other,FAQ,2500,3350,2925,09/04/2026
Gujarat,Surat,Surat APMC,Bhindi(Ladies Finger),Bhindi,FAQ,1500,4000,2750,09/04/2026
Gujarat,Ahmedabad,Ahmedabad APMC,Bhindi(Ladies Finger),Other,FAQ,1500,3500,2500,09/04/2026
Gujarat,Surat,Songadh APMC,Bhindi(Ladies Finger),Bhindi,FAQ,3500,5100,4450,09/04/2026
Gujarat,Surat,Songadh(Badarpada) APMC,Bhindi(Ladies Finger),Bhindi,FAQ,3500,5100,4450,09/04/2026
Gujarat,Navsari,Navsari APMC,Bhindi(Ladies Finger),Bhindi,Local,3500,4000,3750,09/04/2026
Gujarat,Gandhinagar,Mansa(Manas Veg Yard) APMC,Bhindi(Ladies Finger),Other,Local,2000,4000,3000,09/04/2026
Gujarat,Rajkot,Gondal(Veg.market Gondal) APMC,Bhindi(Ladies Finger),Bhindi,Local,1000,3500,2250,09/04/2026
Gujarat,Rajkot,Rajkot(Veg.Sub Yard) APMC,Bhindi(Ladies Finger),Bhindi,FAQ,2630,3540,3085,09/04/2026
Gujarat,Dahod,Dahod(Veg. Market) APMC,Bhindi(Ladies Finger),Bhindi,Local,1000,3000,2800,09/04/2026
Gujarat,Surat,Songadh(Umrada) APMC,Bhindi(Ladies Finger),Bhindi,FAQ,3500,5100,4450,09/04/2026
Gujarat,Morbi,Morbi APMC,Bhindi(Ladies Finger),Bhindi,FAQ,1500,3300,2400,09/04/2026
Gujarat,Surendranagar,Vadhvan APMC,Bhindi(Ladies Finger),Bhindi,Local,2500,3500,3000,09/04/2026
Haryana,Kurukshetra,Thanesar APMC,Bhindi(Ladies Finger),Bhindi,Local,4000,8000,6000,09/04/2026
Haryana,Sonipat,Ganaur APMC,Bhindi(Ladies Finger),Bhindi,Medium,5500,6000,5800,09/04/2026
Haryana,Panipat,Samalkha APMC,Bhindi(Ladies Finger),Bhindi,FAQ,5000,5000,5000,09/04/2026
Haryana,Sonipat,Gohana APMC,Bhindi(Ladies Finger),Other,Medium,4000,6000,5000,09/04/2026
Haryana,Ambala,Ambala Cantt. APMC,Bhindi(Ladies Finger),Bhindi,Grade B,2500,4000,3500,09/04/2026
Haryana,Jhajar,Bahadurgarh APMC,Bhindi(Ladies Finger),Other,Medium,6000,7000,6500,09/04/2026
Haryana,Hissar,Barwala(Hisar) APMC,Bhindi(Ladies Finger),Bhindi,Local,5000,5500,5250,09/04/2026
Haryana,Mahendragarh-Narnaul,Narnaul APMC,Bhindi(Ladies Finger),Bhindi,Medium,3000,5000,4000,09/04/2026
Haryana,Jind,Narwana APMC,Bhindi(Ladies Finger),Bhindi,Local,7500,7500,7500,09/04/2026
Punjab,Tarntaran,Patti APMC,Bhindi(Ladies Finger),Other,Local,5000,5000,5000,09/04/2026
Punjab,Jalandhar,Jalandhar City(Jalandhar) APMC,Bhindi(Ladies Finger),Other,FAQ,2500,4000,3200,09/04/2026
Punjab,Hoshiarpur,Tanda Urmur APMC,Bhindi(Ladies Finger),Bhindi,Grade A,5000,6000,5500,09/04/2026
Punjab,Sangrur,Bhawanigarh APMC,Bhindi(Ladies Finger),Other,Medium,6000,7000,6500,09/04/2026
Punjab,Nawanshahr,Nawan Shahar(Subzi Mandi) APMC,Bhindi(Ladies Finger),Bhindi,FAQ,7000,7500,7300,09/04/2026
Punjab,Sangrur,Lehra Gaga APMC,Bhindi(Ladies Finger),Other,Grade A,4500,4500,4500,09/04/2026
Punjab,Ludhiana,Khanna APMC,Bhindi(Ladies Finger),Bhindi,Grade A,3000,3000,3000,09/04/2026
Punjab,Amritsar,Rayya APMC,Bhindi(Ladies Finger),Bhindi,FAQ,905,905,905,09/04/2026
Punjab,Muktsar,Giddarbaha APMC,Bhindi(Ladies Finger),Bhindi,FAQ,5500,5500,5500,09/04/2026
Punjab,Fazilka,Jalalabad APMC,Bhindi(Ladies Finger),Bhindi,Medium,5500,5500,5500,09/04/2026
Punjab,Fazilka,Fazilka APMC,Bhindi(Ladies Finger),Bhindi,FAQ,5000,5000,5000,09/04/2026
Punjab,Patiala,Patran APMC,Bhindi(Ladies Finger),Other,Grade A,4000,4000,4000,09/04/2026
Punjab,Fatehgarh,Bassi Pathana APMC,Bhindi(Ladies Finger),Bhindi,Medium,6000,7000,6500,09/04/2026
Punjab,Gurdaspur,Gurdaspur APMC,Bhindi(Ladies Finger),Other,Medium,4500,4500,4500,09/04/2026
Punjab,Ludhiana,Ludhiana APMC,Bhindi(Ladies Finger),Other,FAQ,2000,3600,2600,09/04/2026
Punjab,Patiala,Nabha APMC,Bhindi(Ladies Finger),Other,Grade C,6000,8000,7500,09/04/2026
Punjab,Patiala,Patiala APMC,Bhindi(Ladies Finger),Bhindi,Grade B,5500,7000,6500,09/04/2026
Punjab,Gurdaspur,Quadian APMC,Bhindi(Ladies Finger),Other,FAQ,5000,5200,5100,09/04/2026
Punjab,Hoshiarpur,Garh Shankar(Mahalpur) APMC,Bhindi(Ladies Finger),Bhindi,FAQ,5800,5800,5800,09/04/2026
Punjab,Ropar (Rupnagar),Morinda APMC,Bhindi(Ladies Finger),Bhindi,Medium,5000,8500,6750,09/04/2026
Punjab,Mohali,Banur APMC,Bhindi(Ladies Finger),Other,Local,5800,5800,5800,09/04/2026
Punjab,Hoshiarpur,Garh Shankar APMC,Bhindi(Ladies Finger),Bhindi,FAQ,4500,4500,4500,09/04/2026
Punjab,Ludhiana,Sahnewal APMC,Bhindi(Ladies Finger),Bhindi,FAQ,4200,4200,4200,09/04/2026
West Bengal,Puruliya,Balarampur APMC,Bhindi(Ladies Finger),Other,Local,5000,6000,5500,09/04/2026
West Bengal,Medinipur(W),Medinipur(West) APMC,Bhindi(Ladies Finger),Bhindi,FAQ,4000,4500,4200,09/04/2026
West Bengal,Howrah,Ramkrishanpur(Howrah) APMC,Bhindi(Ladies Finger),Bhindi,FAQ,3000,3800,3500,09/04/2026
West Bengal,Kolkata,Sealdah Koley Market APMC,Bhindi(Ladies Finger),Other,FAQ,3500,4000,3500,09/04/2026
West Bengal,Hooghly,Pandua APMC,Bhindi(Ladies Finger),Bhindi,FAQ,3000,3400,3200,09/04/2026
West Bengal,Medinipur(W),Garbeta(Medinipur) APMC,Bhindi(Ladies Finger),Bhindi,FAQ,4000,4400,4200,09/04/2026
West Bengal,Dakshin Dinajpur,Gangarampur(Dakshin Dinajpur) APMC,Bhindi(Ladies Finger),Other,FAQ,2500,3000,2800,09/04/2026
West Bengal,Hooghly,Kalipur APMC,Bhindi(Ladies Finger),Bhindi,FAQ,3200,3600,3400,09/04/2026
West Bengal,Dakshin Dinajpur,Balurghat APMC,Bhindi(Ladies Finger),Other,FAQ,2500,3200,3000,09/04/2026
West Bengal,Howrah,Uluberia APMC,Bhindi(Ladies Finger),Other,FAQ,2800,3500,3200,09/04/2026
West Bengal,Jalpaiguri,Jalpaiguri Sadar APMC,Bhindi(Ladies Finger),Bhindi,FAQ,2900,3100,3000,09/04/2026
Odisha,Mayurbhanja,Narasinghpur APMC,Ladies Finger,Ladies Finger,Local,2000,2500,2200,09/04/2026
Odisha,Balasore,Jaleswar APMC,Bhindi(Ladies Finger),Other,Local,2500,3200,3000,09/04/2026
Odisha,Dhenkanal,Hindol APMC,Bhindi(Ladies Finger),Bhindi,Grade B,3800,4000,3900,09/04/2026
Odisha,Cuttack,Banki APMC,Bhindi(Ladies Finger),Bhindi,Medium,6000,7000,6500,09/04/2026
Odisha,Sundergarh,Sargipali APMC,Bhindi(Ladies Finger),Bhindi,FAQ,2500,3000,2800,09/04/2026
Odisha,Dhenkanal,Dhenkanal APMC,Bhindi(Ladies Finger),Bhindi,Grade B,4000,4000,4000,09/04/2026
Odisha,Bargarh,Bargarh(Barapalli) APMC,Bhindi(Ladies Finger),Other,Grade C,2200,2700,2500,09/04/2026
Odisha,Nayagarh,Bahadajholla APMC,Bhindi(Ladies Finger),Bhindi,Grade B,3000,3200,3200,09/04/2026
Odisha,Sundergarh,Panposh APMC,Bhindi(Ladies Finger),Other,FAQ,4500,5200,5000,09/04/2026
Odisha,Boudh,Boudh APMC,Bhindi(Ladies Finger),Other,Local,3000,4000,3500,09/04/2026
Odisha,Kalahandi,Bhawanipatna APMC,Bhindi(Ladies Finger),Other,FAQ,4300,4700,4500,09/04/2026
Odisha,Bargarh,Bargarh APMC,Bhindi(Ladies Finger),Bhindi,Grade C,2400,2800,2600,09/04/2026
Odisha,Dhenkanal,Kamakhyanagar APMC,Bhindi(Ladies Finger),Bhindi,Grade A,4000,4000,4000,09/04/2026
Odisha,Kalahandi,Mukhiguda APMC,Bhindi(Ladies Finger),Bhindi,Grade B,2550,4500,3500,09/04/2026
Odisha,Mayurbhanja,Baripada APMC,Bhindi(Ladies Finger),Bhindi,Medium,5000,6000,5500,09/04/2026
Odisha,Sambalpur,Rairakhol APMC,Bhindi(Ladies Finger),Bhindi,Medium,5000,6000,5500,09/04/2026
Odisha,Mayurbhanja,Udala APMC,Bhindi(Ladies Finger),Bhindi,FAQ,2000,2000,2000,09/04/2026
Odisha,Keonjhar,Keonjhar APMC,Bhindi(Ladies Finger),Other,Local,3500,3800,3500,09/04/2026
Odisha,Bolangir,Tusura APMC,Bhindi(Ladies Finger),Other,Grade A,6000,6000,6000,09/04/2026
Telangana,Hyderabad,Gaddiannaram APMC,Bhindi(Ladies Finger),Bhindi,Medium,2000,2500,2200,09/04/2026
Telangana,Hyderabad,Gudimalkapur APMC,Bhindi(Ladies Finger),Bhindi,Grade B,800,1500,1200,09/04/2026
Telangana,Hyderabad,Bowenpally APMC,Bhindi(Ladies Finger),Other,FAQ,600,3000,2200,09/04/2026
Telangana,Warangal,Warangal APMC,Bhindi(Ladies Finger),Bhindi,FAQ,2500,3000,2750,09/04/2026
Telangana,Mahbubnagar,Shadnagar APMC,Bhindi(Ladies Finger),Bhindi,Local,1200,1800,1600,09/04/2026
Telangana,Medak,Vantamamidi APMC,Bhindi(Ladies Finger),Bhindi,Local,1000,1800,1400,09/04/2026
Telangana,Mahbubnagar,Mahbubnagar APMC,Ragi(Finger Millet),Local,Local,2090,3339,2511,09/04/2026
Telangana,Ranga Reddy,"Kukatpally,RBZ APMC",Bhindi(Ladies Finger),Bhindi,Medium,1000,2500,1750,09/04/2026
Telangana,Hyderabad,Bowenpally APMC,Bhindi(Ladies Finger),Bhindi,FAQ,800,1500,1200,09/04/2026
Tamil Nadu,Salem,Athur(Uzhavar Sandhai ) APMC,Banana,Besrai,Local,3500,4000,3750,09/04/2026
Tamil Nadu,Vellore,Thirupathur APMC,Banana,Besrai,Local,4000,4000,4000,09/04/2026
Tamil Nadu,The Nilgiris,Gudalur(Uzhavar Sandhai ) APMC,Banana,Besrai,Local,4000,5000,4500,09/04/2026
Tamil Nadu,Salem,Mecheri(Uzhavar Sandhai),Banana,Poovan,Local,3500,4000,3750,09/04/2026
Tamil Nadu,Vellore,Perampet(Uzhavar Sandhai),Banana,Poovan,Local,4000,4000,4000,09/04/2026
Tamil Nadu,Salem,Vazhapadi(Uzhavar Sandhai),Banana,Karpura,Local,4000,4000,4000,09/04/2026
Tamil Nadu,Coimbatore,Mettupalayam(Uzhavar Sandhai ) APMC,Banana,Besrai,Local,3000,7000,5000,09/04/2026
Tamil Nadu,Nagapattinam,Mayiladuthurai(Uzhavar Sandhai ) APMC,Banana,Besrai,Local,3500,4000,3750,09/04/2026
Tamil Nadu,Thanjavur,Papanasam(Uzhavar Sandhai ) APMC,Banana,Besrai,Local,4000,6000,5000,09/04/2026
Tamil Nadu,Dharmapuri,Dharmapuri(Uzhavar Sandhai ) APMC,Banana,Besrai,Local,3600,3800,3700,09/04/2026
Tamil Nadu,Erode,Periyar Nagar(Uzhavar Sandhai ) APMC,Banana,Besrai,Local,2000,2400,2200,09/04/2026
Tamil Nadu,Karur,Pallapatti (Uzhavar Sandhai ) APMC,Banana,Karpura,Local,4500,5000,4750,09/04/2026
Tamil Nadu,Nagapattinam,Sirkali(Uzhavar Sandhai ) APMC,Banana,Besrai,Local,4000,5000,4500,09/04/2026
Tamil Nadu,The Nilgiris,Udhagamandalam(Uzhavar Sandhai ) APMC,Banana,Besrai,Local,3500,4000,3750,09/04/2026
Tamil Nadu,Thiruchirappalli,Manachanallur(Uzhavar Sandhai ) APMC,Banana,Poovan,Local,5000,5000,5000,09/04/2026
Tamil Nadu,Villupuram,Gingee(Uzhavar Sandhai ) APMC,Banana,Besrai,Local,5000,5000,5000,09/04/2026
Tamil Nadu,Virudhunagar,Thalavaipuram(Uzhavar Sandhai ) APMC,Banana,Besrai,Local,3200,4000,3600,09/04/2026
Tamil Nadu,Chengalpattu,Madhuranthagam(Uzhavar Sandhai ) APMC,Banana,Poovan,Local,4000,5000,4500,09/04/2026
Tamil Nadu,Chengalpattu,Jameenrayapettai(Uzhavar Sandhai ) APMC,Banana,Red Banana,Local,8000,9000,8500,09/04/2026
Tamil Nadu,Chengalpattu,Guduvancheri(Uzhavar Sandhai ) APMC,Banana,Karpura,Local,5000,6000,5500,09/04/2026
Tamil Nadu,Nagercoil (Kannyiakumari),Vadaseri APMC,Banana,Besrai,Local,3500,4000,3750,09/04/2026
Tamil Nadu,Pudukkottai,Karambakkudi(Uzhavar Sandhai ) APMC,Banana,Besrai,Local,7000,8000,7500,09/04/2026
Tamil Nadu,Salem,Hasthampatti(Uzhavar Sandhai ) APMC,Banana,Karpura,Local,3500,4000,3750,09/04/2026
Tamil Nadu,Sivaganga,Devakottai (Uzhavar Sandhai ) APMC,Banana,Poovan,Local,3500,4000,3750,09/04/2026
Tamil Nadu,Sivaganga,Singampunari(Uzhavar Sandhai ) APMC,Banana,Poovan,Local,3000,4000,3500,09/04/2026
Tamil Nadu,Theni,Kambam(Uzhavar Sandhai ) APMC,Banana,Bhushavali(Pacha),Local,2500,2500,2500,09/04/2026
Tamil Nadu,Thiruvannamalai,Polur(Uzhavar Sandhai ) APMC,Banana,Besrai,Local,4200,5000,4600,09/04/2026
Tamil Nadu,Thiruvannamalai,Arani(Uzhavar Sandhai ) APMC,Banana,Karpura,Local,4000,5000,4500,09/04/2026
Tamil Nadu,Thiruvannamalai,Vandavasi(Uzhavar Sandhai ) APMC,Banana,Karpura,Local,4000,5000,4500,09/04/2026
Tamil Nadu,Thiruchirappalli,Musiri(Uzhavar Sandhai ) APMC,Banana,Besrai,Local,4000,5000,4500,09/04/2026
Tamil Nadu,Vellore,Vellore APMC,Banana,Karpura,Local,5000,5000,5000,09/04/2026
Tamil Nadu,Salem,Ammapet(Uzhavar Sandhai ) APMC,Banana,Karpura,Local,3500,4000,3750,09/04/2026
Tamil Nadu,Dharmapuri,Harur(Uzhavar Sandhai ) APMC,Banana,Karpura,Local,4500,5000,4750,09/04/2026
Tamil Nadu,Krishnagiri,Kaveripattinam(Uzhavar Sandhai ) APMC,Banana,Besrai,Local,3500,7000,5250,09/04/2026
Tamil Nadu,Erode,Sathiyamagalam(Uzhavar Sandhai ) APMC,Banana,Karpura,Local,3000,3600,3300,09/04/2026
Tamil Nadu,Coimbatore,RSPuram(Uzhavar Sandhai ) APMC,Banana,Red Banana,Local,5500,6000,5750,09/04/2026
Tamil Nadu,Karur,Karur(Uzhavar Sandhai ) APMC,Banana,Red Banana,Local,5000,6000,5500,09/04/2026
Tamil Nadu,Thiruvarur,Tiruvarur(Uzhavar Sandhai ) APMC,Banana,Poovan,Local,5000,5000,5000,09/04/2026
Tamil Nadu,Vellore,Katpadi (Uzhavar Sandhai ) APMC,Banana,Besrai,Local,4000,6000,5000,09/04/2026
Tamil Nadu,Villupuram,Tindivanam APMC,Banana,Karpura,Local,5000,5000,5000,09/04/2026
Tamil Nadu,Villupuram,Ulundurpettai APMC,Banana,Besrai,Local,3000,4000,3500,09/04/2026
Tamil Nadu,Karur,Gandhigramam(Uzhavar Sandhai),Banana,Karpura,Local,4000,5000,4500,09/04/2026
Tamil Nadu,Chengalpattu,Nanganallur(Uzhavar Sandhai ) APMC,Banana,Karpura,Local,5000,6000,5500,09/04/2026
Tamil Nadu,Thirupur,Dharapuram(Uzhavar Sandhai ) APMC,Banana,Besrai,Local,3500,4000,3750,09/04/2026
Tamil Nadu,Tenkasi,Tenkasi(Uzhavar Sandhai ) APMC,Banana,Karpura,Local,3000,3500,3250,09/04/2026
Tamil Nadu,Kallakuruchi,Sankarapuram(Uzhavar Sandhai ) APMC,Banana,Besrai,Local,4000,4000,4000,09/04/2026
Tamil Nadu,Coimbatore,Kurichi(Uzhavar Sandhai ) APMC,Banana,Karpura,Local,4500,5000,4750,09/04/2026
Tamil Nadu,Cuddalore,Cuddalore(Uzhavar Sandhai ) APMC,Banana,Besrai,Local,3000,3000,3000,09/04/2026
Tamil Nadu,Dharmapuri,Palacode(Uzhavar Sandhai ) APMC,Banana,Poovan,Local,4000,4500,4250,09/04/2026
Tamil Nadu,Dindigul,Dindigul(Uzhavar Sandhai ) APMC,Banana,Besrai,Local,4000,5000,4500,09/04/2026
Tamil Nadu,Dindigul,Chinnalapatti(Uzhavar Sandhai ) APMC,Banana,Other,Local,4000,5000,4500,09/04/2026
Tamil Nadu,Perambalur,Perambalur(Uzhavar Sandhai ) APMC,Banana,Karpura,Local,4000,5000,4500,09/04/2026
Tamil Nadu,Thanjavur,Pattukottai(Uzhavar Sandhai ) APMC,Banana,Besrai,Local,3500,3500,3500,09/04/2026
Tamil Nadu,Thiruvarur,Mannargudi II(Uzhavar Sandhai ) APMC,Banana,Karpura,Local,4000,4000,4000,09/04/2026
Tamil Nadu,Thiruvannamalai,Keelpennathur(Uzhavar Sandhai ) APMC,Banana,Karpura,Local,5000,6000,5500,09/04/2026
Tamil Nadu,Thiruchirappalli,Thiruverumbur(Uzhavar Sandhai ) APMC,Banana,Poovan,Local,5000,5000,5000,09/04/2026
Tamil Nadu,Ariyalur,Ariyalur(Uzhavar Sandhai) APMC,Banana,Besrai,Local,4600,5400,5000,09/04/2026
Tamil Nadu,Theni,Periyakulam(Uzhavar Sandhai ) APMC,Banana,Karpura,Local,4500,5000,4750,09/04/2026
Tamil Nadu,Coimbatore,Udumalpet APMC,Banana,Red Banana,Local,6000,7000,6500,09/04/2026
Tamil Nadu,Pudukkottai,Ponnamaravathi(Uzhavar Sandhai),Banana,Besrai,Local,7500,8000,7750,09/04/2026
Tamil Nadu,Thiruvannamalai,Cheyyar(Uzhavar Sandhai ) APMC,Banana,Poovan,Local,4000,5000,4500,09/04/2026
Tamil Nadu,Coimbatore,Sundarapuram(Uzhavar Sandhai ) APMC,Banana,Red Banana,Local,6000,6500,6250,09/04/2026
Tamil Nadu,Vellore,Kahithapattarai(Uzhavar Sandhai ) APMC,Banana,Karpura,Local,4000,5000,4500,09/04/2026
Tamil Nadu,Villupuram,Villupuram(Uzhavar Sandhai ) APMC,Banana,Besrai,Local,4000,10000,7000,09/04/2026
Tamil Nadu,Virudhunagar,Aruppukottai(Uzhavar Sandhai ) APMC,Banana,Besrai,Local,3000,3500,3250,09/04/2026
Tamil Nadu,Virudhunagar,Rajapalayam(Uzhavar Sandhai ) APMC,Banana,Besrai,Local,3500,4000,3750,09/04/2026
Tamil Nadu,Chengalpattu,Medavakkam(Uzhavar Sandhai ) APMC,Banana,Karpura,Local,4000,5000,4500,09/04/2026
Tamil Nadu,Ranipet,Arcot(Uzhavar Sandhai ) APMC,Banana,Karpura,Local,5000,6000,5500,09/04/2026
Tamil Nadu,Thirupur,Tiruppur (South) (Uzhavar Sandhai ) APMC,Banana,Karpura,Local,4000,5000,4500,09/04/2026
Tamil Nadu,Thirupur,Kangayam(Uzhavar Sandhai ) APMC,Banana,Besrai,Local,3600,4000,3800,09/04/2026
Tamil Nadu,Thirupathur,Vaniyampadi(Uzhavar Sandhai ) APMC,Banana,Besrai,Local,4000,4000,4000,09/04/2026
Tamil Nadu,Tuticorin,Tuticorin(Uzhavar Sandhai ) APMC,Banana,Besrai,Local,2500,3000,2750,09/04/2026
Tamil Nadu,Cuddalore,Viruthachalam(Uzhavar Sandhai ) APMC,Banana,Besrai,Local,3500,7000,5250,09/04/2026
Tamil Nadu,Cuddalore,Panruti(Uzhavar Sandhai ) APMC,Banana,Besrai,Local,4000,7000,5500,09/04/2026
Tamil Nadu,Dindigul,Palani(Uzhavar Sandhai ) APMC,Banana,Karpura,Local,6000,6000,6000,09/04/2026
Tamil Nadu,Kancheepuram,Kundrathur(Uzhavar Sandhai ) APMC,Banana,Bhushavali(Pacha),Local,4000,5000,4500,09/04/2026
Tamil Nadu,Madurai,Anna nagar(Uzhavar Sandhai ) APMC,Banana,Besrai,Local,3500,4000,3750,09/04/2026
Tamil Nadu,Madurai,Melur(Uzhavar Sandhai ) APMC,Banana,Besrai,Local,3000,4000,3500,09/04/2026
Tamil Nadu,Nagapattinam,Nagapattinam(Uzhavar Sandhai ) APMC,Banana,Karpura,Local,6000,7000,6500,09/04/2026
Tamil Nadu,Namakkal,Namakkal(Uzhavar Sandhai ) APMC,Banana,Karpura,Local,3500,3800,3650,09/04/2026
Tamil Nadu,Pudukkottai,Alangudi(Uzhavar Sandhai ) APMC,Banana,Poovan,Local,4500,5000,4750,09/04/2026
Tamil Nadu,Pudukkottai,Viralimalai(Uzhavar Sandhai ) APMC,Banana,Besrai,Local,5000,6000,5500,09/04/2026
Tamil Nadu,Salem,Mettur(Uzhavar Sandhai ) APMC,Banana,Red Banana,Local,5000,6000,5500,09/04/2026
Tamil Nadu,Sivaganga,Karaikudi(Uzhavar Sandhai ) APMC,Banana,Besrai,Local,3500,4000,3750,09/04/2026
Tamil Nadu,Theni,Bodinayakanur(Uzhavar Sandhai ) APMC,Banana,Poovan,Local,4000,4000,4000,09/04/2026
Tamil Nadu,Thirunelveli,Palayamkottai(Uzhavar Sandhai ) APMC,Banana,Karpura,Local,5500,6000,5750,09/04/2026
Tamil Nadu,Thirunelveli,Melapalayam(Uzhavar Sandhai ) APMC,Banana,Red Banana,Local,8000,9000,8500,09/04/2026
Tamil Nadu,Thirunelveli,NGO Colony(Uzhavar Sandhai ) APMC,Banana,Red Banana,Local,8000,9000,8500,09/04/2026
Tamil Nadu,Thiruvarur,Tiruthuraipoondi(Uzhavar Sandhai ) APMC,Banana,Besrai,Local,4000,4000,4000,09/04/2026
Tamil Nadu,Thiruvarur,Mannargudi I(Uzhavar Sandhai ) APMC,Banana,Other,Local,7000,7000,7000,09/04/2026
Tamil Nadu,Thiruvannamalai,Tiruvannamalai(Uzhavar Sandhai ) APMC,Banana,Besrai,Local,4000,5000,4500,09/04/2026
Tamil Nadu,Thiruvannamalai,Chengam(Uzhavar Sandhai ) APMC,Banana,Besrai,Local,4000,5000,4500,09/04/2026
Tamil Nadu,Thiruchirappalli,KKNagar(Uzhavar Sandhai ) APMC,Banana,Poovan,Local,5000,5000,5000,09/04/2026
Tamil Nadu,Coimbatore,Sulur(Uzhavar Sandhai ) APMC,Banana,Besrai,Local,4000,6000,5000,09/04/2026
Tamil Nadu,Nagapattinam,Vedaranyam(Uzhavar Sandhai),Banana,Besrai,Local,3000,3500,3250,09/04/2026
Tamil Nadu,Namakkal,Paramathivelur(Uzhavar Sandhai ) APMC,Banana,Karpura,Local,3000,3500,3250,09/04/2026
Tamil Nadu,Thanjavur,Kumbakonam (Uzhavar Sandhai ) APMC,Banana,Besrai,Local,4000,4000,4000,09/04/2026
Tamil Nadu,Dharmapuri,Karimangalam(Uzhavar Sandhai),Banana,Karpura,Local,4500,5000,4750,09/04/2026
Tamil Nadu,Vellore,Pallikonda(Uzhavar Sandhai),Banana,Karpura,Local,5000,5000,5000,09/04/2026
Tamil Nadu,Thanjavur,Peravurani(Uzhavar Sandhai),Banana,Besrai,Local,3000,3000,3000,09/04/2026
Tamil Nadu,Virudhunagar,Srivilliputhur(Uzhavar Sandhai ) APMC,Banana,Besrai,Local,3500,4000,3750,09/04/2026
Tamil Nadu,Erode,Gobichettipalayam(Uzhavar Sandhai ) APMC,Banana,Poovan,Local,2600,3000,2800,09/04/2026
Tamil Nadu,Namakkal,Tiruchengode APMC,Banana,Karpura,Local,3500,4000,3750,09/04/2026
Tamil Nadu,Coimbatore,Singanallur(Uzhavar Sandhai ) APMC,Banana,Karpura,Local,4000,6000,5000,09/04/2026
Tamil Nadu,Cuddalore,Chidambaram(Uzhavar Sandhai ) APMC,Banana,Besrai,Local,3000,3000,3000,09/04/2026
Tamil Nadu,Dharmapuri,AJattihalli(Uzhavar Sandhai ) APMC,Banana,Elakki Bale,Local,5800,5800,5800,09/04/2026
Tamil Nadu,Erode,Perundurai(Uzhavar Sandhai ) APMC,Banana,Red Banana,Local,3800,4400,4100,09/04/2026
Tamil Nadu,Erode,Thalavadi(Uzhavar Sandhai ) APMC,Banana,Other,Local,2500,3000,2750,09/04/2026
Tamil Nadu,Karur,Velayuthampalayam(Uzhavar Sandhai ) APMC,Banana,Karpura,Local,4000,5000,4500,09/04/2026
Tamil Nadu,Krishnagiri,Hosur(Uzhavar Sandhai ) APMC,Banana,Karpura,Local,5000,7000,6000,09/04/2026
Tamil Nadu,Krishnagiri,Krishnagiri(Uzhavar Sandhai ) APMC,Banana,Red Banana,Local,6500,7000,6750,09/04/2026
Tamil Nadu,Madurai,Chokkikulam(Uzhavar Sandhai ) APMC,Banana,Besrai,Local,4000,5000,4500,09/04/2026
Tamil Nadu,Madurai,Thirumangalam(Uzhavar Sandhai ) APMC,Banana,Other,Local,4000,5000,4500,09/04/2026
Tamil Nadu,Madurai,Anaiyur(Uzhavar Sandhai ) APMC,Banana,Besrai,Local,4000,5000,4500,09/04/2026
Tamil Nadu,Namakkal,Kumarapalayam(Uzhavar Sandhai ) APMC,Banana,Besrai,Local,3500,4000,3750,09/04/2026
Tamil Nadu,Pudukkottai,Pudukottai(Uzhavar Sandhai ) APMC,Banana,Karpura,Local,3000,4000,3500,09/04/2026
Tamil Nadu,Virudhunagar,Kariyapatti(Uzhavar Sandhai ) APMC,Banana,Besrai,Local,3500,4000,3750,09/04/2026
Tamil Nadu,Thirupathur,Natrampalli(Uzhavar Sandhai ) APMC,Banana,Besrai,Local,4000,5000,4500,09/04/2026
Tamil Nadu,Salem,Sooramangalam(Uzhavar Sandhai ) APMC,Banana,Karpura,Local,3500,4000,3750,09/04/2026
Tamil Nadu,Salem,Thathakapatti(Uzhavar Sandhai ) APMC,Banana,Karpura,Local,3500,4000,3750,09/04/2026
Tamil Nadu,Salem,Elampillai(Uzhavar Sandhai ) APMC,Banana,Karpura,Local,3500,4000,3750,09/04/2026
Tamil Nadu,Sivaganga,Sivagangai (Uzhavar Sandhai ) APMC,Banana,Besrai,Local,4000,4500,4250,09/04/2026
Tamil Nadu,Sivaganga,Tirupatthur(Uzhavar Sandhai ) APMC,Banana,Karpura,Local,4000,4000,4000,09/04/2026
Tamil Nadu,Thanjavur,Thanjavur(Uzhavar Sandhai ) APMC,Banana,Red Banana,Local,10000,10000,10000,09/04/2026
Tamil Nadu,Thiruvellore,Tiruvallur(Uzhavar Sandhai ) APMC,Banana,Karpura,Local,6000,6000,6000,09/04/2026
Tamil Nadu,Tuticorin,Kovilpatti(Uzhavar Sandhai ) APMC,Banana,Other,Local,2500,3000,2750,09/04/2026
Tamil Nadu,The Nilgiris,Coonoor(Uzhavar Sandhai ) APMC,Banana,Karpura,Local,4500,5000,4750,09/04/2026
Tamil Nadu,Theni,Andipatti(Uzhavar Sandhai ) APMC,Banana,Besrai,Local,4500,5000,4750,09/04/2026
Tamil Nadu,Pudukkottai,Gandarvakottai(Uzhavar Sandhai ) APMC,Banana,Red Banana,Local,5500,7000,6250,09/04/2026
Tamil Nadu,Salem,Thammampatti (Uzhavar Sandhai ) APMC,Banana,Besrai,Local,3000,6000,4500,09/04/2026
Tamil Nadu,Coimbatore,Vadavalli(Uzhavar Sandhai ) APMC,Banana,Red Banana,Local,5500,6000,5750,09/04/2026
Tamil Nadu,Dindigul,Vedasanthur(Uzhavar Sandhai ) APMC,Banana,Besrai,Local,4000,6000,5000,09/04/2026
Tamil Nadu,Erode,Sampath Nagar(Uzhavar Sandhai ) APMC,Banana,Besrai,Local,2000,2400,2200,09/04/2026
Tamil Nadu,Thiruchirappalli,Thuraiyur APMC,Banana,Besrai,Local,4000,5000,4500,09/04/2026
Tamil Nadu,Ariyalur,Jeyankondam (Uzhavar Sandhai ) APMC,Banana,Besrai,Local,5000,6000,5500,09/04/2026
Tamil Nadu,Coimbatore,Pollachi(Uzhavar Sandhai ) APMC,Banana,Red Banana,Local,7000,8000,7500,09/04/2026
Tamil Nadu,Vellore,Gudiyatham(Uzhavar Sandhai ) APMC,Banana,Karpura,Local,5000,5000,5000,09/04/2026
Tamil Nadu,Virudhunagar,Sivakasi(Uzhavar Sandhai ) APMC,Banana,Besrai,Local,4000,4500,4250,09/04/2026
Tamil Nadu,Virudhunagar,Sathur(Uzhavar Sandhai ) APMC,Banana,Besrai,Local,3500,4000,3750,09/04/2026
Tamil Nadu,Nagercoil (Kannyiakumari),Myladi(Uzhavar Sandhai ) APMC,Banana,Besrai,Local,3500,4000,3750,09/04/2026
Tamil Nadu,Chengalpattu,Pallavaram(Uzhavar Sandhai ) APMC,Banana,Other,Local,5000,6000,5500,09/04/2026
Tamil Nadu,Chengalpattu,Thirukalukundram(Uzhavar Sandhai ) APMC,Banana,Besrai,Local,4000,6000,5000,09/04/2026
Tamil Nadu,Ranipet,Ranipettai(Uzhavar Sandhai ) APMC,Banana,Karpura,Local,5000,6000,5500,09/04/2026
Tamil Nadu,Thirupur,Palladam(Uzhavar Sandhai ) APMC,Banana,Nendra Bale,Local,3000,4000,3500,09/04/2026
Tamil Nadu,Thirupur,Tiruppur (North) (Uzhavar Sandhai ) APMC,Banana,Red Banana,Local,5500,6000,5750,09/04/2026
Tamil Nadu,Tenkasi,Sankarankoil(Uzhavar Sandhai ) APMC,Banana,Besrai,Local,5000,5000,5000,09/04/2026
Tamil Nadu,Kallakuruchi,Kallakurichi(Uzhavar Sandhai ) APMC,Banana,Karpura,Local,4000,4000,4000,09/04/2026
Tamil Nadu,Ramanathapuram,Ramanathapuram(Uzhavar Sandhai ) APMC,Banana,Besrai,Local,5000,5500,5250,09/04/2026
Tamil Nadu,Ramanathapuram,Paramakudi(Uzhavar Sandhai ) APMC,Banana,Besrai,Local,4500,5000,4750,09/04/2026
Tamil Nadu,Salem,Attayampatti(Uzhavar Sandhai ) APMC,Banana,Besrai,Local,4000,6000,5000,09/04/2026
Tamil Nadu,Salem,Jalagandapuram(Uzhavar Sandhai ) APMC,Banana,Karpura,Local,4000,4500,4250,09/04/2026
Tamil Nadu,Salem,Edapadi (Uzhavar Sandhai ) APMC,Banana,Karpura,Local,4000,4500,4250,09/04/2026
Tamil Nadu,Thanjavur,Tirukattupalli(Uzhavar Sandhai ) APMC,Banana,Besrai,Local,6000,6000,6000,09/04/2026
Tamil Nadu,Theni,Theni(Uzhavar Sandhai ) APMC,Banana,Red Banana,Local,5000,5000,5000,09/04/2026
Tamil Nadu,Theni,Devaram(Uzhavar Sandhai ) APMC,Banana,Besrai,Local,5500,5500,5500,09/04/2026
Tamil Nadu,Theni,Chinnamanur(Uzhavar Sandhai ) APMC,Banana,Poovan,Local,3000,5000,4000,09/04/2026
Tamil Nadu,Thiruvannamalai,Tamarainagar(Uzhavar Sandhai ) APMC,Banana,Besrai,Local,5000,6000,5500,09/04/2026
Tamil Nadu,Thiruchirappalli,Manapparai(Uzhavar Sandhai ) APMC,Banana,Karpura,Local,5000,5000,5000,09/04/2026
Tamil Nadu,Thiruchirappalli,Lalgudi(Uzhavar Sandhai ) APMC,Banana,Karpura,Local,4000,5000,4500,09/04/2026
Tamil Nadu,Cuddalore,Vadalur(Uzhavar Sandhai ) APMC,Banana,Red Banana,Local,7000,8000,7500,09/04/2026
Tamil Nadu,Dharmapuri,Pennagaram(Uzhavar Sandhai ) APMC,Banana,Besrai,Local,5500,6000,5750,09/04/2026
Tamil Nadu,Kancheepuram,Padappai(Uzhavar Sandhai ) APMC,Banana,Red Banana,Local,5000,6500,5750,09/04/2026
Tamil Nadu,Kancheepuram,Sunguvarchatram(Uzhavar Sandhai ) APMC,Banana,Karpura,Local,4500,5000,4750,09/04/2026
Tamil Nadu,Karur,Kulithalai(Uzhavar Sandhai ) APMC,Banana,Other,Local,5500,6000,5750,09/04/2026
Tamil Nadu,Karur,Vengamedu(Uzhavar Sandhai ) APMC,Banana,Red Banana,Local,5000,6000,5500,09/04/2026
Tamil Nadu,Krishnagiri,Denkanikottai(Uzhavar Sandhai ) APMC,Banana,Besrai,Local,4000,5000,4500,09/04/2026
Tamil Nadu,Madurai,Palanganatham(Uzhavar Sandhai ) APMC,Banana,Other,Local,3000,4000,3500,09/04/2026
Tamil Nadu,Namakkal,Mohanur(Uzhavar Sandhai ) APMC,Banana,Karpura,Local,3000,3600,3300,09/04/2026
Tamil Nadu,Pudukkottai,Aranthangi(Uzhavar Sandhai ) APMC,Banana,Poovan,Local,4500,5000,4750,09/04/2026
Tamil Nadu,Vellore,Vellore APMC,Banana - Green,Banana - Green,Local,3000,3000,3000,09/04/2026
Tamil Nadu,Dharmapuri,Harur(Uzhavar Sandhai ) APMC,Banana - Green,Banana - Green,Local,2000,2500,2250,09/04/2026
Tamil Nadu,Virudhunagar,Srivilliputhur(Uzhavar Sandhai ) APMC,Banana - Green,Banana - Green,Local,2500,3000,2750,09/04/2026
Tamil Nadu,Thiruchirappalli,Thuraiyur APMC,Banana - Green,Banana - Green,Local,2000,2500,2250,09/04/2026
Tamil Nadu,Coimbatore,Singanallur(Uzhavar Sandhai ) APMC,Banana - Green,Banana - Green,Local,3000,3400,3200,09/04/2026
Tamil Nadu,Coimbatore,Pollachi(Uzhavar Sandhai ) APMC,Banana - Green,Banana - Green,Local,3000,4000,3500,09/04/2026
Tamil Nadu,Coimbatore,Mettupalayam(Uzhavar Sandhai ) APMC,Banana - Green,Banana - Green,Local,4500,5000,4750,09/04/2026
Tamil Nadu,Coimbatore,Udumalpet APMC,Banana - Green,Banana - Green,Local,3500,3800,3650,09/04/2026
Tamil Nadu,Pudukkottai,Ponnamaravathi(Uzhavar Sandhai),Banana - Green,Banana - Green,Local,2500,3000,2750,09/04/2026
Tamil Nadu,Villupuram,Gingee(Uzhavar Sandhai ) APMC,Banana - Green,Banana - Green,Local,5000,5000,5000,09/04/2026
Tamil Nadu,Virudhunagar,Rajapalayam(Uzhavar Sandhai ) APMC,Banana - Green,Banana - Green,Local,3000,3600,3300,09/04/2026
Tamil Nadu,Chengalpattu,Guduvancheri(Uzhavar Sandhai ) APMC,Banana - Green,Banana - Green,Local,3500,4000,3750,09/04/2026
Tamil Nadu,Thirupur,Palladam(Uzhavar Sandhai ) APMC,Banana - Green,Banana - Green,Local,2500,3000,2750,09/04/2026
Tamil Nadu,Thirupathur,Vaniyampadi(Uzhavar Sandhai ) APMC,Banana - Green,Banana - Green,Local,3000,3000,3000,09/04/2026
Tamil Nadu,Cuddalore,Viruthachalam(Uzhavar Sandhai ) APMC,Banana - Green,Banana - Green,Local,2500,2500,2500,09/04/2026
Tamil Nadu,Erode,Periyar Nagar(Uzhavar Sandhai ) APMC,Banana - Green,Banana - Green,Local,3000,3500,3250,09/04/2026
Tamil Nadu,Erode,Thalavadi(Uzhavar Sandhai ) APMC,Banana - Green,Banana - Green,Local,3000,3400,3200,09/04/2026
Tamil Nadu,Krishnagiri,Denkanikottai(Uzhavar Sandhai ) APMC,Banana - Green,Banana - Green,Local,4000,5000,4500,09/04/2026
Tamil Nadu,Madurai,Anna nagar(Uzhavar Sandhai ) APMC,Banana - Green,Banana - Green,Local,2000,2500,2250,09/04/2026
Tamil Nadu,Madurai,Palanganatham(Uzhavar Sandhai ) APMC,Banana - Green,Banana - Green,Local,1500,2000,1750,09/04/2026
Tamil Nadu,Pudukkottai,Pudukottai(Uzhavar Sandhai ) APMC,Banana - Green,Banana - Green,Local,2500,3000,2750,09/04/2026
Tamil Nadu,Salem,Sooramangalam(Uzhavar Sandhai ) APMC,Banana - Green,Banana - Green,Local,2000,2400,2200,09/04/2026
Tamil Nadu,Salem,Mettur(Uzhavar Sandhai ) APMC,Banana - Green,Banana - Green,Local,2000,2500,2250,09/04/2026
Tamil Nadu,Salem,Elampillai(Uzhavar Sandhai ) APMC,Banana - Green,Banana - Green,Local,2000,2400,2200,09/04/2026
Tamil Nadu,Thanjavur,Tirukattupalli(Uzhavar Sandhai ) APMC,Banana - Green,Banana - Green,Local,4000,4000,4000,09/04/2026
Tamil Nadu,Theni,Kambam(Uzhavar Sandhai ) APMC,Banana - Green,Banana - Green,Local,2200,2500,2350,09/04/2026
Tamil Nadu,Thiruvellore,Tiruvallur(Uzhavar Sandhai ) APMC,Banana - Green,Banana - Green,Local,4000,4000,4000,09/04/2026
Tamil Nadu,Thiruvarur,Mannargudi II(Uzhavar Sandhai ) APMC,Banana - Green,Banana - Green,Local,4000,4000,4000,09/04/2026
Tamil Nadu,Thiruvannamalai,Tiruvannamalai(Uzhavar Sandhai ) APMC,Banana - Green,Banana - Green,Local,2500,3000,2750,09/04/2026
Tamil Nadu,Thiruvannamalai,Arani(Uzhavar Sandhai ) APMC,Banana - Green,Banana - Green,Local,1500,2000,1750,09/04/2026
Tamil Nadu,Thiruvannamalai,Chengam(Uzhavar Sandhai ) APMC,Banana - Green,Banana - Green,Local,1200,1500,1350,09/04/2026
Tamil Nadu,Thiruvannamalai,Keelpennathur(Uzhavar Sandhai ) APMC,Banana - Green,Banana - Green,Local,3500,4000,3750,09/04/2026
Tamil Nadu,Thiruvannamalai,Tamarainagar(Uzhavar Sandhai ) APMC,Banana - Green,Banana - Green,Local,4000,4200,4100,09/04/2026
Tamil Nadu,Thiruchirappalli,Musiri(Uzhavar Sandhai ) APMC,Banana - Green,Banana - Green,Local,2000,2500,2250,09/04/2026
Tamil Nadu,Theni,Andipatti(Uzhavar Sandhai ) APMC,Banana - Green,Banana - Green,Local,2200,2500,2350,09/04/2026
Tamil Nadu,Salem,Vazhapadi(Uzhavar Sandhai),Banana - Green,Banana - Green,Local,2500,3000,2750,09/04/2026
Tamil Nadu,Erode,Sampath Nagar(Uzhavar Sandhai ) APMC,Banana - Green,Banana - Green,Local,3000,3500,3250,09/04/2026
Tamil Nadu,Karur,Karur(Uzhavar Sandhai ) APMC,Banana - Green,Banana - Green,Local,3500,4000,3750,09/04/2026
Tamil Nadu,Nagapattinam,Mayiladuthurai(Uzhavar Sandhai ) APMC,Banana - Green,Banana - Green,Local,3000,3500,3250,09/04/2026
Tamil Nadu,Vellore,Katpadi (Uzhavar Sandhai ) APMC,Banana - Green,Banana - Green,Local,3000,3000,3000,09/04/2026
Tamil Nadu,Thanjavur,Papanasam(Uzhavar Sandhai ) APMC,Banana - Green,Banana - Green,Local,4000,4000,4000,09/04/2026
Tamil Nadu,Dindigul,Vedasanthur(Uzhavar Sandhai ) APMC,Banana - Green,Banana - Green,Local,2000,2500,2250,09/04/2026
Tamil Nadu,Coimbatore,Sundarapuram(Uzhavar Sandhai ) APMC,Banana - Green,Banana - Green,Local,3200,3600,3400,09/04/2026
Tamil Nadu,Cuddalore,Chidambaram(Uzhavar Sandhai ) APMC,Banana - Green,Banana - Green,Local,2500,3000,2750,09/04/2026
Tamil Nadu,Cuddalore,Panruti(Uzhavar Sandhai ) APMC,Banana - Green,Banana - Green,Local,2500,2500,2500,09/04/2026
Tamil Nadu,Dharmapuri,Pennagaram(Uzhavar Sandhai ) APMC,Banana - Green,Banana - Green,Local,2800,3000,2900,09/04/2026
Tamil Nadu,Erode,Perundurai(Uzhavar Sandhai ) APMC,Banana - Green,Banana - Green,Local,2400,2600,2500,09/04/2026
Tamil Nadu,Madurai,Usilampatti(Uzhavar Sandhai ) APMC,Banana - Green,Banana - Green,Local,2500,3000,2750,09/04/2026
Tamil Nadu,Madurai,Anaiyur(Uzhavar Sandhai ) APMC,Banana - Green,Banana - Green,Local,2000,2400,2200,09/04/2026
Tamil Nadu,Namakkal,Rasipuram(Uzhavar Sandhai ) APMC,Banana - Green,Banana - Green,Local,2800,3000,2900,09/04/2026
Tamil Nadu,Perambalur,Perambalur(Uzhavar Sandhai ) APMC,Banana - Green,Banana - Green,Local,3000,4000,3500,09/04/2026
Tamil Nadu,Pudukkottai,Alangudi(Uzhavar Sandhai ) APMC,Banana - Green,Banana - Green,Local,2500,3000,2750,09/04/2026
Tamil Nadu,Pudukkottai,Viralimalai(Uzhavar Sandhai ) APMC,Banana - Green,Banana - Green,Local,2500,3000,2750,09/04/2026
Tamil Nadu,Virudhunagar,Virudhunagar(Uzhavar Sandhai ) APMC,Banana - Green,Banana - Green,Local,2500,3000,2750,09/04/2026
Tamil Nadu,Ranipet,Ranipettai(Uzhavar Sandhai ) APMC,Banana - Green,Banana - Green,Local,4000,5000,4500,09/04/2026
Tamil Nadu,Ranipet,Arcot(Uzhavar Sandhai ) APMC,Banana - Green,Banana - Green,Local,4000,5000,4500,09/04/2026
Tamil Nadu,Thirupathur,Natrampalli(Uzhavar Sandhai ) APMC,Banana - Green,Banana - Green,Local,2500,3000,2750,09/04/2026
Tamil Nadu,Tuticorin,Tuticorin(Uzhavar Sandhai ) APMC,Banana - Green,Banana - Green,Local,2500,3000,2750,09/04/2026
Tamil Nadu,Ramanathapuram,Kamuthi(Uzhavar Sandhai ) APMC,Banana - Green,Banana - Green,Local,2800,3000,2900,09/04/2026
Tamil Nadu,Sivaganga,Karaikudi(Uzhavar Sandhai ) APMC,Banana - Green,Banana - Green,Local,3500,4000,3750,09/04/2026
Tamil Nadu,Thiruchirappalli,KKNagar(Uzhavar Sandhai ) APMC,Banana - Green,Banana - Green,Local,3000,3000,3000,09/04/2026
Tamil Nadu,Thiruchirappalli,Manapparai(Uzhavar Sandhai ) APMC,Banana - Green,Banana - Green,Local,3000,3000,3000,09/04/2026
Tamil Nadu,Thiruchirappalli,Thiruverumbur(Uzhavar Sandhai ) APMC,Banana - Green,Banana - Green,Local,2500,2500,2500,09/04/2026
Tamil Nadu,Namakkal,Tiruchengode APMC,Banana - Green,Banana - Green,Local,3000,3500,3250,09/04/2026
Tamil Nadu,Salem,Athur(Uzhavar Sandhai ) APMC,Banana - Green,Banana - Green,Local,2000,2400,2200,09/04/2026
Tamil Nadu,Theni,Periyakulam(Uzhavar Sandhai ) APMC,Banana - Green,Banana - Green,Local,2000,2500,2250,09/04/2026
Tamil Nadu,The Nilgiris,Gudalur(Uzhavar Sandhai ) APMC,Banana - Green,Banana - Green,Local,4000,4500,4250,09/04/2026
Tamil Nadu,Namakkal,Paramathivelur(Uzhavar Sandhai ) APMC,Banana - Green,Banana - Green,Local,2600,3000,2800,09/04/2026
Tamil Nadu,Vellore,Perampet(Uzhavar Sandhai),Banana - Green,Banana - Green,Local,3500,3500,3500,09/04/2026
Tamil Nadu,Thanjavur,Peravurani(Uzhavar Sandhai),Banana - Green,Banana - Green,Local,3000,3000,3000,09/04/2026
Tamil Nadu,Karur,Gandhigramam(Uzhavar Sandhai),Banana - Green,Banana - Green,Local,3000,4000,3500,09/04/2026
Tamil Nadu,Vellore,Kahithapattarai(Uzhavar Sandhai ) APMC,Banana - Green,Banana - Green,Local,2800,2800,2800,09/04/2026
Tamil Nadu,Virudhunagar,Sivakasi(Uzhavar Sandhai ) APMC,Banana - Green,Banana - Green,Local,3500,4000,3750,09/04/2026
Tamil Nadu,Virudhunagar,Thalavaipuram(Uzhavar Sandhai ) APMC,Banana - Green,Banana - Green,Local,2800,3500,3150,09/04/2026
Tamil Nadu,Chengalpattu,Pallavaram(Uzhavar Sandhai ) APMC,Banana - Green,Banana - Green,Local,3500,4000,3750,09/04/2026
Tamil Nadu,Chengalpattu,Jameenrayapettai(Uzhavar Sandhai ) APMC,Banana - Green,Banana - Green,Local,3500,4000,3750,09/04/2026
Tamil Nadu,Tenkasi,Tenkasi(Uzhavar Sandhai ) APMC,Banana - Green,Banana - Green,Local,2000,2000,2000,09/04/2026
Tamil Nadu,Tenkasi,Sankarankoil(Uzhavar Sandhai ) APMC,Banana - Green,Banana - Green,Local,3000,3000,3000,09/04/2026
Tamil Nadu,Kallakuruchi,Kallakurichi(Uzhavar Sandhai ) APMC,Banana - Green,Banana - Green,Local,3000,3000,3000,09/04/2026
Tamil Nadu,Pudukkottai,Karambakkudi(Uzhavar Sandhai ) APMC,Banana - Green,Banana - Green,Local,2500,3000,2750,09/04/2026
Tamil Nadu,Coimbatore,Kurichi(Uzhavar Sandhai ) APMC,Banana - Green,Banana - Green,Local,3200,3600,3400,09/04/2026
Tamil Nadu,Cuddalore,Cuddalore(Uzhavar Sandhai ) APMC,Banana - Green,Banana - Green,Local,2000,2000,2000,09/04/2026
Tamil Nadu,Cuddalore,Vadalur(Uzhavar Sandhai ) APMC,Banana - Green,Banana - Green,Local,3000,3000,3000,09/04/2026
Tamil Nadu,Dharmapuri,AJattihalli(Uzhavar Sandhai ) APMC,Banana - Green,Banana - Green,Local,2500,3000,2750,09/04/2026
Tamil Nadu,Kancheepuram,Padappai(Uzhavar Sandhai ) APMC,Banana - Green,Banana - Green,Local,2500,3500,3000,09/04/2026
Tamil Nadu,Karur,Kulithalai(Uzhavar Sandhai ) APMC,Banana - Green,Banana - Green,Local,3500,4000,3750,09/04/2026
Tamil Nadu,Krishnagiri,Avallapalli(Uzhavar Sandhai ) APMC,Banana - Green,Banana - Green,Local,3000,4000,3500,09/04/2026
Tamil Nadu,Namakkal,Namakkal(Uzhavar Sandhai ) APMC,Banana - Green,Banana - Green,Local,2500,3000,2750,09/04/2026
Tamil Nadu,Ramanathapuram,Ramanathapuram(Uzhavar Sandhai ) APMC,Banana - Green,Banana - Green,Local,3500,4000,3750,09/04/2026
Tamil Nadu,Salem,Attayampatti(Uzhavar Sandhai ) APMC,Banana - Green,Banana - Green,Local,2500,3000,2750,09/04/2026
Tamil Nadu,Salem,Jalagandapuram(Uzhavar Sandhai ) APMC,Banana - Green,Banana - Green,Local,2000,2400,2200,09/04/2026
Tamil Nadu,Salem,Edapadi (Uzhavar Sandhai ) APMC,Banana - Green,Banana - Green,Local,1500,2000,1750,09/04/2026
Tamil Nadu,Thanjavur,Thanjavur(Uzhavar Sandhai ) APMC,Banana - Green,Banana - Green,Local,4000,4000,4000,09/04/2026
Tamil Nadu,Theni,Bodinayakanur(Uzhavar Sandhai ) APMC,Banana - Green,Banana - Green,Local,2500,2500,2500,09/04/2026
Tamil Nadu,Thiruvellore,Perambakkam(Uzhavar Sandhai ) APMC,Banana - Green,Banana - Green,Local,4000,4000,4000,09/04/2026
Tamil Nadu,Tuticorin,Kovilpatti(Uzhavar Sandhai ) APMC,Banana - Green,Banana - Green,Local,2500,3000,2750,09/04/2026
Tamil Nadu,Thiruvannamalai,Vandavasi(Uzhavar Sandhai ) APMC,Banana - Green,Banana - Green,Local,1600,2000,1800,09/04/2026
Tamil Nadu,Thiruvarur,Tiruvarur(Uzhavar Sandhai ) APMC,Banana - Green,Banana - Green,Local,3500,3500,3500,09/04/2026
Tamil Nadu,Dharmapuri,Karimangalam(Uzhavar Sandhai),Banana - Green,Banana - Green,Local,2800,3000,2900,09/04/2026
Tamil Nadu,Salem,Mecheri(Uzhavar Sandhai),Banana - Green,Banana - Green,Local,2000,2500,2250,09/04/2026
Tamil Nadu,The Nilgiris,Coonoor(Uzhavar Sandhai ) APMC,Banana - Green,Banana - Green,Local,4000,4500,4250,09/04/2026
Tamil Nadu,Erode,Sathiyamagalam(Uzhavar Sandhai ) APMC,Banana - Green,Banana - Green,Local,3000,3500,3250,09/04/2026
Tamil Nadu,Thiruvarur,Valangaiman APMC,Banana - Green,Banana - Green,Local,4000,4000,4000,09/04/2026
Tamil Nadu,Coimbatore,RSPuram(Uzhavar Sandhai ) APMC,Banana - Green,Banana - Green,Local,2800,3200,3000,09/04/2026
Tamil Nadu,Thiruvannamalai,Cheyyar(Uzhavar Sandhai ) APMC,Banana - Green,Banana - Green,Local,1500,2000,1750,09/04/2026
Tamil Nadu,Coimbatore,Vadavalli(Uzhavar Sandhai ) APMC,Banana - Green,Banana - Green,Local,3000,3200,3100,09/04/2026
Tamil Nadu,Dharmapuri,Dharmapuri(Uzhavar Sandhai ) APMC,Banana - Green,Banana - Green,Local,2800,3000,2900,09/04/2026
Tamil Nadu,Dindigul,Chinnalapatti(Uzhavar Sandhai ) APMC,Banana - Green,Banana - Green,Local,2000,2500,2250,09/04/2026
Tamil Nadu,Karur,Velayuthampalayam(Uzhavar Sandhai ) APMC,Banana - Green,Banana - Green,Local,3200,4000,3600,09/04/2026
Tamil Nadu,Karur,Vengamedu(Uzhavar Sandhai ) APMC,Banana - Green,Banana - Green,Local,3500,4000,3750,09/04/2026
Tamil Nadu,Nagapattinam,Sirkali(Uzhavar Sandhai ) APMC,Banana - Green,Banana - Green,Local,2500,3000,2750,09/04/2026
Tamil Nadu,The Nilgiris,Udhagamandalam(Uzhavar Sandhai ) APMC,Banana - Green,Banana - Green,Local,4000,4500,4250,09/04/2026
Tamil Nadu,Pudukkottai,Aranthangi(Uzhavar Sandhai ) APMC,Banana - Green,Banana - Green,Local,3000,3500,3250,09/04/2026
Tamil Nadu,Vellore,Gudiyatham(Uzhavar Sandhai ) APMC,Banana - Green,Banana - Green,Local,4000,4000,4000,09/04/2026
Tamil Nadu,Villupuram,Villupuram(Uzhavar Sandhai ) APMC,Banana - Green,Banana - Green,Local,3000,3000,3000,09/04/2026
Tamil Nadu,Virudhunagar,Aruppukottai(Uzhavar Sandhai ) APMC,Banana - Green,Banana - Green,Local,3000,3500,3250,09/04/2026
Tamil Nadu,Nagercoil (Kannyiakumari),Myladi(Uzhavar Sandhai ) APMC,Banana - Green,Banana - Green,Local,4500,5000,4750,09/04/2026
Tamil Nadu,Chengalpattu,Medavakkam(Uzhavar Sandhai ) APMC,Banana - Green,Banana - Green,Local,3000,3000,3000,09/04/2026
Tamil Nadu,Chengalpattu,Nanganallur(Uzhavar Sandhai ) APMC,Banana - Green,Banana - Green,Local,3500,4000,3750,09/04/2026
Tamil Nadu,Thirupur,Tiruppur (North) (Uzhavar Sandhai ) APMC,Banana - Green,Banana - Green,Local,2500,3000,2750,09/04/2026
Tamil Nadu,Thirupur,Kangayam(Uzhavar Sandhai ) APMC,Banana - Green,Banana - Green,Local,2600,3000,2800,09/04/2026
Tamil Nadu,Kallakuruchi,Sankarapuram(Uzhavar Sandhai ) APMC,Banana - Green,Banana - Green,Local,3000,3000,3000,09/04/2026
Tamil Nadu,Sivaganga,Devakottai (Uzhavar Sandhai ) APMC,Banana - Green,Banana - Green,Local,2500,3000,2750,09/04/2026
Tamil Nadu,Sivaganga,Singampunari(Uzhavar Sandhai ) APMC,Banana - Green,Banana - Green,Local,2500,3000,2750,09/04/2026
Tamil Nadu,Thirunelveli,Palayamkottai(Uzhavar Sandhai ) APMC,Banana - Green,Banana - Green,Local,2500,3000,2750,09/04/2026
Tamil Nadu,Thirunelveli,Melapalayam(Uzhavar Sandhai ) APMC,Banana - Green,Banana - Green,Local,2800,3000,2900,09/04/2026
Tamil Nadu,Thirunelveli,NGO Colony(Uzhavar Sandhai ) APMC,Banana - Green,Banana - Green,Local,2500,3000,2750,09/04/2026
Tamil Nadu,Thiruvarur,Tiruthuraipoondi(Uzhavar Sandhai ) APMC,Banana - Green,Banana - Green,Local,3500,3500,3500,09/04/2026
Tamil Nadu,Thiruvarur,Needamangalam(Uzhavar Sandhai ) APMC,Banana - Green,Banana - Green,Local,4000,4000,4000,09/04/2026
Tamil Nadu,Thiruchirappalli,Lalgudi(Uzhavar Sandhai ) APMC,Banana - Green,Banana - Green,Local,3000,3000,3000,09/04/2026
Tamil Nadu,Salem,Ammapet(Uzhavar Sandhai ) APMC,Banana - Green,Banana - Green,Local,2500,2800,2650,09/04/2026
Tamil Nadu,Vellore,Thirupathur APMC,Banana - Green,Banana - Green,Local,2500,2500,2500,09/04/2026
Tamil Nadu,Krishnagiri,Kaveripattinam(Uzhavar Sandhai ) APMC,Banana - Green,Banana - Green,Local,2500,2500,2500,09/04/2026
Tamil Nadu,Coimbatore,Sulur(Uzhavar Sandhai ) APMC,Banana - Green,Banana - Green,Local,3000,3400,3200,09/04/2026
Tamil Nadu,Pudukkottai,Gandarvakottai(Uzhavar Sandhai ) APMC,Banana - Green,Banana - Green,Local,1500,3000,2250,09/04/2026
Tamil Nadu,Nagapattinam,Vedaranyam(Uzhavar Sandhai),Banana - Green,Banana - Green,Local,1800,2000,1900,09/04/2026
Tamil Nadu,Salem,Thammampatti (Uzhavar Sandhai ) APMC,Banana - Green,Banana - Green,Local,2000,2400,2200,09/04/2026
Tamil Nadu,Thanjavur,Kumbakonam (Uzhavar Sandhai ) APMC,Banana - Green,Banana - Green,Local,4000,4000,4000,09/04/2026
Tamil Nadu,Villupuram,Tindivanam APMC,Banana - Green,Banana - Green,Local,4000,4000,4000,09/04/2026
Tamil Nadu,Villupuram,Ulundurpettai APMC,Banana - Green,Banana - Green,Local,3000,3000,3000,09/04/2026
Tamil Nadu,Vellore,Pallikonda(Uzhavar Sandhai),Banana - Green,Banana - Green,Local,3000,3000,3000,09/04/2026
Tamil Nadu,Erode,Gobichettipalayam(Uzhavar Sandhai ) APMC,Banana - Green,Banana - Green,Local,1500,2000,1750,09/04/2026
Tamil Nadu,Thiruchirappalli,Manachanallur(Uzhavar Sandhai ) APMC,Banana - Green,Banana - Green,Local,2500,2500,2500,09/04/2026
Tamil Nadu,Virudhunagar,Sathur(Uzhavar Sandhai ) APMC,Banana - Green,Banana - Green,Local,3000,3500,3250,09/04/2026
Tamil Nadu,Virudhunagar,Kariyapatti(Uzhavar Sandhai ) APMC,Banana - Green,Banana - Green,Local,3000,3500,3250,09/04/2026
Tamil Nadu,Chengalpattu,Thirukalukundram(Uzhavar Sandhai ) APMC,Banana - Green,Banana - Green,Local,3500,4000,3750,09/04/2026
Tamil Nadu,Thirupur,Tiruppur (South) (Uzhavar Sandhai ) APMC,Banana - Green,Banana - Green,Local,2000,2500,2250,09/04/2026
Tamil Nadu,Thirupur,Dharapuram(Uzhavar Sandhai ) APMC,Banana - Green,Banana - Green,Local,2500,3000,2750,09/04/2026
Tamil Nadu,Nagercoil (Kannyiakumari),Vadaseri APMC,Banana - Green,Banana - Green,Local,4500,5000,4750,09/04/2026
Tamil Nadu,Ramanathapuram,Paramakudi(Uzhavar Sandhai ) APMC,Banana - Green,Banana - Green,Local,3000,3500,3250,09/04/2026
Tamil Nadu,Salem,Thathakapatti(Uzhavar Sandhai ) APMC,Banana - Green,Banana - Green,Local,2500,3000,2750,09/04/2026
Tamil Nadu,Salem,Hasthampatti(Uzhavar Sandhai ) APMC,Banana - Green,Banana - Green,Local,1800,2000,1900,09/04/2026
Tamil Nadu,Sivaganga,Sivagangai (Uzhavar Sandhai ) APMC,Banana - Green,Banana - Green,Local,2800,3000,2900,09/04/2026
Tamil Nadu,Sivaganga,Tirupatthur(Uzhavar Sandhai ) APMC,Banana - Green,Banana - Green,Local,2500,3000,2750,09/04/2026
Tamil Nadu,Thanjavur,Pattukottai(Uzhavar Sandhai ) APMC,Banana - Green,Banana - Green,Local,3000,3000,3000,09/04/2026
Tamil Nadu,Theni,Theni(Uzhavar Sandhai ) APMC,Banana - Green,Banana - Green,Local,2500,2500,2500,09/04/2026
Tamil Nadu,Theni,Devaram(Uzhavar Sandhai ) APMC,Banana - Green,Banana - Green,Local,2500,2500,2500,09/04/2026
Tamil Nadu,Theni,Chinnamanur(Uzhavar Sandhai ) APMC,Banana - Green,Banana - Green,Local,2600,2800,2700,09/04/2026
Tamil Nadu,Thirunelveli,Ambasamudram(Uzhavar Sandhai ) APMC,Banana - Green,Banana - Green,Local,2500,3000,2750,09/04/2026
Tamil Nadu,Thiruvellore,Tiruthani(Uzhavar Sandhai ) APMC,Banana - Green,Banana - Green,Local,4000,4000,4000,09/04/2026
Tamil Nadu,Thiruvellore,Naravarikuppam(Uzhavar Sandhai ) APMC,Banana - Green,Banana - Green,Local,4000,4000,4000,09/04/2026
Tamil Nadu,Thiruvarur,Mannargudi I(Uzhavar Sandhai ) APMC,Banana - Green,Banana - Green,Local,4000,4000,4000,09/04/2026
Tamil Nadu,Thiruvarur,Muthupettai(Uzhavar Sandhai ) APMC,Banana - Green,Banana - Green,Local,4000,4000,4000,09/04/2026
Tamil Nadu,Thiruvannamalai,Polur(Uzhavar Sandhai ) APMC,Banana - Green,Banana - Green,Local,1600,2000,1800,09/04/2026
Tamil Nadu,Dharmapuri,Palacode(Uzhavar Sandhai ) APMC,Banana - Green,Banana - Green,Local,2000,2500,2250,09/04/2026
Tamil Nadu,Dindigul,Dindigul(Uzhavar Sandhai ) APMC,Banana - Green,Banana - Green,Local,1500,2000,1750,09/04/2026
Tamil Nadu,Dindigul,Palani(Uzhavar Sandhai ) APMC,Banana - Green,Banana - Green,Local,2000,2500,2250,09/04/2026
Tamil Nadu,Kancheepuram,Kancheepuram(Uzhavar Sandhai ) APMC,Banana - Green,Banana - Green,Local,3500,4500,4000,09/04/2026
Tamil Nadu,Kancheepuram,Sunguvarchatram(Uzhavar Sandhai ) APMC,Banana - Green,Banana - Green,Local,1500,2000,1750,09/04/2026
Tamil Nadu,Karur,Pallapatti (Uzhavar Sandhai ) APMC,Banana - Green,Banana - Green,Local,3000,3500,3250,09/04/2026
Tamil Nadu,Krishnagiri,Hosur(Uzhavar Sandhai ) APMC,Banana - Green,Banana - Green,Local,4500,5000,4750,09/04/2026
Tamil Nadu,Krishnagiri,Krishnagiri(Uzhavar Sandhai ) APMC,Banana - Green,Banana - Green,Local,2600,3000,2800,09/04/2026
Tamil Nadu,Madurai,Chokkikulam(Uzhavar Sandhai ) APMC,Banana - Green,Banana - Green,Local,2000,2400,2200,09/04/2026
Tamil Nadu,Madurai,Melur(Uzhavar Sandhai ) APMC,Banana - Green,Banana - Green,Local,1800,2200,2000,09/04/2026
Tamil Nadu,Nagapattinam,Nagapattinam(Uzhavar Sandhai ) APMC,Banana - Green,Banana - Green,Local,2500,3300,2900,09/04/2026
Tamil Nadu,Namakkal,Kumarapalayam(Uzhavar Sandhai ) APMC,Banana - Green,Banana - Green,Local,2500,3000,2750,09/04/2026
Tamil Nadu,Namakkal,Mohanur(Uzhavar Sandhai ) APMC,Banana - Green,Banana - Green,Local,3000,3600,3300,09/04/2026
Madhya Pradesh,Burhanpur,Burhanpur(F&V) APMC,Banana,Khandesh,Grade A,500,1000,800,09/04/2026
Madhya Pradesh,Shivpuri,Karera(F&V) APMC,Banana,Banana-Organic,Local,1400,2100,1700,09/04/2026
Madhya Pradesh,Indore,Indore(F&V) APMC,Banana,Other,Local,600,1600,1200,09/04/2026
Madhya Pradesh,Sheopur,Sheopurkalan(F&V) APMC,Banana,Other,Medium,2000,2200,2100,09/04/2026
Madhya Pradesh,Sagar,Sagar(F&V) APMC,Banana,Medium,Local,1000,1400,1200,09/04/2026
Uttar Pradesh,Badaun,Shahaswan APMC,Banana,Amruthapani,Medium,2000,2000,2000,09/04/2026
Uttar Pradesh,Lalitpur,Lalitpur APMC,Banana,Other,Medium,2170,2230,2200,09/04/2026
Uttar Pradesh,Kanpur Dehat,Pukharayan APMC,Banana,Banana - Ripe,Grade B,2825,2860,2840,09/04/2026
Uttar Pradesh,Etawah,Jasvantnagar APMC,Banana,Banana - Ripe,Medium,2960,3060,3010,09/04/2026
Uttar Pradesh,Rampur,Bilaspur APMC,Banana,Other,Medium,2000,2400,2200,09/04/2026
Uttar Pradesh,Sitapur,Hargaon (Laharpur) APMC,Banana,Desi(Bontha),Local,1200,1200,1200,09/04/2026
Uttar Pradesh,Farukhabad,Kayamganj APMC,Banana,Banana - Ripe,Medium,2875,2875,2875,09/04/2026
Uttar Pradesh,Etah,Awagarh APMC,Banana - Green,Banana - Green,FAQ,1400,1600,1500,09/04/2026
Uttar Pradesh,Saharanpur,Rampurmaniharan APMC,Banana - Green,Banana - Green,Grade C,1600,1600,1600,09/04/2026
Uttar Pradesh,Balrampur,Panchpedwa APMC,Banana - Green,Banana - Green,FAQ,1100,1300,1250,09/04/2026
Uttar Pradesh,Maharajganj,Anandnagar APMC,Banana - Green,Banana - Green,FAQ,1450,1650,1550,09/04/2026
Uttar Pradesh,Amroha,Hasanpur APMC,Banana - Green,Banana - Green,FAQ,1450,1520,1500,09/04/2026
Uttar Pradesh,Khiri (Lakhimpur),Maigalganj APMC,Banana - Green,Banana - Green,FAQ,1950,2000,1975,09/04/2026
Rajasthan,Jaipur,Jaipur (F&V) APMC,Banana,Other,Medium,1000,2000,1500,09/04/2026
Rajasthan,Ganganagar,Sriganganagar (F&V) APMC,Banana,Banana-Organic,Grade A,2700,3100,2900,09/04/2026
Rajasthan,Ajmer,Ajmer(F&V) APMC,Banana,Other,Medium,1800,3000,2500,09/04/2026
Karnataka,Bangalore,"Binny Mill (F&V), Bangalore APMC",Banana,Pachha Bale,Local,600,1800,1200,09/04/2026
Karnataka,Bangalore,"Binny Mill (F&V), Bangalore APMC",Banana,Nauti Bale,Local,700,1800,1250,09/04/2026
Karnataka,Bangalore,"Binny Mill (F&V), Bangalore APMC",Banana,Nendra Bale,Local,1000,2200,1600,09/04/2026
Karnataka,Bangalore,"Binny Mill (F&V), Bangalore APMC",Banana,Elakki Bale,Local,1000,4100,2500,09/04/2026
Karnataka,Bangalore,"Binny Mill (F&V), Bangalore APMC",Banana - Green,Banana - Green,Local,1800,2000,1900,09/04/2026
Gujarat,Navsari,Navsari APMC,Banana,Banana - Ripe,Grade A,1250,2000,1625,09/04/2026
Gujarat,Mehsana,Mehsana(Mehsana Veg) APMC,Banana,Other,Local,1750,2200,2000,09/04/2026
Gujarat,Narmada,Rajpipla APMC,Banana,Other,Medium,1850,2025,1925,09/04/2026
Gujarat,Rajkot,Gondal(Veg.market Gondal) APMC,Banana,Banana - Ripe,Local,1500,2000,1750,09/04/2026
Gujarat,Porbandar,Porbandar APMC,Banana,Amruthapani,Grade A,1500,2500,2000,09/04/2026
Gujarat,Valsad,Valsad APMC,Banana,Other,Medium,1100,1300,1250,09/04/2026
Gujarat,Surendranagar,Vadhvan APMC,Banana,Medium,Medium,2000,2500,2250,09/04/2026
Gujarat,Banaskanth,Deesa(Deesa Veg Yard) APMC,Banana,Other,Medium,2000,2850,2425,09/04/2026
Gujarat,Surat,Surat APMC,Banana - Green,Other,FAQ,600,1200,900,09/04/2026
Gujarat,Surendranagar,Vadhvan APMC,Banana - Green,Banana - Green,Medium,1000,1500,1250,09/04/2026
Gujarat,Ahmedabad,Ahmedabad APMC,Banana - Green,Other,FAQ,800,1250,1100,09/04/2026
Haryana,Kurukshetra,Thanesar APMC,Banana,Other,Medium,2500,3500,3000,09/04/2026
Haryana,Sonipat,Gohana APMC,Banana,Other,Medium,1800,2500,2000,09/04/2026
Haryana,Mewat,Tauru APMC,Banana,Other,Medium,2000,2000,2000,09/04/2026
Haryana,Rohtak,Meham APMC,Banana,Medium,Medium,1600,1600,1600,09/04/2026
Haryana,Sonipat,Sonepat(Kharkhoda) APMC,Banana,Other,Grade A,2000,3000,2500,09/04/2026
Haryana,Rohtak,Rohtak APMC,Banana,Other,Medium,1800,2000,2000,09/04/2026
Haryana,Sonipat,Sonepat APMC,Banana,Other,Medium,3200,3500,3500,09/04/2026
Haryana,Kurukshetra,Ladwa APMC,Banana,Medium,Medium,4500,4800,4800,09/04/2026
Haryana,Jhajar,Jhajjar APMC,Banana,Other,Medium,2500,2500,2500,09/04/2026
Haryana,Panipat,Panipat APMC,Banana,Banana - Ripe,Local,2000,2400,2200,09/04/2026
Haryana,Ambala,Naraingarh APMC,Banana,Banana - Ripe,Medium,1700,2800,2200,09/04/2026
Haryana,Mahendragarh-Narnaul,Mohindergarh APMC,Banana,Banana - Ripe,Medium,2000,2000,2000,09/04/2026
Haryana,Hissar,Barwala(Hisar) APMC,Banana,Other,Local,3000,4000,3500,09/04/2026
Haryana,Mahendragarh-Narnaul,Narnaul APMC,Banana,Banana - Ripe,Medium,4000,5000,5000,09/04/2026
Haryana,Karnal,Tarori APMC,Banana,Other,Grade A,1800,2200,2000,09/04/2026
Haryana,Yamuna Nagar,Jagadhri APMC,Banana,Other,Medium,1500,2000,2000,09/04/2026
Haryana,Rohtak,Sampla APMC,Banana,Other,Local,2500,2500,2500,09/04/2026
Haryana,Sonipat,Ganaur APMC,Banana,Banana - Ripe,Medium,2500,3000,2800,09/04/2026
Haryana,Sirsa,Sirsa APMC,Banana,Other,Medium,2000,2000,2000,09/04/2026
Haryana,Jind,Narwana APMC,Banana,Other,Local,1600,1600,1600,09/04/2026
Haryana,Rewari,Rewari APMC,Banana,Other,Medium,2200,3200,2600,09/04/2026
Haryana,Yamuna Nagar,Sadhaura APMC,Banana,Banana - Ripe,Local,2000,3200,2300,09/04/2026
Haryana,Ambala,Ambala Cantt. APMC,Banana,Other,Grade B,1800,3000,2500,09/04/2026
Haryana,Rewari,Kosli APMC,Banana,Other,Medium,2000,2000,2000,09/04/2026
Haryana,Sirsa,kalanwali APMC,Banana,Other,Local,1800,2200,2000,09/04/2026
Haryana,Yamuna Nagar,Radaur APMC,Banana,Other,Medium,2600,2800,2700,09/04/2026
Haryana,Kaithal,Dhand APMC,Banana,Other,Medium,3000,4000,3700,09/04/2026
Punjab,Nawanshahr,Nawan Shahar(Subzi Mandi) APMC,Banana,Medium,Medium,3500,4000,3800,09/04/2026
Punjab,Bhatinda,Talwandi Sabo APMC,Banana,Other,Grade A,2500,2800,2600,09/04/2026
Punjab,Gurdaspur,Quadian APMC,Banana,Other,Grade A,3200,3400,3300,09/04/2026
Punjab,Fazilka,Fazilka APMC,Banana,Banana - Ripe,Medium,3500,3500,3500,09/04/2026
Punjab,Ludhiana,Khanna APMC,Banana,Other,Grade A,1800,1800,1800,09/04/2026
Punjab,Hoshiarpur,Garh Shankar(Mahalpur) APMC,Banana,Other,Medium,2300,2300,2300,09/04/2026
Punjab,Sangrur,Dhuri APMC,Banana,Banana - Ripe,Medium,1700,2000,1800,09/04/2026
Punjab,Hoshiarpur,Garh Shankar APMC,Banana,Other,Medium,3200,3200,3200,09/04/2026
Punjab,Ropar (Rupnagar),Chamkaur Sahib APMC,Banana,Other,Medium,3000,3000,3000,09/04/2026
Punjab,Sangrur,Bhawanigarh APMC,Banana,Other,Medium,2800,3000,2900,09/04/2026
Punjab,Sangrur,Lehra Gaga APMC,Banana,Other,Grade A,2800,2800,2800,09/04/2026
Punjab,Patiala,Patiala APMC,Banana,Banana - Ripe,Grade B,2800,3200,3000,09/04/2026
Punjab,Fatehgarh,Bassi Pathana APMC,Banana,Other,Medium,3000,3000,3000,09/04/2026
Punjab,Hoshiarpur,GarhShankar (Kotfatuhi) APMC,Banana,Other,Medium,3200,3300,3278.57,09/04/2026
Punjab,Moga,Baghapurana APMC,Banana,Medium,Grade B,3000,3500,3200,09/04/2026
Punjab,Patiala,Patran APMC,Banana,Other,Grade A,2200,2200,2200,09/04/2026
Punjab,Ropar (Rupnagar),Morinda APMC,Banana,Medium,Local,2500,3000,2750,09/04/2026
Punjab,Hoshiarpur,Mukerian APMC,Banana,Medium,Grade B,2500,3500,3000,09/04/2026
Punjab,Mansa,Mansa APMC,Banana,Banana - Ripe,Grade A,1870,1870,1870,09/04/2026
Punjab,Bhatinda,Bhagta Bhai Ka APMC,Banana,Other,Medium,3000,3000,3000,09/04/2026
Punjab,Fazilka,Jalalabad APMC,Banana,Other,Medium,2900,3100,3000,09/04/2026
Punjab,Gurdaspur,Gurdaspur APMC,Banana - Green,Other,FAQ,2400,2400,2400,09/04/2026
West Bengal,Darjeeling,Siliguri APMC,Banana,Banana - Ripe,Grade A,2000,2200,2100,09/04/2026
Odisha,Gajapati,Parlakhemundi APMC,Banana,Banana - Ripe,Grade Range-1,1800,2000,1900,09/04/2026
Odisha,Mayurbhanja,Baripada APMC,Banana - Green,Banana - Green,Medium,2000,2500,2200,09/04/2026
Odisha,Sambalpur,Kuchinda APMC,Banana - Green,Banana - Green,Local,1850,1850,1850,09/04/2026
Odisha,Dhenkanal,Hindol APMC,Banana - Green,Other,Grade B,2500,2700,2600,09/04/2026
Odisha,Bhadrak,Bhadrak APMC,Banana - Green,Other,Grade A,1550,2900,2300,09/04/2026
Telangana,Hyderabad,Gudimalkapur APMC,Banana - Green,Banana - Green,Grade B,1000,2000,1500,09/04/2026
Kerala,Ernakulam,Kunnukara  VFPCK APMC,Banana,Nendra Bale,Grade A,3100,3300,3200,09/04/2026
Kerala,Malappuram,Moothedam  VFPCK APMC,Banana,Nendra Bale,Grade Range-1,2100,2300,2200,09/04/2026
Kerala,Kannur,Thalasserry APMC,Banana,Other,Small,4000,4800,4400,09/04/2026
Kerala,Malappuram,Parappanangadi APMC,Banana,Palayamthodan,Grade A,2500,2700,2600,09/04/2026
Kerala,Ernakulam,Pothanikkadu VFPCK APMC,Banana,Robusta,Grade A,1000,1800,1650,09/04/2026
Kerala,Kollam,Sasthamkotta APMC,Banana,Nendra Bale,Local,5000,5000,5000,09/04/2026
Kerala,Thiruvananthapuram,Parassala APMC,Banana,Red Banana,Local,7000,7200,7000,09/04/2026
Kerala,Kollam,Anchal APMC,Banana,Nendra Bale,Medium,6500,6500,6500,09/04/2026
Kerala,Kollam,Anchal VFPCK APMC,Banana,Nendra Bale,Grade A,6200,6200,6200,09/04/2026
Kerala,Kannur,Thalasserry APMC,Banana,Other,Large,2800,3500,3000,09/04/2026
Kerala,Ernakulam,Perumbavoor APMC,Banana,Poovan,Medium,5000,6000,5500,09/04/2026
Kerala,Palakad,Koduvayoor APMC,Banana,Nendra Bale,Medium,2600,3000,2800,09/04/2026
Kerala,Palakad,Koduvayoor APMC,Banana,Poovan,Medium,3900,4300,4100,09/04/2026
Kerala,Alappuzha,Kayamkulam APMC,Banana,Nendra Bale,Grade A,2700,2900,2800,09/04/2026
Kerala,Kollam,Sasthamkotta APMC,Banana,Red Banana,Local,4000,4000,4000,09/04/2026
Kerala,Kollam,Anchal APMC,Banana,Red Banana,Medium,6600,6600,6600,09/04/2026
Kerala,Kottayam,Vayala  VFPCK APMC,Banana,Nendra Bale,Grade A,4800,4800,4800,09/04/2026
Kerala,Malappuram,Chungathara VFPCK APMC,Banana,Nendra Bale,Grade Range-1,2100,2300,2200,09/04/2026
Kerala,Kollam,Chathanoor APMC,Banana,Palayamthodan,Medium,3800,4200,4000,09/04/2026
Kerala,Kollam,Chathanoor APMC,Banana,Poovan,Medium,6300,6700,6500,09/04/2026
Kerala,Ernakulam,Perumbavoor APMC,Banana,Palayamthodan,Medium,2000,3000,2500,09/04/2026
Kerala,Malappuram,Parappanangadi APMC,Banana,Poovan,Small,4800,5000,4900,09/04/2026
Kerala,Kollam,Sasthamkotta APMC,Banana,Poovan,Local,3500,3500,3500,09/04/2026
Kerala,Kollam,Anchal APMC,Banana,Palayamthodan,Medium,3600,3600,3600,09/04/2026
Kerala,Kollam,Anchal APMC,Banana,Robusta,Medium,3800,3800,3800,09/04/2026
Kerala,Thiruvananthapuram,Kovilnada  VFPCK APMC,Banana,Nendra Bale,Grade A,3800,3800,3800,09/04/2026
Kerala,Thiruvananthapuram,Kovilnada  VFPCK APMC,Banana,Robusta,Grade A,2500,2500,2500,09/04/2026
Kerala,Thiruvananthapuram,Vengannore  VFPCK APMC,Banana,Nendra Bale,Grade A,4000,4500,4200,09/04/2026
Kerala,Alappuzha,Kayamkulam APMC,Banana,Palayamthodan,Grade A,2000,2200,2100,09/04/2026
Kerala,Ernakulam,Pothanikkadu VFPCK APMC,Banana,Poovan,Grade A,2800,3500,3000,09/04/2026
Kerala,Palakad,Koduvayoor APMC,Banana,Palayamthodan,Medium,3100,3500,3300,09/04/2026
Kerala,Kollam,Chathanoor APMC,Banana,Banana - Ripe,Medium,7300,7700,7500,09/04/2026
Kerala,Malappuram,Parappanangadi APMC,Banana,Nendra Bale,Grade A,2700,2900,2800,09/04/2026
Kerala,Kozhikode(Calicut),Mukkom APMC,Banana,Other,Large,4500,4700,4600,09/04/2026
Kerala,Kollam,Sasthamkotta APMC,Banana,Palayamthodan,Local,2000,2000,2000,09/04/2026
Kerala,Thiruvananthapuram,Parassala APMC,Banana,Palayamthodan,Local,2000,2200,2000,09/04/2026
Kerala,Kollam,Anchal APMC,Banana,Rasakathai,Medium,6200,6200,6200,09/04/2026
Kerala,Thiruvananthapuram,Balaramapuram  VFPCK APMC,Banana,Nendra Bale,Grade A,4000,4500,4200,09/04/2026
Kerala,Kollam,Elamad  VFPCK APMC,Banana,Nendra Bale,Grade A,5000,5500,5200,09/04/2026
Kerala,Ernakulam,Amalapuram  VFPCK APMC,Banana,Nendra Bale,Grade A,2800,3000,2900,09/04/2026
Kerala,Kollam,Chathanoor APMC,Banana,Red Banana,Medium,6800,7200,7000,09/04/2026
Kerala,Kollam,Chathanoor APMC,Banana,Robusta,Medium,3800,4200,4000,09/04/2026
Kerala,Malappuram,Parappanangadi APMC,Banana,Robusta,Grade A,2100,2300,2200,09/04/2026
Kerala,Kollam,Sasthamkotta APMC,Banana,Robusta,Local,2000,2000,2000,09/04/2026
Kerala,Thiruvananthapuram,Parassala APMC,Banana,Nendra Bale,Local,4500,5000,4500,09/04/2026
Kerala,Thiruvananthapuram,Parassala APMC,Banana,Rasakathai,Local,6000,6500,6000,09/04/2026
Kerala,Kollam,Anchal APMC,Banana,Poovan,Medium,7200,7200,7200,09/04/2026
Kerala,Kottayam,Pala APMC,Banana,Banana - Ripe,Large,3000,4000,3500,09/04/2026
Kerala,Thirssur,Kodassery VFPCK APMC,Banana,Nendra Bale,Grade A,2800,2800,2800,09/04/2026
Kerala,Ernakulam,Piravam APMC,Banana - Green,Banana - Green,Local,3000,4000,3500,09/04/2026
Kerala,Malappuram,Parappanangadi APMC,Banana - Green,Banana - Green,Grade A,1800,2000,1900,09/04/2026
Kerala,Kannur,Kannur APMC,Banana - Green,Other,Grade A,3200,3700,3400,09/04/2026
Kerala,Kottayam,Pampady APMC,Banana - Green,Banana - Green,FAQ,4500,5500,5000,09/04/2026
Kerala,Wayanad,Kalpetta APMC,Banana - Green,Other,FAQ,2000,2100,2100,09/04/2026
Kerala,Ernakulam,Puthenvelikkara  VFPCK APMC,Banana - Green,Banana - Green,Grade A,3700,3900,3800,09/04/2026
Kerala,Alappuzha,Mannar APMC,Banana - Green,Banana - Green,FAQ,5000,5300,5100,09/04/2026
Kerala,Kottayam,Athirampuzha APMC,Banana - Green,Banana - Green,FAQ,2800,3000,2900,09/04/2026
Kerala,Alappuzha,Chengannur APMC,Banana - Green,Banana - Green,FAQ,3000,3300,3200,09/04/2026
Kerala,Kottayam,Pala APMC,Banana - Green,Banana - Green,FAQ,3600,4600,4000,09/04/2026
Kerala,Ernakulam,Perumbavoor APMC,Banana - Green,Banana - Green,Medium,2600,3600,2800,09/04/2026
Kerala,Kollam,Channapetta VFPCK APMC,Banana - Green,Banana - Green,Grade A,5000,5500,5200,09/04/2026
Kerala,Alappuzha,Aroor APMC,Banana - Green,Banana - Green,FAQ,3800,4000,3900,09/04/2026
Kerala,Idukki,Munnar APMC,Banana - Green,Banana - Green,Medium,6000,6000,6000,09/04/2026
Kerala,Kozhikode(Calicut),Kallachi APMC,Banana - Green,Banana - Green,FAQ,2800,3200,3000,09/04/2026
Kerala,Palakad,Koduvayoor APMC,Banana - Green,Banana - Green,Medium,3400,3800,3600,09/04/2026
Kerala,Malappuram,Perinthalmanna APMC,Banana - Green,Banana - Green,Large,2000,2000,2000,09/04/2026
Kerala,Kozhikode(Calicut),Mukkom APMC,Banana - Green,Banana - Green,FAQ,2600,2900,2800,09/04/2026
Kerala,Kollam,Chathannoore VFPCK APMC,Banana - Green,Banana - Green,Grade A,5000,5500,5200,09/04/2026
Kerala,Alappuzha,Harippad APMC,Banana - Green,Other,FAQ,3000,3500,3000,09/04/2026
Kerala,Kottayam,Ettumanoor APMC,Banana - Green,Banana - Green,FAQ,2400,2800,2600,09/04/2026
Kerala,Thirssur,Irinjalakkuda APMC,Banana - Green,Banana - Green,FAQ,4700,4700,4700,09/04/2026
Kerala,Ernakulam,Thrippunithura APMC,Banana - Green,Banana - Green,Medium,2600,5000,2800,09/04/2026
Kerala,Alappuzha,Kayamkulam APMC,Banana - Green,Other,FAQ,2500,2700,2600,09/04/2026
Uttarakhand,Haridwar,Manglaur APMC,Banana,Other,Medium,1000,1200,1100,09/04/2026
Uttarakhand,Dehradoon,Dehradoon APMC,Banana,Banana - Ripe,Grade B,1800,2200,2000,09/04/2026
Uttarakhand,Udhamsinghnagar,Kashipur APMC,Banana,Other,Local,2000,2200,2100,09/04/2026
Uttarakhand,Dehradoon,Rishikesh APMC,Banana,Other,Medium,1400,1800,1550,09/04/2026
Uttarakhand,Udhamsinghnagar,Kicchha APMC,Banana,Banana - Ripe,Local,500,700,600,09/04/2026
Uttarakhand,Udhamsinghnagar,Rudrapur APMC,Banana,Other,Medium,2000,5000,3000,09/04/2026
Uttarakhand,Haridwar,Haridwar Union APMC,Banana,Other,Grade C,1000,1400,1200,09/04/2026
Uttarakhand,Haridwar,Bhagwanpur(Naveen Mandi Sthal) APMC,Banana,Other,Grade B,700,900,800,09/04/2026
Uttarakhand,Haridwar,Roorkee APMC,Banana,Other,Medium,800,1200,1000,09/04/2026
Uttarakhand,Nanital,Haldwani APMC,Banana,Other,Grade A,700,900,800,09/04/2026
Uttarakhand,Udhamsinghnagar,Khateema APMC,Banana - Green,Other,Grade B,800,1000,900,09/04/2026
Himachal Pradesh,Bilaspur,PMY Bilaspur,Banana,Other,Grade C,2300,2500,2400,09/04/2026
Himachal Pradesh,Kangra,SMY Palampur,Banana,Banana - Ripe,Medium,4500,4800,4600,09/04/2026
Himachal Pradesh,Una,PMY Una,Banana,Medium,Grade B,2500,2900,2700,09/04/2026
Himachal Pradesh,Solan,SMY Nalagarh,Banana,Other,Medium,2700,3200,3000,09/04/2026
Himachal Pradesh,Kangra,SMY Jaisinghpur,Banana,Banana - Ripe,Medium,4800,5000,4900,09/04/2026
Himachal Pradesh,Solan,PMY Kather Solan,Banana,Other,Medium,3600,5500,4800,09/04/2026
Himachal Pradesh,Mandi,PMY Kangni Mandi,Banana,Banana - Ripe,Grade B,2800,3800,3400,09/04/2026
Himachal Pradesh,Hamirpur,SMY Nadaun,Banana,Other,Grade B,3600,4000,3800,09/04/2026
Himachal Pradesh,Hamirpur,PMY Hamirpur,Banana,Other,Grade B,3600,4000,3800,09/04/2026
Himachal Pradesh,Chamba,PMY Chamba,Banana,Other,Medium,4000,4200,4100,09/04/2026
Himachal Pradesh,Kangra,SMY Baijnath,Banana,Banana - Ripe,Grade C,3500,3600,3600,09/04/2026
Himachal Pradesh,Una,SMY Santoshgarh,Banana,Other,Grade A,2400,3200,2800,09/04/2026
Himachal Pradesh,Kangra,SMY Dharamshala,Banana,Banana - Ripe,Medium,3600,4000,3800,09/04/2026
Tamil Nadu,Salem,Ammapet(Uzhavar Sandhai ) APMC,Mango,Other,Local,16000,18000,17000,09/04/2026
Tamil Nadu,Coimbatore,Sundarapuram(Uzhavar Sandhai ) APMC,Mango,Other,Local,10000,11000,10500,09/04/2026
Tamil Nadu,Erode,Sampath Nagar(Uzhavar Sandhai ) APMC,Mango,Other,Local,4500,5000,4750,09/04/2026
Tamil Nadu,Dindigul,Dindigul(Uzhavar Sandhai ) APMC,Mango,Other,Local,8000,10000,9000,09/04/2026
Tamil Nadu,Krishnagiri,Hosur(Uzhavar Sandhai ) APMC,Mango,Other,Local,8000,10000,9000,09/04/2026
Tamil Nadu,The Nilgiris,Udhagamandalam(Uzhavar Sandhai ) APMC,Mango,Safeda,Local,12000,15000,13500,09/04/2026
Tamil Nadu,Coimbatore,RSPuram(Uzhavar Sandhai ) APMC,Mango,Other,Local,10000,12000,11000,09/04/2026
Tamil Nadu,Dindigul,Palani(Uzhavar Sandhai ) APMC,Mango,Neelam,Local,6000,8000,7000,09/04/2026
Tamil Nadu,Thiruchirappalli,KKNagar(Uzhavar Sandhai ) APMC,Mango,Other,Local,19000,19000,19000,09/04/2026
Tamil Nadu,Dharmapuri,Harur(Uzhavar Sandhai ) APMC,Mango,Other,Local,7000,8000,7500,09/04/2026
Tamil Nadu,Erode,Periyar Nagar(Uzhavar Sandhai ) APMC,Mango,Other,Local,7000,8000,7500,09/04/2026
Tamil Nadu,Thirupathur,Vaniyampadi(Uzhavar Sandhai ) APMC,Mango,Safeda,Local,7000,7000,7000,09/04/2026
Tamil Nadu,Karur,Karur(Uzhavar Sandhai ) APMC,Mango,Safeda,Local,10000,12000,11000,09/04/2026
Tamil Nadu,Nagapattinam,Nagapattinam(Uzhavar Sandhai ) APMC,Mango,Other,Local,6000,7000,6500,09/04/2026
Tamil Nadu,Salem,Sooramangalam(Uzhavar Sandhai ) APMC,Mango,Other,Local,17000,18000,17500,09/04/2026
Tamil Nadu,Salem,Hasthampatti(Uzhavar Sandhai ) APMC,Mango,Other,Local,19000,20000,19500,09/04/2026
Tamil Nadu,Ranipet,Ranipettai(Uzhavar Sandhai ) APMC,Mango,Other,Local,12000,12000,12000,09/04/2026
Tamil Nadu,Theni,Kambam(Uzhavar Sandhai ) APMC,Mango,Other,Local,5000,8000,6500,09/04/2026
Tamil Nadu,Theni,Chinnamanur(Uzhavar Sandhai ) APMC,Mango,Safeda,Local,7000,7000,7000,09/04/2026
Tamil Nadu,Vellore,Vellore APMC,Mango(Raw-Ripe),Mango - Raw-Ripe,Local,2000,2500,2250,09/04/2026
Tamil Nadu,Villupuram,Tindivanam APMC,Mango(Raw-Ripe),Mango - Raw-Ripe,Local,4000,4000,4000,09/04/2026
Tamil Nadu,Thiruchirappalli,Lalgudi(Uzhavar Sandhai ) APMC,Mango(Raw-Ripe),Mango - Raw-Ripe,Local,3000,3000,3000,09/04/2026
Tamil Nadu,Thiruchirappalli,Manachanallur(Uzhavar Sandhai ) APMC,Mango(Raw-Ripe),Mango - Raw-Ripe,Local,3500,3500,3500,09/04/2026
Tamil Nadu,Thirupur,Palladam(Uzhavar Sandhai ) APMC,Mango(Raw-Ripe),Mango - Raw-Ripe,Local,3000,3500,3250,09/04/2026
Tamil Nadu,Thirupur,Tiruppur (South) (Uzhavar Sandhai ) APMC,Mango(Raw-Ripe),Mango - Raw-Ripe,Local,2700,3000,2850,09/04/2026
Tamil Nadu,Tenkasi,Tenkasi(Uzhavar Sandhai ) APMC,Mango(Raw-Ripe),Mango - Raw-Ripe,Local,4000,4000,4000,09/04/2026
Tamil Nadu,Tenkasi,Sankarankoil(Uzhavar Sandhai ) APMC,Mango(Raw-Ripe),Mango - Raw-Ripe,Local,5000,5000,5000,09/04/2026
Tamil Nadu,Salem,Thathakapatti(Uzhavar Sandhai ) APMC,Mango(Raw-Ripe),Mango - Raw-Ripe,Local,2500,3000,2750,09/04/2026
Tamil Nadu,Salem,Mettur(Uzhavar Sandhai ) APMC,Mango(Raw-Ripe),Mango - Raw-Ripe,Local,3000,4000,3500,09/04/2026
Tamil Nadu,Sivaganga,Tirupatthur(Uzhavar Sandhai ) APMC,Mango(Raw-Ripe),Mango - Raw-Ripe,Local,1500,2000,1750,09/04/2026
Tamil Nadu,Thanjavur,Thanjavur(Uzhavar Sandhai ) APMC,Mango(Raw-Ripe),Mango - Raw-Ripe,Local,3000,3000,3000,09/04/2026
Tamil Nadu,Theni,Bodinayakanur(Uzhavar Sandhai ) APMC,Mango(Raw-Ripe),Mango - Raw-Ripe,Local,2500,2500,2500,09/04/2026
Tamil Nadu,Theni,Chinnamanur(Uzhavar Sandhai ) APMC,Mango(Raw-Ripe),Mango - Raw-Ripe,Local,2400,2400,2400,09/04/2026
Tamil Nadu,Thirunelveli,Palayamkottai(Uzhavar Sandhai ) APMC,Mango(Raw-Ripe),Mango - Raw-Ripe,Local,2000,3000,2500,09/04/2026
Tamil Nadu,Thirunelveli,Melapalayam(Uzhavar Sandhai ) APMC,Mango(Raw-Ripe),Mango - Raw-Ripe,Local,2000,3000,2500,09/04/2026
Tamil Nadu,Thiruvellore,Paruthipattu(Uzhavar Sandhai ) APMC,Mango(Raw-Ripe),Mango - Raw-Ripe,Local,4000,4000,4000,09/04/2026
Tamil Nadu,Tuticorin,Kovilpatti(Uzhavar Sandhai ) APMC,Mango(Raw-Ripe),Mango - Raw-Ripe,Local,4500,5000,4750,09/04/2026
Tamil Nadu,Thiruvannamalai,Tiruvannamalai(Uzhavar Sandhai ) APMC,Mango(Raw-Ripe),Mango - Raw-Ripe,Local,3000,3500,3250,09/04/2026
Tamil Nadu,Thiruvannamalai,Arani(Uzhavar Sandhai ) APMC,Mango(Raw-Ripe),Mango - Raw-Ripe,Local,3300,4000,3650,09/04/2026
Tamil Nadu,Cuddalore,Chidambaram(Uzhavar Sandhai ) APMC,Mango(Raw-Ripe),Mango - Raw-Ripe,Local,4000,4000,4000,09/04/2026
Tamil Nadu,Cuddalore,Panruti(Uzhavar Sandhai ) APMC,Mango(Raw-Ripe),Mango - Raw-Ripe,Local,3000,3000,3000,09/04/2026
Tamil Nadu,Dindigul,Chinnalapatti(Uzhavar Sandhai ) APMC,Mango(Raw-Ripe),Mango - Raw-Ripe,Local,2000,3000,2500,09/04/2026
Tamil Nadu,Erode,Periyar Nagar(Uzhavar Sandhai ) APMC,Mango(Raw-Ripe),Mango - Raw-Ripe,Local,2000,2200,2100,09/04/2026
Tamil Nadu,Madurai,Palanganatham(Uzhavar Sandhai ) APMC,Mango(Raw-Ripe),Mango - Raw-Ripe,Local,1500,2000,1750,09/04/2026
Tamil Nadu,Madurai,Melur(Uzhavar Sandhai ) APMC,Mango(Raw-Ripe),Mango - Raw-Ripe,Local,1800,2000,1900,09/04/2026
Tamil Nadu,Coimbatore,Sulur(Uzhavar Sandhai ) APMC,Mango(Raw-Ripe),Mango - Raw-Ripe,Local,4000,5000,4500,09/04/2026
Tamil Nadu,Nagapattinam,Mayiladuthurai(Uzhavar Sandhai ) APMC,Mango(Raw-Ripe),Mango - Raw-Ripe,Local,4500,5000,4750,09/04/2026
Tamil Nadu,Nagapattinam,Vedaranyam(Uzhavar Sandhai),Mango(Raw-Ripe),Mango - Raw-Ripe,Local,3800,4000,3900,09/04/2026
Tamil Nadu,Coimbatore,Udumalpet APMC,Mango(Raw-Ripe),Mango - Raw-Ripe,Local,3500,4000,3750,09/04/2026
Tamil Nadu,Vellore,Katpadi (Uzhavar Sandhai ) APMC,Mango(Raw-Ripe),Mango - Raw-Ripe,Local,3500,3500,3500,09/04/2026
Tamil Nadu,Thanjavur,Kumbakonam (Uzhavar Sandhai ) APMC,Mango(Raw-Ripe),Mango - Raw-Ripe,Local,2400,3600,3000,09/04/2026
Tamil Nadu,Dharmapuri,Karimangalam(Uzhavar Sandhai),Mango(Raw-Ripe),Mango - Raw-Ripe,Local,4000,4500,4250,09/04/2026
Tamil Nadu,Vellore,Perampet(Uzhavar Sandhai),Mango(Raw-Ripe),Mango - Raw-Ripe,Local,4500,4500,4500,09/04/2026
Tamil Nadu,Vellore,Thirupathur APMC,Mango(Raw-Ripe),Mango - Raw-Ripe,Local,3000,3000,3000,09/04/2026
Tamil Nadu,Coimbatore,Pollachi(Uzhavar Sandhai ) APMC,Mango(Raw-Ripe),Mango - Raw-Ripe,Local,3500,4000,3750,09/04/2026
Tamil Nadu,Thanjavur,Papanasam(Uzhavar Sandhai ) APMC,Mango(Raw-Ripe),Mango - Raw-Ripe,Local,2400,3600,3000,09/04/2026
Tamil Nadu,Dharmapuri,Dharmapuri(Uzhavar Sandhai ) APMC,Mango(Raw-Ripe),Mango - Raw-Ripe,Local,4200,4500,4350,09/04/2026
Tamil Nadu,Dharmapuri,Palacode(Uzhavar Sandhai ) APMC,Mango(Raw-Ripe),Mango - Raw-Ripe,Local,4500,5000,4750,09/04/2026
Tamil Nadu,Dharmapuri,AJattihalli(Uzhavar Sandhai ) APMC,Mango(Raw-Ripe),Mango - Raw-Ripe,Local,4000,4500,4250,09/04/2026
Tamil Nadu,Madurai,Anna nagar(Uzhavar Sandhai ) APMC,Mango(Raw-Ripe),Mango - Raw-Ripe,Local,2800,3000,2900,09/04/2026
Tamil Nadu,Namakkal,Kumarapalayam(Uzhavar Sandhai ) APMC,Mango(Raw-Ripe),Mango - Raw-Ripe,Local,3500,4000,3750,09/04/2026
Tamil Nadu,Pudukkottai,Viralimalai(Uzhavar Sandhai ) APMC,Mango(Raw-Ripe),Mango - Raw-Ripe,Local,4000,5000,4500,09/04/2026
Tamil Nadu,Virudhunagar,Aruppukottai(Uzhavar Sandhai ) APMC,Mango(Raw-Ripe),Mango - Raw-Ripe,Local,3000,4000,3500,09/04/2026
Tamil Nadu,Chengalpattu,Guduvancheri(Uzhavar Sandhai ) APMC,Mango(Raw-Ripe),Mango - Raw-Ripe,Local,3500,4000,3750,09/04/2026
Tamil Nadu,Thirupur,Dharapuram(Uzhavar Sandhai ) APMC,Mango(Raw-Ripe),Mango - Raw-Ripe,Local,5500,6000,5750,09/04/2026
Tamil Nadu,Thirupur,Tiruppur (North) (Uzhavar Sandhai ) APMC,Mango(Raw-Ripe),Mango - Raw-Ripe,Local,4000,4500,4250,09/04/2026
Tamil Nadu,Sivaganga,Karaikudi(Uzhavar Sandhai ) APMC,Mango(Raw-Ripe),Mango - Raw-Ripe,Local,2200,2500,2350,09/04/2026
Tamil Nadu,Sivaganga,Singampunari(Uzhavar Sandhai ) APMC,Mango(Raw-Ripe),Mango - Raw-Ripe,Local,2000,2500,2250,09/04/2026
Tamil Nadu,Thiruvarur,Tiruthuraipoondi(Uzhavar Sandhai ) APMC,Mango(Raw-Ripe),Mango - Raw-Ripe,Local,2000,3000,2500,09/04/2026
Tamil Nadu,Thiruvannamalai,Keelpennathur(Uzhavar Sandhai ) APMC,Mango(Raw-Ripe),Mango - Raw-Ripe,Local,9500,11000,10250,09/04/2026
Tamil Nadu,Erode,Sampath Nagar(Uzhavar Sandhai ) APMC,Mango(Raw-Ripe),Mango - Raw-Ripe,Local,2000,2200,2100,09/04/2026
Tamil Nadu,Thiruvarur,Valangaiman APMC,Mango(Raw-Ripe),Mango - Raw-Ripe,Local,3400,3400,3400,09/04/2026
Tamil Nadu,Namakkal,Tiruchengode APMC,Mango(Raw-Ripe),Mango - Raw-Ripe,Local,2600,3000,2800,09/04/2026
Tamil Nadu,Salem,Ammapet(Uzhavar Sandhai ) APMC,Mango(Raw-Ripe),Mango - Raw-Ripe,Local,3000,3500,3250,09/04/2026
Tamil Nadu,Salem,Athur(Uzhavar Sandhai ) APMC,Mango(Raw-Ripe),Mango - Raw-Ripe,Local,3000,3500,3250,09/04/2026
Tamil Nadu,Dharmapuri,Harur(Uzhavar Sandhai ) APMC,Mango(Raw-Ripe),Mango - Raw-Ripe,Local,5000,6000,5500,09/04/2026
Tamil Nadu,Vellore,Pallikonda(Uzhavar Sandhai),Mango(Raw-Ripe),Mango - Raw-Ripe,Local,2500,2500,2500,09/04/2026
Tamil Nadu,Salem,Vazhapadi(Uzhavar Sandhai),Mango(Raw-Ripe),Mango - Raw-Ripe,Local,5000,5000,5000,09/04/2026
Tamil Nadu,Karur,Gandhigramam(Uzhavar Sandhai),Mango(Raw-Ripe),Mango - Raw-Ripe,Local,2000,4000,3000,09/04/2026
Tamil Nadu,Vellore,Gudiyatham(Uzhavar Sandhai ) APMC,Mango(Raw-Ripe),Mango - Raw-Ripe,Local,3000,3000,3000,09/04/2026
Tamil Nadu,Nagercoil (Kannyiakumari),Myladi(Uzhavar Sandhai ) APMC,Mango(Raw-Ripe),Mango - Raw-Ripe,Local,2500,3000,2750,09/04/2026
Tamil Nadu,Chengalpattu,Nanganallur(Uzhavar Sandhai ) APMC,Mango(Raw-Ripe),Mango - Raw-Ripe,Local,9500,11000,10250,09/04/2026
Tamil Nadu,Ranipet,Arcot(Uzhavar Sandhai ) APMC,Mango(Raw-Ripe),Mango - Raw-Ripe,Local,3000,4000,3500,09/04/2026
Tamil Nadu,Thirupathur,Vaniyampadi(Uzhavar Sandhai ) APMC,Mango(Raw-Ripe),Mango - Raw-Ripe,Local,3000,3000,3000,09/04/2026
Tamil Nadu,Kallakuruchi,Kallakurichi(Uzhavar Sandhai ) APMC,Mango(Raw-Ripe),Mango - Raw-Ripe,Local,4000,4000,4000,09/04/2026
Tamil Nadu,Cuddalore,Cuddalore(Uzhavar Sandhai ) APMC,Mango(Raw-Ripe),Mango - Raw-Ripe,Local,4000,5000,4500,09/04/2026
Tamil Nadu,Cuddalore,Vadalur(Uzhavar Sandhai ) APMC,Mango(Raw-Ripe),Mango - Raw-Ripe,Local,3000,4000,3500,09/04/2026
Tamil Nadu,Dindigul,Palani(Uzhavar Sandhai ) APMC,Mango(Raw-Ripe),Mango - Raw-Ripe,Local,2000,2500,2250,09/04/2026
Tamil Nadu,Kancheepuram,Padappai(Uzhavar Sandhai ) APMC,Mango(Raw-Ripe),Mango - Raw-Ripe,Local,2500,3500,3000,09/04/2026
Tamil Nadu,Karur,Pallapatti (Uzhavar Sandhai ) APMC,Mango(Raw-Ripe),Mango - Raw-Ripe,Local,3500,4000,3750,09/04/2026
Tamil Nadu,Namakkal,Mohanur(Uzhavar Sandhai ) APMC,Mango(Raw-Ripe),Mango - Raw-Ripe,Local,4500,5000,4750,09/04/2026
Tamil Nadu,The Nilgiris,Udhagamandalam(Uzhavar Sandhai ) APMC,Mango(Raw-Ripe),Mango - Raw-Ripe,Local,3500,4000,3750,09/04/2026
Tamil Nadu,Pudukkottai,Pudukottai(Uzhavar Sandhai ) APMC,Mango(Raw-Ripe),Mango - Raw-Ripe,Local,4000,5000,4500,09/04/2026
Tamil Nadu,Pudukkottai,Aranthangi(Uzhavar Sandhai ) APMC,Mango(Raw-Ripe),Mango - Raw-Ripe,Local,4000,4500,4250,09/04/2026
Tamil Nadu,Ramanathapuram,Ramanathapuram(Uzhavar Sandhai ) APMC,Mango(Raw-Ripe),Mango - Raw-Ripe,Local,5000,5500,5250,09/04/2026
Tamil Nadu,Salem,Elampillai(Uzhavar Sandhai ) APMC,Mango(Raw-Ripe),Mango - Raw-Ripe,Local,3000,4000,3500,09/04/2026
Tamil Nadu,Thanjavur,Tirukattupalli(Uzhavar Sandhai ) APMC,Mango(Raw-Ripe),Mango - Raw-Ripe,Local,3600,3600,3600,09/04/2026
Tamil Nadu,Thiruvarur,Needamangalam(Uzhavar Sandhai ) APMC,Mango(Raw-Ripe),Mango - Raw-Ripe,Local,3200,3200,3200,09/04/2026
Tamil Nadu,Thiruvannamalai,Chengam(Uzhavar Sandhai ) APMC,Mango(Raw-Ripe),Mango - Raw-Ripe,Local,3000,4000,3500,09/04/2026
Tamil Nadu,Thiruchirappalli,KKNagar(Uzhavar Sandhai ) APMC,Mango(Raw-Ripe),Mango - Raw-Ripe,Local,3000,3000,3000,09/04/2026
Tamil Nadu,Thiruchirappalli,Thiruverumbur(Uzhavar Sandhai ) APMC,Mango(Raw-Ripe),Mango - Raw-Ripe,Local,3000,3000,3000,09/04/2026
Tamil Nadu,Krishnagiri,Kaveripattinam(Uzhavar Sandhai ) APMC,Mango(Raw-Ripe),Mango - Raw-Ripe,Local,4000,4000,4000,09/04/2026
Tamil Nadu,Virudhunagar,Srivilliputhur(Uzhavar Sandhai ) APMC,Mango(Raw-Ripe),Mango - Raw-Ripe,Local,2500,3000,2750,09/04/2026
Tamil Nadu,Thiruchirappalli,Thuraiyur APMC,Mango(Raw-Ripe),Mango - Raw-Ripe,Local,2500,3000,2750,09/04/2026
Tamil Nadu,Coimbatore,RSPuram(Uzhavar Sandhai ) APMC,Mango(Raw-Ripe),Mango - Raw-Ripe,Local,3000,4500,3750,09/04/2026
Tamil Nadu,Coimbatore,Singanallur(Uzhavar Sandhai ) APMC,Mango(Raw-Ripe),Mango - Raw-Ripe,Local,4000,6000,5000,09/04/2026
Tamil Nadu,Coimbatore,Mettupalayam(Uzhavar Sandhai ) APMC,Mango(Raw-Ripe),Mango - Raw-Ripe,Local,2400,2800,2600,09/04/2026
Tamil Nadu,Coimbatore,Vadavalli(Uzhavar Sandhai ) APMC,Mango(Raw-Ripe),Mango - Raw-Ripe,Local,4000,4500,4250,09/04/2026
Tamil Nadu,Coimbatore,Sundarapuram(Uzhavar Sandhai ) APMC,Mango(Raw-Ripe),Mango - Raw-Ripe,Local,3500,5000,4250,09/04/2026
Tamil Nadu,Pudukkottai,Gandarvakottai(Uzhavar Sandhai ) APMC,Mango(Raw-Ripe),Mango - Raw-Ripe,Local,3500,4000,3750,09/04/2026
Tamil Nadu,Thiruvarur,Tiruvarur(Uzhavar Sandhai ) APMC,Mango(Raw-Ripe),Mango - Raw-Ripe,Local,4000,4000,4000,09/04/2026
Tamil Nadu,Villupuram,Gingee(Uzhavar Sandhai ) APMC,Mango(Raw-Ripe),Mango - Raw-Ripe,Local,3500,3500,3500,09/04/2026
Tamil Nadu,Chengalpattu,Pallavaram(Uzhavar Sandhai ) APMC,Mango(Raw-Ripe),Mango - Raw-Ripe,Local,3500,4000,3750,09/04/2026
Tamil Nadu,Tuticorin,Tuticorin(Uzhavar Sandhai ) APMC,Mango(Raw-Ripe),Mango - Raw-Ripe,Local,6500,7000,6750,09/04/2026
Tamil Nadu,Nagercoil (Kannyiakumari),Vadaseri APMC,Mango(Raw-Ripe),Mango - Raw-Ripe,Local,3000,3500,3250,09/04/2026
Tamil Nadu,Coimbatore,Kurichi(Uzhavar Sandhai ) APMC,Mango(Raw-Ripe),Mango - Raw-Ripe,Local,4500,5000,4750,09/04/2026
Tamil Nadu,Dharmapuri,Pennagaram(Uzhavar Sandhai ) APMC,Mango(Raw-Ripe),Mango - Raw-Ripe,Local,3800,4000,3900,09/04/2026
Tamil Nadu,Nagapattinam,Nagapattinam(Uzhavar Sandhai ) APMC,Mango(Raw-Ripe),Mango - Raw-Ripe,Local,4500,6000,5250,09/04/2026
Tamil Nadu,Nagapattinam,Sirkali(Uzhavar Sandhai ) APMC,Mango(Raw-Ripe),Mango - Raw-Ripe,Local,6500,7000,6750,09/04/2026
Tamil Nadu,Pudukkottai,Alangudi(Uzhavar Sandhai ) APMC,Mango(Raw-Ripe),Mango - Raw-Ripe,Local,3500,4000,3750,09/04/2026
Tamil Nadu,Salem,Edapadi (Uzhavar Sandhai ) APMC,Mango(Raw-Ripe),Mango - Raw-Ripe,Local,3500,4000,3750,09/04/2026
Tamil Nadu,Sivaganga,Sivagangai (Uzhavar Sandhai ) APMC,Mango(Raw-Ripe),Mango - Raw-Ripe,Local,2000,2200,2100,09/04/2026
Tamil Nadu,Sivaganga,Devakottai (Uzhavar Sandhai ) APMC,Mango(Raw-Ripe),Mango - Raw-Ripe,Local,1500,2000,1750,09/04/2026
Tamil Nadu,Thanjavur,Pattukottai(Uzhavar Sandhai ) APMC,Mango(Raw-Ripe),Mango - Raw-Ripe,Local,3500,5000,4250,09/04/2026
Tamil Nadu,Theni,Theni(Uzhavar Sandhai ) APMC,Mango(Raw-Ripe),Mango - Raw-Ripe,Local,2500,2500,2500,09/04/2026
Tamil Nadu,Theni,Kambam(Uzhavar Sandhai ) APMC,Mango(Raw-Ripe),Mango - Raw-Ripe,Local,2500,2500,2500,09/04/2026
Tamil Nadu,Thiruvarur,Muthupettai(Uzhavar Sandhai ) APMC,Mango(Raw-Ripe),Mango - Raw-Ripe,Local,4000,4000,4000,09/04/2026
Tamil Nadu,Thiruvarur,Mannargudi II(Uzhavar Sandhai ) APMC,Mango(Raw-Ripe),Mango - Raw-Ripe,Local,2400,3400,2900,09/04/2026
Tamil Nadu,Thiruvannamalai,Polur(Uzhavar Sandhai ) APMC,Mango(Raw-Ripe),Mango - Raw-Ripe,Local,3300,4000,3650,09/04/2026
Tamil Nadu,Thiruvannamalai,Vandavasi(Uzhavar Sandhai ) APMC,Mango(Raw-Ripe),Mango - Raw-Ripe,Local,4000,5000,4500,09/04/2026
Tamil Nadu,Thiruvannamalai,Tamarainagar(Uzhavar Sandhai ) APMC,Mango(Raw-Ripe),Mango - Raw-Ripe,Local,2000,2500,2250,09/04/2026
Tamil Nadu,Pudukkottai,Ponnamaravathi(Uzhavar Sandhai),Mango(Raw-Ripe),Mango - Raw-Ripe,Local,3500,4000,3750,09/04/2026
Tamil Nadu,Namakkal,Paramathivelur(Uzhavar Sandhai ) APMC,Mango(Raw-Ripe),Mango - Raw-Ripe,Local,3500,4000,3750,09/04/2026
Tamil Nadu,Salem,Thammampatti (Uzhavar Sandhai ) APMC,Mango(Raw-Ripe),Mango - Raw-Ripe,Local,3000,4000,3500,09/04/2026
Tamil Nadu,Villupuram,Ulundurpettai APMC,Mango(Raw-Ripe),Mango - Raw-Ripe,Local,8000,8000,8000,09/04/2026
Tamil Nadu,Thiruvannamalai,Cheyyar(Uzhavar Sandhai ) APMC,Mango(Raw-Ripe),Mango - Raw-Ripe,Local,4000,5000,4500,09/04/2026
Tamil Nadu,Karur,Karur(Uzhavar Sandhai ) APMC,Mango(Raw-Ripe),Mango - Raw-Ripe,Local,3500,4000,3750,09/04/2026
Tamil Nadu,Cuddalore,Viruthachalam(Uzhavar Sandhai ) APMC,Mango(Raw-Ripe),Mango - Raw-Ripe,Local,4000,4000,4000,09/04/2026
Tamil Nadu,Dindigul,Dindigul(Uzhavar Sandhai ) APMC,Mango(Raw-Ripe),Mango - Raw-Ripe,Local,2500,3000,2750,09/04/2026
Tamil Nadu,Karur,Kulithalai(Uzhavar Sandhai ) APMC,Mango(Raw-Ripe),Mango - Raw-Ripe,Local,3000,4000,3500,09/04/2026
Tamil Nadu,Karur,Vengamedu(Uzhavar Sandhai ) APMC,Mango(Raw-Ripe),Mango - Raw-Ripe,Local,3500,4000,3750,09/04/2026
Tamil Nadu,Krishnagiri,Hosur(Uzhavar Sandhai ) APMC,Mango(Raw-Ripe),Mango - Raw-Ripe,Local,3500,4000,3750,09/04/2026
Tamil Nadu,Krishnagiri,Krishnagiri(Uzhavar Sandhai ) APMC,Mango(Raw-Ripe),Mango - Raw-Ripe,Local,3000,4000,3500,09/04/2026
Tamil Nadu,Madurai,Chokkikulam(Uzhavar Sandhai ) APMC,Mango(Raw-Ripe),Mango - Raw-Ripe,Local,1600,2000,1800,09/04/2026
Tamil Nadu,Madurai,Anaiyur(Uzhavar Sandhai ) APMC,Mango(Raw-Ripe),Mango - Raw-Ripe,Local,1600,2000,1800,09/04/2026
Tamil Nadu,Namakkal,Namakkal(Uzhavar Sandhai ) APMC,Mango(Raw-Ripe),Mango - Raw-Ripe,Local,2500,2800,2650,09/04/2026
Tamil Nadu,Namakkal,Rasipuram(Uzhavar Sandhai ) APMC,Mango(Raw-Ripe),Mango - Raw-Ripe,Local,3000,4000,3500,09/04/2026
Tamil Nadu,Perambalur,Perambalur(Uzhavar Sandhai ) APMC,Mango(Raw-Ripe),Mango - Raw-Ripe,Local,3000,3600,3300,09/04/2026
Tamil Nadu,Vellore,Kahithapattarai(Uzhavar Sandhai ) APMC,Mango(Raw-Ripe),Mango - Raw-Ripe,Local,3500,3500,3500,09/04/2026
Tamil Nadu,Villupuram,Villupuram(Uzhavar Sandhai ) APMC,Mango(Raw-Ripe),Mango - Raw-Ripe,Local,4000,4000,4000,09/04/2026
Tamil Nadu,Chengalpattu,Jameenrayapettai(Uzhavar Sandhai ) APMC,Mango(Raw-Ripe),Mango - Raw-Ripe,Local,3500,4000,3750,09/04/2026
Tamil Nadu,Ranipet,Ranipettai(Uzhavar Sandhai ) APMC,Mango(Raw-Ripe),Mango - Raw-Ripe,Local,3000,4000,3500,09/04/2026
Tamil Nadu,Kallakuruchi,Sankarapuram(Uzhavar Sandhai ) APMC,Mango(Raw-Ripe),Mango - Raw-Ripe,Local,4000,4000,4000,09/04/2026
Tamil Nadu,Pudukkottai,Karambakkudi(Uzhavar Sandhai ) APMC,Mango(Raw-Ripe),Mango - Raw-Ripe,Local,4000,5000,4500,09/04/2026
Tamil Nadu,Salem,Sooramangalam(Uzhavar Sandhai ) APMC,Mango(Raw-Ripe),Mango - Raw-Ripe,Local,2000,3000,2500,09/04/2026
Tamil Nadu,Salem,Hasthampatti(Uzhavar Sandhai ) APMC,Mango(Raw-Ripe),Mango - Raw-Ripe,Local,2500,3000,2750,09/04/2026
Tamil Nadu,Thirunelveli,NGO Colony(Uzhavar Sandhai ) APMC,Mango(Raw-Ripe),Mango - Raw-Ripe,Local,2000,3000,2500,09/04/2026
Tamil Nadu,Thiruvarur,Mannargudi I(Uzhavar Sandhai ) APMC,Mango(Raw-Ripe),Mango - Raw-Ripe,Local,2400,3400,2900,09/04/2026
Tamil Nadu,Thiruchirappalli,Manapparai(Uzhavar Sandhai ) APMC,Mango(Raw-Ripe),Mango - Raw-Ripe,Local,3500,3500,3500,09/04/2026
Tamil Nadu,Thiruchirappalli,Musiri(Uzhavar Sandhai ) APMC,Mango(Raw-Ripe),Mango - Raw-Ripe,Local,2500,3000,2750,09/04/2026
Madhya Pradesh,Indore,Indore(F&V) APMC,Mango,Other,Local,6000,15000,9000,09/04/2026
Maharashtra,Sangli,Aatpadi APMC,Mango,Other,Local,12100,12100,12100,09/04/2026
Maharashtra,Ahmednagar,Ahmednagar APMC,Mango,Other,Local,10000,12000,11000,09/04/2026
Maharashtra,Chattrapati Sambhajinagar,Chattrapati Sambhajinagar APMC,Mango,Other,Local,9000,10000,9500,09/04/2026
Maharashtra,Amarawati,Amrawati(Frui & Veg. Market) APMC,Mango,Totapuri,Local,5000,6000,5500,09/04/2026
Maharashtra,Mumbai,Mumbai- Fruit Market APMC,Mango,Hapus(Alphaso),Local,48500,53000,50750,09/04/2026
Maharashtra,Sangli,"Sangli(Phale, Bhajipura Market) APMC",Mango,Hapus(Alphaso),Local,10000,40000,25000,09/04/2026
Maharashtra,Sholapur,Solapur APMC,Mango,Other,Local,5500,7000,6000,09/04/2026
Maharashtra,Jalgaon,Jalgaon APMC,Mango(Raw-Ripe),Other,Local,1500,2200,1800,09/04/2026
Maharashtra,Pune,Pune(Manjri) APMC,Mango(Raw-Ripe),Other,Local,3000,4000,3500,09/04/2026
Maharashtra,Ahmednagar,Rahata APMC,Mango(Raw-Ripe),Other,Local,2000,3000,2500,09/04/2026
Maharashtra,Pune,Pune APMC,Mango(Raw-Ripe),Other,Local,1000,3000,2000,09/04/2026
Maharashtra,Chattrapati Sambhajinagar,Chattrapati Sambhajinagar APMC,Mango(Raw-Ripe),Other,Local,1200,2000,1600,09/04/2026
Maharashtra,Jalgaon,Bhusaval APMC,Mango(Raw-Ripe),Other,Local,2500,3500,3000,09/04/2026
Maharashtra,Mumbai,Mumbai APMC,Mango(Raw-Ripe),Other,Local,2000,4000,3000,09/04/2026
Maharashtra,Nagpur,Nagpur APMC,Mango(Raw-Ripe),Other,Local,2000,2500,2325,09/04/2026
Maharashtra,Amarawati,Amrawati(Frui & Veg. Market) APMC,Mango(Raw-Ripe),Other,Local,3000,4000,3500,09/04/2026
Maharashtra,Pune,Pune(Pimpri) APMC,Mango(Raw-Ripe),Other,Local,3000,3000,3000,09/04/2026
Maharashtra,Ahmednagar,Ahmednagar APMC,Mango(Raw-Ripe),Other,Local,2500,4000,3250,09/04/2026
Maharashtra,Ahmednagar,Shrirampur APMC,Mango(Raw-Ripe),Other,Local,2000,3000,2550,09/04/2026
Rajasthan,Jaipur,Jaipur (F&V) APMC,Mango,Safeda,Medium,6000,18000,12000,09/04/2026
Rajasthan,Ganganagar,Sriganganagar (F&V) APMC,Mango,Badami,Grade B,13800,14200,14000,09/04/2026
Rajasthan,Ajmer,Ajmer(F&V) APMC,Mango,Other,Medium,4000,8000,6000,09/04/2026
Rajasthan,Ganganagar,Sriganganagar (F&V) APMC,Mango(Raw-Ripe),Mango - Raw-Ripe,Grade A,5300,5700,5500,09/04/2026
Rajasthan,Ajmer,Ajmer(F&V) APMC,Mango(Raw-Ripe),Other,Medium,1500,2500,2100,09/04/2026
Rajasthan,Jaipur,Jaipur (F&V) APMC,Mango(Raw-Ripe),Other,FAQ,3000,3500,3250,09/04/2026
Rajasthan,Jalore,Jalore APMC,Mango(Raw-Ripe),Mango - Raw-Ripe,Local,3500,4000,3800,09/04/2026
Gujarat,Rajkot,Gondal(Veg.market Gondal) APMC,Mango,Keshar,Local,5000,17000,11000,09/04/2026
Gujarat,Mehsana,Mehsana(Mehsana Veg) APMC,Mango,Badami,Local,3000,9000,6500,09/04/2026
Gujarat,Surat,Songadh APMC,Mango,Other,Grade A,1500,4500,3000,09/04/2026
Gujarat,Mehsana,Mehsana(Mehsana Veg) APMC,Mango,Keshar,Local,3000,11500,9000,09/04/2026
Gujarat,Porbandar,Porbandar APMC,Mango,Keshar,Grade A,7000,18000,12500,09/04/2026
Gujarat,Mehsana,Mehsana(Mehsana Veg) APMC,Mango,Other,Local,500,5000,2500,09/04/2026
Gujarat,Banaskanth,Deesa(Deesa Veg Yard) APMC,Mango,Other,Medium,5000,8250,6625,09/04/2026
Gujarat,Surat,Surat APMC,Mango(Raw-Ripe),Other,FAQ,2000,7250,4625,09/04/2026
Gujarat,Ahmedabad,Ahmedabad APMC,Mango(Raw-Ripe),Other,FAQ,1800,4200,2900,09/04/2026
Punjab,Patiala,Patiala APMC,Mango,Other,Grade A,8500,10000,9000,09/04/2026
Punjab,Patiala,Nabha APMC,Mango,Other,Grade B,8000,11000,9100,09/04/2026
Punjab,Fazilka,Jalalabad APMC,Mango,Other,Medium,12500,13000,12700,09/04/2026
Punjab,Ropar (Rupnagar),Morinda APMC,Mango,Dusheri,Medium,9000,9000,9000,09/04/2026
Punjab,Ropar (Rupnagar),Ropar APMC,Mango,Safeda,Medium,10000,12000,11000,09/04/2026
Punjab,Ludhiana,Ludhiana APMC,Mango,Other,Medium,4000,10000,6000,09/04/2026
Punjab,Sangrur,Bhawanigarh APMC,Mango,Other,Medium,12000,12000,12000,09/04/2026
Punjab,Patiala,Patran APMC,Mango,Other,Grade A,10540,10540,10540,09/04/2026
Punjab,Nawanshahr,Nawan Shahar(Subzi Mandi) APMC,Mango,Other,Medium,10000,11000,10700,09/04/2026
Punjab,Hoshiarpur,Garh Shankar APMC,Mango,Other,Medium,8500,8500,8500,09/04/2026
Kerala,Ernakulam,Thrippunithura APMC,Mango(Raw-Ripe),Mango - Raw-Ripe,Local,4000,5000,4200,09/04/2026
Kerala,Palakad,Koduvayoor APMC,Mango(Raw-Ripe),Mango - Raw-Ripe,Medium,3400,3800,3600,09/04/2026
Kerala,Malappuram,Parappanangadi APMC,Mango(Raw-Ripe),Mango - Raw-Ripe,Grade A,2800,3000,2900,09/04/2026
Kerala,Ernakulam,Perumbavoor APMC,Mango(Raw-Ripe),Mango - Raw-Ripe,Medium,3500,4500,4000,09/04/2026
Kerala,Ernakulam,Piravam APMC,Mango(Raw-Ripe),Mango - Raw-Ripe,Local,4500,5500,5000,09/04/2026
Kerala,Alappuzha,Chengannur APMC,Mango(Raw-Ripe),Mango - Raw-Ripe,FAQ,3900,4200,4000,09/04/2026
Kerala,Kottayam,Ettumanoor APMC,Mango(Raw-Ripe),Mango - Raw-Ripe,FAQ,3200,3600,3400,09/04/2026
Kerala,Kottayam,Kuruppanthura APMC,Mango(Raw-Ripe),Other,Local,5000,5000,5000,09/04/2026
Tamil Nadu,Coimbatore,Vadavalli(Uzhavar Sandhai ) APMC,Pomegranate,Pomogranate,Local,21000,23000,22000,09/04/2026
Tamil Nadu,Salem,Sooramangalam(Uzhavar Sandhai ) APMC,Pomegranate,Pomogranate,Local,15000,18000,16500,09/04/2026
Tamil Nadu,Thiruvannamalai,Tiruvannamalai(Uzhavar Sandhai ) APMC,Pomegranate,Pomogranate,Local,18000,20000,19000,09/04/2026
Tamil Nadu,Thiruvannamalai,Keelpennathur(Uzhavar Sandhai ) APMC,Pomegranate,Pomogranate,Local,12000,15000,13500,09/04/2026
Tamil Nadu,Madurai,Chokkikulam(Uzhavar Sandhai ) APMC,Pomegranate,Pomogranate,Local,24000,27000,25500,09/04/2026
Tamil Nadu,Chengalpattu,Guduvancheri(Uzhavar Sandhai ) APMC,Pomegranate,Pomogranate,Local,25000,30000,27500,09/04/2026
Tamil Nadu,Krishnagiri,Hosur(Uzhavar Sandhai ) APMC,Pomegranate,Pomogranate,Local,15000,20000,17500,09/04/2026
Tamil Nadu,Thirunelveli,Palayamkottai(Uzhavar Sandhai ) APMC,Pomegranate,Pomogranate,Local,18000,22000,20000,09/04/2026
Tamil Nadu,Salem,Ammapet(Uzhavar Sandhai ) APMC,Pomegranate,Pomogranate,Local,20000,24000,22000,09/04/2026
Tamil Nadu,Vellore,Kahithapattarai(Uzhavar Sandhai ) APMC,Pomegranate,Pomogranate,Local,22000,22000,22000,09/04/2026
Tamil Nadu,Chengalpattu,Nanganallur(Uzhavar Sandhai ) APMC,Pomegranate,Pomogranate,Local,12000,15000,13500,09/04/2026
Tamil Nadu,Salem,Jalagandapuram(Uzhavar Sandhai ) APMC,Pomegranate,Pomogranate,Local,20000,23000,21500,09/04/2026
Tamil Nadu,Thiruvarur,Mannargudi I(Uzhavar Sandhai ) APMC,Pomegranate,Pomogranate,Local,20000,22000,21000,09/04/2026
Tamil Nadu,Thiruchirappalli,KKNagar(Uzhavar Sandhai ) APMC,Pomegranate,Pomogranate,Local,26000,26000,26000,09/04/2026
Tamil Nadu,Erode,Sampath Nagar(Uzhavar Sandhai ) APMC,Pomegranate,Pomogranate,Local,22000,23000,22500,09/04/2026
Tamil Nadu,Coimbatore,RSPuram(Uzhavar Sandhai ) APMC,Pomegranate,Pomogranate,Local,22000,23000,22500,09/04/2026
Tamil Nadu,Coimbatore,Singanallur(Uzhavar Sandhai ) APMC,Pomegranate,Pomogranate,Local,22000,23000,22500,09/04/2026
Tamil Nadu,Kancheepuram,Padappai(Uzhavar Sandhai ) APMC,Pomegranate,Pomogranate,Local,12000,18000,15000,09/04/2026
Tamil Nadu,Madurai,Anaiyur(Uzhavar Sandhai ) APMC,Pomegranate,Pomogranate,Local,24000,27000,25500,09/04/2026
Tamil Nadu,The Nilgiris,Udhagamandalam(Uzhavar Sandhai ) APMC,Pomegranate,Pomogranate,Local,20000,22000,21000,09/04/2026
Tamil Nadu,Salem,Thathakapatti(Uzhavar Sandhai ) APMC,Pomegranate,Pomogranate,Local,16000,20000,18000,09/04/2026
Tamil Nadu,Vellore,Vellore APMC,Pomegranate,Pomogranate,Local,20000,20000,20000,09/04/2026
Tamil Nadu,Kancheepuram,Kundrathur(Uzhavar Sandhai ) APMC,Pomegranate,Pomogranate,Local,16000,18000,17000,09/04/2026
Tamil Nadu,Madurai,Anna nagar(Uzhavar Sandhai ) APMC,Pomegranate,Pomogranate,Local,23000,27000,25000,09/04/2026
Tamil Nadu,Madurai,Palanganatham(Uzhavar Sandhai ) APMC,Pomegranate,Pomogranate,Local,20000,27000,23500,09/04/2026
Tamil Nadu,Perambalur,Perambalur(Uzhavar Sandhai ) APMC,Pomegranate,Pomogranate,Local,20000,22000,21000,09/04/2026
Tamil Nadu,Virudhunagar,Aruppukottai(Uzhavar Sandhai ) APMC,Pomegranate,Pomogranate,Local,16000,18000,17000,09/04/2026
Tamil Nadu,Nagercoil (Kannyiakumari),Myladi(Uzhavar Sandhai ) APMC,Pomegranate,Pomogranate,Local,16000,17000,16500,09/04/2026
Tamil Nadu,Tuticorin,Tuticorin(Uzhavar Sandhai ) APMC,Pomegranate,Pomogranate,Local,24000,25000,24500,09/04/2026
Tamil Nadu,Salem,Hasthampatti(Uzhavar Sandhai ) APMC,Pomegranate,Pomogranate,Local,19000,20000,19500,09/04/2026
Tamil Nadu,Thanjavur,Thanjavur(Uzhavar Sandhai ) APMC,Pomegranate,Pomogranate,Local,20000,20000,20000,09/04/2026
Tamil Nadu,Thiruvellore,Paruthipattu(Uzhavar Sandhai ) APMC,Pomegranate,Pomogranate,Local,18000,18000,18000,09/04/2026
Madhya Pradesh,Indore,Indore(F&V) APMC,Pomegranate,Pomogranate,Local,3000,9000,6000,09/04/2026
Uttar Pradesh,Kanpur Dehat,Pukharayan APMC,Pomegranate,Pomogranate,Grade B,7500,7550,7530,09/04/2026
Uttar Pradesh,Etawah,Jasvantnagar APMC,Pomegranate,Pomogranate,Medium,8015,8115,8065,09/04/2026
Uttar Pradesh,Lalitpur,Lalitpur APMC,Pomegranate,Other,Medium,7950,8050,8000,09/04/2026
Karnataka,Kalburgi,Kalburgi APMC,Pomegranate,Pomogranate,Local,2400,5400,3900,09/04/2026
Karnataka,Bangalore,"Binny Mill (F&V), Bangalore APMC",Pomegranate,Pomogranate,Large,12000,19000,15000,09/04/2026
Karnataka,Bangalore,Hoskote APMC,Pomegranate,Pomogranate,Medium,8000,10000,9000,09/04/2026
Gujarat,Rajkot,Gondal(Veg.market Gondal) APMC,Pomegranate,Pomogranate,Local,1500,7500,4500,09/04/2026
Gujarat,Porbandar,Porbandar APMC,Pomegranate,Other,Grade A,6000,12000,9000,09/04/2026
Haryana,Sonipat,Gohana APMC,Pomegranate,Pomogranate,Medium,10000,12000,11000,09/04/2026
Haryana,Sonipat,Sonepat APMC,Pomegranate,Other,Medium,8500,9000,8500,09/04/2026
Haryana,Mahendragarh-Narnaul,Narnaul APMC,Pomegranate,Pomogranate,Medium,11000,13500,13500,09/04/2026
Haryana,Mahendragarh-Narnaul,Mohindergarh APMC,Pomegranate,Pomogranate,Medium,7000,8000,7000,09/04/2026
Haryana,Faridabad,Ballabhgarh APMC,Pomegranate,Other,Grade A,7000,9000,8500,09/04/2026
Haryana,Panipat,Panipat APMC,Pomegranate,Pomogranate,Local,6000,8000,7000,09/04/2026
Haryana,Yamuna Nagar,Jagadhri APMC,Pomegranate,Pomogranate,Medium,7500,14500,14500,09/04/2026
Haryana,Hissar,Barwala(Hisar) APMC,Pomegranate,Pomogranate,Local,14000,16000,15000,09/04/2026
Haryana,Ambala,Ambala Cantt. APMC,Pomegranate,Pomogranate,Grade B,7000,11000,9500,09/04/2026
Haryana,Faridabad,Faridabad APMC,Pomegranate,Pomogranate,Grade B,10000,10000,10000,09/04/2026
Haryana,Kurukshetra,Thanesar APMC,Pomegranate,Pomogranate,Medium,10000,16000,13000,09/04/2026
West Bengal,Kolkata,Mechua APMC,Pomegranate,Other,Grade A,10800,12300,11500,09/04/2026
Telangana,Hyderabad,Gaddiannaram APMC,Pomegranate,Pomogranate,Medium,1000,15000,3000,09/04/2026
Uttarakhand,Haridwar,Haridwar Union APMC,Pomegranate,Pomogranate,Grade C,7000,8500,7500,09/04/2026
Uttarakhand,Udhamsinghnagar,Kashipur APMC,Pomegranate,Other,Local,6000,6000,6000,09/04/2026
Uttarakhand,Udhamsinghnagar,Rudrapur APMC,Pomegranate,Other,Medium,5000,7000,6000,09/04/2026
Uttarakhand,Dehradoon,Rishikesh APMC,Pomegranate,Other,Medium,5000,7200,6550,09/04/2026
Himachal Pradesh,Bilaspur,PMY Bilaspur,Pomegranate,Pomogranate,Grade C,15000,19000,16000,09/04/2026
Himachal Pradesh,Mandi,SMY Dhanotu,Pomegranate,Pomogranate,Medium,12000,16000,14000,09/04/2026
Himachal Pradesh,Hamirpur,SMY Nadaun,Pomegranate,Pomogranate,Grade B,14000,16000,15500,09/04/2026
Himachal Pradesh,Kangra,SMY Baijnath,Pomegranate,Pomogranate,Grade B,13000,14500,14000,09/04/2026
Himachal Pradesh,Solan,PMY Kather Solan,Pomegranate,Other,Medium,9000,16000,12000,09/04/2026
Himachal Pradesh,Chamba,PMY Chamba,Pomegranate,Other,Medium,10000,12000,11000,09/04/2026
Himachal Pradesh,Mandi,PMY Kangni Mandi,Pomegranate,Pomogranate,Grade B,15000,16000,15500,09/04/2026
Himachal Pradesh,Una,PMY Una,Pomegranate,Pomogranate,Grade B,14000,16000,15000,09/04/2026
Himachal Pradesh,Hamirpur,PMY Hamirpur,Pomegranate,Other,Grade B,14000,17000,15500,09/04/2026
Himachal Pradesh,Kangra,SMY Palampur,Pomegranate,Pomogranate,Medium,12500,15000,13500,09/04/2026
Himachal Pradesh,Kangra,SMY Dharamshala,Pomegranate,Pomogranate,Medium,14000,16000,15000,09/04/2026
Tamil Nadu,Vellore,Vellore APMC,Grapes,Annabesahai,Local,11000,11000,11000,09/04/2026
Tamil Nadu,Thirunelveli,Palayamkottai(Uzhavar Sandhai ) APMC,Grapes,Annabesahai,Local,9000,10000,9500,09/04/2026
Tamil Nadu,Kancheepuram,Kundrathur(Uzhavar Sandhai ) APMC,Grapes,Annabesahai,Local,8000,8000,8000,09/04/2026
Tamil Nadu,Chengalpattu,Guduvancheri(Uzhavar Sandhai ) APMC,Grapes,Annabesahai,Local,10000,11000,10500,09/04/2026
Tamil Nadu,Madurai,Anna nagar(Uzhavar Sandhai ) APMC,Grapes,Annabesahai,Local,10000,11000,10500,09/04/2026
Tamil Nadu,Madurai,Anaiyur(Uzhavar Sandhai ) APMC,Grapes,Annabesahai,Local,11000,15000,13000,09/04/2026
Tamil Nadu,Erode,Sampath Nagar(Uzhavar Sandhai ) APMC,Grapes,Annabesahai,Local,9500,12000,10750,09/04/2026
Tamil Nadu,Vellore,Katpadi (Uzhavar Sandhai ) APMC,Grapes,Annabesahai,Local,12000,12000,12000,09/04/2026
Tamil Nadu,Nagercoil (Kannyiakumari),Myladi(Uzhavar Sandhai ) APMC,Grapes,Annabesahai,Local,9000,10000,9500,09/04/2026
Tamil Nadu,Madurai,Chokkikulam(Uzhavar Sandhai ) APMC,Grapes,Annabesahai,Local,14000,15000,14500,09/04/2026
Tamil Nadu,Madurai,Palanganatham(Uzhavar Sandhai ) APMC,Grapes,Annabesahai,Local,10000,15000,12500,09/04/2026
Tamil Nadu,Salem,Sooramangalam(Uzhavar Sandhai ) APMC,Grapes,Annabesahai,Local,7000,8000,7500,09/04/2026
Tamil Nadu,Salem,Hasthampatti(Uzhavar Sandhai ) APMC,Grapes,Annabesahai,Local,11000,12000,11500,09/04/2026
Tamil Nadu,Theni,Theni(Uzhavar Sandhai ) APMC,Grapes,Annabesahai,Local,12000,20000,16000,09/04/2026
Tamil Nadu,Coimbatore,RSPuram(Uzhavar Sandhai ) APMC,Grapes,Annabesahai,Local,8000,20000,14000,09/04/2026
Tamil Nadu,Coimbatore,Vadavalli(Uzhavar Sandhai ) APMC,Grapes,Annabesahai,Local,8000,9000,8500,09/04/2026
Tamil Nadu,Kancheepuram,Kancheepuram(Uzhavar Sandhai ) APMC,Grapes,Annabesahai,Local,8000,10000,9000,09/04/2026
Tamil Nadu,The Nilgiris,Udhagamandalam(Uzhavar Sandhai ) APMC,Grapes,Annabesahai,Local,10000,11000,10500,09/04/2026
Tamil Nadu,Perambalur,Perambalur(Uzhavar Sandhai ) APMC,Grapes,Annabesahai,Local,8000,12000,10000,09/04/2026
Tamil Nadu,Chengalpattu,Jameenrayapettai(Uzhavar Sandhai ) APMC,Grapes,Annabesahai,Local,10000,12000,11000,09/04/2026
Tamil Nadu,Thanjavur,Thanjavur(Uzhavar Sandhai ) APMC,Grapes,Annabesahai,Local,12000,12000,12000,09/04/2026
Tamil Nadu,Thiruvarur,Mannargudi I(Uzhavar Sandhai ) APMC,Grapes,Annabesahai,Local,9000,12000,10500,09/04/2026
Tamil Nadu,Thiruchirappalli,KKNagar(Uzhavar Sandhai ) APMC,Grapes,Annabesahai,Local,8000,10000,9000,09/04/2026
Tamil Nadu,Coimbatore,Singanallur(Uzhavar Sandhai ) APMC,Grapes,Annabesahai,Local,8000,9000,8500,09/04/2026
Tamil Nadu,Kancheepuram,Padappai(Uzhavar Sandhai ) APMC,Grapes,Annabesahai,Local,12000,14000,13000,09/04/2026
Tamil Nadu,Krishnagiri,Hosur(Uzhavar Sandhai ) APMC,Grapes,Annabesahai,Local,8000,10000,9000,09/04/2026
Tamil Nadu,Ranipet,Ranipettai(Uzhavar Sandhai ) APMC,Grapes,Annabesahai,Local,12000,12000,12000,09/04/2026
Tamil Nadu,Tuticorin,Tuticorin(Uzhavar Sandhai ) APMC,Grapes,Annabesahai,Local,9000,10000,9500,09/04/2026
Tamil Nadu,Thiruvannamalai,Tiruvannamalai(Uzhavar Sandhai ) APMC,Grapes,Annabesahai,Local,10000,12000,11000,09/04/2026
Tamil Nadu,Thiruchirappalli,Manapparai(Uzhavar Sandhai ) APMC,Grapes,Annabesahai,Local,8000,8000,8000,09/04/2026
Madhya Pradesh,Indore,Indore(F&V) APMC,Grapes,Green,Local,2500,8000,5000,09/04/2026
Madhya Pradesh,Burhanpur,Burhanpur(F&V) APMC,Grapes,Other,Grade A,6500,8000,7500,09/04/2026
Maharashtra,Amarawati,Amrawati(Frui & Veg. Market) APMC,Grapes,Other,Local,5000,8000,6500,09/04/2026
Maharashtra,Chattrapati Sambhajinagar,Chattrapati Sambhajinagar APMC,Grapes,Other,Local,6000,8500,7250,09/04/2026
Maharashtra,Jalgaon,Jalgaon APMC,Grapes,Other,Local,5000,8000,7000,09/04/2026
Maharashtra,Pune,Pune(Manjri) APMC,Grapes,Other,Local,5000,7000,6000,09/04/2026
Maharashtra,Ahmednagar,Rahata APMC,Grapes,Other,Local,3500,3500,3500,09/04/2026
Maharashtra,Mumbai,Mumbai- Fruit Market APMC,Grapes,Other,Local,8000,11000,9500,09/04/2026
Maharashtra,Pune,Pune APMC,Grapes,Other,Local,2000,10000,6000,09/04/2026
Maharashtra,Dharashiv(Usmanabad),Dharashiv APMC,Grapes,Other,Local,1500,4500,3000,09/04/2026
Maharashtra,Ahmednagar,Ahmednagar APMC,Grapes,Other,Local,3250,6000,5500,09/04/2026
Maharashtra,Sangli,Sangli APMC,Dry Grapes,Other,Local,22500,42100,32300,09/04/2026
Uttar Pradesh,Etawah,Jasvantnagar APMC,Grapes,Green,Medium,5560,5660,5610,09/04/2026
Uttar Pradesh,Shamli,Khandhla APMC,Grapes,Green,Medium,5300,5380,5340,09/04/2026
Uttar Pradesh,Lalitpur,Lalitpur APMC,Grapes,Other,Medium,7450,7550,7500,09/04/2026
Rajasthan,Ganganagar,Sriganganagar (F&V) APMC,Grapes,Green,Grade B,7800,8200,8000,09/04/2026
Rajasthan,Jaipur,Jaipur (F&V) APMC,Grapes,Green,Medium,6000,9000,7500,09/04/2026
Rajasthan,Ajmer,Ajmer(F&V) APMC,Grapes,Other,Medium,5000,8000,6500,09/04/2026
Karnataka,Bangalore,"Binny Mill (F&V), Bangalore APMC",Grapes,Black,Local,4000,6000,5000,09/04/2026
Karnataka,Kalburgi,Kalburgi APMC,Grapes,Green,Local,2000,5000,3500,09/04/2026
Karnataka,Bangalore,"Binny Mill (F&V), Bangalore APMC",Grapes,White,Local,3000,5000,4000,09/04/2026
Karnataka,Bijapur,Bijapur APMC,Dry Grapes,Dry Grapes,Local,17200,17200,17200,09/04/2026
Gujarat,Porbandar,Porbandar APMC,Grapes,Green,Grade A,8000,10000,9000,09/04/2026
Gujarat,Rajkot,Gondal(Veg.market Gondal) APMC,Grapes,Green,Local,6000,13000,9500,09/04/2026
Gujarat,Banaskanth,Deesa(Deesa Veg Yard) APMC,Grapes,Other,Medium,6000,11150,8575,09/04/2026
Haryana,Kurukshetra,Thanesar APMC,Grapes,Other,Medium,6000,12000,9000,09/04/2026
Haryana,Rohtak,Rohtak APMC,Grapes,Other,Medium,5000,10000,7000,09/04/2026
Haryana,Rohtak,Meham APMC,Grapes,Other,Medium,6000,6000,6000,09/04/2026
Haryana,Kaithal,Cheeka APMC,Grapes,Other,Medium,7000,7000,7000,09/04/2026
Haryana,Kurukshetra,Ladwa APMC,Grapes,Green,Medium,9000,10000,10000,09/04/2026
Haryana,Hissar,Barwala(Hisar) APMC,Grapes,Other,Local,8000,10000,9000,09/04/2026
Haryana,Faridabad,Faridabad APMC,Grapes,Other,Grade B,8000,8000,8000,09/04/2026
Haryana,Hissar,Hansi APMC,Grapes,Other,Grade Range-2,6000,10000,8000,09/04/2026
Haryana,Rohtak,Sampla APMC,Grapes,Other,Local,6000,6000,6000,09/04/2026
Haryana,Sonipat,Ganaur APMC,Grapes,White,Medium,5500,6000,5800,09/04/2026
Haryana,Mewat,Tauru APMC,Grapes,Other,Medium,10000,10000,10000,09/04/2026
Haryana,Panipat,Panipat APMC,Grapes,Other,Local,4000,6000,5000,09/04/2026
Haryana,Mahendragarh-Narnaul,Mohindergarh APMC,Grapes,Green,Medium,5000,7000,5000,09/04/2026
Haryana,Yamuna Nagar,Jagadhri APMC,Grapes,Other,Medium,5000,8000,8000,09/04/2026
Haryana,Hissar,Uklana APMC,Grapes,Green,Medium,4500,5000,5000,09/04/2026
Haryana,Ambala,Ambala Cantt. APMC,Grapes,Green,Grade B,6000,7000,6500,09/04/2026
Haryana,Sonipat,Gohana APMC,Grapes,Other,Medium,8000,10000,9000,09/04/2026
Haryana,Mahendragarh-Narnaul,Narnaul APMC,Grapes,Green,Medium,9000,10000,10000,09/04/2026
Haryana,Jind,Narwana APMC,Grapes,Indian,Local,12000,12000,12000,09/04/2026
Haryana,Ambala,Naraingarh APMC,Grapes,Green,Medium,6000,6000,6000,09/04/2026
Punjab,Ropar (Rupnagar),Ropar APMC,Grapes,Green,Medium,7000,7500,7200,09/04/2026
Punjab,Patiala,Nabha APMC,Grapes,Other,Grade B,8000,12000,9500,09/04/2026
Punjab,Fatehgarh,Bassi Pathana APMC,Grapes,White,Medium,6000,7000,6500,09/04/2026
Punjab,Jalandhar,Jalandhar City(Jalandhar) APMC,Grapes,Other,Medium,2000,4500,3500,09/04/2026
Punjab,Ludhiana,Ludhiana APMC,Grapes,Other,Medium,4000,6000,5000,09/04/2026
Punjab,Mohali,Banur APMC,Grapes,Other,Grade B,7400,7400,7400,09/04/2026
Punjab,Ropar (Rupnagar),Morinda APMC,Grapes,Green,Medium,5000,5000,5000,09/04/2026
Punjab,Nawanshahr,Nawan Shahar(Subzi Mandi) APMC,Grapes,Indian,Medium,9000,9500,9300,09/04/2026
Punjab,Hoshiarpur,Garh Shankar(Mahalpur) APMC,Grapes,Green,Medium,7000,7000,7000,09/04/2026
Punjab,Fazilka,Jalalabad APMC,Grapes,Other,Medium,5500,6000,5700,09/04/2026
Punjab,Mohali,Kharar APMC,Grapes,Other,Medium,7000,9000,8000,09/04/2026
Punjab,Sangrur,Lehra Gaga APMC,Grapes,Other,Grade A,12000,12000,12000,09/04/2026
Punjab,Ludhiana,Khanna APMC,Grapes,Green,Grade A,6000,6000,6000,09/04/2026
Punjab,Patiala,Patran APMC,Grapes,Other,Grade A,8345,8345,8345,09/04/2026
Punjab,Sangrur,Dhuri APMC,Grapes,Green,Medium,8500,10200,9500,09/04/2026
Punjab,Ferozpur,Zira APMC,Grapes,Other,Local,6500,6500,6500,09/04/2026
Punjab,Fazilka,Fazilka APMC,Grapes,Green,Medium,12000,12000,12000,09/04/2026
Punjab,Patiala,Patiala APMC,Grapes,Other,Grade B,9000,11000,10000,09/04/2026
Punjab,Gurdaspur,Quadian APMC,Grapes,Other,Grade A,8000,9000,8500,09/04/2026
Punjab,Gurdaspur,Gurdaspur APMC,Grapes,Other,Grade A,6500,6500,6500,09/04/2026
Punjab,Mansa,Mansa APMC,Grapes,Green,Grade A,19990,19990,19990,09/04/2026
Punjab,Hoshiarpur,Garh Shankar APMC,Grapes,Other,Medium,5500,5500,5500,09/04/2026
Punjab,Hoshiarpur,Tanda Urmur APMC,Grapes,Black,Grade A,9000,10000,9500,09/04/2026
Punjab,Hoshiarpur,Tanda Urmur APMC,Grapes,Green,Grade A,7000,8000,7500,09/04/2026
Punjab,Ropar (Rupnagar),Chamkaur Sahib APMC,Grapes,Green,Medium,10000,10000,10000,09/04/2026
Punjab,Mohali,Kurali APMC,Grapes,Other,Medium,6000,7000,6500,09/04/2026
Punjab,Sangrur,Bhawanigarh APMC,Grapes,Green,Medium,9000,10000,9500,09/04/2026
Telangana,Hyderabad,Gaddiannaram APMC,Grapes,Black,Medium,1500,5000,2500,09/04/2026
Telangana,Hyderabad,Gaddiannaram APMC,Grapes,Green,Medium,2500,10000,5000,09/04/2026
Uttarakhand,Udhamsinghnagar,Rudrapur APMC,Grapes,Other,Medium,5000,7000,6000,09/04/2026
Uttarakhand,Dehradoon,Rishikesh APMC,Grapes,Other,Medium,3000,4300,4050,09/04/2026
Uttarakhand,Udhamsinghnagar,Khateema APMC,Grapes,Other,Grade B,3800,4000,3900,09/04/2026
Himachal Pradesh,Solan,SMY Nalagarh,Grapes,Other,Medium,6000,7000,6500,09/04/2026
Himachal Pradesh,Kullu,PMY Kullu,Grapes,Other,Medium,12000,16000,14000,09/04/2026
Himachal Pradesh,Solan,PMY Kather Solan,Grapes,Other,Medium,9000,13000,11500,09/04/2026
Himachal Pradesh,Hamirpur,PMY Hamirpur,Grapes,Green,Grade B,12000,12000,12000,09/04/2026
Himachal Pradesh,Una,SMY Takarla,Grapes,Green,Grade A,8000,11000,9000,09/04/2026
Himachal Pradesh,Hamirpur,SMY Nadaun,Grapes,Green,Grade B,12000,12000,12000,09/04/2026
Himachal Pradesh,Kangra,SMY Baijnath,Grapes,Green,Grade B,12000,14000,13000,09/04/2026
Himachal Pradesh,Una,PMY Una,Grapes,Green,Grade B,8000,12000,10000,09/04/2026
Tamil Nadu,Coimbatore,RSPuram(Uzhavar Sandhai ) APMC,Apple,American,Local,20000,26000,23000,09/04/2026
Tamil Nadu,Nagercoil (Kannyiakumari),Myladi(Uzhavar Sandhai ) APMC,Apple,American,Local,24000,25000,24500,09/04/2026
Tamil Nadu,Madurai,Chokkikulam(Uzhavar Sandhai ) APMC,Apple,American,Local,20000,24000,22000,09/04/2026
Tamil Nadu,Salem,Jalagandapuram(Uzhavar Sandhai ) APMC,Apple,American,Local,18000,20000,19000,09/04/2026
Tamil Nadu,Thirunelveli,Palayamkottai(Uzhavar Sandhai ) APMC,Apple,American,Local,22000,24000,23000,09/04/2026
Tamil Nadu,Thiruvarur,Mannargudi I(Uzhavar Sandhai ) APMC,Apple,American,Local,22000,26000,24000,09/04/2026
Tamil Nadu,Thiruchirappalli,KKNagar(Uzhavar Sandhai ) APMC,Apple,American,Local,30000,30000,30000,09/04/2026
Tamil Nadu,Erode,Sampath Nagar(Uzhavar Sandhai ) APMC,Apple,American,Local,25000,26000,25500,09/04/2026
Tamil Nadu,Kancheepuram,Padappai(Uzhavar Sandhai ) APMC,Apple,American,Local,18000,22000,20000,09/04/2026
Tamil Nadu,Chengalpattu,Guduvancheri(Uzhavar Sandhai ) APMC,Apple,American,Local,24000,28000,26000,09/04/2026
Tamil Nadu,Salem,Sooramangalam(Uzhavar Sandhai ) APMC,Apple,American,Local,16000,18000,17000,09/04/2026
Tamil Nadu,Vellore,Vellore APMC,Apple,American,Local,18000,18000,18000,09/04/2026
Tamil Nadu,The Nilgiris,Udhagamandalam(Uzhavar Sandhai ) APMC,Apple,American,Local,20000,25000,22500,09/04/2026
Tamil Nadu,Chengalpattu,Nanganallur(Uzhavar Sandhai ) APMC,Apple,American,Local,12000,15000,13500,09/04/2026
Tamil Nadu,Chengalpattu,Jameenrayapettai(Uzhavar Sandhai ) APMC,Apple,American,Local,20000,25000,22500,09/04/2026
Tamil Nadu,Thiruvannamalai,Keelpennathur(Uzhavar Sandhai ) APMC,Apple,American,Local,12000,15000,13500,09/04/2026
Tamil Nadu,Coimbatore,Vadavalli(Uzhavar Sandhai ) APMC,Apple,American,Local,24000,26000,25000,09/04/2026
Tamil Nadu,Tuticorin,Tuticorin(Uzhavar Sandhai ) APMC,Apple,American,Local,24000,25000,24500,09/04/2026
Tamil Nadu,Salem,Hasthampatti(Uzhavar Sandhai ) APMC,Apple,American,Local,21000,22000,21500,09/04/2026
Tamil Nadu,Theni,Theni(Uzhavar Sandhai ) APMC,Apple,American,Local,14000,26000,20000,09/04/2026
Tamil Nadu,Krishnagiri,Hosur(Uzhavar Sandhai ) APMC,Apple,American,Local,22000,24000,23000,09/04/2026
Tamil Nadu,Madurai,Palanganatham(Uzhavar Sandhai ) APMC,Apple,American,Local,18000,24000,21000,09/04/2026
Tamil Nadu,Madurai,Anaiyur(Uzhavar Sandhai ) APMC,Apple,American,Local,18000,24000,21000,09/04/2026
Tamil Nadu,Coimbatore,Singanallur(Uzhavar Sandhai ) APMC,Apple,American,Local,22000,24000,23000,09/04/2026
Tamil Nadu,Salem,Ammapet(Uzhavar Sandhai ) APMC,Apple,American,Local,21000,22000,21500,09/04/2026
Tamil Nadu,Vellore,Kahithapattarai(Uzhavar Sandhai ) APMC,Apple,American,Local,28000,28000,28000,09/04/2026
Tamil Nadu,Virudhunagar,Aruppukottai(Uzhavar Sandhai ) APMC,Apple,American,Local,18000,20000,19000,09/04/2026
Tamil Nadu,Kancheepuram,Kundrathur(Uzhavar Sandhai ) APMC,Apple,American,Local,16000,18000,17000,09/04/2026
Tamil Nadu,Madurai,Anna nagar(Uzhavar Sandhai ) APMC,Apple,American,Local,18000,20000,19000,09/04/2026
Tamil Nadu,Perambalur,Perambalur(Uzhavar Sandhai ) APMC,Apple,American,Local,18000,20000,19000,09/04/2026
Tamil Nadu,Thanjavur,Thanjavur(Uzhavar Sandhai ) APMC,Apple,American,Local,20000,20000,20000,09/04/2026
Tamil Nadu,Thiruvannamalai,Tiruvannamalai(Uzhavar Sandhai ) APMC,Apple,American,Local,20000,22000,21000,09/04/2026
Tamil Nadu,Namakkal,Rasipuram(Uzhavar Sandhai ) APMC,Custard Apple(Sharifa),Custard Apple(Sharifa),Local,3500,4000,3750,09/04/2026
Tamil Nadu,Coimbatore,RSPuram(Uzhavar Sandhai ) APMC,Custard Apple(Sharifa),Custard Apple(Sharifa),Local,3500,4000,3750,09/04/2026
Madhya Pradesh,Indore,Indore(F&V) APMC,Apple,Apple,Local,4000,12000,8000,09/04/2026
Maharashtra,Sangli,"Sangli(Phale, Bhajipura Market) APMC",Apple,Other,Local,7000,15000,11000,09/04/2026
Maharashtra,Ahmednagar,Ahmednagar APMC,Apple,Other,Local,12000,20000,16000,09/04/2026
Maharashtra,Pune,Pune APMC,Apple,Other,Local,3000,10000,7000,09/04/2026
Uttar Pradesh,Etawah,Jasvantnagar APMC,Apple,Delicious,Medium,9970,10070,10020,09/04/2026
Uttar Pradesh,Balrampur,Tulsipur APMC,Apple,Kasmir/Shimla - II,Medium,8100,8150,8130,09/04/2026
Uttar Pradesh,Farukhabad,Kayamganj APMC,Apple,Apple,Medium,9600,9600,9600,09/04/2026
Uttar Pradesh,Maharajganj,Anandnagar APMC,Apple,Apple,Medium,7150,7350,7250,09/04/2026
Uttar Pradesh,Kanpur Dehat,Pukharayan APMC,Apple,Delicious,Grade B,9300,9340,9320,09/04/2026
Uttar Pradesh,Lalitpur,Lalitpur APMC,Apple,Other,Medium,8150,8550,8500,09/04/2026
Uttar Pradesh,Sambhal,Sambhal APMC,Apple,Apple,Grade A,7500,9000,8000,09/04/2026
Rajasthan,Jaipur,Jaipur (F&V) APMC,Apple,Other,Medium,5000,20000,12500,09/04/2026
Rajasthan,Ajmer,Ajmer(F&V) APMC,Apple,Other,Medium,4000,9000,6800,09/04/2026
Rajasthan,Ganganagar,Sriganganagar (F&V) APMC,Apple,Apple,Grade B,16300,16700,16500,09/04/2026
Karnataka,Bangalore,Hoskote APMC,Apple,Other,Medium,8000,9000,8500,09/04/2026
Karnataka,Bangalore,"Binny Mill (F&V), Bangalore APMC",Apple,Apple,Large,11000,18000,16000,09/04/2026
Karnataka,Kalburgi,Kalburgi APMC,Apple,Apple,Local,6000,8000,7000,09/04/2026
Gujarat,Porbandar,Porbandar APMC,Apple,Apple,Grade A,12000,16000,14000,09/04/2026
Gujarat,Rajkot,Gondal(Veg.market Gondal) APMC,Apple,Apple,Local,5000,15000,10000,09/04/2026
Gujarat,Banaskanth,Deesa(Deesa Veg Yard) APMC,Apple,Other,Medium,12500,15150,13825,09/04/2026
Haryana,Sonipat,Sonepat APMC,Apple,Other,Medium,10500,12000,10500,09/04/2026
Haryana,Kaithal,Cheeka APMC,Apple,Other,Medium,8000,8000,8000,09/04/2026
Haryana,Kurukshetra,Thanesar APMC,Apple,Apple,Medium,10000,20000,15000,09/04/2026
Haryana,Jind,Narwana APMC,Apple,Apple,Local,18000,18000,18000,09/04/2026
Haryana,Kurukshetra,Ladwa APMC,Apple,Apple,Medium,16000,18000,18000,09/04/2026
Haryana,Sirsa,Sirsa APMC,Apple,Other,Medium,12000,13000,12500,09/04/2026
Haryana,Hissar,Hansi APMC,Apple,Other,Grade Range-2,6000,12000,9000,09/04/2026
Haryana,Rewari,Rewari APMC,Apple,Apple,Medium,7000,17500,12000,09/04/2026
Haryana,Yamuna Nagar,Jagadhri APMC,Apple,Apple,Medium,8000,12000,12000,09/04/2026
Haryana,Kaithal,Dhand APMC,Apple,Other,Medium,7000,10000,9000,09/04/2026
Haryana,Fatehabad,Fatehabad APMC,Apple,Apple,Local,10000,10000,10000,09/04/2026
Haryana,Karnal,Tarori APMC,Apple,Apple,Grade A,5000,6000,5500,09/04/2026
Haryana,Faridabad,Faridabad APMC,Apple,Apple,Grade B,10000,10000,10000,09/04/2026
Haryana,Panipat,Panipat APMC,Apple,Other,Local,9000,21000,15000,09/04/2026
Haryana,Ambala,Naraingarh APMC,Apple,Apple,Medium,6500,6500,6500,09/04/2026
Haryana,Ambala,Ambala Cantt. APMC,Apple,Apple,Grade B,7000,10000,8500,09/04/2026
Haryana,Mahendragarh-Narnaul,Narnaul APMC,Apple,Apple,Medium,9000,12000,12000,09/04/2026
Haryana,Sonipat,Sonepat(Kharkhoda) APMC,Apple,Other,Grade A,9000,11000,10000,09/04/2026
Haryana,Sonipat,Gohana APMC,Apple,Apple,Medium,6000,8000,7000,09/04/2026
Haryana,Rohtak,Rohtak APMC,Apple,Other,Medium,8000,12000,10000,09/04/2026
Haryana,Hissar,Barwala(Hisar) APMC,Apple,Apple,Local,10000,12000,11000,09/04/2026
Haryana,Sonipat,Ganaur APMC,Apple,Apple,Medium,7000,8000,7500,09/04/2026
Punjab,Sangrur,Lehra Gaga APMC,Apple,Other,Grade A,11000,11000,11000,09/04/2026
Punjab,Ludhiana,Khanna APMC,Apple,Apple,Grade A,8000,8000,8000,09/04/2026
Punjab,Fatehgarh,Bassi Pathana APMC,Apple,Apple,Medium,9500,9900,9800,09/04/2026
Punjab,Hoshiarpur,Garh Shankar(Mahalpur) APMC,Apple,Other,Medium,9400,9400,9400,09/04/2026
Punjab,Hoshiarpur,Mukerian APMC,Apple,Apple,Grade B,10000,12000,11000,09/04/2026
Punjab,Hoshiarpur,Garh Shankar APMC,Apple,Apple,Medium,8500,8500,8500,09/04/2026
Punjab,Patiala,Patran APMC,Apple,Apple,Grade A,11540,11540,11540,09/04/2026
Punjab,Gurdaspur,Gurdaspur APMC,Apple,Apple,Grade A,7500,7500,7500,09/04/2026
Punjab,Mansa,Mansa APMC,Apple,Apple,Grade A,9890,9890,9890,09/04/2026
Punjab,Ferozpur,Zira APMC,Apple,Apple,Grade A,8500,8500,8500,09/04/2026
Punjab,Fazilka,Jalalabad APMC,Apple,Other,Medium,10000,10500,10200,09/04/2026
Punjab,Patiala,Nabha APMC,Apple,Other,Grade B,10000,12000,11500,09/04/2026
Punjab,Mohali,Banur APMC,Apple,Other,Grade A,7200,7200,7200,09/04/2026
Punjab,Ropar (Rupnagar),Morinda APMC,Apple,Apple,Medium,10000,10000,10000,09/04/2026
Punjab,Fazilka,Fazilka APMC,Apple,Apple,Medium,13000,13000,13000,09/04/2026
Punjab,Patiala,Patiala APMC,Apple,Apple,Grade A,9000,11000,10000,09/04/2026
Punjab,Gurdaspur,Quadian APMC,Apple,Other,Grade A,6800,7000,6900,09/04/2026
Punjab,Ropar (Rupnagar),Ropar APMC,Apple,Kasmir/Shimla - II,Medium,8000,8500,8200,09/04/2026
Punjab,Ludhiana,Ludhiana APMC,Apple,Other,Medium,3000,9000,5000,09/04/2026
Punjab,Ropar (Rupnagar),Chamkaur Sahib APMC,Apple,Apple,Medium,10000,10000,10000,09/04/2026
Punjab,Nawanshahr,Nawan Shahar(Subzi Mandi) APMC,Apple,Apple,Medium,10500,11000,10700,09/04/2026
Punjab,Hoshiarpur,Tanda Urmur APMC,Apple,Apple,Grade A,9000,11000,10000,09/04/2026
Punjab,Sangrur,Ahmedgarh APMC,Apple,American,Local,12000,14000,14000,09/04/2026
Punjab,Sangrur,Bhawanigarh APMC,Apple,Apple,Medium,10000,10000,10000,09/04/2026
West Bengal,Kolkata,Mechua APMC,Apple,Other,Grade A,16000,17800,17000,09/04/2026
Kerala,Kozhikode(Calicut),Mukkom APMC,Apple,Other,Large,28000,29000,28500,09/04/2026
Kerala,Malappuram,Perinthalmanna APMC,Apple,Apple,Large,18000,18000,18000,09/04/2026
Uttarakhand,Nanital,Haldwani APMC,Apple,Other,Grade A,3500,4200,3800,09/04/2026
Uttarakhand,Dehradoon,Dehradoon APMC,Apple,Apple,Grade B,5500,8500,6500,09/04/2026
Uttarakhand,Dehradoon,Rishikesh APMC,Apple,Kasmir/Shimla - II,Medium,5000,8000,7600,09/04/2026
Uttarakhand,Udhamsinghnagar,Rudrapur APMC,Apple,Other,Medium,5000,6500,6000,09/04/2026
Uttarakhand,Haridwar,Bhagwanpur(Naveen Mandi Sthal) APMC,Apple,Apple,Grade A,5000,6000,5500,09/04/2026
Himachal Pradesh,Una,SMY Santoshgarh,Apple,Other,Grade A,12500,12500,12500,09/04/2026
Himachal Pradesh,Kangra,SMY Palampur,Apple,Apple,Medium,13500,14000,13800,09/04/2026
Himachal Pradesh,Una,SMY Takarla,Apple,Other,Grade A,12000,14500,13500,09/04/2026
Himachal Pradesh,Bilaspur,PMY Bilaspur,Apple,Other,Grade C,15000,21000,19000,09/04/2026
Himachal Pradesh,Hamirpur,PMY Hamirpur,Apple,Apple,Grade B,14000,16000,14500,09/04/2026
Himachal Pradesh,Mandi,SMY Dhanotu,Apple,Apple,Medium,11000,12000,11500,09/04/2026
Himachal Pradesh,Una,PMY Una,Apple,Apple,Grade B,10000,19000,15000,09/04/2026
Himachal Pradesh,Hamirpur,SMY Nadaun,Apple,Other,Grade B,14000,15000,14500,09/04/2026
Himachal Pradesh,Kangra,SMY Baijnath,Apple,Apple,Grade B,10000,12000,11000,09/04/2026
Himachal Pradesh,Mandi,PMY Kangni Mandi,Apple,Apple,Grade B,8000,14000,12000,09/04/2026
Himachal Pradesh,Kangra,SMY Dharamshala,Apple,Apple,Medium,13500,18000,15750,09/04/2026
Tamil Nadu,Krishnagiri,Krishnagiri(Uzhavar Sandhai ) APMC,Arhar(Tur/Red Gram)(Whole),Arhar (Whole),Local,4000,4500,4250,09/04/2026
Tamil Nadu,Krishnagiri,Avallapalli(Uzhavar Sandhai ) APMC,Arhar(Tur/Red Gram)(Whole),Arhar (Whole),Local,4000,5000,4500,09/04/2026
Tamil Nadu,Vellore,Thirupathur APMC,Arhar(Tur/Red Gram)(Whole),Arhar (Whole),Local,6000,6000,6000,09/04/2026
Tamil Nadu,Chengalpattu,Pallavaram(Uzhavar Sandhai ) APMC,Arhar(Tur/Red Gram)(Whole),Arhar (Whole),Local,9000,10000,9500,09/04/2026
Tamil Nadu,Madurai,Anna nagar(Uzhavar Sandhai ) APMC,Chili Red,Bold,Local,20000,20000,20000,09/04/2026
Tamil Nadu,Thiruchirappalli,KKNagar(Uzhavar Sandhai ) APMC,Chili Red,Bold,Local,28000,28000,28000,09/04/2026
Tamil Nadu,Namakkal,Rasipuram(Uzhavar Sandhai ) APMC,Chili Red,Bold,Local,14000,15000,14500,09/04/2026
Madhya Pradesh,Raisen,Udaipura APMC,Arhar(Tur/Red Gram)(Whole),Arhar Dal(Tur),FAQ,6100,7760,7760,09/04/2026
Madhya Pradesh,Burhanpur,Burhanpur APMC,Arhar(Tur/Red Gram)(Whole),Arhar Dal(Tur),FAQ,6200,6850,6850,09/04/2026
Madhya Pradesh,Burhanpur,Burhanpur APMC,Arhar(Tur/Red Gram)(Whole),Arhar Dal(Tur),Non-FAQ,6751,6851,6851,09/04/2026
Madhya Pradesh,Hoshangabad,Pipariya APMC,Arhar(Tur/Red Gram)(Whole),Arhar Dal(Tur),FAQ,2400,8240,6750,09/04/2026
Madhya Pradesh,Panna,Ajaygarh APMC,Arhar(Tur/Red Gram)(Whole),Arhar Dal(Tur),FAQ,6700,6720,6720,09/04/2026
Madhya Pradesh,Narsinghpur,Gotegaon APMC,Arhar(Tur/Red Gram)(Whole),Arhar Dal(Tur),FAQ,6051,6500,6500,09/04/2026
Madhya Pradesh,Raisen,Bareli APMC,Arhar(Tur/Red Gram)(Whole),Arhar Dal(Tur),FAQ,5500,7695,7000,09/04/2026
Madhya Pradesh,Ashoknagar,Ashoknagar APMC,Arhar(Tur/Red Gram)(Whole),Arhar Dal(Tur),FAQ,6700,6700,6700,09/04/2026
Madhya Pradesh,Katni,Katni APMC,Arhar(Tur/Red Gram)(Whole),Arhar Dal(Tur),Non-FAQ,2800,6900,6350,09/04/2026
Madhya Pradesh,Harda,Harda APMC,Arhar(Tur/Red Gram)(Whole),Arhar Dal(Tur),FAQ,4201,6631,6631,09/04/2026
Madhya Pradesh,Jabalpur,Jabalpur APMC,Arhar(Tur/Red Gram)(Whole),Arhar Dal(Tur),FAQ,5500,7655,6805,09/04/2026
Madhya Pradesh,Damoh,Damoh APMC,Arhar(Tur/Red Gram)(Whole),Arhar Dal(Tur),FAQ,6810,7580,7460,09/04/2026
Madhya Pradesh,Chhindwara,Chaurai APMC,Arhar(Tur/Red Gram)(Whole),Arhar Dal(Tur),FAQ,6835,6835,6835,09/04/2026
Madhya Pradesh,Raisen,Silvani APMC,Arhar(Tur/Red Gram)(Whole),Arhar Dal(Tur),FAQ,6480,6970,6970,09/04/2026
Madhya Pradesh,Khargone,Bhikangaon APMC,Arhar(Tur/Red Gram)(Whole),Arhar Dal(Tur),FAQ,6195,6195,6195,09/04/2026
Madhya Pradesh,Khandwa,Harsood APMC,Arhar(Tur/Red Gram)(Whole),Arhar Dal(Tur),FAQ,5900,6500,6500,09/04/2026
Madhya Pradesh,Dewas,Kannod APMC,Arhar(Tur/Red Gram)(Whole),Arhar Dal(Tur),FAQ,6625,6900,6900,09/04/2026
Madhya Pradesh,Ratlam,Ratlam APMC,Arhar(Tur/Red Gram)(Whole),Arhar Dal(Tur),FAQ,7501,8200,8200,09/04/2026
Madhya Pradesh,Satna,Satna APMC,Arhar(Tur/Red Gram)(Whole),Arhar Dal(Tur),FAQ,7030,7300,7300,09/04/2026
Madhya Pradesh,Narsinghpur,Gadarwada APMC,Arhar(Tur/Red Gram)(Whole),Arhar Dal(Tur),Non-FAQ,6900,6900,6900,09/04/2026
Madhya Pradesh,Narsinghpur,Kareli APMC,Arhar(Tur/Red Gram)(Whole),Arhar Dal(Tur),FAQ,5500,7950,7701,09/04/2026
Madhya Pradesh,Dewas,Khategaon APMC,Arhar(Tur/Red Gram)(Whole),Arhar Dal(Tur),FAQ,4800,7160,5600,09/04/2026
Madhya Pradesh,Indore,Indore APMC,Arhar(Tur/Red Gram)(Whole),Arhar Dal(Tur),FAQ,4790,6775,6775,09/04/2026
Madhya Pradesh,Raisen,Gairatganj APMC,Arhar(Tur/Red Gram)(Whole),Arhar Dal(Tur),Non-FAQ,6800,6800,6800,09/04/2026
Madhya Pradesh,Harda,Khirakiya APMC,Arhar(Tur/Red Gram)(Whole),Arhar Dal(Tur),Non-FAQ,2300,7070,6800,09/04/2026
Madhya Pradesh,Bhopal,Bhopal APMC,Arhar(Tur/Red Gram)(Whole),Arhar Dal(Tur),FAQ,6012,6012,6012,09/04/2026
Madhya Pradesh,Katni,Katni APMC,Arhar(Tur/Red Gram)(Whole),Arhar Dal(Tur),FAQ,7711,8100,8100,09/04/2026
Madhya Pradesh,Damoh,Patharia APMC,Arhar(Tur/Red Gram)(Whole),Arhar Dal(Tur),FAQ,7060,7265,7265,09/04/2026
Madhya Pradesh,Narsinghpur,Gadarwada APMC,Arhar(Tur/Red Gram)(Whole),Arhar Dal(Tur),FAQ,7100,8000,7300,09/04/2026
Madhya Pradesh,Narsinghpur,Tendukheda APMC,Arhar(Tur/Red Gram)(Whole),Arhar Dal(Tur),FAQ,6300,6320,6320,09/04/2026
Madhya Pradesh,Khargone,Badwaha APMC,Arhar(Tur/Red Gram)(Whole),Arhar Dal(Tur),FAQ,6645,6645,6645,09/04/2026
Madhya Pradesh,Hoshangabad,Itarsi APMC,Arhar(Tur/Red Gram)(Whole),Arhar Dal(Tur),FAQ,4300,7501,7501,09/04/2026
Madhya Pradesh,Khargone,Khargone APMC,Arhar(Tur/Red Gram)(Whole),Arhar Dal(Tur),FAQ,4500,7500,6667,09/04/2026
Madhya Pradesh,Khandwa,Khandwa APMC,Arhar(Tur/Red Gram)(Whole),Arhar Dal(Tur),FAQ,4000,7100,6600,09/04/2026
Madhya Pradesh,Jabalpur,Paatan APMC,Arhar(Tur/Red Gram)(Whole),Arhar Dal(Tur),FAQ,6500,7100,7100,09/04/2026
Madhya Pradesh,Shivpuri,Pohari APMC,Bengal Gram(Gram)(Whole),Gram,Non-FAQ,5205,5590,5590,09/04/2026
Madhya Pradesh,Sagar,Sagar APMC,Bengal Gram(Gram)(Whole),Gram,FAQ,4905,4905,4905,09/04/2026
Madhya Pradesh,Sagar,Rahatgarh APMC,Bengal Gram(Gram)(Whole),Desi (F.A.Q. Split),Non-FAQ,4405,5185,4800,09/04/2026
Madhya Pradesh,Tikamgarh,Niwadi APMC,Bengal Gram(Gram)(Whole),Desi (F.A.Q. Split),Non-FAQ,5290,5316,5300,09/04/2026
Madhya Pradesh,Narsinghpur,Narsinghpur APMC,Bengal Gram(Gram)(Whole),Desi (F.A.Q. Split),Non-FAQ,5300,5300,5300,09/04/2026
Madhya Pradesh,Narsinghpur,Gotegaon APMC,Bengal Gram(Gram)(Whole),Gram,FAQ,4805,5395,5250,09/04/2026
Madhya Pradesh,Narsinghpur,Tendukheda APMC,Bengal Gram(Gram)(Whole),Chana Kanta,FAQ,5100,5100,5100,09/04/2026
Madhya Pradesh,Narsinghpur,Tendukheda APMC,Bengal Gram(Gram)(Whole),Gram,FAQ,5100,5325,5200,09/04/2026
Madhya Pradesh,Narsinghpur,Tendukheda APMC,Bengal Gram(Gram)(Whole),Desi (F.A.Q. Split),FAQ,5200,5200,5200,09/04/2026
Madhya Pradesh,Satna,Nagod APMC,Bengal Gram(Gram)(Whole),Gram,FAQ,4875,5360,5300,09/04/2026
Madhya Pradesh,Sehore,Nasrullaganj APMC,Bengal Gram(Gram)(Whole),Gram,FAQ,5180,5333,5275,09/04/2026
Madhya Pradesh,Raisen,Obedullaganj APMC,Bengal Gram(Gram)(Whole),Gram,FAQ,4580,5402,5402,09/04/2026
Madhya Pradesh,Rajgarh,Jeerapur APMC,Bengal Gram(Gram)(Whole),Gram,FAQ,4795,5145,5075,09/04/2026
Madhya Pradesh,Neemuch,Manasa APMC,Bengal Gram(Gram)(Whole),Gram,FAQ,4500,5351,5151,09/04/2026
Madhya Pradesh,Damoh,Javera APMC,Bengal Gram(Gram)(Whole),Gram,Non-FAQ,5150,5150,5150,09/04/2026
Madhya Pradesh,Harda,Khirakiya APMC,Bengal Gram(Gram)(Whole),Chana mausami,Non-FAQ,5239,5239,5239,09/04/2026
Madhya Pradesh,Hoshangabad,Pipariya APMC,Bengal Gram(Gram)(Whole),Gram,FAQ,4700,5601,5270,09/04/2026
Madhya Pradesh,Dhar,Manawar APMC,Bengal Gram(Gram)(Whole),Gram,FAQ,5050,5200,5150,09/04/2026
Madhya Pradesh,Khargone,Sanawad APMC,Bengal Gram(Gram)(Whole),Gram,FAQ,5080,7110,5300,09/04/2026
Madhya Pradesh,Khandwa,Harsood APMC,Bengal Gram(Gram)(Whole),Gram,FAQ,5230,5300,5295,09/04/2026
Madhya Pradesh,Mandsaur,Shamgarh APMC,Bengal Gram(Gram)(Whole),Gram,Non-FAQ,5065,5360,5360,09/04/2026
Madhya Pradesh,Ratlam,Ratlam APMC,Bengal Gram(Gram)(Whole),Gram,FAQ,4270,5639,5201,09/04/2026
Madhya Pradesh,Datia,Sevda APMC,Bengal Gram(Gram)(Whole),Gram,Non-FAQ,5275,5290,5290,09/04/2026
Madhya Pradesh,Ashoknagar,Isagarh APMC,Bengal Gram(Gram)(Whole),Gram,FAQ,4740,5240,5140,09/04/2026
Madhya Pradesh,Shivpuri,Badarwas APMC,Bengal Gram(Gram)(Whole),Gram,FAQ,4500,5415,5330,09/04/2026
Madhya Pradesh,Dewas,Dewas APMC,Bengal Gram(Gram)(Whole),Gram,FAQ,4800,5665,5231,09/04/2026
Madhya Pradesh,Neemuch,Neemuch APMC,Bengal Gram(Gram)(Whole),Gram,FAQ,2300,5377,5240,09/04/2026
Madhya Pradesh,Ashoknagar,Ashoknagar APMC,Bengal Gram(Gram)(Whole),Gram,Non-FAQ,4900,4900,4900,09/04/2026
Madhya Pradesh,Satna,Satna APMC,Bengal Gram(Gram)(Whole),Gram,FAQ,4800,5575,5495,09/04/2026
Madhya Pradesh,Sehore,Sehore APMC,Bengal Gram(Gram)(Whole),Desi (F.A.Q. Split),FAQ,5231,5231,5231,09/04/2026
Madhya Pradesh,Dhar,Dhar APMC,Bengal Gram(Gram)(Whole),Gram,FAQ,4000,5335,5335,09/04/2026
Madhya Pradesh,Khargone,Khargone APMC,Bengal Gram(Gram)(Whole),Gram,FAQ,5150,6956,5300,09/04/2026
Madhya Pradesh,Khandwa,Khandwa APMC,Bengal Gram(Gram)(Whole),Gram,FAQ,4600,5500,5301,09/04/2026
Madhya Pradesh,Dhar,Kukshi APMC,Bengal Gram(Gram)(Whole),Desi (F.A.Q. Split),FAQ,4800,5135,5135,09/04/2026
Madhya Pradesh,Bhind,Lahar APMC,Bengal Gram(Gram)(Whole),Gram,FAQ,5205,5226,5226,09/04/2026
Madhya Pradesh,Sagar,Rahatgarh APMC,Bengal Gram(Gram)(Whole),Gram,FAQ,5000,5000,5000,09/04/2026
Madhya Pradesh,Tikamgarh,Niwadi APMC,Bengal Gram(Gram)(Whole),Gram,Non-FAQ,5205,5205,5205,09/04/2026
Madhya Pradesh,Narsinghpur,Narsinghpur APMC,Bengal Gram(Gram)(Whole),Desi (F.A.Q. Split),FAQ,5300,5300,5300,09/04/2026
Madhya Pradesh,Rewa,Rewa APMC,Bengal Gram(Gram)(Whole),Gram,FAQ,4200,4200,4200,09/04/2026
Madhya Pradesh,Ujjain,Tarana APMC,Bengal Gram(Gram)(Whole),Gram,FAQ,4200,5651,5651,09/04/2026
Madhya Pradesh,Sagar,Khurai APMC,Bengal Gram(Gram)(Whole),Gram,FAQ,3700,5481,5200,09/04/2026
Madhya Pradesh,Damoh,Patharia APMC,Bengal Gram(Gram)(Whole),Gram,FAQ,4710,5400,5290,09/04/2026
Madhya Pradesh,Hoshangabad,Banapura APMC,Bengal Gram(Gram)(Whole),Desi (F.A.Q. Split),FAQ,4650,5436,5400,09/04/2026
Madhya Pradesh,Raisen,Bareli APMC,Bengal Gram(Gram)(Whole),Gram,FAQ,2100,5876,5300,09/04/2026
Madhya Pradesh,Sagar,Rehli APMC,Bengal Gram(Gram)(Whole),Gram,Non-FAQ,5370,5370,5370,09/04/2026
Madhya Pradesh,Ashoknagar,Mungawali APMC,Bengal Gram(Gram)(Whole),Gram,Non-FAQ,4955,5205,5080,09/04/2026
Madhya Pradesh,Rajgarh,Sarangpur APMC,Bengal Gram(Gram)(Whole),Gram,Non-FAQ,4751,7100,7100,09/04/2026
Madhya Pradesh,Rajgarh,Sarangpur APMC,Bengal Gram(Gram)(Whole),Gram,FAQ,4575,7360,4950,09/04/2026
Madhya Pradesh,Mandsaur,Garoth APMC,Bengal Gram(Gram)(Whole),Gram,Non-FAQ,1800,5240,5240,09/04/2026
Madhya Pradesh,Badwani,Sendhwa APMC,Bengal Gram(Gram)(Whole),Gram,FAQ,5100,5970,5970,09/04/2026
Madhya Pradesh,Rajgarh,Pachaur APMC,Bengal Gram(Gram)(Whole),Gram,FAQ,4900,5050,5050,09/04/2026
Madhya Pradesh,Rajgarh,Narsinghgarh APMC,Bengal Gram(Gram)(Whole),Gram,FAQ,4400,5040,4800,09/04/2026
Madhya Pradesh,Rajgarh,Khilchipur APMC,Bengal Gram(Gram)(Whole),Gram,FAQ,4800,5160,5140,09/04/2026
Madhya Pradesh,Harda,Khirakiya APMC,Bengal Gram(Gram)(Whole),Desi (F.A.Q. Split),Non-FAQ,4600,5441,5200,09/04/2026
Madhya Pradesh,Harda,Sirali APMC,Bengal Gram(Gram)(Whole),Desi (F.A.Q. Split),FAQ,4101,5301,5100,09/04/2026
Madhya Pradesh,Hoshangabad,Semriharchand APMC,Bengal Gram(Gram)(Whole),Desi (F.A.Q. Split),FAQ,5160,5391,5391,09/04/2026
Madhya Pradesh,Dhar,Badnawar APMC,Bengal Gram(Gram)(Whole),Desi (F.A.Q. Split),FAQ,4705,5700,5085,09/04/2026
Madhya Pradesh,Dhar,Badnawar APMC,Bengal Gram(Gram)(Whole),Gram,FAQ,4700,4700,4700,09/04/2026
Madhya Pradesh,Alirajpur,Jobat APMC,Bengal Gram(Gram)(Whole),Gram,Non-FAQ,4800,4800,4800,09/04/2026
Madhya Pradesh,Alirajpur,Jobat APMC,Bengal Gram(Gram)(Whole),Chana Kanta,FAQ,5100,5200,5100,09/04/2026
Madhya Pradesh,Khargone,Bhikangaon APMC,Bengal Gram(Gram)(Whole),Gram,FAQ,5175,6545,5240,09/04/2026
Madhya Pradesh,Ujjain,Badnagar APMC,Bengal Gram(Gram)(Whole),Desi (F.A.Q. Split),FAQ,4800,4800,4800,09/04/2026
Madhya Pradesh,Dewas,Loharda APMC,Bengal Gram(Gram)(Whole),Gram,FAQ,5202,5225,5225,09/04/2026
Madhya Pradesh,Dewas,Bagli APMC,Bengal Gram(Gram)(Whole),Gram,Non-FAQ,5181,5181,5181,09/04/2026
Madhya Pradesh,Mandsaur,Sitmau APMC,Bengal Gram(Gram)(Whole),Gram,FAQ,4560,5031,5031,09/04/2026
Madhya Pradesh,Ratlam,Jaora APMC,Bengal Gram(Gram)(Whole),Gram,FAQ,4970,7301,5200,09/04/2026
Madhya Pradesh,Shivpuri,Badarwas APMC,Bengal Gram(Gram)(Whole),Gram,Non-FAQ,4305,5535,5200,09/04/2026
Madhya Pradesh,Jabalpur,Sehora APMC,Bengal Gram(Gram)(Whole),Desi (F.A.Q. Split),FAQ,4840,5575,5355,09/04/2026
Madhya Pradesh,Ashoknagar,Ashoknagar APMC,Bengal Gram(Gram)(Whole),Chana mausami,FAQ,5000,5000,5000,09/04/2026
Madhya Pradesh,Sehore,Sehore APMC,Bengal Gram(Gram)(Whole),Chana Kanta,FAQ,4950,5259,5259,09/04/2026
Madhya Pradesh,Sehore,Sehore APMC,Bengal Gram(Gram)(Whole),Gram,FAQ,4875,5260,5100,09/04/2026
Madhya Pradesh,Raisen,Raisen APMC,Bengal Gram(Gram)(Whole),Gram,FAQ,5200,5440,5400,09/04/2026
Madhya Pradesh,Mandsaur,Mandsaur APMC,Bengal Gram(Gram)(Whole),Gram,Non-FAQ,4255,5354,5241,09/04/2026
Madhya Pradesh,Indore,Mhow APMC,Bengal Gram(Gram)(Whole),Gram,FAQ,4801,5751,4901,09/04/2026
Madhya Pradesh,Chhatarpur,Chhatarpur APMC,Bengal Gram(Gram)(Whole),Gram,FAQ,5450,5450,5450,09/04/2026
Madhya Pradesh,Harda,Harda APMC,Bengal Gram(Gram)(Whole),Desi (F.A.Q. Split),FAQ,4550,5461,5461,09/04/2026
Madhya Pradesh,Raisen,Udaipura APMC,Bengal Gram(Gram)(Whole),Desi (F.A.Q. Split),FAQ,4600,5615,5375,09/04/2026
Madhya Pradesh,Raisen,Begamganj APMC,Bengal Gram(Gram)(Whole),Gram,Non-FAQ,4405,5300,5100,09/04/2026
Madhya Pradesh,Vidisha,Sironj APMC,Bengal Gram(Gram)(Whole),Gram,FAQ,4700,5300,5100,09/04/2026
Madhya Pradesh,Harda,Timarni APMC,Bengal Gram(Gram)(Whole),Gram,FAQ,2301,6051,5400,09/04/2026
Madhya Pradesh,Harda,Khirakiya APMC,Bengal Gram(Gram)(Whole),Gram,Non-FAQ,3300,5425,5220,09/04/2026
Madhya Pradesh,Khargone,Badwaha APMC,Bengal Gram(Gram)(Whole),Gram,FAQ,5100,5330,5275,09/04/2026
Madhya Pradesh,Khargone,Segaon APMC,Bengal Gram(Gram)(Whole),Gram,Non-FAQ,5460,5460,5460,09/04/2026
Madhya Pradesh,Khandwa,Pandhana APMC,Bengal Gram(Gram)(Whole),Gram,FAQ,5261,5285,5266,09/04/2026
Madhya Pradesh,Ujjain,Unhel APMC,Bengal Gram(Gram)(Whole),Gram,FAQ,4800,4830,4830,09/04/2026
Madhya Pradesh,Dewas,Kannod APMC,Bengal Gram(Gram)(Whole),Gram,FAQ,5000,5400,5400,09/04/2026
Madhya Pradesh,Ratlam,Ratlam APMC,Bengal Gram(Gram)(Whole),Chana mausami,FAQ,5025,5025,5025,09/04/2026
Madhya Pradesh,Ashoknagar,Shadora APMC,Bengal Gram(Gram)(Whole),Gram,FAQ,4950,5245,5180,09/04/2026
Madhya Pradesh,Shivpuri,Kolaras APMC,Bengal Gram(Gram)(Whole),Gram,Non-FAQ,4605,5480,5250,09/04/2026
Madhya Pradesh,Sheopur,Sheopurkalan APMC,Bengal Gram(Gram)(Whole),Gram,Non-FAQ,5295,5455,5455,09/04/2026
Madhya Pradesh,Sagar,Bina APMC,Bengal Gram(Gram)(Whole),Gram,FAQ,4000,5276,5100,09/04/2026
Madhya Pradesh,Jabalpur,Jabalpur APMC,Bengal Gram(Gram)(Whole),Gram,FAQ,4400,5455,5180,09/04/2026
Madhya Pradesh,Sagar,Bamora APMC,Bengal Gram(Gram)(Whole),Desi (F.A.Q. Split),FAQ,4705,5366,5030,09/04/2026
Madhya Pradesh,Damoh,Damoh APMC,Bengal Gram(Gram)(Whole),Gram,FAQ,2650,5425,5205,09/04/2026
Madhya Pradesh,Narsinghpur,Gadarwada APMC,Bengal Gram(Gram)(Whole),Gram,Non-FAQ,4200,5432,5400,09/04/2026
Madhya Pradesh,Seoni,Seoni APMC,Bengal Gram(Gram)(Whole),Gram,Non-FAQ,5150,5150,5150,09/04/2026
Madhya Pradesh,Seoni,Ghansour APMC,Bengal Gram(Gram)(Whole),Desi (F.A.Q. Split),FAQ,4900,5000,5000,09/04/2026
Madhya Pradesh,Ratlam,A lot APMC,Bengal Gram(Gram)(Whole),Gram,FAQ,4900,5102,5102,09/04/2026
Madhya Pradesh,Guna,Kumbhraj APMC,Bengal Gram(Gram)(Whole),Gram,FAQ,5050,5325,5325,09/04/2026
Madhya Pradesh,Sehore,Nasrullaganj APMC,Bengal Gram(Gram)(Whole),Gram,Non-FAQ,4701,5500,5270,09/04/2026
Madhya Pradesh,Hoshangabad,Bankhedi APMC,Bengal Gram(Gram)(Whole),Gram,FAQ,5271,5480,5480,09/04/2026
Madhya Pradesh,Ujjain,Nagda APMC,Bengal Gram(Gram)(Whole),Gram,Non-FAQ,4705,5175,5175,09/04/2026
Madhya Pradesh,Sagar,Banda APMC,Bengal Gram(Gram)(Whole),Gram,FAQ,5050,5230,5230,09/04/2026
Madhya Pradesh,Damoh,Javera APMC,Bengal Gram(Gram)(Whole),Gram,FAQ,5075,5200,5100,09/04/2026
Madhya Pradesh,Sehore,Rehati APMC,Bengal Gram(Gram)(Whole),Gram,FAQ,5150,5207,5207,09/04/2026
Madhya Pradesh,Rajgarh,Sarangpur APMC,Bengal Gram(Gram)(Whole),Chana Kanta,FAQ,5031,5031,5031,09/04/2026
Madhya Pradesh,Vidisha,Lateri APMC,Bengal Gram(Gram)(Whole),Gram,FAQ,4800,5225,5215,09/04/2026
Madhya Pradesh,Shivpuri,Khatora APMC,Bengal Gram(Gram)(Whole),Gram,Non-FAQ,4475,5260,5260,09/04/2026
Madhya Pradesh,Panna,Panna APMC,Bengal Gram(Gram)(Whole),Gram,FAQ,5100,5100,5100,09/04/2026
Madhya Pradesh,Datia,Bhander APMC,Bengal Gram(Gram)(Whole),Gram,FAQ,529,5345,5285,09/04/2026
Madhya Pradesh,Vidisha,Ganjbasoda APMC,Bengal Gram(Gram)(Whole),Gram,FAQ,2800,5500,5250,09/04/2026
Madhya Pradesh,Katni,Katni APMC,Bengal Gram(Gram)(Whole),Desi (F.A.Q. Split),FAQ,5200,5200,5200,09/04/2026
Madhya Pradesh,Morena,Morena APMC,Bengal Gram(Gram)(Whole),Gram,Non-FAQ,5415,5415,5415,09/04/2026
Madhya Pradesh,Sehore,Ashta APMC,Bengal Gram(Gram)(Whole),Chana Kabuli,FAQ,5800,7651,5961,09/04/2026
Madhya Pradesh,Indore,Mhow APMC,Bengal Gram(Gram)(Whole),Gram,Non-FAQ,5151,5151,5151,09/04/2026
Madhya Pradesh,Bhopal,Berasia APMC,Bengal Gram(Gram)(Whole),Gram,FAQ,4510,5380,5200,09/04/2026
Madhya Pradesh,Dhar,Dhamnod APMC,Bengal Gram(Gram)(Whole),Gram,FAQ,5000,6985,5900,09/04/2026
Madhya Pradesh,Morena,Ambaha APMC,Bengal Gram(Gram)(Whole),Gram,FAQ,5100,5100,5100,09/04/2026
Madhya Pradesh,Sheopur,Sheopurbadod APMC,Bengal Gram(Gram)(Whole),Gram,FAQ,5250,5315,5315,09/04/2026
Madhya Pradesh,Sagar,Rahatgarh APMC,Bengal Gram(Gram)(Whole),Gram,Non-FAQ,4905,4905,4905,09/04/2026
Madhya Pradesh,Chhatarpur,LavKush Nagar(Laundi) APMC,Bengal Gram(Gram)(Whole),Desi (F.A.Q. Split),Non-FAQ,4900,5250,5200,09/04/2026
Madhya Pradesh,Panna,Ajaygarh APMC,Bengal Gram(Gram)(Whole),Gram,FAQ,5400,5450,5420,09/04/2026
Madhya Pradesh,Panna,Devandranagar APMC,Bengal Gram(Gram)(Whole),Gram,Non-FAQ,5280,5310,5280,09/04/2026
Madhya Pradesh,Chhindwara,Chhindwara APMC,Bengal Gram(Gram)(Whole),Gram,FAQ,5361,5361,5361,09/04/2026
Madhya Pradesh,Narsinghpur,Gadarwada APMC,Bengal Gram(Gram)(Whole),Gram,FAQ,4700,5555,5300,09/04/2026
Madhya Pradesh,Dewas,Khategaon APMC,Bengal Gram(Gram)(Whole),Gram,FAQ,4800,5591,5321,09/04/2026
Madhya Pradesh,Bhind,Gohad APMC,Bengal Gram(Gram)(Whole),Gram,FAQ,5275,5275,5275,09/04/2026
Madhya Pradesh,Rajgarh,Biaora APMC,Bengal Gram(Gram)(Whole),Gram,FAQ,4805,5380,4905,09/04/2026
Madhya Pradesh,Rajgarh,Sarangpur APMC,Bengal Gram(Gram)(Whole),Chana mausami,FAQ,4841,4841,4841,09/04/2026
Madhya Pradesh,Sehore,Ichhawar APMC,Bengal Gram(Gram)(Whole),Gram,FAQ,4500,6097,5150,09/04/2026
Madhya Pradesh,Dhar,Gandhwani APMC,Bengal Gram(Gram)(Whole),Desi (F.A.Q. Split),FAQ,5000,5100,5100,09/04/2026
Madhya Pradesh,Indore,Indore APMC,Bengal Gram(Gram)(Whole),Gram,FAQ,5000,7205,5550,09/04/2026
Madhya Pradesh,Shajapur,Soyatkalan APMC,Bengal Gram(Gram)(Whole),Gram,FAQ,5130,5255,5255,09/04/2026
Madhya Pradesh,Sehore,Jawar APMC,Bengal Gram(Gram)(Whole),Gram,FAQ,4540,7990,7990,09/04/2026
Madhya Pradesh,Mandsaur,Daloda APMC,Bengal Gram(Gram)(Whole),Gram,FAQ,4400,5091,4800,09/04/2026
Madhya Pradesh,Raisen,Gairatganj APMC,Bengal Gram(Gram)(Whole),Gram,Non-FAQ,5050,5341,5320,09/04/2026
Madhya Pradesh,Vidisha,Shamshabad APMC,Bengal Gram(Gram)(Whole),Gram,FAQ,4605,5051,5051,09/04/2026
Madhya Pradesh,Vidisha,Kurwai APMC,Bengal Gram(Gram)(Whole),Gram,Non-FAQ,5231,5231,5231,09/04/2026
Madhya Pradesh,Vidisha,Kurwai APMC,Bengal Gram(Gram)(Whole),Gram,FAQ,5000,5010,5010,09/04/2026
Madhya Pradesh,Jhabua,Thandla APMC,Bengal Gram(Gram)(Whole),Gram,FAQ,5100,5115,5100,09/04/2026
Madhya Pradesh,Alirajpur,Alirajpur APMC,Bengal Gram(Gram)(Whole),Gram,FAQ,3870.97,5300,5000,09/04/2026
Madhya Pradesh,Alirajpur,Alirajpur APMC,Bengal Gram(Gram)(Whole),Chana Kanta,FAQ,4800,4800,4800,09/04/2026
Madhya Pradesh,Alirajpur,Jobat APMC,Bengal Gram(Gram)(Whole),Desi (F.A.Q. Split),FAQ,5200,5200,5200,09/04/2026
Madhya Pradesh,Alirajpur,Jobat APMC,Bengal Gram(Gram)(Whole),Gram,FAQ,4900,5200,5200,09/04/2026
Madhya Pradesh,Khargone,Karhi APMC,Bengal Gram(Gram)(Whole),Gram,FAQ,5000,7100,7100,09/04/2026
Madhya Pradesh,Ujjain,Badnagar APMC,Bengal Gram(Gram)(Whole),Gram,FAQ,4481,6051,5700,09/04/2026
Madhya Pradesh,Dewas,Kannod APMC,Bengal Gram(Gram)(Whole),Chana Kabuli,FAQ,5626,5626,5626,09/04/2026
Madhya Pradesh,Dewas,Haatpipliya APMC,Bengal Gram(Gram)(Whole),Gram,Non-FAQ,3500,6750,5100,09/04/2026
Madhya Pradesh,Mandsaur,Shamgarh APMC,Bengal Gram(Gram)(Whole),Gram,FAQ,4600,5193,5175,09/04/2026
Madhya Pradesh,Shajapur,Shajapur APMC,Bengal Gram(Gram)(Whole),Gram,FAQ,4200,5390,5250,09/04/2026
Madhya Pradesh,Datia,Datia APMC,Bengal Gram(Gram)(Whole),Gram,FAQ,5180,5475,5355,09/04/2026
Madhya Pradesh,Datia,Sevda APMC,Bengal Gram(Gram)(Whole),Gram,FAQ,5000,5450,5380,09/04/2026
Madhya Pradesh,Gwalior,Lashkar APMC,Bengal Gram(Gram)(Whole),Gram,FAQ,5380,5615,5615,09/04/2026
Madhya Pradesh,Guna,Binaganj APMC,Bengal Gram(Gram)(Whole),Gram,FAQ,5000,5170,5170,09/04/2026
Madhya Pradesh,Ashoknagar,Shadora APMC,Bengal Gram(Gram)(Whole),Gram,Non-FAQ,4980,5100,5100,09/04/2026
Madhya Pradesh,Ujjain,Ujjain APMC,Bengal Gram(Gram)(Whole),Gram,FAQ,3930,5560,5560,09/04/2026
Madhya Pradesh,Ashoknagar,Ashoknagar APMC,Bengal Gram(Gram)(Whole),Gram,FAQ,4105,5390,5200,09/04/2026
Madhya Pradesh,Vidisha,Vidisha APMC,Bengal Gram(Gram)(Whole),Gram,FAQ,4100,5625,5240,09/04/2026
Madhya Pradesh,Katni,Katni APMC,Bengal Gram(Gram)(Whole),Gram,Non-FAQ,4100,5549,5200,09/04/2026
Madhya Pradesh,Sehore,Ashta APMC,Bengal Gram(Gram)(Whole),Gram,FAQ,3301,8095,5201,09/04/2026
Madhya Pradesh,Mandsaur,Mandsaur APMC,Bengal Gram(Gram)(Whole),Chana Kabuli,Non-FAQ,5600,6851,6851,09/04/2026
Madhya Pradesh,Burhanpur,Burhanpur APMC,Bengal Gram(Gram)(Whole),Gram,FAQ,5100,5242,5242,09/04/2026
Madhya Pradesh,Burhanpur,Burhanpur APMC,Bengal Gram(Gram)(Whole),Gram,Non-FAQ,5151,5218,5218,09/04/2026
Madhya Pradesh,Dhar,Kukshi APMC,Bengal Gram(Gram)(Whole),Gram,FAQ,5000,5200,5200,09/04/2026
Madhya Pradesh,Jabalpur,Paatan APMC,Bengal Gram(Gram)(Whole),Gram,FAQ,4005,5335,5300,09/04/2026
Madhya Pradesh,Dewas,Sonkatch APMC,Bengal Gram(Gram)(Whole),Gram,FAQ,4300,6901,4300,09/04/2026
Madhya Pradesh,Shajapur,Agar APMC,Bengal Gram(Gram)(Whole),Gram,FAQ,3300,7381,5051,09/04/2026
Madhya Pradesh,Bhind,Gohad APMC,Bengal Gram(Gram)(Whole),Desi (F.A.Q. Split),FAQ,5230,5335,5300,09/04/2026
Madhya Pradesh,Umariya,Umariya APMC,Bengal Gram(Gram)(Whole),Gram,FAQ,4700,4700,4700,09/04/2026
Madhya Pradesh,Shajapur,Nalkehda APMC,Bengal Gram(Gram)(Whole),Gram,FAQ,4900,5050,4911,09/04/2026
Madhya Pradesh,Sagar,Garhakota APMC,Bengal Gram(Gram)(Whole),Gram,FAQ,4905,5230,5200,09/04/2026
Madhya Pradesh,Sagar,Banda APMC,Bengal Gram(Gram)(Whole),Gram,Non-FAQ,5060,5060,5060,09/04/2026
Madhya Pradesh,Badwani,Khetia APMC,Bengal Gram(Gram)(Whole),Gram,FAQ,5200,5205,5205,09/04/2026
Madhya Pradesh,Rajgarh,Sarangpur APMC,Bengal Gram(Gram)(Whole),Chana Kabuli,FAQ,5500,7501,7501,09/04/2026
Madhya Pradesh,Shivpuri,Khatora APMC,Bengal Gram(Gram)(Whole),Gram,FAQ,5210,5280,5280,09/04/2026
Madhya Pradesh,Raisen,Silvani APMC,Bengal Gram(Gram)(Whole),Gram,FAQ,3005,5425,5200,09/04/2026
Madhya Pradesh,Khandwa,Mundi APMC,Bengal Gram(Gram)(Whole),Gram,FAQ,5011,5200,5200,09/04/2026
Madhya Pradesh,Shivpuri,Shivpuri APMC,Bengal Gram(Gram)(Whole),Gram,FAQ,4920,5550,5500,09/04/2026
Madhya Pradesh,Bhind,Bhind APMC,Bengal Gram(Gram)(Whole),Gram,FAQ,5135,5340,5340,09/04/2026
Madhya Pradesh,Bhind,Alampur APMC,Bengal Gram(Gram)(Whole),Gram,Non-FAQ,5200,5320,5320,09/04/2026
Madhya Pradesh,Sheopur,Sheopurkalan APMC,Bengal Gram(Gram)(Whole),Gram,FAQ,5000,5460,5455,09/04/2026
Madhya Pradesh,Narsinghpur,Kareli APMC,Bengal Gram(Gram)(Whole),Gram,FAQ,4500,5840,5301,09/04/2026
Madhya Pradesh,Narsinghpur,Tendukheda APMC,Bengal Gram(Gram)(Whole),Gram,Non-FAQ,5100,5100,5100,09/04/2026
Madhya Pradesh,Raisen,Begamganj APMC,Bengal Gram(Gram)(Whole),Gram,FAQ,5100,5175,5175,09/04/2026
Madhya Pradesh,Rajgarh,Khujner APMC,Bengal Gram(Gram)(Whole),Gram,FAQ,4890,5050,5050,09/04/2026
Madhya Pradesh,Harda,Sirali APMC,Bengal Gram(Gram)(Whole),Gram,FAQ,4950,5180,5180,09/04/2026
Madhya Pradesh,Dhar,Rajgarh APMC,Bengal Gram(Gram)(Whole),Gram,FAQ,5151,5151,5151,09/04/2026
Madhya Pradesh,Mandsaur,Piplya APMC,Bengal Gram(Gram)(Whole),Gram,FAQ,4600,5274,5001,09/04/2026
Madhya Pradesh,Ratlam,Sailana APMC,Bengal Gram(Gram)(Whole),Gram,FAQ,4950,5100,5100,09/04/2026
Madhya Pradesh,Shajapur,Shujalpur APMC,Bengal Gram(Gram)(Whole),Gram,FAQ,3811,12301,5270,09/04/2026
Madhya Pradesh,Shajapur,Kalapipal APMC,Bengal Gram(Gram)(Whole),Gram,FAQ,4000,8000,5490,09/04/2026
Madhya Pradesh,Shajapur,Momanbadodiya APMC,Bengal Gram(Gram)(Whole),Gram,FAQ,3800,5100,4800,09/04/2026
Madhya Pradesh,Shajapur,Susner APMC,Bengal Gram(Gram)(Whole),Gram,Non-FAQ,4900,5085,5085,09/04/2026
Madhya Pradesh,Guna,Guna APMC,Bengal Gram(Gram)(Whole),Gram,FAQ,3500,5650,5350,09/04/2026
Madhya Pradesh,Guna,Aron APMC,Bengal Gram(Gram)(Whole),Gram,FAQ,4255,5395,5395,09/04/2026
Madhya Pradesh,Guna,Maksudangarh APMC,Bengal Gram(Gram)(Whole),Gram,FAQ,5355,5355,5355,09/04/2026
Madhya Pradesh,Ashoknagar,Chanderi APMC,Bengal Gram(Gram)(Whole),Gram,Non-FAQ,4990,5155,5155,09/04/2026
Madhya Pradesh,Shivpuri,Kolaras APMC,Bengal Gram(Gram)(Whole),Gram,FAQ,5235,5235,5235,09/04/2026
Madhya Pradesh,Jabalpur,Shahpura Bhitoni (F&V) APMC,Bengal Gram(Gram)(Whole),Desi (F.A.Q. Split),FAQ,5175,5280,5280,09/04/2026
Madhya Pradesh,Bhopal,Bhopal APMC,Bengal Gram(Gram)(Whole),Gram,FAQ,4850,5470,5100,09/04/2026
Madhya Pradesh,Hoshangabad,Itarsi APMC,Bengal Gram(Gram)(Whole),Gram,FAQ,4700,5450,5450,09/04/2026
Madhya Pradesh,Burhanpur,Burhanpur APMC,Bengal Gram(Gram)(Whole),Chana Kabuli,Non-FAQ,5354,5354,5354,09/04/2026
Madhya Pradesh,Harda,Harda APMC,Bengal Gram(Gram)(Whole),Chana Kabuli,FAQ,3150,6361,6100,09/04/2026
Madhya Pradesh,Shivpuri,Barad APMC,Bengal Gram(Gram)(Whole),Gram,FAQ,5000,5827,5350,09/04/2026
Madhya Pradesh,Narsinghpur,Kareli APMC,Green Gram(Moong)(Whole),Green (Whole),FAQ,5910,7000,7000,09/04/2026
Madhya Pradesh,Harda,Khirakiya APMC,Green Gram(Moong)(Whole),Green (Whole),Non-FAQ,5200,8171,6300,09/04/2026
Madhya Pradesh,Raisen,Udaipura APMC,Green Gram(Moong)(Whole),Green (Whole),FAQ,6605,6875,6875,09/04/2026
Madhya Pradesh,Harda,Timarni APMC,Green Gram(Moong)(Whole),Green (Whole),FAQ,4600,7650,6800,09/04/2026
Madhya Pradesh,Khandwa,Khandwa APMC,Green Gram(Moong)(Whole),Green (Whole),FAQ,7875,7875,7875,09/04/2026
Madhya Pradesh,Khargone,Sanawad APMC,Green Gram(Moong)(Whole),Green (Whole),FAQ,8000,8275,8275,09/04/2026
Madhya Pradesh,Jabalpur,Paatan APMC,Green Gram(Moong)(Whole),Green (Whole),FAQ,6000,6940,6940,09/04/2026
Madhya Pradesh,Satna,Satna APMC,Green Gram(Moong)(Whole),Green (Whole),FAQ,5800,5800,5800,09/04/2026
Madhya Pradesh,Hoshangabad,Itarsi APMC,Green Gram(Moong)(Whole),Green (Whole),FAQ,2505,7099,6655,09/04/2026
Madhya Pradesh,Dewas,Khategaon APMC,Green Gram(Moong)(Whole),Green (Whole),FAQ,2001,7310,7310,09/04/2026
Madhya Pradesh,Sehore,Nasrullaganj APMC,Green Gram(Moong)(Whole),Green (Whole),Non-FAQ,2000,6500,6500,09/04/2026
Madhya Pradesh,Raisen,Bareli APMC,Green Gram(Moong)(Whole),Green (Whole),FAQ,6250,6250,6250,09/04/2026
Madhya Pradesh,Hoshangabad,Bankhedi APMC,Green Gram(Moong)(Whole),Green (Whole),FAQ,5500,6000,6000,09/04/2026
Madhya Pradesh,Sehore,Rehati APMC,Green Gram(Moong)(Whole),Green (Whole),FAQ,5200,5200,5200,09/04/2026
Madhya Pradesh,Hoshangabad,Pipariya APMC,Green Gram(Moong)(Whole),Green (Whole),FAQ,1500,8000,7000,09/04/2026
Madhya Pradesh,Harda,Harda APMC,Green Gram(Moong)(Whole),Green (Whole),FAQ,2151,8001,7100,09/04/2026
Madhya Pradesh,Hoshangabad,Banapura APMC,Green Gram(Moong)(Whole),Green (Whole),FAQ,5100,7730,7400,09/04/2026
Madhya Pradesh,Jabalpur,Jabalpur APMC,Green Gram(Moong)(Whole),Green (Whole),FAQ,3050,6895,6305,09/04/2026
Madhya Pradesh,Jabalpur,Sehora APMC,Green Gram(Moong)(Whole),Green (Whole),FAQ,4800,8000,8000,09/04/2026
Madhya Pradesh,Khandwa,Harsood APMC,Green Gram(Moong)(Whole),Green (Whole),FAQ,4000,8026,8026,09/04/2026
Madhya Pradesh,Shajapur,Agar APMC,Black Gram(Urd Beans)(Whole),Urda/Urd,FAQ,6571,6571,6571,09/04/2026
Madhya Pradesh,Jabalpur,Sehora APMC,Black Gram(Urd Beans)(Whole),Urda/Urd,FAQ,5405,8205,7905,09/04/2026
Madhya Pradesh,Ujjain,Ujjain APMC,Black Gram(Urd Beans)(Whole),Urda/Urd,FAQ,6151,6151,6151,09/04/2026
Madhya Pradesh,Mandsaur,Mandsaur APMC,Black Gram(Urd Beans)(Whole),Urda/Urd,Non-FAQ,6852,6900,6900,09/04/2026
Madhya Pradesh,Katni,Katni APMC,Black Gram(Urd Beans)(Whole),Urda/Urd,Non-FAQ,6000,7250,7250,09/04/2026
Madhya Pradesh,Jabalpur,Jabalpur APMC,Black Gram(Urd Beans)(Whole),Urda/Urd,FAQ,3600,9770,8200,09/04/2026
Madhya Pradesh,Narsinghpur,Kareli APMC,Black Gram(Urd Beans)(Whole),Urda/Urd,FAQ,7200,8100,8100,09/04/2026
Madhya Pradesh,Tikamgarh,Tikamgarh APMC,Black Gram(Urd Beans)(Whole),Urda/Urd,FAQ,7080,7125,7100,09/04/2026
Madhya Pradesh,Satna,Satna APMC,Black Gram(Urd Beans)(Whole),Urda/Urd,FAQ,5455,5500,5500,09/04/2026
Madhya Pradesh,Jabalpur,Paatan APMC,Black Gram(Urd Beans)(Whole),Urda/Urd,FAQ,5070,8560,8400,09/04/2026
Uttar Pradesh,Farukhabad,Farukhabad APMC,Red Gram,Other,FAQ,5500,7300,6000,09/04/2026
Uttar Pradesh,Bahraich,Bahraich APMC,Arhar Dal(Tur Dal),Other,FAQ,6100,6100,6100,09/04/2026
Uttar Pradesh,Kanpur Dehat,Pukharayan APMC,Arhar Dal(Tur Dal),Arhar Dal(Tur),FAQ,10360,10380,10370,09/04/2026
Uttar Pradesh,Muzaffarnagar,Muzzafarnagar APMC,Chili Red,Other,FAQ,8160,8160,8160,09/04/2026
Uttar Pradesh,Bareilly,Bareilly APMC,Chili Red,Other,FAQ,7500,10100,8620.27,09/04/2026
Uttar Pradesh,Sambhal,Chandausi APMC,Chili Red,Other,FAQ,10522.27,10522.27,10522.27,09/04/2026
Uttar Pradesh,Bareilly,Baheri APMC,Chili Red,Other,FAQ,8000,8000,8000,09/04/2026
Uttar Pradesh,Jhansi,Jhansi APMC,Chili Red,Other,FAQ,12440,12440,12440,09/04/2026
Uttar Pradesh,Kanpur Dehat,Pukharayan APMC,Bengal Gram(Gram)(Whole),Desi (Whole),FAQ,6470,6500,6480,09/04/2026
Uttar Pradesh,Jhansi,Mauranipur APMC,Bengal Gram(Gram)(Whole),Other,FAQ,5300,5300,5300,09/04/2026
Uttar Pradesh,Kanpur,Kanpur(Grain) APMC,Pegeon Pea(Arhar Fali),Other,FAQ,6000,6000,6000,09/04/2026
Uttar Pradesh,Jhansi,Jhansi APMC,Pegeon Pea(Arhar Fali),Other,FAQ,9000,9000,9000,09/04/2026
Uttar Pradesh,Raebarelli,Raibareilly APMC,Pegeon Pea(Arhar Fali),Other,FAQ,8091.44,8091.44,8091.44,09/04/2026
Uttar Pradesh,Azamgarh,Azamgarh APMC,Pegeon Pea(Arhar Fali),Other,FAQ,11750,11750,11750,09/04/2026
Uttar Pradesh,Ghaziabad,Ghaziabad APMC,Pegeon Pea(Arhar Fali),Other,FAQ,6500,7000,6615.38,09/04/2026
Uttar Pradesh,Jaunpur,Jaunpur APMC,Pegeon Pea(Arhar Fali),Other,FAQ,10801,10801,10801,09/04/2026
Uttar Pradesh,Agra,Agra APMC,Pegeon Pea(Arhar Fali),Other,FAQ,7300,7300,7300,09/04/2026
Uttar Pradesh,Saharanpur,Rampurmaniharan APMC,Pegeon Pea(Arhar Fali),Other,FAQ,4000,4000,4000,09/04/2026
Uttar Pradesh,Bijnor,Chaandpur APMC,Pegeon Pea(Arhar Fali),Other,FAQ,2800,2800,2800,09/04/2026
Uttar Pradesh,Lucknow,Lucknow APMC,Pegeon Pea(Arhar Fali),Other,FAQ,5801,11000,6516.84,09/04/2026
Uttar Pradesh,Sitapur,Sitapur APMC,Pegeon Pea(Arhar Fali),Other,FAQ,6800,6800,6800,09/04/2026
Uttar Pradesh,Bahraich,Bahraich APMC,Pegeon Pea(Arhar Fali),Other,FAQ,4950,6300,5483.52,09/04/2026
Uttar Pradesh,Shamli,Khandhla APMC,Pegeon Pea(Arhar Fali),Other,FAQ,4000,4000,4000,09/04/2026
Uttar Pradesh,Saharanpur,Saharanpur APMC,Pegeon Pea(Arhar Fali),Other,FAQ,2400,2700,2566.67,09/04/2026
Uttar Pradesh,Mathura,Kosikalan APMC,Pegeon Pea(Arhar Fali),Other,FAQ,5000,5000,5000,09/04/2026
Uttar Pradesh,Sambhal,Chandausi APMC,Pegeon Pea(Arhar Fali),Other,FAQ,5200,5400,5239.22,09/04/2026
Uttar Pradesh,Saharanpur,Chutmalpur APMC,Pegeon Pea(Arhar Fali),Other,FAQ,2600,3600,3100,09/04/2026
Uttar Pradesh,Gorakhpur,Gorakhpur APMC,Pegeon Pea(Arhar Fali),Other,FAQ,9281.11,9281.11,9281.11,09/04/2026
Uttar Pradesh,Amroha,Hasanpur APMC,Pegeon Pea(Arhar Fali),Other,FAQ,4010,4010,4010,09/04/2026
Uttar Pradesh,Shamli,Kairana APMC,Pegeon Pea(Arhar Fali),Other,FAQ,5200,5200,5200,09/04/2026
Uttar Pradesh,Etah,Etah APMC,Pegeon Pea(Arhar Fali),Other,FAQ,6000,6000,6000,09/04/2026
Uttar Pradesh,Saharanpur,Saharanpur APMC,Green Gram(Moong)(Whole),Other,FAQ,10111.96,10111.96,10111.96,09/04/2026
Uttar Pradesh,Lucknow,Lucknow APMC,Black Gram Dal(Urd Dal),Other,FAQ,10575,10575,10575,09/04/2026
Uttar Pradesh,Shahjahanpur,Shahjahanpur APMC,Black Gram Dal(Urd Dal),Other,FAQ,8439,8439,8439,09/04/2026
Uttar Pradesh,Basti,Basti APMC,Bengal Gram Dal(Chana Dal),Other,FAQ,6650,6650,6650,09/04/2026
Uttar Pradesh,Bulandshahar,Jahangirabad APMC,Black Gram Dal(Urd Dal),Other,FAQ,6300,6300,6300,09/04/2026
Uttar Pradesh,Prayagraj,Prayagraj APMC,Black Gram Dal(Urd Dal),Other,FAQ,7100,7100,7100,09/04/2026
Uttar Pradesh,Prayagraj,Prayagraj APMC,Green Gram Dal(Moong Dal),Other,FAQ,7000,7000,7000,09/04/2026
Uttar Pradesh,Lucknow,Lucknow APMC,Bengal Gram Dal(Chana Dal),Other,FAQ,6750,6750,6750,09/04/2026
Uttar Pradesh,Saharanpur,Saharanpur APMC,Black Gram Dal(Urd Dal),Other,FAQ,11154.6,11348.38,11219.19,09/04/2026
Uttar Pradesh,Bareilly,Bareilly APMC,Green Gram Dal(Moong Dal),Other,FAQ,9550,10150,9688.89,09/04/2026
Uttar Pradesh,Farukhabad,Farukhabad APMC,Green Gram Dal(Moong Dal),Green Gram Dal,FAQ,9000,9400,9200,09/04/2026
Uttar Pradesh,Saharanpur,Saharanpur APMC,Green Gram Dal(Moong Dal),Other,FAQ,10507.96,13287.75,10614.33,09/04/2026
Uttar Pradesh,Lucknow,Lucknow APMC,Green Gram Dal(Moong Dal),Other,FAQ,9500,9528.57,9518.18,09/04/2026
Uttar Pradesh,Bulandshahar,Divai APMC,Black Gram Dal(Urd Dal),Other,FAQ,6200,6200,6200,09/04/2026
Uttar Pradesh,Gorakhpur,Gorakhpur APMC,Green Gram Dal(Moong Dal),Other,FAQ,10672,10672,10672,09/04/2026
Uttar Pradesh,Lakhimpur,Lakhimpur APMC,Black Gram Dal(Urd Dal),Other,FAQ,9000,9000,9000,09/04/2026
Uttar Pradesh,Gorakhpur,Gorakhpur APMC,Bengal Gram Dal(Chana Dal),Other,FAQ,6300,6300,6300,09/04/2026
Uttar Pradesh,Kanpur Dehat,Pukharayan APMC,Bengal Gram Dal(Chana Dal),Bengal Gram Dal,FAQ,7560,7600,7580,09/04/2026
Uttar Pradesh,Saharanpur,Saharanpur APMC,Bengal Gram Dal(Chana Dal),Other,FAQ,7491.88,7491.88,7491.88,09/04/2026
Uttar Pradesh,Badaun,Bisoli APMC,Black Gram Dal(Urd Dal),Other,FAQ,7000,7200,7097.55,09/04/2026
Uttar Pradesh,Bareilly,Bareilly APMC,Bengal Gram Dal(Chana Dal),Other,FAQ,6650,6750,6717.31,09/04/2026
Uttar Pradesh,Bareilly,Bareilly APMC,Black Gram Dal(Urd Dal),Other,FAQ,10250,12150,11104.55,09/04/2026
Rajasthan,Baran,Baran APMC,Bengal Gram(Gram)(Whole),Other,Local,4866,5441,5165,09/04/2026
Rajasthan,Baran,Samraniyan APMC,Bengal Gram(Gram)(Whole),Other,Local,4619,5211,4920,09/04/2026
Rajasthan,Beawar,Bijaynagar APMC,Bengal Gram(Gram)(Whole),Other,Local,4800,5065,4900,09/04/2026
Rajasthan,Kota,Manohararthana APMC,Bengal Gram(Gram)(Whole),Other,Non-FAQ,5000,5100,5050,09/04/2026
Rajasthan,Kota,Kota APMC,Bengal Gram(Gram)(Whole),Other,Local,5050,5050,5050,09/04/2026
Rajasthan,Churu,Sadulpur APMC,Bengal Gram(Gram)(Whole),Other,Local,4800,5150,5000,09/04/2026
Rajasthan,Nagaur,Nagaur APMC,Bengal Gram(Gram)(Whole),Other,Local,4900,5050,5000,09/04/2026
Rajasthan,Udaipur,Udaipur (Grain) APMC,Bengal Gram(Gram)(Whole),Average (Whole),FAQ,4900,4900,4900,09/04/2026
Rajasthan,Pali,Rani APMC,Bengal Gram(Gram)(Whole),Other,Local,4900,4965,4950,09/04/2026
Rajasthan,Tonk,Dooni APMC,Bengal Gram(Gram)(Whole),999,Local,5000,5150,5075,09/04/2026
Rajasthan,Baran,Anta APMC,Bengal Gram(Gram)(Whole),Other,Local,4871,5160,5015,09/04/2026
Rajasthan,Pratapgarh,Chhotisadri APMC,Bengal Gram(Gram)(Whole),Desi (Whole),Local,5025,5170,5097,09/04/2026
Rajasthan,Tonk,Malpura APMC,Bengal Gram(Gram)(Whole),Other,FAQ,5000,5070,5025,09/04/2026
Rajasthan,Hanumangarh,Bhadara APMC,Bengal Gram(Gram)(Whole),Other,Non-FAQ,4680,4966,4823,09/04/2026
Rajasthan,Udaipur,Fatehnagar APMC,Bengal Gram(Gram)(Whole),Average (Whole),FAQ,5040,5071,5055,09/04/2026
Rajasthan,Nagaur,Degana APMC,Bengal Gram(Gram)(Whole),Other,Local,5000,5100,5050,09/04/2026
Rajasthan,Jaipur,Bassi APMC,Bengal Gram(Gram)(Whole),999,Local,4550,5070,4810,09/04/2026
Rajasthan,Kota,Khatauli APMC,Bengal Gram(Gram)(Whole),999,Local,5155,5204,5190,09/04/2026
Rajasthan,Dausa,Mandawari APMC,Bengal Gram(Gram)(Whole),Other,Local,5050,5140,5100,09/04/2026
Rajasthan,Ganganagar,Suratgarh APMC,Bengal Gram(Gram)(Whole),Bengal Gram (Split),FAQ,5132,5260,5195,09/04/2026
Rajasthan,Pratapgarh,Pratapgarh APMC,Big Gram,Other,FAQ,4800,5180,4990,09/04/2026
Rajasthan,Nagaur,Nagaur APMC,Green Gram(Moong)(Whole),Other,Local,5000,7800,7300,09/04/2026
Rajasthan,Baran,Baran APMC,Black Gram(Urd Beans)(Whole),Other,Local,6400,7400,7200,09/04/2026
Rajasthan,Kota,Kota APMC,Black Gram(Urd Beans)(Whole),Other,Local,7200,7200,7200,09/04/2026
Rajasthan,Tonk,Dooni APMC,Black Gram(Urd Beans)(Whole),Black Gram (Whole),Local,4600,5100,4850,09/04/2026
Rajasthan,Jaipur,Jaipur (Grain) APMC,Black Gram(Urd Beans)(Whole),Black Gram (Whole),Grade Range-2,4950,4950,4950,09/04/2026
Rajasthan,Deeg,Kumher APMC,Black Gram(Urd Beans)(Whole),Other,Local,5500,5500,5500,09/04/2026
Karnataka,Raichur,Raichur APMC,Arhar(Tur/Red Gram)(Whole),Arhar Dal(Tur),Grade Range-1,6589,6589,6589,09/04/2026
Karnataka,Raichur,Lingasugur APMC,Arhar(Tur/Red Gram)(Whole),Arhar (Whole),Non-FAQ,7400,8000,7600,09/04/2026
Karnataka,Dharwad,Hubli (Amaragol) APMC,Arhar(Tur/Red Gram)(Whole),Arhar (Whole),Local,2011,4845,3448,09/04/2026
Karnataka,Bellary,Kottur APMC,Arhar(Tur/Red Gram)(Whole),Arhar (Whole),Local,2713,5400,5100,09/04/2026
Karnataka,Kalburgi,Chincholi APMC,Arhar(Tur/Red Gram)(Whole),Arhar (Whole),Non-FAQ,7600,7800,7700,09/04/2026
Karnataka,Bidar,Bhalki APMC,Arhar(Tur/Red Gram)(Whole),Arhar (Whole),Non-FAQ,6751,7551,7462,09/04/2026
Karnataka,Bidar,Aurad APMC,Arhar(Tur/Red Gram)(Whole),Arhar (Whole),Non-FAQ,7296,7639,7525,09/04/2026
Karnataka,Bijapur,Sindagi APMC,Arhar(Tur/Red Gram)(Whole),Arhar (Whole),Local,7400,7600,7500,09/04/2026
Karnataka,Gadag,Gadag APMC,Arhar(Tur/Red Gram)(Whole),Arhar (Whole),Non-FAQ,1864,4412,3563,09/04/2026
Karnataka,Bidar,Basava Kalayana APMC,Arhar(Tur/Red Gram)(Whole),Arhar (Whole),FAQ,5950,7640,7400,09/04/2026
Karnataka,Gadag,Laxmeshwar APMC,Arhar(Tur/Red Gram)(Whole),Arhar (Whole),Non-FAQ,4019,5869,4635,09/04/2026
Karnataka,Koppal,Koppal APMC,Arhar(Tur/Red Gram)(Whole),Arhar (Whole),Non-FAQ,5305,5305,5305,09/04/2026
Karnataka,Raichur,Raichur APMC,Arhar(Tur/Red Gram)(Whole),Red,FAQ,6439,8169,7810,09/04/2026
Karnataka,Kalburgi,Kalburgi APMC,Arhar(Tur/Red Gram)(Whole),Arhar (Whole),Local,6506,7769,7411,09/04/2026
Karnataka,Bijapur,Bijapur APMC,Arhar(Tur/Red Gram)(Whole),Arhar (Whole),Local,7274,7578,7450,09/04/2026
Karnataka,Dharwad,Hubli (Amaragol) APMC,Arhar Dal(Tur Dal),Arhar Dal(Tur),Local,10500,11700,11700,09/04/2026
Karnataka,Bidar,Bidar APMC,Bengal Gram(Gram)(Whole),Jawari/Local,Non-FAQ,4211,5463,5272,09/04/2026
Karnataka,Raichur,Raichur APMC,Bengal Gram(Gram)(Whole),Jawari/Local,Local,5069,5389,5289,09/04/2026
Karnataka,Gadag,Rona APMC,Bengal Gram(Gram)(Whole),Average (Whole),Non-FAQ,5100,5800,5400,09/04/2026
Karnataka,Kalburgi,Kalburgi APMC,Bengal Gram(Gram)(Whole),Average (Whole),Local,5139,5253,5239,09/04/2026
Karnataka,Bidar,Basava Kalayana APMC,Bengal Gram(Gram)(Whole),Average (Whole),FAQ,4800,5440,5250,09/04/2026
Karnataka,Gadag,Gadag APMC,Bengal Gram(Gram)(Whole),Average (Whole),Non-FAQ,2380,5425,5264,09/04/2026
Karnataka,Dharwad,Hubli (Amaragol) APMC,Bengal Gram(Gram)(Whole),Jawari/Local,Local,1811,5759,5261,09/04/2026
Karnataka,Koppal,Koppal APMC,Bengal Gram(Gram)(Whole),Average (Whole),Non-FAQ,5290,5820,5556,09/04/2026
Karnataka,Chikmagalur,Tarikere APMC,Bengal Gram(Gram)(Whole),Other,Local,5350,5350,5350,09/04/2026
Karnataka,Bidar,Bhalki APMC,Bengal Gram(Gram)(Whole),Average (Whole),Non-FAQ,5000,5401,5293,09/04/2026
Karnataka,Gadag,Laxmeshwar APMC,Bengal Gram(Gram)(Whole),Jawari/Local,Non-FAQ,4928,5305,5208,09/04/2026
Karnataka,Bijapur,Bijapur APMC,Bengal Gram(Gram)(Whole),Average (Whole),Local,5119,5500,5310,09/04/2026
Karnataka,Raichur,Lingasugur APMC,Bengal Gram(Gram)(Whole),Average (Whole),Non-FAQ,5000,5200,5000,09/04/2026
Karnataka,Dharwad,Hubli (Amaragol) APMC,Alasande Gram,Alasande Gram,Local,3971,6166,4570,09/04/2026
Karnataka,Kalburgi,Kalburgi APMC,Alasande Gram,Alasande Gram,Local,3500,4000,3800,09/04/2026
Karnataka,Gadag,Gadag APMC,Green Gram(Moong)(Whole),Green (Whole),Non-FAQ,1009,8969,5108,09/04/2026
Karnataka,Dharwad,Hubli (Amaragol) APMC,Green Gram(Moong)(Whole),Green (Whole),Local,3410,5100,4598,09/04/2026
Karnataka,Bidar,Bhalki APMC,Green Gram(Moong)(Whole),Green (Whole),Non-FAQ,3500,4501,4240,09/04/2026
Karnataka,Bidar,Bidar APMC,Green Gram(Moong)(Whole),Hybrid,Non-FAQ,4000,5517,4722,09/04/2026
Karnataka,Koppal,Koppal APMC,Green Gram(Moong)(Whole),Medium,Non-FAQ,6111,7850,7196,09/04/2026
Karnataka,Gadag,Laxmeshwar APMC,Green Gram(Moong)(Whole),Green (Whole),Non-FAQ,2425,6899,4153,09/04/2026
Karnataka,Kalburgi,Kalburgi APMC,Green Gram(Moong)(Whole),Green (Whole),Non-FAQ,3500,6100,5500,09/04/2026
Karnataka,Bangalore,Bangalore APMC,Green Gram(Moong)(Whole),Green (Whole),FAQ,9500,13000,11250,09/04/2026
Karnataka,Bidar,Bidar APMC,Black Gram(Urd Beans)(Whole),Black Gram (Whole),Non-FAQ,3666,6625,5593,09/04/2026
Karnataka,Kalburgi,Kalburgi APMC,Black Gram(Urd Beans)(Whole),Black Gram (Whole),Non-FAQ,3300,6000,5000,09/04/2026
Karnataka,Gadag,Gadag APMC,Black Gram(Urd Beans)(Whole),Black Gram (Whole),Non-FAQ,1012,5612,4127,09/04/2026
Karnataka,Dharwad,Hubli (Amaragol) APMC,Black Gram Dal(Urd Dal),Black Gram Dal,Local,13200,14600,13200,09/04/2026
Karnataka,Dharwad,Hubli (Amaragol) APMC,Bengal Gram Dal(Chana Dal),Bengal Gram Dal,Local,6450,6600,6450,09/04/2026
Karnataka,Bidar,Basava Kalayana APMC,Black Gram(Urd Beans)(Whole),Black Gram (Whole),Non-FAQ,4350,5700,4350,09/04/2026
Karnataka,Bangalore,Bangalore APMC,Black Gram(Urd Beans)(Whole),Black Gram (Whole),FAQ,9800,15000,12400,09/04/2026
Karnataka,Dharwad,Hubli (Amaragol) APMC,Black Gram(Urd Beans)(Whole),Black Gram (Whole),Local,3570,7266,6964,09/04/2026
Karnataka,Dharwad,Hubli (Amaragol) APMC,Green Gram Dal(Moong Dal),Green Gram Dal,Local,9000,9311,9000,09/04/2026
Karnataka,Koppal,Koppal APMC,Black Gram(Urd Beans)(Whole),Black Gram (Whole),Non-FAQ,4160,8350,8102,09/04/2026
Karnataka,Gadag,Laxmeshwar APMC,Black Gram(Urd Beans)(Whole),Black Gram (Whole),Non-FAQ,5150,5250,5200,09/04/2026
Gujarat,Vadodara(Baroda),Vagodiya APMC,Arhar(Tur/Red Gram)(Whole),Desi(Whole),Local,8000,8000,8000,09/04/2026
Gujarat,Jamnagar,Kalawad APMC,Arhar(Tur/Red Gram)(Whole),Other,Local,4500,7075,6515,09/04/2026
Gujarat,Bhavnagar,Taleja APMC,Arhar(Tur/Red Gram)(Whole),Other,FAQ,5000,7165,6085,09/04/2026
Gujarat,Morbi,APMC HALVAD,Arhar(Tur/Red Gram)(Whole),Local,Local,5500,7250,6650,09/04/2026
Gujarat,Patan,Sami APMC,Arhar(Tur/Red Gram)(Whole),777 New Ind,Local,6250,6625,6500,09/04/2026
Gujarat,Amreli,Rajula APMC,Arhar(Tur/Red Gram)(Whole),Other,Local,5250,7125,6188,09/04/2026
Gujarat,Bhavnagar,Bhavnagar APMC,Arhar(Tur/Red Gram)(Whole),Other,FAQ,6248,6248,6248,09/04/2026
Gujarat,Botad,Botad APMC,Arhar(Tur/Red Gram)(Whole),Other,FAQ,5500,6750,6150,09/04/2026
Gujarat,Bhavnagar,Palitana APMC,Arhar(Tur/Red Gram)(Whole),Other,Local,4900,6600,5750,09/04/2026
Gujarat,Surendranagar,Dhragradhra APMC,Arhar(Tur/Red Gram)(Whole),Arhar Dal(Tur),Local,6275,6275,6275,09/04/2026
Gujarat,Amreli,Dhari APMC,Arhar(Tur/Red Gram)(Whole),777 New Ind,Non-FAQ,6000,7055,6970,09/04/2026
Gujarat,Sabarkantha,Vadali APMC,Arhar(Tur/Red Gram)(Whole),Other,Non-FAQ,6000,6900,6450,09/04/2026
Gujarat,Rajkot,Rajkot APMC,Arhar(Tur/Red Gram)(Whole),Arhar (Whole),FAQ,6250,8150,7500,09/04/2026
Gujarat,Rajkot,Jetpur(Dist.Rajkot) APMC,Arhar(Tur/Red Gram)(Whole),Arhar (Whole),FAQ,6000,7605,7250,09/04/2026
Gujarat,Junagarh,Junagadh APMC,Arhar(Tur/Red Gram)(Whole),Arhar (Whole),FAQ,6100,8440,7300,09/04/2026
Gujarat,Rajkot,Dhoraji APMC,Arhar(Tur/Red Gram)(Whole),Medium,Non-FAQ,5105,7355,6505,09/04/2026
Gujarat,Amreli,Savarkundla APMC,Arhar(Tur/Red Gram)(Whole),Other,Local,6500,7605,7105,09/04/2026
Gujarat,Sabarkantha,Himatnagar APMC,Arhar(Tur/Red Gram)(Whole),Local,Local,4750,5365,5000,09/04/2026
Gujarat,Surat,Vyra APMC,Arhar(Tur/Red Gram)(Whole),Arhar (Whole),FAQ,6250,8250,7250,09/04/2026
Gujarat,Amreli,Amreli APMC,Arhar(Tur/Red Gram)(Whole),Other,FAQ,3500,7550,7375,09/04/2026
Gujarat,Amreli,Bagasara APMC,Arhar(Tur/Red Gram)(Whole),777 New Ind,Local,5500,7400,6450,09/04/2026
Gujarat,Jamnagar,Jamnagar APMC,Arhar(Tur/Red Gram)(Whole),Other,Local,6400,7400,7150,09/04/2026
Gujarat,Jamnagar,Dhrol APMC,Arhar(Tur/Red Gram)(Whole),Other,Local,5000,6825,5915,09/04/2026
Gujarat,Dahod,Dahod APMC,Arhar(Tur/Red Gram)(Whole),Arhar (Whole),Non-FAQ,6100,6400,6300,09/04/2026
Gujarat,Surendranagar,Chotila APMC,Arhar(Tur/Red Gram)(Whole),Arhar (Whole),FAQ,6500,7250,7000,09/04/2026
Gujarat,Mehsana,Kadi APMC,Arhar(Tur/Red Gram)(Whole),Arhar (Whole),FAQ,6010,7550,7200,09/04/2026
Gujarat,Banaskanth,Tharad APMC,Red Gram,Other,Local,4750,5055,4950,09/04/2026
Gujarat,Morbi,Morbi APMC,Red Gram,Other,FAQ,4500,5190,4865,09/04/2026
Gujarat,Morbi,Morbi APMC,Arhar Dal(Tur Dal),Arhar Dal(Tur),FAQ,5750,7210,6480,09/04/2026
Gujarat,Amreli,Amreli APMC,Chili Red,Bold,FAQ,20000,48000,41500,09/04/2026
Gujarat,Porbandar,Porbandar APMC,Chili Red,Other,FAQ,7500,39000,23250,09/04/2026
Gujarat,Amreli,Amreli APMC,Chili Red,Red,FAQ,7500,25000,20000,09/04/2026
Gujarat,Sabarkantha,Himatnagar APMC,Bengal Gram(Gram)(Whole),Desi (Whole),Local,5170,6175,5700,09/04/2026
Gujarat,Ahmedabad,Viramgam APMC,Bengal Gram(Gram)(Whole),Desi (Whole),Local,5070,5145,5110,09/04/2026
Gujarat,Amreli,Bagasara APMC,Bengal Gram(Gram)(Whole),Desi (Whole),Local,5100,5150,5125,09/04/2026
Gujarat,Dahod,Jhalod APMC,Bengal Gram(Gram)(Whole),Desi (Whole),Local,5000,5000,5000,09/04/2026
Gujarat,Amreli,Dhari APMC,Bengal Gram(Gram)(Whole),White (whole),Non-FAQ,5530,5530,5530,09/04/2026
Gujarat,Bhavnagar,Bhavnagar APMC,Bengal Gram(Gram)(Whole),Other,FAQ,6530,6530,6530,09/04/2026
Gujarat,Botad,Botad APMC,Bengal Gram(Gram)(Whole),Other,FAQ,4900,5295,5150,09/04/2026
Gujarat,Rajkot,Dhoraji APMC,Bengal Gram(Gram)(Whole),Desi (Whole),Non-FAQ,4555,5180,5130,09/04/2026
Gujarat,Bhavnagar,Palitana APMC,Bengal Gram(Gram)(Whole),Medium,Local,4000,5065,4530,09/04/2026
Gujarat,Patan,Radhanpur APMC,Bengal Gram(Gram)(Whole),Other,Local,5000,5240,5150,09/04/2026
Gujarat,Rajkot,Jetpur(Dist.Rajkot) APMC,Bengal Gram(Gram)(Whole),Desi (Whole),FAQ,5000,5355,5200,09/04/2026
Gujarat,Sabarkantha,Bhiloda APMC,Bengal Gram(Gram)(Whole),Desi (Whole),Non-FAQ,4900,5150,5025,09/04/2026
Gujarat,Rajkot,Rajkot APMC,Bengal Gram(Gram)(Whole),White (whole),FAQ,5625,8925,8500,09/04/2026
Gujarat,Jamnagar,Kalawad APMC,Bengal Gram(Gram)(Whole),Other,Local,4960,5270,5150,09/04/2026
Gujarat,Bhavnagar,Taleja APMC,Bengal Gram(Gram)(Whole),Other,FAQ,4500,5400,4950,09/04/2026
Gujarat,Morbi,APMC HALVAD,Bengal Gram(Gram)(Whole),Other,Local,4750,5400,5225,09/04/2026
Gujarat,Dahod,Dahod APMC,Bengal Gram(Gram)(Whole),Desi (Whole),Local,5250,5300,5275,09/04/2026
Gujarat,Sabarkantha,Talod APMC,Bengal Gram(Gram)(Whole),999,FAQ,5000,5300,5150,09/04/2026
Gujarat,Surendranagar,Chotila APMC,Bengal Gram(Gram)(Whole),Other,FAQ,4750,5200,5000,09/04/2026
Gujarat,Rajkot,Rajkot APMC,Bengal Gram(Gram)(Whole),Desi (Whole),FAQ,4675,5410,5225,09/04/2026
Gujarat,Jamnagar,Jamnagar APMC,Bengal Gram(Gram)(Whole),Other,Local,5000,5350,5285,09/04/2026
Gujarat,Patan,Sami APMC,Bengal Gram(Gram)(Whole),Average (Whole),Local,5175,5265,5210,09/04/2026
Gujarat,Amreli,Amreli APMC,Bengal Gram(Gram)(Whole),Other,FAQ,4150,5300,5175,09/04/2026
Gujarat,Amreli,Savarkundla APMC,Bengal Gram(Gram)(Whole),Average (Whole),Local,5000,5360,5225,09/04/2026
Gujarat,Banaskanth,Vadgam APMC,Bengal Gram(Gram)(Whole),Other,FAQ,4750,4750,4750,09/04/2026
Gujarat,Jamnagar,Dhrol APMC,Bengal Gram(Gram)(Whole),Other,Local,4175,5275,4725,09/04/2026
Gujarat,Morbi,APMC HALVAD,Bengal Gram(Gram)(Whole),Small (Split),Local,5000,8625,8000,09/04/2026
Gujarat,Surat,Vyra APMC,Bengal Gram(Gram)(Whole),Average (Whole),FAQ,5100,5600,5350,09/04/2026
Gujarat,Amreli,Dhari APMC,Bengal Gram(Gram)(Whole),Other,Non-FAQ,4750,5165,5105,09/04/2026
Gujarat,Navsari,Navsari APMC,Pegeon Pea(Arhar Fali),Pigeon Pea (Arhar Fali),Local,7000,8000,7500,09/04/2026
Gujarat,Surat,Surat APMC,Pegeon Pea(Arhar Fali),Other,FAQ,3500,12000,7750,09/04/2026
Gujarat,Amreli,Amreli APMC,Big Gram,Other,FAQ,5125,7650,7150,09/04/2026
Gujarat,Surat,Vyra APMC,Green Gram(Moong)(Whole),Other,FAQ,8500,9000,8750,09/04/2026
Gujarat,Junagarh,Junagadh APMC,Green Gram(Moong)(Whole),Green (Whole),FAQ,5000,8850,7500,09/04/2026
Gujarat,Porbandar,Porbandar APMC,Green Gram(Moong)(Whole),Green (Whole),Non-FAQ,6250,7500,6875,09/04/2026
Gujarat,Porbandar,Porbandar APMC,Kulthi(Horse Gram),Horse gram (Whole),Local,4700,5025,4860,09/04/2026
Gujarat,Sabarkantha,APMCKHEDBRAHMA,Kulthi(Horse Gram),Other,FAQ,4900,5000,4950,09/04/2026
Gujarat,Mehsana,Kadi APMC,Kulthi(Horse Gram),Horse gram (Whole),FAQ,4825,5100,5025,09/04/2026
Gujarat,Junagarh,Junagadh APMC,Kulthi(Horse Gram),Horse gram (Whole),FAQ,4750,5375,5150,09/04/2026
Gujarat,Dahod,Dahod APMC,Green Gram(Moong)(Whole),Green (Whole),Local,5700,7200,6500,09/04/2026
Gujarat,Rajkot,Rajkot APMC,Green Gram(Moong)(Whole),Green (Whole),FAQ,4500,10750,7900,09/04/2026
Gujarat,Banaskanth,Palanpur APMC,Black Gram(Urd Beans)(Whole),Desi,Local,5105,5105,5105,09/04/2026
Gujarat,Rajkot,Rajkot APMC,Black Gram(Urd Beans)(Whole),Black Gram (Whole),FAQ,6550,8555,7600,09/04/2026
Gujarat,Amreli,Rajula APMC,Black Gram(Urd Beans)(Whole),Local,Local,4500,7505,6003,09/04/2026
Gujarat,Junagarh,Junagadh APMC,Black Gram(Urd Beans)(Whole),Black Gram (Whole),FAQ,5000,7600,6500,09/04/2026
Gujarat,Surat,Vyra APMC,Black Gram(Urd Beans)(Whole),Other,FAQ,8000,8750,8375,09/04/2026
Gujarat,Sabarkantha,Vadali APMC,Black Gram(Urd Beans)(Whole),Other,Non-FAQ,6500,7000,6750,09/04/2026
Gujarat,Porbandar,Porbandar APMC,Black Gram(Urd Beans)(Whole),Black Gram (Whole),Non-FAQ,7150,7150,7150,09/04/2026
Gujarat,Amreli,Amreli APMC,Black Gram(Urd Beans)(Whole),Other,FAQ,3500,4750,4750,09/04/2026
Punjab,Fazilka,Jalalabad APMC,Gram Raw(Chholia),Other,Medium,1300,1400,1300,09/04/2026
Punjab,Bhatinda,Talwandi Sabo APMC,Gram Raw(Chholia),Other,Grade A,1200,1800,1500,09/04/2026
Andhra Pradesh,Kurnool,Kurnool APMC,Arhar(Tur/Red Gram)(Whole),Local,Local,3000,7870,6870,09/04/2026
Andhra Pradesh,Palnadu,Gurazala APMC,Chili Red,Red,Grade Range-1,11000,22500,19000,09/04/2026
Andhra Pradesh,Palnadu,Gurazala APMC,Chili Red,Red,Local,10500,19500,17000,09/04/2026
Andhra Pradesh,Kurnool,Kurnool APMC,Bengal Gram(Gram)(Whole),Desi (Whole),Local,4569,5330,5322,09/04/2026
Andhra Pradesh,Kurnool,Adoni APMC,Bengal Gram(Gram)(Whole),Desi (Whole),FAQ,4906,4916,4916,09/04/2026
Andhra Pradesh,Kurnool,Kurnool APMC,Black Gram(Urd Beans)(Whole),Black Gram (Whole),Local,2222,7911,7850,09/04/2026
West Bengal,Darjeeling,Siliguri APMC,Arhar Dal(Tur Dal),Arhar Dal(Tur),FAQ,11300,11700,11500,09/04/2026
West Bengal,Paschim Bardhaman,Asansol APMC,Arhar Dal(Tur Dal),Arhar Dal(Tur),FAQ,12050,12250,12100,09/04/2026
West Bengal,Howrah,Ramkrishanpur(Howrah) APMC,Green Gram Dal(Moong Dal),Green Gram Dal,FAQ,10800,11200,11000,09/04/2026
West Bengal,Darjeeling,Siliguri APMC,Black Gram Dal(Urd Dal),Black Gram Dal,FAQ,9900,10100,10000,09/04/2026
West Bengal,Paschim Bardhaman,Asansol APMC,Green Gram Dal(Moong Dal),Green Gram Dal,FAQ,11900,12100,12050,09/04/2026
West Bengal,Darjeeling,Siliguri APMC,Green Gram Dal(Moong Dal),Green Gram Dal,FAQ,9600,9800,9700,09/04/2026
Telangana,Ranga Reddy,Tanduru APMC,Arhar(Tur/Red Gram)(Whole),Local,Local,13410,15750,15214,09/04/2026
Telangana,Medak,Zaheerabad APMC,Arhar(Tur/Red Gram)(Whole),Arhar (Whole),Local,5000,7400,7000,09/04/2026
Telangana,Nalgonda,Suryapeta APMC,Arhar(Tur/Red Gram)(Whole),Local,Local,4397,7259,7041,09/04/2026
Telangana,Karimnagar,Choppadandi APMC,Arhar(Tur/Red Gram)(Whole),Hybrid,Non-FAQ,5002,7612,7066,09/04/2026
Telangana,Nalgonda,Tirumalagiri APMC,Arhar(Tur/Red Gram)(Whole),Local,Local,6600,7330,7060,09/04/2026
Telangana,Karimnagar,Jagtial APMC,Arhar(Tur/Red Gram)(Whole),Hybrid,Non-FAQ,5800,6808,6786,09/04/2026
Telangana,Mahbubnagar,Narayanpet APMC,Arhar(Tur/Red Gram)(Whole),Local,Non-FAQ,6809,7139,7139,09/04/2026
Telangana,Mahbubnagar,Gadwal APMC,Red Gram,Local,Local,6429,6759,6516,09/04/2026
Telangana,Mahbubnagar,Atmakur APMC,Red Gram,Local,Local,7000,7000,7000,09/04/2026
Telangana,Warangal,Kesamudram APMC,Red Gram,Local,Local,6673,7239,7239,09/04/2026
Telangana,Medak,Zaheerabad APMC,Bengal Gram(Gram)(Whole),Average (Whole),Local,5210,5375,5300,09/04/2026
Telangana,Ranga Reddy,Tanduru APMC,Bengal Gram(Gram)(Whole),Desi (Whole),Local,10638,10770,10750,09/04/2026
Telangana,Mahbubnagar,Narayanpet APMC,Green Gram(Moong)(Whole),Local,Non-FAQ,8205,8205,8205,09/04/2026
Telangana,Nalgonda,Suryapeta APMC,Green Gram(Moong)(Whole),Local,Local,6972,7673,7394,09/04/2026
Telangana,Mahbubnagar,Nagarkurnool APMC,Green Gram(Moong)(Whole),Local,Local,6810,6810,6810,09/04/2026
Telangana,Nalgonda,Suryapeta APMC,Kulthi(Horse Gram),Other,Local,3819,3819,3819,09/04/2026
Telangana,Mahbubnagar,Nagarkurnool APMC,Black Gram Dal(Urd Dal),Black Gram Dal,Local,7686,8216,8056,09/04/2026
Telangana,Medak,Zaheerabad APMC,Black Gram(Urd Beans)(Whole),Black Gram (Whole),Local,5200,5200,5200,09/04/2026
Telangana,Warangal,Kesamudram APMC,Green Gram Dal(Moong Dal),Local,Local,7619,7619,7619,09/04/2026
Telangana,Nalgonda,Suryapeta APMC,Black Gram(Urd Beans)(Whole),Local,Local,6509,6509,6509,09/04/2026
Madhya Pradesh,Narsinghpur,Kareli APMC,Green Gram(Moong)(Whole),Green (Whole),FAQ,5910,7000,7000,09/04/2026
Madhya Pradesh,Harda,Khirakiya APMC,Green Gram(Moong)(Whole),Green (Whole),Non-FAQ,5200,8171,6300,09/04/2026
Madhya Pradesh,Raisen,Udaipura APMC,Green Gram(Moong)(Whole),Green (Whole),FAQ,6605,6875,6875,09/04/2026
Madhya Pradesh,Harda,Timarni APMC,Green Gram(Moong)(Whole),Green (Whole),FAQ,4600,7650,6800,09/04/2026
Madhya Pradesh,Khandwa,Khandwa APMC,Green Gram(Moong)(Whole),Green (Whole),FAQ,7875,7875,7875,09/04/2026
Madhya Pradesh,Hoshangabad,Banapura APMC,Green Gram(Moong)(Whole),Green (Whole),FAQ,5100,7730,7400,09/04/2026
Madhya Pradesh,Jabalpur,Jabalpur APMC,Green Gram(Moong)(Whole),Green (Whole),FAQ,3050,6895,6305,09/04/2026
Madhya Pradesh,Jabalpur,Sehora APMC,Green Gram(Moong)(Whole),Green (Whole),FAQ,4800,8000,8000,09/04/2026
Madhya Pradesh,Khandwa,Harsood APMC,Green Gram(Moong)(Whole),Green (Whole),FAQ,4000,8026,8026,09/04/2026
Madhya Pradesh,Khargone,Sanawad APMC,Green Gram(Moong)(Whole),Green (Whole),FAQ,8000,8275,8275,09/04/2026
Madhya Pradesh,Jabalpur,Paatan APMC,Green Gram(Moong)(Whole),Green (Whole),FAQ,6000,6940,6940,09/04/2026
Madhya Pradesh,Satna,Satna APMC,Green Gram(Moong)(Whole),Green (Whole),FAQ,5800,5800,5800,09/04/2026
Madhya Pradesh,Hoshangabad,Itarsi APMC,Green Gram(Moong)(Whole),Green (Whole),FAQ,2505,7099,6655,09/04/2026
Madhya Pradesh,Dewas,Khategaon APMC,Green Gram(Moong)(Whole),Green (Whole),FAQ,2001,7310,7310,09/04/2026
Madhya Pradesh,Sehore,Nasrullaganj APMC,Green Gram(Moong)(Whole),Green (Whole),Non-FAQ,2000,6500,6500,09/04/2026
Madhya Pradesh,Raisen,Bareli APMC,Green Gram(Moong)(Whole),Green (Whole),FAQ,6250,6250,6250,09/04/2026
Madhya Pradesh,Hoshangabad,Bankhedi APMC,Green Gram(Moong)(Whole),Green (Whole),FAQ,5500,6000,6000,09/04/2026
Madhya Pradesh,Sehore,Rehati APMC,Green Gram(Moong)(Whole),Green (Whole),FAQ,5200,5200,5200,09/04/2026
Madhya Pradesh,Hoshangabad,Pipariya APMC,Green Gram(Moong)(Whole),Green (Whole),FAQ,1500,8000,7000,09/04/2026
Madhya Pradesh,Harda,Harda APMC,Green Gram(Moong)(Whole),Green (Whole),FAQ,2151,8001,7100,09/04/2026
Maharashtra,Jalgaon,Pachora APMC,Green Gram(Moong)(Whole),Other,Non-FAQ,5000,5000,5000,09/04/2026
Maharashtra,Mumbai,Mumbai APMC,Green Gram(Moong)(Whole),Other,FAQ,8900,12000,10500,09/04/2026
Maharashtra,Pune,Pune APMC,Green Gram(Moong)(Whole),Green (Whole),FAQ,9000,9500,9250,09/04/2026
Maharashtra,Vashim,Washim APMC,Green Gram(Moong)(Whole),Other,Non-FAQ,3300,5602,4550,09/04/2026
Maharashtra,Amarawati,Amarawati APMC,Green Gram(Moong)(Whole),Other,Non-FAQ,6500,7200,6850,09/04/2026
Maharashtra,Nagpur,Nagpur APMC,Green Gram(Moong)(Whole),Other,Non-FAQ,6700,7000,6925,09/04/2026
Maharashtra,Nagpur,Umared APMC,Green Gram(Moong)(Whole),Other,Non-FAQ,6000,6310,6200,09/04/2026
Maharashtra,Nashik,Malegaon APMC,Green Gram(Moong)(Whole),Green (Whole),Non-FAQ,4000,4000,4000,09/04/2026
Maharashtra,Mumbai,Mumbai APMC,Green Gram Dal(Moong Dal),Other,Local,7000,12500,10800,09/04/2026
Uttar Pradesh,Saharanpur,Saharanpur APMC,Green Gram(Moong)(Whole),Other,FAQ,10111.96,10111.96,10111.96,09/04/2026
Uttar Pradesh,Lucknow,Lucknow APMC,Green Gram Dal(Moong Dal),Other,FAQ,9500,9528.57,9518.18,09/04/2026
Uttar Pradesh,Gorakhpur,Gorakhpur APMC,Green Gram Dal(Moong Dal),Other,FAQ,10672,10672,10672,09/04/2026
Uttar Pradesh,Prayagraj,Prayagraj APMC,Green Gram Dal(Moong Dal),Other,FAQ,7000,7000,7000,09/04/2026
Uttar Pradesh,Bareilly,Bareilly APMC,Green Gram Dal(Moong Dal),Other,FAQ,9550,10150,9688.89,09/04/2026
Uttar Pradesh,Farukhabad,Farukhabad APMC,Green Gram Dal(Moong Dal),Green Gram Dal,FAQ,9000,9400,9200,09/04/2026
Uttar Pradesh,Saharanpur,Saharanpur APMC,Green Gram Dal(Moong Dal),Other,FAQ,10507.96,13287.75,10614.33,09/04/2026
Rajasthan,Nagaur,Nagaur APMC,Green Gram(Moong)(Whole),Other,Local,5000,7800,7300,09/04/2026
Karnataka,Dharwad,Hubli (Amaragol) APMC,Green Gram(Moong)(Whole),Green (Whole),Local,3410,5100,4598,09/04/2026
Karnataka,Bidar,Bhalki APMC,Green Gram(Moong)(Whole),Green (Whole),Non-FAQ,3500,4501,4240,09/04/2026
Karnataka,Bidar,Bidar APMC,Green Gram(Moong)(Whole),Hybrid,Non-FAQ,4000,5517,4722,09/04/2026
Karnataka,Kalburgi,Kalburgi APMC,Green Gram(Moong)(Whole),Green (Whole),Non-FAQ,3500,6100,5500,09/04/2026
Karnataka,Bangalore,Bangalore APMC,Green Gram(Moong)(Whole),Green (Whole),FAQ,9500,13000,11250,09/04/2026
Karnataka,Gadag,Gadag APMC,Green Gram(Moong)(Whole),Green (Whole),Non-FAQ,1009,8969,5108,09/04/2026
Karnataka,Koppal,Koppal APMC,Green Gram(Moong)(Whole),Medium,Non-FAQ,6111,7850,7196,09/04/2026
Karnataka,Gadag,Laxmeshwar APMC,Green Gram(Moong)(Whole),Green (Whole),Non-FAQ,2425,6899,4153,09/04/2026
Karnataka,Dharwad,Hubli (Amaragol) APMC,Green Gram Dal(Moong Dal),Green Gram Dal,Local,9000,9311,9000,09/04/2026
Gujarat,Dahod,Dahod APMC,Green Gram(Moong)(Whole),Green (Whole),Local,5700,7200,6500,09/04/2026
Gujarat,Surat,Vyra APMC,Green Gram(Moong)(Whole),Other,FAQ,8500,9000,8750,09/04/2026
Gujarat,Junagarh,Junagadh APMC,Green Gram(Moong)(Whole),Green (Whole),FAQ,5000,8850,7500,09/04/2026
Gujarat,Porbandar,Porbandar APMC,Green Gram(Moong)(Whole),Green (Whole),Non-FAQ,6250,7500,6875,09/04/2026
Gujarat,Rajkot,Rajkot APMC,Green Gram(Moong)(Whole),Green (Whole),FAQ,4500,10750,7900,09/04/2026
West Bengal,Howrah,Ramkrishanpur(Howrah) APMC,Green Gram Dal(Moong Dal),Green Gram Dal,FAQ,10800,11200,11000,09/04/2026
West Bengal,Darjeeling,Siliguri APMC,Green Gram Dal(Moong Dal),Green Gram Dal,FAQ,9600,9800,9700,09/04/2026
West Bengal,Paschim Bardhaman,Asansol APMC,Green Gram Dal(Moong Dal),Green Gram Dal,FAQ,11900,12100,12050,09/04/2026
Telangana,Mahbubnagar,Narayanpet APMC,Green Gram(Moong)(Whole),Local,Non-FAQ,8205,8205,8205,09/04/2026
Telangana,Nalgonda,Suryapeta APMC,Green Gram(Moong)(Whole),Local,Local,6972,7673,7394,09/04/2026
Telangana,Mahbubnagar,Nagarkurnool APMC,Green Gram(Moong)(Whole),Local,Local,6810,6810,6810,09/04/2026
Telangana,Warangal,Kesamudram APMC,Green Gram Dal(Moong Dal),Local,Local,7619,7619,7619,09/04/2026
Madhya Pradesh,Dewas,Sonkatch APMC,Kabuli Chana(Chickpeas-White),Dollar Gram,FAQ,7400,7400,7400,09/04/2026
Madhya Pradesh,Khargone,Karhi APMC,Kabuli Chana(Chickpeas-White),Dollar Gram,FAQ,6455,9010,7700,09/04/2026
Madhya Pradesh,Shajapur,Shujalpur APMC,Kabuli Chana(Chickpeas-White),Dollar Gram,FAQ,3200,8400,7000,09/04/2026
Madhya Pradesh,Dewas,Dewas APMC,Kabuli Chana(Chickpeas-White),Dollar Gram,FAQ,3500,8950,8200,09/04/2026
Madhya Pradesh,Dhar,Dhar APMC,Kabuli Chana(Chickpeas-White),Bitkey,FAQ,4200,4800,4800,09/04/2026
Madhya Pradesh,Dewas,Khategaon APMC,Kabuli Chana(Chickpeas-White),Dollar Gram,FAQ,2000,7800,6550,09/04/2026
Madhya Pradesh,Hoshangabad,Banapura APMC,Kabuli Chana(Chickpeas-White),Russian,FAQ,3697,3697,3697,09/04/2026
Madhya Pradesh,Badwani,Sendhwa APMC,Kabuli Chana(Chickpeas-White),Dollar Gram,FAQ,6000,6000,6000,09/04/2026
Madhya Pradesh,Khargone,Khargone APMC,Kabuli Chana(Chickpeas-White),Dollar Gram,FAQ,6000,8980,8300,09/04/2026
Madhya Pradesh,Khandwa,Khandwa APMC,Kabuli Chana(Chickpeas-White),Dollar Gram,Non-FAQ,7200,8000,7500,09/04/2026
Madhya Pradesh,Khandwa,Khandwa APMC,Kabuli Chana(Chickpeas-White),Dollar Gram,FAQ,5301,8150,7401,09/04/2026
Madhya Pradesh,Indore,Mhow APMC,Kabuli Chana(Chickpeas-White),Dollar Gram,Non-FAQ,7600,7600,7600,09/04/2026
Madhya Pradesh,Indore,Mhow APMC,Kabuli Chana(Chickpeas-White),Bitkey,FAQ,3501,5531,5531,09/04/2026
Madhya Pradesh,Indore,Indore APMC,Kabuli Chana(Chickpeas-White),Dollar Gram,FAQ,4605,9210,8200,09/04/2026
Madhya Pradesh,Shajapur,Shajapur APMC,Kabuli Chana(Chickpeas-White),Bitkey,FAQ,4000,4000,4000,09/04/2026
Madhya Pradesh,Ujjain,Ujjain APMC,Kabuli Chana(Chickpeas-White),Dollar Gram,FAQ,5260,7799,7799,09/04/2026
Madhya Pradesh,Neemuch,Neemuch APMC,Kabuli Chana(Chickpeas-White),Dollar Gram,Non-FAQ,5300,8000,6200,09/04/2026
Madhya Pradesh,Sehore,Ashta APMC,Kabuli Chana(Chickpeas-White),Dollar Gram,FAQ,5741,8366,8366,09/04/2026
Madhya Pradesh,Dhar,Dhamnod APMC,Kabuli Chana(Chickpeas-White),Bitkey,FAQ,4000,5740,5740,09/04/2026
Madhya Pradesh,Dhar,Kukshi APMC,Kabuli Chana(Chickpeas-White),Dollar Gram,FAQ,6820,8215,7700,09/04/2026
Madhya Pradesh,Ujjain,Tarana APMC,Kabuli Chana(Chickpeas-White),Bitkey,FAQ,4952,5285,5285,09/04/2026
Madhya Pradesh,Shajapur,Agar APMC,Kabuli Chana(Chickpeas-White),Dollar Gram,FAQ,4750,8401,7501,09/04/2026
Madhya Pradesh,Dhar,Manawar APMC,Kabuli Chana(Chickpeas-White),Dollar Gram,FAQ,7100,8800,8000,09/04/2026
Madhya Pradesh,Khargone,Sanawad APMC,Kabuli Chana(Chickpeas-White),Dollar Gram,FAQ,5785,8700,7100,09/04/2026
Madhya Pradesh,Khargone,Badwaha APMC,Kabuli Chana(Chickpeas-White),Dollar Gram,FAQ,6505,6505,6505,09/04/2026
Madhya Pradesh,Khargone,Segaon APMC,Kabuli Chana(Chickpeas-White),Dollar Gram,Non-FAQ,8050,8850,8850,09/04/2026
Madhya Pradesh,Badwani,Balwadi APMC,Kabuli Chana(Chickpeas-White),Dollar Gram,FAQ,8000,8100,8100,09/04/2026
Madhya Pradesh,Ratlam,Jaora APMC,Kabuli Chana(Chickpeas-White),Dollar Gram,Non-FAQ,7389,7604,7514,09/04/2026
Madhya Pradesh,Ratlam,Ratlam APMC,Kabuli Chana(Chickpeas-White),Dollar Gram,FAQ,3300,8890,7490,09/04/2026
Madhya Pradesh,Shajapur,Shajapur APMC,Kabuli Chana(Chickpeas-White),Dollar Gram,FAQ,4105,8800,8800,09/04/2026
Madhya Pradesh,Khargone,Khargone APMC,Kabuli Chana(Chickpeas-White),Bitkey,FAQ,5605,5605,5605,09/04/2026
Madhya Pradesh,Harda,Harda APMC,Kabuli Chana(Chickpeas-White),Dollar Gram,FAQ,2890,7880,7501,09/04/2026
Madhya Pradesh,Dhar,Badnawar APMC,Kabuli Chana(Chickpeas-White),Dollar Gram,FAQ,5075,5700,5700,09/04/2026
Madhya Pradesh,Dhar,Manawar APMC,Kabuli Chana(Chickpeas-White),Dollar Gram,Non-FAQ,7600,7650,7650,09/04/2026
Madhya Pradesh,Dhar,Manawar APMC,Kabuli Chana(Chickpeas-White),Bitkey,FAQ,5010,5090,5090,09/04/2026
Madhya Pradesh,Khargone,Sanawad APMC,Kabuli Chana(Chickpeas-White),Bitkey,FAQ,4700,5145,4700,09/04/2026
Madhya Pradesh,Badwani,Anjad APMC,Kabuli Chana(Chickpeas-White),Dollar Gram,FAQ,5210,8800,8000,09/04/2026
Madhya Pradesh,Ujjain,Badnagar APMC,Kabuli Chana(Chickpeas-White),Dollar Gram,FAQ,3260,7860,6500,09/04/2026
Madhya Pradesh,Ratlam,Jaora APMC,Kabuli Chana(Chickpeas-White),Dollar Gram,FAQ,3200,9001,7000,09/04/2026
Madhya Pradesh,Dhar,Dhar APMC,Kabuli Chana(Chickpeas-White),Dollar Gram,FAQ,4300,8205,6800,09/04/2026
Madhya Pradesh,Indore,Mhow APMC,Kabuli Chana(Chickpeas-White),Dollar Gram,FAQ,6600,7551,7551,09/04/2026
Madhya Pradesh,Indore,Mhow APMC,Kabuli Chana(Chickpeas-White),Bitkey,Non-FAQ,4670,5551,5551,09/04/2026
Madhya Pradesh,Burhanpur,Burhanpur APMC,Kabuli Chana(Chickpeas-White),Dollar Gram,FAQ,7601,7899,7899,09/04/2026
Madhya Pradesh,Dhar,Dhamnod APMC,Kabuli Chana(Chickpeas-White),Dollar Gram,FAQ,6505,9030,7500,09/04/2026
Madhya Pradesh,Ujjain,Tarana APMC,Kabuli Chana(Chickpeas-White),Dollar Gram,FAQ,5014,8520,8520,09/04/2026
Maharashtra,Mumbai,Mumbai APMC,Bengal Gram Dal(Chana Dal),Other,Local,6700,7500,7150,09/04/2026
Karnataka,Dharwad,Hubli (Amaragol) APMC,Bengal Gram Dal(Chana Dal),Bengal Gram Dal,Local,6450,6600,6450,09/04/2026
Gujarat,Ahmedabad,Dhandhuka APMC,Kabuli Chana(Chickpeas-White),Other,FAQ,5080,5375,5100,09/04/2026
Gujarat,Sabarkantha,Himatnagar APMC,Kabuli Chana(Chickpeas-White),Dollar Gram-Organic,Local,7250,8580,8000,09/04/2026
Gujarat,Amreli,Rajula APMC,Kabuli Chana(Chickpeas-White),Kabuli Chana(Chickpeas-white),Local,4000,5185,4593,09/04/2026
Gujarat,Surendranagar,Dhragradhra APMC,Kabuli Chana(Chickpeas-White),Kabul,Local,5115,5175,5150,09/04/2026
Gujarat,Junagarh,Junagadh APMC,Kabuli Chana(Chickpeas-White),Kabuli Chana(Chickpeas-white),FAQ,5000,8805,5850,09/04/2026
Gujarat,Porbandar,Porbandar APMC,Kabuli Chana(Chickpeas-White),Other,FAQ,5750,7525,6635,09/04/2026
Gujarat,Gandhinagar,Mansa APMC,Kabuli Chana(Chickpeas-White),Kabul,Local,5085,5095,5095,09/04/2026
Madhya Pradesh,Raisen,Gairatganj APMC,Lentil(Masur)(Whole),Masur Dal,Non-FAQ,6095,6220,6100,09/04/2026
Madhya Pradesh,Vidisha,Sironj APMC,Lentil(Masur)(Whole),Masur Dal,FAQ,5600,8105,5900,09/04/2026
Madhya Pradesh,Mandsaur,Shamgarh APMC,Lentil(Masur)(Whole),Masur Dal,Non-FAQ,6890,8191,7500,09/04/2026
Madhya Pradesh,Ashoknagar,Shadora APMC,Lentil(Masur)(Whole),Masur Dal,FAQ,5800,5800,5800,09/04/2026
Madhya Pradesh,Jabalpur,Jabalpur APMC,Lentil(Masur)(Whole),Masur Dal,FAQ,5405,6230,6055,09/04/2026
Madhya Pradesh,Rewa,Rewa APMC,Lentil(Masur)(Whole),Local,FAQ,6000,6225,6225,09/04/2026
Madhya Pradesh,Rajgarh,Jeerapur APMC,Lentil(Masur)(Whole),Masur Dal,FAQ,5505,7805,7500,09/04/2026
Madhya Pradesh,Shajapur,Nalkehda APMC,Lentil(Masur)(Whole),Masur Dal,FAQ,5500,7780,7000,09/04/2026
Madhya Pradesh,Sagar,Banda APMC,Lentil(Masur)(Whole),Masur Dal,FAQ,5950,7905,6120,09/04/2026
Madhya Pradesh,Rajgarh,Sarangpur APMC,Lentil(Masur)(Whole),Masur Dal,Non-FAQ,4900,7234,7234,09/04/2026
Madhya Pradesh,Shivpuri,Khatora APMC,Lentil(Masur)(Whole),Masur Dal,FAQ,5755,6020,6020,09/04/2026
Madhya Pradesh,Panna,Panna APMC,Lentil(Masur)(Whole),Masur Dal,FAQ,6260,7885,7885,09/04/2026
Madhya Pradesh,Sehore,Jawar APMC,Lentil(Masur)(Whole),Masur Dal,FAQ,5605,6455,6455,09/04/2026
Madhya Pradesh,Mandsaur,Daloda APMC,Lentil(Masur)(Whole),Masur Dal,FAQ,6299,6299,6299,09/04/2026
Madhya Pradesh,Mandsaur,Shamgarh APMC,Lentil(Masur)(Whole),Masur Dal,FAQ,7700,7700,7700,09/04/2026
Madhya Pradesh,Shajapur,Shujalpur APMC,Lentil(Masur)(Whole),Masur Dal,FAQ,5300,7300,6196,09/04/2026
Madhya Pradesh,Shajapur,Momanbadodiya APMC,Lentil(Masur)(Whole),Masur Dal,FAQ,7000,7100,7050,09/04/2026
Madhya Pradesh,Shajapur,Susner APMC,Lentil(Masur)(Whole),Masur Dal,Non-FAQ,7000,7705,7705,09/04/2026
Madhya Pradesh,Ashoknagar,Shadora APMC,Lentil(Masur)(Whole),Masur Dal,Non-FAQ,5955,5955,5955,09/04/2026
Madhya Pradesh,Shivpuri,Kolaras APMC,Lentil(Masur)(Whole),Masur Dal,Non-FAQ,5405,6300,6030,09/04/2026
Madhya Pradesh,Jabalpur,Paatan APMC,Lentil(Masur)(Whole),Masur Dal,FAQ,5900,5900,5900,09/04/2026
Madhya Pradesh,Dewas,Dewas APMC,Lentil(Masur)(Whole),Masur Dal,FAQ,5550,7280,7280,09/04/2026
Madhya Pradesh,Satna,Satna APMC,Lentil(Masur)(Whole),Masur Dal,FAQ,5700,6285,6190,09/04/2026
Madhya Pradesh,Sehore,Ashta APMC,Lentil(Masur)(Whole),Masur Dal,FAQ,5703,6900,6200,09/04/2026
Madhya Pradesh,Shivpuri,Pohari APMC,Lentil(Masur)(Whole),Masur Dal,Non-FAQ,6370,6370,6370,09/04/2026
Madhya Pradesh,Sagar,Bina APMC,Lentil(Masur)(Whole),Local,FAQ,6092,6092,6092,09/04/2026
Madhya Pradesh,Sagar,Rahatgarh APMC,Lentil(Masur)(Whole),Local,Non-FAQ,5700,7955,5900,09/04/2026
Madhya Pradesh,Narsinghpur,Tendukheda APMC,Lentil(Masur)(Whole),Masur Dal,FAQ,5800,6408,6408,09/04/2026
Madhya Pradesh,Narsinghpur,Tendukheda APMC,Lentil(Masur)(Whole),Masur Dal,Non-FAQ,5880,6000,6000,09/04/2026
Madhya Pradesh,Bhind,Gohad APMC,Lentil(Masur)(Whole),Masur Dal,FAQ,5750,5750,5750,09/04/2026
Madhya Pradesh,Dindori,Dindori APMC,Lentil(Masur)(Whole),Local,Non-FAQ,5800,5800,5800,09/04/2026
Madhya Pradesh,Rajgarh,Jeerapur APMC,Lentil(Masur)(Whole),Local,FAQ,7005,7005,7005,09/04/2026
Madhya Pradesh,Rajgarh,Sarangpur APMC,Lentil(Masur)(Whole),Masur Dal,FAQ,4751,7191,6600,09/04/2026
Madhya Pradesh,Indore,Indore APMC,Lentil(Masur)(Whole),Masur Dal,FAQ,6100,6100,6100,09/04/2026
Madhya Pradesh,Shivpuri,Khatora APMC,Lentil(Masur)(Whole),Masur Dal,Non-FAQ,5955,6015,6015,09/04/2026
Madhya Pradesh,Raisen,Begamganj APMC,Lentil(Masur)(Whole),Masur Dal,Non-FAQ,5900,7760,6100,09/04/2026
Madhya Pradesh,Vidisha,Kurwai APMC,Lentil(Masur)(Whole),Masur Dal,FAQ,6172,6172,6172,09/04/2026
Madhya Pradesh,Rajgarh,Khujner APMC,Lentil(Masur)(Whole),Masur Dal,FAQ,6570,7480,7100,09/04/2026
Madhya Pradesh,Ujjain,Badnagar APMC,Lentil(Masur)(Whole),Masur Dal,FAQ,5999,6155,6155,09/04/2026
Madhya Pradesh,Shivpuri,Kolaras APMC,Lentil(Masur)(Whole),Masur Dal,FAQ,5700,6875,6000,09/04/2026
Madhya Pradesh,Bhopal,Bhopal APMC,Lentil(Masur)(Whole),Masur Dal,FAQ,4701,7530,7530,09/04/2026
Madhya Pradesh,Sagar,Bamora APMC,Lentil(Masur)(Whole),Local,FAQ,5901,6220,6100,09/04/2026
Madhya Pradesh,Narsinghpur,Gadarwada APMC,Lentil(Masur)(Whole),Masur Dal,FAQ,5900,6350,6350,09/04/2026
Madhya Pradesh,Narsinghpur,Kareli APMC,Lentil(Masur)(Whole),Masur Dal,FAQ,6000,6535,6535,09/04/2026
Madhya Pradesh,Ujjain,Tarana APMC,Lentil(Masur)(Whole),Masur Dal,FAQ,5800,7200,7200,09/04/2026
Madhya Pradesh,Shajapur,Agar APMC,Lentil(Masur)(Whole),Masur Dal,FAQ,3200,8280,7000,09/04/2026
Madhya Pradesh,Guna,Kumbhraj APMC,Lentil(Masur)(Whole),Masur Dal,FAQ,6580,7490,7490,09/04/2026
Madhya Pradesh,Sagar,Khurai APMC,Lentil(Masur)(Whole),Masur Dal,FAQ,5000,8056,5900,09/04/2026
Madhya Pradesh,Rajgarh,Biaora APMC,Lentil(Masur)(Whole),Masur Dal,FAQ,6000,7705,7185,09/04/2026
Madhya Pradesh,Neemuch,Manasa APMC,Lentil(Masur)(Whole),Masur Dal,FAQ,6301,6751,6501,09/04/2026
Madhya Pradesh,Sagar,Garhakota APMC,Lentil(Masur)(Whole),Masur Dal,FAQ,5800,6255,6255,09/04/2026
Madhya Pradesh,Ashoknagar,Mungawali APMC,Lentil(Masur)(Whole),Masur Dal,Non-FAQ,5750,6050,5965,09/04/2026
Madhya Pradesh,Sehore,Ichhawar APMC,Lentil(Masur)(Whole),Masur Dal,FAQ,5860,6400,6400,09/04/2026
Madhya Pradesh,Raisen,Silvani APMC,Lentil(Masur)(Whole),Masur Dal,FAQ,5750,6155,6155,09/04/2026
Madhya Pradesh,Vidisha,Shamshabad APMC,Lentil(Masur)(Whole),Masur Dal,FAQ,5500,5500,5500,09/04/2026
Madhya Pradesh,Rajgarh,Khilchipur APMC,Lentil(Masur)(Whole),Masur Dal,FAQ,5550,7500,7400,09/04/2026
Madhya Pradesh,Rajgarh,Chhapiheda APMC,Lentil(Masur)(Whole),Masur Dal,FAQ,6900,7220,7220,09/04/2026
Madhya Pradesh,Ratlam,Jaora APMC,Lentil(Masur)(Whole),Masur Dal,FAQ,2478,7200,6441,09/04/2026
Madhya Pradesh,Shajapur,Shajapur APMC,Lentil(Masur)(Whole),Masur Dal,FAQ,6500,7390,6500,09/04/2026
Madhya Pradesh,Guna,Aron APMC,Lentil(Masur)(Whole),Masur Dal,FAQ,5900,6325,6325,09/04/2026
Madhya Pradesh,Vidisha,Ganjbasoda APMC,Lentil(Masur)(Whole),Masur Dal,FAQ,4800,8600,6100,09/04/2026
Madhya Pradesh,Dhar,Dhar APMC,Lentil(Masur)(Whole),Masur Dal,FAQ,5310,5310,5310,09/04/2026
Madhya Pradesh,Damoh,Patharia APMC,Lentil(Masur)(Whole),Masur Dal,FAQ,6005,8020,8020,09/04/2026
Madhya Pradesh,Sagar,Banda APMC,Lentil(Masur)(Whole),Masur Dal,Non-FAQ,5950,6220,6200,09/04/2026
Madhya Pradesh,Shajapur,Soyatkalan APMC,Lentil(Masur)(Whole),Masur Dal,FAQ,7535,7645,7645,09/04/2026
Madhya Pradesh,Sagar,Sagar APMC,Lentil(Masur)(Whole),Masur Dal,FAQ,6005,6400,6400,09/04/2026
Madhya Pradesh,Sagar,Bina APMC,Lentil(Masur)(Whole),Masur Dal,FAQ,5200,7500,6000,09/04/2026
Madhya Pradesh,Damoh,Damoh APMC,Lentil(Masur)(Whole),Masur Dal,FAQ,5780,8300,8000,09/04/2026
Madhya Pradesh,Narsinghpur,Gotegaon APMC,Lentil(Masur)(Whole),Masur Dal,FAQ,5801,6200,6200,09/04/2026
Madhya Pradesh,Satna,Nagod APMC,Lentil(Masur)(Whole),Masur Dal,FAQ,5890,6167,6151,09/04/2026
Madhya Pradesh,Raisen,Udaipura APMC,Lentil(Masur)(Whole),Masur Dal,FAQ,4800,6395,5900,09/04/2026
Madhya Pradesh,Rajgarh,Pachaur APMC,Lentil(Masur)(Whole),Masur Dal,FAQ,5815,8300,7200,09/04/2026
Madhya Pradesh,Rajgarh,Narsinghgarh APMC,Lentil(Masur)(Whole),Masur Dal,FAQ,5500,7075,6700,09/04/2026
Madhya Pradesh,Shajapur,Kalapipal APMC,Lentil(Masur)(Whole),Masur Dal,FAQ,6061,7100,6900,09/04/2026
Madhya Pradesh,Guna,Guna APMC,Lentil(Masur)(Whole),Masur Dal,FAQ,5300,6300,6200,09/04/2026
Madhya Pradesh,Shivpuri,Badarwas APMC,Lentil(Masur)(Whole),Masur Dal,FAQ,5500,6500,6150,09/04/2026
Madhya Pradesh,Shivpuri,Badarwas APMC,Lentil(Masur)(Whole),Masur Dal,Non-FAQ,5005,6395,6000,09/04/2026
Madhya Pradesh,Ashoknagar,Ashoknagar APMC,Lentil(Masur)(Whole),Masur Dal,FAQ,5500,6505,6080,09/04/2026
Madhya Pradesh,Vidisha,Vidisha APMC,Lentil(Masur)(Whole),Masur Dal,FAQ,5200,8040,6300,09/04/2026
Madhya Pradesh,Katni,Katni APMC,Lentil(Masur)(Whole),Masur Dal,Non-FAQ,5600,8300,8250,09/04/2026
Madhya Pradesh,Mandsaur,Mandsaur APMC,Lentil(Masur)(Whole),Masur Dal,Non-FAQ,6212,7750,7750,09/04/2026
Maharashtra,Mumbai,Mumbai APMC,Masur Dal,Other,Local,6000,8000,7500,09/04/2026
Maharashtra,Mumbai,Mumbai APMC,Lentil(Masur)(Whole),Other,FAQ,7100,9500,9050,09/04/2026
Maharashtra,Pune,Pune APMC,Lentil(Masur)(Whole),Other,FAQ,7200,7400,7300,09/04/2026
Rajasthan,Pratapgarh,Pratapgarh APMC,Lentil(Masur)(Whole),Other,FAQ,6220,6870,6545,09/04/2026
Rajasthan,Tonk,Dooni APMC,Lentil(Masur)(Whole),Kala Masoor New,Local,6000,6000,6000,09/04/2026
West Bengal,Nadia,Ranaghat APMC,Masur Dal,Masur Dal,FAQ,9800,10000,9900,09/04/2026
West Bengal,Medinipur(E),Kolaghat APMC,Masur Dal,Masur Dal,FAQ,10300,10700,10500,09/04/2026
West Bengal,Hooghly,Kalipur APMC,Masur Dal,Masur Dal,FAQ,9800,10200,10000,09/04/2026
West Bengal,Darjeeling,Siliguri APMC,Masur Dal,Masur Dal,FAQ,12100,12300,12200,09/04/2026
West Bengal,Paschim Bardhaman,Asansol APMC,Masur Dal,Masur Dal,FAQ,9650,9850,9785,09/04/2026
West Bengal,Paschim Bardhaman,Durgapur APMC,Masur Dal,Masur Dal,FAQ,9675,9850,9785,09/04/2026
West Bengal,Bankura,Bankura Sadar APMC,Masur Dal,Masur Dal,FAQ,9800,10500,10050,09/04/2026
West Bengal,Howrah,Ramkrishanpur(Howrah) APMC,Masur Dal,Masur Dal,FAQ,8800,9200,9000,09/04/2026
West Bengal,North 24 Parganas,Habra APMC,Masur Dal,Masur Dal,FAQ,11000,11000,11000,09/04/2026
West Bengal,Nadia,Chakdah APMC,Masur Dal,Masur Dal,FAQ,9600,10000,9900,09/04/2026
West Bengal,Hooghly,Pandua APMC,Masur Dal,Masur Dal,FAQ,10100,10400,10250,09/04/2026
West Bengal,Nadia,Nadia APMC,Masur Dal,Masur Dal,FAQ,9900,10100,10000,09/04/2026
West Bengal,Puruliya,Balarampur APMC,Masur Dal,Masur Dal,FAQ,10200,11000,10500,09/04/2026
West Bengal,Medinipur(E),Tamluk (Medinipur E) APMC,Masur Dal,Masur Dal,FAQ,10300,10700,10500,09/04/2026
West Bengal,Birbhum,Birbhum APMC,Masur Dal,Masur Dal,FAQ,10000,11000,10500,09/04/2026
West Bengal,Bankura,Bishnupur(Bankura) APMC,Masur Dal,Other,Grade Range-2,9500,10500,10200,09/04/2026
West Bengal,North 24 Parganas,Barasat APMC,Lentil(Masur)(Whole),Other,FAQ,8500,8500,8500,09/04/2026
Maharashtra,Nanded,Loha APMC,Turmeric,Rajapuri,Local,11500,13025,12800,09/04/2026
Maharashtra,Hingoli,Hingoli APMC,Turmeric,Other,Local,13500,15200,14350,09/04/2026
Maharashtra,Hingoli,Gajanan Krushi Utpanna Bazar (India) Pvt Ltd  APMC,Turmeric,Other,Local,13300,15505,14119,09/04/2026
Maharashtra,Mumbai,Mumbai APMC,Turmeric,Other,Local,16500,24000,20250,09/04/2026
Maharashtra,Parbhani,Jintur APMC,Turmeric,Other,Local,13800,14001,13800,09/04/2026
Maharashtra,Sangli,Sangli APMC,Turmeric,Rajapuri,Local,12300,21000,15900,09/04/2026
Uttar Pradesh,Kanpur,Kanpur(Grain) APMC,Turmeric,Other,FAQ,13000,13000,13000,09/04/2026
Uttar Pradesh,Gorakhpur,Gorakhpur APMC,Turmeric,Other,FAQ,16000,16000,16000,09/04/2026
Karnataka,Chamrajnagar,Gundlupet APMC,Turmeric,Local,Local,13200,13500,13200,09/04/2026
Karnataka,Chamrajnagar,Chamaraj Nagar APMC,Turmeric,Turmeric,Local,12700,13000,12850,09/04/2026
Gujarat,Surat,Surat APMC,Turmeric(raw),Other,FAQ,2000,5000,3500,09/04/2026
Andhra Pradesh,Cuddapah,Cuddapah APMC,Turmeric,Finger,FAQ,10625,13388,12388,09/04/2026
Andhra Pradesh,Cuddapah,Cuddapah APMC,Turmeric,Finger,FAQ,10625,13388,12388,09/04/2026
Andhra Pradesh,Cuddapah,Cuddapah APMC,Turmeric,Bulb,FAQ,7518,12912,12088,09/04/2026
Telangana,Karimnagar,Jagtial APMC,Turmeric,Bulb,Local,9000,13510,11500,09/04/2026
Telangana,Warangal,Kesamudram APMC,Turmeric,Finger,Local,11111,12609,11711,09/04/2026
Telangana,Warangal,Kesamudram APMC,Turmeric,Finger,Local,11111,12609,11711,09/04/2026
Telangana,Warangal,Kesamudram APMC,Turmeric,Bulb,Local,10809,12951,12015,09/04/2026
Telangana,Karimnagar,Jagtial APMC,Turmeric,Finger,Local,9500,14300,12500,09/04/2026
Telangana,Karimnagar,Jagtial APMC,Turmeric,Finger,Local,9500,14300,12500,09/04/2026
Maharashtra,Sangli,Sangli APMC,Dry Grapes,Other,Local,22500,42100,32300,09/04/2026
Uttar Pradesh,Banda,Atarra APMC,Peas(Dry),Other,FAQ,3200,3750,3612.27,09/04/2026
Uttar Pradesh,Hamirpur,Raath APMC,Peas(Dry),Other,FAQ,3900,4200,4077.1,09/04/2026
Uttar Pradesh,Kanpur Dehat,Pukharayan APMC,Peas(Dry),Peas(Dry),FAQ,4500,4525,4510,09/04/2026
Uttar Pradesh,Banda,Banda APMC,Peas(Dry),Other,FAQ,3800,4300,4071.94,09/04/2026
Uttar Pradesh,Hamirpur,Kurara APMC,Peas(Dry),Other,FAQ,4000,4000,4000,09/04/2026
Uttar Pradesh,Jhansi,Mauranipur APMC,Peas(Dry),Other,FAQ,4000,4000,4000,09/04/2026
Uttar Pradesh,Badaun,Bisoli APMC,Peas(Dry),Other,FAQ,3000,3000,3000,09/04/2026
Uttar Pradesh,Mahoba,Mahoba APMC,Peas(Dry),Other,FAQ,4000,4650,4281.52,09/04/2026
Uttar Pradesh,Hamirpur,Muskara APMC,Peas(Dry),Other,FAQ,4000,4500,4360.31,09/04/2026
Uttar Pradesh,Badaun,Badayoun APMC,Peas(Dry),Other,FAQ,3500,3500,3500,09/04/2026
Uttar Pradesh,Jalaun (Orai),Madhogarh APMC,Peas(Dry),Other,FAQ,3000,3000,3000,09/04/2026
Uttar Pradesh,Lalitpur,Lalitpur APMC,Peas(Dry),Other,FAQ,3400,4998,4338.4,09/04/2026
Uttar Pradesh,Jalaun (Orai),Konch APMC,Peas(Dry),Other,FAQ,3500,3800,3628.57,09/04/2026
Uttar Pradesh,Lakhimpur,Golagokarnath APMC,Peas(Dry),Other,FAQ,2000,2000,2000,09/04/2026
Uttar Pradesh,Jhansi,Gurusarai APMC,Peas(Dry),Other,FAQ,4000,4100,4033.33,09/04/2026
Uttar Pradesh,Jalaun (Orai),Jalaun APMC,Peas(Dry),Other,FAQ,3200,4100,3652.35,09/04/2026
Uttar Pradesh,Jalaun (Orai),Kalpi APMC,Peas(Dry),Other,FAQ,4000,4000,4000,09/04/2026
Uttar Pradesh,Jalaun (Orai),Orai APMC,Peas(Dry),Other,FAQ,3400,4235,3829.48,09/04/2026
Uttar Pradesh,Hamirpur,Bharuasumerpur APMC,Peas(Dry),Other,FAQ,4500,4500,4500,09/04/2026
Uttar Pradesh,Jalaun (Orai),Ait APMC,Peas(Dry),Other,FAQ,3550,3560,3555.34,09/04/2026
Uttar Pradesh,Rampur,Bilaspur APMC,Peas(Dry),Other,FAQ,4000,4080,4058.82,09/04/2026
Uttar Pradesh,Mahoba,Charkhari APMC,Peas(Dry),Other,FAQ,3800,3800,3800,09/04/2026
Rajasthan,Jaipur,Jaipur (F&V) APMC,Ginger(Dry),Dry,FAQ,5100,5200,5150,09/04/2026
Karnataka,Raichur,Sindhanur APMC,Dry Chillies,Guntur,Local,11400,15900,15900,09/04/2026
Karnataka,Karwar(Uttar Kannad),Sirsi APMC,Dry Chillies,Other,Local,26401,31915,31915,09/04/2026
Karnataka,Shimoga,Bhadravathi APMC,Dry Chillies,Local,Local,28000,28000,28000,09/04/2026
Karnataka,Dharwad,Hubli (Amaragol) APMC,Dry Chillies,Kaddi,Local,16533,52000,24354,09/04/2026
Karnataka,Chitradurga,Challakere APMC,Dry Chillies,Byadgi,Local,5600,5700,5648,09/04/2026
Karnataka,Chamrajnagar,Gundlupet APMC,Ginger(Dry),Dry,Local,15000,15000,15000,09/04/2026
Karnataka,Bijapur,Bijapur APMC,Dry Grapes,Dry Grapes,Local,17200,17200,17200,09/04/2026
Gujarat,Jamnagar,Jamnagar APMC,Dry Chillies,Other,Local,7500,32500,23525,09/04/2026
Gujarat,Rajkot,Rajkot APMC,Dry Chillies,Dry Chillies,FAQ,10000,31000,22500,09/04/2026
Gujarat,Rajkot,Jetpur(Dist.Rajkot) APMC,Dry Chillies,Dry Chillies,FAQ,10005,55000,21005,09/04/2026
Haryana,Kurukshetra,Thanesar APMC,Peas(Dry),Other,Local,6000,8000,7000,09/04/2026
Punjab,Hoshiarpur,Garh Shankar APMC,Ginger(Dry),Vegitable-fresh,FAQ,5500,5500,5500,09/04/2026
Punjab,Fazilka,Fazilka APMC,Ginger(Dry),Dry,FAQ,15000,15000,15000,09/04/2026
Andhra Pradesh,Guntur,Guntur APMC,Dry Chillies,White,Grade Range-3,7500,12000,10000,09/04/2026
Andhra Pradesh,Kurnool,Kurnool APMC,Dry Chillies,Dry Chillies,Local,4399,24119,18399,09/04/2026
Andhra Pradesh,Guntur,Guntur APMC,Dry Chillies,Red New,FAQ,13000,23000,20500,09/04/2026
Andhra Pradesh,Guntur,Guntur APMC,Dry Chillies,Red,FAQ,13500,22500,21000,09/04/2026
West Bengal,Paschim Bardhaman,Asansol APMC,Peas(Dry),Other,FAQ,6550,6750,6675,09/04/2026
West Bengal,Kolkata,Bara Bazar (Posta Bazar) APMC,Ginger(Dry),Dry,FAQ,5500,6100,5850,09/04/2026
West Bengal,Hooghly,Sheoraphuly APMC,Ginger(Dry),Other,FAQ,5800,6200,6000,09/04/2026
West Bengal,Medinipur(W),Medinipur(West) APMC,Ginger(Dry),Big/Thick,FAQ,5600,6000,5800,09/04/2026
Telangana,Warangal,Kesamudram APMC,Dry Chillies,Talu,Local,10809,12321,12299,09/04/2026
Telangana,Hyderabad,Hyderabad (F&V) APMC,Dry Chillies,Dry Chillies,Grade Range-2,7000,12000,10000,09/04/2026
Telangana,Hyderabad,Hyderabad (F&V) APMC,Dry Chillies,Dry Chillies,Grade Range-1,14000,19000,16000,09/04/2026
Telangana,Warangal,Kesamudram APMC,Dry Chillies,Dry Chillies,Local,17510,19610,19410,09/04/2026
Kerala,Palakad,Koduvayoor APMC,Ginger(Dry),Other,FAQ,6800,7200,7000,09/04/2026
Madhya Pradesh,Indore,Indore APMC,Cummin Seed(Jeera),Cummin Seed(Jeera),FAQ,23500,23500,23500,09/04/2026
Maharashtra,Mumbai,Mumbai APMC,Cummin Seed(Jeera),Other,Local,24000,30000,27000,09/04/2026
Rajasthan,Barmer,Dhorimanna APMC,Cummin Seed(Jeera),Cummin Seed(Jeera),Local,19000,21000,20000,09/04/2026
Rajasthan,Barmer,Barmer APMC,Cummin Seed(Jeera),Other,Grade Range-1,20800,21400,21100,09/04/2026
Rajasthan,Nagaur,Nagaur APMC,Cummin Seed(Jeera),Other,Local,16000,25000,22000,09/04/2026
Rajasthan,Jodhpur,Osiyan Mathania APMC,Cummin Seed(Jeera),Other,Local,18000,20000,19000,09/04/2026
Gujarat,Amreli,Amreli APMC,Cummin Seed(Jeera),Cummin Seed(Jeera),FAQ,11750,21275,19750,09/04/2026
Gujarat,Amreli,Savarkundla APMC,Cummin Seed(Jeera),Cummin Seed(Jeera),Local,17000,21250,19250,09/04/2026
Gujarat,Banaskanth,Vav APMC,Cummin Seed(Jeera),Other,FAQ,15000,22255,20225,09/04/2026
Gujarat,Porbandar,Porbandar APMC,Cummin Seed(Jeera),Cummin Seed(Jeera),FAQ,17500,20625,19060,09/04/2026
Gujarat,Mehsana,Unjha APMC,Cummin Seed(Jeera),Cummin Seed(Jeera),FAQ,15000,26175,21250,09/04/2026
Gujarat,Banaskanth,Deesa(Bhildi) APMC,Cummin Seed(Jeera),Other,FAQ,18630,20450,19540,09/04/2026
Gujarat,Rajkot,Upleta APMC,Cummin Seed(Jeera),Cummin Seed(Jeera),Local,15625,21000,19500,09/04/2026
Gujarat,Amreli,Babra APMC,Cummin Seed(Jeera),Other,FAQ,16075,21375,18725,09/04/2026
Gujarat,Patan,Siddhpur APMC,Cummin Seed(Jeera),Cummin Seed(Jeera),FAQ,15580,19850,17715,09/04/2026
Gujarat,Patan,Radhanpur APMC,Cummin Seed(Jeera),Other,Local,17650,25250,20500,09/04/2026
Gujarat,Patan,Harij APMC,Cummin Seed(Jeera),Other,Local,20175,22500,21340,09/04/2026
Gujarat,Bhavnagar,Bhavnagar APMC,Cummin Seed(Jeera),Other,FAQ,19368,19368,19368,09/04/2026
Gujarat,Surendranagar,Dasada Patadi APMC,Cummin Seed(Jeera),Cummin Seed(Jeera),FAQ,18755,21400,20950,09/04/2026
Gujarat,Patan,Sami APMC,Cummin Seed(Jeera),Cummin Seed(Jeera),Local,19500,21750,20750,09/04/2026
Gujarat,Banaskanth,Tharad APMC,Cummin Seed(Jeera),Other,Local,12000,23450,18000,09/04/2026
Gujarat,Banaskanth,Thara APMC,Cummin Seed(Jeera),Other,FAQ,19955,21375,20665,09/04/2026
Gujarat,Banaskanth,Thara(Shihori) APMC,Cummin Seed(Jeera),Other,FAQ,19000,21755,20377.5,09/04/2026
Gujarat,Rajkot,Rajkot APMC,Cummin Seed(Jeera),Cummin Seed(Jeera),FAQ,18000,21200,19400,09/04/2026
Gujarat,Jamnagar,Jamnagar APMC,Cummin Seed(Jeera),Other,Local,19000,21125,20695,09/04/2026
Gujarat,Junagarh,Junagadh APMC,Cummin Seed(Jeera),Cummin Seed(Jeera),FAQ,17500,21000,19500,09/04/2026
Gujarat,Rajkot,Jetpur(Dist.Rajkot) APMC,Cummin Seed(Jeera),Cummin Seed(Jeera),FAQ,15000,21555,19500,09/04/2026
Gujarat,Banaskanth,Dhanera APMC,Cummin Seed(Jeera),Cummin Seed(Jeera),Local,18050,21300,19675,09/04/2026
Gujarat,Morbi,Morbi APMC,Cummin Seed(Jeera),Cummin Seed(Jeera),FAQ,16000,21100,18550,09/04/2026
Gujarat,Kachchh,Rapar APMC,Cummin Seed(Jeera),Cummin Seed(Jeera),Local,13000,22000,17500,09/04/2026
Gujarat,Surendranagar,Dhragradhra APMC,Cummin Seed(Jeera),Cummin Seed(Jeera),Local,16500,21880,20250,09/04/2026
Gujarat,Jamnagar,Dhrol APMC,Cummin Seed(Jeera),Other,Local,10500,20500,15500,09/04/2026
Gujarat,Morbi,APMC HALVAD,Cummin Seed(Jeera),Cummin Seed(Jeera),Local,18500,21800,20875,09/04/2026
Tamil Nadu,Ariyalur,Jeyankondam (Uzhavar Sandhai ) APMC,Coriander(Leaves),I Sort,Local,5500,6000,5750,09/04/2026
Tamil Nadu,Coimbatore,Vadavalli(Uzhavar Sandhai ) APMC,Coriander(Leaves),I Sort,Local,5000,5600,5300,09/04/2026
Tamil Nadu,Namakkal,Paramathivelur(Uzhavar Sandhai ) APMC,Coriander(Leaves),I Sort,Local,9000,10000,9500,09/04/2026
Tamil Nadu,Vellore,Katpadi (Uzhavar Sandhai ) APMC,Coriander(Leaves),I Sort,Local,4000,4000,4000,09/04/2026
Tamil Nadu,Virudhunagar,Aruppukottai(Uzhavar Sandhai ) APMC,Coriander(Leaves),I Sort,Local,4000,5000,4500,09/04/2026
Tamil Nadu,Virudhunagar,Kariyapatti(Uzhavar Sandhai ) APMC,Coriander(Leaves),I Sort,Local,4500,5000,4750,09/04/2026
Tamil Nadu,Chengalpattu,Pallavaram(Uzhavar Sandhai ) APMC,Coriander(Leaves),I Sort,Local,5000,6000,5500,09/04/2026
Tamil Nadu,Chengalpattu,Madhuranthagam(Uzhavar Sandhai ) APMC,Coriander(Leaves),I Sort,Local,4000,4000,4000,09/04/2026
Tamil Nadu,Ranipet,Arcot(Uzhavar Sandhai ) APMC,Coriander(Leaves),I Sort,Local,4000,4000,4000,09/04/2026
Tamil Nadu,Tenkasi,Sankarankoil(Uzhavar Sandhai ) APMC,Coriander(Leaves),I Sort,Local,6000,6000,6000,09/04/2026
Tamil Nadu,Kallakuruchi,Sankarapuram(Uzhavar Sandhai ) APMC,Coriander(Leaves),I Sort,Local,4000,4000,4000,09/04/2026
Tamil Nadu,Krishnagiri,Hosur(Uzhavar Sandhai ) APMC,Coriander(Leaves),I Sort,Local,5000,6000,5500,09/04/2026
Tamil Nadu,Madurai,Palanganatham(Uzhavar Sandhai ) APMC,Coriander(Leaves),I Sort,Local,5000,5500,5250,09/04/2026
Tamil Nadu,Nagapattinam,Sirkali(Uzhavar Sandhai ) APMC,Coriander(Leaves),I Sort,Local,3500,4000,3750,09/04/2026
Tamil Nadu,Namakkal,Namakkal(Uzhavar Sandhai ) APMC,Coriander(Leaves),I Sort,Local,9000,10000,9500,09/04/2026
Tamil Nadu,Pudukkottai,Pudukottai(Uzhavar Sandhai ) APMC,Coriander(Leaves),I Sort,Local,4000,5000,4500,09/04/2026
Tamil Nadu,Ramanathapuram,Paramakudi(Uzhavar Sandhai ) APMC,Coriander(Leaves),I Sort,Local,5500,6000,5750,09/04/2026
Tamil Nadu,Salem,Hasthampatti(Uzhavar Sandhai ) APMC,Coriander(Leaves),I Sort,Local,1800,2000,1900,09/04/2026
Tamil Nadu,Salem,Edapadi (Uzhavar Sandhai ) APMC,Coriander(Leaves),I Sort,Local,1600,2000,1800,09/04/2026
Tamil Nadu,Sivaganga,Karaikudi(Uzhavar Sandhai ) APMC,Coriander(Leaves),I Sort,Local,5400,5800,5600,09/04/2026
Tamil Nadu,Theni,Bodinayakanur(Uzhavar Sandhai ) APMC,Coriander(Leaves),I Sort,Local,4800,4800,4800,09/04/2026
Tamil Nadu,Thirunelveli,Melapalayam(Uzhavar Sandhai ) APMC,Coriander(Leaves),I Sort,Local,5000,5600,5300,09/04/2026
Tamil Nadu,Thiruvannamalai,Polur(Uzhavar Sandhai ) APMC,Coriander(Leaves),I Sort,Local,4200,5000,4600,09/04/2026
Tamil Nadu,Thiruchirappalli,Musiri(Uzhavar Sandhai ) APMC,Coriander(Leaves),I Sort,Local,2800,3200,3000,09/04/2026
Tamil Nadu,Thiruchirappalli,Lalgudi(Uzhavar Sandhai ) APMC,Coriander(Leaves),I Sort,Local,3000,3000,3000,09/04/2026
Tamil Nadu,Vellore,Vellore APMC,Coriander(Leaves),I Sort,Local,4000,4000,4000,09/04/2026
Tamil Nadu,Vellore,Thirupathur APMC,Coriander(Leaves),I Sort,Local,4000,4000,4000,09/04/2026
Tamil Nadu,Theni,Andipatti(Uzhavar Sandhai ) APMC,Coriander(Leaves),I Sort,Local,4500,4800,4650,09/04/2026
Tamil Nadu,Pudukkottai,Ponnamaravathi(Uzhavar Sandhai),Coriander(Leaves),I Sort,Local,4500,5000,4750,09/04/2026
Tamil Nadu,Erode,Sathiyamagalam(Uzhavar Sandhai ) APMC,Coriander(Leaves),I Sort,Local,4000,4500,4250,09/04/2026
Tamil Nadu,Nagapattinam,Mayiladuthurai(Uzhavar Sandhai ) APMC,Coriander(Leaves),I Sort,Local,3500,4000,3750,09/04/2026
Tamil Nadu,Coimbatore,Udumalpet APMC,Coriander(Leaves),I Sort,Local,7000,8000,7500,09/04/2026
Tamil Nadu,Thanjavur,Kumbakonam (Uzhavar Sandhai ) APMC,Coriander(Leaves),I Sort,Local,3600,3600,3600,09/04/2026
Tamil Nadu,Cuddalore,Vadalur(Uzhavar Sandhai ) APMC,Coriander(Leaves),I Sort,Local,5000,5000,5000,09/04/2026
Tamil Nadu,Dindigul,Palani(Uzhavar Sandhai ) APMC,Coriander(Leaves),I Sort,Local,6000,7000,6500,09/04/2026
Tamil Nadu,Erode,Perundurai(Uzhavar Sandhai ) APMC,Coriander(Leaves),I Sort,Local,4400,4600,4500,09/04/2026
Tamil Nadu,Erode,Thalavadi(Uzhavar Sandhai ) APMC,Coriander(Leaves),I Sort,Local,4000,4400,4200,09/04/2026
Tamil Nadu,Kancheepuram,Sunguvarchatram(Uzhavar Sandhai ) APMC,Coriander(Leaves),I Sort,Local,3000,3500,3250,09/04/2026
Tamil Nadu,Kancheepuram,Kundrathur(Uzhavar Sandhai ) APMC,Coriander(Leaves),I Sort,Local,4000,4000,4000,09/04/2026
Tamil Nadu,Madurai,Melur(Uzhavar Sandhai ) APMC,Coriander(Leaves),I Sort,Local,5000,5500,5250,09/04/2026
Tamil Nadu,Nagapattinam,Nagapattinam(Uzhavar Sandhai ) APMC,Coriander(Leaves),I Sort,Local,4000,4000,4000,09/04/2026
Tamil Nadu,Namakkal,Mohanur(Uzhavar Sandhai ) APMC,Coriander(Leaves),I Sort,Local,5500,6000,5750,09/04/2026
Tamil Nadu,Virudhunagar,Rajapalayam(Uzhavar Sandhai ) APMC,Coriander(Leaves),I Sort,Local,4500,5000,4750,09/04/2026
Tamil Nadu,Virudhunagar,Virudhunagar(Uzhavar Sandhai ) APMC,Coriander(Leaves),I Sort,Local,6500,7000,6750,09/04/2026
Tamil Nadu,Chengalpattu,Nanganallur(Uzhavar Sandhai ) APMC,Coriander(Leaves),I Sort,Local,4000,5000,4500,09/04/2026
Tamil Nadu,Thirupur,Tiruppur (South) (Uzhavar Sandhai ) APMC,Coriander(Leaves),I Sort,Local,4000,5000,4500,09/04/2026
Tamil Nadu,Tuticorin,Tuticorin(Uzhavar Sandhai ) APMC,Coriander(Leaves),I Sort,Local,5000,6000,5500,09/04/2026
Tamil Nadu,Nagercoil (Kannyiakumari),Vadaseri APMC,Coriander(Leaves),I Sort,Local,6000,6500,6250,09/04/2026
Tamil Nadu,Ramanathapuram,Ramanathapuram(Uzhavar Sandhai ) APMC,Coriander(Leaves),I Sort,Local,6500,7000,6750,09/04/2026
Tamil Nadu,Salem,Jalagandapuram(Uzhavar Sandhai ) APMC,Coriander(Leaves),I Sort,Local,2000,2500,2250,09/04/2026
Tamil Nadu,Thanjavur,Pattukottai(Uzhavar Sandhai ) APMC,Coriander(Leaves),I Sort,Local,3400,3400,3400,09/04/2026
Tamil Nadu,Thiruvarur,Mannargudi I(Uzhavar Sandhai ) APMC,Coriander(Leaves),I Sort,Local,4000,4000,4000,09/04/2026
Tamil Nadu,Thiruvarur,Needamangalam(Uzhavar Sandhai ) APMC,Coriander(Leaves),I Sort,Local,4000,4000,4000,09/04/2026
Tamil Nadu,Thiruvarur,Mannargudi II(Uzhavar Sandhai ) APMC,Coriander(Leaves),I Sort,Local,4000,4000,4000,09/04/2026
Tamil Nadu,Thiruvannamalai,Arani(Uzhavar Sandhai ) APMC,Coriander(Leaves),I Sort,Local,4000,5000,4500,09/04/2026
Tamil Nadu,Thiruchirappalli,KKNagar(Uzhavar Sandhai ) APMC,Coriander(Leaves),I Sort,Local,3000,3000,3000,09/04/2026
Tamil Nadu,Salem,Ammapet(Uzhavar Sandhai ) APMC,Coriander(Leaves),I Sort,Local,3600,4000,3800,09/04/2026
Tamil Nadu,Salem,Athur(Uzhavar Sandhai ) APMC,Coriander(Leaves),I Sort,Local,3000,3500,3250,09/04/2026
Tamil Nadu,The Nilgiris,Gudalur(Uzhavar Sandhai ) APMC,Coriander(Leaves),I Sort,Local,5500,6000,5750,09/04/2026
Tamil Nadu,Salem,Vazhapadi(Uzhavar Sandhai),Coriander(Leaves),I Sort,Local,4000,4000,4000,09/04/2026
Tamil Nadu,Thiruvannamalai,Cheyyar(Uzhavar Sandhai ) APMC,Coriander(Leaves),I Sort,Local,4000,5000,4500,09/04/2026
Tamil Nadu,Ariyalur,Ariyalur(Uzhavar Sandhai) APMC,Coriander(Leaves),I Sort,Local,3600,4000,3800,09/04/2026
Tamil Nadu,Coimbatore,Mettupalayam(Uzhavar Sandhai ) APMC,Coriander(Leaves),I Sort,Local,5000,6000,5500,09/04/2026
Tamil Nadu,Villupuram,Gingee(Uzhavar Sandhai ) APMC,Coriander(Leaves),I Sort,Local,4000,4000,4000,09/04/2026
Tamil Nadu,Chengalpattu,Jameenrayapettai(Uzhavar Sandhai ) APMC,Coriander(Leaves),I Sort,Local,5000,6000,5500,09/04/2026
Tamil Nadu,Chengalpattu,Guduvancheri(Uzhavar Sandhai ) APMC,Coriander(Leaves),I Sort,Local,5000,6000,5500,09/04/2026
Tamil Nadu,Ranipet,Ranipettai(Uzhavar Sandhai ) APMC,Coriander(Leaves),I Sort,Local,3500,4500,4000,09/04/2026
Tamil Nadu,Thirupur,Tiruppur (North) (Uzhavar Sandhai ) APMC,Coriander(Leaves),I Sort,Local,4000,4500,4250,09/04/2026
Tamil Nadu,Thirupathur,Vaniyampadi(Uzhavar Sandhai ) APMC,Coriander(Leaves),I Sort,Local,3000,3000,3000,09/04/2026
Tamil Nadu,Salem,Sooramangalam(Uzhavar Sandhai ) APMC,Coriander(Leaves),I Sort,Local,3800,4000,3900,09/04/2026
Tamil Nadu,Sivaganga,Sivagangai (Uzhavar Sandhai ) APMC,Coriander(Leaves),I Sort,Local,5200,5600,5400,09/04/2026
Tamil Nadu,Sivaganga,Tirupatthur(Uzhavar Sandhai ) APMC,Coriander(Leaves),I Sort,Local,5500,6000,5750,09/04/2026
Tamil Nadu,Sivaganga,Singampunari(Uzhavar Sandhai ) APMC,Coriander(Leaves),I Sort,Local,5500,5500,5500,09/04/2026
Tamil Nadu,Thanjavur,Thanjavur(Uzhavar Sandhai ) APMC,Coriander(Leaves),I Sort,Local,3500,3500,3500,09/04/2026
Tamil Nadu,Theni,Kambam(Uzhavar Sandhai ) APMC,Coriander(Leaves),I Sort,Local,4800,4800,4800,09/04/2026
Tamil Nadu,Thirunelveli,NGO Colony(Uzhavar Sandhai ) APMC,Coriander(Leaves),I Sort,Local,5000,5600,5300,09/04/2026
Tamil Nadu,Thiruvellore,Tiruthani(Uzhavar Sandhai ) APMC,Coriander(Leaves),I Sort,Local,6000,6000,6000,09/04/2026
Tamil Nadu,Thiruvellore,Paruthipattu(Uzhavar Sandhai ) APMC,Coriander(Leaves),I Sort,Local,5000,5000,5000,09/04/2026
Tamil Nadu,Thiruvarur,Muthupettai(Uzhavar Sandhai ) APMC,Coriander(Leaves),I Sort,Local,4000,4000,4000,09/04/2026
Tamil Nadu,Tuticorin,Kovilpatti(Uzhavar Sandhai ) APMC,Coriander(Leaves),I Sort,Local,5000,5500,5250,09/04/2026
Tamil Nadu,Thiruvannamalai,Chengam(Uzhavar Sandhai ) APMC,Coriander(Leaves),I Sort,Local,3500,4000,3750,09/04/2026
Tamil Nadu,Cuddalore,Viruthachalam(Uzhavar Sandhai ) APMC,Coriander(Leaves),I Sort,Local,4000,4000,4000,09/04/2026
Tamil Nadu,Dharmapuri,Pennagaram(Uzhavar Sandhai ) APMC,Coriander(Leaves),I Sort,Local,3800,4000,3900,09/04/2026
Tamil Nadu,Dindigul,Dindigul(Uzhavar Sandhai ) APMC,Coriander(Leaves),I Sort,Local,3000,4000,3500,09/04/2026
Tamil Nadu,Karur,Kulithalai(Uzhavar Sandhai ) APMC,Coriander(Leaves),I Sort,Local,3500,4000,3750,09/04/2026
Tamil Nadu,Karur,Vengamedu(Uzhavar Sandhai ) APMC,Coriander(Leaves),I Sort,Local,5500,6000,5750,09/04/2026
Tamil Nadu,Madurai,Chokkikulam(Uzhavar Sandhai ) APMC,Coriander(Leaves),I Sort,Local,5000,5500,5250,09/04/2026
Tamil Nadu,Madurai,Anaiyur(Uzhavar Sandhai ) APMC,Coriander(Leaves),I Sort,Local,5000,5500,5250,09/04/2026
Tamil Nadu,Pudukkottai,Gandarvakottai(Uzhavar Sandhai ) APMC,Coriander(Leaves),I Sort,Local,4400,5000,4700,09/04/2026
Tamil Nadu,Villupuram,Tindivanam APMC,Coriander(Leaves),I Sort,Local,4000,4000,4000,09/04/2026
Tamil Nadu,Vellore,Pallikonda(Uzhavar Sandhai),Coriander(Leaves),I Sort,Local,4000,4000,4000,09/04/2026
Tamil Nadu,Vellore,Perampet(Uzhavar Sandhai),Coriander(Leaves),I Sort,Local,4600,4600,4600,09/04/2026
Tamil Nadu,Karur,Gandhigramam(Uzhavar Sandhai),Coriander(Leaves),I Sort,Local,5500,6000,5750,09/04/2026
Tamil Nadu,Theni,Periyakulam(Uzhavar Sandhai ) APMC,Coriander(Leaves),I Sort,Local,4600,4800,4700,09/04/2026
Tamil Nadu,Dharmapuri,Harur(Uzhavar Sandhai ) APMC,Coriander(Leaves),I Sort,Local,3500,4000,3750,09/04/2026
Tamil Nadu,Virudhunagar,Srivilliputhur(Uzhavar Sandhai ) APMC,Coriander(Leaves),I Sort,Local,3500,4000,3750,09/04/2026
Tamil Nadu,Erode,Gobichettipalayam(Uzhavar Sandhai ) APMC,Coriander(Leaves),I Sort,Local,5000,6000,5500,09/04/2026
Tamil Nadu,Namakkal,Tiruchengode APMC,Coriander(Leaves),I Sort,Local,8000,9000,8500,09/04/2026
Tamil Nadu,Coimbatore,Pollachi(Uzhavar Sandhai ) APMC,Coriander(Leaves),I Sort,Local,5000,6000,5500,09/04/2026
Tamil Nadu,Coimbatore,Sundarapuram(Uzhavar Sandhai ) APMC,Coriander(Leaves),I Sort,Local,4000,4500,4250,09/04/2026
Tamil Nadu,Coimbatore,Kurichi(Uzhavar Sandhai ) APMC,Coriander(Leaves),I Sort,Local,3500,4000,3750,09/04/2026
Tamil Nadu,Cuddalore,Cuddalore(Uzhavar Sandhai ) APMC,Coriander(Leaves),I Sort,Local,4000,4000,4000,09/04/2026
Tamil Nadu,Dharmapuri,Dharmapuri(Uzhavar Sandhai ) APMC,Coriander(Leaves),I Sort,Local,4700,5000,4850,09/04/2026
Tamil Nadu,Dharmapuri,AJattihalli(Uzhavar Sandhai ) APMC,Coriander(Leaves),I Sort,Local,4000,5000,4500,09/04/2026
Tamil Nadu,Dindigul,Chinnalapatti(Uzhavar Sandhai ) APMC,Coriander(Leaves),I Sort,Local,3000,4000,3500,09/04/2026
Tamil Nadu,Erode,Periyar Nagar(Uzhavar Sandhai ) APMC,Coriander(Leaves),I Sort,Local,3600,4000,3800,09/04/2026
Tamil Nadu,Kancheepuram,Padappai(Uzhavar Sandhai ) APMC,Coriander(Leaves),I Sort,Local,3500,4000,3750,09/04/2026
Tamil Nadu,Karur,Velayuthampalayam(Uzhavar Sandhai ) APMC,Coriander(Leaves),I Sort,Local,5200,6000,5600,09/04/2026
Tamil Nadu,Krishnagiri,Krishnagiri(Uzhavar Sandhai ) APMC,Coriander(Leaves),I Sort,Local,2600,3000,2800,09/04/2026
Tamil Nadu,Krishnagiri,Denkanikottai(Uzhavar Sandhai ) APMC,Coriander(Leaves),I Sort,Local,5000,6000,5500,09/04/2026
Tamil Nadu,Madurai,Usilampatti(Uzhavar Sandhai ) APMC,Coriander(Leaves),I Sort,Local,5000,5500,5250,09/04/2026
Tamil Nadu,Namakkal,Rasipuram(Uzhavar Sandhai ) APMC,Coriander(Leaves),I Sort,Local,8600,9000,8800,09/04/2026
Tamil Nadu,Thiruchirappalli,Manachanallur(Uzhavar Sandhai ) APMC,Coriander(Leaves),I Sort,Local,3000,3000,3000,09/04/2026
Tamil Nadu,Vellore,Gudiyatham(Uzhavar Sandhai ) APMC,Coriander(Leaves),I Sort,Local,3600,3600,3600,09/04/2026
Tamil Nadu,Vellore,Kahithapattarai(Uzhavar Sandhai ) APMC,Coriander(Leaves),I Sort,Local,4000,4000,4000,09/04/2026
Tamil Nadu,Villupuram,Villupuram(Uzhavar Sandhai ) APMC,Coriander(Leaves),I Sort,Local,4000,4000,4000,09/04/2026
Tamil Nadu,Virudhunagar,Sivakasi(Uzhavar Sandhai ) APMC,Coriander(Leaves),I Sort,Local,4000,5000,4500,09/04/2026
Tamil Nadu,Virudhunagar,Sathur(Uzhavar Sandhai ) APMC,Coriander(Leaves),I Sort,Local,3500,4000,3750,09/04/2026
Tamil Nadu,Chengalpattu,Thirukalukundram(Uzhavar Sandhai ) APMC,Coriander(Leaves),I Sort,Local,3000,4000,3500,09/04/2026
Tamil Nadu,Thirupur,Kangayam(Uzhavar Sandhai ) APMC,Coriander(Leaves),I Sort,Local,3700,4000,3850,09/04/2026
Tamil Nadu,Tenkasi,Tenkasi(Uzhavar Sandhai ) APMC,Coriander(Leaves),I Sort,Local,5000,6000,5500,09/04/2026
Tamil Nadu,Kallakuruchi,Kallakurichi(Uzhavar Sandhai ) APMC,Coriander(Leaves),I Sort,Local,6000,6000,6000,09/04/2026
Tamil Nadu,Theni,Theni(Uzhavar Sandhai ) APMC,Coriander(Leaves),I Sort,Local,4800,4800,4800,09/04/2026
Tamil Nadu,Thiruvannamalai,Tiruvannamalai(Uzhavar Sandhai ) APMC,Coriander(Leaves),I Sort,Local,5000,6000,5500,09/04/2026
Tamil Nadu,Thiruvannamalai,Vandavasi(Uzhavar Sandhai ) APMC,Coriander(Leaves),I Sort,Local,4000,5000,4500,09/04/2026
Tamil Nadu,Thiruvannamalai,Tamarainagar(Uzhavar Sandhai ) APMC,Coriander(Leaves),I Sort,Local,3000,4000,3500,09/04/2026
Tamil Nadu,Erode,Sampath Nagar(Uzhavar Sandhai ) APMC,Coriander(Leaves),I Sort,Local,3500,4000,3750,09/04/2026
Tamil Nadu,Thiruchirappalli,Thuraiyur APMC,Coriander(Leaves),I Sort,Local,2500,3000,2750,09/04/2026
Tamil Nadu,Coimbatore,RSPuram(Uzhavar Sandhai ) APMC,Coriander(Leaves),I Sort,Local,5000,5800,5400,09/04/2026
Tamil Nadu,Coimbatore,Singanallur(Uzhavar Sandhai ) APMC,Coriander(Leaves),I Sort,Local,4500,4800,4650,09/04/2026
Tamil Nadu,Karur,Karur(Uzhavar Sandhai ) APMC,Coriander(Leaves),I Sort,Local,5500,6000,5750,09/04/2026
Tamil Nadu,Krishnagiri,Kaveripattinam(Uzhavar Sandhai ) APMC,Coriander(Leaves),I Sort,Local,4000,4000,4000,09/04/2026
Tamil Nadu,The Nilgiris,Coonoor(Uzhavar Sandhai ) APMC,Coriander(Leaves),I Sort,Local,6000,7000,6500,09/04/2026
Tamil Nadu,Coimbatore,Sulur(Uzhavar Sandhai ) APMC,Coriander(Leaves),I Sort,Local,4000,4800,4400,09/04/2026
Tamil Nadu,Salem,Thammampatti (Uzhavar Sandhai ) APMC,Coriander(Leaves),I Sort,Local,2500,3000,2750,09/04/2026
Tamil Nadu,Thiruvarur,Tiruvarur(Uzhavar Sandhai ) APMC,Coriander(Leaves),I Sort,Local,4000,4000,4000,09/04/2026
Tamil Nadu,Villupuram,Ulundurpettai APMC,Coriander(Leaves),I Sort,Local,6000,6000,6000,09/04/2026
Tamil Nadu,Dharmapuri,Karimangalam(Uzhavar Sandhai),Coriander(Leaves),I Sort,Local,5500,6000,5750,09/04/2026
Tamil Nadu,Salem,Mecheri(Uzhavar Sandhai),Coriander(Leaves),I Sort,Local,2000,2500,2250,09/04/2026
Tamil Nadu,Virudhunagar,Thalavaipuram(Uzhavar Sandhai ) APMC,Coriander(Leaves),I Sort,Local,4000,5000,4500,09/04/2026
Tamil Nadu,Chengalpattu,Medavakkam(Uzhavar Sandhai ) APMC,Coriander(Leaves),I Sort,Local,4000,4000,4000,09/04/2026
Tamil Nadu,Thirupur,Palladam(Uzhavar Sandhai ) APMC,Coriander(Leaves),I Sort,Local,4000,5000,4500,09/04/2026
Tamil Nadu,Thirupur,Dharapuram(Uzhavar Sandhai ) APMC,Coriander(Leaves),I Sort,Local,4400,4800,4600,09/04/2026
Tamil Nadu,Thirupathur,Natrampalli(Uzhavar Sandhai ) APMC,Coriander(Leaves),I Sort,Local,2000,3000,2500,09/04/2026
Tamil Nadu,Pudukkottai,Karambakkudi(Uzhavar Sandhai ) APMC,Coriander(Leaves),I Sort,Local,5000,6000,5500,09/04/2026
Tamil Nadu,Dharmapuri,Palacode(Uzhavar Sandhai ) APMC,Coriander(Leaves),I Sort,Local,5500,6000,5750,09/04/2026
Tamil Nadu,Karur,Pallapatti (Uzhavar Sandhai ) APMC,Coriander(Leaves),I Sort,Local,4500,5000,4750,09/04/2026
Tamil Nadu,Madurai,Anna nagar(Uzhavar Sandhai ) APMC,Coriander(Leaves),I Sort,Local,4000,5000,4500,09/04/2026
Tamil Nadu,Namakkal,Kumarapalayam(Uzhavar Sandhai ) APMC,Coriander(Leaves),I Sort,Local,7500,8500,8000,09/04/2026
Tamil Nadu,The Nilgiris,Udhagamandalam(Uzhavar Sandhai ) APMC,Coriander(Leaves),I Sort,Local,7000,8000,7500,09/04/2026
Tamil Nadu,Perambalur,Perambalur(Uzhavar Sandhai ) APMC,Coriander(Leaves),I Sort,Local,3000,3000,3000,09/04/2026
Tamil Nadu,Pudukkottai,Viralimalai(Uzhavar Sandhai ) APMC,Coriander(Leaves),I Sort,Local,4000,5000,4500,09/04/2026
Tamil Nadu,Salem,Thathakapatti(Uzhavar Sandhai ) APMC,Coriander(Leaves),I Sort,Local,3500,4000,3750,09/04/2026
Tamil Nadu,Salem,Mettur(Uzhavar Sandhai ) APMC,Coriander(Leaves),I Sort,Local,3000,4000,3500,09/04/2026
Tamil Nadu,Salem,Attayampatti(Uzhavar Sandhai ) APMC,Coriander(Leaves),I Sort,Local,2000,2000,2000,09/04/2026
Tamil Nadu,Salem,Elampillai(Uzhavar Sandhai ) APMC,Coriander(Leaves),I Sort,Local,1800,2000,1900,09/04/2026
Tamil Nadu,Sivaganga,Devakottai (Uzhavar Sandhai ) APMC,Coriander(Leaves),I Sort,Local,5000,5800,5400,09/04/2026
Tamil Nadu,Theni,Devaram(Uzhavar Sandhai ) APMC,Coriander(Leaves),I Sort,Local,4800,4800,4800,09/04/2026
Tamil Nadu,Theni,Chinnamanur(Uzhavar Sandhai ) APMC,Coriander(Leaves),I Sort,Local,5000,5000,5000,09/04/2026
Tamil Nadu,Thirunelveli,Palayamkottai(Uzhavar Sandhai ) APMC,Coriander(Leaves),I Sort,Local,5400,5600,5500,09/04/2026
Tamil Nadu,Thirunelveli,Kandiyaperi(Uzhavar Sandhai ) APMC,Coriander(Leaves),I Sort,Local,5000,5600,5300,09/04/2026
Tamil Nadu,Thiruvannamalai,Keelpennathur(Uzhavar Sandhai ) APMC,Coriander(Leaves),I Sort,Local,4000,5000,4500,09/04/2026
Tamil Nadu,Thiruchirappalli,Manapparai(Uzhavar Sandhai ) APMC,Coriander(Leaves),I Sort,Local,3000,3000,3000,09/04/2026
Tamil Nadu,Thiruchirappalli,Thiruverumbur(Uzhavar Sandhai ) APMC,Coriander(Leaves),I Sort,Local,3200,3200,3200,09/04/2026
Madhya Pradesh,Guna,Kumbhraj APMC,Coriander(Leaves),Coriander,FAQ,7500,15950,11875,09/04/2026
Madhya Pradesh,Shivpuri,Khatora APMC,Coriander(Leaves),Coriander,Non-FAQ,9805,10400,10400,09/04/2026
Madhya Pradesh,Mandsaur,Shamgarh APMC,Coriander(Leaves),Coriander,Non-FAQ,9100,13150,12200,09/04/2026
Madhya Pradesh,Shajapur,Shujalpur APMC,Coriander(Leaves),Coriander,FAQ,10700,11202,10700,09/04/2026
Madhya Pradesh,Shajapur,Momanbadodiya APMC,Coriander(Leaves),Coriander,FAQ,9651,9651,9651,09/04/2026
Madhya Pradesh,Shivpuri,Badarwas APMC,Coriander(Leaves),Coriander,Non-FAQ,8000,11700,10500,09/04/2026
Madhya Pradesh,Rajgarh,Biaora APMC,Coriander(Leaves),Coriander,Non-FAQ,12800,12800,12800,09/04/2026
Madhya Pradesh,Rajgarh,Biaora APMC,Coriander(Leaves),Coriander,FAQ,2000,15200,12150,09/04/2026
Madhya Pradesh,Ashoknagar,Mungawali APMC,Coriander(Leaves),Coriander,Non-FAQ,8200,11105,11105,09/04/2026
Madhya Pradesh,Ashoknagar,Piprai APMC,Coriander(Leaves),Coriander,FAQ,10105,10290,10290,09/04/2026
Madhya Pradesh,Rajgarh,Narsinghgarh APMC,Coriander(Leaves),Coriander,FAQ,8150,13800,11500,09/04/2026
Madhya Pradesh,Guna,Aron APMC,Coriander(Leaves),Coriander,FAQ,7850,13950,10000,09/04/2026
Madhya Pradesh,Guna,Maksudangarh APMC,Coriander(Leaves),Coriander,FAQ,9400,12100,12100,09/04/2026
Madhya Pradesh,Shivpuri,Shivpuri APMC,Coriander(Leaves),Coriander,FAQ,12525,12525,12525,09/04/2026
Madhya Pradesh,Shivpuri,Khatora APMC,Coriander(Leaves),Coriander,FAQ,8575,11000,11000,09/04/2026
Madhya Pradesh,Ratlam,Jaora APMC,Coriander(Leaves),Coriander,FAQ,7390,7390,7390,09/04/2026
Madhya Pradesh,Shajapur,Shajapur APMC,Coriander(Leaves),Coriander,FAQ,10050,11600,11600,09/04/2026
Madhya Pradesh,Shajapur,Kalapipal APMC,Coriander(Leaves),Coriander,FAQ,8010,13000,10000,09/04/2026
Madhya Pradesh,Guna,Raghogarh APMC,Coriander(Leaves),Coriander,FAQ,9575,9575,9575,09/04/2026
Madhya Pradesh,Shivpuri,Kolaras APMC,Coriander(Leaves),Coriander,Non-FAQ,11100,11300,11300,09/04/2026
Madhya Pradesh,Rajgarh,Khilchipur APMC,Coriander(Leaves),Coriander,FAQ,8825,12525,11425,09/04/2026
Madhya Pradesh,Guna,Guna APMC,Coriander(Leaves),Coriander,FAQ,8575,12325,11475,09/04/2026
Madhya Pradesh,Shivpuri,Pohari APMC,Coriander(Leaves),Coriander,Non-FAQ,11835,11835,11835,09/04/2026
Madhya Pradesh,Shajapur,Agar APMC,Coriander(Leaves),Coriander,FAQ,3300,14901,12400,09/04/2026
Madhya Pradesh,Rajgarh,Machalpur APMC,Coriander(Leaves),Coriander,FAQ,10200,12950,12200,09/04/2026
Madhya Pradesh,Ujjain,Ujjain APMC,Coriander(Leaves),Coriander,FAQ,12051,12231,12231,09/04/2026
Madhya Pradesh,Ashoknagar,Ashoknagar APMC,Coriander(Leaves),Coriander,FAQ,1000,11400,11400,09/04/2026
Madhya Pradesh,Sehore,Sehore APMC,Coriander(Leaves),Coriander,FAQ,11750,11750,11750,09/04/2026
Madhya Pradesh,Rajgarh,Jeerapur APMC,Coriander(Leaves),Coriander,FAQ,9050,12475,11725,09/04/2026
Madhya Pradesh,Shajapur,Nalkehda APMC,Coriander(Leaves),Coriander,FAQ,10000,11400,10800,09/04/2026
Madhya Pradesh,Shajapur,Soyatkalan APMC,Coriander(Leaves),Coriander,Non-FAQ,9851,9911,9911,09/04/2026
Madhya Pradesh,Guna,Binaganj APMC,Coriander(Leaves),Coriander,FAQ,9750,15250,11250,09/04/2026
Madhya Pradesh,Ashoknagar,Shadora APMC,Coriander(Leaves),Coriander,Non-FAQ,10250,10675,10675,09/04/2026
Madhya Pradesh,Shivpuri,Kolaras APMC,Coriander(Leaves),Coriander,FAQ,11600,11600,11600,09/04/2026
Madhya Pradesh,Neemuch,Neemuch APMC,Coriander(Leaves),Coriander,FAQ,2600,16800,11200,09/04/2026
Madhya Pradesh,Mandsaur,Mandsaur APMC,Coriander(Leaves),Coriander,Non-FAQ,6751,13000,11501,09/04/2026
Maharashtra,Chandrapur,Chandrapur(Ganjwad) APMC,Coriander(Leaves),Other,Local,2000,3000,2500,09/04/2026
Maharashtra,Jalgaon,Bhusaval APMC,Coriander(Leaves),Other,Local,1600,2200,2000,09/04/2026
Maharashtra,Nagpur,Ramtek APMC,Coriander(Leaves),Other,Local,1800,2000,1900,09/04/2026
Maharashtra,Dharashiv(Usmanabad),Dharashiv APMC,Coriander(Leaves),Other,Local,300,900,600,09/04/2026
Maharashtra,Pune,Khed(Chakan) APMC,Coriander(Leaves),Other,Local,600,1000,800,09/04/2026
Maharashtra,Pune,Pune(Pimpri) APMC,Coriander(Leaves),Other,Local,7,10,9,09/04/2026
Maharashtra,Chattrapati Sambhajinagar,Chattrapati Sambhajinagar APMC,Coriander(Leaves),Other,Local,600,1200,900,09/04/2026
Maharashtra,Nagpur,Nagpur APMC,Coriander(Leaves),Other,Local,1000,3000,2625,09/04/2026
Maharashtra,Pune,Pune APMC,Coriander(Leaves),Other,Local,4,10,7,09/04/2026
Maharashtra,Satara,Vaduj APMC,Coriander(Leaves),Other,Local,7,9,8,09/04/2026
Maharashtra,Sholapur,Solapur APMC,Coriander(Leaves),Other,Local,200,700,400,09/04/2026
Maharashtra,Jalgaon,Jalgaon APMC,Coriander(Leaves),Other,Local,1000,2000,1500,09/04/2026
Maharashtra,Ahmednagar,Shrirampur APMC,Coriander(Leaves),Other,Local,4,6,5,09/04/2026
Maharashtra,Mumbai,Mumbai APMC,Coriander(Leaves),Other,Local,600,1200,900,09/04/2026
Maharashtra,Nagpur,Kalmeshwar APMC,Coriander(Leaves),Other,Local,2030,2500,2350,09/04/2026
Maharashtra,Pune,Khed APMC,Coriander(Leaves),Other,Local,500,1300,900,09/04/2026
Maharashtra,Nagpur,Kamthi APMC,Coriander(Leaves),Other,Local,3060,3560,3310,09/04/2026
Maharashtra,Pune,Pune(Manjri) APMC,Coriander(Leaves),Other,Local,4,12,8,09/04/2026
Maharashtra,Ahmednagar,Rahata APMC,Coriander(Leaves),Other,Local,5,15,10,09/04/2026
Uttar Pradesh,Ghaziabad,Ghaziabad APMC,Coriander(Leaves),Other,FAQ,6100,6100,6100,09/04/2026
Uttar Pradesh,Saharanpur,Saharanpur APMC,Coriander(Leaves),Other,FAQ,8550,8550,8550,09/04/2026
Uttar Pradesh,Kanpur,Kanpur(Grain) APMC,Coriander(Leaves),Other,FAQ,7000,7000,7000,09/04/2026
Uttar Pradesh,Prayagraj,Prayagraj APMC,Coriander(Leaves),Other,FAQ,6700,6700,6700,09/04/2026
Uttar Pradesh,Bareilly,Bareilly APMC,Coriander(Leaves),Other,FAQ,5714.28,5714.28,5714.28,09/04/2026
Uttar Pradesh,Jhansi,Jhansi APMC,Coriander(Leaves),Other,FAQ,6730,6730,6730,09/04/2026
Karnataka,Dharwad,Hubli (Amaragol) APMC,Coriander(Leaves),Local,Local,10666,10666,10666,09/04/2026
Gujarat,Rajkot,Rajkot(Veg.Sub Yard) APMC,Coriander(Leaves),Coriander,FAQ,780,1540,1160,09/04/2026
Gujarat,Dahod,Dahod(Veg. Market) APMC,Coriander(Leaves),Coriander,Local,1000,2500,1800,09/04/2026
Gujarat,Amreli,Damnagar APMC,Coriander(Leaves),Coriander,Local,2500,2500,2500,09/04/2026
Gujarat,Ahmedabad,Ahmedabad APMC,Coriander(Leaves),Coriander,FAQ,800,1500,1250,09/04/2026
Gujarat,Banaskanth,Deesa(Deesa Veg Yard) APMC,Coriander(Leaves),Other,FAQ,1000,1400,1200,09/04/2026
Gujarat,Surendranagar,Vadhvan APMC,Coriander(Leaves),Coriander,Medium,1500,2000,1750,09/04/2026
Gujarat,Porbandar,Porbandar APMC,Coriander(Leaves),Coriander,Local,2000,3000,2500,09/04/2026
Gujarat,Navsari,Navsari APMC,Coriander(Leaves),Coriander,Local,3000,4000,3500,09/04/2026
Haryana,Sonipat,Ganaur APMC,Coriander(Leaves),Coriander,Medium,1000,1200,1000,09/04/2026
Haryana,Mahendragarh-Narnaul,Narnaul APMC,Coriander(Leaves),Coriander,Medium,1000,2500,2000,09/04/2026
Haryana,Kurukshetra,Thanesar APMC,Coriander(Leaves),Coriander,Local,1000,2000,1500,09/04/2026
Haryana,Ambala,Naraingarh APMC,Coriander(Leaves),Coriander,Medium,700,2000,1200,09/04/2026
Punjab,Gurdaspur,Gurdaspur APMC,Coriander(Leaves),Other,Grade A,2800,2800,2800,09/04/2026
Punjab,Sangrur,Bhawanigarh APMC,Coriander(Leaves),Coriander,Medium,2000,2200,2100,09/04/2026
Punjab,Jalandhar,Jalandhar City(Jalandhar) APMC,Coriander(Leaves),Coriander,FAQ,600,800,700,09/04/2026
Punjab,Patiala,Patiala APMC,Coriander(Leaves),Other,Grade A,1600,2200,1800,09/04/2026
Punjab,Ludhiana,Ludhiana APMC,Coriander(Leaves),Other,FAQ,800,1500,1200,09/04/2026
Punjab,Gurdaspur,Dinanagar APMC,Coriander(Leaves),Coriander,Medium,2500,3000,2800,09/04/2026
Punjab,Jalandhar,Jalandhar City(Jalandhar) APMC,Coriander(Leaves),Coriander,Medium,600,800,700,09/04/2026
Punjab,Nawanshahr,Nawan Shahar(Subzi Mandi) APMC,Coriander(Leaves),Coriander,FAQ,5500,6000,5800,09/04/2026
Punjab,Patiala,Patran APMC,Coriander(Leaves),Other,Grade A,1850,1850,1850,09/04/2026
Punjab,Gurdaspur,Quadian APMC,Coriander(Leaves),Other,FAQ,1900,2100,2000,09/04/2026
Punjab,Fatehgarh,Bassi Pathana APMC,Coriander(Leaves),Coriander,Medium,2200,2500,2300,09/04/2026
Kerala,Ernakulam,Piravam APMC,Coriander(Leaves),Other,Local,8000,10000,9000,09/04/2026
Kerala,Malappuram,Parappanangadi APMC,Coriander(Leaves),Coriander,FAQ,5500,5700,5600,09/04/2026
Himachal Pradesh,Kangra,SMY Palampur,Coriander(Leaves),Coriander,FAQ,4000,4500,4200,09/04/2026
Himachal Pradesh,Kullu,PMY Kullu,Coriander(Leaves),Other,FAQ,3500,4000,3800,09/04/2026
Himachal Pradesh,Una,SMY Santoshgarh,Coriander(Leaves),Coriander,FAQ,3000,3500,3250,09/04/2026
Himachal Pradesh,Kangra,SMY Baijnath,Coriander(Leaves),Coriander,Grade A,4500,5000,5000,09/04/2026
Himachal Pradesh,Solan,PMY Kather Solan,Coriander(Leaves),Other,Medium,1500,2500,2200,09/04/2026
Himachal Pradesh,Mandi,PMY Kangni Mandi,Coriander(Leaves),Coriander,Grade B,2500,5000,4000,09/04/2026
Himachal Pradesh,Mandi,SMY Dhanotu,Coriander(Leaves),Coriander,FAQ,3000,3500,3250,09/04/2026
Himachal Pradesh,Chamba,PMY Chamba,Coriander(Leaves),Other,Medium,4000,5000,4500,09/04/2026
Himachal Pradesh,Kangra,SMY Jaisinghpur,Coriander(Leaves),Coriander,FAQ,4200,4800,4500,09/04/2026
Himachal Pradesh,Una,PMY Una,Coriander(Leaves),Coriander,Local,3500,4000,3800,09/04/2026
Himachal Pradesh,Hamirpur,PMY Hamirpur,Coriander(Leaves),Other,Grade B,8000,8500,8250,09/04/2026
Tamil Nadu,Ramanathapuram,Ramanathapuram(Uzhavar Sandhai ) APMC,Soyabean,Local,Local,8500,9000,8750,09/04/2026
Tamil Nadu,Ramanathapuram,Paramakudi(Uzhavar Sandhai ) APMC,Soyabean,Local,Local,9000,10000,9500,09/04/2026
Tamil Nadu,Madurai,Anna nagar(Uzhavar Sandhai ) APMC,Soyabean,Local,Local,9000,10000,9500,09/04/2026
Tamil Nadu,Madurai,Chokkikulam(Uzhavar Sandhai ) APMC,Soyabean,Local,Local,9000,10000,9500,09/04/2026
Tamil Nadu,Madurai,Anaiyur(Uzhavar Sandhai ) APMC,Soyabean,Local,Local,9000,10000,9500,09/04/2026
Tamil Nadu,Madurai,Palanganatham(Uzhavar Sandhai ) APMC,Soyabean,Local,Local,9000,10000,9500,09/04/2026
Tamil Nadu,Sivaganga,Sivagangai (Uzhavar Sandhai ) APMC,Soyabean,Local,Local,10000,11000,10500,09/04/2026
Tamil Nadu,Theni,Andipatti(Uzhavar Sandhai ) APMC,Soyabean,Local,Local,9000,10000,9500,09/04/2026
Tamil Nadu,Theni,Theni(Uzhavar Sandhai ) APMC,Soyabean,Local,Local,10000,10000,10000,09/04/2026
Tamil Nadu,Theni,Chinnamanur(Uzhavar Sandhai ) APMC,Soyabean,Local,Local,10000,10000,10000,09/04/2026
Madhya Pradesh,Vidisha,Sironj APMC,Soyabean,Soyabeen,FAQ,4930,5550,5550,09/04/2026
Madhya Pradesh,Rajgarh,Khujner APMC,Soyabean,Soyabeen,FAQ,4000,5445,5445,09/04/2026
Madhya Pradesh,Harda,Khirakiya APMC,Soyabean,Soyabeen,Non-FAQ,4601,5420,5420,09/04/2026
Madhya Pradesh,Dhar,Manawar APMC,Soyabean,Soyabeen,FAQ,4800,5280,5280,09/04/2026
Madhya Pradesh,Khargone,Bhikangaon APMC,Soyabean,Soyabeen,FAQ,4105,5375,5375,09/04/2026
Madhya Pradesh,Khandwa,Pandhana APMC,Soyabean,Yellow,FAQ,5255,5395,5395,09/04/2026
Madhya Pradesh,Mandsaur,Sitmau APMC,Soyabean,Yellow,FAQ,1301,5570,5570,09/04/2026
Madhya Pradesh,Shivpuri,Kolaras APMC,Soyabean,Soyabeen,Non-FAQ,5175,5405,5405,09/04/2026
Madhya Pradesh,Sagar,Sagar APMC,Soyabean,Soyabeen,FAQ,4555,5600,5275,09/04/2026
Madhya Pradesh,Dindori,Gorakhpur APMC,Soyabean,Yellow,FAQ,4500,4800,4800,09/04/2026
Madhya Pradesh,Rajgarh,Jeerapur APMC,Soyabean,Soyabeen,FAQ,5225,5390,5390,09/04/2026
Madhya Pradesh,Mandsaur,Suvasra APMC,Soyabean,Soyabeen,FAQ,5272,5845,5845,09/04/2026
Madhya Pradesh,Rajgarh,Sarangpur APMC,Soyabean,Soyabeen,FAQ,5000,5000,5000,09/04/2026
Madhya Pradesh,Rajgarh,Sarangpur APMC,Soyabean,Yellow,FAQ,4936,5481,5481,09/04/2026
Madhya Pradesh,Dhar,Gandhwani APMC,Soyabean,Soyabeen,FAQ,5200,5200,5200,09/04/2026
Madhya Pradesh,Jabalpur,Paatan APMC,Soyabean,Soybean-Organic,FAQ,5205,5225,5205,09/04/2026
Madhya Pradesh,Ujjain,Ujjain APMC,Soyabean,Soyabeen,FAQ,2001,6300,5632,09/04/2026
Madhya Pradesh,Dewas,Dewas APMC,Soyabean,Soyabeen,FAQ,1910,5650,5450,09/04/2026
Madhya Pradesh,Neemuch,Neemuch APMC,Soyabean,Soyabeen,FAQ,500,6225,5400,09/04/2026
Madhya Pradesh,Vidisha,Vidisha APMC,Soyabean,Soyabeen,FAQ,4600,5715,5715,09/04/2026
Madhya Pradesh,Khandwa,Khandwa APMC,Soyabean,Yellow,FAQ,3000,5702,5500,09/04/2026
Madhya Pradesh,Khandwa,Khandwa APMC,Soyabean,Soyabeen,FAQ,4980,5311,5311,09/04/2026
Madhya Pradesh,Dhar,Dhamnod APMC,Soyabean,Soyabeen,FAQ,5415,5415,5415,09/04/2026
Madhya Pradesh,Shivpuri,Pohari APMC,Soyabean,Soyabeen,Non-FAQ,4600,5300,5300,09/04/2026
Madhya Pradesh,Damoh,Damoh APMC,Soyabean,Soyabeen,FAQ,5200,5375,5375,09/04/2026
Madhya Pradesh,Tikamgarh,Niwadi APMC,Soyabean,Yellow,Non-FAQ,5300,5300,5300,09/04/2026
Madhya Pradesh,Rajgarh,Biaora APMC,Soyabean,Soyabeen,FAQ,5005,5445,5445,09/04/2026
Madhya Pradesh,Hoshangabad,Bankhedi APMC,Soyabean,Soyabeen,FAQ,5765,5800,5800,09/04/2026
Madhya Pradesh,Shajapur,Nalkehda APMC,Soyabean,Soyabeen,Non-FAQ,3270,3270,3270,09/04/2026
Madhya Pradesh,Mandsaur,Daloda APMC,Soyabean,Soyabeen,FAQ,4601,5613,5470,09/04/2026
Madhya Pradesh,Vidisha,Shamshabad APMC,Soyabean,Soyabeen,FAQ,5195,5450,5450,09/04/2026
Madhya Pradesh,Dhar,Badnawar APMC,Soyabean,Yellow,Non-FAQ,4500,4500,4500,09/04/2026
Madhya Pradesh,Dhar,Rajgarh APMC,Soyabean,Yellow,FAQ,4099,5619,5501,09/04/2026
Madhya Pradesh,Alirajpur,Alirajpur APMC,Soyabean,Soyabeen,FAQ,4700,5040,5000,09/04/2026
Madhya Pradesh,Khargone,Badwaha APMC,Soyabean,Soyabeen,FAQ,5205,5205,5205,09/04/2026
Madhya Pradesh,Mandsaur,Piplya APMC,Soyabean,Soyabeen,FAQ,4253,5678,5200,09/04/2026
Madhya Pradesh,Ratlam,Jaora APMC,Soyabean,Soyabeen,FAQ,2470,5675,5600,09/04/2026
Madhya Pradesh,Ratlam,Taal APMC,Soyabean,Soyabeen,FAQ,5350,5575,5575,09/04/2026
Madhya Pradesh,Shajapur,Momanbadodiya APMC,Soyabean,Soyabeen,FAQ,5050,5573,5573,09/04/2026
Madhya Pradesh,Jabalpur,Paatan APMC,Soyabean,Soyabeen,FAQ,5365,5660,5660,09/04/2026
Madhya Pradesh,Dhar,Dhar APMC,Soyabean,Soyabeen,FAQ,2200,5720,5600,09/04/2026
Madhya Pradesh,Mandsaur,Mandsaur APMC,Soyabean,Soyabeen,FAQ,3000,5671,3000,09/04/2026
Madhya Pradesh,Mandsaur,Mandsaur APMC,Soyabean,Soyabeen,Non-FAQ,1200,5993,5500,09/04/2026
Madhya Pradesh,Burhanpur,Burhanpur APMC,Soyabean,Soyabeen,FAQ,5026,5111,5111,09/04/2026
Madhya Pradesh,Bhopal,Berasia APMC,Soyabean,Yellow,FAQ,4715,5665,5475,09/04/2026
Madhya Pradesh,Shehdol,Shahdol APMC,Soyabean,Soyabeen,Non-FAQ,5000,5000,5000,09/04/2026
Madhya Pradesh,Ujjain,Tarana APMC,Soyabean,Soyabeen,FAQ,2000,5715,5147,09/04/2026
Madhya Pradesh,Dewas,Sonkatch APMC,Soyabean,Soyabeen,FAQ,3750,5726,5550,09/04/2026
Madhya Pradesh,Shajapur,Agar APMC,Soyabean,Soyabeen,FAQ,2000,5711,5627,09/04/2026
Madhya Pradesh,Ujjain,Nagda APMC,Soyabean,Soyabeen,FAQ,3845,5645,5645,09/04/2026
Madhya Pradesh,Ujjain,Nagda APMC,Soyabean,Soyabeen,Non-FAQ,5105,5625,5600,09/04/2026
Madhya Pradesh,Shajapur,Nalkehda APMC,Soyabean,Soyabeen,FAQ,1700,5600,5460,09/04/2026
Madhya Pradesh,Sagar,Garhakota APMC,Soyabean,Soyabeen,FAQ,5100,5100,5100,09/04/2026
Madhya Pradesh,Indore,Indore APMC,Soyabean,Soyabeen,Non-FAQ,1900,2125,2125,09/04/2026
Madhya Pradesh,Indore,Indore APMC,Soyabean,Soyabeen,FAQ,3350,5680,5590,09/04/2026
Madhya Pradesh,Ashoknagar,Piprai APMC,Soyabean,Soyabeen,Non-FAQ,4001,4001,4001,09/04/2026
Madhya Pradesh,Sehore,Jawar APMC,Soyabean,Soyabeen,FAQ,4011,5540,5300,09/04/2026
Madhya Pradesh,Khandwa,Harsood APMC,Soyabean,Yellow,FAQ,3401,5494,5494,09/04/2026
Madhya Pradesh,Khandwa,Pandhana APMC,Soyabean,Soyabeen,FAQ,4701,4951,4951,09/04/2026
Madhya Pradesh,Ujjain,Unhel APMC,Soyabean,Soyabeen,FAQ,5025,5700,5600,09/04/2026
Madhya Pradesh,Shajapur,Kalapipal APMC,Soyabean,Yellow,FAQ,3350,5648,5641,09/04/2026
Madhya Pradesh,Hoshangabad,Itarsi APMC,Soyabean,Soyabeen,FAQ,4395,4525,4525,09/04/2026
Madhya Pradesh,Indore,Mhow APMC,Soyabean,Soyabeen,FAQ,2799,5732,5451,09/04/2026
Madhya Pradesh,Ujjain,Mahidpur APMC,Soyabean,Soyabeen,FAQ,5201,6505,5490,09/04/2026
Madhya Pradesh,Ujjain,Mahidpur APMC,Soyabean,Soyabeen,Non-FAQ,2800,4505,4505,09/04/2026
Madhya Pradesh,Sagar,Deori APMC,Soyabean,Soyabeen,FAQ,5160,5200,5200,09/04/2026
Madhya Pradesh,Sagar,Rahatgarh APMC,Soyabean,Yellow,Non-FAQ,5250,5375,5375,09/04/2026
Madhya Pradesh,Chhatarpur,Bijawar APMC,Soyabean,Yellow,FAQ,5441,5441,5441,09/04/2026
Madhya Pradesh,Chhatarpur,Bijawar APMC,Soyabean,Yellow,Non-FAQ,5100,5233,5233,09/04/2026
Madhya Pradesh,Chhindwara,Chhindwara APMC,Soyabean,Soyabeen,FAQ,5000,5401,5300,09/04/2026
Madhya Pradesh,Ratlam,A lot APMC,Soyabean,Soyabeen,FAQ,4951,5571,5201,09/04/2026
Madhya Pradesh,Sehore,Nasrullaganj APMC,Soyabean,Soyabeen,FAQ,5250,5250,5250,09/04/2026
Madhya Pradesh,Hoshangabad,Banapura APMC,Soyabean,Yellow,FAQ,5000,5299,5299,09/04/2026
Madhya Pradesh,Neemuch,Manasa APMC,Soyabean,Soyabeen,Non-FAQ,4000,5440,4900,09/04/2026
Madhya Pradesh,Sagar,Banda APMC,Soyabean,Soyabeen,Non-FAQ,5000,5015,5010,09/04/2026
Madhya Pradesh,Sehore,Ichhawar APMC,Soyabean,Other,FAQ,5440,5440,5440,09/04/2026
Madhya Pradesh,Sehore,Ichhawar APMC,Soyabean,Soyabeen,FAQ,3780,5566,5476,09/04/2026
Madhya Pradesh,Raisen,Begamganj APMC,Soyabean,Soyabeen,Non-FAQ,5200,5390,5200,09/04/2026
Madhya Pradesh,Rajgarh,Pachaur APMC,Soyabean,Soyabeen,FAQ,3100,5630,5550,09/04/2026
Madhya Pradesh,Rajgarh,Narsinghgarh APMC,Soyabean,Soyabeen,FAQ,4050,5750,5600,09/04/2026
Madhya Pradesh,Jhabua,Thandla APMC,Soyabean,Soyabeen,FAQ,5250,5300,5300,09/04/2026
Madhya Pradesh,Ujjain,Khachrod APMC,Soyabean,Soyabeen,FAQ,4631,5600,5590,09/04/2026
Madhya Pradesh,Dewas,Haatpipliya APMC,Soyabean,Soyabeen,Non-FAQ,2310,5421,5251,09/04/2026
Madhya Pradesh,Mandsaur,Shamgarh APMC,Soyabean,Soyabeen,Non-FAQ,5100,5500,5500,09/04/2026
Madhya Pradesh,Mandsaur,Shamgarh APMC,Soyabean,Soyabeen,FAQ,4900,5001,5001,09/04/2026
Madhya Pradesh,Mandsaur,Sitmau APMC,Soyabean,Soyabeen,FAQ,5531,5531,5531,09/04/2026
Madhya Pradesh,Ratlam,Ratlam APMC,Soyabean,Soyabeen,FAQ,4361,5875,5675,09/04/2026
Madhya Pradesh,Shajapur,Shujalpur APMC,Soyabean,Soyabeen,FAQ,2611,5730,5581,09/04/2026
Madhya Pradesh,Shajapur,Shajapur APMC,Soyabean,Soyabeen,FAQ,1000,5812,5552,09/04/2026
Madhya Pradesh,Shajapur,Susner APMC,Soyabean,Soyabeen,Non-FAQ,5271,5271,5271,09/04/2026
Madhya Pradesh,Ashoknagar,Ashoknagar APMC,Soyabean,Soyabeen,FAQ,4090,5600,5390,09/04/2026
Madhya Pradesh,Sehore,Ashta APMC,Soyabean,Soyabeen,FAQ,2000,6301,5581,09/04/2026
Madhya Pradesh,Sehore,Sehore APMC,Soyabean,Yellow,Non-FAQ,3561,5632,5450,09/04/2026
Madhya Pradesh,Sehore,Sehore APMC,Soyabean,Soyabeen,FAQ,4578,5650,5541,09/04/2026
Madhya Pradesh,Sehore,Sehore APMC,Soyabean,Yellow,FAQ,3800,5690,5570,09/04/2026
Madhya Pradesh,Indore,Mhow APMC,Soyabean,Soyabeen,Non-FAQ,2901,5501,5501,09/04/2026
Madhya Pradesh,Dewas,Khategaon APMC,Soyabean,Soyabeen,FAQ,4151,5321,5321,09/04/2026
Madhya Pradesh,Sagar,Khurai APMC,Soyabean,Soyabeen,FAQ,5000,5265,5265,09/04/2026
Madhya Pradesh,Damoh,Patharia APMC,Soyabean,Soyabeen,FAQ,3305,5905,5405,09/04/2026
Madhya Pradesh,Sehore,Nasrullaganj APMC,Soyabean,Soyabeen,Non-FAQ,4301,4301,4301,09/04/2026
Madhya Pradesh,Neemuch,Manasa APMC,Soyabean,Soyabeen,FAQ,3691,5693,5550,09/04/2026
Madhya Pradesh,Rajgarh,Sarangpur APMC,Soyabean,Yellow,Non-FAQ,3575,5226,5226,09/04/2026
Madhya Pradesh,Shivpuri,Pohari APMC,Soyabean,Soyabeen,FAQ,5330,5475,5475,09/04/2026
Madhya Pradesh,Sagar,Bina APMC,Soyabean,Soyabeen,FAQ,5261,5261,5261,09/04/2026
Madhya Pradesh,Chhatarpur,Bijawar APMC,Soyabean,Soyabeen,FAQ,5288,5398,5398,09/04/2026
Madhya Pradesh,Tikamgarh,Tikamgarh APMC,Soyabean,Soyabeen,FAQ,5000,5300,5200,09/04/2026
Madhya Pradesh,Chhindwara,Pandhurna APMC,Soyabean,Soyabeen,Non-FAQ,1750,5350,5350,09/04/2026
Madhya Pradesh,Narsinghpur,Kareli APMC,Soyabean,Soyabeen,FAQ,5000,5500,5500,09/04/2026
Madhya Pradesh,Vidisha,Kurwai APMC,Soyabean,Soyabeen,Non-FAQ,5100,5100,5100,09/04/2026
Madhya Pradesh,Harda,Timarni APMC,Soyabean,Soyabeen,FAQ,3700,5471,5471,09/04/2026
Madhya Pradesh,Harda,Khirakiya APMC,Soyabean,Yellow,Non-FAQ,4960,5750,5321,09/04/2026
Madhya Pradesh,Indore,Sanwer APMC,Soyabean,Soyabeen,FAQ,5211,5595,5595,09/04/2026
Madhya Pradesh,Indore,Sanwer APMC,Soyabean,Soyabeen,Non-FAQ,5470,5613,5613,09/04/2026
Madhya Pradesh,Dhar,Badnawar APMC,Soyabean,Yellow,FAQ,3650,5720,5600,09/04/2026
Madhya Pradesh,Jhabua,Petlawad APMC,Soyabean,Soyabeen,FAQ,5235,5300,5300,09/04/2026
Madhya Pradesh,Ujjain,Badnagar APMC,Soyabean,Yellow,FAQ,1701,6399,5500,09/04/2026
Madhya Pradesh,Dewas,Kannod APMC,Soyabean,Soyabeen,FAQ,5200,5535,5535,09/04/2026
Madhya Pradesh,Ratlam,Sailana APMC,Soyabean,Soyabeen,FAQ,3301,5670,5651,09/04/2026
Madhya Pradesh,Ratlam,Taal APMC,Soyabean,Yellow,FAQ,5121,5665,5450,09/04/2026
Madhya Pradesh,Ujjain,Ujjain APMC,Soyabean,Yellow,FAQ,5480,5480,5480,09/04/2026
Madhya Pradesh,Bhopal,Bhopal APMC,Soyabean,Soyabeen,FAQ,5491,5491,5491,09/04/2026
Madhya Pradesh,Vidisha,Ganjbasoda APMC,Soyabean,Soyabeen,FAQ,4160,5700,5700,09/04/2026
Madhya Pradesh,Betul,Betul APMC,Soyabean,Yellow,Non-FAQ,4425,4975,4430,09/04/2026
Madhya Pradesh,Khargone,Khargone APMC,Soyabean,Soyabeen,FAQ,5151,5454,5400,09/04/2026
Madhya Pradesh,Burhanpur,Burhanpur APMC,Soyabean,Soyabeen,Non-FAQ,5201,5201,5201,09/04/2026
Madhya Pradesh,Chhatarpur,Chhatarpur APMC,Soyabean,Soyabeen,FAQ,5105,5115,5115,09/04/2026
Madhya Pradesh,Bhopal,Berasia APMC,Soyabean,Soyabeen,FAQ,4695,5620,5620,09/04/2026
Madhya Pradesh,Betul,Multai APMC,Soyabean,Soyabeen,FAQ,4511,4511,4511,09/04/2026
Madhya Pradesh,Harda,Harda APMC,Soyabean,Yellow,FAQ,3200,5581,5561,09/04/2026
Madhya Pradesh,Shivpuri,Barad APMC,Soyabean,Soyabeen,FAQ,5340,5700,5475,09/04/2026
Maharashtra,Vashim,Washim(Ansing) APMC,Soyabean,Yellow,FAQ,5350,5600,5450,09/04/2026
Maharashtra,Yavatmal,Vani APMC,Soyabean,Yellow,Non-FAQ,5085,5255,5100,09/04/2026
Maharashtra,Akola,Akola APMC,Soyabean,Yellow,FAQ,5330,5490,5365,09/04/2026
Maharashtra,Beed,Gevrai APMC,Soyabean,Yellow,FAQ,5345,5345,5345,09/04/2026
Maharashtra,Chandrapur,Chandrapur APMC,Soyabean,Other,Local,4850,5250,5145,09/04/2026
Maharashtra,Latur,Aurad Shahajani APMC,Soyabean,Yellow,Non-FAQ,5250,5327,5300,09/04/2026
Maharashtra,Latur,Latur(Murud) APMC,Soyabean,Yellow,FAQ,5328,5521,5400,09/04/2026
Maharashtra,Nagpur,Nagpur APMC,Soyabean,Other,Local,5000,5475,5350,09/04/2026
Maharashtra,Nashik,Lasalgaon APMC,Soyabean,Other,Local,2801,5531,5440,09/04/2026
Maharashtra,Nashik,Lasalgaon(Niphad) APMC,Soyabean,Other,Local,4201,5470,5401,09/04/2026
Maharashtra,Nashik,Shivsiddha Govind Producer Company Limited Sanchal APMC,Soyabean,Other,Local,5391,5391,5391,09/04/2026
Maharashtra,Yavatmal,"Mahesh Krushi Utpanna Bazar, Digras APMC",Soyabean,Other,Local,5250,5500,5342,09/04/2026
Maharashtra,Beed,Majalgaon APMC,Soyabean,Other,Local,4000,5300,5200,09/04/2026
Maharashtra,Chandrapur,Rajura APMC,Soyabean,Yellow,Non-FAQ,5000,5300,5265,09/04/2026
Maharashtra,Hingoli,Sengoan APMC,Soyabean,Yellow,Non-FAQ,5150,5300,5200,09/04/2026
Maharashtra,Jalana,Jalana APMC,Soyabean,Yellow,Non-FAQ,4750,4750,4750,09/04/2026
Maharashtra,Latur,Latur APMC,Soyabean,Yellow,FAQ,5328,5580,5450,09/04/2026
Maharashtra,Nagpur,Katol APMC,Soyabean,Yellow,Non-FAQ,4900,5324,5200,09/04/2026
Maharashtra,Nagpur,Umared APMC,Soyabean,Yellow,FAQ,5400,5700,5550,09/04/2026
Maharashtra,Nashik,Sinner APMC,Soyabean,Other,Local,4000,5445,5400,09/04/2026
Maharashtra,Dharashiv(Usmanabad),Tuljapur APMC,Soyabean,Other,Local,5425,5425,5425,09/04/2026
Maharashtra,Wardha,Wardha APMC,Soyabean,Yellow,FAQ,5328,5500,5400,09/04/2026
Maharashtra,Wardha,Wardha APMC,Soyabean,Yellow,Non-FAQ,5175,5300,5200,09/04/2026
Maharashtra,Yavatmal,Kalamb APMC,Soyabean,Yellow,Non-FAQ,5000,5200,5100,09/04/2026
Maharashtra,Vashim,Karanja APMC,Soyabean,Other,Local,5050,5610,5425,09/04/2026
Maharashtra,Yavatmal,Umarkhed APMC,Soyabean,Yellow,Non-FAQ,4800,5000,4900,09/04/2026
Maharashtra,Akola,Murtizapur APMC,Soyabean,Yellow,FAQ,5330,5400,5365,09/04/2026
Maharashtra,Amarawati,Amarawati APMC,Soyabean,Other,Local,5050,5481,5265,09/04/2026
Maharashtra,Chandrapur,Rajura APMC,Soyabean,Yellow,FAQ,5350,5350,5350,09/04/2026
Maharashtra,Hingoli,Hingoli APMC,Soyabean,Other,Local,5150,5450,5300,09/04/2026
Maharashtra,Latur,Ausa APMC,Soyabean,Yellow,Non-FAQ,5151,5151,5151,09/04/2026
Maharashtra,Nagpur,Umared APMC,Soyabean,Yellow,Non-FAQ,4500,5300,4850,09/04/2026
Maharashtra,Nashik,Lasalgaon(Vinchur) APMC,Soyabean,Other,Local,3000,5511,5400,09/04/2026
Maharashtra,Dharashiv(Usmanabad),Murum APMC,Soyabean,Yellow,Non-FAQ,4900,4900,4900,09/04/2026
Maharashtra,Buldhana,Deoulgaon Raja APMC,Soyabean,Yellow,Non-FAQ,5000,5151,5000,09/04/2026
Maharashtra,Sholapur,Solapur APMC,Soyabean,Other,Local,5565,5565,5565,09/04/2026
Maharashtra,Vashim,Washim APMC,Soyabean,Yellow,FAQ,5330,6351,5560,09/04/2026
Maharashtra,Ahmednagar,Kopargaon APMC,Soyabean,Other,Local,5100,5496,5312,09/04/2026
Maharashtra,Amarawati,Morshi APMC,Soyabean,Other,Local,4800,5000,4900,09/04/2026
Maharashtra,Chattrapati Sambhajinagar,Vaijpur APMC,Soyabean,Other,Local,5155,5155,5155,09/04/2026
Maharashtra,Buldhana,Mehekar APMC,Soyabean,Other,Local,4800,5480,5300,09/04/2026
Maharashtra,Hingoli,Hingoli(Kanegoan Naka) APMC,Soyabean,Yellow,FAQ,5350,5450,5400,09/04/2026
Maharashtra,Jalana,Jalana APMC,Soyabean,Yellow,FAQ,5400,5700,5400,09/04/2026
Maharashtra,Nanded,Loha APMC,Soyabean,Other,Local,5000,5270,5200,09/04/2026
Maharashtra,Wardha,Hinganghat APMC,Soyabean,Yellow,FAQ,5330,5675,5540,09/04/2026
Maharashtra,Wardha,Hinganghat APMC,Soyabean,Yellow,Non-FAQ,3400,5300,4000,09/04/2026
Maharashtra,Yavatmal,Umarked(Danki) APMC,Soyabean,Yellow,Non-FAQ,4800,5000,4900,09/04/2026
Maharashtra,Buldhana,Lonar APMC,Soyabean,Yellow,Non-FAQ,5000,5327,5163,09/04/2026
Maharashtra,Dhule,Dhule APMC,Soyabean,Other,Local,3405,5205,4205,09/04/2026
Maharashtra,Jalana,Partur APMC,Soyabean,Yellow,Non-FAQ,5000,5300,5100,09/04/2026
Maharashtra,Latur,Aurad Shahajani APMC,Soyabean,Yellow,FAQ,5328,5500,5450,09/04/2026
Maharashtra,Latur,Ausa APMC,Soyabean,Yellow,FAQ,5351,5621,5529,09/04/2026
Maharashtra,Latur,Devani APMC,Soyabean,Yellow,FAQ,5351,5471,5411,09/04/2026
Maharashtra,Dharashiv(Usmanabad),Murum APMC,Soyabean,Yellow,FAQ,5450,5450,5450,09/04/2026
Maharashtra,Parbhani,Jintur APMC,Soyabean,Yellow,FAQ,5425,5425,5425,09/04/2026
Maharashtra,Parbhani,Jintur APMC,Soyabean,Yellow,Non-FAQ,5280,5300,5300,09/04/2026
Maharashtra,Vashim,Krushna Krishi Bazar  APMC,Soyabean,Other,Local,5000,5250,5104,09/04/2026
Uttar Pradesh,Lalitpur,Lalitpur APMC,Soyabean,Other,FAQ,5000,5050,5018.88,09/04/2026
Uttar Pradesh,Rampur,Bilaspur APMC,Soyabean,Other,FAQ,3500,3520,3507.63,09/04/2026
Uttar Pradesh,Lalitpur,Mehrauni APMC,Soyabean,Other,FAQ,5300,5300,5300,09/04/2026
Rajasthan,Pratapgarh,Chhotisadri APMC,Soyabean,Soyabeen,Local,3800,5200,4500,09/04/2026
Rajasthan,Baran,Baran APMC,Soyabean,Other,Local,4950,5661,5570,09/04/2026
Rajasthan,Kota,Kota APMC,Soyabean,Local,Local,5600,5600,5600,09/04/2026
Rajasthan,Chittorgarh,Nimbahera APMC,Soyabean,Soyabeen,FAQ,4800,5500,5150,09/04/2026
Rajasthan,Pratapgarh,Pratapgarh APMC,Soyabean,Other,FAQ,5000,5730,5250,09/04/2026
Karnataka,Kalburgi,Kalburgi APMC,Soyabean,Soyabeen,Non-FAQ,3500,5100,4500,09/04/2026
Karnataka,Belgaum,Bailahongal APMC,Soyabean,Soyabeen,Local,5126,5565,5340,09/04/2026
Karnataka,Bidar,Basava Kalayana APMC,Soyabean,Soyabeen,FAQ,5100,5520,5250,09/04/2026
Karnataka,Bidar,Bhalki APMC,Soyabean,Soyabeen,Non-FAQ,4809,5321,5220,09/04/2026
Karnataka,Bidar,Aurad APMC,Soyabean,Soyabeen,Non-FAQ,4471,5270,5270,09/04/2026
Karnataka,Dharwad,Hubli (Amaragol) APMC,Soyabean,Soyabeen,Local,2700,5450,5240,09/04/2026
Karnataka,Dharwad,Kalagategi APMC,Soyabean,Soyabeen,Local,5500,5500,5500,09/04/2026
Karnataka,Bidar,Bidar APMC,Soyabean,Local,Non-FAQ,4543,5555,5350,09/04/2026
Gujarat,Junagarh,Junagadh APMC,Soyabean,Soyabeen,FAQ,4500,5985,5300,09/04/2026
Gujarat,Amreli,Amreli APMC,Soyabean,Soyabeen,FAQ,4500,5050,4750,09/04/2026
Gujarat,Rajkot,Rajkot APMC,Soyabean,Soyabeen,FAQ,4000,5300,4500,09/04/2026
Gujarat,Amreli,Bagasara APMC,Soyabean,Yellow,Local,4000,4100,4050,09/04/2026
Gujarat,Sabarkantha,Himatnagar APMC,Soyabean,Yellow,Local,5150,5325,5250,09/04/2026
Gujarat,Rajkot,Jetpur(Dist.Rajkot) APMC,Soyabean,Soyabeen,FAQ,5000,5305,5200,09/04/2026
Gujarat,Dahod,Dahod APMC,Soyabean,Soyabeen,Local,5300,5400,5350,09/04/2026
Gujarat,Amreli,Rajula APMC,Soyabean,Soyabeen,Local,4750,5095,4922,09/04/2026
Gujarat,Rajkot,Dhoraji APMC,Soyabean,Yellow,Non-FAQ,4130,5245,5020,09/04/2026
Gujarat,Sabarkantha,APMCKHEDBRAHMA,Soyabean,Other,FAQ,4975,5025,5000,09/04/2026
Telangana,Medak,Zaheerabad APMC,Soyabean,Soyabeen,Local,5330,5700,5400,09/04/2026
Madhya Pradesh,Rajgarh,Pachaur APMC,Mustard,Mustard,FAQ,5700,6365,6175,09/04/2026
Madhya Pradesh,Hoshangabad,Pipariya APMC,Mustard,Mustard,FAQ,5700,7200,5960,09/04/2026
Madhya Pradesh,Khandwa,Harsood APMC,Mustard,Mustard,FAQ,6001,6550,6001,09/04/2026
Madhya Pradesh,Mandsaur,Piplya APMC,Mustard,Mustard,FAQ,5800,6274,6274,09/04/2026
Madhya Pradesh,Shajapur,Susner APMC,Mustard,Mustard,Non-FAQ,6290,6350,6350,09/04/2026
Madhya Pradesh,Datia,Sevda APMC,Mustard,Mustard,Non-FAQ,6580,6765,6765,09/04/2026
Madhya Pradesh,Gwalior,Lashkar APMC,Mustard,Mustard,FAQ,6450,6990,6975,09/04/2026
Madhya Pradesh,Guna,Guna APMC,Mustard,Mustard,Non-FAQ,6135,6195,6195,09/04/2026
Madhya Pradesh,Guna,Raghogarh APMC,Mustard,Mustard,FAQ,6110,6180,6180,09/04/2026
Madhya Pradesh,Ashoknagar,Shadora APMC,Mustard,Mustard,FAQ,6205,6400,6300,09/04/2026
Madhya Pradesh,Ashoknagar,Chanderi APMC,Mustard,Mustard,Non-FAQ,6205,6350,6350,09/04/2026
Madhya Pradesh,Shivpuri,Kolaras APMC,Mustard,Mustard,Non-FAQ,5300,6690,6690,09/04/2026
Madhya Pradesh,Morena,Ambaha APMC,Mustard,Mustard,Non-FAQ,6545,6555,6555,09/04/2026
Madhya Pradesh,Sagar,Bamora APMC,Mustard,Mustard,FAQ,6201,6840,6300,09/04/2026
Madhya Pradesh,Sagar,Shahagarh APMC,Mustard,Mustard,Non-FAQ,6311,6311,6311,09/04/2026
Madhya Pradesh,Rewa,Rewa APMC,Mustard,Sarson(Black),FAQ,6261,6441,6441,09/04/2026
Madhya Pradesh,Shajapur,Agar APMC,Mustard,Mustard,FAQ,3400,6558,6341,09/04/2026
Madhya Pradesh,Sagar,Khurai APMC,Mustard,Mustard,FAQ,4000,7061,6900,09/04/2026
Madhya Pradesh,Sehore,Nasrullaganj APMC,Mustard,Sarson(Black),Non-FAQ,2000,2000,2000,09/04/2026
Madhya Pradesh,Sehore,Nasrullaganj APMC,Mustard,Mustard,FAQ,5701,6071,6071,09/04/2026
Madhya Pradesh,Mandsaur,Suvasra APMC,Mustard,Mustard,FAQ,6470,6470,6470,09/04/2026
Madhya Pradesh,Sagar,Banda APMC,Mustard,Mustard,Non-FAQ,6070,6070,6070,09/04/2026
Madhya Pradesh,Shivpuri,Khatora APMC,Mustard,Mustard,FAQ,6345,6595,6480,09/04/2026
Madhya Pradesh,Mandsaur,Daloda APMC,Mustard,Mustard,FAQ,6200,6370,6370,09/04/2026
Madhya Pradesh,Neemuch,Neemuch APMC,Mustard,Mustard,FAQ,6200,8551,6500,09/04/2026
Madhya Pradesh,Katni,Katni APMC,Mustard,Mustard,FAQ,6300,6500,6500,09/04/2026
Madhya Pradesh,Mandsaur,Mandsaur APMC,Mustard,Mustard,FAQ,5467,6530,6445,09/04/2026
Madhya Pradesh,Shivpuri,Pohari APMC,Mustard,Mustard,FAQ,6355,7025,6965,09/04/2026
Madhya Pradesh,Bhind,Alampur APMC,Mustard,Sarson(Black),Non-FAQ,6700,6700,6700,09/04/2026
Madhya Pradesh,Morena,Porsa APMC,Mustard,Mustard,FAQ,6450,6600,6570,09/04/2026
Madhya Pradesh,Sheopur,Sheopurkalan APMC,Mustard,Mustard,Non-FAQ,5950,6700,6700,09/04/2026
Madhya Pradesh,Damoh,Damoh APMC,Mustard,Mustard,FAQ,6200,6360,6360,09/04/2026
Madhya Pradesh,Chhatarpur,LavKush Nagar(Laundi) APMC,Mustard,Mustard,FAQ,5980,6285,6050,09/04/2026
Madhya Pradesh,Panna,Devandranagar APMC,Mustard,Mustard,Non-FAQ,6375,6400,6400,09/04/2026
Madhya Pradesh,Seoni,Ghansour APMC,Mustard,Mustard,FAQ,5790,6000,5900,09/04/2026
Madhya Pradesh,Satna,Nagod APMC,Mustard,Mustard,FAQ,6300,6500,6500,09/04/2026
Madhya Pradesh,Rajgarh,Jeerapur APMC,Mustard,Mustard,FAQ,6000,6390,6330,09/04/2026
Madhya Pradesh,Rajgarh,Jeerapur APMC,Mustard,Mustard,Non-FAQ,6250,6250,6250,09/04/2026
Madhya Pradesh,Shajapur,Nalkehda APMC,Mustard,Mustard,FAQ,6000,6265,6250,09/04/2026
Madhya Pradesh,Morena,Sabalgarh APMC,Mustard,Mustard,Non-FAQ,6300,6825,6740,09/04/2026
Madhya Pradesh,Shivpuri,Khatora APMC,Mustard,Mustard,Non-FAQ,6445,6445,6445,09/04/2026
Madhya Pradesh,Bhind,Mehgaon APMC,Mustard,Mustard,FAQ,6600,6775,6775,09/04/2026
Madhya Pradesh,Morena,Jora APMC,Mustard,Mustard,Non-FAQ,6600,6650,6625,09/04/2026
Madhya Pradesh,Sehore,Jawar APMC,Mustard,Mustard,FAQ,5500,5906,5906,09/04/2026
Madhya Pradesh,Harda,Timarni APMC,Mustard,Mustard,FAQ,5951,6399,6211,09/04/2026
Madhya Pradesh,Dewas,Haatpipliya APMC,Mustard,Mustard,Non-FAQ,5900,6111,5900,09/04/2026
Madhya Pradesh,Mandsaur,Shamgarh APMC,Mustard,Mustard,FAQ,6200,6400,6200,09/04/2026
Madhya Pradesh,Shajapur,Badod APMC,Mustard,Mustard,Non-FAQ,6371,6371,6371,09/04/2026
Madhya Pradesh,Ashoknagar,Chanderi APMC,Mustard,Mustard,FAQ,6205,6475,6475,09/04/2026
Madhya Pradesh,Shivpuri,Kolaras APMC,Mustard,Mustard,FAQ,6050,6850,6630,09/04/2026
Madhya Pradesh,Bhind,Mow APMC,Mustard,Mustard,FAQ,6380,6870,6780,09/04/2026
Madhya Pradesh,Ujjain,Ujjain APMC,Mustard,Mustard,FAQ,6225,6390,6390,09/04/2026
Madhya Pradesh,Datia,Bhander APMC,Mustard,Mustard,FAQ,6400,6650,6590,09/04/2026
Madhya Pradesh,Bhopal,Bhopal APMC,Mustard,Mustard,FAQ,5900,7351,7351,09/04/2026
Madhya Pradesh,Ashoknagar,Ashoknagar APMC,Mustard,Mustard,FAQ,5965,6435,6285,09/04/2026
Madhya Pradesh,Vidisha,Vidisha APMC,Mustard,Mustard,FAQ,5700,7300,6400,09/04/2026
Madhya Pradesh,Morena,Morena APMC,Mustard,Mustard,Non-FAQ,6305,6880,6755,09/04/2026
Madhya Pradesh,Morena,Morena APMC,Mustard,Mustard,FAQ,6500,6525,6525,09/04/2026
Madhya Pradesh,Sehore,Sehore APMC,Mustard,Mustard,FAQ,5600,7231,5950,09/04/2026
Madhya Pradesh,Shivpuri,Shivpuri APMC,Mustard,Mustard,FAQ,6705,7080,6825,09/04/2026
Madhya Pradesh,Sheopur,Sheopurkalan APMC,Mustard,Mustard,FAQ,6300,6825,6785,09/04/2026
Madhya Pradesh,Sheopur,Sheopurbadod APMC,Mustard,Mustard,Non-FAQ,6500,6500,6500,09/04/2026
Madhya Pradesh,Chhatarpur,LavKush Nagar(Laundi) APMC,Mustard,Mustard,Non-FAQ,6400,6500,6500,09/04/2026
Madhya Pradesh,Singroli,Singroli APMC,Mustard,Sarson(Black),FAQ,6500,6500,6500,09/04/2026
Madhya Pradesh,Rewa,Baikunthpur APMC,Mustard,Mustard,FAQ,6290,6320,6320,09/04/2026
Madhya Pradesh,Rajgarh,Biaora APMC,Mustard,Mustard,FAQ,5505,6295,6235,09/04/2026
Madhya Pradesh,Hoshangabad,Banapura APMC,Mustard,Sarson(Black),Non-FAQ,6000,6100,6100,09/04/2026
Madhya Pradesh,Ujjain,Nagda APMC,Mustard,Mustard,Non-FAQ,5705,5705,5705,09/04/2026
Madhya Pradesh,Neemuch,Manasa APMC,Mustard,Mustard,FAQ,6431,6880,6799,09/04/2026
Madhya Pradesh,Rajgarh,Sarangpur APMC,Mustard,Mustard,Non-FAQ,5901,6161,6161,09/04/2026
Madhya Pradesh,Rajgarh,Sarangpur APMC,Mustard,Mustard,FAQ,5900,6450,6450,09/04/2026
Madhya Pradesh,Indore,Indore APMC,Mustard,Mustard,FAQ,5930,10095.98,10095.98,09/04/2026
Madhya Pradesh,Vidisha,Shamshabad APMC,Mustard,Mustard,FAQ,6201,6431,6431,09/04/2026
Madhya Pradesh,Vidisha,Kurwai APMC,Mustard,Mustard,Non-FAQ,6200,6200,6200,09/04/2026
Madhya Pradesh,Rajgarh,Khilchipur APMC,Mustard,Mustard,FAQ,6065,6320,6225,09/04/2026
Madhya Pradesh,Rajgarh,Khujner APMC,Mustard,Mustard,FAQ,5800,6175,6090,09/04/2026
Madhya Pradesh,Shajapur,Shajapur APMC,Mustard,Mustard,FAQ,5570,6470,6235,09/04/2026
Madhya Pradesh,Shajapur,Kalapipal APMC,Mustard,Sarson(Black),FAQ,6650,6899,6899,09/04/2026
Madhya Pradesh,Datia,Datia APMC,Mustard,Mustard,FAQ,6880,7010,7010,09/04/2026
Madhya Pradesh,Guna,Aron APMC,Mustard,Mustard,FAQ,6000,6200,6045,09/04/2026
Madhya Pradesh,Ashoknagar,Isagarh APMC,Mustard,Mustard,Non-FAQ,6155,6155,6155,09/04/2026
Madhya Pradesh,Ashoknagar,Shadora APMC,Mustard,Mustard,Non-FAQ,6190,6260,6260,09/04/2026
Madhya Pradesh,Shivpuri,Badarwas APMC,Mustard,Mustard,Non-FAQ,4700,8400,6400,09/04/2026
Madhya Pradesh,Jabalpur,Paatan APMC,Mustard,Mustard,FAQ,6035,6610,6610,09/04/2026
Madhya Pradesh,Dewas,Dewas APMC,Mustard,Mustard,FAQ,2200,7000,6240,09/04/2026
Madhya Pradesh,Ashoknagar,Ashoknagar APMC,Mustard,Mustard,Non-FAQ,5825,6195,6120,09/04/2026
Madhya Pradesh,Chhatarpur,Chhatarpur APMC,Mustard,Mustard,FAQ,6500,6500,6500,09/04/2026
Madhya Pradesh,Bhopal,Berasia APMC,Mustard,Mustard,FAQ,6100,7100,6395,09/04/2026
Madhya Pradesh,Shivpuri,Karera APMC,Mustard,Mustard,FAQ,6325,6551,6551,09/04/2026
Madhya Pradesh,Shivpuri,Pohari APMC,Mustard,Mustard,Non-FAQ,6905,6975,6955,09/04/2026
Madhya Pradesh,Bhind,Lahar APMC,Mustard,Mustard,FAQ,6665,6800,6760,09/04/2026
Madhya Pradesh,Sheopur,Vijaypur APMC,Mustard,Mustard,FAQ,6605,6845,6780,09/04/2026
Madhya Pradesh,Sheopur,Vijaypur APMC,Mustard,Mustard,Non-FAQ,6650,7000,6800,09/04/2026
Madhya Pradesh,Narsinghpur,Gotegaon APMC,Mustard,Mustard,FAQ,6500,6501,6501,09/04/2026
Madhya Pradesh,Rewa,Hanumana APMC,Mustard,Mustard,FAQ,6000,6000,6000,09/04/2026
Madhya Pradesh,Shehdol,Beohari APMC,Mustard,Mustard,FAQ,6301,6310,6310,09/04/2026
Madhya Pradesh,Dewas,Sonkatch APMC,Mustard,Mustard,FAQ,5280,6061,5981,09/04/2026
Madhya Pradesh,Bhind,Gohad APMC,Mustard,Mustard,FAQ,6300,6895,6795,09/04/2026
Madhya Pradesh,Raisen,Bareli APMC,Mustard,Mustard,FAQ,5505,6200,6200,09/04/2026
Madhya Pradesh,Chhatarpur,Badamalhera APMC,Mustard,Mustard,Non-FAQ,6400,6400,6400,09/04/2026
Madhya Pradesh,Ashoknagar,Mungawali APMC,Mustard,Mustard,Non-FAQ,6000,6455,6330,09/04/2026
Madhya Pradesh,Sehore,Ichhawar APMC,Mustard,Mustard,FAQ,4801,7000,7000,09/04/2026
Madhya Pradesh,Raisen,Gairatganj APMC,Mustard,Mustard,Non-FAQ,7005,7130,7130,09/04/2026
Madhya Pradesh,Rajgarh,Narsinghgarh APMC,Mustard,Mustard,FAQ,4450,6350,6150,09/04/2026
Madhya Pradesh,Harda,Khirakiya APMC,Mustard,Mustard,Non-FAQ,3000,6070,6070,09/04/2026
Madhya Pradesh,Dewas,Kannod APMC,Mustard,Mustard,FAQ,5850,6200,6169,09/04/2026
Madhya Pradesh,Mandsaur,Shamgarh APMC,Mustard,Mustard,Non-FAQ,4901,6326,6250,09/04/2026
Madhya Pradesh,Ratlam,Jaora APMC,Mustard,Mustard,FAQ,6000,6612,6460,09/04/2026
Madhya Pradesh,Shajapur,Shujalpur APMC,Mustard,Mustard,FAQ,5750,6260,6061,09/04/2026
Madhya Pradesh,Shajapur,Badod APMC,Mustard,Mustard,FAQ,6250,6340,6340,09/04/2026
Madhya Pradesh,Guna,Guna APMC,Mustard,Mustard,FAQ,5980,6520,6350,09/04/2026
Madhya Pradesh,Guna,Binaganj APMC,Mustard,Mustard,FAQ,6000,6000,6000,09/04/2026
Madhya Pradesh,Satna,Satna APMC,Mustard,Mustard,Non-FAQ,6325,6402,6402,09/04/2026
Madhya Pradesh,Sehore,Ashta APMC,Mustard,Sarson(Black),FAQ,6013,7000,6070,09/04/2026
Madhya Pradesh,Sehore,Sehore APMC,Mustard,Sarson(Black),FAQ,5961,5961,5961,09/04/2026
Madhya Pradesh,Hoshangabad,Itarsi APMC,Mustard,Mustard,FAQ,6000,7185,6215,09/04/2026
Madhya Pradesh,Mandsaur,Mandsaur APMC,Mustard,Mustard,Non-FAQ,5952,7430,6512,09/04/2026
Madhya Pradesh,Morena,Kailaras APMC,Mustard,Mustard,FAQ,6581,6850,6600,09/04/2026
Madhya Pradesh,Chhatarpur,Chhatarpur APMC,Mustard,Mustard,Non-FAQ,6445,6600,6500,09/04/2026
Madhya Pradesh,Harda,Harda APMC,Mustard,Mustard,FAQ,2299,7100,6161,09/04/2026
Madhya Pradesh,Shivpuri,Barad APMC,Mustard,Mustard,FAQ,6536,7175,6900,09/04/2026
Madhya Pradesh,Dewas,Khategaon APMC,Mustard,Mustard,FAQ,3400,7200,6076,09/04/2026
Madhya Pradesh,Ratlam,A lot APMC,Mustard,Mustard,FAQ,5500,6225,6225,09/04/2026
Madhya Pradesh,Damoh,Patharia APMC,Mustard,Mustard,FAQ,6320,7005,6320,09/04/2026
Madhya Pradesh,Raisen,Obedullaganj APMC,Mustard,Mustard,FAQ,6201,6201,6201,09/04/2026
Madhya Pradesh,Morena,Sabalgarh APMC,Mustard,Sarson(Black),Non-FAQ,6715,6715,6715,09/04/2026
Madhya Pradesh,Sagar,Banda APMC,Mustard,Mustard,FAQ,6015,6300,6300,09/04/2026
Madhya Pradesh,Chhatarpur,Badamalhera APMC,Mustard,Mustard,FAQ,6300,6410,6400,09/04/2026
Madhya Pradesh,Ashoknagar,Piprai APMC,Mustard,Mustard,FAQ,6300,6300,6300,09/04/2026
Madhya Pradesh,Bhind,Bhind APMC,Mustard,Mustard,FAQ,6405,6940,6870,09/04/2026
Madhya Pradesh,Sheopur,Sheopurbadod APMC,Mustard,Mustard,FAQ,6371,6796,6796,09/04/2026
Madhya Pradesh,Sagar,Sagar APMC,Mustard,Mustard,FAQ,6000,7055,6650,09/04/2026
Madhya Pradesh,Sagar,Bina APMC,Mustard,Mustard,FAQ,5500,7501,7000,09/04/2026
Madhya Pradesh,Jabalpur,Jabalpur APMC,Mustard,Mustard,FAQ,5000,6595,6555,09/04/2026
Madhya Pradesh,Sagar,Rahatgarh APMC,Mustard,Mustard,Non-FAQ,5750,7650,6150,09/04/2026
Madhya Pradesh,Chhatarpur,LavKush Nagar(Laundi) APMC,Mustard,Sarson(Black),FAQ,6250,6300,6300,09/04/2026
Madhya Pradesh,Chhatarpur,Bijawar APMC,Mustard,Mustard,FAQ,6200,6250,6200,09/04/2026
Madhya Pradesh,Chhindwara,Chhindwara APMC,Mustard,Mustard,FAQ,6010,6010,6010,09/04/2026
Madhya Pradesh,Mandla,Nainpur APMC,Mustard,Mustard,FAQ,5800,6000,6000,09/04/2026
Madhya Pradesh,Rewa,Chaakghat APMC,Mustard,Sarson(Black),FAQ,6200,6215,6215,09/04/2026
Madhya Pradesh,Vidisha,Sironj APMC,Mustard,Mustard,FAQ,5970,6300,6200,09/04/2026
Madhya Pradesh,Shajapur,Kalapipal APMC,Mustard,Mustard,FAQ,5300,6999,6500,09/04/2026
Madhya Pradesh,Shajapur,Momanbadodiya APMC,Mustard,Mustard,FAQ,5895,6250,6250,09/04/2026
Madhya Pradesh,Gwalior,Lashkar APMC,Mustard,Mustard,Non-FAQ,6885,7000,7000,09/04/2026
Madhya Pradesh,Guna,Aron APMC,Mustard,Mustard,Non-FAQ,5800,6050,6050,09/04/2026
Madhya Pradesh,Ashoknagar,Isagarh APMC,Mustard,Mustard,FAQ,6215,6415,6390,09/04/2026
Madhya Pradesh,Shivpuri,Badarwas APMC,Mustard,Mustard,FAQ,6205,6720,6555,09/04/2026
Madhya Pradesh,Gwalior,Dabra APMC,Mustard,Mustard,FAQ,6600,6810,6800,09/04/2026
Madhya Pradesh,Satna,Satna APMC,Mustard,Mustard,FAQ,6400,6585,6400,09/04/2026
Madhya Pradesh,Vidisha,Ganjbasoda APMC,Mustard,Mustard,FAQ,5400,7240,6400,09/04/2026
Madhya Pradesh,Katni,Katni APMC,Mustard,Mustard,Non-FAQ,5600,7080,6475,09/04/2026
Madhya Pradesh,Sehore,Ashta APMC,Mustard,Mustard,FAQ,5301,7000,6000,09/04/2026
Madhya Pradesh,Khandwa,Khandwa APMC,Mustard,Mustard,Non-FAQ,5225,5800,5800,09/04/2026
Madhya Pradesh,Chhatarpur,Chhatarpur APMC,Mustard,Sarson(Black),FAQ,6420,6420,6420,09/04/2026
Maharashtra,Akola,Akola APMC,Mustard,Other,Non-FAQ,5000,5000,5000,09/04/2026
Maharashtra,Chattrapati Sambhajinagar,Vaijpur APMC,Mustard,Other,Non-FAQ,1650,1650,1650,09/04/2026
Maharashtra,Mumbai,Mumbai APMC,Mustard,Other,FAQ,6500,9500,8000,09/04/2026
Uttar Pradesh,Lakhimpur,Golagokarnath APMC,Mustard,Other,FAQ,6500,6550,6519.06,09/04/2026
Uttar Pradesh,Jhansi,Jhansi APMC,Mustard,Other,FAQ,6900,7100,6998.57,09/04/2026
Uttar Pradesh,Kanpur Dehat,Jhijhank APMC,Mustard,Other,FAQ,6000,6000,6000,09/04/2026
Uttar Pradesh,Hardoi,Madhoganj APMC,Mustard,Other,FAQ,6000,6100,6017.39,09/04/2026
Uttar Pradesh,Sitapur,Mehmoodabad APMC,Mustard,Other,FAQ,6020,6400,6191.21,09/04/2026
Uttar Pradesh,Amethi,Sultanpur APMC,Mustard,Other,FAQ,5500,5500,5500,09/04/2026
Uttar Pradesh,Firozabad,Tundla APMC,Mustard,Other,FAQ,6580,6705,6632.94,09/04/2026
Uttar Pradesh,Auraiya,Auraiya APMC,Mustard,Other,FAQ,6500,6500,6500,09/04/2026
Uttar Pradesh,Bulandshahar,Gulavati APMC,Mustard,Other,FAQ,5600,6035,5842.11,09/04/2026
Uttar Pradesh,Hardoi,Hardoi APMC,Mustard,Other,FAQ,6000,6625,6432.61,09/04/2026
Uttar Pradesh,Chitrakut,Karvi APMC,Mustard,Other,FAQ,6349.99,6350,6350,09/04/2026
Uttar Pradesh,Kasganj,Kasganj APMC,Mustard,Other,FAQ,5900,6000,5951.05,09/04/2026
Uttar Pradesh,Mathura,Kosikalan APMC,Mustard,Sarson(Black),FAQ,6540,6600,6590,09/04/2026
Uttar Pradesh,Muzaffarnagar,Muzzafarnagar APMC,Mustard,Other,FAQ,5800,6100,5890.37,09/04/2026
Uttar Pradesh,Balrampur,Balrampur APMC,Mustard,Other,FAQ,5000,5500,5309.82,09/04/2026
Uttar Pradesh,Etawah,Bharthna APMC,Mustard,Other,FAQ,6210,6215,6212.5,09/04/2026
Uttar Pradesh,Firozabad,Firozabad APMC,Mustard,Other,FAQ,6350,6350,6350,09/04/2026
Uttar Pradesh,Prayagraj,Ajuha APMC,Mustard,Other,FAQ,6300,7300,6393.73,09/04/2026
Uttar Pradesh,Agra,Jagnair APMC,Mustard,Other,FAQ,7100,7340,7207.27,09/04/2026
Uttar Pradesh,Lalitpur,Lalitpur APMC,Mustard,Other,FAQ,6600,6600,6600,09/04/2026
Uttar Pradesh,Sitapur,Sitapur APMC,Mustard,Sarson(Black),Local,6000,7000,6500,09/04/2026
Uttar Pradesh,Bulandshahar,Anoop Shahar APMC,Mustard,Other,FAQ,5600,5700,5603.05,09/04/2026
Uttar Pradesh,Badaun,Babrala APMC,Mustard,Lohi Black,Local,6210,6230,6220,09/04/2026
Uttar Pradesh,Aligarh,Charra APMC,Mustard,Sarson(Black),FAQ,6200,6400,6300,09/04/2026
Uttar Pradesh,Shahjahanpur,Jalalabad APMC,Mustard,Mustard,FAQ,6000,6500,6250,09/04/2026
Uttar Pradesh,Chitrakut,Mau(Chitrakut) APMC,Mustard,Other,FAQ,6051,6400,6139.8,09/04/2026
Uttar Pradesh,Agra,Fatehabad APMC,Mustard,Other,FAQ,5850,6000,5918.57,09/04/2026
Uttar Pradesh,Mainpuri,Bewar APMC,Mustard,Other,FAQ,6600,6800,6614.29,09/04/2026
Uttar Pradesh,Ghaziabad,Hapur APMC,Mustard,Other,FAQ,6000,6020,6008.19,09/04/2026
Uttar Pradesh,Hathras,Haathras APMC,Mustard,Other,FAQ,6322,6411,6383.94,09/04/2026
Uttar Pradesh,Aligarh,Khair APMC,Mustard,Other,FAQ,6000,6000,6000,09/04/2026
Uttar Pradesh,Mathura,Kosikalan APMC,Mustard,Other,FAQ,6600,6600,6600,09/04/2026
Uttar Pradesh,Hamirpur,Muskara APMC,Mustard,Other,FAQ,6300,6300,6300,09/04/2026
Uttar Pradesh,Kanpur Dehat,Rura APMC,Mustard,Other,FAQ,6400,6400,6400,09/04/2026
Uttar Pradesh,Barabanki,Safdarganj APMC,Mustard,Other,FAQ,5300,6000,5581,09/04/2026
Uttar Pradesh,Badaun,Ujhani APMC,Mustard,Other,FAQ,6220,6220,6220,09/04/2026
Uttar Pradesh,Sambhal,Bhehjoi APMC,Mustard,Lohi Black,Local,6000,6700,6200,09/04/2026
Uttar Pradesh,Lakhimpur,Lakhimpur APMC,Mustard,Other,FAQ,6000,6800,6228.33,09/04/2026
Uttar Pradesh,Pillibhit,Pilibhit APMC,Mustard,Other,FAQ,6295,6300,6298.3,09/04/2026
Uttar Pradesh,Jalaun (Orai),Kalpi APMC,Mustard,Other,FAQ,6300,6350,6317.83,09/04/2026
Uttar Pradesh,Aligarh,Khair APMC,Mustard,Mustard,Grade Range-2,6500,6500,6500,09/04/2026
Uttar Pradesh,Hamirpur,Kurara APMC,Mustard,Other,FAQ,6000,6000,6000,09/04/2026
Uttar Pradesh,Mathura,Mathura APMC,Mustard,Other,FAQ,6000,6000,6000,09/04/2026
Uttar Pradesh,Sonbhadra,Robertsganj APMC,Mustard,Other,FAQ,5600,6400,5760,09/04/2026
Uttar Pradesh,Aligarh,Aligarh APMC,Mustard,Other,FAQ,5900,6000,5907.35,09/04/2026
Uttar Pradesh,Bulandshahar,Divai APMC,Mustard,Other,FAQ,5800,5808,5802.69,09/04/2026
Uttar Pradesh,Amroha,Hasanpur APMC,Mustard,Other,FAQ,5800,5971,5824.53,09/04/2026
Uttar Pradesh,Kanpur Dehat,Pukharayan APMC,Mustard,Sarson(Black),FAQ,6800,6825,6810,09/04/2026
Uttar Pradesh,Agra,Khairagarh APMC,Mustard,Sarson(Black),FAQ,6500,6700,6600,09/04/2026
Uttar Pradesh,Sitapur,Sitapur APMC,Mustard,Other,FAQ,6000,6725,6261.27,09/04/2026
Uttar Pradesh,Kasganj,Ganj Dundwara APMC,Mustard,Other,FAQ,6200,6200,6200,09/04/2026
Uttar Pradesh,Saharanpur,Gangoh APMC,Mustard,Other,FAQ,6200,6200,6200,09/04/2026
Uttar Pradesh,Meerut,Parikshitgarh APMC,Mustard,Other,FAQ,6000,6000,6000,09/04/2026
Uttar Pradesh,Badaun,Badayoun APMC,Mustard,Other,FAQ,6200,6200,6200,09/04/2026
Uttar Pradesh,Sambhal,Bhehjoi APMC,Mustard,Other,FAQ,6700,6700,6700,09/04/2026
Uttar Pradesh,Bulandshahar,Jahangirabad APMC,Mustard,Other,FAQ,5610,6300,5983.22,09/04/2026
Uttar Pradesh,Hamirpur,Maudaha APMC,Mustard,Other,FAQ,6700,6700,6700,09/04/2026
Uttar Pradesh,Hardoi,Shahabad(New Mandi) APMC,Mustard,Other,FAQ,5800,6200,6070.38,09/04/2026
Uttar Pradesh,Jaunpur,Shahganj APMC,Mustard,Other,FAQ,6200,6200,6200,09/04/2026
Uttar Pradesh,Firozabad,Sirsaganj APMC,Mustard,Other,FAQ,6600,6600,6600,09/04/2026
Uttar Pradesh,Agra,Achnera APMC,Mustard,Other,FAQ,6000,6000,6000,09/04/2026
Uttar Pradesh,Barabanki,Barabanki APMC,Mustard,Other,FAQ,5300,5800,5589.22,09/04/2026
Uttar Pradesh,Sambhal,Chandausi APMC,Mustard,Other,FAQ,6000,6000,6000,09/04/2026
Rajasthan,Baran,Baran APMC,Mustard,Other,Local,6050,7000,6620,09/04/2026
Rajasthan,Baran,Anta APMC,Mustard,Other,Local,6325,6699,6512,09/04/2026
Rajasthan,Deeg,Kumher APMC,Mustard,Other,Local,12400,12400,12400,09/04/2026
Rajasthan,Ganganagar,Suratgarh APMC,Mustard,Mustard,FAQ,5771,6441,6165,09/04/2026
Rajasthan,Pali,Rani APMC,Mustard,Mustard,Local,6400,6600,6500,09/04/2026
Rajasthan,Jaipur,Rajdhanai Mandi KukarKheda APMC,Mustard,Big 100 Kg,Grade Range-2,6450,6450,6450,09/04/2026
Rajasthan,Tonk,Dooni APMC,Mustard,Big 100 Kg,Local,6200,6800,6500,09/04/2026
Rajasthan,Chittorgarh,Nimbahera APMC,Mustard,Other,FAQ,6350,6450,6400,09/04/2026
Rajasthan,Nagaur,Nagaur APMC,Mustard,Other,Local,6350,6350,6350,09/04/2026
Rajasthan,Baran,Samraniyan APMC,Mustard,Other,Local,6405,6498,6460,09/04/2026
Rajasthan,Kota,Manohararthana APMC,Mustard,Mustard,Non-FAQ,6000,6200,6100,09/04/2026
Rajasthan,Jodhpur,Osiyan Mathania APMC,Mustard,Other,Local,6500,6700,6600,09/04/2026
Rajasthan,Dholpur,Dholpur APMC,Mustard,Other,Local,6500,6500,6500,09/04/2026
Rajasthan,Tonk,Malpura APMC,Mustard,Other,FAQ,6500,7025,6900,09/04/2026
Rajasthan,Hanumangarh,Bhadara APMC,Mustard,Mustard,Non-FAQ,6050,6349,6200,09/04/2026
Rajasthan,Jhunjhunu,Surajgarh APMC,Mustard,Other,FAQ,6300,6300,6300,09/04/2026
Rajasthan,Bikaner,Sridungargarh APMC,Mustard,Other,Local,6010,6010,6010,09/04/2026
Rajasthan,Jhalawar,Choumahla APMC,Mustard,Other,Non-FAQ,6200,6500,6350,09/04/2026
Rajasthan,Deeg,Sikri APMC,Mustard,Mustard,Non-FAQ,6050,6800,6600,09/04/2026
Rajasthan,Kota,Kota APMC,Mustard,Mustard,Local,6600,6600,6600,09/04/2026
Rajasthan,Udaipur,Udaipur (Grain) APMC,Mustard,Other,Local,6420,6420,6420,09/04/2026
Rajasthan,Udaipur,Fatehnagar APMC,Mustard,Mustard,FAQ,6392,6535,6451,09/04/2026
Rajasthan,Jaipur,Bassi APMC,Mustard,Other,Local,6001,7115,6558,09/04/2026
Rajasthan,Kota,Khatauli APMC,Mustard,Mustard,Local,6642,6781,6700,09/04/2026
Rajasthan,Jhunjhunu,Nawalgarh APMC,Mustard,Mustard,Local,6540,6540,6540,09/04/2026
Rajasthan,Dausa,Mandawari APMC,Mustard,Other,Local,6310,6944,6650,09/04/2026
Rajasthan,Pratapgarh,Pratapgarh APMC,Mustard,Other,FAQ,5800,6380,6200,09/04/2026
Rajasthan,Alwar,Govindgarh APMC,Mustard,Big 100 Kg,FAQ,6490,6691,6500,09/04/2026
Rajasthan,Pratapgarh,Chhotisadri APMC,Mustard,Mustard,Local,5961,6450,6206,09/04/2026
Rajasthan,Nagaur,Degana APMC,Mustard,Other,Local,5850,6400,6100,09/04/2026
Karnataka,Gadag,Gadag APMC,Mustard,Other,Non-FAQ,4031,5319,4720,09/04/2026
Karnataka,Gadag,Laxmeshwar APMC,Mustard,Other,Non-FAQ,4529,5639,5262,09/04/2026
Gujarat,Jamnagar,Kalawad APMC,Mustard,Other,Local,5900,6000,5950,09/04/2026
Gujarat,Morbi,APMC HALVAD,Mustard,Mustard,Local,5680,6095,6050,09/04/2026
Gujarat,Gir Somnath,Veraval APMC,Mustard,Mustard,FAQ,5500,6075,5850,09/04/2026
Gujarat,Banaskanth,Thara APMC,Mustard,Mustard,FAQ,6000,6505,6252.5,09/04/2026
Gujarat,Banaskanth,Panthawada APMC,Mustard,Other,FAQ,6530,6530,6530,09/04/2026
Gujarat,Banaskanth,Vadgam APMC,Mustard,Other,FAQ,6055,6055,6055,09/04/2026
Gujarat,Mehsana,Mehsana(Jornang) APMC,Mustard,Mustard,Local,6200,6200,6200,09/04/2026
Gujarat,Surendranagar,Dhragradhra APMC,Mustard,Mustard,Local,5140,5780,5650,09/04/2026
Gujarat,Mehsana,Unjha APMC,Mustard,Other,FAQ,6600,6600,6600,09/04/2026
Gujarat,Mehsana,Mehsana APMC,Mustard,Mustard,Local,5505,7090,6350,09/04/2026
Gujarat,Patan,Harij APMC,Mustard,Other,Local,5750,6325,6040,09/04/2026
Gujarat,Banaskanth,Dhanera APMC,Mustard,Mustard,Local,5900,6725,6375,09/04/2026
Gujarat,Sabarkantha,Vadali APMC,Mustard,Other,Non-FAQ,5700,5765,5732,09/04/2026
Gujarat,Banaskanth,Deesa(Bhildi) APMC,Mustard,Mustard,FAQ,6155,6500,6300,09/04/2026
Gujarat,Banaskanth,Lakhani APMC,Mustard,Mustard,Local,6177,6177,6177,09/04/2026
Gujarat,Banaskanth,Thara(Shihori) APMC,Mustard,Other,FAQ,5900,6175,6037.5,09/04/2026
Gujarat,Rajkot,Rajkot APMC,Mustard,Mustard,FAQ,5200,6100,5900,09/04/2026
Gujarat,Amreli,Rajula APMC,Mustard,Mustard,Local,6000,10500,8250,09/04/2026
Gujarat,Kachchh,Bhuj APMC,Mustard,Mustard,FAQ,6000,6187,6093,09/04/2026
Gujarat,Surendranagar,Dhragradhra APMC,Mustard,Sarson(Black),Local,6375,7005,6750,09/04/2026
Gujarat,Amreli,Amreli APMC,Mustard,Rai UP,FAQ,5000,8550,7350,09/04/2026
Gujarat,Banaskanth,Palanpur APMC,Mustard,Mustard,Local,6315,6315,6315,09/04/2026
Gujarat,Gandhinagar,Mansa APMC,Mustard,Mustard,Local,5900,6200,6085,09/04/2026
Gujarat,Jamnagar,Jamnagar APMC,Mustard,Other,Local,5250,6025,5975,09/04/2026
Gujarat,Jamnagar,Dhrol APMC,Mustard,Other,Local,5000,6630,5815,09/04/2026
Gujarat,Morbi,APMC HALVAD,Mustard,Rai UP,Local,6300,7775,7210,09/04/2026
Gujarat,Sabarkantha,Modasa APMC,Mustard,Lohi Black,Non-FAQ,6000,6125,6125,09/04/2026
Gujarat,Sabarkantha,APMCKHEDBRAHMA,Mustard,Other,FAQ,5800,6000,5900,09/04/2026
Gujarat,Patan,Siddhpur APMC,Mustard,Mustard,FAQ,6075,6795,6435,09/04/2026
Gujarat,Mehsana,Unjha APMC,Mustard,Mustard,FAQ,5250,6500,6100,09/04/2026
Gujarat,Mehsana,Visnagar APMC,Mustard,Other,Local,5500,7125,6312,09/04/2026
Gujarat,Banaskanth,Tharad APMC,Mustard,Other,Local,6000,6980,6500,09/04/2026
Gujarat,Banaskanth,Tharad(Rah) APMC,Mustard,Other,Local,6000,6800,6450,09/04/2026
Gujarat,Sabarkantha,Modasa(Tintoi) APMC,Mustard,Mustard,Non-FAQ,5900,6025,6025,09/04/2026
Gujarat,Banaskanth,Diyodar APMC,Mustard,Mustard,FAQ,6000,6500,6250,09/04/2026
Gujarat,Junagarh,Junagadh APMC,Mustard,Mustard,FAQ,5000,5770,5250,09/04/2026
Gujarat,Amreli,Amreli APMC,Mustard,Mustard,FAQ,5150,5500,5500,09/04/2026
Haryana,Ambala,Mullana(saha) APMC,Mustard,Sarson(Black),FAQ,6200,6221,6200,09/04/2026
Haryana,Hissar,Hissar APMC,Mustard,Mustard,Local,5500,6500,6300,09/04/2026
Haryana,Jind,Safidon APMC,Mustard,Mustard,Local,5830,6355,6251,09/04/2026
Haryana,Faridabad,Ballabhgarh APMC,Mustard,Other,FAQ,6200,6400,6300,09/04/2026
Haryana,Jind,Jullana APMC,Mustard,Mustard,FAQ,5950,6220,6150,09/04/2026
Haryana,Rohtak,Rohtak(Kalanaur) APMC,Mustard,Big 100 Kg,Local,6201,6500,6351,09/04/2026
Haryana,Sonipat,"New Grain Market , Sonipat APMC",Mustard,Other,FAQ,5500,6050,5500,09/04/2026
Haryana,Ambala,Barara APMC,Mustard,Big 100 Kg,FAQ,6200,6200,6200,09/04/2026
Haryana,Mahendragarh-Narnaul,Khanina APMC,Mustard,Mustard,FAQ,6210,6500,6500,09/04/2026
Haryana,Yamuna Nagar,Jagadhri APMC,Mustard,Other,FAQ,6200,6200,6200,09/04/2026
Haryana,Mahendragarh-Narnaul,Ateli APMC,Mustard,Mustard,FAQ,6210,6600,6400,09/04/2026
Haryana,Sirsa,Ding APMC,Mustard,Sarson(Black),FAQ,6275,6321,6321,09/04/2026
Haryana,Ambala,Naraingarh APMC,Mustard,Mustard,Local,6200,6205,6200,09/04/2026
Haryana,Kurukshetra,Babain APMC,Mustard,Mustard,Local,6200,6200,6200,09/04/2026
Haryana,Bhiwani,Loharu APMC,Mustard,Mustard,FAQ,6200,6500,6200,09/04/2026
Punjab,Nawanshahr,Nawanshahar APMC,Mustard,Mustard,FAQ,6042,6042,6042,09/04/2026
West Bengal,Bankura,Bankura Sadar APMC,Mustard,Mustard,FAQ,6000,6500,6250,09/04/2026
West Bengal,Purba Bardhaman,Katwa APMC,Mustard,Yellow (Black),FAQ,6100,6200,6200,09/04/2026
West Bengal,Bankura,Bishnupur(Bankura) APMC,Mustard,Mustard,Non-FAQ,6200,6700,6400,09/04/2026
West Bengal,Murshidabad,Jiaganj APMC,Mustard,Yellow (Black),FAQ,6300,6400,6350,09/04/2026
West Bengal,Paschim Bardhaman,Durgapur APMC,Mustard,Other,FAQ,6250,6450,6300,09/04/2026
West Bengal,Birbhum,Rampurhat APMC,Mustard,Mustard,FAQ,6900,7150,7000,09/04/2026
West Bengal,Nadia,Karimpur APMC,Mustard,Yellow (Black),Grade Range-1,6600,6800,6700,09/04/2026
West Bengal,Paschim Bardhaman,Asansol APMC,Mustard,Other,FAQ,6200,6450,6350,09/04/2026
West Bengal,Bankura,Khatra APMC,Mustard,Mustard,Non-FAQ,6200,6800,6400,09/04/2026
West Bengal,Nadia,Nadia APMC,Mustard,Yellow (Black),FAQ,6800,7000,6900,09/04/2026
West Bengal,Puruliya,Balarampur APMC,Mustard Oil,Other,FAQ,19200,19800,19600,09/04/2026
West Bengal,Purba Bardhaman,Katwa APMC,Mustard Oil,Other,FAQ,15060,15080,15070,09/04/2026
West Bengal,Paschim Bardhaman,Durgapur APMC,Mustard Oil,Other,FAQ,16200,16450,16375,09/04/2026
Tamil Nadu,Salem,Athur(Uzhavar Sandhai ) APMC,Groundnut,Big (With Shell),Local,6000,7000,6500,09/04/2026
Tamil Nadu,Coimbatore,Mettupalayam(Uzhavar Sandhai ) APMC,Groundnut,Big (With Shell),Local,7000,8000,7500,09/04/2026
Tamil Nadu,Vellore,Pallikonda(Uzhavar Sandhai),Groundnut,Big (With Shell),Local,6500,7000,6750,09/04/2026
Tamil Nadu,Vellore,Kahithapattarai(Uzhavar Sandhai ) APMC,Groundnut,Big (With Shell),Local,7000,8000,7500,09/04/2026
Tamil Nadu,Ranipet,Ranipettai(Uzhavar Sandhai ) APMC,Groundnut,Big (With Shell),Local,6000,7000,6500,09/04/2026
Tamil Nadu,Tenkasi,Tenkasi(Uzhavar Sandhai ) APMC,Groundnut,Big (With Shell),Local,8000,8000,8000,09/04/2026
Tamil Nadu,Dindigul,Dindigul(Uzhavar Sandhai ) APMC,Groundnut,Big (With Shell),Local,6000,7000,6500,09/04/2026
Tamil Nadu,Nagapattinam,Sirkali(Uzhavar Sandhai ) APMC,Groundnut,Big (With Shell),Local,5500,6000,5750,09/04/2026
Tamil Nadu,Namakkal,Namakkal(Uzhavar Sandhai ) APMC,Groundnut,Big (With Shell),Local,7000,7500,7250,09/04/2026
Tamil Nadu,Salem,Thathakapatti(Uzhavar Sandhai ) APMC,Groundnut,Big (With Shell),Local,7000,8000,7500,09/04/2026
Tamil Nadu,Thiruchirappalli,KKNagar(Uzhavar Sandhai ) APMC,Groundnut,Big (With Shell),Local,7000,7000,7000,09/04/2026
Tamil Nadu,Salem,Ammapet(Uzhavar Sandhai ) APMC,Groundnut,Big (With Shell),Local,6500,7000,6750,09/04/2026
Tamil Nadu,Villupuram,Tindivanam APMC,Groundnut,Big (With Shell),Local,6500,6500,6500,09/04/2026
Tamil Nadu,Salem,Vazhapadi(Uzhavar Sandhai),Groundnut,Big (With Shell),Local,6000,6000,6000,09/04/2026
Tamil Nadu,Thirupathur,Vaniyampadi(Uzhavar Sandhai ) APMC,Groundnut,Big (With Shell),Local,6000,6000,6000,09/04/2026
Tamil Nadu,Krishnagiri,Krishnagiri(Uzhavar Sandhai ) APMC,Groundnut,Big (With Shell),Local,6000,6500,6250,09/04/2026
Tamil Nadu,Nagapattinam,Nagapattinam(Uzhavar Sandhai ) APMC,Groundnut,Big (With Shell),Local,5000,6000,5500,09/04/2026
Tamil Nadu,Salem,Sooramangalam(Uzhavar Sandhai ) APMC,Groundnut,Big (With Shell),Local,6000,7000,6500,09/04/2026
Tamil Nadu,Salem,Hasthampatti(Uzhavar Sandhai ) APMC,Groundnut,Big (With Shell),Local,6000,7000,6500,09/04/2026
Tamil Nadu,Thiruvannamalai,Tamarainagar(Uzhavar Sandhai ) APMC,Groundnut,Big (With Shell),Local,6000,7200,6600,09/04/2026
Tamil Nadu,Vellore,Vellore APMC,Groundnut,Big (With Shell),Local,7000,7500,7250,09/04/2026
Tamil Nadu,Vellore,Katpadi (Uzhavar Sandhai ) APMC,Groundnut,Big (With Shell),Local,8000,8000,8000,09/04/2026
Tamil Nadu,Coimbatore,Vadavalli(Uzhavar Sandhai ) APMC,Groundnut,Big (With Shell),Local,5500,6000,5750,09/04/2026
Tamil Nadu,Erode,Sampath Nagar(Uzhavar Sandhai ) APMC,Groundnut,Big (With Shell),Local,5500,6000,5750,09/04/2026
Tamil Nadu,Coimbatore,RSPuram(Uzhavar Sandhai ) APMC,Groundnut,Big (With Shell),Local,6500,7000,6750,09/04/2026
Tamil Nadu,Villupuram,Villupuram(Uzhavar Sandhai ) APMC,Groundnut,Big (With Shell),Local,9000,9000,9000,09/04/2026
Tamil Nadu,Chengalpattu,Pallavaram(Uzhavar Sandhai ) APMC,Groundnut,Big (With Shell),Local,7000,8000,7500,09/04/2026
Tamil Nadu,Kallakuruchi,Kallakurichi(Uzhavar Sandhai ) APMC,Groundnut,Big (With Shell),Local,6000,6000,6000,09/04/2026
Tamil Nadu,Thiruvannamalai,Polur(Uzhavar Sandhai ) APMC,Groundnut,Big (With Shell),Local,5000,6000,5500,09/04/2026
Tamil Nadu,Erode,Periyar Nagar(Uzhavar Sandhai ) APMC,Groundnut,Big (With Shell),Local,5500,6000,5750,09/04/2026
Tamil Nadu,Madurai,Anna nagar(Uzhavar Sandhai ) APMC,Groundnut,Big (With Shell),Local,6000,7000,6500,09/04/2026
Tamil Nadu,Madurai,Melur(Uzhavar Sandhai ) APMC,Groundnut,Big (With Shell),Local,6000,7000,6500,09/04/2026
Tamil Nadu,Madurai,Anaiyur(Uzhavar Sandhai ) APMC,Groundnut,Big (With Shell),Local,6000,7000,6500,09/04/2026
Tamil Nadu,Pudukkottai,Pudukottai(Uzhavar Sandhai ) APMC,Groundnut,Big (With Shell),Local,4000,5000,4500,09/04/2026
Tamil Nadu,Vellore,Thirupathur APMC,Groundnut,Big (With Shell),Local,6000,6000,6000,09/04/2026
Tamil Nadu,Krishnagiri,Hosur(Uzhavar Sandhai ) APMC,Groundnut,Big (With Shell),Local,7000,8000,7500,09/04/2026
Tamil Nadu,Perambalur,Perambalur(Uzhavar Sandhai ) APMC,Groundnut,Big (With Shell),Local,7000,8000,7500,09/04/2026
Tamil Nadu,Villupuram,Gingee(Uzhavar Sandhai ) APMC,Groundnut,Big (With Shell),Local,6000,6000,6000,09/04/2026
Tamil Nadu,Salem,Mettur(Uzhavar Sandhai ) APMC,Groundnut,Big (With Shell),Local,5000,6000,5500,09/04/2026
Tamil Nadu,Thiruvarur,Tiruthuraipoondi(Uzhavar Sandhai ) APMC,Groundnut,Big (With Shell),Local,5000,5000,5000,09/04/2026
Tamil Nadu,Thiruvannamalai,Tiruvannamalai(Uzhavar Sandhai ) APMC,Groundnut,Big (With Shell),Local,7000,8000,7500,09/04/2026
Tamil Nadu,Thiruvannamalai,Chengam(Uzhavar Sandhai ) APMC,Groundnut,Big (With Shell),Local,7000,8000,7500,09/04/2026
Tamil Nadu,Thiruvannamalai,Keelpennathur(Uzhavar Sandhai ) APMC,Groundnut,Big (With Shell),Local,7500,8500,8000,09/04/2026
Tamil Nadu,Dharmapuri,Harur(Uzhavar Sandhai ) APMC,Groundnut,Big (With Shell),Local,6000,7000,6500,09/04/2026
Tamil Nadu,Cuddalore,Cuddalore(Uzhavar Sandhai ) APMC,Groundnut,Big (With Shell),Local,6000,6000,6000,09/04/2026
Tamil Nadu,Dharmapuri,Dharmapuri(Uzhavar Sandhai ) APMC,Groundnut,Big (With Shell),Local,6200,6500,6350,09/04/2026
Tamil Nadu,Dharmapuri,Pennagaram(Uzhavar Sandhai ) APMC,Groundnut,Big (With Shell),Local,6200,6500,6350,09/04/2026
Tamil Nadu,Dindigul,Chinnalapatti(Uzhavar Sandhai ) APMC,Groundnut,Big (With Shell),Local,6000,7000,6500,09/04/2026
Tamil Nadu,Namakkal,Rasipuram(Uzhavar Sandhai ) APMC,Groundnut,Big (With Shell),Local,6500,7000,6750,09/04/2026
Tamil Nadu,Vellore,Gudiyatham(Uzhavar Sandhai ) APMC,Groundnut,Big (With Shell),Local,6600,6600,6600,09/04/2026
Tamil Nadu,Chengalpattu,Nanganallur(Uzhavar Sandhai ) APMC,Groundnut,Big (With Shell),Local,7500,8500,8000,09/04/2026
Tamil Nadu,Chengalpattu,Jameenrayapettai(Uzhavar Sandhai ) APMC,Groundnut,Big (With Shell),Local,7000,8000,7500,09/04/2026
Tamil Nadu,Chengalpattu,Guduvancheri(Uzhavar Sandhai ) APMC,Groundnut,Big (With Shell),Local,7000,8000,7500,09/04/2026
Tamil Nadu,Ranipet,Arcot(Uzhavar Sandhai ) APMC,Groundnut,Big (With Shell),Local,7000,8000,7500,09/04/2026
Tamil Nadu,Thirupur,Dharapuram(Uzhavar Sandhai ) APMC,Groundnut,Big (With Shell),Local,5500,6000,5750,09/04/2026
Tamil Nadu,Kallakuruchi,Sankarapuram(Uzhavar Sandhai ) APMC,Groundnut,Big (With Shell),Local,8000,8000,8000,09/04/2026
Tamil Nadu,Salem,Jalagandapuram(Uzhavar Sandhai ) APMC,Groundnut,Big (With Shell),Local,6500,7000,6750,09/04/2026
Madhya Pradesh,Shivpuri,Barad APMC,Groundnut,Big (With Shell),FAQ,6575,6875,6575,09/04/2026
Madhya Pradesh,Shivpuri,Khanyadhana APMC,Groundnut,Big (With Shell),Non-FAQ,6850,6950,6950,09/04/2026
Madhya Pradesh,Mandsaur,Mandsaur APMC,Groundnut,Groundnut seed,Non-FAQ,8800,8800,8800,09/04/2026
Madhya Pradesh,Mandsaur,Mandsaur APMC,Groundnut,Big (With Shell),Non-FAQ,3400,7930,6600,09/04/2026
Madhya Pradesh,Shivpuri,Pohari APMC,Groundnut,Big (With Shell),Non-FAQ,6000,6000,6000,09/04/2026
Madhya Pradesh,Chhindwara,Pandhurna APMC,Groundnut,Big (With Shell),FAQ,7000,7000,7000,09/04/2026
Madhya Pradesh,Neemuch,Neemuch APMC,Groundnut,Big (With Shell),FAQ,6851,6851,6851,09/04/2026
Maharashtra,Chattrapati Sambhajinagar,Vaijpur APMC,Groundnut,Other,Non-FAQ,4580,4580,4580,09/04/2026
Maharashtra,Dharashiv(Usmanabad),Dharashiv APMC,Groundnut,Other,Non-FAQ,3500,5500,4500,09/04/2026
Maharashtra,Latur,Ausa APMC,Groundnut,Other,Non-FAQ,3550,3550,3550,09/04/2026
Maharashtra,Parbhani,Jintur APMC,Groundnut,Other,Non-FAQ,6300,6300,6300,09/04/2026
Uttar Pradesh,Jhansi,Jhansi APMC,Groundnut,Other,FAQ,4600,8255,7262.31,09/04/2026
Uttar Pradesh,Mahoba,Mahoba APMC,Groundnut,Other,FAQ,6000,7630,7015.78,09/04/2026
Uttar Pradesh,Prayagraj,Prayagraj APMC,Groundnut,Other,FAQ,11381,11381,11381,09/04/2026
Uttar Pradesh,Kannuj,Kannauj APMC,Groundnut,Other,FAQ,7100,7100,7100,09/04/2026
Uttar Pradesh,Shahjahanpur,Jalalabad APMC,Groundnut,Hybrid,FAQ,5864,6890,6377,09/04/2026
Rajasthan,Chittorgarh,Nimbahera APMC,Groundnut,Other,FAQ,6200,8200,7200,09/04/2026
Karnataka,Haveri,Ranebennur APMC,Groundnut,Gejje,FAQ,1819,7289,4554,09/04/2026
Karnataka,Belgaum,Ramdurga APMC,Groundnut,Gejje,FAQ,2209,7909,6744,09/04/2026
Karnataka,Gadag,Laxmeshwar APMC,Groundnut,Gejje,Non-FAQ,2325,7789,6286,09/04/2026
Karnataka,Haveri,Savanur APMC,Groundnut,Gejje,Local,3519,8282,6916,09/04/2026
Karnataka,Koppal,Kustagi APMC,Groundnut,Gejje,FAQ,3000,3000,3000,09/04/2026
Karnataka,Dharwad,Hubli (Amaragol) APMC,Groundnut,Gejje,Local,3233,6320,5977,09/04/2026
Karnataka,Gadag,Rona APMC,Groundnut,Gejje,Non-FAQ,2511,7339,5545,09/04/2026
Karnataka,Raichur,Raichur APMC,Groundnut,Gungri (With Shell),FAQ,3599,7639,6389,09/04/2026
Karnataka,Gadag,Gadag APMC,Groundnut,Gejje,Non-FAQ,2250,6901,5809,09/04/2026
Karnataka,Bangalore,Bangalore APMC,Groundnut,Big (With Shell),FAQ,4000,5500,4750,09/04/2026
Gujarat,Amreli,Amreli APMC,Groundnut,Other,FAQ,6400,7825,7575,09/04/2026
Gujarat,Bhavnagar,Taleja APMC,Groundnut,Bold,FAQ,7000,8500,7750,09/04/2026
Gujarat,Devbhumi Dwarka,Bhanvad APMC,Groundnut,G20,Local,5500,6300,6000,09/04/2026
Gujarat,Rajkot,Rajkot APMC,Groundnut,Bold,FAQ,6750,7950,7225,09/04/2026
Gujarat,Morbi,Morbi APMC,Groundnut,Other,FAQ,5500,7210,6355,09/04/2026
Gujarat,Jamnagar,Dhrol APMC,Groundnut,Other,Local,5200,7175,6190,09/04/2026
Gujarat,Amreli,Savarkundla APMC,Groundnut,Bold,Local,6500,7400,7260,09/04/2026
Gujarat,Rajkot,Jetpur(Dist.Rajkot) APMC,Groundnut,Other,FAQ,5255,8005,7155,09/04/2026
Gujarat,Jamnagar,Jamnagar APMC,Groundnut,Other,Local,5000,7500,7350,09/04/2026
Gujarat,Amreli,Bagasara APMC,Groundnut,Balli/Habbu,Local,6000,7000,6500,09/04/2026
Gujarat,Amreli,Savarkundla APMC,Groundnut,Big (With Shell),Local,6500,7605,7400,09/04/2026
Gujarat,Gir Somnath,Veraval APMC,Groundnut,G20,FAQ,5755,6955,6500,09/04/2026
Gujarat,Rajkot,Rajkot APMC,Groundnut,G20,FAQ,6900,8575,7250,09/04/2026
Gujarat,Junagarh,Junagadh APMC,Groundnut,Bold,FAQ,5500,7670,6750,09/04/2026
Gujarat,Porbandar,Porbandar APMC,Groundnut,Bold,Non-FAQ,5450,6925,6185,09/04/2026
Gujarat,Rajkot,Jetpur(Dist.Rajkot) APMC,Groundnut,Bold,FAQ,5005,7855,7005,09/04/2026
Gujarat,Amreli,Rajula APMC,Groundnut,Local,Local,5000,6700,5850,09/04/2026
Gujarat,Amreli,Babra APMC,Groundnut,G20,FAQ,6175,7025,6600,09/04/2026
Gujarat,Bhavnagar,Taleja APMC,Groundnut,G20,FAQ,5500,7035,6270,09/04/2026
Gujarat,Surat,Vyra APMC,Groundnut,Other,FAQ,7250,7750,7500,09/04/2026
Gujarat,Amreli,Dhari APMC,Groundnut,Other,Local,6500,7300,6650,09/04/2026
Gujarat,Amreli,Amreli APMC,Groundnut(Split),Groundnut(Split),FAQ,8050,9300,9000,09/04/2026
Gujarat,Junagarh,Junagadh APMC,Groundnut(Split),Groundnut(Split),FAQ,5500,7670,6750,09/04/2026
Gujarat,Surat,Surat APMC,Groundnut pods(raw),Other,FAQ,4000,5000,4500,09/04/2026
Andhra Pradesh,Cuddapah,Cuddapah APMC,Groundnut,Big (With Shell),FAQ,3829,6869,4846,09/04/2026
Andhra Pradesh,Kurnool,Kurnool APMC,Groundnut,Bold Kernel,Local,4317,7790,7090,09/04/2026
Andhra Pradesh,Kurnool,Adoni APMC,Groundnut,Local,FAQ,3699,7474,7069,09/04/2026
Telangana,Nalgonda,Suryapeta APMC,Groundnut,Local,Local,5839,6039,5839,09/04/2026
Telangana,Mahbubnagar,Gadwal APMC,Groundnut,Big (With Shell),Local,4879,7466,6099,09/04/2026
Telangana,Mahbubnagar,Mahbubnagar APMC,Groundnut,Local,Local,5332,6519,6019,09/04/2026
Telangana,Mahbubnagar,Nagarkurnool APMC,Groundnut,Local,Local,4239,7611,6482,09/04/2026
Telangana,Mahbubnagar,Wanaparthy town APMC,Groundnut,Local,Local,4599,7467,6767,09/04/2026
Telangana,Mahbubnagar,Narayanpet APMC,Groundnut,Local,Non-FAQ,5200,5832,5441,09/04/2026
Telangana,Medak,Vantamamidi APMC,Groundnut pods(raw),Groundnut pods (raw),Local,2500,3000,2750,09/04/2026
Telangana,Hyderabad,Bowenpally APMC,Groundnut pods(raw),Groundnut pods (raw),FAQ,2000,3000,2800,09/04/2026
Madhya Pradesh,Bhind,Bhind APMC,Wheat,Wheat,Non-FAQ,2182,2361,2354,09/04/2026
Madhya Pradesh,Morena,Porsa APMC,Wheat,Wheat,FAQ,2265,2300,2280,09/04/2026
Madhya Pradesh,Morena,Banmorkalan APMC,Wheat,Wheat,Non-FAQ,2200,2200,2200,09/04/2026
Madhya Pradesh,Damoh,Damoh APMC,Wheat,Mill Quality,Non-FAQ,2125,2150,2140,09/04/2026
Madhya Pradesh,Chhatarpur,LavKush Nagar(Laundi) APMC,Wheat,Mill Quality,FAQ,2100,2230,2230,09/04/2026
Madhya Pradesh,Chhatarpur,Naugaon APMC,Wheat,Wheat,Non-FAQ,2160,2261,2243,09/04/2026
Madhya Pradesh,Panna,Devandranagar APMC,Wheat,Wheat,Non-FAQ,2205,2230,2215,09/04/2026
Madhya Pradesh,Panna,Simariya APMC,Wheat,Wheat,FAQ,2100,2225,2200,09/04/2026
Madhya Pradesh,Chhindwara,Amarwda APMC,Wheat,Wheat,FAQ,2110,2200,2200,09/04/2026
Madhya Pradesh,Mandla,Bichhiya APMC,Wheat,Mill Quality,Non-FAQ,2200,2200,2200,09/04/2026
Madhya Pradesh,Seoni,Chhpara APMC,Wheat,Mill Quality,Non-FAQ,2190,2205,2205,09/04/2026
Madhya Pradesh,Satna,Nagod APMC,Wheat,Wheat,FAQ,2180,2265,2225,09/04/2026
Madhya Pradesh,Ratlam,A lot APMC,Wheat,Mill Quality,FAQ,2053,2400,2361,09/04/2026
Madhya Pradesh,Shajapur,Agar APMC,Wheat,Wheat,FAQ,851,2631,2200,09/04/2026
Madhya Pradesh,Guna,Kumbhraj APMC,Wheat,Wheat,FAQ,2070,2620,2185,09/04/2026
Madhya Pradesh,Damoh,Patharia APMC,Wheat,Wheat,FAQ,2086,2641,2291,09/04/2026
Madhya Pradesh,Chhindwara,Chaurai APMC,Wheat,Mill Quality,FAQ,2150,2350,2275,09/04/2026
Madhya Pradesh,Chhindwara,Chaurai APMC,Wheat,Wheat,FAQ,2200,2200,2200,09/04/2026
Madhya Pradesh,Dindori,Dindori APMC,Wheat,Local,Non-FAQ,2100,2100,2100,09/04/2026
Madhya Pradesh,Rajgarh,Biaora APMC,Wheat,Wheat,Non-FAQ,2105,2175,2175,09/04/2026
Madhya Pradesh,Badwani,Badwani APMC,Wheat,Lokwan,FAQ,2000,2100,2000,09/04/2026
Madhya Pradesh,Badwani,Badwani APMC,Wheat,Mill Quality,FAQ,2150,2150,2150,09/04/2026
Madhya Pradesh,Ujjain,Nagda APMC,Wheat,Mill Quality,Non-FAQ,2165,2280,2280,09/04/2026
Madhya Pradesh,Ujjain,Nagda APMC,Wheat,Wheat,Non-FAQ,1530,2530,2200,09/04/2026
Madhya Pradesh,Mandsaur,Suvasra APMC,Wheat,Wheat,Non-FAQ,2057,2057,2057,09/04/2026
Madhya Pradesh,Chhatarpur,Badamalhera APMC,Wheat,Mill Quality,Non-FAQ,2200,2270,2250,09/04/2026
Madhya Pradesh,Rajgarh,Sarangpur APMC,Wheat,Mill Quality,Non-FAQ,2200,2325,2325,09/04/2026
Madhya Pradesh,Rajgarh,Sarangpur APMC,Wheat,Mill Quality,FAQ,2075,2240,2150,09/04/2026
Madhya Pradesh,Sehore,Ichhawar APMC,Wheat,Lokwan,FAQ,2365,2620,2620,09/04/2026
Madhya Pradesh,Rajgarh,Machalpur APMC,Wheat,Wheat,FAQ,2200,2200,2200,09/04/2026
Madhya Pradesh,Indore,Indore APMC,Wheat,Mill Quality,FAQ,2050,2460,2460,09/04/2026
Madhya Pradesh,Morena,Jora APMC,Wheat,Mill Quality,Non-FAQ,2250,2285,2270,09/04/2026
Madhya Pradesh,Mandsaur,Daloda APMC,Wheat,Wheat,Non-FAQ,2241,2541,2421,09/04/2026
Madhya Pradesh,Khandwa,Mundi APMC,Wheat,Wheat,FAQ,2135,2211,2175,09/04/2026
Madhya Pradesh,Raisen,Udaipura APMC,Wheat,Mill Quality,FAQ,2005,2350,2265,09/04/2026
Madhya Pradesh,Rajgarh,Pachaur APMC,Wheat,Mill Quality,FAQ,2000,2525,2400,09/04/2026
Madhya Pradesh,Rajgarh,Khujner APMC,Wheat,Wheat,FAQ,1891,2225,2191,09/04/2026
Madhya Pradesh,Harda,Sirali APMC,Wheat,Mill Quality,FAQ,2180,2411,2250,09/04/2026
Madhya Pradesh,Dhar,Badnawar APMC,Wheat,Wheat,FAQ,1600,2925,2305,09/04/2026
Madhya Pradesh,Dhar,Badnawar APMC,Wheat,Wheat,Non-FAQ,2300,2300,2300,09/04/2026
Madhya Pradesh,Jhabua,Petlawad APMC,Wheat,Lokwan,Non-FAQ,2250,2350,2300,09/04/2026
Madhya Pradesh,Khandwa,Harsood APMC,Wheat,Wheat,FAQ,1962,2350,2238,09/04/2026
Madhya Pradesh,Khandwa,Pandhana APMC,Wheat,Wheat Mix,FAQ,2215,2215,2215,09/04/2026
Madhya Pradesh,Ujjain,Badnagar APMC,Wheat,Lokwan,FAQ,2300,2700,2400,09/04/2026
Madhya Pradesh,Mandsaur,Piplya APMC,Wheat,Wheat,FAQ,2050,2641,2620,09/04/2026
Madhya Pradesh,Mandsaur,Shamgarh APMC,Wheat,Wheat,FAQ,1975,2275,2275,09/04/2026
Madhya Pradesh,Ratlam,Ratlam APMC,Wheat,Mill Quality,Non-FAQ,2001,2376,2376,09/04/2026
Madhya Pradesh,Ratlam,Ratlam APMC,Wheat,Local,FAQ,2295,2295,2295,09/04/2026
Madhya Pradesh,Ratlam,Taal APMC,Wheat,Wheat,FAQ,1960,2721,2575,09/04/2026
Madhya Pradesh,Shajapur,Momanbadodiya APMC,Wheat,Wheat,FAQ,1900,2239,2121,09/04/2026
Madhya Pradesh,Datia,Datia APMC,Wheat,Mill Quality,FAQ,2210,2407,2285,09/04/2026
Madhya Pradesh,Guna,Guna APMC,Wheat,Sujata,FAQ,2325,2390,2350,09/04/2026
Madhya Pradesh,Guna,Aron APMC,Wheat,Sharbati,Non-FAQ,2460,2549,2549,09/04/2026
Madhya Pradesh,Ashoknagar,Isagarh APMC,Wheat,Sharbati,FAQ,2225,2640,2640,09/04/2026
Madhya Pradesh,Ashoknagar,Chanderi APMC,Wheat,Wheat,Non-FAQ,2200,2390,2302,09/04/2026
Madhya Pradesh,Dewas,Dewas APMC,Wheat,Wheat,FAQ,1301,3100,2250,09/04/2026
Madhya Pradesh,Ashoknagar,Ashoknagar APMC,Wheat,Wheat,FAQ,2200,5295,2275,09/04/2026
Madhya Pradesh,Satna,Satna APMC,Wheat,Wheat,Non-FAQ,2200,2218,2218,09/04/2026
Madhya Pradesh,Vidisha,Ganjbasoda APMC,Wheat,Wheat,FAQ,1813,2653,2350,09/04/2026
Madhya Pradesh,Vidisha,Vidisha APMC,Wheat,Wheat,FAQ,2050,3500,2400,09/04/2026
Madhya Pradesh,Katni,Katni APMC,Wheat,Mill Quality,FAQ,2100,2310,2310,09/04/2026
Madhya Pradesh,Raisen,Raisen APMC,Wheat,Wheat,FAQ,2150,2601,2375,09/04/2026
Madhya Pradesh,Betul,Betul APMC,Wheat,PISSI,FAQ,2315,2315,2315,09/04/2026
Madhya Pradesh,Betul,Betul APMC,Wheat,Local,FAQ,2290,2330,2320,09/04/2026
Madhya Pradesh,Hoshangabad,Itarsi APMC,Wheat,Mill Quality,FAQ,2320,2370,2345,09/04/2026
Madhya Pradesh,Hoshangabad,Itarsi APMC,Wheat,Wheat,FAQ,2001,2451,2380,09/04/2026
Madhya Pradesh,Dhar,Dhar APMC,Wheat,Wheat,Non-FAQ,2260,2260,2260,09/04/2026
Madhya Pradesh,Dhar,Dhar APMC,Wheat,Wheat,FAQ,1900,3086,2300,09/04/2026
Madhya Pradesh,Khargone,Khargone APMC,Wheat,Wheat,Non-FAQ,2185,2345,2300,09/04/2026
Madhya Pradesh,Mandsaur,Mandsaur APMC,Wheat,Local,Non-FAQ,2513,2513,2513,09/04/2026
Madhya Pradesh,Indore,Mhow APMC,Wheat,Wheat,FAQ,1430,2961,2171,09/04/2026
Madhya Pradesh,Chhatarpur,Chhatarpur APMC,Wheat,Mill Quality,Non-FAQ,2205,2245,2240,09/04/2026
Madhya Pradesh,Bhopal,Berasia APMC,Wheat,Mill Quality,FAQ,2050,2508,2401,09/04/2026
Madhya Pradesh,Betul,Multai APMC,Wheat,Mill Quality,FAQ,2140,2420,2150,09/04/2026
Madhya Pradesh,Dhar,Dhamnod APMC,Wheat,Wheat,FAQ,2100,2572,2321,09/04/2026
Madhya Pradesh,Ujjain,Tarana APMC,Wheat,Mill Quality,FAQ,2016,2319,2200,09/04/2026
Madhya Pradesh,Bhind,Alampur APMC,Wheat,Mill Quality,Non-FAQ,2224,2307,2300,09/04/2026
Madhya Pradesh,Bhind,Lahar APMC,Wheat,Wheat,FAQ,2218,2320,2299,09/04/2026
Madhya Pradesh,Sheopur,Sheopurkalan APMC,Wheat,Mill Quality,FAQ,2221,2311,2311,09/04/2026
Madhya Pradesh,Sheopur,Sheopurkalan APMC,Wheat,Wheat,FAQ,2250,2475,2350,09/04/2026
Madhya Pradesh,Sheopur,Sheopurkalan APMC,Wheat,Mill Quality,Non-FAQ,2230,2230,2230,09/04/2026
Madhya Pradesh,Sheopur,Vijaypur APMC,Wheat,Wheat,FAQ,2190,2260,2255,09/04/2026
Madhya Pradesh,Sagar,Sagar APMC,Wheat,Wheat,FAQ,2040,2650,2220,09/04/2026
Madhya Pradesh,Jabalpur,Jabalpur APMC,Wheat,Wheat,FAQ,2000,2507,2271,09/04/2026
Madhya Pradesh,Sagar,Rahatgarh APMC,Wheat,Mill Quality,Non-FAQ,2050,2750,2200,09/04/2026
Madhya Pradesh,Sagar,Shahagarh APMC,Wheat,Wheat,FAQ,2150,2175,2165,09/04/2026
Madhya Pradesh,Sagar,Shahagarh APMC,Wheat,Wheat,Non-FAQ,2185,2195,2190,09/04/2026
Madhya Pradesh,Sagar,Jaisinagar APMC,Wheat,Mill Quality,FAQ,2195,2230,2230,09/04/2026
Madhya Pradesh,Chhatarpur,Harpalpur APMC,Wheat,Wheat,FAQ,2234,2285,2263,09/04/2026
Madhya Pradesh,Chhatarpur,LavKush Nagar(Laundi) APMC,Wheat,Mill Quality,Non-FAQ,2200,2350,2280,09/04/2026
Madhya Pradesh,Chhatarpur,Bijawar APMC,Wheat,Mill Quality,Non-FAQ,2301,2405,2405,09/04/2026
Madhya Pradesh,Panna,Pawai APMC,Wheat,Mill Quality,FAQ,2220,2220,2220,09/04/2026
Madhya Pradesh,Tikamgarh,Jatara APMC,Wheat,Mill Quality,Non-FAQ,2235,2274,2254,09/04/2026
Madhya Pradesh,Narsinghpur,Narsinghpur APMC,Wheat,Mill Quality,Non-FAQ,2240,2240,2240,09/04/2026
Madhya Pradesh,Narsinghpur,Gotegaon APMC,Wheat,Wheat,FAQ,1800,2265,2190,09/04/2026
Madhya Pradesh,Seoni,Seoni APMC,Wheat,Local,FAQ,2250,2330,2325,09/04/2026
Madhya Pradesh,Seoni,Seoni APMC,Wheat,Wheat,FAQ,1290,2546,2545,09/04/2026
Madhya Pradesh,Seoni,Lakhnadon APMC,Wheat,Local,Non-FAQ,2200,2300,2300,09/04/2026
Madhya Pradesh,Seoni,Palari APMC,Wheat,Local,Non-FAQ,2200,2230,2200,09/04/2026
Madhya Pradesh,Rewa,Rewa APMC,Wheat,Mill Quality,FAQ,2158,2312,2280,09/04/2026
Madhya Pradesh,Shajapur,Agar APMC,Wheat,Mill Quality,FAQ,2209,2369,2300,09/04/2026
Madhya Pradesh,Shajapur,Agar APMC,Wheat,Wheat,Non-FAQ,2080,2105,2105,09/04/2026
Madhya Pradesh,Guna,Kumbhraj APMC,Wheat,Wheat,Non-FAQ,2100,2330,2180,09/04/2026
Madhya Pradesh,Chhindwara,Chaurai APMC,Wheat,Mill Quality,Non-FAQ,2150,2250,2201,09/04/2026
Madhya Pradesh,Umariya,Umariya APMC,Wheat,Mill Quality,Non-FAQ,2200,2300,2300,09/04/2026
Madhya Pradesh,Indore,Gautampura APMC,Wheat,Lokwan,FAQ,2550,2585,2585,09/04/2026
Madhya Pradesh,Indore,Gautampura APMC,Wheat,Wheat,Non-FAQ,2000,2200,2200,09/04/2026
Madhya Pradesh,Jhabua,Jhabua APMC,Wheat,Wheat,FAQ,2250,2350,2250,09/04/2026
Madhya Pradesh,Mandsaur,Suvasra APMC,Wheat,Mill Quality,Non-FAQ,2203,2203,2203,09/04/2026
Madhya Pradesh,Sehore,Rehati APMC,Wheat,Wheat,FAQ,2249,2616,2270,09/04/2026
Madhya Pradesh,Mandsaur,Bhanpura APMC,Wheat,Mill Quality,Non-FAQ,2150,2300,2200,09/04/2026
Madhya Pradesh,Mandsaur,Bhanpura APMC,Wheat,Mill Quality,FAQ,2180,2200,2200,09/04/2026
Madhya Pradesh,Indore,Indore APMC,Wheat,Other,FAQ,2100,2125,2125,09/04/2026
Madhya Pradesh,Indore,Indore APMC,Wheat,Malwa Shakti,Non-FAQ,2360,2475,2470,09/04/2026
Madhya Pradesh,Shivpuri,Khatora APMC,Wheat,Wheat,Non-FAQ,2290,2290,2290,09/04/2026
Madhya Pradesh,Shivpuri,Khatora APMC,Wheat,Wheat,FAQ,2205,2275,2275,09/04/2026
Madhya Pradesh,Bhind,Mehgaon APMC,Wheat,Wheat,Non-FAQ,2240,2240,2240,09/04/2026
Madhya Pradesh,Shajapur,Soyatkalan APMC,Wheat,Wheat,FAQ,2155,2275,2225,09/04/2026
Madhya Pradesh,Shivpuri,Khanyadhana APMC,Wheat,Mill Quality,Non-FAQ,2204,2300,2245,09/04/2026
Madhya Pradesh,Raisen,Silvani APMC,Wheat,Wheat,FAQ,2100,2273,2234,09/04/2026
Madhya Pradesh,Khandwa,Mundi APMC,Wheat,Local,FAQ,2190,2190,2190,09/04/2026
Madhya Pradesh,Badwani,Sendhwa APMC,Wheat,Wheat,FAQ,2125,2420,2250,09/04/2026
Madhya Pradesh,Raisen,Begamganj APMC,Wheat,Wheat,Non-FAQ,2100,2645,2200,09/04/2026
Madhya Pradesh,Raisen,Begamganj APMC,Wheat,Wheat,FAQ,2230,2230,2230,09/04/2026
Madhya Pradesh,Vidisha,Sironj APMC,Wheat,Wheat,FAQ,2010,2785,2500,09/04/2026
Madhya Pradesh,Vidisha,Sironj APMC,Wheat,Lokwan,FAQ,3580,3580,3580,09/04/2026
Madhya Pradesh,Rajgarh,Chhapiheda APMC,Wheat,Wheat,FAQ,2000,2231,2220,09/04/2026
Madhya Pradesh,Dhar,Badnawar APMC,Wheat,Mill Quality,FAQ,2285,2285,2285,09/04/2026
Madhya Pradesh,Dhar,Rajgarh APMC,Wheat,Wheat,FAQ,1840,2826,2275,09/04/2026
Madhya Pradesh,Jhabua,Thandla APMC,Wheat,Mill Quality,FAQ,2245,2355,2350,09/04/2026
Madhya Pradesh,Jhabua,Thandla APMC,Wheat,Lokwan,FAQ,2300,2500,2400,09/04/2026
Madhya Pradesh,Alirajpur,Alirajpur APMC,Wheat,Wheat,Non-FAQ,2000,2050,2000,09/04/2026
Madhya Pradesh,Alirajpur,Jobat APMC,Wheat,Mill Quality,Non-FAQ,2100,2100,2100,09/04/2026
Madhya Pradesh,Khandwa,Pandhana APMC,Wheat,Wheat,FAQ,2238,2342,2284,09/04/2026
Madhya Pradesh,Mandsaur,Sitmau APMC,Wheat,Wheat,FAQ,2130,2591,2301,09/04/2026
Madhya Pradesh,Ratlam,Jaora APMC,Wheat,Mill Quality,FAQ,2070,2302,2280,09/04/2026
Madhya Pradesh,Ratlam,Jaora APMC,Wheat,Wheat,FAQ,1907,3600,2400,09/04/2026
Madhya Pradesh,Ratlam,Sailana APMC,Wheat,Wheat,Non-FAQ,2100,2101,2101,09/04/2026
Madhya Pradesh,Shajapur,Shujalpur APMC,Wheat,Lokwan,FAQ,2331,3200,3200,09/04/2026
Madhya Pradesh,Shajapur,Badod APMC,Wheat,Mill Quality,FAQ,1852,2269,2269,09/04/2026
Madhya Pradesh,Gwalior,Lashkar APMC,Wheat,Wheat,FAQ,2000,2385,2300,09/04/2026
Madhya Pradesh,Guna,Maksudangarh APMC,Wheat,Wheat,FAQ,2080,2305,2291,09/04/2026
Madhya Pradesh,Shivpuri,Badarwas APMC,Wheat,Sharbati,Non-FAQ,2410,2870,2675,09/04/2026
Madhya Pradesh,Shivpuri,Badarwas APMC,Wheat,Wheat,FAQ,2250,2305,2300,09/04/2026
Madhya Pradesh,Bhind,Mow APMC,Wheat,Wheat,FAQ,2085,2245,2135,09/04/2026
Madhya Pradesh,Jabalpur,Paatan APMC,Wheat,Wheat,FAQ,2065,2430,2300,09/04/2026
Madhya Pradesh,Datia,Bhander APMC,Wheat,Wheat,FAQ,2286,2330,2330,09/04/2026
Madhya Pradesh,Ashoknagar,Ashoknagar APMC,Wheat,Sharbati,FAQ,2450,4300,3400,09/04/2026
Madhya Pradesh,Satna,Satna APMC,Wheat,Wheat,FAQ,2136,2480,2320,09/04/2026
Madhya Pradesh,Vidisha,Ganjbasoda APMC,Wheat,PISSI,FAQ,2050,2952,2400,09/04/2026
Madhya Pradesh,Vidisha,Vidisha APMC,Wheat,Sharbati,FAQ,2600,4800,3500,09/04/2026
Madhya Pradesh,Sehore,Ashta APMC,Wheat,Sharbati,FAQ,2300,2825,2571,09/04/2026
Madhya Pradesh,Sehore,Sehore APMC,Wheat,Malwa Shakti,FAQ,2071,3460,3460,09/04/2026
Madhya Pradesh,Sehore,Sehore APMC,Wheat,PISSI,FAQ,2369,2369,2369,09/04/2026
Madhya Pradesh,Khandwa,Khandwa APMC,Wheat,Mill Quality,FAQ,2000,2642,2270,09/04/2026
Madhya Pradesh,Mandsaur,Mandsaur APMC,Wheat,Lokwan,Non-FAQ,2300,2516,2500,09/04/2026
Madhya Pradesh,Mandsaur,Mandsaur APMC,Wheat,Mill Quality,FAQ,2370,2370,2370,09/04/2026
Madhya Pradesh,Mandla,Mandla APMC,Wheat,Mill Quality,FAQ,2000,2000,2000,09/04/2026
Madhya Pradesh,Bhopal,Berasia APMC,Wheat,Wheat,FAQ,2050,2777,2300,09/04/2026
Madhya Pradesh,Dhar,Kukshi APMC,Wheat,Wheat,Non-FAQ,2025,2200,2150,09/04/2026
Madhya Pradesh,Raisen,Gairatganj APMC,Wheat,Wheat,Non-FAQ,2200,4101,2250,09/04/2026
Madhya Pradesh,Vidisha,Shamshabad APMC,Wheat,Wheat,FAQ,1976,2526,2220,09/04/2026
Madhya Pradesh,Rajgarh,Narsinghgarh APMC,Wheat,Wheat,FAQ,500,2420,2250,09/04/2026
Madhya Pradesh,Rajgarh,Narsinghgarh APMC,Wheat,Mill Quality,FAQ,2451,2451,2451,09/04/2026
Madhya Pradesh,Rajgarh,Khilchipur APMC,Wheat,Mill Quality,Non-FAQ,2100,2100,2100,09/04/2026
Madhya Pradesh,Rajgarh,Khujner APMC,Wheat,Mill Quality,FAQ,2055,2276,2276,09/04/2026
Madhya Pradesh,Harda,Khirakiya APMC,Wheat,Mill Quality,FAQ,2250,2250,2250,09/04/2026
Madhya Pradesh,Harda,Khirakiya APMC,Wheat,Mohan Mondal,Non-FAQ,2250,2250,2250,09/04/2026
Madhya Pradesh,Hoshangabad,Pipariya APMC,Wheat,Wheat,FAQ,1901,2511,2335,09/04/2026
Madhya Pradesh,Indore,Sanwer APMC,Wheat,Wheat,FAQ,1925,2750,2300,09/04/2026
Madhya Pradesh,Dhar,Manawar APMC,Wheat,Wheat,FAQ,2110,2280,2200,09/04/2026
Madhya Pradesh,Dhar,Rajgarh APMC,Wheat,Wheat,Non-FAQ,2100,2120,2120,09/04/2026
Madhya Pradesh,Jhabua,Petlawad APMC,Wheat,Wheat,FAQ,1560,2570,2250,09/04/2026
Madhya Pradesh,Khargone,Kasrawad APMC,Wheat,Wheat,FAQ,2150,2435,2400,09/04/2026
Madhya Pradesh,Khandwa,Harsood APMC,Wheat,Wheat,Non-FAQ,2150,2211,2180,09/04/2026
Madhya Pradesh,Ujjain,Badnagar APMC,Wheat,Mill Quality,FAQ,2220,2370,2321,09/04/2026
Madhya Pradesh,Ujjain,Badnagar APMC,Wheat,Wheat,Non-FAQ,2500,2500,2500,09/04/2026
Madhya Pradesh,Mandsaur,Piplya APMC,Wheat,Mill Quality,FAQ,2299,2380,2336,09/04/2026
Madhya Pradesh,Mandsaur,Shamgarh APMC,Wheat,Mill Quality,FAQ,1510,2350,2261,09/04/2026
Madhya Pradesh,Mandsaur,Sitmau APMC,Wheat,Mill Quality,FAQ,2102,2426,2312,09/04/2026
Madhya Pradesh,Mandsaur,Sitmau APMC,Wheat,Lokwan,FAQ,1671,2525,2321,09/04/2026
Madhya Pradesh,Ratlam,Ratlam APMC,Wheat,Mill Quality,FAQ,2041,2250,2250,09/04/2026
Madhya Pradesh,Ratlam,Ratlam APMC,Wheat,Wheat,FAQ,1980,3200,2500,09/04/2026
Madhya Pradesh,Shajapur,Shujalpur APMC,Wheat,Wheat,FAQ,2007,3251,2260,09/04/2026
Madhya Pradesh,Shajapur,Susner APMC,Wheat,Wheat,Non-FAQ,1900,2373,2250,09/04/2026
Madhya Pradesh,Datia,Sevda APMC,Wheat,Wheat,Non-FAQ,2265,2382,2305,09/04/2026
Madhya Pradesh,Gwalior,Lashkar APMC,Wheat,Mill Quality,FAQ,2100,2100,2100,09/04/2026
Madhya Pradesh,Guna,Aron APMC,Wheat,Wheat,FAQ,2150,3605,2400,09/04/2026
Madhya Pradesh,Ashoknagar,Shadora APMC,Wheat,Wheat,FAQ,2175,2502,2500,09/04/2026
Madhya Pradesh,Ashoknagar,Shadora APMC,Wheat,Wheat,Non-FAQ,2210,2250,2250,09/04/2026
Madhya Pradesh,Shivpuri,Kolaras APMC,Wheat,Wheat,FAQ,2550,2550,2550,09/04/2026
Madhya Pradesh,Shivpuri,Badarwas APMC,Wheat,Wheat,Non-FAQ,2200,2520,2300,09/04/2026
Madhya Pradesh,Shivpuri,Karera APMC,Wheat,Mill Quality,FAQ,21.7,2275,2250,09/04/2026
Madhya Pradesh,Shivpuri,Karera APMC,Wheat,Wheat,Non-FAQ,2120,2325,2250,09/04/2026
Madhya Pradesh,Shivpuri,Pichhour APMC,Wheat,Mill Quality,Non-FAQ,2195,2250,2235,09/04/2026
Madhya Pradesh,Sheopur,Sheopurkalan APMC,Wheat,Wheat,Non-FAQ,2082,2610,2359,09/04/2026
Madhya Pradesh,Sheopur,Sheopurbadod APMC,Wheat,Wheat,FAQ,2215,2482,2410,09/04/2026
Madhya Pradesh,Sheopur,Vijaypur APMC,Wheat,Mill Quality,Non-FAQ,2235,2245,2245,09/04/2026
Madhya Pradesh,Sheopur,Vijaypur APMC,Wheat,Mill Quality,FAQ,2225,2225,2225,09/04/2026
Madhya Pradesh,Sagar,Deori APMC,Wheat,Mill Quality,FAQ,2200,2200,2200,09/04/2026
Madhya Pradesh,Sagar,Bamora APMC,Wheat,Mill Quality,FAQ,1950,3250,2500,09/04/2026
Madhya Pradesh,Sagar,Shahagarh APMC,Wheat,Mill Quality,Non-FAQ,2210,2230,2230,09/04/2026
Madhya Pradesh,Sagar,Kesli APMC,Wheat,Wheat,FAQ,2200,2210,2210,09/04/2026
Madhya Pradesh,Panna,Ajaygarh APMC,Wheat,Mill Quality,FAQ,2200,2250,2250,09/04/2026
Madhya Pradesh,Tikamgarh,Tikamgarh APMC,Wheat,Wheat,FAQ,2225,2492,2300,09/04/2026
Madhya Pradesh,Balaghat,Varaseoni APMC,Wheat,Wheat,Non-FAQ,2100,2100,2100,09/04/2026
Madhya Pradesh,Chhindwara,Chhindwara APMC,Wheat,Mill Quality,FAQ,2225,2638,2380,09/04/2026
Madhya Pradesh,Narsinghpur,Gadarwada APMC,Wheat,Mohan Mondal,FAQ,2350,2350,2350,09/04/2026
Madhya Pradesh,Narsinghpur,Kareli APMC,Wheat,Wheat,FAQ,2176,2310,2310,09/04/2026
Madhya Pradesh,Seoni,Seoni APMC,Wheat,Mill Quality,FAQ,2195,2300,2200,09/04/2026
Madhya Pradesh,Seoni,Chhpara APMC,Wheat,Wheat,Non-FAQ,2150,2250,2150,09/04/2026
Madhya Pradesh,Seoni,Palari APMC,Wheat,Wheat,FAQ,2250,2260,2260,09/04/2026
Madhya Pradesh,Sidhi,Sidhi APMC,Wheat,Mill Quality,Non-FAQ,2626,2626,2626,09/04/2026
Madhya Pradesh,Dewas,Khategaon APMC,Wheat,Mill Quality,FAQ,2420,2420,2420,09/04/2026
Madhya Pradesh,Ratlam,A lot APMC,Wheat,Wheat,FAQ,1400,2800,2100,09/04/2026
Madhya Pradesh,Bhind,Gohad APMC,Wheat,Mill Quality,Non-FAQ,2300,2300,2300,09/04/2026
Madhya Pradesh,Rewa,Baikunthpur APMC,Wheat,Mill Quality,Non-FAQ,2180,2200,2200,09/04/2026
Madhya Pradesh,Rajgarh,Biaora APMC,Wheat,Wheat,FAQ,1500,2605,2300,09/04/2026
Madhya Pradesh,Hoshangabad,Banapura APMC,Wheat,Local,FAQ,1350,2606,2333,09/04/2026
Madhya Pradesh,Badwani,Badwani APMC,Wheat,Wheat,FAQ,2221,2221,2221,09/04/2026
Madhya Pradesh,Mandsaur,Suvasra APMC,Wheat,Mill Quality,FAQ,2125,2185,2185,09/04/2026
Madhya Pradesh,Neemuch,Manasa APMC,Wheat,Wheat,FAQ,2150,2909,2751,09/04/2026
Madhya Pradesh,Shajapur,Nalkehda APMC,Wheat,Mill Quality,FAQ,2025,2060,2060,09/04/2026
Madhya Pradesh,Shajapur,Nalkehda APMC,Wheat,Wheat,FAQ,1800,2246,2100,09/04/2026
Madhya Pradesh,Sagar,Banda APMC,Wheat,Wheat,Non-FAQ,2155,2180,2180,09/04/2026
Madhya Pradesh,Sagar,Rehli APMC,Wheat,Wheat,Non-FAQ,2100,2245,2214,09/04/2026
Madhya Pradesh,Damoh,Javera APMC,Wheat,Mill Quality,Non-FAQ,2150,2310,2200,09/04/2026
Madhya Pradesh,Chhatarpur,Badamalhera APMC,Wheat,Mill Quality,FAQ,2200,2210,2210,09/04/2026
Madhya Pradesh,Ashoknagar,Mungawali APMC,Wheat,Wheat,Non-FAQ,2150,2365,2240,09/04/2026
Madhya Pradesh,Rajgarh,Sarangpur APMC,Wheat,Wheat,Non-FAQ,2055,2553,2220,09/04/2026
Madhya Pradesh,Mandsaur,Garoth APMC,Wheat,Wheat,FAQ,2150,2150,2150,09/04/2026
Madhya Pradesh,Shivpuri,Khanyadhana APMC,Wheat,Mill Quality,FAQ,2180,2255,2242,09/04/2026
Madhya Pradesh,Hoshangabad,Babai APMC,Wheat,Mill Quality,Non-FAQ,2300,2300,2300,09/04/2026
Madhya Pradesh,Mandsaur,Daloda APMC,Wheat,Lokwan,FAQ,2341,2461,2461,09/04/2026
Madhya Pradesh,Gwalior,Bhitarwar APMC,Wheat,Wheat,Non-FAQ,2395,2395,2395,09/04/2026
Madhya Pradesh,Satna,Mehar APMC,Wheat,Local,Non-FAQ,2200,2200,2200,09/04/2026
Madhya Pradesh,Ujjain,Ujjain APMC,Wheat,Wheat,FAQ,800,3560,2200,09/04/2026
Madhya Pradesh,Neemuch,Neemuch APMC,Wheat,Local,FAQ,2160,2160,2160,09/04/2026
Madhya Pradesh,Vidisha,Ganjbasoda APMC,Wheat,Sujata,FAQ,2080,3205,2400,09/04/2026
Madhya Pradesh,Vidisha,Ganjbasoda APMC,Wheat,Malwa Shakti,FAQ,2050,2182,2182,09/04/2026
Madhya Pradesh,Katni,Katni APMC,Wheat,Wheat,Non-FAQ,2080,2451,2307,09/04/2026
Madhya Pradesh,Morena,Morena APMC,Wheat,Wheat,Non-FAQ,2270,2319,2305,09/04/2026
Madhya Pradesh,Sehore,Sehore APMC,Wheat,Wheat,FAQ,2000,4700,2500,09/04/2026
Madhya Pradesh,Sehore,Sehore APMC,Wheat,Sharbati,FAQ,2102,4591,2490,09/04/2026
Madhya Pradesh,Sehore,Sehore APMC,Wheat,Mill Quality,FAQ,2040,2357,2071,09/04/2026
Madhya Pradesh,Betul,Betul APMC,Wheat,Mill Quality,FAQ,2000,2292,2000,09/04/2026
Madhya Pradesh,Hoshangabad,Itarsi APMC,Wheat,Wheat,Non-FAQ,2270,2270,2270,09/04/2026
Madhya Pradesh,Dhar,Dhar APMC,Wheat,Mill Quality,FAQ,2361,2401,2401,09/04/2026
Madhya Pradesh,Khandwa,Khandwa APMC,Wheat,Wheat,FAQ,2150,2311,2311,09/04/2026
Madhya Pradesh,Mandsaur,Mandsaur APMC,Wheat,Mill Quality,Non-FAQ,2281,2373,2373,09/04/2026
Madhya Pradesh,Morena,Kailaras APMC,Wheat,Local,FAQ,2300,2325,2325,09/04/2026
Madhya Pradesh,Morena,Kailaras APMC,Wheat,Wheat,FAQ,2250,2350,2280,09/04/2026
Madhya Pradesh,Mandla,Mandla APMC,Wheat,Mill Quality,Non-FAQ,2100,2100,2100,09/04/2026
Madhya Pradesh,Mandla,Mandla APMC,Wheat,Local,Non-FAQ,2100,2100,2100,09/04/2026
Madhya Pradesh,Ujjain,Mahidpur APMC,Wheat,Mill Quality,FAQ,1800,2345,2345,09/04/2026
Madhya Pradesh,Shivpuri,Shivpuri APMC,Wheat,Wheat,FAQ,2200,2385,2325,09/04/2026
Madhya Pradesh,Shivpuri,Pohari APMC,Wheat,Wheat,Non-FAQ,2225,2275,2275,09/04/2026
Madhya Pradesh,Shivpuri,Rannod APMC,Wheat,Wheat,FAQ,2123,2240,2206,09/04/2026
Madhya Pradesh,Sheopur,Vijaypur APMC,Wheat,Wheat,Non-FAQ,2200,2430,2400,09/04/2026
Madhya Pradesh,Sagar,Bina APMC,Wheat,Lokwan,FAQ,2350,2350,2350,09/04/2026
Madhya Pradesh,Sagar,Bina APMC,Wheat,Mill Quality,FAQ,2250,2250,2250,09/04/2026
Madhya Pradesh,Sagar,Deori APMC,Wheat,Wheat,FAQ,2100,2300,2300,09/04/2026
Madhya Pradesh,Chhatarpur,Bijawar APMC,Wheat,Mill Quality,FAQ,2255,2422,2385,09/04/2026
Madhya Pradesh,Tikamgarh,Jatara APMC,Wheat,Wheat,Non-FAQ,2230,2290,2290,09/04/2026
Madhya Pradesh,Tikamgarh,Khargapur APMC,Wheat,Mill Quality,FAQ,2200,2225,2215,09/04/2026
Madhya Pradesh,Tikamgarh,Palera APMC,Wheat,Mill Quality,Non-FAQ,2180,2228,2210,09/04/2026
Madhya Pradesh,Tikamgarh,Niwadi APMC,Wheat,Mill Quality,Non-FAQ,2176,2301,2230,09/04/2026
Madhya Pradesh,Narsinghpur,Gadarwada APMC,Wheat,Mill Quality,Non-FAQ,2250,2305,2295,09/04/2026
Madhya Pradesh,Narsinghpur,Gadarwada APMC,Wheat,Mill Quality,FAQ,2264,2471,2343,09/04/2026
Madhya Pradesh,Narsinghpur,Tendukheda APMC,Wheat,Wheat,FAQ,2150,2241,2200,09/04/2026
Madhya Pradesh,Seoni,Seoni APMC,Wheat,Local,Non-FAQ,2250,2280,2280,09/04/2026
Madhya Pradesh,Seoni,Ghansour APMC,Wheat,Mill Quality,FAQ,2300,2350,2300,09/04/2026
Madhya Pradesh,Rewa,Chaakghat APMC,Wheat,Wheat,FAQ,2150,2150,2150,09/04/2026
Madhya Pradesh,Ujjain,Tarana APMC,Wheat,Lokwan,FAQ,2400,2490,2490,09/04/2026
Madhya Pradesh,Dewas,Sonkatch APMC,Wheat,Wheat,FAQ,1200,2680,2290,09/04/2026
Madhya Pradesh,Ratlam,A lot APMC,Wheat,Wheat,Non-FAQ,2100,2100,2100,09/04/2026
Madhya Pradesh,Guna,Kumbhraj APMC,Wheat,Wheat Mix,FAQ,2100,5010,2100,09/04/2026
Madhya Pradesh,Bhind,Gohad APMC,Wheat,Wheat,FAQ,2050,2395,2350,09/04/2026
Madhya Pradesh,Sagar,Khurai APMC,Wheat,Wheat,FAQ,1916,4020,2400,09/04/2026
Madhya Pradesh,Sehore,Nasrullaganj APMC,Wheat,Wheat,Non-FAQ,2175,2922,2400,09/04/2026
Madhya Pradesh,Raisen,Obedullaganj APMC,Wheat,Wheat,FAQ,2196,2460,2196,09/04/2026
Madhya Pradesh,Raisen,Obedullaganj APMC,Wheat,Local,FAQ,2200,2516,2500,09/04/2026
Madhya Pradesh,Rajgarh,Jeerapur APMC,Wheat,Wheat,FAQ,1800,2320,2230,09/04/2026
Madhya Pradesh,Rajgarh,Jeerapur APMC,Wheat,Wheat,Non-FAQ,2195,2250,2225,09/04/2026
Madhya Pradesh,Hoshangabad,Bankhedi APMC,Wheat,Mill Quality,FAQ,2281,2351,2351,09/04/2026
Madhya Pradesh,Badwani,Khetia APMC,Wheat,Lokwan,FAQ,2295,2345,2345,09/04/2026
Madhya Pradesh,Rajgarh,Sarangpur APMC,Wheat,Wheat,FAQ,1666,2585,2200,09/04/2026
Madhya Pradesh,Vidisha,Lateri APMC,Wheat,Wheat,FAQ,1890,2275,2170,09/04/2026
Madhya Pradesh,Dhar,Gandhwani APMC,Wheat,Wheat,FAQ,2150,2450,2250,09/04/2026
Madhya Pradesh,Anupur,Anuppur APMC,Wheat,Wheat,Non-FAQ,2190,2450,2450,09/04/2026
Madhya Pradesh,Indore,Indore APMC,Wheat,Wheat,Non-FAQ,2150,2216,2216,09/04/2026
Madhya Pradesh,Mandsaur,Garoth APMC,Wheat,Mill Quality,Non-FAQ,1641,2504,2240,09/04/2026
Madhya Pradesh,Sehore,Jawar APMC,Wheat,Wheat,FAQ,1700,3040,2300,09/04/2026
Madhya Pradesh,Mandsaur,Daloda APMC,Wheat,Wheat,FAQ,2200,2742,2399,09/04/2026
Madhya Pradesh,Mandsaur,Daloda APMC,Wheat,Mill Quality,FAQ,2310,2329,2329,09/04/2026
Madhya Pradesh,Raisen,Begamganj APMC,Wheat,Mill Quality,Non-FAQ,2150,2230,2230,09/04/2026
Madhya Pradesh,Vidisha,Sironj APMC,Wheat,Sharbati,FAQ,2300,4525,3800,09/04/2026
Madhya Pradesh,Vidisha,Sironj APMC,Wheat,PISSI,FAQ,2480,2600,2600,09/04/2026
Madhya Pradesh,Rajgarh,Pachaur APMC,Wheat,Wheat,FAQ,1850,2666,2200,09/04/2026
Madhya Pradesh,Rajgarh,Pachaur APMC,Wheat,Wheat,Non-FAQ,2000,2200,2000,09/04/2026
Madhya Pradesh,Harda,Timarni APMC,Wheat,Wheat,FAQ,1801,2416,2361,09/04/2026
Madhya Pradesh,Indore,Sanwer APMC,Wheat,Wheat,Non-FAQ,2060,2550,2275,09/04/2026
Madhya Pradesh,Dhar,Badnawar APMC,Wheat,Lokwan,FAQ,2320,2355,2355,09/04/2026
Madhya Pradesh,Jhabua,Petlawad APMC,Wheat,Wheat,Non-FAQ,2050,2250,2150,09/04/2026
Madhya Pradesh,Jhabua,Petlawad APMC,Wheat,Malwa Shakti,Non-FAQ,2162,2162,2162,09/04/2026
Madhya Pradesh,Jhabua,Petlawad APMC,Wheat,Wheat Mix,Non-FAQ,2000,2315,2100,09/04/2026
Madhya Pradesh,Alirajpur,Alirajpur APMC,Wheat,Wheat,FAQ,2000,2125,2000,09/04/2026
Madhya Pradesh,Alirajpur,Jobat APMC,Wheat,Wheat,FAQ,2040,2175,2100,09/04/2026
Madhya Pradesh,Khargone,Badwaha APMC,Wheat,Wheat,FAQ,2050,2421,2250,09/04/2026
Madhya Pradesh,Khargone,Karhi APMC,Wheat,Wheat,FAQ,1970,2455,2180,09/04/2026
Madhya Pradesh,Khandwa,Harsood APMC,Wheat,Mill Quality,Non-FAQ,2200,2225,2225,09/04/2026
Madhya Pradesh,Ujjain,Badnagar APMC,Wheat,Wheat,FAQ,1301,2800,2300,09/04/2026
Madhya Pradesh,Dewas,Loharda APMC,Wheat,Wheat,FAQ,2145,3026,2261,09/04/2026
Madhya Pradesh,Mandsaur,Shamgarh APMC,Wheat,Mill Quality,Non-FAQ,2137,2600,2451,09/04/2026
Madhya Pradesh,Neemuch,Javad APMC,Wheat,Wheat,FAQ,2247,2290,2290,09/04/2026
Madhya Pradesh,Ratlam,Ratlam APMC,Wheat,PISSI,FAQ,2165,2165,2165,09/04/2026
Madhya Pradesh,Ratlam,Ratlam APMC,Wheat,Lokwan,FAQ,2113,3180,2700,09/04/2026
Madhya Pradesh,Ratlam,Taal APMC,Wheat,Mill Quality,FAQ,2143,2346,2300,09/04/2026
Madhya Pradesh,Ratlam,Taal APMC,Wheat,Wheat,Non-FAQ,2500,2500,2500,09/04/2026
Madhya Pradesh,Shajapur,Kalapipal APMC,Wheat,Wheat,FAQ,1950,3051,2471,09/04/2026
Madhya Pradesh,Shajapur,Susner APMC,Wheat,Wheat,FAQ,2100,2265,2265,09/04/2026
Madhya Pradesh,Shajapur,Badod APMC,Wheat,Wheat,Non-FAQ,1891,2416,2165,09/04/2026
Madhya Pradesh,Shajapur,Badod APMC,Wheat,Wheat,FAQ,2070,2294,2294,09/04/2026
Madhya Pradesh,Datia,Sevda APMC,Wheat,Mill Quality,Non-FAQ,2246,2371,2280,09/04/2026
Madhya Pradesh,Datia,Sevda APMC,Wheat,Mill Quality,FAQ,2190,2356,2280,09/04/2026
Madhya Pradesh,Guna,Guna APMC,Wheat,Wheat,FAQ,2235,4710,2395,09/04/2026
Madhya Pradesh,Guna,Aron APMC,Wheat,Sharbati,FAQ,2260,3305,2525,09/04/2026
Madhya Pradesh,Guna,Binaganj APMC,Wheat,Wheat,FAQ,2170,2345,2235,09/04/2026
Madhya Pradesh,Shivpuri,Kolaras APMC,Wheat,Wheat,Non-FAQ,2000,2520,2280,09/04/2026
Madhya Pradesh,Shivpuri,Badarwas APMC,Wheat,Mill Quality,Non-FAQ,2250,2300,2275,09/04/2026
Madhya Pradesh,Shivpuri,Badarwas APMC,Wheat,Sharbati,FAQ,2640,2640,2640,09/04/2026
Madhya Pradesh,Jabalpur,Sehora APMC,Wheat,Mill Quality,FAQ,2001,2490,2286,09/04/2026
Madhya Pradesh,Ujjain,Ujjain APMC,Wheat,Mill Quality,FAQ,2367,2367,2367,09/04/2026
Madhya Pradesh,Bhopal,Bhopal APMC,Wheat,Wheat,FAQ,1800,4000,2300,09/04/2026
Madhya Pradesh,Gwalior,Dabra APMC,Wheat,Wheat,FAQ,2185,2575,2400,09/04/2026
Madhya Pradesh,Ashoknagar,Ashoknagar APMC,Wheat,Mohan Mondal,FAQ,2260,2260,2260,09/04/2026
Madhya Pradesh,Ashoknagar,Ashoknagar APMC,Wheat,Mill Quality,FAQ,3100,3100,3100,09/04/2026
Madhya Pradesh,Raisen,Raisen APMC,Wheat,Malwa Shakti,FAQ,2264,2284,2284,09/04/2026
Madhya Pradesh,Dhar,Dhar APMC,Wheat,Malwa Shakti,FAQ,2320,2320,2320,09/04/2026
Madhya Pradesh,Mandsaur,Mandsaur APMC,Wheat,Malwa Shakti,Non-FAQ,2190,2330,2200,09/04/2026
Madhya Pradesh,Harda,Harda APMC,Wheat,Mill Quality,FAQ,2000,2440,2330,09/04/2026
Madhya Pradesh,Harda,Harda APMC,Wheat,Mill Quality,Non-FAQ,2200,2250,2230,09/04/2026
Madhya Pradesh,Shivpuri,Barad APMC,Wheat,Wheat,FAQ,2175,2257,2257,09/04/2026
Madhya Pradesh,Jabalpur,Paatan APMC,Wheat,Mill Quality,FAQ,2040,2460,2300,09/04/2026
Madhya Pradesh,Ujjain,Tarana APMC,Wheat,Wheat,FAQ,1487,2856,2300,09/04/2026
Madhya Pradesh,Dewas,Khategaon APMC,Wheat,Wheat,FAQ,1644,2475,2250,09/04/2026
Madhya Pradesh,Damoh,Patharia APMC,Wheat,Wheat,Non-FAQ,2250,2300,2290,09/04/2026
Madhya Pradesh,Umariya,Umariya APMC,Wheat,Wheat,Non-FAQ,2200,2200,2200,09/04/2026
Madhya Pradesh,Umariya,Umariya APMC,Wheat,Wheat,FAQ,2240,2300,2300,09/04/2026
Madhya Pradesh,Sehore,Nasrullaganj APMC,Wheat,Wheat,FAQ,2165,3014,2300,09/04/2026
Madhya Pradesh,Raisen,Bareli APMC,Wheat,Mill Quality,FAQ,2086,2511,2300,09/04/2026
Madhya Pradesh,Indore,Gautampura APMC,Wheat,Wheat,FAQ,2000,2800,2500,09/04/2026
Madhya Pradesh,Ujjain,Nagda APMC,Wheat,Wheat,FAQ,2165,2500,2500,09/04/2026
Madhya Pradesh,Morena,Sabalgarh APMC,Wheat,Mill Quality,Non-FAQ,1905,2288,2255,09/04/2026
Madhya Pradesh,Badwani,Khetia APMC,Wheat,Wheat,FAQ,2275,2330,2330,09/04/2026
Madhya Pradesh,Badwani,Khetia APMC,Wheat,Mill Quality,FAQ,2200,2200,2200,09/04/2026
Madhya Pradesh,Satna,Amarpatan APMC,Wheat,Mill Quality,FAQ,2115,2120,2120,09/04/2026
Madhya Pradesh,Sehore,Ichhawar APMC,Wheat,Wheat,FAQ,2150,3880,2250,09/04/2026
Madhya Pradesh,Rajgarh,Machalpur APMC,Wheat,Wheat,Non-FAQ,2150,2150,2150,09/04/2026
Madhya Pradesh,Indore,Indore APMC,Wheat,Wheat,FAQ,1100,3134,2270,09/04/2026
Madhya Pradesh,Bhind,Mehgaon APMC,Wheat,Wheat,FAQ,2180,2275,2265,09/04/2026
Madhya Pradesh,Gwalior,Bhitarwar APMC,Wheat,Other,Non-FAQ,2430,2430,2430,09/04/2026
Madhya Pradesh,Gwalior,Bhitarwar APMC,Wheat,Mill Quality,Non-FAQ,2000,2430,2355,09/04/2026
Madhya Pradesh,Shivpuri,Pichhour APMC,Wheat,Wheat,Non-FAQ,2200,2225,2219,09/04/2026
Madhya Pradesh,Shivpuri,Magroni APMC,Wheat,Wheat,FAQ,2238,2419,2401,09/04/2026
Madhya Pradesh,Morena,Ambaha APMC,Wheat,Wheat,Non-FAQ,2250,2250,2250,09/04/2026
Madhya Pradesh,Morena,Banmorkalan APMC,Wheat,Local,Non-FAQ,2300,2300,2300,09/04/2026
Madhya Pradesh,Sheopur,Sheopurkalan APMC,Wheat,Local,FAQ,2250,2500,2360,09/04/2026
Madhya Pradesh,Sheopur,Sheopurkalan APMC,Wheat,Other,FAQ,2275,2275,2275,09/04/2026
Madhya Pradesh,Sagar,Bina APMC,Wheat,Wheat,FAQ,1700,5001,2300,09/04/2026
Madhya Pradesh,Tikamgarh,Jatara APMC,Wheat,Local,Non-FAQ,2235,2269,2254,09/04/2026
Madhya Pradesh,Tikamgarh,Prithvipur APMC,Wheat,Mill Quality,Non-FAQ,2195,2235,2218,09/04/2026
Madhya Pradesh,Chhindwara,Chhindwara APMC,Wheat,Wheat,FAQ,2125,2648,2340,09/04/2026
Madhya Pradesh,Narsinghpur,Narsinghpur APMC,Wheat,Mill Quality,FAQ,2130,2250,2200,09/04/2026
Madhya Pradesh,Seoni,Seoni APMC,Wheat,Wheat,Non-FAQ,2100,2299,2299,09/04/2026
Madhya Pradesh,Seoni,Chhpara APMC,Wheat,Wheat,FAQ,2175,2210,2210,09/04/2026
Madhya Pradesh,Seoni,Chhpara APMC,Wheat,Mill Quality,FAQ,2150,2180,2180,09/04/2026
Madhya Pradesh,Seoni,Lakhnadon APMC,Wheat,Wheat,Non-FAQ,2100,2105,2100,09/04/2026
Madhya Pradesh,Rewa,Rewa APMC,Wheat,Wheat,FAQ,2200,2200,2200,09/04/2026
Madhya Pradesh,Chhindwara,Saunsar APMC,Wheat,Wheat,FAQ,2200,2200,2200,09/04/2026
Madhya Pradesh,Seoni,Keolari APMC,Wheat,Wheat,FAQ,2160,2210,2200,09/04/2026
Madhya Pradesh,Jabalpur,Sehora APMC,Wheat,PISSI,FAQ,2270,2270,2270,09/04/2026
Madhya Pradesh,Sehore,Shyampur APMC,Wheat,Mill Quality,FAQ,2090,2286,2100,09/04/2026
Madhya Pradesh,Raisen,Gairatganj APMC,Wheat,Wheat,FAQ,2200,2210,2210,09/04/2026
Madhya Pradesh,Rajgarh,Khilchipur APMC,Wheat,Mill Quality,FAQ,2045,2302,2242,09/04/2026
Madhya Pradesh,Harda,Timarni APMC,Wheat,Mill Quality,Non-FAQ,2228,2228,2228,09/04/2026
Madhya Pradesh,Harda,Khirakiya APMC,Wheat,Mill Quality,Non-FAQ,2081,2335,2241,09/04/2026
Madhya Pradesh,Hoshangabad,Semriharchand APMC,Wheat,Mill Quality,FAQ,2225,2381,2350,09/04/2026
Madhya Pradesh,Dhar,Rajgarh APMC,Wheat,Lokwan,FAQ,2700,2900,2900,09/04/2026
Madhya Pradesh,Jhabua,Thandla APMC,Wheat,Wheat,FAQ,2100,2200,2200,09/04/2026
Madhya Pradesh,Khargone,Sanawad APMC,Wheat,Wheat,FAQ,2068,2651,2280,09/04/2026
Madhya Pradesh,Khargone,Bhikangaon APMC,Wheat,Wheat,FAQ,2168,2605,2264,09/04/2026
Madhya Pradesh,Khargone,Segaon APMC,Wheat,Wheat,Non-FAQ,2360,2450,2450,09/04/2026
Madhya Pradesh,Khargone,Segaon APMC,Wheat,Wheat,FAQ,2200,2200,2200,09/04/2026
Madhya Pradesh,Ujjain,Khachrod APMC,Wheat,Wheat,FAQ,1800,2610,2250,09/04/2026
Madhya Pradesh,Ujjain,Unhel APMC,Wheat,Wheat,FAQ,1400,5321,2225,09/04/2026
Madhya Pradesh,Dewas,Kannod APMC,Wheat,Wheat,FAQ,2100,2620,2310,09/04/2026
Madhya Pradesh,Dewas,Haatpipliya APMC,Wheat,Wheat,Non-FAQ,1500,2930,2200,09/04/2026
Madhya Pradesh,Dewas,Bagli APMC,Wheat,Mill Quality,Non-FAQ,2211,2740,2300,09/04/2026
Madhya Pradesh,Mandsaur,Piplya APMC,Wheat,Lokwan,FAQ,2251,2615,2390,09/04/2026
Madhya Pradesh,Mandsaur,Shamgarh APMC,Wheat,Wheat Mix,Non-FAQ,2240,2240,2240,09/04/2026
Madhya Pradesh,Mandsaur,Shamgarh APMC,Wheat,Wheat,Non-FAQ,2140,2600,2260,09/04/2026
Madhya Pradesh,Ratlam,Ratlam APMC,Wheat,Wheat,Non-FAQ,2100,2700,2550,09/04/2026
Madhya Pradesh,Ratlam,Sailana APMC,Wheat,Wheat,FAQ,1876,3340,2350,09/04/2026
Madhya Pradesh,Ratlam,Taal APMC,Wheat,Mill Quality,Non-FAQ,2150,2280,2280,09/04/2026
Madhya Pradesh,Shajapur,Shajapur APMC,Wheat,Wheat,FAQ,1245,2800,2100,09/04/2026
Madhya Pradesh,Shajapur,Badod APMC,Wheat,Mill Quality,Non-FAQ,2051,2446,2140,09/04/2026
Madhya Pradesh,Datia,Datia APMC,Wheat,Wheat,Non-FAQ,2241,2410,2315,09/04/2026
Madhya Pradesh,Gwalior,Lashkar APMC,Wheat,Wheat,Non-FAQ,2280,2350,2350,09/04/2026
Madhya Pradesh,Guna,Maksudangarh APMC,Wheat,Wheat,Non-FAQ,2091,2445,2160,09/04/2026
Madhya Pradesh,Guna,Raghogarh APMC,Wheat,Wheat,FAQ,2045,2470,2230,09/04/2026
Madhya Pradesh,Ashoknagar,Isagarh APMC,Wheat,Wheat,FAQ,2155,2420,2200,09/04/2026
Madhya Pradesh,Badwani,Sendhwa APMC,Wheat,Wheat,Non-FAQ,2025,2230,2230,09/04/2026
Madhya Pradesh,Jabalpur,Shahpura Bhitoni (F&V) APMC,Wheat,Mill Quality,FAQ,2223,2317,2317,09/04/2026
Madhya Pradesh,Datia,Bhander APMC,Wheat,Other,FAQ,2238,2371,2300,09/04/2026
Madhya Pradesh,Datia,Bhander APMC,Wheat,Mill Quality,FAQ,2190,2370,2285,09/04/2026
Madhya Pradesh,Bhopal,Bhopal APMC,Wheat,Lokwan,FAQ,2328,2328,2328,09/04/2026
Madhya Pradesh,Neemuch,Neemuch APMC,Wheat,Wheat,FAQ,2100,3250,2460,09/04/2026
Madhya Pradesh,Gwalior,Dabra APMC,Wheat,Other,FAQ,2240,2360,2240,09/04/2026
Madhya Pradesh,Vidisha,Ganjbasoda APMC,Wheat,Sharbati,FAQ,2320,4315,3900,09/04/2026
Madhya Pradesh,Vidisha,Ganjbasoda APMC,Wheat,Lokwan,FAQ,2272,2670,2670,09/04/2026
Madhya Pradesh,Katni,Katni APMC,Wheat,Wheat,FAQ,2200,2200,2200,09/04/2026
Madhya Pradesh,Sehore,Ashta APMC,Wheat,Wheat,FAQ,2000,4611,2400,09/04/2026
Madhya Pradesh,Sehore,Sehore APMC,Wheat,Lokwan,FAQ,2051,4401,2650,09/04/2026
Madhya Pradesh,Raisen,Raisen APMC,Wheat,Mill Quality,FAQ,2131,2597,2370,09/04/2026
Madhya Pradesh,Dhar,Dhar APMC,Wheat,Lokwan,FAQ,2165,2600,2550,09/04/2026
Madhya Pradesh,Dhar,Dhar APMC,Wheat,Mill Quality,Non-FAQ,2075,2275,2275,09/04/2026
Madhya Pradesh,Khargone,Khargone APMC,Wheat,Wheat,FAQ,1900,2696,2300,09/04/2026
Madhya Pradesh,Mandsaur,Mandsaur APMC,Wheat,Wheat,Non-FAQ,1601,3172,2200,09/04/2026
Madhya Pradesh,Burhanpur,Burhanpur APMC,Wheat,Wheat,FAQ,2064,2184,2184,09/04/2026
Madhya Pradesh,Burhanpur,Burhanpur APMC,Wheat,Wheat,Non-FAQ,1800,2235,2235,09/04/2026
Madhya Pradesh,Burhanpur,Burhanpur APMC,Wheat,Lokwan,FAQ,2000,2111,2100,09/04/2026
Madhya Pradesh,Chhatarpur,Chhatarpur APMC,Wheat,Mill Quality,FAQ,2250,2250,2250,09/04/2026
Madhya Pradesh,Mandla,Mandla APMC,Wheat,Local,FAQ,2000,2001,2001,09/04/2026
Madhya Pradesh,Betul,Multai APMC,Wheat,Mill Quality,Non-FAQ,2425,2425,2425,09/04/2026
Madhya Pradesh,Dhar,Kukshi APMC,Wheat,Wheat,FAQ,2100,2660,2200,09/04/2026
Madhya Pradesh,Ujjain,Mahidpur APMC,Wheat,Wheat,Non-FAQ,1500,2039,2039,09/04/2026
Madhya Pradesh,Ujjain,Mahidpur APMC,Wheat,Wheat,FAQ,1705,2969,2300,09/04/2026
Uttar Pradesh,Banda,Atarra APMC,Wheat,Dara,FAQ,2600,2600,2600,09/04/2026
Uttar Pradesh,Maharajganj,Anandnagar APMC,Wheat,Dara,FAQ,2250,2300,2255.68,09/04/2026
Uttar Pradesh,Gorakhpur,Gorakhpur APMC,Wheat,Dara,FAQ,2350,2550,2422.86,09/04/2026
Uttar Pradesh,Gorakhpur,Gorakhpur APMC,Wheat,Wheat-Organic,FAQ,2350,2350,2350,09/04/2026
Uttar Pradesh,Gorakhpur,Gorakhpur APMC,Wheat,Hybrid,FAQ,2350,2360,2356.9,09/04/2026
Uttar Pradesh,Kasganj,Ganj Dundwara APMC,Wheat,Other,FAQ,2585,2585,2585,09/04/2026
Uttar Pradesh,Bahraich,Mihipurwa APMC,Wheat,Dara,FAQ,2400,2400,2400,09/04/2026
Uttar Pradesh,Khiri (Lakhimpur),Maigalganj APMC,Wheat,Dara,FAQ,2250,2270,2256.36,09/04/2026
Uttar Pradesh,Khiri (Lakhimpur),Maigalganj APMC,Wheat,Wheat-Organic,FAQ,2380,2380,2380,09/04/2026
Uttar Pradesh,Sant Kabir Nagar,Khalilabad APMC,Wheat,Other,FAQ,2450,2450,2450,09/04/2026
Uttar Pradesh,Jalaun (Orai),Ait APMC,Wheat,147 Average,FAQ,2585,2585,2585,09/04/2026
Uttar Pradesh,Bareilly,Anwala APMC,Wheat,Dara,FAQ,2400,2400,2400,09/04/2026
Uttar Pradesh,Badaun,Dataganj APMC,Wheat,Medium,FAQ,2450,2450,2450,09/04/2026
Uttar Pradesh,Badaun,Dataganj APMC,Wheat,Dara,FAQ,2450,2450,2450,09/04/2026
Uttar Pradesh,Mahoba,Charkhari APMC,Wheat,Dara,FAQ,2590,2590,2590,09/04/2026
Uttar Pradesh,Muzaffarnagar,Shahpur APMC,Wheat,Dara,FAQ,2531,2531,2531,09/04/2026
Uttar Pradesh,Shahjahanpur,Meeranpur Katra APMC,Wheat,Other,FAQ,2280,2300,2282,09/04/2026
Uttar Pradesh,Agra,Jagnair APMC,Wheat,Medium,FAQ,2400,2405,2401.89,09/04/2026
Uttar Pradesh,Bahraich,Risia APMC,Wheat,Local,FAQ,2250,2250,2250,09/04/2026
Uttar Pradesh,Hardoi,Hardoi APMC,Wheat,Mill Quality,FAQ,2350,2350,2350,09/04/2026
Uttar Pradesh,Hardoi,Hardoi APMC,Wheat,Other,FAQ,2250,2250,2250,09/04/2026
Uttar Pradesh,Mainpuri,Mainpuri APMC,Wheat,Medium,FAQ,2300,2300,2300,09/04/2026
Uttar Pradesh,Mainpuri,Mainpuri APMC,Wheat,Dara,FAQ,2300,2300,2300,09/04/2026
Uttar Pradesh,Pillibhit,Pilibhit APMC,Wheat,Dara,FAQ,2300,2428,2359.44,09/04/2026
Uttar Pradesh,Shahjahanpur,Shahjahanpur APMC,Wheat,PBW-343,FAQ,2300,2300,2300,09/04/2026
Uttar Pradesh,Sitapur,Sitapur APMC,Wheat,Dara,Local,2300,2350,2330,09/04/2026
Uttar Pradesh,Maharajganj,Partaval APMC,Wheat,Dara,FAQ,2200,2550,2211.36,09/04/2026
Uttar Pradesh,Fatehpur,Fatehpur APMC,Wheat,Other,FAQ,2400,2400,2400,09/04/2026
Uttar Pradesh,Lakhimpur,Golagokarnath APMC,Wheat,2329,FAQ,2280,2280,2280,09/04/2026
Uttar Pradesh,Lakhimpur,Golagokarnath APMC,Wheat,PBW-343,FAQ,2280,2280,2280,09/04/2026
Uttar Pradesh,Lakhimpur,Golagokarnath APMC,Wheat,147 Average,FAQ,2280,2280,2280,09/04/2026
Uttar Pradesh,Sitapur,Hargaon (Laharpur) APMC,Wheat,Dara,Local,2400,2400,2400,09/04/2026
Uttar Pradesh,Prayagraj,Jasra APMC,Wheat,Medium,FAQ,2300,2300,2300,09/04/2026
Uttar Pradesh,Jhansi,Jhansi APMC,Wheat,Dara Mill Quality,FAQ,2305,2305,2305,09/04/2026
Uttar Pradesh,Kanpur Dehat,Jhijhank APMC,Wheat,Dara,FAQ,2280,2285,2280.19,09/04/2026
Uttar Pradesh,Chitrakut,Karvi APMC,Wheat,Deshi,FAQ,2585,2585,2585,09/04/2026
Uttar Pradesh,Mathura,Kosikalan APMC,Wheat,Dara,Grade Range-1,2500,2600,2550,09/04/2026
Uttar Pradesh,Mahoba,Mahoba APMC,Wheat,Dara,FAQ,2585,2590,2586.82,09/04/2026
Uttar Pradesh,Mathura,Mathura APMC,Wheat,Deshi,FAQ,2400,2405,2404.16,09/04/2026
Uttar Pradesh,Mathura,Mathura APMC,Wheat,Medium,FAQ,2400,2405,2400.14,09/04/2026
Uttar Pradesh,Bahraich,Naanpara APMC,Wheat,Dara,FAQ,2300,2300,2300,09/04/2026
Uttar Pradesh,Maharajganj,Nautnava APMC,Wheat,Sharbati,FAQ,2250,2250,2250,09/04/2026
Uttar Pradesh,Lakhimpur,Paliakala APMC,Wheat,Other,FAQ,2300,2300,2300,09/04/2026
Uttar Pradesh,Shravasti,Payagpur APMC,Wheat,Medium,FAQ,2425,2425,2425,09/04/2026
Uttar Pradesh,Prayagraj,Prayagraj APMC,Wheat,Dara,FAQ,2250,2250,2250,09/04/2026
Uttar Pradesh,Pillibhit,Puranpur APMC,Wheat,147 Best,FAQ,2300,2300,2300,09/04/2026
Uttar Pradesh,Pillibhit,Puranpur APMC,Wheat,PBW-343,FAQ,2300,2300,2300,09/04/2026
Uttar Pradesh,Pillibhit,Puranpur APMC,Wheat,Dara,FAQ,2300,2315,2300.51,09/04/2026
Uttar Pradesh,Raebarelli,Raibareilly APMC,Wheat,White,FAQ,2410,2410,2410,09/04/2026
Uttar Pradesh,Ayodhya,Rudauli APMC,Wheat,Dara,FAQ,2450,2450,2450,09/04/2026
Uttar Pradesh,Kanpur Dehat,Rura APMC,Wheat,Medium,FAQ,2300,2300,2300,09/04/2026
Uttar Pradesh,Kanpur Dehat,Rura APMC,Wheat,Dara,FAQ,2300,2300,2300,09/04/2026
Uttar Pradesh,Siddharth Nagar,Sahiyapur APMC,Wheat,Medium,FAQ,2430,2430,2430,09/04/2026
Uttar Pradesh,Hardoi,Sandi APMC,Wheat,Dara,FAQ,2300,2300,2300,09/04/2026
Uttar Pradesh,Amethi,Sultanpur APMC,Wheat,Other,FAQ,2450,2450,2450,09/04/2026
Uttar Pradesh,Shahjahanpur,Tilhar APMC,Wheat,Other,FAQ,2300,2300,2300,09/04/2026
Uttar Pradesh,Unnao,Unnao APMC,Wheat,Other,FAQ,2590,2590,2590,09/04/2026
Uttar Pradesh,Kanpur,Uttaripura APMC,Wheat,Medium,FAQ,2550,2550,2550,09/04/2026
Uttar Pradesh,Hardoi,Sandila APMC,Wheat,Dara,FAQ,2350,2450,2378.89,09/04/2026
Uttar Pradesh,Jalaun (Orai),Orai APMC,Wheat,Other,FAQ,2585,2585,2585,09/04/2026
Uttar Pradesh,Azamgarh,Azamgarh APMC,Wheat,Other,FAQ,2425,2585,2516.78,09/04/2026
Uttar Pradesh,Bahraich,Bahraich APMC,Wheat,Other,FAQ,2430,2430,2430,09/04/2026
Uttar Pradesh,Unnao,Bangarmau APMC,Wheat,Sharbati,FAQ,2300,2300,2300,09/04/2026
Uttar Pradesh,Barabanki,Barabanki APMC,Wheat,2329,FAQ,2480,2480,2480,09/04/2026
Uttar Pradesh,Basti,Basti APMC,Wheat,Other,FAQ,2450,2450,2450,09/04/2026
Uttar Pradesh,Etawah,Bharthna APMC,Wheat,Other,FAQ,2560,2560,2560,09/04/2026
Uttar Pradesh,Pillibhit,Bishalpur APMC,Wheat,Other,FAQ,2300,2306,2302.43,09/04/2026
Uttar Pradesh,Sitapur,Viswan APMC,Wheat,Dara,FAQ,2300,2300,2300,09/04/2026
Uttar Pradesh,Sitapur,Viswan APMC,Wheat,Deshi,FAQ,2300,2300,2300,09/04/2026
Uttar Pradesh,Gautam Budh Nagar,Dadri APMC,Wheat,Deshi,FAQ,2590,2595,2590.98,09/04/2026
Uttar Pradesh,Deoria,Devariya APMC,Wheat,Other,FAQ,2375,2380,2376.92,09/04/2026
Uttar Pradesh,Gonda,Colonelganj APMC,Wheat,Dara,FAQ,2450,2450,2450,09/04/2026
Uttar Pradesh,Gonda,Colonelganj APMC,Wheat,Dara Mill Quality,FAQ,2450,2450,2450,09/04/2026
Uttar Pradesh,Shahjahanpur,Powayan APMC,Wheat,PBW-154,FAQ,2300,2300,2300,09/04/2026
Uttar Pradesh,Shahjahanpur,Powayan APMC,Wheat,Medium Fine,FAQ,2300,2300,2300,09/04/2026
Uttar Pradesh,Sambhal,Bhehjoi APMC,Wheat,Mill Quality,FAQ,2590,2592,2590.38,09/04/2026
Uttar Pradesh,Shahjahanpur,Meeranpur Katra APMC,Wheat,Dara,FAQ,2280,2290,2280.84,09/04/2026
Uttar Pradesh,Hardoi,Hardoi APMC,Wheat,Sharbati,FAQ,2280,2280,2280,09/04/2026
Uttar Pradesh,Kanpur,Kanpur(Grain) APMC,Wheat,Dara Mill Quality,FAQ,2300,2300,2300,09/04/2026
Uttar Pradesh,Kanpur,Kanpur(Grain) APMC,Wheat,Deshi,FAQ,2300,2300,2300,09/04/2026
Uttar Pradesh,Lalitpur,Lalitpur APMC,Wheat,Medium,FAQ,2300,2446,2424.02,09/04/2026
Uttar Pradesh,Sambhal,Muradabad APMC,Wheat,Other,FAQ,2590,2590,2590,09/04/2026
Uttar Pradesh,Sitapur,Sitapur APMC,Wheat,Dara,FAQ,2300,2350,2315.14,09/04/2026
Uttar Pradesh,Maharajganj,Partaval APMC,Wheat,Other,FAQ,2200,2200,2200,09/04/2026
Uttar Pradesh,Maharajganj,Partaval APMC,Wheat,Red,FAQ,2200,2298,2202.59,09/04/2026
Uttar Pradesh,Agra,Achnera APMC,Wheat,Dara,FAQ,2310,2590,2404.19,09/04/2026
Uttar Pradesh,Unnao,Bangarmau APMC,Wheat,Dara,FAQ,2300,2300,2300,09/04/2026
Uttar Pradesh,Bareilly,Bareilly APMC,Wheat,Other,FAQ,2303,2304,2303.48,09/04/2026
Uttar Pradesh,Etawah,Bharthna APMC,Wheat,Dara,FAQ,2350,2350,2350,09/04/2026
Uttar Pradesh,Fatehpur,Bindki APMC,Wheat,Other,FAQ,2300,2300,2300,09/04/2026
Uttar Pradesh,Bulandshahar,Buland Shahr APMC,Wheat,Dara,FAQ,2585,2585,2585,09/04/2026
Uttar Pradesh,Gorakhpur,Chorichora APMC,Wheat,Dara,FAQ,2400,2410,2400.27,09/04/2026
Uttar Pradesh,Deoria,Devariya APMC,Wheat,Dara,FAQ,2375,2380,2376.99,09/04/2026
Uttar Pradesh,Mau(Maunathbhanjan),Doharighat APMC,Wheat,Dara,FAQ,2500,2500,2500,09/04/2026
Uttar Pradesh,Gorakhpur,Gorakhpur APMC,Wheat,Dara Mill Quality,FAQ,2350,2400,2371.96,09/04/2026
Uttar Pradesh,Gorakhpur,Sehjanwa APMC,Wheat,Dara,FAQ,2400,2412,2404.01,09/04/2026
Uttar Pradesh,Saharanpur,Nanuta APMC,Wheat,Other,FAQ,2600,2600,2600,09/04/2026
Uttar Pradesh,Kasganj,Ganj Dundwara APMC,Wheat,Dara,FAQ,2585,2585,2585,09/04/2026
Uttar Pradesh,Bahraich,Mihipurwa APMC,Wheat,Other,FAQ,2400,2400,2400,09/04/2026
Uttar Pradesh,Jalaun (Orai),Madhogarh APMC,Wheat,Local,FAQ,2590,2590,2590,09/04/2026
Uttar Pradesh,Shahjahanpur,Jalalabad APMC,Wheat,Mill Quality,FAQ,2300,2300,2300,09/04/2026
Uttar Pradesh,Shahjahanpur,Jalalabad APMC,Wheat,2329,FAQ,2300,2300,2300,09/04/2026
Uttar Pradesh,Hamirpur,Raath APMC,Wheat,Other,FAQ,2590,2590,2590,09/04/2026
Uttar Pradesh,Hamirpur,Raath APMC,Wheat,Deshi,FAQ,2590,2590,2590,09/04/2026
Uttar Pradesh,Siddharth Nagar,Bansi APMC,Wheat,Dara,FAQ,2350,2350,2350,09/04/2026
Uttar Pradesh,Khiri (Lakhimpur),Mohammdi APMC,Wheat,Other,FAQ,2300,2300,2300,09/04/2026
Uttar Pradesh,Rampur,Bilaspur APMC,Wheat,Dara,FAQ,2420,2595,2512.65,09/04/2026
Uttar Pradesh,Rampur,Bilaspur APMC,Wheat,Other,FAQ,2420,2425,2421.45,09/04/2026
Uttar Pradesh,Agra,Khairagarh APMC,Wheat,Dara,FAQ,2400,2440,2420,09/04/2026
Uttar Pradesh,Lakhimpur,Golagokarnath APMC,Wheat,Other,FAQ,2280,2370,2322.08,09/04/2026
Uttar Pradesh,Hathras,Haathras APMC,Wheat,Other,FAQ,2585,2590,2585.73,09/04/2026
Uttar Pradesh,Chitrakut,Karvi APMC,Wheat,Other,FAQ,2600,2600,2600,09/04/2026
Uttar Pradesh,Aligarh,Khair APMC,Wheat,Other,Grade Range-2,2150,2150,2150,09/04/2026
Uttar Pradesh,Jalaun (Orai),Konch APMC,Wheat,Other,FAQ,2585,2585,2585,09/04/2026
Uttar Pradesh,Hardoi,Madhoganj APMC,Wheat,Dara,FAQ,2280,2300,2286.63,09/04/2026
Uttar Pradesh,Lalitpur,Mehrauni APMC,Wheat,Dara,FAQ,2585,2585,2585,09/04/2026
Uttar Pradesh,Lalitpur,Mehrauni APMC,Wheat,Other,FAQ,2345,2345,2345,09/04/2026
Uttar Pradesh,Hamirpur,Maudaha APMC,Wheat,Kalawal,FAQ,2300,2300,2300,09/04/2026
Uttar Pradesh,Hamirpur,Maudaha APMC,Wheat,Deshi,FAQ,2300,2600,2429.95,09/04/2026
Uttar Pradesh,Hamirpur,Maudaha APMC,Wheat,Other,FAQ,2300,2305,2301.71,09/04/2026
Uttar Pradesh,Jhansi,Mauranipur APMC,Wheat,Medium,FAQ,2300,2300,2300,09/04/2026
Uttar Pradesh,Gonda,Nawabganj APMC,Wheat,Dara,FAQ,2350,2350,2350,09/04/2026
Uttar Pradesh,Lakhimpur,Paliakala APMC,Wheat,Dara,FAQ,2300,2300,2300,09/04/2026
Uttar Pradesh,Pillibhit,Puranpur APMC,Wheat,Dara Mill Quality,FAQ,2300,2300,2300,09/04/2026
Uttar Pradesh,Siddharth Nagar,Sahiyapur APMC,Wheat,Other,FAQ,2430,2430,2430,09/04/2026
Uttar Pradesh,Khiri (Lakhimpur),Tikonia APMC,Wheat,Dara,FAQ,2300,2400,2303.02,09/04/2026
Uttar Pradesh,Firozabad,Tundla APMC,Wheat,Medium,FAQ,2550,2550,2550,09/04/2026
Uttar Pradesh,Badaun,Ujhani APMC,Wheat,Other,FAQ,2450,2450,2450,09/04/2026
Uttar Pradesh,Kanpur,Uttaripura APMC,Wheat,Other,FAQ,2550,2550,2550,09/04/2026
Uttar Pradesh,Ambedkarnagar,Tanda Akbarpur APMC,Wheat,Hybrid,FAQ,2425,2425,2425,09/04/2026
Uttar Pradesh,Badaun,Wazirganj APMC,Wheat,Hybrid,FAQ,2410,2410,2410,09/04/2026
Uttar Pradesh,Sitapur,Maholi APMC,Wheat,Dara,FAQ,2300,2310,2300.75,09/04/2026
Uttar Pradesh,Bijnor,Dhampur APMC,Wheat,Other,FAQ,2600,2600,2600,09/04/2026
Uttar Pradesh,Siddharth Nagar,Shohratgarh APMC,Wheat,Dara,FAQ,2350,2400,2366.35,09/04/2026
Uttar Pradesh,Firozabad,Firozabad APMC,Wheat,Hybrid,FAQ,2585,2585,2585,09/04/2026
Uttar Pradesh,Gonda,Gonda APMC,Wheat,Dara,FAQ,2400,2400,2400,09/04/2026
Uttar Pradesh,Kushinagar,Kushinagar APMC,Wheat,Dara,FAQ,2350,2350,2350,09/04/2026
Uttar Pradesh,Kushinagar,Kushinagar APMC,Wheat,Other,FAQ,2350,2585,2426.87,09/04/2026
Uttar Pradesh,Shahjahanpur,Powayan APMC,Wheat,PBW-343,FAQ,2311,2311,2311,09/04/2026
Uttar Pradesh,Shahjahanpur,Powayan APMC,Wheat,2329,FAQ,2310,2310,2310,09/04/2026
Uttar Pradesh,Shahjahanpur,Powayan APMC,Wheat,Other,FAQ,2300,2400,2318.49,09/04/2026
Uttar Pradesh,Fatehpur,Fatehpur APMC,Wheat,Medium,FAQ,2400,2400,2400,09/04/2026
Uttar Pradesh,Jhansi,Gurusarai APMC,Wheat,Other,FAQ,2585,2585,2585,09/04/2026
Uttar Pradesh,Jhansi,Gurusarai APMC,Wheat,Hybrid,FAQ,2585,2585,2585,09/04/2026
Uttar Pradesh,Ghaziabad,Hapur APMC,Wheat,Other,FAQ,2600,2600,2600,09/04/2026
Uttar Pradesh,Jhansi,Jhansi APMC,Wheat,Mill Quality,FAQ,2585,2585,2585,09/04/2026
Uttar Pradesh,Kasganj,Kasganj APMC,Wheat,Other,FAQ,2585,2585,2585,09/04/2026
Uttar Pradesh,Mathura,Kosikalan APMC,Wheat,Dara,FAQ,2450,2450.1,2450.01,09/04/2026
Uttar Pradesh,Mathura,Kosikalan APMC,Wheat,Other,FAQ,2450,2450.78,2450.21,09/04/2026
Uttar Pradesh,Mathura,Kosikalan APMC,Wheat,Medium,FAQ,2450,2450,2450,09/04/2026
Uttar Pradesh,Hamirpur,Kurara APMC,Wheat,Dara Mill Quality,FAQ,2590,2590,2590,09/04/2026
Uttar Pradesh,Prayagraj,Lediyari APMC,Wheat,Dara,FAQ,2400,2600,2585,09/04/2026
Uttar Pradesh,Hardoi,Madhoganj APMC,Wheat,Dara Mill Quality,FAQ,2280,2280,2280,09/04/2026
Uttar Pradesh,Mathura,Mathura APMC,Wheat,Dara,FAQ,2400,2411,2401.71,09/04/2026
Uttar Pradesh,Hamirpur,Maudaha APMC,Wheat,Dara Mill Quality,FAQ,2300,2300,2300,09/04/2026
Uttar Pradesh,Hamirpur,Maudaha APMC,Wheat,Medium,FAQ,2300,2300,2300,09/04/2026
Uttar Pradesh,Hamirpur,Maudaha APMC,Wheat,Dara,FAQ,2300,2300,2300,09/04/2026
Uttar Pradesh,Jhansi,Mauranipur APMC,Wheat,Dara,FAQ,2300,2300,2300,09/04/2026
Uttar Pradesh,Mirzapur,Mirzapur APMC,Wheat,Medium,FAQ,2500,2500,2500,09/04/2026
Uttar Pradesh,Hamirpur,Muskara APMC,Wheat,Other,FAQ,2585,2585,2585,09/04/2026
Uttar Pradesh,Bahraich,Naanpara APMC,Wheat,Other,FAQ,2300,2300,2300,09/04/2026
Uttar Pradesh,Prayagraj,Prayagraj APMC,Wheat,Hybrid,FAQ,2250,2250,2250,09/04/2026
Uttar Pradesh,Pillibhit,Puranpur APMC,Wheat,147 Average,FAQ,2300,2300,2300,09/04/2026
Uttar Pradesh,Pillibhit,Puranpur APMC,Wheat,Other,FAQ,2300,2310,2300.4,09/04/2026
Uttar Pradesh,Rampur,Rampur APMC,Wheat,Other,FAQ,2590,2605,2598.81,09/04/2026
Uttar Pradesh,Sonbhadra,Robertsganj APMC,Wheat,Other,FAQ,2400,2400,2400,09/04/2026
Uttar Pradesh,Barabanki,Safdarganj APMC,Wheat,Dara,FAQ,2400,2500,2404.47,09/04/2026
Uttar Pradesh,Siddharth Nagar,Sahiyapur APMC,Wheat,Dara,FAQ,2430,2450,2432.71,09/04/2026
Uttar Pradesh,Raebarelli,Salon APMC,Wheat,Dara,FAQ,2585,2595,2590,09/04/2026
Uttar Pradesh,Amethi,Sultanpur APMC,Wheat,Dara,FAQ,2450,2450,2450,09/04/2026
Uttar Pradesh,Badaun,Ujhani APMC,Wheat,Dara,FAQ,2450,2450,2450,09/04/2026
Uttar Pradesh,Unnao,Unnao APMC,Wheat,Dara,FAQ,2500,2500,2500,09/04/2026
Uttar Pradesh,Sitapur,Mishrit APMC,Wheat,Dara,FAQ,2400,2400,2400,09/04/2026
Uttar Pradesh,Balrampur,Utraula APMC,Wheat,Dara,FAQ,2405,2405,2405,09/04/2026
Uttar Pradesh,Bahraich,Bahraich APMC,Wheat,Hybrid,FAQ,2430,2460,2437.96,09/04/2026
Uttar Pradesh,Ballia,Ballia APMC,Wheat,Other,FAQ,2600,2600,2600,09/04/2026
Uttar Pradesh,Balrampur,Balrampur APMC,Wheat,Deshi,FAQ,2300,2300,2300,09/04/2026
Uttar Pradesh,Banda,Banda APMC,Wheat,Other,FAQ,2600,2600,2600,09/04/2026
Uttar Pradesh,Bareilly,Bareilly APMC,Wheat,Dara,FAQ,2300,2310,2300.61,09/04/2026
Uttar Pradesh,Basti,Basti APMC,Wheat,Medium,FAQ,2450,2450,2450,09/04/2026
Uttar Pradesh,Etawah,Bharthna APMC,Wheat,Medium,FAQ,2350,2350,2350,09/04/2026
Uttar Pradesh,Gorakhpur,Chorichora APMC,Wheat,Other,FAQ,2400,2400,2400,09/04/2026
Uttar Pradesh,Jhansi,Chirgaon APMC,Wheat,Dara Mill Quality,FAQ,2590,2595,2590.98,09/04/2026
Uttar Pradesh,Deoria,Devariya APMC,Wheat,Medium,FAQ,2400,2400,2400,09/04/2026
Uttar Pradesh,Farukhabad,Farukhabad APMC,Wheat,Dara,FAQ,2500,2500,2500,09/04/2026
Uttar Pradesh,Shahjahanpur,Meeranpur Katra APMC,Wheat,Medium,FAQ,2280,2300,2290.51,09/04/2026
Uttar Pradesh,Maharajganj,Gadaura APMC,Wheat,Dara,FAQ,2400,2400,2400,09/04/2026
Uttar Pradesh,Lakhimpur,Lakhimpur APMC,Wheat,Dara,FAQ,2300,2320,2302.59,09/04/2026
Uttar Pradesh,Lalitpur,Lalitpur APMC,Wheat,Other,FAQ,2300,2600,2304.6,09/04/2026
Uttar Pradesh,Shahjahanpur,Shahjahanpur APMC,Wheat,Medium Fine,FAQ,2300,2300,2300,09/04/2026
Uttar Pradesh,Varanasi,Varanasi APMC,Wheat,Dara,FAQ,2425,2427,2426.01,09/04/2026
Uttar Pradesh,Shravasti,Bhinga APMC,Wheat,PBW-343,FAQ,2435,2435,2435,09/04/2026
Uttar Pradesh,Shravasti,Bhinga APMC,Wheat,Deshi,FAQ,2585,2585,2585,09/04/2026
Uttar Pradesh,Shravasti,Bhinga APMC,Wheat,Other,FAQ,2430,2430,2430,09/04/2026
Uttar Pradesh,Shravasti,Bhinga APMC,Wheat,Dara,FAQ,2430,2438,2430.26,09/04/2026
Uttar Pradesh,Maharajganj,Anandnagar APMC,Wheat,Wheat-Organic,FAQ,2250,2250,2250,09/04/2026
Uttar Pradesh,Etawah,Jasvantnagar APMC,Wheat,Dara,FAQ,2350,2355,2352.06,09/04/2026
Uttar Pradesh,Badaun,Islam Nagar APMC,Wheat,PBW-343,FAQ,2400,2400,2400,09/04/2026
Uttar Pradesh,Badaun,Islam Nagar APMC,Wheat,Medium,FAQ,2350,2350,2350,09/04/2026
Uttar Pradesh,Badaun,Islam Nagar APMC,Wheat,Other,FAQ,2350,2350,2350,09/04/2026
Uttar Pradesh,Jalaun (Orai),Madhogarh APMC,Wheat,Dara,FAQ,2590,2590,2590,09/04/2026
Uttar Pradesh,Shahjahanpur,Jalalabad APMC,Wheat,Deshi,FAQ,2300,2300,2300,09/04/2026
Uttar Pradesh,Shahjahanpur,Jalalabad APMC,Wheat,Local,FAQ,2300,2300,2300,09/04/2026
Uttar Pradesh,Chitrakut,Mau(Chitrakut) APMC,Wheat,Dara Mill Quality,FAQ,2300,2300,2300,09/04/2026
Uttar Pradesh,Chitrakut,Mau(Chitrakut) APMC,Wheat,Other,FAQ,2300,2300,2300,09/04/2026
Uttar Pradesh,Kanpur Dehat,Pukharayan APMC,Wheat,Dara,FAQ,2300,2400,2305.24,09/04/2026
Uttar Pradesh,Badaun,Dataganj APMC,Wheat,Wheat-Organic,FAQ,2450,2450,2450,09/04/2026
Uttar Pradesh,Siddharth Nagar,Shohratgarh APMC,Wheat,Medium,FAQ,2350,2350,2350,09/04/2026
Uttar Pradesh,Siddharth Nagar,Shohratgarh APMC,Wheat,Other,FAQ,2350,2350,2350,09/04/2026
Uttar Pradesh,Kushinagar,Kushinagar APMC,Wheat,Deshi,FAQ,2600,2600,2600,09/04/2026
Uttar Pradesh,Bulandshahar,Sikanderabad APMC,Wheat,Medium,FAQ,2588,2590,2589.11,09/04/2026
Uttar Pradesh,Shahjahanpur,Powayan APMC,Wheat,UP 308,FAQ,2300,2300,2300,09/04/2026
Uttar Pradesh,Shahjahanpur,Powayan APMC,Wheat,PBW-138,FAQ,2300,2300,2300,09/04/2026
Uttar Pradesh,Ambedkarnagar,Akbarpur APMC,Wheat,Dara,FAQ,2450,2450,2450,09/04/2026
Uttar Pradesh,Kaushambi,Bharwari APMC,Wheat,Dara,FAQ,2400,2400,2400,09/04/2026
Uttar Pradesh,Sambhal,Bhehjoi APMC,Wheat,Other,FAQ,2590,2590,2590,09/04/2026
Uttar Pradesh,Bahraich,Risia APMC,Wheat,Other,FAQ,2250,2250,2250,09/04/2026
Uttar Pradesh,Hardoi,Hardoi APMC,Wheat,Dara Mill Quality,FAQ,2250,2250,2250,09/04/2026
Uttar Pradesh,Hardoi,Hardoi APMC,Wheat,Dara,FAQ,2250,2400,2267.75,09/04/2026
Uttar Pradesh,Jaunpur,Jaunpur APMC,Wheat,Dara Mill Quality,FAQ,2350,2355,2352.04,09/04/2026
Uttar Pradesh,Sambhal,Muradabad APMC,Wheat,Dara Mill Quality,FAQ,2585,2585,2585,09/04/2026
Uttar Pradesh,Pillibhit,Pilibhit APMC,Wheat,147 Average,FAQ,2350,2350,2350,09/04/2026
Uttar Pradesh,Shahjahanpur,Shahjahanpur APMC,Wheat,Medium,FAQ,2300,2330,2308.26,09/04/2026
Uttar Pradesh,Shahjahanpur,Shahjahanpur APMC,Wheat,Local,FAQ,2300,2300,2300,09/04/2026
Uttar Pradesh,Shahjahanpur,Shahjahanpur APMC,Wheat,Dara,FAQ,2300,2310,2300.11,09/04/2026
Uttar Pradesh,Sitapur,Sitapur APMC,Wheat,Other,FAQ,2300,2300,2300,09/04/2026
Uttar Pradesh,Sitapur,Sitapur APMC,Wheat,Medium,FAQ,2300,2300,2300,09/04/2026
Uttar Pradesh,Jhansi,Gurusarai APMC,Wheat,PDW-233,FAQ,2585,2585,2585,09/04/2026
Uttar Pradesh,Hathras,Haathras APMC,Wheat,Dara,FAQ,2585,2585,2585,09/04/2026
Uttar Pradesh,Amethi,Jafarganj APMC,Wheat,Dara,FAQ,2300,2315,2306.35,09/04/2026
Uttar Pradesh,Raebarelli,Jayas APMC,Wheat,Dara,FAQ,2300,2325,2304.87,09/04/2026
Uttar Pradesh,Jalaun (Orai),Jalaun APMC,Wheat,Dara Mill Quality,FAQ,2585,2585,2585,09/04/2026
Uttar Pradesh,Ghazipur,Jangipura APMC,Wheat,Other,FAQ,2425,2425,2425,09/04/2026
Uttar Pradesh,Jalaun (Orai),Kadaura APMC,Wheat,Super Fine,FAQ,2585,2585,2585,09/04/2026
Uttar Pradesh,Jalaun (Orai),Kadaura APMC,Wheat,Other,FAQ,2585,2585,2585,09/04/2026
Uttar Pradesh,Farukhabad,Kayamganj APMC,Wheat,Dara,FAQ,2500,2500,2500,09/04/2026
Uttar Pradesh,Jalaun (Orai),Kalpi APMC,Wheat,Dara,FAQ,2585,2585,2585,09/04/2026
Uttar Pradesh,Kasganj,Kasganj APMC,Wheat,Medium,FAQ,2585,2585,2585,09/04/2026
Uttar Pradesh,Kasganj,Kasganj APMC,Wheat,Dara,FAQ,2585,2585,2585,09/04/2026
Uttar Pradesh,Aligarh,Khair APMC,Wheat,Dara,FAQ,2278.08,2281,2279.66,09/04/2026
Uttar Pradesh,Aligarh,Khair APMC,Wheat,Hybrid,FAQ,2278,2278,2278,09/04/2026
Uttar Pradesh,Aligarh,Khair APMC,Wheat,Deshi,FAQ,2278,2278,2278,09/04/2026
Uttar Pradesh,Mathura,Mathura APMC,Wheat,Local,FAQ,2400,2408,2402.62,09/04/2026
Uttar Pradesh,Mathura,Mathura APMC,Wheat,Other,FAQ,2400,2400,2400,09/04/2026
Uttar Pradesh,Mathura,Mathura APMC,Wheat,Medium Fine,FAQ,2401,2401,2401,09/04/2026
Uttar Pradesh,Jhansi,Mauranipur APMC,Wheat,Other,FAQ,2300,2300,2300,09/04/2026
Uttar Pradesh,Muzaffarnagar,Muzzafarnagar APMC,Wheat,Other,FAQ,2500,2500,2500,09/04/2026
Uttar Pradesh,Gonda,Nawabganj APMC,Wheat,Other,FAQ,2325,2325,2325,09/04/2026
Uttar Pradesh,Balrampur,Panchpedwa APMC,Wheat,Dara,FAQ,2450,2550,2500,09/04/2026
Uttar Pradesh,Shravasti,Payagpur APMC,Wheat,PBW-343,FAQ,2425,2425,2425,09/04/2026
Uttar Pradesh,Kanpur Dehat,Rura APMC,Wheat,Other,FAQ,2300,2300,2300,09/04/2026
Uttar Pradesh,Siddharth Nagar,Sahiyapur APMC,Wheat,Wheat-Organic,FAQ,2430,2430,2430,09/04/2026
Uttar Pradesh,Jaunpur,Shahganj APMC,Wheat,Dara,FAQ,2350,2350,2350,09/04/2026
Uttar Pradesh,Hathras,Sikandraraau APMC,Wheat,Dara,FAQ,2585,2585,2585,09/04/2026
Uttar Pradesh,Amethi,Sultanpur APMC,Wheat,Deshi,FAQ,2451,2460,2455.51,09/04/2026
Uttar Pradesh,Shahjahanpur,Tilhar APMC,Wheat,Dara,FAQ,2300,2300,2300,09/04/2026
Uttar Pradesh,Balrampur,Tulsipur APMC,Wheat,Dara,FAQ,2400,2450,2425,09/04/2026
Uttar Pradesh,Firozabad,Tundla APMC,Wheat,Local,FAQ,2550,2550,2550,09/04/2026
Uttar Pradesh,Firozabad,Tundla APMC,Wheat,Dara,FAQ,2550,2550,2550,09/04/2026
Uttar Pradesh,Unnao,Unnao APMC,Wheat,Dara Mill Quality,FAQ,2450,2450,2450,09/04/2026
Uttar Pradesh,Badaun,Wazirganj APMC,Wheat,Super Fine,FAQ,2410,2410,2410,09/04/2026
Uttar Pradesh,Badaun,Wazirganj APMC,Wheat,Sonalika,FAQ,2410,2410,2410,09/04/2026
Uttar Pradesh,Hardoi,Sandila APMC,Wheat,Dara Mill Quality,FAQ,2360,2360,2360,09/04/2026
Uttar Pradesh,Balrampur,Utraula APMC,Wheat,Other,FAQ,2405,2405,2405,09/04/2026
Uttar Pradesh,Ayodhya,Ayodhya APMC,Wheat,Deshi,FAQ,2300,2300,2300,09/04/2026
Uttar Pradesh,Ayodhya,Ayodhya APMC,Wheat,Medium,FAQ,2300,2300,2300,09/04/2026
Uttar Pradesh,Azamgarh,Azamgarh APMC,Wheat,Dara,FAQ,2425,2470,2433.15,09/04/2026
Uttar Pradesh,Bahraich,Bahraich APMC,Wheat,Dara,FAQ,2430,2430,2430,09/04/2026
Uttar Pradesh,Balrampur,Balrampur APMC,Wheat,Dara,FAQ,2300,2300,2300,09/04/2026
Uttar Pradesh,Basti,Basti APMC,Wheat,Dara Mill Quality,FAQ,2450,2450,2450,09/04/2026
Uttar Pradesh,Basti,Basti APMC,Wheat,Dara,FAQ,2450,2550,2471.33,09/04/2026
Uttar Pradesh,Hamirpur,Bharuasumerpur APMC,Wheat,Medium,FAQ,2250,2250,2250,09/04/2026
Uttar Pradesh,Fatehpur,Bindki APMC,Wheat,Medium,FAQ,2300,2350,2340.16,09/04/2026
Uttar Pradesh,Fatehpur,Bindki APMC,Wheat,Dara,FAQ,2300,2310,2301.32,09/04/2026
Uttar Pradesh,Pillibhit,Bishalpur APMC,Wheat,Medium,FAQ,2310,2320,2313.33,09/04/2026
Uttar Pradesh,Sitapur,Viswan APMC,Wheat,Local,FAQ,2300,2300,2300,09/04/2026
Uttar Pradesh,Gautam Budh Nagar,Dankaur APMC,Wheat,Dara,FAQ,2585,2585,2585,09/04/2026
Uttar Pradesh,Deoria,Devariya APMC,Wheat,White,FAQ,2375,2390,2382.64,09/04/2026
Uttar Pradesh,Badaun,Badayoun APMC,Wheat,Dara,FAQ,2450,2450,2450,09/04/2026
Uttar Pradesh,Badaun,Badayoun APMC,Wheat,Other,FAQ,2450,2450,2450,09/04/2026
Uttar Pradesh,Gonda,Gonda APMC,Wheat,Local,FAQ,2400,2400,2400,09/04/2026
Uttar Pradesh,Bulandshahar,Sikanderabad APMC,Wheat,Hybrid,FAQ,2588,2588,2588,09/04/2026
Uttar Pradesh,Saharanpur,Saharanpur APMC,Wheat,Dara Mill Quality,FAQ,2486.57,2486.62,2486.6,09/04/2026
Uttar Pradesh,Badaun,Bisoli APMC,Wheat,Dara,FAQ,2350,2350,2350,09/04/2026
Uttar Pradesh,Shahjahanpur,Powayan APMC,Wheat,PBW-34,FAQ,2300,2300,2300,09/04/2026
Uttar Pradesh,Kanpur,Varipaal APMC,Wheat,Other,FAQ,2310,2320,2313.11,09/04/2026
Uttar Pradesh,Sambhal,Bhehjoi APMC,Wheat,Dara,Local,2500,2600,2595,09/04/2026
Uttar Pradesh,Raebarelli,Lalganj APMC,Wheat,Dara,FAQ,2400,2500,2450,09/04/2026
Uttar Pradesh,Bahraich,Mihipurwa APMC,Wheat,Hybrid,FAQ,2400,2400,2400,09/04/2026
Uttar Pradesh,Badaun,Islam Nagar APMC,Wheat,Dara,FAQ,2350,2350,2350,09/04/2026
Uttar Pradesh,Hamirpur,Raath APMC,Wheat,Medium,FAQ,2590,2590,2590,09/04/2026
Uttar Pradesh,Khiri (Lakhimpur),Maigalganj APMC,Wheat,2329,FAQ,2250,2250,2250,09/04/2026
Uttar Pradesh,Chitrakut,Mau(Chitrakut) APMC,Wheat,Deshi,FAQ,2300,2300,2300,09/04/2026
Uttar Pradesh,Unnao,Purwa APMC,Wheat,Dara,FAQ,2350,2350,2350,09/04/2026
Uttar Pradesh,Saharanpur,Gangoh APMC,Wheat,Medium,FAQ,2280,2280,2280,09/04/2026
Uttar Pradesh,Sant Kabir Nagar,Khalilabad APMC,Wheat,Dara,FAQ,2400,2400,2400,09/04/2026
Uttar Pradesh,Bareilly,Anwala APMC,Wheat,Other,FAQ,2400,2455,2418.85,09/04/2026
Uttar Pradesh,Agra,Fatehpur Sikri APMC,Wheat,Dara,FAQ,2300,2306,2301.81,09/04/2026
Uttar Pradesh,Siddharth Nagar,Naugarh APMC,Wheat,Dara,FAQ,2300,2400,2360.71,09/04/2026
Uttar Pradesh,Mahoba,Charkhari APMC,Wheat,Other,FAQ,2590,2590,2590,09/04/2026
Uttar Pradesh,Mahoba,Charkhari APMC,Wheat,Dara Mill Quality,FAQ,2590,2590,2590,09/04/2026
Uttar Pradesh,Mahoba,Charkhari APMC,Wheat,Deshi,FAQ,2590,2590,2590,09/04/2026
Uttar Pradesh,Shravasti,Bhinga APMC,Wheat,Medium,FAQ,2430,2430,2430,09/04/2026
Uttar Pradesh,Agra,Agra APMC,Wheat,Sharbati,FAQ,2725,2725,2725,09/04/2026
Uttar Pradesh,Auraiya,Auraiya APMC,Wheat,Other,FAQ,2250,2250,2250,09/04/2026
Uttar Pradesh,Mau(Maunathbhanjan),Kopaganj APMC,Wheat,Dara,FAQ,2585,2590,2586.12,09/04/2026
Uttar Pradesh,Agra,Jagnair APMC,Wheat,Dara,FAQ,2400,2400,2400,09/04/2026
Uttar Pradesh,Bahraich,Risia APMC,Wheat,Dara,FAQ,2250,2250,2250,09/04/2026
Uttar Pradesh,Bahraich,Rupaidiha APMC,Wheat,Dara,FAQ,2300,2300,2300,09/04/2026
Uttar Pradesh,Kanpur,Kanpur(Grain) APMC,Wheat,Dara,FAQ,2300,2305,2301.03,09/04/2026
Uttar Pradesh,Lakhimpur,Lakhimpur APMC,Wheat,Medium,FAQ,2300,2300,2300,09/04/2026
Uttar Pradesh,Lalitpur,Lalitpur APMC,Wheat,Mill Quality,FAQ,2300,2321,2306.63,09/04/2026
Uttar Pradesh,Lalitpur,Lalitpur APMC,Wheat,Deshi,FAQ,2300,2300,2300,09/04/2026
Uttar Pradesh,Lalitpur,Lalitpur APMC,Wheat,Dara Mill Quality,FAQ,2300,2319,2305.37,09/04/2026
Uttar Pradesh,Lalitpur,Lalitpur APMC,Wheat,Dara,FAQ,2300,3751,2340.12,09/04/2026
Uttar Pradesh,Mainpuri,Mainpuri APMC,Wheat,Other,FAQ,2300,2300,2300,09/04/2026
Uttar Pradesh,Pillibhit,Pilibhit APMC,Wheat,Other,FAQ,2300,2351,2324.1,09/04/2026
Uttar Pradesh,Shahjahanpur,Shahjahanpur APMC,Wheat,Dara Mill Quality,FAQ,2300,2300,2300,09/04/2026
Uttar Pradesh,Shahjahanpur,Shahjahanpur APMC,Wheat,Other,FAQ,2300,2450,2306.27,09/04/2026
Uttar Pradesh,Sitapur,Sitapur APMC,Wheat,Dara Mill Quality,FAQ,2300,2300,2300,09/04/2026
Uttar Pradesh,Varanasi,Varanasi APMC,Wheat,Deshi,FAQ,2425,2425,2425,09/04/2026
Uttar Pradesh,Gorakhpur,Gorakhpur APMC,Wheat,Other,FAQ,2350,2350,2350,09/04/2026
Uttar Pradesh,Amroha,Hasanpur APMC,Wheat,Other,FAQ,2590,2590,2590,09/04/2026
Uttar Pradesh,Gautam Budh Nagar,Jewar APMC,Wheat,Other,FAQ,2585,2585,2585,09/04/2026
Uttar Pradesh,Lucknow,Banthara APMC,Wheat,Dara,FAQ,2400,2450,2421.59,09/04/2026
Uttar Pradesh,Shahjahanpur,Jalalabad APMC,Wheat,Dara,FAQ,2300,2310,2305,09/04/2026
Uttar Pradesh,Shahjahanpur,Jalalabad APMC,Wheat,Other,FAQ,2300,2370,2309.17,09/04/2026
Uttar Pradesh,Shahjahanpur,Jalalabad APMC,Wheat,Dara Mill Quality,FAQ,2300,2350,2323.51,09/04/2026
Uttar Pradesh,Rampur,Milak APMC,Wheat,Other,FAQ,2400,2465,2429.51,09/04/2026
Uttar Pradesh,Rampur,Milak APMC,Wheat,Dara,FAQ,2400,2515,2444.99,09/04/2026
Uttar Pradesh,Khiri (Lakhimpur),Mohammdi APMC,Wheat,Dara,FAQ,2300,2310,2302.64,09/04/2026
Uttar Pradesh,Saharanpur,Gangoh APMC,Wheat,Other,FAQ,2300,2371,2326.03,09/04/2026
Uttar Pradesh,Bareilly,Baheri APMC,Wheat,Medium Fine,FAQ,2300,2300,2300,09/04/2026
Uttar Pradesh,Firozabad,Firozabad APMC,Wheat,Dara,FAQ,2585,2585,2585,09/04/2026
Uttar Pradesh,Shahjahanpur,Powayan APMC,Wheat,PBW-299,FAQ,2300,2300,2300,09/04/2026
Uttar Pradesh,Shahjahanpur,Powayan APMC,Wheat,PDW-233,FAQ,2300,2300,2300,09/04/2026
Uttar Pradesh,Shahjahanpur,Powayan APMC,Wheat,Medium,FAQ,2300,2300,2300,09/04/2026
Uttar Pradesh,Shahjahanpur,Powayan APMC,Wheat,Dara,FAQ,2300,2350,2305.66,09/04/2026
Uttar Pradesh,Prayagraj,Ajuha APMC,Wheat,Other,FAQ,2400,2400,2400,09/04/2026
Uttar Pradesh,Ambedkarnagar,Akbarpur APMC,Wheat,Other,FAQ,2450,2450,2450,09/04/2026
Uttar Pradesh,Bulandshahar,Gulavati APMC,Wheat,Other,FAQ,2587,2587,2587,09/04/2026
Uttar Pradesh,Fatehpur,Fatehpur APMC,Wheat,Hybrid,FAQ,2400,2400,2400,09/04/2026
Uttar Pradesh,Lakhimpur,Golagokarnath APMC,Wheat,Dara,FAQ,2280,2420,2312.98,09/04/2026
Uttar Pradesh,Ghaziabad,Hapur APMC,Wheat,Dara,FAQ,2600,2600,2600,09/04/2026
Uttar Pradesh,Jalaun (Orai),Jalaun APMC,Wheat,Mill Quality,FAQ,2585,2585,2585,09/04/2026
Uttar Pradesh,Jalaun (Orai),Jalaun APMC,Wheat,Other,FAQ,2585,2585,2585,09/04/2026
Uttar Pradesh,Jalaun (Orai),Kadaura APMC,Wheat,Dara,FAQ,2590,2590,2590,09/04/2026
Uttar Pradesh,Aligarh,Khair APMC,Wheat,Other,FAQ,2278,2320,2290.14,09/04/2026
Uttar Pradesh,Jalaun (Orai),Konch APMC,Wheat,Dara,FAQ,2585,2585,2585,09/04/2026
Uttar Pradesh,Sitapur,Mehmoodabad APMC,Wheat,Dara,FAQ,2300,2300,2300,09/04/2026
Uttar Pradesh,Sitapur,Mehmoodabad APMC,Wheat,Other,FAQ,2300,2320,2306.6,09/04/2026
Uttar Pradesh,Mathura,Mathura APMC,Wheat,PBW-343,FAQ,2400,2400,2400,09/04/2026
Uttar Pradesh,Mathura,Mathura APMC,Wheat,2329,FAQ,2401,2500,2438.52,09/04/2026
Uttar Pradesh,Maharajganj,Nautnava APMC,Wheat,Dara,FAQ,2250,2300,2255.05,09/04/2026
Uttar Pradesh,Gonda,Nawabganj APMC,Wheat,Medium,FAQ,2325,2325,2325,09/04/2026
Uttar Pradesh,Shravasti,Payagpur APMC,Wheat,PDW-233,FAQ,2425,2425,2425,09/04/2026
Uttar Pradesh,Shravasti,Payagpur APMC,Wheat,2329,FAQ,2425,2425,2425,09/04/2026
Uttar Pradesh,Pratapgarh,Pratapgarh APMC,Wheat,Dara,FAQ,2585,2585,2585,09/04/2026
Uttar Pradesh,Prayagraj,Prayagraj APMC,Wheat,Other,FAQ,2250,2250,2250,09/04/2026
Uttar Pradesh,Raebarelli,Raibareilly APMC,Wheat,Dara,FAQ,2400,2505,2459.13,09/04/2026
Uttar Pradesh,Barabanki,Safdarganj APMC,Wheat,Deshi,FAQ,2400,2400,2400,09/04/2026
Uttar Pradesh,Siddharth Nagar,Sahiyapur APMC,Wheat,Mill Quality,FAQ,2430,2440,2435.14,09/04/2026
Uttar Pradesh,Prayagraj,Sirsa APMC,Wheat,Other,FAQ,2300,2600,2585,09/04/2026
Uttar Pradesh,Shahjahanpur,Tilhar APMC,Wheat,PBW-343,FAQ,2300,2300,2300,09/04/2026
Uttar Pradesh,Shahjahanpur,Tilhar APMC,Wheat,2329,FAQ,2300,2300,2300,09/04/2026
Uttar Pradesh,Balrampur,Tulsipur APMC,Wheat,Other,FAQ,2450,2450,2450,09/04/2026
Uttar Pradesh,Agra,Achnera APMC,Wheat,Dara Mill Quality,FAQ,2300,2325,2313.9,09/04/2026
Uttar Pradesh,Etah,Aliganj APMC,Wheat,Other,FAQ,2610,2610,2610,09/04/2026
Uttar Pradesh,Barabanki,Barabanki APMC,Wheat,PBW-343,FAQ,2480,2480,2480,09/04/2026
Uttar Pradesh,Barabanki,Barabanki APMC,Wheat,Dara,FAQ,2400,2500,2402.74,09/04/2026
Uttar Pradesh,Hamirpur,Bharuasumerpur APMC,Wheat,Other,FAQ,2250,2250,2250,09/04/2026
Uttar Pradesh,Fatehpur,Bindki APMC,Wheat,Dara Mill Quality,FAQ,2300,2300,2300,09/04/2026
Uttar Pradesh,Pillibhit,Bishalpur APMC,Wheat,Dara,FAQ,2300,2320,2301.81,09/04/2026
Uttar Pradesh,Sambhal,Chandausi APMC,Wheat,Other,FAQ,2500,2500,2500,09/04/2026
Uttar Pradesh,Kanpur,Choubepur APMC,Wheat,Hybrid,FAQ,2450,2450,2450,09/04/2026
Uttar Pradesh,Aligarh,Charra APMC,Wheat,Dara,FAQ,2350,2400,2375,09/04/2026
Uttar Pradesh,Jhansi,Chirgaon APMC,Wheat,Other,FAQ,2585,2585,2585,09/04/2026
Rajasthan,Baran,Anta APMC,Wheat,Other,Local,2265,2435,2350,09/04/2026
Rajasthan,Jhalawar,Choumahla APMC,Wheat,Other,Non-FAQ,2075,2540,2307,09/04/2026
Rajasthan,Chittorgarh,Nimbahera APMC,Wheat,Other,FAQ,2200,2760,2480,09/04/2026
Rajasthan,Baran,Samraniyan APMC,Wheat,Other,Local,2299,2651,2480,09/04/2026
Rajasthan,Swai Madhopur,Sawai Madhopur APMC,Wheat,Other,FAQ,2255,2405,2325,09/04/2026
Rajasthan,Hanumangarh,Bhadara APMC,Wheat,1482,Non-FAQ,2490,2500,2495,09/04/2026
Rajasthan,Deeg,Kumher APMC,Wheat,Other,Local,2200,2200,2200,09/04/2026
Rajasthan,Udaipur,Udaipur (Grain) APMC,Wheat,Farmi,FAQ,2770,2770,2770,09/04/2026
Rajasthan,Tonk,Malpura APMC,Wheat,Other,FAQ,2190,2250,2210,09/04/2026
Rajasthan,Tonk,Dooni APMC,Wheat,147 Average,Local,1975,2260,2118,09/04/2026
Rajasthan,Pratapgarh,Arnod APMC,Wheat,147 Average,FAQ,2725,3150,2937.5,09/04/2026
Rajasthan,Baran,Baran APMC,Wheat,Other,Local,2280,3000,2450,09/04/2026
Rajasthan,Dholpur,Dholpur APMC,Wheat,Other,Local,2300,2300,2300,09/04/2026
Rajasthan,Udaipur,Udaipur (Grain) APMC,Wheat,Kalyan,Local,2260,2260,2260,09/04/2026
Rajasthan,Dausa,Mandawari APMC,Wheat,Other,Local,2200,2424,2325,09/04/2026
Rajasthan,Jaipur,Bassi APMC,Wheat,Other,Local,2090,2400,2245,09/04/2026
Rajasthan,Kota,Khatauli APMC,Wheat,Wheat,Local,2241,2456,2300,09/04/2026
Rajasthan,Kota,Kota APMC,Wheat,Local,Local,2450,2450,2450,09/04/2026
Rajasthan,Beawar,Bijaynagar APMC,Wheat,Other,Local,2000,2230,2100,09/04/2026
Rajasthan,Udaipur,Fatehnagar APMC,Wheat,Local,FAQ,2221,2551,2381,09/04/2026
Rajasthan,Pratapgarh,Pratapgarh APMC,Wheat,Other,FAQ,2260,2860,2560,09/04/2026
Rajasthan,Jodhpur,Osiyan Mathania APMC,Wheat,Local,Local,2000,2200,2100,09/04/2026
Rajasthan,Pratapgarh,Chhotisadri APMC,Wheat,Local,Local,2120,2777,2448,09/04/2026
Rajasthan,Pali,Rani APMC,Wheat,Deshi,Local,2250,2585,2350,09/04/2026
Rajasthan,Kota,Manohararthana APMC,Wheat,Wheat,Non-FAQ,2100,2500,2300,09/04/2026
Karnataka,Gadag,Gadag APMC,Wheat,White,Non-FAQ,1677,5210,2933,09/04/2026
Karnataka,Koppal,Koppal APMC,Wheat,Local,Non-FAQ,2411,2411,2411,09/04/2026
Karnataka,Bidar,Basava Kalayana APMC,Wheat,Mexican,FAQ,2100,2300,2200,09/04/2026
Karnataka,Bidar,Basava Kalayana APMC,Wheat,Medium,Non-FAQ,2500,3981,3500,09/04/2026
Karnataka,Dharwad,Hubli (Amaragol) APMC,Wheat,Jawari,Local,1926,2509,2245,09/04/2026
Karnataka,Bijapur,Bijapur APMC,Wheat,Sona,Local,2201,2275,2250,09/04/2026
Karnataka,Bangalore,Bangalore APMC,Wheat,Local,FAQ,3400,4500,3950,09/04/2026
Karnataka,Belgaum,Kudchi APMC,Wheat,White,Local,4000,4250,4200,09/04/2026
Gujarat,Dahod,Jhalod APMC,Wheat,Lok-1,Local,2150,2150,2150,09/04/2026
Gujarat,Morbi,Morbi APMC,Wheat,Other,FAQ,1900,2900,2400,09/04/2026
Gujarat,Junagarh,Junagadh APMC,Wheat,Sharbati,FAQ,2025,2295,2125,09/04/2026
Gujarat,Rajkot,Dhoraji APMC,Wheat,Milbar,Non-FAQ,1850,2505,2155,09/04/2026
Gujarat,Porbandar,Porbandar APMC,Wheat,Lokwan,Non-FAQ,2075,2105,2090,09/04/2026
Gujarat,Patan,Sami APMC,Wheat,Deshi,Local,2000,2055,2025,09/04/2026
Gujarat,Amreli,Amreli APMC,Wheat,Rajasthan Tukdi,FAQ,1775,3625,2750,09/04/2026
Gujarat,Gandhinagar,Dehgam APMC,Wheat,Other,FAQ,2175,2880,2527,09/04/2026
Gujarat,Banaskanth,Palanpur APMC,Wheat,Deshi,Local,2692.5,2692.5,2692.5,09/04/2026
Gujarat,Patan,Radhanpur APMC,Wheat,Other,Local,2125,3400,2750,09/04/2026
Gujarat,Dahod,Limkheda APMC,Wheat,Local,Local,1900,2200,2050,09/04/2026
Gujarat,Surat,Vyra APMC,Wheat,Other,FAQ,2000,2600,2300,09/04/2026
Gujarat,Ahmedabad,Dholka APMC,Wheat,Lokwan Gujrat,Grade Range-2,2005,2585,2585,09/04/2026
Gujarat,Kheda,Kapadvanj APMC,Wheat,Other,Local,2000,2250,2125,09/04/2026
Gujarat,Anand,Khambhat(Grain Market) APMC,Wheat,Other,Local,2125,2750,2375,09/04/2026
Gujarat,Mehsana,Mehsana(Jornang) APMC,Wheat,Other,Local,2180,3000,2750,09/04/2026
Gujarat,Surendranagar,Vadhvan APMC,Wheat,Local,Local,2650,2700,2675,09/04/2026
Gujarat,Jamnagar,Kalawad APMC,Wheat,Other,Local,1750,3470,2685,09/04/2026
Gujarat,Amreli,Babra APMC,Wheat,Medium,FAQ,2325,2725,2525,09/04/2026
Gujarat,Surendranagar,Dhragradhra APMC,Wheat,Wheat,Local,2130,2335,2250,09/04/2026
Gujarat,Bhavnagar,Taleja APMC,Wheat,Kalyan,FAQ,1600,2750,2175,09/04/2026
Gujarat,Sabarkantha,Modasa APMC,Wheat,Lokwan Gujrat,FAQ,2075,2800,2800,09/04/2026
Gujarat,Sabarkantha,Meghraj APMC,Wheat,Other,Local,2450,2650,2650,09/04/2026
Gujarat,Rajkot,Jetpur(Dist.Rajkot) APMC,Wheat,Other,FAQ,2250,2950,2450,09/04/2026
Gujarat,Dahod,Zalod(Sanjeli) APMC,Wheat,Other,Grade Range-2,2150,2150,2150,09/04/2026
Gujarat,Botad,Botad APMC,Wheat,Local,FAQ,2055,2905,2500,09/04/2026
Gujarat,Kachchh,Rapar APMC,Wheat,Local,Local,2125,2125,2125,09/04/2026
Gujarat,Porbandar,Porbandar APMC,Wheat,Deshi,Non-FAQ,2155,2235,2195,09/04/2026
Gujarat,Morbi,APMC HALVAD,Wheat,Other,Local,1880,2810,2150,09/04/2026
Gujarat,Ahmedabad,Sanad APMC,Wheat,Sharbati,FAQ,2586,2586,2586,09/04/2026
Gujarat,Sabarkantha,Idar APMC,Wheat,Other,FAQ,2585,3525,3055,09/04/2026
Gujarat,Amreli,Savarkundla APMC,Wheat,Bansi,Local,2250,2900,2500,09/04/2026
Gujarat,Panchmahals,Godhra APMC,Wheat,Local,Non-FAQ,2175,2215,2205,09/04/2026
Gujarat,Sabarkantha,Himatnagar APMC,Wheat,Sonalika,Local,2200,3515,2700,09/04/2026
Gujarat,Mehsana,Kadi APMC,Wheat,Other,FAQ,2155,3115,2350,09/04/2026
Gujarat,Patan,Siddhpur APMC,Wheat,Hybrid,FAQ,2150,3750,2950,09/04/2026
Gujarat,Gandhinagar,Dehgam(Rekhiyal) APMC,Wheat,Other,FAQ,2150,2490,2320,09/04/2026
Gujarat,Rajkot,Jetpur(Dist.Rajkot) APMC,Wheat,Lokwan,FAQ,2005,2400,2200,09/04/2026
Gujarat,Amreli,Savarkundla APMC,Wheat,Lokwan,Local,2110,2650,2400,09/04/2026
Gujarat,Gir Somnath,Veraval APMC,Wheat,Medium Fine,FAQ,2025,2190,2125,09/04/2026
Gujarat,Banaskanth,Vadgam APMC,Wheat,Other,FAQ,2105,2560,2560,09/04/2026
Gujarat,Banaskanth,Deesa(Bhildi) APMC,Wheat,Other,FAQ,1950,2375,2300,09/04/2026
Gujarat,Sabarkantha,Modasa(Tintoi) APMC,Wheat,Lokwan,FAQ,2000,2700,2700,09/04/2026
Gujarat,Jamnagar,Jamnagar APMC,Wheat,Other,Local,2000,2690,2575,09/04/2026
Gujarat,Junagarh,Junagadh APMC,Wheat,Lokwan,FAQ,2000,2525,2100,09/04/2026
Gujarat,Jamnagar,Dhrol APMC,Wheat,Other,Local,1635,2705,2170,09/04/2026
Gujarat,Dahod,Dahod APMC,Wheat,147 Average,Local,2450,2800,2700,09/04/2026
Gujarat,Surendranagar,Chotila APMC,Wheat,Local,FAQ,2250,2650,2450,09/04/2026
Gujarat,Gir Somnath,Kodinar APMC,Wheat,Medium Fine,FAQ,2000,2460,2200,09/04/2026
Gujarat,Mehsana,Mehsana APMC,Wheat,Local,Local,1900,2855,2500,09/04/2026
Gujarat,Gandhinagar,Mansa APMC,Wheat,Local,Local,1555,2755,2350,09/04/2026
Gujarat,Banaskanth,Tharad APMC,Wheat,Other,Local,2105,2835,2500,09/04/2026
Gujarat,Sabarkantha,Bhiloda APMC,Wheat,Other,FAQ,2400,3750,3075,09/04/2026
Gujarat,Banaskanth,Thara APMC,Wheat,Other,FAQ,2125,3300,2712.5,09/04/2026
Gujarat,Sabarkantha,Vadali APMC,Wheat,Other,FAQ,2285,3000,2642,09/04/2026
Gujarat,Panchmahals,Godhra(Timbaroad) APMC,Wheat,Medium,Local,2150,2195,2180,09/04/2026
Gujarat,Banaskanth,Thara(Shihori) APMC,Wheat,Other,FAQ,2200,2705,2452.5,09/04/2026
Gujarat,Banaskanth,Diyodar APMC,Wheat,Other,FAQ,2225,2950,2585,09/04/2026
Gujarat,Amreli,Rajula APMC,Wheat,PISSI,Local,1625,2640,2133,09/04/2026
Gujarat,Bhavnagar,Bhavnagar APMC,Wheat,Local,FAQ,2490,2490,2490,09/04/2026
Gujarat,Bhavnagar,Palitana APMC,Wheat,Other,Local,1950,2560,2255,09/04/2026
Gujarat,Junagarh,Bhesan APMC,Wheat,Other,FAQ,2000,2750,2500,09/04/2026
Gujarat,Ahmedabad,Viramgam APMC,Wheat,Other,Local,1800,2875,2340,09/04/2026
Gujarat,Amreli,Amreli APMC,Wheat,Lokwan,FAQ,1850,2650,2175,09/04/2026
Gujarat,Sabarkantha,Idar APMC,Wheat,Other,Non-FAQ,2275,2580,2428,09/04/2026
Gujarat,Amreli,Bagasara APMC,Wheat,Lokwan Gujrat,Local,1750,2100,1925,09/04/2026
Gujarat,Anand,Umreth APMC,Wheat,Deshi,Non-FAQ,2050,2200,2190,09/04/2026
Gujarat,Amreli,Dhari APMC,Wheat,Lokwan,Non-FAQ,1525,2135,2110,09/04/2026
Gujarat,Banaskanth,Dhanera APMC,Wheat,Other,Local,2180,2900,2570,09/04/2026
Gujarat,Mehsana,Visnagar APMC,Wheat,Other,Local,2000,2850,2425,09/04/2026
Gujarat,Sabarkantha,Talod APMC,Wheat,Other,FAQ,2150,3215,2683,09/04/2026
Punjab,Patiala,Samana APMC,Wheat,Local,Local,5170,5170,5170,09/04/2026
Punjab,Patiala,Patiala(New Anaj Mandi) APMC,Wheat,Other,Local,2585,2585,2585,09/04/2026
Punjab,Sangrur,Bhawanigarh APMC,Wheat,Other,Local,2585,2585,2585,09/04/2026
West Bengal,Nadia,Karimpur APMC,Wheat,Local,Grade Range-1,2800,3000,2900,09/04/2026
West Bengal,Bankura,Bishnupur(Bankura) APMC,Wheat,Sonalika,Non-FAQ,2900,3200,3100,09/04/2026
West Bengal,Bankura,Khatra APMC,Wheat,Sonalika,Non-FAQ,2900,3200,3100,09/04/2026
West Bengal,Paschim Bardhaman,Asansol APMC,Wheat,Kalyan,FAQ,2550,2700,2665,09/04/2026
West Bengal,Murshidabad,Jiaganj APMC,Wheat,Sonalika,FAQ,2600,2700,2650,09/04/2026
West Bengal,Paschim Bardhaman,Durgapur APMC,Wheat,Kalyan,FAQ,2550,2725,2600,09/04/2026
Telangana,Medak,Zaheerabad APMC,Wheat,Local,Local,2260,2285,2260,09/04/2026
Uttarakhand,Udhamsinghnagar,Gadarpur APMC,Wheat,Other,Local,2400,2400,2400,09/04/2026
Uttarakhand,Udhamsinghnagar,Nanakmatta APMC,Wheat,Other,Local,2585,2585,2585,09/04/2026
Uttarakhand,Haridwar,Lakshar APMC,Wheat,Deshi,Local,2585,2600,2600,09/04/2026
Maharashtra,Bhandara,Bhandara APMC,Rice,Other,Local,3050,3050,3050,09/04/2026
Maharashtra,Thane,Palghar APMC,Rice,1009 Kar,Local,5500,5500,5500,09/04/2026
Maharashtra,Thane,Vasai APMC,Rice,1009 Kar,Local,3560,4850,4260,09/04/2026
Maharashtra,Raigad,Alibagh APMC,Rice,Other,Local,2500,2700,2600,09/04/2026
Maharashtra,Raigad,Karjat(Raigad) APMC,Rice,Other,Local,3800,5600,4800,09/04/2026
Maharashtra,Raigad,Mangaon APMC,Rice,Other,Local,1900,4800,3800,09/04/2026
Maharashtra,Mumbai,Mumbai APMC,Rice,Other,Local,6000,10200,9250,09/04/2026
Maharashtra,Nagpur,Nagpur APMC,Rice,Other,Local,3000,3200,3150,09/04/2026
Maharashtra,Pune,Pune APMC,Rice,Other,Local,8000,11400,9700,09/04/2026
Maharashtra,Sholapur,Solapur APMC,Rice,Other,Local,3370,6615,3630,09/04/2026
Maharashtra,Thane,Kalyan APMC,Rice,Other,Local,4000,8000,6000,09/04/2026
Maharashtra,Thane,Ulhasnagar APMC,Rice,Other,Local,4000,6000,5000,09/04/2026
Maharashtra,Nagpur,Umared APMC,Rice,Other,Local,3800,5000,4560,09/04/2026
Maharashtra,Sangli,Sangli APMC,Rice,Other,Local,3800,7500,5650,09/04/2026
Maharashtra,Raigad,Murud APMC,Rice,Other,Local,2500,2700,2600,09/04/2026
Uttar Pradesh,Etawah,Etawah APMC,Rice,Basmati Mogra (Raw/Old),FAQ,6000,6000,6000,09/04/2026
Uttar Pradesh,Kanpur,Kanpur(Grain) APMC,Rice,Other,FAQ,3051,4522.41,3785.23,09/04/2026
Uttar Pradesh,Ghaziabad,Hapur APMC,Rice,Other,FAQ,3550,3550,3550,09/04/2026
Uttar Pradesh,Raebarelli,Raibareilly APMC,Rice,Common,FAQ,2300,2400,2395.25,09/04/2026
Uttar Pradesh,Unnao,Unnao APMC,Rice,Common,FAQ,2425,2425,2425,09/04/2026
Uttar Pradesh,Azamgarh,Azamgarh APMC,Rice,Common,FAQ,2400,2405,2400.92,09/04/2026
Uttar Pradesh,Ballia,Ballia APMC,Rice,Common,FAQ,2400,2400,2400,09/04/2026
Uttar Pradesh,Barabanki,Barabanki APMC,Rice,Broken Rice,FAQ,2400,2400,2400,09/04/2026
Uttar Pradesh,Siddharth Nagar,Naugarh APMC,Rice,Common,FAQ,2400,2400,2400,09/04/2026
Uttar Pradesh,Auraiya,Auraiya APMC,Rice,Broken Rice(Kanki),FAQ,2500,2500,2500,09/04/2026
Uttar Pradesh,Maharajganj,Partaval APMC,Rice,Common,FAQ,2200,2350,2229.82,09/04/2026
Uttar Pradesh,Sitapur,Sitapur APMC,Rice,Common,Local,2350,2400,2380,09/04/2026
Uttar Pradesh,Sitapur,Sitapur APMC,Rice,Common,FAQ,2704,2704,2704,09/04/2026
Uttar Pradesh,Varanasi,Varanasi APMC,Rice,Common,FAQ,2500,2500,2500,09/04/2026
Uttar Pradesh,Kushinagar,Kushinagar APMC,Rice,Other,FAQ,2150,2150,2150,09/04/2026
Uttar Pradesh,Prayagraj,Ajuha APMC,Rice,Other,FAQ,2400,2400,2400,09/04/2026
Uttar Pradesh,Kaushambi,Bharwari APMC,Rice,Other,FAQ,2300,2500,2400,09/04/2026
Uttar Pradesh,Lakhimpur,Golagokarnath APMC,Rice,Other,FAQ,5400,5850,5502.83,09/04/2026
Uttar Pradesh,Siddharth Nagar,Sahiyapur APMC,Rice,Common,FAQ,2510,2510,2510,09/04/2026
Uttar Pradesh,Hardoi,Sandila APMC,Rice,Common,FAQ,2375,2410,2400.21,09/04/2026
Uttar Pradesh,Banda,Banda APMC,Rice,Other,FAQ,2400,2420,2405.02,09/04/2026
Uttar Pradesh,Bulandshahar,Buland Shahr APMC,Rice,Other,FAQ,4501,4501,4501,09/04/2026
Uttar Pradesh,Sambhal,Chandausi APMC,Rice,Common,FAQ,3500,3500,3500,09/04/2026
Uttar Pradesh,Basti,Basti APMC,Rice,Other,FAQ,2500,2500,2500,09/04/2026
Uttar Pradesh,Fatehpur,Bindki APMC,Rice,Common,FAQ,2510,2510,2510,09/04/2026
Uttar Pradesh,Deoria,Devariya APMC,Rice,Common,FAQ,2000,2000,2000,09/04/2026
Uttar Pradesh,Maharajganj,Anandnagar APMC,Rice,III,FAQ,2650,2850,2750,09/04/2026
Uttar Pradesh,Maharajganj,Anandnagar APMC,Rice,Common,FAQ,2200,2200,2200,09/04/2026
Uttar Pradesh,Shravasti,Payagpur APMC,Rice,Common,FAQ,2500,2500,2500,09/04/2026
Uttar Pradesh,Raebarelli,Salon APMC,Rice,Common,FAQ,3100,3110,3105,09/04/2026
Uttar Pradesh,Siddharth Nagar,Shohratgarh APMC,Rice,Common,FAQ,2450,2450,2450,09/04/2026
Uttar Pradesh,Banda,Atarra APMC,Rice,Common,FAQ,2450,2450,2450,09/04/2026
Uttar Pradesh,Saharanpur,Deoband APMC,Rice,Other,FAQ,4000,4000,4000,09/04/2026
Uttar Pradesh,Ghaziabad,Ghaziabad APMC,Rice,Dosa Rice,FAQ,5067,5067,5067,09/04/2026
Uttar Pradesh,Lakhimpur,Lakhimpur APMC,Rice,Common,FAQ,2710,2850,2777.97,09/04/2026
Uttar Pradesh,Balrampur,Panchpedwa APMC,Rice,III,FAQ,2600,2700,2650,09/04/2026
Uttar Pradesh,Hardoi,Shahabad(New Mandi) APMC,Rice,Common,FAQ,2200,2200,2200,09/04/2026
Uttar Pradesh,Shamli,Shamli APMC,Rice,Rice Bran(Kukuf),FAQ,3550,3550,3550,09/04/2026
Uttar Pradesh,Hathras,Sikandraraau APMC,Rice,Other,FAQ,2160,2205,2175,09/04/2026
Uttar Pradesh,Balrampur,Tulsipur APMC,Rice,III,FAQ,2400,2450,2425,09/04/2026
Uttar Pradesh,Kanpur,Uttaripura APMC,Rice,Other,FAQ,2200,2200,2200,09/04/2026
Uttar Pradesh,Ghaziabad,Muradnagar APMC,Rice,Other,FAQ,2520,2530,2521.74,09/04/2026
Uttar Pradesh,Balrampur,Balrampur APMC,Rice,Common,FAQ,2100,2100,2100,09/04/2026
Uttar Pradesh,Chandauli,Chandoli APMC,Rice,Common,FAQ,2500,2500,2500,09/04/2026
Uttar Pradesh,Kanpur,Varipaal APMC,Rice,Other,FAQ,2500,2560,2534.23,09/04/2026
Uttar Pradesh,Sitapur,Hargaon (Laharpur) APMC,Rice,Other,Local,2400,2400,2400,09/04/2026
Uttar Pradesh,Muzaffarnagar,Muzzafarnagar APMC,Rice,Common,FAQ,4000,4000,4000,09/04/2026
Uttar Pradesh,Banda,Banda APMC,Rice,Common,FAQ,2410,2420,2415.42,09/04/2026
Uttar Pradesh,Barabanki,Barabanki APMC,Rice,Other,FAQ,2400,2400,2400,09/04/2026
Uttar Pradesh,Mau(Maunathbhanjan),Doharighat APMC,Rice,1009 Kar,FAQ,3900,3900,3900,09/04/2026
Uttar Pradesh,Hardoi,Hardoi APMC,Rice,Common,FAQ,2250,2250,2250,09/04/2026
Uttar Pradesh,Hardoi,Hardoi APMC,Rice,Other,FAQ,2830,2830,2830,09/04/2026
Uttar Pradesh,Lucknow,Lucknow APMC,Rice,Common,FAQ,2600,2600,2600,09/04/2026
Uttar Pradesh,Auraiya,Auraiya APMC,Rice,Sona Raw New,FAQ,2600,2600,2600,09/04/2026
Uttar Pradesh,Gorakhpur,Gorakhpur APMC,Rice,Common,FAQ,2400,2400,2400,09/04/2026
Uttar Pradesh,Amroha,Hasanpur APMC,Rice,Common,FAQ,2510,2550,2524.73,09/04/2026
Uttar Pradesh,Kanpur Dehat,Pukharayan APMC,Rice,Common,FAQ,3400,3430,3420,09/04/2026
Uttar Pradesh,Rampur,Tanda(Rampur) APMC,Rice,Other,FAQ,2800,5827.03,4029.74,09/04/2026
Uttar Pradesh,Kushinagar,Kushinagar APMC,Rice,Common,FAQ,2150,2150,2150,09/04/2026
Karnataka,Kalburgi,Kalburgi APMC,Rice,Broken Rice,Local,2450,3150,2750,09/04/2026
Karnataka,Karwar(Uttar Kannad),Haliyala APMC,Rice,Medium,Local,2720,2720,2720,09/04/2026
Karnataka,Kalburgi,Kalburgi APMC,Rice,Coarse,Local,3150,4000,3450,09/04/2026
Karnataka,Raichur,Sindhanur APMC,Rice,Broken Rice,Local,1800,2200,2200,09/04/2026
Karnataka,Kolar,Bangarpet APMC,Rice,IR 20,Local,2000,3000,2344,09/04/2026
Karnataka,Kalburgi,Kalburgi APMC,Rice,Fine,Local,4100,6100,5050,09/04/2026
Karnataka,Belgaum,Sankeshwar APMC,Rice,Other,Local,2400,2400,2400,09/04/2026
Karnataka,Kolar,Bangarpet APMC,Rice,Broken Rice,Local,2200,3200,2598,09/04/2026
Karnataka,Shimoga,Bhadravathi APMC,Rice,Medium,Local,2300,2300,2300,09/04/2026
Karnataka,Tumkur,Tumkur APMC,Rice,Other,Local,3400,5800,4600,09/04/2026
Gujarat,Dahod,Dahod APMC,Rice,Lashkari,FAQ,5000,6000,5500,09/04/2026
Odisha,Mayurbhanja,Udala APMC,Rice,Other,Local,4000,4000,4000,09/04/2026
Odisha,Mayurbhanja,Karanjia APMC,Rice,Common,FAQ,3400,3500,3500,09/04/2026
Odisha,Bolangir,Tusura APMC,Rice,Boiled Rice,Grade Range-1,3700,3700,3700,09/04/2026
Odisha,Mayurbhanja,Karanjia APMC,Rice,Other,FAQ,3500,3600,3600,09/04/2026
Kerala,Kottayam,Kottayam APMC,Rice,Other,FAQ,4500,5100,4800,09/04/2026
Tamil Nadu,Theni,Theni APMC,Maize,Other,Local,1950,2050,2000,09/04/2026
Tamil Nadu,Villupuram,Manalurpet APMC,Maize,Other,Local,1789,1863,1826,09/04/2026
Tamil Nadu,Villupuram,Thirukovilur APMC,Maize,Other,Local,1789,1963,1876,09/04/2026
Tamil Nadu,Coimbatore,Thondamuthur APMC,Maize,Other,Local,1800,2200,2000,09/04/2026
Tamil Nadu,Thirunelveli,Sankarankovil APMC,Maize,Other,Local,1600,1800,1700,09/04/2026
Tamil Nadu,Thiruvannamalai,Cheyyar APMC,Maize,Other,Local,1646,1746,1696,09/04/2026
Tamil Nadu,Thiruvannamalai,Kilpennathur APMC,Maize,Other,Local,1910,1942,1926,09/04/2026
Tamil Nadu,Villupuram,Sangarapuram APMC,Maize,Other,Local,1894,1941,1917.5,09/04/2026
Tamil Nadu,Dindigul,Dindigul APMC,Maize,Other,Local,1500,1700,1600,09/04/2026
Tamil Nadu,Erode,Alangeyam APMC,Maize,Other,Local,1750,1800,1775,09/04/2026
Tamil Nadu,Villupuram,Kallakurichi APMC,Maize,Other,Local,1879,1939,1909,09/04/2026
Madhya Pradesh,Chhindwara,Amarwda APMC,Maize,Local,FAQ,1495,1775,1750,09/04/2026
Madhya Pradesh,Narsinghpur,Kareli APMC,Maize,Local,FAQ,1612,1813,1813,09/04/2026
Madhya Pradesh,Seoni,Chhpara APMC,Maize,Local,FAQ,1800,1830,1830,09/04/2026
Madhya Pradesh,Damoh,Patharia APMC,Maize,Local,FAQ,1501,1501,1501,09/04/2026
Madhya Pradesh,Chhindwara,Chaurai APMC,Maize,Local,FAQ,1685,2301,1685,09/04/2026
Madhya Pradesh,Sehore,Nasrullaganj APMC,Maize,Local,Non-FAQ,1501,1800,1699,09/04/2026
Madhya Pradesh,Hoshangabad,Banapura APMC,Maize,Yellow,FAQ,1000,1854,1760,09/04/2026
Madhya Pradesh,Mandsaur,Garoth APMC,Maize,Local,Non-FAQ,1675,1680,1680,09/04/2026
Madhya Pradesh,Khandwa,Mundi APMC,Maize,Local,FAQ,1195,1210,1210,09/04/2026
Madhya Pradesh,Rajgarh,Khilchipur APMC,Maize,Local,FAQ,1630,1682,1682,09/04/2026
Madhya Pradesh,Harda,Khirakiya APMC,Maize,Local,Non-FAQ,1275,1801,1750,09/04/2026
Madhya Pradesh,Harda,Sirali APMC,Maize,Local,FAQ,1170,1750,1500,09/04/2026
Madhya Pradesh,Dhar,Rajgarh APMC,Maize,Local,FAQ,1410,1625,1625,09/04/2026
Madhya Pradesh,Khargone,Badwaha APMC,Maize,Local,FAQ,1000,1700,1500,09/04/2026
Madhya Pradesh,Khargone,Kasrawad APMC,Maize,Local,FAQ,1000,1780,1300,09/04/2026
Madhya Pradesh,Badwani,Anjad APMC,Maize,Local,Non-FAQ,1700,1700,1700,09/04/2026
Madhya Pradesh,Badwani,Anjad APMC,Maize,Yellow,FAQ,1520,1700,1600,09/04/2026
Madhya Pradesh,Dewas,Haatpipliya APMC,Maize,Local,Non-FAQ,1375,1380,1380,09/04/2026
Madhya Pradesh,Guna,Binaganj APMC,Maize,Local,FAQ,1400,1400,1400,09/04/2026
Madhya Pradesh,Dewas,Dewas APMC,Maize,Local,FAQ,1400,2001,2001,09/04/2026
Madhya Pradesh,Dhar,Dhamnod APMC,Maize,Deshi Red,FAQ,1300,1300,1300,09/04/2026
Madhya Pradesh,Dhar,Dhamnod APMC,Maize,Local,FAQ,1150,1794,1450,09/04/2026
Madhya Pradesh,Dhar,Kukshi APMC,Maize,Yellow,FAQ,1650,1650,1650,09/04/2026
Madhya Pradesh,Dhar,Badnawar APMC,Maize,Local,FAQ,1680,1775,1750,09/04/2026
Madhya Pradesh,Dhar,Manawar APMC,Maize,Local,FAQ,1220,1752,1700,09/04/2026
Madhya Pradesh,Dewas,Loharda APMC,Maize,Local,FAQ,1207,1690,1450,09/04/2026
Madhya Pradesh,Mandsaur,Shamgarh APMC,Maize,Local,FAQ,1726,1726,1726,09/04/2026
Madhya Pradesh,Guna,Guna APMC,Maize,Local,FAQ,1330,1730,1725,09/04/2026
Madhya Pradesh,Shivpuri,Kolaras APMC,Maize,Local,Non-FAQ,1610,1725,1725,09/04/2026
Madhya Pradesh,Badwani,Sendhwa APMC,Maize,Deshi Red,FAQ,1511,1511,1511,09/04/2026
Madhya Pradesh,Mandla,Bichhiya APMC,Maize,Local,Non-FAQ,1500,1500,1500,09/04/2026
Madhya Pradesh,Seoni,Palari APMC,Maize,Local,Non-FAQ,1800,1800,1800,09/04/2026
Madhya Pradesh,Badwani,Khetia APMC,Maize,Local,FAQ,1375,1375,1375,09/04/2026
Madhya Pradesh,Sehore,Rehati APMC,Maize,Local,FAQ,1560,1600,1600,09/04/2026
Madhya Pradesh,Dhar,Gandhwani APMC,Maize,Local,FAQ,1300,1780,1500,09/04/2026
Madhya Pradesh,Khargone,Bedia APMC,Maize,Local,FAQ,1235,1612,1612,09/04/2026
Madhya Pradesh,Sehore,Ashta APMC,Maize,Local,FAQ,1400,1501,1501,09/04/2026
Madhya Pradesh,Dhar,Dhar APMC,Maize,Local,FAQ,1400,1680,1670,09/04/2026
Madhya Pradesh,Betul,Multai APMC,Maize,Local,Non-FAQ,1700,1710,1710,09/04/2026
Madhya Pradesh,Narsinghpur,Narsinghpur APMC,Maize,Yellow,FAQ,1540,1690,1690,09/04/2026
Madhya Pradesh,Seoni,Seoni APMC,Maize,Local,Non-FAQ,1700,1750,1750,09/04/2026
Madhya Pradesh,Seoni,Seoni APMC,Maize,Local,FAQ,1776,1862,1800,09/04/2026
Madhya Pradesh,Seoni,Seoni APMC,Maize,Yellow,FAQ,1600,1700,1600,09/04/2026
Madhya Pradesh,Dewas,Khategaon APMC,Maize,Local,FAQ,1271,1822,1391,09/04/2026
Madhya Pradesh,Dewas,Sonkatch APMC,Maize,Local,FAQ,1400,1501,1501,09/04/2026
Madhya Pradesh,Chhindwara,Chaurai APMC,Maize,Yellow,Non-FAQ,1685,1720,1710,09/04/2026
Madhya Pradesh,Badwani,Badwani APMC,Maize,Yellow,FAQ,1400,1700,1400,09/04/2026
Madhya Pradesh,Sehore,Ichhawar APMC,Maize,Local,FAQ,1445,1701,1701,09/04/2026
Madhya Pradesh,Vidisha,Sironj APMC,Maize,Local,FAQ,1600,1695,1695,09/04/2026
Madhya Pradesh,Dhar,Rajgarh APMC,Maize,Yellow,FAQ,1450,1500,1500,09/04/2026
Madhya Pradesh,Jhabua,Petlawad APMC,Maize,Local,Non-FAQ,1460,1460,1460,09/04/2026
Madhya Pradesh,Jhabua,Petlawad APMC,Maize,Local,FAQ,1480,1650,1500,09/04/2026
Madhya Pradesh,Khargone,Segaon APMC,Maize,Local,FAQ,1325,1713,1500,09/04/2026
Madhya Pradesh,Khandwa,Pandhana APMC,Maize,Local,FAQ,1450,1800,1780,09/04/2026
Madhya Pradesh,Dewas,Bagli APMC,Maize,Yellow,Non-FAQ,1255,1750,1356,09/04/2026
Madhya Pradesh,Mandsaur,Sitmau APMC,Maize,Local,FAQ,1499,1726,1726,09/04/2026
Madhya Pradesh,Neemuch,Javad APMC,Maize,Local,FAQ,1410,1415,1415,09/04/2026
Madhya Pradesh,Neemuch,Neemuch APMC,Maize,Local,FAQ,1900,1900,1900,09/04/2026
Madhya Pradesh,Betul,Multai APMC,Maize,Local,FAQ,1550,1560,1560,09/04/2026
Madhya Pradesh,Dhar,Kukshi APMC,Maize,Deshi White,FAQ,1555,1555,1555,09/04/2026
Madhya Pradesh,Dhar,Kukshi APMC,Maize,Local,FAQ,1160,1805,1450,09/04/2026
Madhya Pradesh,Chhindwara,Saunsar APMC,Maize,Yellow,Non-FAQ,1642.2,1800,1800,09/04/2026
Madhya Pradesh,Jabalpur,Jabalpur APMC,Maize,Local,FAQ,1265,1775,1775,09/04/2026
Madhya Pradesh,Chhindwara,Chhindwara APMC,Maize,Yellow,Non-FAQ,1680,1746,1746,09/04/2026
Madhya Pradesh,Chhindwara,Chhindwara APMC,Maize,Yellow,FAQ,1720,1820,1820,09/04/2026
Madhya Pradesh,Seoni,Ghansour APMC,Maize,Local,FAQ,1711,1721,1721,09/04/2026
Madhya Pradesh,Chhindwara,Chaurai APMC,Maize,Yellow,FAQ,1720,2152,1852,09/04/2026
Madhya Pradesh,Sehore,Ichhawar APMC,Maize,Local,Non-FAQ,1800,1800,1800,09/04/2026
Madhya Pradesh,Mandsaur,Daloda APMC,Maize,Local,FAQ,1576,1600,1600,09/04/2026
Madhya Pradesh,Harda,Timarni APMC,Maize,Local,FAQ,1290,1820,1771,09/04/2026
Madhya Pradesh,Dhar,Rajgarh APMC,Maize,Yellow,Non-FAQ,1600,1600,1600,09/04/2026
Madhya Pradesh,Alirajpur,Alirajpur APMC,Maize,Local,Non-FAQ,1700,1700,1700,09/04/2026
Madhya Pradesh,Alirajpur,Jobat APMC,Maize,Local,FAQ,1650,1650,1650,09/04/2026
Madhya Pradesh,Khargone,Sanawad APMC,Maize,Local,FAQ,1171,1718,1440,09/04/2026
Madhya Pradesh,Badwani,Anjad APMC,Maize,Local,FAQ,1165,1775,1400,09/04/2026
Madhya Pradesh,Khandwa,Harsood APMC,Maize,Yellow,FAQ,1265,1748,1670,09/04/2026
Madhya Pradesh,Khandwa,Pandhana APMC,Maize,Yellow,FAQ,1745,1745,1745,09/04/2026
Madhya Pradesh,Dewas,Kannod APMC,Maize,Local,FAQ,1446,1770,1770,09/04/2026
Madhya Pradesh,Mandsaur,Shamgarh APMC,Maize,Local,Non-FAQ,1551,1781,1781,09/04/2026
Madhya Pradesh,Betul,Betul APMC,Maize,Deshi Red,FAQ,1700,1772,1772,09/04/2026
Madhya Pradesh,Hoshangabad,Itarsi APMC,Maize,Local,FAQ,1575,1781,1641,09/04/2026
Madhya Pradesh,Khargone,Khargone APMC,Maize,Local,FAQ,1075,2250,1480,09/04/2026
Madhya Pradesh,Khargone,Khargone APMC,Maize,Local,Non-FAQ,1425,1600,1550,09/04/2026
Madhya Pradesh,Khandwa,Khandwa APMC,Maize,Local,FAQ,1200,1864,1800,09/04/2026
Madhya Pradesh,Burhanpur,Burhanpur APMC,Maize,Local,FAQ,1399,1822,1750,09/04/2026
Madhya Pradesh,Sehore,Nasrullaganj APMC,Maize,Local,FAQ,1500,1719,1719,09/04/2026
Madhya Pradesh,Badwani,Khetia APMC,Maize,Yellow,FAQ,1235,1770,1525,09/04/2026
Madhya Pradesh,Vidisha,Lateri APMC,Maize,Local,FAQ,1200,1220,1220,09/04/2026
Madhya Pradesh,Indore,Indore APMC,Maize,Local,FAQ,1550,1777,1777,09/04/2026
Madhya Pradesh,Shajapur,Soyatkalan APMC,Maize,Local,FAQ,1595,1595,1595,09/04/2026
Madhya Pradesh,Chhindwara,Chhindwara APMC,Maize,Local,FAQ,1590,1901,1800,09/04/2026
Madhya Pradesh,Chhindwara,Amarwda APMC,Maize,Yellow,FAQ,1541,1651,1650,09/04/2026
Madhya Pradesh,Chhindwara,Amarwda APMC,Maize,Local,Non-FAQ,1501,1585,1521,09/04/2026
Madhya Pradesh,Chhindwara,Pandhurna APMC,Maize,Local,Non-FAQ,1675,1700,1700,09/04/2026
Madhya Pradesh,Dhar,Manawar APMC,Maize,Yellow,FAQ,1300,1700,1500,09/04/2026
Madhya Pradesh,Alirajpur,Alirajpur APMC,Maize,Local,FAQ,1500,1650,1650,09/04/2026
Madhya Pradesh,Khargone,Bhikangaon APMC,Maize,Local,FAQ,1230,1851,1800,09/04/2026
Madhya Pradesh,Khargone,Karhi APMC,Maize,Local,FAQ,1125,1725,1650,09/04/2026
Madhya Pradesh,Ratlam,Sailana APMC,Maize,Local,FAQ,1540,1699,1699,09/04/2026
Madhya Pradesh,Shivpuri,Badarwas APMC,Maize,Local,Non-FAQ,1400,1650,1650,09/04/2026
Madhya Pradesh,Badwani,Sendhwa APMC,Maize,Local,Non-FAQ,15.6,1775,1775,09/04/2026
Madhya Pradesh,Badwani,Sendhwa APMC,Maize,Local,FAQ,1250,1800,1585,09/04/2026
Madhya Pradesh,Bhopal,Bhopal APMC,Maize,Local,FAQ,1700,1700,1700,09/04/2026
Madhya Pradesh,Mandsaur,Mandsaur APMC,Maize,Local,Non-FAQ,1500,1817,1741,09/04/2026
Madhya Pradesh,Indore,Mhow APMC,Maize,Local,FAQ,1601,1755,1750,09/04/2026
Madhya Pradesh,Burhanpur,Burhanpur APMC,Maize,Local,Non-FAQ,1535,1825,1773,09/04/2026
Madhya Pradesh,Harda,Harda APMC,Maize,Yellow,FAQ,1250,1910,1600,09/04/2026
Madhya Pradesh,Dhar,Kukshi APMC,Maize,Local,Non-FAQ,1115,1425,1290,09/04/2026
Maharashtra,Jalgaon,Pachora APMC,Maize,Other,Non-FAQ,1151,1711,1451,09/04/2026
Maharashtra,Nagpur,Katol APMC,Maize,Other,Non-FAQ,1431,1431,1431,09/04/2026
Maharashtra,Nashik,Devala APMC,Maize,Yellow,Non-FAQ,1435,1715,1600,09/04/2026
Maharashtra,Nashik,Malegaon APMC,Maize,Yellow,Non-FAQ,1576,1878,1727,09/04/2026
Maharashtra,Sholapur,Dudhani APMC,Maize,Other,Non-FAQ,1700,1700,1700,09/04/2026
Maharashtra,Ahmednagar,Kopargaon APMC,Maize,Other,Non-FAQ,1585,1756,1734,09/04/2026
Maharashtra,Mumbai,Mumbai APMC,Maize,Other,FAQ,2500,3800,3250,09/04/2026
Maharashtra,Nashik,Shivsiddha Govind Producer Company Limited Sanchal APMC,Maize,Other,Local,1700,1790,1750,09/04/2026
Maharashtra,Amarawati,Amarawati APMC,Maize,Deshi Red,Non-FAQ,1600,1725,1662,09/04/2026
Maharashtra,Nashik,Lasalgaon(Niphad) APMC,Maize,Deshi Red,Non-FAQ,1491,1856,1810,09/04/2026
Maharashtra,Nashik,Manmad APMC,Maize,Other,Non-FAQ,1476,2261,2261,09/04/2026
Maharashtra,Pune,Pune APMC,Maize,Deshi Red,FAQ,2500,2800,2650,09/04/2026
Maharashtra,Sangli,Sangli(Miraj) APMC,Maize,Deshi Red,Non-FAQ,1850,2050,1950,09/04/2026
Maharashtra,Amarawati,Morshi APMC,Maize,Other,Non-FAQ,1300,1570,1435,09/04/2026
Maharashtra,Buldhana,Lonar APMC,Maize,Yellow,Non-FAQ,1400,1590,1495,09/04/2026
Maharashtra,Jalana,Jalana APMC,Maize,Deshi Red,Non-FAQ,1441,1768,1600,09/04/2026
Maharashtra,Jalgaon,Amalner APMC,Maize,Deshi Red,Non-FAQ,1491,1795,1795,09/04/2026
Maharashtra,Nandurbar,Taloda APMC,Maize,Deshi Red,Non-FAQ,1200,1725,1500,09/04/2026
Maharashtra,Buldhana,Deoulgaon Raja APMC,Maize,Yellow,Non-FAQ,1200,1200,1200,09/04/2026
Maharashtra,Sholapur,Karmala APMC,Maize,Other,Non-FAQ,1711,1800,1725,09/04/2026
Maharashtra,Chattrapati Sambhajinagar,Gangapur APMC,Maize,Yellow,Non-FAQ,1500,1500,1500,09/04/2026
Maharashtra,Dhule,Dhule APMC,Maize,Yellow,Non-FAQ,1500,1800,1680,09/04/2026
Maharashtra,Jalgaon,Pachora(Bhadgaon) APMC,Maize,Other,Non-FAQ,1151,1711,1351,09/04/2026
Maharashtra,Jalgaon,Yawal APMC,Maize,Yellow,Non-FAQ,1380,1700,1520,09/04/2026
Maharashtra,Nashik,Lasalgaon APMC,Maize,Other,Non-FAQ,800,1840,1700,09/04/2026
Maharashtra,Nashik,Lasalgaon(Vinchur) APMC,Maize,Other,Non-FAQ,1500,1875,1711,09/04/2026
Uttar Pradesh,Badaun,Ujhani APMC,Maize,Other,FAQ,1850,2120,2049.65,09/04/2026
Uttar Pradesh,Lucknow,Banthara APMC,Maize,Other,FAQ,1900,1900,1900,09/04/2026
Uttar Pradesh,Aligarh,Charra APMC,Maize,Hybrid,FAQ,1800,1900,1850,09/04/2026
Uttar Pradesh,Kannuj,Chhibramau APMC,Maize,Other,FAQ,1800,1800,1800,09/04/2026
Uttar Pradesh,Kanpur,Kanpur(Grain) APMC,Maize,Other,FAQ,1700,1700,1700,09/04/2026
Uttar Pradesh,Bareilly,Bareilly APMC,Maize,Other,FAQ,2090,2090,2090,09/04/2026
Uttar Pradesh,Farukhabad,Kamlaganj APMC,Maize,Other,FAQ,1900,1900,1900,09/04/2026
Uttar Pradesh,Kanpur,Uttaripura APMC,Maize,Other,FAQ,2000,2000,2000,09/04/2026
Uttar Pradesh,Hardoi,Sandila APMC,Maize,Other,FAQ,1750,1750,1750,09/04/2026
Uttar Pradesh,Bulandshahar,Buland Shahr APMC,Maize,Other,FAQ,2200,2200,2200,09/04/2026
Uttar Pradesh,Kasganj,Kasganj APMC,Maize,Other,FAQ,1750,1800,1755.44,09/04/2026
Uttar Pradesh,Hardoi,Madhoganj APMC,Maize,Other,FAQ,1800,2100,2043.57,09/04/2026
Uttar Pradesh,Farukhabad,Mohamadabad APMC,Maize,Other,FAQ,1650,1650,1650,09/04/2026
Uttar Pradesh,Hardoi,Shahabad(New Mandi) APMC,Maize,Other,FAQ,1810,1810,1810,09/04/2026
Uttar Pradesh,Badaun,Bilsi APMC,Maize,Other,FAQ,1700,1700,1700,09/04/2026
Rajasthan,Baran,Baran APMC,Maize,Other,Local,1400,1650,1590,09/04/2026
Rajasthan,Kota,Kota APMC,Maize,Local,Local,1625,1625,1625,09/04/2026
Rajasthan,Udaipur,Udaipur (Grain) APMC,Maize,Yellow,Local,1650,1650,1650,09/04/2026
Rajasthan,Udaipur,Fatehnagar APMC,Maize,Hybrid,FAQ,1550,1790,1700,09/04/2026
Rajasthan,Pratapgarh,Pratapgarh APMC,Maize,Other,FAQ,1700,1860,1780,09/04/2026
Rajasthan,Tonk,Dooni APMC,Maize,Deshi Red,Local,1400,1400,1400,09/04/2026
Rajasthan,Pratapgarh,Chhotisadri APMC,Maize,Local,Local,1430,1690,1560,09/04/2026
Rajasthan,Chittorgarh,Kapasan APMC,Maize,Hybrid,Grade Range-2,1600,1700,1650,09/04/2026
Karnataka,Raichur,Sindhanur APMC,Maize,Local,Local,1940,1940,1940,09/04/2026
Karnataka,Shimoga,Shikaripura APMC,Maize,Local,Non-FAQ,1750,1930,1867,09/04/2026
Karnataka,Bangalore,Doddaballa Pur APMC,Maize,Local,FAQ,1810,1910,1910,09/04/2026
Karnataka,Gadag,Rona APMC,Maize,Hybrid/Local,Non-FAQ,1800,1800,1800,09/04/2026
Karnataka,Belgaum,Sankeshwar APMC,Maize,Hybrid/Local,Local,1784,1930,1878,09/04/2026
Karnataka,Koppal,Kustagi APMC,Maize,Hybrid/Local,FAQ,1600,1825,1643,09/04/2026
Karnataka,Tumkur,Tumkur APMC,Maize,Local,Local,1750,2400,2100,09/04/2026
Karnataka,Karwar(Uttar Kannad),Haliyala APMC,Maize,Hybrid/Local,Local,1750,1750,1750,09/04/2026
Karnataka,Bangalore,Bangalore APMC,Maize,Hybrid/Local,FAQ,2200,2400,2300,09/04/2026
Karnataka,Dharwad,Hubli (Amaragol) APMC,Maize,Local,Local,1510,1894,1894,09/04/2026
Karnataka,Haveri,Ranebennur APMC,Maize,Local,FAQ,1780,1920,1850,09/04/2026
Karnataka,Davangere,Honnali APMC,Maize,Hybrid/Local,FAQ,1830,2060,1884,09/04/2026
Karnataka,Bagalkot,Hungund APMC,Maize,Pro Agro 4212,FAQ,3250,3250,3250,09/04/2026
Karnataka,Bellary,Kottur APMC,Maize,Hybrid/Local,Local,1679,2087,1934,09/04/2026
Karnataka,Karwar(Uttar Kannad),Mundgod APMC,Maize,Hybrid/Local,Non-FAQ,1700,1700,1700,09/04/2026
Karnataka,Bijapur,Bijapur APMC,Maize,Hybrid/Local,Local,1793,1850,1801,09/04/2026
Karnataka,Bagalkot,Hungund APMC,Maize,Local,FAQ,1800,1800,1800,09/04/2026
Karnataka,Chitradurga,Challakere APMC,Maize,Yellow,Local,1800,1800,1800,09/04/2026
Karnataka,Gadag,Laxmeshwar APMC,Maize,Local,Non-FAQ,1750,1815,1789,09/04/2026
Karnataka,Gadag,Gadag APMC,Maize,Local,Non-FAQ,1412,1818,1612,09/04/2026
Karnataka,Shimoga,Bhadravathi APMC,Maize,Local,Local,1750,2050,1750,09/04/2026
Karnataka,Koppal,Koppal APMC,Maize,Yellow,Non-FAQ,1640,1902,1862,09/04/2026
Karnataka,Dharwad,Kalagategi APMC,Maize,Local,Local,1600,1810,1670,09/04/2026
Karnataka,Haveri,Hanagal APMC,Maize,Local,FAQ,1650,1790,1650,09/04/2026
Karnataka,Belgaum,Bailahongal APMC,Maize,Hybrid/Local,Local,1650,1850,1729,09/04/2026
Karnataka,Bijapur,Sindagi APMC,Maize,Local,Local,1500,1800,1600,09/04/2026
Karnataka,Raichur,Lingasugur APMC,Maize,Hybrid/Local,Non-FAQ,1700,1820,1700,09/04/2026
Karnataka,Davangere,Harappana Halli APMC,Maize,Hybrid/Local,Local,1675,1810,1694,09/04/2026
Gujarat,Sabarkantha,Bhiloda APMC,Maize,Other,Non-FAQ,2000,2200,2100,09/04/2026
Gujarat,Dahod,Zalod(Sanjeli) APMC,Maize,Other,Grade Range-2,1900,1900,1900,09/04/2026
Gujarat,Sabarkantha,Modasa APMC,Maize,Hybrid Red (Cattle Feed),Local,1500,1800,1800,09/04/2026
Gujarat,Amreli,Amreli APMC,Maize,Other,FAQ,2050,2050,2050,09/04/2026
Gujarat,Panchmahals,Godhra APMC,Maize,Medium,Non-FAQ,2005,2035,2015,09/04/2026
Gujarat,Sabarkantha,APMCKHEDBRAHMA,Maize,Hybrid,FAQ,1700,1800,1750,09/04/2026
Gujarat,Dahod,Jhalod APMC,Maize,White (SAFED),Local,1800,1800,1800,09/04/2026
Gujarat,Dahod,Dahod APMC,Maize,White (SAFED),Local,1625,2150,1800,09/04/2026
Gujarat,Surat,Uchhal APMC,Maize,Other,Non-FAQ,1480,1760,1730,09/04/2026
Gujarat,Sabarkantha,Idar APMC,Maize,Other,Local,1800,1960,1880,09/04/2026
Gujarat,Amreli,Bagasara APMC,Maize,Other,Local,4000,4500,4250,09/04/2026
Gujarat,Sabarkantha,Talod APMC,Maize,Other,FAQ,1900,1985,1943,09/04/2026
Gujarat,Sabarkantha,Himatnagar APMC,Maize,Yellow,Local,1740,2205,2100,09/04/2026
Gujarat,Surat,Vyra APMC,Maize,Deshi Red,FAQ,1750,1875,1812,09/04/2026
Andhra Pradesh,Kurnool,Kurnool APMC,Maize,Local,Local,1339,1762,1727,09/04/2026
