state,district,market,commodity,variety,grade,min_price,max_price,modal_price,price_date
Tamil Nadu,Thirupur,Tiruppur (South) (Uzhavar Sandhai ),Onion,Bellary,Local,4000,5000,4500,02/09/2026
Tamil Nadu,Dharmapuri,Dharmapuri(Uzhavar Sandhai ),Onion,Bellary,Local,5500,5800,5650,02/09/2026
Tamil Nadu,Kancheepuram,Kancheepuram(Uzhavar Sandhai ),Onion,Bellary,Local,4800,5500,5150,02/09/2026
Tamil Nadu,Kancheepuram,Kundrathur(Uzhavar Sandhai ),Onion,Bellary,Local,4000,4500,4250,02/09/2026
Tamil Nadu,Krishnagiri,Hosur(Uzhavar Sandhai ),Onion,Bellary,Local,5500,6000,5750,02/09/2026
Tamil Nadu,Namakkal,Rasipuram(Uzhavar Sandhai ),Onion,Bellary,Local,5600,6000,5800,02/09/2026
Tamil Nadu,Salem,Thathakapatti(Uzhavar Sandhai ),Onion,Bellary,Local,5000,6000,5500,02/09/2026
Tamil Nadu,Thirupur,Tiruppur (North) (Uzhavar Sandhai ),Onion,Bellary,Local,5000,5500,5250,02/09/2026
Tamil Nadu,Cuddalore,Vadalur(Uzhavar Sandhai ),Onion,Bellary,Local,5000,6000,5500,02/09/2026
Tamil Nadu,Thanjavur,Peravurani(Uzhavar Sandhai),Onion,Bellary,Local,2500,3000,2750,02/09/2026
Tamil Nadu,Theni,Devaram(Uzhavar Sandhai ),Onion,Bellary,Local,6000,6000,6000,02/09/2026
Tamil Nadu,Sivaganga,Devakottai (Uzhavar Sandhai ),Onion,Bellary,Local,6200,6800,6500,02/09/2026
Tamil Nadu,Salem,Edapadi (Uzhavar Sandhai ),Onion,Bellary,Local,5500,6500,6000,02/09/2026
Tamil Nadu,Salem,Hasthampatti(Uzhavar Sandhai ),Onion,Bellary,Local,5600,6000,5800,02/09/2026
Tamil Nadu,Thiruchirappalli,KKNagar(Uzhavar Sandhai ),Onion,Bellary,Local,5000,6400,5700,02/09/2026
Tamil Nadu,Thiruchirappalli,Manachanallur(Uzhavar Sandhai ),Onion,Bellary,Local,6000,6000,6000,02/09/2026
Tamil Nadu,Virudhunagar,Virudhunagar(Uzhavar Sandhai ),Onion,Bellary,Local,5500,6000,5750,02/09/2026
Tamil Nadu,Chengalpattu,Pallavaram(Uzhavar Sandhai ),Onion,Bellary,Local,5000,6000,5500,02/09/2026
Tamil Nadu,Tenkasi,Sankarankoil(Uzhavar Sandhai ),Onion,Bellary,Local,5000,6000,5500,02/09/2026
Tamil Nadu,Tenkasi,Tenkasi(Uzhavar Sandhai ),Onion,Bellary,Local,5000,5500,5250,02/09/2026
Tamil Nadu,Thiruvarur,Needamangalam(Uzhavar Sandhai ),Onion,Bellary,Local,5000,5000,5000,02/09/2026
Tamil Nadu,Villupuram,Gingee(Uzhavar Sandhai ),Onion,Bellary,Local,5000,6000,5500,02/09/2026
Tamil Nadu,Madurai,Melur(Uzhavar Sandhai ),Onion,Bellary,Local,6000,6500,6250,02/09/2026
Tamil Nadu,Vellore,Perampet(Uzhavar Sandhai),Onion,Bellary,Local,4500,5000,4750,02/09/2026
Tamil Nadu,Thirupathur,Natrampalli(Uzhavar Sandhai ),Onion,Bellary,Local,5000,6000,5500,02/09/2026
Tamil Nadu,Coimbatore,Udumalpet APMC,Onion,Bellary,Local,5500,6500,6000,02/09/2026
Tamil Nadu,Thiruvannamalai,Arani(Uzhavar Sandhai ),Onion,Bellary,Local,5500,6000,5750,02/09/2026
Tamil Nadu,Thiruvannamalai,Polur(Uzhavar Sandhai ),Onion,Bellary,Local,5000,6000,5500,02/09/2026
Tamil Nadu,Thiruvarur,Mannargudi I(Uzhavar Sandhai ),Onion,Bellary,Local,5600,7000,6300,02/09/2026
Tamil Nadu,Thiruvellore,Perambakkam(Uzhavar Sandhai ),Onion,Bellary,Local,5000,5000,5000,02/09/2026
Tamil Nadu,Vellore,Gudiyatham(Uzhavar Sandhai ),Onion,Bellary,Local,5000,5000,5000,02/09/2026
Tamil Nadu,Ariyalur,Jeyankondam (Uzhavar Sandhai ),Onion,Bellary,Local,4600,5000,4800,02/09/2026
Tamil Nadu,Tuticorin,Tuticorin(Uzhavar Sandhai ),Onion,Bellary,Local,5000,5500,5250,02/09/2026
Tamil Nadu,Dharmapuri,Harur(Uzhavar Sandhai ),Onion,Bellary,Local,4500,5500,5000,02/09/2026
Tamil Nadu,Erode,Sathiyamagalam(Uzhavar Sandhai ),Onion,Bellary,Local,5400,5800,5600,02/09/2026
Tamil Nadu,Cuddalore,Chidambaram(Uzhavar Sandhai ),Onion,Bellary,Local,5000,5000,5000,02/09/2026
Tamil Nadu,Cuddalore,Cuddalore(Uzhavar Sandhai ),Onion,Bellary,Local,5000,6000,5500,02/09/2026
Tamil Nadu,Pudukkottai,Ponnamaravathi(Uzhavar Sandhai),Onion,Bellary,Local,5500,6000,5750,02/09/2026
Tamil Nadu,Pudukkottai,Viralimalai(Uzhavar Sandhai ),Onion,Bellary,Local,6500,7000,6750,02/09/2026
Tamil Nadu,Tuticorin,Kovilpatti(Uzhavar Sandhai ),Onion,Bellary,Local,6000,6500,6250,02/09/2026
Tamil Nadu,Thiruvannamalai,Cheyyar(Uzhavar Sandhai ),Onion,Bellary,Local,4800,6000,5400,02/09/2026
Tamil Nadu,Thanjavur,Papanasam(Uzhavar Sandhai ),Onion,Bellary,Local,4800,7200,6000,02/09/2026
Tamil Nadu,Ariyalur,Ariyalur(Uzhavar Sandhai),Onion,Bellary,Local,5000,6000,5500,02/09/2026
Tamil Nadu,Krishnagiri,Kaveripattinam(Uzhavar Sandhai ),Onion,Bellary,Local,5000,5000,5000,02/09/2026
Tamil Nadu,Cuddalore,Viruthachalam(Uzhavar Sandhai ),Onion,Bellary,Local,5000,5000,5000,02/09/2026
Tamil Nadu,Krishnagiri,Krishnagiri(Uzhavar Sandhai ),Onion,Bellary,Local,5000,5500,5250,02/09/2026
Tamil Nadu,Madurai,Thirumangalam(Uzhavar Sandhai ),Onion,Bellary,Local,6000,6500,6250,02/09/2026
Tamil Nadu,Pudukkottai,Aranthangi(Uzhavar Sandhai ),Onion,Bellary,Local,5000,6000,5500,02/09/2026
Tamil Nadu,Erode,Perundurai(Uzhavar Sandhai ),Onion,Bellary,Local,5500,6000,5750,02/09/2026
Tamil Nadu,Dharmapuri,Palacode(Uzhavar Sandhai ),Onion,Bellary,Local,5500,5800,5650,02/09/2026
Tamil Nadu,Dindigul,Palani(Uzhavar Sandhai ),Onion,Bellary,Local,4500,6000,5250,02/09/2026
Tamil Nadu,Salem,Elampillai(Uzhavar Sandhai ),Onion,Bellary,Local,5500,6000,5750,02/09/2026
Tamil Nadu,Sivaganga,Singampunari(Uzhavar Sandhai ),Onion,Bellary,Local,4200,6000,5100,02/09/2026
Tamil Nadu,Thanjavur,Pattukottai(Uzhavar Sandhai ),Onion,Bellary,Local,4600,6000,5300,02/09/2026
Tamil Nadu,Virudhunagar,Sivakasi(Uzhavar Sandhai ),Onion,Bellary,Local,5000,6000,5500,02/09/2026
Tamil Nadu,Chengalpattu,Chengalpet(Uzhavar Sandhai ),Onion,Bellary,Local,5000,6000,5500,02/09/2026
Tamil Nadu,Villupuram,Ulundurpettai APMC,Onion,Bellary,Local,5500,5500,5500,02/09/2026
Tamil Nadu,Krishnagiri,Denkanikottai(Uzhavar Sandhai ),Onion,Bellary,Local,5500,6000,5750,02/09/2026
Tamil Nadu,Namakkal,Mohanur(Uzhavar Sandhai ),Onion,Bellary,Local,5500,6000,5750,02/09/2026
Tamil Nadu,Namakkal,Namakkal(Uzhavar Sandhai ),Onion,Bellary,Local,5000,5600,5300,02/09/2026
Tamil Nadu,Thanjavur,Tirukattupalli(Uzhavar Sandhai ),Onion,Bellary,Local,4800,6000,5400,02/09/2026
Tamil Nadu,Madurai,Palanganatham(Uzhavar Sandhai ),Onion,Bellary,Local,4000,6500,5250,02/09/2026
Tamil Nadu,Perambalur,Perambalur(Uzhavar Sandhai ),Onion,Bellary,Local,6000,6600,6300,02/09/2026
Tamil Nadu,Ranipet,Arcot(Uzhavar Sandhai ),Onion,Bellary,Local,5000,5600,5300,02/09/2026
Tamil Nadu,Ranipet,Ranipettai(Uzhavar Sandhai ),Onion,Bellary,Local,5600,5600,5600,02/09/2026
Tamil Nadu,Thirunelveli,Palayamkottai(Uzhavar Sandhai ),Onion,Bellary,Local,5400,5800,5600,02/09/2026
Tamil Nadu,Coimbatore,Sulur(Uzhavar Sandhai ),Onion,Bellary,Local,5000,5500,5250,02/09/2026
Tamil Nadu,Cuddalore,Panruti(Uzhavar Sandhai ),Onion,Bellary,Local,5000,5000,5000,02/09/2026
Tamil Nadu,Thirupur,Dharapuram(Uzhavar Sandhai ),Onion,Bellary,Local,5500,6000,5750,02/09/2026
Tamil Nadu,Theni,Periyakulam(Uzhavar Sandhai ),Onion,Bellary,Local,5500,5800,5650,02/09/2026
Tamil Nadu,Coimbatore,Sundarapuram(Uzhavar Sandhai ),Onion,Bellary,Local,5200,5500,5350,02/09/2026
Tamil Nadu,Coimbatore,Mettupalayam(Uzhavar Sandhai ),Onion,Bellary,Local,5500,6000,5750,02/09/2026
Tamil Nadu,Coimbatore,Singanallur(Uzhavar Sandhai ),Onion,Bellary,Local,5000,5500,5250,02/09/2026
Tamil Nadu,Pudukkottai,Karambakkudi(Uzhavar Sandhai ),Onion,Bellary,Local,5500,6000,5750,02/09/2026
Tamil Nadu,The Nilgiris,Coonoor(Uzhavar Sandhai ),Onion,Bellary,Local,5800,6000,5900,02/09/2026
Tamil Nadu,Virudhunagar,Srivilliputhur(Uzhavar Sandhai ),Onion,Bellary,Local,5000,6000,5500,02/09/2026
Tamil Nadu,Erode,Gobichettipalayam(Uzhavar Sandhai ),Onion,Bellary,Local,5500,6000,5750,02/09/2026
Tamil Nadu,Erode,Sampath Nagar(Uzhavar Sandhai ),Onion,Bellary,Local,5600,6000,5800,02/09/2026
Tamil Nadu,Nagapattinam,Mayiladuthurai(Uzhavar Sandhai ),Onion,Bellary,Local,3500,4000,3750,02/09/2026
Tamil Nadu,Pudukkottai,Alangudi(Uzhavar Sandhai ),Onion,Bellary,Local,6000,7000,6500,02/09/2026
Tamil Nadu,Thiruvannamalai,Tiruvannamalai(Uzhavar Sandhai ),Onion,Bellary,Local,5000,6000,5500,02/09/2026
Tamil Nadu,Thiruvarur,Mannargudi II(Uzhavar Sandhai ),Onion,Bellary,Local,7000,7000,7000,02/09/2026
Tamil Nadu,Erode,Thalavadi(Uzhavar Sandhai ),Onion,Bellary,Local,5400,5800,5600,02/09/2026
Tamil Nadu,Sivaganga,Sivagangai (Uzhavar Sandhai ),Onion,Bellary,Local,6200,6600,6400,02/09/2026
Tamil Nadu,Sivaganga,Tirupatthur(Uzhavar Sandhai ),Onion,Bellary,Local,6500,7000,6750,02/09/2026
Tamil Nadu,Thiruchirappalli,Lalgudi(Uzhavar Sandhai ),Onion,Bellary,Local,5000,6000,5500,02/09/2026
Tamil Nadu,Virudhunagar,Sathur(Uzhavar Sandhai ),Onion,Bellary,Local,4500,5000,4750,02/09/2026
Tamil Nadu,Chengalpattu,Jameenrayapettai(Uzhavar Sandhai ),Onion,Bellary,Local,5000,6000,5500,02/09/2026
Tamil Nadu,Dharmapuri,Pennagaram(Uzhavar Sandhai ),Onion,Bellary,Local,5500,5800,5650,02/09/2026
Tamil Nadu,Dindigul,Dindigul(Uzhavar Sandhai ),Onion,Bellary,Local,5000,6000,5500,02/09/2026
Tamil Nadu,Kancheepuram,Sunguvarchatram(Uzhavar Sandhai ),Onion,Bellary,Local,4500,5000,4750,02/09/2026
Tamil Nadu,Madurai,Anna nagar(Uzhavar Sandhai ),Onion,Bellary,Local,6000,6400,6200,02/09/2026
Tamil Nadu,Salem,Mettur(Uzhavar Sandhai ),Onion,Bellary,Local,5500,6500,6000,02/09/2026
Tamil Nadu,Thiruchirappalli,Thuraiyur APMC,Onion,Bellary,Local,5000,6500,5750,02/09/2026
Tamil Nadu,Salem,Thammampatti (Uzhavar Sandhai ),Onion,Bellary,Local,5500,6000,5750,02/09/2026
Tamil Nadu,Thiruvannamalai,Keelpennathur(Uzhavar Sandhai ),Onion,Bellary,Local,5500,6000,5750,02/09/2026
Tamil Nadu,Madurai,Chokkikulam(Uzhavar Sandhai ),Onion,Bellary,Local,4000,6500,5250,02/09/2026
Tamil Nadu,Kancheepuram,Padappai(Uzhavar Sandhai ),Onion,Bellary,Local,4800,5500,5150,02/09/2026
Tamil Nadu,Krishnagiri,Avallapalli(Uzhavar Sandhai ),Onion,Bellary,Local,5500,6000,5750,02/09/2026
Tamil Nadu,Madurai,Usilampatti(Uzhavar Sandhai ),Onion,Bellary,Local,6000,6500,6250,02/09/2026
Tamil Nadu,Nagapattinam,Sirkali(Uzhavar Sandhai ),Onion,Bellary,Local,4500,5000,4750,02/09/2026
Tamil Nadu,Namakkal,Kumarapalayam(Uzhavar Sandhai ),Onion,Bellary,Local,2800,3000,2900,02/09/2026
Tamil Nadu,Salem,Ammapet(Uzhavar Sandhai ),Onion,Bellary,Local,5500,6000,5750,02/09/2026
Tamil Nadu,Salem,Sooramangalam(Uzhavar Sandhai ),Onion,Bellary,Local,5500,6000,5750,02/09/2026
Tamil Nadu,Theni,Chinnamanur(Uzhavar Sandhai ),Onion,Bellary,Local,6000,6000,6000,02/09/2026
Tamil Nadu,Theni,Kambam(Uzhavar Sandhai ),Onion,Bellary,Local,5500,5500,5500,02/09/2026
Tamil Nadu,Thiruvannamalai,Vandavasi(Uzhavar Sandhai ),Onion,Bellary,Local,5000,6000,5500,02/09/2026
Tamil Nadu,Salem,Jalagandapuram(Uzhavar Sandhai ),Onion,Bellary,Local,6000,6400,6200,02/09/2026
Tamil Nadu,Thiruchirappalli,Musiri(Uzhavar Sandhai ),Onion,Bellary,Local,6000,6500,6250,02/09/2026
Tamil Nadu,Virudhunagar,Rajapalayam(Uzhavar Sandhai ),Onion,Bellary,Local,6000,6500,6250,02/09/2026
Tamil Nadu,Virudhunagar,Thalavaipuram(Uzhavar Sandhai ),Onion,Bellary,Local,5500,6500,6000,02/09/2026
Tamil Nadu,Nagercoil (Kannyiakumari),Myladi(Uzhavar Sandhai ),Onion,Bellary,Local,6000,6500,6250,02/09/2026
Tamil Nadu,Nagapattinam,Nagapattinam(Uzhavar Sandhai ),Onion,Bellary,Local,3300,3800,3550,02/09/2026
Tamil Nadu,Theni,Andipatti(Uzhavar Sandhai ),Onion,Bellary,Local,5500,5800,5650,02/09/2026
Tamil Nadu,Salem,Vazhapadi(Uzhavar Sandhai),Onion,Bellary,Local,6000,6500,6250,02/09/2026
Tamil Nadu,Nagapattinam,Vedaranyam(Uzhavar Sandhai),Onion,Bellary,Local,3200,3500,3350,02/09/2026
Tamil Nadu,Thirupathur,Vaniyampadi(Uzhavar Sandhai ),Onion,Bellary,Local,5000,5000,5000,02/09/2026
Tamil Nadu,Dindigul,Vedasanthur(Uzhavar Sandhai ),Onion,Bellary,Local,5000,6000,5500,02/09/2026
Tamil Nadu,Vellore,Pallikonda(Uzhavar Sandhai),Onion,Bellary,Local,5000,5500,5250,02/09/2026
Tamil Nadu,Ramanathapuram,Ramanathapuram(Uzhavar Sandhai ),Onion,Bellary,Local,6500,7000,6750,02/09/2026
Tamil Nadu,Namakkal,Tiruchengode APMC,Onion,Bellary,Local,5400,6000,5700,02/09/2026
Tamil Nadu,Coimbatore,Pollachi(Uzhavar Sandhai ),Onion,Bellary,Local,5000,5800,5400,02/09/2026
Tamil Nadu,Karur,Karur(Uzhavar Sandhai ),Onion,Bellary,Local,5500,6000,5750,02/09/2026
Tamil Nadu,The Nilgiris,Gudalur(Uzhavar Sandhai ),Onion,Bellary,Local,5500,6000,5750,02/09/2026
Tamil Nadu,Dindigul,Chinnalapatti(Uzhavar Sandhai ),Onion,Bellary,Local,5000,6000,5500,02/09/2026
Tamil Nadu,Kallakuruchi,Sankarapuram(Uzhavar Sandhai ),Onion,Bellary,Local,6000,6000,6000,02/09/2026
Tamil Nadu,Dharmapuri,Karimangalam(Uzhavar Sandhai),Onion,Bellary,Local,5000,5500,5250,02/09/2026
Tamil Nadu,Madurai,Anaiyur(Uzhavar Sandhai ),Onion,Bellary,Local,6000,6500,6250,02/09/2026
Tamil Nadu,Namakkal,Paramathivelur(Uzhavar Sandhai ),Onion,Bellary,Local,4500,5600,5050,02/09/2026
Tamil Nadu,Theni,Theni(Uzhavar Sandhai ),Onion,Bellary,Local,5500,5800,5650,02/09/2026
Tamil Nadu,Thirunelveli,Melapalayam(Uzhavar Sandhai ),Onion,Bellary,Local,4600,5800,5200,02/09/2026
Tamil Nadu,Thirunelveli,NGO Colony(Uzhavar Sandhai ),Onion,Bellary,Local,5000,5800,5400,02/09/2026
Tamil Nadu,Thirupur,Kangayam(Uzhavar Sandhai ),Onion,Bellary,Local,5100,5400,5250,02/09/2026
Tamil Nadu,Thiruvannamalai,Chengam(Uzhavar Sandhai ),Onion,Bellary,Local,4200,5000,4600,02/09/2026
Tamil Nadu,Thiruvarur,Muthupettai(Uzhavar Sandhai ),Onion,Bellary,Local,5000,5000,5000,02/09/2026
Tamil Nadu,Pudukkottai,Gandarvakottai(Uzhavar Sandhai ),Onion,Bellary,Local,6500,7000,6750,02/09/2026
Tamil Nadu,Dharmapuri,AJattihalli(Uzhavar Sandhai ),Onion,Bellary,Local,5000,5800,5400,02/09/2026
Tamil Nadu,Sivaganga,Karaikudi(Uzhavar Sandhai ),Onion,Bellary,Local,3500,4500,4000,02/09/2026
Tamil Nadu,Thanjavur,Thanjavur(Uzhavar Sandhai ),Onion,Bellary,Local,6000,6000,6000,02/09/2026
Tamil Nadu,Thiruchirappalli,Manapparai(Uzhavar Sandhai ),Onion,Bellary,Local,5000,6000,5500,02/09/2026
Tamil Nadu,Thiruchirappalli,Thiruverumbur(Uzhavar Sandhai ),Onion,Bellary,Local,6000,6000,6000,02/09/2026
Tamil Nadu,Chengalpattu,Medavakkam(Uzhavar Sandhai ),Onion,Bellary,Local,6000,6000,6000,02/09/2026
Tamil Nadu,Chengalpattu,Nanganallur(Uzhavar Sandhai ),Onion,Bellary,Local,5500,6000,5750,02/09/2026
Tamil Nadu,Villupuram,Tindivanam APMC,Onion,Bellary,Local,5800,5800,5800,02/09/2026
Tamil Nadu,Pudukkottai,Pudukottai(Uzhavar Sandhai ),Onion,Bellary,Local,6000,7000,6500,02/09/2026
Tamil Nadu,Thanjavur,Kumbakonam (Uzhavar Sandhai ),Onion,Bellary,Local,4800,7200,6000,02/09/2026
Tamil Nadu,The Nilgiris,Udhagamandalam(Uzhavar Sandhai ),Onion,Bellary,Local,5500,6000,5750,02/09/2026
Tamil Nadu,Theni,Bodinayakanur(Uzhavar Sandhai ),Onion,Bellary,Local,6000,6000,6000,02/09/2026
Tamil Nadu,Virudhunagar,Aruppukottai(Uzhavar Sandhai ),Onion,Bellary,Local,5000,6000,5500,02/09/2026
Tamil Nadu,Thiruvellore,Tiruthani(Uzhavar Sandhai ),Onion,Bellary,Local,5000,5000,5000,02/09/2026
Tamil Nadu,Virudhunagar,Kariyapatti(Uzhavar Sandhai ),Onion,Bellary,Local,5500,6000,5750,02/09/2026
Tamil Nadu,Thiruvellore,Tiruvallur(Uzhavar Sandhai ),Onion,Bellary,Local,5000,5000,5000,02/09/2026
Tamil Nadu,Vellore,Katpadi (Uzhavar Sandhai ),Onion,Bellary,Local,6000,6000,6000,02/09/2026
Tamil Nadu,Karur,Gandhigramam(Uzhavar Sandhai),Onion,Bellary,Local,5500,6000,5750,02/09/2026
Tamil Nadu,Karur,Kulithalai(Uzhavar Sandhai ),Onion,Bellary,Local,5600,6000,5800,02/09/2026
Tamil Nadu,Chengalpattu,Guduvancheri(Uzhavar Sandhai ),Onion,Bellary,Local,5000,6000,5500,02/09/2026
Tamil Nadu,Salem,Athur(Uzhavar Sandhai ),Onion,Bellary,Local,5500,6000,5750,02/09/2026
Tamil Nadu,Coimbatore,Vadavalli(Uzhavar Sandhai ),Onion,Bellary,Local,5200,5500,5350,02/09/2026
Tamil Nadu,Ramanathapuram,Paramakudi(Uzhavar Sandhai ),Onion,Bellary,Local,5500,6000,5750,02/09/2026
Tamil Nadu,Thiruvellore,Naravarikuppam(Uzhavar Sandhai ),Onion,Bellary,Local,5500,5500,5500,02/09/2026
Tamil Nadu,Thiruvellore,Paruthipattu(Uzhavar Sandhai ),Onion,Bellary,Local,5000,5000,5000,02/09/2026
Tamil Nadu,Vellore,Kahithapattarai(Uzhavar Sandhai ),Onion,Bellary,Local,6000,6000,6000,02/09/2026
Tamil Nadu,Villupuram,Villupuram(Uzhavar Sandhai ),Onion,Bellary,Local,6000,6000,6000,02/09/2026
Tamil Nadu,Dindigul,Kodaikkanal(Uzhavar Sandhai),Onion,Bellary,Local,5000,6000,5500,02/09/2026
Tamil Nadu,Coimbatore,RSPuram(Uzhavar Sandhai ),Onion,Bellary,Local,5200,5500,5350,02/09/2026
Tamil Nadu,Coimbatore,Kurichi(Uzhavar Sandhai ),Onion,Bellary,Local,5200,5500,5350,02/09/2026
Tamil Nadu,Nagercoil (Kannyiakumari),Vadaseri APMC,Onion,Bellary,Local,6500,7000,6750,02/09/2026
Tamil Nadu,Vellore,Thirupathur APMC,Onion,Bellary,Local,5500,5500,5500,02/09/2026
Tamil Nadu,Vellore,Vellore APMC,Onion,Bellary,Local,5600,5800,5700,02/09/2026
Tamil Nadu,Nagapattinam,Sirkali(Uzhavar Sandhai ),Onion Green,Onion Green,Local,5500,6000,5750,02/09/2026
Tamil Nadu,Namakkal,Namakkal(Uzhavar Sandhai ),Onion Green,Onion Green,Local,4000,7400,5700,02/09/2026
Tamil Nadu,Salem,Mettur(Uzhavar Sandhai ),Onion Green,Onion Green,Local,6000,6500,6250,02/09/2026
Tamil Nadu,Salem,Thammampatti (Uzhavar Sandhai ),Onion Green,Onion Green,Local,5500,6000,5750,02/09/2026
Tamil Nadu,Sivaganga,Sivagangai (Uzhavar Sandhai ),Onion Green,Onion Green,Local,7600,8200,7900,02/09/2026
Tamil Nadu,Sivaganga,Devakottai (Uzhavar Sandhai ),Onion Green,Onion Green,Local,7400,8200,7800,02/09/2026
Tamil Nadu,Salem,Hasthampatti(Uzhavar Sandhai ),Onion Green,Onion Green,Local,5600,6000,5800,02/09/2026
Tamil Nadu,Sivaganga,Tirupatthur(Uzhavar Sandhai ),Onion Green,Onion Green,Local,8000,8500,8250,02/09/2026
Tamil Nadu,Thanjavur,Pattukottai(Uzhavar Sandhai ),Onion Green,Onion Green,Local,7800,7800,7800,02/09/2026
Tamil Nadu,Chengalpattu,Nanganallur(Uzhavar Sandhai ),Onion Green,Onion Green,Local,7500,8000,7750,02/09/2026
Tamil Nadu,Madurai,Chokkikulam(Uzhavar Sandhai ),Onion Green,Onion Green,Local,7500,8000,7750,02/09/2026
Tamil Nadu,Nagapattinam,Nagapattinam(Uzhavar Sandhai ),Onion Green,Onion Green,Local,7600,8500,8050,02/09/2026
Tamil Nadu,Madurai,Melur(Uzhavar Sandhai ),Onion Green,Onion Green,Local,7500,8000,7750,02/09/2026
Tamil Nadu,Salem,Athur(Uzhavar Sandhai ),Onion Green,Onion Green,Local,5500,6500,6000,02/09/2026
Tamil Nadu,Coimbatore,Udumalpet APMC,Onion Green,Onion Green,Local,6500,8000,7250,02/09/2026
Tamil Nadu,Ramanathapuram,Paramakudi(Uzhavar Sandhai ),Onion Green,Onion Green,Local,6500,7000,6750,02/09/2026
Tamil Nadu,Thiruvarur,Mannargudi II(Uzhavar Sandhai ),Onion Green,Onion Green,Local,8400,8400,8400,02/09/2026
Tamil Nadu,Coimbatore,Sundarapuram(Uzhavar Sandhai ),Onion Green,Onion Green,Local,7500,8000,7750,02/09/2026
Tamil Nadu,Coimbatore,Mettupalayam(Uzhavar Sandhai ),Onion Green,Onion Green,Local,6500,7500,7000,02/09/2026
Tamil Nadu,Coimbatore,RSPuram(Uzhavar Sandhai ),Onion Green,Onion Green,Local,7500,8000,7750,02/09/2026
Tamil Nadu,Pudukkottai,Karambakkudi(Uzhavar Sandhai ),Onion Green,Onion Green,Local,7500,8000,7750,02/09/2026
Tamil Nadu,Krishnagiri,Kaveripattinam(Uzhavar Sandhai ),Onion Green,Onion Green,Local,8000,8000,8000,02/09/2026
Tamil Nadu,Coimbatore,Pollachi(Uzhavar Sandhai ),Onion Green,Onion Green,Local,7000,7500,7250,02/09/2026
Tamil Nadu,Cuddalore,Cuddalore(Uzhavar Sandhai ),Onion Green,Onion Green,Local,7000,8000,7500,02/09/2026
Tamil Nadu,Thiruvannamalai,Arani(Uzhavar Sandhai ),Onion Green,Onion Green,Local,5000,6000,5500,02/09/2026
Tamil Nadu,Thiruvannamalai,Tiruvannamalai(Uzhavar Sandhai ),Onion Green,Onion Green,Local,7000,8000,7500,02/09/2026
Tamil Nadu,Tuticorin,Kovilpatti(Uzhavar Sandhai ),Onion Green,Onion Green,Local,7000,7500,7250,02/09/2026
Tamil Nadu,Dindigul,Kodaikkanal(Uzhavar Sandhai),Onion Green,Onion Green,Local,6000,6000,6000,02/09/2026
Tamil Nadu,The Nilgiris,Gudalur(Uzhavar Sandhai ),Onion Green,Onion Green,Local,7000,7500,7250,02/09/2026
Tamil Nadu,Erode,Thalavadi(Uzhavar Sandhai ),Onion Green,Onion Green,Local,6000,6500,6250,02/09/2026
Tamil Nadu,Thiruvarur,Needamangalam(Uzhavar Sandhai ),Onion Green,Onion Green,Local,8000,8000,8000,02/09/2026
Tamil Nadu,Virudhunagar,Aruppukottai(Uzhavar Sandhai ),Onion Green,Onion Green,Local,7000,8000,7500,02/09/2026
Tamil Nadu,Villupuram,Gingee(Uzhavar Sandhai ),Onion Green,Onion Green,Local,7500,7500,7500,02/09/2026
Tamil Nadu,Dindigul,Palani(Uzhavar Sandhai ),Onion Green,Onion Green,Local,5000,7000,6000,02/09/2026
Tamil Nadu,Salem,Edapadi (Uzhavar Sandhai ),Onion Green,Onion Green,Local,5500,6500,6000,02/09/2026
Tamil Nadu,Virudhunagar,Rajapalayam(Uzhavar Sandhai ),Onion Green,Onion Green,Local,7000,7500,7250,02/09/2026
Tamil Nadu,Virudhunagar,Virudhunagar(Uzhavar Sandhai ),Onion Green,Onion Green,Local,6500,7000,6750,02/09/2026
Tamil Nadu,Chengalpattu,Chengalpet(Uzhavar Sandhai ),Onion Green,Onion Green,Local,9000,10000,9500,02/09/2026
Tamil Nadu,Krishnagiri,Denkanikottai(Uzhavar Sandhai ),Onion Green,Onion Green,Local,8500,9000,8750,02/09/2026
Tamil Nadu,Namakkal,Kumarapalayam(Uzhavar Sandhai ),Onion Green,Onion Green,Local,5000,7000,6000,02/09/2026
Tamil Nadu,Namakkal,Mohanur(Uzhavar Sandhai ),Onion Green,Onion Green,Local,3600,8000,5800,02/09/2026
Tamil Nadu,Namakkal,Paramathivelur(Uzhavar Sandhai ),Onion Green,Onion Green,Local,6000,7500,6750,02/09/2026
Tamil Nadu,Thanjavur,Tirukattupalli(Uzhavar Sandhai ),Onion Green,Onion Green,Local,7600,7600,7600,02/09/2026
Tamil Nadu,Thirunelveli,NGO Colony(Uzhavar Sandhai ),Onion Green,Onion Green,Local,7000,7800,7400,02/09/2026
Tamil Nadu,Thiruvarur,Muthupettai(Uzhavar Sandhai ),Onion Green,Onion Green,Local,8000,8000,8000,02/09/2026
Tamil Nadu,Thanjavur,Peravurani(Uzhavar Sandhai),Onion Green,Onion Green,Local,5000,5000,5000,02/09/2026
Tamil Nadu,Theni,Devaram(Uzhavar Sandhai ),Onion Green,Onion Green,Local,8000,8000,8000,02/09/2026
Tamil Nadu,Thirupathur,Vaniyampadi(Uzhavar Sandhai ),Onion Green,Onion Green,Local,8000,8000,8000,02/09/2026
Tamil Nadu,Thirupur,Palladam(Uzhavar Sandhai ),Onion Green,Onion Green,Local,6000,7000,6500,02/09/2026
Tamil Nadu,Virudhunagar,Srivilliputhur(Uzhavar Sandhai ),Onion Green,Onion Green,Local,6000,7000,6500,02/09/2026
Tamil Nadu,Karur,Karur(Uzhavar Sandhai ),Onion Green,Onion Green,Local,7500,8000,7750,02/09/2026
Tamil Nadu,Tuticorin,Tuticorin(Uzhavar Sandhai ),Onion Green,Onion Green,Local,7500,8000,7750,02/09/2026
Tamil Nadu,Dharmapuri,Harur(Uzhavar Sandhai ),Onion Green,Onion Green,Local,6000,6500,6250,02/09/2026
Tamil Nadu,Kallakuruchi,Kallakurichi(Uzhavar Sandhai ),Onion Green,Onion Green,Local,7000,7000,7000,02/09/2026
Tamil Nadu,Thirupathur,Natrampalli(Uzhavar Sandhai ),Onion Green,Onion Green,Local,5000,6000,5500,02/09/2026
Tamil Nadu,Theni,Periyakulam(Uzhavar Sandhai ),Onion Green,Onion Green,Local,7000,8000,7500,02/09/2026
Tamil Nadu,Thiruvannamalai,Polur(Uzhavar Sandhai ),Onion Green,Onion Green,Local,5000,6000,5500,02/09/2026
Tamil Nadu,Thiruvarur,Mannargudi I(Uzhavar Sandhai ),Onion Green,Onion Green,Local,8000,8400,8200,02/09/2026
Tamil Nadu,Vellore,Kahithapattarai(Uzhavar Sandhai ),Onion Green,Onion Green,Local,9000,9000,9000,02/09/2026
Tamil Nadu,Thiruvannamalai,Cheyyar(Uzhavar Sandhai ),Onion Green,Onion Green,Local,4800,6000,5400,02/09/2026
Tamil Nadu,Thanjavur,Papanasam(Uzhavar Sandhai ),Onion Green,Onion Green,Local,7200,8600,7900,02/09/2026
Tamil Nadu,Tenkasi,Sankarankoil(Uzhavar Sandhai ),Onion Green,Onion Green,Local,6000,6500,6250,02/09/2026
Tamil Nadu,Thiruvarur,Valangaiman APMC,Onion Green,Onion Green,Local,8000,8000,8000,02/09/2026
Tamil Nadu,Virudhunagar,Kariyapatti(Uzhavar Sandhai ),Onion Green,Onion Green,Local,7500,8000,7750,02/09/2026
Tamil Nadu,Karur,Gandhigramam(Uzhavar Sandhai),Onion Green,Onion Green,Local,7500,8000,7750,02/09/2026
Tamil Nadu,Salem,Attayampatti(Uzhavar Sandhai ),Onion Green,Onion Green,Local,6000,6500,6250,02/09/2026
Tamil Nadu,Salem,Jalagandapuram(Uzhavar Sandhai ),Onion Green,Onion Green,Local,6000,6500,6250,02/09/2026
Tamil Nadu,Sivaganga,Karaikudi(Uzhavar Sandhai ),Onion Green,Onion Green,Local,8000,8500,8250,02/09/2026
Tamil Nadu,Thanjavur,Thanjavur(Uzhavar Sandhai ),Onion Green,Onion Green,Local,8000,8000,8000,02/09/2026
Tamil Nadu,Thiruchirappalli,Lalgudi(Uzhavar Sandhai ),Onion Green,Onion Green,Local,8000,8000,8000,02/09/2026
Tamil Nadu,Thiruchirappalli,Manapparai(Uzhavar Sandhai ),Onion Green,Onion Green,Local,7000,8000,7500,02/09/2026
Tamil Nadu,Thiruchirappalli,Musiri(Uzhavar Sandhai ),Onion Green,Onion Green,Local,7000,8000,7500,02/09/2026
Tamil Nadu,Erode,Perundurai(Uzhavar Sandhai ),Onion Green,Onion Green,Local,6500,7000,6750,02/09/2026
Tamil Nadu,Kallakuruchi,Sankarapuram(Uzhavar Sandhai ),Onion Green,Onion Green,Local,8000,8000,8000,02/09/2026
Tamil Nadu,Kancheepuram,Kundrathur(Uzhavar Sandhai ),Onion Green,Onion Green,Local,6000,6000,6000,02/09/2026
Tamil Nadu,Krishnagiri,Avallapalli(Uzhavar Sandhai ),Onion Green,Onion Green,Local,8000,9000,8500,02/09/2026
Tamil Nadu,Dharmapuri,Karimangalam(Uzhavar Sandhai),Onion Green,Onion Green,Local,6000,6500,6250,02/09/2026
Tamil Nadu,Namakkal,Rasipuram(Uzhavar Sandhai ),Onion Green,Onion Green,Local,5400,8000,6700,02/09/2026
Tamil Nadu,Ranipet,Arcot(Uzhavar Sandhai ),Onion Green,Onion Green,Local,8000,10000,9000,02/09/2026
Tamil Nadu,Ranipet,Ranipettai(Uzhavar Sandhai ),Onion Green,Onion Green,Local,10000,10000,10000,02/09/2026
Tamil Nadu,Salem,Ammapet(Uzhavar Sandhai ),Onion Green,Onion Green,Local,6000,6400,6200,02/09/2026
Tamil Nadu,Salem,Thathakapatti(Uzhavar Sandhai ),Onion Green,Onion Green,Local,5500,6800,6150,02/09/2026
Tamil Nadu,Thirupur,Kangayam(Uzhavar Sandhai ),Onion Green,Onion Green,Local,7100,7400,7250,02/09/2026
Tamil Nadu,Thirupur,Tiruppur (North) (Uzhavar Sandhai ),Onion Green,Onion Green,Local,6000,7000,6500,02/09/2026
Tamil Nadu,Coimbatore,Sulur(Uzhavar Sandhai ),Onion Green,Onion Green,Local,7000,7500,7250,02/09/2026
Tamil Nadu,Pudukkottai,Gandarvakottai(Uzhavar Sandhai ),Onion Green,Onion Green,Local,7500,8000,7750,02/09/2026
Tamil Nadu,Dharmapuri,AJattihalli(Uzhavar Sandhai ),Onion Green,Onion Green,Local,6500,7000,6750,02/09/2026
Tamil Nadu,Karur,Pallapatti (Uzhavar Sandhai ),Onion Green,Onion Green,Local,7000,8000,7500,02/09/2026
Tamil Nadu,Dharmapuri,Dharmapuri(Uzhavar Sandhai ),Onion Green,Onion Green,Local,6200,6500,6350,02/09/2026
Tamil Nadu,Dindigul,Dindigul(Uzhavar Sandhai ),Onion Green,Onion Green,Local,6000,7000,6500,02/09/2026
Tamil Nadu,Kancheepuram,Padappai(Uzhavar Sandhai ),Onion Green,Onion Green,Local,6000,7500,6750,02/09/2026
Tamil Nadu,Kancheepuram,Sunguvarchatram(Uzhavar Sandhai ),Onion Green,Onion Green,Local,6000,6000,6000,02/09/2026
Tamil Nadu,Madurai,Usilampatti(Uzhavar Sandhai ),Onion Green,Onion Green,Local,7500,8000,7750,02/09/2026
Tamil Nadu,Madurai,Anna nagar(Uzhavar Sandhai ),Onion Green,Onion Green,Local,7000,7800,7400,02/09/2026
Tamil Nadu,Perambalur,Perambalur(Uzhavar Sandhai ),Onion Green,Onion Green,Local,5000,7000,6000,02/09/2026
Tamil Nadu,Salem,Mecheri(Uzhavar Sandhai),Onion Green,Onion Green,Local,5000,6000,5500,02/09/2026
Tamil Nadu,Theni,Theni(Uzhavar Sandhai ),Onion Green,Onion Green,Local,7500,8000,7750,02/09/2026
Tamil Nadu,Thiruvannamalai,Tamarainagar(Uzhavar Sandhai ),Onion Green,Onion Green,Local,8000,9500,8750,02/09/2026
Tamil Nadu,Thiruvannamalai,Vandavasi(Uzhavar Sandhai ),Onion Green,Onion Green,Local,5000,6000,5500,02/09/2026
Tamil Nadu,Cuddalore,Panruti(Uzhavar Sandhai ),Onion Green,Onion Green,Local,7000,8000,7500,02/09/2026
Tamil Nadu,Karur,Velayuthampalayam(Uzhavar Sandhai ),Onion Green,Onion Green,Local,7000,8000,7500,02/09/2026
Tamil Nadu,Karur,Vengamedu(Uzhavar Sandhai ),Onion Green,Onion Green,Local,7500,8000,7750,02/09/2026
Tamil Nadu,Salem,Elampillai(Uzhavar Sandhai ),Onion Green,Onion Green,Local,6000,6500,6250,02/09/2026
Tamil Nadu,Sivaganga,Singampunari(Uzhavar Sandhai ),Onion Green,Onion Green,Local,7600,8200,7900,02/09/2026
Tamil Nadu,Chengalpattu,Madhuranthagam(Uzhavar Sandhai ),Onion Green,Onion Green,Local,6000,6000,6000,02/09/2026
Tamil Nadu,Chengalpattu,Jameenrayapettai(Uzhavar Sandhai ),Onion Green,Onion Green,Local,9000,10000,9500,02/09/2026
Tamil Nadu,Villupuram,Ulundurpettai APMC,Onion Green,Onion Green,Local,7000,7000,7000,02/09/2026
Tamil Nadu,Thanjavur,Kumbakonam (Uzhavar Sandhai ),Onion Green,Onion Green,Local,7200,8400,7800,02/09/2026
Tamil Nadu,Theni,Andipatti(Uzhavar Sandhai ),Onion Green,Onion Green,Local,7000,8000,7500,02/09/2026
Tamil Nadu,Vellore,Katpadi (Uzhavar Sandhai ),Onion Green,Onion Green,Local,8000,8000,8000,02/09/2026
Tamil Nadu,Madurai,Thirumangalam(Uzhavar Sandhai ),Onion Green,Onion Green,Local,7000,8000,7500,02/09/2026
Tamil Nadu,Salem,Vazhapadi(Uzhavar Sandhai),Onion Green,Onion Green,Local,6000,6500,6250,02/09/2026
Tamil Nadu,Nagapattinam,Vedaranyam(Uzhavar Sandhai),Onion Green,Onion Green,Local,6200,6500,6350,02/09/2026
Tamil Nadu,Vellore,Perampet(Uzhavar Sandhai),Onion Green,Onion Green,Local,7000,8000,7500,02/09/2026
Tamil Nadu,Karur,Kulithalai(Uzhavar Sandhai ),Onion Green,Onion Green,Local,7500,8000,7750,02/09/2026
Tamil Nadu,Thirupur,Dharapuram(Uzhavar Sandhai ),Onion Green,Onion Green,Local,6000,7000,6500,02/09/2026
Tamil Nadu,Erode,Sampath Nagar(Uzhavar Sandhai ),Onion Green,Onion Green,Local,6000,6500,6250,02/09/2026
Tamil Nadu,Pudukkottai,Ponnamaravathi(Uzhavar Sandhai),Onion Green,Onion Green,Local,7500,8000,7750,02/09/2026
Tamil Nadu,Ramanathapuram,Ramanathapuram(Uzhavar Sandhai ),Onion Green,Onion Green,Local,7500,8000,7750,02/09/2026
Tamil Nadu,Ariyalur,Ariyalur(Uzhavar Sandhai),Onion Green,Onion Green,Local,7400,8000,7700,02/09/2026
Tamil Nadu,Vellore,Thirupathur APMC,Onion Green,Onion Green,Local,7500,7500,7500,02/09/2026
Tamil Nadu,The Nilgiris,Coonoor(Uzhavar Sandhai ),Onion Green,Onion Green,Local,7200,7600,7400,02/09/2026
Tamil Nadu,Thirupur,Tiruppur (South) (Uzhavar Sandhai ),Onion Green,Onion Green,Local,4500,6000,5250,02/09/2026
Tamil Nadu,Dharmapuri,Palacode(Uzhavar Sandhai ),Onion Green,Onion Green,Local,6000,6500,6250,02/09/2026
Tamil Nadu,Dharmapuri,Pennagaram(Uzhavar Sandhai ),Onion Green,Onion Green,Local,5500,6000,5750,02/09/2026
Tamil Nadu,Dindigul,Chinnalapatti(Uzhavar Sandhai ),Onion Green,Onion Green,Local,6000,7000,6500,02/09/2026
Tamil Nadu,Erode,Periyar Nagar(Uzhavar Sandhai ),Onion Green,Onion Green,Local,6000,6500,6250,02/09/2026
Tamil Nadu,Krishnagiri,Hosur(Uzhavar Sandhai ),Onion Green,Onion Green,Local,8500,9000,8750,02/09/2026
Tamil Nadu,Madurai,Anaiyur(Uzhavar Sandhai ),Onion Green,Onion Green,Local,7500,8000,7750,02/09/2026
Tamil Nadu,Madurai,Palanganatham(Uzhavar Sandhai ),Onion Green,Onion Green,Local,7500,8000,7750,02/09/2026
Tamil Nadu,Salem,Sooramangalam(Uzhavar Sandhai ),Onion Green,Onion Green,Local,5500,6000,5750,02/09/2026
Tamil Nadu,Thiruchirappalli,Thuraiyur APMC,Onion Green,Onion Green,Local,7000,8000,7500,02/09/2026
Tamil Nadu,Theni,Chinnamanur(Uzhavar Sandhai ),Onion Green,Onion Green,Local,7500,8000,7750,02/09/2026
Tamil Nadu,Theni,Kambam(Uzhavar Sandhai ),Onion Green,Onion Green,Local,6500,7000,6750,02/09/2026
Tamil Nadu,Thirunelveli,Kandiyaperi(Uzhavar Sandhai ),Onion Green,Onion Green,Local,6000,7000,6500,02/09/2026
Tamil Nadu,Thirunelveli,Melapalayam(Uzhavar Sandhai ),Onion Green,Onion Green,Local,6000,7500,6750,02/09/2026
Tamil Nadu,Thirunelveli,Palayamkottai(Uzhavar Sandhai ),Onion Green,Onion Green,Local,7200,7800,7500,02/09/2026
Tamil Nadu,Thiruvannamalai,Chengam(Uzhavar Sandhai ),Onion Green,Onion Green,Local,7000,8000,7500,02/09/2026
Tamil Nadu,Cuddalore,Vadalur(Uzhavar Sandhai ),Onion Green,Onion Green,Local,8000,9000,8500,02/09/2026
Tamil Nadu,Thiruchirappalli,KKNagar(Uzhavar Sandhai ),Onion Green,Onion Green,Local,8000,9000,8500,02/09/2026
Tamil Nadu,Thiruchirappalli,Manachanallur(Uzhavar Sandhai ),Onion Green,Onion Green,Local,8000,8000,8000,02/09/2026
Tamil Nadu,Thiruchirappalli,Thiruverumbur(Uzhavar Sandhai ),Onion Green,Onion Green,Local,8000,8000,8000,02/09/2026
Tamil Nadu,Virudhunagar,Sathur(Uzhavar Sandhai ),Onion Green,Onion Green,Local,6500,7000,6750,02/09/2026
Tamil Nadu,Virudhunagar,Sivakasi(Uzhavar Sandhai ),Onion Green,Onion Green,Local,7000,8000,7500,02/09/2026
Tamil Nadu,Virudhunagar,Thalavaipuram(Uzhavar Sandhai ),Onion Green,Onion Green,Local,7000,7500,7250,02/09/2026
Tamil Nadu,Chengalpattu,Pallavaram(Uzhavar Sandhai ),Onion Green,Onion Green,Local,9000,10000,9500,02/09/2026
Tamil Nadu,Nagercoil (Kannyiakumari),Myladi(Uzhavar Sandhai ),Onion Green,Onion Green,Local,7500,8000,7750,02/09/2026
Tamil Nadu,Cuddalore,Viruthachalam(Uzhavar Sandhai ),Onion Green,Onion Green,Local,9000,9000,9000,02/09/2026
Tamil Nadu,Krishnagiri,Krishnagiri(Uzhavar Sandhai ),Onion Green,Onion Green,Local,6500,7000,6750,02/09/2026
Tamil Nadu,Tenkasi,Tenkasi(Uzhavar Sandhai ),Onion Green,Onion Green,Local,5000,6000,5500,02/09/2026
Tamil Nadu,Pudukkottai,Pudukottai(Uzhavar Sandhai ),Onion Green,Onion Green,Local,7000,8000,7500,02/09/2026
Tamil Nadu,The Nilgiris,Udhagamandalam(Uzhavar Sandhai ),Onion Green,Onion Green,Local,7000,7500,7250,02/09/2026
Tamil Nadu,Theni,Bodinayakanur(Uzhavar Sandhai ),Onion Green,Onion Green,Local,7500,7500,7500,02/09/2026
Tamil Nadu,Pudukkottai,Aranthangi(Uzhavar Sandhai ),Onion Green,Onion Green,Local,7000,8000,7500,02/09/2026
Tamil Nadu,Chengalpattu,Guduvancheri(Uzhavar Sandhai ),Onion Green,Onion Green,Local,9000,10000,9500,02/09/2026
Tamil Nadu,Coimbatore,Vadavalli(Uzhavar Sandhai ),Onion Green,Onion Green,Local,7200,7800,7500,02/09/2026
Tamil Nadu,Erode,Gobichettipalayam(Uzhavar Sandhai ),Onion Green,Onion Green,Local,6000,7000,6500,02/09/2026
Tamil Nadu,Vellore,Pallikonda(Uzhavar Sandhai),Onion Green,Onion Green,Local,8000,8000,8000,02/09/2026
Tamil Nadu,Nagapattinam,Mayiladuthurai(Uzhavar Sandhai ),Onion Green,Onion Green,Local,5500,6000,5750,02/09/2026
Tamil Nadu,Pudukkottai,Viralimalai(Uzhavar Sandhai ),Onion Green,Onion Green,Local,7500,8000,7750,02/09/2026
Tamil Nadu,Pudukkottai,Alangudi(Uzhavar Sandhai ),Onion Green,Onion Green,Local,7000,8000,7500,02/09/2026
Tamil Nadu,Erode,Sathiyamagalam(Uzhavar Sandhai ),Onion Green,Onion Green,Local,6000,6500,6250,02/09/2026
Tamil Nadu,Namakkal,Tiruchengode APMC,Onion Green,Onion Green,Local,6200,7000,6600,02/09/2026
Tamil Nadu,Ariyalur,Jeyankondam (Uzhavar Sandhai ),Onion Green,Onion Green,Local,7000,8000,7500,02/09/2026
Tamil Nadu,Coimbatore,Singanallur(Uzhavar Sandhai ),Onion Green,Onion Green,Local,7000,7500,7250,02/09/2026
Tamil Nadu,Coimbatore,Kurichi(Uzhavar Sandhai ),Onion Green,Onion Green,Local,7000,7500,7250,02/09/2026
Tamil Nadu,Cuddalore,Chidambaram(Uzhavar Sandhai ),Onion Green,Onion Green,Local,8000,8000,8000,02/09/2026
Tamil Nadu,Nagercoil (Kannyiakumari),Vadaseri APMC,Onion Green,Onion Green,Local,9000,9500,9250,02/09/2026
Tamil Nadu,Vellore,Vellore APMC,Onion Green,Onion Green,Local,7000,8000,7500,02/09/2026
Madhya Pradesh,Ujjain,Badnagar APMC,Onion,Onion-Organic,FAQ,2300,4105,4105,02/09/2026
Madhya Pradesh,Mandsaur,Shamgarh APMC,Onion,Onion,FAQ,1103,4100,4100,02/09/2026
Madhya Pradesh,Ratlam,Ratlam APMC,Onion,Onion,FAQ,800,4600,4000,02/09/2026
Madhya Pradesh,Narsinghpur,Gadarwara(F&V) APMC,Onion,Other,Local,4500,4500,4500,02/09/2026
Madhya Pradesh,Sagar,Rehli(F&V) APMC,Onion,Onion,Grade C,1700,1900,1800,02/09/2026
Madhya Pradesh,Ratlam,Sailana(F&V) APMC,Onion,Local,Local,400,8380,5000,02/09/2026
Madhya Pradesh,Shajapur,Shajapur(F&V) APMC,Onion,Onion,Grade A,200,4200,2700,02/09/2026
Madhya Pradesh,Guna,Guna(F&V) APMC,Onion,Other,Grade B,2500,2800,2500,02/09/2026
Madhya Pradesh,Ujjain,Ujjain APMC,Onion,White,FAQ,3288.82,3288.82,3288.82,02/09/2026
Madhya Pradesh,Indore,Indore APMC,Onion,Other,Non-FAQ,3350,4180,3508,02/09/2026
Madhya Pradesh,Morena,Kailaras APMC,Onion,Other,FAQ,3500,4000,4000,02/09/2026
Madhya Pradesh,Shajapur,Akodiya APMC,Onion,Big,Non-FAQ,1401,4470,3900,02/09/2026
Madhya Pradesh,Ujjain,Ujjain APMC,Onion,Onion,FAQ,300,4102.54,3800,02/09/2026
Madhya Pradesh,Rajgarh,Narsinghgarh APMC,Onion,Onion,Non-FAQ,1500,2000,2000,02/09/2026
Madhya Pradesh,Rajgarh,Narsinghgarh APMC,Onion,Bellary,FAQ,2400,2400,2400,02/09/2026
Madhya Pradesh,Ujjain,Badnagar APMC,Onion,Onion,FAQ,2000,4300,2500,02/09/2026
Madhya Pradesh,Mandsaur,Shamgarh APMC,Onion,Onion,Non-FAQ,1300,3800,3800,02/09/2026
Madhya Pradesh,Ratlam,Sailana APMC,Onion,Onion,FAQ,200,4190,3500,02/09/2026
Madhya Pradesh,Indore,Indore APMC,Onion,Onion,Non-FAQ,397,4300,4122,02/09/2026
Madhya Pradesh,Neemuch,Neemuch APMC,Onion,Red,FAQ,2400,4435,4435,02/09/2026
Madhya Pradesh,Khandwa,Khandwa APMC,Onion,Local,FAQ,1550,4200,3500,02/09/2026
Madhya Pradesh,Mandsaur,Mandsaur APMC,Onion,Onion,Non-FAQ,1100,4714,2000,02/09/2026
Madhya Pradesh,Indore,Gautampura APMC,Onion,Onion,FAQ,1000,4000,3100,02/09/2026
Madhya Pradesh,Hoshangabad,Pipariya(F&V) APMC,Onion,Onion,Local,2200,4400,3500,02/09/2026
Madhya Pradesh,Shajapur,Shujalpur APMC,Onion,Onion,FAQ,3515,4000,4000,02/09/2026
Madhya Pradesh,Shajapur,Kalapipal APMC,Onion,Onion,FAQ,450,4400,3400,02/09/2026
Madhya Pradesh,Rajgarh,Narsinghgarh APMC,Onion,Onion,FAQ,400,4300,3000,02/09/2026
Madhya Pradesh,Ratlam,Jaora APMC,Onion,Onion,FAQ,900,4261,3900,02/09/2026
Madhya Pradesh,Gwalior,Dabra(F&V) APMC,Onion,Onion,Grade C,2000,3000,2500,02/09/2026
Madhya Pradesh,Agar Malwa,Soyatkalan(F&V) APMC,Onion,Other,FAQ,105,4355,3400,02/09/2026
Madhya Pradesh,Khandwa,Badwah(F&V) APMC,Onion,1st Sort,Grade A,2850,3600,3100,02/09/2026
Madhya Pradesh,Shajapur,Shujalpur APMC,Onion,Red,FAQ,100,4700,4200,02/09/2026
Madhya Pradesh,Shajapur,Shajapur APMC,Onion,Onion,FAQ,2352,4073.62,4055.72,02/09/2026
Madhya Pradesh,Shajapur,Shajapur APMC,Onion,Medium,Non-FAQ,1046,4000,1545.4,02/09/2026
Madhya Pradesh,Seoni,Seoni(F&V) APMC,Onion,Local,Grade C,2406,2406,2406,02/09/2026
Madhya Pradesh,Agar Malwa,Agar(F&V) APMC,Onion,Bellary,Local,5400,5400,5400,02/09/2026
Madhya Pradesh,Indore,Indore APMC,Onion,Onion,FAQ,1502,4327,4000,02/09/2026
Madhya Pradesh,Bhopal,Bhopal APMC,Onion,Medium,FAQ,3350,3350,3350,02/09/2026
Madhya Pradesh,Bhopal,Bhopal APMC,Onion,Onion,FAQ,1300,5000,3100,02/09/2026
Madhya Pradesh,Neemuch,Neemuch APMC,Onion,Onion,FAQ,311,4200,4200,02/09/2026
Madhya Pradesh,Sehore,Ashta APMC,Onion,Onion,FAQ,1600,4320,2400,02/09/2026
Madhya Pradesh,Sehore,Sehore APMC,Onion,Onion,FAQ,2412,7000,4101,02/09/2026
Madhya Pradesh,Shajapur,Soyatkalan APMC,Onion,Onion,FAQ,305,4300,4100,02/09/2026
Madhya Pradesh,Shajapur,Akodiya APMC,Onion,Big,FAQ,800,4601,1800,02/09/2026
Madhya Pradesh,Jhabua,Petlawad APMC,Onion,Bellary,FAQ,3510,3510,3510,02/09/2026
Madhya Pradesh,Harda,Harda(F&V) APMC,Onion,Medium,Medium,2500,3500,3000,02/09/2026
Madhya Pradesh,Hoshangabad,Itarsi(F&V) APMC,Onion,Onion,FAQ,2800,3200,3000,02/09/2026
Madhya Pradesh,Dhar,Manawar(F&V) APMC,Onion,Onion,Grade B,2500,3500,2700,02/09/2026
Madhya Pradesh,Badwani,Sendhwa(F&V) APMC,Onion,Red,Medium,900,1100,1000,02/09/2026
Madhya Pradesh,Indore,Sanwer(F&V) APMC,Onion,Onion,FAQ,2000,3500,3000,02/09/2026
Madhya Pradesh,Shivpuri,Karera(F&V) APMC,Onion,Onion,Local,2400,3000,2600,02/09/2026
Madhya Pradesh,Shajapur,Akodiya(F&V) APMC,Onion,Big,Grade B,1000,4600,3000,02/09/2026
Madhya Pradesh,Dhar,Badnawar APMC,Onion,Onion,FAQ,711,4511,1200,02/09/2026
Madhya Pradesh,Jhabua,Petlawad APMC,Onion,Red,FAQ,2100,3910,3910,02/09/2026
Madhya Pradesh,Shajapur,Shajapur APMC,Onion,Medium,FAQ,300,4083,2366.89,02/09/2026
Madhya Pradesh,Ujjain,Ujjain APMC,Onion,Small - I,FAQ,2589.48,2589.48,2589.48,02/09/2026
Madhya Pradesh,Ujjain,Ujjain APMC,Onion,Onion,Non-FAQ,500,4149.96,3900,02/09/2026
Madhya Pradesh,Indore,Indore APMC,Onion,Other,FAQ,1825,4157,4106,02/09/2026
Madhya Pradesh,Mandsaur,Mandsaur APMC,Onion,Onion,FAQ,2901,2901,2901,02/09/2026
Madhya Pradesh,Ratlam,A lot APMC,Onion,Onion,FAQ,411,3242,3242,02/09/2026
Maharashtra,Ahilyanagar,Sangamner APMC,Onion,Unhali,Local,1500,5500,3500,02/09/2026
Maharashtra,Jalgaon,Bhusaval APMC,Onion,Unhali,Local,4000,4000,4000,02/09/2026
Maharashtra,Nagpur,Kamthi APMC,Onion,Local,Local,4000,4500,4350,02/09/2026
Maharashtra,Dharashiv,Dharashiv APMC,Onion,Red,Local,2000,5000,3500,02/09/2026
Maharashtra,Satara,Vai APMC,Onion,Local,Local,2000,4000,3250,02/09/2026
Maharashtra,Solapur,Mangal Wedha APMC,Onion,Local,Local,1650,4500,4000,02/09/2026
Maharashtra,Nashik,Manmad APMC,Onion,Unhali,Local,1650,4451,4300,02/09/2026
Maharashtra,Dhule,Sakri APMC,Onion,Unhali,Local,3800,4710,4400,02/09/2026
Maharashtra,Pune,Pune(Pimpri) APMC,Onion,Local,Local,2000,4400,3200,02/09/2026
Maharashtra,Nagpur,Nagpur APMC,Onion,White,Local,4500,5000,4875,02/09/2026
Maharashtra,Sangli,"Sangli(Phale, Bhajipala Market) APMC",Onion,Local,Local,1700,5000,3350,02/09/2026
Maharashtra,Ahilyanagar,"Shree Sairaj Krushi Market, Dist Ahilyanagar",Onion,Local,Local,800,5000,2900,02/09/2026
Maharashtra,Amarawati,Amrawati(Frui & Veg. Market) APMC,Onion,Local,Local,2600,5200,3900,02/09/2026
Maharashtra,Nashik,Nasik APMC,Onion,Unhali,Local,2050,4600,3800,02/09/2026
Maharashtra,Nashik,Lasalgaon(Vinchur) APMC,Onion,Unhali,Local,1200,4816,4300,02/09/2026
Maharashtra,Pune,Pune(Khadiki) APMC,Onion,Local,Local,800,1600,1200,02/09/2026
Maharashtra,Satara,Vaduj APMC,Onion,Local,Local,4000,5000,4500,02/09/2026
Maharashtra,Nashik,Pimpalgaon Baswant(Saykheda) APMC,Onion,Unhali,Local,1500,4550,4000,02/09/2026
Maharashtra,Nashik,Lasalgaon APMC,Onion,Unhali,Local,1100,4900,4300,02/09/2026
Maharashtra,Nashik,Dindori APMC,Onion,Unhali,Local,3400,4301,3950,02/09/2026
Maharashtra,Chandrapur,Chandrapur(Ganjwad) APMC,Onion,Other,Local,4500,5500,5000,02/09/2026
Maharashtra,Nashik,Shivsiddha Govind Producer Company Ltd Sanchalit Khajgi Krushi Utpann Bajar Samati-Abhona-Kalwan,Onion,Other,Local,1000,5505,4400,02/09/2026
Maharashtra,Solapur,Akluj APMC,Onion,Red,Local,1000,5100,3500,02/09/2026
Maharashtra,Kolhapur,Vadgaonpeth APMC,Onion,Local,Local,3000,4100,3500,02/09/2026
Maharashtra,Solapur,SHRI.SIDDHESHWAR  APMC,Onion,Red,Local,500,6000,3300,02/09/2026
Maharashtra,Chattrapati Sambhajinagar,Paithan APMC,Onion,Unhali,Local,1000,5100,4000,02/09/2026
Maharashtra,Satara,Karad APMC,Onion,Halva,Local,2000,3500,3500,02/09/2026
Maharashtra,Satara,Satara APMC,Onion,Other,Local,2000,4500,3250,02/09/2026
Maharashtra,Nashik,Dindori(Vani) APMC,Onion,Unhali,Local,4051,5371,4601,02/09/2026
Maharashtra,Akola,Akola APMC,Onion,Other,Local,2000,4500,3500,02/09/2026
Maharashtra,Nashik,Pimpalgaon Baswant APMC,Onion,Unhali,Local,2000,5330,4500,02/09/2026
Maharashtra,Jalgaon,Jalgaon APMC,Onion,Red,Local,1750,4250,3312,02/09/2026
Maharashtra,Nashik,AGRICULTURE PRODUCE MARKET COMITEE CHANDWAD,Onion,Unhali,Local,1255,5100,4350,02/09/2026
Maharashtra,Solapur,"Laxmi-Sopan Agriculture Produce Marketing Co Ltd, Barshi, Dist Solapur",Onion,Other,Local,800,3500,2800,02/09/2026
Maharashtra,Dhule,Dhule APMC,Onion,Red,Local,1050,4800,3250,02/09/2026
Maharashtra,Nashik,Sinner APMC,Onion,Unhali,Local,1500,4430,4250,02/09/2026
Maharashtra,Ahilyanagar,Newasa(Ghodegaon) APMC,Onion,Unhali,Local,1000,5500,4000,02/09/2026
Maharashtra,Ahilyanagar,Parner APMC,Onion,Unhali,Local,1000,5500,3800,02/09/2026
Maharashtra,Chattrapati Sambhajinagar,Chattrapati Sambhajinagar APMC,Onion,Other,Local,1700,4200,2950,02/09/2026
Maharashtra,Nashik,Devala APMC,Onion,Unhali,Local,1000,5005,4600,02/09/2026
Maharashtra,Nashik,Nampur APMC,Onion,Unhali,Local,1000,4880,4300,02/09/2026
Maharashtra,Nashik,Yeola APMC,Onion,Unhali,Local,500,4651,4200,02/09/2026
Maharashtra,Pune,Pune(Manjri) APMC,Onion,Local,Local,3000,5000,4000,02/09/2026
Maharashtra,Nagpur,Nagpur APMC,Onion,Red,Local,4000,4500,4375,02/09/2026
Maharashtra,Nashik,Lasalgaon(Niphad) APMC,Onion,Unhali,Local,1101,4621,4300,02/09/2026
Maharashtra,Pune,Khed(Chakan) APMC,Onion,Other,Local,2300,5000,4000,02/09/2026
Maharashtra,Pune,Indapur APMC,Onion,Red,Local,1500,6000,2500,02/09/2026
Maharashtra,Kolhapur,Kolhapur APMC,Onion,Other,Local,1200,5500,3200,02/09/2026
Maharashtra,Nagpur,HINGNA - APMC,Onion,Red,Local,5000,5000,5000,02/09/2026
Maharashtra,Ahilyanagar,Kopargaon APMC,Onion,Unhali,Local,1000,4700,4200,02/09/2026
Maharashtra,Mumbai,Mumbai-Onion & Potato Market APMC,Onion,Other,Local,3200,4400,3800,02/09/2026
Maharashtra,Ahilyanagar,"Prasanna Krushi Market, Tal Parnet, Dist Ahilyanagar",Onion,Other,Local,1510,4850,3180,02/09/2026
Maharashtra,Pune,Pune(Manjri) APMC,Onion Green,Other,Local,5,12,7,02/09/2026
Maharashtra,Solapur,SHRI.SIDDHESHWAR  APMC,Onion Green,Other,Local,600,800,600,02/09/2026
Maharashtra,Mumbai,Mumbai APMC,Onion Green,Other,Local,700,1200,950,02/09/2026
Uttar Pradesh,Farukhabad,Farukhabad APMC,Onion,Other,FAQ,3500,3500,3500,02/09/2026
Uttar Pradesh,Hathras,Haathras APMC,Onion,Other,FAQ,2500,2500,2500,02/09/2026
Uttar Pradesh,Gorakhpur,Gorakhpur APMC,Onion,Other,FAQ,2500,2500,2500,02/09/2026
Uttar Pradesh,Hardoi,Hardoi APMC,Onion,Other,FAQ,2300,2500,2401.45,02/09/2026
Uttar Pradesh,Shamli,Kairana APMC,Onion,Other,FAQ,2200,2200,2200,02/09/2026
Uttar Pradesh,Raebarelli,Jayas APMC,Onion,Other,FAQ,2500,2500,2500,02/09/2026
Uttar Pradesh,Sonbhadra,Robertsganj APMC,Onion,Other,FAQ,2000,2000,2000,02/09/2026
Uttar Pradesh,Shamli,Shamli APMC,Onion,Other,FAQ,4000,4000,4000,02/09/2026
Uttar Pradesh,Lucknow,Lucknow APMC,Onion,Other,FAQ,3500,3500,3500,02/09/2026
Uttar Pradesh,Bijnor,Dhampur APMC,Onion,Other,FAQ,2500,2500,2500,02/09/2026
Uttar Pradesh,Kanpur,Kanpur(Grain) APMC,Onion,Other,FAQ,3500,3500,3500,02/09/2026
Uttar Pradesh,Sambhal,Muradabad APMC,Onion,Other,FAQ,2500,2500,2500,02/09/2026
Uttar Pradesh,Jhansi,Jhansi APMC,Onion,Other,FAQ,2800,2800,2800,02/09/2026
Uttar Pradesh,Lakhimpur,Golagokarnath APMC,Onion,Other,FAQ,950,950,950,02/09/2026
Uttar Pradesh,Ambedkarnagar,Akbarpur APMC,Onion,Other,FAQ,3500,3500,3500,02/09/2026
Uttar Pradesh,Varanasi,Varanasi APMC,Onion,Other,FAQ,3500,3500,3500,02/09/2026
Uttar Pradesh,Badaun,Bilsi APMC,Onion,Other,FAQ,3500,3500,3500,02/09/2026
Uttar Pradesh,Sambhal,Chandausi APMC,Onion,Other,FAQ,1815,2202,1964.81,02/09/2026
Uttar Pradesh,Mathura,Kosikalan APMC,Onion,Other,FAQ,1900,1900,1900,02/09/2026
Uttar Pradesh,Mathura,Mathura APMC,Onion,Other,FAQ,2960,2960,2960,02/09/2026
Uttar Pradesh,Jaunpur,Mugrabaadshahpur APMC,Onion,Other,FAQ,2500,2500,2500,02/09/2026
Uttar Pradesh,Gonda,Nawabganj APMC,Onion,Other,FAQ,2000,2000,2000,02/09/2026
Uttar Pradesh,Baghpat,Baraut APMC,Onion,Other,FAQ,3600,3600,3600,02/09/2026
Uttar Pradesh,Badaun,Badayoun APMC,Onion,Other,FAQ,3500,3500,3500,02/09/2026
Uttar Pradesh,Agra,Khairagarh APMC,Onion,Red,FAQ,4000,4100,4050,02/09/2026
Uttar Pradesh,Agra,Khairagarh APMC,Onion,Other,FAQ,3000,3000,3000,02/09/2026
Uttar Pradesh,Auraiya,Auraiya APMC,Onion,Other,FAQ,3500,3500,3500,02/09/2026
Uttar Pradesh,Farukhabad,Kayamganj APMC,Onion,Other,FAQ,3500,3500,3500,02/09/2026
Uttar Pradesh,Bareilly,Anwala APMC,Onion,Other,FAQ,2800,2800,2800,02/09/2026
Uttar Pradesh,Ghaziabad,Ghaziabad APMC,Onion,Other,FAQ,4010,4050,4022.54,02/09/2026
Uttar Pradesh,Lakhimpur,Lakhimpur APMC,Onion,Other,FAQ,2310,2400,2348.48,02/09/2026
Uttar Pradesh,Ayodhya,Ayodhya APMC,Onion,Other,FAQ,2600,2600,2600,02/09/2026
Uttar Pradesh,Lakhimpur,Paliakala APMC,Onion,Other,FAQ,2900,2900,2900,02/09/2026
Uttar Pradesh,Prayagraj,Prayagraj APMC,Onion,Other,FAQ,3000,3000,3000,02/09/2026
Uttar Pradesh,Aligarh,Aligarh APMC,Onion,Other,FAQ,3000,3000,3000,02/09/2026
Uttar Pradesh,Azamgarh,Azamgarh APMC,Onion,Other,FAQ,1000,1000,1000,02/09/2026
Uttar Pradesh,Saharanpur,Saharanpur APMC,Onion,Other,FAQ,2500,3200,2828.16,02/09/2026
Uttar Pradesh,Barabanki,Barabanki APMC,Onion,Other,FAQ,2500,2500,2500,02/09/2026
Uttar Pradesh,Bulandshahar,Buland Shahr APMC,Onion,Other,FAQ,2800,2800,2800,02/09/2026
Uttar Pradesh,Hardoi,Sandila APMC,Onion,Other,FAQ,1500,1500,1500,02/09/2026
Rajasthan,Baran,Baran APMC,Onion,Other,Local,1000,1800,1500,02/09/2026
Rajasthan,Hanumangarh,Sangriya APMC,Onion,Onion,Local,2300,3700,3000,02/09/2026
Rajasthan,Sikar,Sikar APMC,Onion,Onion,FAQ,1800,2800,2300,02/09/2026
Rajasthan,Jodhpur,Jodhpur (F&V) APMC,Onion,Medium,Medium,1500,4000,2750,02/09/2026
Rajasthan,Pratapgarh,Pratapgarh APMC,Onion,Other,FAQ,2110,4480,3850,02/09/2026
Rajasthan,Ganganagar,Sriganganagar (F&V) APMC,Onion,Onion,Grade A,4300,4700,4500,02/09/2026
Rajasthan,Hanumangarh,Goluwala APMC,Onion,1st Sort,Non-FAQ,3500,3900,3900,02/09/2026
Rajasthan,Rajsamand,Rajsamand APMC,Onion,Onion,FAQ,2000,2500,2250,02/09/2026
Rajasthan,Bharatpur,Bayana APMC,Onion,Onion,Local,2500,2500,2500,02/09/2026
Rajasthan,Bhilwara,Bhilwara APMC,Onion,Other,FAQ,2500,4500,3500,02/09/2026
Rajasthan,Jaipur,Jaipur (F&V) APMC,Onion,Other,FAQ,2200,5000,3600,02/09/2026
Rajasthan,Jaipur,Bassi APMC,Onion,Other,Local,3600,4000,3800,02/09/2026
Rajasthan,Jhunjhunu,Nawalgarh APMC,Onion,Red,Local,2260,2260,2260,02/09/2026
Rajasthan,Hanumangarh,Bhadara APMC,Onion,1st Sort,FAQ,4500,4800,4600,02/09/2026
Rajasthan,Hanumangarh,Rawatsar APMC,Onion,1st Sort,FAQ,1000,2000,1200,02/09/2026
Rajasthan,Jaisalmer,Jaisalmer APMC,Onion,Onion,Grade A,3000,4000,3500,02/09/2026
Rajasthan,Jalore,Jalore APMC,Onion Green,Onion Green,Local,3500,3700,3600,02/09/2026
Rajasthan,Jodhpur,Jodhpur (F&V) APMC,Onion Green,Other,Medium,800,1200,1000,02/09/2026
Karnataka,Chikkamagaluru,Kadur APMC,Onion,Onion,Medium,2775,3330,2775,02/09/2026
Karnataka,Bengaluru,Bengaluru APMC,Onion,Local,Medium,2500,3500,3200,02/09/2026
Karnataka,Bengaluru,Bengaluru APMC,Onion,Puna,Local,3000,5000,4500,02/09/2026
Karnataka,Kalaburagi,Kalaburagi APMC,Onion,Onion,Local,500,4500,2500,02/09/2026
Karnataka,Bengaluru,Bengaluru APMC,Onion,Onion,Large,3500,4500,4200,02/09/2026
Karnataka,Kolar,Bangarpet APMC,Onion,Local,Local,3500,4000,3700,02/09/2026
Karnataka,Dharwad,APMC Hubballi,Onion,Puna,Local,2500,4300,3400,02/09/2026
Karnataka,Belagavi,Belgaum APMC,Onion,Pusa-Red,Large,2000,5000,4000,02/09/2026
Karnataka,Bengaluru Rural,Hoskote APMC,Onion,Onion,Large,3500,4500,4200,02/09/2026
Karnataka,Dakshina Kannada,Mangaluru APMC,Onion,Onion,Local,3500,4500,4000,02/09/2026
Karnataka,Dharwad,APMC Hubballi,Onion,Local,Local,2400,3800,3100,02/09/2026
Karnataka,Bengaluru,Bengaluru APMC,Onion,Bangalore-Samall,Small,1500,2500,2000,02/09/2026
Gujarat,Ahmedabad,Ahmedabad(Chimanbhai Patal Market Vasana) APMC,Onion,Nasik,FAQ,4000,5000,4800,02/09/2026
Gujarat,Anand,Khambhat(Veg Yard Khambhat) APMC,Onion,Other,Local,4000,4500,4200,02/09/2026
Gujarat,Surat,Surat APMC,Onion,Other,FAQ,1800,5000,3400,02/09/2026
Gujarat,Kheda,Kapadvanj APMC,Onion,Onion,Medium,2500,4000,3250,02/09/2026
Gujarat,Dahod,Dahod(Veg. Market) APMC,Onion,Onion,Local,3500,4500,4000,02/09/2026
Gujarat,Banaskanth,Deesa(Deesa Veg Yard) APMC,Onion,Other,FAQ,3000,4500,3750,02/09/2026
Gujarat,Kachchh,Bhuj APMC,Onion,Other,FAQ,3700,4200,3950,02/09/2026
Gujarat,Bhavnagar,Mahuva(Station Road) APMC,Onion,Red,FAQ,400,4430,2415,02/09/2026
Gujarat,Kheda,Nadiyad(Piplag) APMC,Onion,Onion,FAQ,2000,2500,2350,02/09/2026
Gujarat,Vadodara(Baroda),Padra APMC,Onion,Other,FAQ,3000,5000,4000,02/09/2026
Gujarat,Bhavnagar,Mahuva(Station Road) APMC,Onion,White,FAQ,800,2780,1790,02/09/2026
Gujarat,Porbandar,Porbandar APMC,Onion,Other,FAQ,2000,4000,3000,02/09/2026
Gujarat,Navsari,Navsari APMC,Onion,Onion,Grade A,2800,5200,4000,02/09/2026
Gujarat,Sabarkantha,Himatnagar(Veg.Market Himatnagar) APMC,Onion,Onion,Local,4000,4500,4480,02/09/2026
Gujarat,Anand,"Anand(Veg,Yard,Anand) APMC",Onion,Onion,Grade B,3000,4000,3500,02/09/2026
Gujarat,Mehsana,Mehsana(Mehsana Veg) APMC,Onion,Onion,Local,2000,4200,3500,02/09/2026
Gujarat,Bharuch,Ankleshwar APMC,Onion,Onion,Grade A,2400,4500,3400,02/09/2026
Gujarat,Bharuch,Bharuch APMC,Onion,Other,Local,1800,3300,2500,02/09/2026
Gujarat,Navsari,Bilimora APMC,Onion,Nasik,FAQ,3000,5000,4500,02/09/2026
Gujarat,Ahmedabad,Ahmedabad(Chimanbhai Patal Market Vasana) APMC,Onion,Local,FAQ,3500,4000,3900,02/09/2026
Gujarat,Ahmedabad,Ahmedabad(Chimanbhai Patal Market Vasana) APMC,Onion,Other,FAQ,3500,4500,4350,02/09/2026
Gujarat,Surendranagar,Vadhvan APMC,Onion Green,Onion Green,Medium,2000,3000,2500,02/09/2026
Gujarat,Dahod,Dahod(Veg. Market) APMC,Onion Green,Onion Green,Local,4000,6000,5000,02/09/2026
Gujarat,Banaskanth,Deesa(Deesa Veg Yard) APMC,Onion Green,Other,FAQ,3500,4500,4000,02/09/2026
Haryana,Kurukshetra,Shahabad APMC,Onion,Onion,Medium,3200,4465,3675,02/09/2026
Haryana,Rewari,Kosli APMC,Onion,Other,FAQ,3000,3000,3000,02/09/2026
Haryana,Yamuna Nagar,Radaur APMC,Onion,Nasik,Medium,4200,5000,4500,02/09/2026
Haryana,Ambala,Ambala City(Subji Mandi) APMC,Onion,Other,Non-FAQ,3055,3055,3055,02/09/2026
Haryana,Gurgaon,Farukh Nagar APMC,Onion,Other,Medium,3800,4800,4300,02/09/2026
Haryana,Hissar,Barwala(Hisar) APMC,Onion,Onion,Local,3600,4000,3800,02/09/2026
Haryana,Ambala,Naraingarh APMC,Onion,Onion,Medium,2200,4867,4200,02/09/2026
Haryana,Mahendragarh-Narnaul,Narnaul APMC,Onion,Onion,Medium,3200,4000,3800,02/09/2026
Haryana,Jind,Narwana APMC,Onion,Onion,Non-FAQ,4000,4500,4250,02/09/2026
Haryana,Sonipat,Ganaur APMC,Onion,Onion,FAQ,4000,5000,4500,02/09/2026
Haryana,Panchkula,"New Grain Market , Panchkula APMC",Onion,Other,Grade A,3500,3700,3600,02/09/2026
Haryana,Panchkula,Panchkul(Kalka) APMC,Onion,Other,Grade A,3600,3800,3700,02/09/2026
Haryana,Mahendragarh-Narnaul,Mohindergarh APMC,Onion,Onion,Medium,2500,2500,2500,02/09/2026
Haryana,Hissar,Uklana APMC,Onion,Onion,Medium,3000,3500,3500,02/09/2026
Haryana,Kaithal,Dhand APMC,Onion,Other,Medium,2000,3500,3000,02/09/2026
Haryana,Kaithal,Siwan APMC,Onion,Other,FAQ,3700,3900,3800,02/09/2026
Haryana,Panchkula,Raipur Rani APMC,Onion,Onion,Local,2400,2600,2400,02/09/2026
Haryana,Sirsa,Dabwali APMC,Onion,Onion,FAQ,1800,3000,2500,02/09/2026
Haryana,Sonipat,Gohana APMC,Onion,Other,Medium,3000,4000,3500,02/09/2026
Haryana,Karnal,Indri APMC,Onion,Other,FAQ,4200,4200,4200,02/09/2026
Haryana,Karnal,Gharaunda APMC,Onion,Other,Local,4000,4200,4200,02/09/2026
Haryana,Panipat,Panipat APMC,Onion,Onion,Local,1000,4000,2500,02/09/2026
Haryana,Yamuna Nagar,Jagadhri APMC,Onion,Other,FAQ,2500,4100,4000,02/09/2026
Haryana,Fatehabad,Ratia APMC,Onion,Other,Grade A,3500,4000,3800,02/09/2026
Haryana,Rewari,Rewari APMC,Onion,Medium,Medium,2500,5000,3500,02/09/2026
Haryana,Sirsa,Sirsa APMC,Onion,Other,FAQ,3000,4400,4000,02/09/2026
Haryana,Panipat,Madlauda APMC,Onion,Onion,FAQ,3000,3000,3000,02/09/2026
Haryana,Mewat,FerozpurZirkha(Nagina) APMC,Onion,Other,Local,4000,4400,4200,02/09/2026
Haryana,Faridabad,"New Grain Market , Faridabad APMC",Onion,Onion,Non-FAQ,2500,4500,3500,02/09/2026
Haryana,Palwal,Hodal APMC,Onion,Onion,FAQ,3000,4000,3500,02/09/2026
Haryana,Panchkula,Barwala APMC,Onion,Onion,FAQ,4000,4000,4000,02/09/2026
Haryana,Jhajar,Bahadurgarh APMC,Onion,Other,FAQ,4000,4200,4100,02/09/2026
Haryana,Rohtak,Meham,Onion,Medium,Medium,4000,4000,4000,02/09/2026
Haryana,Sonipat,Kharkhoda APMC,Onion,Other,FAQ,3000,4000,3800,02/09/2026
Haryana,Panipat,Samalkha APMC,Onion,Other,FAQ,4000,4000,4000,02/09/2026
Haryana,Kurukshetra,Thanesar APMC,Onion,Onion,Medium,4000,5400,4700,02/09/2026
Haryana,Gurgaon,Sohna APMC,Onion,Onion,Local,3000,3500,3500,02/09/2026
Haryana,Fatehabad,Fatehabad APMC,Onion,Other,Local,4000,4000,4000,02/09/2026
Haryana,Yamuna Nagar,Sadhaura APMC,Onion,Onion,Local,2500,3000,2700,02/09/2026
Haryana,Ambala,Shahzadpur APMC,Onion,Nasik,Large,3000,3000,3000,02/09/2026
Haryana,Rohtak,Rohtak APMC,Onion,Other,Medium,2000,4000,3000,02/09/2026
Haryana,Gurgaon,Gurgaon APMC,Onion,Other,Grade B,3500,4500,4000,02/09/2026
Haryana,Faridabad,Ballabhgarh APMC,Onion,Onion,FAQ,2200,4500,3000,02/09/2026
Haryana,Hissar,Hansi APMC,Onion,Other,FAQ,4000,5000,4500,02/09/2026
Punjab,Fazilka,Fazilka APMC,Onion,Onion,FAQ,4800,4800,4800,02/09/2026
Punjab,Ludhiana,Jagraon APMC,Onion,Other,FAQ,2500,2500,2500,02/09/2026
Punjab,Nawanshahr,Balachaur APMC,Onion,Other,Medium,3500,4000,3750,02/09/2026
Punjab,Patiala,Nabha APMC,Onion,Other,Grade C,2800,4000,3650,02/09/2026
Punjab,Sangrur,Malerkotla APMC,Onion,Other,Local,3000,3800,3500,02/09/2026
Punjab,Sangrur,Sangrur APMC,Onion,Nasik,Grade B,2000,3000,2500,02/09/2026
Punjab,Jalandhar,Phillaur(Apra Mandi) APMC,Onion,Other,FAQ,5000,5000,5000,02/09/2026
Punjab,Muktsar,Muktsar APMC,Onion,Onion,Medium,3000,5000,4000,02/09/2026
Punjab,Patiala,Dudhansadhan APMC,Onion,Other,Grade B,5000,5000,5000,02/09/2026
Punjab,Fatehgarh,Sirhind APMC,Onion,Other,FAQ,3500,4500,4000,02/09/2026
Punjab,Hoshiarpur,Garh Shankar APMC,Onion,Onion,FAQ,3700,3700,3700,02/09/2026
Punjab,Bhatinda,Rampuraphul(Nabha Mandi) APMC,Onion,Other,Grade A,3000,4000,3500,02/09/2026
Punjab,Amritsar,Ajnala APMC,Onion,Onion,Local,3650,3650,3650,02/09/2026
Punjab,Tarntaran,Patti APMC,Onion,Other,Non-FAQ,0.18,0.18,0.18,02/09/2026
Punjab,Bhatinda,Bathinda APMC,Onion,Other,Grade B,4000,4600,4200,02/09/2026
Punjab,Bhatinda,Maur APMC,Onion,Other,Grade B,3800,4500,4000,02/09/2026
Punjab,Ludhiana,Sahnewal APMC,Onion,Onion,FAQ,4200,4200,4200,02/09/2026
Punjab,Jalandhar,Jalandhar City(Jalandhar) APMC,Onion,Other,FAQ,1200,3500,2400,02/09/2026
Punjab,Hoshiarpur,Mukerian APMC,Onion,Onion,Grade B,3500,4100,3800,02/09/2026
Punjab,Ludhiana,Ludhiana APMC,Onion,Other,FAQ,1100,4800,3000,02/09/2026
Punjab,Hoshiarpur,Dasuya APMC,Onion,Onion,Grade B,5000,5000,5000,02/09/2026
Punjab,Moga,Baghapurana APMC,Onion,Onion,Grade B,4000,4800,4500,02/09/2026
Punjab,Patiala,Patiala APMC,Onion,Local,Grade A,3000,3200,3100,02/09/2026
Punjab,Sangrur,Ahmedgarh APMC,Onion,Other,Medium,5000,5200,5200,02/09/2026
Punjab,Hoshiarpur,Mukerian(Talwara) APMC,Onion,Onion,FAQ,3500,4500,4000,02/09/2026
Punjab,Ludhiana,Samrala APMC,Onion,Other,Local,3500,4200,4000,02/09/2026
Punjab,Amritsar,Rayya APMC,Onion,Other,FAQ,1416,1416,1416,02/09/2026
Punjab,Fatehgarh,Khamano APMC,Onion,Onion,FAQ,4500,4500,4500,02/09/2026
Punjab,Ludhiana,Khanna APMC,Onion,Onion,Grade A,3000,3000,3000,02/09/2026
Punjab,Mohali,Dera Bassi APMC,Onion,Onion,Local,2800,2800,2800,02/09/2026
Punjab,Muktsar,Malout APMC,Onion,Onion,Grade A,4000,4000,4000,02/09/2026
Punjab,Patiala,Rajpura APMC,Onion,Local,Grade A,3000,3550,3400,02/09/2026
Punjab,Ropar (Rupnagar),Ropar APMC,Onion,Nasik,Non-FAQ,3800,4200,4000,02/09/2026
Punjab,Sangrur,Dhuri APMC,Onion,Other,Medium,4150,4500,4300,02/09/2026
Punjab,Ferozpur,Zira APMC,Onion,Other,Local,4600,4600,4600,02/09/2026
Punjab,Moga,Dharamkot APMC,Onion,Other,FAQ,4000,4500,4500,02/09/2026
Punjab,Patiala,Rajpura APMC,Onion,Local,Grade B,2700,3000,2800,02/09/2026
Punjab,Sangrur,Sunam APMC,Onion,Onion,Grade A,4000,4000,4000,02/09/2026
Punjab,Mohali,Kharar APMC,Onion,Other,Non-FAQ,4000,4800,4500,02/09/2026
Punjab,Gurdaspur,Dinanagar APMC,Onion,Other,Medium,4700,4900,4800,02/09/2026
Punjab,Hoshiarpur,Garh Shankar(Mahalpur) APMC,Onion,Onion,FAQ,3800,3800,3800,02/09/2026
Punjab,Ludhiana,Raikot APMC,Onion,Nasik,Grade A,3670,3670,3670,02/09/2026
Punjab,Mohali,Lalru APMC,Onion,Other,Local,4200,4200,4200,02/09/2026
Punjab,Gurdaspur,F.G.Churian APMC,Onion,Onion,Grade A,5000,5000,5000,02/09/2026
Punjab,Gurdaspur,Quadian APMC,Onion,Other,Grade A,3300,3500,3400,02/09/2026
Punjab,Hoshiarpur,GarhShankar (Kotfatuhi) APMC,Onion,Other,FAQ,3800,3800,3800,02/09/2026
Punjab,Patiala,Patran APMC,Onion,Other,Grade A,2280,2280,2280,02/09/2026
Punjab,Tarntaran,Tarantaran APMC,Onion,Other,Local,2400,2400,2400,02/09/2026
Punjab,Bhatinda,Raman APMC,Onion,Other,Medium,4110,4305,4215,02/09/2026
Punjab,Jalandhar,Adampur APMC,Onion,Onion,FAQ,4000,4500,4500,02/09/2026
Punjab,Ludhiana,Doraha APMC,Onion,Medium,Local,3600,4000,3800,02/09/2026
Andhra Pradesh,Kurnool,Kurnool APMC,Onion,Local,FAQ,2069,4359,3760,02/09/2026
Andhra Pradesh,YSR Kadapa,Yerraguntla APMC,Onion,Local,FAQ,2600,3000,2800,02/09/2026
West Bengal,Birbhum,Bolpur APMC,Onion,Onion,FAQ,4100,4300,4200,02/09/2026
West Bengal,Nadia,Chakdah APMC,Onion,Onion,FAQ,4000,4400,4200,02/09/2026
West Bengal,North 24 Parganas,Habra APMC,Onion,Onion,FAQ,4000,4000,4000,02/09/2026
West Bengal,Darjeeling,Siliguri APMC,Onion,Onion,FAQ,4200,4400,4300,02/09/2026
West Bengal,Jalpaiguri,Jalpaiguri Sadar APMC,Onion,Nasik,FAQ,4400,4800,4600,02/09/2026
West Bengal,Dakshin Dinajpur,Gangarampur(Dakshin Dinajpur) APMC,Onion,1st Sort,FAQ,3900,4200,4000,02/09/2026
West Bengal,Medinipur(W),Medinipur(West) APMC,Onion,Nasik,FAQ,4500,4600,4550,02/09/2026
West Bengal,Howrah,Uluberia APMC,Onion,Nasik,FAQ,5000,5500,5200,02/09/2026
West Bengal,Hooghly,Sheoraphuly APMC,Onion,Nasik,FAQ,4300,4500,4425,02/09/2026
West Bengal,Sounth 24 Parganas,Diamond Harbour(South 24-pgs) APMC,Onion,Red,FAQ,4700,4900,4800,02/09/2026
West Bengal,Nadia,Karimpur APMC,Onion,Nasik,FAQ,4000,4200,4100,02/09/2026
West Bengal,Medinipur(E),Tamluk (Medinipur E) APMC,Onion,Onion,FAQ,3000,3400,3200,02/09/2026
West Bengal,Nadia,Ranaghat APMC,Onion,Other,FAQ,4100,4400,4200,02/09/2026
West Bengal,Bankura,Bishnupur(Bankura) APMC,Onion,Nasik,FAQ,4000,4800,4650,02/09/2026
West Bengal,Jalpaiguri,Dhupguri APMC,Onion,Nasik,FAQ,4500,4900,4700,02/09/2026
West Bengal,Darjeeling,Karsiyang(Matigara) APMC,Onion,Nasik,FAQ,5600,5800,5700,02/09/2026
West Bengal,Birbhum,Birbhum APMC,Onion,Other,FAQ,4300,4500,4400,02/09/2026
West Bengal,Puruliya,Purulia APMC,Onion,Other,FAQ,4000,4600,4500,02/09/2026
West Bengal,Paschim Bardhaman,Asansol APMC,Onion,Nasik,FAQ,4050,4400,4250,02/09/2026
West Bengal,Howrah,Ramkrishanpur(Howrah) APMC,Onion,Nasik,FAQ,5000,5500,5200,02/09/2026
West Bengal,Bankura,Bankura Sadar APMC,Onion,Nasik,FAQ,4600,4850,4700,02/09/2026
West Bengal,Nadia,Bethuadahari APMC,Onion,Nasik,FAQ,3600,4000,3800,02/09/2026
West Bengal,Hooghly,Champadanga APMC,Onion,Nasik,FAQ,4400,4500,4500,02/09/2026
West Bengal,Birbhum,Sainthia APMC,Onion,Onion,FAQ,4100,4300,4200,02/09/2026
West Bengal,Paschim Bardhaman,Durgapur APMC,Onion,Nasik,FAQ,4050,4400,4250,02/09/2026
West Bengal,Uttar Dinajpur,Raiganj APMC,Onion,Nasik,FAQ,3500,4500,4000,02/09/2026
West Bengal,Puruliya,Balarampur APMC,Onion,Other,FAQ,3800,4800,4500,02/09/2026
West Bengal,Purba Bardhaman,Burdwan APMC,Onion,Nasik,FAQ,4200,4500,4400,02/09/2026
West Bengal,Alipurduar,Alipurduar APMC,Onion,Onion,FAQ,2500,3500,3000,02/09/2026
West Bengal,Hooghly,Kalipur APMC,Onion,Nasik,FAQ,4400,4500,4500,02/09/2026
West Bengal,Malda,Gajol APMC,Onion,Nasik,FAQ,2800,3000,2900,02/09/2026
West Bengal,North 24 Parganas,Barasat APMC,Onion,Other,FAQ,4500,4500,4500,02/09/2026
West Bengal,Medinipur(W),Ghatal APMC,Onion,Onion,Medium,5100,5300,5200,02/09/2026
West Bengal,Medinipur(W),Garbeta(Medinipur) APMC,Onion,Onion,FAQ,4000,4400,4200,02/09/2026
West Bengal,Sounth 24 Parganas,Baruipur(Canning) APMC,Onion,Red,FAQ,4700,4900,4800,02/09/2026
West Bengal,Malda,English Bazar APMC,Onion,Nasik,FAQ,3800,4100,3900,02/09/2026
Odisha,Nuapada,Khariar APMC,Onion,Dry F.A.Q.,Grade A,5000,5000,5000,02/09/2026
Odisha,Bargarh,Bargarh(Barapalli) APMC,Onion,Onion,Medium,2500,3500,3000,02/09/2026
Odisha,Bhadrak,Chandabali APMC,Onion,Other,Grade Range-2,4000,4530,4240,02/09/2026
Odisha,Dhenkanal,Hindol APMC,Onion,Other,Grade B,4500,5000,4800,02/09/2026
Odisha,Bolangir,Bolangir APMC,Onion,Other,Medium,3800,4800,4300,02/09/2026
Odisha,Khurda,Balugaon APMC,Onion,Nasik,Grade A,2200,2200,2200,02/09/2026
Odisha,Dhenkanal,Kamakhyanagar APMC,Onion,Onion,Grade A,10000,10000,10000,02/09/2026
Odisha,Boudh,Boudh APMC,Onion,Other,Local,5000,6000,5500,02/09/2026
Odisha,Sundergarh,Sargipali APMC,Onion,Other,FAQ,4400,5000,4500,02/09/2026
Odisha,Bolangir,Tusura APMC,Onion,Other,Medium,3800,4800,4300,02/09/2026
Odisha,Mayurbhanja,Udala APMC,Onion,Onion,FAQ,4500,5500,5000,02/09/2026
Odisha,Sonepur,Pandkital APMC,Onion,Other,Local,5000,5000,5000,02/09/2026
Odisha,Angul,Angul APMC,Onion,Other,Grade B,3500,3500,3500,02/09/2026
Odisha,Bargarh,Bargarh APMC,Onion,Onion,Medium,5000,6000,5500,02/09/2026
Odisha,Sonepur,Dungurapalli APMC,Onion,Other,Local,4800,5200,5200,02/09/2026
Odisha,Sonepur,Birmaharajpur APMC,Onion,Onion,Local,4300,4800,4500,02/09/2026
Odisha,Sambalpur,Rairakhol APMC,Onion,Onion,Grade C,4000,4600,4200,02/09/2026
Odisha,Nuapada,Khariar Road APMC,Onion,Onion,Grade A,5000,5000,5000,02/09/2026
Odisha,Jharsuguda,Jharsuguda APMC,Onion,Other,Grade A,4000,5000,5000,02/09/2026
Bihar,East Champaran/ Motihari,Motihari APMC,Onion,Other,Grade A,4000,4200,4100,02/09/2026
Bihar,Muzaffarpur,Bhagwanpur Mandi APMC,Onion,1st Sort,Grade A,4100,4100,4100,02/09/2026
Bihar,Siwan,Maharjganj APMC,Onion,1st Sort,FAQ,4500,4500,4500,02/09/2026
Bihar,Chhapra,Chhapra APMC,Onion,Other,Grade A,3500,4500,4000,02/09/2026
Bihar,Muzaffarpur,Bhagwanpur Mandi APMC,Onion,Medium,Grade A,4000,4000,4000,02/09/2026
Bihar,Supaul,Supaul APMC,Onion,Onion,Grade A,2400,2800,2600,02/09/2026
Bihar,East Champaran/ Motihari,Madhuban APMC,Onion,1st Sort,Local,4000,4400,4200,02/09/2026
Bihar,East Champaran/ Motihari,Raxaul APMC,Onion,1st Sort,Grade A,4100,4400,4200,02/09/2026
Telangana,Sangareddy,Sadasivpet APMC,Onion,Local,Local,1669,5112,4509,02/09/2026
Telangana,Hyderabad,RYTHU BAZAR ERRAGADDA,Onion,1st Sort,Grade A,4000,4000,4000,02/09/2026
Telangana,Hyderabad,Mahboob Manison APMC,Onion,Onion,Small,2600,4000,3800,02/09/2026
Telangana,Hyderabad,Gudimalkapur APMC,Onion,Onion,Grade B,1800,5000,2500,02/09/2026
Telangana,Mahbubnagar,Devarakadra APMC,Onion,Local,Local,3200,5300,4250,02/09/2026
Telangana,Sangareddy,APMC PATANCHERU,Onion,Onion,Local,3200,5700,4600,02/09/2026
Telangana,Hyderabad,RYTHU BAZAR MEHDIPATNAM,Onion,1st Sort,Grade A,4200,4200,4200,02/09/2026
Telangana,Nalgonda,Miryalguda(Rythu Bazar) ,Onion,Red,Grade A,5500,5500,5500,02/09/2026
Telangana,Siddipet,Siddipet(Rythu Bazar) ,Onion,Onion,Grade A,4000,5000,4500,02/09/2026
Telangana,Ranga Reddy,"Vanasthalipuram,RBZ ",Onion,Onion,Grade A,4400,4400,4400,02/09/2026
Telangana,Hyderabad,Bowenpally APMC,Onion,Onion,FAQ,2000,4800,4000,02/09/2026
Telangana,Hyderabad,RYTHU BAZAR FALAKNUMA,Onion,Onion,Grade A,4200,4200,4200,02/09/2026
Telangana,Ranga Reddy,"Saroornagar,RBZ",Onion,Other,Medium,5200,5200,5200,02/09/2026
Telangana,Hyderabad,"Alwal,RBZ",Onion,Onion,FAQ,5200,5200,5200,02/09/2026
Telangana,Hyderabad,Mahboob Manison APMC,Onion,Onion,Large,4200,5000,4500,02/09/2026
Telangana,Siddipet,Vantamamidi APMC,Onion Green,Onion Green,Local,3500,3500,3500,02/09/2026
Telangana,Hyderabad,Gudimalkapur APMC,Onion Green,Onion Green,Grade B,2000,2000,2000,02/09/2026
Telangana,Hyderabad,Bowenpally APMC,Onion Green,Onion Green,FAQ,1000,3000,2500,02/09/2026
Uttarakhand,Dehradoon,Rishikesh APMC,Onion,Other,Medium,3000,4500,3800,02/09/2026
Uttarakhand,Chamoli (Gopeshwar),Chamoli APMC,Onion,Other,FAQ,3000,3000,3000,02/09/2026
Uttarakhand,Haridwar,Roorkee APMC,Onion,Other,Medium,2500,4500,3500,02/09/2026
Uttarakhand,Nanital,Haldwani APMC,Onion,Other,FAQ,2800,3500,3200,02/09/2026
Uttarakhand,Nanital,Ramnagar APMC,Onion,Other,Local,2500,3000,2600,02/09/2026
Uttarakhand,Haridwar,Haridwar Union APMC,Onion,Other,FAQ,3500,5000,4000,02/09/2026
Uttarakhand,Dehradoon,Dehradoon APMC,Onion,Nasik,FAQ,950,1500,1200,02/09/2026
Uttarakhand,Haridwar,Manglaur APMC,Onion,Other,Large,1200,2100,1500,02/09/2026
Uttarakhand,Udhamsinghnagar,Rudrapur APMC,Onion,Other,Medium,3000,4000,3500,02/09/2026
Uttarakhand,Garhwal (Pauri),Kotadwara APMC,Onion,Onion,FAQ,1500,1500,1500,02/09/2026
Himachal Pradesh,Bilaspur,PMY Bilaspur,Onion,Other,Grade B,4400,4600,4500,02/09/2026
Himachal Pradesh,Kangra,SMY Nagrota Bagwan,Onion,Onion,FAQ,5000,5200,5100,02/09/2026
Himachal Pradesh,Shimla,SMY Rohroo,Onion,1st Sort,Grade B,5000,5320,5100,02/09/2026
Himachal Pradesh,Sirmore,SMY Nahan,Onion,Other,FAQ,4800,5000,4900,02/09/2026
Himachal Pradesh,Kangra,SMY Baijnath,Onion,Onion,Grade A,5000,5000,5000,02/09/2026
Himachal Pradesh,Kangra,SMY Jaisinghpur,Onion,Other,FAQ,5100,5300,5200,02/09/2026
Himachal Pradesh,Chamba,PMY Chamba,Onion,Onion,Medium,4500,5000,4750,02/09/2026
Himachal Pradesh,Hamirpur,PMY Hamirpur,Onion,Other,Grade B,4600,4800,4700,02/09/2026
Himachal Pradesh,Mandi,SMY Jogindernagar,Onion,Local,Grade B,5000,6000,5200,02/09/2026
Himachal Pradesh,Solan,SMY Nalagarh,Onion,Other,Medium,3000,4500,4000,02/09/2026
Himachal Pradesh,Mandi,SMY Dhanotu,Onion,Onion,FAQ,4000,4500,4250,02/09/2026
Himachal Pradesh,Mandi,SMY Takoli,Onion,Other,Medium,4000,4500,4300,02/09/2026
Himachal Pradesh,Sirmore,PMY Paonta Sahib,Onion,Nasik,FAQ,4400,4600,4500,02/09/2026
Himachal Pradesh,Kullu,PMY Kullu,Onion,Other,FAQ,4500,5000,4800,02/09/2026
Himachal Pradesh,Kangra,PMY Kangra,Onion,Onion,FAQ,5200,5500,5300,02/09/2026
Himachal Pradesh,Una,PMY Una,Onion,Onion,FAQ,4500,5000,4800,02/09/2026
Himachal Pradesh,Kangra,SMY Dharamshala,Onion,Onion,FAQ,4800,5000,4900,02/09/2026
Himachal Pradesh,Solan,PMY Kather Solan,Onion,Other,Medium,4000,4500,4200,02/09/2026
Himachal Pradesh,Kullu,SMY Bhuntar,Onion,Other,FAQ,4800,5400,5100,02/09/2026
Himachal Pradesh,Kangra,SMY Palampur,Onion,Onion,FAQ,5000,5200,5100,02/09/2026
Himachal Pradesh,Kangra,SMY Jassur,Onion,Other,FAQ,4500,5000,4750,02/09/2026
Assam,Kamrup,Pamohi(Garchuk) APMC,Onion,Onion,FAQ,5500,6000,5600,02/09/2026
Assam,Tinsukia,Tinsukia Market,Onion,Onion,FAQ,4200,5000,4600,02/09/2026
Assam,Kamrup,Pamohi(Garchuk) APMC,Onion,Local,FAQ,5300,6000,5500,02/09/2026
Tamil Nadu,Erode,Perundurai(Uzhavar Sandhai ),Tomato,Deshi,Local,2600,3000,2800,02/09/2026
Tamil Nadu,Kallakuruchi,Sankarapuram(Uzhavar Sandhai ),Tomato,Deshi,Local,3500,3500,3500,02/09/2026
Tamil Nadu,Kancheepuram,Kundrathur(Uzhavar Sandhai ),Tomato,Other,Local,2500,2500,2500,02/09/2026
Tamil Nadu,Kancheepuram,Sunguvarchatram(Uzhavar Sandhai ),Tomato,Other,Local,2500,2500,2500,02/09/2026
Tamil Nadu,Thanjavur,Tirukattupalli(Uzhavar Sandhai ),Tomato,Deshi,Local,3000,3000,3000,02/09/2026
Tamil Nadu,Madurai,Anna nagar(Uzhavar Sandhai ),Tomato,Other,Local,3000,3000,3000,02/09/2026
Tamil Nadu,Ranipet,Arcot(Uzhavar Sandhai ),Tomato,Deshi,Local,2800,2800,2800,02/09/2026
Tamil Nadu,Salem,Thathakapatti(Uzhavar Sandhai ),Tomato,Deshi,Local,2500,3000,2750,02/09/2026
Tamil Nadu,Thirunelveli,Melapalayam(Uzhavar Sandhai ),Tomato,Other,Local,2600,2800,2700,02/09/2026
Tamil Nadu,Thirupur,Tiruppur (North) (Uzhavar Sandhai ),Tomato,Local,Local,2300,2600,2450,02/09/2026
Tamil Nadu,Thiruvannamalai,Chengam(Uzhavar Sandhai ),Tomato,Local,Local,2000,2500,2250,02/09/2026
Tamil Nadu,Thiruvannamalai,Vandavasi(Uzhavar Sandhai ),Tomato,Local,Local,2500,3000,2750,02/09/2026
Tamil Nadu,Thiruvarur,Muthupettai(Uzhavar Sandhai ),Tomato,Deshi,Local,2800,2800,2800,02/09/2026
Tamil Nadu,Coimbatore,Sulur(Uzhavar Sandhai ),Tomato,Deshi,Local,2500,3000,2750,02/09/2026
Tamil Nadu,Cuddalore,Vadalur(Uzhavar Sandhai ),Tomato,Local,Local,2500,2500,2500,02/09/2026
Tamil Nadu,Salem,Elampillai(Uzhavar Sandhai ),Tomato,Other,Local,2500,2800,2650,02/09/2026
Tamil Nadu,Salem,Jalagandapuram(Uzhavar Sandhai ),Tomato,Other,Local,2400,2800,2600,02/09/2026
Tamil Nadu,Sivaganga,Tirupatthur(Uzhavar Sandhai ),Tomato,Other,Local,3000,3500,3250,02/09/2026
Tamil Nadu,Thiruchirappalli,Manachanallur(Uzhavar Sandhai ),Tomato,Deshi,Local,3200,3200,3200,02/09/2026
Tamil Nadu,Virudhunagar,Sivakasi(Uzhavar Sandhai ),Tomato,Deshi,Local,2500,3000,2750,02/09/2026
Tamil Nadu,Chengalpattu,Medavakkam(Uzhavar Sandhai ),Tomato,Other,Local,2000,2500,2250,02/09/2026
Tamil Nadu,Erode,Thalavadi(Uzhavar Sandhai ),Tomato,Other,Local,2200,2500,2350,02/09/2026
Tamil Nadu,Thiruvellore,Tiruthani(Uzhavar Sandhai ),Tomato,Deshi,Local,2000,2000,2000,02/09/2026
Tamil Nadu,Madurai,Melur(Uzhavar Sandhai ),Tomato,Other,Local,2500,3000,2750,02/09/2026
Tamil Nadu,Salem,Vazhapadi(Uzhavar Sandhai),Tomato,Deshi,Local,2400,3000,2700,02/09/2026
Tamil Nadu,Vellore,Perampet(Uzhavar Sandhai),Tomato,Deshi,Local,2000,2500,2250,02/09/2026
Tamil Nadu,Thirupur,Dharapuram(Uzhavar Sandhai ),Tomato,Local,Local,2000,2500,2250,02/09/2026
Tamil Nadu,Dindigul,Vedasanthur(Uzhavar Sandhai ),Tomato,Deshi,Local,2000,2500,2250,02/09/2026
Tamil Nadu,Pudukkottai,Viralimalai(Uzhavar Sandhai ),Tomato,Deshi,Local,2500,3000,2750,02/09/2026
Tamil Nadu,Pudukkottai,Alangudi(Uzhavar Sandhai ),Tomato,Other,Local,3000,3500,3250,02/09/2026
Tamil Nadu,Thiruvellore,Naravarikuppam(Uzhavar Sandhai ),Tomato,Deshi,Local,2500,2500,2500,02/09/2026
Tamil Nadu,Coimbatore,Pollachi(Uzhavar Sandhai ),Tomato,Deshi,Local,2500,3000,2750,02/09/2026
Tamil Nadu,Karur,Karur(Uzhavar Sandhai ),Tomato,Deshi,Local,2900,3400,3150,02/09/2026
Tamil Nadu,Cuddalore,Cuddalore(Uzhavar Sandhai ),Tomato,Deshi,Local,3000,3000,3000,02/09/2026
Tamil Nadu,Chengalpattu,Thirukalukundram(Uzhavar Sandhai ),Tomato,Deshi,Local,3000,3500,3250,02/09/2026
Tamil Nadu,Erode,Sathiyamagalam(Uzhavar Sandhai ),Tomato,Local,Local,3000,3400,3200,02/09/2026
Tamil Nadu,Nagercoil (Kannyiakumari),Vadaseri APMC,Tomato,Deshi,Local,3500,4000,3750,02/09/2026
Tamil Nadu,Pudukkottai,Karambakkudi(Uzhavar Sandhai ),Tomato,Deshi,Local,3000,3500,3250,02/09/2026
Tamil Nadu,Krishnagiri,Kaveripattinam(Uzhavar Sandhai ),Tomato,Local,Local,2800,2800,2800,02/09/2026
Tamil Nadu,The Nilgiris,Coonoor(Uzhavar Sandhai ),Tomato,Local,Local,3000,3500,3250,02/09/2026
Tamil Nadu,Thirupur,Palladam(Uzhavar Sandhai ),Tomato,Local,Local,2000,2400,2200,02/09/2026
Tamil Nadu,Erode,Sampath Nagar(Uzhavar Sandhai ),Tomato,Other,Local,2500,2800,2650,02/09/2026
Tamil Nadu,Ramanathapuram,Ramanathapuram(Uzhavar Sandhai ),Tomato,Deshi,Local,3000,3500,3250,02/09/2026
Tamil Nadu,Vellore,Kahithapattarai(Uzhavar Sandhai ),Tomato,Deshi,Local,2400,2600,2500,02/09/2026
Tamil Nadu,Krishnagiri,Krishnagiri(Uzhavar Sandhai ),Tomato,Deshi,Local,1600,2000,1800,02/09/2026
Tamil Nadu,Tenkasi,Tenkasi(Uzhavar Sandhai ),Tomato,Local,Local,1500,2000,1750,02/09/2026
Tamil Nadu,Thiruvarur,Tiruvarur(Uzhavar Sandhai ),Tomato,Deshi,Local,3000,3000,3000,02/09/2026
Tamil Nadu,Nagapattinam,Vedaranyam(Uzhavar Sandhai),Tomato,Deshi,Local,3500,3600,3550,02/09/2026
Tamil Nadu,Sivaganga,Singampunari(Uzhavar Sandhai ),Tomato,Other,Local,2600,3200,2900,02/09/2026
Tamil Nadu,Sivaganga,Karaikudi(Uzhavar Sandhai ),Tomato,Local,Local,3000,3500,3250,02/09/2026
Tamil Nadu,Thiruchirappalli,KKNagar(Uzhavar Sandhai ),Tomato,Other,Local,3200,3200,3200,02/09/2026
Tamil Nadu,Virudhunagar,Thalavaipuram(Uzhavar Sandhai ),Tomato,Deshi,Local,2500,3000,2750,02/09/2026
Tamil Nadu,Villupuram,Tindivanam APMC,Tomato,Deshi,Local,2500,2500,2500,02/09/2026
Tamil Nadu,Thirupur,Tiruppur (South) (Uzhavar Sandhai ),Tomato,Local,Local,1400,1600,1500,02/09/2026
Tamil Nadu,Kancheepuram,Kancheepuram(Uzhavar Sandhai ),Tomato,Local,Local,1600,2400,2000,02/09/2026
Tamil Nadu,Kancheepuram,Padappai(Uzhavar Sandhai ),Tomato,Local,Local,2000,2600,2300,02/09/2026
Tamil Nadu,Madurai,Anaiyur(Uzhavar Sandhai ),Tomato,Deshi,Local,2500,3000,2750,02/09/2026
Tamil Nadu,Namakkal,Kumarapalayam(Uzhavar Sandhai ),Tomato,Other,Local,2000,2800,2400,02/09/2026
Tamil Nadu,Ranipet,Ranipettai(Uzhavar Sandhai ),Tomato,Other,Local,2000,2500,2250,02/09/2026
Tamil Nadu,Thiruchirappalli,Thuraiyur APMC,Tomato,Local,Local,3000,3400,3200,02/09/2026
Tamil Nadu,Salem,Thammampatti (Uzhavar Sandhai ),Tomato,Local,Local,2500,3000,2750,02/09/2026
Tamil Nadu,Theni,Kambam(Uzhavar Sandhai ),Tomato,Deshi,Local,2800,2800,2800,02/09/2026
Tamil Nadu,Cuddalore,Panruti(Uzhavar Sandhai ),Tomato,Deshi,Local,2500,2500,2500,02/09/2026
Tamil Nadu,Salem,Attayampatti(Uzhavar Sandhai ),Tomato,Deshi,Local,2600,2800,2700,02/09/2026
Tamil Nadu,Coimbatore,Sundarapuram(Uzhavar Sandhai ),Tomato,Local,Local,3000,3400,3200,02/09/2026
Tamil Nadu,Coimbatore,Mettupalayam(Uzhavar Sandhai ),Tomato,Deshi,Local,3000,3500,3250,02/09/2026
Tamil Nadu,Ariyalur,Jeyankondam (Uzhavar Sandhai ),Tomato,Deshi,Local,2600,3400,3000,02/09/2026
Tamil Nadu,Coimbatore,Singanallur(Uzhavar Sandhai ),Tomato,Local,Local,3000,3200,3100,02/09/2026
Tamil Nadu,Cuddalore,Chidambaram(Uzhavar Sandhai ),Tomato,Local,Local,2500,3000,2750,02/09/2026
Tamil Nadu,Nagapattinam,Mayiladuthurai(Uzhavar Sandhai ),Tomato,Deshi,Local,2500,3000,2750,02/09/2026
Tamil Nadu,Thiruvannamalai,Polur(Uzhavar Sandhai ),Tomato,Local,Local,2500,3000,2750,02/09/2026
Tamil Nadu,Thiruvarur,Mannargudi II(Uzhavar Sandhai ),Tomato,Deshi,Local,3000,3000,3000,02/09/2026
Tamil Nadu,Thiruvellore,Perambakkam(Uzhavar Sandhai ),Tomato,Deshi,Local,2000,2000,2000,02/09/2026
Tamil Nadu,Tuticorin,Kovilpatti(Uzhavar Sandhai ),Tomato,Local,Local,3000,3500,3250,02/09/2026
Tamil Nadu,Thiruvannamalai,Cheyyar(Uzhavar Sandhai ),Tomato,Local,Local,2500,3000,2750,02/09/2026
Tamil Nadu,The Nilgiris,Gudalur(Uzhavar Sandhai ),Tomato,Deshi,Local,2500,2800,2650,02/09/2026
Tamil Nadu,Nagapattinam,Nagapattinam(Uzhavar Sandhai ),Tomato,Deshi,Local,3800,3800,3800,02/09/2026
Tamil Nadu,The Nilgiris,Udhagamandalam(Uzhavar Sandhai ),Tomato,Deshi,Local,2000,2500,2250,02/09/2026
Tamil Nadu,Theni,Bodinayakanur(Uzhavar Sandhai ),Tomato,Deshi,Local,2800,2800,2800,02/09/2026
Tamil Nadu,Virudhunagar,Kariyapatti(Uzhavar Sandhai ),Tomato,Deshi,Local,3000,3500,3250,02/09/2026
Tamil Nadu,Pudukkottai,Aranthangi(Uzhavar Sandhai ),Tomato,Other,Local,3000,3500,3250,02/09/2026
Tamil Nadu,Dharmapuri,Palacode(Uzhavar Sandhai ),Tomato,Local,Local,2200,2400,2300,02/09/2026
Tamil Nadu,Dindigul,Dindigul(Uzhavar Sandhai ),Tomato,Deshi,Local,2000,2800,2400,02/09/2026
Tamil Nadu,Thanjavur,Pattukottai(Uzhavar Sandhai ),Tomato,Deshi,Local,3600,3600,3600,02/09/2026
Tamil Nadu,Thiruchirappalli,Lalgudi(Uzhavar Sandhai ),Tomato,Local,Local,3400,3400,3400,02/09/2026
Tamil Nadu,Thiruchirappalli,Musiri(Uzhavar Sandhai ),Tomato,Deshi,Local,2500,3000,2750,02/09/2026
Tamil Nadu,Thiruchirappalli,Thiruverumbur(Uzhavar Sandhai ),Tomato,Deshi,Local,3200,3200,3200,02/09/2026
Tamil Nadu,Virudhunagar,Rajapalayam(Uzhavar Sandhai ),Tomato,Deshi,Local,2500,3000,2750,02/09/2026
Tamil Nadu,Virudhunagar,Virudhunagar(Uzhavar Sandhai ),Tomato,Deshi,Local,2500,3000,2750,02/09/2026
Tamil Nadu,Chengalpattu,Madhuranthagam(Uzhavar Sandhai ),Tomato,Deshi,Local,3000,3000,3000,02/09/2026
Tamil Nadu,Chengalpattu,Pallavaram(Uzhavar Sandhai ),Tomato,Deshi,Local,2500,3000,2750,02/09/2026
Tamil Nadu,Krishnagiri,Denkanikottai(Uzhavar Sandhai ),Tomato,Local,Local,2500,2800,2650,02/09/2026
Tamil Nadu,Theni,Theni(Uzhavar Sandhai ),Tomato,Other,Local,2800,2800,2800,02/09/2026
Tamil Nadu,Thiruvannamalai,Keelpennathur(Uzhavar Sandhai ),Tomato,Deshi,Local,3000,3500,3250,02/09/2026
Tamil Nadu,Thiruvannamalai,Tamarainagar(Uzhavar Sandhai ),Tomato,Deshi,Local,2800,3200,3000,02/09/2026
Tamil Nadu,Thanjavur,Peravurani(Uzhavar Sandhai),Tomato,Deshi,Local,2500,2500,2500,02/09/2026
Tamil Nadu,Karur,Vengamedu(Uzhavar Sandhai ),Tomato,Deshi,Local,2900,3400,3150,02/09/2026
Tamil Nadu,Coimbatore,Vadavalli(Uzhavar Sandhai ),Tomato,Local,Local,2800,3200,3000,02/09/2026
Tamil Nadu,Theni,Periyakulam(Uzhavar Sandhai ),Tomato,Other,Local,2500,2800,2650,02/09/2026
Tamil Nadu,Virudhunagar,Srivilliputhur(Uzhavar Sandhai ),Tomato,Deshi,Local,2500,3000,2750,02/09/2026
Tamil Nadu,Dharmapuri,Dharmapuri(Uzhavar Sandhai ),Tomato,Local,Local,2200,2400,2300,02/09/2026
Tamil Nadu,Dharmapuri,Pennagaram(Uzhavar Sandhai ),Tomato,Local,Local,2600,2800,2700,02/09/2026
Tamil Nadu,Dindigul,Palani(Uzhavar Sandhai ),Tomato,Deshi,Local,1500,2500,2000,02/09/2026
Tamil Nadu,Krishnagiri,Avallapalli(Uzhavar Sandhai ),Tomato,Deshi,Local,2400,2800,2600,02/09/2026
Tamil Nadu,Krishnagiri,Hosur(Uzhavar Sandhai ),Tomato,Deshi,Local,2000,2500,2250,02/09/2026
Tamil Nadu,Namakkal,Paramathivelur(Uzhavar Sandhai ),Tomato,Deshi,Local,2500,3000,2750,02/09/2026
Tamil Nadu,Salem,Ammapet(Uzhavar Sandhai ),Tomato,Local,Local,2000,2400,2200,02/09/2026
Tamil Nadu,Salem,Mettur(Uzhavar Sandhai ),Tomato,Local,Local,2000,2700,2350,02/09/2026
Tamil Nadu,Theni,Chinnamanur(Uzhavar Sandhai ),Tomato,Local,Local,2800,2800,2800,02/09/2026
Tamil Nadu,Thirunelveli,Kandiyaperi(Uzhavar Sandhai ),Tomato,Other,Local,2600,2800,2700,02/09/2026
Tamil Nadu,Thirunelveli,Palayamkottai(Uzhavar Sandhai ),Tomato,Local,Local,2600,2800,2700,02/09/2026
Tamil Nadu,Pudukkottai,Gandarvakottai(Uzhavar Sandhai ),Tomato,Deshi,Local,3000,3500,3250,02/09/2026
Tamil Nadu,Dharmapuri,AJattihalli(Uzhavar Sandhai ),Tomato,Deshi,Local,2000,2400,2200,02/09/2026
Tamil Nadu,Sivaganga,Devakottai (Uzhavar Sandhai ),Tomato,Deshi,Local,3000,3500,3250,02/09/2026
Tamil Nadu,Virudhunagar,Sathur(Uzhavar Sandhai ),Tomato,Deshi,Local,2000,2500,2250,02/09/2026
Tamil Nadu,Nagercoil (Kannyiakumari),Myladi(Uzhavar Sandhai ),Tomato,Deshi,Local,2500,3000,2750,02/09/2026
Tamil Nadu,Thanjavur,Kumbakonam (Uzhavar Sandhai ),Tomato,Deshi,Local,3200,3600,3400,02/09/2026
Tamil Nadu,Virudhunagar,Aruppukottai(Uzhavar Sandhai ),Tomato,Deshi,Local,3000,3500,3250,02/09/2026
Tamil Nadu,Villupuram,Gingee(Uzhavar Sandhai ),Tomato,Deshi,Local,2500,2500,2500,02/09/2026
Tamil Nadu,Vellore,Katpadi (Uzhavar Sandhai ),Tomato,Deshi,Local,3000,3200,3100,02/09/2026
Tamil Nadu,Karur,Kulithalai(Uzhavar Sandhai ),Tomato,Deshi,Local,3000,3200,3100,02/09/2026
Tamil Nadu,Thirupathur,Vaniyampadi(Uzhavar Sandhai ),Tomato,Deshi,Local,4000,4000,4000,02/09/2026
Tamil Nadu,Kallakuruchi,Kallakurichi(Uzhavar Sandhai ),Tomato,Deshi,Local,3000,3000,3000,02/09/2026
Tamil Nadu,Coimbatore,Udumalpet APMC,Tomato,Deshi,Local,2500,3000,2750,02/09/2026
Tamil Nadu,Pudukkottai,Ponnamaravathi(Uzhavar Sandhai),Tomato,Deshi,Local,2500,3000,2750,02/09/2026
Tamil Nadu,Ramanathapuram,Kamuthi(Uzhavar Sandhai ),Tomato,Other,Local,3200,3200,3200,02/09/2026
Tamil Nadu,Ramanathapuram,Paramakudi(Uzhavar Sandhai ),Tomato,Deshi,Local,3000,3500,3250,02/09/2026
Tamil Nadu,Thiruvannamalai,Tiruvannamalai(Uzhavar Sandhai ),Tomato,Deshi,Local,2500,2800,2650,02/09/2026
Tamil Nadu,Thiruvarur,Mannargudi I(Uzhavar Sandhai ),Tomato,Deshi,Local,3000,3000,3000,02/09/2026
Tamil Nadu,Namakkal,Tiruchengode APMC,Tomato,Other,Local,2400,2800,2600,02/09/2026
Tamil Nadu,Coimbatore,Kurichi(Uzhavar Sandhai ),Tomato,Deshi,Local,3000,3500,3250,02/09/2026
Tamil Nadu,Vellore,Vellore APMC,Tomato,Deshi,Local,2800,2800,2800,02/09/2026
Tamil Nadu,Dharmapuri,Harur(Uzhavar Sandhai ),Tomato,Deshi,Local,2000,2500,2250,02/09/2026
Tamil Nadu,Dindigul,Chinnalapatti(Uzhavar Sandhai ),Tomato,Deshi,Local,2500,2800,2650,02/09/2026
Tamil Nadu,Erode,Periyar Nagar(Uzhavar Sandhai ),Tomato,Other,Local,2500,2800,2650,02/09/2026
Tamil Nadu,Dharmapuri,Karimangalam(Uzhavar Sandhai),Tomato,Local,Local,2300,2500,2400,02/09/2026
Tamil Nadu,Madurai,Usilampatti(Uzhavar Sandhai ),Tomato,Deshi,Local,2500,3000,2750,02/09/2026
Tamil Nadu,Nagapattinam,Sirkali(Uzhavar Sandhai ),Tomato,Deshi,Local,2500,3000,2750,02/09/2026
Tamil Nadu,Namakkal,Mohanur(Uzhavar Sandhai ),Tomato,Deshi,Local,2400,3000,2700,02/09/2026
Tamil Nadu,Namakkal,Rasipuram(Uzhavar Sandhai ),Tomato,Other,Local,2800,3200,3000,02/09/2026
Tamil Nadu,Madurai,Palanganatham(Uzhavar Sandhai ),Tomato,Deshi,Local,2500,3000,2750,02/09/2026
Tamil Nadu,Perambalur,Perambalur(Uzhavar Sandhai ),Tomato,Deshi,Local,3000,3500,3250,02/09/2026
Tamil Nadu,Salem,Mecheri(Uzhavar Sandhai),Tomato,Other,Local,2500,2800,2650,02/09/2026
Tamil Nadu,Salem,Sooramangalam(Uzhavar Sandhai ),Tomato,Deshi,Local,2400,3000,2700,02/09/2026
Tamil Nadu,Thirunelveli,Ambasamudram(Uzhavar Sandhai ),Tomato,Local,Local,2400,2800,2600,02/09/2026
Tamil Nadu,Thirunelveli,NGO Colony(Uzhavar Sandhai ),Tomato,Deshi,Local,2500,3200,2850,02/09/2026
Tamil Nadu,Thirupur,Kangayam(Uzhavar Sandhai ),Tomato,Deshi,Local,2100,2400,2250,02/09/2026
Tamil Nadu,Karur,Pallapatti (Uzhavar Sandhai ),Tomato,Other,Local,3000,3500,3250,02/09/2026
Tamil Nadu,Karur,Velayuthampalayam(Uzhavar Sandhai ),Tomato,Other,Local,2800,3400,3100,02/09/2026
Tamil Nadu,Theni,Devaram(Uzhavar Sandhai ),Tomato,Deshi,Local,2700,2700,2700,02/09/2026
Tamil Nadu,Sivaganga,Sivagangai (Uzhavar Sandhai ),Tomato,Deshi,Local,2600,3200,2900,02/09/2026
Tamil Nadu,Salem,Edapadi (Uzhavar Sandhai ),Tomato,Local,Local,3000,3400,3200,02/09/2026
Tamil Nadu,Salem,Hasthampatti(Uzhavar Sandhai ),Tomato,Deshi,Local,2400,2600,2500,02/09/2026
Tamil Nadu,Thanjavur,Thanjavur(Uzhavar Sandhai ),Tomato,Deshi,Local,3000,3000,3000,02/09/2026
Tamil Nadu,Thiruchirappalli,Manapparai(Uzhavar Sandhai ),Tomato,Other,Local,3000,3000,3000,02/09/2026
Tamil Nadu,Chengalpattu,Chengalpet(Uzhavar Sandhai ),Tomato,Deshi,Local,3000,3500,3250,02/09/2026
Tamil Nadu,Chengalpattu,Nanganallur(Uzhavar Sandhai ),Tomato,Deshi,Local,3000,3500,3250,02/09/2026
Tamil Nadu,Chengalpattu,Jameenrayapettai(Uzhavar Sandhai ),Tomato,Other,Local,2500,3000,2750,02/09/2026
Tamil Nadu,Villupuram,Ulundurpettai APMC,Tomato,Deshi,Local,2500,2500,2500,02/09/2026
Tamil Nadu,Madurai,Chokkikulam(Uzhavar Sandhai ),Tomato,Deshi,Local,2600,3000,2800,02/09/2026
Tamil Nadu,Cuddalore,Viruthachalam(Uzhavar Sandhai ),Tomato,Deshi,Local,4000,4000,4000,02/09/2026
Tamil Nadu,Tenkasi,Sankarankoil(Uzhavar Sandhai ),Tomato,Deshi,Local,2500,3000,2750,02/09/2026
Tamil Nadu,Pudukkottai,Pudukottai(Uzhavar Sandhai ),Tomato,Other,Local,3000,4000,3500,02/09/2026
Tamil Nadu,Theni,Andipatti(Uzhavar Sandhai ),Tomato,Deshi,Local,2500,2800,2650,02/09/2026
Tamil Nadu,Thiruvarur,Needamangalam(Uzhavar Sandhai ),Tomato,Deshi,Local,2800,2800,2800,02/09/2026
Tamil Nadu,Thiruvarur,Valangaiman APMC,Tomato,Deshi,Local,3000,3000,3000,02/09/2026
Tamil Nadu,Thiruvellore,Tiruvallur(Uzhavar Sandhai ),Tomato,Deshi,Local,3000,3000,3000,02/09/2026
Tamil Nadu,Madurai,Thirumangalam(Uzhavar Sandhai ),Tomato,Deshi,Local,2500,3000,2750,02/09/2026
Tamil Nadu,Karur,Gandhigramam(Uzhavar Sandhai),Tomato,Other,Local,3200,3400,3300,02/09/2026
Tamil Nadu,Chengalpattu,Guduvancheri(Uzhavar Sandhai ),Tomato,Other,Local,2500,3000,2750,02/09/2026
Tamil Nadu,Thirupathur,Natrampalli(Uzhavar Sandhai ),Tomato,Deshi,Local,1500,2000,1750,02/09/2026
Tamil Nadu,Salem,Athur(Uzhavar Sandhai ),Tomato,Deshi,Local,2000,2600,2300,02/09/2026
Tamil Nadu,Erode,Gobichettipalayam(Uzhavar Sandhai ),Tomato,Deshi,Local,2600,3000,2800,02/09/2026
Tamil Nadu,Vellore,Pallikonda(Uzhavar Sandhai),Tomato,Deshi,Local,2200,2500,2350,02/09/2026
Tamil Nadu,Thiruvannamalai,Arani(Uzhavar Sandhai ),Tomato,Deshi,Local,2500,3000,2750,02/09/2026
Tamil Nadu,Thiruvellore,Paruthipattu(Uzhavar Sandhai ),Tomato,Deshi,Local,2500,2500,2500,02/09/2026
Tamil Nadu,Vellore,Gudiyatham(Uzhavar Sandhai ),Tomato,Deshi,Local,2500,2500,2500,02/09/2026
Tamil Nadu,Thanjavur,Papanasam(Uzhavar Sandhai ),Tomato,Deshi,Local,3200,3600,3400,02/09/2026
Tamil Nadu,Ariyalur,Ariyalur(Uzhavar Sandhai),Tomato,Deshi,Local,3000,3500,3250,02/09/2026
Tamil Nadu,Dindigul,Kodaikkanal(Uzhavar Sandhai),Tomato,Deshi,Local,2000,2500,2250,02/09/2026
Tamil Nadu,Coimbatore,RSPuram(Uzhavar Sandhai ),Tomato,Local,Local,3000,3200,3100,02/09/2026
Tamil Nadu,Tuticorin,Tuticorin(Uzhavar Sandhai ),Tomato,Local,Local,3000,3500,3250,02/09/2026
Tamil Nadu,Vellore,Thirupathur APMC,Tomato,Deshi,Local,2800,2800,2800,02/09/2026
Madhya Pradesh,Jhabua,Petlawad(F&V) APMC,Tomato,Hybrid,Grade A,800,1000,938,02/09/2026
Madhya Pradesh,Sagar,Rehli(F&V) APMC,Tomato,Tomato,Grade C,1500,1700,1600,02/09/2026
Madhya Pradesh,Dhar,Manawar(F&V) APMC,Tomato,Tomato,Grade B,1400,1800,1500,02/09/2026
Madhya Pradesh,Ujjain,Ujjain(F&V) APMC,Tomato,Deshi,Medium,625,2060,1368,02/09/2026
Madhya Pradesh,Narsinghpur,Gadarwara(F&V) APMC,Tomato,Tomato,Grade B,2200,2200,2200,02/09/2026
Madhya Pradesh,Shivpuri,Shivpuri(F&V) APMC,Tomato,Other,Grade B,1500,1500,1500,02/09/2026
Madhya Pradesh,Betul,Betul(F&V) APMC,Tomato,Local,FAQ,1000,1600,1400,02/09/2026
Madhya Pradesh,Sagar,Devri(F&V) APMC,Tomato,Tomato,Grade B,1500,1500,1500,02/09/2026
Madhya Pradesh,Seoni,Seoni(F&V) APMC,Tomato,Deshi,Grade C,800,800,800,02/09/2026
Madhya Pradesh,Khandwa,Badwah(F&V) APMC,Tomato,Deshi,Grade A,900,1850,1340,02/09/2026
Madhya Pradesh,Dewas,Hatpiplya(F&V) APMC,Tomato,Tomato,Local,1000,1600,1400,02/09/2026
Madhya Pradesh,Indore,Sanwer(F&V) APMC,Tomato,Tomato,FAQ,1000,2000,1500,02/09/2026
Madhya Pradesh,Morena,Porsa APMC,Tomato,Tomato,FAQ,800,800,800,02/09/2026
Madhya Pradesh,Chhatarpur,Chattarpur(F&V) APMC,Tomato,Other,Grade C,1700,1700,1700,02/09/2026
Madhya Pradesh,Hoshangabad,Pipariya(F&V) APMC,Tomato,Tomato,Local,1250,2600,1800,02/09/2026
Madhya Pradesh,Morena,Sabalgarh(F&V) APMC,Tomato,Deshi,FAQ,1000,1000,1000,02/09/2026
Madhya Pradesh,Mandsaur,Mandsaur(F&V) APMC,Tomato,Other,Grade B,1150,2250,1800,02/09/2026
Madhya Pradesh,Khandwa,Khandwa(F&V) APMC,Tomato,Tomato,FAQ,800,1500,1222,02/09/2026
Madhya Pradesh,Indore,Indore(F&V) APMC,Tomato,Tomato,Local,600,1600,1000,02/09/2026
Madhya Pradesh,Hoshangabad,Itarsi(F&V) APMC,Tomato,Tomato,FAQ,2300,2300,2300,02/09/2026
Madhya Pradesh,Shivpuri,Karera(F&V) APMC,Tomato,Tomato,Local,2000,2500,2300,02/09/2026
Madhya Pradesh,Harda,Harda(F&V) APMC,Tomato,Deshi,Medium,1800,2000,1900,02/09/2026
Madhya Pradesh,Morena,Kailaras APMC,Tomato,Other,FAQ,2500,2500,2500,02/09/2026
Maharashtra,Nagpur,Nagpur APMC,Tomato,Local,Local,1200,2000,1800,02/09/2026
Maharashtra,Pune,Khed(Chakan) APMC,Tomato,Other,Local,1000,2000,1500,02/09/2026
Maharashtra,Raigad,Panvel APMC,Tomato,Other,Local,2500,3000,2750,02/09/2026
Maharashtra,Pune,Pune(Manjri) APMC,Tomato,Other,Local,500,2000,1500,02/09/2026
Maharashtra,Ahilyanagar,Shrirampur APMC,Tomato,Other,Local,1000,1500,1250,02/09/2026
Maharashtra,Nagpur,Kalmeshwar APMC,Tomato,Other,Local,2010,2500,2320,02/09/2026
Maharashtra,Solapur,Pandharpur APMC,Tomato,Other,Local,600,1500,1100,02/09/2026
Maharashtra,Ahilyanagar,Rahata APMC,Tomato,Other,Local,500,1250,875,02/09/2026
Maharashtra,Pune,Pune(Pimpri) APMC,Tomato,Local,Local,1000,1200,1100,02/09/2026
Maharashtra,Solapur,Akluj APMC,Tomato,Local,Local,700,1500,1000,02/09/2026
Maharashtra,Ahilyanagar,Rahuri APMC,Tomato,Other,Local,500,1000,750,02/09/2026
Maharashtra,Solapur,SHRI.SIDDHESHWAR  APMC,Tomato,Other,Local,300,2100,1300,02/09/2026
Maharashtra,Dharashiv,Dharashiv APMC,Tomato,Other,Local,500,1000,750,02/09/2026
Maharashtra,Pune,Pune(Khadiki) APMC,Tomato,Local,Local,800,1300,1050,02/09/2026
Maharashtra,Ahilyanagar,Sangamner APMC,Tomato,Other,Local,1000,2000,1500,02/09/2026
Maharashtra,Amarawati,Amrawati(Frui & Veg. Market) APMC,Tomato,Local,Local,1000,2000,1500,02/09/2026
Maharashtra,Mumbai,Mumbai APMC,Tomato,Other,Local,1600,2000,1800,02/09/2026
Maharashtra,Satara,Patan APMC,Tomato,Other,Local,1150,1350,1250,02/09/2026
Maharashtra,Satara,Satara APMC,Tomato,Other,Local,1000,1500,1250,02/09/2026
Maharashtra,Kolhapur,Kolhapur APMC,Tomato,Other,Local,600,1400,1000,02/09/2026
Maharashtra,Jalgaon,Jalgaon APMC,Tomato,Other,Local,500,1200,800,02/09/2026
Maharashtra,Nagpur,Nagpur APMC,Tomato,Other,Local,2000,2500,2375,02/09/2026
Maharashtra,Kolhapur,Vadgaonpeth APMC,Tomato,Local,Local,800,1800,1200,02/09/2026
Maharashtra,Jalgaon,Bhusaval APMC,Tomato,Other,Local,1000,1500,1200,02/09/2026
Maharashtra,Nagpur,Kamthi APMC,Tomato,Local,Local,2000,2500,2350,02/09/2026
Maharashtra,Ratnagiri,Ratnagiri (Nachane) APMC,Tomato,Other,Local,500,1400,800,02/09/2026
Maharashtra,Satara,Karad APMC,Tomato,Other,Local,1000,1500,1500,02/09/2026
Maharashtra,Satara,Vai APMC,Tomato,Local,Local,1000,1500,1250,02/09/2026
Maharashtra,Solapur,Mangal Wedha APMC,Tomato,Local,Local,500,1300,1100,02/09/2026
Maharashtra,Chandrapur,Chandrapur(Ganjwad) APMC,Tomato,Other,Local,800,1600,1200,02/09/2026
Uttar Pradesh,Jalaun (Orai),Orai APMC,Tomato,Other,FAQ,1500,1500,1500,02/09/2026
Uttar Pradesh,Mathura,Mathura APMC,Tomato,Other,FAQ,2800,2800,2800,02/09/2026
Uttar Pradesh,Lucknow,Lucknow APMC,Tomato,Other,FAQ,2000,2000,2000,02/09/2026
Uttar Pradesh,Firozabad,Firozabad APMC,Tomato,Other,FAQ,1000,1000,1000,02/09/2026
Uttar Pradesh,Shamli,Kairana APMC,Tomato,Other,FAQ,1800,1800,1800,02/09/2026
Uttar Pradesh,Jhansi,Jhansi APMC,Tomato,Other,FAQ,1700,2000,1820,02/09/2026
Uttar Pradesh,Ghaziabad,Ghaziabad APMC,Tomato,Other,FAQ,2500,2520,2508.54,02/09/2026
Uttar Pradesh,Lakhimpur,Lakhimpur APMC,Tomato,Other,FAQ,1450,1450,1450,02/09/2026
Uttar Pradesh,Varanasi,Varanasi APMC,Tomato,Other,FAQ,1500,1600,1531.9,02/09/2026
Uttar Pradesh,Meerut,Parikshitgarh APMC,Tomato,Other,FAQ,3000,3000,3000,02/09/2026
Uttar Pradesh,Agra,Khairagarh APMC,Tomato,Tomato,FAQ,2500,2600,2550,02/09/2026
Uttar Pradesh,Agra,Khairagarh APMC,Tomato,Other,FAQ,2000,2000,2000,02/09/2026
Uttar Pradesh,Mathura,Kosikalan APMC,Tomato,Deshi,FAQ,1860,1900,1890,02/09/2026
Uttar Pradesh,Bijnor,Kiratpur APMC,Tomato,Other,FAQ,2100,2100,2100,02/09/2026
Uttar Pradesh,Jaunpur,Jaunpur APMC,Tomato,Other,FAQ,1600,1600,1600,02/09/2026
Uttar Pradesh,Badaun,Badayoun APMC,Tomato,Other,FAQ,2500,2500,2500,02/09/2026
Uttar Pradesh,Bahraich,Bahraich APMC,Tomato,Other,FAQ,1200,1200,1200,02/09/2026
Uttar Pradesh,Etah,Etah APMC,Tomato,Other,FAQ,2000,2000,2000,02/09/2026
Uttar Pradesh,Meerut,Mawana APMC,Tomato,Other,FAQ,2000,2400,2247.62,02/09/2026
Uttar Pradesh,Saharanpur,Saharanpur APMC,Tomato,Other,FAQ,1500,1700,1561.97,02/09/2026
Uttar Pradesh,Balrampur,Balrampur APMC,Tomato,Other,FAQ,1000,1000,1000,02/09/2026
Uttar Pradesh,Saharanpur,CHHUTMALPUR APMC,Tomato,Other,FAQ,2300,2350,2315.38,02/09/2026
Uttar Pradesh,Sambhal,Chandausi APMC,Tomato,Other,FAQ,2040,2050,2045,02/09/2026
Uttar Pradesh,Sonbhadra,Dudhi APMC,Tomato,Other,Medium,2500,2700,2600,02/09/2026
Uttar Pradesh,Prayagraj,Prayagraj APMC,Tomato,Other,FAQ,2000,2000,2000,02/09/2026
Uttar Pradesh,Shamli,Thanabhawan APMC,Tomato,Other,FAQ,2400,2500,2420,02/09/2026
Uttar Pradesh,Baghpat,Baraut APMC,Tomato,Other,FAQ,2000,2000,2000,02/09/2026
Uttar Pradesh,Muzaffarnagar,Khatauli APMC,Tomato,Other,FAQ,1540,1540,1540,02/09/2026
Uttar Pradesh,Etawah,Etawah APMC,Tomato,Other,FAQ,1800,1800,1800,02/09/2026
Uttar Pradesh,Bulandshahar,Buland Shahr APMC,Tomato,Other,FAQ,2000,2000,2000,02/09/2026
Uttar Pradesh,Mathura,Kosikalan APMC,Tomato,Other,FAQ,2200,2500,2446.43,02/09/2026
Uttar Pradesh,Shamli,Shamli APMC,Tomato,Other,FAQ,2600,2600,2600,02/09/2026
Uttar Pradesh,Amethi,Sultanpur APMC,Tomato,Other,FAQ,1200,1200,1200,02/09/2026
Uttar Pradesh,Amroha,Hasanpur APMC,Tomato,Other,FAQ,2000,2000,2000,02/09/2026
Uttar Pradesh,Agra,Fatehpur Sikri APMC,Tomato,Other,FAQ,1700,1700,1700,02/09/2026
Uttar Pradesh,Agra,Agra APMC,Tomato,Other,FAQ,1600,1700,1675,02/09/2026
Uttar Pradesh,Aligarh,Aligarh APMC,Tomato,Other,FAQ,2000,2050,2013.91,02/09/2026
Uttar Pradesh,Kanpur,Kanpur(Grain) APMC,Tomato,Other,FAQ,2100,2100,2100,02/09/2026
Uttar Pradesh,Barabanki,Barabanki APMC,Tomato,Other,FAQ,1400,1400,1400,02/09/2026
Uttar Pradesh,Jalaun (Orai),Konch APMC,Tomato,Other,FAQ,1800,1800,1800,02/09/2026
Uttar Pradesh,Sonbhadra,Dudhi APMC,Tomato,Other,FAQ,800,800,800,02/09/2026
Uttar Pradesh,Gonda,Nawabganj APMC,Tomato,Other,FAQ,2000,2000,2000,02/09/2026
Uttar Pradesh,Kannuj,Kannauj APMC,Tomato,Other,FAQ,2100,2100,2100,02/09/2026
Uttar Pradesh,Hardoi,Hardoi APMC,Tomato,Other,FAQ,1500,1500,1500,02/09/2026
Uttar Pradesh,Amroha,Amroha APMC,Tomato,Other,FAQ,1500,1500,1500,02/09/2026
Rajasthan,Baran,Baran APMC,Tomato,Other,Local,1200,2000,1500,02/09/2026
Rajasthan,Jalore,Jalore APMC,Tomato,Tomato,Local,1800,2000,1900,02/09/2026
Rajasthan,Jodhpur,Jodhpur (F&V) APMC,Tomato,Other,Medium,1000,3500,2500,02/09/2026
Rajasthan,Hanumangarh,Goluwala APMC,Tomato,Deshi,Non-FAQ,3000,3500,3500,02/09/2026
Rajasthan,Rajsamand,Rajsamand APMC,Tomato,Tomato,FAQ,1800,2200,2000,02/09/2026
Rajasthan,Jaipur,Bassi APMC,Tomato,Other,Local,3800,4200,4000,02/09/2026
Rajasthan,Bhilwara,Bhilwara APMC,Tomato,Other,FAQ,2000,3000,2500,02/09/2026
Rajasthan,Jaipur,Jaipur (F&V) APMC,Tomato,Other,FAQ,3000,3500,3250,02/09/2026
Rajasthan,Bharatpur,Bayana APMC,Tomato,Other,Local,2500,2500,2500,02/09/2026
Rajasthan,Ganganagar,Sriganganagar (F&V) APMC,Tomato,Tomato,Grade B,2200,2600,2400,02/09/2026
Rajasthan,Hanumangarh,Bhadara APMC,Tomato,Deshi,FAQ,2000,3500,2300,02/09/2026
Rajasthan,Hanumangarh,Rawatsar APMC,Tomato,Deshi,FAQ,800,2000,1000,02/09/2026
Rajasthan,Sikar,Sikar APMC,Tomato,Deshi,FAQ,1500,2000,1750,02/09/2026
Karnataka,Bengaluru South,Channapatna APMC,Tomato,Tomato,Local,850,1900,1400,02/09/2026
Karnataka,Chikkamagaluru,Kadur APMC,Tomato,Tomato,Medium,961,1110,1086,02/09/2026
Karnataka,Kalaburagi,Kalaburagi APMC,Tomato,Tomato,Local,250,1000,625,02/09/2026
Karnataka,Kolar,Bangarpet APMC,Tomato,Tomato,Local,300,1000,600,02/09/2026
Karnataka,Haveri,Ranebennur APMC,Tomato,Tomato,Medium,200,1000,700,02/09/2026
Karnataka,Chamarajanagar,Chamarajanagar APMC,Tomato,Tomato,Local,1000,1800,1400,02/09/2026
Karnataka,Mysuru,Mysuru APMC,Tomato,Tomato,Medium,1700,1900,1900,02/09/2026
Karnataka,Chamarajanagar,Gundlupet APMC,Tomato,Tomato,Local,1900,2000,1900,02/09/2026
Karnataka,Bengaluru South,Ramanagara APMC,Tomato,Tomato,Local,1000,1750,1500,02/09/2026
Gujarat,Porbandar,Porbandar APMC,Tomato,Deshi,Local,1500,2500,2000,02/09/2026
Gujarat,Dahod,Dahod(Veg. Market) APMC,Tomato,Tomato,Local,1000,3500,2500,02/09/2026
Gujarat,Gandhinagar,Mansa(Manas Veg Yard) APMC,Tomato,Tomato,Local,2500,2500,2500,02/09/2026
Gujarat,Navsari,Bilimora APMC,Tomato,Other,FAQ,2000,2500,2200,02/09/2026
Gujarat,Bharuch,Bharuch APMC,Tomato,Other,Local,1200,2000,1500,02/09/2026
Gujarat,Mehsana,Vijapur(Vegetable) APMC,Tomato,Other,Grade A,2000,2000,2000,02/09/2026
Gujarat,Kheda,Kapadvanj APMC,Tomato,Tomato,Medium,2000,2200,2100,02/09/2026
Gujarat,Anand,"Anand(Veg,Yard,Anand) APMC",Tomato,Tomato,Grade B,1500,2500,2000,02/09/2026
Gujarat,Kheda,Nadiad APMC,Tomato,Tomato,FAQ,1800,2250,2100,02/09/2026
Gujarat,Navsari,Navsari APMC,Tomato,Tomato,Grade A,1000,3000,2000,02/09/2026
Gujarat,Kheda,Nadiyad(Chaklasi) APMC,Tomato,Tomato,FAQ,2000,2100,2050,02/09/2026
Gujarat,Amreli,Damnagar APMC,Tomato,Local,Local,2500,2500,2500,02/09/2026
Gujarat,Vadodara(Baroda),Padra APMC,Tomato,Other,FAQ,2000,2500,2250,02/09/2026
Gujarat,Ahmedabad,Ahmedabad APMC,Tomato,Other,FAQ,1800,3000,2400,02/09/2026
Gujarat,Rajkot,Rajkot(Veg.Sub Yard) APMC,Tomato,Tomato,FAQ,2015,3055,2535,02/09/2026
Gujarat,Gandhinagar,"Kalol(Veg,Market,Kalol) APMC",Tomato,Other,Local,1750,2750,2000,02/09/2026
Gujarat,Sabarkantha,Himatnagar(Veg.Market Himatnagar) APMC,Tomato,Tomato,Local,1500,2000,1860,02/09/2026
Gujarat,Anand,Khambhat(Veg Yard Khambhat) APMC,Tomato,Other,Local,2000,2500,2200,02/09/2026
Gujarat,Mehsana,Mehsana(Mehsana Veg) APMC,Tomato,Tomato,Local,40,60,50,02/09/2026
Gujarat,Banaskanth,Deesa(Deesa Veg Yard) APMC,Tomato,Other,FAQ,1500,2500,2000,02/09/2026
Gujarat,Surendranagar,Vadhvan APMC,Tomato,Tomato,Medium,2000,2500,2250,02/09/2026
Gujarat,Surat,Surat APMC,Tomato,Other,FAQ,800,2750,1775,02/09/2026
Gujarat,Kheda,Nadiyad(Piplag) APMC,Tomato,Tomato,FAQ,1800,2000,1900,02/09/2026
Haryana,Sonipat,Ganaur APMC,Tomato,Tomato,FAQ,3000,4000,3500,02/09/2026
Haryana,Ambala,Shahzadpur APMC,Tomato,Local,Large,1500,2200,2200,02/09/2026
Haryana,Hissar,Uklana APMC,Tomato,Tomato,Medium,2500,2800,2800,02/09/2026
Haryana,Palwal,Hodal APMC,Tomato,Hybrid,FAQ,2500,3000,2800,02/09/2026
Haryana,Rewari,Rewari APMC,Tomato,Other,Medium,600,2800,1500,02/09/2026
Haryana,Jhajar,Jhajjar APMC,Tomato,Other,Medium,4000,4000,4000,02/09/2026
Haryana,Panchkula,Raipur Rani APMC,Tomato,Tomato,Local,2400,2600,2400,02/09/2026
Haryana,Sonipat,Kharkhoda APMC,Tomato,Other,FAQ,2500,3000,2750,02/09/2026
Haryana,Sonipat,Gohana APMC,Tomato,Other,Medium,3000,4000,3500,02/09/2026
Haryana,Panipat,Samalkha APMC,Tomato,Other,FAQ,2000,3000,2500,02/09/2026
Haryana,Gurgaon,Sohna APMC,Tomato,Tomato,Local,2000,3500,3000,02/09/2026
Haryana,Panipat,Panipat APMC,Tomato,Other,Local,700,1500,1100,02/09/2026
Haryana,Kaithal,Dhand APMC,Tomato,Other,Medium,1700,3000,2500,02/09/2026
Haryana,Rohtak,Rohtak APMC,Tomato,Other,Medium,1500,3000,2000,02/09/2026
Haryana,Ambala,Naraingarh APMC,Tomato,Tomato,Medium,1200,3000,1700,02/09/2026
Haryana,Kurukshetra,Shahabad APMC,Tomato,Tomato,Medium,2200,3000,2500,02/09/2026
Haryana,Sirsa,Sirsa APMC,Tomato,Other,FAQ,3200,4000,3500,02/09/2026
Haryana,Rohtak,Sampla APMC,Tomato,Other,Local,3000,3500,3500,02/09/2026
Haryana,Fatehabad,Fatehabad APMC,Tomato,Other,Local,2500,2500,2500,02/09/2026
Haryana,Mewat,Tauru APMC,Tomato,Hybrid,FAQ,4000,4000,4000,02/09/2026
Haryana,Gurgaon,Farukh Nagar APMC,Tomato,Other,Medium,1800,2600,2200,02/09/2026
Haryana,Panchkula,Barwala APMC,Tomato,Local,FAQ,2000,2000,2000,02/09/2026
Haryana,Rohtak,Meham,Tomato,Tomato,Medium,3000,3000,3000,02/09/2026
Haryana,Faridabad,Ballabhgarh APMC,Tomato,Tomato,FAQ,2000,3500,2500,02/09/2026
Haryana,Hissar,Hansi APMC,Tomato,Other,FAQ,2500,3000,2750,02/09/2026
Haryana,Panipat,Madlauda APMC,Tomato,Tomato,FAQ,1400,1600,1500,02/09/2026
Haryana,Rewari,Kosli APMC,Tomato,Other,FAQ,2500,2500,2500,02/09/2026
Haryana,Mahendragarh-Narnaul,Mohindergarh APMC,Tomato,Tomato,Medium,2000,2800,2500,02/09/2026
Haryana,Yamuna Nagar,Sadhaura APMC,Tomato,Tomato,Local,1600,1800,1700,02/09/2026
Haryana,Fatehabad,Ratia APMC,Tomato,Other,Grade A,2000,2500,2200,02/09/2026
Haryana,Jind,Narwana APMC,Tomato,Tomato,Non-FAQ,2000,2500,2250,02/09/2026
Haryana,Jhajar,Bahadurgarh APMC,Tomato,Other,FAQ,3000,4000,3500,02/09/2026
Haryana,Kurukshetra,Thanesar APMC,Tomato,Tomato,Local,3000,5000,4000,02/09/2026
Haryana,Karnal,Indri APMC,Tomato,Tomato,FAQ,2400,2400,2400,02/09/2026
Haryana,Yamuna Nagar,Radaur APMC,Tomato,Other,Medium,4000,4500,4200,02/09/2026
Haryana,Mewat,FerozpurZirkha(Nagina) APMC,Tomato,Other,Local,2200,2600,2400,02/09/2026
Haryana,Yamuna Nagar,Jagadhri APMC,Tomato,Tomato,FAQ,2200,2500,2400,02/09/2026
Haryana,Hissar,Barwala(Hisar) APMC,Tomato,Tomato,Local,2500,3000,2800,02/09/2026
Haryana,Kaithal,Siwan APMC,Tomato,Other,FAQ,2500,2700,2600,02/09/2026
Haryana,Faridabad,"New Grain Market , Faridabad APMC",Tomato,Tomato,Non-FAQ,2600,3000,2800,02/09/2026
Haryana,Kaithal,Pundri APMC,Tomato,Other,FAQ,1800,1900,1850,02/09/2026
Haryana,Mahendragarh-Narnaul,Narnaul APMC,Tomato,Tomato,Medium,2500,3500,3000,02/09/2026
Haryana,Sonipat,Sonepat APMC,Tomato,Local,FAQ,1500,2500,2000,02/09/2026
Haryana,Gurgaon,Gurgaon APMC,Tomato,Other,Grade B,1000,1400,1200,02/09/2026
Haryana,Karnal,Gharaunda APMC,Tomato,Other,Local,2200,3000,3000,02/09/2026
Punjab,Hoshiarpur,Garh Shankar(Mahalpur) APMC,Tomato,Tomato,FAQ,2400,2400,2400,02/09/2026
Punjab,Amritsar,Rayya APMC,Tomato,Other,FAQ,715,715,715,02/09/2026
Punjab,Ferozpur,Zira APMC,Tomato,Other,Local,2100,2100,2100,02/09/2026
Punjab,Jalandhar,Jalandhar City(Jalandhar) APMC,Tomato,Tomato,FAQ,600,2800,1700,02/09/2026
Punjab,Hoshiarpur,Mukerian APMC,Tomato,Tomato,Grade B,1500,2500,2000,02/09/2026
Punjab,Ludhiana,Samrala APMC,Tomato,Other,Local,2200,3200,2800,02/09/2026
Punjab,Ropar (Rupnagar),Chamkaur Sahib APMC,Tomato,Tomato,Medium,5000,5000,5000,02/09/2026
Punjab,Sangrur,Sangrur APMC,Tomato,Tomato,Grade B,1600,2200,2000,02/09/2026
Punjab,Tarntaran,Tarantaran APMC,Tomato,Other,Local,2800,2800,2800,02/09/2026
Punjab,Nawanshahr,Balachaur APMC,Tomato,Other,Medium,1000,1500,1250,02/09/2026
Punjab,Patiala,Nabha APMC,Tomato,Other,Grade C,2000,3000,2500,02/09/2026
Punjab,Patiala,Rajpura APMC,Tomato,Local,Grade A,1950,2100,2000,02/09/2026
Punjab,Hoshiarpur,Tanda Urmur APMC,Tomato,Tomato,Grade A,2000,3000,2500,02/09/2026
Punjab,Jalandhar,Adampur APMC,Tomato,Tomato,FAQ,3000,3250,3250,02/09/2026
Punjab,Ludhiana,Doraha APMC,Tomato,Deshi,Local,2000,3000,2550,02/09/2026
Punjab,Bhatinda,Rampuraphul(Nabha Mandi) APMC,Tomato,Other,Grade A,2000,2700,2500,02/09/2026
Punjab,Ludhiana,Jagraon APMC,Tomato,Other,FAQ,1500,1500,1500,02/09/2026
Punjab,Muktsar,Malout APMC,Tomato,Tomato,Grade A,2000,2000,2000,02/09/2026
Punjab,Ropar (Rupnagar),Ropar APMC,Tomato,Other,Non-FAQ,3200,3600,3400,02/09/2026
Punjab,Sangrur,Dhuri APMC,Tomato,Other,Medium,2000,2100,2050,02/09/2026
Punjab,Bhatinda,Raman APMC,Tomato,Other,Medium,2105,2300,2215,02/09/2026
Punjab,Bhatinda,Maur APMC,Tomato,Other,Grade B,2500,3000,2800,02/09/2026
Punjab,Ludhiana,Sahnewal APMC,Tomato,Tomato,FAQ,3250,3250,3250,02/09/2026
Punjab,Ludhiana,Ludhiana APMC,Tomato,Other,FAQ,800,2200,1600,02/09/2026
Punjab,Gurdaspur,Dinanagar APMC,Tomato,Tomato,Medium,2000,2500,2300,02/09/2026
Punjab,Hoshiarpur,Dasuya APMC,Tomato,Tomato,FAQ,4000,4000,4000,02/09/2026
Punjab,Amritsar,Ajnala APMC,Tomato,Tomato,Local,2400,2400,2400,02/09/2026
Punjab,Fazilka,Fazilka APMC,Tomato,Tomato,FAQ,3000,3000,3000,02/09/2026
Punjab,Gurdaspur,Quadian APMC,Tomato,Other,Grade A,2800,3000,2900,02/09/2026
Punjab,Hoshiarpur,GarhShankar (Kotfatuhi) APMC,Tomato,Other,FAQ,2200,2200,2200,02/09/2026
Punjab,Moga,Baghapurana APMC,Tomato,Tomato,Grade B,3000,3500,3200,02/09/2026
Punjab,Mohali,Dera Bassi APMC,Tomato,Other,Local,2600,2600,2600,02/09/2026
Punjab,Sangrur,Ahmedgarh APMC,Tomato,Local,Medium,2500,2700,2700,02/09/2026
Punjab,Sangrur,Malerkotla APMC,Tomato,Tomato,Local,1000,2500,2000,02/09/2026
Punjab,Moga,Dharamkot APMC,Tomato,Tomato,Grade A,3000,3000,3000,02/09/2026
Punjab,Patiala,Dudhansadhan APMC,Tomato,Other,Grade B,2500,2500,2500,02/09/2026
Punjab,Fatehgarh,Khamano APMC,Tomato,Tomato,FAQ,2000,2000,2000,02/09/2026
Punjab,Ludhiana,Khanna APMC,Tomato,Tomato,Grade A,1500,1500,1500,02/09/2026
Punjab,Patiala,Patiala APMC,Tomato,Local,Grade B,1000,1500,1200,02/09/2026
Punjab,Patiala,Patran APMC,Tomato,Other,Grade A,2150,2150,2150,02/09/2026
Punjab,Sangrur,Sunam APMC,Tomato,Tomato,Grade A,1600,1600,1600,02/09/2026
Punjab,Mohali,Kharar APMC,Tomato,Tomato,Non-FAQ,2000,4000,3000,02/09/2026
Punjab,Bhatinda,Bathinda APMC,Tomato,Other,Grade B,2000,2500,2200,02/09/2026
Punjab,Muktsar,Muktsar APMC,Tomato,Tomato,Medium,1200,2000,1600,02/09/2026
Punjab,Fatehgarh,Sirhind APMC,Tomato,Other,Local,2000,3300,2500,02/09/2026
Punjab,Hoshiarpur,Garh Shankar APMC,Tomato,Tomato,FAQ,2400,2400,2400,02/09/2026
Punjab,Hoshiarpur,Mukerian(Talwara) APMC,Tomato,Tomato,FAQ,2500,3000,2750,02/09/2026
Punjab,Ludhiana,Raikot APMC,Tomato,Other,Grade A,2845,2845,2845,02/09/2026
Punjab,Tarntaran,Patti APMC,Tomato,Other,Local,0.12,0.12,0.12,02/09/2026
Punjab,Mohali,Lalru APMC,Tomato,Deshi,Local,1900,1900,1900,02/09/2026
Andhra Pradesh,Annamayya,Somala APMC,Tomato,Tomato,FAQ,1200,1800,1500,02/09/2026
Andhra Pradesh,Chittor,Palamaner APMC,Tomato,Tomato,FAQ,2000,2460,2300,02/09/2026
Andhra Pradesh,Kurnool,Pattikonda APMC,Tomato,Local,FAQ,1200,2000,1600,02/09/2026
Andhra Pradesh,Annamayya,Valmikipuram APMC,Tomato,Hybrid,FAQ,1800,2200,2000,02/09/2026
Andhra Pradesh,Annamayya,Punganur APMC,Tomato,Tomato,FAQ,1200,2000,1640,02/09/2026
Andhra Pradesh,Annamayya,Guramkonda Sub-yard of AMC Valmikipuram,Tomato,Hybrid,FAQ,1800,2200,2000,02/09/2026
Andhra Pradesh,Chittor,V. Kota Sub-yard of AMC Palamaneru,Tomato,Other,FAQ,1800,2400,2100,02/09/2026
Andhra Pradesh,Annamayya,Mulakalacheruvu APMC,Tomato,Local,FAQ,1300,2300,1900,02/09/2026
Andhra Pradesh,Chittor,Kuppam APMC,Tomato,Tomato,Grade C,900,1212,1212,02/09/2026
Andhra Pradesh,Annamayya,B.Kothakota H/Q Angallu,Tomato,Local,FAQ,1400,2100,1800,02/09/2026
Andhra Pradesh,Annamayya,Madanapalli APMC,Tomato,Local,FAQ,1900,2400,2200,02/09/2026
Andhra Pradesh,Annamayya,Kalikiri APMC,Tomato,Hybrid,FAQ,1700,2500,2100,02/09/2026
West Bengal,North 24 Parganas,Barasat APMC,Tomato,Other,FAQ,3000,3000,3000,02/09/2026
West Bengal,Birbhum,Bolpur APMC,Tomato,Hybrid,FAQ,4700,4900,4800,02/09/2026
West Bengal,Hooghly,Sheoraphuly APMC,Tomato,Hybrid,FAQ,2925,3125,3050,02/09/2026
West Bengal,Puruliya,Balarampur APMC,Tomato,Other,FAQ,2000,2800,2500,02/09/2026
West Bengal,Hooghly,Kalipur APMC,Tomato,Hybrid,FAQ,3000,3200,3200,02/09/2026
West Bengal,Nadia,Ranaghat APMC,Tomato,Other,FAQ,3700,3850,3800,02/09/2026
West Bengal,Medinipur(W),Ghatal APMC,Tomato,Hybrid,FAQ,3400,3600,3500,02/09/2026
West Bengal,Darjeeling,Karsiyang(Matigara) APMC,Tomato,Other,FAQ,3500,3700,3600,02/09/2026
West Bengal,Dakshin Dinajpur,Gangarampur(Dakshin Dinajpur) APMC,Tomato,Other,FAQ,3000,3300,3200,02/09/2026
West Bengal,Bankura,Khatra APMC,Tomato,Tomato,FAQ,2800,3300,3000,02/09/2026
West Bengal,Paschim Bardhaman,Durgapur APMC,Tomato,Hybrid,FAQ,2400,2700,2550,02/09/2026
West Bengal,Darjeeling,Darjeeling APMC,Tomato,Other,FAQ,3500,3700,3600,02/09/2026
West Bengal,Birbhum,Birbhum APMC,Tomato,Hybrid,FAQ,4800,5000,4900,02/09/2026
West Bengal,Paschim Bardhaman,Asansol APMC,Tomato,Hybrid,FAQ,2200,2700,2500,02/09/2026
West Bengal,Hooghly,Champadanga APMC,Tomato,Hybrid,FAQ,3000,3400,3200,02/09/2026
West Bengal,Nadia,Chakdah APMC,Tomato,Other,FAQ,3600,3800,3650,02/09/2026
West Bengal,Birbhum,Sainthia APMC,Tomato,Hybrid,FAQ,4800,5000,4900,02/09/2026
West Bengal,North 24 Parganas,Habra APMC,Tomato,Other,FAQ,2400,2400,2400,02/09/2026
West Bengal,Medinipur(E),Egra/contai APMC,Tomato,Tomato,FAQ,1800,1900,1850,02/09/2026
West Bengal,Purba Bardhaman,Burdwan APMC,Tomato,Tomato,FAQ,2300,2500,2400,02/09/2026
West Bengal,Puruliya,Purulia APMC,Tomato,Other,FAQ,2200,2800,2500,02/09/2026
West Bengal,Sounth 24 Parganas,Diamond Harbour(South 24-pgs) APMC,Tomato,Tomato,FAQ,2700,2900,2800,02/09/2026
West Bengal,Sounth 24 Parganas,Baruipur(Canning) APMC,Tomato,Tomato,FAQ,2700,2900,2800,02/09/2026
West Bengal,Howrah,Uluberia APMC,Tomato,Other,FAQ,2200,3000,2500,02/09/2026
West Bengal,Malda,English Bazar APMC,Tomato,Tomato,FAQ,2600,2800,2700,02/09/2026
West Bengal,Howrah,Ramkrishanpur(Howrah) APMC,Tomato,Tomato,FAQ,2200,3000,2500,02/09/2026
West Bengal,Medinipur(W),Medinipur(West) APMC,Tomato,Tomato,FAQ,3200,3500,3300,02/09/2026
West Bengal,Darjeeling,Siliguri APMC,Tomato,Tomato,FAQ,2800,3000,2900,02/09/2026
West Bengal,Alipurduar,Alipurduar APMC,Tomato,Tomato,FAQ,3000,3500,3200,02/09/2026
West Bengal,Jalpaiguri,Jalpaiguri Sadar APMC,Tomato,Tomato,FAQ,3200,3400,3300,02/09/2026
West Bengal,Medinipur(W),Garbeta(Medinipur) APMC,Tomato,Tomato,FAQ,3000,3400,3200,02/09/2026
Odisha,Kalahandi,Junagarh APMC,Tomato,Other,Grade B,2600,3400,3000,02/09/2026
Odisha,Dhenkanal,Hindol APMC,Tomato,Tomato,Grade B,3500,4000,3800,02/09/2026
Odisha,Dhenkanal,Dhenkanal APMC,Tomato,Tomato,Grade B,3000,3600,3500,02/09/2026
Odisha,Nuapada,Khariar APMC,Tomato,Tomato,Grade A,3000,3000,3000,02/09/2026
Odisha,Koraput,Koraput(Semilguda) APMC,Tomato,Local,Grade B,2500,3500,3000,02/09/2026
Odisha,Sonepur,Pandkital APMC,Tomato,Other,Local,2500,2680,2600,02/09/2026
Odisha,Bhadrak,Chandabali APMC,Tomato,Other,Grade Range-2,3500,4050,3780,02/09/2026
Odisha,Kalahandi,Kesinga APMC,Tomato,Local,Grade B,2500,3200,3000,02/09/2026
Odisha,Bolangir,Kantabaji APMC,Tomato,Other,Grade B,2500,3500,3000,02/09/2026
Odisha,Sonepur,Birmaharajpur APMC,Tomato,Local,Local,2550,2650,2600,02/09/2026
Odisha,Kalahandi,Mukhiguda APMC,Tomato,Tomato,Grade B,1500,3000,2250,02/09/2026
Odisha,Sundergarh,Panposh APMC,Tomato,Hybrid,FAQ,3500,4200,4000,02/09/2026
Odisha,Ganjam,Bhanjanagar APMC,Tomato,Tomato,Medium,2400,2600,2500,02/09/2026
Odisha,Mayurbhanja,Udala APMC,Tomato,Other,FAQ,3400,3800,3600,02/09/2026
Odisha,Sundergarh,Bonai APMC,Tomato,Other,FAQ,1780,1960,1850,02/09/2026
Odisha,Jharsuguda,Jharsuguda APMC,Tomato,Other,Grade A,4000,4000,4000,02/09/2026
Odisha,Dhenkanal,Kamakhyanagar APMC,Tomato,Tomato,Grade A,3000,3000,3000,02/09/2026
Odisha,Boudh,Boudh APMC,Tomato,Other,Local,2500,3200,3000,02/09/2026
Odisha,Keonjhar,Keonjhar APMC,Tomato,Other,Local,5000,5300,5300,02/09/2026
Odisha,Mayurbhanja,Karanjia APMC,Tomato,Local,Local,3000,3500,3200,02/09/2026
Odisha,Bargarh,Bargarh APMC,Tomato,Tomato,Small,3000,4000,3500,02/09/2026
Odisha,Bargarh,Padampur APMC,Tomato,Tomato,Local,2400,2900,2600,02/09/2026
Odisha,Mayurbhanja,Betnoti APMC,Tomato,Tomato,FAQ,3300,3700,3500,02/09/2026
Odisha,Bargarh,Sohela APMC,Tomato,Tomato,Medium,2300,2900,2600,02/09/2026
Odisha,Koraput,Jeypore(Kotpad) APMC,Tomato,Other,Grade B,2500,2500,2500,02/09/2026
Odisha,Bolangir,Tusura APMC,Tomato,Other,Medium,2000,2400,2200,02/09/2026
Odisha,Bolangir,Bolangir APMC,Tomato,Other,Medium,2000,2400,2200,02/09/2026
Odisha,Balasore,Nilagiri APMC,Tomato,Other,Local,3750,3800,3800,02/09/2026
Odisha,Cuttack,Banki APMC,Tomato,Tomato,FAQ,3000,4000,3500,02/09/2026
Odisha,Koraput,Jeypore APMC,Tomato,Other,Grade B,2500,2500,2500,02/09/2026
Odisha,Mayurbhanja,Baripada APMC,Tomato,Tomato,Medium,3500,4000,3800,02/09/2026
Odisha,Rayagada,Rayagada APMC,Tomato,Other,Local,2900,3000,3000,02/09/2026
Odisha,Sonepur,Dungurapalli APMC,Tomato,Hybrid,Medium,2500,2550,2550,02/09/2026
Odisha,Khurda,Balugaon APMC,Tomato,Hybrid,Grade A,3000,3000,3000,02/09/2026
Odisha,Gajapati,Parlakhemundi APMC,Tomato,Local,Grade Range-1,1300,1500,1400,02/09/2026
Odisha,Sambalpur,Rairakhol APMC,Tomato,Hybrid,Grade B,3200,4000,3500,02/09/2026
Odisha,Sundergarh,Sargipali APMC,Tomato,Other,FAQ,2500,2800,2600,02/09/2026
Odisha,Kalahandi,Kalahandi(Dharamagarh) APMC,Tomato,Other,Grade B,2500,3100,2800,02/09/2026
Odisha,Mayurbhanja,Saraskana APMC,Tomato,Tomato,Medium,3000,3500,3200,02/09/2026
Bihar,Siwan,Maharjganj APMC,Tomato,Deshi,FAQ,2800,2800,2800,02/09/2026
Telangana,Karimnagar,Karimnagar APMC,Tomato,Hybrid,Medium,1500,2000,1750,02/09/2026
Telangana,Nalgonda,Miryalguda(Rythu Bazar) ,Tomato,Deshi,Grade A,2500,2500,2500,02/09/2026
Telangana,Hyderabad,RYTHU BAZAR MEHDIPATNAM,Tomato,Deshi,Grade A,1900,1900,1900,02/09/2026
Telangana,Hyderabad,Mahboob Manison APMC,Tomato,Tomato,Local,1200,1600,1400,02/09/2026
Telangana,Khammam,"Pavilion Ground,Khammam,RBZ",Tomato,Deshi,FAQ,3000,3000,3000,02/09/2026
Telangana,Hyderabad,Bowenpally APMC,Tomato,Deshi,FAQ,400,1600,1200,02/09/2026
Telangana,Mahbubnagar,Mahabubnagar(Rythu Bazar),Tomato,Deshi,Local,2000,2000,2000,02/09/2026
Telangana,Adilabad,Adilabad (Rythu Bazar) ,Tomato,Local,Local,2500,2500,2500,02/09/2026
Telangana,Hyderabad,Gudimalkapur APMC,Tomato,Tomato,Grade B,400,1300,900,02/09/2026
Telangana,Sangareddy,Sangareddy APMC,Tomato,Other,Grade B,1000,1000,1000,02/09/2026
Telangana,Ranga Reddy,"Saroornagar,RBZ",Tomato,Other,Medium,1900,1900,1900,02/09/2026
Telangana,Ranga Reddy,Shadnagar APMC,Tomato,Local,Local,1000,1400,1200,02/09/2026
Telangana,Hyderabad,RYTHU BAZAR ERRAGADDA,Tomato,Deshi,Grade A,1900,1900,1900,02/09/2026
Telangana,Hyderabad,"Alwal,RBZ",Tomato,Other,FAQ,1900,1900,1900,02/09/2026
Telangana,Siddipet,Siddipet(Rythu Bazar) ,Tomato,Local,Grade A,1500,2400,2000,02/09/2026
Telangana,Hyderabad,RYTHU BAZAR FALAKNUMA,Tomato,Tomato,Local,1900,1900,1900,02/09/2026
Telangana,Nagarkurnool,Kalwakurthy APMC,Tomato,Tomato,Local,700,700,700,02/09/2026
Telangana,Sangareddy,APMC PATANCHERU,Tomato,Tomato,Local,400,1200,1000,02/09/2026
Telangana,Ranga Reddy,L B Nagar APMC,Tomato,Tomato,Medium,800,2000,1200,02/09/2026
Telangana,Ranga Reddy,"Vanasthalipuram,RBZ ",Tomato,Other,Grade A,1900,1900,1900,02/09/2026
Telangana,Nalgonda,Venkateswarnagar APMC,Tomato,Local,Local,800,1200,1000,02/09/2026
Telangana,Warangal,Warangal APMC,Tomato,Tomato,FAQ,1500,2000,1750,02/09/2026
Telangana,Khammam,"Sattupalli (Ramalayam),RBZ",Tomato,Deshi,FAQ,2000,3000,2400,02/09/2026
Telangana,Hyderabad,Bowenpally APMC,Tomato,Other,FAQ,400,1600,1200,02/09/2026
Telangana,Ranga Reddy,Chevella APMC,Tomato,Local,Local,1000,1000,1000,02/09/2026
Uttarakhand,Haridwar,Manglaur APMC,Tomato,Other,Large,800,1300,1200,02/09/2026
Uttarakhand,Haridwar,Haridwar Union APMC,Tomato,Hybrid,FAQ,1800,2500,2000,02/09/2026
Uttarakhand,Dehradoon,Rishikesh APMC,Tomato,Other,Medium,1500,2000,1800,02/09/2026
Uttarakhand,Udhamsinghnagar,Jaspur(UC) APMC,Tomato,Tomato,FAQ,2800,2800,2800,02/09/2026
Uttarakhand,Haridwar,Roorkee APMC,Tomato,Other,Medium,1200,2200,1600,02/09/2026
Uttarakhand,Garhwal (Pauri),Kotadwara APMC,Tomato,Tomato,FAQ,1200,1200,1200,02/09/2026
Uttarakhand,Dehradoon,Vikasnagar APMC,Tomato,Local,FAQ,800,800,800,02/09/2026
Uttarakhand,Udhamsinghnagar,Rudrapur APMC,Tomato,Other,Medium,2000,2500,2200,02/09/2026
Uttarakhand,Chamoli (Gopeshwar),Chamoli APMC,Tomato,Other,FAQ,3000,3000,3000,02/09/2026
Uttarakhand,Nanital,Haldwani APMC,Tomato,Other,FAQ,1000,1500,1200,02/09/2026
Uttarakhand,Udhamsinghnagar,Kashipur APMC,Tomato,Other,Local,2000,2300,2150,02/09/2026
Uttarakhand,Udhamsinghnagar,Kicchha APMC,Tomato,Hybrid,Non-FAQ,1700,1800,1750,02/09/2026
Uttarakhand,Udhamsinghnagar,Sitarganj APMC,Tomato,Deshi,Grade B,2000,3000,2500,02/09/2026
Uttarakhand,Dehradoon,Chakrata APMC,Tomato,Local,FAQ,1000,1300,1200,02/09/2026
Himachal Pradesh,Kangra,SMY Jaisinghpur,Tomato,Tomato,FAQ,2200,3200,2600,02/09/2026
Himachal Pradesh,Chamba,PMY Chamba,Tomato,Tomato,Medium,3500,4000,3750,02/09/2026
Himachal Pradesh,Hamirpur,PMY Hamirpur,Tomato,Tomato,Grade B,3000,3500,3250,02/09/2026
Himachal Pradesh,Mandi,SMY Dhanotu,Tomato,Tomato,FAQ,1500,2500,2000,02/09/2026
Himachal Pradesh,Kangra,SMY Jassur,Tomato,Other,FAQ,2000,2500,2250,02/09/2026
Himachal Pradesh,Kangra,PMY Kangra,Tomato,Tomato,FAQ,2200,3200,2800,02/09/2026
Himachal Pradesh,Sirmore,PMY Paonta Sahib,Tomato,Other,FAQ,2500,4000,3200,02/09/2026
Himachal Pradesh,Kullu,SMY Chauri Bihal,Tomato,Other,Grade Range-1,2400,3000,2500,02/09/2026
Himachal Pradesh,Kullu,SMY Bhuntar,Tomato,Other,FAQ,600,2300,1600,02/09/2026
Himachal Pradesh,Sirmore,SMY Nahan,Tomato,Other,FAQ,2500,3000,2800,02/09/2026
Himachal Pradesh,Kangra,SMY Palampur,Tomato,Tomato,FAQ,3200,4000,3600,02/09/2026
Himachal Pradesh,Kangra,SMY Dharamshala,Tomato,Tomato,FAQ,3000,3500,3250,02/09/2026
Himachal Pradesh,Bilaspur,PMY Bilaspur,Tomato,Other,Grade B,2500,3200,2900,02/09/2026
Himachal Pradesh,Kullu,PMY Kullu,Tomato,Other,FAQ,3000,3500,3200,02/09/2026
Himachal Pradesh,Kangra,SMY Baijnath,Tomato,Hybrid,Grade A,2400,2500,2500,02/09/2026
Himachal Pradesh,Mandi,SMY Jogindernagar,Tomato,Local,Grade B,2000,3500,2750,02/09/2026
Himachal Pradesh,Kangra,SMY Nagrota Bagwan,Tomato,Tomato,FAQ,2000,3200,2500,02/09/2026
Himachal Pradesh,Mandi,SMY Takoli,Tomato,Other,Medium,1000,4000,1200,02/09/2026
Himachal Pradesh,Una,PMY Una,Tomato,Tomato,FAQ,3000,3500,3250,02/09/2026
Himachal Pradesh,Kullu,SMY Shatt,Tomato,Tomato,FAQ,1000,2000,1500,02/09/2026
Himachal Pradesh,Kullu,SMY Bandrol,Tomato,Other,FAQ,1000,2200,1500,02/09/2026
Himachal Pradesh,Shimla,SMY Rohroo,Tomato,Deshi,Grade B,3000,3500,3250,02/09/2026
Himachal Pradesh,Solan,PMY Kather Solan,Tomato,Other,Local,400,3300,2100,02/09/2026
Himachal Pradesh,Solan,SMY Nalagarh,Tomato,Other,Medium,1500,2500,2000,02/09/2026
Himachal Pradesh,Solan,SMY Wakhnaghat,Tomato,Deshi,Medium,200,1400,1400,02/09/2026
Assam,Kamrup,Pamohi(Garchuk) APMC,Tomato,Local,FAQ,3000,4000,3500,02/09/2026
Assam,Nagaon,Haibargaon APMC,Tomato,Tomato,FAQ,3000,3200,3100,02/09/2026
Assam,Nagaon,Ambagan APMC,Tomato,Tomato,FAQ,3100,3300,3200,02/09/2026
Assam,Tinsukia,Tinsukia Market,Tomato,Tomato,FAQ,3000,4000,3500,02/09/2026
Assam,Darrang,Besimari APMC,Tomato,Tomato,Local,2200,2600,2400,02/09/2026
Assam,Darrang,Balugaon APMC,Tomato,Tomato,Local,2000,2500,2300,02/09/2026
Assam,Karimganj,Santar Bazaar APMC,Tomato,Other,FAQ,2600,2700,2650,02/09/2026
Tamil Nadu,Namakkal,Tiruchengode APMC,Potato,Other,Local,2800,3200,3000,02/09/2026
Tamil Nadu,Tuticorin,Tuticorin(Uzhavar Sandhai ),Potato,Other,Local,3000,3500,3250,02/09/2026
Tamil Nadu,Nagercoil (Kannyiakumari),Vadaseri APMC,Potato,Red Nanital,Local,3500,4000,3750,02/09/2026
Tamil Nadu,Krishnagiri,Kaveripattinam(Uzhavar Sandhai ),Potato,Red Nanital,Local,4000,4000,4000,02/09/2026
Tamil Nadu,The Nilgiris,Gudalur(Uzhavar Sandhai ),Potato,Red Nanital,Local,5000,5500,5250,02/09/2026
Tamil Nadu,Theni,Periyakulam(Uzhavar Sandhai ),Potato,Other,Local,2800,2800,2800,02/09/2026
Tamil Nadu,Ramanathapuram,Paramakudi(Uzhavar Sandhai ),Potato,Red Nanital,Local,5000,5500,5250,02/09/2026
Tamil Nadu,Vellore,Kahithapattarai(Uzhavar Sandhai ),Potato,Other,Local,3000,3000,3000,02/09/2026
Tamil Nadu,Villupuram,Villupuram(Uzhavar Sandhai ),Potato,Red Nanital,Local,4500,4500,4500,02/09/2026
Tamil Nadu,Theni,Bodinayakanur(Uzhavar Sandhai ),Potato,Red Nanital,Local,2800,2800,2800,02/09/2026
Tamil Nadu,Vellore,Katpadi (Uzhavar Sandhai ),Potato,Red Nanital,Local,2500,3500,3000,02/09/2026
Tamil Nadu,Salem,Vazhapadi(Uzhavar Sandhai),Potato,Red Nanital,Local,3000,3400,3200,02/09/2026
Tamil Nadu,Karur,Gandhigramam(Uzhavar Sandhai),Potato,Other,Local,3000,5000,4000,02/09/2026
Tamil Nadu,Sivaganga,Devakottai (Uzhavar Sandhai ),Potato,Other,Local,4200,5000,4600,02/09/2026
Tamil Nadu,Salem,Edapadi (Uzhavar Sandhai ),Potato,Other,Local,2500,3000,2750,02/09/2026
Tamil Nadu,Thiruchirappalli,Manapparai(Uzhavar Sandhai ),Potato,Other,Local,3000,3000,3000,02/09/2026
Tamil Nadu,Virudhunagar,Sathur(Uzhavar Sandhai ),Potato,Red Nanital,Local,3500,4000,3750,02/09/2026
Tamil Nadu,Dharmapuri,Palacode(Uzhavar Sandhai ),Potato,Other,Local,2800,3000,2900,02/09/2026
Tamil Nadu,Madurai,Anaiyur(Uzhavar Sandhai ),Potato,Red Nanital,Local,4500,5500,5000,02/09/2026
Tamil Nadu,Namakkal,Kumarapalayam(Uzhavar Sandhai ),Potato,Other,Local,3300,3500,3400,02/09/2026
Tamil Nadu,Salem,Thathakapatti(Uzhavar Sandhai ),Potato,Red Nanital,Local,2800,6500,4650,02/09/2026
Tamil Nadu,Thiruvannamalai,Vandavasi(Uzhavar Sandhai ),Potato,Other,Local,3500,4000,3750,02/09/2026
Tamil Nadu,Cuddalore,Vadalur(Uzhavar Sandhai ),Potato,Other,Local,3500,4000,3750,02/09/2026
Tamil Nadu,Dharmapuri,Dharmapuri(Uzhavar Sandhai ),Potato,Red Nanital,Local,2600,2800,2700,02/09/2026
Tamil Nadu,Dharmapuri,Pennagaram(Uzhavar Sandhai ),Potato,Red Nanital,Local,3300,3500,3400,02/09/2026
Tamil Nadu,Dindigul,Chinnalapatti(Uzhavar Sandhai ),Potato,Red Nanital,Local,4000,6000,5000,02/09/2026
Tamil Nadu,Kancheepuram,Kundrathur(Uzhavar Sandhai ),Potato,Other,Local,2600,2600,2600,02/09/2026
Tamil Nadu,Dharmapuri,Karimangalam(Uzhavar Sandhai),Potato,Other,Local,2600,2800,2700,02/09/2026
Tamil Nadu,Krishnagiri,Denkanikottai(Uzhavar Sandhai ),Potato,Red Nanital,Local,2000,2500,2250,02/09/2026
Tamil Nadu,Perambalur,Perambalur(Uzhavar Sandhai ),Potato,Other,Local,2800,3000,2900,02/09/2026
Tamil Nadu,Salem,Mettur(Uzhavar Sandhai ),Potato,Other,Local,4000,4500,4250,02/09/2026
Tamil Nadu,Thiruchirappalli,Thuraiyur APMC,Potato,Red Nanital,Local,3000,3000,3000,02/09/2026
Tamil Nadu,Salem,Thammampatti (Uzhavar Sandhai ),Potato,Other,Local,2800,3000,2900,02/09/2026
Tamil Nadu,Thirupur,Tiruppur (North) (Uzhavar Sandhai ),Potato,Other,Local,5000,6000,5500,02/09/2026
Tamil Nadu,Dharmapuri,AJattihalli(Uzhavar Sandhai ),Potato,Other,Local,2400,2800,2600,02/09/2026
Tamil Nadu,Thiruchirappalli,Lalgudi(Uzhavar Sandhai ),Potato,Other,Local,3000,3000,3000,02/09/2026
Tamil Nadu,Thiruchirappalli,Manachanallur(Uzhavar Sandhai ),Potato,Red Nanital,Local,3000,3000,3000,02/09/2026
Tamil Nadu,Thiruchirappalli,Thiruverumbur(Uzhavar Sandhai ),Potato,Other,Local,3000,3000,3000,02/09/2026
Tamil Nadu,Nagercoil (Kannyiakumari),Myladi(Uzhavar Sandhai ),Potato,Red Nanital,Local,2500,3000,2750,02/09/2026
Tamil Nadu,Chengalpattu,Jameenrayapettai(Uzhavar Sandhai ),Potato,Other,Local,2500,3000,2750,02/09/2026
Tamil Nadu,Villupuram,Ulundurpettai APMC,Potato,Red Nanital,Local,4000,4000,4000,02/09/2026
Tamil Nadu,Erode,Thalavadi(Uzhavar Sandhai ),Potato,Red Nanital,Local,3400,3800,3600,02/09/2026
Tamil Nadu,Krishnagiri,Krishnagiri(Uzhavar Sandhai ),Potato,Red Nanital,Local,2200,2600,2400,02/09/2026
Tamil Nadu,Pudukkottai,Pudukottai(Uzhavar Sandhai ),Potato,Other,Local,6000,7000,6500,02/09/2026
Tamil Nadu,Thirupur,Palladam(Uzhavar Sandhai ),Potato,Red Nanital,Local,2500,3000,2750,02/09/2026
Tamil Nadu,Virudhunagar,Srivilliputhur(Uzhavar Sandhai ),Potato,Red Nanital,Local,2500,3000,2750,02/09/2026
Tamil Nadu,Erode,Gobichettipalayam(Uzhavar Sandhai ),Potato,Red Nanital,Local,3500,4000,3750,02/09/2026
Tamil Nadu,Vellore,Pallikonda(Uzhavar Sandhai),Potato,Red Nanital,Local,2500,3000,2750,02/09/2026
Tamil Nadu,Nagapattinam,Mayiladuthurai(Uzhavar Sandhai ),Potato,Red Nanital,Local,3000,3000,3000,02/09/2026
Tamil Nadu,Pudukkottai,Alangudi(Uzhavar Sandhai ),Potato,Other,Local,6000,7000,6500,02/09/2026
Tamil Nadu,Thiruvannamalai,Polur(Uzhavar Sandhai ),Potato,Red Nanital,Local,3300,4000,3650,02/09/2026
Tamil Nadu,Thiruvarur,Mannargudi II(Uzhavar Sandhai ),Potato,Red Nanital,Local,3000,3000,3000,02/09/2026
Tamil Nadu,Tuticorin,Kovilpatti(Uzhavar Sandhai ),Potato,Other,Local,3500,4000,3750,02/09/2026
Tamil Nadu,Coimbatore,Mettupalayam(Uzhavar Sandhai ),Potato,Red Nanital,Local,3500,5500,4500,02/09/2026
Tamil Nadu,Coimbatore,RSPuram(Uzhavar Sandhai ),Potato,Other,Local,4500,5400,4950,02/09/2026
Tamil Nadu,Vellore,Thirupathur APMC,Potato,Red Nanital,Local,3000,3000,3000,02/09/2026
Tamil Nadu,Dharmapuri,Harur(Uzhavar Sandhai ),Potato,Red Nanital,Local,2500,3000,2750,02/09/2026
Tamil Nadu,The Nilgiris,Coonoor(Uzhavar Sandhai ),Potato,Other,Local,5000,5500,5250,02/09/2026
Tamil Nadu,Dindigul,Dindigul(Uzhavar Sandhai ),Potato,Other,Local,5000,6000,5500,02/09/2026
Tamil Nadu,Kancheepuram,Padappai(Uzhavar Sandhai ),Potato,Other,Local,2600,3500,3050,02/09/2026
Tamil Nadu,Kancheepuram,Sunguvarchatram(Uzhavar Sandhai ),Potato,Other,Local,2600,2600,2600,02/09/2026
Tamil Nadu,Nagapattinam,Sirkali(Uzhavar Sandhai ),Potato,Red Nanital,Local,3600,4000,3800,02/09/2026
Tamil Nadu,Namakkal,Mohanur(Uzhavar Sandhai ),Potato,Other,Local,3000,3500,3250,02/09/2026
Tamil Nadu,Namakkal,Namakkal(Uzhavar Sandhai ),Potato,Other,Local,2400,3000,2700,02/09/2026
Tamil Nadu,Thanjavur,Tirukattupalli(Uzhavar Sandhai ),Potato,Red Nanital,Local,3000,3600,3300,02/09/2026
Tamil Nadu,Thirunelveli,Melapalayam(Uzhavar Sandhai ),Potato,Other,Local,2600,2800,2700,02/09/2026
Tamil Nadu,Thirunelveli,Palayamkottai(Uzhavar Sandhai ),Potato,Red Nanital,Local,2600,2800,2700,02/09/2026
Tamil Nadu,Cuddalore,Panruti(Uzhavar Sandhai ),Potato,Red Nanital,Local,4000,4000,4000,02/09/2026
Tamil Nadu,Thanjavur,Peravurani(Uzhavar Sandhai),Potato,Red Nanital,Local,3000,3000,3000,02/09/2026
Tamil Nadu,Salem,Jalagandapuram(Uzhavar Sandhai ),Potato,Other,Local,2600,2800,2700,02/09/2026
Tamil Nadu,Sivaganga,Tirupatthur(Uzhavar Sandhai ),Potato,Red Nanital,Local,4500,5000,4750,02/09/2026
Tamil Nadu,Thiruchirappalli,Musiri(Uzhavar Sandhai ),Potato,Red Nanital,Local,2500,3000,2750,02/09/2026
Tamil Nadu,Virudhunagar,Sivakasi(Uzhavar Sandhai ),Potato,Red Nanital,Local,3500,4000,3750,02/09/2026
Tamil Nadu,Chengalpattu,Madhuranthagam(Uzhavar Sandhai ),Potato,Red Nanital,Local,4000,4000,4000,02/09/2026
Tamil Nadu,Chengalpattu,Medavakkam(Uzhavar Sandhai ),Potato,Other,Local,3500,3500,3500,02/09/2026
Tamil Nadu,Chengalpattu,Pallavaram(Uzhavar Sandhai ),Potato,Red Nanital,Local,2500,3000,2750,02/09/2026
Tamil Nadu,Villupuram,Tindivanam APMC,Potato,Red Nanital,Local,3800,3800,3800,02/09/2026
Tamil Nadu,Madurai,Chokkikulam(Uzhavar Sandhai ),Potato,Red Nanital,Local,2800,5500,4150,02/09/2026
Tamil Nadu,Thanjavur,Kumbakonam (Uzhavar Sandhai ),Potato,Red Nanital,Local,3000,3600,3300,02/09/2026
Tamil Nadu,Thiruvellore,Tiruthani(Uzhavar Sandhai ),Potato,Red Nanital,Local,4000,4000,4000,02/09/2026
Tamil Nadu,Nagapattinam,Vedaranyam(Uzhavar Sandhai),Potato,Red Nanital,Local,3500,4000,3750,02/09/2026
Tamil Nadu,Chengalpattu,Guduvancheri(Uzhavar Sandhai ),Potato,Other,Local,2500,3000,2750,02/09/2026
Tamil Nadu,Thirupathur,Vaniyampadi(Uzhavar Sandhai ),Potato,Red Nanital,Local,3000,3000,3000,02/09/2026
Tamil Nadu,Coimbatore,Vadavalli(Uzhavar Sandhai ),Potato,Other,Local,4400,5400,4900,02/09/2026
Tamil Nadu,Coimbatore,Udumalpet APMC,Potato,Red Nanital,Local,3500,4000,3750,02/09/2026
Tamil Nadu,Thiruvannamalai,Arani(Uzhavar Sandhai ),Potato,Red Nanital,Local,3500,4000,3750,02/09/2026
Tamil Nadu,Thiruvannamalai,Tiruvannamalai(Uzhavar Sandhai ),Potato,Red Nanital,Local,3000,3600,3300,02/09/2026
Tamil Nadu,Thiruvellore,Naravarikuppam(Uzhavar Sandhai ),Potato,Red Nanital,Local,4000,4000,4000,02/09/2026
Tamil Nadu,Thiruvellore,Paruthipattu(Uzhavar Sandhai ),Potato,Red Nanital,Local,4000,4000,4000,02/09/2026
Tamil Nadu,Thiruvannamalai,Cheyyar(Uzhavar Sandhai ),Potato,Other,Local,3200,4000,3600,02/09/2026
Tamil Nadu,Thanjavur,Papanasam(Uzhavar Sandhai ),Potato,Red Nanital,Local,3000,3600,3300,02/09/2026
Tamil Nadu,Cuddalore,Chidambaram(Uzhavar Sandhai ),Potato,Red Nanital,Local,4000,4000,4000,02/09/2026
Tamil Nadu,Thirupur,Tiruppur (South) (Uzhavar Sandhai ),Potato,Other,Local,4000,5000,4500,02/09/2026
Tamil Nadu,Kallakuruchi,Sankarapuram(Uzhavar Sandhai ),Potato,Red Nanital,Local,3500,3500,3500,02/09/2026
Tamil Nadu,Krishnagiri,Hosur(Uzhavar Sandhai ),Potato,Red Nanital,Local,2000,2500,2250,02/09/2026
Tamil Nadu,Namakkal,Paramathivelur(Uzhavar Sandhai ),Potato,Red Nanital,Local,3000,4000,3500,02/09/2026
Tamil Nadu,Madurai,Anna nagar(Uzhavar Sandhai ),Potato,Other,Local,6400,6400,6400,02/09/2026
Tamil Nadu,Ranipet,Ranipettai(Uzhavar Sandhai ),Potato,Other,Local,2800,3000,2900,02/09/2026
Tamil Nadu,Salem,Ammapet(Uzhavar Sandhai ),Potato,Other,Local,4500,5000,4750,02/09/2026
Tamil Nadu,Salem,Sooramangalam(Uzhavar Sandhai ),Potato,Other,Local,5500,6000,5750,02/09/2026
Tamil Nadu,Theni,Chinnamanur(Uzhavar Sandhai ),Potato,Other,Local,2800,2800,2800,02/09/2026
Tamil Nadu,Theni,Theni(Uzhavar Sandhai ),Potato,Other,Local,2800,2800,2800,02/09/2026
Tamil Nadu,Thiruvannamalai,Chengam(Uzhavar Sandhai ),Potato,Red Nanital,Local,2500,3000,2750,02/09/2026
Tamil Nadu,Theni,Devaram(Uzhavar Sandhai ),Potato,Red Nanital,Local,2800,2800,2800,02/09/2026
Tamil Nadu,Sivaganga,Singampunari(Uzhavar Sandhai ),Potato,Other,Local,5200,5600,5400,02/09/2026
Tamil Nadu,Virudhunagar,Rajapalayam(Uzhavar Sandhai ),Potato,Red Nanital,Local,2500,3000,2750,02/09/2026
Tamil Nadu,Virudhunagar,Virudhunagar(Uzhavar Sandhai ),Potato,Red Nanital,Local,2500,3000,2750,02/09/2026
Tamil Nadu,Chengalpattu,Chengalpet(Uzhavar Sandhai ),Potato,Red Nanital,Local,2500,3000,2750,02/09/2026
Tamil Nadu,Chengalpattu,Nanganallur(Uzhavar Sandhai ),Potato,Red Nanital,Local,3500,4000,3750,02/09/2026
Tamil Nadu,Virudhunagar,Aruppukottai(Uzhavar Sandhai ),Potato,Red Nanital,Local,3000,3500,3250,02/09/2026
Tamil Nadu,Villupuram,Gingee(Uzhavar Sandhai ),Potato,Red Nanital,Local,4000,4000,4000,02/09/2026
Tamil Nadu,Virudhunagar,Kariyapatti(Uzhavar Sandhai ),Potato,Red Nanital,Local,3000,3500,3250,02/09/2026
Tamil Nadu,Vellore,Perampet(Uzhavar Sandhai),Potato,Red Nanital,Local,3000,3000,3000,02/09/2026
Tamil Nadu,Karur,Kulithalai(Uzhavar Sandhai ),Potato,Other,Local,5000,5500,5250,02/09/2026
Tamil Nadu,Thirupur,Dharapuram(Uzhavar Sandhai ),Potato,Other,Local,6000,6500,6250,02/09/2026
Tamil Nadu,Kallakuruchi,Kallakurichi(Uzhavar Sandhai ),Potato,Red Nanital,Local,3000,3000,3000,02/09/2026
Tamil Nadu,Thirupathur,Natrampalli(Uzhavar Sandhai ),Potato,Red Nanital,Local,3000,3500,3250,02/09/2026
Tamil Nadu,Ramanathapuram,Ramanathapuram(Uzhavar Sandhai ),Potato,Red Nanital,Local,5200,5500,5350,02/09/2026
Tamil Nadu,Thiruvarur,Mannargudi I(Uzhavar Sandhai ),Potato,Other,Local,3000,3000,3000,02/09/2026
Tamil Nadu,Vellore,Gudiyatham(Uzhavar Sandhai ),Potato,Red Nanital,Local,4000,4000,4000,02/09/2026
Tamil Nadu,Ariyalur,Ariyalur(Uzhavar Sandhai),Potato,Red Nanital,Local,3500,3500,3500,02/09/2026
Tamil Nadu,Erode,Sathiyamagalam(Uzhavar Sandhai ),Potato,Red Nanital,Local,3400,3800,3600,02/09/2026
Tamil Nadu,Coimbatore,Pollachi(Uzhavar Sandhai ),Potato,Red Nanital,Local,4000,6500,5250,02/09/2026
Tamil Nadu,Cuddalore,Cuddalore(Uzhavar Sandhai ),Potato,Red Nanital,Local,4000,4000,4000,02/09/2026
Tamil Nadu,Pudukkottai,Karambakkudi(Uzhavar Sandhai ),Potato,Other,Local,3000,3500,3250,02/09/2026
Tamil Nadu,Erode,Perundurai(Uzhavar Sandhai ),Potato,Other,Local,3000,3400,3200,02/09/2026
Tamil Nadu,Dindigul,Palani(Uzhavar Sandhai ),Potato,Other,Local,3400,4000,3700,02/09/2026
Tamil Nadu,Kancheepuram,Kancheepuram(Uzhavar Sandhai ),Potato,Other,Local,2500,3000,2750,02/09/2026
Tamil Nadu,Krishnagiri,Avallapalli(Uzhavar Sandhai ),Potato,Red Nanital,Local,2000,2500,2250,02/09/2026
Tamil Nadu,Namakkal,Rasipuram(Uzhavar Sandhai ),Potato,Other,Local,3000,3500,3250,02/09/2026
Tamil Nadu,Madurai,Palanganatham(Uzhavar Sandhai ),Potato,Other,Local,5000,5500,5250,02/09/2026
Tamil Nadu,Ranipet,Arcot(Uzhavar Sandhai ),Potato,Red Nanital,Local,3000,3000,3000,02/09/2026
Tamil Nadu,Theni,Kambam(Uzhavar Sandhai ),Potato,Red Nanital,Local,2700,2700,2700,02/09/2026
Tamil Nadu,Thirunelveli,NGO Colony(Uzhavar Sandhai ),Potato,Red Nanital,Local,2000,2800,2400,02/09/2026
Tamil Nadu,Thiruvarur,Muthupettai(Uzhavar Sandhai ),Potato,Red Nanital,Local,3000,3000,3000,02/09/2026
Tamil Nadu,Coimbatore,Sulur(Uzhavar Sandhai ),Potato,Other,Local,5000,6000,5500,02/09/2026
Tamil Nadu,Sivaganga,Sivagangai (Uzhavar Sandhai ),Potato,Red Nanital,Local,5200,5600,5400,02/09/2026
Tamil Nadu,Salem,Elampillai(Uzhavar Sandhai ),Potato,Other,Local,2500,3000,2750,02/09/2026
Tamil Nadu,Salem,Hasthampatti(Uzhavar Sandhai ),Potato,Other,Local,4600,5000,4800,02/09/2026
Tamil Nadu,Sivaganga,Karaikudi(Uzhavar Sandhai ),Potato,Red Nanital,Local,3500,6000,4750,02/09/2026
Tamil Nadu,Thanjavur,Pattukottai(Uzhavar Sandhai ),Potato,Red Nanital,Local,3000,3800,3400,02/09/2026
Tamil Nadu,Thanjavur,Thanjavur(Uzhavar Sandhai ),Potato,Other,Local,4000,4000,4000,02/09/2026
Tamil Nadu,Virudhunagar,Thalavaipuram(Uzhavar Sandhai ),Potato,Red Nanital,Local,2500,3000,2750,02/09/2026
Tamil Nadu,Cuddalore,Viruthachalam(Uzhavar Sandhai ),Potato,Red Nanital,Local,4000,4000,4000,02/09/2026
Tamil Nadu,Nagapattinam,Nagapattinam(Uzhavar Sandhai ),Potato,Red Nanital,Local,3700,3700,3700,02/09/2026
Tamil Nadu,The Nilgiris,Udhagamandalam(Uzhavar Sandhai ),Potato,Other,Local,5000,5500,5250,02/09/2026
Tamil Nadu,Theni,Andipatti(Uzhavar Sandhai ),Potato,Red Nanital,Local,2500,2800,2650,02/09/2026
Tamil Nadu,Salem,Athur(Uzhavar Sandhai ),Potato,Other,Local,2800,3000,2900,02/09/2026
Tamil Nadu,Erode,Sampath Nagar(Uzhavar Sandhai ),Potato,Other,Local,4500,5000,4750,02/09/2026
Tamil Nadu,Coimbatore,Sundarapuram(Uzhavar Sandhai ),Potato,Other,Local,5000,5800,5400,02/09/2026
Tamil Nadu,Coimbatore,Singanallur(Uzhavar Sandhai ),Potato,Other,Local,5000,5500,5250,02/09/2026
Tamil Nadu,Karur,Karur(Uzhavar Sandhai ),Potato,Other,Local,4500,5000,4750,02/09/2026
Tamil Nadu,Vellore,Vellore APMC,Potato,Red Nanital,Local,2400,3400,2900,02/09/2026
Tamil Nadu,Tuticorin,Tuticorin(Uzhavar Sandhai ),Sweet Potato,Hosur Red,Local,7500,8000,7750,02/09/2026
Tamil Nadu,Thirupathur,Vaniyampadi(Uzhavar Sandhai ),Sweet Potato,Hosur Red,Local,4000,4000,4000,02/09/2026
Tamil Nadu,Thanjavur,Thanjavur(Uzhavar Sandhai ),Sweet Potato,Hosur Red,Local,6000,6000,6000,02/09/2026
Tamil Nadu,Thiruchirappalli,Musiri(Uzhavar Sandhai ),Sweet Potato,Hosur Red,Local,4000,4600,4300,02/09/2026
Tamil Nadu,Chengalpattu,Jameenrayapettai(Uzhavar Sandhai ),Sweet Potato,Hosur Red,Local,5000,6000,5500,02/09/2026
Tamil Nadu,Krishnagiri,Avallapalli(Uzhavar Sandhai ),Sweet Potato,Hosur Red,Local,5000,6000,5500,02/09/2026
Tamil Nadu,Madurai,Anna nagar(Uzhavar Sandhai ),Sweet Potato,Hosur Red,Local,5000,5600,5300,02/09/2026
Tamil Nadu,Theni,Theni(Uzhavar Sandhai ),Sweet Potato,Hosur Red,Local,4800,4800,4800,02/09/2026
Tamil Nadu,Karur,Pallapatti (Uzhavar Sandhai ),Sweet Potato,Hosur Red,Local,4500,5000,4750,02/09/2026
Tamil Nadu,Dindigul,Dindigul(Uzhavar Sandhai ),Sweet Potato,Hosur Red,Local,4000,5000,4500,02/09/2026
Tamil Nadu,Kallakuruchi,Sankarapuram(Uzhavar Sandhai ),Sweet Potato,Hosur Red,Local,6000,6000,6000,02/09/2026
Tamil Nadu,Krishnagiri,Hosur(Uzhavar Sandhai ),Sweet Potato,Hosur Red,Local,3500,4000,3750,02/09/2026
Tamil Nadu,Salem,Ammapet(Uzhavar Sandhai ),Sweet Potato,Hosur Red,Local,4500,5000,4750,02/09/2026
Tamil Nadu,Thirunelveli,Melapalayam(Uzhavar Sandhai ),Sweet Potato,Hosur Red,Local,5000,5500,5250,02/09/2026
Tamil Nadu,Thirupur,Tiruppur (North) (Uzhavar Sandhai ),Sweet Potato,Hosur Red,Local,4000,4500,4250,02/09/2026
Tamil Nadu,Karur,Kulithalai(Uzhavar Sandhai ),Sweet Potato,Hosur Red,Local,2500,3000,2750,02/09/2026
Tamil Nadu,Coimbatore,Udumalpet APMC,Sweet Potato,Hosur Red,Local,6000,6500,6250,02/09/2026
Tamil Nadu,Thiruvannamalai,Arani(Uzhavar Sandhai ),Sweet Potato,Hosur Red,Local,3000,4000,3500,02/09/2026
Tamil Nadu,Vellore,Thirupathur APMC,Sweet Potato,Hosur Red,Local,4000,4000,4000,02/09/2026
Tamil Nadu,Dharmapuri,Pennagaram(Uzhavar Sandhai ),Sweet Potato,Hosur Red,Local,2800,3000,2900,02/09/2026
Tamil Nadu,Madurai,Anaiyur(Uzhavar Sandhai ),Sweet Potato,Hosur Red,Local,4000,5000,4500,02/09/2026
Tamil Nadu,Nagapattinam,Sirkali(Uzhavar Sandhai ),Sweet Potato,Hosur Red,Local,5500,6000,5750,02/09/2026
Tamil Nadu,Perambalur,Perambalur(Uzhavar Sandhai ),Sweet Potato,Hosur Red,Local,6000,6400,6200,02/09/2026
Tamil Nadu,Ranipet,Ranipettai(Uzhavar Sandhai ),Sweet Potato,Hosur Red,Local,5000,5000,5000,02/09/2026
Tamil Nadu,Thirunelveli,Palayamkottai(Uzhavar Sandhai ),Sweet Potato,Hosur Red,Local,5000,5500,5250,02/09/2026
Tamil Nadu,Salem,Attayampatti(Uzhavar Sandhai ),Sweet Potato,Hosur Red,Local,4000,5000,4500,02/09/2026
Tamil Nadu,Salem,Jalagandapuram(Uzhavar Sandhai ),Sweet Potato,Hosur Red,Local,3800,4000,3900,02/09/2026
Tamil Nadu,Thiruchirappalli,Lalgudi(Uzhavar Sandhai ),Sweet Potato,Hosur Red,Local,5000,5000,5000,02/09/2026
Tamil Nadu,Villupuram,Tindivanam APMC,Sweet Potato,Hosur Red,Local,4500,4500,4500,02/09/2026
Tamil Nadu,Madurai,Chokkikulam(Uzhavar Sandhai ),Sweet Potato,Hosur Red,Local,4500,5000,4750,02/09/2026
Tamil Nadu,Krishnagiri,Krishnagiri(Uzhavar Sandhai ),Sweet Potato,Hosur Red,Local,2400,2800,2600,02/09/2026
Tamil Nadu,Madurai,Melur(Uzhavar Sandhai ),Sweet Potato,Hosur Red,Local,4500,5000,4750,02/09/2026
Tamil Nadu,Thiruvarur,Tiruthuraipoondi(Uzhavar Sandhai ),Sweet Potato,Hosur Red,Local,6000,6000,6000,02/09/2026
Tamil Nadu,Coimbatore,Sundarapuram(Uzhavar Sandhai ),Sweet Potato,Hosur Red,Local,4500,5000,4750,02/09/2026
Tamil Nadu,Coimbatore,Mettupalayam(Uzhavar Sandhai ),Sweet Potato,Hosur Red,Local,3500,4000,3750,02/09/2026
Tamil Nadu,Coimbatore,Singanallur(Uzhavar Sandhai ),Sweet Potato,Hosur Red,Local,4500,5000,4750,02/09/2026
Tamil Nadu,Cuddalore,Cuddalore(Uzhavar Sandhai ),Sweet Potato,Hosur Red,Local,8000,8000,8000,02/09/2026
Tamil Nadu,Vellore,Vellore APMC,Sweet Potato,Hosur Red,Local,2500,3000,2750,02/09/2026
Tamil Nadu,Krishnagiri,Denkanikottai(Uzhavar Sandhai ),Sweet Potato,Hosur Red,Local,5500,6000,5750,02/09/2026
Tamil Nadu,Dharmapuri,AJattihalli(Uzhavar Sandhai ),Sweet Potato,Hosur Red,Local,4000,4000,4000,02/09/2026
Tamil Nadu,Theni,Devaram(Uzhavar Sandhai ),Sweet Potato,Hosur Red,Local,4500,4500,4500,02/09/2026
Tamil Nadu,Chengalpattu,Chengalpet(Uzhavar Sandhai ),Sweet Potato,Hosur Red,Local,6000,7000,6500,02/09/2026
Tamil Nadu,Vellore,Katpadi (Uzhavar Sandhai ),Sweet Potato,Hosur Red,Local,3000,3000,3000,02/09/2026
Tamil Nadu,Karur,Gandhigramam(Uzhavar Sandhai),Sweet Potato,Hosur Red,Local,3500,4000,3750,02/09/2026
Tamil Nadu,Coimbatore,Vadavalli(Uzhavar Sandhai ),Sweet Potato,Hosur Red,Local,4500,5000,4750,02/09/2026
Tamil Nadu,Thiruvannamalai,Tiruvannamalai(Uzhavar Sandhai ),Sweet Potato,Hosur Red,Local,3500,4000,3750,02/09/2026
Tamil Nadu,Vellore,Kahithapattarai(Uzhavar Sandhai ),Sweet Potato,Hosur Red,Local,3500,3500,3500,02/09/2026
Tamil Nadu,Coimbatore,Kurichi(Uzhavar Sandhai ),Sweet Potato,Hosur Red,Local,4500,5000,4750,02/09/2026
Tamil Nadu,Nagercoil (Kannyiakumari),Vadaseri APMC,Sweet Potato,Hosur Red,Local,4000,4500,4250,02/09/2026
Tamil Nadu,Dharmapuri,Harur(Uzhavar Sandhai ),Sweet Potato,Hosur Red,Local,4000,5000,4500,02/09/2026
Tamil Nadu,Erode,Periyar Nagar(Uzhavar Sandhai ),Sweet Potato,Hosur Red,Local,4500,5000,4750,02/09/2026
Tamil Nadu,Kancheepuram,Padappai(Uzhavar Sandhai ),Sweet Potato,Hosur Red,Local,4000,5000,4500,02/09/2026
Tamil Nadu,Salem,Sooramangalam(Uzhavar Sandhai ),Sweet Potato,Hosur Red,Local,4500,5000,4750,02/09/2026
Tamil Nadu,Thiruchirappalli,Thuraiyur APMC,Sweet Potato,Hosur Red,Local,5000,5000,5000,02/09/2026
Tamil Nadu,Salem,Thathakapatti(Uzhavar Sandhai ),Sweet Potato,Hosur Red,Local,4000,5000,4500,02/09/2026
Tamil Nadu,Thiruvannamalai,Chengam(Uzhavar Sandhai ),Sweet Potato,Hosur Red,Local,3300,4000,3650,02/09/2026
Tamil Nadu,Thiruvannamalai,Tamarainagar(Uzhavar Sandhai ),Sweet Potato,Hosur Red,Local,2500,3000,2750,02/09/2026
Tamil Nadu,Coimbatore,Sulur(Uzhavar Sandhai ),Sweet Potato,Hosur Red,Local,4500,5000,4750,02/09/2026
Tamil Nadu,Salem,Hasthampatti(Uzhavar Sandhai ),Sweet Potato,Hosur Red,Local,3600,4000,3800,02/09/2026
Tamil Nadu,Thiruchirappalli,KKNagar(Uzhavar Sandhai ),Sweet Potato,Hosur Red,Local,6000,6000,6000,02/09/2026
Tamil Nadu,Thiruchirappalli,Thiruverumbur(Uzhavar Sandhai ),Sweet Potato,Hosur Red,Local,5000,5000,5000,02/09/2026
Tamil Nadu,Chengalpattu,Pallavaram(Uzhavar Sandhai ),Sweet Potato,Hosur Red,Local,5000,6000,5500,02/09/2026
Tamil Nadu,The Nilgiris,Udhagamandalam(Uzhavar Sandhai ),Sweet Potato,Hosur Red,Local,4000,4500,4250,02/09/2026
Tamil Nadu,Vellore,Gudiyatham(Uzhavar Sandhai ),Sweet Potato,Hosur Red,Local,3600,3600,3600,02/09/2026
Tamil Nadu,Namakkal,Tiruchengode APMC,Sweet Potato,Hosur Red,Local,5400,6000,5700,02/09/2026
Madhya Pradesh,Morena,Kailaras APMC,Potato,Other,FAQ,800,800,800,02/09/2026
Madhya Pradesh,Sagar,Devri(F&V) APMC,Potato,Potato,Grade B,660,660,660,02/09/2026
Madhya Pradesh,Khandwa,Khargone(F&V) APMC,Potato,Potato,Medium,700,1200,1000,02/09/2026
Madhya Pradesh,Jhabua,Petlawad(F&V) APMC,Potato,Desi,Grade A,1000,1000,1000,02/09/2026
Madhya Pradesh,Morena,Porsa APMC,Potato,Potato,FAQ,600,600,600,02/09/2026
Madhya Pradesh,Narsinghpur,Gadarwara(F&V) APMC,Potato,Other,Grade B,1000,1000,1000,02/09/2026
Madhya Pradesh,Hoshangabad,Itarsi(F&V) APMC,Potato,Potato,FAQ,800,900,800,02/09/2026
Madhya Pradesh,Mandsaur,Mandsaur(F&V) APMC,Potato,Other,Grade A,800,1300,1100,02/09/2026
Madhya Pradesh,Ujjain,Ujjain APMC,Potato,Potato,Non-FAQ,400,832.89,500,02/09/2026
Madhya Pradesh,Morena,Morena APMC,Potato,Desi,Non-FAQ,150,200,200,02/09/2026
Madhya Pradesh,Indore,Sanwer(F&V) APMC,Potato,Potato,FAQ,800,1500,1200,02/09/2026
Madhya Pradesh,Dewas,Hatpiplya(F&V) APMC,Potato,Potato,Local,800,1400,1200,02/09/2026
Madhya Pradesh,Seoni,Seoni(F&V) APMC,Potato,Desi,Grade C,1150,1150,1150,02/09/2026
Madhya Pradesh,Khandwa,Khandwa(F&V) APMC,Potato,Potato,FAQ,350,800,600,02/09/2026
Madhya Pradesh,Shivpuri,Shivpuri(F&V) APMC,Potato,Other,Grade B,700,700,700,02/09/2026
Madhya Pradesh,Betul,Betul(F&V) APMC,Potato,Desi,FAQ,800,1400,1200,02/09/2026
Madhya Pradesh,Morena,Porsa APMC,Potato,Potato,Non-FAQ,550,550,550,02/09/2026
Madhya Pradesh,Sagar,Rehli(F&V) APMC,Potato,Potato,Grade C,700,900,800,02/09/2026
Madhya Pradesh,Dhar,Manawar(F&V) APMC,Potato,Potato,Grade B,1100,1250,1150,02/09/2026
Madhya Pradesh,Harda,Harda(F&V) APMC,Potato,Desi,Medium,1200,1600,1500,02/09/2026
Madhya Pradesh,Ujjain,Ujjain APMC,Potato,Potato,FAQ,449.97,901.01,901.01,02/09/2026
Madhya Pradesh,Chhatarpur,Chattarpur(F&V) APMC,Potato,Other,Grade C,800,800,800,02/09/2026
Madhya Pradesh,Shivpuri,Karera(F&V) APMC,Potato,Potato,Local,500,1500,800,02/09/2026
Madhya Pradesh,Hoshangabad,Pipariya(F&V) APMC,Potato,Potato,Local,600,1400,1000,02/09/2026
Madhya Pradesh,Morena,Sabalgarh(F&V) APMC,Potato,Jyoti,FAQ,350,700,500,02/09/2026
Maharashtra,Mumbai,Mumbai-Onion & Potato Market APMC,Potato,Other,Local,700,1200,950,02/09/2026
Maharashtra,Kolhapur,Vadgaonpeth APMC,Potato,Local,Local,1700,1900,1800,02/09/2026
Maharashtra,Solapur,SHRI.SIDDHESHWAR  APMC,Potato,Local,Local,700,1250,1000,02/09/2026
Maharashtra,Jalgaon,Bhusaval APMC,Potato,Other,Local,1000,1500,1200,02/09/2026
Maharashtra,Nagpur,Kamthi APMC,Potato,Local,Local,2000,2500,2430,02/09/2026
Maharashtra,Nagpur,HINGNA - APMC,Potato,Local,Local,1300,1500,1400,02/09/2026
Maharashtra,Chandrapur,Chandrapur(Ganjwad) APMC,Potato,Other,Local,1200,1350,1250,02/09/2026
Maharashtra,Nagpur,Nagpur APMC,Potato,Local,Local,800,1100,1025,02/09/2026
Maharashtra,Sangli,"Sangli(Phale, Bhajipala Market) APMC",Potato,Local,Local,800,1500,1150,02/09/2026
Maharashtra,Amarawati,Amrawati(Frui & Veg. Market) APMC,Potato,Local,Local,700,1400,1050,02/09/2026
Maharashtra,Pune,Pune(Khadiki) APMC,Potato,Local,Local,800,1200,1000,02/09/2026
Maharashtra,Ahilyanagar,Rahata APMC,Potato,Other,Local,800,1200,1000,02/09/2026
Maharashtra,Chattrapati Sambhajinagar,Chattrapati Sambhajinagar APMC,Potato,Other,Local,700,1100,900,02/09/2026
Maharashtra,Satara,Satara APMC,Potato,Other,Local,1000,1400,1200,02/09/2026
Maharashtra,Solapur,Akluj APMC,Potato,Other,Local,1100,1300,1200,02/09/2026
Maharashtra,Jalgaon,Jalgaon APMC,Potato,Other,Local,500,1000,700,02/09/2026
Maharashtra,Nashik,Nasik APMC,Potato,Other,Local,650,1300,850,02/09/2026
Maharashtra,Pune,Khed(Chakan) APMC,Potato,Other,Local,800,1500,1000,02/09/2026
Maharashtra,Pune,Pune(Manjri) APMC,Potato,Other,Local,1400,1800,1600,02/09/2026
Maharashtra,Satara,Vaduj APMC,Potato,Local,Local,1400,1500,1450,02/09/2026
Maharashtra,Akola,Akola APMC,Potato,Other,Local,500,1100,900,02/09/2026
Maharashtra,Ahilyanagar,Shrirampur APMC,Potato,Other,Local,800,1000,900,02/09/2026
Maharashtra,Mumbai,Mumbai APMC,Sweet Potato,Other,Local,1600,3000,2300,02/09/2026
Uttar Pradesh,Bulandshahar,Anoop Shahar APMC,Potato,Other,FAQ,600,600,600,02/09/2026
Uttar Pradesh,Farukhabad,Farukhabad APMC,Potato,Other,FAQ,550,850,563.23,02/09/2026
Uttar Pradesh,Bulandshahar,Sikanderabad APMC,Potato,Other,FAQ,800,800,800,02/09/2026
Uttar Pradesh,Lakhimpur,Lakhimpur APMC,Potato,Other,FAQ,1100,1300,1186.62,02/09/2026
Uttar Pradesh,Unnao,Bangarmau APMC,Potato,Other,FAQ,700,700,700,02/09/2026
Uttar Pradesh,Kannuj,Chhibramau APMC,Potato,Other,FAQ,550,600,552.95,02/09/2026
Uttar Pradesh,Bulandshahar,Sikarpur APMC,Potato,Other,FAQ,600,600,600,02/09/2026
Uttar Pradesh,Firozabad,Tundla APMC,Potato,Other,FAQ,500,500,500,02/09/2026
Uttar Pradesh,Shamli,Kairana APMC,Potato,Other,FAQ,800,800,800,02/09/2026
Uttar Pradesh,Amroha,Dhanaura APMC,Potato,Other,FAQ,800,800,800,02/09/2026
Uttar Pradesh,Mathura,Kosikalan APMC,Potato,Desi,FAQ,700,800,750,02/09/2026
Uttar Pradesh,Sitapur,Mehmoodabad APMC,Potato,Other,FAQ,580,600,598.38,02/09/2026
Uttar Pradesh,Muzaffarnagar,Muzzafarnagar APMC,Potato,Other,FAQ,1000,1000,1000,02/09/2026
Uttar Pradesh,Kanpur Dehat,Rura APMC,Potato,Other,FAQ,650,650,650,02/09/2026
Uttar Pradesh,Hathras,Shadabad APMC,Potato,Other,FAQ,500,500,500,02/09/2026
Uttar Pradesh,Shamli,Shamli APMC,Potato,Other,FAQ,1000,1200,1130,02/09/2026
Uttar Pradesh,Firozabad,Shikohabad APMC,Potato,Other,FAQ,500,500,500,02/09/2026
Uttar Pradesh,Shahjahanpur,Tilhar APMC,Potato,Other,FAQ,500,500,500,02/09/2026
Uttar Pradesh,Badaun,Wazirganj APMC,Potato,Other,FAQ,600,620,601.37,02/09/2026
Uttar Pradesh,Sambhal,Bhehjoi APMC,Potato,Other,FAQ,600,600,600,02/09/2026
Uttar Pradesh,Prayagraj,Ajuha APMC,Potato,Other,FAQ,400,400,400,02/09/2026
Uttar Pradesh,Shahjahanpur,Powayan APMC,Potato,Other,FAQ,600,600,600,02/09/2026
Uttar Pradesh,Kannuj,Kannauj APMC,Potato,Other,FAQ,550,550,550,02/09/2026
Uttar Pradesh,Badaun,Badayoun APMC,Potato,Other,FAQ,550,550,550,02/09/2026
Uttar Pradesh,Firozabad,Firozabad APMC,Potato,Other,FAQ,400,500,462.54,02/09/2026
Uttar Pradesh,Amroha,Hasanpur APMC,Potato,Other,FAQ,610,610,610,02/09/2026
Uttar Pradesh,Sitapur,Sidhauli APMC,Potato,Other,FAQ,400,500,436.84,02/09/2026
Uttar Pradesh,Barabanki,Barabanki APMC,Potato,Other,FAQ,600,750,604,02/09/2026
Uttar Pradesh,Sambhal,Chandausi APMC,Potato,Other,FAQ,600,625,602.86,02/09/2026
Uttar Pradesh,Kanpur,Choubepur APMC,Potato,Other,FAQ,550,550,550,02/09/2026
Uttar Pradesh,Hardoi,Sandi APMC,Potato,Other,FAQ,600,600,600,02/09/2026
Uttar Pradesh,Agra,Fatehabad APMC,Potato,Other,FAQ,500,500,500,02/09/2026
Uttar Pradesh,Agra,Jarar APMC,Potato,Other,FAQ,500,500,500,02/09/2026
Uttar Pradesh,Varanasi,Varanasi APMC,Potato,Other,FAQ,800,800,800,02/09/2026
Uttar Pradesh,Kanpur Dehat,Jhijhank APMC,Potato,Other,FAQ,500,500,500,02/09/2026
Uttar Pradesh,Farukhabad,Kayamganj APMC,Potato,Other,FAQ,550,550,550,02/09/2026
Uttar Pradesh,Fatehpur,Fatehpur APMC,Potato,Other,FAQ,700,720,706.19,02/09/2026
Uttar Pradesh,Aligarh,Atrauli APMC,Potato,Other,FAQ,700,700,700,02/09/2026
Uttar Pradesh,Kasganj,Kasganj APMC,Potato,Other,FAQ,600,700,607.48,02/09/2026
Uttar Pradesh,Sambhal,Sambhal APMC,Potato,Other,FAQ,600,600,600,02/09/2026
Uttar Pradesh,Saharanpur,Saharanpur APMC,Potato,Other,FAQ,570,800,671.71,02/09/2026
Uttar Pradesh,Sitapur,Sitapur APMC,Potato,Other,FAQ,500,500,500,02/09/2026
Uttar Pradesh,Etawah,Bharthna APMC,Potato,Other,FAQ,500,500,500,02/09/2026
Uttar Pradesh,Sitapur,Viswan APMC,Potato,Other,FAQ,550,550,550,02/09/2026
Uttar Pradesh,Bulandshahar,Buland Shahr APMC,Potato,Other,FAQ,800,800,800,02/09/2026
Uttar Pradesh,Hathras,Haathras APMC,Potato,Other,FAQ,500,1100,550.12,02/09/2026
Uttar Pradesh,Kaushambi,Manjhanpur APMC,Potato,Other,FAQ,500,500,500,02/09/2026
Uttar Pradesh,Hardoi,Madhoganj APMC,Potato,Other,FAQ,600,600,600,02/09/2026
Uttar Pradesh,Prayagraj,Prayagraj APMC,Potato,Other,FAQ,700,700,700,02/09/2026
Uttar Pradesh,Badaun,Ujhani APMC,Potato,Other,FAQ,550,600,568.25,02/09/2026
Uttar Pradesh,Kanpur,Uttaripura APMC,Potato,Other,FAQ,550,550,550,02/09/2026
Uttar Pradesh,Baghpat,Baraut APMC,Potato,Other,FAQ,1000,1000,1000,02/09/2026
Uttar Pradesh,Badaun,Islam Nagar APMC,Potato,Other,FAQ,550,550,550,02/09/2026
Uttar Pradesh,Aligarh,Aligarh APMC,Potato,Other,FAQ,500,500,500,02/09/2026
Uttar Pradesh,Etawah,Etawah APMC,Potato,Other,FAQ,500,500,500,02/09/2026
Uttar Pradesh,Bareilly,Bareilly APMC,Potato,Other,FAQ,500,500,500,02/09/2026
Uttar Pradesh,Bulandshahar,Divai APMC,Potato,Other,FAQ,500,500,500,02/09/2026
Uttar Pradesh,Ayodhya,Ayodhya APMC,Potato,Other,FAQ,1000,1000,1000,02/09/2026
Uttar Pradesh,Ghaziabad,Hapur APMC,Potato,Other,FAQ,450,450,450,02/09/2026
Uttar Pradesh,Bulandshahar,Jahangirabad APMC,Potato,Other,FAQ,700,700,700,02/09/2026
Uttar Pradesh,Bulandshahar,Khurja APMC,Potato,Other,FAQ,550,550,550,02/09/2026
Uttar Pradesh,Farukhabad,Mohamadabad APMC,Potato,Other,FAQ,550,550,550,02/09/2026
Uttar Pradesh,Raebarelli,Raibareilly APMC,Potato,Other,FAQ,700,700,700,02/09/2026
Uttar Pradesh,Badaun,Shahaswan APMC,Potato,Other,FAQ,600,600,600,02/09/2026
Uttar Pradesh,Firozabad,Sirsaganj APMC,Potato,Other,FAQ,500,500,500,02/09/2026
Uttar Pradesh,Sambhal,Bhehjoi APMC,Potato,Desi,Local,600,610,605,02/09/2026
Uttar Pradesh,Etawah,Jasvantnagar APMC,Potato,Other,FAQ,500,500,500,02/09/2026
Uttar Pradesh,Auraiya,Dibiapur APMC,Potato,Other,FAQ,600,600,600,02/09/2026
Uttar Pradesh,Mainpuri,Bewar APMC,Potato,Other,FAQ,500,500,500,02/09/2026
Uttar Pradesh,Agra,Khairagarh APMC,Potato,Desi,FAQ,500,600,550,02/09/2026
Uttar Pradesh,Farukhabad,Kamlaganj APMC,Potato,Other,FAQ,550,560,550.64,02/09/2026
Uttar Pradesh,Auraiya,Auraiya APMC,Potato,Other,FAQ,500,800,544.23,02/09/2026
Uttar Pradesh,Agra,Samsabad APMC,Potato,Other,FAQ,500,500,500,02/09/2026
Uttar Pradesh,Agra,Khairagarh APMC,Potato,Other,FAQ,500,500,500,02/09/2026
Uttar Pradesh,Muzaffarnagar,Khatauli APMC,Potato,Other,FAQ,600,1100,921.05,02/09/2026
Uttar Pradesh,Auraiya,Achalda APMC,Potato,Other,FAQ,500,500,500,02/09/2026
Uttar Pradesh,Badaun,Babrala APMC,Potato,Desi,Medium,580,600,590,02/09/2026
Uttar Pradesh,Mainpuri,Ghiraur APMC,Potato,Other,FAQ,350,500,360.49,02/09/2026
Uttar Pradesh,Aligarh,Khair APMC,Potato,Other,FAQ,500,500,500,02/09/2026
Uttar Pradesh,Meerut,Mawana APMC,Potato,Other,FAQ,600,700,642.11,02/09/2026
Uttar Pradesh,Hardoi,Shahabad(New Mandi) APMC,Potato,Other,FAQ,550,550,550,02/09/2026
Uttar Pradesh,Bareilly,Anwala APMC,Potato,Other,FAQ,600,600,600,02/09/2026
Uttar Pradesh,Kanpur,Kanpur(Grain) APMC,Potato,Other,FAQ,550,550,550,02/09/2026
Uttar Pradesh,Mainpuri,Mainpuri APMC,Potato,Other,FAQ,500,500,500,02/09/2026
Uttar Pradesh,Agra,Agra APMC,Potato,Other,FAQ,500,1100,584.95,02/09/2026
Uttar Pradesh,Badaun,Bilsi APMC,Potato,Other,FAQ,550,700,570.98,02/09/2026
Uttar Pradesh,Etah,Etah APMC,Potato,Other,FAQ,600,600,600,02/09/2026
Uttar Pradesh,Badaun,Bisoli APMC,Potato,Other,FAQ,600,605,600.14,02/09/2026
Uttar Pradesh,Ghazipur,Yusufpur APMC,Potato,Other,FAQ,600,600,600,02/09/2026
Uttar Pradesh,Mathura,Kosikalan APMC,Potato,Other,FAQ,600,800,763.64,02/09/2026
Uttar Pradesh,Mathura,Mathura APMC,Potato,Other,FAQ,500,600,501.09,02/09/2026
Uttar Pradesh,Lakhimpur,Paliakala APMC,Potato,Other,FAQ,700,700,700,02/09/2026
Uttar Pradesh,Pratapgarh,Pratapgarh APMC,Potato,Other,FAQ,600,600,600,02/09/2026
Uttar Pradesh,Ayodhya,Rudauli APMC,Potato,Other,FAQ,1000,1000,1000,02/09/2026
Uttar Pradesh,Barabanki,Safdarganj APMC,Potato,Other,FAQ,580,580,580,02/09/2026
Uttar Pradesh,Raebarelli,Salon APMC,Potato,Other,FAQ,600,600,600,02/09/2026
Uttar Pradesh,Hathras,Sikandraraau APMC,Potato,Other,FAQ,500,500,500,02/09/2026
Rajasthan,Hanumangarh,Sangriya APMC,Potato,Potato,Local,700,1700,1200,02/09/2026
Rajasthan,Baran,Baran APMC,Potato,Other,Local,500,700,600,02/09/2026
Rajasthan,Hanumangarh,Goluwala APMC,Potato,Red Nanital,Non-FAQ,600,600,600,02/09/2026
Rajasthan,Jodhpur,Jodhpur (F&V) APMC,Potato,Potato,Medium,400,800,600,02/09/2026
Rajasthan,Rajsamand,Rajsamand APMC,Potato,Potato,FAQ,1000,1200,1100,02/09/2026
Rajasthan,Hanumangarh,Bhadara APMC,Potato,Other,FAQ,800,900,871,02/09/2026
Rajasthan,Hanumangarh,Rawatsar APMC,Potato,Red Nanital,FAQ,600,600,600,02/09/2026
Rajasthan,Sikar,Sikar APMC,Potato,Other,FAQ,700,700,700,02/09/2026
Rajasthan,Jaipur,Bassi APMC,Potato,Other,Local,1700,2000,1850,02/09/2026
Rajasthan,Jaipur,Jaipur (F&V) APMC,Potato,Other,FAQ,400,900,650,02/09/2026
Rajasthan,Ganganagar,Sriganganagar (F&V) APMC,Potato,Potato,Local,800,1200,1000,02/09/2026
Rajasthan,Bhilwara,Bhilwara APMC,Potato,Other,FAQ,900,1100,1000,02/09/2026
Rajasthan,Bharatpur,Bayana APMC,Potato,Other,Local,1100,1100,1100,02/09/2026
Karnataka,Bengaluru,Bengaluru APMC,Potato,Potato,Medium,1200,2200,1800,02/09/2026
Karnataka,Bengaluru,Bengaluru APMC,Potato,Local,Medium,1000,2400,2000,02/09/2026
Karnataka,Dharwad,APMC Hubballi,Potato,Potato,Local,1200,1800,1500,02/09/2026
Karnataka,Belagavi,Belgaum APMC,Potato,Local,Large,900,1700,1200,02/09/2026
Karnataka,Kolar,Bangarpet APMC,Potato,Local,Local,2000,2500,2200,02/09/2026
Karnataka,Kalaburagi,Kalaburagi APMC,Potato,Potato,Local,1000,1200,1100,02/09/2026
Karnataka,Bengaluru Rural,Hoskote APMC,Potato,Potato,Local,1000,2400,2000,02/09/2026
Karnataka,Mysuru,Mysuru APMC,Sweet Potato,Sweet Potato,Medium,3800,4000,4000,02/09/2026
Karnataka,Belagavi,Belgaum APMC,Sweet Potato,Sweet Potato,Large,1500,3500,2500,02/09/2026
Gujarat,Kachchh,Bhuj APMC,Potato,Desi,FAQ,1200,1800,1500,02/09/2026
Gujarat,Surat,Surat APMC,Potato,Other,FAQ,400,1700,1050,02/09/2026
Gujarat,Bharuch,Bharuch APMC,Potato,Other,Local,1000,1700,1300,02/09/2026
Gujarat,Ahmedabad,Ahmedabad(Chimanbhai Patal Market Vasana) APMC,Potato,Desi,FAQ,500,800,700,02/09/2026
Gujarat,Kheda,Nadiyad(Chaklasi) APMC,Potato,Potato,FAQ,1200,1400,1300,02/09/2026
Gujarat,Anand,"Anand(Veg,Yard,Anand) APMC",Potato,Potato,Grade B,1000,1200,1100,02/09/2026
Gujarat,Bharuch,Ankleshwar APMC,Potato,Potato,Grade A,700,1700,1200,02/09/2026
Gujarat,Sabarkantha,Himatnagar(Veg.Market Himatnagar) APMC,Potato,Potato,Local,1000,1500,1500,02/09/2026
Gujarat,Anand,Khambhat(Veg Yard Khambhat) APMC,Potato,Desi,Local,1000,1900,1500,02/09/2026
Gujarat,Rajkot,Rajkot(Veg.Sub Yard) APMC,Potato,Potato,FAQ,475,1480,975,02/09/2026
Gujarat,Ahmedabad,Ahmedabad(Chimanbhai Patal Market Vasana) APMC,Potato,Chips,FAQ,750,1400,1250,02/09/2026
Gujarat,Navsari,Navsari APMC,Potato,Potato,Grade A,700,1800,1250,02/09/2026
Gujarat,Kheda,Kapadvanj APMC,Potato,Potato,Medium,500,1200,850,02/09/2026
Gujarat,Dahod,Dahod(Veg. Market) APMC,Potato,Potato,Local,700,1100,1000,02/09/2026
Gujarat,Banaskanth,Deesa(Deesa Veg Yard) APMC,Potato,Other,FAQ,600,1100,850,02/09/2026
Gujarat,Vadodara(Baroda),Padra APMC,Potato,Other,FAQ,1500,2000,1750,02/09/2026
Gujarat,Porbandar,Porbandar APMC,Potato,Red Nanital,Non-FAQ,1000,1500,1250,02/09/2026
Gujarat,Mehsana,Mehsana(Mehsana Veg) APMC,Potato,Potato,Local,500,1500,1000,02/09/2026
Gujarat,Surendranagar,Vadhvan APMC,Potato,Potato,Medium,1500,2000,1750,02/09/2026
Gujarat,Navsari,Bilimora APMC,Potato,Other,FAQ,1400,1800,1600,02/09/2026
Gujarat,Kheda,Nadiad APMC,Potato,Potato,FAQ,1600,1800,1700,02/09/2026
Gujarat,Kheda,Nadiyad(Piplag) APMC,Potato,Potato,FAQ,1100,1500,1300,02/09/2026
Gujarat,Surat,Surat APMC,Sweet Potato,Other,FAQ,4000,4800,4400,02/09/2026
Haryana,Sirsa,Sirsa APMC,Potato,Other,FAQ,400,770,600,02/09/2026
Haryana,Faridabad,"New Grain Market , Faridabad APMC",Potato,Other,Non-FAQ,500,1000,750,02/09/2026
Haryana,Rohtak,Rohtak APMC,Potato,Other,Medium,600,900,700,02/09/2026
Haryana,Sonipat,Sonepat APMC,Potato,Other,FAQ,800,1500,1000,02/09/2026
Haryana,Sonipat,Kharkhoda APMC,Potato,Other,FAQ,1000,1200,1150,02/09/2026
Haryana,Hissar,Hansi APMC,Potato,Other,FAQ,1000,4000,1000,02/09/2026
Haryana,Karnal,Gharaunda APMC,Potato,Other,Local,1200,1200,1200,02/09/2026
Haryana,Panipat,Samalkha APMC,Potato,Other,FAQ,1000,1000,1000,02/09/2026
Haryana,Kurukshetra,Pehowa APMC,Potato,Other,Medium,900,1000,1000,02/09/2026
Haryana,Gurgaon,Sohna APMC,Potato,Potato,Local,1000,1200,1100,02/09/2026
Haryana,Karnal,Indri APMC,Potato,Potato,FAQ,900,900,900,02/09/2026
Haryana,Panipat,Panipat APMC,Potato,Potato,Local,600,1000,800,02/09/2026
Haryana,Hissar,Uklana APMC,Potato,Potato,Medium,800,800,800,02/09/2026
Haryana,Kaithal,Siwan APMC,Potato,Other,FAQ,1400,1600,1500,02/09/2026
Haryana,Palwal,Hodal APMC,Potato,Potato,FAQ,600,800,700,02/09/2026
Haryana,Jind,Narwana APMC,Potato,Potato,Non-FAQ,600,700,650,02/09/2026
Haryana,Panipat,Madlauda APMC,Potato,Potato,FAQ,1000,1000,1000,02/09/2026
Haryana,Sonipat,Ganaur APMC,Potato,Potato,FAQ,1000,1500,1200,02/09/2026
Haryana,Kaithal,Cheeka APMC,Potato,Other,FAQ,800,900,850,02/09/2026
Haryana,Kurukshetra,Shahabad APMC,Potato,Potato,Medium,600,700,600,02/09/2026
Haryana,Rohtak,Sampla APMC,Potato,Other,Local,1200,1200,1200,02/09/2026
Haryana,Fatehabad,Fatehabad APMC,Potato,Potato,Local,800,800,800,02/09/2026
Haryana,Gurgaon,Farukh Nagar APMC,Potato,Other,Medium,800,1200,1000,02/09/2026
Haryana,Fatehabad,Ratia APMC,Potato,Other,Grade A,600,650,615,02/09/2026
Haryana,Rewari,Rewari APMC,Potato,Other,Medium,800,1600,1200,02/09/2026
Haryana,Panchkula,Barwala APMC,Potato,Local,FAQ,700,800,750,02/09/2026
Haryana,Jhajar,Bahadurgarh APMC,Potato,Other,FAQ,700,1100,800,02/09/2026
Haryana,Mahendragarh-Narnaul,Narnaul APMC,Potato,Potato,Medium,800,1000,900,02/09/2026
Haryana,Kurukshetra,Thanesar APMC,Potato,Potato,Medium,700,3000,1850,02/09/2026
Haryana,Sonipat,Gohana APMC,Potato,Other,Medium,1000,1600,1200,02/09/2026
Haryana,Mewat,Tauru APMC,Potato,Potato,FAQ,1000,1000,1000,02/09/2026
Haryana,Rewari,Kosli APMC,Potato,Other,FAQ,1000,1000,1000,02/09/2026
Haryana,Yamuna Nagar,Jagadhri APMC,Potato,Potato,FAQ,510,680,600,02/09/2026
Haryana,Kaithal,Dhand APMC,Potato,Other,Medium,800,1000,950,02/09/2026
Haryana,Yamuna Nagar,Radaur APMC,Potato,Other,Medium,1200,1400,1300,02/09/2026
Haryana,Mahendragarh-Narnaul,Mohindergarh APMC,Potato,Potato,Medium,700,700,700,02/09/2026
Haryana,Yamuna Nagar,Sadhaura APMC,Potato,Potato,Local,700,900,800,02/09/2026
Haryana,Ambala,Shahzadpur APMC,Potato,Local,Large,600,1200,650,02/09/2026
Haryana,Hissar,Barwala(Hisar) APMC,Potato,Potato,Local,900,1000,1000,02/09/2026
Haryana,Ambala,Naraingarh APMC,Potato,Potato,Medium,400,1000,700,02/09/2026
Haryana,Panchkula,Raipur Rani APMC,Potato,Potato,Local,800,1000,800,02/09/2026
Haryana,Gurgaon,Gurgaon APMC,Potato,Other,Grade B,600,1000,800,02/09/2026
Haryana,Rohtak,Meham,Potato,Potato,Medium,800,800,800,02/09/2026
Punjab,Jalandhar,Adampur APMC,Potato,Local,FAQ,500,600,600,02/09/2026
Punjab,Bhatinda,Raman APMC,Potato,Other,Medium,605,705,640,02/09/2026
Punjab,Bhatinda,Maur APMC,Potato,Other,Grade B,500,600,550,02/09/2026
Punjab,Moga,Dharamkot APMC,Potato,Other,Grade A,1000,1000,1000,02/09/2026
Punjab,Fazilka,Fazilka APMC,Potato,Potato,FAQ,900,900,900,02/09/2026
Punjab,Faridkot,Kotkapura APMC,Potato,Local,FAQ,800,900,875,02/09/2026
Punjab,Ludhiana,Jagraon APMC,Potato,Other,FAQ,230,230,230,02/09/2026
Punjab,Patiala,Patiala APMC,Potato,Local,Grade B,550,750,650,02/09/2026
Punjab,Sangrur,Sangrur APMC,Potato,Local,Grade B,700,790,750,02/09/2026
Punjab,Sangrur,Sunam APMC,Potato,Potato,Grade A,700,700,700,02/09/2026
Punjab,Mohali,Kharar APMC,Potato,Potato,Non-FAQ,700,900,800,02/09/2026
Punjab,Ludhiana,Sahnewal APMC,Potato,Potato,FAQ,680,680,680,02/09/2026
Punjab,Muktsar,Muktsar APMC,Potato,Potato,Medium,600,1100,850,02/09/2026
Punjab,Ludhiana,Ludhiana APMC,Potato,Other,FAQ,100,600,300,02/09/2026
Punjab,Gurdaspur,Dinanagar APMC,Potato,Potato,Medium,1000,1200,1100,02/09/2026
Punjab,Hoshiarpur,Tanda Urmur APMC,Potato,Local,Grade A,1000,1200,1100,02/09/2026
Punjab,Ludhiana,Raikot APMC,Potato,Badshah,Grade A,650,650,650,02/09/2026
Punjab,Amritsar,Ajnala APMC,Potato,Potato,Local,800,800,800,02/09/2026
Punjab,Amritsar,Rayya APMC,Potato,Potato,FAQ,752,752,752,02/09/2026
Punjab,Gurdaspur,F.G.Churian APMC,Potato,Potato,Grade A,1100,1100,1100,02/09/2026
Punjab,Gurdaspur,Quadian APMC,Potato,Other,Grade A,400,600,500,02/09/2026
Punjab,Hoshiarpur,GarhShankar (Kotfatuhi) APMC,Potato,Other,FAQ,1000,1000,1000,02/09/2026
Punjab,Jalandhar,Nakodar APMC,Potato,Potato,Local,400,400,400,02/09/2026
Punjab,Patiala,Rajpura APMC,Potato,Local,Grade A,700,900,850,02/09/2026
Punjab,Sangrur,Dhuri APMC,Potato,Other,Medium,600,650,620,02/09/2026
Punjab,Jalandhar,Phillaur(Apra Mandi) APMC,Potato,Other,FAQ,900,900,900,02/09/2026
Punjab,Hoshiarpur,Mukerian APMC,Potato,Potato,Local,800,1000,900,02/09/2026
Punjab,Jalandhar,Bhogpur APMC,Potato,Local,Local,800,800,800,02/09/2026
Punjab,Mohali,Lalru APMC,Potato,Other,Local,950,950,950,02/09/2026
Punjab,Ludhiana,Khanna APMC,Potato,Local,Grade A,500,500,500,02/09/2026
Punjab,Nawanshahr,Balachaur APMC,Potato,Other,Medium,750,900,800,02/09/2026
Punjab,Ropar (Rupnagar),Ropar APMC,Potato,Local,Non-FAQ,700,900,800,02/09/2026
Punjab,Sangrur,Ahmedgarh APMC,Potato,Local,Medium,350,370,370,02/09/2026
Punjab,Sangrur,Malerkotla APMC,Potato,Other,Local,300,600,500,02/09/2026
Punjab,Tarntaran,Tarantaran APMC,Potato,Other,Local,900,900,900,02/09/2026
Punjab,Bhatinda,Bathinda APMC,Potato,Other,Grade B,700,800,750,02/09/2026
Punjab,Jalandhar,Jalandhar City(Jalandhar) APMC,Potato,Other,FAQ,150,700,400,02/09/2026
Punjab,Patiala,Dudhansadhan APMC,Potato,Other,Grade B,800,800,800,02/09/2026
Punjab,Fatehgarh,Sirhind APMC,Potato,Other,Local,650,900,850,02/09/2026
Punjab,Hoshiarpur,Dasuya APMC,Potato,Potato,FAQ,1100,1100,1100,02/09/2026
Punjab,Hoshiarpur,Garh Shankar APMC,Potato,Potato,FAQ,1000,1000,1000,02/09/2026
Punjab,Hoshiarpur,Garh Shankar(Mahalpur) APMC,Potato,Potato,FAQ,800,800,800,02/09/2026
Punjab,Tarntaran,Patti APMC,Potato,Potato,Local,0.1,0.1,0.1,02/09/2026
Punjab,Moga,Baghapurana APMC,Potato,Potato,Grade B,700,900,800,02/09/2026
Punjab,Mohali,Dera Bassi APMC,Potato,Potato,Local,1400,1400,1400,02/09/2026
Punjab,Muktsar,Malout APMC,Potato,Potato,Grade A,700,700,700,02/09/2026
Punjab,Patiala,Nabha APMC,Potato,Other,Grade C,350,700,500,02/09/2026
Punjab,Patiala,Patran APMC,Potato,Other,Grade A,450,450,450,02/09/2026
Punjab,Ferozpur,Zira APMC,Potato,Other,Local,700,700,700,02/09/2026
Punjab,Ludhiana,Samrala APMC,Potato,Other,Local,500,650,600,02/09/2026
Punjab,Ludhiana,Doraha APMC,Potato,Desi,Local,250,700,600,02/09/2026
Punjab,Bhatinda,Rampuraphul(Nabha Mandi) APMC,Potato,Other,Grade A,600,800,700,02/09/2026
Punjab,Hoshiarpur,Mukerian(Talwara) APMC,Potato,Potato,FAQ,800,1600,1200,02/09/2026
Andhra Pradesh,Chittor,Palamaner APMC,Potato,Potato,FAQ,1200,1700,1500,02/09/2026
West Bengal,Coochbehar,Mathabhanga APMC,Potato,Jyoti,FAQ,570,590,580,02/09/2026
West Bengal,Howrah,Ramkrishanpur(Howrah) APMC,Potato,Jyoti,FAQ,820,860,840,02/09/2026
West Bengal,Dakshin Dinajpur,Gangarampur(Dakshin Dinajpur) APMC,Potato,Local,FAQ,580,600,590,02/09/2026
West Bengal,Bankura,Khatra APMC,Potato,Jyoti,FAQ,680,760,720,02/09/2026
West Bengal,Paschim Bardhaman,Durgapur APMC,Potato,Jyoti,FAQ,740,820,780,02/09/2026
West Bengal,Puruliya,Balarampur APMC,Potato,Other,FAQ,720,800,750,02/09/2026
West Bengal,Sounth 24 Parganas,Diamond Harbour(South 24-pgs) APMC,Potato,Jyoti,FAQ,800,840,820,02/09/2026
West Bengal,Coochbehar,Toofanganj APMC,Potato,Jyoti,FAQ,570,590,580,02/09/2026
West Bengal,Bankura,Bishnupur(Bankura) APMC,Potato,Jyoti,FAQ,680,760,720,02/09/2026
West Bengal,Jalpaiguri,Dhupguri APMC,Potato,Jyoti,FAQ,580,600,590,02/09/2026
West Bengal,Medinipur(W),Ghatal APMC,Potato,Jyoti,FAQ,800,830,820,02/09/2026
West Bengal,Coochbehar,Haldibari APMC,Potato,Jyoti,FAQ,570,590,580,02/09/2026
West Bengal,Nadia,Ranaghat APMC,Potato,Jyoti,FAQ,760,800,780,02/09/2026
West Bengal,Nadia,Chakdah APMC,Potato,Jyoti,FAQ,740,780,750,02/09/2026
West Bengal,Bankura,Bankura Sadar APMC,Potato,Jyoti,FAQ,640,680,660,02/09/2026
West Bengal,Birbhum,Bolpur APMC,Potato,Potato,FAQ,1000,1100,1050,02/09/2026
West Bengal,Coochbehar,Dinhata APMC,Potato,Jyoti,FAQ,570,590,580,02/09/2026
West Bengal,Bankura,Indus(Bankura Sadar) APMC,Potato,Jyoti,FAQ,630,670,650,02/09/2026
West Bengal,Birbhum,Sainthia APMC,Potato,Potato,FAQ,1000,1100,1050,02/09/2026
West Bengal,Murshidabad,Kandi APMC,Potato,Jyoti,FAQ,660,780,700,02/09/2026
West Bengal,Jhargram,Jhargram APMC,Potato,Jyoti,FAQ,700,750,730,02/09/2026
West Bengal,Birbhum,Birbhum APMC,Potato,Potato,FAQ,1000,1100,1050,02/09/2026
West Bengal,Alipurduar,Alipurduar APMC,Potato,Jyoti,FAQ,590,640,620,02/09/2026
West Bengal,Jalpaiguri,Jalpaiguri Sadar APMC,Potato,Jyoti,FAQ,600,620,610,02/09/2026
West Bengal,Hooghly,Sheoraphuly APMC,Potato,Jyoti,FAQ,660,730,700,02/09/2026
West Bengal,Paschim Bardhaman,Asansol APMC,Potato,Jyoti,FAQ,740,820,780,02/09/2026
West Bengal,Coochbehar,Mekhliganj APMC,Potato,Jyoti,FAQ,570,590,580,02/09/2026
West Bengal,Hooghly,Champadanga APMC,Potato,Jyoti,FAQ,720,760,740,02/09/2026
West Bengal,Puruliya,Purulia APMC,Potato,Jyoti,FAQ,700,800,750,02/09/2026
West Bengal,Hooghly,Kalipur APMC,Potato,Jyoti,FAQ,680,720,700,02/09/2026
West Bengal,Coochbehar,Baxirhat APMC,Potato,Jyoti,FAQ,570,590,580,02/09/2026
West Bengal,Malda,English Bazar APMC,Potato,Local,FAQ,600,620,610,02/09/2026
West Bengal,Medinipur(W),Garbeta(Medinipur) APMC,Potato,Jyoti,FAQ,640,680,660,02/09/2026
West Bengal,Nadia,Karimpur APMC,Potato,Jyoti,FAQ,750,800,780,02/09/2026
West Bengal,Medinipur(E),Tamluk (Medinipur E) APMC,Potato,Jyoti,FAQ,760,800,780,02/09/2026
West Bengal,Medinipur(E),Kolaghat APMC,Potato,Jyoti,FAQ,760,800,780,02/09/2026
West Bengal,Darjeeling,Karsiyang(Matigara) APMC,Potato,Red,FAQ,1400,1600,1500,02/09/2026
West Bengal,Medinipur(E),Egra/contai APMC,Potato,Jyoti,FAQ,820,850,835,02/09/2026
West Bengal,Darjeeling,Siliguri APMC,Potato,Jyoti,FAQ,620,650,640,02/09/2026
West Bengal,Medinipur(W),Medinipur(West) APMC,Potato,Jyoti,FAQ,640,660,650,02/09/2026
West Bengal,North 24 Parganas,Barasat APMC,Potato,Jyoti,FAQ,900,900,900,02/09/2026
West Bengal,Nadia,Bethuadahari APMC,Potato,Desi,FAQ,740,800,760,02/09/2026
West Bengal,North 24 Parganas,Habra APMC,Potato,Jyoti,FAQ,900,900,900,02/09/2026
West Bengal,Darjeeling,Darjeeling APMC,Potato,Red,FAQ,1400,1600,1500,02/09/2026
West Bengal,Howrah,Uluberia APMC,Potato,Jyoti,FAQ,830,860,840,02/09/2026
West Bengal,Malda,Gajol APMC,Potato,Local,FAQ,640,660,650,02/09/2026
West Bengal,Murshidabad,Jiaganj APMC,Potato,Local,FAQ,500,600,550,02/09/2026
Odisha,Sonepur,Birmaharajpur APMC,Potato,Other,Local,1700,1900,1800,02/09/2026
Odisha,Jharsuguda,Jharsuguda APMC,Potato,Other,Grade A,1700,2000,2000,02/09/2026
Odisha,Sundergarh,Sargipali APMC,Potato,Other,FAQ,1000,1200,1100,02/09/2026
Odisha,Mayurbhanja,Udala APMC,Potato,Potato,FAQ,900,1100,1000,02/09/2026
Odisha,Bargarh,Bargarh(Barapalli) APMC,Potato,Potato,Local,2000,3000,2500,02/09/2026
Odisha,Bolangir,Tusura APMC,Potato,Other,Large,1400,1800,1600,02/09/2026
Odisha,Sonepur,Dungurapalli APMC,Potato,Other,Local,2000,2100,2100,02/09/2026
Odisha,Dhenkanal,Hindol APMC,Potato,Potato,Grade B,1400,1600,1500,02/09/2026
Odisha,Boudh,Boudh APMC,Potato,Other,Local,1800,2200,2000,02/09/2026
Odisha,Jagatsinghpur,Jagatsinghpur APMC,Potato,Potato,FAQ,1350,1550,1450,02/09/2026
Odisha,Khurda,Balugaon APMC,Potato,Kufri Giriraj,Grade A,2000,2000,2000,02/09/2026
Odisha,Sambalpur,Rairakhol APMC,Potato,Potato,Grade B,1200,1500,1400,02/09/2026
Odisha,Angul,Angul(Atthamallick) APMC,Potato,Potato,Grade B,1500,2500,2000,02/09/2026
Odisha,Sonepur,Pandkital APMC,Potato,Other,Local,2000,2200,2100,02/09/2026
Odisha,Bhadrak,Chandabali APMC,Potato,Other,Grade Range-2,1250,1500,1340,02/09/2026
Odisha,Bolangir,Bolangir APMC,Potato,Other,Medium,1400,1800,1600,02/09/2026
Odisha,Nuapada,Khariar Road APMC,Potato,Other,Grade A,2000,2000,2000,02/09/2026
Bihar,East Champaran/ Motihari,Raxaul APMC,Potato,Red Nanital,Grade A,1300,1500,1400,02/09/2026
Bihar,East Champaran/ Motihari,Motihari APMC,Potato,Other,Grade A,1100,1300,1200,02/09/2026
Bihar,Siwan,Maharjganj APMC,Potato,Red Nanital,FAQ,1700,1700,1700,02/09/2026
Bihar,Supaul,Supaul APMC,Potato,Potato,Grade A,1000,1400,1200,02/09/2026
Bihar,East Champaran/ Motihari,Madhuban APMC,Potato,Other,FAQ,1100,1300,1200,02/09/2026
Bihar,Muzaffarpur,Bhagwanpur Mandi APMC,Potato,Jyoti,Grade A,1100,1100,1100,02/09/2026
Bihar,Muzaffarpur,Bhagwanpur Mandi APMC,Potato,Red Nanital,Grade A,1000,1000,1000,02/09/2026
Bihar,Chhapra,Chhapra APMC,Potato,Other,Grade A,1100,1300,1200,02/09/2026
Telangana,Warangal,Warangal APMC,Potato,Potato,FAQ,1500,2000,1750,02/09/2026
Telangana,Sangareddy,APMC PATANCHERU,Potato,Potato,Local,1200,1400,1300,02/09/2026
Telangana,Hyderabad,RYTHU BAZAR MEHDIPATNAM,Potato,Potato,Grade A,1700,1700,1700,02/09/2026
Telangana,Hyderabad,RYTHU BAZAR ERRAGADDA,Potato,Potato,Grade A,1700,1700,1700,02/09/2026
Telangana,Hyderabad,Gudimalkapur APMC,Potato,Potato,Grade B,1000,1600,1300,02/09/2026
Telangana,Siddipet,Siddipet(Rythu Bazar) ,Potato,Red Nanital,Grade A,1500,2400,2000,02/09/2026
Telangana,Hyderabad,Mahboob Manison APMC,Potato,Potato,Medium,1000,1200,1100,02/09/2026
Telangana,Sangareddy,Sangareddy APMC,Potato,Other,Grade B,1600,1600,1600,02/09/2026
Telangana,Hyderabad,RYTHU BAZAR FALAKNUMA,Potato,Potato,Grade A,1700,1700,1700,02/09/2026
Telangana,Nalgonda,Miryalguda(Rythu Bazar) ,Potato,Potato,Grade A,2500,2500,2500,02/09/2026
Telangana,Mahbubnagar,Mahabubnagar(Rythu Bazar),Potato,Red Nanital,Local,2400,2400,2400,02/09/2026
Telangana,Siddipet,Vantamamidi APMC,Potato,Potato,Local,1000,1000,1000,02/09/2026
Telangana,Ranga Reddy,"Vanasthalipuram,RBZ ",Potato,Potato,Grade A,1700,1700,1700,02/09/2026
Telangana,Ranga Reddy,"Saroornagar,RBZ",Potato,Other,Medium,1700,1700,1700,02/09/2026
Telangana,Hyderabad,Bowenpally APMC,Potato,Potato,FAQ,800,1400,1200,02/09/2026
Telangana,Hyderabad,"Alwal,RBZ",Potato,Other,FAQ,1700,1700,1700,02/09/2026
Telangana,Ranga Reddy,L B Nagar APMC,Potato,Potato,Medium,1000,1500,1200,02/09/2026
Telangana,Nalgonda,Venkateswarnagar APMC,Potato,Local,Grade A,1600,2000,1800,02/09/2026
Telangana,Hyderabad,Gudimalkapur APMC,Sweet Potato,Sweet Potato,Grade B,2000,2500,2200,02/09/2026
Telangana,Hyderabad,Bowenpally APMC,Sweet Potato,Sweet Potato,FAQ,1000,3000,2500,02/09/2026
Uttarakhand,Haridwar,Haridwar Union APMC,Potato,Potato,FAQ,650,950,800,02/09/2026
Uttarakhand,Dehradoon,Dehradoon APMC,Potato,Local,FAQ,450,800,600,02/09/2026
Uttarakhand,Garhwal (Pauri),Kotadwara APMC,Potato,Potato,FAQ,1000,1000,1000,02/09/2026
Uttarakhand,Udhamsinghnagar,Sitarganj APMC,Potato,Kufri Giriraj,Grade B,800,1200,1000,02/09/2026
Uttarakhand,Haridwar,Roorkee APMC,Potato,Other,Medium,800,1200,1000,02/09/2026
Uttarakhand,Udhamsinghnagar,Rudrapur APMC,Potato,Other,Medium,500,800,600,02/09/2026
Uttarakhand,Nanital,Haldwani APMC,Potato,Other,FAQ,700,1200,1000,02/09/2026
Uttarakhand,Nanital,Ramnagar APMC,Potato,Other,Local,800,1000,900,02/09/2026
Uttarakhand,Chamoli (Gopeshwar),Chamoli APMC,Potato,Other,FAQ,2000,2000,2000,02/09/2026
Uttarakhand,Haridwar,Manglaur APMC,Potato,Other,Large,500,700,600,02/09/2026
Uttarakhand,Dehradoon,Rishikesh APMC,Potato,Other,Medium,710,1000,850,02/09/2026
Uttarakhand,Haridwar,Bhagwanpur(Naveen Mandi Sthal) APMC,Potato,Other,Grade B,500,700,600,02/09/2026
Himachal Pradesh,Sirmore,PMY Paonta Sahib,Potato,Other,FAQ,800,3000,2200,02/09/2026
Himachal Pradesh,Kangra,SMY Jassur,Potato,Other,FAQ,1000,1500,1200,02/09/2026
Himachal Pradesh,Shimla,SMY Rohroo,Potato,Other,Grade B,1700,1900,1800,02/09/2026
Himachal Pradesh,Mandi,SMY Jogindernagar,Potato,Desi,Grade B,1300,2400,1850,02/09/2026
Himachal Pradesh,Solan,SMY Nalagarh,Potato,Other,Medium,400,1000,700,02/09/2026
Himachal Pradesh,Kangra,SMY Baijnath,Potato,Desi,Grade A,1900,2000,1900,02/09/2026
Himachal Pradesh,Chamba,PMY Chamba,Potato,Potato,Medium,1000,1200,1100,02/09/2026
Himachal Pradesh,Kangra,SMY Nagrota Bagwan,Potato,Potato,FAQ,1000,1800,1300,02/09/2026
Himachal Pradesh,Kangra,PMY Kangra,Potato,Potato,FAQ,1000,2000,1500,02/09/2026
Himachal Pradesh,Kangra,SMY Jaisinghpur,Potato,Potato,FAQ,1900,2500,2200,02/09/2026
Himachal Pradesh,Una,PMY Una,Potato,Potato,FAQ,800,1000,900,02/09/2026
Himachal Pradesh,Hamirpur,PMY Hamirpur,Potato,Other,Grade B,1000,2400,1700,02/09/2026
Himachal Pradesh,Kangra,SMY Palampur,Potato,Potato,FAQ,1800,2400,2200,02/09/2026
Himachal Pradesh,Kangra,SMY Dharamshala,Potato,Potato,FAQ,1000,2200,1600,02/09/2026
Himachal Pradesh,Bilaspur,PMY Bilaspur,Potato,Other,Grade B,800,2300,1500,02/09/2026
Himachal Pradesh,Kullu,SMY Bhuntar,Potato,Other,FAQ,1000,2400,1600,02/09/2026
Himachal Pradesh,Sirmore,SMY Nahan,Potato,Other,FAQ,1400,1600,1500,02/09/2026
Himachal Pradesh,Shimla,SMY Rampur,Potato,Local,Local,3000,3500,3200,02/09/2026
Himachal Pradesh,Kullu,PMY Kullu,Potato,Other,FAQ,800,2500,1600,02/09/2026
Himachal Pradesh,Mandi,SMY Takoli,Potato,Other,Medium,800,1000,1000,02/09/2026
Himachal Pradesh,Solan,PMY Kather Solan,Potato,Other,Medium,700,2200,1800,02/09/2026
Himachal Pradesh,Mandi,SMY Dhanotu,Potato,Potato,FAQ,700,1500,1150,02/09/2026
Assam,Tinsukia,Tinsukia Market,Potato,Potato,FAQ,900,1100,1000,02/09/2026
Assam,Kamrup,Pamohi(Garchuk) APMC,Potato,Other,FAQ,1500,2500,1800,02/09/2026
Assam,Kamrup,Pamohi(Garchuk) APMC,Potato,Potato,FAQ,900,1800,1300,02/09/2026
Assam,Nagaon,Ambagan APMC,Potato,Potato,FAQ,1400,1600,1500,02/09/2026
Assam,Nagaon,Haibargaon APMC,Potato,Potato,FAQ,1300,1500,1400,02/09/2026
Tamil Nadu,Dharmapuri,Pennagaram(Uzhavar Sandhai ),Garlic,Garlic,Local,21000,22000,21500,02/09/2026
Tamil Nadu,Madurai,Anna nagar(Uzhavar Sandhai ),Garlic,Garlic,Local,16000,18000,17000,02/09/2026
Tamil Nadu,Salem,Thammampatti (Uzhavar Sandhai ),Garlic,Garlic,Local,24000,28000,26000,02/09/2026
Tamil Nadu,Thirunelveli,Melapalayam(Uzhavar Sandhai ),Garlic,Garlic,Local,20000,27000,23500,02/09/2026
Tamil Nadu,Dharmapuri,AJattihalli(Uzhavar Sandhai ),Garlic,Garlic,Local,20000,24000,22000,02/09/2026
Tamil Nadu,Thiruchirappalli,Manachanallur(Uzhavar Sandhai ),Garlic,Garlic,Local,18000,18000,18000,02/09/2026
Tamil Nadu,Chengalpattu,Medavakkam(Uzhavar Sandhai ),Garlic,Garlic,Local,20000,25000,22500,02/09/2026
Tamil Nadu,Pudukkottai,Pudukottai(Uzhavar Sandhai ),Garlic,Garlic,Local,29000,30000,29500,02/09/2026
Tamil Nadu,The Nilgiris,Udhagamandalam(Uzhavar Sandhai ),Garlic,Garlic,Local,18000,20000,19000,02/09/2026
Tamil Nadu,Thiruvellore,Tiruthani(Uzhavar Sandhai ),Garlic,Garlic,Local,24000,24000,24000,02/09/2026
Tamil Nadu,Vellore,Katpadi (Uzhavar Sandhai ),Garlic,Garlic,Local,21000,21000,21000,02/09/2026
Tamil Nadu,Coimbatore,Vadavalli(Uzhavar Sandhai ),Garlic,Garlic,Local,21500,23400,22450,02/09/2026
Tamil Nadu,Vellore,Vellore APMC,Garlic,Garlic,Local,20000,21000,20500,02/09/2026
Tamil Nadu,Dharmapuri,Harur(Uzhavar Sandhai ),Garlic,Garlic,Local,20000,25000,22500,02/09/2026
Tamil Nadu,Dindigul,Palani(Uzhavar Sandhai ),Garlic,Garlic,Local,20000,23000,21500,02/09/2026
Tamil Nadu,Krishnagiri,Avallapalli(Uzhavar Sandhai ),Garlic,Garlic,Local,22000,24000,23000,02/09/2026
Tamil Nadu,Krishnagiri,Denkanikottai(Uzhavar Sandhai ),Garlic,Garlic,Local,22000,24000,23000,02/09/2026
Tamil Nadu,Ranipet,Arcot(Uzhavar Sandhai ),Garlic,Garlic,Local,20000,20000,20000,02/09/2026
Tamil Nadu,Theni,Theni(Uzhavar Sandhai ),Garlic,Garlic,Local,10000,20000,15000,02/09/2026
Tamil Nadu,Cuddalore,Vadalur(Uzhavar Sandhai ),Garlic,Garlic,Local,20000,23000,21500,02/09/2026
Tamil Nadu,Salem,Elampillai(Uzhavar Sandhai ),Garlic,Garlic,Local,17000,18000,17500,02/09/2026
Tamil Nadu,Tenkasi,Tenkasi(Uzhavar Sandhai ),Garlic,Garlic,Local,16000,16000,16000,02/09/2026
Tamil Nadu,Virudhunagar,Aruppukottai(Uzhavar Sandhai ),Garlic,Garlic,Local,22000,24000,23000,02/09/2026
Tamil Nadu,Vellore,Perampet(Uzhavar Sandhai),Garlic,Garlic,Local,21000,22000,21500,02/09/2026
Tamil Nadu,Salem,Athur(Uzhavar Sandhai ),Garlic,Garlic,Local,20000,22000,21000,02/09/2026
Tamil Nadu,Thiruvannamalai,Tiruvannamalai(Uzhavar Sandhai ),Garlic,Garlic,Local,25000,28000,26500,02/09/2026
Tamil Nadu,Thiruvarur,Mannargudi I(Uzhavar Sandhai ),Garlic,Garlic,Local,20000,24000,22000,02/09/2026
Tamil Nadu,Coimbatore,Singanallur(Uzhavar Sandhai ),Garlic,Garlic,Local,20000,23000,21500,02/09/2026
Tamil Nadu,Coimbatore,Sundarapuram(Uzhavar Sandhai ),Garlic,Garlic,Local,22000,23500,22750,02/09/2026
Tamil Nadu,Coimbatore,RSPuram(Uzhavar Sandhai ),Garlic,Garlic,Local,22000,23600,22800,02/09/2026
Tamil Nadu,Vellore,Pallikonda(Uzhavar Sandhai),Garlic,Garlic,Local,18000,19000,18500,02/09/2026
Tamil Nadu,Thiruvarur,Mannargudi II(Uzhavar Sandhai ),Garlic,Garlic,Local,20000,20000,20000,02/09/2026
Tamil Nadu,Theni,Andipatti(Uzhavar Sandhai ),Garlic,Garlic,Local,24000,24000,24000,02/09/2026
Tamil Nadu,Dharmapuri,Palacode(Uzhavar Sandhai ),Garlic,Garlic,Local,19500,20000,19750,02/09/2026
Tamil Nadu,Dindigul,Dindigul(Uzhavar Sandhai ),Garlic,Garlic,Local,25000,28000,26500,02/09/2026
Tamil Nadu,Salem,Hasthampatti(Uzhavar Sandhai ),Garlic,Garlic,Local,19000,20000,19500,02/09/2026
Tamil Nadu,Thiruchirappalli,KKNagar(Uzhavar Sandhai ),Garlic,Garlic,Local,26000,26000,26000,02/09/2026
Tamil Nadu,Thiruchirappalli,Manapparai(Uzhavar Sandhai ),Garlic,Garlic,Local,25000,25000,25000,02/09/2026
Tamil Nadu,Thiruchirappalli,Thiruverumbur(Uzhavar Sandhai ),Garlic,Garlic,Local,16000,16000,16000,02/09/2026
Tamil Nadu,Chengalpattu,Chengalpet(Uzhavar Sandhai ),Garlic,Garlic,Local,20000,22000,21000,02/09/2026
Tamil Nadu,Nagercoil (Kannyiakumari),Myladi(Uzhavar Sandhai ),Garlic,Garlic,Local,14000,15000,14500,02/09/2026
Tamil Nadu,Dharmapuri,Karimangalam(Uzhavar Sandhai),Garlic,Garlic,Local,20000,21000,20500,02/09/2026
Tamil Nadu,Krishnagiri,Hosur(Uzhavar Sandhai ),Garlic,Garlic,Local,20000,24000,22000,02/09/2026
Tamil Nadu,Madurai,Anaiyur(Uzhavar Sandhai ),Garlic,Garlic,Local,14000,27000,20500,02/09/2026
Tamil Nadu,Salem,Thathakapatti(Uzhavar Sandhai ),Garlic,Garlic,Local,25000,28000,26500,02/09/2026
Tamil Nadu,Theni,Chinnamanur(Uzhavar Sandhai ),Garlic,Garlic,Local,14000,24000,19000,02/09/2026
Tamil Nadu,Thiruvannamalai,Chengam(Uzhavar Sandhai ),Garlic,Garlic,Local,20000,24000,22000,02/09/2026
Tamil Nadu,Thirupathur,Vaniyampadi(Uzhavar Sandhai ),Garlic,Garlic,Local,28000,28000,28000,02/09/2026
Tamil Nadu,Nagercoil (Kannyiakumari),Vadaseri APMC,Garlic,Garlic,Local,22000,23000,22500,02/09/2026
Tamil Nadu,The Nilgiris,Gudalur(Uzhavar Sandhai ),Garlic,Garlic,Local,19000,20000,19500,02/09/2026
Tamil Nadu,Kallakuruchi,Kallakurichi(Uzhavar Sandhai ),Garlic,Garlic,Local,26000,26000,26000,02/09/2026
Tamil Nadu,Thiruvannamalai,Arani(Uzhavar Sandhai ),Garlic,Garlic,Local,20000,24000,22000,02/09/2026
Tamil Nadu,Thiruvannamalai,Polur(Uzhavar Sandhai ),Garlic,Garlic,Local,20000,24000,22000,02/09/2026
Tamil Nadu,Vellore,Gudiyatham(Uzhavar Sandhai ),Garlic,Garlic,Local,23000,23000,23000,02/09/2026
Tamil Nadu,Vellore,Kahithapattarai(Uzhavar Sandhai ),Garlic,Garlic,Local,22000,22000,22000,02/09/2026
Tamil Nadu,Krishnagiri,Krishnagiri(Uzhavar Sandhai ),Garlic,Garlic,Local,22000,24000,23000,02/09/2026
Tamil Nadu,Nagapattinam,Nagapattinam(Uzhavar Sandhai ),Garlic,Garlic,Local,16700,20000,18350,02/09/2026
Tamil Nadu,Thanjavur,Kumbakonam (Uzhavar Sandhai ),Garlic,Garlic,Local,20000,20000,20000,02/09/2026
Tamil Nadu,Dharmapuri,Dharmapuri(Uzhavar Sandhai ),Garlic,Garlic,Local,23000,24000,23500,02/09/2026
Tamil Nadu,Namakkal,Namakkal(Uzhavar Sandhai ),Garlic,Garlic,Local,20000,27000,23500,02/09/2026
Tamil Nadu,Salem,Mettur(Uzhavar Sandhai ),Garlic,Garlic,Local,26000,28000,27000,02/09/2026
Tamil Nadu,Thirunelveli,Palayamkottai(Uzhavar Sandhai ),Garlic,Garlic,Local,26000,28000,27000,02/09/2026
Tamil Nadu,Coimbatore,Sulur(Uzhavar Sandhai ),Garlic,Garlic,Local,22000,23000,22500,02/09/2026
Tamil Nadu,Thanjavur,Pattukottai(Uzhavar Sandhai ),Garlic,Garlic,Local,16000,16000,16000,02/09/2026
Tamil Nadu,Chengalpattu,Nanganallur(Uzhavar Sandhai ),Garlic,Garlic,Local,22000,24000,23000,02/09/2026
Tamil Nadu,Chengalpattu,Pallavaram(Uzhavar Sandhai ),Garlic,Garlic,Local,25000,28000,26500,02/09/2026
Tamil Nadu,Chengalpattu,Jameenrayapettai(Uzhavar Sandhai ),Garlic,Garlic,Local,22000,28000,25000,02/09/2026
Tamil Nadu,Thirupur,Tiruppur (South) (Uzhavar Sandhai ),Garlic,Garlic,Local,15000,21000,18000,02/09/2026
Tamil Nadu,Madurai,Palanganatham(Uzhavar Sandhai ),Garlic,Garlic,Local,26000,27000,26500,02/09/2026
Tamil Nadu,Perambalur,Perambalur(Uzhavar Sandhai ),Garlic,Garlic,Local,18000,20000,19000,02/09/2026
Tamil Nadu,Ranipet,Ranipettai(Uzhavar Sandhai ),Garlic,Garlic,Local,24000,26000,25000,02/09/2026
Tamil Nadu,Thanjavur,Thanjavur(Uzhavar Sandhai ),Garlic,Garlic,Local,24000,24000,24000,02/09/2026
Tamil Nadu,Chengalpattu,Madhuranthagam(Uzhavar Sandhai ),Garlic,Garlic,Local,16000,16000,16000,02/09/2026
Tamil Nadu,Madurai,Chokkikulam(Uzhavar Sandhai ),Garlic,Garlic,Local,14000,27000,20500,02/09/2026
Tamil Nadu,Chengalpattu,Guduvancheri(Uzhavar Sandhai ),Garlic,Garlic,Local,26000,28000,27000,02/09/2026
Tamil Nadu,Thirupathur,Natrampalli(Uzhavar Sandhai ),Garlic,Garlic,Local,20000,25000,22500,02/09/2026
Tamil Nadu,Coimbatore,Mettupalayam(Uzhavar Sandhai ),Garlic,Garlic,Local,16000,18000,17000,02/09/2026
Tamil Nadu,Coimbatore,Pollachi(Uzhavar Sandhai ),Garlic,Garlic,Local,18000,22000,20000,02/09/2026
Tamil Nadu,Tuticorin,Tuticorin(Uzhavar Sandhai ),Garlic,Garlic,Local,21000,22000,21500,02/09/2026
Tamil Nadu,Vellore,Thirupathur APMC,Garlic,Garlic,Local,26000,26000,26000,02/09/2026
Tamil Nadu,The Nilgiris,Coonoor(Uzhavar Sandhai ),Garlic,Garlic,Local,19000,20000,19500,02/09/2026
Madhya Pradesh,Mandsaur,Piplya APMC,Garlic,Average,FAQ,11001,11001,11001,02/09/2026
Madhya Pradesh,Mandsaur,Piplya APMC,Garlic,Garlic,FAQ,3400,23701,6300,02/09/2026
Madhya Pradesh,Narsinghpur,Gadarwara(F&V) APMC,Garlic,Garlic,Grade Range-2,11000,11000,11000,02/09/2026
Madhya Pradesh,Bhopal,Bhopal APMC,Garlic,Garlic,FAQ,1650,20800,13000,02/09/2026
Madhya Pradesh,Neemuch,Neemuch APMC,Garlic,Average,FAQ,1000,18900,8200,02/09/2026
Madhya Pradesh,Morena,Kailaras APMC,Garlic,Garlic,FAQ,8000,8000,8000,02/09/2026
Madhya Pradesh,Neemuch,Manasa APMC,Garlic,Garlic,FAQ,2500,23800,6400,02/09/2026
Madhya Pradesh,Ratlam,A lot APMC,Garlic,Garlic,FAQ,500,14101,7000,02/09/2026
Madhya Pradesh,Mandsaur,Daloda APMC,Garlic,Garlic-Organic,FAQ,7500,7500,7500,02/09/2026
Madhya Pradesh,Mandsaur,Daloda APMC,Garlic,Garlic,FAQ,2900,22700,7000,02/09/2026
Madhya Pradesh,Mandsaur,Shamgarh APMC,Garlic,Garlic,FAQ,701,16600,11500,02/09/2026
Madhya Pradesh,Mandsaur,Sitmau APMC,Garlic,Garlic,FAQ,2200,13510,6510,02/09/2026
Madhya Pradesh,Jhabua,Petlawad APMC,Garlic,Average,FAQ,5625,5625,5625,02/09/2026
Madhya Pradesh,Indore,Indore APMC,Garlic,Garlic,Non-FAQ,6500,15000,11800,02/09/2026
Madhya Pradesh,Sehore,Sehore APMC,Garlic,Garlic,FAQ,5500,16200,12500,02/09/2026
Madhya Pradesh,Rajgarh,Biaora APMC,Garlic,Garlic,FAQ,1300,18000,13000,02/09/2026
Madhya Pradesh,Mandsaur,Daloda APMC,Garlic,Garlic-Organic,Non-FAQ,6900,6900,6900,02/09/2026
Madhya Pradesh,Shajapur,Shajapur(F&V) APMC,Garlic,Garlic,Grade Range-1,1500,11500,7300,02/09/2026
Madhya Pradesh,Ujjain,Badnagar APMC,Garlic,Garlic,FAQ,2000,15900,11300,02/09/2026
Madhya Pradesh,Ratlam,Jaora APMC,Garlic,Garlic,FAQ,1000,25651,10000,02/09/2026
Madhya Pradesh,Ratlam,Ratlam APMC,Garlic,Garlic,FAQ,1000,21600,4000,02/09/2026
Madhya Pradesh,Sagar,Deori APMC,Garlic,Garlic,Non-FAQ,9100,9425,9425,02/09/2026
Madhya Pradesh,Seoni,Seoni(F&V) APMC,Garlic,Desi,Local,9200,9200,9200,02/09/2026
Madhya Pradesh,Neemuch,Neemuch APMC,Garlic,Average,Non-FAQ,4300,15000,5700,02/09/2026
Madhya Pradesh,Shajapur,Shajapur APMC,Garlic,Garlic,FAQ,6052,10722,10722,02/09/2026
Madhya Pradesh,Sehore,Sehore APMC,Garlic,Garlic,Non-FAQ,5900,14900,12500,02/09/2026
Madhya Pradesh,Mandsaur,Mandsaur APMC,Garlic,Garlic,Non-FAQ,1300,31100,8000,02/09/2026
Madhya Pradesh,Shajapur,Agar APMC,Garlic,Garlic,FAQ,1000,16000,9500,02/09/2026
Madhya Pradesh,Shajapur,Akodiya(F&V) APMC,Garlic,Garlic,Grade Range-2,1000,17000,10000,02/09/2026
Madhya Pradesh,Shajapur,Shujalpur APMC,Garlic,Desi,FAQ,1200,18450,6200,02/09/2026
Madhya Pradesh,Shajapur,Kalapipal APMC,Garlic,Garlic,FAQ,1607,15001,5000,02/09/2026
Madhya Pradesh,Hoshangabad,Pipariya(F&V) APMC,Garlic,Garlic,Local,9800,20000,15000,02/09/2026
Madhya Pradesh,Agar Malwa,Soyatkalan(F&V) APMC,Garlic,Garlic,FAQ,505,14005,6500,02/09/2026
Madhya Pradesh,Rajgarh,Narsinghgarh APMC,Garlic,Garlic,FAQ,1600,20000,8000,02/09/2026
Madhya Pradesh,Mandsaur,Shamgarh APMC,Garlic,Garlic,Non-FAQ,1650,17800,10300,02/09/2026
Madhya Pradesh,Ratlam,Sailana APMC,Garlic,Garlic,FAQ,1801,18001,7300,02/09/2026
Madhya Pradesh,Ratlam,Sailana(F&V) APMC,Garlic,Garlic,Local,3602,36002,14600,02/09/2026
Madhya Pradesh,Dhar,Badnawar APMC,Garlic,Garlic,FAQ,3140,10000,4500,02/09/2026
Madhya Pradesh,Ujjain,Ujjain APMC,Garlic,Garlic,FAQ,1000,18601,6000,02/09/2026
Madhya Pradesh,Neemuch,Neemuch APMC,Garlic,Garlic,Non-FAQ,6201,17800,17800,02/09/2026
Madhya Pradesh,Mandsaur,Mandsaur APMC,Garlic,Garlic,FAQ,5700,20900,6300,02/09/2026
Madhya Pradesh,Shajapur,Akodiya APMC,Garlic,Average,FAQ,2000,16901,6000,02/09/2026
Madhya Pradesh,Shajapur,Soyatkalan APMC,Garlic,Garlic,FAQ,505,14005,9600,02/09/2026
Madhya Pradesh,Shajapur,Soyatkalan APMC,Garlic,Garlic,Non-FAQ,5400,6000,6000,02/09/2026
Maharashtra,Amarawati,Amrawati(Frui & Veg. Market) APMC,Garlic,Other,Local,16000,32000,24000,02/09/2026
Maharashtra,Pune,Pune(Khadiki) APMC,Garlic,Other,Local,11000,11000,11000,02/09/2026
Maharashtra,Ahilyanagar,Rahata APMC,Garlic,Other,Local,10000,12000,11000,02/09/2026
Maharashtra,Ahilyanagar,Shrirampur APMC,Garlic,Other,Local,6000,12000,9000,02/09/2026
Maharashtra,Chandrapur,Chandrapur(Ganjwad) APMC,Garlic,Other,Local,16000,18000,17000,02/09/2026
Maharashtra,Pune,Khed(Chakan) APMC,Garlic,Other,Local,7000,16000,13000,02/09/2026
Maharashtra,Nashik,Nasik APMC,Garlic,Other,Local,6500,23500,18000,02/09/2026
Maharashtra,Akola,Akola APMC,Garlic,Other,Local,10000,22000,19000,02/09/2026
Maharashtra,Nagpur,Nagpur APMC,Garlic,Other,Local,6000,20000,16500,02/09/2026
Uttar Pradesh,Etah,Aliganj APMC,Garlic,Other,FAQ,5000,5000,5000,02/09/2026
Uttar Pradesh,Auraiya,Achalda APMC,Garlic,Other,FAQ,3000,3100,3018.03,02/09/2026
Uttar Pradesh,Ghaziabad,Ghaziabad APMC,Garlic,Other,FAQ,9000,9000,9000,02/09/2026
Uttar Pradesh,Varanasi,Varanasi APMC,Garlic,Other,FAQ,7000,7000,7000,02/09/2026
Uttar Pradesh,Mathura,Kosikalan APMC,Garlic,Other,FAQ,6000,6000,6000,02/09/2026
Uttar Pradesh,Baghpat,Baraut APMC,Garlic,Other,FAQ,6000,6000,6000,02/09/2026
Uttar Pradesh,Rampur,Tanda(Rampur) APMC,Garlic,Other,FAQ,10000,10000,10000,02/09/2026
Uttar Pradesh,Kanpur,Kanpur(Grain) APMC,Garlic,Other,FAQ,7000,7000,7000,02/09/2026
Uttar Pradesh,Mainpuri,Ghiraur APMC,Garlic,Other,FAQ,8500,8500,8500,02/09/2026
Uttar Pradesh,Barabanki,Barabanki APMC,Garlic,Other,FAQ,4500,4500,4500,02/09/2026
Uttar Pradesh,Mainpuri,Mainpuri APMC,Garlic,Other,FAQ,8000,8000,8000,02/09/2026
Uttar Pradesh,Kasganj,Ganj Dundwara APMC,Garlic,Other,FAQ,8000,8000,8000,02/09/2026
Uttar Pradesh,Amroha,Hasanpur APMC,Garlic,Other,FAQ,5000,5000,5000,02/09/2026
Uttar Pradesh,Jhansi,Jhansi APMC,Garlic,Other,FAQ,9000,9000,9000,02/09/2026
Uttar Pradesh,Raebarelli,Jayas APMC,Garlic,Other,FAQ,8000,8000,8000,02/09/2026
Uttar Pradesh,Badaun,Badayoun APMC,Garlic,Other,FAQ,12000,12000,12000,02/09/2026
Uttar Pradesh,Sambhal,Chandausi APMC,Garlic,Other,FAQ,7100,7100,7100,02/09/2026
Uttar Pradesh,Etah,Etah APMC,Garlic,Other,FAQ,8000,8000,8000,02/09/2026
Uttar Pradesh,Kasganj,Kasganj APMC,Garlic,Other,FAQ,8000,8100,8037.09,02/09/2026
Rajasthan,Ganganagar,Sriganganagar (F&V) APMC,Garlic,Garlic,Grade Range-1,14300,14700,14500,02/09/2026
Rajasthan,Hanumangarh,Bhadara APMC,Garlic,Average,FAQ,12000,12000,12000,02/09/2026
Rajasthan,Chittorgarh,Nimbahera APMC,Garlic,Other,FAQ,5500,20000,15500,02/09/2026
Rajasthan,Bhilwara,Bhilwara APMC,Garlic,Other,FAQ,10000,25000,17500,02/09/2026
Rajasthan,Pratapgarh,Chhotisadri APMC,Garlic,Average,Local,4500,22170,9600,02/09/2026
Rajasthan,Jaipur,Jaipur (F&V) APMC,Garlic,Average,FAQ,6000,17000,11500,02/09/2026
Rajasthan,Jhalawar,Manohararthana APMC,Garlic,Garlic,Local,5500,10000,7750,02/09/2026
Rajasthan,Baran,Baran APMC,Garlic,Other,Local,6500,22500,12510,02/09/2026
Rajasthan,Jodhpur,Jodhpur (F&V) APMC,Garlic,Garlic,Local,5000,13000,9000,02/09/2026
Rajasthan,Pratapgarh,Pratapgarh APMC,Garlic,Other,FAQ,5000,17000,11000,02/09/2026
Karnataka,Bengaluru,Bengaluru APMC,Garlic,Garlic,Medium,8000,26000,15000,02/09/2026
Gujarat,Dahod,Dahod(Veg. Market) APMC,Garlic,Garlic,Local,9000,19000,15000,02/09/2026
Gujarat,Surendranagar,Vadhvan APMC,Garlic,Garlic,FAQ,7500,10000,8750,02/09/2026
Gujarat,Banaskanth,Deesa(Deesa Veg Yard) APMC,Garlic,Other,FAQ,8000,17000,12500,02/09/2026
Haryana,Hissar,Hansi APMC,Garlic,Other,FAQ,10000,20000,15000,02/09/2026
Haryana,Kurukshetra,Shahabad APMC,Garlic,Garlic,Local,6300,13200,10300,02/09/2026
Haryana,Yamuna Nagar,Jagadhri APMC,Garlic,Average,FAQ,7000,10000,9000,02/09/2026
Haryana,Kurukshetra,Thanesar APMC,Garlic,Other,Local,8000,12000,10000,02/09/2026
Haryana,Hissar,Barwala(Hisar) APMC,Garlic,Garlic,Local,14000,15000,14500,02/09/2026
Haryana,Ambala,Naraingarh APMC,Garlic,Garlic,Local,12500,12500,12500,02/09/2026
Haryana,Mahendragarh-Narnaul,Narnaul APMC,Garlic,Garlic,FAQ,16000,16000,16000,02/09/2026
Haryana,Sonipat,Ganaur APMC,Garlic,Average,Local,10000,15000,12000,02/09/2026
Haryana,Jhajar,Bahadurgarh APMC,Garlic,Other,FAQ,11000,12000,11500,02/09/2026
Punjab,Hoshiarpur,Tanda Urmur APMC,Garlic,Garlic,Grade Range-1,12000,14000,13000,02/09/2026
Punjab,Ludhiana,Doraha APMC,Garlic,Average,Local,10000,13000,12000,02/09/2026
Punjab,Hoshiarpur,Dasuya APMC,Garlic,Garlic,FAQ,12000,12000,12000,02/09/2026
Punjab,Ludhiana,Khanna APMC,Garlic,Other,Grade Range-1,10000,10000,10000,02/09/2026
Punjab,Patiala,Patiala APMC,Garlic,Other,Grade Range-1,9000,11000,10000,02/09/2026
Punjab,Sangrur,Malerkotla APMC,Garlic,Average,Local,7000,8000,7500,02/09/2026
Punjab,Ropar (Rupnagar),Ropar APMC,Garlic,Desi,FAQ,12000,13000,12500,02/09/2026
Punjab,Muktsar,Malout APMC,Garlic,Garlic,Grade Range-1,9200,9200,9200,02/09/2026
Punjab,Patiala,Nabha APMC,Garlic,Other,Grade Range-3,13000,13000,13000,02/09/2026
Punjab,Patiala,Patran APMC,Garlic,Average,Grade Range-1,9140,9140,9140,02/09/2026
Punjab,Ropar (Rupnagar),Chamkaur Sahib APMC,Garlic,Average,Local,6000,6000,6000,02/09/2026
Punjab,Bhatinda,Bathinda APMC,Garlic,Other,Grade Range-1,10000,12000,11000,02/09/2026
Punjab,Ludhiana,Ludhiana APMC,Garlic,Other,FAQ,5000,9000,7000,02/09/2026
Punjab,Fatehgarh,Sirhind APMC,Garlic,Other,FAQ,13800,16000,15000,02/09/2026
Punjab,Fazilka,Fazilka APMC,Garlic,Garlic,FAQ,15000,15000,15000,02/09/2026
Punjab,Jalandhar,Jalandhar City(Jalandhar) APMC,Garlic,Other,FAQ,5000,10000,7500,02/09/2026
Punjab,Muktsar,Muktsar APMC,Garlic,Garlic,Local,7000,9000,8000,02/09/2026
Punjab,Fatehgarh,Khamano APMC,Garlic,Garlic,FAQ,12000,12000,12000,02/09/2026
West Bengal,Medinipur(W),Medinipur(West) APMC,Garlic,Garlic,FAQ,15500,16500,16000,02/09/2026
Odisha,Khurda,Balugaon APMC,Garlic,Other,Grade Range-1,14000,14000,14000,02/09/2026
Telangana,Hyderabad,Mahboob Manison APMC,Garlic,Garlic,Grade Range-2,6000,19000,11000,02/09/2026
Uttarakhand,Udhamsinghnagar,Kashipur APMC,Garlic,Other,Local,5000,5200,5100,02/09/2026
Uttarakhand,Udhamsinghnagar,Rudrapur APMC,Garlic,Average,Local,8000,10000,9000,02/09/2026
Himachal Pradesh,Kangra,PMY Kangra,Garlic,Average,FAQ,18000,20000,19000,02/09/2026
Himachal Pradesh,Kangra,SMY Dharamshala,Garlic,Garlic,FAQ,15000,18000,16500,02/09/2026
Himachal Pradesh,Kullu,PMY Kullu,Garlic,Other,FAQ,16000,18000,17000,02/09/2026
Himachal Pradesh,Solan,PMY Kather Solan,Garlic,Other,Local,8000,22000,15000,02/09/2026
Himachal Pradesh,Hamirpur,PMY Hamirpur,Garlic,Garlic,Grade Range-2,18000,24000,21000,02/09/2026
Himachal Pradesh,Mandi,SMY Dhanotu,Garlic,Garlic,FAQ,8000,10000,9000,02/09/2026
Himachal Pradesh,Kangra,SMY Palampur,Garlic,Average,FAQ,18000,20000,19000,02/09/2026
Himachal Pradesh,Una,PMY Una,Garlic,Garlic,FAQ,18000,20000,19000,02/09/2026
Himachal Pradesh,Chamba,PMY Chamba,Garlic,Other,Grade Range-2,12000,14000,13000,02/09/2026
Himachal Pradesh,Kullu,SMY Bhuntar,Garlic,Other,FAQ,10000,15000,12500,02/09/2026
Assam,Hailakandi,Harbartganj Daily Market APMC,Garlic,Garlic,FAQ,14000,16000,15000,02/09/2026
Assam,Kamrup,Pamohi(Garchuk) APMC,Garlic,Garlic,FAQ,15000,17000,16000,02/09/2026
Assam,Tinsukia,Tinsukia Market,Garlic,Garlic,FAQ,9000,14000,12000,02/09/2026
Tamil Nadu,Namakkal,Kumarapalayam(Uzhavar Sandhai ),Ginger(Green),Green Ginger,Local,18000,19000,18500,02/09/2026
Tamil Nadu,Ranipet,Arcot(Uzhavar Sandhai ),Ginger(Green),Green Ginger,Local,18000,18000,18000,02/09/2026
Tamil Nadu,Ranipet,Ranipettai(Uzhavar Sandhai ),Ginger(Green),Green Ginger,Local,8000,18000,13000,02/09/2026
Tamil Nadu,Salem,Thathakapatti(Uzhavar Sandhai ),Ginger(Green),Green Ginger,Local,8000,16000,12000,02/09/2026
Tamil Nadu,Sivaganga,Devakottai (Uzhavar Sandhai ),Ginger(Green),Green Ginger,Local,12000,18200,15100,02/09/2026
Tamil Nadu,Salem,Edapadi (Uzhavar Sandhai ),Ginger(Green),Green Ginger,Local,15000,17000,16000,02/09/2026
Tamil Nadu,Salem,Hasthampatti(Uzhavar Sandhai ),Ginger(Green),Green Ginger,Local,16000,17000,16500,02/09/2026
Tamil Nadu,Salem,Jalagandapuram(Uzhavar Sandhai ),Ginger(Green),Green Ginger,Local,16500,17000,16750,02/09/2026
Tamil Nadu,Chengalpattu,Medavakkam(Uzhavar Sandhai ),Ginger(Green),Green Ginger,Local,10000,20000,15000,02/09/2026
Tamil Nadu,Madurai,Chokkikulam(Uzhavar Sandhai ),Ginger(Green),Green Ginger,Local,12000,18000,15000,02/09/2026
Tamil Nadu,Cuddalore,Viruthachalam(Uzhavar Sandhai ),Ginger(Green),Green Ginger,Local,8000,17000,12500,02/09/2026
Tamil Nadu,Krishnagiri,Krishnagiri(Uzhavar Sandhai ),Ginger(Green),Green Ginger,Local,16000,18000,17000,02/09/2026
Tamil Nadu,Nagapattinam,Nagapattinam(Uzhavar Sandhai ),Ginger(Green),Green Ginger,Local,14600,18000,16300,02/09/2026
Tamil Nadu,Salem,Vazhapadi(Uzhavar Sandhai),Ginger(Green),Green Ginger,Local,16000,16000,16000,02/09/2026
Tamil Nadu,Karur,Gandhigramam(Uzhavar Sandhai),Ginger(Green),Green Ginger,Local,16000,18000,17000,02/09/2026
Tamil Nadu,Thirupathur,Natrampalli(Uzhavar Sandhai ),Ginger(Green),Green Ginger,Local,15000,20000,17500,02/09/2026
Tamil Nadu,Coimbatore,Udumalpet APMC,Ginger(Green),Green Ginger,Local,15000,16000,15500,02/09/2026
Tamil Nadu,Thiruvannamalai,Polur(Uzhavar Sandhai ),Ginger(Green),Green Ginger,Local,16000,20000,18000,02/09/2026
Tamil Nadu,Ariyalur,Ariyalur(Uzhavar Sandhai),Ginger(Green),Green Ginger,Local,17000,18000,17500,02/09/2026
Tamil Nadu,Coimbatore,Mettupalayam(Uzhavar Sandhai ),Ginger(Green),Green Ginger,Local,7000,15000,11000,02/09/2026
Tamil Nadu,Namakkal,Tiruchengode APMC,Ginger(Green),Green Ginger,Local,16000,18000,17000,02/09/2026
Tamil Nadu,Tuticorin,Tuticorin(Uzhavar Sandhai ),Ginger(Green),Green Ginger,Local,19000,20000,19500,02/09/2026
Tamil Nadu,Nagercoil (Kannyiakumari),Vadaseri APMC,Ginger(Green),Green Ginger,Local,18000,19000,18500,02/09/2026
Tamil Nadu,Dharmapuri,Harur(Uzhavar Sandhai ),Ginger(Green),Green Ginger,Local,14000,17000,15500,02/09/2026
Tamil Nadu,Krishnagiri,Kaveripattinam(Uzhavar Sandhai ),Ginger(Green),Green Ginger,Local,16000,16000,16000,02/09/2026
Tamil Nadu,Dharmapuri,Dharmapuri(Uzhavar Sandhai ),Ginger(Green),Green Ginger,Local,21500,22500,22000,02/09/2026
Tamil Nadu,Kallakuruchi,Sankarapuram(Uzhavar Sandhai ),Ginger(Green),Green Ginger,Local,18000,18000,18000,02/09/2026
Tamil Nadu,Madurai,Palanganatham(Uzhavar Sandhai ),Ginger(Green),Green Ginger,Local,12000,18000,15000,02/09/2026
Tamil Nadu,Salem,Ammapet(Uzhavar Sandhai ),Ginger(Green),Green Ginger,Local,16000,17000,16500,02/09/2026
Tamil Nadu,Salem,Sooramangalam(Uzhavar Sandhai ),Ginger(Green),Green Ginger,Local,16000,16800,16400,02/09/2026
Tamil Nadu,Thirunelveli,NGO Colony(Uzhavar Sandhai ),Ginger(Green),Green Ginger,Local,15000,16000,15500,02/09/2026
Tamil Nadu,Thirupur,Tiruppur (North) (Uzhavar Sandhai ),Ginger(Green),Green Ginger,Local,15000,16000,15500,02/09/2026
Tamil Nadu,Cuddalore,Vadalur(Uzhavar Sandhai ),Ginger(Green),Green Ginger,Local,17000,17000,17000,02/09/2026
Tamil Nadu,Dharmapuri,AJattihalli(Uzhavar Sandhai ),Ginger(Green),Green Ginger,Local,20000,22500,21250,02/09/2026
Tamil Nadu,Sivaganga,Singampunari(Uzhavar Sandhai ),Ginger(Green),Green Ginger,Local,12000,18000,15000,02/09/2026
Tamil Nadu,Thiruchirappalli,Manapparai(Uzhavar Sandhai ),Ginger(Green),Green Ginger,Local,22000,22000,22000,02/09/2026
Tamil Nadu,Thiruchirappalli,Thiruverumbur(Uzhavar Sandhai ),Ginger(Green),Green Ginger,Local,17500,17500,17500,02/09/2026
Tamil Nadu,Chengalpattu,Pallavaram(Uzhavar Sandhai ),Ginger(Green),Green Ginger,Local,15000,17000,16000,02/09/2026
Tamil Nadu,Chengalpattu,Jameenrayapettai(Uzhavar Sandhai ),Ginger(Green),Green Ginger,Local,15000,17000,16000,02/09/2026
Tamil Nadu,Erode,Thalavadi(Uzhavar Sandhai ),Ginger(Green),Green Ginger,Local,13000,14000,13500,02/09/2026
Tamil Nadu,The Nilgiris,Udhagamandalam(Uzhavar Sandhai ),Ginger(Green),Green Ginger,Local,15000,16000,15500,02/09/2026
Tamil Nadu,Nagapattinam,Vedaranyam(Uzhavar Sandhai),Ginger(Green),Green Ginger,Local,14500,15000,14750,02/09/2026
Tamil Nadu,Thirupur,Palladam(Uzhavar Sandhai ),Ginger(Green),Green Ginger,Local,15000,16000,15500,02/09/2026
Tamil Nadu,Kallakuruchi,Kallakurichi(Uzhavar Sandhai ),Ginger(Green),Green Ginger,Local,22000,22000,22000,02/09/2026
Tamil Nadu,Theni,Periyakulam(Uzhavar Sandhai ),Ginger(Green),Green Ginger,Local,8000,14000,11000,02/09/2026
Tamil Nadu,Virudhunagar,Srivilliputhur(Uzhavar Sandhai ),Ginger(Green),Green Ginger,Local,17000,18000,17500,02/09/2026
Tamil Nadu,Vellore,Thirupathur APMC,Ginger(Green),Green Ginger,Local,20000,20000,20000,02/09/2026
Tamil Nadu,Vellore,Vellore APMC,Ginger(Green),Green Ginger,Local,15000,16000,15500,02/09/2026
Tamil Nadu,Dindigul,Dindigul(Uzhavar Sandhai ),Ginger(Green),Green Ginger,Local,14000,16000,15000,02/09/2026
Tamil Nadu,Dindigul,Palani(Uzhavar Sandhai ),Ginger(Green),Green Ginger,Local,7500,15000,11250,02/09/2026
Tamil Nadu,Kancheepuram,Padappai(Uzhavar Sandhai ),Ginger(Green),Green Ginger,Local,10000,14000,12000,02/09/2026
Tamil Nadu,Namakkal,Namakkal(Uzhavar Sandhai ),Ginger(Green),Green Ginger,Local,15000,17000,16000,02/09/2026
Tamil Nadu,Namakkal,Paramathivelur(Uzhavar Sandhai ),Ginger(Green),Green Ginger,Local,20000,21000,20500,02/09/2026
Tamil Nadu,Namakkal,Rasipuram(Uzhavar Sandhai ),Ginger(Green),Green Ginger,Local,18000,19000,18500,02/09/2026
Tamil Nadu,Salem,Mettur(Uzhavar Sandhai ),Ginger(Green),Green Ginger,Local,16000,17000,16500,02/09/2026
Tamil Nadu,Sivaganga,Sivagangai (Uzhavar Sandhai ),Ginger(Green),Green Ginger,Local,13000,19000,16000,02/09/2026
Tamil Nadu,Sivaganga,Karaikudi(Uzhavar Sandhai ),Ginger(Green),Green Ginger,Local,13000,19000,16000,02/09/2026
Tamil Nadu,Sivaganga,Tirupatthur(Uzhavar Sandhai ),Ginger(Green),Green Ginger,Local,12400,18500,15450,02/09/2026
Tamil Nadu,Thanjavur,Thanjavur(Uzhavar Sandhai ),Ginger(Green),Green Ginger,Local,20000,20000,20000,02/09/2026
Tamil Nadu,Chengalpattu,Nanganallur(Uzhavar Sandhai ),Ginger(Green),Green Ginger,Local,7500,8000,7750,02/09/2026
Tamil Nadu,Nagercoil (Kannyiakumari),Myladi(Uzhavar Sandhai ),Ginger(Green),Green Ginger,Local,19000,20000,19500,02/09/2026
Tamil Nadu,Villupuram,Tindivanam APMC,Ginger(Green),Green Ginger,Local,9000,9000,9000,02/09/2026
Tamil Nadu,Tenkasi,Tenkasi(Uzhavar Sandhai ),Ginger(Green),Green Ginger,Local,16000,16000,16000,02/09/2026
Tamil Nadu,Villupuram,Gingee(Uzhavar Sandhai ),Ginger(Green),Green Ginger,Local,13000,13000,13000,02/09/2026
Tamil Nadu,Virudhunagar,Kariyapatti(Uzhavar Sandhai ),Ginger(Green),Green Ginger,Local,19000,20000,19500,02/09/2026
Tamil Nadu,Vellore,Katpadi (Uzhavar Sandhai ),Ginger(Green),Green Ginger,Local,16000,16000,16000,02/09/2026
Tamil Nadu,Erode,Gobichettipalayam(Uzhavar Sandhai ),Ginger(Green),Green Ginger,Local,14500,15000,14750,02/09/2026
Tamil Nadu,Vellore,Pallikonda(Uzhavar Sandhai),Ginger(Green),Green Ginger,Local,15000,15000,15000,02/09/2026
Tamil Nadu,Ramanathapuram,Paramakudi(Uzhavar Sandhai ),Ginger(Green),Green Ginger,Local,16000,17000,16500,02/09/2026
Tamil Nadu,Ramanathapuram,Ramanathapuram(Uzhavar Sandhai ),Ginger(Green),Green Ginger,Local,17000,17500,17250,02/09/2026
Tamil Nadu,Thiruvarur,Mannargudi II(Uzhavar Sandhai ),Ginger(Green),Green Ginger,Local,16000,16000,16000,02/09/2026
Tamil Nadu,Vellore,Gudiyatham(Uzhavar Sandhai ),Ginger(Green),Green Ginger,Local,19000,19000,19000,02/09/2026
Tamil Nadu,Vellore,Kahithapattarai(Uzhavar Sandhai ),Ginger(Green),Green Ginger,Local,7000,7000,7000,02/09/2026
Tamil Nadu,Coimbatore,Sundarapuram(Uzhavar Sandhai ),Ginger(Green),Green Ginger,Local,16000,17000,16500,02/09/2026
Tamil Nadu,Erode,Sathiyamagalam(Uzhavar Sandhai ),Ginger(Green),Green Ginger,Local,15000,16000,15500,02/09/2026
Tamil Nadu,Coimbatore,RSPuram(Uzhavar Sandhai ),Ginger(Green),Green Ginger,Local,14500,15500,15000,02/09/2026
Tamil Nadu,Cuddalore,Cuddalore(Uzhavar Sandhai ),Ginger(Green),Green Ginger,Local,18000,18000,18000,02/09/2026
Tamil Nadu,The Nilgiris,Gudalur(Uzhavar Sandhai ),Ginger(Green),Green Ginger,Local,15000,16000,15500,02/09/2026
Tamil Nadu,Thiruvannamalai,Arani(Uzhavar Sandhai ),Ginger(Green),Green Ginger,Local,17000,20000,18500,02/09/2026
Tamil Nadu,Thiruvannamalai,Tiruvannamalai(Uzhavar Sandhai ),Ginger(Green),Green Ginger,Local,16000,18000,17000,02/09/2026
Tamil Nadu,Thiruvarur,Mannargudi I(Uzhavar Sandhai ),Ginger(Green),Green Ginger,Local,10000,18000,14000,02/09/2026
Tamil Nadu,Vellore,Perampet(Uzhavar Sandhai),Ginger(Green),Green Ginger,Local,18000,18000,18000,02/09/2026
Tamil Nadu,Karur,Kulithalai(Uzhavar Sandhai ),Ginger(Green),Green Ginger,Local,16500,17000,16750,02/09/2026
Tamil Nadu,Dharmapuri,Pennagaram(Uzhavar Sandhai ),Ginger(Green),Green Ginger,Local,21000,22000,21500,02/09/2026
Tamil Nadu,Salem,Elampillai(Uzhavar Sandhai ),Ginger(Green),Green Ginger,Local,16000,17000,16500,02/09/2026
Tamil Nadu,Thanjavur,Pattukottai(Uzhavar Sandhai ),Ginger(Green),Green Ginger,Local,12000,12000,12000,02/09/2026
Tamil Nadu,Virudhunagar,Rajapalayam(Uzhavar Sandhai ),Ginger(Green),Green Ginger,Local,17000,18000,17500,02/09/2026
Tamil Nadu,Virudhunagar,Sivakasi(Uzhavar Sandhai ),Ginger(Green),Green Ginger,Local,16000,18000,17000,02/09/2026
Tamil Nadu,Virudhunagar,Thalavaipuram(Uzhavar Sandhai ),Ginger(Green),Green Ginger,Local,10000,12000,11000,02/09/2026
Tamil Nadu,Krishnagiri,Avallapalli(Uzhavar Sandhai ),Ginger(Green),Green Ginger,Local,14000,15000,14500,02/09/2026
Tamil Nadu,Dharmapuri,Karimangalam(Uzhavar Sandhai),Ginger(Green),Green Ginger,Local,19000,20000,19500,02/09/2026
Tamil Nadu,Krishnagiri,Denkanikottai(Uzhavar Sandhai ),Ginger(Green),Green Ginger,Local,12000,15000,13500,02/09/2026
Tamil Nadu,Madurai,Anaiyur(Uzhavar Sandhai ),Ginger(Green),Green Ginger,Local,12000,18000,15000,02/09/2026
Tamil Nadu,Madurai,Anna nagar(Uzhavar Sandhai ),Ginger(Green),Green Ginger,Local,17000,17000,17000,02/09/2026
Tamil Nadu,Perambalur,Perambalur(Uzhavar Sandhai ),Ginger(Green),Green Ginger,Local,14000,16000,15000,02/09/2026
Tamil Nadu,Thiruchirappalli,Thuraiyur APMC,Ginger(Green),Green Ginger,Local,17500,17500,17500,02/09/2026
Tamil Nadu,Theni,Chinnamanur(Uzhavar Sandhai ),Ginger(Green),Green Ginger,Local,8000,14500,11250,02/09/2026
Tamil Nadu,Theni,Kambam(Uzhavar Sandhai ),Ginger(Green),Green Ginger,Local,9000,15000,12000,02/09/2026
Tamil Nadu,Coimbatore,Sulur(Uzhavar Sandhai ),Ginger(Green),Green Ginger,Local,16000,17000,16500,02/09/2026
Tamil Nadu,Karur,Velayuthampalayam(Uzhavar Sandhai ),Ginger(Green),Green Ginger,Local,16000,18000,17000,02/09/2026
Tamil Nadu,Coimbatore,Vadavalli(Uzhavar Sandhai ),Ginger(Green),Green Ginger,Local,11000,15500,13250,02/09/2026
Tamil Nadu,Chengalpattu,Guduvancheri(Uzhavar Sandhai ),Ginger(Green),Green Ginger,Local,22000,28000,25000,02/09/2026
Tamil Nadu,Thirupathur,Vaniyampadi(Uzhavar Sandhai ),Ginger(Green),Green Ginger,Local,20000,20000,20000,02/09/2026
Tamil Nadu,Salem,Athur(Uzhavar Sandhai ),Ginger(Green),Green Ginger,Local,16000,17000,16500,02/09/2026
Tamil Nadu,Coimbatore,Singanallur(Uzhavar Sandhai ),Ginger(Green),Green Ginger,Local,15000,17000,16000,02/09/2026
Tamil Nadu,Coimbatore,Pollachi(Uzhavar Sandhai ),Ginger(Green),Green Ginger,Local,20000,22000,21000,02/09/2026
Tamil Nadu,The Nilgiris,Coonoor(Uzhavar Sandhai ),Ginger(Green),Green Ginger,Local,15000,16000,15500,02/09/2026
Tamil Nadu,Thirupur,Dharapuram(Uzhavar Sandhai ),Ginger(Green),Green Ginger,Local,15000,16000,15500,02/09/2026
Tamil Nadu,Erode,Sampath Nagar(Uzhavar Sandhai ),Ginger(Green),Green Ginger,Local,14500,15000,14750,02/09/2026
Tamil Nadu,Tuticorin,Kovilpatti(Uzhavar Sandhai ),Ginger(Green),Green Ginger,Local,16000,17000,16500,02/09/2026
Tamil Nadu,Pudukkottai,Pudukottai(Uzhavar Sandhai ),Ginger(Green),Green Ginger,Local,26000,28000,27000,02/09/2026
Tamil Nadu,Thanjavur,Kumbakonam (Uzhavar Sandhai ),Ginger(Green),Green Ginger,Local,9600,21600,15600,02/09/2026
Tamil Nadu,Theni,Andipatti(Uzhavar Sandhai ),Ginger(Green),Green Ginger,Local,14000,14000,14000,02/09/2026
Tamil Nadu,Virudhunagar,Aruppukottai(Uzhavar Sandhai ),Ginger(Green),Green Ginger,Local,18000,20000,19000,02/09/2026
Tamil Nadu,Thiruvellore,Tiruthani(Uzhavar Sandhai ),Ginger(Green),Green Ginger,Local,10000,10000,10000,02/09/2026
Tamil Nadu,Thirupur,Tiruppur (South) (Uzhavar Sandhai ),Ginger(Green),Green Ginger,Local,13000,15000,14000,02/09/2026
Tamil Nadu,Dharmapuri,Palacode(Uzhavar Sandhai ),Ginger(Green),Green Ginger,Local,21500,22000,21750,02/09/2026
Tamil Nadu,Krishnagiri,Hosur(Uzhavar Sandhai ),Ginger(Green),Green Ginger,Local,7000,15000,11000,02/09/2026
Tamil Nadu,Namakkal,Mohanur(Uzhavar Sandhai ),Ginger(Green),Green Ginger,Local,21000,22000,21500,02/09/2026
Tamil Nadu,Salem,Thammampatti (Uzhavar Sandhai ),Ginger(Green),Green Ginger,Local,16000,17000,16500,02/09/2026
Tamil Nadu,Theni,Theni(Uzhavar Sandhai ),Ginger(Green),Green Ginger,Local,8000,14000,11000,02/09/2026
Tamil Nadu,Thirunelveli,Melapalayam(Uzhavar Sandhai ),Ginger(Green),Green Ginger,Local,15000,16000,15500,02/09/2026
Tamil Nadu,Thirunelveli,Palayamkottai(Uzhavar Sandhai ),Ginger(Green),Green Ginger,Local,15000,16000,15500,02/09/2026
Tamil Nadu,Thiruvannamalai,Chengam(Uzhavar Sandhai ),Ginger(Green),Green Ginger,Local,16000,20000,18000,02/09/2026
Tamil Nadu,Thiruchirappalli,KKNagar(Uzhavar Sandhai ),Ginger(Green),Green Ginger,Local,17600,17600,17600,02/09/2026
Tamil Nadu,Thiruchirappalli,Lalgudi(Uzhavar Sandhai ),Ginger(Green),Green Ginger,Local,17000,17000,17000,02/09/2026
Tamil Nadu,Thiruchirappalli,Manachanallur(Uzhavar Sandhai ),Ginger(Green),Green Ginger,Local,17000,17000,17000,02/09/2026
Tamil Nadu,Thiruchirappalli,Musiri(Uzhavar Sandhai ),Ginger(Green),Green Ginger,Local,15000,16000,15500,02/09/2026
Tamil Nadu,Chengalpattu,Chengalpet(Uzhavar Sandhai ),Ginger(Green),Green Ginger,Local,15000,17000,16000,02/09/2026
Tamil Nadu,Chengalpattu,Madhuranthagam(Uzhavar Sandhai ),Ginger(Green),Green Ginger,Local,12000,12000,12000,02/09/2026
Tamil Nadu,Villupuram,Ulundurpettai APMC,Ginger(Green),Green Ginger,Local,11000,11000,11000,02/09/2026
Madhya Pradesh,Dewas,Hatpiplya(F&V) APMC,Ginger(Green),Green Ginger,Local,3000,4500,3800,02/09/2026
Madhya Pradesh,Seoni,Seoni(F&V) APMC,Ginger(Green),Green Ginger,Grade C,5700,5700,5700,02/09/2026
Madhya Pradesh,Shivpuri,Shivpuri(F&V) APMC,Ginger(Green),Green Ginger,Grade B,4500,4500,4500,02/09/2026
Madhya Pradesh,Narsinghpur,Gadarwara(F&V) APMC,Ginger(Dry),Dry,Grade Range-2,10000,10000,10000,02/09/2026
Madhya Pradesh,Khandwa,Badwah(F&V) APMC,Ginger(Green),Green Ginger,Grade A,5600,8000,6400,02/09/2026
Madhya Pradesh,Sehore,Sehore(F&V) APMC,Ginger(Green),Green Ginger,Grade Range-1,14000,16000,15000,02/09/2026
Madhya Pradesh,Ujjain,Ujjain(F&V) APMC,Ginger(Green),Green Ginger,Medium,655,3470,1817,02/09/2026
Madhya Pradesh,Indore,Indore(F&V) APMC,Ginger(Green),Green Ginger,Local,4000,14000,8000,02/09/2026
Maharashtra,Chattrapati Sambhajinagar,Chattrapati Sambhajinagar APMC,Ginger(Green),Other,Local,5500,16500,11000,02/09/2026
Maharashtra,Ratnagiri,Ratnagiri (Nachane) APMC,Ginger(Green),Other,Local,10000,15000,12000,02/09/2026
Maharashtra,Nagpur,HINGNA - APMC,Ginger(Green),Other,Local,7000,15000,11000,02/09/2026
Maharashtra,Ahilyanagar,Shrirampur APMC,Ginger(Green),Other,Local,4000,10000,7000,02/09/2026
Maharashtra,Pune,Khed(Chakan) APMC,Ginger(Green),Other,Local,7000,12000,9000,02/09/2026
Maharashtra,Satara,Vai APMC,Ginger(Green),Other,Local,8000,10000,9000,02/09/2026
Maharashtra,Satara,Vaduj APMC,Ginger(Green),Other,Local,8000,12000,10000,02/09/2026
Maharashtra,Chandrapur,Chandrapur(Ganjwad) APMC,Ginger(Green),Other,Local,9000,12000,10000,02/09/2026
Maharashtra,Solapur,Akluj APMC,Ginger(Green),Other,Local,11000,13000,12000,02/09/2026
Maharashtra,Mumbai,Mumbai APMC,Ginger(Green),Other,Local,6000,16000,11000,02/09/2026
Maharashtra,Kolhapur,Vadgaonpeth APMC,Ginger(Green),Other,Local,10000,13000,12000,02/09/2026
Maharashtra,Amarawati,Amrawati(Frui & Veg. Market) APMC,Ginger(Green),Other,Local,8000,16000,12000,02/09/2026
Maharashtra,Nagpur,Kamthi APMC,Ginger(Green),Other,Local,7000,8000,7650,02/09/2026
Maharashtra,Jalgaon,Jalgaon APMC,Ginger(Green),Other,Local,6000,13000,9500,02/09/2026
Maharashtra,Ahilyanagar,Rahata APMC,Ginger(Green),Other,Local,6000,13000,9500,02/09/2026
Maharashtra,Satara,Patan APMC,Ginger(Green),Other,Local,1500,2500,2000,02/09/2026
Maharashtra,Satara,Satara APMC,Ginger(Green),Other,Local,5000,12000,6500,02/09/2026
Maharashtra,Nagpur,Nagpur APMC,Ginger(Green),Other,Local,2000,10000,8000,02/09/2026
Uttar Pradesh,Saharanpur,Saharanpur APMC,Ginger(Green),Other,FAQ,4000,5200,4663.16,02/09/2026
Uttar Pradesh,Balrampur,Balrampur APMC,Ginger(Green),Other,FAQ,2000,2000,2000,02/09/2026
Uttar Pradesh,Saharanpur,CHHUTMALPUR APMC,Ginger(Green),Other,FAQ,3100,3100,3100,02/09/2026
Uttar Pradesh,Jhansi,Baruwasagar APMC,Ginger(Green),Other,FAQ,8000,8000,8000,02/09/2026
Uttar Pradesh,Etah,Etah APMC,Ginger(Green),Other,FAQ,8000,8000,8000,02/09/2026
Uttar Pradesh,Aligarh,Khair APMC,Ginger(Green),Other,FAQ,8000,8000,8000,02/09/2026
Uttar Pradesh,Baghpat,Baraut APMC,Ginger(Green),Other,FAQ,6000,6000,6000,02/09/2026
Uttar Pradesh,Badaun,Badayoun APMC,Ginger(Green),Other,FAQ,7000,7000,7000,02/09/2026
Uttar Pradesh,Meerut,Mawana APMC,Ginger(Green),Other,FAQ,7000,7000,7000,02/09/2026
Uttar Pradesh,Ghaziabad,Ghaziabad APMC,Ginger(Green),Other,FAQ,7000,8000,7367.35,02/09/2026
Uttar Pradesh,Jaunpur,Jaunpur APMC,Ginger(Green),Other,FAQ,5000,5000,5000,02/09/2026
Uttar Pradesh,Bulandshahar,Khurja APMC,Ginger(Green),Other,FAQ,5500,5500,5500,02/09/2026
Uttar Pradesh,Mathura,Mathura APMC,Ginger(Green),Other,FAQ,12000,12000,12000,02/09/2026
Uttar Pradesh,Gonda,Nawabganj APMC,Ginger(Green),Other,FAQ,8000,8000,8000,02/09/2026
Uttar Pradesh,Kanpur,Kanpur(Grain) APMC,Ginger(Green),Other,FAQ,6000,6000,6000,02/09/2026
Uttar Pradesh,Varanasi,Varanasi APMC,Ginger(Green),Other,FAQ,4000,4000,4000,02/09/2026
Uttar Pradesh,Barabanki,Barabanki APMC,Ginger(Green),Other,FAQ,4000,4000,4000,02/09/2026
Uttar Pradesh,Sambhal,Chandausi APMC,Ginger(Green),Other,FAQ,5050,5200,5121.36,02/09/2026
Uttar Pradesh,Shamli,Shamli APMC,Ginger(Green),Other,FAQ,7000,7000,7000,02/09/2026
Rajasthan,Ganganagar,Sriganganagar (F&V) APMC,Ginger(Green),Green Ginger,Grade B,7300,7700,7500,02/09/2026
Rajasthan,Jaipur,Jaipur (F&V) APMC,Ginger(Dry),Dry,FAQ,6000,15000,10500,02/09/2026
Rajasthan,Jodhpur,Jodhpur (F&V) APMC,Ginger(Green),Other,Medium,4000,6000,5000,02/09/2026
Karnataka,Hassan,Arasikere APMC,Ginger(Green),Green Ginger,Medium,1350,1350,1350,02/09/2026
Karnataka,Mysuru,Periyapatna APMC,Ginger(Green),Green Ginger,Medium,1400,1600,1600,02/09/2026
Karnataka,Bengaluru South,Ramanagara APMC,Ginger(Green),Green Ginger,Local,5000,11400,8500,02/09/2026
Karnataka,Kolar,Bangarpet APMC,Ginger(Green),Green Ginger,Local,7000,8000,7500,02/09/2026
Karnataka,Mysuru,Santhesargur APMC,Ginger(Green),Green Ginger,Small,2300,2300,2300,02/09/2026
Karnataka,Mysuru,Mysuru APMC,Ginger(Green),Green Ginger,Medium,6000,11000,11000,02/09/2026
Karnataka,Bengaluru,Bengaluru APMC,Ginger(Green),Green Ginger,Medium,4000,11000,9000,02/09/2026
Gujarat,Anand,"Anand(Veg,Yard,Anand) APMC",Ginger(Green),Green Ginger,Grade B,11000,13000,12000,02/09/2026
Gujarat,Rajkot,Rajkot(Veg.Sub Yard) APMC,Ginger(Green),Green Ginger,FAQ,7105,15130,11115,02/09/2026
Gujarat,Surat,Surat APMC,Ginger(Green),Green Ginger,FAQ,6000,15500,10750,02/09/2026
Gujarat,Bharuch,Ankleshwar APMC,Ginger(Green),Green Ginger,Grade A,6000,10000,8000,02/09/2026
Gujarat,Amreli,Damnagar APMC,Ginger(Green),Green Ginger,Local,8000,8000,8000,02/09/2026
Gujarat,Kheda,Nadiyad(Piplag) APMC,Ginger(Green),Green Ginger,FAQ,5000,6000,5500,02/09/2026
Gujarat,Vadodara(Baroda),Padra APMC,Ginger(Green),Other,FAQ,8000,10000,9000,02/09/2026
Gujarat,Porbandar,Porbandar APMC,Ginger(Green),Green Ginger,FAQ,8000,10000,9000,02/09/2026
Gujarat,Dahod,Dahod(Veg. Market) APMC,Ginger(Green),Green Ginger,Local,7000,16000,14000,02/09/2026
Gujarat,Banaskanth,Deesa(Deesa Veg Yard) APMC,Ginger(Green),Other,FAQ,5500,6500,6000,02/09/2026
Haryana,Mewat,Tauru APMC,Ginger(Green),Green Ginger,Medium,7000,7000,7000,02/09/2026
Haryana,Jhajar,Bahadurgarh APMC,Ginger(Green),Other,Medium,6000,8000,7000,02/09/2026
Haryana,Yamuna Nagar,Jagadhri APMC,Ginger(Green),Green Ginger,Medium,5200,7000,6000,02/09/2026
Haryana,Hissar,Barwala(Hisar) APMC,Ginger(Green),Other,Local,14000,15000,14500,02/09/2026
Haryana,Mahendragarh-Narnaul,Narnaul APMC,Ginger(Green),Green Ginger,Medium,6000,8000,7000,02/09/2026
Haryana,Hissar,Hansi APMC,Ginger(Dry),Other,FAQ,8000,10000,9000,02/09/2026
Haryana,Ambala,Naraingarh APMC,Ginger(Green),Green Ginger,Medium,3000,6000,4500,02/09/2026
Haryana,Kurukshetra,Thanesar APMC,Ginger(Green),Green Ginger,Medium,5500,6500,6000,02/09/2026
Haryana,Kurukshetra,Shahabad APMC,Ginger(Dry),Vegitable-fresh,Local,7000,7500,7200,02/09/2026
Haryana,Sonipat,Ganaur APMC,Ginger(Green),Green Ginger,Medium,6000,8000,7000,02/09/2026
Haryana,Yamuna Nagar,Radaur APMC,Ginger(Green),Other,Medium,5200,6000,5500,02/09/2026
Haryana,Panipat,Samalkha APMC,Ginger(Green),Other,FAQ,9000,9000,9000,02/09/2026
Haryana,Mahendragarh-Narnaul,Mohindergarh APMC,Ginger(Green),Green Ginger,Medium,4000,5000,5000,02/09/2026
Punjab,Muktsar,Malout APMC,Ginger(Green),Green Ginger,Grade A,6400,6400,6400,02/09/2026
Punjab,Ferozpur,Zira APMC,Ginger(Green),Other,Local,8500,8500,8500,02/09/2026
Punjab,Ludhiana,Doraha APMC,Ginger(Green),Green Ginger,Local,5000,8000,7000,02/09/2026
Punjab,Fatehgarh,Sirhind APMC,Ginger(Green),Other,FAQ,4100,7000,6000,02/09/2026
Punjab,Patiala,Nabha APMC,Ginger(Green),Other,Grade C,4500,7000,5600,02/09/2026
Punjab,Ropar (Rupnagar),Ropar APMC,Ginger(Green),Green Ginger,Medium,9000,9500,9200,02/09/2026
Punjab,Jalandhar,Jalandhar City(Jalandhar) APMC,Ginger(Green),Green Ginger,FAQ,4000,6000,5000,02/09/2026
Punjab,Muktsar,Muktsar APMC,Ginger(Green),Green Ginger,Medium,5000,7000,6000,02/09/2026
Punjab,Ludhiana,Samrala APMC,Ginger(Green),Other,Local,8000,9000,8500,02/09/2026
Punjab,Hoshiarpur,Dasuya APMC,Ginger(Green),Other,FAQ,10000,10000,10000,02/09/2026
Punjab,Hoshiarpur,Tanda Urmur APMC,Ginger(Green),Other,Grade A,11000,13000,12000,02/09/2026
Punjab,Jalandhar,Adampur APMC,Ginger(Green),Green Ginger,FAQ,7000,8000,8000,02/09/2026
Punjab,Ludhiana,Jagraon APMC,Ginger(Green),Other,FAQ,5200,5200,5200,02/09/2026
Punjab,Nawanshahr,Balachaur APMC,Ginger(Green),Other,Medium,6000,7000,6500,02/09/2026
Punjab,Ropar (Rupnagar),Chamkaur Sahib APMC,Ginger(Green),Green Ginger,Medium,15000,15000,15000,02/09/2026
Punjab,Ludhiana,Ludhiana APMC,Ginger(Green),Other,FAQ,4000,5000,4500,02/09/2026
Punjab,Hoshiarpur,Garh Shankar(Mahalpur) APMC,Ginger(Green),Green Ginger,FAQ,8500,8500,8500,02/09/2026
Punjab,Fazilka,Fazilka APMC,Ginger(Green),Other,FAQ,20000,20000,20000,02/09/2026
Punjab,Ludhiana,Khanna APMC,Ginger(Green),Green Ginger,Grade A,5000,5000,5000,02/09/2026
Punjab,Patiala,Patran APMC,Ginger(Green),Other,Grade A,8000,8000,8000,02/09/2026
Punjab,Sangrur,Malerkotla APMC,Ginger(Green),Green Ginger,Local,4000,6000,5000,02/09/2026
Punjab,Hoshiarpur,Garh Shankar APMC,Ginger(Dry),Vegitable-fresh,FAQ,6500,6500,6500,02/09/2026
Andhra Pradesh,Alluri Sitharama Raju,Araku Valley APMC,Ginger(Dry),Ginger-Organic,Grade Range-1,12000,13000,12500,02/09/2026
West Bengal,Hooghly,Sheoraphuly APMC,Ginger(Dry),Other,FAQ,13000,15000,14200,02/09/2026
West Bengal,Malda,English Bazar APMC,Ginger(Dry),Other,FAQ,13000,15000,14000,02/09/2026
West Bengal,Darjeeling,Siliguri APMC,Ginger(Green),Green Ginger,FAQ,10000,11000,10500,02/09/2026
West Bengal,Medinipur(W),Medinipur(West) APMC,Ginger(Dry),Dry,FAQ,15000,16000,15500,02/09/2026
West Bengal,Paschim Bardhaman,Asansol APMC,Ginger(Green),Other,FAQ,11500,12500,12050,02/09/2026
West Bengal,Birbhum,Bolpur APMC,Ginger(Dry),Big/Thick,FAQ,11800,12000,11900,02/09/2026
West Bengal,Darjeeling,Darjeeling APMC,Ginger(Green),Other,FAQ,8600,8800,8700,02/09/2026
Odisha,Jharsuguda,Jharsuguda APMC,Ginger(Green),Other,Grade A,15000,16000,16000,02/09/2026
Telangana,Hyderabad,Mahboob Manison APMC,Ginger(Green),Other,Medium,4600,9000,7000,02/09/2026
Uttarakhand,Udhamsinghnagar,Rudrapur APMC,Ginger(Green),Other,Medium,5000,6000,5500,02/09/2026
Uttarakhand,Dehradoon,Chakrata APMC,Ginger(Green),Other,FAQ,4000,5000,4500,02/09/2026
Uttarakhand,Udhamsinghnagar,Kashipur APMC,Ginger(Green),Other,Local,4500,4600,4550,02/09/2026
Himachal Pradesh,Kullu,PMY Kullu,Ginger(Green),Other,FAQ,9500,10000,9800,02/09/2026
Himachal Pradesh,Shimla,SMY Rohroo,Ginger(Green),Green Ginger,Grade B,8000,9000,8500,02/09/2026
Himachal Pradesh,Sirmore,PMY Paonta Sahib,Ginger(Green),Green Ginger,FAQ,5000,10000,8000,02/09/2026
Himachal Pradesh,Hamirpur,PMY Hamirpur,Ginger(Green),Other,Grade B,11000,14000,12500,02/09/2026
Himachal Pradesh,Sirmore,SMY Nahan,Ginger(Green),Other,FAQ,8000,10000,9000,02/09/2026
Himachal Pradesh,Kangra,SMY Palampur,Ginger(Green),Green Ginger,FAQ,14000,15000,14500,02/09/2026
Himachal Pradesh,Solan,PMY Kather Solan,Ginger(Green),Other,Grade B,4000,10000,7000,02/09/2026
Himachal Pradesh,Kangra,PMY Kangra,Ginger(Green),Green Ginger,FAQ,12000,13000,13000,02/09/2026
Himachal Pradesh,Kangra,SMY Dharamshala,Ginger(Green),Green Ginger,FAQ,10000,12500,11250,02/09/2026
Himachal Pradesh,Una,PMY Una,Ginger(Green),Green Ginger,FAQ,9000,10000,9500,02/09/2026
Himachal Pradesh,Kullu,SMY Bhuntar,Ginger(Green),Other,FAQ,10000,18000,14000,02/09/2026
Assam,Kamrup,Pamohi(Garchuk) APMC,Ginger(Green),Green Ginger,FAQ,11000,13000,12000,02/09/2026
Assam,Karimganj,Santar Bazaar APMC,Ginger(Green),Green Ginger,FAQ,10000,12000,11000,02/09/2026
Assam,Tinsukia,Tinsukia Market,Ginger(Green),Green Ginger,FAQ,7000,14000,9000,02/09/2026
Assam,Darrang,Balugaon APMC,Ginger(Green),Green Ginger,Local,9200,10000,9600,02/09/2026
Assam,Darrang,Besimari APMC,Ginger(Green),Green Ginger,Local,9000,10000,9500,02/09/2026
Tamil Nadu,Dharmapuri,Pennagaram(Uzhavar Sandhai ),Brinjal,Round,Local,3300,3500,3400,02/09/2026
Tamil Nadu,Krishnagiri,Denkanikottai(Uzhavar Sandhai ),Brinjal,Round,Local,2500,3000,2750,02/09/2026
Tamil Nadu,Madurai,Palanganatham(Uzhavar Sandhai ),Brinjal,Other,Local,3600,4000,3800,02/09/2026
Tamil Nadu,Ranipet,Arcot(Uzhavar Sandhai ),Brinjal,Other,Local,5000,5000,5000,02/09/2026
Tamil Nadu,Salem,Thathakapatti(Uzhavar Sandhai ),Brinjal,Round,Local,3600,4000,3800,02/09/2026
Tamil Nadu,Thirunelveli,Ambasamudram(Uzhavar Sandhai ),Brinjal,Round,Local,3300,4000,3650,02/09/2026
Tamil Nadu,Thiruvannamalai,Keelpennathur(Uzhavar Sandhai ),Brinjal,Round,Local,3500,4000,3750,02/09/2026
Tamil Nadu,Thiruvannamalai,Tamarainagar(Uzhavar Sandhai ),Brinjal,Round,Local,6000,6800,6400,02/09/2026
Tamil Nadu,Thiruvarur,Muthupettai(Uzhavar Sandhai ),Brinjal,Round,Local,4000,4000,4000,02/09/2026
Tamil Nadu,Pudukkottai,Gandarvakottai(Uzhavar Sandhai ),Brinjal,Round,Local,6500,7000,6750,02/09/2026
Tamil Nadu,Karur,Velayuthampalayam(Uzhavar Sandhai ),Brinjal,Other,Local,3200,4000,3600,02/09/2026
Tamil Nadu,Sivaganga,Sivagangai (Uzhavar Sandhai ),Brinjal,Other,Local,3800,4200,4000,02/09/2026
Tamil Nadu,Salem,Hasthampatti(Uzhavar Sandhai ),Brinjal,Round,Local,2800,3000,2900,02/09/2026
Tamil Nadu,Salem,Jalagandapuram(Uzhavar Sandhai ),Brinjal,Other,Local,3200,3500,3350,02/09/2026
Tamil Nadu,Sivaganga,Singampunari(Uzhavar Sandhai ),Brinjal,Other,Local,3800,4200,4000,02/09/2026
Tamil Nadu,Sivaganga,Karaikudi(Uzhavar Sandhai ),Brinjal,Other,Local,4000,4500,4250,02/09/2026
Tamil Nadu,Thanjavur,Thanjavur(Uzhavar Sandhai ),Brinjal,Round,Local,4600,4600,4600,02/09/2026
Tamil Nadu,Virudhunagar,Rajapalayam(Uzhavar Sandhai ),Brinjal,Round,Local,3500,4000,3750,02/09/2026
Tamil Nadu,Chengalpattu,Chengalpet(Uzhavar Sandhai ),Brinjal,Other,Local,4500,5000,4750,02/09/2026
Tamil Nadu,Chengalpattu,Madhuranthagam(Uzhavar Sandhai ),Brinjal,Round,Local,5000,5000,5000,02/09/2026
Tamil Nadu,Nagercoil (Kannyiakumari),Myladi(Uzhavar Sandhai ),Brinjal,Round,Local,5500,6000,5750,02/09/2026
Tamil Nadu,Cuddalore,Viruthachalam(Uzhavar Sandhai ),Brinjal,Round,Local,4000,6000,5000,02/09/2026
Tamil Nadu,Thiruvellore,Tiruthani(Uzhavar Sandhai ),Brinjal,Round,Local,4000,4000,4000,02/09/2026
Tamil Nadu,Madurai,Melur(Uzhavar Sandhai ),Brinjal,Round,Local,3000,3600,3300,02/09/2026
Tamil Nadu,Karur,Gandhigramam(Uzhavar Sandhai),Brinjal,Other,Local,3500,4000,3750,02/09/2026
Tamil Nadu,Pudukkottai,Aranthangi(Uzhavar Sandhai ),Brinjal,Other,Local,5000,6000,5500,02/09/2026
Tamil Nadu,Nagapattinam,Vedaranyam(Uzhavar Sandhai),Brinjal,Round,Local,4200,4500,4350,02/09/2026
Tamil Nadu,Thirupathur,Vaniyampadi(Uzhavar Sandhai ),Brinjal,Round,Local,4000,4000,4000,02/09/2026
Tamil Nadu,Thirupathur,Natrampalli(Uzhavar Sandhai ),Brinjal,Round,Local,4000,5000,4500,02/09/2026
Tamil Nadu,Erode,Gobichettipalayam(Uzhavar Sandhai ),Brinjal,Round,Local,4400,4800,4600,02/09/2026
Tamil Nadu,Thiruvellore,Naravarikuppam(Uzhavar Sandhai ),Brinjal,Round,Local,4000,4000,4000,02/09/2026
Tamil Nadu,Thiruvannamalai,Cheyyar(Uzhavar Sandhai ),Brinjal,Other,Local,3000,3500,3250,02/09/2026
Tamil Nadu,Coimbatore,Sundarapuram(Uzhavar Sandhai ),Brinjal,Other,Local,4000,4500,4250,02/09/2026
Tamil Nadu,Karur,Karur(Uzhavar Sandhai ),Brinjal,Other,Local,4000,5000,4500,02/09/2026
Tamil Nadu,Tuticorin,Tuticorin(Uzhavar Sandhai ),Brinjal,Round,Local,3000,3500,3250,02/09/2026
Tamil Nadu,Vellore,Thirupathur APMC,Brinjal,Round,Local,3500,3500,3500,02/09/2026
Tamil Nadu,Dharmapuri,Harur(Uzhavar Sandhai ),Brinjal,Round,Local,2500,3000,2750,02/09/2026
Tamil Nadu,Thirupur,Tiruppur (South) (Uzhavar Sandhai ),Brinjal,Other,Local,4500,6000,5250,02/09/2026
Tamil Nadu,Kancheepuram,Sunguvarchatram(Uzhavar Sandhai ),Brinjal,Other,Local,3500,4000,3750,02/09/2026
Tamil Nadu,Krishnagiri,Avallapalli(Uzhavar Sandhai ),Brinjal,Round,Local,2500,3000,2750,02/09/2026
Tamil Nadu,Dharmapuri,Karimangalam(Uzhavar Sandhai),Brinjal,Other,Local,2800,3000,2900,02/09/2026
Tamil Nadu,Krishnagiri,Hosur(Uzhavar Sandhai ),Brinjal,Round,Local,2500,3000,2750,02/09/2026
Tamil Nadu,Madurai,Anna nagar(Uzhavar Sandhai ),Brinjal,Other,Local,3000,3600,3300,02/09/2026
Tamil Nadu,Salem,Ammapet(Uzhavar Sandhai ),Brinjal,Other,Local,2600,3000,2800,02/09/2026
Tamil Nadu,Salem,Sooramangalam(Uzhavar Sandhai ),Brinjal,Round,Local,2800,3200,3000,02/09/2026
Tamil Nadu,Thiruchirappalli,Thuraiyur APMC,Brinjal,Other,Local,3500,3500,3500,02/09/2026
Tamil Nadu,Theni,Theni(Uzhavar Sandhai ),Brinjal,Other,Local,3000,3400,3200,02/09/2026
Tamil Nadu,Thirupur,Kangayam(Uzhavar Sandhai ),Brinjal,Round,Local,6200,6500,6350,02/09/2026
Tamil Nadu,Thiruchirappalli,Manapparai(Uzhavar Sandhai ),Brinjal,Other,Local,3000,3000,3000,02/09/2026
Tamil Nadu,Thiruchirappalli,Musiri(Uzhavar Sandhai ),Brinjal,Round,Local,4500,5000,4750,02/09/2026
Tamil Nadu,Thiruchirappalli,Thiruverumbur(Uzhavar Sandhai ),Brinjal,Other,Local,4600,4600,4600,02/09/2026
Tamil Nadu,Chengalpattu,Medavakkam(Uzhavar Sandhai ),Brinjal,Round,Local,4000,4000,4000,02/09/2026
Tamil Nadu,Villupuram,Ulundurpettai APMC,Brinjal,Round,Local,5000,5000,5000,02/09/2026
Tamil Nadu,Tenkasi,Tenkasi(Uzhavar Sandhai ),Brinjal,Other,Local,4000,4000,4000,02/09/2026
Tamil Nadu,The Nilgiris,Udhagamandalam(Uzhavar Sandhai ),Brinjal,Other,Local,3000,3400,3200,02/09/2026
Tamil Nadu,Theni,Bodinayakanur(Uzhavar Sandhai ),Brinjal,Round,Local,3600,3600,3600,02/09/2026
Tamil Nadu,Thiruvarur,Needamangalam(Uzhavar Sandhai ),Brinjal,Round,Local,4000,4000,4000,02/09/2026
Tamil Nadu,Thiruvarur,Tiruvarur(Uzhavar Sandhai ),Brinjal,Round,Local,4000,4000,4000,02/09/2026
Tamil Nadu,Villupuram,Gingee(Uzhavar Sandhai ),Brinjal,Round,Local,3500,3500,3500,02/09/2026
Tamil Nadu,Karur,Kulithalai(Uzhavar Sandhai ),Brinjal,Other,Local,3000,3600,3300,02/09/2026
Tamil Nadu,Thirupur,Palladam(Uzhavar Sandhai ),Brinjal,Other,Local,3500,4000,3750,02/09/2026
Tamil Nadu,Nagapattinam,Mayiladuthurai(Uzhavar Sandhai ),Brinjal,Round,Local,4500,5000,4750,02/09/2026
Tamil Nadu,Thiruvarur,Mannargudi I(Uzhavar Sandhai ),Brinjal,Round,Local,4200,4200,4200,02/09/2026
Tamil Nadu,Coimbatore,Mettupalayam(Uzhavar Sandhai ),Brinjal,Round,Local,3000,3500,3250,02/09/2026
Tamil Nadu,Coimbatore,Singanallur(Uzhavar Sandhai ),Brinjal,Other,Local,4000,4500,4250,02/09/2026
Tamil Nadu,Coimbatore,Pollachi(Uzhavar Sandhai ),Brinjal,Other,Local,4000,4500,4250,02/09/2026
Tamil Nadu,Cuddalore,Cuddalore(Uzhavar Sandhai ),Brinjal,Round,Local,5000,7000,6000,02/09/2026
Tamil Nadu,Pudukkottai,Karambakkudi(Uzhavar Sandhai ),Brinjal,Round,Local,5500,6000,5750,02/09/2026
Tamil Nadu,Krishnagiri,Kaveripattinam(Uzhavar Sandhai ),Brinjal,Round,Local,4000,5000,4500,02/09/2026
Tamil Nadu,Dharmapuri,Dharmapuri(Uzhavar Sandhai ),Brinjal,Round,Local,2200,2400,2300,02/09/2026
Tamil Nadu,Dindigul,Dindigul(Uzhavar Sandhai ),Brinjal,Other,Local,6000,6600,6300,02/09/2026
Tamil Nadu,Kancheepuram,Padappai(Uzhavar Sandhai ),Brinjal,Round,Local,2500,3500,3000,02/09/2026
Tamil Nadu,Namakkal,Kumarapalayam(Uzhavar Sandhai ),Brinjal,Other,Local,4500,5000,4750,02/09/2026
Tamil Nadu,Namakkal,Namakkal(Uzhavar Sandhai ),Brinjal,Other,Local,5500,6000,5750,02/09/2026
Tamil Nadu,Namakkal,Rasipuram(Uzhavar Sandhai ),Brinjal,Other,Local,5400,6200,5800,02/09/2026
Tamil Nadu,Ranipet,Ranipettai(Uzhavar Sandhai ),Brinjal,Other,Local,3000,4800,3900,02/09/2026
Tamil Nadu,Salem,Thammampatti (Uzhavar Sandhai ),Brinjal,Other,Local,3000,3500,3250,02/09/2026
Tamil Nadu,Thirunelveli,Kandiyaperi(Uzhavar Sandhai ),Brinjal,Other,Local,2500,3000,2750,02/09/2026
Tamil Nadu,Thirunelveli,Palayamkottai(Uzhavar Sandhai ),Brinjal,Other,Local,2500,3000,2750,02/09/2026
Tamil Nadu,Thiruvannamalai,Chengam(Uzhavar Sandhai ),Brinjal,Round,Local,3300,4000,3650,02/09/2026
Tamil Nadu,Thiruvannamalai,Vandavasi(Uzhavar Sandhai ),Brinjal,Other,Local,3000,3500,3250,02/09/2026
Tamil Nadu,Thanjavur,Peravurani(Uzhavar Sandhai),Brinjal,Round,Local,4500,4500,4500,02/09/2026
Tamil Nadu,Virudhunagar,Sivakasi(Uzhavar Sandhai ),Brinjal,Round,Local,3500,4000,3750,02/09/2026
Tamil Nadu,Virudhunagar,Thalavaipuram(Uzhavar Sandhai ),Brinjal,Round,Local,3500,4000,3750,02/09/2026
Tamil Nadu,Villupuram,Tindivanam APMC,Brinjal,Round,Local,3500,3500,3500,02/09/2026
Tamil Nadu,Tenkasi,Sankarankoil(Uzhavar Sandhai ),Brinjal,Round,Local,2500,3500,3000,02/09/2026
Tamil Nadu,Thanjavur,Kumbakonam (Uzhavar Sandhai ),Brinjal,Round,Local,4200,7200,5700,02/09/2026
Tamil Nadu,Theni,Andipatti(Uzhavar Sandhai ),Brinjal,Round,Local,3000,3400,3200,02/09/2026
Tamil Nadu,Virudhunagar,Kariyapatti(Uzhavar Sandhai ),Brinjal,Round,Local,4500,5000,4750,02/09/2026
Tamil Nadu,Thiruvellore,Tiruvallur(Uzhavar Sandhai ),Brinjal,Round,Local,4000,4000,4000,02/09/2026
Tamil Nadu,Madurai,Thirumangalam(Uzhavar Sandhai ),Brinjal,Round,Local,3000,4000,3500,02/09/2026
Tamil Nadu,Salem,Vazhapadi(Uzhavar Sandhai),Brinjal,Other,Local,2800,2800,2800,02/09/2026
Tamil Nadu,Vellore,Perampet(Uzhavar Sandhai),Brinjal,Other,Local,3600,4000,3800,02/09/2026
Tamil Nadu,Thirupur,Dharapuram(Uzhavar Sandhai ),Brinjal,Round,Local,5500,6000,5750,02/09/2026
Tamil Nadu,Ramanathapuram,Kamuthi(Uzhavar Sandhai ),Brinjal,Round,Local,6500,7000,6750,02/09/2026
Tamil Nadu,Thiruvarur,Mannargudi II(Uzhavar Sandhai ),Brinjal,Round,Local,4200,4200,4200,02/09/2026
Tamil Nadu,Thiruvarur,Tiruthuraipoondi(Uzhavar Sandhai ),Brinjal,Round,Local,3800,3800,3800,02/09/2026
Tamil Nadu,Thiruvellore,Paruthipattu(Uzhavar Sandhai ),Brinjal,Round,Local,5000,5000,5000,02/09/2026
Tamil Nadu,Thiruvellore,Perambakkam(Uzhavar Sandhai ),Brinjal,Round,Local,4000,4000,4000,02/09/2026
Tamil Nadu,Vellore,Gudiyatham(Uzhavar Sandhai ),Brinjal,Other,Local,3600,3600,3600,02/09/2026
Tamil Nadu,Vellore,Kahithapattarai(Uzhavar Sandhai ),Brinjal,Other,Local,3000,3600,3300,02/09/2026
Tamil Nadu,Vellore,Vellore APMC,Brinjal,Round,Local,3500,4000,3750,02/09/2026
Tamil Nadu,The Nilgiris,Coonoor(Uzhavar Sandhai ),Brinjal,Other,Local,3200,3500,3350,02/09/2026
Tamil Nadu,The Nilgiris,Gudalur(Uzhavar Sandhai ),Brinjal,Round,Local,3000,3400,3200,02/09/2026
Tamil Nadu,Namakkal,Tiruchengode APMC,Brinjal,Other,Local,5400,6000,5700,02/09/2026
Tamil Nadu,Coimbatore,RSPuram(Uzhavar Sandhai ),Brinjal,Other,Local,2800,3400,3100,02/09/2026
Tamil Nadu,Coimbatore,Kurichi(Uzhavar Sandhai ),Brinjal,Other,Local,4500,5000,4750,02/09/2026
Tamil Nadu,Cuddalore,Chidambaram(Uzhavar Sandhai ),Brinjal,Round,Local,4000,5000,4500,02/09/2026
Tamil Nadu,Nagercoil (Kannyiakumari),Vadaseri APMC,Brinjal,Round,Local,6000,6500,6250,02/09/2026
Tamil Nadu,Chengalpattu,Guduvancheri(Uzhavar Sandhai ),Brinjal,Round,Local,4000,5000,4500,02/09/2026
Tamil Nadu,Salem,Athur(Uzhavar Sandhai ),Brinjal,Other,Local,2500,3000,2750,02/09/2026
Tamil Nadu,Coimbatore,Udumalpet APMC,Brinjal,Other,Local,4000,4500,4250,02/09/2026
Tamil Nadu,Vellore,Pallikonda(Uzhavar Sandhai),Brinjal,Round,Local,3500,4000,3750,02/09/2026
Tamil Nadu,Pudukkottai,Viralimalai(Uzhavar Sandhai ),Brinjal,Round,Local,5500,6000,5750,02/09/2026
Tamil Nadu,Ramanathapuram,Paramakudi(Uzhavar Sandhai ),Brinjal,Round,Local,6000,7000,6500,02/09/2026
Tamil Nadu,Ramanathapuram,Ramanathapuram(Uzhavar Sandhai ),Brinjal,Round,Local,7500,8000,7750,02/09/2026
Tamil Nadu,Villupuram,Villupuram(Uzhavar Sandhai ),Brinjal,Round,Local,4000,6000,5000,02/09/2026
Tamil Nadu,Thanjavur,Papanasam(Uzhavar Sandhai ),Brinjal,Round,Local,4200,7200,5700,02/09/2026
Tamil Nadu,Krishnagiri,Krishnagiri(Uzhavar Sandhai ),Brinjal,Round,Local,2600,3000,2800,02/09/2026
Tamil Nadu,Virudhunagar,Aruppukottai(Uzhavar Sandhai ),Brinjal,Round,Local,4000,5000,4500,02/09/2026
Tamil Nadu,Thiruvarur,Valangaiman APMC,Brinjal,Round,Local,4000,4000,4000,02/09/2026
Tamil Nadu,Salem,Elampillai(Uzhavar Sandhai ),Brinjal,Other,Local,2500,3000,2750,02/09/2026
Tamil Nadu,Thanjavur,Pattukottai(Uzhavar Sandhai ),Brinjal,Round,Local,3000,3800,3400,02/09/2026
Tamil Nadu,Thiruchirappalli,KKNagar(Uzhavar Sandhai ),Brinjal,Other,Local,3000,3600,3300,02/09/2026
Tamil Nadu,Thiruchirappalli,Lalgudi(Uzhavar Sandhai ),Brinjal,Other,Local,5000,5000,5000,02/09/2026
Tamil Nadu,Chengalpattu,Nanganallur(Uzhavar Sandhai ),Brinjal,Round,Local,3500,4000,3750,02/09/2026
Tamil Nadu,Chengalpattu,Pallavaram(Uzhavar Sandhai ),Brinjal,Round,Local,4000,5000,4500,02/09/2026
Tamil Nadu,Chengalpattu,Jameenrayapettai(Uzhavar Sandhai ),Brinjal,Round,Local,4000,5000,4500,02/09/2026
Tamil Nadu,Erode,Perundurai(Uzhavar Sandhai ),Brinjal,Round,Local,4000,4400,4200,02/09/2026
Tamil Nadu,Kancheepuram,Kundrathur(Uzhavar Sandhai ),Brinjal,Other,Local,3500,4000,3750,02/09/2026
Tamil Nadu,Madurai,Usilampatti(Uzhavar Sandhai ),Brinjal,Round,Local,3600,4000,3800,02/09/2026
Tamil Nadu,Nagapattinam,Sirkali(Uzhavar Sandhai ),Brinjal,Round,Local,5000,5500,5250,02/09/2026
Tamil Nadu,Namakkal,Paramathivelur(Uzhavar Sandhai ),Brinjal,Round,Local,5000,5500,5250,02/09/2026
Tamil Nadu,Thanjavur,Tirukattupalli(Uzhavar Sandhai ),Brinjal,Round,Local,4600,4600,4600,02/09/2026
Tamil Nadu,Salem,Mecheri(Uzhavar Sandhai),Brinjal,Other,Local,3600,3600,3600,02/09/2026
Tamil Nadu,Thirupur,Tiruppur (North) (Uzhavar Sandhai ),Brinjal,Other,Local,2500,3000,2750,02/09/2026
Tamil Nadu,Cuddalore,Vadalur(Uzhavar Sandhai ),Brinjal,Other,Local,3000,3000,3000,02/09/2026
Tamil Nadu,Dharmapuri,AJattihalli(Uzhavar Sandhai ),Brinjal,Other,Local,2000,2400,2200,02/09/2026
Tamil Nadu,Karur,Pallapatti (Uzhavar Sandhai ),Brinjal,Other,Local,5000,6000,5500,02/09/2026
Tamil Nadu,Theni,Devaram(Uzhavar Sandhai ),Brinjal,Round,Local,3000,3000,3000,02/09/2026
Tamil Nadu,Madurai,Chokkikulam(Uzhavar Sandhai ),Brinjal,Round,Local,3600,5000,4300,02/09/2026
Tamil Nadu,Dharmapuri,Palacode(Uzhavar Sandhai ),Brinjal,Other,Local,2800,3000,2900,02/09/2026
Tamil Nadu,Dindigul,Chinnalapatti(Uzhavar Sandhai ),Brinjal,Other,Local,6000,6600,6300,02/09/2026
Tamil Nadu,Dindigul,Palani(Uzhavar Sandhai ),Brinjal,Other,Local,4000,5000,4500,02/09/2026
Tamil Nadu,Erode,Periyar Nagar(Uzhavar Sandhai ),Brinjal,Other,Local,4000,4400,4200,02/09/2026
Tamil Nadu,Kallakuruchi,Sankarapuram(Uzhavar Sandhai ),Brinjal,Round,Local,5000,5000,5000,02/09/2026
Tamil Nadu,Kancheepuram,Kancheepuram(Uzhavar Sandhai ),Brinjal,Round,Local,2500,3500,3000,02/09/2026
Tamil Nadu,Madurai,Anaiyur(Uzhavar Sandhai ),Brinjal,Round,Local,3600,5000,4300,02/09/2026
Tamil Nadu,Namakkal,Mohanur(Uzhavar Sandhai ),Brinjal,Round,Local,5400,6000,5700,02/09/2026
Tamil Nadu,Perambalur,Perambalur(Uzhavar Sandhai ),Brinjal,Other,Local,4400,4800,4600,02/09/2026
Tamil Nadu,Salem,Mettur(Uzhavar Sandhai ),Brinjal,Other,Local,3000,3500,3250,02/09/2026
Tamil Nadu,Theni,Chinnamanur(Uzhavar Sandhai ),Brinjal,Other,Local,3600,3600,3600,02/09/2026
Tamil Nadu,Theni,Kambam(Uzhavar Sandhai ),Brinjal,Round,Local,2600,3000,2800,02/09/2026
Tamil Nadu,Thirunelveli,Melapalayam(Uzhavar Sandhai ),Brinjal,Other,Local,2500,3000,2750,02/09/2026
Tamil Nadu,Thirunelveli,NGO Colony(Uzhavar Sandhai ),Brinjal,Round,Local,3500,4000,3750,02/09/2026
Tamil Nadu,Coimbatore,Sulur(Uzhavar Sandhai ),Brinjal,Round,Local,4000,5000,4500,02/09/2026
Tamil Nadu,Cuddalore,Panruti(Uzhavar Sandhai ),Brinjal,Round,Local,4000,5000,4500,02/09/2026
Tamil Nadu,Karur,Vengamedu(Uzhavar Sandhai ),Brinjal,Other,Local,4000,5000,4500,02/09/2026
Tamil Nadu,Salem,Attayampatti(Uzhavar Sandhai ),Brinjal,Round,Local,4200,4200,4200,02/09/2026
Tamil Nadu,Sivaganga,Devakottai (Uzhavar Sandhai ),Brinjal,Other,Local,4000,4200,4100,02/09/2026
Tamil Nadu,Salem,Edapadi (Uzhavar Sandhai ),Brinjal,Other,Local,3500,4000,3750,02/09/2026
Tamil Nadu,Sivaganga,Tirupatthur(Uzhavar Sandhai ),Brinjal,Other,Local,4000,4500,4250,02/09/2026
Tamil Nadu,Thiruchirappalli,Manachanallur(Uzhavar Sandhai ),Brinjal,Round,Local,4000,5000,4500,02/09/2026
Tamil Nadu,Virudhunagar,Sathur(Uzhavar Sandhai ),Brinjal,Round,Local,3500,4000,3750,02/09/2026
Tamil Nadu,Virudhunagar,Virudhunagar(Uzhavar Sandhai ),Brinjal,Round,Local,3500,4000,3750,02/09/2026
Tamil Nadu,Erode,Thalavadi(Uzhavar Sandhai ),Brinjal,Round,Local,3000,3600,3300,02/09/2026
Tamil Nadu,Nagapattinam,Nagapattinam(Uzhavar Sandhai ),Brinjal,Round,Local,5200,6000,5600,02/09/2026
Tamil Nadu,Pudukkottai,Pudukottai(Uzhavar Sandhai ),Brinjal,Other,Local,6000,7000,6500,02/09/2026
Tamil Nadu,Vellore,Katpadi (Uzhavar Sandhai ),Brinjal,Round,Local,3000,4000,3500,02/09/2026
Tamil Nadu,Kallakuruchi,Kallakurichi(Uzhavar Sandhai ),Brinjal,Other,Local,6000,6000,6000,02/09/2026
Tamil Nadu,Theni,Periyakulam(Uzhavar Sandhai ),Brinjal,Other,Local,3000,3400,3200,02/09/2026
Tamil Nadu,Virudhunagar,Srivilliputhur(Uzhavar Sandhai ),Brinjal,Round,Local,3000,3500,3250,02/09/2026
Tamil Nadu,Coimbatore,Vadavalli(Uzhavar Sandhai ),Brinjal,Other,Local,3000,3500,3250,02/09/2026
Tamil Nadu,Erode,Sampath Nagar(Uzhavar Sandhai ),Brinjal,Other,Local,4000,4400,4200,02/09/2026
Tamil Nadu,Pudukkottai,Ponnamaravathi(Uzhavar Sandhai),Brinjal,Round,Local,6500,7000,6750,02/09/2026
Tamil Nadu,Pudukkottai,Alangudi(Uzhavar Sandhai ),Brinjal,Other,Local,5000,6000,5500,02/09/2026
Tamil Nadu,Thiruvannamalai,Arani(Uzhavar Sandhai ),Brinjal,Round,Local,3500,4200,3850,02/09/2026
Tamil Nadu,Thiruvannamalai,Polur(Uzhavar Sandhai ),Brinjal,Round,Local,3500,4200,3850,02/09/2026
Tamil Nadu,Thiruvannamalai,Tiruvannamalai(Uzhavar Sandhai ),Brinjal,Round,Local,6400,7200,6800,02/09/2026
Tamil Nadu,Tuticorin,Kovilpatti(Uzhavar Sandhai ),Brinjal,Other,Local,3000,3500,3250,02/09/2026
Tamil Nadu,Ariyalur,Ariyalur(Uzhavar Sandhai),Brinjal,Round,Local,4600,5200,4900,02/09/2026
Tamil Nadu,Erode,Sathiyamagalam(Uzhavar Sandhai ),Brinjal,Round,Local,4000,4500,4250,02/09/2026
Tamil Nadu,Chengalpattu,Thirukalukundram(Uzhavar Sandhai ),Brinjal,Round,Local,4000,4500,4250,02/09/2026
Madhya Pradesh,Shivpuri,Shivpuri(F&V) APMC,Brinjal,Other,Grade B,600,600,600,02/09/2026
Madhya Pradesh,Betul,Betul(F&V) APMC,Brinjal,Brinjal,FAQ,800,1200,1000,02/09/2026
Madhya Pradesh,Seoni,Seoni(F&V) APMC,Brinjal,Brinjal,Grade C,980,980,980,02/09/2026
Madhya Pradesh,Khandwa,Khargone(F&V) APMC,Brinjal,Brinjal,Medium,1200,1600,1500,02/09/2026
Madhya Pradesh,Morena,Sabalgarh(F&V) APMC,Brinjal,Other,FAQ,1000,1200,1100,02/09/2026
Madhya Pradesh,Khandwa,Sanawad(F&V) APMC,Brinjal,Arkasheela Mattigulla,Medium,1800,2000,1900,02/09/2026
Madhya Pradesh,Dewas,Hatpiplya(F&V) APMC,Brinjal,Brinjal,Local,900,1800,1500,02/09/2026
Madhya Pradesh,Narsinghpur,Gadarwara(F&V) APMC,Brinjal,Brinjal,Local,2500,2500,2500,02/09/2026
Madhya Pradesh,Badwani,Sendhwa(F&V) APMC,Brinjal,Round,Small,600,1100,900,02/09/2026
Madhya Pradesh,Shivpuri,Magroni(F&V) APMC,Brinjal,Brinjal,Grade A,15,25,18,02/09/2026
Madhya Pradesh,Morena,Kailaras APMC,Brinjal,Other,FAQ,1200,1200,1200,02/09/2026
Madhya Pradesh,Indore,Sanwer(F&V) APMC,Brinjal,Brinjal,FAQ,800,1500,1200,02/09/2026
Madhya Pradesh,Indore,Indore(F&V) APMC,Brinjal,Brinjal,Local,300,700,500,02/09/2026
Madhya Pradesh,Shivpuri,Karera(F&V) APMC,Brinjal,Brinjal,Local,600,1000,800,02/09/2026
Madhya Pradesh,Dhar,Manawar(F&V) APMC,Brinjal,Brinjal,Grade B,650,800,693,02/09/2026
Madhya Pradesh,Harda,Harda(F&V) APMC,Brinjal,Brinjal,Medium,900,1100,1000,02/09/2026
Madhya Pradesh,Ujjain,Ujjain(F&V) APMC,Brinjal,Brinjal,Medium,630,2175,1261,02/09/2026
Madhya Pradesh,Jhabua,Petlawad(F&V) APMC,Brinjal,Brinjal,Grade A,1000,1000,1000,02/09/2026
Madhya Pradesh,Sehore,Sehore(F&V) APMC,Brinjal,Brinjal,Grade Range-1,1500,2000,1600,02/09/2026
Madhya Pradesh,Mandsaur,Mandsaur(F&V) APMC,Brinjal,Other,Grade A,1025,1875,1425,02/09/2026
Madhya Pradesh,Khandwa,Khandwa(F&V) APMC,Brinjal,Brinjal,FAQ,500,1200,700,02/09/2026
Madhya Pradesh,Sagar,Devri(F&V) APMC,Brinjal,Brinjal,Grade B,810,810,810,02/09/2026
Madhya Pradesh,Hoshangabad,Pipariya(F&V) APMC,Brinjal,Brinjal,Local,700,2000,1500,02/09/2026
Madhya Pradesh,Harda,Sirali(F&V) APMC,Brinjal,Brinjal,Grade A,1000,1000,1000,02/09/2026
Maharashtra,Amarawati,Amrawati(Frui & Veg. Market) APMC,Brinjal,Other,Local,1000,2000,1500,02/09/2026
Maharashtra,Satara,Vai APMC,Brinjal,Other,Local,2000,2500,2250,02/09/2026
Maharashtra,Ahilyanagar,Shrirampur APMC,Brinjal,Other,Local,1500,2000,1750,02/09/2026
Maharashtra,Kolhapur,Vadgaonpeth APMC,Brinjal,Other,Local,1000,2800,1600,02/09/2026
Maharashtra,Dharashiv,Dharashiv APMC,Brinjal,Other,Local,600,3000,1800,02/09/2026
Maharashtra,Pune,Pune(Manjri) APMC,Brinjal,Other,Local,2000,4500,3500,02/09/2026
Maharashtra,Pune,Junnar(Otur) APMC,Brinjal,Other,Local,500,1510,1200,02/09/2026
Maharashtra,Satara,Satara APMC,Brinjal,Other,Local,2000,3000,2500,02/09/2026
Maharashtra,Kolhapur,Kolhapur APMC,Brinjal,Other,Local,1000,4000,2500,02/09/2026
Maharashtra,Solapur,SHRI.SIDDHESHWAR  APMC,Brinjal,Other,Local,800,3000,1500,02/09/2026
Maharashtra,Nagpur,Kamthi APMC,Brinjal,Other,Local,2000,2500,2350,02/09/2026
Maharashtra,Mumbai,Mumbai APMC,Brinjal,Other,Local,1600,2200,1900,02/09/2026
Maharashtra,Ratnagiri,Ratnagiri (Nachane) APMC,Brinjal,Other,Local,1000,2500,2000,02/09/2026
Maharashtra,Satara,Patan APMC,Brinjal,Other,Local,1500,2000,1750,02/09/2026
Maharashtra,Solapur,Mangal Wedha APMC,Brinjal,Other,Local,500,4100,2500,02/09/2026
Maharashtra,Pune,Khed(Chakan) APMC,Brinjal,Other,Local,1000,2500,1500,02/09/2026
Maharashtra,Satara,Karad APMC,Brinjal,Other,Local,1500,1600,1600,02/09/2026
Maharashtra,Satara,Vaduj APMC,Brinjal,Other,Local,1000,4000,3000,02/09/2026
Maharashtra,Nagpur,Kalmeshwar APMC,Brinjal,Other,Local,2015,2500,2325,02/09/2026
Maharashtra,Chandrapur,Chandrapur(Ganjwad) APMC,Brinjal,Other,Local,1000,2000,1500,02/09/2026
Maharashtra,Ahilyanagar,Rahata APMC,Brinjal,Other,Local,1000,2100,1550,02/09/2026
Maharashtra,Pune,Pune(Pimpri) APMC,Brinjal,Other,Local,3000,3000,3000,02/09/2026
Maharashtra,Chattrapati Sambhajinagar,Chattrapati Sambhajinagar APMC,Brinjal,Other,Local,1200,2800,2000,02/09/2026
Maharashtra,Jalgaon,Bhusaval APMC,Brinjal,Other,Local,3000,5000,3500,02/09/2026
Maharashtra,Pune,Pune(Khadiki) APMC,Brinjal,Other,Local,1100,1600,1350,02/09/2026
Maharashtra,Solapur,Akluj APMC,Brinjal,Other,Local,1000,2800,2200,02/09/2026
Maharashtra,Nagpur,Nagpur APMC,Brinjal,Other,Local,2000,2500,2375,02/09/2026
Maharashtra,Jalgaon,Jalgaon APMC,Brinjal,Other,Local,3000,5000,4000,02/09/2026
Uttar Pradesh,Mathura,Kosikalan APMC,Brinjal,Brinjal,FAQ,1500,1700,1600,02/09/2026
Uttar Pradesh,Balrampur,Tulsipur APMC,Brinjal,Round/Long,FAQ,2100,2180,2140,02/09/2026
Uttar Pradesh,Bulandshahar,Gulavati APMC,Brinjal,Brinjal,FAQ,1400,1600,1500,02/09/2026
Uttar Pradesh,Amroha,Hasanpur APMC,Brinjal,Round/Long,FAQ,1450,1520,1500,02/09/2026
Uttar Pradesh,Shahjahanpur,Jalalabad APMC,Brinjal,Brinjal,FAQ,700,800,750,02/09/2026
Uttar Pradesh,Bareilly,Anwala APMC,Brinjal,Brinjal,FAQ,1400,1600,1500,02/09/2026
Uttar Pradesh,Shamli,Khandhla APMC,Brinjal,Brinjal,FAQ,500,600,550,02/09/2026
Uttar Pradesh,Mau(Maunathbhanjan),Kopaganj APMC,Brinjal,Brinjal,FAQ,1455,1600,1500,02/09/2026
Uttar Pradesh,Etawah,Jasvantnagar APMC,Brinjal,Round/Long,Medium,1620,1720,1670,02/09/2026
Uttar Pradesh,Sambhal,Sambhal APMC,Brinjal,Brinjal,FAQ,800,900,850,02/09/2026
Uttar Pradesh,Saharanpur,CHHUTMALPUR APMC,Brinjal,Brinjal,Local,700,900,800,02/09/2026
Uttar Pradesh,Sonbhadra,Dudhi APMC,Brinjal,Brinjal,Local,1100,1300,1200,02/09/2026
Uttar Pradesh,Shamli,Kairana APMC,Brinjal,Round/Long,FAQ,1000,1100,1050,02/09/2026
Rajasthan,Ganganagar,Sriganganagar (F&V) APMC,Brinjal,Brinjal,Grade B,1300,1700,1500,02/09/2026
Rajasthan,Jaipur,Jaipur (F&V) APMC,Brinjal,Other,FAQ,1500,2000,1750,02/09/2026
Rajasthan,Jodhpur,Jodhpur (F&V) APMC,Brinjal,Other,Medium,600,1200,1000,02/09/2026
Karnataka,Bengaluru South,Channapatna APMC,Brinjal,Brinjal,Local,3000,3500,3300,02/09/2026
Karnataka,Bengaluru South,Ramanagara APMC,Brinjal,Brinjal,Local,2000,3500,3000,02/09/2026
Karnataka,Kalaburagi,Kalaburagi APMC,Brinjal,Brinjal,Small,1500,2500,2000,02/09/2026
Karnataka,Chikkamagaluru,Kadur APMC,Brinjal,Brinjal,Medium,2082,2082,2082,02/09/2026
Karnataka,Haveri,Ranebennur APMC,Brinjal,Round,Medium,500,2500,2000,02/09/2026
Karnataka,Mysuru,Mysuru APMC,Brinjal,Round,Medium,700,800,800,02/09/2026
Karnataka,Mysuru,Mysuru APMC,Brinjal,Brinjal,Medium,1200,1300,1300,02/09/2026
Karnataka,Chamarajanagar,Chamarajanagar APMC,Brinjal,Other,Local,500,1200,900,02/09/2026
Karnataka,Chamarajanagar,Chamarajanagar APMC,Brinjal,Round/Long,Local,800,1600,1300,02/09/2026
Karnataka,Kolar,Bangarpet APMC,Brinjal,Brinjal,Local,1500,2000,1700,02/09/2026
Karnataka,Bengaluru South,Ramanagara APMC,Brinjal,Round,Local,1500,2300,2000,02/09/2026
Gujarat,Anand,Khambhat(Veg Yard Khambhat) APMC,Brinjal,Other,Local,2000,3000,2500,02/09/2026
Gujarat,Porbandar,Porbandar APMC,Brinjal,Arkasheela Mattigulla,Local,1500,2500,2000,02/09/2026
Gujarat,Navsari,Navsari APMC,Brinjal,Brinjal,Local,1000,1500,1250,02/09/2026
Gujarat,Gandhinagar,"Kalol(Veg,Market,Kalol) APMC",Brinjal,Brinjal,Local,1500,2750,2250,02/09/2026
Gujarat,Surat,Bardoli(Kadod) APMC,Brinjal,Other,Local,1650,4200,2850,02/09/2026
Gujarat,Surendranagar,Vadhvan APMC,Brinjal,Brinjal,Medium,2000,3000,2500,02/09/2026
Gujarat,Vadodara(Baroda),Padra APMC,Brinjal,Other,FAQ,800,2500,1750,02/09/2026
Gujarat,Rajkot,Rajkot(Veg.Sub Yard) APMC,Brinjal,Brinjal,FAQ,895,1905,1400,02/09/2026
Gujarat,Sabarkantha,Himatnagar(Veg.Market Himatnagar) APMC,Brinjal,Round,Local,2000,2500,2360,02/09/2026
Gujarat,Surat,Surat APMC,Brinjal,Brinjal,FAQ,500,2000,1250,02/09/2026
Gujarat,Bharuch,Ankleshwar APMC,Brinjal,Brinjal,Grade A,1500,3000,2500,02/09/2026
Gujarat,Bharuch,Bharuch APMC,Brinjal,Other,Local,1300,2000,1500,02/09/2026
Gujarat,Dahod,Dahod(Veg. Market) APMC,Brinjal,Brinjal,Local,800,3500,1900,02/09/2026
Gujarat,Mehsana,Mehsana(Mehsana Veg) APMC,Brinjal,Brinjal,Local,1000,2500,2000,02/09/2026
Gujarat,Amreli,Damnagar APMC,Brinjal,Other,Local,2800,2800,2800,02/09/2026
Gujarat,Navsari,Bilimora APMC,Brinjal,Other,FAQ,500,1000,900,02/09/2026
Gujarat,Kheda,Nadiyad(Chaklasi) APMC,Brinjal,Brinjal,FAQ,850,950,900,02/09/2026
Gujarat,Banaskanth,Deesa(Deesa Veg Yard) APMC,Brinjal,Other,FAQ,1000,3500,2250,02/09/2026
Gujarat,Kheda,Nadiyad(Piplag) APMC,Brinjal,Brinjal,FAQ,800,900,850,02/09/2026
Haryana,Jhajar,Bahadurgarh APMC,Brinjal,Other,Medium,1500,1600,1550,02/09/2026
Haryana,Mahendragarh-Narnaul,Narnaul APMC,Brinjal,Brinjal,Medium,1000,2000,1500,02/09/2026
Haryana,Sonipat,Gohana APMC,Brinjal,Other,Medium,1500,2500,2000,02/09/2026
Haryana,Yamuna Nagar,Radaur APMC,Brinjal,Other,Medium,900,1100,1000,02/09/2026
Haryana,Yamuna Nagar,Jagadhri APMC,Brinjal,Brinjal,Medium,1800,2200,2000,02/09/2026
Haryana,Kaithal,Siwan APMC,Brinjal,Other,FAQ,1900,2100,2000,02/09/2026
Haryana,Fatehabad,Ratia APMC,Brinjal,Other,Grade A,1500,2000,1800,02/09/2026
Haryana,Kurukshetra,Shahabad APMC,Brinjal,Brinjal,Medium,1000,2200,1600,02/09/2026
Haryana,Sonipat,Ganaur APMC,Brinjal,Brinjal,Medium,3000,4000,3500,02/09/2026
Haryana,Sirsa,Sirsa APMC,Brinjal,Other,FAQ,1200,2000,2000,02/09/2026
Haryana,Panipat,Panipat APMC,Brinjal,Other,Local,800,1600,1200,02/09/2026
Haryana,Mahendragarh-Narnaul,Mohindergarh APMC,Brinjal,Brinjal,Medium,1000,1500,1500,02/09/2026
Haryana,Ambala,Shahzadpur APMC,Brinjal,Round/Long,Local,1000,2000,2000,02/09/2026
Haryana,Ambala,Naraingarh APMC,Brinjal,Brinjal,Medium,700,2000,1100,02/09/2026
Haryana,Sonipat,Sonepat APMC,Brinjal,Other,FAQ,1200,2200,2000,02/09/2026
Haryana,Panchkula,Raipur Rani APMC,Brinjal,Other,Local,1400,1600,1400,02/09/2026
Haryana,Faridabad,Faridabad APMC,Brinjal,Brinjal,Local,1200,1200,1200,02/09/2026
Haryana,Kurukshetra,Thanesar APMC,Brinjal,Brinjal,Local,1000,1500,1250,02/09/2026
Haryana,Mewat,FerozpurZirkha(Nagina) APMC,Brinjal,Other,Local,1000,1400,1200,02/09/2026
Haryana,Hissar,Barwala(Hisar) APMC,Brinjal,Brinjal,Local,1200,1500,1400,02/09/2026
Haryana,Gurgaon,Gurgaon APMC,Brinjal,Brinjal,Grade B,800,1200,1000,02/09/2026
Haryana,Rohtak,Meham,Brinjal,Brinjal,Medium,2000,2000,2000,02/09/2026
Haryana,Yamuna Nagar,Sadhaura APMC,Brinjal,Brinjal,Local,1300,1400,1350,02/09/2026
Haryana,Kaithal,Pundri APMC,Brinjal,Other,FAQ,1700,1800,1750,02/09/2026
Haryana,Panchkula,Barwala APMC,Brinjal,Brinjal,FAQ,1000,2000,1500,02/09/2026
Haryana,Panipat,Samalkha APMC,Brinjal,Brinjal,FAQ,1000,2000,1500,02/09/2026
Haryana,Faridabad,Ballabhgarh APMC,Brinjal,Other,FAQ,1000,1500,1200,02/09/2026
Haryana,Gurgaon,Sohna APMC,Brinjal,Brinjal,Local,1400,2500,2000,02/09/2026
Haryana,Hissar,Hansi APMC,Brinjal,Other,FAQ,1000,1500,1250,02/09/2026
Haryana,Hissar,Uklana APMC,Brinjal,Brinjal,Medium,1500,1500,1500,02/09/2026
Punjab,Moga,Baghapurana APMC,Brinjal,Brinjal,Grade B,1500,2200,2000,02/09/2026
Punjab,Nawanshahr,Balachaur APMC,Brinjal,Other,Large,1200,1980,1560,02/09/2026
Punjab,Patiala,Patiala APMC,Brinjal,Brinjal,Grade B,1000,1700,1300,02/09/2026
Punjab,Sangrur,Malerkotla APMC,Brinjal,Other,Local,800,1800,1200,02/09/2026
Punjab,Tarntaran,Harike APMC,Brinjal,Brinjal,FAQ,300,400,350,02/09/2026
Punjab,Moga,Dharamkot APMC,Brinjal,Other,Grade A,2000,2000,2000,02/09/2026
Punjab,Ludhiana,Sahnewal APMC,Brinjal,Brinjal,FAQ,2500,2500,2500,02/09/2026
Punjab,Jalandhar,Phillaur(Apra Mandi) APMC,Brinjal,Other,FAQ,1500,1500,1500,02/09/2026
Punjab,Hoshiarpur,Mukerian APMC,Brinjal,Brinjal,Grade B,1500,2100,1800,02/09/2026
Punjab,Ludhiana,Ludhiana APMC,Brinjal,Other,FAQ,200,1200,600,02/09/2026
Punjab,Hoshiarpur,Mukerian(Talwara) APMC,Brinjal,Brinjal,FAQ,1500,2500,2000,02/09/2026
Punjab,Mohali,Lalru APMC,Brinjal,Other,Local,2800,2800,2800,02/09/2026
Punjab,Faridkot,Faridkot APMC,Brinjal,Other,Grade A,1000,1000,1000,02/09/2026
Punjab,Gurdaspur,F.G.Churian APMC,Brinjal,Brinjal,Grade A,2000,2000,2000,02/09/2026
Punjab,Gurdaspur,Quadian APMC,Brinjal,Other,Grade A,1100,1300,1200,02/09/2026
Punjab,Ludhiana,Khanna APMC,Brinjal,Round,Grade A,1500,1500,1500,02/09/2026
Punjab,Tarntaran,Naushera Pannuan APMC,Brinjal,Other,Local,1400,1400,1400,02/09/2026
Punjab,Tarntaran,Tarantaran APMC,Brinjal,Other,Local,2600,2600,2600,02/09/2026
Punjab,Ferozpur,Zira APMC,Brinjal,Other,Local,1000,1000,1000,02/09/2026
Punjab,Fatehgarh,Sirhind APMC,Brinjal,Other,FAQ,1000,2000,1500,02/09/2026
Punjab,Amritsar,Rayya APMC,Brinjal,Brinjal,FAQ,500,500,500,02/09/2026
Punjab,Jalandhar,Jalandhar City(Jalandhar) APMC,Brinjal,Other,FAQ,800,1800,1300,02/09/2026
Punjab,Muktsar,Muktsar APMC,Brinjal,Round/Long,Medium,1000,1500,1200,02/09/2026
Punjab,Ludhiana,Samrala APMC,Brinjal,Other,Local,1300,2000,1500,02/09/2026
Punjab,Jalandhar,Nakodar APMC,Brinjal,Brinjal,Local,850,850,850,02/09/2026
Punjab,Ludhiana,Jagraon APMC,Brinjal,Other,FAQ,800,800,800,02/09/2026
Punjab,Sangrur,Sangrur APMC,Brinjal,Brinjal,Grade B,1200,2200,1500,02/09/2026
Punjab,Jalandhar,Mehatpur APMC,Brinjal,Brinjal,Local,1300,1500,1400,02/09/2026
Punjab,Patiala,Dudhansadhan APMC,Brinjal,Other,Grade B,1500,1500,1500,02/09/2026
Punjab,Hoshiarpur,Dasuya APMC,Brinjal,Brinjal,Grade B,2500,2500,2500,02/09/2026
Punjab,Tarntaran,Khadur Sahib(Fetehabad) APMC,Brinjal,Other,Grade B,1400,1400,1400,02/09/2026
Punjab,Bhatinda,Rampuraphul(Nabha Mandi) APMC,Brinjal,Brinjal,Grade A,900,1200,1000,02/09/2026
Punjab,Tarntaran,Patti APMC,Brinjal,Other,Local,0.15,0.16,0.16,02/09/2026
Punjab,Fazilka,Fazilka APMC,Brinjal,Brinjal,FAQ,2500,2500,2500,02/09/2026
Punjab,Jalandhar,Nakodar APMC,Brinjal,Round,Local,1200,1200,1200,02/09/2026
Punjab,Patiala,Nabha APMC,Brinjal,Other,Grade C,500,1000,700,02/09/2026
Punjab,Patiala,Patran APMC,Brinjal,Other,Grade A,1780,1780,1780,02/09/2026
Punjab,Ropar (Rupnagar),Ropar APMC,Brinjal,Round/Long,Medium,2000,2400,2200,02/09/2026
Punjab,Tarntaran,Bhikhiwind APMC,Brinjal,Brinjal,Local,700,700,700,02/09/2026
Punjab,Jalandhar,Adampur APMC,Brinjal,Brinjal,FAQ,1000,1500,1500,02/09/2026
Punjab,Ludhiana,Doraha APMC,Brinjal,Other,Local,1000,2100,1850,02/09/2026
Punjab,Fatehgarh,Khamano APMC,Brinjal,Brinjal,FAQ,2100,2100,2100,02/09/2026
Andhra Pradesh,Chittor,Palamaner APMC,Brinjal,Brinjal,FAQ,3000,4000,3500,02/09/2026
West Bengal,Bankura,Bishnupur(Bankura) APMC,Brinjal,Brinjal,FAQ,3000,3900,3600,02/09/2026
West Bengal,Bankura,Indus(Bankura Sadar) APMC,Brinjal,Brinjal,FAQ,3700,40000,3800,02/09/2026
West Bengal,Medinipur(W),Garbeta(Medinipur) APMC,Brinjal,Brinjal,FAQ,3600,4000,3800,02/09/2026
West Bengal,Sounth 24 Parganas,Baruipur(Canning) APMC,Brinjal,Brinjal,FAQ,4200,4500,4300,02/09/2026
West Bengal,Coochbehar,Mathabhanga APMC,Brinjal,Brinjal,FAQ,4000,4400,4200,02/09/2026
West Bengal,Howrah,Ramkrishanpur(Howrah) APMC,Brinjal,Brinjal,FAQ,4000,5000,4600,02/09/2026
West Bengal,Malda,Gajol APMC,Brinjal,Other,FAQ,3400,3600,3500,02/09/2026
West Bengal,Medinipur(W),Ghatal APMC,Brinjal,Brinjal,FAQ,5500,5700,5600,02/09/2026
West Bengal,Nadia,Ranaghat APMC,Brinjal,Other,FAQ,4200,4500,4300,02/09/2026
West Bengal,Bankura,Khatra APMC,Brinjal,Round/Long,FAQ,3000,3700,3500,02/09/2026
West Bengal,Uttar Dinajpur,Raiganj APMC,Brinjal,Round/Long,FAQ,3500,4000,3800,02/09/2026
West Bengal,Jhargram,Jhargram APMC,Brinjal,Other,FAQ,2800,3200,3000,02/09/2026
West Bengal,Puruliya,Purulia APMC,Brinjal,Other,FAQ,2500,4000,3500,02/09/2026
West Bengal,Hooghly,Kalipur APMC,Brinjal,Brinjal,FAQ,4600,5000,4800,02/09/2026
West Bengal,Hooghly,Sheoraphuly APMC,Brinjal,Round/Long,FAQ,4275,4425,4350,02/09/2026
West Bengal,Coochbehar,Baxirhat APMC,Brinjal,Brinjal,FAQ,4000,4400,4200,02/09/2026
West Bengal,Dakshin Dinajpur,Gangarampur(Dakshin Dinajpur) APMC,Brinjal,Other,FAQ,3000,3500,3300,02/09/2026
West Bengal,Medinipur(W),Medinipur(West) APMC,Brinjal,Brinjal,FAQ,3100,3300,3200,02/09/2026
West Bengal,Coochbehar,Dinhata APMC,Brinjal,Brinjal,FAQ,4000,4400,4200,02/09/2026
West Bengal,Coochbehar,Haldibari APMC,Brinjal,Brinjal,FAQ,4000,4400,4200,02/09/2026
West Bengal,Nadia,Chakdah APMC,Brinjal,Brinjal,FAQ,4000,4400,4200,02/09/2026
West Bengal,Medinipur(E),Egra/contai APMC,Brinjal,Brinjal,FAQ,2500,2700,2600,02/09/2026
West Bengal,Birbhum,Birbhum APMC,Brinjal,Brinjal,FAQ,5700,5900,5800,02/09/2026
West Bengal,Alipurduar,Alipurduar APMC,Brinjal,Brinjal,FAQ,2500,3700,3000,02/09/2026
West Bengal,Sounth 24 Parganas,Diamond Harbour(South 24-pgs) APMC,Brinjal,Brinjal,FAQ,4000,4400,4200,02/09/2026
West Bengal,Coochbehar,Toofanganj APMC,Brinjal,Brinjal,FAQ,4000,4400,4200,02/09/2026
West Bengal,North 24 Parganas,Barasat APMC,Brinjal,Other,FAQ,4000,4000,4000,02/09/2026
West Bengal,Howrah,Uluberia APMC,Brinjal,Other,FAQ,4000,5000,4500,02/09/2026
West Bengal,North 24 Parganas,Habra APMC,Brinjal,Brinjal,FAQ,3400,3400,3400,02/09/2026
West Bengal,Paschim Bardhaman,Durgapur APMC,Brinjal,Other,FAQ,3550,3700,3600,02/09/2026
West Bengal,Nadia,Karimpur APMC,Brinjal,Other,FAQ,2900,3100,3000,02/09/2026
West Bengal,Medinipur(E),Tamluk (Medinipur E) APMC,Brinjal,Brinjal,FAQ,3800,4200,4000,02/09/2026
West Bengal,Hooghly,Champadanga APMC,Brinjal,Brinjal,FAQ,4800,5400,4800,02/09/2026
West Bengal,Birbhum,Sainthia APMC,Brinjal,Brinjal,FAQ,5700,5900,5800,02/09/2026
West Bengal,Bankura,Bankura Sadar APMC,Brinjal,Brinjal,FAQ,3750,4100,3900,02/09/2026
West Bengal,Birbhum,Bolpur APMC,Brinjal,Brinjal,FAQ,5700,5900,5800,02/09/2026
West Bengal,Purba Bardhaman,Memari APMC,Brinjal,Brinjal,FAQ,3500,3800,3600,02/09/2026
West Bengal,Puruliya,Balarampur APMC,Brinjal,Other,Local,2500,3000,2800,02/09/2026
West Bengal,Paschim Bardhaman,Asansol APMC,Brinjal,Other,FAQ,3550,3700,3600,02/09/2026
West Bengal,Coochbehar,Mekhliganj APMC,Brinjal,Brinjal,FAQ,4000,4500,4200,02/09/2026
Odisha,Sambalpur,Rairakhol APMC,Brinjal,Brinjal,Local,5000,5500,5200,02/09/2026
Odisha,Mayurbhanja,Udala APMC,Brinjal,Brinjal,FAQ,5000,5500,5200,02/09/2026
Odisha,Mayurbhanja,Narasinghpur APMC,Brinjal,Brinjal,Local,3000,5000,4000,02/09/2026
Odisha,Bargarh,Attabira APMC,Brinjal,Other,Local,2700,3100,2900,02/09/2026
Odisha,Bolangir,Kantabaji APMC,Brinjal,Other,Grade B,2200,2600,2400,02/09/2026
Odisha,Kalahandi,Mukhiguda APMC,Brinjal,Brinjal,Grade B,2500,3100,2800,02/09/2026
Odisha,Sundergarh,Panposh APMC,Brinjal,Brinjal,FAQ,3500,4200,4000,02/09/2026
Odisha,Koraput,Koraput(Semilguda) APMC,Brinjal,Brinjal,Grade B,2000,3000,2500,02/09/2026
Odisha,Koraput,Jeypore(Kotpad) APMC,Brinjal,Brinjal,Grade B,2500,2500,2500,02/09/2026
Odisha,Bhadrak,Chandabali APMC,Brinjal,Other,Grade Range-2,4000,4550,4260,02/09/2026
Odisha,Angul,Angul APMC,Brinjal,Other,Grade B,3000,3000,3000,02/09/2026
Odisha,Kalahandi,Kesinga APMC,Brinjal,Other,Grade B,3100,3500,3300,02/09/2026
Odisha,Rayagada,Rayagada APMC,Brinjal,Brinjal,Local,2700,2800,2800,02/09/2026
Odisha,Sonepur,Birmaharajpur APMC,Brinjal,Other,Local,2500,2700,2600,02/09/2026
Odisha,Jagatsinghpur,Rahama APMC,Brinjal,Other,Local,5000,7000,6000,02/09/2026
Odisha,Dhenkanal,Hindol APMC,Brinjal,Brinjal,Grade B,5000,6000,5500,02/09/2026
Odisha,Boudh,Boudh APMC,Brinjal,Other,Local,6000,7000,6500,02/09/2026
Odisha,Dhenkanal,Dhenkanal APMC,Brinjal,Brinjal,Grade B,3900,4200,4000,02/09/2026
Odisha,Keonjhar,Keonjhar APMC,Brinjal,Other,Local,4800,5000,5000,02/09/2026
Odisha,Bargarh,Bargarh(Barapalli) APMC,Brinjal,Brinjal,Medium,2500,3500,3000,02/09/2026
Odisha,Bargarh,Godbhaga APMC,Brinjal,Other,Local,2750,3050,2900,02/09/2026
Odisha,Bargarh,Padampur APMC,Brinjal,Brinjal,Grade C,1800,2400,2200,02/09/2026
Odisha,Sonepur,Dungurapalli APMC,Brinjal,Other,Local,4000,4800,4200,02/09/2026
Odisha,Mayurbhanja,Betnoti APMC,Brinjal,Brinjal,FAQ,4000,4400,4200,02/09/2026
Odisha,Kalahandi,Kalahandi(Dharamagarh) APMC,Brinjal,Other,Grade B,2800,3200,3000,02/09/2026
Odisha,Mayurbhanja,Saraskana APMC,Brinjal,Brinjal,Medium,4500,6000,5000,02/09/2026
Odisha,Angul,Angul(Atthamallick) APMC,Brinjal,Brinjal,Grade B,4000,6000,5000,02/09/2026
Odisha,Sundergarh,Bonai APMC,Brinjal,Other,FAQ,800,1025,910,02/09/2026
Odisha,Sonepur,Pandkital APMC,Brinjal,Other,Local,4000,4200,4100,02/09/2026
Odisha,Koraput,Koraput APMC,Brinjal,Brinjal,Grade B,2500,3500,3000,02/09/2026
Odisha,Khurda,Balugaon APMC,Brinjal,Other,Grade A,3000,3000,3000,02/09/2026
Odisha,Cuttack,Banki APMC,Brinjal,Other,Medium,5000,6000,5500,02/09/2026
Odisha,Cuttack,Kendupatna(Niali) APMC,Brinjal,Other,Grade B,3500,4000,3800,02/09/2026
Odisha,Mayurbhanja,Baripada APMC,Brinjal,Brinjal,Medium,4000,5000,4500,02/09/2026
Odisha,Kandhamal,Kandhamal APMC,Brinjal,Brinjal,Grade A,4000,4000,4000,02/09/2026
Odisha,Deogarh,Deogarh APMC,Brinjal,Brinjal,FAQ,4300,4700,4500,02/09/2026
Odisha,Dhenkanal,Kamakhyanagar APMC,Brinjal,Brinjal,Grade A,6000,6000,6000,02/09/2026
Odisha,Kalahandi,Bhawanipatna APMC,Brinjal,Brinjal,Local,3000,3000,3000,02/09/2026
Odisha,Ganjam,Bhanjanagar APMC,Brinjal,Brinjal,Medium,4200,4400,4300,02/09/2026
Odisha,Sundergarh,Sargipali APMC,Brinjal,Brinjal,FAQ,2300,2800,2500,02/09/2026
Odisha,Mayurbhanja,Karanjia APMC,Brinjal,Brinjal,Local,5500,6500,6000,02/09/2026
Odisha,Nuapada,Khariar APMC,Brinjal,Brinjal,Grade A,6000,6000,6000,02/09/2026
Odisha,Gajapati,Kasinagar APMC,Brinjal,Brinjal,Grade Range-1,1800,2000,1900,02/09/2026
Odisha,Bargarh,Sohela APMC,Brinjal,Brinjal,Local,1900,2300,2000,02/09/2026
Odisha,Bolangir,Tusura APMC,Brinjal,Other,Local,2200,2800,2400,02/09/2026
Odisha,Bargarh,Bargarh APMC,Brinjal,Brinjal,Medium,4500,5500,5000,02/09/2026
Odisha,Bolangir,Bolangir APMC,Brinjal,Other,Local,2200,2800,2400,02/09/2026
Odisha,Jagatsinghpur,Jagatsinghpur APMC,Brinjal,Other,Local,5550,5750,5650,02/09/2026
Bihar,East Champaran/ Motihari,Raxaul APMC,Brinjal,Arkasheela Mattigulla,Grade A,1500,1800,1600,02/09/2026
Bihar,Siwan,Maharjganj APMC,Brinjal,Arkasheela Mattigulla,FAQ,2000,2000,2000,02/09/2026
Bihar,Bhagalpur,Bihpur APMC,Brinjal,Other,Local,1200,1200,1200,02/09/2026
Bihar,East Champaran/ Motihari,Madhuban APMC,Brinjal,Brinjal,Local,1400,1600,1500,02/09/2026
Bihar,Sheikhpura,Barbigha APMC,Brinjal,Arkasheela Mattigulla,FAQ,3510,3660,3590,02/09/2026
Bihar,Muzaffarpur,Bhagwanpur Mandi APMC,Brinjal,Arkasheela Mattigulla,Grade A,1700,1700,1700,02/09/2026
Bihar,Begusarai,Teghra APMC,Brinjal,Brinjal,Local,1200,1800,1500,02/09/2026
Bihar,Sheikhpura,Shekhpura APMC,Brinjal,Arkasheela Mattigulla,FAQ,3490,3620,3550,02/09/2026
Telangana,Mahbubnagar,Mahabubnagar(Rythu Bazar),Brinjal,Arkasheela Mattigulla,Local,2400,2400,2400,02/09/2026
Telangana,Hyderabad,Gudimalkapur APMC,Brinjal,Brinjal,Grade B,200,600,400,02/09/2026
Telangana,Nagarkurnool,Kalwakurthy APMC,Brinjal,Brinjal,Local,1250,1250,1250,02/09/2026
Telangana,Nalgonda,Miryalguda(Rythu Bazar) ,Brinjal,Arkasheela Mattigulla,Grade A,3500,3500,3500,02/09/2026
Telangana,Nalgonda,Venkateswarnagar APMC,Brinjal,Brinjal,Local,1200,1500,1300,02/09/2026
Telangana,Ranga Reddy,Shadnagar APMC,Brinjal,Brinjal,Local,1300,1500,1400,02/09/2026
Telangana,Hyderabad,Bowenpally APMC,Brinjal,Brinjal,FAQ,500,2500,2000,02/09/2026
Telangana,Hyderabad,Bowenpally APMC,Brinjal,Round/Long,FAQ,600,2500,2000,02/09/2026
Telangana,Sangareddy,Sangareddy APMC,Brinjal,Brinjal,Grade B,1500,1500,1500,02/09/2026
Telangana,Warangal,Warangal APMC,Brinjal,Brinjal,FAQ,1600,2000,1800,02/09/2026
Telangana,Karimnagar,Karimnagar APMC,Brinjal,Brinjal,Local,1666.66675,1666.66675,1666.66675,02/09/2026
Telangana,Siddipet,Vantamamidi APMC,Brinjal,Brinjal,Local,1200,2000,1600,02/09/2026
Telangana,Hyderabad,RYTHU BAZAR ERRAGADDA,Brinjal,Brinjal,Grade A,2800,2800,2800,02/09/2026
Telangana,Ranga Reddy,L B Nagar APMC,Brinjal,Brinjal,Medium,1000,2000,1500,02/09/2026
Telangana,Siddipet,Siddipet(Rythu Bazar) ,Brinjal,Brinjal,Grade A,1600,2400,2000,02/09/2026
Telangana,Adilabad,Adilabad (Rythu Bazar) ,Brinjal,Brinjal,Local,6000,6200,6000,02/09/2026
Telangana,Hyderabad,Mahboob Manison APMC,Brinjal,Brinjal,Medium,1000,2000,1500,02/09/2026
Telangana,Hyderabad,Bowenpally APMC,Brinjal,Round,FAQ,600,2500,2000,02/09/2026
Telangana,Hyderabad,RYTHU BAZAR FALAKNUMA,Brinjal,Brinjal,Grade A,2800,2800,2800,02/09/2026
Telangana,Ranga Reddy,"Saroornagar,RBZ",Brinjal,Other,Medium,2800,2800,2800,02/09/2026
Telangana,Hyderabad,RYTHU BAZAR MEHDIPATNAM,Brinjal,Brinjal,Grade A,2800,2800,2800,02/09/2026
Telangana,Hyderabad,"Alwal,RBZ",Brinjal,Brinjal,FAQ,2800,2800,2800,02/09/2026
Telangana,Ranga Reddy,"Vanasthalipuram,RBZ ",Brinjal,Brinjal,Grade A,2800,2800,2800,02/09/2026
Uttarakhand,Dehradoon,Rishikesh APMC,Brinjal,Other,Medium,1200,1800,1550,02/09/2026
Uttarakhand,Udhamsinghnagar,Rudrapur APMC,Brinjal,Other,Medium,1200,2000,1500,02/09/2026
Uttarakhand,Haridwar,Haridwar Union APMC,Brinjal,Other,FAQ,1000,2000,1500,02/09/2026
Uttarakhand,Udhamsinghnagar,Kashipur APMC,Brinjal,Other,Local,800,1000,900,02/09/2026
Uttarakhand,Haridwar,Roorkee APMC,Brinjal,Other,Local,650,850,750,02/09/2026
Uttarakhand,Garhwal (Pauri),Kotadwara APMC,Brinjal,Brinjal,FAQ,1100,1100,1100,02/09/2026
Uttarakhand,Udhamsinghnagar,Sitarganj APMC,Brinjal,Other,Grade B,1000,1500,1200,02/09/2026
Uttarakhand,Dehradoon,Dehradoon APMC,Brinjal,Other,FAQ,800,1050,950,02/09/2026
Uttarakhand,Haridwar,Manglaur APMC,Brinjal,Other,Large,500,800,600,02/09/2026
Uttarakhand,Dehradoon,Vikasnagar APMC,Brinjal,Other,FAQ,1000,1500,1000,02/09/2026
Uttarakhand,Udhamsinghnagar,Jaspur(UC) APMC,Brinjal,Brinjal,FAQ,1600,1600,1600,02/09/2026
Uttarakhand,Haridwar,Bhagwanpur(Naveen Mandi Sthal) APMC,Brinjal,Other,Grade B,500,700,600,02/09/2026
Himachal Pradesh,Sirmore,PMY Paonta Sahib,Brinjal,Other,FAQ,2000,2500,2200,02/09/2026
Himachal Pradesh,Kullu,SMY Bhuntar,Brinjal,Other,FAQ,800,2000,1400,02/09/2026
Himachal Pradesh,Bilaspur,PMY Bilaspur,Brinjal,Other,Grade B,2000,3500,2300,02/09/2026
Himachal Pradesh,Una,PMY Una,Brinjal,Brinjal,Local,700,1200,1000,02/09/2026
Himachal Pradesh,Kangra,SMY Palampur,Brinjal,Brinjal,FAQ,2200,2500,2400,02/09/2026
Himachal Pradesh,Shimla,SMY Rampur,Brinjal,Other,Local,3000,3500,3200,02/09/2026
Himachal Pradesh,Shimla,SMY Rohroo,Brinjal,Arkasheela Mattigulla,Grade B,2200,2800,2500,02/09/2026
Himachal Pradesh,Kangra,SMY Jaisinghpur,Brinjal,Brinjal,FAQ,2300,2800,2500,02/09/2026
Himachal Pradesh,Chamba,PMY Chamba,Brinjal,Brinjal,Medium,2500,3000,2750,02/09/2026
Himachal Pradesh,Mandi,SMY Dhanotu,Brinjal,Brinjal,FAQ,700,1500,1000,02/09/2026
Himachal Pradesh,Kangra,SMY Baijnath,Brinjal,Brinjal,Grade A,2400,3500,3200,02/09/2026
Himachal Pradesh,Hamirpur,PMY Hamirpur,Brinjal,Round/Long,Grade B,2500,3000,2750,02/09/2026
Himachal Pradesh,Sirmore,SMY Nahan,Brinjal,Other,FAQ,2500,3000,2800,02/09/2026
Himachal Pradesh,Kangra,SMY Dharamshala,Brinjal,Brinjal,FAQ,2000,2500,2250,02/09/2026
Himachal Pradesh,Kullu,PMY Kullu,Brinjal,Other,FAQ,2000,2500,2200,02/09/2026
Himachal Pradesh,Kangra,SMY Nagrota Bagwan,Brinjal,Brinjal,FAQ,2000,2200,2100,02/09/2026
Himachal Pradesh,Kullu,SMY Chauri Bihal,Brinjal,Other,Grade Range-1,1000,1300,1200,02/09/2026
Himachal Pradesh,Solan,PMY Kather Solan,Brinjal,Other,Medium,1500,2500,2000,02/09/2026
Himachal Pradesh,Kangra,PMY Kangra,Brinjal,Brinjal,FAQ,2000,2200,2100,02/09/2026
Himachal Pradesh,Solan,SMY Nalagarh,Brinjal,Other,Medium,2000,2500,2300,02/09/2026
Himachal Pradesh,Mandi,SMY Jogindernagar,Brinjal,Brinjal,Grade B,2000,2500,2250,02/09/2026
Assam,Nagaon,Ambagan APMC,Brinjal,Brinjal,FAQ,2100,2300,2200,02/09/2026
Assam,Darrang,Besimari APMC,Brinjal,Brinjal,Local,1600,2000,1800,02/09/2026
Assam,Tinsukia,Tinsukia Market,Brinjal,Brinjal,FAQ,3400,4200,3800,02/09/2026
Assam,Darrang,Balugaon APMC,Brinjal,Brinjal,Local,1600,2000,1800,02/09/2026
Assam,Kamrup,Pamohi(Garchuk) APMC,Brinjal,Round/Long,FAQ,2500,3500,3000,02/09/2026
Assam,Kamrup,Pamohi(Garchuk) APMC,Brinjal,Round,FAQ,3000,4000,3500,02/09/2026
Assam,Hailakandi,Harbartganj Daily Market APMC,Brinjal,Brinjal,FAQ,1800,2000,1900,02/09/2026
Assam,Nagaon,Haibargaon APMC,Brinjal,Brinjal,FAQ,2100,2300,2200,02/09/2026
Tamil Nadu,Dindigul,Chinnalapatti(Uzhavar Sandhai ),Cauliflower,Ranchi,Local,4000,5000,4500,02/09/2026
Tamil Nadu,Kancheepuram,Kundrathur(Uzhavar Sandhai ),Cauliflower,Ranchi,Local,3500,4000,3750,02/09/2026
Tamil Nadu,Krishnagiri,Avallapalli(Uzhavar Sandhai ),Cauliflower,Ranchi,Local,2000,2500,2250,02/09/2026
Tamil Nadu,Krishnagiri,Hosur(Uzhavar Sandhai ),Cauliflower,Ranchi,Local,2500,3000,2750,02/09/2026
Tamil Nadu,Madurai,Anaiyur(Uzhavar Sandhai ),Cauliflower,Ranchi,Local,2500,3000,2750,02/09/2026
Tamil Nadu,Namakkal,Rasipuram(Uzhavar Sandhai ),Cauliflower,Ranchi,Local,3000,4000,3500,02/09/2026
Tamil Nadu,Ranipet,Arcot(Uzhavar Sandhai ),Cauliflower,Ranchi,Local,3000,4000,3500,02/09/2026
Tamil Nadu,Salem,Ammapet(Uzhavar Sandhai ),Cauliflower,Ranchi,Local,2500,3000,2750,02/09/2026
Tamil Nadu,Thirunelveli,Melapalayam(Uzhavar Sandhai ),Cauliflower,Ranchi,Local,4600,5000,4800,02/09/2026
Tamil Nadu,Thanjavur,Thanjavur(Uzhavar Sandhai ),Cauliflower,Ranchi,Local,5000,5000,5000,02/09/2026
Tamil Nadu,Thiruchirappalli,KKNagar(Uzhavar Sandhai ),Cauliflower,Ranchi,Local,5000,5000,5000,02/09/2026
Tamil Nadu,Thiruchirappalli,Manapparai(Uzhavar Sandhai ),Cauliflower,Ranchi,Local,5000,5000,5000,02/09/2026
Tamil Nadu,Chengalpattu,Pallavaram(Uzhavar Sandhai ),Cauliflower,Ranchi,Local,2500,3000,2750,02/09/2026
Tamil Nadu,Erode,Thalavadi(Uzhavar Sandhai ),Cauliflower,Ranchi,Local,3000,3500,3250,02/09/2026
Tamil Nadu,The Nilgiris,Udhagamandalam(Uzhavar Sandhai ),Cauliflower,Ranchi,Local,4000,4500,4250,02/09/2026
Tamil Nadu,Theni,Bodinayakanur(Uzhavar Sandhai ),Cauliflower,Ranchi,Local,3500,3500,3500,02/09/2026
Tamil Nadu,Virudhunagar,Kariyapatti(Uzhavar Sandhai ),Cauliflower,Ranchi,Local,3500,4000,3750,02/09/2026
Tamil Nadu,Vellore,Katpadi (Uzhavar Sandhai ),Cauliflower,Ranchi,Local,2500,3000,2750,02/09/2026
Tamil Nadu,Thirupur,Dharapuram(Uzhavar Sandhai ),Cauliflower,Ranchi,Local,3000,3500,3250,02/09/2026
Tamil Nadu,Thiruvannamalai,Polur(Uzhavar Sandhai ),Cauliflower,Ranchi,Local,2500,3000,2750,02/09/2026
Tamil Nadu,Thiruvarur,Mannargudi II(Uzhavar Sandhai ),Cauliflower,Ranchi,Local,6000,6000,6000,02/09/2026
Tamil Nadu,Tuticorin,Kovilpatti(Uzhavar Sandhai ),Cauliflower,Ranchi,Local,3500,4000,3750,02/09/2026
Tamil Nadu,Coimbatore,Mettupalayam(Uzhavar Sandhai ),Cauliflower,Ranchi,Local,4000,4500,4250,02/09/2026
Tamil Nadu,Namakkal,Tiruchengode APMC,Cauliflower,Ranchi,Local,3500,4000,3750,02/09/2026
Tamil Nadu,Tuticorin,Tuticorin(Uzhavar Sandhai ),Cauliflower,Ranchi,Local,4500,5000,4750,02/09/2026
Tamil Nadu,Vellore,Thirupathur APMC,Cauliflower,Ranchi,Local,3000,3000,3000,02/09/2026
Tamil Nadu,Erode,Perundurai(Uzhavar Sandhai ),Cauliflower,Ranchi,Local,3000,3400,3200,02/09/2026
Tamil Nadu,Kancheepuram,Padappai(Uzhavar Sandhai ),Cauliflower,Ranchi,Local,3000,4000,3500,02/09/2026
Tamil Nadu,Kancheepuram,Sunguvarchatram(Uzhavar Sandhai ),Cauliflower,Ranchi,Local,3500,4000,3750,02/09/2026
Tamil Nadu,Salem,Thathakapatti(Uzhavar Sandhai ),Cauliflower,Ranchi,Local,2500,2500,2500,02/09/2026
Tamil Nadu,Theni,Chinnamanur(Uzhavar Sandhai ),Cauliflower,Ranchi,Local,3000,3500,3250,02/09/2026
Tamil Nadu,Theni,Kambam(Uzhavar Sandhai ),Cauliflower,Ranchi,Local,2500,3500,3000,02/09/2026
Tamil Nadu,Theni,Theni(Uzhavar Sandhai ),Cauliflower,Ranchi,Local,2500,3500,3000,02/09/2026
Tamil Nadu,Thirupur,Kangayam(Uzhavar Sandhai ),Cauliflower,Ranchi,Local,3100,3400,3250,02/09/2026
Tamil Nadu,Sivaganga,Sivagangai (Uzhavar Sandhai ),Cauliflower,Ranchi,Local,2600,3200,2900,02/09/2026
Tamil Nadu,Sivaganga,Singampunari(Uzhavar Sandhai ),Cauliflower,Ranchi,Local,2600,3200,2900,02/09/2026
Tamil Nadu,Sivaganga,Karaikudi(Uzhavar Sandhai ),Cauliflower,Ranchi,Local,3000,3500,3250,02/09/2026
Tamil Nadu,Thanjavur,Pattukottai(Uzhavar Sandhai ),Cauliflower,Ranchi,Local,4800,4800,4800,02/09/2026
Tamil Nadu,Thiruchirappalli,Musiri(Uzhavar Sandhai ),Cauliflower,Ranchi,Local,3500,4000,3750,02/09/2026
Tamil Nadu,Virudhunagar,Rajapalayam(Uzhavar Sandhai ),Cauliflower,Ranchi,Local,2500,3000,2750,02/09/2026
Tamil Nadu,Virudhunagar,Thalavaipuram(Uzhavar Sandhai ),Cauliflower,Ranchi,Local,2500,3000,2750,02/09/2026
Tamil Nadu,Virudhunagar,Virudhunagar(Uzhavar Sandhai ),Cauliflower,Ranchi,Local,3500,4000,3750,02/09/2026
Tamil Nadu,Nagercoil (Kannyiakumari),Myladi(Uzhavar Sandhai ),Cauliflower,Ranchi,Local,4500,5000,4750,02/09/2026
Tamil Nadu,Chengalpattu,Jameenrayapettai(Uzhavar Sandhai ),Cauliflower,Ranchi,Local,2500,3000,2750,02/09/2026
Tamil Nadu,Tenkasi,Tenkasi(Uzhavar Sandhai ),Cauliflower,Ranchi,Local,5000,5000,5000,02/09/2026
Tamil Nadu,Thanjavur,Kumbakonam (Uzhavar Sandhai ),Cauliflower,Ranchi,Local,4800,4800,4800,02/09/2026
Tamil Nadu,Salem,Athur(Uzhavar Sandhai ),Cauliflower,Ranchi,Local,2500,3000,2750,02/09/2026
Tamil Nadu,Ramanathapuram,Paramakudi(Uzhavar Sandhai ),Cauliflower,Ranchi,Local,5000,5500,5250,02/09/2026
Tamil Nadu,Thanjavur,Papanasam(Uzhavar Sandhai ),Cauliflower,Ranchi,Local,4800,4800,4800,02/09/2026
Tamil Nadu,Karur,Karur(Uzhavar Sandhai ),Cauliflower,Ranchi,Local,3500,4000,3750,02/09/2026
Tamil Nadu,Cuddalore,Cuddalore(Uzhavar Sandhai ),Cauliflower,Ranchi,Local,4000,4000,4000,02/09/2026
Tamil Nadu,Nagercoil (Kannyiakumari),Vadaseri APMC,Cauliflower,Ranchi,Local,5500,6000,5750,02/09/2026
Tamil Nadu,The Nilgiris,Coonoor(Uzhavar Sandhai ),Cauliflower,Ranchi,Local,4200,4500,4350,02/09/2026
Tamil Nadu,Thirupur,Tiruppur (South) (Uzhavar Sandhai ),Cauliflower,Ranchi,Local,3000,4000,3500,02/09/2026
Tamil Nadu,Dharmapuri,Palacode(Uzhavar Sandhai ),Cauliflower,Ranchi,Local,3000,3500,3250,02/09/2026
Tamil Nadu,Dharmapuri,Pennagaram(Uzhavar Sandhai ),Cauliflower,Ranchi,Local,2800,3000,2900,02/09/2026
Tamil Nadu,Dindigul,Dindigul(Uzhavar Sandhai ),Cauliflower,Ranchi,Local,4000,5000,4500,02/09/2026
Tamil Nadu,Dindigul,Palani(Uzhavar Sandhai ),Cauliflower,Ranchi,Local,2000,4000,3000,02/09/2026
Tamil Nadu,Nagapattinam,Sirkali(Uzhavar Sandhai ),Cauliflower,Ranchi,Local,5000,5000,5000,02/09/2026
Tamil Nadu,Thiruchirappalli,Thuraiyur APMC,Cauliflower,Ranchi,Local,4000,5000,4500,02/09/2026
Tamil Nadu,Theni,Devaram(Uzhavar Sandhai ),Cauliflower,Ranchi,Local,3000,3000,3000,02/09/2026
Tamil Nadu,Sivaganga,Devakottai (Uzhavar Sandhai ),Cauliflower,Ranchi,Local,3000,3200,3100,02/09/2026
Tamil Nadu,Thiruchirappalli,Thiruverumbur(Uzhavar Sandhai ),Cauliflower,Ranchi,Local,5000,5000,5000,02/09/2026
Tamil Nadu,Chengalpattu,Nanganallur(Uzhavar Sandhai ),Cauliflower,Ranchi,Local,2500,3000,2750,02/09/2026
Tamil Nadu,Madurai,Chokkikulam(Uzhavar Sandhai ),Cauliflower,Ranchi,Local,2500,3000,2750,02/09/2026
Tamil Nadu,Pudukkottai,Pudukottai(Uzhavar Sandhai ),Cauliflower,Ranchi,Local,5000,6000,5500,02/09/2026
Tamil Nadu,Virudhunagar,Aruppukottai(Uzhavar Sandhai ),Cauliflower,Ranchi,Local,3000,4000,3500,02/09/2026
Tamil Nadu,Salem,Vazhapadi(Uzhavar Sandhai),Cauliflower,Ranchi,Local,2500,2500,2500,02/09/2026
Tamil Nadu,Karur,Kulithalai(Uzhavar Sandhai ),Cauliflower,Ranchi,Local,3500,4000,3750,02/09/2026
Tamil Nadu,Thirupur,Palladam(Uzhavar Sandhai ),Cauliflower,Ranchi,Local,3000,3500,3250,02/09/2026
Tamil Nadu,Kallakuruchi,Kallakurichi(Uzhavar Sandhai ),Cauliflower,Ranchi,Local,3000,3000,3000,02/09/2026
Tamil Nadu,Thirupathur,Natrampalli(Uzhavar Sandhai ),Cauliflower,Ranchi,Local,2500,3000,2750,02/09/2026
Tamil Nadu,Erode,Gobichettipalayam(Uzhavar Sandhai ),Cauliflower,Ranchi,Local,4000,4400,4200,02/09/2026
Tamil Nadu,Ramanathapuram,Ramanathapuram(Uzhavar Sandhai ),Cauliflower,Ranchi,Local,5500,6000,5750,02/09/2026
Tamil Nadu,Vellore,Kahithapattarai(Uzhavar Sandhai ),Cauliflower,Ranchi,Local,2000,2000,2000,02/09/2026
Tamil Nadu,Coimbatore,Sundarapuram(Uzhavar Sandhai ),Cauliflower,Ranchi,Local,4500,5000,4750,02/09/2026
Tamil Nadu,Erode,Sathiyamagalam(Uzhavar Sandhai ),Cauliflower,Ranchi,Local,3000,3500,3250,02/09/2026
Tamil Nadu,Coimbatore,Singanallur(Uzhavar Sandhai ),Cauliflower,Ranchi,Local,4500,5000,4750,02/09/2026
Tamil Nadu,Dharmapuri,Harur(Uzhavar Sandhai ),Cauliflower,Ranchi,Local,3500,4000,3750,02/09/2026
Tamil Nadu,Virudhunagar,Srivilliputhur(Uzhavar Sandhai ),Cauliflower,Ranchi,Local,2500,3000,2750,02/09/2026
Tamil Nadu,Coimbatore,Vadavalli(Uzhavar Sandhai ),Cauliflower,Ranchi,Local,4400,4800,4600,02/09/2026
Tamil Nadu,Thiruvannamalai,Tiruvannamalai(Uzhavar Sandhai ),Cauliflower,Ranchi,Local,3500,4000,3750,02/09/2026
Tamil Nadu,Thiruvarur,Mannargudi I(Uzhavar Sandhai ),Cauliflower,Ranchi,Local,6000,6000,6000,02/09/2026
Tamil Nadu,Theni,Andipatti(Uzhavar Sandhai ),Cauliflower,Ranchi,Local,3000,3500,3250,02/09/2026
Tamil Nadu,Thiruvellore,Tiruthani(Uzhavar Sandhai ),Cauliflower,Ranchi,Local,4000,4000,4000,02/09/2026
Tamil Nadu,Karur,Gandhigramam(Uzhavar Sandhai),Cauliflower,Ranchi,Local,4500,5000,4750,02/09/2026
Tamil Nadu,Dharmapuri,Karimangalam(Uzhavar Sandhai),Cauliflower,Ranchi,Local,3800,4000,3900,02/09/2026
Tamil Nadu,Krishnagiri,Denkanikottai(Uzhavar Sandhai ),Cauliflower,Ranchi,Local,2500,3000,2750,02/09/2026
Tamil Nadu,Namakkal,Kumarapalayam(Uzhavar Sandhai ),Cauliflower,Ranchi,Local,3000,4000,3500,02/09/2026
Tamil Nadu,Namakkal,Paramathivelur(Uzhavar Sandhai ),Cauliflower,Ranchi,Local,3000,4000,3500,02/09/2026
Tamil Nadu,Salem,Mettur(Uzhavar Sandhai ),Cauliflower,Ranchi,Local,2500,3000,2750,02/09/2026
Tamil Nadu,Thirunelveli,NGO Colony(Uzhavar Sandhai ),Cauliflower,Ranchi,Local,3000,3500,3250,02/09/2026
Tamil Nadu,Salem,Elampillai(Uzhavar Sandhai ),Cauliflower,Ranchi,Local,2500,3000,2750,02/09/2026
Tamil Nadu,Salem,Hasthampatti(Uzhavar Sandhai ),Cauliflower,Ranchi,Local,2500,3000,2750,02/09/2026
Tamil Nadu,Sivaganga,Tirupatthur(Uzhavar Sandhai ),Cauliflower,Ranchi,Local,3000,3500,3250,02/09/2026
Tamil Nadu,Thiruchirappalli,Manachanallur(Uzhavar Sandhai ),Cauliflower,Ranchi,Local,4000,4000,4000,02/09/2026
Tamil Nadu,Virudhunagar,Sathur(Uzhavar Sandhai ),Cauliflower,Ranchi,Local,3500,4000,3750,02/09/2026
Tamil Nadu,Virudhunagar,Sivakasi(Uzhavar Sandhai ),Cauliflower,Ranchi,Local,4000,5000,4500,02/09/2026
Tamil Nadu,Dharmapuri,Dharmapuri(Uzhavar Sandhai ),Cauliflower,Ranchi,Local,3300,3500,3400,02/09/2026
Tamil Nadu,Namakkal,Namakkal(Uzhavar Sandhai ),Cauliflower,Ranchi,Local,2500,3500,3000,02/09/2026
Tamil Nadu,Madurai,Palanganatham(Uzhavar Sandhai ),Cauliflower,Ranchi,Local,2500,3000,2750,02/09/2026
Tamil Nadu,Madurai,Anna nagar(Uzhavar Sandhai ),Cauliflower,Ranchi,Local,4000,4000,4000,02/09/2026
Tamil Nadu,Perambalur,Perambalur(Uzhavar Sandhai ),Cauliflower,Ranchi,Local,5000,6000,5500,02/09/2026
Tamil Nadu,Thirunelveli,Palayamkottai(Uzhavar Sandhai ),Cauliflower,Ranchi,Local,4600,5000,4800,02/09/2026
Tamil Nadu,Thirupur,Tiruppur (North) (Uzhavar Sandhai ),Cauliflower,Ranchi,Local,3500,4000,3750,02/09/2026
Tamil Nadu,Thiruvannamalai,Chengam(Uzhavar Sandhai ),Cauliflower,Ranchi,Local,3300,4000,3650,02/09/2026
Tamil Nadu,Coimbatore,Sulur(Uzhavar Sandhai ),Cauliflower,Ranchi,Local,4500,5000,4750,02/09/2026
Tamil Nadu,Dharmapuri,AJattihalli(Uzhavar Sandhai ),Cauliflower,Ranchi,Local,4500,4500,4500,02/09/2026
Tamil Nadu,Salem,Edapadi (Uzhavar Sandhai ),Cauliflower,Ranchi,Local,2000,3000,2500,02/09/2026
Tamil Nadu,Salem,Jalagandapuram(Uzhavar Sandhai ),Cauliflower,Ranchi,Local,2800,3000,2900,02/09/2026
Tamil Nadu,Thiruchirappalli,Lalgudi(Uzhavar Sandhai ),Cauliflower,Ranchi,Local,4000,4000,4000,02/09/2026
Tamil Nadu,Chengalpattu,Chengalpet(Uzhavar Sandhai ),Cauliflower,Ranchi,Local,2500,3000,2750,02/09/2026
Tamil Nadu,Krishnagiri,Krishnagiri(Uzhavar Sandhai ),Cauliflower,Ranchi,Local,2500,3000,2750,02/09/2026
Tamil Nadu,Theni,Periyakulam(Uzhavar Sandhai ),Cauliflower,Ranchi,Local,3000,3500,3250,02/09/2026
Tamil Nadu,Coimbatore,Udumalpet APMC,Cauliflower,Ranchi,Local,3000,3500,3250,02/09/2026
Tamil Nadu,Nagapattinam,Mayiladuthurai(Uzhavar Sandhai ),Cauliflower,Ranchi,Local,4500,5000,4750,02/09/2026
Tamil Nadu,Coimbatore,RSPuram(Uzhavar Sandhai ),Cauliflower,Ranchi,Local,4500,4800,4650,02/09/2026
Tamil Nadu,Coimbatore,Pollachi(Uzhavar Sandhai ),Cauliflower,Ranchi,Local,4500,5000,4750,02/09/2026
Tamil Nadu,The Nilgiris,Gudalur(Uzhavar Sandhai ),Cauliflower,Ranchi,Local,4000,4500,4250,02/09/2026
Madhya Pradesh,Hoshangabad,Itarsi(F&V) APMC,Cauliflower,Cauliflower,FAQ,2500,2500,2500,02/09/2026
Madhya Pradesh,Indore,Indore(F&V) APMC,Cauliflower,Cauliflower,Local,400,1000,600,02/09/2026
Madhya Pradesh,Jhabua,Petlawad(F&V) APMC,Cauliflower,Cauliflower,Grade A,1500,2400,1686,02/09/2026
Madhya Pradesh,Dhar,Manawar(F&V) APMC,Cauliflower,Cauliflower,Grade B,1700,2000,1800,02/09/2026
Madhya Pradesh,Dewas,Hatpiplya(F&V) APMC,Cauliflower,Cauliflower,Local,1200,2000,1600,02/09/2026
Madhya Pradesh,Ujjain,Ujjain(F&V) APMC,Cauliflower,Cauliflower,Medium,400,1980,871,02/09/2026
Madhya Pradesh,Betul,Betul(F&V) APMC,Cauliflower,Cauliflower,FAQ,1200,2000,1500,02/09/2026
Madhya Pradesh,Hoshangabad,Pipariya(F&V) APMC,Cauliflower,Cauliflower,Local,1400,2700,2300,02/09/2026
Madhya Pradesh,Morena,Sabalgarh(F&V) APMC,Cauliflower,Cauliflower,FAQ,1000,1000,1000,02/09/2026
Madhya Pradesh,Seoni,Seoni(F&V) APMC,Cauliflower,Cauliflower,Grade C,1120,1120,1120,02/09/2026
Madhya Pradesh,Narsinghpur,Gadarwara(F&V) APMC,Cauliflower,Cauliflower,Grade B,3500,3500,3500,02/09/2026
Madhya Pradesh,Khandwa,Badwah(F&V) APMC,Cauliflower,Cauliflower,Grade A,1500,2000,1800,02/09/2026
Madhya Pradesh,Harda,Harda(F&V) APMC,Cauliflower,Other,Medium,1200,1500,1400,02/09/2026
Madhya Pradesh,Mandsaur,Mandsaur(F&V) APMC,Cauliflower,Other,Grade B,1150,2000,1750,02/09/2026
Madhya Pradesh,Shivpuri,Shivpuri(F&V) APMC,Cauliflower,Other,Grade B,1500,1500,1500,02/09/2026
Madhya Pradesh,Morena,Kailaras APMC,Cauliflower,Other,FAQ,2200,2200,2200,02/09/2026
Madhya Pradesh,Khandwa,Khandwa(F&V) APMC,Cauliflower,Cauliflower,FAQ,700,1500,1000,02/09/2026
Madhya Pradesh,Sehore,Sehore(F&V) APMC,Cauliflower,Cauliflower,Grade Range-1,2000,2500,2200,02/09/2026
Madhya Pradesh,Badwani,Sendhwa(F&V) APMC,Cauliflower,Cauliflower,Medium,900,1100,1000,02/09/2026
Madhya Pradesh,Indore,Sanwer(F&V) APMC,Cauliflower,Cauliflower,FAQ,500,800,600,02/09/2026
Maharashtra,Solapur,SHRI.SIDDHESHWAR  APMC,Cauliflower,Other,Local,400,1200,880,02/09/2026
Maharashtra,Mumbai,Mumbai APMC,Cauliflower,Other,Local,1200,1800,1500,02/09/2026
Maharashtra,Nashik,Nasik APMC,Cauliflower,Other,Local,720,1430,1070,02/09/2026
Maharashtra,Dharashiv,Dharashiv APMC,Cauliflower,Other,Local,600,3000,1800,02/09/2026
Maharashtra,Solapur,Akluj APMC,Cauliflower,Other,Local,1000,2000,1500,02/09/2026
Maharashtra,Amarawati,Amrawati(Frui & Veg. Market) APMC,Cauliflower,Other,Local,2500,3000,2750,02/09/2026
Maharashtra,Pune,Pune(Khadiki) APMC,Cauliflower,Other,Local,800,1300,1050,02/09/2026
Maharashtra,Satara,Satara APMC,Cauliflower,Other,Local,3000,4000,3500,02/09/2026
Maharashtra,Nagpur,Kamthi APMC,Cauliflower,Other,Local,3000,3500,3250,02/09/2026
Maharashtra,Pune,Junnar(Otur) APMC,Cauliflower,Other,Local,500,2000,1500,02/09/2026
Maharashtra,Satara,Vai APMC,Cauliflower,Other,Local,2000,2500,2250,02/09/2026
Maharashtra,Jalgaon,Jalgaon APMC,Cauliflower,Other,Local,700,2000,1300,02/09/2026
Maharashtra,Ahilyanagar,Shrirampur APMC,Cauliflower,Other,Local,1000,1200,1100,02/09/2026
Maharashtra,Nagpur,Kalmeshwar APMC,Cauliflower,Other,Local,2035,2500,2355,02/09/2026
Maharashtra,Chattrapati Sambhajinagar,Chattrapati Sambhajinagar APMC,Cauliflower,Other,Local,1400,2000,1700,02/09/2026
Maharashtra,Satara,Karad APMC,Cauliflower,Other,Local,2000,2500,2500,02/09/2026
Maharashtra,Kolhapur,Kolhapur APMC,Cauliflower,Other,Local,750,1250,1000,02/09/2026
Maharashtra,Nagpur,Nagpur APMC,Cauliflower,Other,Local,1500,2000,1875,02/09/2026
Maharashtra,Jalgaon,Bhusaval APMC,Cauliflower,Other,Local,1200,2000,1500,02/09/2026
Maharashtra,Pune,Khed(Chakan) APMC,Cauliflower,Other,Local,1000,2000,1500,02/09/2026
Maharashtra,Ratnagiri,Ratnagiri (Nachane) APMC,Cauliflower,Other,Local,3000,4000,3500,02/09/2026
Maharashtra,Pune,Pune(Manjri) APMC,Cauliflower,Other,Local,1200,2000,1600,02/09/2026
Maharashtra,Chandrapur,Chandrapur(Ganjwad) APMC,Cauliflower,Other,Local,1000,2000,1500,02/09/2026
Maharashtra,Ahilyanagar,Rahata APMC,Cauliflower,Other,Local,800,1000,900,02/09/2026
Uttar Pradesh,Bareilly,Anwala APMC,Cauliflower,Cauliflower,FAQ,2000,2400,2200,02/09/2026
Uttar Pradesh,Saharanpur,CHHUTMALPUR APMC,Cauliflower,Cauliflower,Local,1650,1850,1750,02/09/2026
Uttar Pradesh,Sonbhadra,Dudhi APMC,Cauliflower,Cauliflower,Local,2600,2800,2700,02/09/2026
Uttar Pradesh,Bulandshahar,Gulavati APMC,Cauliflower,Cauliflower,FAQ,2000,2200,2100,02/09/2026
Uttar Pradesh,Shahjahanpur,Jalalabad APMC,Cauliflower,Cauliflower,FAQ,900,1000,950,02/09/2026
Uttar Pradesh,Mau(Maunathbhanjan),Kopaganj APMC,Cauliflower,Cauliflower,FAQ,2360,2400,2380,02/09/2026
Uttar Pradesh,Sambhal,Sambhal APMC,Cauliflower,Cauliflower,FAQ,800,1000,850,02/09/2026
Uttar Pradesh,Sant Kabir Nagar,Khalilabad APMC,Cauliflower,Cauliflower,Medium,2500,2800,2600,02/09/2026
Uttar Pradesh,Shamli,Kairana APMC,Cauliflower,Cauliflower,FAQ,2100,2200,2150,02/09/2026
Uttar Pradesh,Amroha,Hasanpur APMC,Cauliflower,Local,FAQ,2500,3050,3000,02/09/2026
Uttar Pradesh,Mathura,Kosikalan APMC,Cauliflower,Cauliflower,FAQ,4500,4700,4600,02/09/2026
Rajasthan,Ganganagar,Sriganganagar (F&V) APMC,Cauliflower,Cauliflower,Grade A,4500,4900,4700,02/09/2026
Rajasthan,Jaipur,Jaipur (F&V) APMC,Cauliflower,Other,FAQ,1600,2000,1800,02/09/2026
Rajasthan,Jodhpur,Jodhpur (F&V) APMC,Cauliflower,Other,Medium,1000,3500,2500,02/09/2026
Rajasthan,Jalore,Jalore APMC,Cauliflower,Cauliflower,Local,2000,2200,2100,02/09/2026
Karnataka,Kolar,Bangarpet APMC,Cauliflower,Local,Local,800,1000,900,02/09/2026
Karnataka,Bengaluru South,Ramanagara APMC,Cauliflower,Cauliflower,Local,2000,3000,2400,02/09/2026
Karnataka,Mysuru,Mysuru APMC,Cauliflower,Local,Medium,2800,3000,3000,02/09/2026
Gujarat,Kheda,Nadiyad(Chaklasi) APMC,Cauliflower,Cauliflower,FAQ,1700,2000,1800,02/09/2026
Gujarat,Surendranagar,Vadhvan APMC,Cauliflower,Cauliflower,Medium,2000,2500,2250,02/09/2026
Gujarat,Surat,Surat APMC,Cauliflower,Cauliflower,FAQ,1000,2400,1700,02/09/2026
Gujarat,Bharuch,Ankleshwar APMC,Cauliflower,Cauliflower,Grade A,1500,2500,2000,02/09/2026
Gujarat,Banaskanth,Deesa(Deesa Veg Yard) APMC,Cauliflower,Other,FAQ,2500,4000,3250,02/09/2026
Gujarat,Amreli,Damnagar APMC,Cauliflower,Cauliflower,Local,3000,3000,3000,02/09/2026
Gujarat,Anand,"Anand(Veg,Yard,Anand) APMC",Cauliflower,Cauliflower,Grade B,1500,2000,1750,02/09/2026
Gujarat,Anand,Khambhat(Veg Yard Khambhat) APMC,Cauliflower,Other,Local,3000,5000,4000,02/09/2026
Gujarat,Gandhinagar,Mansa(Manas Veg Yard) APMC,Cauliflower,Cauliflower,Local,2500,3000,2500,02/09/2026
Gujarat,Mehsana,Mehsana(Mehsana Veg) APMC,Cauliflower,Cauliflower,Local,1800,4000,2500,02/09/2026
Gujarat,Navsari,Bilimora APMC,Cauliflower,Other,FAQ,1500,3000,2800,02/09/2026
Gujarat,Porbandar,Porbandar APMC,Cauliflower,African Sarson,Local,3000,4000,3500,02/09/2026
Gujarat,Kheda,Kapadvanj APMC,Cauliflower,Cauliflower,Medium,1000,2000,1500,02/09/2026
Gujarat,Dahod,Dahod(Veg. Market) APMC,Cauliflower,Cauliflower,Local,500,2500,2000,02/09/2026
Gujarat,Sabarkantha,Himatnagar(Veg.Market Himatnagar) APMC,Cauliflower,Cauliflower,Local,3500,4000,3820,02/09/2026
Gujarat,Vadodara(Baroda),Padra APMC,Cauliflower,Other,FAQ,2000,3000,2500,02/09/2026
Gujarat,Kheda,Nadiyad(Piplag) APMC,Cauliflower,Cauliflower,FAQ,1500,2000,1800,02/09/2026
Gujarat,Navsari,Navsari APMC,Cauliflower,Cauliflower,Local,2500,3000,2750,02/09/2026
Gujarat,Bharuch,Bharuch APMC,Cauliflower,Other,Local,1500,2000,1800,02/09/2026
Haryana,Hissar,Barwala(Hisar) APMC,Cauliflower,Cauliflower,Local,3500,5000,4500,02/09/2026
Haryana,Fatehabad,Ratia APMC,Cauliflower,Other,Grade A,4000,5000,4500,02/09/2026
Haryana,Panipat,Samalkha APMC,Cauliflower,Cauliflower,FAQ,2000,4000,3000,02/09/2026
Haryana,Faridabad,Ballabhgarh APMC,Cauliflower,Cauliflower,FAQ,2000,2500,2200,02/09/2026
Haryana,Hissar,Hansi APMC,Cauliflower,Other,FAQ,4000,5000,4500,02/09/2026
Haryana,Sonipat,Sonepat APMC,Cauliflower,Other,FAQ,4000,4900,4500,02/09/2026
Haryana,Kurukshetra,Thanesar APMC,Cauliflower,Cauliflower,Local,3000,6000,4500,02/09/2026
Haryana,Kurukshetra,Shahabad APMC,Cauliflower,Cauliflower,Medium,2500,4800,4200,02/09/2026
Haryana,Mahendragarh-Narnaul,Narnaul APMC,Cauliflower,Cauliflower,Medium,4000,6000,5000,02/09/2026
Haryana,Jhajar,Bahadurgarh APMC,Cauliflower,Other,Medium,2500,3000,2800,02/09/2026
Haryana,Faridabad,Faridabad APMC,Cauliflower,Cauliflower,Local,4000,4000,4000,02/09/2026
Haryana,Gurgaon,Sohna APMC,Cauliflower,Cauliflower,Local,3500,6000,5000,02/09/2026
Haryana,Yamuna Nagar,Jagadhri APMC,Cauliflower,Cauliflower,Medium,3500,4000,3800,02/09/2026
Haryana,Kaithal,Siwan APMC,Cauliflower,Other,FAQ,2800,3000,2900,02/09/2026
Haryana,Ambala,Naraingarh APMC,Cauliflower,Cauliflower,Medium,2500,4000,3500,02/09/2026
Haryana,Yamuna Nagar,Radaur APMC,Cauliflower,Other,Medium,5000,5400,5200,02/09/2026
Haryana,Sonipat,Ganaur APMC,Cauliflower,Other,Medium,5000,6000,5500,02/09/2026
Haryana,Mahendragarh-Narnaul,Mohindergarh APMC,Cauliflower,Cauliflower,Medium,1000,3000,2000,02/09/2026
Haryana,Panchkula,Barwala APMC,Cauliflower,Local,FAQ,4000,5000,4500,02/09/2026
Haryana,Panchkula,Raipur Rani APMC,Cauliflower,Cauliflower,Local,3000,3200,3000,02/09/2026
Haryana,Sonipat,Gohana APMC,Cauliflower,Other,Medium,3000,6000,5000,02/09/2026
Punjab,Faridkot,Faridkot APMC,Cauliflower,Cauliflower,Grade A,3500,3500,3500,02/09/2026
Punjab,Ludhiana,Sahnewal APMC,Cauliflower,Cauliflower,FAQ,4100,4100,4100,02/09/2026
Punjab,Patiala,Dudhansadhan APMC,Cauliflower,Other,Grade B,4500,4500,4500,02/09/2026
Punjab,Hoshiarpur,Dasuya APMC,Cauliflower,Cauliflower,Grade B,6000,6000,6000,02/09/2026
Punjab,Hoshiarpur,Tanda Urmur APMC,Cauliflower,Cauliflower,Grade A,5000,6000,5500,02/09/2026
Punjab,Mohali,Lalru APMC,Cauliflower,Other,Local,4000,4000,4000,02/09/2026
Punjab,Amritsar,Rayya APMC,Cauliflower,Local,FAQ,3180,3180,3180,02/09/2026
Punjab,Jalandhar,Adampur APMC,Cauliflower,Cauliflower,FAQ,3500,4000,4000,02/09/2026
Punjab,Hoshiarpur,Mukerian(Talwara) APMC,Cauliflower,Cauliflower,FAQ,4000,5000,4500,02/09/2026
Punjab,Hoshiarpur,Garh Shankar(Mahalpur) APMC,Cauliflower,Cauliflower,FAQ,3800,3800,3800,02/09/2026
Punjab,Jalandhar,Jalandhar City(Jalandhar) APMC,Cauliflower,Cauliflower,FAQ,1500,3000,2200,02/09/2026
Punjab,Ludhiana,Samrala APMC,Cauliflower,Other,Local,2500,3500,3000,02/09/2026
Punjab,Gurdaspur,Quadian APMC,Cauliflower,Other,Grade A,3800,4000,3900,02/09/2026
Punjab,Ludhiana,Khanna APMC,Cauliflower,Local,Grade A,2500,2500,2500,02/09/2026
Punjab,Patiala,Patran APMC,Cauliflower,Other,Grade A,3190,3190,3190,02/09/2026
Punjab,Tarntaran,Tarantaran APMC,Cauliflower,Other,Local,2800,2800,2800,02/09/2026
Punjab,Mohali,Kharar APMC,Cauliflower,Local,Local,1000,3000,2000,02/09/2026
Punjab,Fazilka,Fazilka APMC,Cauliflower,Cauliflower,FAQ,6000,6000,6000,02/09/2026
Punjab,Hoshiarpur,GarhShankar (Kotfatuhi) APMC,Cauliflower,Other,FAQ,3500,3500,3500,02/09/2026
Punjab,Sangrur,Sangrur APMC,Cauliflower,Cauliflower,Grade B,2500,3500,3000,02/09/2026
Punjab,Hoshiarpur,Mukerian APMC,Cauliflower,Cauliflower,Grade B,3500,5500,4500,02/09/2026
Punjab,Fatehgarh,Sirhind APMC,Cauliflower,Other,Medium,3800,4500,4200,02/09/2026
Punjab,Ludhiana,Raikot APMC,Cauliflower,Cauliflower,Grade A,4195,4195,4195,02/09/2026
Punjab,Ludhiana,Doraha APMC,Cauliflower,Local,Local,3500,4000,3800,02/09/2026
Punjab,Amritsar,Ajnala APMC,Cauliflower,Cauliflower,Local,3200,3200,3200,02/09/2026
Punjab,Ludhiana,Ludhiana APMC,Cauliflower,Other,FAQ,1200,3500,2200,02/09/2026
Punjab,Ludhiana,Jagraon APMC,Cauliflower,Other,FAQ,1800,1800,1800,02/09/2026
Punjab,Ropar (Rupnagar),Chamkaur Sahib APMC,Cauliflower,Cauliflower,Medium,5000,5000,5000,02/09/2026
Punjab,Ropar (Rupnagar),Ropar APMC,Cauliflower,Cauliflower,Medium,3800,4200,4000,02/09/2026
Punjab,Sangrur,Malerkotla APMC,Cauliflower,Other,Local,2500,3800,3500,02/09/2026
Punjab,Nawanshahr,Balachaur APMC,Cauliflower,Other,Medium,2000,2500,2200,02/09/2026
Punjab,Patiala,Nabha APMC,Cauliflower,Other,Grade C,2000,3000,2400,02/09/2026
Punjab,Patiala,Patiala APMC,Cauliflower,Local,Grade A,3000,3500,3200,02/09/2026
Punjab,Ropar (Rupnagar),Chamkaur Sahib APMC,Cauliflower,Other,Medium,5000,5000,5000,02/09/2026
Punjab,Ferozpur,Zira APMC,Cauliflower,Other,Local,4500,4500,4500,02/09/2026
Punjab,Muktsar,Muktsar APMC,Cauliflower,Cauliflower,Medium,2500,4500,3500,02/09/2026
Punjab,Gurdaspur,Dinanagar APMC,Cauliflower,Cauliflower,Medium,4500,5000,4800,02/09/2026
Punjab,Hoshiarpur,Garh Shankar APMC,Cauliflower,Cauliflower,FAQ,3400,3400,3400,02/09/2026
Punjab,Bhatinda,Rampuraphul(Nabha Mandi) APMC,Cauliflower,Cauliflower,Grade A,2500,4000,3500,02/09/2026
Andhra Pradesh,Chittor,Palamaner APMC,Cauliflower,Cauliflower,FAQ,1200,1800,1400,02/09/2026
Odisha,Rayagada,Rayagada APMC,Cauliflower,Cauliflower,Local,4900,5000,5000,02/09/2026
Odisha,Deogarh,Deogarh APMC,Cauliflower,Cauliflower,FAQ,5000,5400,5200,02/09/2026
Odisha,Boudh,Boudh APMC,Cauliflower,Other,Local,7000,8000,7500,02/09/2026
Odisha,Nuapada,Khariar Road APMC,Cauliflower,Cauliflower,Grade A,10000,10000,10000,02/09/2026
Odisha,Bolangir,Tusura APMC,Cauliflower,Other,Large,5200,6000,5600,02/09/2026
Odisha,Bolangir,Bolangir APMC,Cauliflower,Other,Large,5200,6000,5600,02/09/2026
Odisha,Nowarangpur,Nawarangpur APMC,Cauliflower,Cauliflower,Grade B,3800,3800,3800,02/09/2026
Odisha,Koraput,Jeypore APMC,Cauliflower,Cauliflower,Grade B,5500,5500,5500,02/09/2026
Odisha,Bolangir,Kantabaji APMC,Cauliflower,Other,Grade B,3500,4500,4000,02/09/2026
Odisha,Ganjam,Bhanjanagar APMC,Cauliflower,Cauliflower,Large,5200,5400,5300,02/09/2026
Odisha,Keonjhar,Anandapur APMC,Cauliflower,African Sarson,Local,5000,5000,5000,02/09/2026
Odisha,Sundergarh,Panposh APMC,Cauliflower,Other,FAQ,4000,4500,4200,02/09/2026
Odisha,Dhenkanal,Kamakhyanagar APMC,Cauliflower,Cauliflower,Grade A,6000,6000,6000,02/09/2026
Odisha,Mayurbhanja,Karanjia APMC,Cauliflower,Cauliflower,Local,5700,6200,6100,02/09/2026
Odisha,Koraput,Koraput(Semilguda) APMC,Cauliflower,Local,Grade B,4000,5000,4500,02/09/2026
Bihar,Muzaffarpur,Bhagwanpur Mandi APMC,Cauliflower,African Sarson,Grade A,6000,6000,6000,02/09/2026
Telangana,Warangal,Warangal APMC,Cauliflower,Cauliflower,FAQ,2000,2500,2250,02/09/2026
Telangana,Hyderabad,RYTHU BAZAR MEHDIPATNAM,Cauliflower,Cauliflower,Grade A,2100,2100,2100,02/09/2026
Telangana,Hyderabad,RYTHU BAZAR ERRAGADDA,Cauliflower,Cauliflower,Grade A,2100,2100,2100,02/09/2026
Telangana,Ranga Reddy,"Vanasthalipuram,RBZ ",Cauliflower,Cauliflower,Grade A,2100,2100,2100,02/09/2026
Telangana,Ranga Reddy,"Saroornagar,RBZ",Cauliflower,Cauliflower,Medium,2100,2100,2100,02/09/2026
Telangana,Hyderabad,Bowenpally APMC,Cauliflower,Cauliflower,FAQ,800,1800,1500,02/09/2026
Telangana,Mahbubnagar,Mahabubnagar(Rythu Bazar),Cauliflower,Cauliflower,Local,3200,3200,3200,02/09/2026
Telangana,Ranga Reddy,L B Nagar APMC,Cauliflower,Cauliflower,Medium,1500,2500,2000,02/09/2026
Telangana,Siddipet,Siddipet(Rythu Bazar) ,Cauliflower,African Sarson,Grade A,2500,3500,3000,02/09/2026
Telangana,Hyderabad,RYTHU BAZAR FALAKNUMA,Cauliflower,Cauliflower,Grade A,2100,2100,2100,02/09/2026
Telangana,Adilabad,Adilabad (Rythu Bazar) ,Cauliflower,Cauliflower,Local,7000,7200,7000,02/09/2026
Telangana,Hyderabad,Mahboob Manison APMC,Cauliflower,Cauliflower,Medium,2500,2500,2500,02/09/2026
Telangana,Hyderabad,Gudimalkapur APMC,Cauliflower,Cauliflower,Grade B,1500,3000,2000,02/09/2026
Uttarakhand,Udhamsinghnagar,Kicchha APMC,Cauliflower,Cauliflower,Medium,1800,1900,1850,02/09/2026
Uttarakhand,Udhamsinghnagar,Kashipur APMC,Cauliflower,Other,Local,2000,2000,2000,02/09/2026
Uttarakhand,Haridwar,Haridwar Union APMC,Cauliflower,Cauliflower,Grade B,2500,5000,3500,02/09/2026
Uttarakhand,Dehradoon,Vikasnagar APMC,Cauliflower,Other,FAQ,1000,2000,1000,02/09/2026
Uttarakhand,Haridwar,Manglaur APMC,Cauliflower,Other,Large,1200,2000,1500,02/09/2026
Uttarakhand,Haridwar,Roorkee APMC,Cauliflower,Other,Local,1000,1500,1200,02/09/2026
Uttarakhand,Garhwal (Pauri),Kotadwara APMC,Cauliflower,Cauliflower,FAQ,1400,1400,1400,02/09/2026
Uttarakhand,Udhamsinghnagar,Jaspur(UC) APMC,Cauliflower,Other,FAQ,1500,1600,1570,02/09/2026
Himachal Pradesh,Kangra,SMY Jassur,Cauliflower,Other,FAQ,5000,5500,5200,02/09/2026
Himachal Pradesh,Shimla,SMY Rampur,Cauliflower,Other,Local,5000,6000,5500,02/09/2026
Himachal Pradesh,Shimla,SMY Rohroo,Cauliflower,Cauliflower,Grade B,5000,6000,5500,02/09/2026
Himachal Pradesh,Kangra,SMY Nagrota Bagwan,Cauliflower,Cauliflower,FAQ,4000,5500,5000,02/09/2026
Himachal Pradesh,Kullu,PMY Kullu,Cauliflower,Other,FAQ,3500,4000,3800,02/09/2026
Himachal Pradesh,Kullu,SMY Chauri Bihal,Cauliflower,Other,Grade Range-1,1000,3000,2500,02/09/2026
Himachal Pradesh,Kullu,SMY Bandrol,Cauliflower,Other,FAQ,1000,2800,2200,02/09/2026
Himachal Pradesh,Solan,PMY Kather Solan,Cauliflower,Other,Medium,1500,5000,3000,02/09/2026
Himachal Pradesh,Una,PMY Una,Cauliflower,Cauliflower,Local,3500,5000,4200,02/09/2026
Himachal Pradesh,Kullu,SMY Bhuntar,Cauliflower,Other,FAQ,4500,5000,4800,02/09/2026
Himachal Pradesh,Kangra,SMY Dharamshala,Cauliflower,Cauliflower,FAQ,5400,5800,5500,02/09/2026
Himachal Pradesh,Mandi,SMY Dhanotu,Cauliflower,Cauliflower,FAQ,3500,4000,3750,02/09/2026
Himachal Pradesh,Sirmore,SMY Nahan,Cauliflower,Other,FAQ,6500,7000,6800,02/09/2026
Himachal Pradesh,Kangra,SMY Palampur,Cauliflower,Cauliflower,FAQ,4500,5000,4800,02/09/2026
Himachal Pradesh,Mandi,SMY Jogindernagar,Cauliflower,Local,Grade B,5000,6000,5500,02/09/2026
Himachal Pradesh,Bilaspur,PMY Bilaspur,Cauliflower,Other,Grade B,4000,6000,4300,02/09/2026
Himachal Pradesh,Sirmore,PMY Paonta Sahib,Cauliflower,Cauliflower,FAQ,5000,6000,5500,02/09/2026
Himachal Pradesh,Kangra,PMY Kangra,Cauliflower,Cauliflower,FAQ,4000,5500,4500,02/09/2026
Himachal Pradesh,Solan,SMY Nalagarh,Cauliflower,Other,Medium,4000,4500,4300,02/09/2026
Himachal Pradesh,Kangra,SMY Baijnath,Cauliflower,Cauliflower,Grade A,5500,5600,5600,02/09/2026
Himachal Pradesh,Kangra,SMY Jaisinghpur,Cauliflower,Cauliflower,FAQ,4800,5200,5000,02/09/2026
Himachal Pradesh,Chamba,PMY Chamba,Cauliflower,Cauliflower,Medium,5000,6000,5500,02/09/2026
Himachal Pradesh,Hamirpur,PMY Hamirpur,Cauliflower,Cauliflower,Grade B,7000,7500,7250,02/09/2026
Assam,Tinsukia,Tinsukia Market,Cauliflower,Cauliflower,FAQ,7000,9000,8000,02/09/2026
Assam,Hailakandi,Harbartganj Daily Market APMC,Cauliflower,Cauliflower,FAQ,5000,6000,5750,02/09/2026
Tamil Nadu,Erode,Perundurai(Uzhavar Sandhai ),Cabbage,Cabbage,Local,2200,2500,2350,02/09/2026
Tamil Nadu,Dindigul,Dindigul(Uzhavar Sandhai ),Cabbage,Cabbage,Local,3000,4000,3500,02/09/2026
Tamil Nadu,Dharmapuri,Karimangalam(Uzhavar Sandhai),Cabbage,Cabbage,Local,3300,3500,3400,02/09/2026
Tamil Nadu,Madurai,Anaiyur(Uzhavar Sandhai ),Cabbage,Cabbage,Local,2400,2600,2500,02/09/2026
Tamil Nadu,Ranipet,Arcot(Uzhavar Sandhai ),Cabbage,Cabbage,Local,3000,3000,3000,02/09/2026
Tamil Nadu,Thiruchirappalli,Thuraiyur APMC,Cabbage,Cabbage,Local,3000,3000,3000,02/09/2026
Tamil Nadu,Salem,Thathakapatti(Uzhavar Sandhai ),Cabbage,Cabbage,Local,2500,3600,3050,02/09/2026
Tamil Nadu,Thirunelveli,Melapalayam(Uzhavar Sandhai ),Cabbage,Cabbage,Local,3000,3200,3100,02/09/2026
Tamil Nadu,Dharmapuri,AJattihalli(Uzhavar Sandhai ),Cabbage,Cabbage,Local,3000,3400,3200,02/09/2026
Tamil Nadu,Thiruchirappalli,Lalgudi(Uzhavar Sandhai ),Cabbage,Cabbage,Local,3000,3000,3000,02/09/2026
Tamil Nadu,Thiruchirappalli,Musiri(Uzhavar Sandhai ),Cabbage,Cabbage,Local,2500,3000,2750,02/09/2026
Tamil Nadu,Virudhunagar,Sivakasi(Uzhavar Sandhai ),Cabbage,Cabbage,Local,3500,4000,3750,02/09/2026
Tamil Nadu,Chengalpattu,Jameenrayapettai(Uzhavar Sandhai ),Cabbage,Cabbage,Local,2000,2500,2250,02/09/2026
Tamil Nadu,Madurai,Chokkikulam(Uzhavar Sandhai ),Cabbage,Cabbage,Local,2400,2600,2500,02/09/2026
Tamil Nadu,Cuddalore,Viruthachalam(Uzhavar Sandhai ),Cabbage,Cabbage,Local,4000,4000,4000,02/09/2026
Tamil Nadu,The Nilgiris,Udhagamandalam(Uzhavar Sandhai ),Cabbage,Cabbage,Local,2000,2500,2250,02/09/2026
Tamil Nadu,Virudhunagar,Aruppukottai(Uzhavar Sandhai ),Cabbage,Cabbage,Local,3000,4000,3500,02/09/2026
Tamil Nadu,Villupuram,Gingee(Uzhavar Sandhai ),Cabbage,Cabbage,Local,4000,4000,4000,02/09/2026
Tamil Nadu,Salem,Vazhapadi(Uzhavar Sandhai),Cabbage,Cabbage,Local,3000,3400,3200,02/09/2026
Tamil Nadu,Thirupur,Dharapuram(Uzhavar Sandhai ),Cabbage,Cabbage,Local,3000,3500,3250,02/09/2026
Tamil Nadu,Thirupur,Palladam(Uzhavar Sandhai ),Cabbage,Cabbage,Local,2500,3000,2750,02/09/2026
Tamil Nadu,Coimbatore,Vadavalli(Uzhavar Sandhai ),Cabbage,Cabbage,Local,1800,2200,2000,02/09/2026
Tamil Nadu,Tuticorin,Kovilpatti(Uzhavar Sandhai ),Cabbage,Cabbage,Local,3000,3500,3250,02/09/2026
Tamil Nadu,Villupuram,Villupuram(Uzhavar Sandhai ),Cabbage,Cabbage,Local,4000,4000,4000,02/09/2026
Tamil Nadu,Coimbatore,Singanallur(Uzhavar Sandhai ),Cabbage,Cabbage,Local,2500,3000,2750,02/09/2026
Tamil Nadu,Coimbatore,Pollachi(Uzhavar Sandhai ),Cabbage,Cabbage,Local,3500,4000,3750,02/09/2026
Tamil Nadu,Karur,Karur(Uzhavar Sandhai ),Cabbage,Cabbage,Local,3500,4000,3750,02/09/2026
Tamil Nadu,Cuddalore,Cuddalore(Uzhavar Sandhai ),Cabbage,Cabbage,Local,3000,3000,3000,02/09/2026
Tamil Nadu,Nagercoil (Kannyiakumari),Vadaseri APMC,Cabbage,Cabbage,Local,5500,6000,5750,02/09/2026
Tamil Nadu,Vellore,Thirupathur APMC,Cabbage,Cabbage,Local,3400,3400,3400,02/09/2026
Tamil Nadu,Vellore,Vellore APMC,Cabbage,Cabbage,Local,2500,2500,2500,02/09/2026
Tamil Nadu,Thirupathur,Vaniyampadi(Uzhavar Sandhai ),Cabbage,Cabbage,Local,4000,4000,4000,02/09/2026
Tamil Nadu,Vellore,Pallikonda(Uzhavar Sandhai),Cabbage,Cabbage,Local,2500,2500,2500,02/09/2026
Tamil Nadu,Vellore,Kahithapattarai(Uzhavar Sandhai ),Cabbage,Cabbage,Local,2000,2000,2000,02/09/2026
Tamil Nadu,Pudukkottai,Pudukottai(Uzhavar Sandhai ),Cabbage,Cabbage,Local,3000,3500,3250,02/09/2026
Tamil Nadu,Sivaganga,Devakottai (Uzhavar Sandhai ),Cabbage,Cabbage,Local,2800,3000,2900,02/09/2026
Tamil Nadu,Salem,Elampillai(Uzhavar Sandhai ),Cabbage,Cabbage,Local,2500,3000,2750,02/09/2026
Tamil Nadu,Virudhunagar,Sathur(Uzhavar Sandhai ),Cabbage,Cabbage,Local,3500,4000,3750,02/09/2026
Tamil Nadu,Virudhunagar,Thalavaipuram(Uzhavar Sandhai ),Cabbage,Cabbage,Local,2800,3200,3000,02/09/2026
Tamil Nadu,Virudhunagar,Virudhunagar(Uzhavar Sandhai ),Cabbage,Cabbage,Local,3500,4000,3750,02/09/2026
Tamil Nadu,Dharmapuri,Palacode(Uzhavar Sandhai ),Cabbage,Cabbage,Local,2800,3000,2900,02/09/2026
Tamil Nadu,Kancheepuram,Padappai(Uzhavar Sandhai ),Cabbage,Cabbage,Local,2000,2500,2250,02/09/2026
Tamil Nadu,Krishnagiri,Avallapalli(Uzhavar Sandhai ),Cabbage,Cabbage,Local,1000,1500,1250,02/09/2026
Tamil Nadu,Namakkal,Kumarapalayam(Uzhavar Sandhai ),Cabbage,Cabbage,Local,3600,4000,3800,02/09/2026
Tamil Nadu,Namakkal,Rasipuram(Uzhavar Sandhai ),Cabbage,Cabbage,Local,3600,3800,3700,02/09/2026
Tamil Nadu,Perambalur,Perambalur(Uzhavar Sandhai ),Cabbage,Cabbage,Local,3200,3200,3200,02/09/2026
Tamil Nadu,Ranipet,Ranipettai(Uzhavar Sandhai ),Cabbage,Cabbage,Local,2500,2500,2500,02/09/2026
Tamil Nadu,Salem,Ammapet(Uzhavar Sandhai ),Cabbage,Cabbage,Local,2500,3000,2750,02/09/2026
Tamil Nadu,Salem,Thammampatti (Uzhavar Sandhai ),Cabbage,Cabbage,Local,3500,4000,3750,02/09/2026
Tamil Nadu,Theni,Chinnamanur(Uzhavar Sandhai ),Cabbage,Cabbage,Local,2600,2600,2600,02/09/2026
Tamil Nadu,Theni,Kambam(Uzhavar Sandhai ),Cabbage,Cabbage,Local,3000,3000,3000,02/09/2026
Tamil Nadu,Theni,Theni(Uzhavar Sandhai ),Cabbage,Cabbage,Local,3000,3000,3000,02/09/2026
Tamil Nadu,Thirunelveli,Palayamkottai(Uzhavar Sandhai ),Cabbage,Cabbage,Local,3000,3200,3100,02/09/2026
Tamil Nadu,Cuddalore,Vadalur(Uzhavar Sandhai ),Cabbage,Cabbage,Local,3000,3000,3000,02/09/2026
Tamil Nadu,Thirupur,Tiruppur (South) (Uzhavar Sandhai ),Cabbage,Cabbage,Local,1800,2000,1900,02/09/2026
Tamil Nadu,Dindigul,Palani(Uzhavar Sandhai ),Cabbage,Cabbage,Local,3000,3400,3200,02/09/2026
Tamil Nadu,Namakkal,Paramathivelur(Uzhavar Sandhai ),Cabbage,Cabbage,Local,2500,3000,2750,02/09/2026
Tamil Nadu,Madurai,Palanganatham(Uzhavar Sandhai ),Cabbage,Cabbage,Local,2400,2600,2500,02/09/2026
Tamil Nadu,Madurai,Anna nagar(Uzhavar Sandhai ),Cabbage,Cabbage,Local,3200,3200,3200,02/09/2026
Tamil Nadu,Salem,Mettur(Uzhavar Sandhai ),Cabbage,Cabbage,Local,2500,3000,2750,02/09/2026
Tamil Nadu,Thiruvannamalai,Chengam(Uzhavar Sandhai ),Cabbage,Cabbage,Local,3300,4000,3650,02/09/2026
Tamil Nadu,Thiruvarur,Muthupettai(Uzhavar Sandhai ),Cabbage,Cabbage,Local,3400,3400,3400,02/09/2026
Tamil Nadu,Theni,Devaram(Uzhavar Sandhai ),Cabbage,Cabbage,Local,3000,3000,3000,02/09/2026
Tamil Nadu,Sivaganga,Sivagangai (Uzhavar Sandhai ),Cabbage,Cabbage,Local,2600,2800,2700,02/09/2026
Tamil Nadu,Salem,Jalagandapuram(Uzhavar Sandhai ),Cabbage,Cabbage,Local,2800,3000,2900,02/09/2026
Tamil Nadu,Thiruchirappalli,Manachanallur(Uzhavar Sandhai ),Cabbage,Cabbage,Local,3000,3000,3000,02/09/2026
Tamil Nadu,Virudhunagar,Rajapalayam(Uzhavar Sandhai ),Cabbage,Cabbage,Local,2700,3200,2950,02/09/2026
Tamil Nadu,Chengalpattu,Nanganallur(Uzhavar Sandhai ),Cabbage,Cabbage,Local,3500,4000,3750,02/09/2026
Tamil Nadu,Chengalpattu,Pallavaram(Uzhavar Sandhai ),Cabbage,Cabbage,Local,2000,2500,2250,02/09/2026
Tamil Nadu,Nagercoil (Kannyiakumari),Myladi(Uzhavar Sandhai ),Cabbage,Cabbage,Local,4500,5000,4750,02/09/2026
Tamil Nadu,Nagapattinam,Nagapattinam(Uzhavar Sandhai ),Cabbage,Cabbage,Local,4000,4500,4250,02/09/2026
Tamil Nadu,Tenkasi,Tenkasi(Uzhavar Sandhai ),Cabbage,Cabbage,Local,3000,3000,3000,02/09/2026
Tamil Nadu,Thanjavur,Kumbakonam (Uzhavar Sandhai ),Cabbage,Cabbage,Local,3600,3600,3600,02/09/2026
Tamil Nadu,Vellore,Katpadi (Uzhavar Sandhai ),Cabbage,Cabbage,Local,2500,2500,2500,02/09/2026
Tamil Nadu,Karur,Gandhigramam(Uzhavar Sandhai),Cabbage,Cabbage,Local,4500,5000,4750,02/09/2026
Tamil Nadu,Erode,Gobichettipalayam(Uzhavar Sandhai ),Cabbage,Cabbage,Local,2200,2500,2350,02/09/2026
Tamil Nadu,Nagapattinam,Mayiladuthurai(Uzhavar Sandhai ),Cabbage,Cabbage,Local,3600,4000,3800,02/09/2026
Tamil Nadu,Ramanathapuram,Ramanathapuram(Uzhavar Sandhai ),Cabbage,Cabbage,Local,4200,4500,4350,02/09/2026
Tamil Nadu,Thiruvannamalai,Arani(Uzhavar Sandhai ),Cabbage,Cabbage,Local,2500,3000,2750,02/09/2026
Tamil Nadu,Thiruvannamalai,Tiruvannamalai(Uzhavar Sandhai ),Cabbage,Cabbage,Local,2500,3000,2750,02/09/2026
Tamil Nadu,Ariyalur,Ariyalur(Uzhavar Sandhai),Cabbage,Cabbage,Local,3800,4500,4150,02/09/2026
Tamil Nadu,Coimbatore,Sundarapuram(Uzhavar Sandhai ),Cabbage,Cabbage,Local,2600,3000,2800,02/09/2026
Tamil Nadu,Coimbatore,RSPuram(Uzhavar Sandhai ),Cabbage,Cabbage,Local,2000,2200,2100,02/09/2026
Tamil Nadu,Tuticorin,Tuticorin(Uzhavar Sandhai ),Cabbage,Cabbage,Local,3500,4000,3750,02/09/2026
Tamil Nadu,Erode,Sathiyamagalam(Uzhavar Sandhai ),Cabbage,Cabbage,Local,3000,3500,3250,02/09/2026
Tamil Nadu,Coimbatore,Mettupalayam(Uzhavar Sandhai ),Cabbage,Cabbage,Local,3000,3500,3250,02/09/2026
Tamil Nadu,Ramanathapuram,Paramakudi(Uzhavar Sandhai ),Cabbage,Cabbage,Local,4000,4500,4250,02/09/2026
Tamil Nadu,Thiruvannamalai,Polur(Uzhavar Sandhai ),Cabbage,Cabbage,Local,2500,3000,2750,02/09/2026
Tamil Nadu,Thiruvarur,Mannargudi I(Uzhavar Sandhai ),Cabbage,Cabbage,Local,3400,3400,3400,02/09/2026
Tamil Nadu,Thiruvannamalai,Cheyyar(Uzhavar Sandhai ),Cabbage,Cabbage,Local,2500,3000,2750,02/09/2026
Tamil Nadu,Dharmapuri,Harur(Uzhavar Sandhai ),Cabbage,Cabbage,Local,2500,3000,2750,02/09/2026
Tamil Nadu,Krishnagiri,Krishnagiri(Uzhavar Sandhai ),Cabbage,Cabbage,Local,2500,3000,2750,02/09/2026
Tamil Nadu,Theni,Bodinayakanur(Uzhavar Sandhai ),Cabbage,Cabbage,Local,2600,2600,2600,02/09/2026
Tamil Nadu,Thiruvellore,Tiruthani(Uzhavar Sandhai ),Cabbage,Cabbage,Local,4000,4000,4000,02/09/2026
Tamil Nadu,Virudhunagar,Kariyapatti(Uzhavar Sandhai ),Cabbage,Cabbage,Local,3500,4000,3750,02/09/2026
Tamil Nadu,Karur,Kulithalai(Uzhavar Sandhai ),Cabbage,Cabbage,Local,3000,3200,3100,02/09/2026
Tamil Nadu,Dharmapuri,Dharmapuri(Uzhavar Sandhai ),Cabbage,Cabbage,Local,3200,3400,3300,02/09/2026
Tamil Nadu,Kancheepuram,Kundrathur(Uzhavar Sandhai ),Cabbage,Cabbage,Local,3000,3000,3000,02/09/2026
Tamil Nadu,Salem,Edapadi (Uzhavar Sandhai ),Cabbage,Cabbage,Local,2500,3000,2750,02/09/2026
Tamil Nadu,Salem,Hasthampatti(Uzhavar Sandhai ),Cabbage,Cabbage,Local,3000,3500,3250,02/09/2026
Tamil Nadu,Thanjavur,Pattukottai(Uzhavar Sandhai ),Cabbage,Cabbage,Local,3400,3400,3400,02/09/2026
Tamil Nadu,Thanjavur,Thanjavur(Uzhavar Sandhai ),Cabbage,Cabbage,Local,3400,3400,3400,02/09/2026
Tamil Nadu,Thiruchirappalli,Manapparai(Uzhavar Sandhai ),Cabbage,Cabbage,Local,3000,3000,3000,02/09/2026
Tamil Nadu,Thiruchirappalli,Thiruverumbur(Uzhavar Sandhai ),Cabbage,Cabbage,Local,3000,3000,3000,02/09/2026
Tamil Nadu,Krishnagiri,Denkanikottai(Uzhavar Sandhai ),Cabbage,Cabbage,Local,1200,1500,1350,02/09/2026
Tamil Nadu,Nagapattinam,Sirkali(Uzhavar Sandhai ),Cabbage,Cabbage,Local,2500,3000,2750,02/09/2026
Tamil Nadu,Namakkal,Mohanur(Uzhavar Sandhai ),Cabbage,Cabbage,Local,3200,3500,3350,02/09/2026
Tamil Nadu,Kallakuruchi,Kallakurichi(Uzhavar Sandhai ),Cabbage,Cabbage,Local,4000,4000,4000,02/09/2026
Tamil Nadu,Thirupathur,Natrampalli(Uzhavar Sandhai ),Cabbage,Cabbage,Local,2500,3000,2750,02/09/2026
Tamil Nadu,Theni,Periyakulam(Uzhavar Sandhai ),Cabbage,Cabbage,Local,3000,3000,3000,02/09/2026
Tamil Nadu,Virudhunagar,Srivilliputhur(Uzhavar Sandhai ),Cabbage,Cabbage,Local,3000,3500,3250,02/09/2026
Tamil Nadu,Dharmapuri,Pennagaram(Uzhavar Sandhai ),Cabbage,Cabbage,Local,3600,4000,3800,02/09/2026
Tamil Nadu,Dindigul,Chinnalapatti(Uzhavar Sandhai ),Cabbage,Cabbage,Local,3600,4000,3800,02/09/2026
Tamil Nadu,Kancheepuram,Sunguvarchatram(Uzhavar Sandhai ),Cabbage,Cabbage,Local,3000,3000,3000,02/09/2026
Tamil Nadu,Krishnagiri,Hosur(Uzhavar Sandhai ),Cabbage,Cabbage,Local,1000,1500,1250,02/09/2026
Tamil Nadu,Namakkal,Namakkal(Uzhavar Sandhai ),Cabbage,Cabbage,Local,2400,2800,2600,02/09/2026
Tamil Nadu,Salem,Sooramangalam(Uzhavar Sandhai ),Cabbage,Cabbage,Local,2500,3000,2750,02/09/2026
Tamil Nadu,Thirunelveli,NGO Colony(Uzhavar Sandhai ),Cabbage,Cabbage,Local,2500,3200,2850,02/09/2026
Tamil Nadu,Thirupur,Tiruppur (North) (Uzhavar Sandhai ),Cabbage,Cabbage,Local,2500,3000,2750,02/09/2026
Tamil Nadu,Coimbatore,Sulur(Uzhavar Sandhai ),Cabbage,Cabbage,Local,2500,3000,2750,02/09/2026
Tamil Nadu,Sivaganga,Singampunari(Uzhavar Sandhai ),Cabbage,Cabbage,Local,2600,2800,2700,02/09/2026
Tamil Nadu,Sivaganga,Karaikudi(Uzhavar Sandhai ),Cabbage,Cabbage,Local,2800,3000,2900,02/09/2026
Tamil Nadu,Sivaganga,Tirupatthur(Uzhavar Sandhai ),Cabbage,Cabbage,Local,2800,3000,2900,02/09/2026
Tamil Nadu,Thiruchirappalli,KKNagar(Uzhavar Sandhai ),Cabbage,Cabbage,Local,3200,3200,3200,02/09/2026
Tamil Nadu,Chengalpattu,Chengalpet(Uzhavar Sandhai ),Cabbage,Cabbage,Local,2500,3000,2750,02/09/2026
Tamil Nadu,Villupuram,Tindivanam APMC,Cabbage,Cabbage,Local,3500,3500,3500,02/09/2026
Tamil Nadu,Erode,Thalavadi(Uzhavar Sandhai ),Cabbage,Cabbage,Local,1400,1800,1600,02/09/2026
Tamil Nadu,Theni,Andipatti(Uzhavar Sandhai ),Cabbage,Cabbage,Local,3000,3000,3000,02/09/2026
Tamil Nadu,Nagapattinam,Vedaranyam(Uzhavar Sandhai),Cabbage,Cabbage,Local,3500,3600,3550,02/09/2026
Tamil Nadu,Vellore,Perampet(Uzhavar Sandhai),Cabbage,Cabbage,Local,3000,3000,3000,02/09/2026
Tamil Nadu,Salem,Athur(Uzhavar Sandhai ),Cabbage,Cabbage,Local,2500,3000,2750,02/09/2026
Tamil Nadu,Coimbatore,Udumalpet APMC,Cabbage,Cabbage,Local,3000,3500,3250,02/09/2026
Tamil Nadu,Erode,Sampath Nagar(Uzhavar Sandhai ),Cabbage,Cabbage,Local,2000,2200,2100,02/09/2026
Tamil Nadu,Thiruvarur,Mannargudi II(Uzhavar Sandhai ),Cabbage,Cabbage,Local,3400,3400,3400,02/09/2026
Tamil Nadu,Thiruvellore,Paruthipattu(Uzhavar Sandhai ),Cabbage,Cabbage,Local,4000,4000,4000,02/09/2026
Tamil Nadu,Vellore,Gudiyatham(Uzhavar Sandhai ),Cabbage,Cabbage,Local,3000,3000,3000,02/09/2026
Tamil Nadu,Thanjavur,Papanasam(Uzhavar Sandhai ),Cabbage,Cabbage,Local,3600,3600,3600,02/09/2026
Tamil Nadu,Namakkal,Tiruchengode APMC,Cabbage,Cabbage,Local,2600,3000,2800,02/09/2026
Tamil Nadu,The Nilgiris,Coonoor(Uzhavar Sandhai ),Cabbage,Cabbage,Local,2200,2500,2350,02/09/2026
Tamil Nadu,The Nilgiris,Gudalur(Uzhavar Sandhai ),Cabbage,Cabbage,Local,2000,2500,2250,02/09/2026
Madhya Pradesh,Chhatarpur,Chattarpur(F&V) APMC,Cabbage,Other,Grade C,1600,1600,1600,02/09/2026
Madhya Pradesh,Badwani,Sendhwa(F&V) APMC,Cabbage,Cabbage,Medium,800,1100,900,02/09/2026
Madhya Pradesh,Betul,Betul(F&V) APMC,Cabbage,Cabbage,FAQ,600,1000,800,02/09/2026
Madhya Pradesh,Narsinghpur,Gadarwara(F&V) APMC,Cabbage,Cabbage,Grade B,2200,2200,2200,02/09/2026
Madhya Pradesh,Morena,Sabalgarh(F&V) APMC,Cabbage,Cabbage,FAQ,700,1000,700,02/09/2026
Madhya Pradesh,Dewas,Hatpiplya(F&V) APMC,Cabbage,Cabbage,Large,1200,2500,2200,02/09/2026
Madhya Pradesh,Jhabua,Petlawad(F&V) APMC,Cabbage,Cabbage,Grade A,1000,1000,1000,02/09/2026
Madhya Pradesh,Shivpuri,Shivpuri(F&V) APMC,Cabbage,Other,Grade B,1000,1000,1000,02/09/2026
Madhya Pradesh,Ujjain,Ujjain(F&V) APMC,Cabbage,Cabbage,Medium,645,2125,1238,02/09/2026
Madhya Pradesh,Khandwa,Khargone(F&V) APMC,Cabbage,Cabbage,Medium,1500,2000,1800,02/09/2026
Madhya Pradesh,Indore,Indore(F&V) APMC,Cabbage,Cabbage,Local,400,800,600,02/09/2026
Madhya Pradesh,Hoshangabad,Pipariya(F&V) APMC,Cabbage,Cabbage,Local,800,2000,1400,02/09/2026
Madhya Pradesh,Sehore,Sehore(F&V) APMC,Cabbage,Cabbage,Grade Range-1,1500,2500,2000,02/09/2026
Madhya Pradesh,Khandwa,Badwah(F&V) APMC,Cabbage,Cabbage,Grade A,1450,1900,1600,02/09/2026
Madhya Pradesh,Khandwa,Sanawad(F&V) APMC,Cabbage,Cabbage,Medium,1200,1200,1200,02/09/2026
Madhya Pradesh,Harda,Harda(F&V) APMC,Cabbage,Other,Medium,2000,2500,2100,02/09/2026
Madhya Pradesh,Mandsaur,Mandsaur(F&V) APMC,Cabbage,Cabbage,Grade B,750,1825,1225,02/09/2026
Madhya Pradesh,Khandwa,Khandwa(F&V) APMC,Cabbage,Cabbage,FAQ,300,600,500,02/09/2026
Madhya Pradesh,Morena,Kailaras APMC,Cabbage,Cabbage,FAQ,1600,1600,1600,02/09/2026
Maharashtra,Solapur,Akluj APMC,Cabbage,Other,Local,700,1200,800,02/09/2026
Maharashtra,Nagpur,Nagpur APMC,Cabbage,Other,Local,1000,1200,1150,02/09/2026
Maharashtra,Chattrapati Sambhajinagar,Chattrapati Sambhajinagar APMC,Cabbage,Other,Local,600,1200,900,02/09/2026
Maharashtra,Pune,Pune(Manjri) APMC,Cabbage,Other,Local,600,1100,900,02/09/2026
Maharashtra,Kolhapur,Kolhapur APMC,Cabbage,Other,Local,800,1200,1000,02/09/2026
Maharashtra,Nagpur,Kalmeshwar APMC,Cabbage,Other,Local,1525,2000,1845,02/09/2026
Maharashtra,Satara,Satara APMC,Cabbage,Other,Local,1000,1500,1250,02/09/2026
Maharashtra,Satara,Vai APMC,Cabbage,Other,Local,1200,1500,1350,02/09/2026
Maharashtra,Jalgaon,Bhusaval APMC,Cabbage,Other,Local,800,1000,1000,02/09/2026
Maharashtra,Ratnagiri,Ratnagiri (Nachane) APMC,Cabbage,Other,Local,1000,1300,1100,02/09/2026
Maharashtra,Pune,Pune(Khadiki) APMC,Cabbage,Other,Local,800,1000,900,02/09/2026
Maharashtra,Chandrapur,Chandrapur(Ganjwad) APMC,Cabbage,Other,Local,1000,1500,1200,02/09/2026
Maharashtra,Jalgaon,Jalgaon APMC,Cabbage,Other,Local,1000,2500,1800,02/09/2026
Maharashtra,Ahilyanagar,Rahata APMC,Cabbage,Other,Local,800,1000,900,02/09/2026
Maharashtra,Ahilyanagar,Shrirampur APMC,Cabbage,Other,Local,800,1000,900,02/09/2026
Maharashtra,Dharashiv,Dharashiv APMC,Cabbage,Other,Local,1300,2000,1650,02/09/2026
Maharashtra,Pune,Khed(Chakan) APMC,Cabbage,Other,Local,800,1200,1000,02/09/2026
Maharashtra,Satara,Karad APMC,Cabbage,Other,Local,1000,1200,1200,02/09/2026
Maharashtra,Kolhapur,Vadgaonpeth APMC,Cabbage,Other,Local,600,1200,800,02/09/2026
Maharashtra,Amarawati,Amrawati(Frui & Veg. Market) APMC,Cabbage,Other,Local,1000,1500,1250,02/09/2026
Maharashtra,Solapur,SHRI.SIDDHESHWAR  APMC,Cabbage,Other,Local,500,800,600,02/09/2026
Maharashtra,Nagpur,Kamthi APMC,Cabbage,Other,Local,2000,2500,2350,02/09/2026
Maharashtra,Mumbai,Mumbai APMC,Cabbage,Other,Local,600,1000,800,02/09/2026
Maharashtra,Nashik,Nasik APMC,Cabbage,Other,Local,585,1500,1170,02/09/2026
Maharashtra,Pune,Junnar(Otur) APMC,Cabbage,Other,Local,300,910,750,02/09/2026
Maharashtra,Pune,Pune(Pimpri) APMC,Cabbage,Other,Local,1300,1500,1400,02/09/2026
Uttar Pradesh,Mathura,Kosikalan APMC,Cabbage,Cabbage,FAQ,2000,2200,2100,02/09/2026
Uttar Pradesh,Shahjahanpur,Jalalabad APMC,Cabbage,Cabbage,FAQ,900,1000,950,02/09/2026
Uttar Pradesh,Shamli,Kairana APMC,Cabbage,Cabbage,FAQ,1500,1600,1550,02/09/2026
Uttar Pradesh,Shamli,Khandhla APMC,Cabbage,Cabbage,FAQ,400,410,405,02/09/2026
Uttar Pradesh,Amroha,Hasanpur APMC,Cabbage,Cabbage,FAQ,1450,1520,1500,02/09/2026
Rajasthan,Jodhpur,Jodhpur (F&V) APMC,Cabbage,Other,Medium,1000,2200,1500,02/09/2026
Rajasthan,Ganganagar,Sriganganagar (F&V) APMC,Cabbage,Cabbage,Grade B,2200,2600,2400,02/09/2026
Rajasthan,Jaipur,Jaipur (F&V) APMC,Cabbage,Cabbage,FAQ,2000,2500,2250,02/09/2026
Karnataka,Mysuru,Mysuru APMC,Cabbage,Cabbage,Medium,900,1000,1000,02/09/2026
Karnataka,Bengaluru South,Ramanagara APMC,Cabbage,Cabbage,Local,1200,1600,1400,02/09/2026
Karnataka,Chamarajanagar,Chamarajanagar APMC,Cabbage,Cabbage,Local,500,1000,750,02/09/2026
Karnataka,Kolar,Bangarpet APMC,Cabbage,Cabbage,Local,1000,1500,1200,02/09/2026
Karnataka,Davangere,Honnali APMC,Cabbage,Cabbage,Medium,400,500,450,02/09/2026
Gujarat,Navsari,Navsari APMC,Cabbage,Cabbage,Local,1000,1500,1250,02/09/2026
Gujarat,Bharuch,Bharuch APMC,Cabbage,Other,Local,1000,1500,1200,02/09/2026
Gujarat,Kheda,Nadiyad(Piplag) APMC,Cabbage,Cabbage,FAQ,1100,1500,1300,02/09/2026
Gujarat,Kheda,Kapadvanj APMC,Cabbage,Cabbage,Medium,1000,1500,1250,02/09/2026
Gujarat,Porbandar,Porbandar APMC,Cabbage,Cabbage,Local,2000,2500,2250,02/09/2026
Gujarat,Dahod,Dahod(Veg. Market) APMC,Cabbage,Cabbage,Local,1000,2000,1800,02/09/2026
Gujarat,Sabarkantha,Himatnagar(Veg.Market Himatnagar) APMC,Cabbage,Cabbage,Local,2000,2500,2380,02/09/2026
Gujarat,Anand,"Anand(Veg,Yard,Anand) APMC",Cabbage,Cabbage,Grade B,1000,1500,1250,02/09/2026
Gujarat,Gandhinagar,Mansa(Manas Veg Yard) APMC,Cabbage,Other,Local,2000,2000,2000,02/09/2026
Gujarat,Mehsana,Mehsana(Mehsana Veg) APMC,Cabbage,Cabbage,Local,1400,3000,1900,02/09/2026
Gujarat,Surendranagar,Vadhvan APMC,Cabbage,Cabbage,Medium,1500,2000,1750,02/09/2026
Gujarat,Vadodara(Baroda),Padra APMC,Cabbage,Other,FAQ,1500,1750,1625,02/09/2026
Gujarat,Bharuch,Ankleshwar APMC,Cabbage,Cabbage,Grade A,1000,1600,1300,02/09/2026
Gujarat,Anand,Khambhat(Veg Yard Khambhat) APMC,Cabbage,Other,Local,1500,2500,2200,02/09/2026
Gujarat,Banaskanth,Deesa(Deesa Veg Yard) APMC,Cabbage,Other,FAQ,1500,2000,1750,02/09/2026
Gujarat,Gandhinagar,"Kalol(Veg,Market,Kalol) APMC",Cabbage,Cabbage,Local,900,1500,1000,02/09/2026
Gujarat,Amreli,Damnagar APMC,Cabbage,Cabbage,Local,2000,2000,2000,02/09/2026
Gujarat,Surat,Surat APMC,Cabbage,Cabbage,FAQ,800,1900,1350,02/09/2026
Gujarat,Navsari,Bilimora APMC,Cabbage,Other,FAQ,1250,1600,1400,02/09/2026
Haryana,Kurukshetra,Shahabad APMC,Cabbage,Cabbage,Medium,2000,2200,2100,02/09/2026
Haryana,Sonipat,Ganaur APMC,Cabbage,Cabbage,Medium,2000,3000,2500,02/09/2026
Haryana,Sirsa,Sirsa APMC,Cabbage,Other,FAQ,2000,2700,2500,02/09/2026
Haryana,Yamuna Nagar,Radaur APMC,Cabbage,Other,Medium,1200,1600,1400,02/09/2026
Haryana,Mahendragarh-Narnaul,Narnaul APMC,Cabbage,Cabbage,Medium,2000,3000,2500,02/09/2026
Haryana,Rohtak,Meham,Cabbage,Cabbage,Medium,1500,1500,1500,02/09/2026
Haryana,Jhajar,Bahadurgarh APMC,Cabbage,Other,Medium,1700,1800,1750,02/09/2026
Haryana,Panipat,Panipat APMC,Cabbage,Other,Local,1000,2000,1500,02/09/2026
Haryana,Mahendragarh-Narnaul,Mohindergarh APMC,Cabbage,Cabbage,Medium,1200,2500,1600,02/09/2026
Haryana,Yamuna Nagar,Jagadhri APMC,Cabbage,Cabbage,Medium,2400,2500,2500,02/09/2026
Haryana,Palwal,Hodal APMC,Cabbage,Cabbage,FAQ,1800,2500,2200,02/09/2026
Haryana,Sonipat,Sonepat APMC,Cabbage,Other,FAQ,1500,2200,1800,02/09/2026
Haryana,Ambala,Shahzadpur APMC,Cabbage,Cabbage,Local,2200,2300,2200,02/09/2026
Haryana,Faridabad,Ballabhgarh APMC,Cabbage,Other,FAQ,1700,2000,1800,02/09/2026
Haryana,Ambala,Naraingarh APMC,Cabbage,Cabbage,Medium,800,1500,1000,02/09/2026
Haryana,Hissar,Hansi APMC,Cabbage,Other,FAQ,2500,3000,2750,02/09/2026
Haryana,Rewari,Kosli APMC,Cabbage,Other,FAQ,2000,2000,2000,02/09/2026
Haryana,Mewat,Tauru APMC,Cabbage,Other,Medium,2000,2000,2000,02/09/2026
Haryana,Panipat,Samalkha APMC,Cabbage,Cabbage,FAQ,1500,2000,1800,02/09/2026
Haryana,Kurukshetra,Thanesar APMC,Cabbage,Cabbage,Local,2000,4000,3000,02/09/2026
Punjab,Jalandhar,Jalandhar City(Jalandhar) APMC,Cabbage,Cabbage,FAQ,600,1200,900,02/09/2026
Punjab,Patiala,Patiala APMC,Cabbage,Other,Grade A,2800,3000,2900,02/09/2026
Punjab,Hoshiarpur,Mukerian APMC,Cabbage,Cabbage,Grade B,1500,2500,2000,02/09/2026
Punjab,Hoshiarpur,Garh Shankar APMC,Cabbage,Cabbage,FAQ,1800,1800,1800,02/09/2026
Punjab,Faridkot,Faridkot APMC,Cabbage,Cabbage,Grade A,2400,2400,2400,02/09/2026
Punjab,Ludhiana,Jagraon APMC,Cabbage,Other,FAQ,300,300,300,02/09/2026
Punjab,Ludhiana,Khanna APMC,Cabbage,Other,Grade A,800,800,800,02/09/2026
Punjab,Patiala,Dudhansadhan APMC,Cabbage,Other,Grade B,2500,2500,2500,02/09/2026
Punjab,Hoshiarpur,Tanda Urmur APMC,Cabbage,Cabbage,Grade A,2000,3000,2500,02/09/2026
Punjab,Bhatinda,Rampuraphul(Nabha Mandi) APMC,Cabbage,Other,Grade A,1500,2200,2000,02/09/2026
Punjab,Nawanshahr,Balachaur APMC,Cabbage,Other,Medium,1000,1500,1200,02/09/2026
Punjab,Patiala,Patran APMC,Cabbage,Other,Grade A,2000,2000,2000,02/09/2026
Punjab,Jalandhar,Adampur APMC,Cabbage,Cabbage,FAQ,1800,2000,2000,02/09/2026
Punjab,Gurdaspur,Quadian APMC,Cabbage,Other,Grade A,1300,1500,1400,02/09/2026
Punjab,Sangrur,Malerkotla APMC,Cabbage,Other,Local,1500,2000,1800,02/09/2026
Punjab,Sangrur,Sangrur APMC,Cabbage,Cabbage,Grade B,1200,2200,1800,02/09/2026
Punjab,Ludhiana,Ludhiana APMC,Cabbage,Other,FAQ,900,1600,1200,02/09/2026
Punjab,Fatehgarh,Sirhind APMC,Cabbage,Other,FAQ,2000,2450,2300,02/09/2026
Punjab,Hoshiarpur,Dasuya APMC,Cabbage,Cabbage,Grade A,2000,2000,2000,02/09/2026
Andhra Pradesh,Chittor,Palamaner APMC,Cabbage,Cabbage,FAQ,600,1200,1000,02/09/2026
West Bengal,Medinipur(W),Medinipur(West) APMC,Cabbage,Cabbage,FAQ,3200,3400,3300,02/09/2026
West Bengal,Paschim Bardhaman,Durgapur APMC,Cabbage,Other,FAQ,1850,2050,2000,02/09/2026
West Bengal,Darjeeling,Karsiyang(Matigara) APMC,Cabbage,Other,FAQ,2800,3000,2900,02/09/2026
West Bengal,Darjeeling,Darjeeling APMC,Cabbage,Other,FAQ,3000,3200,3100,02/09/2026
West Bengal,Jalpaiguri,Dhupguri APMC,Cabbage,Other,FAQ,2400,2600,2500,02/09/2026
Odisha,Deogarh,Deogarh APMC,Cabbage,Cabbage,FAQ,4900,5500,5200,02/09/2026
Odisha,Kalahandi,Mukhiguda APMC,Cabbage,Cabbage,Grade B,2400,2700,2550,02/09/2026
Odisha,Bolangir,Kantabaji APMC,Cabbage,Cabbage,Grade B,2000,3000,2500,02/09/2026
Odisha,Sonepur,Birmaharajpur APMC,Cabbage,Cabbage,Local,3800,4000,4000,02/09/2026
Odisha,Kalahandi,Bhawanipatna APMC,Cabbage,Cabbage,Local,2700,2700,2700,02/09/2026
Odisha,Koraput,Koraput(Semilguda) APMC,Cabbage,Cabbage,Grade B,2500,3500,3000,02/09/2026
Odisha,Nowarangpur,Nawarangpur APMC,Cabbage,Cabbage,Grade B,2000,2000,2000,02/09/2026
Odisha,Bargarh,Attabira APMC,Cabbage,Cabbage,Local,1450,1750,1600,02/09/2026
Odisha,Koraput,Koraput APMC,Cabbage,Cabbage,Grade B,2500,3500,3000,02/09/2026
Odisha,Bolangir,Bolangir APMC,Cabbage,Other,Large,2600,3400,3000,02/09/2026
Odisha,Puri,Nimapara APMC,Cabbage,Cabbage,Grade A,4000,4000,4000,02/09/2026
Odisha,Mayurbhanja,Baripada APMC,Cabbage,Cabbage,Medium,3000,3500,3200,02/09/2026
Odisha,Koraput,Jeypore APMC,Cabbage,Other,Grade B,2500,2500,2500,02/09/2026
Odisha,Kalahandi,Kesinga APMC,Cabbage,Other,Grade B,3100,3500,3300,02/09/2026
Odisha,Keonjhar,Anandapur APMC,Cabbage,Other,Local,3500,3500,3500,02/09/2026
Odisha,Nuapada,Khariar APMC,Cabbage,Other,Grade A,6000,6000,6000,02/09/2026
Odisha,Bolangir,Tusura APMC,Cabbage,Other,Large,2600,3400,3000,02/09/2026
Odisha,Nuapada,Khariar Road APMC,Cabbage,Cabbage,Grade A,6000,6000,6000,02/09/2026
Odisha,Sundergarh,Panposh APMC,Cabbage,Cabbage,FAQ,2500,3200,3000,02/09/2026
Odisha,Rayagada,Rayagada APMC,Cabbage,Cabbage,Local,1500,1600,1600,02/09/2026
Odisha,Sonepur,Dungurapalli APMC,Cabbage,Cabbage,Local,4000,4320,4200,02/09/2026
Odisha,Dhenkanal,Kamakhyanagar APMC,Cabbage,Cabbage,Grade A,4000,4000,4000,02/09/2026
Odisha,Boudh,Boudh APMC,Cabbage,Other,Local,4000,5000,4500,02/09/2026
Odisha,Dhenkanal,Dhenkanal APMC,Cabbage,Cabbage,Grade B,3600,4100,3900,02/09/2026
Odisha,Kalahandi,Kalahandi(Dharamagarh) APMC,Cabbage,Other,Grade B,2500,3300,2900,02/09/2026
Odisha,Mayurbhanja,Saraskana APMC,Cabbage,Cabbage,Medium,3500,4000,3800,02/09/2026
Odisha,Mayurbhanja,Karanjia APMC,Cabbage,Cabbage,Local,5700,6200,6100,02/09/2026
Odisha,Bargarh,Bargarh(Barapalli) APMC,Cabbage,Cabbage,Small,2000,3000,2500,02/09/2026
Odisha,Bargarh,Bargarh APMC,Cabbage,Cabbage,Local,2500,3500,3000,02/09/2026
Bihar,Muzaffarpur,Bhagwanpur Mandi APMC,Cabbage,Cabbage,Grade A,2500,2500,2500,02/09/2026
Telangana,Siddipet,Vantamamidi APMC,Cabbage,Cabbage,Local,600,900,750,02/09/2026
Telangana,Ranga Reddy,L B Nagar APMC,Cabbage,Cabbage,Medium,800,1200,1000,02/09/2026
Telangana,Hyderabad,Mahboob Manison APMC,Cabbage,Cabbage,Medium,1000,1200,1100,02/09/2026
Telangana,Sangareddy,Sangareddy APMC,Cabbage,Cabbage,Grade B,1800,1800,1800,02/09/2026
Telangana,Warangal,Warangal APMC,Cabbage,Cabbage,FAQ,1500,2000,1750,02/09/2026
Telangana,Hyderabad,Bowenpally APMC,Cabbage,Cabbage,FAQ,400,1000,800,02/09/2026
Telangana,Hyderabad,RYTHU BAZAR ERRAGADDA,Cabbage,Cabbage,Grade A,1300,1300,1300,02/09/2026
Telangana,Ranga Reddy,"Vanasthalipuram,RBZ ",Cabbage,Cabbage,Grade A,1300,1300,1300,02/09/2026
Telangana,Karimnagar,Karimnagar APMC,Cabbage,Cabbage,Local,888.896,888.896,888.896,02/09/2026
Telangana,Adilabad,Adilabad (Rythu Bazar) ,Cabbage,Cabbage,Local,4000,4200,4000,02/09/2026
Telangana,Hyderabad,RYTHU BAZAR FALAKNUMA,Cabbage,Cabbage,Grade A,1300,1300,1300,02/09/2026
Telangana,Hyderabad,RYTHU BAZAR MEHDIPATNAM,Cabbage,Cabbage,Grade A,1500,1500,1500,02/09/2026
Telangana,Hyderabad,"Alwal,RBZ",Cabbage,Other,FAQ,1300,1300,1300,02/09/2026
Telangana,Siddipet,Siddipet(Rythu Bazar) ,Cabbage,Cabbage,Grade A,2000,2800,2400,02/09/2026
Telangana,Hyderabad,Gudimalkapur APMC,Cabbage,Cabbage,Grade B,600,1000,800,02/09/2026
Telangana,Ranga Reddy,"Saroornagar,RBZ",Cabbage,Other,Medium,1300,1300,1300,02/09/2026
Telangana,Ranga Reddy,Shadnagar APMC,Cabbage,Cabbage,Local,1600,1800,1700,02/09/2026
Telangana,Nalgonda,Miryalguda(Rythu Bazar) ,Cabbage,Cabbage,Grade A,2500,2500,2500,02/09/2026
Telangana,Nalgonda,Venkateswarnagar APMC,Cabbage,Cabbage,Grade A,1000,1400,1200,02/09/2026
Uttarakhand,Dehradoon,Vikasnagar APMC,Cabbage,Cabbage,FAQ,800,1200,1000,02/09/2026
Uttarakhand,Udhamsinghnagar,Rudrapur APMC,Cabbage,Other,Medium,4000,5000,4500,02/09/2026
Uttarakhand,Garhwal (Pauri),Kotadwara APMC,Cabbage,Cabbage,FAQ,1300,1300,1300,02/09/2026
Himachal Pradesh,Kullu,PMY Kullu,Cabbage,Other,FAQ,1500,2000,1800,02/09/2026
Himachal Pradesh,Kangra,PMY Kangra,Cabbage,Cabbage,FAQ,3000,3200,3100,02/09/2026
Himachal Pradesh,Kangra,SMY Baijnath,Cabbage,Cabbage,Grade A,2500,2600,2500,02/09/2026
Himachal Pradesh,Kangra,SMY Jaisinghpur,Cabbage,Cabbage,FAQ,2800,3200,3000,02/09/2026
Himachal Pradesh,Kullu,SMY Bhuntar,Cabbage,Other,FAQ,1000,1500,1200,02/09/2026
Himachal Pradesh,Una,PMY Una,Cabbage,Cabbage,Local,2000,3500,2800,02/09/2026
Himachal Pradesh,Kangra,SMY Palampur,Cabbage,Cabbage,FAQ,2500,3000,2800,02/09/2026
Himachal Pradesh,Mandi,SMY Jogindernagar,Cabbage,Cabbage,Grade B,2500,3000,2750,02/09/2026
Himachal Pradesh,Mandi,SMY Takoli,Cabbage,Other,Medium,600,1500,1000,02/09/2026
Himachal Pradesh,Solan,PMY Kather Solan,Cabbage,Other,Medium,1400,2500,2000,02/09/2026
Himachal Pradesh,Shimla,SMY Nerwa,Cabbage,Cabbage,Grade A,1000,2200,1500,02/09/2026
Himachal Pradesh,Bilaspur,PMY Bilaspur,Cabbage,Other,Grade B,2500,3000,2600,02/09/2026
Himachal Pradesh,Kullu,SMY Bandrol,Cabbage,Other,FAQ,800,1700,1200,02/09/2026
Himachal Pradesh,Hamirpur,PMY Hamirpur,Cabbage,Cabbage,Grade B,2800,3000,2900,02/09/2026
Himachal Pradesh,Mandi,SMY Dhanotu,Cabbage,Cabbage,FAQ,1500,2000,1750,02/09/2026
Himachal Pradesh,Sirmore,SMY Nahan,Cabbage,Cabbage,FAQ,2500,3000,2800,02/09/2026
Himachal Pradesh,Solan,SMY Wakhnaghat,Cabbage,Cabbage,Medium,1000,1000,1000,02/09/2026
Himachal Pradesh,Mandi,SMY Chail Chowk,Cabbage,Cabbage,Local,1200,1500,1400,02/09/2026
Himachal Pradesh,Sirmore,PMY Paonta Sahib,Cabbage,Other,FAQ,2800,3000,2900,02/09/2026
Himachal Pradesh,Shimla,PMY Dhalli Shimla,Cabbage,Cabbage,Grade A,1200,2000,1500,02/09/2026
Himachal Pradesh,Chamba,PMY Chamba,Cabbage,Cabbage,Medium,2000,2500,2250,02/09/2026
Himachal Pradesh,Kangra,SMY Dharamshala,Cabbage,Cabbage,FAQ,2800,3500,3150,02/09/2026
Himachal Pradesh,Kangra,SMY Jassur,Cabbage,Other,FAQ,2500,3000,2750,02/09/2026
Himachal Pradesh,Kullu,SMY Chauri Bihal,Cabbage,Other,Grade Range-1,1000,1500,1200,02/09/2026
Himachal Pradesh,Shimla,SMY Rampur,Cabbage,Other,Local,3000,3500,3200,02/09/2026
Himachal Pradesh,Shimla,SMY Rohroo,Cabbage,Other,Grade B,2200,2400,2300,02/09/2026
Assam,Darrang,Balugaon APMC,Cabbage,Cabbage,Local,1800,2200,2000,02/09/2026
Assam,Darrang,Besimari APMC,Cabbage,Cabbage,Local,1600,2000,1800,02/09/2026
Assam,Tinsukia,Tinsukia Market,Cabbage,Cabbage,FAQ,2500,3500,3000,02/09/2026
Assam,Kamrup,Pamohi(Garchuk) APMC,Cabbage,Cabbage,FAQ,2000,3000,2500,02/09/2026
Assam,Karimganj,Santar Bazaar APMC,Cabbage,Cabbage,FAQ,2000,2200,2100,02/09/2026
Assam,Hailakandi,Harbartganj Daily Market APMC,Cabbage,Cabbage,FAQ,2200,2600,2350,02/09/2026
Tamil Nadu,Madurai,Chokkikulam(Uzhavar Sandhai ),Bitter gourd,Bitter Gourd,Local,5000,5500,5250,02/09/2026
Tamil Nadu,Coimbatore,Sundarapuram(Uzhavar Sandhai ),Bitter gourd,Other,Local,4000,4500,4250,02/09/2026
Tamil Nadu,Namakkal,Tiruchengode APMC,Bitter gourd,Other,Local,5400,6000,5700,02/09/2026
Tamil Nadu,Cuddalore,Cuddalore(Uzhavar Sandhai ),Bitter gourd,Bitter Gourd,Local,6000,7000,6500,02/09/2026
Tamil Nadu,Vellore,Thirupathur APMC,Bitter gourd,Bitter Gourd,Local,5000,5000,5000,02/09/2026
Tamil Nadu,Dharmapuri,Harur(Uzhavar Sandhai ),Bitter gourd,Bitter Gourd,Local,4000,5000,4500,02/09/2026
Tamil Nadu,Theni,Periyakulam(Uzhavar Sandhai ),Bitter gourd,Other,Local,3000,3000,3000,02/09/2026
Tamil Nadu,Coimbatore,Vadavalli(Uzhavar Sandhai ),Bitter gourd,Other,Local,3600,4500,4050,02/09/2026
Tamil Nadu,Nagapattinam,Mayiladuthurai(Uzhavar Sandhai ),Bitter gourd,Bitter Gourd,Local,5500,6000,5750,02/09/2026
Tamil Nadu,Ramanathapuram,Ramanathapuram(Uzhavar Sandhai ),Bitter gourd,Bitter Gourd,Local,5500,6000,5750,02/09/2026
Tamil Nadu,Thiruvarur,Mannargudi I(Uzhavar Sandhai ),Bitter gourd,Bitter Gourd,Local,6000,6000,6000,02/09/2026
Tamil Nadu,Vellore,Gudiyatham(Uzhavar Sandhai ),Bitter gourd,Bitter Gourd,Local,4000,4000,4000,02/09/2026
Tamil Nadu,Thanjavur,Papanasam(Uzhavar Sandhai ),Bitter gourd,Bitter Gourd,Local,4800,7200,6000,02/09/2026
Tamil Nadu,Thanjavur,Kumbakonam (Uzhavar Sandhai ),Bitter gourd,Bitter Gourd,Local,4800,7200,6000,02/09/2026
Tamil Nadu,Theni,Andipatti(Uzhavar Sandhai ),Bitter gourd,Bitter Gourd,Local,2500,3000,2750,02/09/2026
Tamil Nadu,Thiruvellore,Tiruvallur(Uzhavar Sandhai ),Bitter gourd,Bitter Gourd,Local,5000,5000,5000,02/09/2026
Tamil Nadu,Karur,Gandhigramam(Uzhavar Sandhai),Bitter gourd,Other,Local,5500,6000,5750,02/09/2026
Tamil Nadu,Pudukkottai,Aranthangi(Uzhavar Sandhai ),Bitter gourd,Other,Local,7000,8000,7500,02/09/2026
Tamil Nadu,Vellore,Perampet(Uzhavar Sandhai),Bitter gourd,Bitter Gourd,Local,3000,3600,3300,02/09/2026
Tamil Nadu,Karur,Kulithalai(Uzhavar Sandhai ),Bitter gourd,Other,Local,5000,5600,5300,02/09/2026
Tamil Nadu,Thirupur,Tiruppur (South) (Uzhavar Sandhai ),Bitter gourd,Other,Local,6000,7000,6500,02/09/2026
Tamil Nadu,Kancheepuram,Sunguvarchatram(Uzhavar Sandhai ),Bitter gourd,Bitter Gourd,Local,4000,4000,4000,02/09/2026
Tamil Nadu,Krishnagiri,Avallapalli(Uzhavar Sandhai ),Bitter gourd,Bitter Gourd,Local,4000,4500,4250,02/09/2026
Tamil Nadu,Krishnagiri,Denkanikottai(Uzhavar Sandhai ),Bitter gourd,Bitter Gourd,Local,4000,4500,4250,02/09/2026
Tamil Nadu,Madurai,Anaiyur(Uzhavar Sandhai ),Bitter gourd,Bitter Gourd,Local,5500,6500,6000,02/09/2026
Tamil Nadu,Namakkal,Rasipuram(Uzhavar Sandhai ),Bitter gourd,Other,Local,6000,6500,6250,02/09/2026
Tamil Nadu,Thiruvannamalai,Tamarainagar(Uzhavar Sandhai ),Bitter gourd,Bitter Gourd,Local,4500,5600,5050,02/09/2026
Tamil Nadu,Dharmapuri,AJattihalli(Uzhavar Sandhai ),Bitter gourd,Other,Local,4000,4000,4000,02/09/2026
Tamil Nadu,Thanjavur,Peravurani(Uzhavar Sandhai),Bitter gourd,Bitter Gourd,Local,4500,4500,4500,02/09/2026
Tamil Nadu,Karur,Vengamedu(Uzhavar Sandhai ),Bitter gourd,Other,Local,5500,6000,5750,02/09/2026
Tamil Nadu,Thiruchirappalli,KKNagar(Uzhavar Sandhai ),Bitter gourd,Other,Local,5600,5600,5600,02/09/2026
Tamil Nadu,Virudhunagar,Sivakasi(Uzhavar Sandhai ),Bitter gourd,Bitter Gourd,Local,6000,7000,6500,02/09/2026
Tamil Nadu,Chengalpattu,Nanganallur(Uzhavar Sandhai ),Bitter gourd,Bitter Gourd,Local,4500,5000,4750,02/09/2026
Tamil Nadu,Chengalpattu,Jameenrayapettai(Uzhavar Sandhai ),Bitter gourd,Bitter Gourd,Local,6000,7000,6500,02/09/2026
Tamil Nadu,Villupuram,Ulundurpettai APMC,Bitter gourd,Bitter Gourd,Local,6000,6000,6000,02/09/2026
Tamil Nadu,Dharmapuri,Pennagaram(Uzhavar Sandhai ),Bitter gourd,Bitter Gourd,Local,5500,5800,5650,02/09/2026
Tamil Nadu,Dindigul,Dindigul(Uzhavar Sandhai ),Bitter gourd,Other,Local,6000,7000,6500,02/09/2026
Tamil Nadu,Erode,Periyar Nagar(Uzhavar Sandhai ),Bitter gourd,Other,Local,4000,4500,4250,02/09/2026
Tamil Nadu,Thanjavur,Tirukattupalli(Uzhavar Sandhai ),Bitter gourd,Bitter Gourd,Local,5000,6800,5900,02/09/2026
Tamil Nadu,Salem,Mecheri(Uzhavar Sandhai),Bitter gourd,Other,Local,5000,5000,5000,02/09/2026
Tamil Nadu,Ranipet,Arcot(Uzhavar Sandhai ),Bitter gourd,Bitter Gourd,Local,5000,6000,5500,02/09/2026
Tamil Nadu,Salem,Mettur(Uzhavar Sandhai ),Bitter gourd,Other,Local,4500,5000,4750,02/09/2026
Tamil Nadu,Thirunelveli,Melapalayam(Uzhavar Sandhai ),Bitter gourd,Other,Local,4500,5000,4750,02/09/2026
Tamil Nadu,Thiruvannamalai,Chengam(Uzhavar Sandhai ),Bitter gourd,Bitter Gourd,Local,5000,6000,5500,02/09/2026
Tamil Nadu,Thiruvarur,Muthupettai(Uzhavar Sandhai ),Bitter gourd,Bitter Gourd,Local,6000,6000,6000,02/09/2026
Tamil Nadu,Pudukkottai,Gandarvakottai(Uzhavar Sandhai ),Bitter gourd,Bitter Gourd,Local,7500,8000,7750,02/09/2026
Tamil Nadu,Cuddalore,Panruti(Uzhavar Sandhai ),Bitter gourd,Bitter Gourd,Local,5000,5000,5000,02/09/2026
Tamil Nadu,Karur,Velayuthampalayam(Uzhavar Sandhai ),Bitter gourd,Bitter Gourd,Local,5000,6000,5500,02/09/2026
Tamil Nadu,Theni,Devaram(Uzhavar Sandhai ),Bitter gourd,Bitter Gourd,Local,3000,3000,3000,02/09/2026
Tamil Nadu,Sivaganga,Sivagangai (Uzhavar Sandhai ),Bitter gourd,Other,Local,5200,5600,5400,02/09/2026
Tamil Nadu,Sivaganga,Devakottai (Uzhavar Sandhai ),Bitter gourd,Other,Local,5000,5800,5400,02/09/2026
Tamil Nadu,Salem,Edapadi (Uzhavar Sandhai ),Bitter gourd,Bitter Gourd,Local,5000,5500,5250,02/09/2026
Tamil Nadu,Salem,Jalagandapuram(Uzhavar Sandhai ),Bitter gourd,Other,Local,4800,5000,4900,02/09/2026
Tamil Nadu,Thiruchirappalli,Musiri(Uzhavar Sandhai ),Bitter gourd,Bitter Gourd,Local,5000,5600,5300,02/09/2026
Tamil Nadu,Chengalpattu,Chengalpet(Uzhavar Sandhai ),Bitter gourd,Other,Local,6000,7000,6500,02/09/2026
Tamil Nadu,Nagercoil (Kannyiakumari),Myladi(Uzhavar Sandhai ),Bitter gourd,Bitter Gourd,Local,6500,7000,6750,02/09/2026
Tamil Nadu,Cuddalore,Viruthachalam(Uzhavar Sandhai ),Bitter gourd,Bitter Gourd,Local,5000,5000,5000,02/09/2026
Tamil Nadu,Thiruvarur,Needamangalam(Uzhavar Sandhai ),Bitter gourd,Bitter Gourd,Local,5800,5800,5800,02/09/2026
Tamil Nadu,Thiruvarur,Valangaiman APMC,Bitter gourd,Bitter Gourd,Local,5000,5000,5000,02/09/2026
Tamil Nadu,Virudhunagar,Kariyapatti(Uzhavar Sandhai ),Bitter gourd,Other,Local,7500,8000,7750,02/09/2026
Tamil Nadu,Salem,Vazhapadi(Uzhavar Sandhai),Bitter gourd,Bitter Gourd,Local,5500,6000,5750,02/09/2026
Tamil Nadu,Chengalpattu,Guduvancheri(Uzhavar Sandhai ),Bitter gourd,Other,Local,6000,7000,6500,02/09/2026
Tamil Nadu,Thirupur,Dharapuram(Uzhavar Sandhai ),Bitter gourd,Bitter Gourd,Local,5500,6000,5750,02/09/2026
Tamil Nadu,Thirupathur,Natrampalli(Uzhavar Sandhai ),Bitter gourd,Bitter Gourd,Local,4000,5000,4500,02/09/2026
Tamil Nadu,Salem,Athur(Uzhavar Sandhai ),Bitter gourd,Bitter Gourd,Local,4500,4800,4650,02/09/2026
Tamil Nadu,Pudukkottai,Alangudi(Uzhavar Sandhai ),Bitter gourd,Other,Local,7000,8000,7500,02/09/2026
Tamil Nadu,Thiruvarur,Tiruthuraipoondi(Uzhavar Sandhai ),Bitter gourd,Bitter Gourd,Local,5400,5400,5400,02/09/2026
Tamil Nadu,Vellore,Kahithapattarai(Uzhavar Sandhai ),Bitter gourd,Bitter Gourd,Local,5000,5000,5000,02/09/2026
Tamil Nadu,Coimbatore,RSPuram(Uzhavar Sandhai ),Bitter gourd,Other,Local,3600,4000,3800,02/09/2026
Tamil Nadu,Vellore,Vellore APMC,Bitter gourd,Bitter Gourd,Local,4500,5500,5000,02/09/2026
Tamil Nadu,Dindigul,Chinnalapatti(Uzhavar Sandhai ),Bitter gourd,Other,Local,6000,7000,6500,02/09/2026
Tamil Nadu,Kancheepuram,Kundrathur(Uzhavar Sandhai ),Bitter gourd,Bitter Gourd,Local,4000,4000,4000,02/09/2026
Tamil Nadu,Kancheepuram,Padappai(Uzhavar Sandhai ),Bitter gourd,Other,Local,4000,4500,4250,02/09/2026
Tamil Nadu,Dharmapuri,Karimangalam(Uzhavar Sandhai),Bitter gourd,Other,Local,4500,5000,4750,02/09/2026
Tamil Nadu,Namakkal,Mohanur(Uzhavar Sandhai ),Bitter gourd,Bitter Gourd,Local,6400,6800,6600,02/09/2026
Tamil Nadu,Namakkal,Namakkal(Uzhavar Sandhai ),Bitter gourd,Other,Local,6200,6800,6500,02/09/2026
Tamil Nadu,Madurai,Palanganatham(Uzhavar Sandhai ),Bitter gourd,Bitter Gourd,Local,5000,5500,5250,02/09/2026
Tamil Nadu,Ranipet,Ranipettai(Uzhavar Sandhai ),Bitter gourd,Other,Local,4000,4800,4400,02/09/2026
Tamil Nadu,Theni,Kambam(Uzhavar Sandhai ),Bitter gourd,Bitter Gourd,Local,3000,3000,3000,02/09/2026
Tamil Nadu,Thirunelveli,NGO Colony(Uzhavar Sandhai ),Bitter gourd,Bitter Gourd,Local,4500,5000,4750,02/09/2026
Tamil Nadu,Thirunelveli,Palayamkottai(Uzhavar Sandhai ),Bitter gourd,Other,Local,4500,5500,5000,02/09/2026
Tamil Nadu,Thirupur,Tiruppur (North) (Uzhavar Sandhai ),Bitter gourd,Other,Local,5000,6000,5500,02/09/2026
Tamil Nadu,Thiruvannamalai,Vandavasi(Uzhavar Sandhai ),Bitter gourd,Other,Local,3500,4000,3750,02/09/2026
Tamil Nadu,Coimbatore,Sulur(Uzhavar Sandhai ),Bitter gourd,Bitter Gourd,Local,4000,4500,4250,02/09/2026
Tamil Nadu,Salem,Hasthampatti(Uzhavar Sandhai ),Bitter gourd,Other,Local,4000,4500,4250,02/09/2026
Tamil Nadu,Sivaganga,Tirupatthur(Uzhavar Sandhai ),Bitter gourd,Other,Local,5500,6000,5750,02/09/2026
Tamil Nadu,Thiruchirappalli,Manapparai(Uzhavar Sandhai ),Bitter gourd,Other,Local,6000,6000,6000,02/09/2026
Tamil Nadu,Chengalpattu,Madhuranthagam(Uzhavar Sandhai ),Bitter gourd,Bitter Gourd,Local,4000,4000,4000,02/09/2026
Tamil Nadu,Krishnagiri,Krishnagiri(Uzhavar Sandhai ),Bitter gourd,Bitter Gourd,Local,3600,4000,3800,02/09/2026
Tamil Nadu,Nagapattinam,Nagapattinam(Uzhavar Sandhai ),Bitter gourd,Bitter Gourd,Local,5000,6000,5500,02/09/2026
Tamil Nadu,Tenkasi,Sankarankoil(Uzhavar Sandhai ),Bitter gourd,Bitter Gourd,Local,9000,9000,9000,02/09/2026
Tamil Nadu,Pudukkottai,Pudukottai(Uzhavar Sandhai ),Bitter gourd,Other,Local,8000,9000,8500,02/09/2026
Tamil Nadu,Thiruvarur,Tiruvarur(Uzhavar Sandhai ),Bitter gourd,Bitter Gourd,Local,6000,6000,6000,02/09/2026
Tamil Nadu,Virudhunagar,Aruppukottai(Uzhavar Sandhai ),Bitter gourd,Bitter Gourd,Local,6000,8000,7000,02/09/2026
Tamil Nadu,Madurai,Thirumangalam(Uzhavar Sandhai ),Bitter gourd,Bitter Gourd,Local,5000,5500,5250,02/09/2026
Tamil Nadu,Nagapattinam,Vedaranyam(Uzhavar Sandhai),Bitter gourd,Bitter Gourd,Local,3800,4000,3900,02/09/2026
Tamil Nadu,Thirupathur,Vaniyampadi(Uzhavar Sandhai ),Bitter gourd,Bitter Gourd,Local,5000,5000,5000,02/09/2026
Tamil Nadu,Erode,Gobichettipalayam(Uzhavar Sandhai ),Bitter gourd,Bitter Gourd,Local,4500,5000,4750,02/09/2026
Tamil Nadu,Pudukkottai,Ponnamaravathi(Uzhavar Sandhai),Bitter gourd,Bitter Gourd,Local,7500,8000,7750,02/09/2026
Tamil Nadu,Thiruvannamalai,Tiruvannamalai(Uzhavar Sandhai ),Bitter gourd,Bitter Gourd,Local,4000,5000,4500,02/09/2026
Tamil Nadu,Thiruvannamalai,Cheyyar(Uzhavar Sandhai ),Bitter gourd,Other,Local,3200,4000,3600,02/09/2026
Tamil Nadu,Coimbatore,Mettupalayam(Uzhavar Sandhai ),Bitter gourd,Bitter Gourd,Local,4000,4500,4250,02/09/2026
Tamil Nadu,Coimbatore,Singanallur(Uzhavar Sandhai ),Bitter gourd,Other,Local,3500,4000,3750,02/09/2026
Tamil Nadu,Coimbatore,Pollachi(Uzhavar Sandhai ),Bitter gourd,Bitter Gourd,Local,4500,5000,4750,02/09/2026
Tamil Nadu,Karur,Karur(Uzhavar Sandhai ),Bitter gourd,Other,Local,5500,6000,5750,02/09/2026
Tamil Nadu,Coimbatore,Kurichi(Uzhavar Sandhai ),Bitter gourd,Other,Local,4500,5000,4750,02/09/2026
Tamil Nadu,Nagercoil (Kannyiakumari),Vadaseri APMC,Bitter gourd,Bitter Gourd,Local,7000,7500,7250,02/09/2026
Tamil Nadu,Pudukkottai,Karambakkudi(Uzhavar Sandhai ),Bitter gourd,Bitter Gourd,Local,7500,8000,7750,02/09/2026
Tamil Nadu,Erode,Perundurai(Uzhavar Sandhai ),Bitter gourd,Bitter Gourd,Local,4500,5000,4750,02/09/2026
Tamil Nadu,Dharmapuri,Dharmapuri(Uzhavar Sandhai ),Bitter gourd,Bitter Gourd,Local,3300,3600,3450,02/09/2026
Tamil Nadu,Kallakuruchi,Sankarapuram(Uzhavar Sandhai ),Bitter gourd,Bitter Gourd,Local,6000,6000,6000,02/09/2026
Tamil Nadu,Krishnagiri,Hosur(Uzhavar Sandhai ),Bitter gourd,Bitter Gourd,Local,4000,4500,4250,02/09/2026
Tamil Nadu,Madurai,Usilampatti(Uzhavar Sandhai ),Bitter gourd,Other,Local,5000,5500,5250,02/09/2026
Tamil Nadu,Perambalur,Perambalur(Uzhavar Sandhai ),Bitter gourd,Bitter Gourd,Local,5600,6000,5800,02/09/2026
Tamil Nadu,Salem,Ammapet(Uzhavar Sandhai ),Bitter gourd,Other,Local,4000,4500,4250,02/09/2026
Tamil Nadu,Salem,Thathakapatti(Uzhavar Sandhai ),Bitter gourd,Bitter Gourd,Local,5000,5500,5250,02/09/2026
Tamil Nadu,Theni,Chinnamanur(Uzhavar Sandhai ),Bitter gourd,Other,Local,3000,3000,3000,02/09/2026
Tamil Nadu,Thirupur,Kangayam(Uzhavar Sandhai ),Bitter gourd,Bitter Gourd,Local,5900,6200,6050,02/09/2026
Tamil Nadu,Salem,Elampillai(Uzhavar Sandhai ),Bitter gourd,Other,Local,4000,4500,4250,02/09/2026
Tamil Nadu,Thanjavur,Thanjavur(Uzhavar Sandhai ),Bitter gourd,Bitter Gourd,Local,6800,6800,6800,02/09/2026
Tamil Nadu,Thiruchirappalli,Thiruverumbur(Uzhavar Sandhai ),Bitter gourd,Bitter Gourd,Local,5600,5600,5600,02/09/2026
Tamil Nadu,Virudhunagar,Thalavaipuram(Uzhavar Sandhai ),Bitter gourd,Bitter Gourd,Local,7000,8000,7500,02/09/2026
Tamil Nadu,Virudhunagar,Virudhunagar(Uzhavar Sandhai ),Bitter gourd,Bitter Gourd,Local,5500,6000,5750,02/09/2026
Tamil Nadu,Chengalpattu,Pallavaram(Uzhavar Sandhai ),Bitter gourd,Other,Local,6000,7000,6500,02/09/2026
Tamil Nadu,Villupuram,Tindivanam APMC,Bitter gourd,Bitter Gourd,Local,5000,5000,5000,02/09/2026
Tamil Nadu,Theni,Bodinayakanur(Uzhavar Sandhai ),Bitter gourd,Bitter Gourd,Local,3000,3000,3000,02/09/2026
Tamil Nadu,Villupuram,Gingee(Uzhavar Sandhai ),Bitter gourd,Bitter Gourd,Local,5000,6000,5500,02/09/2026
Tamil Nadu,Vellore,Katpadi (Uzhavar Sandhai ),Bitter gourd,Bitter Gourd,Local,4500,4500,4500,02/09/2026
Tamil Nadu,Thirupur,Palladam(Uzhavar Sandhai ),Bitter gourd,Other,Local,5000,6000,5500,02/09/2026
Tamil Nadu,Coimbatore,Udumalpet APMC,Bitter gourd,Bitter Gourd,Local,5500,6500,6000,02/09/2026
Tamil Nadu,Erode,Sampath Nagar(Uzhavar Sandhai ),Bitter gourd,Other,Local,4000,4500,4250,02/09/2026
Tamil Nadu,Vellore,Pallikonda(Uzhavar Sandhai),Bitter gourd,Bitter Gourd,Local,4500,4500,4500,02/09/2026
Tamil Nadu,Thiruvannamalai,Arani(Uzhavar Sandhai ),Bitter gourd,Bitter Gourd,Local,4000,4800,4400,02/09/2026
Tamil Nadu,Thiruvannamalai,Polur(Uzhavar Sandhai ),Bitter gourd,Bitter Gourd,Local,4000,4800,4400,02/09/2026
Tamil Nadu,Thiruvarur,Mannargudi II(Uzhavar Sandhai ),Bitter gourd,Bitter Gourd,Local,6000,6000,6000,02/09/2026
Tamil Nadu,Tuticorin,Kovilpatti(Uzhavar Sandhai ),Bitter gourd,Other,Local,10000,11000,10500,02/09/2026
Tamil Nadu,Chengalpattu,Thirukalukundram(Uzhavar Sandhai ),Bitter gourd,Bitter Gourd,Local,4000,5000,4500,02/09/2026
Tamil Nadu,Tuticorin,Tuticorin(Uzhavar Sandhai ),Bitter gourd,Other,Local,5000,6000,5500,02/09/2026
Tamil Nadu,Dharmapuri,Palacode(Uzhavar Sandhai ),Bitter gourd,Other,Local,4000,4400,4200,02/09/2026
Tamil Nadu,Dindigul,Palani(Uzhavar Sandhai ),Bitter gourd,Bitter Gourd,Local,4000,4500,4250,02/09/2026
Tamil Nadu,Nagapattinam,Sirkali(Uzhavar Sandhai ),Bitter gourd,Bitter Gourd,Local,5500,6000,5750,02/09/2026
Tamil Nadu,Namakkal,Kumarapalayam(Uzhavar Sandhai ),Bitter gourd,Other,Local,4900,5500,5200,02/09/2026
Tamil Nadu,Namakkal,Paramathivelur(Uzhavar Sandhai ),Bitter gourd,Bitter Gourd,Local,6000,7000,6500,02/09/2026
Tamil Nadu,Madurai,Anna nagar(Uzhavar Sandhai ),Bitter gourd,Other,Local,5600,5600,5600,02/09/2026
Tamil Nadu,Salem,Sooramangalam(Uzhavar Sandhai ),Bitter gourd,Bitter Gourd,Local,4600,5000,4800,02/09/2026
Tamil Nadu,Thiruchirappalli,Thuraiyur APMC,Bitter gourd,Bitter Gourd,Local,6000,6000,6000,02/09/2026
Tamil Nadu,Salem,Thammampatti (Uzhavar Sandhai ),Bitter gourd,Other,Local,4500,5000,4750,02/09/2026
Tamil Nadu,Theni,Theni(Uzhavar Sandhai ),Bitter gourd,Other,Local,3000,3000,3000,02/09/2026
Tamil Nadu,Karur,Pallapatti (Uzhavar Sandhai ),Bitter gourd,Other,Local,5000,6000,5500,02/09/2026
Tamil Nadu,Salem,Attayampatti(Uzhavar Sandhai ),Bitter gourd,Bitter Gourd,Local,5000,5400,5200,02/09/2026
Tamil Nadu,Sivaganga,Singampunari(Uzhavar Sandhai ),Bitter gourd,Other,Local,5200,5600,5400,02/09/2026
Tamil Nadu,Sivaganga,Karaikudi(Uzhavar Sandhai ),Bitter gourd,Other,Local,5500,6000,5750,02/09/2026
Tamil Nadu,Thanjavur,Pattukottai(Uzhavar Sandhai ),Bitter gourd,Bitter Gourd,Local,6000,6000,6000,02/09/2026
Tamil Nadu,Thiruchirappalli,Lalgudi(Uzhavar Sandhai ),Bitter gourd,Other,Local,6000,6000,6000,02/09/2026
Tamil Nadu,Thiruchirappalli,Manachanallur(Uzhavar Sandhai ),Bitter gourd,Bitter Gourd,Local,5600,5600,5600,02/09/2026
Tamil Nadu,Virudhunagar,Rajapalayam(Uzhavar Sandhai ),Bitter gourd,Bitter Gourd,Local,7000,8000,7500,02/09/2026
Tamil Nadu,Virudhunagar,Sathur(Uzhavar Sandhai ),Bitter gourd,Bitter Gourd,Local,5500,6000,5750,02/09/2026
Tamil Nadu,Erode,Thalavadi(Uzhavar Sandhai ),Bitter gourd,Other,Local,4500,5000,4750,02/09/2026
Tamil Nadu,Tenkasi,Tenkasi(Uzhavar Sandhai ),Bitter gourd,Other,Local,5000,5000,5000,02/09/2026
Tamil Nadu,The Nilgiris,Udhagamandalam(Uzhavar Sandhai ),Bitter gourd,Bitter Gourd,Local,3800,4200,4000,02/09/2026
Tamil Nadu,Thiruvellore,Tiruthani(Uzhavar Sandhai ),Bitter gourd,Bitter Gourd,Local,6000,6000,6000,02/09/2026
Tamil Nadu,Madurai,Melur(Uzhavar Sandhai ),Bitter gourd,Bitter Gourd,Local,5000,5500,5250,02/09/2026
Tamil Nadu,Kallakuruchi,Kallakurichi(Uzhavar Sandhai ),Bitter gourd,Bitter Gourd,Local,6000,6000,6000,02/09/2026
Tamil Nadu,Virudhunagar,Srivilliputhur(Uzhavar Sandhai ),Bitter gourd,Bitter Gourd,Local,7000,8000,7500,02/09/2026
Tamil Nadu,Pudukkottai,Viralimalai(Uzhavar Sandhai ),Bitter gourd,Bitter Gourd,Local,7500,8000,7750,02/09/2026
Tamil Nadu,Ramanathapuram,Paramakudi(Uzhavar Sandhai ),Bitter gourd,Bitter Gourd,Local,5800,6000,5900,02/09/2026
Tamil Nadu,Thiruvellore,Paruthipattu(Uzhavar Sandhai ),Bitter gourd,Bitter Gourd,Local,5000,5000,5000,02/09/2026
Tamil Nadu,Erode,Sathiyamagalam(Uzhavar Sandhai ),Bitter gourd,Other,Local,5400,5800,5600,02/09/2026
Tamil Nadu,Krishnagiri,Kaveripattinam(Uzhavar Sandhai ),Bitter gourd,Bitter Gourd,Local,5000,5000,5000,02/09/2026
Tamil Nadu,The Nilgiris,Coonoor(Uzhavar Sandhai ),Bitter gourd,Other,Local,4000,4200,4100,02/09/2026
Tamil Nadu,The Nilgiris,Gudalur(Uzhavar Sandhai ),Bitter gourd,Bitter Gourd,Local,4200,4500,4350,02/09/2026
Tamil Nadu,Chengalpattu,Thirukalukundram(Uzhavar Sandhai ),Bottle gourd,Bottle Gourd,Local,4000,4500,4250,02/09/2026
Tamil Nadu,Tuticorin,Tuticorin(Uzhavar Sandhai ),Bottle gourd,Bottle Gourd,Local,1500,2000,1750,02/09/2026
Tamil Nadu,Nagercoil (Kannyiakumari),Vadaseri APMC,Bottle gourd,Bottle Gourd,Local,2800,3000,2900,02/09/2026
Tamil Nadu,Vellore,Thirupathur APMC,Bottle gourd,Bottle Gourd,Local,2000,2000,2000,02/09/2026
Tamil Nadu,Dindigul,Vedasanthur(Uzhavar Sandhai ),Bottle gourd,Bottle Gourd,Local,1000,1200,1100,02/09/2026
Tamil Nadu,Erode,Gobichettipalayam(Uzhavar Sandhai ),Bottle gourd,Bottle Gourd,Local,1600,2000,1800,02/09/2026
Tamil Nadu,Erode,Sampath Nagar(Uzhavar Sandhai ),Bottle gourd,Bottle Gourd,Local,1500,2000,1750,02/09/2026
Tamil Nadu,Vellore,Pallikonda(Uzhavar Sandhai),Bottle gourd,Bottle Gourd,Local,2000,2500,2250,02/09/2026
Tamil Nadu,Pudukkottai,Ponnamaravathi(Uzhavar Sandhai),Bottle gourd,Bottle Gourd,Local,2000,2500,2250,02/09/2026
Tamil Nadu,Thiruvannamalai,Arani(Uzhavar Sandhai ),Bottle gourd,Bottle Gourd,Local,1500,2000,1750,02/09/2026
Tamil Nadu,Thiruvarur,Mannargudi II(Uzhavar Sandhai ),Bottle gourd,Bottle Gourd,Local,2800,2800,2800,02/09/2026
Tamil Nadu,Thiruvellore,Paruthipattu(Uzhavar Sandhai ),Bottle gourd,Bottle Gourd,Local,4000,4000,4000,02/09/2026
Tamil Nadu,Erode,Thalavadi(Uzhavar Sandhai ),Bottle gourd,Bottle Gourd,Local,1600,2000,1800,02/09/2026
Tamil Nadu,Theni,Andipatti(Uzhavar Sandhai ),Bottle gourd,Bottle Gourd,Local,1800,2000,1900,02/09/2026
Tamil Nadu,Thiruvarur,Valangaiman APMC,Bottle gourd,Bottle Gourd,Local,3000,3000,3000,02/09/2026
Tamil Nadu,Thiruvellore,Tiruthani(Uzhavar Sandhai ),Bottle gourd,Bottle Gourd,Local,3000,3000,3000,02/09/2026
Tamil Nadu,Virudhunagar,Kariyapatti(Uzhavar Sandhai ),Bottle gourd,Bottle Gourd,Local,1800,2000,1900,02/09/2026
Tamil Nadu,Nagapattinam,Vedaranyam(Uzhavar Sandhai),Bottle gourd,Bottle Gourd,Local,2500,2800,2650,02/09/2026
Tamil Nadu,Erode,Periyar Nagar(Uzhavar Sandhai ),Bottle gourd,Bottle Gourd,Local,1500,2000,1750,02/09/2026
Tamil Nadu,Kancheepuram,Kancheepuram(Uzhavar Sandhai ),Bottle gourd,Bottle Gourd,Local,2000,3000,2500,02/09/2026
Tamil Nadu,Kancheepuram,Padappai(Uzhavar Sandhai ),Bottle gourd,Bottle Gourd,Local,2000,3000,2500,02/09/2026
Tamil Nadu,Nagapattinam,Sirkali(Uzhavar Sandhai ),Bottle gourd,Bottle Gourd,Local,2500,3000,2750,02/09/2026
Tamil Nadu,Namakkal,Kumarapalayam(Uzhavar Sandhai ),Bottle gourd,Bottle Gourd,Local,1800,2000,1900,02/09/2026
Tamil Nadu,Namakkal,Namakkal(Uzhavar Sandhai ),Bottle gourd,Bottle Gourd,Local,1500,2000,1750,02/09/2026
Tamil Nadu,Namakkal,Paramathivelur(Uzhavar Sandhai ),Bottle gourd,Bottle Gourd,Local,1500,2000,1750,02/09/2026
Tamil Nadu,Thanjavur,Tirukattupalli(Uzhavar Sandhai ),Bottle gourd,Bottle Gourd,Local,3000,3000,3000,02/09/2026
Tamil Nadu,Madurai,Anna nagar(Uzhavar Sandhai ),Bottle gourd,Bottle Gourd,Local,2600,3000,2800,02/09/2026
Tamil Nadu,Salem,Mecheri(Uzhavar Sandhai),Bottle gourd,Bottle Gourd,Local,2000,2500,2250,02/09/2026
Tamil Nadu,Theni,Theni(Uzhavar Sandhai ),Bottle gourd,Bottle Gourd,Local,1500,2000,1750,02/09/2026
Tamil Nadu,Thirunelveli,Melapalayam(Uzhavar Sandhai ),Bottle gourd,Bottle Gourd,Local,1000,1200,1100,02/09/2026
Tamil Nadu,Thiruvannamalai,Tamarainagar(Uzhavar Sandhai ),Bottle gourd,Bottle Gourd,Local,2000,2400,2200,02/09/2026
Tamil Nadu,Coimbatore,Sulur(Uzhavar Sandhai ),Bottle gourd,Bottle Gourd,Local,2800,3200,3000,02/09/2026
Tamil Nadu,Karur,Pallapatti (Uzhavar Sandhai ),Bottle gourd,Bottle Gourd,Local,2500,3000,2750,02/09/2026
Tamil Nadu,Thiruchirappalli,KKNagar(Uzhavar Sandhai ),Bottle gourd,Bottle Gourd,Local,3000,3000,3000,02/09/2026
Tamil Nadu,Virudhunagar,Sivakasi(Uzhavar Sandhai ),Bottle gourd,Bottle Gourd,Local,1500,2000,1750,02/09/2026
Tamil Nadu,Chengalpattu,Nanganallur(Uzhavar Sandhai ),Bottle gourd,Bottle Gourd,Local,3500,4000,3750,02/09/2026
Tamil Nadu,Villupuram,Ulundurpettai APMC,Bottle gourd,Bottle Gourd,Local,2000,2000,2000,02/09/2026
Tamil Nadu,Thirupur,Tiruppur (South) (Uzhavar Sandhai ),Bottle gourd,Bottle Gourd,Local,1500,2000,1750,02/09/2026
Tamil Nadu,Dharmapuri,Palacode(Uzhavar Sandhai ),Bottle gourd,Bottle Gourd,Local,1600,1800,1700,02/09/2026
Tamil Nadu,Dindigul,Dindigul(Uzhavar Sandhai ),Bottle gourd,Bottle Gourd,Local,2000,2500,2250,02/09/2026
Tamil Nadu,Kallakuruchi,Sankarapuram(Uzhavar Sandhai ),Bottle gourd,Bottle Gourd,Local,1500,1500,1500,02/09/2026
Tamil Nadu,Krishnagiri,Hosur(Uzhavar Sandhai ),Bottle gourd,Bottle Gourd,Local,2000,2500,2250,02/09/2026
Tamil Nadu,Ranipet,Arcot(Uzhavar Sandhai ),Bottle gourd,Bottle Gourd,Local,2000,2000,2000,02/09/2026
Tamil Nadu,Salem,Sooramangalam(Uzhavar Sandhai ),Bottle gourd,Bottle Gourd,Local,2000,3000,2500,02/09/2026
Tamil Nadu,Thiruchirappalli,Thuraiyur APMC,Bottle gourd,Bottle Gourd,Local,2500,3000,2750,02/09/2026
Tamil Nadu,Theni,Chinnamanur(Uzhavar Sandhai ),Bottle gourd,Bottle Gourd,Local,2600,2600,2600,02/09/2026
Tamil Nadu,Thirunelveli,NGO Colony(Uzhavar Sandhai ),Bottle gourd,Bottle Gourd,Local,2500,3000,2750,02/09/2026
Tamil Nadu,Thirupur,Kangayam(Uzhavar Sandhai ),Bottle gourd,Bottle Gourd,Local,1500,1800,1650,02/09/2026
Tamil Nadu,Dharmapuri,AJattihalli(Uzhavar Sandhai ),Bottle gourd,Bottle Gourd,Local,1500,1500,1500,02/09/2026
Tamil Nadu,Salem,Edapadi (Uzhavar Sandhai ),Bottle gourd,Bottle Gourd,Local,2000,2600,2300,02/09/2026
Tamil Nadu,Salem,Jalagandapuram(Uzhavar Sandhai ),Bottle gourd,Bottle Gourd,Local,2800,3000,2900,02/09/2026
Tamil Nadu,Thiruchirappalli,Manapparai(Uzhavar Sandhai ),Bottle gourd,Bottle Gourd,Local,2500,3000,2750,02/09/2026
Tamil Nadu,Virudhunagar,Rajapalayam(Uzhavar Sandhai ),Bottle gourd,Bottle Gourd,Local,1500,2000,1750,02/09/2026
Tamil Nadu,Virudhunagar,Thalavaipuram(Uzhavar Sandhai ),Bottle gourd,Bottle Gourd,Local,1500,2000,1750,02/09/2026
Tamil Nadu,Nagercoil (Kannyiakumari),Myladi(Uzhavar Sandhai ),Bottle gourd,Bottle Gourd,Local,2200,2500,2350,02/09/2026
Tamil Nadu,The Nilgiris,Udhagamandalam(Uzhavar Sandhai ),Bottle gourd,Bottle Gourd,Local,2500,3000,2750,02/09/2026
Tamil Nadu,Thiruvarur,Needamangalam(Uzhavar Sandhai ),Bottle gourd,Bottle Gourd,Local,3000,3000,3000,02/09/2026
Tamil Nadu,Madurai,Thirumangalam(Uzhavar Sandhai ),Bottle gourd,Bottle Gourd,Local,2000,2400,2200,02/09/2026
Tamil Nadu,Madurai,Melur(Uzhavar Sandhai ),Bottle gourd,Bottle Gourd,Local,1800,2000,1900,02/09/2026
Tamil Nadu,Thirupathur,Vaniyampadi(Uzhavar Sandhai ),Bottle gourd,Bottle Gourd,Local,2000,2000,2000,02/09/2026
Tamil Nadu,Nagapattinam,Mayiladuthurai(Uzhavar Sandhai ),Bottle gourd,Bottle Gourd,Local,2500,3000,2750,02/09/2026
Tamil Nadu,Ramanathapuram,Paramakudi(Uzhavar Sandhai ),Bottle gourd,Bottle Gourd,Local,2200,2500,2350,02/09/2026
Tamil Nadu,Pudukkottai,Alangudi(Uzhavar Sandhai ),Bottle gourd,Bottle Gourd,Local,2000,2500,2250,02/09/2026
Tamil Nadu,Thiruvannamalai,Polur(Uzhavar Sandhai ),Bottle gourd,Bottle Gourd,Local,1600,2000,1800,02/09/2026
Tamil Nadu,Vellore,Kahithapattarai(Uzhavar Sandhai ),Bottle gourd,Bottle Gourd,Local,1500,1500,1500,02/09/2026
Tamil Nadu,Namakkal,Tiruchengode APMC,Bottle gourd,Bottle Gourd,Local,1200,1500,1350,02/09/2026
Tamil Nadu,Coimbatore,Singanallur(Uzhavar Sandhai ),Bottle gourd,Bottle Gourd,Local,3000,3200,3100,02/09/2026
Tamil Nadu,Coimbatore,Kurichi(Uzhavar Sandhai ),Bottle gourd,Bottle Gourd,Local,2500,3200,2850,02/09/2026
Tamil Nadu,Pudukkottai,Karambakkudi(Uzhavar Sandhai ),Bottle gourd,Bottle Gourd,Local,2500,3000,2750,02/09/2026
Tamil Nadu,Dharmapuri,Karimangalam(Uzhavar Sandhai),Bottle gourd,Bottle Gourd,Local,1800,2000,1900,02/09/2026
Tamil Nadu,Madurai,Usilampatti(Uzhavar Sandhai ),Bottle gourd,Bottle Gourd,Local,2600,2800,2700,02/09/2026
Tamil Nadu,Madurai,Palanganatham(Uzhavar Sandhai ),Bottle gourd,Bottle Gourd,Local,2000,2800,2400,02/09/2026
Tamil Nadu,Perambalur,Perambalur(Uzhavar Sandhai ),Bottle gourd,Bottle Gourd,Local,1800,2200,2000,02/09/2026
Tamil Nadu,Ranipet,Ranipettai(Uzhavar Sandhai ),Bottle gourd,Bottle Gourd,Local,2000,2500,2250,02/09/2026
Tamil Nadu,Salem,Mettur(Uzhavar Sandhai ),Bottle gourd,Bottle Gourd,Local,1500,2000,1750,02/09/2026
Tamil Nadu,Salem,Thathakapatti(Uzhavar Sandhai ),Bottle gourd,Bottle Gourd,Local,2500,3000,2750,02/09/2026
Tamil Nadu,Theni,Kambam(Uzhavar Sandhai ),Bottle gourd,Bottle Gourd,Local,1500,2000,1750,02/09/2026
Tamil Nadu,Thirunelveli,Palayamkottai(Uzhavar Sandhai ),Bottle gourd,Bottle Gourd,Local,1200,3000,2100,02/09/2026
Tamil Nadu,Cuddalore,Vadalur(Uzhavar Sandhai ),Bottle gourd,Bottle Gourd,Local,2000,2000,2000,02/09/2026
Tamil Nadu,Theni,Devaram(Uzhavar Sandhai ),Bottle gourd,Bottle Gourd,Local,2000,2000,2000,02/09/2026
Tamil Nadu,Salem,Attayampatti(Uzhavar Sandhai ),Bottle gourd,Bottle Gourd,Local,3000,3000,3000,02/09/2026
Tamil Nadu,Sivaganga,Sivagangai (Uzhavar Sandhai ),Bottle gourd,Bottle Gourd,Local,2200,3000,2600,02/09/2026
Tamil Nadu,Sivaganga,Devakottai (Uzhavar Sandhai ),Bottle gourd,Bottle Gourd,Local,3000,3400,3200,02/09/2026
Tamil Nadu,Thanjavur,Thanjavur(Uzhavar Sandhai ),Bottle gourd,Bottle Gourd,Local,3000,3000,3000,02/09/2026
Tamil Nadu,Thiruchirappalli,Lalgudi(Uzhavar Sandhai ),Bottle gourd,Bottle Gourd,Local,3000,3000,3000,02/09/2026
Tamil Nadu,Virudhunagar,Virudhunagar(Uzhavar Sandhai ),Bottle gourd,Bottle Gourd,Local,2500,3000,2750,02/09/2026
Tamil Nadu,Chengalpattu,Chengalpet(Uzhavar Sandhai ),Bottle gourd,Bottle Gourd,Local,4000,5000,4500,02/09/2026
Tamil Nadu,Chengalpattu,Madhuranthagam(Uzhavar Sandhai ),Bottle gourd,Bottle Gourd,Local,4000,4000,4000,02/09/2026
Tamil Nadu,Theni,Bodinayakanur(Uzhavar Sandhai ),Bottle gourd,Bottle Gourd,Local,2400,2400,2400,02/09/2026
Tamil Nadu,Thiruvarur,Tiruvarur(Uzhavar Sandhai ),Bottle gourd,Bottle Gourd,Local,3000,3000,3000,02/09/2026
Tamil Nadu,Villupuram,Gingee(Uzhavar Sandhai ),Bottle gourd,Bottle Gourd,Local,2500,2500,2500,02/09/2026
Tamil Nadu,Vellore,Perampet(Uzhavar Sandhai),Bottle gourd,Bottle Gourd,Local,1500,2000,1750,02/09/2026
Tamil Nadu,Chengalpattu,Guduvancheri(Uzhavar Sandhai ),Bottle gourd,Bottle Gourd,Local,3500,4000,3750,02/09/2026
Tamil Nadu,Thirupur,Palladam(Uzhavar Sandhai ),Bottle gourd,Bottle Gourd,Local,1500,2000,1750,02/09/2026
Tamil Nadu,Thirupathur,Natrampalli(Uzhavar Sandhai ),Bottle gourd,Bottle Gourd,Local,1500,2000,1750,02/09/2026
Tamil Nadu,Salem,Athur(Uzhavar Sandhai ),Bottle gourd,Bottle Gourd,Local,2000,2500,2250,02/09/2026
Tamil Nadu,Ramanathapuram,Ramanathapuram(Uzhavar Sandhai ),Bottle gourd,Bottle Gourd,Local,2400,2600,2500,02/09/2026
Tamil Nadu,Thiruvannamalai,Tiruvannamalai(Uzhavar Sandhai ),Bottle gourd,Bottle Gourd,Local,2000,2500,2250,02/09/2026
Tamil Nadu,Tuticorin,Kovilpatti(Uzhavar Sandhai ),Bottle gourd,Bottle Gourd,Local,3000,3500,3250,02/09/2026
Tamil Nadu,Vellore,Gudiyatham(Uzhavar Sandhai ),Bottle gourd,Bottle Gourd,Local,2400,2400,2400,02/09/2026
Tamil Nadu,Thiruvannamalai,Cheyyar(Uzhavar Sandhai ),Bottle gourd,Bottle Gourd,Local,1500,2000,1750,02/09/2026
Tamil Nadu,Coimbatore,Pollachi(Uzhavar Sandhai ),Bottle gourd,Bottle Gourd,Local,3000,3500,3250,02/09/2026
Tamil Nadu,Karur,Karur(Uzhavar Sandhai ),Bottle gourd,Bottle Gourd,Local,2500,3000,2750,02/09/2026
Tamil Nadu,Cuddalore,Chidambaram(Uzhavar Sandhai ),Bottle gourd,Bottle Gourd,Local,2500,2500,2500,02/09/2026
Tamil Nadu,Cuddalore,Cuddalore(Uzhavar Sandhai ),Bottle gourd,Bottle Gourd,Local,2000,2500,2250,02/09/2026
Tamil Nadu,Vellore,Vellore APMC,Bottle gourd,Bottle Gourd,Local,1500,2000,1750,02/09/2026
Tamil Nadu,The Nilgiris,Coonoor(Uzhavar Sandhai ),Bottle gourd,Bottle Gourd,Local,3000,3400,3200,02/09/2026
Tamil Nadu,Erode,Perundurai(Uzhavar Sandhai ),Bottle gourd,Bottle Gourd,Local,1400,1600,1500,02/09/2026
Tamil Nadu,Dharmapuri,Dharmapuri(Uzhavar Sandhai ),Bottle gourd,Bottle Gourd,Local,1400,1500,1450,02/09/2026
Tamil Nadu,Dindigul,Chinnalapatti(Uzhavar Sandhai ),Bottle gourd,Bottle Gourd,Local,2500,3000,2750,02/09/2026
Tamil Nadu,Dindigul,Palani(Uzhavar Sandhai ),Bottle gourd,Bottle Gourd,Local,800,1200,1000,02/09/2026
Tamil Nadu,Kancheepuram,Kundrathur(Uzhavar Sandhai ),Bottle gourd,Bottle Gourd,Local,3000,3000,3000,02/09/2026
Tamil Nadu,Kancheepuram,Sunguvarchatram(Uzhavar Sandhai ),Bottle gourd,Bottle Gourd,Local,3000,3000,3000,02/09/2026
Tamil Nadu,Madurai,Anaiyur(Uzhavar Sandhai ),Bottle gourd,Bottle Gourd,Local,2000,2800,2400,02/09/2026
Tamil Nadu,Namakkal,Mohanur(Uzhavar Sandhai ),Bottle gourd,Bottle Gourd,Local,1600,2000,1800,02/09/2026
Tamil Nadu,Namakkal,Rasipuram(Uzhavar Sandhai ),Bottle gourd,Bottle Gourd,Local,1800,2500,2150,02/09/2026
Tamil Nadu,Salem,Ammapet(Uzhavar Sandhai ),Bottle gourd,Bottle Gourd,Local,2500,3000,2750,02/09/2026
Tamil Nadu,Salem,Thammampatti (Uzhavar Sandhai ),Bottle gourd,Bottle Gourd,Local,2000,2500,2250,02/09/2026
Tamil Nadu,Thirunelveli,Kandiyaperi(Uzhavar Sandhai ),Bottle gourd,Bottle Gourd,Local,1000,1200,1100,02/09/2026
Tamil Nadu,Thiruvannamalai,Chengam(Uzhavar Sandhai ),Bottle gourd,Bottle Gourd,Local,1600,2000,1800,02/09/2026
Tamil Nadu,Pudukkottai,Gandarvakottai(Uzhavar Sandhai ),Bottle gourd,Bottle Gourd,Local,2000,2500,2250,02/09/2026
Tamil Nadu,Cuddalore,Panruti(Uzhavar Sandhai ),Bottle gourd,Bottle Gourd,Local,2000,2000,2000,02/09/2026
Tamil Nadu,Karur,Velayuthampalayam(Uzhavar Sandhai ),Bottle gourd,Bottle Gourd,Local,2400,3000,2700,02/09/2026
Tamil Nadu,Karur,Vengamedu(Uzhavar Sandhai ),Bottle gourd,Bottle Gourd,Local,2500,3000,2750,02/09/2026
Tamil Nadu,Salem,Elampillai(Uzhavar Sandhai ),Bottle gourd,Bottle Gourd,Local,2500,2800,2650,02/09/2026
Tamil Nadu,Sivaganga,Tirupatthur(Uzhavar Sandhai ),Bottle gourd,Bottle Gourd,Local,3200,3500,3350,02/09/2026
Tamil Nadu,Thanjavur,Pattukottai(Uzhavar Sandhai ),Bottle gourd,Bottle Gourd,Local,2600,2600,2600,02/09/2026
Tamil Nadu,Virudhunagar,Sathur(Uzhavar Sandhai ),Bottle gourd,Bottle Gourd,Local,1800,2000,1900,02/09/2026
Tamil Nadu,Villupuram,Tindivanam APMC,Bottle gourd,Bottle Gourd,Local,2000,2000,2000,02/09/2026
Tamil Nadu,Cuddalore,Viruthachalam(Uzhavar Sandhai ),Bottle gourd,Bottle Gourd,Local,3000,3000,3000,02/09/2026
Tamil Nadu,Krishnagiri,Krishnagiri(Uzhavar Sandhai ),Bottle gourd,Bottle Gourd,Local,1600,2000,1800,02/09/2026
Tamil Nadu,Nagapattinam,Nagapattinam(Uzhavar Sandhai ),Bottle gourd,Bottle Gourd,Local,3000,3000,3000,02/09/2026
Tamil Nadu,Vellore,Katpadi (Uzhavar Sandhai ),Bottle gourd,Bottle Gourd,Local,2000,2500,2250,02/09/2026
Tamil Nadu,Pudukkottai,Aranthangi(Uzhavar Sandhai ),Bottle gourd,Bottle Gourd,Local,2000,2500,2250,02/09/2026
Tamil Nadu,Thirupur,Dharapuram(Uzhavar Sandhai ),Bottle gourd,Bottle Gourd,Local,1500,2000,1750,02/09/2026
Tamil Nadu,Kallakuruchi,Kallakurichi(Uzhavar Sandhai ),Bottle gourd,Bottle Gourd,Local,1500,1500,1500,02/09/2026
Tamil Nadu,Virudhunagar,Srivilliputhur(Uzhavar Sandhai ),Bottle gourd,Bottle Gourd,Local,1700,2000,1850,02/09/2026
Tamil Nadu,Coimbatore,Sundarapuram(Uzhavar Sandhai ),Bottle gourd,Bottle Gourd,Local,2500,3500,3000,02/09/2026
Tamil Nadu,Erode,Sathiyamagalam(Uzhavar Sandhai ),Bottle gourd,Bottle Gourd,Local,1500,2000,1750,02/09/2026
Tamil Nadu,Coimbatore,Mettupalayam(Uzhavar Sandhai ),Bottle gourd,Bottle Gourd,Local,2000,3000,2500,02/09/2026
Tamil Nadu,Krishnagiri,Kaveripattinam(Uzhavar Sandhai ),Bottle gourd,Bottle Gourd,Local,2500,3000,2750,02/09/2026
Tamil Nadu,Dharmapuri,Pennagaram(Uzhavar Sandhai ),Bottle gourd,Bottle Gourd,Local,2200,2400,2300,02/09/2026
Tamil Nadu,Krishnagiri,Avallapalli(Uzhavar Sandhai ),Bottle gourd,Bottle Gourd,Local,2000,2500,2250,02/09/2026
Tamil Nadu,Krishnagiri,Denkanikottai(Uzhavar Sandhai ),Bottle gourd,Bottle Gourd,Local,2000,2500,2250,02/09/2026
Tamil Nadu,Thirupur,Tiruppur (North) (Uzhavar Sandhai ),Bottle gourd,Bottle Gourd,Local,1500,2000,1750,02/09/2026
Tamil Nadu,Thiruvannamalai,Vandavasi(Uzhavar Sandhai ),Bottle gourd,Bottle Gourd,Local,1600,2000,1800,02/09/2026
Tamil Nadu,Thiruvarur,Muthupettai(Uzhavar Sandhai ),Bottle gourd,Bottle Gourd,Local,2800,2800,2800,02/09/2026
Tamil Nadu,Thanjavur,Peravurani(Uzhavar Sandhai),Bottle gourd,Bottle Gourd,Local,2500,2500,2500,02/09/2026
Tamil Nadu,Salem,Hasthampatti(Uzhavar Sandhai ),Bottle gourd,Bottle Gourd,Local,2500,2800,2650,02/09/2026
Tamil Nadu,Sivaganga,Singampunari(Uzhavar Sandhai ),Bottle gourd,Bottle Gourd,Local,2200,3000,2600,02/09/2026
Tamil Nadu,Sivaganga,Karaikudi(Uzhavar Sandhai ),Bottle gourd,Bottle Gourd,Local,2500,3200,2850,02/09/2026
Tamil Nadu,Thiruchirappalli,Manachanallur(Uzhavar Sandhai ),Bottle gourd,Bottle Gourd,Local,3000,3000,3000,02/09/2026
Tamil Nadu,Thiruchirappalli,Musiri(Uzhavar Sandhai ),Bottle gourd,Bottle Gourd,Local,2000,2500,2250,02/09/2026
Tamil Nadu,Thiruchirappalli,Thiruverumbur(Uzhavar Sandhai ),Bottle gourd,Bottle Gourd,Local,3000,3000,3000,02/09/2026
Tamil Nadu,Chengalpattu,Jameenrayapettai(Uzhavar Sandhai ),Bottle gourd,Bottle Gourd,Local,3500,4000,3750,02/09/2026
Tamil Nadu,Madurai,Chokkikulam(Uzhavar Sandhai ),Bottle gourd,Bottle Gourd,Local,2000,2800,2400,02/09/2026
Tamil Nadu,Tenkasi,Sankarankoil(Uzhavar Sandhai ),Bottle gourd,Bottle Gourd,Local,1500,2000,1750,02/09/2026
Tamil Nadu,Tenkasi,Tenkasi(Uzhavar Sandhai ),Bottle gourd,Bottle Gourd,Local,1500,2000,1750,02/09/2026
Tamil Nadu,Pudukkottai,Pudukottai(Uzhavar Sandhai ),Bottle gourd,Bottle Gourd,Local,2500,3000,2750,02/09/2026
Tamil Nadu,Thanjavur,Kumbakonam (Uzhavar Sandhai ),Bottle gourd,Bottle Gourd,Local,2400,2400,2400,02/09/2026
Tamil Nadu,Virudhunagar,Aruppukottai(Uzhavar Sandhai ),Bottle gourd,Bottle Gourd,Local,1500,2000,1750,02/09/2026
Tamil Nadu,Thiruvellore,Tiruvallur(Uzhavar Sandhai ),Bottle gourd,Bottle Gourd,Local,3000,3000,3000,02/09/2026
Tamil Nadu,Salem,Vazhapadi(Uzhavar Sandhai),Bottle gourd,Bottle Gourd,Local,2500,3000,2750,02/09/2026
Tamil Nadu,Karur,Gandhigramam(Uzhavar Sandhai),Bottle gourd,Bottle Gourd,Local,2500,3000,2750,02/09/2026
Tamil Nadu,Karur,Kulithalai(Uzhavar Sandhai ),Bottle gourd,Bottle Gourd,Local,1500,2000,1750,02/09/2026
Tamil Nadu,Theni,Periyakulam(Uzhavar Sandhai ),Bottle gourd,Bottle Gourd,Local,1500,2000,1750,02/09/2026
Tamil Nadu,Coimbatore,Vadavalli(Uzhavar Sandhai ),Bottle gourd,Bottle Gourd,Local,2800,3200,3000,02/09/2026
Tamil Nadu,Coimbatore,Udumalpet APMC,Bottle gourd,Bottle Gourd,Local,1500,2200,1850,02/09/2026
Tamil Nadu,Pudukkottai,Viralimalai(Uzhavar Sandhai ),Bottle gourd,Bottle Gourd,Local,2000,2500,2250,02/09/2026
Tamil Nadu,Thiruvarur,Mannargudi I(Uzhavar Sandhai ),Bottle gourd,Bottle Gourd,Local,2800,2800,2800,02/09/2026
Tamil Nadu,Thiruvarur,Tiruthuraipoondi(Uzhavar Sandhai ),Bottle gourd,Bottle Gourd,Local,3000,3000,3000,02/09/2026
Tamil Nadu,Thiruvellore,Naravarikuppam(Uzhavar Sandhai ),Bottle gourd,Bottle Gourd,Local,4000,4000,4000,02/09/2026
Tamil Nadu,Thanjavur,Papanasam(Uzhavar Sandhai ),Bottle gourd,Bottle Gourd,Local,2400,2400,2400,02/09/2026
Tamil Nadu,Coimbatore,RSPuram(Uzhavar Sandhai ),Bottle gourd,Bottle Gourd,Local,2800,3200,3000,02/09/2026
Tamil Nadu,Dharmapuri,Harur(Uzhavar Sandhai ),Bottle gourd,Bottle Gourd,Local,1500,1800,1650,02/09/2026
Tamil Nadu,The Nilgiris,Gudalur(Uzhavar Sandhai ),Bottle gourd,Bottle Gourd,Local,2500,3000,2750,02/09/2026
Madhya Pradesh,Morena,Kailaras APMC,Bitter gourd,Other,FAQ,1000,1900,1900,02/09/2026
Madhya Pradesh,Khandwa,Khargone(F&V) APMC,Bitter gourd,Bitter Gourd,Medium,1800,2000,1900,02/09/2026
Madhya Pradesh,Indore,Indore(F&V) APMC,Bitter gourd,Bitter Gourd,Local,1500,2500,2000,02/09/2026
Madhya Pradesh,Sagar,Devri(F&V) APMC,Bitter gourd,Kareli,Grade B,950,950,950,02/09/2026
Madhya Pradesh,Sehore,Sehore(F&V) APMC,Bitter gourd,Bitter Gourd,Grade Range-1,2000,2500,2200,02/09/2026
Madhya Pradesh,Khandwa,Badwah(F&V) APMC,Bitter gourd,Bitter Gourd,Grade A,1100,1500,1200,02/09/2026
Madhya Pradesh,Shivpuri,Shivpuri(F&V) APMC,Bitter gourd,Other,Grade B,2000,2000,2000,02/09/2026
Madhya Pradesh,Jhabua,Petlawad(F&V) APMC,Bitter gourd,Bitter Gourd,Grade A,1000,1000,1000,02/09/2026
Madhya Pradesh,Khandwa,Sanawad(F&V) APMC,Bitter gourd,Bitter Gourd,Medium,1500,2000,1800,02/09/2026
Madhya Pradesh,Seoni,Seoni(F&V) APMC,Bitter gourd,Bitter Gourd,Grade C,1200,1200,1200,02/09/2026
Madhya Pradesh,Ujjain,Ujjain(F&V) APMC,Bitter gourd,Bitter Gourd,Medium,435,2000,972,02/09/2026
Madhya Pradesh,Khandwa,Khandwa(F&V) APMC,Bitter gourd,Bitter Gourd,FAQ,800,1500,1200,02/09/2026
Madhya Pradesh,Indore,Indore(F&V) APMC,Round gourd,Round gourd,Local,300,600,400,02/09/2026
Madhya Pradesh,Sehore,Sehore(F&V) APMC,Sponge gourd,Sponge gourd,Grade Range-1,1500,2500,2000,02/09/2026
Madhya Pradesh,Dhar,Manawar(F&V) APMC,Sponge gourd,Sponge gourd,Grade B,1700,2000,1750,02/09/2026
Madhya Pradesh,Harda,Harda(F&V) APMC,Bottle gourd,Other,Medium,1000,1200,1100,02/09/2026
Madhya Pradesh,Ujjain,Ujjain(F&V) APMC,Sponge gourd,Sponge gourd,Medium,540,2000,1184,02/09/2026
Madhya Pradesh,Khandwa,Khandwa(F&V) APMC,Sponge gourd,Sponge gourd,FAQ,800,1500,1000,02/09/2026
Madhya Pradesh,Morena,Kailaras APMC,Bottle gourd,Other,FAQ,500,1000,1000,02/09/2026
Madhya Pradesh,Khandwa,Sanawad(F&V) APMC,Bottle gourd,Bottle Gourd,Medium,800,1000,900,02/09/2026
Madhya Pradesh,Jhabua,Petlawad(F&V) APMC,Bottle gourd,Bottle Gourd,Grade A,500,1000,683,02/09/2026
Madhya Pradesh,Indore,Indore(F&V) APMC,Bottle gourd,Bottle Gourd,Local,1500,3000,2500,02/09/2026
Madhya Pradesh,Khandwa,Khandwa(F&V) APMC,Bottle gourd,Bottle Gourd,FAQ,300,500,400,02/09/2026
Madhya Pradesh,Khandwa,Badwah(F&V) APMC,Sponge gourd,Sponge gourd,Grade A,1300,1750,1400,02/09/2026
Madhya Pradesh,Harda,Sirali(F&V) APMC,Bottle gourd,Bottle Gourd,Grade A,1000,1000,1000,02/09/2026
Madhya Pradesh,Indore,Sanwer(F&V) APMC,Bottle gourd,Bottle Gourd,FAQ,800,1200,1000,02/09/2026
Madhya Pradesh,Jhabua,Petlawad(F&V) APMC,Sponge gourd,Sponge gourd,Grade A,1200,1200,1200,02/09/2026
Madhya Pradesh,Hoshangabad,Itarsi(F&V) APMC,Bottle gourd,Bottle Gourd,FAQ,1000,1000,1000,02/09/2026
Madhya Pradesh,Shivpuri,Karera(F&V) APMC,Bottle gourd,Bottle Gourd,Local,800,1300,1100,02/09/2026
Madhya Pradesh,Khandwa,Khargone(F&V) APMC,Bottle gourd,Bottle Gourd,Medium,800,1200,1000,02/09/2026
Madhya Pradesh,Hoshangabad,Pipariya(F&V) APMC,Bottle gourd,Bottle Gourd,Local,600,1800,1200,02/09/2026
Madhya Pradesh,Dhar,Manawar(F&V) APMC,Bottle gourd,Bottle Gourd,Grade B,700,850,722,02/09/2026
Madhya Pradesh,Badwani,Sendhwa(F&V) APMC,Bottle gourd,Bottle Gourd,Medium,700,1200,900,02/09/2026
Madhya Pradesh,Badwani,Sendhwa(F&V) APMC,Sponge gourd,Sponge gourd,Medium,900,1200,1000,02/09/2026
Madhya Pradesh,Ujjain,Ujjain(F&V) APMC,Bottle gourd,Bottle Gourd,Medium,645,2050,1259,02/09/2026
Madhya Pradesh,Morena,Morena APMC,Bottle gourd,Bottle Gourd,Non-FAQ,1000,1000,1000,02/09/2026
Madhya Pradesh,Chhatarpur,Chattarpur(F&V) APMC,Bottle gourd,Other,Grade C,1500,1500,1500,02/09/2026
Madhya Pradesh,Narsinghpur,Gadarwara(F&V) APMC,Bottle gourd,Bottle Gourd,Local,1500,1500,1500,02/09/2026
Madhya Pradesh,Hoshangabad,Pipariya(F&V) APMC,Sponge gourd,Sponge gourd,Local,1200,2500,1800,02/09/2026
Madhya Pradesh,Sehore,Sehore(F&V) APMC,Bottle gourd,Bottle Gourd,Grade Range-1,1500,2000,1600,02/09/2026
Madhya Pradesh,Khandwa,Badwah(F&V) APMC,Bottle gourd,Bottle Gourd,Grade A,950,1200,1000,02/09/2026
Madhya Pradesh,Sagar,Devri(F&V) APMC,Bottle gourd,Bottle Gourd,Grade B,780,780,780,02/09/2026
Madhya Pradesh,Seoni,Seoni(F&V) APMC,Bottle gourd,Bottle Gourd,Grade C,900,900,900,02/09/2026
Madhya Pradesh,Shivpuri,Shivpuri(F&V) APMC,Bottle gourd,Other,Grade B,1000,1000,1000,02/09/2026
Madhya Pradesh,Morena,Kailaras APMC,Sponge gourd,Sponge gourd,FAQ,1000,1800,1000,02/09/2026
Maharashtra,Chattrapati Sambhajinagar,Chattrapati Sambhajinagar APMC,Bitter gourd,Other,Local,800,2000,1400,02/09/2026
Maharashtra,Jalgaon,Bhusaval APMC,Bitter gourd,Other,Local,2000,2200,2200,02/09/2026
Maharashtra,Pune,Khed(Chakan) APMC,Bitter gourd,Other,Local,2000,3000,2500,02/09/2026
Maharashtra,Satara,Vai APMC,Bitter gourd,Other,Local,2500,3000,2750,02/09/2026
Maharashtra,Dharashiv,Dharashiv APMC,Bitter gourd,Other,Local,600,4000,2500,02/09/2026
Maharashtra,Pune,Pune(Khadiki) APMC,Bitter gourd,Other,Local,1500,1800,1650,02/09/2026
Maharashtra,Pune,Pune(Manjri) APMC,Bitter gourd,Other,Local,3000,4000,3500,02/09/2026
Maharashtra,Solapur,Mangal Wedha APMC,Bitter gourd,Other,Local,1000,2800,2000,02/09/2026
Maharashtra,Amarawati,Amrawati(Frui & Veg. Market) APMC,Bitter gourd,Other,Local,1000,1600,1300,02/09/2026
Maharashtra,Solapur,SHRI.SIDDHESHWAR  APMC,Bitter gourd,Other,Local,1000,2500,1500,02/09/2026
Maharashtra,Raigad,Panvel APMC,Bitter gourd,Other,Local,3000,4000,3500,02/09/2026
Maharashtra,Pune,Junnar(Otur) APMC,Bitter gourd,Other,Local,1000,3110,2200,02/09/2026
Maharashtra,Satara,Satara APMC,Bitter gourd,Other,Local,1500,3000,2250,02/09/2026
Maharashtra,Ahilyanagar,Shrirampur APMC,Bitter gourd,Other,Local,2500,3000,2750,02/09/2026
Maharashtra,Pune,Pune(Pimpri) APMC,Bitter gourd,Other,Local,3000,3000,3000,02/09/2026
Maharashtra,Mumbai,Mumbai APMC,Bitter gourd,Other,Local,2600,3200,2900,02/09/2026
Maharashtra,Ratnagiri,Ratnagiri (Nachane) APMC,Bitter gourd,Other,Local,1000,2000,1500,02/09/2026
Maharashtra,Satara,Karad APMC,Bitter gourd,Other,Local,2000,4000,4000,02/09/2026
Maharashtra,Chandrapur,Chandrapur(Ganjwad) APMC,Bitter gourd,Other,Local,1000,2000,1500,02/09/2026
Maharashtra,Solapur,Akluj APMC,Bitter gourd,Other,Local,1500,3000,2700,02/09/2026
Maharashtra,Nagpur,Nagpur APMC,Bitter gourd,Other,Local,2500,3000,2875,02/09/2026
Maharashtra,Nagpur,Kamthi APMC,Bitter gourd,Other,Local,2000,2500,2400,02/09/2026
Maharashtra,Nashik,Nasik APMC,Bitter gourd,Other,Local,2500,3540,3125,02/09/2026
Maharashtra,Jalgaon,Jalgaon APMC,Bitter gourd,Other,Local,2000,3000,2500,02/09/2026
Maharashtra,Chattrapati Sambhajinagar,Chattrapati Sambhajinagar APMC,Bottle gourd,Other,Local,500,900,700,02/09/2026
Maharashtra,Pune,Khed(Chakan) APMC,Bottle gourd,Other,Local,1000,2000,1500,02/09/2026
Maharashtra,Pune,Pune(Manjri) APMC,Bottle gourd,Other,Local,1000,2500,1500,02/09/2026
Maharashtra,Satara,Satara APMC,Bottle gourd,Other,Local,1000,1500,1250,02/09/2026
Maharashtra,Satara,Vai APMC,Bottle gourd,Other,Local,1800,2200,2000,02/09/2026
Maharashtra,Pune,Pune(Pimpri) APMC,Bottle gourd,Other,Local,2500,2500,2500,02/09/2026
Maharashtra,Nagpur,Nagpur APMC,Bottle gourd,Other,Local,1000,1500,1375,02/09/2026
Maharashtra,Nagpur,Kamthi APMC,Bottle gourd,Other,Local,1500,2000,1750,02/09/2026
Maharashtra,Nashik,Nasik APMC,Bottle gourd,Other,Local,470,1500,1000,02/09/2026
Maharashtra,Raigad,Panvel APMC,Bottle gourd,Other,Local,3000,4000,3500,02/09/2026
Maharashtra,Pune,Pune(Khadiki) APMC,Bottle gourd,Other,Local,1000,1300,1150,02/09/2026
Maharashtra,Pune,Junnar(Otur) APMC,Bottle gourd,Other,Local,500,1600,1200,02/09/2026
Maharashtra,Ahilyanagar,Shrirampur APMC,Bottle gourd,Other,Local,500,600,550,02/09/2026
Maharashtra,Kolhapur,Vadgaonpeth APMC,Bottle gourd,Other,Local,1500,2500,2000,02/09/2026
Maharashtra,Mumbai,Mumbai APMC,Bottle gourd,Other,Local,1200,2000,1600,02/09/2026
Maharashtra,Satara,Karad APMC,Bottle gourd,Other,Local,800,1200,1200,02/09/2026
Maharashtra,Jalgaon,Bhusaval APMC,Little gourd(Kundru),Other,Local,2500,2500,2500,02/09/2026
Maharashtra,Mumbai,Mumbai APMC,Little gourd(Kundru),Other,Local,1600,3000,2300,02/09/2026
Maharashtra,Nagpur,Nagpur APMC,Pointed gourd(Parval),Other,Local,3000,3500,3375,02/09/2026
Maharashtra,Mumbai,Mumbai APMC,Pointed gourd(Parval),Other,Local,3500,4500,4000,02/09/2026
Maharashtra,Nagpur,Nagpur APMC,Little gourd(Kundru),Other,Local,2000,2500,2375,02/09/2026
Maharashtra,Raigad,Panvel APMC,Little gourd(Kundru),Other,Local,5000,6000,5500,02/09/2026
Maharashtra,Jalgaon,Jalgaon APMC,Little gourd(Kundru),Other,Local,1500,2000,1700,02/09/2026
Uttar Pradesh,Sant Kabir Nagar,Khalilabad APMC,Bitter gourd,Bitter Gourd,Medium,1700,1800,1750,02/09/2026
Uttar Pradesh,Shamli,Khandhla APMC,Bitter gourd,Bitter Gourd,FAQ,2400,2500,2450,02/09/2026
Uttar Pradesh,Sonbhadra,Dudhi APMC,Bitter gourd,Bitter Gourd,Local,2900,3100,3000,02/09/2026
Uttar Pradesh,Shamli,Kairana APMC,Bitter gourd,Bitter Gourd,FAQ,2400,2500,2450,02/09/2026
Uttar Pradesh,Mau(Maunathbhanjan),Kopaganj APMC,Bitter gourd,Bitter Gourd,FAQ,2099,2150,2100,02/09/2026
Uttar Pradesh,Etawah,Jasvantnagar APMC,Bitter gourd,Bitter Gourd,Medium,2365,2465,2415,02/09/2026
Uttar Pradesh,Amroha,Hasanpur APMC,Bitter gourd,Bitter Gourd,FAQ,1450,1520,1500,02/09/2026
Uttar Pradesh,Saharanpur,CHHUTMALPUR APMC,Bitter gourd,Bitter Gourd,Local,800,1000,900,02/09/2026
Uttar Pradesh,Sonbhadra,Dudhi APMC,Sponge gourd,Sponge gourd,Local,1000,1200,1100,02/09/2026
Uttar Pradesh,Amroha,Hasanpur APMC,Bottle gourd,Bottle Gourd,FAQ,1450,1520,1500,02/09/2026
Uttar Pradesh,Saharanpur,CHHUTMALPUR APMC,Bottle gourd,Bottle Gourd,Local,650,850,750,02/09/2026
Uttar Pradesh,Bareilly,Anwala APMC,Bottle gourd,Bottle Gourd,FAQ,800,1200,1000,02/09/2026
Uttar Pradesh,Mathura,Kosikalan APMC,Bottle gourd,Bottle Gourd,FAQ,1360,1400,1400,02/09/2026
Uttar Pradesh,Sonbhadra,Dudhi APMC,Bottle gourd,Bottle Gourd,Local,1000,1200,1100,02/09/2026
Uttar Pradesh,Balrampur,Tulsipur APMC,Bottle gourd,Bottle Gourd,FAQ,1900,1970,1930,02/09/2026
Uttar Pradesh,Bulandshahar,Gulavati APMC,Sponge gourd,Other,FAQ,2000,2200,2100,02/09/2026
Uttar Pradesh,Etawah,Jasvantnagar APMC,Bottle gourd,Bottle Gourd,Medium,1570,1670,1620,02/09/2026
Uttar Pradesh,Shamli,Kairana APMC,Sponge gourd,Other,FAQ,1900,2000,1950,02/09/2026
Uttar Pradesh,Shamli,Kairana APMC,Bottle gourd,Bottle Gourd,FAQ,900,1000,950,02/09/2026
Uttar Pradesh,Sambhal,Sambhal APMC,Bottle gourd,Bottle Gourd,FAQ,700,800,750,02/09/2026
Uttar Pradesh,Bulandshahar,Gulavati APMC,Bottle gourd,Bottle Gourd,FAQ,1400,1600,1500,02/09/2026
Uttar Pradesh,Amroha,Hasanpur APMC,Sponge gourd,Other,FAQ,1450,1520,1500,02/09/2026
Uttar Pradesh,Shahjahanpur,Jalalabad APMC,Bottle gourd,Bottle Gourd,FAQ,700,800,750,02/09/2026
Uttar Pradesh,Shamli,Khandhla APMC,Sponge gourd,Sponge gourd,FAQ,600,630,615,02/09/2026
Uttar Pradesh,Shamli,Khandhla APMC,Bottle gourd,Bottle Gourd,FAQ,800,900,850,02/09/2026
Uttar Pradesh,Raebarelli,Lalganj APMC,Bottle gourd,Bottle Gourd,FAQ,1400,1600,1500,02/09/2026
Uttar Pradesh,Sonbhadra,Dudhi APMC,Pointed gourd(Parval),Pointed gourd (Parval),Local,3200,3400,3300,02/09/2026
Uttar Pradesh,Sant Kabir Nagar,Khalilabad APMC,Pointed gourd(Parval),Pointed gourd (Parval),Medium,1400,1500,1450,02/09/2026
Uttar Pradesh,Raebarelli,Lalganj APMC,Pointed gourd(Parval),Pointed gourd (Parval),FAQ,2100,2300,2200,02/09/2026
Rajasthan,Jodhpur,Jodhpur (F&V) APMC,Bitter gourd,Other,Medium,1500,3500,2500,02/09/2026
Rajasthan,Ganganagar,Sriganganagar (F&V) APMC,Bitter gourd,Bitter Gourd,Grade B,3500,3900,3700,02/09/2026
Rajasthan,Jaipur,Jaipur (F&V) APMC,Bitter gourd,Bitter Gourd,FAQ,2500,3000,2750,02/09/2026
Rajasthan,Jalore,Jalore APMC,Bottle gourd,Bottle Gourd,Local,800,1000,900,02/09/2026
Rajasthan,Jodhpur,Jodhpur (F&V) APMC,Round gourd,Other,Medium,500,2400,1500,02/09/2026
Rajasthan,Jodhpur,Jodhpur (F&V) APMC,Bottle gourd,Other,Medium,500,1500,1000,02/09/2026
Rajasthan,Ganganagar,Sriganganagar (F&V) APMC,Bottle gourd,Bottle Gourd,Medium,1100,1500,1300,02/09/2026
Rajasthan,Ganganagar,Sriganganagar (F&V) APMC,Sponge gourd,Sponge gourd,Grade B,2800,3200,3000,02/09/2026
Rajasthan,Jaipur,Jaipur (F&V) APMC,Bottle gourd,Bottle Gourd,FAQ,800,1000,900,02/09/2026
Rajasthan,Ganganagar,Sriganganagar (F&V) APMC,Pointed gourd(Parval),Pointed gourd (Parval),Grade A,1400,1800,1600,02/09/2026
Rajasthan,Jaipur,Jaipur (F&V) APMC,Pointed gourd(Parval),Pointed gourd (Parval),FAQ,1200,3000,2100,02/09/2026
Rajasthan,Jodhpur,Jodhpur (F&V) APMC,Pointed gourd(Parval),Other,Medium,2000,3500,3000,02/09/2026
Rajasthan,Jodhpur,Jodhpur (F&V) APMC,Little gourd(Kundru),Other,Medium,2000,3500,3000,02/09/2026
Karnataka,Mysuru,Mysuru APMC,Bitter gourd,Bitter Gourd,Medium,3300,3500,3500,02/09/2026
Karnataka,Bengaluru South,Ramanagara APMC,Bitter gourd,Bitter Gourd,Local,3200,4000,3500,02/09/2026
Karnataka,Kolar,Bangarpet APMC,Bitter gourd,Bitter Gourd,Local,2500,3000,2700,02/09/2026
Karnataka,Mysuru,Mysuru APMC,Bottle gourd,Bottle Gourd,Medium,1200,1300,1300,02/09/2026
Karnataka,Kolar,Bangarpet APMC,Bottle gourd,Bottle Gourd,Local,800,1000,900,02/09/2026
Gujarat,Vadodara(Baroda),Padra APMC,Bitter gourd,Other,FAQ,1250,2000,1650,02/09/2026
Gujarat,Gandhinagar,Mansa(Manas Veg Yard) APMC,Bitter gourd,Other,Local,4000,4000,4000,02/09/2026
Gujarat,Kheda,Nadiyad(Piplag) APMC,Bitter gourd,Bitter Gourd,FAQ,900,1100,1000,02/09/2026
Gujarat,Anand,"Anand(Veg,Yard,Anand) APMC",Bitter gourd,Bitter Gourd,Grade B,2000,3000,2500,02/09/2026
Gujarat,Mehsana,Vijapur(Vegetable) APMC,Bitter gourd,Other,Grade A,1500,3600,2550,02/09/2026
Gujarat,Dahod,Dahod(Veg. Market) APMC,Bitter gourd,Bitter Gourd,Local,1000,3000,2500,02/09/2026
Gujarat,Sabarkantha,Himatnagar(Veg.Market Himatnagar) APMC,Bitter gourd,Other,Local,2000,2500,2350,02/09/2026
Gujarat,Surat,Surat APMC,Bitter gourd,Bitter Gourd,FAQ,2000,3500,2750,02/09/2026
Gujarat,Bharuch,Ankleshwar APMC,Bitter gourd,Bitter Gourd,Grade A,1500,3200,2500,02/09/2026
Gujarat,Kheda,Nadiyad(Piplag) APMC,Bottle gourd,Bottle Gourd,FAQ,1000,1500,1400,02/09/2026
Gujarat,Surat,Bardoli(Kadod) APMC,Bottle gourd,Other,Local,1500,3500,2650,02/09/2026
Gujarat,Surat,Surat APMC,Sponge gourd,Other,FAQ,1000,2000,1500,02/09/2026
Gujarat,Navsari,Navsari APMC,Bottle gourd,Bottle Gourd,Local,1500,2500,2000,02/09/2026
Gujarat,Kheda,Nadiyad(Chaklasi) APMC,Bottle gourd,Bottle Gourd,FAQ,1200,1300,1250,02/09/2026
Gujarat,Anand,Khambhat(Veg Yard Khambhat) APMC,Bottle gourd,Bottle Gourd,Local,800,1500,1200,02/09/2026
Gujarat,Amreli,Damnagar APMC,Bottle gourd,Bottle Gourd,Local,2500,2500,2500,02/09/2026
Gujarat,Vadodara(Baroda),Padra APMC,Bottle gourd,Other,FAQ,800,1000,900,02/09/2026
Gujarat,Bharuch,Bharuch APMC,Bottle gourd,Other,Local,1000,1500,1200,02/09/2026
Gujarat,Rajkot,Rajkot(Veg.Sub Yard) APMC,Bottle gourd,Bottle Gourd,FAQ,705,1055,880,02/09/2026
Gujarat,Bharuch,Ankleshwar APMC,Bottle gourd,Bottle Gourd,Grade A,1000,1400,1200,02/09/2026
Gujarat,Vadodara(Baroda),Padra APMC,Sponge gourd,Other,FAQ,400,1000,700,02/09/2026
Gujarat,Surat,Surat APMC,Bottle gourd,Bottle Gourd,FAQ,1000,5000,3000,02/09/2026
Gujarat,Dahod,Dahod(Veg. Market) APMC,Sponge gourd,Sponge gourd,Local,500,2500,1500,02/09/2026
Gujarat,Gandhinagar,Mansa(Manas Veg Yard) APMC,Bottle gourd,Other,Local,1000,1500,1000,02/09/2026
Gujarat,Sabarkantha,Himatnagar(Veg.Market Himatnagar) APMC,Bottle gourd,Bottle Gourd,Local,500,1000,900,02/09/2026
Gujarat,Kheda,Nadiyad(Piplag) APMC,Sponge gourd,Sponge gourd,FAQ,900,1000,950,02/09/2026
Gujarat,Gandhinagar,"Kalol(Veg,Market,Kalol) APMC",Bottle gourd,Bottle Gourd,Local,1400,2500,1750,02/09/2026
Gujarat,Dahod,Dahod(Veg. Market) APMC,Bottle gourd,Bottle Gourd,Local,400,1000,600,02/09/2026
Gujarat,Anand,"Anand(Veg,Yard,Anand) APMC",Bottle gourd,Bottle Gourd,Grade B,400,600,500,02/09/2026
Gujarat,Navsari,Bilimora APMC,Bottle gourd,Other,FAQ,1500,2000,1800,02/09/2026
Gujarat,Dahod,Dahod(Veg. Market) APMC,Little gourd(Kundru),Little gourd (Kundru),Local,2000,2500,2000,02/09/2026
Gujarat,Dahod,Dahod(Veg. Market) APMC,Pointed gourd(Parval),Pointed gourd (Parval),Local,3000,4000,3500,02/09/2026
Gujarat,Surat,Surat APMC,Little gourd(Kundru),Other,FAQ,2000,3500,2750,02/09/2026
Gujarat,Banaskanth,Deesa(Deesa Veg Yard) APMC,"Spiny Gourd / Kartali(Kantola)
",Other,FAQ,10000,15000,12500,02/09/2026
Gujarat,Porbandar,Porbandar APMC,"Spiny Gourd / Kartali(Kantola)
",Kartali (Kantola),Local,10000,11000,10500,02/09/2026
Gujarat,Navsari,Navsari APMC,Little gourd(Kundru),Little gourd (Kundru),Local,3500,4000,3750,02/09/2026
Gujarat,Dahod,Dahod(Veg. Market) APMC,"Spiny Gourd / Kartali(Kantola)
",Kartali (Kantola),Local,10000,15000,12000,02/09/2026
Gujarat,Surat,Surat APMC,Pointed gourd(Parval),Other,FAQ,2000,3500,2750,02/09/2026
Gujarat,Vadodara(Baroda),Padra APMC,Little gourd(Kundru),Other,FAQ,500,1600,1100,02/09/2026
Gujarat,Navsari,Navsari APMC,Pointed gourd(Parval),Pointed gourd (Parval),Local,5000,6000,5500,02/09/2026
Gujarat,Surat,Surat APMC,"Spiny Gourd / Kartali(Kantola)
",Other,FAQ,4000,13000,8500,02/09/2026
Gujarat,Vadodara(Baroda),Padra APMC,Pointed gourd(Parval),Other,FAQ,3500,3750,3625,02/09/2026
Haryana,Faridabad,Ballabhgarh APMC,Bitter gourd,Other,FAQ,1400,1800,1600,02/09/2026
Haryana,Ambala,Shahzadpur APMC,Bitter gourd,Bitter Gourd,Local,3000,3000,3000,02/09/2026
Haryana,Kurukshetra,Shahabad APMC,Bitter gourd,Bitter Gourd,Medium,1000,2400,2000,02/09/2026
Haryana,Yamuna Nagar,Jagadhri APMC,Bitter gourd,Bitter Gourd,Medium,1200,1800,1500,02/09/2026
Haryana,Mahendragarh-Narnaul,Mohindergarh APMC,Bitter gourd,Bitter Gourd,Medium,1200,1200,1200,02/09/2026
Haryana,Kaithal,Siwan APMC,Bitter gourd,Other,FAQ,1800,2000,1900,02/09/2026
Haryana,Palwal,Hodal APMC,Bitter gourd,Bitter Gourd,FAQ,1800,2000,1900,02/09/2026
Haryana,Faridabad,Faridabad APMC,Bitter gourd,Other,Local,2000,2000,2000,02/09/2026
Haryana,Sonipat,Gohana APMC,Bitter gourd,Other,Medium,2000,4000,3000,02/09/2026
Haryana,Sonipat,Ganaur APMC,Bitter gourd,Bitter Gourd,Medium,2500,3000,2800,02/09/2026
Haryana,Yamuna Nagar,Radaur APMC,Bitter gourd,Other,Medium,2000,2400,2200,02/09/2026
Haryana,Gurgaon,Gurgaon APMC,Bitter gourd,Other,Grade B,1500,2500,2000,02/09/2026
Haryana,Hissar,Hansi APMC,Bitter gourd,Other,FAQ,3000,3500,3250,02/09/2026
Haryana,Ambala,Naraingarh APMC,Bitter gourd,Bitter Gourd,Medium,1200,3000,1500,02/09/2026
Haryana,Jhajar,Bahadurgarh APMC,Bitter gourd,Other,Medium,1800,2500,2000,02/09/2026
Haryana,Kurukshetra,Thanesar APMC,Bitter gourd,Bitter Gourd,Local,1000,1600,1300,02/09/2026
Haryana,Panchkula,Barwala APMC,Bottle gourd,Bottle Gourd,FAQ,600,1000,800,02/09/2026
Haryana,Rohtak,Meham,Bottle gourd,Bottle Gourd,Medium,2000,2000,2000,02/09/2026
Haryana,Panipat,Samalkha APMC,Bottle gourd,Bottle Gourd,FAQ,600,700,650,02/09/2026
Haryana,Faridabad,Faridabad APMC,Bottle gourd,Bottle Gourd,Local,1500,1500,1500,02/09/2026
Haryana,Gurgaon,Sohna APMC,Bottle gourd,Bottle Gourd,Local,1000,1500,1200,02/09/2026
Haryana,Yamuna Nagar,Sadhaura APMC,Bottle gourd,Bottle Gourd,Local,600,1200,900,02/09/2026
Haryana,Palwal,Hodal APMC,Bottle gourd,Bottle Gourd,FAQ,600,800,700,02/09/2026
Haryana,Rewari,Kosli APMC,Bottle gourd,Bottle Gourd,FAQ,1000,1000,1000,02/09/2026
Haryana,Panipat,Panipat APMC,Bottle gourd,Bottle Gourd,Local,400,800,600,02/09/2026
Haryana,Hissar,Uklana APMC,Bottle gourd,Bottle Gourd,Medium,1200,1500,1500,02/09/2026
Haryana,Mahendragarh-Narnaul,Narnaul APMC,Sponge gourd,Sponge gourd,Medium,2000,3000,2500,02/09/2026
Haryana,Mahendragarh-Narnaul,Narnaul APMC,Bottle gourd,Bottle Gourd,Medium,600,1000,800,02/09/2026
Haryana,Ambala,Shahzadpur APMC,Sponge gourd,Other,Local,1500,1500,1500,02/09/2026
Haryana,Sonipat,Sonepat APMC,Bottle gourd,Other,FAQ,1500,2000,2000,02/09/2026
Haryana,Gurgaon,Gurgaon APMC,Bottle gourd,Other,Grade B,800,1200,1000,02/09/2026
Haryana,Sirsa,KALANWALIAPMC,Bottle gourd,Other,Local,2000,2000,2000,02/09/2026
Haryana,Kurukshetra,Thanesar APMC,Sponge gourd,Sponge gourd,Local,1000,1200,1100,02/09/2026
Haryana,Kurukshetra,Shahabad APMC,Sponge gourd,Other,Medium,800,1700,1200,02/09/2026
Haryana,Yamuna Nagar,Radaur APMC,Bottle gourd,Other,Medium,1200,1800,1500,02/09/2026
Haryana,Mahendragarh-Narnaul,Mohindergarh APMC,Bottle gourd,Bottle Gourd,Medium,500,700,600,02/09/2026
Haryana,Hissar,Barwala(Hisar) APMC,Round gourd,Other,Local,1500,1700,1600,02/09/2026
Haryana,Jind,Narwana APMC,Bottle gourd,Bottle Gourd,Local,200,500,500,02/09/2026
Haryana,Sonipat,Ganaur APMC,Bottle gourd,Bottle Gourd,Medium,1000,1500,1200,02/09/2026
Haryana,Mewat,FerozpurZirkha(Nagina) APMC,Bottle gourd,Other,Local,800,1200,1000,02/09/2026
Haryana,Yamuna Nagar,Jagadhri APMC,Bottle gourd,Bottle Gourd,Medium,500,1000,800,02/09/2026
Haryana,Hissar,Barwala(Hisar) APMC,Bottle gourd,Bottle Gourd,Local,600,1000,800,02/09/2026
Haryana,Kaithal,Siwan APMC,Bottle gourd,Other,FAQ,1300,1500,1400,02/09/2026
Haryana,Kaithal,Pundri APMC,Bottle gourd,Bottle Gourd,FAQ,1100,1300,1200,02/09/2026
Haryana,Ambala,Naraingarh APMC,Bottle gourd,Bottle Gourd,Medium,800,1500,1300,02/09/2026
Haryana,Jind,Narwana APMC,Sponge gourd,Sponge gourd,Local,1500,2000,1750,02/09/2026
Haryana,Panchkula,Raipur Rani APMC,Bottle gourd,Bottle Gourd,Local,1200,1400,1200,02/09/2026
Haryana,Jhajar,Bahadurgarh APMC,Bottle gourd,Other,Medium,1000,1200,1100,02/09/2026
Haryana,Faridabad,Ballabhgarh APMC,Bottle gourd,Other,FAQ,600,1000,800,02/09/2026
Haryana,Hissar,Hansi APMC,Bottle gourd,Other,FAQ,800,1000,900,02/09/2026
Haryana,Mahendragarh-Narnaul,Narnaul APMC,Pointed gourd(Parval),Pointed gourd (Parval),Medium,2000,3000,2500,02/09/2026
Haryana,Mahendragarh-Narnaul,Mohindergarh APMC,Pointed gourd(Parval),Other,Medium,1500,1500,1500,02/09/2026
Haryana,Faridabad,Faridabad APMC,Pointed gourd(Parval),Other,Local,4000,4000,4000,02/09/2026
Haryana,Ambala,Naraingarh APMC,Pointed gourd(Parval),Pointed gourd (Parval),Medium,2000,3500,2700,02/09/2026
Punjab,Ludhiana,Doraha APMC,Bitter gourd,Other,Local,2000,3000,2500,02/09/2026
Punjab,Mohali,Lalru APMC,Bitter gourd,Other,Local,2900,2900,2900,02/09/2026
Punjab,Amritsar,Chogawan APMC,Bitter gourd,Bitter Gourd,Grade A,1340,1340,1340,02/09/2026
Punjab,Patiala,Nabha APMC,Bitter gourd,Other,Grade C,2500,3700,3300,02/09/2026
Punjab,Ludhiana,Ludhiana APMC,Bitter gourd,Bitter Gourd,FAQ,1300,1800,1500,02/09/2026
Punjab,Sangrur,Malerkotla APMC,Bitter gourd,Other,Local,1500,2500,2000,02/09/2026
Punjab,Tarntaran,Harike APMC,Bitter gourd,Bitter Gourd,FAQ,500,600,550,02/09/2026
Punjab,Muktsar,Muktsar APMC,Bitter gourd,Bitter Gourd,Medium,2000,2800,2400,02/09/2026
Punjab,Hoshiarpur,Mukerian APMC,Bitter gourd,Bitter Gourd,Grade B,2000,3000,2500,02/09/2026
Punjab,Patiala,Dudhansadhan APMC,Bitter gourd,Other,Grade B,4000,4000,4000,02/09/2026
Punjab,Fatehgarh,Sirhind APMC,Bitter gourd,Other,Local,1700,2000,1800,02/09/2026
Punjab,Amritsar,Ajnala APMC,Bitter gourd,Bitter Gourd,Local,1350,1350,1350,02/09/2026
Punjab,Gurdaspur,F.G.Churian APMC,Bitter gourd,Bitter Gourd,Grade A,2500,2500,2500,02/09/2026
Punjab,Gurdaspur,Quadian APMC,Bitter gourd,Other,Grade A,1800,2000,1900,02/09/2026
Punjab,Nawanshahr,Balachaur APMC,Bitter gourd,Bitter Gourd,Medium,2200,3000,2600,02/09/2026
Punjab,Tarntaran,Tarantaran APMC,Bitter gourd,Bitter Gourd,Local,2500,2500,2500,02/09/2026
Punjab,Hoshiarpur,Dasuya APMC,Bitter gourd,Bitter Gourd,Grade B,3500,3500,3500,02/09/2026
Punjab,Jalandhar,Adampur APMC,Bitter gourd,Bitter Gourd,FAQ,2000,2500,2500,02/09/2026
Punjab,Tarntaran,Patti APMC,Bitter gourd,Other,Local,0.15,0.15,0.15,02/09/2026
Punjab,Fazilka,Fazilka APMC,Bitter gourd,Bitter Gourd,FAQ,3000,3000,3000,02/09/2026
Punjab,Sangrur,Sangrur APMC,Bitter gourd,Bitter Gourd,Grade B,1800,2500,2200,02/09/2026
Punjab,Hoshiarpur,Tanda Urmur APMC,Bitter gourd,Bitter Gourd,Grade A,2500,3000,2800,02/09/2026
Punjab,Jalandhar,Adampur APMC,Round gourd,Other,FAQ,600,1000,1000,02/09/2026
Punjab,Ludhiana,Doraha APMC,Bottle gourd,Bottle Gourd,Local,1000,2000,1500,02/09/2026
Punjab,Hoshiarpur,Mukerian(Talwara) APMC,Bottle gourd,Bottle Gourd,FAQ,1000,2000,1500,02/09/2026
Punjab,Mohali,Lalru APMC,Bottle gourd,Other,Local,700,700,700,02/09/2026
Punjab,Jalandhar,Jalandhar City(Jalandhar) APMC,Bottle gourd,Bottle Gourd,FAQ,500,1000,700,02/09/2026
Punjab,Jalandhar,Phillaur(Apra Mandi) APMC,Bottle gourd,Other,FAQ,2000,2000,2000,02/09/2026
Punjab,Ludhiana,Samrala APMC,Bottle gourd,Bottle Gourd,Local,1200,1500,1300,02/09/2026
Punjab,Tarntaran,Harike APMC,Bottle gourd,Bottle Gourd,FAQ,500,600,550,02/09/2026
Punjab,Tarntaran,Naushera Pannuan APMC,Bottle gourd,Bottle Gourd,Local,700,700,700,02/09/2026
Punjab,Moga,Baghapurana APMC,Bottle gourd,Other,Grade B,2500,4000,3000,02/09/2026
Punjab,Tarntaran,Harike APMC,Round gourd,Round gourd,FAQ,700,800,750,02/09/2026
Punjab,Muktsar,Muktsar APMC,Bottle gourd,Bottle Gourd,Medium,1500,2500,2000,02/09/2026
Punjab,Jalandhar,Bhogpur APMC,Round gourd,Other,Local,1500,1500,1500,02/09/2026
Punjab,Ludhiana,Khanna APMC,Bottle gourd,Other,Grade A,1200,1200,1200,02/09/2026
Punjab,Nawanshahr,Balachaur APMC,Bottle gourd,Other,Medium,1000,1500,1200,02/09/2026
Punjab,Sangrur,Malerkotla APMC,Bottle gourd,Bottle Gourd,Local,1500,2000,1800,02/09/2026
Punjab,Sangrur,Malerkotla APMC,Sponge gourd,Other,Local,500,2000,1200,02/09/2026
Punjab,Fatehgarh,Sirhind APMC,Bottle gourd,Other,Local,1500,2000,1800,02/09/2026
Punjab,Gurdaspur,Dinanagar APMC,Bottle gourd,Bottle Gourd,Medium,2600,3000,2800,02/09/2026
Punjab,Hoshiarpur,Dasuya APMC,Bottle gourd,Bottle Gourd,Grade A,2000,2000,2000,02/09/2026
Punjab,Jalandhar,Adampur APMC,Bottle gourd,Other,FAQ,1000,1200,1200,02/09/2026
Punjab,Gurdaspur,Kalanaur APMC,Bottle gourd,Bottle Gourd,Grade A,1200,1200,1200,02/09/2026
Punjab,Jalandhar,Phillaur APMC,Bottle gourd,Other,FAQ,1500,1500,1500,02/09/2026
Punjab,Mohali,Dera Bassi APMC,Bottle gourd,Bottle Gourd,Local,2500,2500,2500,02/09/2026
Punjab,Nawanshahr,Balachaur APMC,Round gourd,Other,Medium,500,1000,750,02/09/2026
Punjab,Mohali,Kharar APMC,Bottle gourd,Bottle Gourd,Local,2000,3500,2500,02/09/2026
Punjab,Hoshiarpur,Tanda Urmur APMC,Bottle gourd,Other,Grade A,1800,2000,1900,02/09/2026
Punjab,Patiala,Patran APMC,Bottle gourd,Other,Grade A,1380,1380,1380,02/09/2026
Punjab,Sangrur,Sangrur APMC,Bottle gourd,Bottle Gourd,Grade B,1200,2000,1500,02/09/2026
Punjab,Jalandhar,Mehatpur APMC,Sponge gourd,Other,Local,2300,2500,2400,02/09/2026
Punjab,Patiala,Dudhansadhan APMC,Bottle gourd,Other,Grade B,1500,1500,1500,02/09/2026
Punjab,Ludhiana,Ludhiana APMC,Bottle gourd,Other,FAQ,200,800,600,02/09/2026
Punjab,Tarntaran,Khadur Sahib(Fetehabad) APMC,Round gourd,Other,Grade B,1000,1000,1000,02/09/2026
Punjab,Hoshiarpur,Garh Shankar(Mahalpur) APMC,Bottle gourd,Bottle Gourd,FAQ,1500,1500,1500,02/09/2026
West Bengal,Medinipur(W),Medinipur(West) APMC,Bitter gourd,Bitter Gourd,FAQ,3100,3300,3200,02/09/2026
West Bengal,North 24 Parganas,Habra APMC,Bitter gourd,Other,FAQ,3300,3300,3300,02/09/2026
West Bengal,Hooghly,Kalipur APMC,Bitter gourd,Bitter Gourd,FAQ,3400,3800,3600,02/09/2026
West Bengal,Howrah,Ramkrishanpur(Howrah) APMC,Bitter gourd,Other,FAQ,3200,4000,3500,02/09/2026
West Bengal,North 24 Parganas,Barasat APMC,Bitter gourd,Other,FAQ,4000,4000,4000,02/09/2026
West Bengal,Jalpaiguri,Dhupguri APMC,Bitter gourd,Bitter Gourd,FAQ,4400,4600,4500,02/09/2026
West Bengal,Dakshin Dinajpur,Gangarampur(Dakshin Dinajpur) APMC,Bitter gourd,Other,FAQ,3000,3500,3300,02/09/2026
West Bengal,Hooghly,Champadanga APMC,Bitter gourd,Bitter Gourd,FAQ,3600,4000,3600,02/09/2026
West Bengal,Medinipur(E),Tamluk (Medinipur E) APMC,Bitter gourd,Bitter Gourd,FAQ,3600,4000,3800,02/09/2026
West Bengal,Sounth 24 Parganas,Baruipur(Canning) APMC,Bitter gourd,Bitter Gourd,FAQ,3500,3700,3600,02/09/2026
West Bengal,Howrah,Uluberia APMC,Bitter gourd,Other,FAQ,2800,3500,3000,02/09/2026
West Bengal,Medinipur(W),Medinipur(West) APMC,Bottle gourd,Bottle Gourd,FAQ,1700,2000,1800,02/09/2026
West Bengal,Medinipur(W),Garbeta(Medinipur) APMC,Ridge Gourd(Permal/Hybrid Gourd),Ridge Gourd(Permal/Hybrid Gourd),Grade A,3600,4000,3800,02/09/2026
West Bengal,Bankura,Bishnupur(Bankura) APMC,Bottle gourd,Bottle Gourd,FAQ,1200,1650,1500,02/09/2026
West Bengal,Bankura,Khatra APMC,Bottle gourd,Bottle Gourd,FAQ,1300,1600,1500,02/09/2026
West Bengal,Jhargram,Jhargram APMC,Pointed gourd(Parval),Other,FAQ,2600,3000,2800,02/09/2026
West Bengal,Jhargram,Jhargram APMC,Little gourd(Kundru),Little gourd (Kundru),FAQ,1200,1600,1400,02/09/2026
West Bengal,Hooghly,Kalipur APMC,Pointed gourd(Parval),Pointed gourd (Parval),FAQ,3600,3800,3600,02/09/2026
West Bengal,Hooghly,Champadanga APMC,Pointed gourd(Parval),Pointed gourd (Parval),FAQ,3600,4000,3800,02/09/2026
West Bengal,Medinipur(W),Medinipur(West) APMC,Pointed gourd(Parval),Pointed gourd (Parval),FAQ,3100,3300,3200,02/09/2026
West Bengal,Jalpaiguri,Jalpaiguri Sadar APMC,Pointed gourd(Parval),Pointed gourd (Parval),FAQ,4600,4800,4700,02/09/2026
West Bengal,Medinipur(W),Garbeta(Medinipur) APMC,Pointed gourd(Parval),Pointed gourd (Parval),FAQ,3600,4000,3800,02/09/2026
West Bengal,Howrah,Uluberia APMC,Pointed gourd(Parval),Pointed gourd (Parval),FAQ,2200,3000,2500,02/09/2026
West Bengal,Hooghly,Sheoraphuly APMC,Pointed gourd(Parval),Pointed gourd (Parval),FAQ,3300,3600,3475,02/09/2026
West Bengal,Dakshin Dinajpur,Gangarampur(Dakshin Dinajpur) APMC,Pointed gourd(Parval),Other,FAQ,2500,3000,2800,02/09/2026
Odisha,Sundergarh,Panposh APMC,Bitter gourd,Other,FAQ,4000,5000,4500,02/09/2026
Odisha,Cuttack,Banki APMC,Bitter gourd,Other,Medium,5000,6000,5500,02/09/2026
Odisha,Nuapada,Khariar APMC,Bitter gourd,Other,Grade A,8000,8000,8000,02/09/2026
Odisha,Koraput,Koraput(Semilguda) APMC,Bitter gourd,Other,Grade B,3000,4000,3500,02/09/2026
Odisha,Bolangir,Bolangir APMC,Bitter gourd,Other,Local,3600,4400,4000,02/09/2026
Odisha,Nuapada,Khariar Road APMC,Bitter gourd,Other,Grade A,8000,8000,8000,02/09/2026
Odisha,Boudh,Boudh APMC,Bitter gourd,Other,Local,5000,6000,5500,02/09/2026
Odisha,Mayurbhanja,Betnoti APMC,Bitter gourd,Bitter Gourd,FAQ,4200,4600,4400,02/09/2026
Odisha,Mayurbhanja,Baripada APMC,Bitter gourd,Bitter Gourd,Local,4000,5000,4500,02/09/2026
Odisha,Mayurbhanja,Udala APMC,Bitter gourd,Bitter Gourd,FAQ,4000,5000,4500,02/09/2026
Odisha,Mayurbhanja,Karanjia APMC,Bitter gourd,Bitter Gourd,Local,5000,6000,5500,02/09/2026
Odisha,Sundergarh,Bonai APMC,Bitter gourd,Other,FAQ,3940,4185,4050,02/09/2026
Odisha,Bolangir,Tusura APMC,Bitter gourd,Other,Local,3600,4400,4000,02/09/2026
Odisha,Kalahandi,Junagarh APMC,Bitter gourd,Other,Grade B,2500,3300,2900,02/09/2026
Odisha,Dhenkanal,Hindol APMC,Bitter gourd,Bitter Gourd,Grade B,4700,5000,4800,02/09/2026
Odisha,Angul,Angul APMC,Bitter gourd,Bitter Gourd,Grade B,2500,2500,2500,02/09/2026
Odisha,Nowarangpur,Nabarangpur(Umerkote) APMC,Bitter gourd,Bitter Gourd,Grade B,4000,4000,4000,02/09/2026
Odisha,Khurda,Balugaon APMC,Bitter gourd,Other,Grade A,4500,4500,4500,02/09/2026
Odisha,Dhenkanal,Kamakhyanagar APMC,Bitter gourd,Bitter Gourd,Grade A,6000,6000,6000,02/09/2026
Odisha,Bargarh,Attabira APMC,Bitter gourd,Bitter Gourd,Local,2750,3100,2900,02/09/2026
Odisha,Dhenkanal,Dhenkanal APMC,Bitter gourd,Other,Grade B,3400,3900,3500,02/09/2026
Odisha,Mayurbhanja,Saraskana APMC,Bitter gourd,Bitter Gourd,Local,4000,5000,4500,02/09/2026
Odisha,Mayurbhanja,Narasinghpur APMC,Bitter gourd,Bitter Gourd,Local,3000,6000,4000,02/09/2026
Odisha,Koraput,Koraput APMC,Bitter gourd,Other,Grade B,3500,4500,4000,02/09/2026
Odisha,Bargarh,Attabira APMC,Ridge Gourd(Permal/Hybrid Gourd),Ridge Gourd(Permal/Hybrid Gourd),Grade B,2250,2550,2400,02/09/2026
Odisha,Kalahandi,Mukhiguda APMC,Bottle gourd,Bottle Gourd,Grade B,2000,3000,2500,02/09/2026
Odisha,Bargarh,Attabira APMC,Bottle gourd,Bottle Gourd,Local,1950,2250,2100,02/09/2026
Odisha,Bargarh,Godbhaga APMC,Ridge Gourd(Permal/Hybrid Gourd),Ridge Gourd(Permal/Hybrid Gourd),Grade B,2350,2650,2500,02/09/2026
Odisha,Sundergarh,Panposh APMC,Bottle gourd,Bottle Gourd,FAQ,2000,2500,2200,02/09/2026
Odisha,Keonjhar,Keonjhar APMC,Bottle gourd,Other,Local,2200,2800,2500,02/09/2026
Odisha,Mayurbhanja,Karanjia APMC,Bottle gourd,Bottle Gourd,Local,2500,3000,2600,02/09/2026
Odisha,Bolangir,Bolangir APMC,Sponge gourd,Other,Local,2200,3000,2600,02/09/2026
Odisha,Dhenkanal,Hindol APMC,Pointed gourd(Parval),Other,Grade B,4700,5000,4800,02/09/2026
Odisha,Nuapada,Khariar APMC,Little gourd(Kundru),Little gourd (Kundru),Grade A,6000,6000,6000,02/09/2026
Odisha,Sonepur,Pandkital APMC,Pointed gourd(Parval),Other,Local,5400,5600,5500,02/09/2026
Odisha,Sonepur,Dungurapalli APMC,Pointed gourd(Parval),Other,Local,5000,5500,5200,02/09/2026
Odisha,Angul,Angul APMC,Pointed gourd(Parval),Other,Grade B,4500,4500,4500,02/09/2026
Odisha,Bargarh,Godbhaga APMC,Pointed gourd(Parval),Other,Local,3250,3550,3400,02/09/2026
Odisha,Bargarh,Attabira APMC,Pointed gourd(Parval),Other,Local,3250,3550,3400,02/09/2026
Odisha,Nuapada,Khariar Road APMC,Little gourd(Kundru),Little gourd (Kundru),Grade A,6000,6000,6000,02/09/2026
Odisha,Khurda,Balugaon APMC,Pointed gourd(Parval),Other,Grade A,3000,3000,3000,02/09/2026
Odisha,Sonepur,Dungurapalli APMC,Little gourd(Kundru),Other,Local,4000,4300,4200,02/09/2026
Odisha,Dhenkanal,Dhenkanal APMC,Pointed gourd(Parval),Other,Grade B,7100,7600,7400,02/09/2026
Odisha,Sundergarh,Sargipali APMC,Pointed gourd(Parval),Pointed gourd (Parval),FAQ,3500,4000,3800,02/09/2026
Odisha,Mayurbhanja,Betnoti APMC,Pointed gourd(Parval),Other,FAQ,3200,3600,3400,02/09/2026
Odisha,Mayurbhanja,Karanjia APMC,Little gourd(Kundru),Little gourd (Kundru),Local,5000,6000,5500,02/09/2026
Odisha,Mayurbhanja,Baripada APMC,Pointed gourd(Parval),Other,Medium,4500,6000,5000,02/09/2026
Odisha,Mayurbhanja,Karanjia APMC,Pointed gourd(Parval),Pointed gourd (Parval),Local,5500,6500,6000,02/09/2026
Odisha,Nuapada,Khariar APMC,Pointed gourd(Parval),Other,Grade A,6000,6000,6000,02/09/2026
Odisha,Mayurbhanja,Narasinghpur APMC,"Spiny Gourd / Kartali(Kantola)
",Kartali (Kantola),Local,6000,15000,12000,02/09/2026
Odisha,Bolangir,Tusura APMC,Pointed gourd(Parval),Other,Local,3600,4600,4100,02/09/2026
Odisha,Bolangir,Bolangir APMC,Pointed gourd(Parval),Other,Local,3600,4600,4100,02/09/2026
Odisha,Nuapada,Khariar Road APMC,Pointed gourd(Parval),Other,Grade A,7000,7000,7000,02/09/2026
Odisha,Ganjam,Digapahandi APMC,Pointed gourd(Parval),Other,FAQ,2600,3000,2800,02/09/2026
Bihar,Sheikhpura,Barbigha APMC,Bitter gourd,Bitter Gourd,FAQ,3490,3620,3550,02/09/2026
Bihar,Begusarai,Teghra APMC,Bitter gourd,Bitter Gourd,Local,1500,1800,1600,02/09/2026
Bihar,Gaya,Tekari APMC,Bitter gourd,Bitter Gourd,Medium,1000,1000,1000,02/09/2026
Bihar,Bhagalpur,Bihpur APMC,Bitter gourd,Bitter Gourd,Local,1200,1200,1200,02/09/2026
Bihar,East Champaran/ Motihari,Madhuban APMC,Bitter gourd,Bitter Gourd,Local,1500,1700,1600,02/09/2026
Bihar,East Champaran/ Motihari,Raxaul APMC,Bitter gourd,Bitter Gourd,Grade A,1100,1300,1200,02/09/2026
Bihar,Sheikhpura,Shekhpura APMC,Bitter gourd,Bitter Gourd,FAQ,3670,3800,3740,02/09/2026
Bihar,Sheikhpura,Barbigha APMC,Bottle gourd,Bottle Gourd,FAQ,2630,2780,2700,02/09/2026
Bihar,Siwan,Maharjganj APMC,Sponge gourd,Other,FAQ,1500,1500,1500,02/09/2026
Bihar,Sheikhpura,Shekhpura APMC,Bottle gourd,Bottle Gourd,FAQ,2680,2800,2740,02/09/2026
Bihar,Gaya,Tekari APMC,Pointed gourd(Parval),Pointed gourd (Parval),Medium,950,950,950,02/09/2026
Bihar,Gaya,Tekari APMC,Bottle gourd,Bottle Gourd,Medium,600,600,600,02/09/2026
Bihar,Bhagalpur,Bihpur APMC,Pointed gourd(Parval),Other,Local,2500,2500,2500,02/09/2026
Bihar,Begusarai,Teghra APMC,Pointed gourd(Parval),Other,Local,1500,2000,1600,02/09/2026
Bihar,East Champaran/ Motihari,Madhuban APMC,Pointed gourd(Parval),Pointed gourd (Parval),Local,3800,4200,4000,02/09/2026
Telangana,Ranga Reddy,"Saroornagar,RBZ",Bitter gourd,Other,Medium,2300,2300,2300,02/09/2026
Telangana,Hyderabad,Bowenpally APMC,Bitter gourd,Bitter Gourd,FAQ,800,2000,1600,02/09/2026
Telangana,Nalgonda,Miryalguda(Rythu Bazar) ,Bitter gourd,Bitter Gourd,Grade A,3000,3000,3000,02/09/2026
Telangana,Siddipet,Siddipet(Rythu Bazar) ,Bitter gourd,Bitter Gourd,Grade A,3000,4000,3400,02/09/2026
Telangana,Ranga Reddy,"Vanasthalipuram,RBZ ",Bitter gourd,Bitter Gourd,Grade A,2300,2300,2300,02/09/2026
Telangana,Nalgonda,Venkateswarnagar APMC,Bitter gourd,Bitter Gourd,Local,2300,2500,2400,02/09/2026
Telangana,Hyderabad,RYTHU BAZAR MEHDIPATNAM,Bitter gourd,Bitter Gourd,Grade A,2300,2300,2300,02/09/2026
Telangana,Hyderabad,Mahboob Manison APMC,Bitter gourd,Bitter Gourd,Medium,3000,3000,3000,02/09/2026
Telangana,Hyderabad,RYTHU BAZAR FALAKNUMA,Bitter gourd,Bitter Gourd,Grade A,2300,2300,2300,02/09/2026
Telangana,Warangal,Warangal APMC,Bitter gourd,Bitter Gourd,FAQ,2000,2500,2250,02/09/2026
Telangana,Siddipet,Vantamamidi APMC,Bitter gourd,Bitter Gourd,Local,1500,1500,1500,02/09/2026
Telangana,Hyderabad,RYTHU BAZAR ERRAGADDA,Bitter gourd,Bitter Gourd,Grade A,2300,2300,2300,02/09/2026
Telangana,Hyderabad,"Alwal,RBZ",Bitter gourd,Bitter Gourd,FAQ,2300,2300,2300,02/09/2026
Telangana,Ranga Reddy,L B Nagar APMC,Bitter gourd,Bitter Gourd,Medium,2000,3000,2500,02/09/2026
Telangana,Hyderabad,Gudimalkapur APMC,Bitter gourd,Bitter Gourd,Grade B,1600,2500,2000,02/09/2026
Telangana,Ranga Reddy,Shadnagar APMC,Bitter gourd,Bitter Gourd,Local,2400,2600,2500,02/09/2026
Telangana,Karimnagar,Karimnagar APMC,Bitter gourd,Bitter Gourd,Medium,1333.3334,1333.3334,1333.3334,02/09/2026
Telangana,Nagarkurnool,Kalwakurthy APMC,Bitter gourd,Bitter Gourd,Local,1750,1750,1750,02/09/2026
Telangana,Ranga Reddy,"Saroornagar,RBZ",Bottle gourd,Bottle Gourd,Medium,700,700,700,02/09/2026
Telangana,Hyderabad,RYTHU BAZAR MEHDIPATNAM,Bottle gourd,Bottle Gourd,Grade A,700,700,700,02/09/2026
Telangana,Mahbubnagar,Mahabubnagar(Rythu Bazar),Bottle gourd,Bottle Gourd,Local,2000,2000,2000,02/09/2026
Telangana,Karimnagar,"Weekly Market Area,RBZ APMC",Bottle gourd,Bottle Gourd,Local,800,2500,800,02/09/2026
Telangana,Hyderabad,Bowenpally APMC,Bottle gourd,Bottle Gourd,FAQ,200,400,350,02/09/2026
Telangana,Ranga Reddy,"Vanasthalipuram,RBZ ",Bottle gourd,Bottle Gourd,Grade A,700,700,700,02/09/2026
Telangana,Nalgonda,Venkateswarnagar APMC,Bottle gourd,Bottle Gourd,Local,600,1000,800,02/09/2026
Telangana,Hyderabad,RYTHU BAZAR FALAKNUMA,Bottle gourd,Bottle Gourd,Grade A,700,700,700,02/09/2026
Telangana,Hyderabad,RYTHU BAZAR ERRAGADDA,Bottle gourd,Bottle Gourd,Grade A,700,700,700,02/09/2026
Telangana,Hyderabad,Mahboob Manison APMC,Bottle gourd,Bottle Gourd,Medium,200,200,200,02/09/2026
Telangana,Ranga Reddy,L B Nagar APMC,Bottle gourd,Bottle Gourd,Medium,400,800,600,02/09/2026
Telangana,Siddipet,Siddipet(Rythu Bazar) ,Bottle gourd,Bottle Gourd,Grade A,800,1200,1000,02/09/2026
Telangana,Hyderabad,Gudimalkapur APMC,Bottle gourd,Bottle Gourd,Grade B,200,300,200,02/09/2026
Telangana,Ranga Reddy,"Vanasthalipuram,RBZ ",Little gourd(Kundru),Little gourd (Kundru),Grade A,2800,2800,2800,02/09/2026
Telangana,Hyderabad,RYTHU BAZAR FALAKNUMA,Little gourd(Kundru),Little gourd (Kundru),Grade A,2800,2800,2800,02/09/2026
Telangana,Nalgonda,Miryalguda(Rythu Bazar) ,Little gourd(Kundru),Little gourd (Kundru),Grade A,3000,3000,3000,02/09/2026
Telangana,Ranga Reddy,"Saroornagar,RBZ",Little gourd(Kundru),Other,Medium,2800,2800,2800,02/09/2026
Telangana,Hyderabad,"Alwal,RBZ",Little gourd(Kundru),Other,FAQ,2800,2800,2800,02/09/2026
Uttarakhand,Udhamsinghnagar,Kashipur APMC,Bitter gourd,Other,Local,1300,1500,1400,02/09/2026
Uttarakhand,Haridwar,Roorkee APMC,Bitter gourd,Other,Local,650,850,750,02/09/2026
Uttarakhand,Dehradoon,Vikasnagar APMC,Bitter gourd,Other,FAQ,1000,1500,1000,02/09/2026
Uttarakhand,Dehradoon,Rishikesh APMC,Bitter gourd,Other,Medium,1200,2000,1500,02/09/2026
Uttarakhand,Haridwar,Bhagwanpur(Naveen Mandi Sthal) APMC,Bitter gourd,Other,Grade B,1000,1400,1200,02/09/2026
Uttarakhand,Udhamsinghnagar,Sitarganj APMC,Bitter gourd,Other,Local,1500,2000,1600,02/09/2026
Uttarakhand,Udhamsinghnagar,Rudrapur APMC,Bitter gourd,Other,Medium,2000,2500,2200,02/09/2026
Uttarakhand,Haridwar,Manglaur APMC,Bitter gourd,Other,Large,700,1000,800,02/09/2026
Uttarakhand,Udhamsinghnagar,Jaspur(UC) APMC,Bitter gourd,Bitter Gourd,FAQ,1800,1800,1800,02/09/2026
Uttarakhand,Udhamsinghnagar,Kicchha APMC,Sponge gourd,Sponge gourd,Local,700,800,750,02/09/2026
Uttarakhand,Haridwar,Bhagwanpur(Naveen Mandi Sthal) APMC,Bottle gourd,Other,Grade B,400,600,500,02/09/2026
Uttarakhand,Nanital,Ramnagar APMC,Sponge gourd,Other,Local,2500,3500,3000,02/09/2026
Uttarakhand,Udhamsinghnagar,Rudrapur APMC,Sponge gourd,Other,Medium,1500,2500,2000,02/09/2026
Uttarakhand,Chamoli (Gopeshwar),Chamoli APMC,Bottle gourd,Other,FAQ,1800,1800,1800,02/09/2026
Uttarakhand,Dehradoon,Dehradoon APMC,Bottle gourd,Other,Grade B,600,1000,800,02/09/2026
Uttarakhand,Udhamsinghnagar,Jaspur(UC) APMC,Bottle gourd,Other,FAQ,1400,1400,1400,02/09/2026
Uttarakhand,Udhamsinghnagar,Kashipur APMC,Bottle gourd,Other,Local,1000,1400,1200,02/09/2026
Uttarakhand,Garhwal (Pauri),Kotadwara APMC,Bottle gourd,Bottle Gourd,FAQ,900,900,900,02/09/2026
Uttarakhand,Dehradoon,Vikasnagar APMC,Bottle gourd,Other,FAQ,400,1000,800,02/09/2026
Uttarakhand,Haridwar,Manglaur APMC,Bottle gourd,Other,Large,500,650,600,02/09/2026
Uttarakhand,Udhamsinghnagar,Kashipur APMC,Sponge gourd,Other,Local,1200,1500,1350,02/09/2026
Uttarakhand,Udhamsinghnagar,Kicchha APMC,Bottle gourd,Bottle Gourd,Local,300,400,350,02/09/2026
Uttarakhand,Haridwar,Roorkee APMC,Bottle gourd,Other,Local,650,850,750,02/09/2026
Uttarakhand,Udhamsinghnagar,Rudrapur APMC,Bottle gourd,Other,Medium,900,1500,1200,02/09/2026
Uttarakhand,Haridwar,Manglaur APMC,Sponge gourd,Other,Large,500,800,600,02/09/2026
Uttarakhand,Garhwal (Pauri),Kotadwara APMC,Sponge gourd,Sponge gourd,FAQ,1200,1200,1200,02/09/2026
Uttarakhand,Nanital,Ramnagar APMC,Bottle gourd,Other,Local,1500,1700,1600,02/09/2026
Uttarakhand,Haridwar,Haridwar Union APMC,Bottle gourd,Bottle Gourd,FAQ,500,1000,700,02/09/2026
Uttarakhand,Udhamsinghnagar,Sitarganj APMC,Bottle gourd,Bottle Gourd,Local,800,1500,1000,02/09/2026
Uttarakhand,Dehradoon,Rishikesh APMC,Bottle gourd,Other,Medium,800,1200,1000,02/09/2026
Uttarakhand,Udhamsinghnagar,Kashipur APMC,Pointed gourd(Parval),Other,Local,2500,2500,2500,02/09/2026
Uttarakhand,Udhamsinghnagar,Rudrapur APMC,Pointed gourd(Parval),Other,Medium,2000,3500,3000,02/09/2026
Himachal Pradesh,Sirmore,PMY Paonta Sahib,Bitter gourd,Bitter Gourd,FAQ,3800,4000,3900,02/09/2026
Himachal Pradesh,Hamirpur,PMY Hamirpur,Bitter gourd,Bitter Gourd,Grade B,1500,2000,1750,02/09/2026
Himachal Pradesh,Bilaspur,PMY Bilaspur,Bitter gourd,Other,Grade A,2000,2500,2200,02/09/2026
Himachal Pradesh,Kangra,PMY Kangra,Bitter gourd,Bitter Gourd,FAQ,1500,2000,1800,02/09/2026
Himachal Pradesh,Una,PMY Una,Bitter gourd,Bitter Gourd,Local,1200,1600,1400,02/09/2026
Himachal Pradesh,Chamba,PMY Chamba,Bitter gourd,Bitter Gourd,Medium,3500,4000,3750,02/09/2026
Himachal Pradesh,Kullu,SMY Bhuntar,Bitter gourd,Bitter Gourd,FAQ,800,1000,900,02/09/2026
Himachal Pradesh,Kullu,PMY Kullu,Bitter gourd,Other,FAQ,2500,3000,2800,02/09/2026
Himachal Pradesh,Kangra,SMY Baijnath,Bitter gourd,Bitter Gourd,Grade A,2700,3200,3000,02/09/2026
Himachal Pradesh,Kangra,SMY Palampur,Bitter gourd,Bitter Gourd,FAQ,2500,3500,3000,02/09/2026
Himachal Pradesh,Shimla,SMY Rampur,Bitter gourd,Bitter Gourd,Local,2500,3000,2800,02/09/2026
Himachal Pradesh,Solan,SMY Nalagarh,Bitter gourd,Other,Medium,1200,1500,1300,02/09/2026
Himachal Pradesh,Mandi,SMY Jogindernagar,Bitter gourd,Bitter Gourd,Grade B,2000,2500,2250,02/09/2026
Himachal Pradesh,Kangra,SMY Jassur,Bitter gourd,Other,FAQ,1000,1200,1100,02/09/2026
Himachal Pradesh,Kangra,SMY Nagrota Bagwan,Bitter gourd,Bitter Gourd,FAQ,1500,2000,1700,02/09/2026
Himachal Pradesh,Shimla,SMY Rohroo,Bitter gourd,Other,Grade B,3500,4000,3800,02/09/2026
Himachal Pradesh,Solan,PMY Kather Solan,Bitter gourd,Other,Medium,1200,3200,2400,02/09/2026
Himachal Pradesh,Kangra,SMY Jaisinghpur,Bitter gourd,Bitter Gourd,FAQ,2800,4000,3200,02/09/2026
Himachal Pradesh,Mandi,SMY Dhanotu,Bitter gourd,Bitter Gourd,FAQ,800,1000,900,02/09/2026
Himachal Pradesh,Sirmore,SMY Nahan,Bitter gourd,Bitter Gourd,FAQ,3500,4000,3800,02/09/2026
Himachal Pradesh,Kangra,SMY Dharamshala,Bitter gourd,Bitter Gourd,FAQ,2400,2600,2500,02/09/2026
Himachal Pradesh,Shimla,SMY Rohroo,Bottle gourd,Bottle Gourd,Grade B,1500,2000,1800,02/09/2026
Himachal Pradesh,Kangra,PMY Kangra,Bottle gourd,Bottle Gourd,FAQ,2500,3000,2700,02/09/2026
Himachal Pradesh,Solan,SMY Nalagarh,Sponge gourd,Other,Medium,1000,2000,1500,02/09/2026
Himachal Pradesh,Kangra,SMY Baijnath,Bottle gourd,Bottle Gourd,Grade A,3000,3500,3500,02/09/2026
Himachal Pradesh,Kangra,SMY Jaisinghpur,Bottle gourd,Bottle Gourd,FAQ,2500,3500,3000,02/09/2026
Himachal Pradesh,Chamba,PMY Chamba,Bottle gourd,Bottle Gourd,Medium,3000,3500,3250,02/09/2026
Himachal Pradesh,Hamirpur,PMY Hamirpur,Sponge gourd,Other,Grade B,2000,2000,2000,02/09/2026
Himachal Pradesh,Sirmore,SMY Nahan,Bottle gourd,Bottle Gourd,FAQ,1800,2000,1900,02/09/2026
Himachal Pradesh,Kangra,SMY Palampur,Sponge gourd,Other,FAQ,3000,3500,3200,02/09/2026
Himachal Pradesh,Kangra,SMY Palampur,Bottle gourd,Bottle Gourd,FAQ,2200,3000,2600,02/09/2026
Himachal Pradesh,Kangra,SMY Dharamshala,Bottle gourd,Bottle Gourd,FAQ,2500,3200,2850,02/09/2026
Himachal Pradesh,Sirmore,PMY Paonta Sahib,Sponge gourd,Other,FAQ,2000,2500,2200,02/09/2026
Himachal Pradesh,Sirmore,PMY Paonta Sahib,Bottle gourd,Other,FAQ,1500,2000,1800,02/09/2026
Himachal Pradesh,Una,PMY Una,Bottle gourd,Bottle Gourd,Local,600,1000,800,02/09/2026
Himachal Pradesh,Chamba,PMY Chamba,Sponge gourd,Other,Medium,2500,4500,3500,02/09/2026
Himachal Pradesh,Shimla,SMY Rampur,Bottle gourd,Bottle Gourd,Local,3000,3500,3200,02/09/2026
Himachal Pradesh,Kangra,PMY Kangra,Sponge gourd,Other,FAQ,2000,3000,2500,02/09/2026
Himachal Pradesh,Bilaspur,PMY Bilaspur,Bottle gourd,Other,Grade B,2000,3500,2550,02/09/2026
Himachal Pradesh,Kangra,SMY Jassur,Bottle gourd,Other,FAQ,1000,1500,1250,02/09/2026
Himachal Pradesh,Kangra,SMY Nagrota Bagwan,Bottle gourd,Bottle Gourd,FAQ,2400,3000,2800,02/09/2026
Himachal Pradesh,Solan,PMY Kather Solan,Sponge gourd,Other,Medium,1000,3000,2000,02/09/2026
Himachal Pradesh,Solan,PMY Kather Solan,Bottle gourd,Other,Medium,1000,2000,1500,02/09/2026
Himachal Pradesh,Una,PMY Una,Sponge gourd,Sponge gourd,Local,800,1200,1000,02/09/2026
Himachal Pradesh,Hamirpur,PMY Hamirpur,Bottle gourd,Bottle Gourd,Grade B,3000,3500,3250,02/09/2026
Himachal Pradesh,Mandi,SMY Dhanotu,Bottle gourd,Bottle Gourd,FAQ,1000,1200,1100,02/09/2026
Himachal Pradesh,Mandi,SMY Jogindernagar,Bottle gourd,Other,Grade B,2000,2500,2250,02/09/2026
Himachal Pradesh,Kullu,PMY Kullu,Bottle gourd,Other,FAQ,2500,3000,2800,02/09/2026
Himachal Pradesh,Solan,SMY Nalagarh,Bottle gourd,Other,Medium,1000,1500,1300,02/09/2026
Himachal Pradesh,Kullu,SMY Bhuntar,Bottle gourd,Other,FAQ,800,1000,900,02/09/2026
Himachal Pradesh,Sirmore,SMY Nahan,Sponge gourd,Other,FAQ,2000,2500,2200,02/09/2026
Assam,Nagaon,Haibargaon APMC,Bitter gourd,Bitter Gourd,FAQ,2000,2100,2050,02/09/2026
Assam,Tinsukia,Tinsukia Market,Bitter gourd,Other,FAQ,3600,4400,4000,02/09/2026
Assam,Darrang,Balugaon APMC,Bitter gourd,Bitter Gourd,Local,2400,2800,2600,02/09/2026
Assam,Darrang,Besimari APMC,Bitter gourd,Bitter Gourd,Local,2300,2700,2500,02/09/2026
Assam,Nagaon,Ambagan APMC,Bitter gourd,Bitter Gourd,FAQ,2000,2200,2100,02/09/2026
Assam,Darrang,Besimari APMC,Bottle gourd,Bottle Gourd,Local,1500,1700,1600,02/09/2026
Assam,Darrang,Balugaon APMC,Bottle gourd,Bottle Gourd,Local,1600,1800,1700,02/09/2026
Assam,Kamrup,Pamohi(Garchuk) APMC,Bottle gourd,Bottle Gourd,FAQ,2000,3000,2500,02/09/2026
Assam,Kamrup,Pamohi(Garchuk) APMC,Sponge gourd,Sponge gourd,FAQ,2500,3500,3000,02/09/2026
Assam,Kamrup,Pamohi(Garchuk) APMC,Little gourd(Kundru),Little gourd (Kundru),FAQ,2000,3000,2500,02/09/2026
Assam,Kamrup,Pamohi(Garchuk) APMC,Pointed gourd(Parval),Pointed gourd (Parval),FAQ,2300,3000,2500,02/09/2026
Assam,Kamrup,Pamohi(Garchuk) APMC,"Spiny Gourd / Kartali(Kantola)
",Kartali (Kantola),FAQ,4000,4500,4200,02/09/2026
Tamil Nadu,Namakkal,Rasipuram APMC,Ragi(Finger Millet),Other,Local,3500,3800,3650,02/09/2026
Tamil Nadu,Vellore,Pallikonda(Uzhavar Sandhai),Bhindi(Ladies Finger),Bhindi,Local,2500,3000,2750,02/09/2026
Tamil Nadu,Ramanathapuram,Kamuthi(Uzhavar Sandhai ),Bhindi(Ladies Finger),Bhindi,Local,4500,5000,4750,02/09/2026
Tamil Nadu,Ariyalur,Ariyalur(Uzhavar Sandhai),Bhindi(Ladies Finger),Bhindi,Local,2500,2500,2500,02/09/2026
Tamil Nadu,Cuddalore,Viruthachalam(Uzhavar Sandhai ),Bhindi(Ladies Finger),Bhindi,Local,2000,2000,2000,02/09/2026
Tamil Nadu,Nagapattinam,Nagapattinam(Uzhavar Sandhai ),Bhindi(Ladies Finger),Bhindi,Local,5600,5600,5600,02/09/2026
Tamil Nadu,Tenkasi,Sankarankoil(Uzhavar Sandhai ),Bhindi(Ladies Finger),Bhindi,Local,3600,3600,3600,02/09/2026
Tamil Nadu,Virudhunagar,Aruppukottai(Uzhavar Sandhai ),Bhindi(Ladies Finger),Bhindi,Local,2500,3000,2750,02/09/2026
Tamil Nadu,Madurai,Melur(Uzhavar Sandhai ),Bhindi(Ladies Finger),Bhindi,Local,2600,3000,2800,02/09/2026
Tamil Nadu,Pudukkottai,Aranthangi(Uzhavar Sandhai ),Bhindi(Ladies Finger),Bhindi,Local,2500,3000,2750,02/09/2026
Tamil Nadu,Karur,Kulithalai(Uzhavar Sandhai ),Bhindi(Ladies Finger),Bhindi,Local,3600,4000,3800,02/09/2026
Tamil Nadu,Sivaganga,Sivagangai (Uzhavar Sandhai ),Bhindi(Ladies Finger),Bhindi,Local,2800,3200,3000,02/09/2026
Tamil Nadu,Sivaganga,Devakottai (Uzhavar Sandhai ),Bhindi(Ladies Finger),Bhindi,Local,3000,3200,3100,02/09/2026
Tamil Nadu,Salem,Hasthampatti(Uzhavar Sandhai ),Bhindi(Ladies Finger),Bhindi,Local,2800,3000,2900,02/09/2026
Tamil Nadu,Sivaganga,Singampunari(Uzhavar Sandhai ),Bhindi(Ladies Finger),Bhindi,Local,2800,3200,3000,02/09/2026
Tamil Nadu,Thanjavur,Pattukottai(Uzhavar Sandhai ),Bhindi(Ladies Finger),Bhindi,Local,4400,4400,4400,02/09/2026
Tamil Nadu,Thiruchirappalli,Lalgudi(Uzhavar Sandhai ),Bhindi(Ladies Finger),Bhindi,Local,3600,3600,3600,02/09/2026
Tamil Nadu,Virudhunagar,Rajapalayam(Uzhavar Sandhai ),Bhindi(Ladies Finger),Bhindi,Local,2500,3000,2750,02/09/2026
Tamil Nadu,Virudhunagar,Thalavaipuram(Uzhavar Sandhai ),Bhindi(Ladies Finger),Bhindi,Local,2500,3000,2750,02/09/2026
Tamil Nadu,Chengalpattu,Madhuranthagam(Uzhavar Sandhai ),Bhindi(Ladies Finger),Bhindi,Local,6000,6000,6000,02/09/2026
Tamil Nadu,Krishnagiri,Denkanikottai(Uzhavar Sandhai ),Bhindi(Ladies Finger),Bhindi,Local,2000,2500,2250,02/09/2026
Tamil Nadu,Thanjavur,Tirukattupalli(Uzhavar Sandhai ),Bhindi(Ladies Finger),Bhindi,Local,3600,3600,3600,02/09/2026
Tamil Nadu,Madurai,Palanganatham(Uzhavar Sandhai ),Bhindi(Ladies Finger),Bhindi,Local,2600,3000,2800,02/09/2026
Tamil Nadu,Perambalur,Perambalur(Uzhavar Sandhai ),Bhindi(Ladies Finger),Bhindi,Local,3600,4000,3800,02/09/2026
Tamil Nadu,Salem,Mecheri(Uzhavar Sandhai),Bhindi(Ladies Finger),Bhindi,Local,2200,2600,2400,02/09/2026
Tamil Nadu,Thirunelveli,Ambasamudram(Uzhavar Sandhai ),Bhindi(Ladies Finger),Bhindi,Local,2400,2800,2600,02/09/2026
Tamil Nadu,Thirunelveli,Kandiyaperi(Uzhavar Sandhai ),Bhindi(Ladies Finger),Bhindi,Local,2400,2800,2600,02/09/2026
Tamil Nadu,Thirupur,Tiruppur (North) (Uzhavar Sandhai ),Bhindi(Ladies Finger),Bhindi,Local,4500,5000,4750,02/09/2026
Tamil Nadu,Dharmapuri,AJattihalli(Uzhavar Sandhai ),Bhindi(Ladies Finger),Bhindi,Local,1600,1600,1600,02/09/2026
Tamil Nadu,Thanjavur,Peravurani(Uzhavar Sandhai),Bhindi(Ladies Finger),Bhindi,Local,4500,4500,4500,02/09/2026
Tamil Nadu,Coimbatore,Vadavalli(Uzhavar Sandhai ),Bhindi(Ladies Finger),Bhindi,Local,3800,4200,4000,02/09/2026
Tamil Nadu,Salem,Athur(Uzhavar Sandhai ),Bhindi(Ladies Finger),Bhindi,Local,2500,3000,2750,02/09/2026
Tamil Nadu,Theni,Periyakulam(Uzhavar Sandhai ),Bhindi(Ladies Finger),Bhindi,Local,3000,3400,3200,02/09/2026
Tamil Nadu,Thirupur,Tiruppur (South) (Uzhavar Sandhai ),Bhindi(Ladies Finger),Bhindi,Local,4000,5000,4500,02/09/2026
Tamil Nadu,Kallakuruchi,Sankarapuram(Uzhavar Sandhai ),Bhindi(Ladies Finger),Bhindi,Local,3000,3000,3000,02/09/2026
Tamil Nadu,Kancheepuram,Kancheepuram(Uzhavar Sandhai ),Bhindi(Ladies Finger),Bhindi,Local,3000,3500,3250,02/09/2026
Tamil Nadu,Krishnagiri,Hosur(Uzhavar Sandhai ),Bhindi(Ladies Finger),Bhindi,Local,2000,2500,2250,02/09/2026
Tamil Nadu,Madurai,Usilampatti(Uzhavar Sandhai ),Bhindi(Ladies Finger),Bhindi,Local,2600,3000,2800,02/09/2026
Tamil Nadu,Namakkal,Mohanur(Uzhavar Sandhai ),Bhindi(Ladies Finger),Bhindi,Local,4400,4800,4600,02/09/2026
Tamil Nadu,Namakkal,Rasipuram(Uzhavar Sandhai ),Bhindi(Ladies Finger),Bhindi,Local,3400,4000,3700,02/09/2026
Tamil Nadu,Ranipet,Ranipettai(Uzhavar Sandhai ),Bhindi(Ladies Finger),Bhindi,Local,2500,2500,2500,02/09/2026
Tamil Nadu,Salem,Thammampatti (Uzhavar Sandhai ),Bhindi(Ladies Finger),Bhindi,Local,2500,3000,2750,02/09/2026
Tamil Nadu,Thiruvarur,Muthupettai(Uzhavar Sandhai ),Bhindi(Ladies Finger),Bhindi,Local,3000,3000,3000,02/09/2026
Tamil Nadu,Cuddalore,Panruti(Uzhavar Sandhai ),Bhindi(Ladies Finger),Bhindi,Local,3000,3000,3000,02/09/2026
Tamil Nadu,Cuddalore,Vadalur(Uzhavar Sandhai ),Bhindi(Ladies Finger),Bhindi,Local,3000,3000,3000,02/09/2026
Tamil Nadu,Salem,Edapadi (Uzhavar Sandhai ),Bhindi(Ladies Finger),Bhindi,Local,2000,2500,2250,02/09/2026
Tamil Nadu,Salem,Jalagandapuram(Uzhavar Sandhai ),Bhindi(Ladies Finger),Bhindi,Local,2400,2600,2500,02/09/2026
Tamil Nadu,Sivaganga,Karaikudi(Uzhavar Sandhai ),Bhindi(Ladies Finger),Bhindi,Local,3000,3500,3250,02/09/2026
Tamil Nadu,Thiruchirappalli,Musiri(Uzhavar Sandhai ),Bhindi(Ladies Finger),Bhindi,Local,3000,3600,3300,02/09/2026
Tamil Nadu,Virudhunagar,Sathur(Uzhavar Sandhai ),Bhindi(Ladies Finger),Bhindi,Local,3500,4000,3750,02/09/2026
Tamil Nadu,Villupuram,Avalurpet APMC,Ragi(Finger Millet),Other,Local,3356,3421,3388.5,02/09/2026
Tamil Nadu,Madurai,Chokkikulam(Uzhavar Sandhai ),Bhindi(Ladies Finger),Bhindi,Local,2600,3000,2800,02/09/2026
Tamil Nadu,Erode,Thalavadi(Uzhavar Sandhai ),Bhindi(Ladies Finger),Bhindi,Local,3000,3400,3200,02/09/2026
Tamil Nadu,Krishnagiri,Krishnagiri(Uzhavar Sandhai ),Bhindi(Ladies Finger),Bhindi,Local,2000,2500,2250,02/09/2026
Tamil Nadu,Pudukkottai,Pudukottai(Uzhavar Sandhai ),Bhindi(Ladies Finger),Bhindi,Local,3500,4000,3750,02/09/2026
Tamil Nadu,Thiruvarur,Valangaiman APMC,Bhindi(Ladies Finger),Bhindi,Local,4000,4000,4000,02/09/2026
Tamil Nadu,Virudhunagar,Kariyapatti(Uzhavar Sandhai ),Bhindi(Ladies Finger),Bhindi,Local,3500,4000,3750,02/09/2026
Tamil Nadu,Madurai,Thirumangalam(Uzhavar Sandhai ),Bhindi(Ladies Finger),Bhindi,Local,2500,3000,2750,02/09/2026
Tamil Nadu,Nagapattinam,Vedaranyam(Uzhavar Sandhai),Bhindi(Ladies Finger),Bhindi,Local,4000,4200,4100,02/09/2026
Tamil Nadu,Thirupathur,Vaniyampadi(Uzhavar Sandhai ),Bhindi(Ladies Finger),Bhindi,Local,3000,3000,3000,02/09/2026
Tamil Nadu,Thirupur,Dharapuram(Uzhavar Sandhai ),Bhindi(Ladies Finger),Bhindi,Local,4500,5000,4750,02/09/2026
Tamil Nadu,Virudhunagar,Srivilliputhur(Uzhavar Sandhai ),Bhindi(Ladies Finger),Bhindi,Local,3000,3500,3250,02/09/2026
Tamil Nadu,Pudukkottai,Ponnamaravathi(Uzhavar Sandhai),Bhindi(Ladies Finger),Bhindi,Local,3500,4000,3750,02/09/2026
Tamil Nadu,Tuticorin,Kovilpatti(Uzhavar Sandhai ),Bhindi(Ladies Finger),Bhindi,Local,2500,3000,2750,02/09/2026
Tamil Nadu,Namakkal,Tiruchengode APMC,Bhindi(Ladies Finger),Bhindi,Local,3000,3500,3250,02/09/2026
Tamil Nadu,Coimbatore,Pollachi(Uzhavar Sandhai ),Bhindi(Ladies Finger),Bhindi,Local,4500,5000,4750,02/09/2026
Tamil Nadu,Coimbatore,Kurichi(Uzhavar Sandhai ),Bhindi(Ladies Finger),Bhindi,Local,3600,4000,3800,02/09/2026
Tamil Nadu,The Nilgiris,Coonoor(Uzhavar Sandhai ),Bhindi(Ladies Finger),Bhindi,Local,3200,3500,3350,02/09/2026
Tamil Nadu,Dharmapuri,Dharmapuri(Uzhavar Sandhai ),Bhindi(Ladies Finger),Bhindi,Local,1500,1600,1550,02/09/2026
Tamil Nadu,Dharmapuri,Pennagaram(Uzhavar Sandhai ),Bhindi(Ladies Finger),Bhindi,Local,2800,3000,2900,02/09/2026
Tamil Nadu,Dindigul,Dindigul(Uzhavar Sandhai ),Bhindi(Ladies Finger),Bhindi,Local,3000,4000,3500,02/09/2026
Tamil Nadu,Krishnagiri,Avallapalli(Uzhavar Sandhai ),Bhindi(Ladies Finger),Bhindi,Local,2000,2500,2250,02/09/2026
Tamil Nadu,Dharmapuri,Karimangalam(Uzhavar Sandhai),Bhindi(Ladies Finger),Bhindi,Local,1800,2000,1900,02/09/2026
Tamil Nadu,Madurai,Anaiyur(Uzhavar Sandhai ),Bhindi(Ladies Finger),Bhindi,Local,2600,3000,2800,02/09/2026
Tamil Nadu,Namakkal,Kumarapalayam(Uzhavar Sandhai ),Bhindi(Ladies Finger),Bhindi,Local,1700,2500,2100,02/09/2026
Tamil Nadu,Namakkal,Paramathivelur(Uzhavar Sandhai ),Bhindi(Ladies Finger),Bhindi,Local,3500,4500,4000,02/09/2026
Tamil Nadu,Salem,Mettur(Uzhavar Sandhai ),Bhindi(Ladies Finger),Bhindi,Local,1500,2000,1750,02/09/2026
Tamil Nadu,Salem,Sooramangalam(Uzhavar Sandhai ),Bhindi(Ladies Finger),Bhindi,Local,2400,2800,2600,02/09/2026
Tamil Nadu,Theni,Kambam(Uzhavar Sandhai ),Bhindi(Ladies Finger),Bhindi,Local,3400,3400,3400,02/09/2026
Tamil Nadu,Thirunelveli,Melapalayam(Uzhavar Sandhai ),Bhindi(Ladies Finger),Bhindi,Local,2400,2800,2600,02/09/2026
Tamil Nadu,Thirunelveli,NGO Colony(Uzhavar Sandhai ),Bhindi(Ladies Finger),Bhindi,Local,3500,4000,3750,02/09/2026
Tamil Nadu,Karur,Vengamedu(Uzhavar Sandhai ),Bhindi(Ladies Finger),Bhindi,Local,3500,4000,3750,02/09/2026
Tamil Nadu,Theni,Devaram(Uzhavar Sandhai ),Bhindi(Ladies Finger),Bhindi,Local,3000,3000,3000,02/09/2026
Tamil Nadu,Villupuram,Tindivanam APMC,Bhindi(Ladies Finger),Bhindi,Local,2500,2500,2500,02/09/2026
Tamil Nadu,Thiruvarur,Needamangalam(Uzhavar Sandhai ),Bhindi(Ladies Finger),Bhindi,Local,3000,3000,3000,02/09/2026
Tamil Nadu,Thiruvarur,Tiruvarur(Uzhavar Sandhai ),Bhindi(Ladies Finger),Bhindi,Local,4000,4000,4000,02/09/2026
Tamil Nadu,Thiruvellore,Tiruvallur(Uzhavar Sandhai ),Bhindi(Ladies Finger),Bhindi,Local,4000,4000,4000,02/09/2026
Tamil Nadu,Karur,Gandhigramam(Uzhavar Sandhai),Bhindi(Ladies Finger),Bhindi,Local,3500,4000,3750,02/09/2026
Tamil Nadu,Vellore,Perampet(Uzhavar Sandhai),Bhindi(Ladies Finger),Bhindi,Local,2000,2000,2000,02/09/2026
Tamil Nadu,Kallakuruchi,Kallakurichi(Uzhavar Sandhai ),Bhindi(Ladies Finger),Bhindi,Local,3000,3000,3000,02/09/2026
Tamil Nadu,Thirupathur,Natrampalli(Uzhavar Sandhai ),Bhindi(Ladies Finger),Bhindi,Local,2500,3000,2750,02/09/2026
Tamil Nadu,Coimbatore,Udumalpet APMC,Bhindi(Ladies Finger),Bhindi,Local,4000,4500,4250,02/09/2026
Tamil Nadu,Erode,Sampath Nagar(Uzhavar Sandhai ),Bhindi(Ladies Finger),Bhindi,Local,2600,3000,2800,02/09/2026
Tamil Nadu,Nagapattinam,Mayiladuthurai(Uzhavar Sandhai ),Bhindi(Ladies Finger),Bhindi,Local,4500,5000,4750,02/09/2026
Tamil Nadu,Thiruvannamalai,Arani(Uzhavar Sandhai ),Bhindi(Ladies Finger),Bhindi,Local,3500,4200,3850,02/09/2026
Tamil Nadu,Thiruvellore,Naravarikuppam(Uzhavar Sandhai ),Bhindi(Ladies Finger),Bhindi,Local,4000,4000,4000,02/09/2026
Tamil Nadu,Vellore,Kahithapattarai(Uzhavar Sandhai ),Bhindi(Ladies Finger),Bhindi,Local,3000,3000,3000,02/09/2026
Tamil Nadu,Thiruvannamalai,Cheyyar(Uzhavar Sandhai ),Bhindi(Ladies Finger),Bhindi,Local,3200,4000,3600,02/09/2026
Tamil Nadu,Thanjavur,Papanasam(Uzhavar Sandhai ),Bhindi(Ladies Finger),Bhindi,Local,3600,4800,4200,02/09/2026
Tamil Nadu,Coimbatore,Sundarapuram(Uzhavar Sandhai ),Bhindi(Ladies Finger),Bhindi,Local,4000,4500,4250,02/09/2026
Tamil Nadu,Coimbatore,Mettupalayam(Uzhavar Sandhai ),Bhindi(Ladies Finger),Bhindi,Local,3500,4000,3750,02/09/2026
Tamil Nadu,Coimbatore,RSPuram(Uzhavar Sandhai ),Bhindi(Ladies Finger),Bhindi,Local,3600,4200,3900,02/09/2026
Tamil Nadu,Chengalpattu,Thirukalukundram(Uzhavar Sandhai ),Bhindi(Ladies Finger),Bhindi,Local,4000,4500,4250,02/09/2026
Tamil Nadu,Krishnagiri,Kaveripattinam(Uzhavar Sandhai ),Bhindi(Ladies Finger),Bhindi,Local,3000,3000,3000,02/09/2026
Tamil Nadu,Erode,Perundurai(Uzhavar Sandhai ),Bhindi(Ladies Finger),Bhindi,Local,3600,4000,3800,02/09/2026
Tamil Nadu,Dindigul,Chinnalapatti(Uzhavar Sandhai ),Bhindi(Ladies Finger),Bhindi,Local,3600,4000,3800,02/09/2026
Tamil Nadu,Dindigul,Palani(Uzhavar Sandhai ),Bhindi(Ladies Finger),Bhindi,Local,2400,2800,2600,02/09/2026
Tamil Nadu,Erode,Periyar Nagar(Uzhavar Sandhai ),Bhindi(Ladies Finger),Bhindi,Local,2600,3000,2800,02/09/2026
Tamil Nadu,Kancheepuram,Kundrathur(Uzhavar Sandhai ),Bhindi(Ladies Finger),Bhindi,Local,4000,4000,4000,02/09/2026
Tamil Nadu,Kancheepuram,Padappai(Uzhavar Sandhai ),Bhindi(Ladies Finger),Bhindi,Local,3000,3500,3250,02/09/2026
Tamil Nadu,Nagapattinam,Sirkali(Uzhavar Sandhai ),Bhindi(Ladies Finger),Bhindi,Local,4500,5000,4750,02/09/2026
Tamil Nadu,Madurai,Anna nagar(Uzhavar Sandhai ),Bhindi(Ladies Finger),Bhindi,Local,3000,3600,3300,02/09/2026
Tamil Nadu,Ranipet,Arcot(Uzhavar Sandhai ),Bhindi(Ladies Finger),Bhindi,Local,3000,3000,3000,02/09/2026
Tamil Nadu,Salem,Ammapet(Uzhavar Sandhai ),Bhindi(Ladies Finger),Bhindi,Local,2800,3000,2900,02/09/2026
Tamil Nadu,Thiruchirappalli,Thuraiyur APMC,Bhindi(Ladies Finger),Bhindi,Local,3500,3500,3500,02/09/2026
Tamil Nadu,Theni,Theni(Uzhavar Sandhai ),Bhindi(Ladies Finger),Bhindi,Local,3000,3400,3200,02/09/2026
Tamil Nadu,Thiruvannamalai,Chengam(Uzhavar Sandhai ),Bhindi(Ladies Finger),Bhindi,Local,3300,4000,3650,02/09/2026
Tamil Nadu,Thiruvannamalai,Vandavasi(Uzhavar Sandhai ),Bhindi(Ladies Finger),Bhindi,Local,3500,4000,3750,02/09/2026
Tamil Nadu,Pudukkottai,Gandarvakottai(Uzhavar Sandhai ),Bhindi(Ladies Finger),Bhindi,Local,2500,3000,2750,02/09/2026
Tamil Nadu,Karur,Pallapatti (Uzhavar Sandhai ),Bhindi(Ladies Finger),Bhindi,Local,3500,4000,3750,02/09/2026
Tamil Nadu,Karur,Velayuthampalayam(Uzhavar Sandhai ),Bhindi(Ladies Finger),Bhindi,Local,3200,4000,3600,02/09/2026
Tamil Nadu,Sivaganga,Tirupatthur(Uzhavar Sandhai ),Bhindi(Ladies Finger),Bhindi,Local,3000,3500,3250,02/09/2026
Tamil Nadu,Thiruchirappalli,Manachanallur(Uzhavar Sandhai ),Bhindi(Ladies Finger),Bhindi,Local,3000,3000,3000,02/09/2026
Tamil Nadu,Virudhunagar,Sivakasi(Uzhavar Sandhai ),Bhindi(Ladies Finger),Bhindi,Local,3000,3500,3250,02/09/2026
Tamil Nadu,Virudhunagar,Virudhunagar(Uzhavar Sandhai ),Bhindi(Ladies Finger),Bhindi,Local,2500,3000,2750,02/09/2026
Tamil Nadu,Chengalpattu,Nanganallur(Uzhavar Sandhai ),Bhindi(Ladies Finger),Bhindi,Local,2500,3000,2750,02/09/2026
Tamil Nadu,Nagercoil (Kannyiakumari),Myladi(Uzhavar Sandhai ),Bhindi(Ladies Finger),Bhindi,Local,5500,6000,5750,02/09/2026
Tamil Nadu,Villupuram,Vikkiravandi APMC,Ragi(Finger Millet),Other,Local,3689,3965,3827,02/09/2026
Tamil Nadu,Theni,Bodinayakanur(Uzhavar Sandhai ),Bhindi(Ladies Finger),Bhindi,Local,3000,3000,3000,02/09/2026
Tamil Nadu,Villupuram,Gingee(Uzhavar Sandhai ),Bhindi(Ladies Finger),Bhindi,Local,2500,2500,2500,02/09/2026
Tamil Nadu,Chengalpattu,Guduvancheri(Uzhavar Sandhai ),Bhindi(Ladies Finger),Bhindi,Local,3500,4000,3750,02/09/2026
Tamil Nadu,Thirupur,Palladam(Uzhavar Sandhai ),Bhindi(Ladies Finger),Bhindi,Local,4000,5000,4500,02/09/2026
Tamil Nadu,Namakkal,Solakkadu APMC,Ragi(Finger Millet),Other,Local,3500,3800,3650,02/09/2026
Tamil Nadu,Ramanathapuram,Paramakudi(Uzhavar Sandhai ),Bhindi(Ladies Finger),Bhindi,Local,5000,5500,5250,02/09/2026
Tamil Nadu,Thiruvarur,Tiruthuraipoondi(Uzhavar Sandhai ),Bhindi(Ladies Finger),Bhindi,Local,4000,4000,4000,02/09/2026
Tamil Nadu,Thiruvellore,Paruthipattu(Uzhavar Sandhai ),Bhindi(Ladies Finger),Bhindi,Local,5000,5000,5000,02/09/2026
Tamil Nadu,Nagercoil (Kannyiakumari),Vadaseri APMC,Bhindi(Ladies Finger),Bhindi,Local,3500,4000,3750,02/09/2026
Tamil Nadu,Dharmapuri,Harur(Uzhavar Sandhai ),Bhindi(Ladies Finger),Bhindi,Local,2000,2500,2250,02/09/2026
Tamil Nadu,Erode,Sathiyamagalam(Uzhavar Sandhai ),Bhindi(Ladies Finger),Bhindi,Local,3000,3500,3250,02/09/2026
Tamil Nadu,Ariyalur,Jeyankondam (Uzhavar Sandhai ),Bhindi(Ladies Finger),Bhindi,Local,3600,4000,3800,02/09/2026
Tamil Nadu,Coimbatore,Singanallur(Uzhavar Sandhai ),Bhindi(Ladies Finger),Bhindi,Local,4000,4200,4100,02/09/2026
Tamil Nadu,Karur,Karur(Uzhavar Sandhai ),Bhindi(Ladies Finger),Bhindi,Local,3500,4000,3750,02/09/2026
Tamil Nadu,Cuddalore,Cuddalore(Uzhavar Sandhai ),Bhindi(Ladies Finger),Bhindi,Local,4000,4000,4000,02/09/2026
Tamil Nadu,Tuticorin,Tuticorin(Uzhavar Sandhai ),Bhindi(Ladies Finger),Bhindi,Local,3000,3500,3250,02/09/2026
Tamil Nadu,Pudukkottai,Karambakkudi(Uzhavar Sandhai ),Bhindi(Ladies Finger),Bhindi,Local,3500,4000,3750,02/09/2026
Tamil Nadu,Vellore,Thirupathur APMC,Bhindi(Ladies Finger),Bhindi,Local,3000,3000,3000,02/09/2026
Tamil Nadu,Vellore,Vellore APMC,Bhindi(Ladies Finger),Bhindi,Local,2500,2500,2500,02/09/2026
Tamil Nadu,The Nilgiris,Gudalur(Uzhavar Sandhai ),Bhindi(Ladies Finger),Bhindi,Local,4000,4500,4250,02/09/2026
Tamil Nadu,Erode,Gobichettipalayam(Uzhavar Sandhai ),Bhindi(Ladies Finger),Bhindi,Local,2200,2500,2350,02/09/2026
Tamil Nadu,Pudukkottai,Viralimalai(Uzhavar Sandhai ),Bhindi(Ladies Finger),Bhindi,Local,3000,3500,3250,02/09/2026
Tamil Nadu,Ramanathapuram,Ramanathapuram(Uzhavar Sandhai ),Bhindi(Ladies Finger),Bhindi,Local,5500,6000,5750,02/09/2026
Tamil Nadu,Pudukkottai,Alangudi(Uzhavar Sandhai ),Bhindi(Ladies Finger),Bhindi,Local,3000,3500,3250,02/09/2026
Tamil Nadu,Thiruvannamalai,Polur(Uzhavar Sandhai ),Bhindi(Ladies Finger),Bhindi,Local,3300,4000,3650,02/09/2026
Tamil Nadu,Thiruvannamalai,Tiruvannamalai(Uzhavar Sandhai ),Bhindi(Ladies Finger),Bhindi,Local,2000,2400,2200,02/09/2026
Tamil Nadu,Thiruvarur,Mannargudi I(Uzhavar Sandhai ),Bhindi(Ladies Finger),Bhindi,Local,3200,3200,3200,02/09/2026
Tamil Nadu,Thiruvarur,Mannargudi II(Uzhavar Sandhai ),Bhindi(Ladies Finger),Bhindi,Local,3200,3200,3200,02/09/2026
Tamil Nadu,Thiruvellore,Perambakkam(Uzhavar Sandhai ),Bhindi(Ladies Finger),Bhindi,Local,4000,4000,4000,02/09/2026
Tamil Nadu,Vellore,Gudiyatham(Uzhavar Sandhai ),Bhindi(Ladies Finger),Bhindi,Local,2000,2000,2000,02/09/2026
Tamil Nadu,Tenkasi,Tenkasi(Uzhavar Sandhai ),Bhindi(Ladies Finger),Bhindi,Local,3000,3000,3000,02/09/2026
Tamil Nadu,Thanjavur,Kumbakonam (Uzhavar Sandhai ),Bhindi(Ladies Finger),Bhindi,Local,3600,4800,4200,02/09/2026
Tamil Nadu,The Nilgiris,Udhagamandalam(Uzhavar Sandhai ),Bhindi(Ladies Finger),Bhindi,Local,3000,3400,3200,02/09/2026
Tamil Nadu,Theni,Andipatti(Uzhavar Sandhai ),Bhindi(Ladies Finger),Bhindi,Local,3000,3400,3200,02/09/2026
Tamil Nadu,Thiruvellore,Tiruthani(Uzhavar Sandhai ),Bhindi(Ladies Finger),Bhindi,Local,4000,4000,4000,02/09/2026
Tamil Nadu,Vellore,Katpadi (Uzhavar Sandhai ),Bhindi(Ladies Finger),Bhindi,Local,3000,3000,3000,02/09/2026
Tamil Nadu,Salem,Vazhapadi(Uzhavar Sandhai),Bhindi(Ladies Finger),Bhindi,Local,2500,2500,2500,02/09/2026
Tamil Nadu,Dharmapuri,Palacode(Uzhavar Sandhai ),Bhindi(Ladies Finger),Bhindi,Local,1800,2000,1900,02/09/2026
Tamil Nadu,Kancheepuram,Sunguvarchatram(Uzhavar Sandhai ),Bhindi(Ladies Finger),Bhindi,Local,3500,4000,3750,02/09/2026
Tamil Nadu,Namakkal,Namakkal(Uzhavar Sandhai ),Bhindi(Ladies Finger),Bhindi,Local,3600,4200,3900,02/09/2026
Tamil Nadu,Salem,Thathakapatti(Uzhavar Sandhai ),Bhindi(Ladies Finger),Bhindi,Local,2500,3000,2750,02/09/2026
Tamil Nadu,Theni,Chinnamanur(Uzhavar Sandhai ),Bhindi(Ladies Finger),Bhindi,Local,3000,3000,3000,02/09/2026
Tamil Nadu,Thirunelveli,Palayamkottai(Uzhavar Sandhai ),Bhindi(Ladies Finger),Bhindi,Local,2400,2800,2600,02/09/2026
Tamil Nadu,Thirupur,Kangayam(Uzhavar Sandhai ),Bhindi(Ladies Finger),Bhindi,Local,4900,5200,5050,02/09/2026
Tamil Nadu,Thiruvannamalai,Tamarainagar(Uzhavar Sandhai ),Bhindi(Ladies Finger),Bhindi,Local,2500,3000,2750,02/09/2026
Tamil Nadu,Coimbatore,Sulur(Uzhavar Sandhai ),Bhindi(Ladies Finger),Bhindi,Local,3800,4200,4000,02/09/2026
Tamil Nadu,Salem,Elampillai(Uzhavar Sandhai ),Bhindi(Ladies Finger),Bhindi,Local,1500,2000,1750,02/09/2026
Tamil Nadu,Thanjavur,Thanjavur(Uzhavar Sandhai ),Bhindi(Ladies Finger),Bhindi,Local,3800,3800,3800,02/09/2026
Tamil Nadu,Thiruchirappalli,KKNagar(Uzhavar Sandhai ),Bhindi(Ladies Finger),Bhindi,Local,3600,3600,3600,02/09/2026
Tamil Nadu,Thiruchirappalli,Manapparai(Uzhavar Sandhai ),Bhindi(Ladies Finger),Bhindi,Local,3000,3600,3300,02/09/2026
Tamil Nadu,Thiruchirappalli,Thiruverumbur(Uzhavar Sandhai ),Bhindi(Ladies Finger),Bhindi,Local,3000,3000,3000,02/09/2026
Tamil Nadu,Chengalpattu,Chengalpet(Uzhavar Sandhai ),Bhindi(Ladies Finger),Bhindi,Local,4500,5000,4750,02/09/2026
Tamil Nadu,Chengalpattu,Pallavaram(Uzhavar Sandhai ),Bhindi(Ladies Finger),Bhindi,Local,3500,4000,3750,02/09/2026
Tamil Nadu,Chengalpattu,Jameenrayapettai(Uzhavar Sandhai ),Bhindi(Ladies Finger),Bhindi,Local,3500,4000,3750,02/09/2026
Tamil Nadu,Villupuram,Ulundurpettai APMC,Bhindi(Ladies Finger),Bhindi,Local,3000,3000,3000,02/09/2026
Madhya Pradesh,Hoshangabad,Pipariya(F&V) APMC,Bhindi(Ladies Finger),Bhindi,Local,600,2100,1500,02/09/2026
Madhya Pradesh,Dewas,Hatpiplya(F&V) APMC,Bhindi(Ladies Finger),Bhindi,Local,900,1400,1200,02/09/2026
Madhya Pradesh,Sehore,Sehore(F&V) APMC,Bhindi(Ladies Finger),Bhindi,Grade Range-1,1500,2500,2000,02/09/2026
Madhya Pradesh,Ujjain,Ujjain(F&V) APMC,Bhindi(Ladies Finger),Bhindi,Medium,430,2030,987,02/09/2026
Madhya Pradesh,Guna,Guna(F&V) APMC,Bhindi(Ladies Finger),Bhindi,Grade B,1000,1200,1100,02/09/2026
Madhya Pradesh,Morena,Kailaras APMC,Bhindi(Ladies Finger),Bhindi,FAQ,1200,1200,1200,02/09/2026
Madhya Pradesh,Jhabua,Petlawad(F&V) APMC,Bhindi(Ladies Finger),Bhindi,Grade A,1000,1000,1000,02/09/2026
Madhya Pradesh,Khandwa,Khargone(F&V) APMC,Bhindi(Ladies Finger),Bhindi,Medium,700,1000,800,02/09/2026
Madhya Pradesh,Dhar,Manawar(F&V) APMC,Bhindi(Ladies Finger),Bhindi,Grade B,700,900,738,02/09/2026
Madhya Pradesh,Khandwa,Badwah(F&V) APMC,Bhindi(Ladies Finger),Bhindi,Grade A,710,1000,900,02/09/2026
Madhya Pradesh,Sagar,Devri(F&V) APMC,Bhindi(Ladies Finger),Bhindi,Grade B,500,500,500,02/09/2026
Madhya Pradesh,Harda,Harda(F&V) APMC,Bhindi(Ladies Finger),Other,Medium,1500,1650,1600,02/09/2026
Madhya Pradesh,Mandsaur,Mandsaur(F&V) APMC,Bhindi(Ladies Finger),Bhindi,Grade B,1200,1850,1550,02/09/2026
Madhya Pradesh,Khandwa,Khandwa(F&V) APMC,Bhindi(Ladies Finger),Bhindi,FAQ,800,1200,1000,02/09/2026
Madhya Pradesh,Shivpuri,Shivpuri(F&V) APMC,Bhindi(Ladies Finger),Other,Grade B,2500,2500,2500,02/09/2026
Madhya Pradesh,Indore,Indore(F&V) APMC,Bhindi(Ladies Finger),Bhindi,Local,1000,2500,1800,02/09/2026
Madhya Pradesh,Narsinghpur,Gadarwara(F&V) APMC,Bhindi(Ladies Finger),Bhindi,Local,1500,1500,1500,02/09/2026
Madhya Pradesh,Betul,Betul(F&V) APMC,Bhindi(Ladies Finger),Bhindi,FAQ,900,1500,1200,02/09/2026
Madhya Pradesh,Seoni,Seoni(F&V) APMC,Bhindi(Ladies Finger),Bhindi,Grade C,1050,1050,1050,02/09/2026
Madhya Pradesh,Hoshangabad,Itarsi(F&V) APMC,Bhindi(Ladies Finger),Bhindi,FAQ,1500,1500,1500,02/09/2026
Madhya Pradesh,Badwani,Sendhwa(F&V) APMC,Bhindi(Ladies Finger),Bhindi,Local,700,1200,900,02/09/2026
Madhya Pradesh,Indore,Sanwer(F&V) APMC,Bhindi(Ladies Finger),Bhindi,FAQ,800,1500,1000,02/09/2026
Maharashtra,Solapur,SHRI.SIDDHESHWAR  APMC,Bhindi(Ladies Finger),Other,Local,1000,3000,2000,02/09/2026
Maharashtra,Jalgaon,Bhusaval APMC,Bhindi(Ladies Finger),Other,Local,2000,2500,2200,02/09/2026
Maharashtra,Pune,Khed(Chakan) APMC,Bhindi(Ladies Finger),Other,Local,1000,2000,1500,02/09/2026
Maharashtra,Ratnagiri,Ratnagiri (Nachane) APMC,Bhindi(Ladies Finger),Other,Local,2000,3500,3000,02/09/2026
Maharashtra,Pune,Pune(Khadiki) APMC,Bhindi(Ladies Finger),Other,Local,1500,2000,1750,02/09/2026
Maharashtra,Pune,Pune(Manjri) APMC,Bhindi(Ladies Finger),Other,Local,4000,7000,5000,02/09/2026
Maharashtra,Solapur,Mangal Wedha APMC,Bhindi(Ladies Finger),Other,Local,500,1500,1300,02/09/2026
Maharashtra,Jalgaon,Jalgaon APMC,Bhindi(Ladies Finger),Other,Local,1000,1500,1200,02/09/2026
Maharashtra,Nagpur,Nagpur APMC,Bhindi(Ladies Finger),Other,Local,2000,2500,2375,02/09/2026
Maharashtra,Amarawati,Amrawati(Frui & Veg. Market) APMC,Bhindi(Ladies Finger),Other,Local,1500,2000,1750,02/09/2026
Maharashtra,Dharashiv,Dharashiv APMC,Bhindi(Ladies Finger),Other,Local,800,2000,1400,02/09/2026
Maharashtra,Satara,Karad APMC,Bhindi(Ladies Finger),Other,Local,3000,4000,4000,02/09/2026
Maharashtra,Nagpur,Kamthi APMC,Bhindi(Ladies Finger),Other,Local,1500,2000,1750,02/09/2026
Maharashtra,Raigad,Panvel APMC,Bhindi(Ladies Finger),Other,Local,3000,4000,3500,02/09/2026
Maharashtra,Satara,Vai APMC,Bhindi(Ladies Finger),Other,Local,3000,3500,3250,02/09/2026
Maharashtra,Pune,Pune(Pimpri) APMC,Bhindi(Ladies Finger),Other,Local,2500,2500,2500,02/09/2026
Maharashtra,Solapur,Akluj APMC,Bhindi(Ladies Finger),Other,Local,2000,3200,2500,02/09/2026
Maharashtra,Mumbai,Mumbai APMC,Bhindi(Ladies Finger),Other,Local,2400,2800,2600,02/09/2026
Maharashtra,Nashik,Nasik APMC,Bhindi(Ladies Finger),Other,Local,1666,3333,2500,02/09/2026
Maharashtra,Satara,Patan APMC,Bhindi(Ladies Finger),Other,Local,2000,3000,2500,02/09/2026
Maharashtra,Palghar,Murbad APMC,Bhindi(Ladies Finger),Other,Local,3000,4000,3500,02/09/2026
Maharashtra,Ahilyanagar,Shrirampur APMC,Bhindi(Ladies Finger),Other,Local,1000,1500,1250,02/09/2026
Maharashtra,Ahilyanagar,Rahata APMC,Bhindi(Ladies Finger),Other,Local,1500,2000,1750,02/09/2026
Maharashtra,Nagpur,Kalmeshwar APMC,Bhindi(Ladies Finger),Other,Local,1050,1500,1330,02/09/2026
Maharashtra,Chattrapati Sambhajinagar,Chattrapati Sambhajinagar APMC,Bhindi(Ladies Finger),Other,Local,1000,1600,1300,02/09/2026
Maharashtra,Pune,Pune APMC,Ragi(Finger Millet),Other,FAQ,5000,5700,5350,02/09/2026
Maharashtra,Satara,Satara APMC,Bhindi(Ladies Finger),Other,Local,2000,3000,2500,02/09/2026
Maharashtra,Kolhapur,Vadgaonpeth APMC,Bhindi(Ladies Finger),Other,Local,2000,3000,2600,02/09/2026
Uttar Pradesh,Bulandshahar,Gulavati APMC,Bhindi(Ladies Finger),Bhindi,FAQ,3000,3200,3100,02/09/2026
Uttar Pradesh,Saharanpur,CHHUTMALPUR APMC,Bhindi(Ladies Finger),Bhindi,Local,1300,1500,1400,02/09/2026
Uttar Pradesh,Sonbhadra,Dudhi APMC,Bhindi(Ladies Finger),Bhindi,Local,1000,1200,1100,02/09/2026
Uttar Pradesh,Amroha,Hasanpur APMC,Bhindi(Ladies Finger),Bhindi,FAQ,1450,1520,1500,02/09/2026
Uttar Pradesh,Mau(Maunathbhanjan),Kopaganj APMC,Bhindi(Ladies Finger),Bhindi,FAQ,1566,1650,1600,02/09/2026
Uttar Pradesh,Shahjahanpur,Jalalabad APMC,Bhindi(Ladies Finger),Bhindi,FAQ,1000,1100,1050,02/09/2026
Uttar Pradesh,Bareilly,Anwala APMC,Bhindi(Ladies Finger),Bhindi,FAQ,1400,1600,1500,02/09/2026
Uttar Pradesh,Etawah,Jasvantnagar APMC,Bhindi(Ladies Finger),Bhindi,Medium,1770,1870,1820,02/09/2026
Uttar Pradesh,Shamli,Khandhla APMC,Bhindi(Ladies Finger),Bhindi,FAQ,1600,1610,1605,02/09/2026
Uttar Pradesh,Shamli,Kairana APMC,Bhindi(Ladies Finger),Bhindi,FAQ,1300,1400,1350,02/09/2026
Uttar Pradesh,Raebarelli,Lalganj APMC,Bhindi(Ladies Finger),Bhindi,FAQ,1700,1900,1800,02/09/2026
Rajasthan,Ganganagar,Sriganganagar (F&V) APMC,Bhindi(Ladies Finger),Bhindi,Grade C,2300,2700,2500,02/09/2026
Rajasthan,Jodhpur,Jodhpur (F&V) APMC,Bhindi(Ladies Finger),Other,Medium,1000,3000,2000,02/09/2026
Rajasthan,Jaipur,Jaipur (F&V) APMC,Bhindi(Ladies Finger),Other,FAQ,1500,1600,1550,02/09/2026
Rajasthan,Jalore,Jalore APMC,Bhindi(Ladies Finger),Bhindi,Local,1000,1200,1100,02/09/2026
Karnataka,Chamarajanagar,Chamarajanagar APMC,Ladies Finger,Ladies Finger,Local,1800,2600,2200,02/09/2026
Karnataka,Kolar,Bangarpet APMC,Ladies Finger,Ladies Finger,Local,1500,2000,1700,02/09/2026
Karnataka,Mysuru,Mysuru APMC,Ladies Finger,Ladies Finger,Medium,1300,1500,1500,02/09/2026
Karnataka,Chikkamagaluru,Kadur APMC,Ladies Finger,Ladies Finger,Medium,2776,2776,2776,02/09/2026
Karnataka,Kalaburagi,Kalaburagi APMC,Ladies Finger,Ladies Finger,Local,1500,3500,2500,02/09/2026
Karnataka,Davangere,Honnali APMC,Ladies Finger,Ladies Finger,Medium,800,1600,1350,02/09/2026
Karnataka,Bengaluru South,Ramanagara APMC,Ladies Finger,Ladies Finger,Local,1600,3000,2400,02/09/2026
Karnataka,Mandya,Mandya APMC,Ragi(Finger Millet),Other,Local,4797,4797,4797,02/09/2026
Karnataka,Tumakuru,Gubbi APMC,Ragi(Finger Millet),Local,FAQ,3800,4200,4000,02/09/2026
Karnataka,Vijayanagara,Kottur APMC,Ragi(Finger Millet),Feeds (Poultry Quality),Local,3358,3589,3539,02/09/2026
Karnataka,Bengaluru,Bengaluru APMC,Ragi(Finger Millet),Fine,FAQ,4800,5400,5100,02/09/2026
Karnataka,Raichur,Manvi APMC,Ragi(Finger Millet),Local,Non-FAQ,3320,3320,3320,02/09/2026
Karnataka,Davangere,Honnali APMC,Ragi(Finger Millet),Local,FAQ,3450,3450,3450,02/09/2026
Karnataka,Chamarajanagar,Gundlupet APMC,Ragi(Finger Millet),Local,Local,2800,3168,2800,02/09/2026
Karnataka,Davangere,HarappanaHalli APMC,Ragi(Finger Millet),Local,FAQ,3250,3250,3250,02/09/2026
Gujarat,Navsari,Bilimora APMC,Bhindi(Ladies Finger),Other,FAQ,1000,1500,1200,02/09/2026
Gujarat,Navsari,Navsari APMC,Bhindi(Ladies Finger),Bhindi,Local,1000,1500,1250,02/09/2026
Gujarat,Anand,Khambhat(Veg Yard Khambhat) APMC,Bhindi(Ladies Finger),Other,Local,2000,3500,2800,02/09/2026
Gujarat,Banaskanth,Deesa(Deesa Veg Yard) APMC,Bhindi(Ladies Finger),Other,FAQ,800,1000,900,02/09/2026
Gujarat,Amreli,Damnagar APMC,Bhindi(Ladies Finger),Bhindi,Local,2000,2000,2000,02/09/2026
Gujarat,Vadodara(Baroda),Padra APMC,Bhindi(Ladies Finger),Other,FAQ,2000,2500,2250,02/09/2026
Gujarat,Kheda,Nadiyad(Chaklasi) APMC,Bhindi(Ladies Finger),Bhindi,FAQ,1600,2000,1800,02/09/2026
Gujarat,Gandhinagar,Mansa(Manas Veg Yard) APMC,Bhindi(Ladies Finger),Other,Local,1500,2000,2000,02/09/2026
Gujarat,Surat,Bardoli(Kadod) APMC,Bhindi(Ladies Finger),Other,Local,1550,3850,3000,02/09/2026
Gujarat,Surendranagar,Vadhvan APMC,Bhindi(Ladies Finger),Bhindi,Medium,3500,4000,3750,02/09/2026
Gujarat,Bharuch,Ankleshwar APMC,Bhindi(Ladies Finger),Bhindi,Grade A,1000,1700,1200,02/09/2026
Gujarat,Rajkot,Rajkot(Veg.Sub Yard) APMC,Bhindi(Ladies Finger),Bhindi,FAQ,2120,3155,2635,02/09/2026
Gujarat,Porbandar,Porbandar APMC,Bhindi(Ladies Finger),Bhindi,Local,1000,1500,1250,02/09/2026
Gujarat,Sabarkantha,Himatnagar(Veg.Market Himatnagar) APMC,Bhindi(Ladies Finger),Other,Local,1000,1500,1400,02/09/2026
Gujarat,Surat,Surat APMC,Bhindi(Ladies Finger),Bhindi,FAQ,1000,2500,1750,02/09/2026
Gujarat,Kheda,Nadiyad(Piplag) APMC,Bhindi(Ladies Finger),Bhindi,FAQ,1500,2000,1850,02/09/2026
Gujarat,Bharuch,Bharuch APMC,Bhindi(Ladies Finger),Other,Local,1500,2000,1800,02/09/2026
Gujarat,Dahod,Dahod(Veg. Market) APMC,Bhindi(Ladies Finger),Bhindi,Local,700,2000,1200,02/09/2026
Gujarat,Anand,"Anand(Veg,Yard,Anand) APMC",Bhindi(Ladies Finger),Bhindi,Grade B,1000,1500,1250,02/09/2026
Gujarat,Mehsana,Mehsana(Mehsana Veg) APMC,Bhindi(Ladies Finger),Bhindi,Local,1000,2500,1750,02/09/2026
Haryana,Yamuna Nagar,Jagadhri APMC,Bhindi(Ladies Finger),Bhindi,Medium,1500,1800,1600,02/09/2026
Haryana,Sonipat,Sonepat APMC,Bhindi(Ladies Finger),Other,FAQ,2500,3000,3000,02/09/2026
Haryana,Rohtak,Meham,Bhindi(Ladies Finger),Bhindi,Medium,2000,2000,2000,02/09/2026
Haryana,Kaithal,Siwan APMC,Bhindi(Ladies Finger),Other,FAQ,2200,2400,2300,02/09/2026
Haryana,Ambala,Naraingarh APMC,Bhindi(Ladies Finger),Bhindi,Medium,800,1500,1300,02/09/2026
Haryana,Mahendragarh-Narnaul,Narnaul APMC,Bhindi(Ladies Finger),Bhindi,Medium,1500,2500,2000,02/09/2026
Haryana,Panchkula,Barwala APMC,Bhindi(Ladies Finger),Bhindi,FAQ,1000,1200,1100,02/09/2026
Haryana,Kurukshetra,Thanesar APMC,Bhindi(Ladies Finger),Bhindi,Local,1000,1500,1250,02/09/2026
Haryana,Gurgaon,Sohna APMC,Bhindi(Ladies Finger),Bhindi,Local,1500,2500,2000,02/09/2026
Haryana,Yamuna Nagar,Sadhaura APMC,Bhindi(Ladies Finger),Bhindi,Local,700,1400,950,02/09/2026
Haryana,Ambala,Shahzadpur APMC,Bhindi(Ladies Finger),Bhindi,Local,1500,1500,1500,02/09/2026
Haryana,Fatehabad,Ratia APMC,Bhindi(Ladies Finger),Other,Grade A,2000,2500,2200,02/09/2026
Haryana,Kaithal,Pundri APMC,Bhindi(Ladies Finger),Bhindi,FAQ,1900,2100,2000,02/09/2026
Haryana,Gurgaon,Gurgaon APMC,Bhindi(Ladies Finger),Other,Grade A,1000,2000,1500,02/09/2026
Haryana,Faridabad,Ballabhgarh APMC,Bhindi(Ladies Finger),Other,FAQ,1000,1500,1300,02/09/2026
Haryana,Mahendragarh-Narnaul,Mohindergarh APMC,Bhindi(Ladies Finger),Bhindi,Medium,1000,1600,1200,02/09/2026
Haryana,Hissar,Barwala(Hisar) APMC,Bhindi(Ladies Finger),Bhindi,Local,2500,3000,2800,02/09/2026
Haryana,Panipat,Samalkha APMC,Bhindi(Ladies Finger),Bhindi,FAQ,1000,2000,1500,02/09/2026
Haryana,Sonipat,Gohana APMC,Bhindi(Ladies Finger),Other,Medium,1000,1500,1200,02/09/2026
Haryana,Panchkula,Raipur Rani APMC,Bhindi(Ladies Finger),Other,Local,2400,2600,2400,02/09/2026
Haryana,Jhajar,Bahadurgarh APMC,Bhindi(Ladies Finger),Other,Medium,1500,1800,1600,02/09/2026
Haryana,Faridabad,Faridabad APMC,Bhindi(Ladies Finger),Other,Local,1500,1500,1500,02/09/2026
Haryana,Hissar,Hansi APMC,Bhindi(Ladies Finger),Other,FAQ,1500,1800,1650,02/09/2026
Haryana,Kurukshetra,Shahabad APMC,Bhindi(Ladies Finger),Bhindi,Medium,1500,2000,1800,02/09/2026
Haryana,Sonipat,Ganaur APMC,Bhindi(Ladies Finger),Bhindi,Medium,2500,3000,2800,02/09/2026
Haryana,Yamuna Nagar,Radaur APMC,Bhindi(Ladies Finger),Other,Medium,1800,2200,2000,02/09/2026
Punjab,Hoshiarpur,Garh Shankar APMC,Bhindi(Ladies Finger),Bhindi,FAQ,2500,2500,2500,02/09/2026
Punjab,Tarntaran,Khadur Sahib(Fetehabad) APMC,Bhindi(Ladies Finger),Other,Grade B,1000,1000,1000,02/09/2026
Punjab,Bhatinda,Rampuraphul(Nabha Mandi) APMC,Bhindi(Ladies Finger),Bhindi,Grade A,2500,3500,3000,02/09/2026
Punjab,Ludhiana,Khanna APMC,Bhindi(Ladies Finger),Bhindi,Grade A,1500,1500,1500,02/09/2026
Punjab,Patiala,Nabha APMC,Bhindi(Ladies Finger),Other,Grade C,1200,2000,1600,02/09/2026
Punjab,Patiala,Patran APMC,Bhindi(Ladies Finger),Other,Grade A,2580,2580,2580,02/09/2026
Punjab,Sangrur,Malerkotla APMC,Bhindi(Ladies Finger),Bhindi,Local,500,1500,1000,02/09/2026
Punjab,Moga,Dharamkot APMC,Bhindi(Ladies Finger),Other,Grade A,2500,2500,2500,02/09/2026
Punjab,Ludhiana,Doraha APMC,Bhindi(Ladies Finger),Other,Local,1500,2000,1800,02/09/2026
Punjab,Jalandhar,Bhogpur APMC,Bhindi(Ladies Finger),Bhindi,Local,2400,2400,2400,02/09/2026
Punjab,Fatehgarh,Sirhind APMC,Bhindi(Ladies Finger),Other,Local,2800,3000,2900,02/09/2026
Punjab,Hoshiarpur,Dasuya APMC,Bhindi(Ladies Finger),Bhindi,Grade A,3000,3000,3000,02/09/2026
Punjab,Patiala,Rajpura APMC,Bhindi(Ladies Finger),Bhindi,Grade B,1800,2050,2000,02/09/2026
Punjab,Sangrur,Sangrur APMC,Bhindi(Ladies Finger),Bhindi,Grade B,1800,2500,2000,02/09/2026
Punjab,Tarntaran,Harike APMC,Bhindi(Ladies Finger),Bhindi,FAQ,1100,1200,1150,02/09/2026
Punjab,Gurdaspur,F.G.Churian APMC,Bhindi(Ladies Finger),Bhindi,Grade A,2500,2500,2500,02/09/2026
Punjab,Gurdaspur,Quadian APMC,Bhindi(Ladies Finger),Other,Grade A,3800,4000,3900,02/09/2026
Punjab,Jalandhar,Nakodar APMC,Bhindi(Ladies Finger),Other,Local,1850,1850,1850,02/09/2026
Punjab,Muktsar,Muktsar APMC,Bhindi(Ladies Finger),Bhindi,Medium,2000,3600,2700,02/09/2026
Punjab,Gurdaspur,Kalanaur APMC,Bhindi(Ladies Finger),Other,Grade A,4100,4100,4100,02/09/2026
Punjab,Amritsar,Ajnala APMC,Bhindi(Ladies Finger),Bhindi,Local,1250,1250,1250,02/09/2026
Punjab,Tarntaran,Patti APMC,Bhindi(Ladies Finger),Other,Local,0.18,0.18,0.18,02/09/2026
Punjab,Faridkot,Faridkot APMC,Bhindi(Ladies Finger),Bhindi,Grade A,4000,4000,4000,02/09/2026
Punjab,Fazilka,Fazilka APMC,Bhindi(Ladies Finger),Bhindi,FAQ,4000,4000,4000,02/09/2026
Punjab,Jalandhar,Jalandhar City(Jalandhar) APMC,Bhindi(Ladies Finger),Bhindi,FAQ,1500,2500,2000,02/09/2026
Punjab,Patiala,Dudhansadhan APMC,Bhindi(Ladies Finger),Other,Grade B,2500,2500,2500,02/09/2026
Punjab,Ludhiana,Ludhiana APMC,Bhindi(Ladies Finger),Other,FAQ,1600,2000,1800,02/09/2026
Punjab,Jalandhar,Adampur APMC,Bhindi(Ladies Finger),Bhindi,FAQ,3000,3500,3500,02/09/2026
Punjab,Amritsar,Majitha APMC,Bhindi(Ladies Finger),Bhindi,Local,1000,1000,1000,02/09/2026
Punjab,Amritsar,Rayya APMC,Bhindi(Ladies Finger),Bhindi,FAQ,692,692,692,02/09/2026
Punjab,Fatehgarh,Khamano APMC,Bhindi(Ladies Finger),Bhindi,FAQ,2000,2000,2000,02/09/2026
Punjab,Ludhiana,Jagraon APMC,Bhindi(Ladies Finger),Other,FAQ,1200,1200,1200,02/09/2026
Punjab,Patiala,Patiala APMC,Bhindi(Ladies Finger),Bhindi,Grade A,1300,2500,1900,02/09/2026
Punjab,Jalandhar,Phillaur(Apra Mandi) APMC,Bhindi(Ladies Finger),Other,FAQ,2500,2500,2500,02/09/2026
Punjab,Hoshiarpur,Tanda Urmur APMC,Bhindi(Ladies Finger),Bhindi,Grade A,3000,4000,3600,02/09/2026
Punjab,Hoshiarpur,Mukerian(Talwara) APMC,Bhindi(Ladies Finger),Bhindi,FAQ,1200,1800,1500,02/09/2026
Andhra Pradesh,Sri Sathya Sai,Madakasira APMC,Ragi(Finger Millet),Local,FAQ,4900,4900,4900,02/09/2026
Andhra Pradesh,Visakhapatnam,Bhimunipatnam APMC,Ragi(Finger Millet),Local,Local,5000,5000,5000,02/09/2026
West Bengal,Jhargram,Jhargram APMC,Ladies Finger,Other,FAQ,2200,2600,2400,02/09/2026
West Bengal,Howrah,Uluberia APMC,Bhindi(Ladies Finger),Other,FAQ,2000,3000,2500,02/09/2026
West Bengal,Dakshin Dinajpur,Gangarampur(Dakshin Dinajpur) APMC,Bhindi(Ladies Finger),Other,FAQ,2000,2600,2500,02/09/2026
West Bengal,Puruliya,Balarampur APMC,Bhindi(Ladies Finger),Other,Local,2000,2500,2200,02/09/2026
West Bengal,Medinipur(W),Ghatal APMC,Bhindi(Ladies Finger),Bhindi,FAQ,3400,3600,3500,02/09/2026
West Bengal,Medinipur(W),Garbeta(Medinipur) APMC,Bhindi(Ladies Finger),Bhindi,FAQ,3000,3400,3200,02/09/2026
West Bengal,Sounth 24 Parganas,Baruipur(Canning) APMC,Bhindi(Ladies Finger),Bhindi,FAQ,3100,3300,3200,02/09/2026
West Bengal,Howrah,Ramkrishanpur(Howrah) APMC,Bhindi(Ladies Finger),Bhindi,FAQ,2000,3000,2500,02/09/2026
West Bengal,Medinipur(W),Medinipur(West) APMC,Bhindi(Ladies Finger),Bhindi,FAQ,2800,3200,3000,02/09/2026
West Bengal,Hooghly,Champadanga APMC,Bhindi(Ladies Finger),Bhindi,FAQ,2800,3200,3000,02/09/2026
West Bengal,Hooghly,Kalipur APMC,Bhindi(Ladies Finger),Bhindi,FAQ,3000,3200,3200,02/09/2026
West Bengal,Jalpaiguri,Dhupguri APMC,Bhindi(Ladies Finger),Other,FAQ,2400,2600,2500,02/09/2026
Odisha,Mayurbhanja,Narasinghpur APMC,Ladies Finger,Ladies Finger,Local,3000,4000,3500,02/09/2026
Odisha,Khurda,Balugaon APMC,Bhindi(Ladies Finger),Other,Grade A,3600,3600,3600,02/09/2026
Odisha,Dhenkanal,Kamakhyanagar APMC,Bhindi(Ladies Finger),Bhindi,Grade A,5000,5000,5000,02/09/2026
Odisha,Kalahandi,Junagarh APMC,Bhindi(Ladies Finger),Other,Grade B,1800,2400,2100,02/09/2026
Odisha,Koraput,Koraput(Semilguda) APMC,Bhindi(Ladies Finger),Other,Grade B,3000,3500,3200,02/09/2026
Odisha,Bargarh,Bargarh APMC,Bhindi(Ladies Finger),Bhindi,Local,5000,6000,5500,02/09/2026
Odisha,Mayurbhanja,Baripada APMC,Bhindi(Ladies Finger),Bhindi,Medium,3500,4000,3800,02/09/2026
Odisha,Kalahandi,Mukhiguda APMC,Bhindi(Ladies Finger),Bhindi,Grade B,2000,3000,2500,02/09/2026
Odisha,Dhenkanal,Hindol APMC,Bhindi(Ladies Finger),Bhindi,Grade B,4500,5000,4800,02/09/2026
Odisha,Cuttack,Banki APMC,Bhindi(Ladies Finger),Bhindi,Medium,4000,5000,4500,02/09/2026
Odisha,Keonjhar,Keonjhar APMC,Bhindi(Ladies Finger),Other,Local,3200,3500,3500,02/09/2026
Odisha,Kalahandi,Kalahandi(Dharamagarh) APMC,Bhindi(Ladies Finger),Other,Grade B,1800,2400,2100,02/09/2026
Odisha,Mayurbhanja,Saraskana APMC,Bhindi(Ladies Finger),Bhindi,Local,3500,4000,3800,02/09/2026
Odisha,Bargarh,Godbhaga APMC,Bhindi(Ladies Finger),Other,Local,3400,3650,3500,02/09/2026
Odisha,Nuapada,Khariar Road APMC,Bhindi(Ladies Finger),Bhindi,Grade A,6000,6000,6000,02/09/2026
Odisha,Sonepur,Dungurapalli APMC,Bhindi(Ladies Finger),Bhindi,Local,3500,4000,3800,02/09/2026
Odisha,Sambalpur,Rairakhol APMC,Bhindi(Ladies Finger),Bhindi,Local,6000,6800,6500,02/09/2026
Odisha,Sonepur,Pandkital APMC,Bhindi(Ladies Finger),Other,Local,5000,5000,5000,02/09/2026
Odisha,Sundergarh,Sargipali APMC,Bhindi(Ladies Finger),Bhindi,FAQ,2500,3000,2800,02/09/2026
Odisha,Mayurbhanja,Karanjia APMC,Bhindi(Ladies Finger),Other,Local,5500,6000,5800,02/09/2026
Odisha,Sundergarh,Bonai APMC,Bhindi(Ladies Finger),Other,FAQ,1230,1410,1325,02/09/2026
Odisha,Bargarh,Bargarh(Barapalli) APMC,Bhindi(Ladies Finger),Other,Grade C,3500,4500,4000,02/09/2026
Odisha,Rayagada,Rayagada(Muniguda) APMC,Bhindi(Ladies Finger),Bhindi,FAQ,4440,6400,5200,02/09/2026
Odisha,Bargarh,Attabira APMC,Bhindi(Ladies Finger),Bhindi,Local,3350,3650,3500,02/09/2026
Odisha,Deogarh,Deogarh APMC,Bhindi(Ladies Finger),Other,FAQ,2900,3200,3100,02/09/2026
Odisha,Kalahandi,Bhawanipatna APMC,Bhindi(Ladies Finger),Bhindi,Local,2900,2900,2900,02/09/2026
Odisha,Kalahandi,Kesinga APMC,Bhindi(Ladies Finger),Other,Grade B,3100,3500,3300,02/09/2026
Odisha,Sundergarh,Panposh APMC,Bhindi(Ladies Finger),Other,FAQ,3500,4200,4000,02/09/2026
Odisha,Boudh,Boudh APMC,Bhindi(Ladies Finger),Other,Local,5000,6000,5500,02/09/2026
Odisha,Mayurbhanja,Udala APMC,Bhindi(Ladies Finger),Bhindi,FAQ,2800,3300,3000,02/09/2026
Odisha,Keonjhar,Keonjhar APMC,Bhindi(Ladies Finger),Bhindi,Local,4800,5000,5000,02/09/2026
Odisha,Angul,Angul(Atthamallick) APMC,Bhindi(Ladies Finger),Bhindi,Grade B,3500,4500,4000,02/09/2026
Odisha,Gajapati,Kasinagar APMC,Bhindi(Ladies Finger),Other,Grade Range-1,2800,3000,2900,02/09/2026
Odisha,Bolangir,Tusura APMC,Bhindi(Ladies Finger),Other,Local,3400,4200,3800,02/09/2026
Odisha,Angul,Angul APMC,Bhindi(Ladies Finger),Other,Grade B,3000,3000,3000,02/09/2026
Odisha,Bolangir,Bolangir APMC,Bhindi(Ladies Finger),Other,Local,3400,4200,3800,02/09/2026
Bihar,Muzaffarpur,Bhagwanpur Mandi APMC,Bhindi(Ladies Finger),Bhindi,Grade A,850,900,865.96,02/09/2026
Bihar,Gaya,Tekari APMC,Bhindi(Ladies Finger),Bhindi,Medium,350,350,350,02/09/2026
Bihar,East Champaran/ Motihari,Raxaul APMC,Bhindi(Ladies Finger),Bhindi,Grade A,900,1100,1000,02/09/2026
Bihar,Bhagalpur,Bihpur APMC,Bhindi(Ladies Finger),Bhindi,Local,500,500,500,02/09/2026
Telangana,Hyderabad,RYTHU BAZAR ERRAGADDA,Ladies Finger,Ladies Finger,Grade A,3500,3500,3500,02/09/2026
Telangana,Ranga Reddy,"Vanasthalipuram,RBZ ",Ladies Finger,Ladies Finger,Grade A,3500,3500,3500,02/09/2026
Telangana,Hyderabad,RYTHU BAZAR FALAKNUMA,Ladies Finger,Ladies Finger,Grade A,3500,3500,3500,02/09/2026
Telangana,Siddipet,Siddipet(Rythu Bazar) ,Bhindi(Ladies Finger),Bhindi,Grade A,1500,2400,2000,02/09/2026
Telangana,Hyderabad,Gudimalkapur APMC,Bhindi(Ladies Finger),Bhindi,Grade B,1000,2000,1500,02/09/2026
Telangana,Ranga Reddy,"Saroornagar,RBZ",Bhindi(Ladies Finger),Other,Medium,3500,3500,3500,02/09/2026
Telangana,Nalgonda,Miryalguda(Rythu Bazar) ,Bhindi(Ladies Finger),Bhindi,Grade A,2000,2000,2000,02/09/2026
Telangana,Ranga Reddy,Ibrahimpatnam APMC,Bhindi(Ladies Finger),Bhindi,Local,2500,2500,2500,02/09/2026
Telangana,Adilabad,Adilabad (Rythu Bazar) ,Bhindi(Ladies Finger),Bhindi,Local,3000,3200,3000,02/09/2026
Telangana,Warangal,Warangal APMC,Bhindi(Ladies Finger),Bhindi,FAQ,800,1000,900,02/09/2026
Telangana,Mahbubnagar,Mahabubnagar(Rythu Bazar),Bhindi(Ladies Finger),Bhindi,Local,4000,4000,4000,02/09/2026
Telangana,Hyderabad,"Alwal,RBZ",Bhindi(Ladies Finger),Bhindi,FAQ,3500,3500,3500,02/09/2026
Telangana,Nalgonda,Venkateswarnagar APMC,Bhindi(Ladies Finger),Bhindi,Local,1200,1500,1400,02/09/2026
Telangana,Sangareddy,Sangareddy APMC,Bhindi(Ladies Finger),Other,Grade B,3000,3000,3000,02/09/2026
Telangana,Nagarkurnool,Kalwakurthy APMC,Bhindi(Ladies Finger),Bhindi,Local,1250,1250,1250,02/09/2026
Telangana,Hyderabad,Bowenpally APMC,Bhindi(Ladies Finger),Other,FAQ,1000,3000,2500,02/09/2026
Telangana,Ranga Reddy,Shadnagar APMC,Bhindi(Ladies Finger),Bhindi,Local,1800,2300,2000,02/09/2026
Telangana,Hyderabad,Bowenpally APMC,Bhindi(Ladies Finger),Bhindi,FAQ,600,1500,1200,02/09/2026
Telangana,Hyderabad,RYTHU BAZAR MEHDIPATNAM,Bhindi(Ladies Finger),Bhindi,Grade A,3500,3500,3500,02/09/2026
Telangana,Siddipet,Vantamamidi APMC,Bhindi(Ladies Finger),Bhindi,Local,1000,1500,1250,02/09/2026
Telangana,Ranga Reddy,L B Nagar APMC,Bhindi(Ladies Finger),Bhindi,Medium,1000,1500,1200,02/09/2026
Uttarakhand,Garhwal (Pauri),Kotadwara APMC,Bhindi(Ladies Finger),Bhindi,FAQ,800,800,800,02/09/2026
Uttarakhand,Udhamsinghnagar,Jaspur(UC) APMC,Bhindi(Ladies Finger),Bhindi,FAQ,1500,1500,1500,02/09/2026
Uttarakhand,Udhamsinghnagar,Kashipur APMC,Bhindi(Ladies Finger),Other,Local,1100,2200,1150,02/09/2026
Uttarakhand,Haridwar,Roorkee APMC,Bhindi(Ladies Finger),Other,Local,1000,1500,1300,02/09/2026
Uttarakhand,Dehradoon,Rishikesh APMC,Bhindi(Ladies Finger),Other,Medium,1000,1500,1200,02/09/2026
Uttarakhand,Haridwar,Haridwar Union APMC,Bhindi(Ladies Finger),Bhindi,FAQ,800,1500,1000,02/09/2026
Uttarakhand,Udhamsinghnagar,Kicchha APMC,Bhindi(Ladies Finger),Bhindi,Medium,1500,1600,1550,02/09/2026
Uttarakhand,Udhamsinghnagar,Rudrapur APMC,Bhindi(Ladies Finger),Other,Medium,1500,2500,2000,02/09/2026
Uttarakhand,Dehradoon,Dehradoon APMC,Bhindi(Ladies Finger),Other,FAQ,950,1200,1050,02/09/2026
Uttarakhand,Udhamsinghnagar,Sitarganj APMC,Bhindi(Ladies Finger),Bhindi,Local,1200,1500,1400,02/09/2026
Uttarakhand,Dehradoon,Vikasnagar APMC,Bhindi(Ladies Finger),Other,FAQ,800,1200,800,02/09/2026
Himachal Pradesh,Shimla,SMY Rampur,Bhindi(Ladies Finger),Bhindi,Local,4000,4500,4200,02/09/2026
Himachal Pradesh,Solan,PMY Kather Solan,Bhindi(Ladies Finger),Other,Medium,1500,2200,1800,02/09/2026
Himachal Pradesh,Solan,SMY Nalagarh,Bhindi(Ladies Finger),Other,Medium,1500,2000,1800,02/09/2026
Himachal Pradesh,Kangra,SMY Baijnath,Bhindi(Ladies Finger),Bhindi,Grade A,2500,2700,2600,02/09/2026
Himachal Pradesh,Shimla,PMY Dhalli Shimla,Bhindi(Ladies Finger),Bhindi,Grade A,2000,2500,2000,02/09/2026
Himachal Pradesh,Kangra,SMY Nagrota Bagwan,Bhindi(Ladies Finger),Bhindi,FAQ,2400,2800,2600,02/09/2026
Himachal Pradesh,Kullu,PMY Kullu,Bhindi(Ladies Finger),Other,FAQ,3000,3500,3200,02/09/2026
Himachal Pradesh,Bilaspur,PMY Bilaspur,Bhindi(Ladies Finger),Other,Grade B,2500,3500,2800,02/09/2026
Himachal Pradesh,Kangra,SMY Jassur,Bhindi(Ladies Finger),Other,FAQ,1000,1200,1100,02/09/2026
Himachal Pradesh,Kangra,PMY Kangra,Bhindi(Ladies Finger),Bhindi,FAQ,2500,3000,2700,02/09/2026
Himachal Pradesh,Mandi,SMY Dhanotu,Bhindi(Ladies Finger),Bhindi,FAQ,1200,1500,1350,02/09/2026
Himachal Pradesh,Sirmore,SMY Nahan,Bhindi(Ladies Finger),Bhindi,FAQ,2000,2500,2200,02/09/2026
Himachal Pradesh,Kangra,SMY Palampur,Bhindi(Ladies Finger),Bhindi,FAQ,2000,3000,2500,02/09/2026
Himachal Pradesh,Una,PMY Una,Bhindi(Ladies Finger),Bhindi,Local,800,1500,1200,02/09/2026
Himachal Pradesh,Kangra,SMY Jwalaji,Bhindi(Ladies Finger),Bhindi,FAQ,2500,3000,2750,02/09/2026
Himachal Pradesh,Kullu,SMY Bhuntar,Bhindi(Ladies Finger),Other,FAQ,1000,1500,1200,02/09/2026
Himachal Pradesh,Mandi,SMY Jogindernagar,Bhindi(Ladies Finger),Other,Grade B,2500,3000,2750,02/09/2026
Himachal Pradesh,Shimla,SMY Rohroo,Bhindi(Ladies Finger),Bhindi,Grade B,2000,2200,2100,02/09/2026
Himachal Pradesh,Sirmore,PMY Paonta Sahib,Bhindi(Ladies Finger),Other,FAQ,1800,2000,1900,02/09/2026
Himachal Pradesh,Kangra,SMY Jaisinghpur,Bhindi(Ladies Finger),Bhindi,FAQ,2200,3200,2600,02/09/2026
Himachal Pradesh,Chamba,PMY Chamba,Bhindi(Ladies Finger),Bhindi,Medium,3500,4000,3750,02/09/2026
Himachal Pradesh,Hamirpur,PMY Hamirpur,Bhindi(Ladies Finger),Other,Grade B,2500,3000,2750,02/09/2026
Himachal Pradesh,Kangra,SMY Dharamshala,Bhindi(Ladies Finger),Bhindi,FAQ,2200,2600,2400,02/09/2026
Assam,Darrang,Besimari APMC,Bhindi(Ladies Finger),Bhindi,Local,1700,1900,1800,02/09/2026
Assam,Kamrup,Pamohi(Garchuk) APMC,Bhindi(Ladies Finger),Bhindi,FAQ,3000,4000,3500,02/09/2026
Assam,Darrang,Balugaon APMC,Bhindi(Ladies Finger),Bhindi,Local,1800,2000,1900,02/09/2026
Assam,Tinsukia,Tinsukia Market,Bhindi(Ladies Finger),Bhindi,FAQ,3500,4000,3800,02/09/2026
Tamil Nadu,Erode,Perundurai(Uzhavar Sandhai ),Banana,Besrai,Local,3000,3500,3250,02/09/2026
Tamil Nadu,Kancheepuram,Kundrathur(Uzhavar Sandhai ),Banana,Red Banana,Local,7000,8000,7500,02/09/2026
Tamil Nadu,Thanjavur,Tirukattupalli(Uzhavar Sandhai ),Banana,Besrai,Local,6500,6500,6500,02/09/2026
Tamil Nadu,Thirupur,Tiruppur (North) (Uzhavar Sandhai ),Banana,Red Banana,Local,6000,7000,6500,02/09/2026
Tamil Nadu,Thiruvannamalai,Keelpennathur(Uzhavar Sandhai ),Banana,Poovan,Local,4500,5000,4750,02/09/2026
Tamil Nadu,Thiruvannamalai,Tamarainagar(Uzhavar Sandhai ),Banana,Besrai,Local,5000,6000,5500,02/09/2026
Tamil Nadu,Thiruvannamalai,Vandavasi(Uzhavar Sandhai ),Banana,Karpura,Local,4000,5000,4500,02/09/2026
Tamil Nadu,Karur,Vengamedu(Uzhavar Sandhai ),Banana,Red Banana,Local,5000,6000,5500,02/09/2026
Tamil Nadu,Salem,Edapadi (Uzhavar Sandhai ),Banana,Red Banana,Local,7000,8000,7500,02/09/2026
Tamil Nadu,Virudhunagar,Sivakasi(Uzhavar Sandhai ),Banana,Besrai,Local,4000,5000,4500,02/09/2026
Tamil Nadu,Pudukkottai,Pudukottai(Uzhavar Sandhai ),Banana,Red Banana,Local,8000,9000,8500,02/09/2026
Tamil Nadu,The Nilgiris,Udhagamandalam(Uzhavar Sandhai ),Banana,Besrai,Local,3500,5000,4250,02/09/2026
Tamil Nadu,Theni,Andipatti(Uzhavar Sandhai ),Banana,Besrai,Local,6000,6000,6000,02/09/2026
Tamil Nadu,Theni,Periyakulam(Uzhavar Sandhai ),Banana,Karpura,Local,5000,5000,5000,02/09/2026
Tamil Nadu,Coimbatore,Vadavalli(Uzhavar Sandhai ),Banana,Red Banana,Local,8000,8600,8300,02/09/2026
Tamil Nadu,Coimbatore,Udumalpet APMC,Banana,Red Banana,Local,7000,8000,7500,02/09/2026
Tamil Nadu,Thiruvarur,Tiruthuraipoondi(Uzhavar Sandhai ),Banana,Besrai,Local,4000,4000,4000,02/09/2026
Tamil Nadu,Cuddalore,Cuddalore(Uzhavar Sandhai ),Banana,Besrai,Local,4000,8000,6000,02/09/2026
Tamil Nadu,Nagercoil (Kannyiakumari),Vadaseri APMC,Banana,Besrai,Local,6000,7000,6500,02/09/2026
Tamil Nadu,Vellore,Vellore APMC,Banana,Red Banana,Local,8000,9000,8500,02/09/2026
Tamil Nadu,Dindigul,Dindigul(Uzhavar Sandhai ),Banana,Besrai,Local,8000,9000,8500,02/09/2026
Tamil Nadu,Erode,Periyar Nagar(Uzhavar Sandhai ),Banana,Besrai,Local,2500,2800,2650,02/09/2026
Tamil Nadu,Kancheepuram,Kancheepuram(Uzhavar Sandhai ),Banana,Karpura,Local,4000,5000,4500,02/09/2026
Tamil Nadu,Krishnagiri,Denkanikottai(Uzhavar Sandhai ),Banana,Elakki Bale,Local,6500,7000,6750,02/09/2026
Tamil Nadu,Nagapattinam,Sirkali(Uzhavar Sandhai ),Banana,Besrai,Local,4000,5000,4500,02/09/2026
Tamil Nadu,Namakkal,Mohanur(Uzhavar Sandhai ),Banana,Karpura,Local,4400,4800,4600,02/09/2026
Tamil Nadu,Namakkal,Namakkal(Uzhavar Sandhai ),Banana,Red Banana,Local,7000,8000,7500,02/09/2026
Tamil Nadu,Namakkal,Rasipuram(Uzhavar Sandhai ),Banana,Red Banana,Local,7000,7500,7250,02/09/2026
Tamil Nadu,Ranipet,Ranipettai(Uzhavar Sandhai ),Banana,Red Banana,Local,10000,10000,10000,02/09/2026
Tamil Nadu,Salem,Ammapet(Uzhavar Sandhai ),Banana,Red Banana,Local,7500,8000,7750,02/09/2026
Tamil Nadu,Salem,Mettur(Uzhavar Sandhai ),Banana,Red Banana,Local,6500,7000,6750,02/09/2026
Tamil Nadu,Salem,Sooramangalam(Uzhavar Sandhai ),Banana,Red Banana,Local,7000,7500,7250,02/09/2026
Tamil Nadu,Thirunelveli,NGO Colony(Uzhavar Sandhai ),Banana,Besrai,Local,5500,6000,5750,02/09/2026
Tamil Nadu,Thirunelveli,Palayamkottai(Uzhavar Sandhai ),Banana,Red Banana,Local,9000,10000,9500,02/09/2026
Tamil Nadu,Coimbatore,Sulur(Uzhavar Sandhai ),Banana,Karpura,Local,5000,8600,6800,02/09/2026
Tamil Nadu,Cuddalore,Panruti(Uzhavar Sandhai ),Banana,Besrai,Local,4000,8000,6000,02/09/2026
Tamil Nadu,Cuddalore,Vadalur(Uzhavar Sandhai ),Banana,Red Banana,Local,8000,8000,8000,02/09/2026
Tamil Nadu,Sivaganga,Karaikudi(Uzhavar Sandhai ),Banana,Poovan,Local,3500,4000,3750,02/09/2026
Tamil Nadu,Sivaganga,Tirupatthur(Uzhavar Sandhai ),Banana,Karpura,Local,4000,4000,4000,02/09/2026
Tamil Nadu,Thiruchirappalli,Lalgudi(Uzhavar Sandhai ),Banana,Poovan,Local,4000,5000,4500,02/09/2026
Tamil Nadu,Thiruchirappalli,Musiri(Uzhavar Sandhai ),Banana,Besrai,Local,4500,5000,4750,02/09/2026
Tamil Nadu,Chengalpattu,Madhuranthagam(Uzhavar Sandhai ),Banana,Poovan,Local,3000,4000,3500,02/09/2026
Tamil Nadu,Nagercoil (Kannyiakumari),Myladi(Uzhavar Sandhai ),Banana,Besrai,Local,5500,6000,5750,02/09/2026
Tamil Nadu,Villupuram,Tindivanam APMC,Banana,Karpura,Local,6000,6000,6000,02/09/2026
Tamil Nadu,Villupuram,Ulundurpettai APMC,Banana,Besrai,Local,3000,4000,3500,02/09/2026
Tamil Nadu,Cuddalore,Viruthachalam(Uzhavar Sandhai ),Banana,Besrai,Local,4000,7000,5500,02/09/2026
Tamil Nadu,Thiruvellore,Tiruvallur(Uzhavar Sandhai ),Banana,Karpura,Local,7000,7000,7000,02/09/2026
Tamil Nadu,Madurai,Melur(Uzhavar Sandhai ),Banana,Besrai,Local,4000,5000,4500,02/09/2026
Tamil Nadu,Salem,Vazhapadi(Uzhavar Sandhai),Banana,Red Banana,Local,7000,7000,7000,02/09/2026
Tamil Nadu,Pudukkottai,Aranthangi(Uzhavar Sandhai ),Banana,Poovan,Local,4500,5000,4750,02/09/2026
Tamil Nadu,Kallakuruchi,Kallakurichi(Uzhavar Sandhai ),Banana,Red Banana,Local,7000,7000,7000,02/09/2026
Tamil Nadu,Pudukkottai,Viralimalai(Uzhavar Sandhai ),Banana,Besrai,Local,4500,5000,4750,02/09/2026
Tamil Nadu,Pudukkottai,Alangudi(Uzhavar Sandhai ),Banana,Poovan,Local,4500,5000,4750,02/09/2026
Tamil Nadu,Erode,Sathiyamagalam(Uzhavar Sandhai ),Banana,Red Banana,Local,5500,6000,5750,02/09/2026
Tamil Nadu,Coimbatore,Mettupalayam(Uzhavar Sandhai ),Banana,Besrai,Local,4000,8000,6000,02/09/2026
Tamil Nadu,Chengalpattu,Thirukalukundram(Uzhavar Sandhai ),Banana,Besrai,Local,5000,6000,5500,02/09/2026
Tamil Nadu,Vellore,Thirupathur APMC,Banana,Besrai,Local,4000,4000,4000,02/09/2026
Tamil Nadu,Dharmapuri,Harur(Uzhavar Sandhai ),Banana,Besrai,Local,4000,5000,4500,02/09/2026
Tamil Nadu,Coimbatore,Singanallur(Uzhavar Sandhai ),Banana,Besrai,Local,4500,8600,6550,02/09/2026
Tamil Nadu,Coimbatore,Pollachi(Uzhavar Sandhai ),Banana,Red Banana,Local,8000,9000,8500,02/09/2026
Tamil Nadu,Pudukkottai,Karambakkudi(Uzhavar Sandhai ),Banana,Besrai,Local,8000,9000,8500,02/09/2026
Tamil Nadu,The Nilgiris,Coonoor(Uzhavar Sandhai ),Banana,Red Banana,Local,8000,9000,8500,02/09/2026
Tamil Nadu,Thirupathur,Vaniyampadi(Uzhavar Sandhai ),Banana,Besrai,Local,4000,4000,4000,02/09/2026
Tamil Nadu,Thirupathur,Natrampalli(Uzhavar Sandhai ),Banana,Besrai,Local,5000,6000,5500,02/09/2026
Tamil Nadu,Salem,Athur(Uzhavar Sandhai ),Banana,Red Banana,Local,7000,7500,7250,02/09/2026
Tamil Nadu,Virudhunagar,Srivilliputhur(Uzhavar Sandhai ),Banana,Besrai,Local,3500,4000,3750,02/09/2026
Tamil Nadu,Pudukkottai,Ponnamaravathi(Uzhavar Sandhai),Banana,Besrai,Local,6500,7000,6750,02/09/2026
Tamil Nadu,Ramanathapuram,Paramakudi(Uzhavar Sandhai ),Banana,Besrai,Local,4500,5000,4750,02/09/2026
Tamil Nadu,Thiruvannamalai,Arani(Uzhavar Sandhai ),Banana,Other,Local,5000,6000,5500,02/09/2026
Tamil Nadu,Thiruvannamalai,Polur(Uzhavar Sandhai ),Banana,Besrai,Local,4200,5000,4600,02/09/2026
Tamil Nadu,Tenkasi,Tenkasi(Uzhavar Sandhai ),Banana,Red Banana,Local,7000,8000,7500,02/09/2026
Tamil Nadu,Thanjavur,Kumbakonam (Uzhavar Sandhai ),Banana,Besrai,Local,4000,4000,4000,02/09/2026
Tamil Nadu,Virudhunagar,Kariyapatti(Uzhavar Sandhai ),Banana,Besrai,Local,3500,4000,3750,02/09/2026
Tamil Nadu,Vellore,Katpadi (Uzhavar Sandhai ),Banana,Besrai,Local,5000,6000,5500,02/09/2026
Tamil Nadu,Chengalpattu,Guduvancheri(Uzhavar Sandhai ),Banana,Poovan,Local,4000,5000,4500,02/09/2026
Tamil Nadu,Dindigul,Palani(Uzhavar Sandhai ),Banana,Red Banana,Local,8000,9000,8500,02/09/2026
Tamil Nadu,Dharmapuri,Karimangalam(Uzhavar Sandhai),Banana,Karpura,Local,6500,7000,6750,02/09/2026
Tamil Nadu,Krishnagiri,Hosur(Uzhavar Sandhai ),Banana,Red Banana,Local,8000,9000,8500,02/09/2026
Tamil Nadu,Madurai,Palanganatham(Uzhavar Sandhai ),Banana,Besrai,Local,3000,4000,3500,02/09/2026
Tamil Nadu,Perambalur,Perambalur(Uzhavar Sandhai ),Banana,Red Banana,Local,7000,8000,7500,02/09/2026
Tamil Nadu,Ranipet,Arcot(Uzhavar Sandhai ),Banana,Other,Local,6000,6000,6000,02/09/2026
Tamil Nadu,Thiruchirappalli,Thuraiyur APMC,Banana,Red Banana,Local,8000,10000,9000,02/09/2026
Tamil Nadu,Theni,Kambam(Uzhavar Sandhai ),Banana,Besrai,Local,3000,6000,4500,02/09/2026
Tamil Nadu,Thiruvannamalai,Chengam(Uzhavar Sandhai ),Banana,Besrai,Local,4200,5000,4600,02/09/2026
Tamil Nadu,Karur,Pallapatti (Uzhavar Sandhai ),Banana,Other,Local,5500,6000,5750,02/09/2026
Tamil Nadu,Karur,Velayuthampalayam(Uzhavar Sandhai ),Banana,Other,Local,5000,6000,5500,02/09/2026
Tamil Nadu,Thanjavur,Pattukottai(Uzhavar Sandhai ),Banana,Besrai,Local,3500,3500,3500,02/09/2026
Tamil Nadu,Thanjavur,Thanjavur(Uzhavar Sandhai ),Banana,Red Banana,Local,10000,10000,10000,02/09/2026
Tamil Nadu,Virudhunagar,Rajapalayam(Uzhavar Sandhai ),Banana,Besrai,Local,3500,4000,3750,02/09/2026
Tamil Nadu,Virudhunagar,Virudhunagar(Uzhavar Sandhai ),Banana,Besrai,Local,3500,4000,3750,02/09/2026
Tamil Nadu,Chengalpattu,Jameenrayapettai(Uzhavar Sandhai ),Banana,Red Banana,Local,7000,8000,7500,02/09/2026
Tamil Nadu,Dharmapuri,Dharmapuri(Uzhavar Sandhai ),Banana,Besrai,Local,5200,5500,5350,02/09/2026
Tamil Nadu,Dindigul,Chinnalapatti(Uzhavar Sandhai ),Banana,Besrai,Local,6000,7000,6500,02/09/2026
Tamil Nadu,Namakkal,Kumarapalayam(Uzhavar Sandhai ),Banana,Red Banana,Local,5500,6000,5750,02/09/2026
Tamil Nadu,Namakkal,Paramathivelur(Uzhavar Sandhai ),Banana,Karpura,Local,4000,4500,4250,02/09/2026
Tamil Nadu,Salem,Mecheri(Uzhavar Sandhai),Banana,Karpura,Local,4500,5000,4750,02/09/2026
Tamil Nadu,Salem,Thammampatti (Uzhavar Sandhai ),Banana,Red Banana,Local,6500,7000,6750,02/09/2026
Tamil Nadu,Salem,Thathakapatti(Uzhavar Sandhai ),Banana,Besrai,Local,4000,8000,6000,02/09/2026
Tamil Nadu,Theni,Theni(Uzhavar Sandhai ),Banana,Red Banana,Local,6000,7000,6500,02/09/2026
Tamil Nadu,Thirunelveli,Melapalayam(Uzhavar Sandhai ),Banana,Red Banana,Local,9000,10000,9500,02/09/2026
Tamil Nadu,Thirupur,Kangayam(Uzhavar Sandhai ),Banana,Besrai,Local,3800,4200,4000,02/09/2026
Tamil Nadu,Thanjavur,Peravurani(Uzhavar Sandhai),Banana,Besrai,Local,3000,3000,3000,02/09/2026
Tamil Nadu,Salem,Attayampatti(Uzhavar Sandhai ),Banana,Red Banana,Local,7500,8000,7750,02/09/2026
Tamil Nadu,Salem,Elampillai(Uzhavar Sandhai ),Banana,Red Banana,Local,7000,7500,7250,02/09/2026
Tamil Nadu,Salem,Hasthampatti(Uzhavar Sandhai ),Banana,Red Banana,Local,7000,8000,7500,02/09/2026
Tamil Nadu,Salem,Jalagandapuram(Uzhavar Sandhai ),Banana,Red Banana,Local,7500,8000,7750,02/09/2026
Tamil Nadu,Sivaganga,Singampunari(Uzhavar Sandhai ),Banana,Karpura,Local,3500,4000,3750,02/09/2026
Tamil Nadu,Chengalpattu,Medavakkam(Uzhavar Sandhai ),Banana,Karpura,Local,5000,6000,5500,02/09/2026
Tamil Nadu,Chengalpattu,Nanganallur(Uzhavar Sandhai ),Banana,Red Banana,Local,8000,9000,8500,02/09/2026
Tamil Nadu,Madurai,Chokkikulam(Uzhavar Sandhai ),Banana,Besrai,Local,4000,5000,4500,02/09/2026
Tamil Nadu,Krishnagiri,Krishnagiri(Uzhavar Sandhai ),Banana,Red Banana,Local,7500,8000,7750,02/09/2026
Tamil Nadu,Villupuram,Gingee(Uzhavar Sandhai ),Banana,Karpura,Local,4000,5000,4500,02/09/2026
Tamil Nadu,Karur,Gandhigramam(Uzhavar Sandhai),Banana,Red Banana,Local,5000,6000,5500,02/09/2026
Tamil Nadu,Nagapattinam,Vedaranyam(Uzhavar Sandhai),Banana,Other,Local,4200,4500,4350,02/09/2026
Tamil Nadu,Vellore,Perampet(Uzhavar Sandhai),Banana,Other,Local,5000,5000,5000,02/09/2026
Tamil Nadu,Karur,Kulithalai(Uzhavar Sandhai ),Banana,Other,Local,5500,6000,5750,02/09/2026
Tamil Nadu,Thirupur,Dharapuram(Uzhavar Sandhai ),Banana,Besrai,Local,4500,5000,4750,02/09/2026
Tamil Nadu,Thirupur,Palladam(Uzhavar Sandhai ),Banana,Karpura,Local,4000,5000,4500,02/09/2026
Tamil Nadu,Erode,Gobichettipalayam(Uzhavar Sandhai ),Banana,Besrai,Local,3000,3500,3250,02/09/2026
Tamil Nadu,Vellore,Pallikonda(Uzhavar Sandhai),Banana,Other,Local,5000,6000,5500,02/09/2026
Tamil Nadu,Thiruvannamalai,Tiruvannamalai(Uzhavar Sandhai ),Banana,Besrai,Local,4000,5000,4500,02/09/2026
Tamil Nadu,Thiruvarur,Mannargudi I(Uzhavar Sandhai ),Banana,Other,Local,6000,6000,6000,02/09/2026
Tamil Nadu,Tuticorin,Kovilpatti(Uzhavar Sandhai ),Banana,Other,Local,3000,3500,3250,02/09/2026
Tamil Nadu,Vellore,Kahithapattarai(Uzhavar Sandhai ),Banana,Besrai,Local,5000,6000,5500,02/09/2026
Tamil Nadu,Villupuram,Villupuram(Uzhavar Sandhai ),Banana,Besrai,Local,4000,6000,5000,02/09/2026
Tamil Nadu,Thanjavur,Papanasam(Uzhavar Sandhai ),Banana,Besrai,Local,4000,6000,5000,02/09/2026
Tamil Nadu,Coimbatore,Sundarapuram(Uzhavar Sandhai ),Banana,Red Banana,Local,7000,8000,7500,02/09/2026
Tamil Nadu,Coimbatore,RSPuram(Uzhavar Sandhai ),Banana,Red Banana,Local,8000,8600,8300,02/09/2026
Tamil Nadu,Coimbatore,Kurichi(Uzhavar Sandhai ),Banana,Red Banana,Local,8000,8500,8250,02/09/2026
Tamil Nadu,Tuticorin,Tuticorin(Uzhavar Sandhai ),Banana,Besrai,Local,2500,3000,2750,02/09/2026
Tamil Nadu,Vellore,Vellore APMC,Banana,Karpura,Local,5000,5000,5000,02/09/2026
Tamil Nadu,Krishnagiri,Kaveripattinam(Uzhavar Sandhai ),Banana,Besrai,Local,4000,7000,5500,02/09/2026
Tamil Nadu,The Nilgiris,Gudalur(Uzhavar Sandhai ),Banana,Besrai,Local,4000,5000,4500,02/09/2026
Tamil Nadu,Thirupur,Tiruppur (South) (Uzhavar Sandhai ),Banana,Red Banana,Local,5000,6000,5500,02/09/2026
Tamil Nadu,Dharmapuri,Palacode(Uzhavar Sandhai ),Banana,Poovan,Local,5000,5500,5250,02/09/2026
Tamil Nadu,Dharmapuri,Pennagaram(Uzhavar Sandhai ),Banana,Besrai,Local,4600,5000,4800,02/09/2026
Tamil Nadu,Kallakuruchi,Sankarapuram(Uzhavar Sandhai ),Banana,Besrai,Local,4000,4000,4000,02/09/2026
Tamil Nadu,Kancheepuram,Sunguvarchatram(Uzhavar Sandhai ),Banana,Red Banana,Local,7000,8000,7500,02/09/2026
Tamil Nadu,Madurai,Anaiyur(Uzhavar Sandhai ),Banana,Besrai,Local,4000,5000,4500,02/09/2026
Tamil Nadu,Madurai,Anna nagar(Uzhavar Sandhai ),Banana,Red Banana,Local,9000,9000,9000,02/09/2026
Tamil Nadu,Pudukkottai,Gandarvakottai(Uzhavar Sandhai ),Banana,Red Banana,Local,6500,7000,6750,02/09/2026
Tamil Nadu,Dharmapuri,AJattihalli(Uzhavar Sandhai ),Banana,Red Banana,Local,8000,8000,8000,02/09/2026
Tamil Nadu,Theni,Devaram(Uzhavar Sandhai ),Banana,Besrai,Local,6000,6000,6000,02/09/2026
Tamil Nadu,Sivaganga,Sivagangai (Uzhavar Sandhai ),Banana,Poovan,Local,4000,4000,4000,02/09/2026
Tamil Nadu,Sivaganga,Devakottai (Uzhavar Sandhai ),Banana,Poovan,Local,3500,4000,3750,02/09/2026
Tamil Nadu,Thiruchirappalli,KKNagar(Uzhavar Sandhai ),Banana,Other,Local,6000,6000,6000,02/09/2026
Tamil Nadu,Thiruchirappalli,Manachanallur(Uzhavar Sandhai ),Banana,Besrai,Local,4000,4000,4000,02/09/2026
Tamil Nadu,Thiruchirappalli,Manapparai(Uzhavar Sandhai ),Banana,Poovan,Local,4000,5000,4500,02/09/2026
Tamil Nadu,Thiruchirappalli,Thiruverumbur(Uzhavar Sandhai ),Banana,Karpura,Local,4000,4000,4000,02/09/2026
Tamil Nadu,Virudhunagar,Sathur(Uzhavar Sandhai ),Banana,Besrai,Local,3500,4000,3750,02/09/2026
Tamil Nadu,Virudhunagar,Thalavaipuram(Uzhavar Sandhai ),Banana,Besrai,Local,3000,3500,3250,02/09/2026
Tamil Nadu,Erode,Thalavadi(Uzhavar Sandhai ),Banana,Red Banana,Local,6000,6500,6250,02/09/2026
Tamil Nadu,Nagapattinam,Nagapattinam(Uzhavar Sandhai ),Banana,Poovan,Local,3500,4000,3750,02/09/2026
Tamil Nadu,Tenkasi,Sankarankoil(Uzhavar Sandhai ),Banana,Besrai,Local,5000,6000,5500,02/09/2026
Tamil Nadu,Theni,Bodinayakanur(Uzhavar Sandhai ),Banana,Besrai,Local,6000,6000,6000,02/09/2026
Tamil Nadu,Virudhunagar,Aruppukottai(Uzhavar Sandhai ),Banana,Besrai,Local,3000,4800,3900,02/09/2026
Tamil Nadu,Madurai,Thirumangalam(Uzhavar Sandhai ),Banana,Besrai,Local,3000,4000,3500,02/09/2026
Tamil Nadu,Erode,Sampath Nagar(Uzhavar Sandhai ),Banana,Besrai,Local,2500,2800,2650,02/09/2026
Tamil Nadu,Nagapattinam,Mayiladuthurai(Uzhavar Sandhai ),Banana,Besrai,Local,3500,4000,3750,02/09/2026
Tamil Nadu,Ramanathapuram,Ramanathapuram(Uzhavar Sandhai ),Banana,Besrai,Local,5000,5500,5250,02/09/2026
Tamil Nadu,Thiruvarur,Mannargudi II(Uzhavar Sandhai ),Banana,Other,Local,6000,6000,6000,02/09/2026
Tamil Nadu,Vellore,Gudiyatham(Uzhavar Sandhai ),Banana,Red Banana,Local,9000,9000,9000,02/09/2026
Tamil Nadu,Thiruvannamalai,Cheyyar(Uzhavar Sandhai ),Banana,Poovan,Local,4000,5000,4500,02/09/2026
Tamil Nadu,Namakkal,Tiruchengode APMC,Banana,Red Banana,Local,7000,8000,7500,02/09/2026
Tamil Nadu,Karur,Karur(Uzhavar Sandhai ),Banana,Red Banana,Local,5000,6000,5500,02/09/2026
Tamil Nadu,Cuddalore,Chidambaram(Uzhavar Sandhai ),Banana,Besrai,Local,4000,4000,4000,02/09/2026
Tamil Nadu,Erode,Perundurai(Uzhavar Sandhai ),Banana - Green,Banana - Green,Local,2500,2800,2650,02/09/2026
Tamil Nadu,Dharmapuri,Dharmapuri(Uzhavar Sandhai ),Banana - Green,Banana - Green,Local,2800,3000,2900,02/09/2026
Tamil Nadu,Dindigul,Palani(Uzhavar Sandhai ),Banana - Green,Banana - Green,Local,3000,3600,3300,02/09/2026
Tamil Nadu,Namakkal,Kumarapalayam(Uzhavar Sandhai ),Banana - Green,Banana - Green,Local,3500,4000,3750,02/09/2026
Tamil Nadu,Namakkal,Rasipuram(Uzhavar Sandhai ),Banana - Green,Banana - Green,Local,3500,4000,3750,02/09/2026
Tamil Nadu,Madurai,Anna nagar(Uzhavar Sandhai ),Banana - Green,Banana - Green,Local,2000,2500,2250,02/09/2026
Tamil Nadu,Ranipet,Arcot(Uzhavar Sandhai ),Banana - Green,Banana - Green,Local,4000,5000,4500,02/09/2026
Tamil Nadu,Salem,Thammampatti (Uzhavar Sandhai ),Banana - Green,Banana - Green,Local,2200,2500,2350,02/09/2026
Tamil Nadu,Theni,Chinnamanur(Uzhavar Sandhai ),Banana - Green,Banana - Green,Local,3600,3600,3600,02/09/2026
Tamil Nadu,Thiruvannamalai,Chengam(Uzhavar Sandhai ),Banana - Green,Banana - Green,Local,1200,1500,1350,02/09/2026
Tamil Nadu,Theni,Devaram(Uzhavar Sandhai ),Banana - Green,Banana - Green,Local,3500,3500,3500,02/09/2026
Tamil Nadu,Salem,Elampillai(Uzhavar Sandhai ),Banana - Green,Banana - Green,Local,2500,3000,2750,02/09/2026
Tamil Nadu,Thanjavur,Thanjavur(Uzhavar Sandhai ),Banana - Green,Banana - Green,Local,4000,4000,4000,02/09/2026
Tamil Nadu,Thiruchirappalli,Lalgudi(Uzhavar Sandhai ),Banana - Green,Banana - Green,Local,3000,3000,3000,02/09/2026
Tamil Nadu,Thiruchirappalli,Manapparai(Uzhavar Sandhai ),Banana - Green,Banana - Green,Local,3000,3000,3000,02/09/2026
Tamil Nadu,Virudhunagar,Thalavaipuram(Uzhavar Sandhai ),Banana - Green,Banana - Green,Local,3000,3500,3250,02/09/2026
Tamil Nadu,Chengalpattu,Chengalpet(Uzhavar Sandhai ),Banana - Green,Banana - Green,Local,3500,4000,3750,02/09/2026
Tamil Nadu,Chengalpattu,Nanganallur(Uzhavar Sandhai ),Banana - Green,Banana - Green,Local,3500,4000,3750,02/09/2026
Tamil Nadu,Chengalpattu,Pallavaram(Uzhavar Sandhai ),Banana - Green,Banana - Green,Local,3500,4000,3750,02/09/2026
Tamil Nadu,Nagercoil (Kannyiakumari),Myladi(Uzhavar Sandhai ),Banana - Green,Banana - Green,Local,6500,7000,6750,02/09/2026
Tamil Nadu,Tenkasi,Sankarankoil(Uzhavar Sandhai ),Banana - Green,Banana - Green,Local,3500,4000,3750,02/09/2026
Tamil Nadu,The Nilgiris,Udhagamandalam(Uzhavar Sandhai ),Banana - Green,Banana - Green,Local,4000,4500,4250,02/09/2026
Tamil Nadu,Virudhunagar,Aruppukottai(Uzhavar Sandhai ),Banana - Green,Banana - Green,Local,3000,3500,3250,02/09/2026
Tamil Nadu,Karur,Kulithalai(Uzhavar Sandhai ),Banana - Green,Banana - Green,Local,2500,3000,2750,02/09/2026
Tamil Nadu,Chengalpattu,Guduvancheri(Uzhavar Sandhai ),Banana - Green,Banana - Green,Local,3500,4000,3750,02/09/2026
Tamil Nadu,Kallakuruchi,Kallakurichi(Uzhavar Sandhai ),Banana - Green,Banana - Green,Local,3000,3000,3000,02/09/2026
Tamil Nadu,Erode,Gobichettipalayam(Uzhavar Sandhai ),Banana - Green,Banana - Green,Local,2500,3000,2750,02/09/2026
Tamil Nadu,Nagapattinam,Mayiladuthurai(Uzhavar Sandhai ),Banana - Green,Banana - Green,Local,3000,3500,3250,02/09/2026
Tamil Nadu,Pudukkottai,Viralimalai(Uzhavar Sandhai ),Banana - Green,Banana - Green,Local,2500,3000,2750,02/09/2026
Tamil Nadu,Ramanathapuram,Kamuthi(Uzhavar Sandhai ),Banana - Green,Banana - Green,Local,3000,3000,3000,02/09/2026
Tamil Nadu,Pudukkottai,Alangudi(Uzhavar Sandhai ),Banana - Green,Banana - Green,Local,2500,3000,2750,02/09/2026
Tamil Nadu,Thiruvannamalai,Polur(Uzhavar Sandhai ),Banana - Green,Banana - Green,Local,1600,2000,1800,02/09/2026
Tamil Nadu,Thiruvannamalai,Tiruvannamalai(Uzhavar Sandhai ),Banana - Green,Banana - Green,Local,2500,3000,2750,02/09/2026
Tamil Nadu,Thiruvannamalai,Cheyyar(Uzhavar Sandhai ),Banana - Green,Banana - Green,Local,1500,2000,1750,02/09/2026
Tamil Nadu,Coimbatore,Pollachi(Uzhavar Sandhai ),Banana - Green,Banana - Green,Local,4000,4500,4250,02/09/2026
Tamil Nadu,Pudukkottai,Karambakkudi(Uzhavar Sandhai ),Banana - Green,Banana - Green,Local,2500,3000,2750,02/09/2026
Tamil Nadu,Vellore,Vellore APMC,Banana - Green,Banana - Green,Local,3000,3000,3000,02/09/2026
Tamil Nadu,Cuddalore,Cuddalore(Uzhavar Sandhai ),Banana - Green,Banana - Green,Local,2000,3000,2500,02/09/2026
Tamil Nadu,Theni,Periyakulam(Uzhavar Sandhai ),Banana - Green,Banana - Green,Local,3000,3500,3250,02/09/2026
Tamil Nadu,Coimbatore,Udumalpet APMC,Banana - Green,Banana - Green,Local,2500,3000,2750,02/09/2026
Tamil Nadu,Pudukkottai,Ponnamaravathi(Uzhavar Sandhai),Banana - Green,Banana - Green,Local,2500,3000,2750,02/09/2026
Tamil Nadu,Nagapattinam,Nagapattinam(Uzhavar Sandhai ),Banana - Green,Banana - Green,Local,3000,3000,3000,02/09/2026
Tamil Nadu,Pudukkottai,Pudukottai(Uzhavar Sandhai ),Banana - Green,Banana - Green,Local,2000,3000,2500,02/09/2026
Tamil Nadu,Theni,Bodinayakanur(Uzhavar Sandhai ),Banana - Green,Banana - Green,Local,3600,3600,3600,02/09/2026
Tamil Nadu,Villupuram,Gingee(Uzhavar Sandhai ),Banana - Green,Banana - Green,Local,4000,4000,4000,02/09/2026
Tamil Nadu,Dharmapuri,Pennagaram(Uzhavar Sandhai ),Banana - Green,Banana - Green,Local,2800,3000,2900,02/09/2026
Tamil Nadu,Kancheepuram,Kancheepuram(Uzhavar Sandhai ),Banana - Green,Banana - Green,Local,4500,5000,4750,02/09/2026
Tamil Nadu,Madurai,Palanganatham(Uzhavar Sandhai ),Banana - Green,Banana - Green,Local,1500,2000,1750,02/09/2026
Tamil Nadu,Salem,Mettur(Uzhavar Sandhai ),Banana - Green,Banana - Green,Local,2500,3000,2750,02/09/2026
Tamil Nadu,Theni,Theni(Uzhavar Sandhai ),Banana - Green,Banana - Green,Local,3000,3000,3000,02/09/2026
Tamil Nadu,Thirunelveli,NGO Colony(Uzhavar Sandhai ),Banana - Green,Banana - Green,Local,2500,3000,2750,02/09/2026
Tamil Nadu,Thirunelveli,Palayamkottai(Uzhavar Sandhai ),Banana - Green,Banana - Green,Local,2500,3000,2750,02/09/2026
Tamil Nadu,Coimbatore,Sulur(Uzhavar Sandhai ),Banana - Green,Banana - Green,Local,4000,4500,4250,02/09/2026
Tamil Nadu,Karur,Velayuthampalayam(Uzhavar Sandhai ),Banana - Green,Banana - Green,Local,2400,3000,2700,02/09/2026
Tamil Nadu,Karur,Vengamedu(Uzhavar Sandhai ),Banana - Green,Banana - Green,Local,2500,3000,2750,02/09/2026
Tamil Nadu,Sivaganga,Tirupatthur(Uzhavar Sandhai ),Banana - Green,Banana - Green,Local,2500,3000,2750,02/09/2026
Tamil Nadu,Thanjavur,Pattukottai(Uzhavar Sandhai ),Banana - Green,Banana - Green,Local,3000,3000,3000,02/09/2026
Tamil Nadu,Thiruchirappalli,KKNagar(Uzhavar Sandhai ),Banana - Green,Banana - Green,Local,2500,2500,2500,02/09/2026
Tamil Nadu,Thiruchirappalli,Manachanallur(Uzhavar Sandhai ),Banana - Green,Banana - Green,Local,2500,2500,2500,02/09/2026
Tamil Nadu,Virudhunagar,Rajapalayam(Uzhavar Sandhai ),Banana - Green,Banana - Green,Local,3000,3600,3300,02/09/2026
Tamil Nadu,Chengalpattu,Medavakkam(Uzhavar Sandhai ),Banana - Green,Banana - Green,Local,3500,4000,3750,02/09/2026
Tamil Nadu,Chengalpattu,Jameenrayapettai(Uzhavar Sandhai ),Banana - Green,Banana - Green,Local,3500,4000,3750,02/09/2026
Tamil Nadu,Thirupur,Tiruppur (South) (Uzhavar Sandhai ),Banana - Green,Banana - Green,Local,2500,3000,2750,02/09/2026
Tamil Nadu,Dindigul,Dindigul(Uzhavar Sandhai ),Banana - Green,Banana - Green,Local,1500,2000,1750,02/09/2026
Tamil Nadu,Erode,Periyar Nagar(Uzhavar Sandhai ),Banana - Green,Banana - Green,Local,3000,3500,3250,02/09/2026
Tamil Nadu,Kallakuruchi,Sankarapuram(Uzhavar Sandhai ),Banana - Green,Banana - Green,Local,3000,3000,3000,02/09/2026
Tamil Nadu,Kancheepuram,Kundrathur(Uzhavar Sandhai ),Banana - Green,Banana - Green,Local,3000,3000,3000,02/09/2026
Tamil Nadu,Kancheepuram,Padappai(Uzhavar Sandhai ),Banana - Green,Banana - Green,Local,4000,4500,4250,02/09/2026
Tamil Nadu,Kancheepuram,Sunguvarchatram(Uzhavar Sandhai ),Banana - Green,Banana - Green,Local,3000,3000,3000,02/09/2026
Tamil Nadu,Krishnagiri,Avallapalli(Uzhavar Sandhai ),Banana - Green,Banana - Green,Local,3500,4000,3750,02/09/2026
Tamil Nadu,Dharmapuri,Karimangalam(Uzhavar Sandhai),Banana - Green,Banana - Green,Local,2800,3000,2900,02/09/2026
Tamil Nadu,Krishnagiri,Hosur(Uzhavar Sandhai ),Banana - Green,Banana - Green,Local,4500,5000,4750,02/09/2026
Tamil Nadu,Madurai,Anaiyur(Uzhavar Sandhai ),Banana - Green,Banana - Green,Local,2000,2400,2200,02/09/2026
Tamil Nadu,Madurai,Usilampatti(Uzhavar Sandhai ),Banana - Green,Banana - Green,Local,2500,3000,2750,02/09/2026
Tamil Nadu,Nagapattinam,Sirkali(Uzhavar Sandhai ),Banana - Green,Banana - Green,Local,2500,3000,2750,02/09/2026
Tamil Nadu,Namakkal,Mohanur(Uzhavar Sandhai ),Banana - Green,Banana - Green,Local,3200,4000,3600,02/09/2026
Tamil Nadu,Thanjavur,Tirukattupalli(Uzhavar Sandhai ),Banana - Green,Banana - Green,Local,4000,4000,4000,02/09/2026
Tamil Nadu,Ranipet,Ranipettai(Uzhavar Sandhai ),Banana - Green,Banana - Green,Local,4000,5000,4500,02/09/2026
Tamil Nadu,Salem,Ammapet(Uzhavar Sandhai ),Banana - Green,Banana - Green,Local,2200,2400,2300,02/09/2026
Tamil Nadu,Salem,Thathakapatti(Uzhavar Sandhai ),Banana - Green,Banana - Green,Local,3500,4000,3750,02/09/2026
Tamil Nadu,Thirunelveli,Ambasamudram(Uzhavar Sandhai ),Banana - Green,Banana - Green,Local,2500,3000,2750,02/09/2026
Tamil Nadu,Cuddalore,Vadalur(Uzhavar Sandhai ),Banana - Green,Banana - Green,Local,3000,3000,3000,02/09/2026
Tamil Nadu,Karur,Pallapatti (Uzhavar Sandhai ),Banana - Green,Banana - Green,Local,2500,3000,2750,02/09/2026
Tamil Nadu,Sivaganga,Sivagangai (Uzhavar Sandhai ),Banana - Green,Banana - Green,Local,3000,3000,3000,02/09/2026
Tamil Nadu,Thiruchirappalli,Musiri(Uzhavar Sandhai ),Banana - Green,Banana - Green,Local,2000,2500,2250,02/09/2026
Tamil Nadu,Thiruchirappalli,Thiruverumbur(Uzhavar Sandhai ),Banana - Green,Banana - Green,Local,2500,2500,2500,02/09/2026
Tamil Nadu,Virudhunagar,Sathur(Uzhavar Sandhai ),Banana - Green,Banana - Green,Local,3500,4000,3750,02/09/2026
Tamil Nadu,Thiruvarur,Tiruvarur(Uzhavar Sandhai ),Banana - Green,Banana - Green,Local,4000,4000,4000,02/09/2026
Tamil Nadu,Virudhunagar,Kariyapatti(Uzhavar Sandhai ),Banana - Green,Banana - Green,Local,3000,3500,3250,02/09/2026
Tamil Nadu,Nagapattinam,Vedaranyam(Uzhavar Sandhai),Banana - Green,Banana - Green,Local,2200,2500,2350,02/09/2026
Tamil Nadu,Vellore,Perampet(Uzhavar Sandhai),Banana - Green,Banana - Green,Local,4000,4000,4000,02/09/2026
Tamil Nadu,Virudhunagar,Srivilliputhur(Uzhavar Sandhai ),Banana - Green,Banana - Green,Local,2500,3000,2750,02/09/2026
Tamil Nadu,Vellore,Pallikonda(Uzhavar Sandhai),Banana - Green,Banana - Green,Local,2500,3000,2750,02/09/2026
Tamil Nadu,Ramanathapuram,Paramakudi(Uzhavar Sandhai ),Banana - Green,Banana - Green,Local,3000,3200,3100,02/09/2026
Tamil Nadu,Thiruvarur,Tiruthuraipoondi(Uzhavar Sandhai ),Banana - Green,Banana - Green,Local,4000,4000,4000,02/09/2026
Tamil Nadu,Vellore,Gudiyatham(Uzhavar Sandhai ),Banana - Green,Banana - Green,Local,4000,4000,4000,02/09/2026
Tamil Nadu,Vellore,Kahithapattarai(Uzhavar Sandhai ),Banana - Green,Banana - Green,Local,6000,6000,6000,02/09/2026
Tamil Nadu,Villupuram,Villupuram(Uzhavar Sandhai ),Banana - Green,Banana - Green,Local,3000,3000,3000,02/09/2026
Tamil Nadu,Thanjavur,Papanasam(Uzhavar Sandhai ),Banana - Green,Banana - Green,Local,4800,4800,4800,02/09/2026
Tamil Nadu,Erode,Sathiyamagalam(Uzhavar Sandhai ),Banana - Green,Banana - Green,Local,3000,3500,3250,02/09/2026
Tamil Nadu,Namakkal,Tiruchengode APMC,Banana - Green,Banana - Green,Local,4000,4500,4250,02/09/2026
Tamil Nadu,Chengalpattu,Thirukalukundram(Uzhavar Sandhai ),Banana - Green,Banana - Green,Local,3800,4000,3900,02/09/2026
Tamil Nadu,Tuticorin,Tuticorin(Uzhavar Sandhai ),Banana - Green,Banana - Green,Local,2500,3000,2750,02/09/2026
Tamil Nadu,Vellore,Thirupathur APMC,Banana - Green,Banana - Green,Local,2500,2500,2500,02/09/2026
Tamil Nadu,Dharmapuri,Harur(Uzhavar Sandhai ),Banana - Green,Banana - Green,Local,2000,2500,2250,02/09/2026
Tamil Nadu,Dharmapuri,Palacode(Uzhavar Sandhai ),Banana - Green,Banana - Green,Local,2000,2500,2250,02/09/2026
Tamil Nadu,Dindigul,Chinnalapatti(Uzhavar Sandhai ),Banana - Green,Banana - Green,Local,3000,3600,3300,02/09/2026
Tamil Nadu,Krishnagiri,Denkanikottai(Uzhavar Sandhai ),Banana - Green,Banana - Green,Local,4000,4500,4250,02/09/2026
Tamil Nadu,Namakkal,Paramathivelur(Uzhavar Sandhai ),Banana - Green,Banana - Green,Local,3000,4000,3500,02/09/2026
Tamil Nadu,Salem,Mecheri(Uzhavar Sandhai),Banana - Green,Banana - Green,Local,2000,2500,2250,02/09/2026
Tamil Nadu,Thiruchirappalli,Thuraiyur APMC,Banana - Green,Banana - Green,Local,2500,2500,2500,02/09/2026
Tamil Nadu,Thirupur,Tiruppur (North) (Uzhavar Sandhai ),Banana - Green,Banana - Green,Local,2500,3000,2750,02/09/2026
Tamil Nadu,Thiruvannamalai,Keelpennathur(Uzhavar Sandhai ),Banana - Green,Banana - Green,Local,3500,4000,3750,02/09/2026
Tamil Nadu,Thiruvannamalai,Tamarainagar(Uzhavar Sandhai ),Banana - Green,Banana - Green,Local,4000,5000,4500,02/09/2026
Tamil Nadu,Dharmapuri,AJattihalli(Uzhavar Sandhai ),Banana - Green,Banana - Green,Local,2500,2500,2500,02/09/2026
Tamil Nadu,Salem,Attayampatti(Uzhavar Sandhai ),Banana - Green,Banana - Green,Local,2400,2800,2600,02/09/2026
Tamil Nadu,Salem,Edapadi (Uzhavar Sandhai ),Banana - Green,Banana - Green,Local,2500,3000,2750,02/09/2026
Tamil Nadu,Salem,Hasthampatti(Uzhavar Sandhai ),Banana - Green,Banana - Green,Local,2200,2400,2300,02/09/2026
Tamil Nadu,Virudhunagar,Virudhunagar(Uzhavar Sandhai ),Banana - Green,Banana - Green,Local,2500,3000,2750,02/09/2026
Tamil Nadu,Villupuram,Ulundurpettai APMC,Banana - Green,Banana - Green,Local,3000,3000,3000,02/09/2026
Tamil Nadu,Cuddalore,Viruthachalam(Uzhavar Sandhai ),Banana - Green,Banana - Green,Local,2500,3000,2750,02/09/2026
Tamil Nadu,Tenkasi,Tenkasi(Uzhavar Sandhai ),Banana - Green,Banana - Green,Local,2500,3000,2750,02/09/2026
Tamil Nadu,Thanjavur,Kumbakonam (Uzhavar Sandhai ),Banana - Green,Banana - Green,Local,4800,4800,4800,02/09/2026
Tamil Nadu,Theni,Andipatti(Uzhavar Sandhai ),Banana - Green,Banana - Green,Local,3000,3500,3250,02/09/2026
Tamil Nadu,Thiruvarur,Needamangalam(Uzhavar Sandhai ),Banana - Green,Banana - Green,Local,4000,4000,4000,02/09/2026
Tamil Nadu,Thiruvellore,Tiruthani(Uzhavar Sandhai ),Banana - Green,Banana - Green,Local,4000,4000,4000,02/09/2026
Tamil Nadu,Karur,Gandhigramam(Uzhavar Sandhai),Banana - Green,Banana - Green,Local,2000,3000,2500,02/09/2026
Tamil Nadu,Pudukkottai,Aranthangi(Uzhavar Sandhai ),Banana - Green,Banana - Green,Local,2500,3000,2750,02/09/2026
Tamil Nadu,Thirupathur,Vaniyampadi(Uzhavar Sandhai ),Banana - Green,Banana - Green,Local,3000,3000,3000,02/09/2026
Tamil Nadu,Thirupur,Dharapuram(Uzhavar Sandhai ),Banana - Green,Banana - Green,Local,2500,3000,2750,02/09/2026
Tamil Nadu,Thirupur,Palladam(Uzhavar Sandhai ),Banana - Green,Banana - Green,Local,2500,3000,2750,02/09/2026
Tamil Nadu,Coimbatore,Vadavalli(Uzhavar Sandhai ),Banana - Green,Banana - Green,Local,3600,4400,4000,02/09/2026
Tamil Nadu,Thiruvarur,Mannargudi I(Uzhavar Sandhai ),Banana - Green,Banana - Green,Local,4800,4800,4800,02/09/2026
Tamil Nadu,Thiruvarur,Mannargudi II(Uzhavar Sandhai ),Banana - Green,Banana - Green,Local,4800,4800,4800,02/09/2026
Tamil Nadu,Thiruvellore,Naravarikuppam(Uzhavar Sandhai ),Banana - Green,Banana - Green,Local,4000,4000,4000,02/09/2026
Tamil Nadu,Tuticorin,Kovilpatti(Uzhavar Sandhai ),Banana - Green,Banana - Green,Local,3000,3500,3250,02/09/2026
Tamil Nadu,Coimbatore,Sundarapuram(Uzhavar Sandhai ),Banana - Green,Banana - Green,Local,4000,4500,4250,02/09/2026
Tamil Nadu,Coimbatore,Singanallur(Uzhavar Sandhai ),Banana - Green,Banana - Green,Local,4000,4500,4250,02/09/2026
Tamil Nadu,Coimbatore,Kurichi(Uzhavar Sandhai ),Banana - Green,Banana - Green,Local,4000,4500,4250,02/09/2026
Tamil Nadu,Cuddalore,Chidambaram(Uzhavar Sandhai ),Banana - Green,Banana - Green,Local,2500,3000,2750,02/09/2026
Tamil Nadu,The Nilgiris,Gudalur(Uzhavar Sandhai ),Banana - Green,Banana - Green,Local,4000,5000,4500,02/09/2026
Tamil Nadu,Namakkal,Namakkal(Uzhavar Sandhai ),Banana - Green,Banana - Green,Local,4000,4500,4250,02/09/2026
Tamil Nadu,Perambalur,Perambalur(Uzhavar Sandhai ),Banana - Green,Banana - Green,Local,3000,4000,3500,02/09/2026
Tamil Nadu,Salem,Sooramangalam(Uzhavar Sandhai ),Banana - Green,Banana - Green,Local,2200,2400,2300,02/09/2026
Tamil Nadu,Theni,Kambam(Uzhavar Sandhai ),Banana - Green,Banana - Green,Local,3000,3600,3300,02/09/2026
Tamil Nadu,Thirunelveli,Melapalayam(Uzhavar Sandhai ),Banana - Green,Banana - Green,Local,2500,3000,2750,02/09/2026
Tamil Nadu,Thirupur,Kangayam(Uzhavar Sandhai ),Banana - Green,Banana - Green,Local,2700,3000,2850,02/09/2026
Tamil Nadu,Thiruvannamalai,Vandavasi(Uzhavar Sandhai ),Banana - Green,Banana - Green,Local,1600,2000,1800,02/09/2026
Tamil Nadu,Thiruvarur,Muthupettai(Uzhavar Sandhai ),Banana - Green,Banana - Green,Local,4000,4000,4000,02/09/2026
Tamil Nadu,Pudukkottai,Gandarvakottai(Uzhavar Sandhai ),Banana - Green,Banana - Green,Local,2500,3000,2750,02/09/2026
Tamil Nadu,Cuddalore,Panruti(Uzhavar Sandhai ),Banana - Green,Banana - Green,Local,2500,2500,2500,02/09/2026
Tamil Nadu,Thanjavur,Peravurani(Uzhavar Sandhai),Banana - Green,Banana - Green,Local,3000,3000,3000,02/09/2026
Tamil Nadu,Sivaganga,Devakottai (Uzhavar Sandhai ),Banana - Green,Banana - Green,Local,2500,3000,2750,02/09/2026
Tamil Nadu,Salem,Jalagandapuram(Uzhavar Sandhai ),Banana - Green,Banana - Green,Local,2400,2800,2600,02/09/2026
Tamil Nadu,Sivaganga,Singampunari(Uzhavar Sandhai ),Banana - Green,Banana - Green,Local,2500,3000,2750,02/09/2026
Tamil Nadu,Sivaganga,Karaikudi(Uzhavar Sandhai ),Banana - Green,Banana - Green,Local,3000,4000,3500,02/09/2026
Tamil Nadu,Virudhunagar,Sivakasi(Uzhavar Sandhai ),Banana - Green,Banana - Green,Local,3500,4000,3750,02/09/2026
Tamil Nadu,Villupuram,Tindivanam APMC,Banana - Green,Banana - Green,Local,5000,5000,5000,02/09/2026
Tamil Nadu,Madurai,Chokkikulam(Uzhavar Sandhai ),Banana - Green,Banana - Green,Local,2000,2400,2200,02/09/2026
Tamil Nadu,Erode,Thalavadi(Uzhavar Sandhai ),Banana - Green,Banana - Green,Local,3000,3500,3250,02/09/2026
Tamil Nadu,Krishnagiri,Krishnagiri(Uzhavar Sandhai ),Banana - Green,Banana - Green,Local,2500,3000,2750,02/09/2026
Tamil Nadu,Thiruvarur,Valangaiman APMC,Banana - Green,Banana - Green,Local,4000,4000,4000,02/09/2026
Tamil Nadu,Thiruvellore,Tiruvallur(Uzhavar Sandhai ),Banana - Green,Banana - Green,Local,4000,4000,4000,02/09/2026
Tamil Nadu,Vellore,Katpadi (Uzhavar Sandhai ),Banana - Green,Banana - Green,Local,3000,3000,3000,02/09/2026
Tamil Nadu,Madurai,Melur(Uzhavar Sandhai ),Banana - Green,Banana - Green,Local,2000,2300,2150,02/09/2026
Tamil Nadu,Salem,Vazhapadi(Uzhavar Sandhai),Banana - Green,Banana - Green,Local,2500,2500,2500,02/09/2026
Tamil Nadu,Thirupathur,Natrampalli(Uzhavar Sandhai ),Banana - Green,Banana - Green,Local,2500,3000,2750,02/09/2026
Tamil Nadu,Salem,Athur(Uzhavar Sandhai ),Banana - Green,Banana - Green,Local,2000,2400,2200,02/09/2026
Tamil Nadu,Erode,Sampath Nagar(Uzhavar Sandhai ),Banana - Green,Banana - Green,Local,3000,3500,3250,02/09/2026
Tamil Nadu,Ramanathapuram,Ramanathapuram(Uzhavar Sandhai ),Banana - Green,Banana - Green,Local,3500,3800,3650,02/09/2026
Tamil Nadu,Thiruvannamalai,Arani(Uzhavar Sandhai ),Banana - Green,Banana - Green,Local,1500,2000,1750,02/09/2026
Tamil Nadu,Thiruvellore,Paruthipattu(Uzhavar Sandhai ),Banana - Green,Banana - Green,Local,4000,4000,4000,02/09/2026
Tamil Nadu,Coimbatore,Mettupalayam(Uzhavar Sandhai ),Banana - Green,Banana - Green,Local,4500,5000,4750,02/09/2026
Tamil Nadu,Coimbatore,RSPuram(Uzhavar Sandhai ),Banana - Green,Banana - Green,Local,3600,4200,3900,02/09/2026
Tamil Nadu,Karur,Karur(Uzhavar Sandhai ),Banana - Green,Banana - Green,Local,2500,3000,2750,02/09/2026
Tamil Nadu,Nagercoil (Kannyiakumari),Vadaseri APMC,Banana - Green,Banana - Green,Local,7000,7500,7250,02/09/2026
Tamil Nadu,Krishnagiri,Kaveripattinam(Uzhavar Sandhai ),Banana - Green,Banana - Green,Local,2500,3000,2750,02/09/2026
Tamil Nadu,The Nilgiris,Coonoor(Uzhavar Sandhai ),Banana - Green,Banana - Green,Local,4500,5000,4750,02/09/2026
Madhya Pradesh,Indore,Indore(F&V) APMC,Banana,Other,Local,800,1600,1200,02/09/2026
Madhya Pradesh,Guna,Guna(F&V) APMC,Banana,Other,Grade B,2000,2200,2100,02/09/2026
Madhya Pradesh,Shivpuri,Karera(F&V) APMC,Banana,Banana-Organic,Local,1600,2300,1900,02/09/2026
Madhya Pradesh,Narsinghpur,Gadarwara(F&V) APMC,Banana,Banana - Ripe,Grade B,1800,1800,1800,02/09/2026
Madhya Pradesh,Sehore,Sehore(F&V) APMC,Banana,Banana - Ripe,Grade Range-1,1600,2000,1800,02/09/2026
Maharashtra,Nagpur,HINGNA - APMC,Banana,Other,Local,1500,2000,1750,02/09/2026
Maharashtra,Nashik,Nasik APMC,Banana,Khandesh,Local,700,1800,1400,02/09/2026
Maharashtra,Jalgaon,APMC Yawal,Banana,Other,Local,1500,2200,1510,02/09/2026
Maharashtra,Mumbai,Mumbai- Fruit Market APMC,Banana,Other,Local,3000,4000,3500,02/09/2026
Maharashtra,Mumbai,Mumbai APMC,Banana - Green,Other,Local,2600,3600,3100,02/09/2026
Uttar Pradesh,Shamli,Khandhla APMC,Banana,Champa,Medium,2200,2280,2240,02/09/2026
Uttar Pradesh,Mau(Maunathbhanjan),Kopaganj APMC,Banana,Medium,Grade B,3888,4000,3999,02/09/2026
Uttar Pradesh,Sitapur,Hargaon (Laharpur) APMC,Banana,Desi(Bontha),Local,1000,1020,1010,02/09/2026
Uttar Pradesh,Rampur,Bilaspur APMC,Banana,Other,Medium,2100,2300,2200,02/09/2026
Uttar Pradesh,Balrampur,Panchpedwa APMC,Banana - Green,Banana - Green,FAQ,1300,1500,1400,02/09/2026
Uttar Pradesh,Khiri (Lakhimpur),Maigalganj APMC,Banana - Green,Banana - Green,FAQ,1740,1780,1760,02/09/2026
Uttar Pradesh,Mau(Maunathbhanjan),Kopaganj APMC,Banana - Green,Banana - Green,FAQ,1777,1790,1788,02/09/2026
Uttar Pradesh,Amroha,Hasanpur APMC,Banana - Green,Banana - Green,FAQ,1450,1520,1500,02/09/2026
Rajasthan,Ganganagar,Sriganganagar (F&V) APMC,Banana,Banana-Organic,Grade A,2800,3200,3000,02/09/2026
Rajasthan,Jaipur,Jaipur (F&V) APMC,Banana,Other,Medium,2000,3000,2500,02/09/2026
Karnataka,Bengaluru South,Channapatna APMC,Banana,Elakki Bale,Local,4000,7500,6700,02/09/2026
Gujarat,Anand,Khambhat(Veg Yard Khambhat) APMC,Banana,Amruthapani,Local,1800,1900,1800,02/09/2026
Gujarat,Banaskanth,Deesa(Deesa Veg Yard) APMC,Banana,Other,Medium,3000,4000,3500,02/09/2026
Gujarat,Rajkot,Gondal(Veg.market Gondal) APMC,Banana,Banana - Ripe,Local,1800,2850,2325,02/09/2026
Gujarat,Navsari,Navsari APMC,Banana,Banana - Ripe,Local,1250,2250,1750,02/09/2026
Gujarat,Mehsana,Mehsana(Mehsana Veg) APMC,Banana,Other,Local,2000,2500,2300,02/09/2026
Gujarat,Narmada,Rajpipla APMC,Banana,Other,Medium,1250,1500,1375,02/09/2026
Gujarat,Surendranagar,Vadhvan APMC,Banana,Medium,Medium,2000,3000,2500,02/09/2026
Gujarat,Porbandar,Porbandar APMC,Banana,Amruthapani,Grade A,1500,2500,2000,02/09/2026
Gujarat,Valsad,Valsad APMC,Banana,Other,Local,1200,1800,1560,02/09/2026
Gujarat,Surat,Surat APMC,Banana - Green,Other,FAQ,700,1600,1150,02/09/2026
Gujarat,Bharuch,Bharuch APMC,Banana - Green,Banana - Green,Local,800,1100,900,02/09/2026
Haryana,Rewari,Kosli APMC,Banana,Other,Medium,2000,2000,2000,02/09/2026
Haryana,Yamuna Nagar,Radaur APMC,Banana,Other,Medium,2800,3200,3000,02/09/2026
Haryana,Mewat,Tauru APMC,Banana,Other,Medium,2500,2500,2500,02/09/2026
Haryana,Panipat,Panipat APMC,Banana,Banana - Ripe,Local,2000,3000,2500,02/09/2026
Haryana,Palwal,Hassanpur APMC,Banana,Other,Local,2500,2500,2500,02/09/2026
Haryana,Fatehabad,Ratia APMC,Banana,Other,Grade A,3000,3500,3200,02/09/2026
Haryana,Rohtak,Meham,Banana,Medium,Medium,1600,1600,1600,02/09/2026
Haryana,Sonipat,Kharkhoda APMC,Banana,Other,Grade A,2400,3200,2680,02/09/2026
Haryana,Fatehabad,Fatehabad APMC,Banana,Other,Local,2000,2000,2000,02/09/2026
Haryana,Kaithal,Dhand APMC,Banana,Other,Medium,3000,4000,3700,02/09/2026
Haryana,Bhiwani,Bhiwani APMC,Banana,Medium,Grade B,4210,5214,4555,02/09/2026
Haryana,Sonipat,Gohana APMC,Banana,Other,Medium,2000,2500,2200,02/09/2026
Haryana,Karnal,Indri APMC,Banana,Other,Medium,2800,2800,2800,02/09/2026
Haryana,Sonipat,Ganaur APMC,Banana,Banana - Ripe,Medium,3000,4000,3500,02/09/2026
Haryana,Sirsa,Sirsa APMC,Banana,Other,Medium,2500,2600,2550,02/09/2026
Haryana,Mahendragarh-Narnaul,Narnaul APMC,Banana,Banana - Ripe,Medium,4000,5000,5000,02/09/2026
Haryana,Sonipat,Sonepat APMC,Banana,Other,Medium,3500,4200,4000,02/09/2026
Haryana,Jind,Safidon APMC,Banana,Other,Medium,3000,3000,3000,02/09/2026
Haryana,Gurgaon,Gurgaon APMC,Banana,Other,Grade B,2000,4000,3000,02/09/2026
Haryana,Kurukshetra,Thanesar APMC,Banana,Other,Medium,3500,4500,4000,02/09/2026
Haryana,Karnal,Gharaunda APMC,Banana,Other,Local,3000,3000,3000,02/09/2026
Haryana,Mahendragarh-Narnaul,Mohindergarh APMC,Banana,Banana - Ripe,Medium,2250,2250,2250,02/09/2026
Haryana,Jhajar,Jhajjar APMC,Banana,Other,Medium,2800,2800,2800,02/09/2026
Haryana,Rohtak,Rohtak APMC,Banana,Other,Medium,1800,2000,2000,02/09/2026
Haryana,Kurukshetra,Shahabad APMC,Banana,Medium,Medium,2800,3895,3500,02/09/2026
Haryana,Yamuna Nagar,Sadhaura APMC,Banana,Banana - Ripe,Local,2400,2600,2500,02/09/2026
Haryana,Rewari,Rewari APMC,Banana,Other,Medium,2500,4500,3500,02/09/2026
Haryana,Ambala,Naraingarh APMC,Banana,Banana - Ripe,Medium,1900,3500,2800,02/09/2026
Haryana,Jind,Narwana APMC,Banana,Other,Local,1300,1300,1300,02/09/2026
Punjab,Gurdaspur,Quadian APMC,Banana,Other,Grade A,2300,2500,2400,02/09/2026
Punjab,Patiala,Rajpura APMC,Banana,Other,Grade A,2800,2950,2900,02/09/2026
Punjab,Ropar (Rupnagar),Chamkaur Sahib APMC,Banana,Other,Medium,3000,3000,3000,02/09/2026
Punjab,Sangrur,Sunam APMC,Banana,Other,Grade A,2000,2000,2000,02/09/2026
Punjab,Hoshiarpur,Mukerian APMC,Banana,Medium,Grade B,2500,3500,3000,02/09/2026
Punjab,Hoshiarpur,Garh Shankar(Mahalpur) APMC,Banana,Other,Medium,2400,2400,2400,02/09/2026
Punjab,Hoshiarpur,Garh Shankar APMC,Banana,Banana - Ripe,Medium,3500,3500,3500,02/09/2026
Punjab,Ludhiana,Doraha APMC,Banana,Amruthapani,Local,2500,3000,2800,02/09/2026
Punjab,Bhatinda,Raman APMC,Banana,Other,Medium,2405,2515,2485,02/09/2026
Punjab,Bhatinda,Maur APMC,Banana,Medium,Grade B,3600,4000,3800,02/09/2026
Punjab,Muktsar,Muktsar APMC,Banana,Banana - Ripe,Medium,2000,3200,2600,02/09/2026
Punjab,Patiala,Dudhansadhan APMC,Banana,Other,Grade B,3500,3500,3500,02/09/2026
Punjab,Ludhiana,Jagraon APMC,Banana,Other,Grade A,2200,2200,2200,02/09/2026
Punjab,Ludhiana,Khanna APMC,Banana,Other,Grade A,1800,1800,1800,02/09/2026
Punjab,Patiala,Patiala APMC,Banana,Banana - Ripe,Grade B,1500,2500,2000,02/09/2026
Punjab,Hoshiarpur,GarhShankar (Kotfatuhi) APMC,Banana,Other,Medium,3500,3500,3500,02/09/2026
Punjab,Moga,Baghapurana APMC,Banana,Medium,Grade B,3000,4000,3500,02/09/2026
Punjab,Bhatinda,Bathinda APMC,Banana,Other,Grade B,1500,1700,1600,02/09/2026
Punjab,Faridkot,Faridkot APMC,Banana,Other,Grade A,3500,3500,3500,02/09/2026
Punjab,Patiala,Patran APMC,Banana,Other,Grade A,2800,2800,2800,02/09/2026
Punjab,Sangrur,Ahmedgarh APMC,Banana,Other,Medium,2800,3000,3000,02/09/2026
Punjab,Fatehgarh,Sirhind APMC,Banana,Other,Medium,2800,4000,3500,02/09/2026
Punjab,Gurdaspur,Dinanagar APMC,Banana,Medium,Medium,4000,5000,4500,02/09/2026
Punjab,Bhatinda,Rampuraphul(Nabha Mandi) APMC,Banana,Other,Grade A,2000,3000,2500,02/09/2026
Punjab,Hoshiarpur,Mukerian(Talwara) APMC,Banana,Banana - Ripe,Medium,2800,3600,3200,02/09/2026
Punjab,Fazilka,Fazilka APMC,Banana,Banana - Ripe,Local,4000,4000,4000,02/09/2026
Punjab,Nawanshahr,Balachaur APMC,Banana,Other,Medium,3000,4000,3500,02/09/2026
Punjab,Sangrur,Malerkotla APMC,Banana,Other,Local,1800,1800,1800,02/09/2026
Punjab,Sangrur,Sangrur APMC,Banana,Banana - Ripe,Grade B,2000,3000,2500,02/09/2026
Punjab,Hoshiarpur,Dasuya APMC,Banana,Banana - Ripe,Grade B,4000,4000,4000,02/09/2026
Punjab,Jalandhar,Jalandhar City(Jalandhar) APMC,Banana - Green,Banana - Green,FAQ,1000,1700,1300,02/09/2026
Andhra Pradesh,Dr.B.R.A.Konaseema,Ravulapalem (Kothapeta APMC),Banana,Bhushavali(Pacha),Local,2200,2600,2400,02/09/2026
Andhra Pradesh,YSR Kadapa,Siddavatam APMC,Banana,Medium,Grade B,1500,1700,1600,02/09/2026
Andhra Pradesh,Dr.B.R.A.Konaseema,Ravulapalem (Kothapeta APMC),Banana,Chakkarakeli(Red),Local,4300,4800,4500,02/09/2026
Andhra Pradesh,Dr.B.R.A.Konaseema,Ravulapalem (Kothapeta APMC),Banana,Amruthapani,Local,2600,3800,3400,02/09/2026
Andhra Pradesh,Dr.B.R.A.Konaseema,Ravulapalem (Kothapeta APMC),Banana,Desi(Bontha),Local,1700,2200,1900,02/09/2026
Andhra Pradesh,Dr.B.R.A.Konaseema,Ravulapalem (Kothapeta APMC),Banana,Karpura,Local,2400,3600,3400,02/09/2026
Andhra Pradesh,Dr.B.R.A.Konaseema,Ambajipeta APMC,Banana,Banana - Ripe,Medium,960,2720,1840,02/09/2026
Andhra Pradesh,Anakapally,Payakaraopeta APMC,Banana,Karpura,Local,1550,1650,1600,02/09/2026
Andhra Pradesh,Vijayanagaram,Vijayanagaram APMC,Banana,Banana - Ripe,Local,3100,3100,3100,02/09/2026
Andhra Pradesh,Dr.B.R.A.Konaseema,Ravulapalem (Kothapeta APMC),Banana,Chakkarakeli(White),Local,2200,3500,2700,02/09/2026
Andhra Pradesh,YSR Kadapa,Rajampet APMC,Banana,Bhushavali(Pacha),Grade A,1200,1400,1300,02/09/2026
Andhra Pradesh,Tirupathi,Thiruchanur APMC,Banana,Banana - Ripe,Grade A,1000,2000,1600,02/09/2026
Andhra Pradesh,Tirupathi,Railway Koduru APMC,Banana,Medium,Grade A,850,1100,950,02/09/2026
West Bengal,Darjeeling,Siliguri APMC,Banana,Banana - Ripe,Grade A,2200,2400,2300,02/09/2026
Odisha,Ganjam,Hinjilicut APMC,Banana - Green,Other,FAQ,2400,2400,2400,02/09/2026
Odisha,Cuttack,Kendupatna APMC,Banana - Green,Other,Grade B,1300,1320,1310,02/09/2026
Odisha,Kalahandi,Kesinga APMC,Banana - Green,Other,Grade B,1300,1700,1500,02/09/2026
Odisha,Kalahandi,Junagarh APMC,Banana - Green,Other,Grade B,1800,2200,2000,02/09/2026
Odisha,Sundergarh,Bonai APMC,Banana - Green,Other,FAQ,1450,1610,1528,02/09/2026
Odisha,Ganjam,Bhanjanagar APMC,Banana - Green,Banana - Green,Medium,2600,2800,2700,02/09/2026
Odisha,Angul,Pallahara APMC,Banana - Green,Other,FAQ,1400,1600,1500,02/09/2026
Odisha,Dhenkanal,Hindol APMC,Banana - Green,Other,Grade B,2700,3000,2800,02/09/2026
Odisha,Mayurbhanja,Karanjia APMC,Banana - Green,Other,Local,1600,2000,1800,02/09/2026
Odisha,Ganjam,Digapahandi APMC,Banana - Green,Banana - Green,FAQ,2000,2200,2100,02/09/2026
Telangana,Warangal,Warangal APMC,Banana,Banana - Ripe,Small,2700,2700,2700,02/09/2026
Telangana,Ranga Reddy,Gaddiannaram APMC,Banana,Other,Medium,1866.66676,2133.33344,2000.0001,02/09/2026
Telangana,Hyderabad,Bowenpally APMC,Banana - Green,Banana - Green,FAQ,400,600,550,02/09/2026
Telangana,Hyderabad,RYTHU BAZAR MEHDIPATNAM,Banana - Green,Banana - Green,Grade A,900,900,900,02/09/2026
Telangana,Ranga Reddy,"Saroornagar,RBZ",Banana - Green,Banana - Green,Medium,4000,4000,4000,02/09/2026
Telangana,Ranga Reddy,L B Nagar APMC,Banana - Green,Banana - Green,Medium,2000,3000,2500,02/09/2026
Telangana,Ranga Reddy,"Vanasthalipuram,RBZ ",Banana - Green,Banana - Green,Grade A,4000,4000,4000,02/09/2026
Telangana,Hyderabad,Gudimalkapur APMC,Banana - Green,Banana - Green,Grade B,1500,3000,2000,02/09/2026
Telangana,Hyderabad,RYTHU BAZAR ERRAGADDA,Banana - Green,Banana - Green,Grade A,900,900,900,02/09/2026
Uttarakhand,Udhamsinghnagar,Rudrapur APMC,Banana,Banana - Ripe,Medium,3000,5000,4000,02/09/2026
Uttarakhand,Haridwar,Roorkee APMC,Banana,Other,Medium,800,1280,1000,02/09/2026
Uttarakhand,Nanital,Haldwani APMC,Banana,Other,Grade A,800,1100,1000,02/09/2026
Uttarakhand,Dehradoon,Dehradoon APMC,Banana,Banana - Ripe,Grade B,1400,1800,1600,02/09/2026
Uttarakhand,Dehradoon,Rishikesh APMC,Banana,Other,Medium,1750,2150,1850,02/09/2026
Uttarakhand,Haridwar,Bhagwanpur(Naveen Mandi Sthal) APMC,Banana,Other,Grade B,600,800,700,02/09/2026
Uttarakhand,Udhamsinghnagar,Kashipur APMC,Banana,Other,Local,1200,3600,1800,02/09/2026
Uttarakhand,Haridwar,Haridwar Union APMC,Banana,Other,Grade C,1300,1800,1500,02/09/2026
Uttarakhand,Udhamsinghnagar,Sitarganj APMC,Banana,Banana - Ripe,Grade B,2000,3000,2500,02/09/2026
Uttarakhand,Haridwar,Manglaur APMC,Banana,Other,Medium,1000,1200,1100,02/09/2026
Uttarakhand,Udhamsinghnagar,Kicchha APMC,Banana,Banana - Ripe,Medium,600,700,650,02/09/2026
Himachal Pradesh,Sirmore,PMY Paonta Sahib,Banana,Medium,Grade A,4500,5000,4800,02/09/2026
Himachal Pradesh,Solan,SMY Nalagarh,Banana,Other,Medium,2400,3500,3000,02/09/2026
Himachal Pradesh,Kangra,SMY Baijnath,Banana,Banana - Ripe,Grade B,3700,3900,3800,02/09/2026
Himachal Pradesh,Una,PMY Una,Banana,Banana - Ripe,Grade A,3400,3600,3500,02/09/2026
Himachal Pradesh,Sirmore,SMY Nahan,Banana,Medium,Grade A,4000,4500,4200,02/09/2026
Himachal Pradesh,Kangra,SMY Jassur,Banana,Other,Medium,4000,5000,4500,02/09/2026
Himachal Pradesh,Solan,PMY Kather Solan,Banana,Other,Medium,3600,6100,5400,02/09/2026
Himachal Pradesh,Mandi,SMY Jogindernagar,Banana,Other,Grade B,3000,4000,3500,02/09/2026
Himachal Pradesh,Kangra,SMY Jaisinghpur,Banana,Other,Medium,5400,5600,5450,02/09/2026
Himachal Pradesh,Kullu,PMY Kullu,Banana,Other,Medium,3900,4200,4000,02/09/2026
Himachal Pradesh,Kangra,SMY Nagrota Bagwan,Banana,Other,Medium,4000,4800,4400,02/09/2026
Himachal Pradesh,Kangra,PMY Kangra,Banana,Other,Medium,4000,5000,4500,02/09/2026
Himachal Pradesh,Kullu,SMY Bhuntar,Banana,Other,Medium,3600,3800,3700,02/09/2026
Himachal Pradesh,Hamirpur,SMY Nadaun,Banana,Other,Grade B,4000,4200,4100,02/09/2026
Himachal Pradesh,Bilaspur,PMY Bilaspur,Banana,Other,Grade B,3800,4400,4000,02/09/2026
Himachal Pradesh,Shimla,SMY Rohroo,Banana,Other,Grade B,3200.00016,3666.66685,3466.66684,02/09/2026
Himachal Pradesh,Chamba,PMY Chamba,Banana,Other,Medium,4000,4200,4100,02/09/2026
Himachal Pradesh,Hamirpur,PMY Hamirpur,Banana,Other,Grade B,4200,4600,4400,02/09/2026
Himachal Pradesh,Kangra,SMY Palampur,Banana,Other,Medium,5200,5500,5400,02/09/2026
Himachal Pradesh,Kangra,SMY Dharamshala,Banana,Banana - Ripe,Medium,4500,4800,4650,02/09/2026
Tamil Nadu,Thiruvarur,Tiruthuraipoondi(Uzhavar Sandhai ),Mango,Safeda,Local,7000,7000,7000,02/09/2026
Tamil Nadu,Madurai,Anna nagar(Uzhavar Sandhai ),Mango,Safeda,Local,6000,7000,6500,02/09/2026
Tamil Nadu,Thirupur,Dharapuram(Uzhavar Sandhai ),Mango,Safeda,Local,5500,6000,5750,02/09/2026
Tamil Nadu,Kallakuruchi,Kallakurichi(Uzhavar Sandhai ),Mango,Other,Local,12000,12000,12000,02/09/2026
Tamil Nadu,Coimbatore,Mettupalayam(Uzhavar Sandhai ),Mango,Safeda,Local,6000,10000,8000,02/09/2026
Tamil Nadu,Coimbatore,RSPuram(Uzhavar Sandhai ),Mango,Neelam,Local,8000,9000,8500,02/09/2026
Tamil Nadu,Thiruvarur,Mannargudi I(Uzhavar Sandhai ),Mango,Safeda,Local,16000,16000,16000,02/09/2026
Tamil Nadu,Karur,Kulithalai(Uzhavar Sandhai ),Mango,Neelam,Local,5000,6000,5500,02/09/2026
Tamil Nadu,Madurai,Chokkikulam(Uzhavar Sandhai ),Mango,Safeda,Local,5000,9000,7000,02/09/2026
Tamil Nadu,Kallakuruchi,Sankarapuram(Uzhavar Sandhai ),Mango,Safeda,Local,5000,5000,5000,02/09/2026
Tamil Nadu,Salem,Sooramangalam(Uzhavar Sandhai ),Mango,Neelam,Local,7000,7500,7250,02/09/2026
Tamil Nadu,Nagapattinam,Nagapattinam(Uzhavar Sandhai ),Mango,Other,Local,5200,5200,5200,02/09/2026
Tamil Nadu,Thanjavur,Kumbakonam (Uzhavar Sandhai ),Mango,Safeda,Local,3000,8000,5500,02/09/2026
Tamil Nadu,Thiruvannamalai,Polur(Uzhavar Sandhai ),Mango,Safeda,Local,10000,12000,11000,02/09/2026
Tamil Nadu,Vellore,Thirupathur APMC,Mango,Safeda,Local,8000,8000,8000,02/09/2026
Tamil Nadu,Theni,Kambam(Uzhavar Sandhai ),Mango,Safeda,Local,8000,8000,8000,02/09/2026
Tamil Nadu,Thanjavur,Thanjavur(Uzhavar Sandhai ),Mango,Safeda,Local,8000,8000,8000,02/09/2026
Tamil Nadu,Tenkasi,Tenkasi(Uzhavar Sandhai ),Mango,Neelam,Local,8000,8000,8000,02/09/2026
Tamil Nadu,Pudukkottai,Pudukottai(Uzhavar Sandhai ),Mango,Other,Local,12000,13000,12500,02/09/2026
Tamil Nadu,Nagercoil (Kannyiakumari),Vadaseri APMC,Mango,Safeda,Local,7000,8000,7500,02/09/2026
Tamil Nadu,Vellore,Vellore APMC,Mango,Neelam,Local,14000,16000,15000,02/09/2026
Tamil Nadu,Namakkal,Rasipuram(Uzhavar Sandhai ),Mango(Raw-Ripe),Mango - Raw-Ripe,Local,4500,5500,5000,02/09/2026
Tamil Nadu,Salem,Sooramangalam(Uzhavar Sandhai ),Mango(Raw-Ripe),Mango - Raw-Ripe,Local,3500,4000,3750,02/09/2026
Tamil Nadu,Cuddalore,Vadalur(Uzhavar Sandhai ),Mango(Raw-Ripe),Mango - Raw-Ripe,Local,5000,5000,5000,02/09/2026
Tamil Nadu,Sivaganga,Tirupatthur(Uzhavar Sandhai ),Mango(Raw-Ripe),Mango - Raw-Ripe,Local,8400,9500,8950,02/09/2026
Tamil Nadu,Villupuram,Tindivanam APMC,Mango(Raw-Ripe),Mango - Raw-Ripe,Local,6000,6000,6000,02/09/2026
Tamil Nadu,Thiruvellore,Tiruvallur(Uzhavar Sandhai ),Mango(Raw-Ripe),Mango - Raw-Ripe,Local,5000,5000,5000,02/09/2026
Tamil Nadu,Thiruvannamalai,Polur(Uzhavar Sandhai ),Mango(Raw-Ripe),Mango - Raw-Ripe,Local,6000,7000,6500,02/09/2026
Tamil Nadu,Coimbatore,Mettupalayam(Uzhavar Sandhai ),Mango(Raw-Ripe),Mango - Raw-Ripe,Local,6000,6500,6250,02/09/2026
Tamil Nadu,Coimbatore,Singanallur(Uzhavar Sandhai ),Mango(Raw-Ripe),Mango - Raw-Ripe,Local,6000,6500,6250,02/09/2026
Tamil Nadu,Tuticorin,Tuticorin(Uzhavar Sandhai ),Mango(Raw-Ripe),Mango - Raw-Ripe,Local,8000,9000,8500,02/09/2026
Tamil Nadu,Krishnagiri,Kaveripattinam(Uzhavar Sandhai ),Mango(Raw-Ripe),Mango - Raw-Ripe,Local,9000,9000,9000,02/09/2026
Tamil Nadu,Nagapattinam,Sirkali(Uzhavar Sandhai ),Mango(Raw-Ripe),Mango - Raw-Ripe,Local,6500,7000,6750,02/09/2026
Tamil Nadu,Namakkal,Namakkal(Uzhavar Sandhai ),Mango(Raw-Ripe),Mango - Raw-Ripe,Local,4500,5000,4750,02/09/2026
Tamil Nadu,Ranipet,Ranipettai(Uzhavar Sandhai ),Mango(Raw-Ripe),Mango - Raw-Ripe,Local,8000,10000,9000,02/09/2026
Tamil Nadu,Thanjavur,Peravurani(Uzhavar Sandhai),Mango(Raw-Ripe),Mango - Raw-Ripe,Local,2500,3000,2750,02/09/2026
Tamil Nadu,Karur,Pallapatti (Uzhavar Sandhai ),Mango(Raw-Ripe),Mango - Raw-Ripe,Local,7500,8000,7750,02/09/2026
Tamil Nadu,Thiruchirappalli,KKNagar(Uzhavar Sandhai ),Mango(Raw-Ripe),Mango - Raw-Ripe,Local,10000,10000,10000,02/09/2026
Tamil Nadu,Thiruchirappalli,Lalgudi(Uzhavar Sandhai ),Mango(Raw-Ripe),Mango - Raw-Ripe,Local,10000,10000,10000,02/09/2026
Tamil Nadu,Chengalpattu,Nanganallur(Uzhavar Sandhai ),Mango(Raw-Ripe),Mango - Raw-Ripe,Local,3500,4000,3750,02/09/2026
Tamil Nadu,Chengalpattu,Jameenrayapettai(Uzhavar Sandhai ),Mango(Raw-Ripe),Mango - Raw-Ripe,Local,6000,7000,6500,02/09/2026
Tamil Nadu,Cuddalore,Viruthachalam(Uzhavar Sandhai ),Mango(Raw-Ripe),Mango - Raw-Ripe,Local,10000,10000,10000,02/09/2026
Tamil Nadu,Tenkasi,Tenkasi(Uzhavar Sandhai ),Mango(Raw-Ripe),Mango - Raw-Ripe,Local,6000,6000,6000,02/09/2026
Tamil Nadu,Virudhunagar,Aruppukottai(Uzhavar Sandhai ),Mango(Raw-Ripe),Mango - Raw-Ripe,Local,10000,12000,11000,02/09/2026
Tamil Nadu,Coimbatore,Udumalpet APMC,Mango(Raw-Ripe),Mango - Raw-Ripe,Local,7000,8000,7500,02/09/2026
Tamil Nadu,Nagapattinam,Mayiladuthurai(Uzhavar Sandhai ),Mango(Raw-Ripe),Mango - Raw-Ripe,Local,6000,7000,6500,02/09/2026
Tamil Nadu,Vellore,Kahithapattarai(Uzhavar Sandhai ),Mango(Raw-Ripe),Mango - Raw-Ripe,Local,10000,10000,10000,02/09/2026
Tamil Nadu,Thanjavur,Papanasam(Uzhavar Sandhai ),Mango(Raw-Ripe),Mango - Raw-Ripe,Local,9600,14400,12000,02/09/2026
Tamil Nadu,Karur,Karur(Uzhavar Sandhai ),Mango(Raw-Ripe),Mango - Raw-Ripe,Local,8500,9000,8750,02/09/2026
Tamil Nadu,Vellore,Vellore APMC,Mango(Raw-Ripe),Mango - Raw-Ripe,Local,9000,9000,9000,02/09/2026
Tamil Nadu,Coimbatore,Sundarapuram(Uzhavar Sandhai ),Mango(Raw-Ripe),Mango - Raw-Ripe,Local,9000,10000,9500,02/09/2026
Tamil Nadu,Cuddalore,Cuddalore(Uzhavar Sandhai ),Mango(Raw-Ripe),Mango - Raw-Ripe,Local,9000,14000,11500,02/09/2026
Tamil Nadu,Thirupathur,Vaniyampadi(Uzhavar Sandhai ),Mango(Raw-Ripe),Mango - Raw-Ripe,Local,10000,10000,10000,02/09/2026
Tamil Nadu,Ramanathapuram,Ramanathapuram(Uzhavar Sandhai ),Mango(Raw-Ripe),Mango - Raw-Ripe,Local,5000,5500,5250,02/09/2026
Tamil Nadu,Thiruvannamalai,Cheyyar(Uzhavar Sandhai ),Mango(Raw-Ripe),Mango - Raw-Ripe,Local,6500,8000,7250,02/09/2026
Tamil Nadu,Thiruvarur,Tiruvarur(Uzhavar Sandhai ),Mango(Raw-Ripe),Mango - Raw-Ripe,Local,7000,7000,7000,02/09/2026
Tamil Nadu,Thiruvarur,Valangaiman APMC,Mango(Raw-Ripe),Mango - Raw-Ripe,Local,6000,6000,6000,02/09/2026
Tamil Nadu,Sivaganga,Devakottai (Uzhavar Sandhai ),Mango(Raw-Ripe),Mango - Raw-Ripe,Local,8000,9200,8600,02/09/2026
Tamil Nadu,Sivaganga,Singampunari(Uzhavar Sandhai ),Mango(Raw-Ripe),Mango - Raw-Ripe,Local,8000,9000,8500,02/09/2026
Tamil Nadu,Kallakuruchi,Sankarapuram(Uzhavar Sandhai ),Mango(Raw-Ripe),Mango - Raw-Ripe,Local,5000,5000,5000,02/09/2026
Tamil Nadu,Madurai,Palanganatham(Uzhavar Sandhai ),Mango(Raw-Ripe),Mango - Raw-Ripe,Local,8000,9000,8500,02/09/2026
Tamil Nadu,Theni,Kambam(Uzhavar Sandhai ),Mango(Raw-Ripe),Mango - Raw-Ripe,Local,6000,6000,6000,02/09/2026
Tamil Nadu,Thirunelveli,Melapalayam(Uzhavar Sandhai ),Mango(Raw-Ripe),Mango - Raw-Ripe,Local,6000,7000,6500,02/09/2026
Tamil Nadu,Thirunelveli,Palayamkottai(Uzhavar Sandhai ),Mango(Raw-Ripe),Mango - Raw-Ripe,Local,6500,7000,6750,02/09/2026
Tamil Nadu,Thiruvarur,Muthupettai(Uzhavar Sandhai ),Mango(Raw-Ripe),Mango - Raw-Ripe,Local,9000,9000,9000,02/09/2026
Tamil Nadu,Madurai,Anaiyur(Uzhavar Sandhai ),Mango(Raw-Ripe),Mango - Raw-Ripe,Local,8000,9000,8500,02/09/2026
Tamil Nadu,Madurai,Anna nagar(Uzhavar Sandhai ),Mango(Raw-Ripe),Mango - Raw-Ripe,Local,10000,11000,10500,02/09/2026
Tamil Nadu,Cuddalore,Panruti(Uzhavar Sandhai ),Mango(Raw-Ripe),Mango - Raw-Ripe,Local,9000,9000,9000,02/09/2026
Tamil Nadu,Sivaganga,Sivagangai (Uzhavar Sandhai ),Mango(Raw-Ripe),Mango - Raw-Ripe,Local,9000,9000,9000,02/09/2026
Tamil Nadu,Thanjavur,Pattukottai(Uzhavar Sandhai ),Mango(Raw-Ripe),Mango - Raw-Ripe,Local,5000,5000,5000,02/09/2026
Tamil Nadu,Thanjavur,Thanjavur(Uzhavar Sandhai ),Mango(Raw-Ripe),Mango - Raw-Ripe,Local,8400,8400,8400,02/09/2026
Tamil Nadu,Chengalpattu,Pallavaram(Uzhavar Sandhai ),Mango(Raw-Ripe),Mango - Raw-Ripe,Local,6000,7000,6500,02/09/2026
Tamil Nadu,Nagapattinam,Nagapattinam(Uzhavar Sandhai ),Mango(Raw-Ripe),Mango - Raw-Ripe,Local,5300,6500,5900,02/09/2026
Tamil Nadu,Pudukkottai,Pudukottai(Uzhavar Sandhai ),Mango(Raw-Ripe),Mango - Raw-Ripe,Local,14000,15000,14500,02/09/2026
Tamil Nadu,The Nilgiris,Udhagamandalam(Uzhavar Sandhai ),Mango(Raw-Ripe),Mango - Raw-Ripe,Local,8000,10000,9000,02/09/2026
Tamil Nadu,Thiruvarur,Needamangalam(Uzhavar Sandhai ),Mango(Raw-Ripe),Mango - Raw-Ripe,Local,9000,9000,9000,02/09/2026
Tamil Nadu,Madurai,Melur(Uzhavar Sandhai ),Mango(Raw-Ripe),Mango - Raw-Ripe,Local,8000,9000,8500,02/09/2026
Tamil Nadu,Nagapattinam,Vedaranyam(Uzhavar Sandhai),Mango(Raw-Ripe),Mango - Raw-Ripe,Local,4500,5000,4750,02/09/2026
Tamil Nadu,Karur,Kulithalai(Uzhavar Sandhai ),Mango(Raw-Ripe),Mango - Raw-Ripe,Local,7000,9000,8000,02/09/2026
Tamil Nadu,Thiruvarur,Tiruthuraipoondi(Uzhavar Sandhai ),Mango(Raw-Ripe),Mango - Raw-Ripe,Local,5000,5000,5000,02/09/2026
Tamil Nadu,Nagercoil (Kannyiakumari),Vadaseri APMC,Mango(Raw-Ripe),Mango - Raw-Ripe,Local,8000,8500,8250,02/09/2026
Tamil Nadu,Dindigul,Palani(Uzhavar Sandhai ),Mango(Raw-Ripe),Mango - Raw-Ripe,Local,5000,8000,6500,02/09/2026
Tamil Nadu,Thanjavur,Tirukattupalli(Uzhavar Sandhai ),Mango(Raw-Ripe),Mango - Raw-Ripe,Local,9000,9000,9000,02/09/2026
Tamil Nadu,Perambalur,Perambalur(Uzhavar Sandhai ),Mango(Raw-Ripe),Mango - Raw-Ripe,Local,9000,9800,9400,02/09/2026
Tamil Nadu,Thiruchirappalli,Thuraiyur APMC,Mango(Raw-Ripe),Mango - Raw-Ripe,Local,10000,12000,11000,02/09/2026
Tamil Nadu,Sivaganga,Karaikudi(Uzhavar Sandhai ),Mango(Raw-Ripe),Mango - Raw-Ripe,Local,9000,10000,9500,02/09/2026
Tamil Nadu,Thiruchirappalli,Manachanallur(Uzhavar Sandhai ),Mango(Raw-Ripe),Mango - Raw-Ripe,Local,8000,10000,9000,02/09/2026
Tamil Nadu,Thiruchirappalli,Manapparai(Uzhavar Sandhai ),Mango(Raw-Ripe),Mango - Raw-Ripe,Local,10000,10000,10000,02/09/2026
Tamil Nadu,Thiruchirappalli,Musiri(Uzhavar Sandhai ),Mango(Raw-Ripe),Mango - Raw-Ripe,Local,10000,11000,10500,02/09/2026
Tamil Nadu,Thiruchirappalli,Thiruverumbur(Uzhavar Sandhai ),Mango(Raw-Ripe),Mango - Raw-Ripe,Local,10000,10000,10000,02/09/2026
Tamil Nadu,Chengalpattu,Chengalpet(Uzhavar Sandhai ),Mango(Raw-Ripe),Mango - Raw-Ripe,Local,6000,7000,6500,02/09/2026
Tamil Nadu,Madurai,Chokkikulam(Uzhavar Sandhai ),Mango(Raw-Ripe),Mango - Raw-Ripe,Local,9000,14000,11500,02/09/2026
Tamil Nadu,Thanjavur,Kumbakonam (Uzhavar Sandhai ),Mango(Raw-Ripe),Mango - Raw-Ripe,Local,9600,14400,12000,02/09/2026
Tamil Nadu,Villupuram,Gingee(Uzhavar Sandhai ),Mango(Raw-Ripe),Mango - Raw-Ripe,Local,7000,7000,7000,02/09/2026
Tamil Nadu,Vellore,Katpadi (Uzhavar Sandhai ),Mango(Raw-Ripe),Mango - Raw-Ripe,Local,9000,9000,9000,02/09/2026
Tamil Nadu,Thiruvannamalai,Arani(Uzhavar Sandhai ),Mango(Raw-Ripe),Mango - Raw-Ripe,Local,7000,8400,7700,02/09/2026
Tamil Nadu,Thiruvannamalai,Tiruvannamalai(Uzhavar Sandhai ),Mango(Raw-Ripe),Mango - Raw-Ripe,Local,10000,12000,11000,02/09/2026
Tamil Nadu,Thiruvarur,Mannargudi I(Uzhavar Sandhai ),Mango(Raw-Ripe),Mango - Raw-Ripe,Local,9600,9600,9600,02/09/2026
Tamil Nadu,Thiruvarur,Mannargudi II(Uzhavar Sandhai ),Mango(Raw-Ripe),Mango - Raw-Ripe,Local,9600,9600,9600,02/09/2026
Tamil Nadu,Tuticorin,Kovilpatti(Uzhavar Sandhai ),Mango(Raw-Ripe),Mango - Raw-Ripe,Local,7000,7500,7250,02/09/2026
Tamil Nadu,Vellore,Gudiyatham(Uzhavar Sandhai ),Mango(Raw-Ripe),Mango - Raw-Ripe,Local,7600,7600,7600,02/09/2026
Tamil Nadu,Cuddalore,Chidambaram(Uzhavar Sandhai ),Mango(Raw-Ripe),Mango - Raw-Ripe,Local,8000,8000,8000,02/09/2026
Tamil Nadu,Vellore,Thirupathur APMC,Mango(Raw-Ripe),Mango - Raw-Ripe,Local,8000,8000,8000,02/09/2026
Maharashtra,Mumbai,Mumbai APMC,Mango(Raw-Ripe),Other,Local,4000,5000,4500,02/09/2026
Rajasthan,Ganganagar,Sriganganagar (F&V) APMC,Mango,Amrapali,Grade A,14300,14700,14500,02/09/2026
Gujarat,Surat,Surat APMC,Mango(Raw-Ripe),Other,FAQ,20000,23000,21500,02/09/2026
Haryana,Hissar,Hansi APMC,Mango,Other,Grade B,10000,12000,11000,02/09/2026
Punjab,Ropar (Rupnagar),Chamkaur Sahib APMC,Mango,Other,Medium,8000,8000,8000,02/09/2026
Punjab,Fatehgarh,Sirhind APMC,Mango,Chausa,Medium,9000,10000,9500,02/09/2026
Andhra Pradesh,Tirupathi,Puttur APMC,Mango,Other,Grade B,1100,1200,1150,02/09/2026
Andhra Pradesh,Anakapally,Payakaraopeta APMC,Mango,Other,Local,2350,2450,2400,02/09/2026
Andhra Pradesh,Chittor,Bangarupalyam APMC,Mango,Other,Grade B,1000,1200,1100,02/09/2026
Telangana,Hyderabad,Bowenpally APMC,Mango(Raw-Ripe),Mango - Raw-Ripe,FAQ,800,2500,2000,02/09/2026
Himachal Pradesh,Shimla,SMY Rampur,Mango,Other,Local,17000,17500,17500,02/09/2026
Himachal Pradesh,Kullu,SMY Bhuntar,Mango,Other,Medium,20000,27000,23500,02/09/2026
Tamil Nadu,Krishnagiri,Hosur(Uzhavar Sandhai ),Pomegranate,Pomogranate,Local,10000,12000,11000,02/09/2026
Tamil Nadu,Salem,Ammapet(Uzhavar Sandhai ),Pomegranate,Pomogranate,Local,12000,15000,13500,02/09/2026
Tamil Nadu,Salem,Thathakapatti(Uzhavar Sandhai ),Pomegranate,Pomogranate,Local,10000,15000,12500,02/09/2026
Tamil Nadu,Theni,Theni(Uzhavar Sandhai ),Pomegranate,Pomogranate,Local,16000,22000,19000,02/09/2026
Tamil Nadu,Salem,Hasthampatti(Uzhavar Sandhai ),Pomegranate,Pomogranate,Local,14000,15000,14500,02/09/2026
Tamil Nadu,Thanjavur,Thanjavur(Uzhavar Sandhai ),Pomegranate,Pomogranate,Local,24000,24000,24000,02/09/2026
Tamil Nadu,Chengalpattu,Nanganallur(Uzhavar Sandhai ),Pomegranate,Pomogranate,Local,10000,11000,10500,02/09/2026
Tamil Nadu,Vellore,Kahithapattarai(Uzhavar Sandhai ),Pomegranate,Pomogranate,Local,13000,13000,13000,02/09/2026
Tamil Nadu,Kancheepuram,Kundrathur(Uzhavar Sandhai ),Pomegranate,Pomogranate,Local,15000,15000,15000,02/09/2026
Tamil Nadu,Vellore,Katpadi (Uzhavar Sandhai ),Pomegranate,Pomogranate,Local,18000,18000,18000,02/09/2026
Tamil Nadu,Tuticorin,Tuticorin(Uzhavar Sandhai ),Pomegranate,Pomogranate,Local,21000,22000,21500,02/09/2026
Tamil Nadu,Chengalpattu,Guduvancheri(Uzhavar Sandhai ),Pomegranate,Pomogranate,Local,12000,13000,12500,02/09/2026
Tamil Nadu,The Nilgiris,Udhagamandalam(Uzhavar Sandhai ),Pomegranate,Pomogranate,Local,10000,14000,12000,02/09/2026
Tamil Nadu,Virudhunagar,Aruppukottai(Uzhavar Sandhai ),Pomegranate,Pomogranate,Local,20000,22000,21000,02/09/2026
Tamil Nadu,Chengalpattu,Jameenrayapettai(Uzhavar Sandhai ),Pomegranate,Pomogranate,Local,12000,13000,12500,02/09/2026
Tamil Nadu,Thirunelveli,Palayamkottai(Uzhavar Sandhai ),Pomegranate,Pomogranate,Local,16000,18000,17000,02/09/2026
Tamil Nadu,Madurai,Chokkikulam(Uzhavar Sandhai ),Pomegranate,Pomogranate,Local,18000,22000,20000,02/09/2026
Tamil Nadu,Madurai,Palanganatham(Uzhavar Sandhai ),Pomegranate,Pomogranate,Local,18000,22000,20000,02/09/2026
Tamil Nadu,Perambalur,Perambalur(Uzhavar Sandhai ),Pomegranate,Pomogranate,Local,18000,20000,19000,02/09/2026
Tamil Nadu,Nagercoil (Kannyiakumari),Myladi(Uzhavar Sandhai ),Pomegranate,Pomogranate,Local,12000,13000,12500,02/09/2026
Tamil Nadu,Pudukkottai,Pudukottai(Uzhavar Sandhai ),Pomegranate,Pomogranate,Local,24000,25000,24500,02/09/2026
Tamil Nadu,Coimbatore,Vadavalli(Uzhavar Sandhai ),Pomegranate,Pomogranate,Local,10000,14000,12000,02/09/2026
Tamil Nadu,Thiruvarur,Mannargudi I(Uzhavar Sandhai ),Pomegranate,Pomogranate,Local,10000,17000,13500,02/09/2026
Tamil Nadu,Coimbatore,RSPuram(Uzhavar Sandhai ),Pomegranate,Pomogranate,Local,10000,14000,12000,02/09/2026
Tamil Nadu,Madurai,Anaiyur(Uzhavar Sandhai ),Pomegranate,Pomogranate,Local,18000,22000,20000,02/09/2026
Tamil Nadu,Madurai,Anna nagar(Uzhavar Sandhai ),Pomegranate,Pomogranate,Local,14000,17000,15500,02/09/2026
Tamil Nadu,Thiruchirappalli,KKNagar(Uzhavar Sandhai ),Pomegranate,Pomogranate,Local,17000,17000,17000,02/09/2026
Tamil Nadu,Erode,Sampath Nagar(Uzhavar Sandhai ),Pomegranate,Pomogranate,Local,15500,16000,15750,02/09/2026
Tamil Nadu,Thiruvannamalai,Tiruvannamalai(Uzhavar Sandhai ),Pomegranate,Pomogranate,Local,14000,16000,15000,02/09/2026
Tamil Nadu,Coimbatore,Mettupalayam(Uzhavar Sandhai ),Pomegranate,Pomogranate,Local,12000,15000,13500,02/09/2026
Tamil Nadu,Coimbatore,Singanallur(Uzhavar Sandhai ),Pomegranate,Pomogranate,Local,14000,15000,14500,02/09/2026
Tamil Nadu,Vellore,Vellore APMC,Pomegranate,Pomogranate,Local,15000,15000,15000,02/09/2026
Madhya Pradesh,Indore,Indore(F&V) APMC,Pomegranate,Pomogranate,Local,3000,8000,5000,02/09/2026
Madhya Pradesh,Narsinghpur,Gadarwara(F&V) APMC,Pomegranate,Pomogranate,Grade B,6000,6000,6000,02/09/2026
Maharashtra,Ahilyanagar,Sangamner APMC,Pomegranate,Other,Local,1000,12000,6500,02/09/2026
Maharashtra,Solapur,"Perfect Krushi Market Yard, Tal Madha, Dist Solapur",Pomegranate,Other,Local,1425,13100,9000,02/09/2026
Maharashtra,Sangli,"Sangli(Phale, Bhajipala Market) APMC",Pomegranate,Other,Local,3000,10000,6500,02/09/2026
Maharashtra,Mumbai,Mumbai- Fruit Market APMC,Pomegranate,Other,Local,10000,15000,12500,02/09/2026
Maharashtra,Dharashiv,Dharashiv APMC,Pomegranate,Other,Local,1600,5000,3300,02/09/2026
Maharashtra,Nagpur,HINGNA - APMC,Pomegranate,Other,Local,5000,10000,7500,02/09/2026
Maharashtra,Nashik,"Premium Krushi Utpanna Bazar, Nashik",Pomegranate,Other,Local,500,12000,4700,02/09/2026
Maharashtra,Nashik,"Perfect Krishi Market Yard Pvt Ltd, Dist Nashik",Pomegranate,Other,Local,1275,12500,8250,02/09/2026
Maharashtra,Nashik,Pimpalgaon Baswant APMC,Pomegranate,Other,Local,250,10250,7750,02/09/2026
Maharashtra,Nagpur,Nagpur APMC,Pomegranate,Other,Local,2000,6000,5000,02/09/2026
Maharashtra,Solapur,SHRI.SIDDHESHWAR  APMC,Pomegranate,Other,Local,1000,13500,5100,02/09/2026
Maharashtra,Nashik,Nasik APMC,Pomegranate,Other,Local,350,10000,6100,02/09/2026
Maharashtra,Pune,Pune(Manjri) APMC,Pomegranate,Other,Local,3000,5000,4000,02/09/2026
Maharashtra,Solapur,Sangola APMC,Pomegranate,Other,Local,2000,12500,7000,02/09/2026
Maharashtra,Pune,Junnar(Alephata) APMC,Pomegranate,Other,Local,6000,25500,13500,02/09/2026
Maharashtra,Chattrapati Sambhajinagar,Chattrapati Sambhajinagar APMC,Pomegranate,Other,Local,7000,16000,11500,02/09/2026
Maharashtra,Amarawati,Amrawati(Frui & Veg. Market) APMC,Pomegranate,Other,Local,5000,7000,6000,02/09/2026
Maharashtra,Pune,Indapur APMC,Pomegranate,Other,Local,1200,16100,4200,02/09/2026
Maharashtra,Jalgaon,Jalgaon APMC,Pomegranate,Other,Local,5000,13000,9000,02/09/2026
Rajasthan,Jodhpur,Jodhpur (F&V) APMC,Pomegranate,Other,Medium,4000,8000,6000,02/09/2026
Rajasthan,Jaipur,Jaipur (F&V) APMC,Pomegranate,Other,Medium,5000,12000,8500,02/09/2026
Rajasthan,Ganganagar,Sriganganagar (F&V) APMC,Pomegranate,Pomogranate,Medium,8300,8700,8500,02/09/2026
Karnataka,Mysuru,Mysuru APMC,Pomegranate,Pomogranate,Medium,11660,14000,13600,02/09/2026
Karnataka,Kalaburagi,Kalaburagi APMC,Pomegranate,Pomogranate,Local,2000,3200,2600,02/09/2026
Gujarat,Porbandar,Porbandar APMC,Pomegranate,Other,Grade A,4000,10000,7000,02/09/2026
Gujarat,Rajkot,Gondal(Veg.market Gondal) APMC,Pomegranate,Pomogranate,Local,8000,10000,9000,02/09/2026
Gujarat,Banaskanth,Deesa(Deesa Veg Yard) APMC,Pomegranate,Other,Medium,6000,11000,8500,02/09/2026
Gujarat,Bharuch,Bharuch APMC,Pomegranate,Other,Local,2000,4000,3000,02/09/2026
Haryana,Fatehabad,Ratia APMC,Pomegranate,Other,Grade A,3700,12200,9000,02/09/2026
Haryana,Rohtak,Rohtak APMC,Pomegranate,Other,Medium,6000,10000,8000,02/09/2026
Haryana,Mahendragarh-Narnaul,Narnaul APMC,Pomegranate,Pomogranate,Medium,8000,12000,10000,02/09/2026
Haryana,Sonipat,Sonepat APMC,Pomegranate,Other,Medium,4000,8000,5000,02/09/2026
Haryana,Gurgaon,Gurgaon APMC,Pomegranate,Other,Grade B,5000,10000,7500,02/09/2026
Haryana,Rohtak,Meham,Pomegranate,Pomogranate,Medium,6000,6000,6000,02/09/2026
Haryana,Hissar,Hansi APMC,Pomegranate,Other,Grade B,8000,15000,12000,02/09/2026
Haryana,Mahendragarh-Narnaul,Mohindergarh APMC,Pomegranate,Pomogranate,Medium,5000,6000,6000,02/09/2026
Haryana,Yamuna Nagar,Jagadhri APMC,Pomegranate,Pomogranate,Medium,6000,9151,8000,02/09/2026
Haryana,Ambala,Naraingarh APMC,Pomegranate,Pomogranate,Medium,7000,10000,8000,02/09/2026
Haryana,Fatehabad,Fatehabad APMC,Pomegranate,Pomogranate,Local,10000,10000,10000,02/09/2026
Haryana,Kurukshetra,Shahabad APMC,Pomegranate,Pomogranate,Medium,6500,8080,7000,02/09/2026
Haryana,Kurukshetra,Thanesar APMC,Pomegranate,Pomogranate,Medium,5000,10000,7500,02/09/2026
Haryana,Mewat,Tauru APMC,Pomegranate,Other,Medium,10000,10000,10000,02/09/2026
Haryana,Hissar,Barwala(Hisar) APMC,Pomegranate,Pomogranate,Local,12000,13000,12500,02/09/2026
Haryana,Jind,Narwana APMC,Pomegranate,Pomogranate,Local,8000,8000,8000,02/09/2026
Haryana,Faridabad,Faridabad APMC,Pomegranate,Pomogranate,Grade B,8000,8000,8000,02/09/2026
Haryana,Sonipat,Gohana APMC,Pomegranate,Pomogranate,Medium,10000,14000,12000,02/09/2026
Haryana,Karnal,Indri APMC,Pomegranate,Other,Medium,9000,12000,10000,02/09/2026
Punjab,Muktsar,Muktsar APMC,Pomegranate,Pomogranate,Medium,10000,14000,12500,02/09/2026
Punjab,Ludhiana,Ludhiana APMC,Pomegranate,Other,Medium,2000,6000,4000,02/09/2026
Punjab,Ludhiana,Jagraon APMC,Pomegranate,Other,Grade A,8000,8000,8000,02/09/2026
Punjab,Muktsar,Malout APMC,Pomegranate,Pomogranate,Grade A,12000,12000,12000,02/09/2026
Punjab,Patiala,Patran APMC,Pomegranate,Other,Grade A,7560,7560,7560,02/09/2026
Punjab,Sangrur,Malerkotla APMC,Pomegranate,Other,Local,3000,8000,5000,02/09/2026
Punjab,Bhatinda,Bathinda APMC,Pomegranate,Pomogranate,Grade B,10000,17000,15000,02/09/2026
Punjab,Gurdaspur,Dinanagar APMC,Pomegranate,Pomogranate,Medium,10000,12000,11000,02/09/2026
Punjab,Ludhiana,Khanna APMC,Pomegranate,Other,Grade A,8000,8000,8000,02/09/2026
Punjab,Sangrur,Dhuri APMC,Pomegranate,Other,Medium,9000,10000,9500,02/09/2026
Punjab,Faridkot,Faridkot APMC,Pomegranate,Other,Grade A,12000,12000,12000,02/09/2026
Punjab,Ropar (Rupnagar),Chamkaur Sahib APMC,Pomegranate,Other,Medium,8000,8000,8000,02/09/2026
Punjab,Sangrur,Sangrur APMC,Pomegranate,Pomogranate,Grade B,6000,15000,8500,02/09/2026
Punjab,Hoshiarpur,Mukerian APMC,Pomegranate,Pomogranate,Grade B,12000,14000,13000,02/09/2026
Punjab,Hoshiarpur,Garh Shankar APMC,Pomegranate,Other,Medium,7500,7500,7500,02/09/2026
Punjab,Nawanshahr,Balachaur APMC,Pomegranate,Pomogranate,Medium,7000,9000,8000,02/09/2026
Punjab,Fatehgarh,Sirhind APMC,Pomegranate,Other,Medium,12000,15000,14000,02/09/2026
Punjab,Bhatinda,Rampuraphul(Nabha Mandi) APMC,Pomegranate,Other,Grade A,5000,7000,6000,02/09/2026
Telangana,Ranga Reddy,Gaddiannaram APMC,Pomegranate,Pomogranate,Medium,1000,12000,3000,02/09/2026
Telangana,Warangal,Warangal APMC,Pomegranate,Pomogranate,Large,6000,13000,8000,02/09/2026
Uttarakhand,Dehradoon,Dehradoon APMC,Pomegranate,Other,Grade B,6500,9500,8500,02/09/2026
Uttarakhand,Udhamsinghnagar,Rudrapur APMC,Pomegranate,Other,Medium,5000,8500,7000,02/09/2026
Uttarakhand,Dehradoon,Rishikesh APMC,Pomegranate,Other,Medium,6200,11000,7600,02/09/2026
Uttarakhand,Udhamsinghnagar,Kashipur APMC,Pomegranate,Other,Local,6500,6800,6650,02/09/2026
Uttarakhand,Haridwar,Manglaur APMC,Pomegranate,Other,Medium,4000,6000,5000,02/09/2026
Himachal Pradesh,Mandi,SMY Takoli,Pomegranate,Other,Medium,2000,5500,4500,02/09/2026
Himachal Pradesh,Kangra,PMY Kangra,Pomegranate,Other,Medium,10000,11000,11000,02/09/2026
Himachal Pradesh,Chamba,PMY Chamba,Pomegranate,Other,Medium,10000,12000,11000,02/09/2026
Himachal Pradesh,Sirmore,SMY Nahan,Pomegranate,Other,Grade A,10000,13000,12000,02/09/2026
Himachal Pradesh,Kangra,SMY Dharamshala,Pomegranate,Pomogranate,Medium,8000,12000,10000,02/09/2026
Himachal Pradesh,Kullu,SMY Shatt,Pomegranate,Pomogranate,Medium,5000,7000,6000,02/09/2026
Himachal Pradesh,Shimla,SMY Rampur,Pomegranate,Other,Local,12000,15000,14000,02/09/2026
Himachal Pradesh,Kullu,SMY Bandrol,Pomegranate,Other,Grade A,3500,6500,4000,02/09/2026
Himachal Pradesh,Solan,PMY Kather Solan,Pomegranate,Other,Medium,6000,10000,9000,02/09/2026
Himachal Pradesh,Kangra,SMY Jaisinghpur,Pomegranate,Other,Medium,8000,16000,12000,02/09/2026
Himachal Pradesh,Mandi,SMY Dhanotu,Pomegranate,Pomogranate,Medium,5000,13000,9500,02/09/2026
Himachal Pradesh,Kangra,SMY Jassur,Pomegranate,Other,Medium,7000,12000,9000,02/09/2026
Himachal Pradesh,Sirmore,PMY Paonta Sahib,Pomegranate,Other,Grade B,8000,16000,12000,02/09/2026
Himachal Pradesh,Bilaspur,PMY Bilaspur,Pomegranate,Other,Grade A,7700,16000,9200,02/09/2026
Himachal Pradesh,Kullu,PMY Kullu,Pomegranate,Other,Medium,3000,8000,6000,02/09/2026
Himachal Pradesh,Shimla,SMY Rohroo,Pomegranate,Other,Grade B,12000,14000,13000,02/09/2026
Himachal Pradesh,Hamirpur,PMY Hamirpur,Pomegranate,Other,Grade B,10000,14000,12000,02/09/2026
Himachal Pradesh,Kangra,SMY Nagrota Bagwan,Pomegranate,Pomogranate,Medium,10000,11000,10500,02/09/2026
Himachal Pradesh,Una,PMY Una,Pomegranate,Pomogranate,Grade A,7000,16000,11000,02/09/2026
Himachal Pradesh,Kullu,SMY Bhuntar,Pomegranate,Other,Medium,3000,9000,6000,02/09/2026
Himachal Pradesh,Kangra,SMY Palampur,Pomegranate,Pomogranate,Medium,7000,15000,11000,02/09/2026
Himachal Pradesh,Mandi,SMY Jogindernagar,Pomegranate,Pomogranate,Grade B,5500,9000,7250,02/09/2026
Tamil Nadu,Coimbatore,RSPuram(Uzhavar Sandhai ),Grapes,Annabesahai,Local,9000,10000,9500,02/09/2026
Tamil Nadu,Madurai,Palanganatham(Uzhavar Sandhai ),Grapes,Annabesahai,Local,11000,12000,11500,02/09/2026
Tamil Nadu,Krishnagiri,Hosur(Uzhavar Sandhai ),Grapes,Annabesahai,Local,14000,16000,15000,02/09/2026
Tamil Nadu,Madurai,Anna nagar(Uzhavar Sandhai ),Grapes,Annabesahai,Local,10000,10000,10000,02/09/2026
Tamil Nadu,Theni,Theni(Uzhavar Sandhai ),Grapes,Annabesahai,Local,12000,12000,12000,02/09/2026
Tamil Nadu,Thirunelveli,Palayamkottai(Uzhavar Sandhai ),Grapes,Annabesahai,Local,11000,12000,11500,02/09/2026
Tamil Nadu,Erode,Sampath Nagar(Uzhavar Sandhai ),Grapes,Annabesahai,Local,10500,11000,10750,02/09/2026
Tamil Nadu,Vellore,Vellore APMC,Grapes,Annabesahai,Local,10000,10000,10000,02/09/2026
Tamil Nadu,Madurai,Anaiyur(Uzhavar Sandhai ),Grapes,Annabesahai,Local,11000,12000,11500,02/09/2026
Tamil Nadu,Thiruchirappalli,KKNagar(Uzhavar Sandhai ),Grapes,Annabesahai,Local,13000,13000,13000,02/09/2026
Tamil Nadu,Thiruvarur,Mannargudi I(Uzhavar Sandhai ),Grapes,Annabesahai,Local,11000,11000,11000,02/09/2026
Tamil Nadu,Tuticorin,Tuticorin(Uzhavar Sandhai ),Grapes,Annabesahai,Local,13000,14000,13500,02/09/2026
Tamil Nadu,Perambalur,Perambalur(Uzhavar Sandhai ),Grapes,Annabesahai,Local,10000,12000,11000,02/09/2026
Tamil Nadu,Salem,Hasthampatti(Uzhavar Sandhai ),Grapes,Annabesahai,Local,9000,10000,9500,02/09/2026
Tamil Nadu,Thiruchirappalli,Manapparai(Uzhavar Sandhai ),Grapes,Annabesahai,Local,8000,8000,8000,02/09/2026
Tamil Nadu,Chengalpattu,Nanganallur(Uzhavar Sandhai ),Grapes,Annabesahai,Local,9000,10000,9500,02/09/2026
Tamil Nadu,Chengalpattu,Jameenrayapettai(Uzhavar Sandhai ),Grapes,Annabesahai,Local,10000,11000,10500,02/09/2026
Tamil Nadu,Madurai,Chokkikulam(Uzhavar Sandhai ),Grapes,Annabesahai,Local,11000,12000,11500,02/09/2026
Tamil Nadu,Coimbatore,Vadavalli(Uzhavar Sandhai ),Grapes,Annabesahai,Local,9000,10000,9500,02/09/2026
Tamil Nadu,Coimbatore,Singanallur(Uzhavar Sandhai ),Grapes,Annabesahai,Local,9000,10000,9500,02/09/2026
Tamil Nadu,Thanjavur,Thanjavur(Uzhavar Sandhai ),Grapes,Annabesahai,Local,12000,12000,12000,02/09/2026
Tamil Nadu,The Nilgiris,Udhagamandalam(Uzhavar Sandhai ),Grapes,Annabesahai,Local,8000,10000,9000,02/09/2026
Tamil Nadu,Thiruvannamalai,Tiruvannamalai(Uzhavar Sandhai ),Grapes,Annabesahai,Local,8000,10000,9000,02/09/2026
Maharashtra,Nagpur,Nagpur APMC,Grapes,Other,Local,4000,6000,5500,02/09/2026
Uttar Pradesh,Shamli,Khandhla APMC,Grapes,Green,Medium,4100,4140,4120,02/09/2026
Rajasthan,Ganganagar,Sriganganagar (F&V) APMC,Grapes,Green,Grade A,13800,14200,14000,02/09/2026
Karnataka,Mysuru,Mysuru APMC,Grapes,Black,Medium,8140,8500,8200,02/09/2026
Karnataka,Bengaluru,Bengaluru APMC,Dry Grapes,Dry Grapes,Medium,42000,85000,63500,02/09/2026
Karnataka,Vijayapura,Vijayapura APMC,Dry Grapes,Dry Grapes,Local,7500,15000,11200,02/09/2026
Gujarat,Rajkot,Gondal(Veg.market Gondal) APMC,Grapes,Green,Local,28000,30000,29000,02/09/2026
Haryana,Kurukshetra,Shahabad APMC,Grapes,Green,Medium,10000,10000,10000,02/09/2026
Haryana,Panipat,Panipat APMC,Grapes,Other,Large,10000,12000,11000,02/09/2026
Haryana,Ambala,Naraingarh APMC,Grapes,Green,Small,7000,7000,7000,02/09/2026
Punjab,Jalandhar,Jalandhar City(Jalandhar) APMC,Grapes,Other,Medium,2100,6000,4400,02/09/2026
Telangana,Warangal,Warangal APMC,Grapes,Black,Large,7000,7000,7000,02/09/2026
Telangana,Ranga Reddy,Gaddiannaram APMC,Grapes,Black,Medium,1500,5000,2500,02/09/2026
Telangana,Ranga Reddy,Gaddiannaram APMC,Grapes,Other,Medium,16000,26000,20000,02/09/2026
Tamil Nadu,Vellore,Vellore APMC,Apple,American,Local,25000,25000,25000,02/09/2026
Tamil Nadu,Erode,Sampath Nagar(Uzhavar Sandhai ),Apple,American,Local,26000,27000,26500,02/09/2026
Tamil Nadu,Theni,Theni(Uzhavar Sandhai ),Apple,American,Local,14000,26000,20000,02/09/2026
Tamil Nadu,Thirunelveli,Palayamkottai(Uzhavar Sandhai ),Apple,American,Local,20000,24000,22000,02/09/2026
Tamil Nadu,Salem,Ammapet(Uzhavar Sandhai ),Apple,American,Local,20000,24000,22000,02/09/2026
Tamil Nadu,Thiruchirappalli,KKNagar(Uzhavar Sandhai ),Apple,American,Local,23000,25000,24000,02/09/2026
Tamil Nadu,Chengalpattu,Nanganallur(Uzhavar Sandhai ),Apple,American,Local,18000,20000,19000,02/09/2026
Tamil Nadu,Chengalpattu,Jameenrayapettai(Uzhavar Sandhai ),Apple,American,Local,22000,24000,23000,02/09/2026
Tamil Nadu,The Nilgiris,Udhagamandalam(Uzhavar Sandhai ),Apple,American,Local,20000,22000,21000,02/09/2026
Tamil Nadu,Thiruvannamalai,Tiruvannamalai(Uzhavar Sandhai ),Apple,American,Local,20000,24000,22000,02/09/2026
Tamil Nadu,Tuticorin,Tuticorin(Uzhavar Sandhai ),Apple,American,Local,19000,20000,19500,02/09/2026
Tamil Nadu,Madurai,Anaiyur(Uzhavar Sandhai ),Apple,American,Local,18000,27000,22500,02/09/2026
Tamil Nadu,Madurai,Anna nagar(Uzhavar Sandhai ),Apple,American,Local,14000,20000,17000,02/09/2026
Tamil Nadu,Coimbatore,Vadavalli(Uzhavar Sandhai ),Apple,American,Local,20000,28000,24000,02/09/2026
Tamil Nadu,Thiruvarur,Mannargudi I(Uzhavar Sandhai ),Apple,American,Local,15000,20000,17500,02/09/2026
Tamil Nadu,Coimbatore,Singanallur(Uzhavar Sandhai ),Apple,American,Local,22000,28000,25000,02/09/2026
Tamil Nadu,Madurai,Palanganatham(Uzhavar Sandhai ),Apple,American,Local,20000,27000,23500,02/09/2026
Tamil Nadu,Vellore,Katpadi (Uzhavar Sandhai ),Apple,American,Local,25000,25000,25000,02/09/2026
Tamil Nadu,Kancheepuram,Kundrathur(Uzhavar Sandhai ),Apple,American,Local,16000,18000,17000,02/09/2026
Tamil Nadu,Krishnagiri,Hosur(Uzhavar Sandhai ),Apple,American,Local,24000,28000,26000,02/09/2026
Tamil Nadu,Perambalur,Perambalur(Uzhavar Sandhai ),Apple,American,Local,22000,24000,23000,02/09/2026
Tamil Nadu,Salem,Hasthampatti(Uzhavar Sandhai ),Apple,American,Local,21000,22000,21500,02/09/2026
Tamil Nadu,Thanjavur,Thanjavur(Uzhavar Sandhai ),Apple,American,Local,26000,26000,26000,02/09/2026
Tamil Nadu,Madurai,Chokkikulam(Uzhavar Sandhai ),Apple,American,Local,18000,27000,22500,02/09/2026
Tamil Nadu,Vellore,Kahithapattarai(Uzhavar Sandhai ),Apple,American,Local,18000,18000,18000,02/09/2026
Tamil Nadu,Coimbatore,RSPuram(Uzhavar Sandhai ),Apple,American,Local,20000,28000,24000,02/09/2026
Tamil Nadu,Coimbatore,RSPuram(Uzhavar Sandhai ),Custard Apple(Sharifa),Custard Apple(Sharifa),Local,5000,6000,5500,02/09/2026
Tamil Nadu,Thiruvannamalai,Tiruvannamalai(Uzhavar Sandhai ),Custard Apple(Sharifa),Custard Apple(Sharifa),Local,7000,8000,7500,02/09/2026
Tamil Nadu,Namakkal,Rasipuram(Uzhavar Sandhai ),Custard Apple(Sharifa),Custard Apple(Sharifa),Local,3500,4000,3750,02/09/2026
Tamil Nadu,Salem,Thammampatti (Uzhavar Sandhai ),Custard Apple(Sharifa),Custard Apple(Sharifa),Local,3500,4000,3750,02/09/2026
Tamil Nadu,Salem,Thathakapatti(Uzhavar Sandhai ),Custard Apple(Sharifa),Custard Apple(Sharifa),Local,4000,5000,4500,02/09/2026
Tamil Nadu,Theni,Theni(Uzhavar Sandhai ),Custard Apple(Sharifa),Custard Apple(Sharifa),Local,8000,8000,8000,02/09/2026
Tamil Nadu,Thiruvannamalai,Chengam(Uzhavar Sandhai ),Custard Apple(Sharifa),Custard Apple(Sharifa),Local,4200,5000,4600,02/09/2026
Tamil Nadu,Kallakuruchi,Sankarapuram(Uzhavar Sandhai ),Custard Apple(Sharifa),Custard Apple(Sharifa),Local,5000,5000,5000,02/09/2026
Tamil Nadu,Thirupathur,Vaniyampadi(Uzhavar Sandhai ),Custard Apple(Sharifa),Custard Apple(Sharifa),Local,4000,4000,4000,02/09/2026
Tamil Nadu,Vellore,Vellore APMC,Custard Apple(Sharifa),Custard Apple(Sharifa),Local,4000,4500,4250,02/09/2026
Tamil Nadu,Vellore,Perampet(Uzhavar Sandhai),Custard Apple(Sharifa),Custard Apple(Sharifa),Local,5000,5000,5000,02/09/2026
Tamil Nadu,Salem,Athur(Uzhavar Sandhai ),Custard Apple(Sharifa),Custard Apple(Sharifa),Local,3500,4000,3750,02/09/2026
Tamil Nadu,Vellore,Pallikonda(Uzhavar Sandhai),Custard Apple(Sharifa),Custard Apple(Sharifa),Local,4500,4500,4500,02/09/2026
Tamil Nadu,Thiruvannamalai,Polur(Uzhavar Sandhai ),Custard Apple(Sharifa),Custard Apple(Sharifa),Local,3300,4000,3650,02/09/2026
Tamil Nadu,Vellore,Gudiyatham(Uzhavar Sandhai ),Custard Apple(Sharifa),Custard Apple(Sharifa),Local,5000,5000,5000,02/09/2026
Tamil Nadu,Vellore,Kahithapattarai(Uzhavar Sandhai ),Custard Apple(Sharifa),Custard Apple(Sharifa),Local,5000,5000,5000,02/09/2026
Madhya Pradesh,Seoni,Seoni(F&V) APMC,Apple,Apple,Grade C,4000,4000,4000,02/09/2026
Madhya Pradesh,Harda,Harda(F&V) APMC,Apple,Apple,Medium,8000,10000,9000,02/09/2026
Madhya Pradesh,Indore,Indore(F&V) APMC,Apple,Apple,Local,4000,12000,8000,02/09/2026
Madhya Pradesh,Satna,Satna(F&V) APMC,Apple,Apple,Grade A,4000,4000,4000,02/09/2026
Maharashtra,Amarawati,Amrawati(Frui & Veg. Market) APMC,Apple,Simla,Local,10000,14000,12000,02/09/2026
Maharashtra,Nagpur,Nagpur APMC,Apple,Other,Local,11000,13000,12500,02/09/2026
Maharashtra,Mumbai,Mumbai- Fruit Market APMC,Apple,Other,Local,10000,15000,12500,02/09/2026
Maharashtra,Kolhapur,Kolhapur APMC,Apple,Other,Local,10000,17500,12500,02/09/2026
Maharashtra,Sangli,"Sangli(Phale, Bhajipala Market) APMC",Apple,Other,Local,7000,13000,10000,02/09/2026
Maharashtra,Solapur,SHRI.SIDDHESHWAR  APMC,Apple,Other,Local,6500,13400,10000,02/09/2026
Maharashtra,Nashik,Nasik APMC,Apple,Other,Local,7000,20000,12000,02/09/2026
Uttar Pradesh,Shamli,Kairana APMC,Apple,Other,Medium,2100,2200,2150,02/09/2026
Uttar Pradesh,Sambhal,Sambhal APMC,Apple,Apple,Grade A,7500,9000,8000,02/09/2026
Uttar Pradesh,Balrampur,Tulsipur APMC,Apple,Kasmir/Shimla - II,Medium,14000,16000,15250,02/09/2026
Uttar Pradesh,Rampur,Bilaspur APMC,Apple,Other,Medium,6000,7000,6500,02/09/2026
Uttar Pradesh,Mau(Maunathbhanjan),Kopaganj APMC,Apple,Apple,Grade B,8999,9100,9000,02/09/2026
Rajasthan,Jaipur,Jaipur (F&V) APMC,Apple,Other,Medium,5000,18000,11500,02/09/2026
Rajasthan,Jodhpur,Jodhpur (F&V) APMC,Apple,Apple,Medium,5000,10000,7500,02/09/2026
Rajasthan,Ganganagar,Sriganganagar (F&V) APMC,Apple,Apple,Grade B,7400,7800,7600,02/09/2026
Rajasthan,Jodhpur,Jodhpur (F&V) APMC,Custard Apple(Sharifa),Other,Medium,1000,2000,1500,02/09/2026
Karnataka,Kalaburagi,Kalaburagi APMC,Apple,Apple,Local,4000,6000,5000,02/09/2026
Karnataka,Bengaluru,Binny Mill (FF&V) Bengaluru APMC,Apple,Apple,Large,10000,18000,14000,02/09/2026
Karnataka,Mysuru,Mysuru APMC,Apple,Kasmir/Shimla - II,Medium,16680,16680,16680,02/09/2026
Gujarat,Surendranagar,Vadhvan APMC,Apple,Apple,Medium,9000,10000,9500,02/09/2026
Gujarat,Rajkot,Gondal(Veg.market Gondal) APMC,Apple,Apple,Local,5000,20000,12500,02/09/2026
Gujarat,Bharuch,Bharuch APMC,Apple,Apple,Local,4000,7000,6000,02/09/2026
Gujarat,Porbandar,Porbandar APMC,Apple,Apple,Grade A,4000,8000,6000,02/09/2026
Gujarat,Banaskanth,Deesa(Deesa Veg Yard) APMC,Apple,Other,Medium,7000,18000,12500,02/09/2026
Haryana,Panipat,Panipat APMC,Apple,Other,Local,2000,10000,6000,02/09/2026
Haryana,Yamuna Nagar,Sadhaura APMC,Apple,Apple,Local,7000,8500,8000,02/09/2026
Haryana,Kaithal,Dhand APMC,Apple,Other,Medium,7000,9000,8500,02/09/2026
Haryana,Rohtak,Rohtak APMC,Apple,Other,Medium,8000,10000,9000,02/09/2026
Haryana,Mewat,Punhana APMC,Apple,Other,Medium,6000,10000,8000,02/09/2026
Haryana,Sonipat,Ganaur APMC,Apple,Apple,Medium,12000,15000,14000,02/09/2026
Haryana,Sonipat,Gohana APMC,Apple,Apple,Medium,8000,12000,10000,02/09/2026
Haryana,Mewat,Tauru APMC,Apple,Other,Medium,10000,10000,10000,02/09/2026
Haryana,Sirsa,Sirsa APMC,Apple,Other,Medium,3000,10000,6000,02/09/2026
Haryana,Rohtak,Sampla APMC,Apple,Apple,Local,8000,8500,8500,02/09/2026
Haryana,Yamuna Nagar,Radaur APMC,Apple,Other,Medium,5000,6000,5500,02/09/2026
Haryana,Hissar,Barwala(Hisar) APMC,Apple,Apple,Local,12000,18000,15000,02/09/2026
Haryana,Mahendragarh-Narnaul,Narnaul APMC,Apple,Apple,Medium,10000,17000,13000,02/09/2026
Haryana,Sonipat,Sonepat APMC,Apple,Other,Medium,4000,8000,6000,02/09/2026
Haryana,Rohtak,Meham,Apple,Apple,Medium,10000,10000,10000,02/09/2026
Haryana,Jind,Safidon APMC,Apple,Apple,Medium,8000,8000,8000,02/09/2026
Haryana,Hissar,Hansi APMC,Apple,Other,Grade B,8000,15000,12500,02/09/2026
Haryana,Karnal,Indri APMC,Apple,Apple,Medium,7000,12000,9000,02/09/2026
Haryana,Kurukshetra,Shahabad APMC,Apple,Apple,Medium,4000,8000,6000,02/09/2026
Haryana,Fatehabad,Fatehabad APMC,Apple,Apple,Local,10000,10000,10000,02/09/2026
Haryana,Mahendragarh-Narnaul,Mohindergarh APMC,Apple,Apple,Medium,5000,6000,6000,02/09/2026
Haryana,Yamuna Nagar,Jagadhri APMC,Apple,Apple,Medium,8000,12700,10000,02/09/2026
Haryana,Jhajar,Jhajjar APMC,Apple,Other,Medium,10000,10000,10000,02/09/2026
Haryana,Faridabad,Faridabad APMC,Apple,Apple,Grade B,10000,10000,10000,02/09/2026
Haryana,Kurukshetra,Thanesar APMC,Apple,Apple,Medium,8000,25000,16500,02/09/2026
Haryana,Karnal,Gharaunda APMC,Apple,Other,Local,8000,10000,10000,02/09/2026
Haryana,Fatehabad,Ratia APMC,Apple,Other,Grade A,6000,12000,11000,02/09/2026
Haryana,Rewari,Rewari APMC,Apple,Apple,Medium,4000,26000,15000,02/09/2026
Haryana,Bhiwani,Bhiwani APMC,Apple,Apple,Grade B,8540,10211,9254,02/09/2026
Haryana,Ambala,Naraingarh APMC,Apple,Apple,Medium,2500,13333,4000,02/09/2026
Haryana,Jind,Narwana APMC,Apple,Apple,Local,3000,10000,6000,02/09/2026
Haryana,Gurgaon,Gurgaon APMC,Apple,Apple,Grade B,5000,10000,7500,02/09/2026
Haryana,Sonipat,Kharkhoda APMC,Apple,Kasmir/Shimla - II,Grade A,8000,12600,12200,02/09/2026
Punjab,Bhatinda,Bathinda APMC,Apple,Kasmir/Shimla - II,Grade B,8000,24000,15000,02/09/2026
Punjab,Fatehgarh,Sirhind APMC,Apple,Other,Medium,7000,11400,9000,02/09/2026
Punjab,Hoshiarpur,Garh Shankar APMC,Apple,Apple,Medium,7000,7000,7000,02/09/2026
Punjab,Patiala,Patran APMC,Apple,Apple,Grade A,7620,7620,7620,02/09/2026
Punjab,Patiala,Rajpura APMC,Apple,Apple,Grade B,14200,16900,15600,02/09/2026
Punjab,Ludhiana,Khanna APMC,Apple,Apple,Grade A,8000,8000,8000,02/09/2026
Punjab,Nawanshahr,Balachaur APMC,Apple,Other,Medium,6000,8000,7000,02/09/2026
Punjab,Sangrur,Dhuri APMC,Apple,Other,Medium,7100,9500,8500,02/09/2026
Punjab,Sangrur,Malerkotla APMC,Apple,Apple,Local,2000,5500,4000,02/09/2026
Punjab,Mohali,Kharar APMC,Apple,Other,Medium,7500,10000,9000,02/09/2026
Punjab,Jalandhar,Jalandhar City(Jalandhar) APMC,Apple,Other,Medium,2000,9200,4800,02/09/2026
Punjab,Hoshiarpur,Tanda Urmur APMC,Apple,Apple,Grade A,8000,10000,9000,02/09/2026
Punjab,Hoshiarpur,Mukerian APMC,Apple,Apple,Grade B,10000,12000,11000,02/09/2026
Punjab,Fazilka,Fazilka APMC,Apple,Apple,Medium,15000,15000,15000,02/09/2026
Punjab,Ludhiana,Jagraon APMC,Apple,Apple,Grade A,8000,8000,8000,02/09/2026
Punjab,Patiala,Rajpura APMC,Apple,Apple,Grade A,18500,22500,20200,02/09/2026
Punjab,Ropar (Rupnagar),Chamkaur Sahib APMC,Apple,Apple,Medium,8000,8000,8000,02/09/2026
Punjab,Ropar (Rupnagar),Ropar APMC,Apple,Kasmir/Shimla - II,Medium,9000,9400,9200,02/09/2026
Punjab,Sangrur,Sangrur APMC,Apple,Apple,Grade B,16000,25000,18000,02/09/2026
Punjab,Sangrur,Sunam APMC,Apple,Apple,Grade A,9000,9000,9000,02/09/2026
Punjab,Ferozpur,Zira APMC,Apple,Apple,Local,9200,9200,9200,02/09/2026
Punjab,Ludhiana,Ludhiana APMC,Apple,Other,Medium,3000,9500,6000,02/09/2026
Punjab,Gurdaspur,Dinanagar APMC,Apple,Apple,Medium,7000,9000,8000,02/09/2026
Punjab,Hoshiarpur,Dasuya APMC,Apple,Apple,Grade B,9000,9000,9000,02/09/2026
Punjab,Bhatinda,Rampuraphul(Nabha Mandi) APMC,Apple,Other,Grade A,4000,9000,8000,02/09/2026
Punjab,Hoshiarpur,Mukerian(Talwara) APMC,Apple,Apple,Medium,4000,10000,7000,02/09/2026
Punjab,Faridkot,Faridkot APMC,Apple,Apple,Grade A,8000,8000,8000,02/09/2026
Punjab,Gurdaspur,Quadian APMC,Apple,Other,Grade A,3800,4000,3900,02/09/2026
Punjab,Muktsar,Malout APMC,Apple,Apple,Grade A,5200,5200,5200,02/09/2026
Punjab,Patiala,Nabha APMC,Apple,Other,Grade B,5000,10000,6200,02/09/2026
Punjab,Patiala,Patiala APMC,Apple,Other,Grade A,10000,12000,11000,02/09/2026
Punjab,Bhatinda,Maur APMC,Apple,Apple,Grade B,8000,10000,9000,02/09/2026
Punjab,Muktsar,Muktsar APMC,Apple,Other,Medium,11000,16000,13000,02/09/2026
Punjab,Hoshiarpur,Garh Shankar(Mahalpur) APMC,Apple,Other,Medium,9100,9100,9100,02/09/2026
Punjab,Ludhiana,Raikot APMC,Apple,Apple,Grade A,7820,7820,7820,02/09/2026
Telangana,Warangal,Warangal APMC,Apple,Simla,Large,8000,17000,10000,02/09/2026
Telangana,Ranga Reddy,Gaddiannaram APMC,Apple,Kasmir/Shimla - II,Medium,5000,31000,15000,02/09/2026
Telangana,Ranga Reddy,Gaddiannaram APMC,Apple,Other,Medium,6666.667,26666.668,10666.6672,02/09/2026
Uttarakhand,Dehradoon,Dehradoon APMC,Apple,Delicious,Grade B,4500,6500,5500,02/09/2026
Uttarakhand,Garhwal (Pauri),Kotadwara APMC,Apple,Apple,Medium,2800,2800,2800,02/09/2026
Uttarakhand,Haridwar,Haridwar Union APMC,Apple,Other,Grade Range-2,2500,8500,4500,02/09/2026
Uttarakhand,Udhamsinghnagar,Kashipur APMC,Apple,Apple,Local,6700,6800,6750,02/09/2026
Uttarakhand,Nanital,Haldwani APMC,Apple,Other,Grade A,4000,8000,6000,02/09/2026
Uttarakhand,Udhamsinghnagar,Rudrapur APMC,Apple,Other,Medium,6000,10000,8000,02/09/2026
Uttarakhand,Haridwar,Manglaur APMC,Apple,Other,Medium,5000,6300,5500,02/09/2026
Uttarakhand,Udhamsinghnagar,Kicchha APMC,Apple,Delicious,Medium,6000,6500,6200,02/09/2026
Uttarakhand,Dehradoon,Rishikesh APMC,Apple,Kasmir/Shimla - II,Medium,2400,7200,3600,02/09/2026
Himachal Pradesh,Solan,SMY Nalagarh,Apple,Other,Medium,4000,5000,4500,02/09/2026
Himachal Pradesh,Hamirpur,PMY Hamirpur,Apple,Apple,Grade B,5000,20000,12000,02/09/2026
Himachal Pradesh,Mandi,SMY Dhanotu,Apple,Apple,Medium,5000,10000,7500,02/09/2026
Himachal Pradesh,Kullu,SMY Khegsu,Apple,Other,Medium,2000,12500,7000,02/09/2026
Himachal Pradesh,Kullu,SMY Patli Kulh,Apple,Other,Grade Range-1,1000,8600,6000,02/09/2026
Himachal Pradesh,Bilaspur,PMY Bilaspur,Apple,Golden,Grade B,7000,13000,9500,02/09/2026
Himachal Pradesh,Hamirpur,SMY Nadaun,Apple,Other,Grade B,5000,16000,10000,02/09/2026
Himachal Pradesh,Kangra,SMY Nagrota Bagwan,Apple,Apple,Medium,4000,17000,9000,02/09/2026
Himachal Pradesh,Una,PMY Una,Apple,Apple,Grade A,5000,20000,12000,02/09/2026
Himachal Pradesh,Kullu,SMY Bhuntar,Apple,Apple,Medium,3500,9000,6500,02/09/2026
Himachal Pradesh,Kullu,SMY Bandrol,Apple,Delicious,Grade A,1200,9500,5500,02/09/2026
Himachal Pradesh,Kangra,SMY Dharamshala,Apple,Apple,Medium,5000,10000,7500,02/09/2026
Himachal Pradesh,Sirmore,PMY Paonta Sahib,Apple,Simla,Grade A,6000,14000,10000,02/09/2026
Himachal Pradesh,Kullu,SMY Chauri Bihal,Apple,Other,Grade Range-1,1000,8000,6000,02/09/2026
Himachal Pradesh,Shimla,SMY Rampur,Apple,Apple,Small,5000,5500,5200,02/09/2026
Himachal Pradesh,Solan,PMY Kather Solan,Apple,Other,Local,2500,15000,10000,02/09/2026
Himachal Pradesh,Kangra,SMY Jaisinghpur,Apple,Kullu Delicious,Medium,4500,16000,10000,02/09/2026
Himachal Pradesh,Sirmore,SMY Nahan,Apple,Apple,Grade A,6000,15000,11000,02/09/2026
Himachal Pradesh,Kangra,SMY Palampur,Apple,Kullu Delicious,Medium,4000,15000,10000,02/09/2026
Himachal Pradesh,Mandi,SMY Jogindernagar,Apple,Apple,Grade B,3500,10000,6750,02/09/2026
Himachal Pradesh,Shimla,SMY Mehndli,Apple,Royal Delicious,Grade A,10000,70000,35000,02/09/2026
Himachal Pradesh,Solan,SMY Parwanoo,Apple,Other,Local,2000,13000,10000,02/09/2026
Himachal Pradesh,Kangra,SMY Jassur,Apple,Other,Medium,3000,8000,5000,02/09/2026
Himachal Pradesh,Mandi,SMY Takoli,Apple,Other,Medium,1500,9000,6000,02/09/2026
Himachal Pradesh,Kangra,PMY Kangra,Apple,Apple,Medium,4000,18000,10000,02/09/2026
Himachal Pradesh,Kangra,SMY Baijnath,Apple,Apple,Grade B,5000,9000,6000,02/09/2026
Himachal Pradesh,Chamba,PMY Chamba,Apple,Other,Medium,5000,7000,6000,02/09/2026
Himachal Pradesh,Kullu,SMY Shatt,Apple,Apple,Medium,2000,8000,5000,02/09/2026
Tamil Nadu,Vellore,Kahithapattarai(Uzhavar Sandhai ),Chili Red,Bold,Local,20000,20000,20000,02/09/2026
Tamil Nadu,Namakkal,Rasipuram(Uzhavar Sandhai ),Chili Red,Bold,Local,17000,18000,17500,02/09/2026
Tamil Nadu,Madurai,Anna nagar(Uzhavar Sandhai ),Chili Red,Bold,Local,20000,20000,20000,02/09/2026
Tamil Nadu,Thiruchirappalli,KKNagar(Uzhavar Sandhai ),Chili Red,Bold,Local,28000,28000,28000,02/09/2026
Madhya Pradesh,Ratlam,Jaora APMC,Red gram/Arhar/Tur(whole),Arhar Dal(Tur),FAQ,6300,6300,6300,02/09/2026
Madhya Pradesh,Jabalpur,Jabalpur APMC,Red gram/Arhar/Tur(whole),Arhar Dal(Tur),FAQ,5590,5590,5590,02/09/2026
Madhya Pradesh,Harda,Khirakiya APMC,Red gram/Arhar/Tur(whole),Arhar Dal(Tur),Non-FAQ,4801,7100,7100,02/09/2026
Madhya Pradesh,Indore,Indore APMC,Red gram/Arhar/Tur(whole),Arhar Dal(Tur),FAQ,6275,6275,6275,02/09/2026
Madhya Pradesh,Khargone,Khargone APMC,Red gram/Arhar/Tur(whole),Arhar Dal(Tur),FAQ,5200,6500,6500,02/09/2026
Madhya Pradesh,Sagar,Shahagarh APMC,Red gram/Arhar/Tur(whole),Arhar Dal(Tur),Non-FAQ,6750,6850,6850,02/09/2026
Madhya Pradesh,Hoshangabad,Pipariya APMC,Red gram/Arhar/Tur(whole),Arhar Dal(Tur),FAQ,5805,7300,7300,02/09/2026
Madhya Pradesh,Katni,Katni APMC,Red gram/Arhar/Tur(whole),Arhar Dal(Tur),FAQ,8267,8458.13,8458.13,02/09/2026
Madhya Pradesh,Dewas,Khategaon APMC,Red gram/Arhar/Tur(whole),Arhar Dal(Tur),FAQ,6011,6011,6011,02/09/2026
Madhya Pradesh,Sehore,Baktara APMC,Red gram/Arhar/Tur(whole),Arhar Dal(Tur),FAQ,7500,7600,7600,02/09/2026
Madhya Pradesh,Khandwa,Pandhana APMC,Red gram/Arhar/Tur(whole),Arhar Dal(Tur),FAQ,6575,6825,6825,02/09/2026
Madhya Pradesh,Narsinghpur,Gadarwada APMC,Red gram/Arhar/Tur(whole),Arhar Dal(Tur),FAQ,6575,6575,6575,02/09/2026
Madhya Pradesh,Chhindwara,Amarwda APMC,Red gram/Arhar/Tur(whole),Arhar Dal(Tur),FAQ,6700,7000,7000,02/09/2026
Madhya Pradesh,Raisen,Udaipura APMC,Red gram/Arhar/Tur(whole),Arhar Dal(Tur),FAQ,7210,7385,7385,02/09/2026
Madhya Pradesh,Damoh,Damoh APMC,Red gram/Arhar/Tur(whole),Arhar Dal(Tur),FAQ,3300,7985,7200,02/09/2026
Madhya Pradesh,Satna,Satna APMC,Red gram/Arhar/Tur(whole),Arhar Dal(Tur),FAQ,5850,7775,6650,02/09/2026
Madhya Pradesh,Harda,Harda APMC,Red gram/Arhar/Tur(whole),Arhar Dal(Tur),FAQ,6651,7001,7001,02/09/2026
Madhya Pradesh,Narsinghpur,Narsinghpur APMC,Red gram/Arhar/Tur(whole),Arhar Dal(Tur),FAQ,6800,7100,7100,02/09/2026
Madhya Pradesh,Jabalpur,Paatan APMC,Red gram/Arhar/Tur(whole),Arhar Dal(Tur),FAQ,6820,6820,6820,02/09/2026
Madhya Pradesh,Guna,Guna APMC,Red gram/Arhar/Tur(whole),Arhar Dal(Tur),FAQ,6125,6335,6160,02/09/2026
Madhya Pradesh,Bhind,Lahar APMC,Red gram/Arhar/Tur(whole),Other,FAQ,5121,5126,5126,02/09/2026
Madhya Pradesh,Narsinghpur,Kareli APMC,Red gram/Arhar/Tur(whole),Arhar Dal(Tur),FAQ,6850,7941,7500,02/09/2026
Madhya Pradesh,Narsinghpur,Tendukheda APMC,Red gram/Arhar/Tur(whole),Arhar Dal(Tur),FAQ,7200,7300,7300,02/09/2026
Madhya Pradesh,Katni,Katni APMC,Red gram/Arhar/Tur(whole),Arhar Dal(Tur),Non-FAQ,3700,6200,6200,02/09/2026
Madhya Pradesh,Betul,Betul APMC,Red gram/Arhar/Tur(whole),Arhar Dal(Tur),FAQ,6001,6501,6501,02/09/2026
Madhya Pradesh,Hoshangabad,Itarsi APMC,Red gram/Arhar/Tur(whole),Arhar Dal(Tur),FAQ,6555,6905,6905,02/09/2026
Madhya Pradesh,Khandwa,Khandwa APMC,Red gram/Arhar/Tur(whole),Arhar Dal(Tur),FAQ,5360,7548,6600,02/09/2026
Madhya Pradesh,Raisen,Bareli APMC,Red gram/Arhar/Tur(whole),Arhar Dal(Tur),FAQ,7005,7405,7405,02/09/2026
Madhya Pradesh,Indore,Indore APMC,Chili Red,Bold,FAQ,13700,15020,15020,02/09/2026
Madhya Pradesh,Morena,Kailaras APMC,Chili Red,Geeli Mirchi,FAQ,1500,2000,2000,02/09/2026
Madhya Pradesh,Morena,Porsa APMC,Chili Red,Geeli Mirchi,Non-FAQ,1500,1500,1500,02/09/2026
Madhya Pradesh,Rajgarh,Narsinghgarh APMC,Bengal Gram(Gram)(Whole),Gram,FAQ,5375,6110,6110,02/09/2026
Madhya Pradesh,Khandwa,Pandhana APMC,Bengal Gram(Gram)(Whole),Gram,FAQ,5375,5460,5460,02/09/2026
Madhya Pradesh,Sagar,Bina APMC,Bengal Gram(Gram)(Whole),Gram,FAQ,4180,6071,5870,02/09/2026
Madhya Pradesh,Sagar,Deori APMC,Bengal Gram(Gram)(Whole),Gram,Non-FAQ,5850,6010,6010,02/09/2026
Madhya Pradesh,Panna,Ajaygarh APMC,Bengal Gram(Gram)(Whole),Desi (F.A.Q. Split),FAQ,6015,6150,6100,02/09/2026
Madhya Pradesh,Narsinghpur,Kareli APMC,Bengal Gram(Gram)(Whole),Gram,FAQ,5250,6344,6000,02/09/2026
Madhya Pradesh,Hoshangabad,Pipariya APMC,Bengal Gram(Gram)(Whole),Gram,FAQ,5311,6051,5960,02/09/2026
Madhya Pradesh,Betul,Betul APMC,Bengal Gram(Gram)(Whole),Gram,FAQ,5200,6030,5900,02/09/2026
Madhya Pradesh,Chhatarpur,Chhatarpur APMC,Bengal Gram(Gram)(Whole),Gram,Non-FAQ,5410,5500,5500,02/09/2026
Madhya Pradesh,Raisen,Bareli APMC,Bengal Gram(Gram)(Whole),Gram,FAQ,5500,6000,5890,02/09/2026
Madhya Pradesh,Harda,Harda APMC,Bengal Gram(Gram)(Whole),Chana Kabuli,FAQ,1601,6690,5899,02/09/2026
Madhya Pradesh,Sagar,Banda APMC,Bengal Gram(Gram)(Whole),Gram,FAQ,5810,5895,5895,02/09/2026
Madhya Pradesh,Mandsaur,Garoth APMC,Bengal Gram(Gram)(Whole),Gram,Non-FAQ,6125,6151,6151,02/09/2026
Madhya Pradesh,Ujjain,Khachrod APMC,Bengal Gram(Gram)(Whole),Gram,FAQ,5691,5700,5700,02/09/2026
Madhya Pradesh,Dewas,Haatpipliya APMC,Bengal Gram(Gram)(Whole),Gram,Non-FAQ,5531,5990,5990,02/09/2026
Madhya Pradesh,Mandsaur,Shamgarh APMC,Bengal Gram(Gram)(Whole),Gram,Non-FAQ,3601,7000,5800,02/09/2026
Madhya Pradesh,Narsinghpur,Gadarwada APMC,Bengal Gram(Gram)(Whole),Gram,FAQ,5100,6190,5900,02/09/2026
Madhya Pradesh,Harda,Timarni APMC,Bengal Gram(Gram)(Whole),Gram,FAQ,5175,5999,5999,02/09/2026
Madhya Pradesh,Shajapur,Shujalpur APMC,Bengal Gram(Gram)(Whole),Gram,FAQ,5400,6111,5500,02/09/2026
Madhya Pradesh,Shajapur,Kalapipal APMC,Bengal Gram(Gram)(Whole),Gram,FAQ,4500,5299,5299,02/09/2026
Madhya Pradesh,Guna,Maksudangarh APMC,Bengal Gram(Gram)(Whole),Gram,FAQ,5475,5475,5475,02/09/2026
Madhya Pradesh,Narsinghpur,Gotegaon APMC,Bengal Gram(Gram)(Whole),Gram,FAQ,5805,5805,5805,02/09/2026
Madhya Pradesh,Panna,Panna APMC,Bengal Gram(Gram)(Whole),Gram,FAQ,5650,5650,5650,02/09/2026
Madhya Pradesh,Dewas,Dewas APMC,Bengal Gram(Gram)(Whole),Gram,FAQ,5099,6220,6220,02/09/2026
Madhya Pradesh,Neemuch,Neemuch APMC,Bengal Gram(Gram)(Whole),Gram,FAQ,2200,6300,6000,02/09/2026
Madhya Pradesh,Vidisha,Vidisha APMC,Bengal Gram(Gram)(Whole),Gram,FAQ,3000,6403,6285,02/09/2026
Madhya Pradesh,Sehore,Sehore APMC,Bengal Gram(Gram)(Whole),Desi (F.A.Q. Split),FAQ,4600,4600,4600,02/09/2026
Madhya Pradesh,Hoshangabad,Itarsi APMC,Bengal Gram(Gram)(Whole),Gram,FAQ,2701,6075,6075,02/09/2026
Madhya Pradesh,Mandsaur,Mandsaur APMC,Bengal Gram(Gram)(Whole),Chana Kabuli,Non-FAQ,3987,5802,5802,02/09/2026
Madhya Pradesh,Ujjain,Nagda APMC,Bengal Gram(Gram)(Whole),Gram,FAQ,6190,6190,6190,02/09/2026
Madhya Pradesh,Sagar,Khurai APMC,Bengal Gram(Gram)(Whole),Gram,FAQ,5130,6290,6290,02/09/2026
Madhya Pradesh,Chhindwara,Chaurai APMC,Bengal Gram(Gram)(Whole),Desi (F.A.Q. Split),FAQ,5900,5920,5900,02/09/2026
Madhya Pradesh,Vidisha,Lateri APMC,Bengal Gram(Gram)(Whole),Gram,FAQ,5700,5700,5700,02/09/2026
Madhya Pradesh,Rajgarh,Biaora APMC,Bengal Gram(Gram)(Whole),Gram,FAQ,4900,5975,5975,02/09/2026
Madhya Pradesh,Raisen,Silvani APMC,Bengal Gram(Gram)(Whole),Gram,FAQ,5745,5915,5915,02/09/2026
Madhya Pradesh,Jabalpur,Sihora APMC,Bengal Gram(Gram)(Whole),Desi (F.A.Q. Split),FAQ,4805,6040,6040,02/09/2026
Madhya Pradesh,Ujjain,Badnagar APMC,Bengal Gram(Gram)(Whole),Gram,FAQ,5900,5900,5900,02/09/2026
Madhya Pradesh,Mandsaur,Piplya APMC,Bengal Gram(Gram)(Whole),Gram,FAQ,5151,5912,5912,02/09/2026
Madhya Pradesh,Ratlam,Jaora APMC,Bengal Gram(Gram)(Whole),Gram,FAQ,2100,6461,5890,02/09/2026
Madhya Pradesh,Shivpuri,Badarwas APMC,Bengal Gram(Gram)(Whole),Gram,Non-FAQ,4890,5710,5710,02/09/2026
Madhya Pradesh,Chhatarpur,Bijawar APMC,Bengal Gram(Gram)(Whole),Desi (F.A.Q. Split),Non-FAQ,5700,5850,5850,02/09/2026
Madhya Pradesh,Khargone,Sanawad APMC,Bengal Gram(Gram)(Whole),Gram,FAQ,5490,7300,7300,02/09/2026
Madhya Pradesh,Guna,Guna APMC,Bengal Gram(Gram)(Whole),Gram,FAQ,4305,6010,5800,02/09/2026
Madhya Pradesh,Shivpuri,Kolaras APMC,Bengal Gram(Gram)(Whole),Gram,FAQ,5795,5920,5920,02/09/2026
Madhya Pradesh,Damoh,Damoh APMC,Bengal Gram(Gram)(Whole),Gram,FAQ,5250,6260,5990,02/09/2026
Madhya Pradesh,Narsinghpur,Tendukheda APMC,Bengal Gram(Gram)(Whole),Gram,FAQ,5800,6000,5900,02/09/2026
Madhya Pradesh,Indore,Indore APMC,Bengal Gram(Gram)(Whole),Gram,FAQ,5620,8095,8095,02/09/2026
Madhya Pradesh,Satna,Satna APMC,Bengal Gram(Gram)(Whole),Gram,FAQ,4755,5690,5690,02/09/2026
Madhya Pradesh,Katni,Katni APMC,Bengal Gram(Gram)(Whole),Gram,Non-FAQ,5101,6200,5900,02/09/2026
Madhya Pradesh,Sehore,Sehore APMC,Bengal Gram(Gram)(Whole),Chana Kanta,FAQ,5970,6100,6100,02/09/2026
Madhya Pradesh,Sehore,Sehore APMC,Bengal Gram(Gram)(Whole),Gram,FAQ,5801,6050,6050,02/09/2026
Madhya Pradesh,Khargone,Khargone APMC,Bengal Gram(Gram)(Whole),Gram,FAQ,5758,5900,5900,02/09/2026
Madhya Pradesh,Mandsaur,Mandsaur APMC,Bengal Gram(Gram)(Whole),Chana Kabuli,FAQ,4901,4901,4901,02/09/2026
Madhya Pradesh,Mandla,Mandla APMC,Bengal Gram(Gram)(Whole),Desi (F.A.Q. Split),Non-FAQ,5000,5400,5400,02/09/2026
Madhya Pradesh,Badwani,Badwani APMC,Bengal Gram(Gram)(Whole),Gram,FAQ,5500,5500,5500,02/09/2026
Madhya Pradesh,Neemuch,Manasa APMC,Bengal Gram(Gram)(Whole),Gram,FAQ,4300,6191,5601,02/09/2026
Madhya Pradesh,Sagar,Rehli APMC,Bengal Gram(Gram)(Whole),Gram,Non-FAQ,5400,5900,5900,02/09/2026
Madhya Pradesh,Rajgarh,Kurawar APMC,Bengal Gram(Gram)(Whole),Gram,FAQ,4305,5705,5705,02/09/2026
Madhya Pradesh,Dewas,Kannod APMC,Bengal Gram(Gram)(Whole),Gram,FAQ,5771,5771,5771,02/09/2026
Madhya Pradesh,Ratlam,Ratlam APMC,Bengal Gram(Gram)(Whole),Gram,FAQ,5871,5871,5871,02/09/2026
Madhya Pradesh,Sheopur,Sheopurkalan APMC,Bengal Gram(Gram)(Whole),Gram,FAQ,5695,5695,5695,02/09/2026
Madhya Pradesh,Damoh,Hata APMC,Bengal Gram(Gram)(Whole),Gram,Non-FAQ,6000,6000,6000,02/09/2026
Madhya Pradesh,Narsinghpur,Narsinghpur APMC,Bengal Gram(Gram)(Whole),Desi (F.A.Q. Split),Non-FAQ,5841,6350,6051,02/09/2026
Madhya Pradesh,Satna,Nagod APMC,Bengal Gram(Gram)(Whole),Gram,FAQ,5700,5792,5792,02/09/2026
Madhya Pradesh,Raisen,Begamganj APMC,Bengal Gram(Gram)(Whole),Gram,Non-FAQ,5800,5800,5800,02/09/2026
Madhya Pradesh,Raisen,Gairatganj APMC,Bengal Gram(Gram)(Whole),Gram,Non-FAQ,5450,5450,5450,02/09/2026
Madhya Pradesh,Vidisha,Sironj APMC,Bengal Gram(Gram)(Whole),Gram,FAQ,5255,6172,6172,02/09/2026
Madhya Pradesh,Rajgarh,Khilchipur APMC,Bengal Gram(Gram)(Whole),Gram,FAQ,5495,5495,5495,02/09/2026
Madhya Pradesh,Harda,Khirakiya APMC,Bengal Gram(Gram)(Whole),Desi (F.A.Q. Split),Non-FAQ,5540,5650,5650,02/09/2026
Madhya Pradesh,Sehore,Ashta APMC,Bengal Gram(Gram)(Whole),Chana Kabuli,FAQ,6702,6702,6702,02/09/2026
Madhya Pradesh,Sehore,Ashta APMC,Bengal Gram(Gram)(Whole),Gram,FAQ,2100,6581,5700,02/09/2026
Madhya Pradesh,Sehore,Sehore APMC,Bengal Gram(Gram)(Whole),Chana Kabuli,FAQ,6309,6501,6501,02/09/2026
Madhya Pradesh,Hoshangabad,Banapura APMC,Bengal Gram(Gram)(Whole),Desi (F.A.Q. Split),FAQ,5150,6000,6000,02/09/2026
Madhya Pradesh,Sagar,Garhakota APMC,Bengal Gram(Gram)(Whole),Gram,FAQ,4850,5975,5890,02/09/2026
Madhya Pradesh,Bhopal,Berasia APMC,Bengal Gram(Gram)(Whole),Gram,FAQ,4650,5960,5700,02/09/2026
Madhya Pradesh,Harda,Harda APMC,Bengal Gram(Gram)(Whole),Desi (F.A.Q. Split),FAQ,1700,6899,6899,02/09/2026
Madhya Pradesh,Ratlam,A lot APMC,Bengal Gram(Gram)(Whole),Gram,FAQ,5740,5740,5740,02/09/2026
Madhya Pradesh,Damoh,Patharia APMC,Bengal Gram(Gram)(Whole),Gram,FAQ,5060,6045,6045,02/09/2026
Madhya Pradesh,Sehore,Nasrullaganj APMC,Bengal Gram(Gram)(Whole),Gram,Non-FAQ,6145,6145,6145,02/09/2026
Madhya Pradesh,Raisen,Obedullaganj APMC,Bengal Gram(Gram)(Whole),Gram,FAQ,5091,5091,5091,02/09/2026
Madhya Pradesh,Mandsaur,Daloda APMC,Bengal Gram(Gram)(Whole),Gram,FAQ,5700,6001,5801,02/09/2026
Madhya Pradesh,Mandsaur,Sitmau APMC,Bengal Gram(Gram)(Whole),Gram,FAQ,5181,5841,5841,02/09/2026
Madhya Pradesh,Shivpuri,Badarwas APMC,Bengal Gram(Gram)(Whole),Desi (F.A.Q. Split),FAQ,5490,5490,5490,02/09/2026
Madhya Pradesh,Jabalpur,Jabalpur APMC,Bengal Gram(Gram)(Whole),Gram,FAQ,5080,6045,6000,02/09/2026
Madhya Pradesh,Chhindwara,Chhindwara APMC,Bengal Gram(Gram)(Whole),Gram,FAQ,5400,6100,6100,02/09/2026
Madhya Pradesh,Dindori,Gorakhpur APMC,Bengal Gram(Gram)(Whole),Desi (F.A.Q. Split),Non-FAQ,5500,5500,5500,02/09/2026
Madhya Pradesh,Narsinghpur,Narsinghpur APMC,Bengal Gram(Gram)(Whole),Desi (F.A.Q. Split),FAQ,5400,6300,6100,02/09/2026
Madhya Pradesh,Ujjain,Ujjain APMC,Bengal Gram(Gram)(Whole),Gram,FAQ,5001,5001,5001,02/09/2026
Madhya Pradesh,Ashoknagar,Ashoknagar APMC,Bengal Gram(Gram)(Whole),Chana mausami,FAQ,6095,6095,6095,02/09/2026
Madhya Pradesh,Ashoknagar,Ashoknagar APMC,Bengal Gram(Gram)(Whole),Gram,FAQ,4905,6220,5790,02/09/2026
Madhya Pradesh,Bhopal,Bhopal APMC,Bengal Gram(Gram)(Whole),Gram,FAQ,5700,6255,6255,02/09/2026
Madhya Pradesh,Vidisha,Ganjbasoda APMC,Bengal Gram(Gram)(Whole),Gram,FAQ,4450,6180,6000,02/09/2026
Madhya Pradesh,Dhar,Dhar APMC,Bengal Gram(Gram)(Whole),Gram,FAQ,5605,5970,5970,02/09/2026
Madhya Pradesh,Khandwa,Khandwa APMC,Bengal Gram(Gram)(Whole),Gram,FAQ,4801,6176,5551,02/09/2026
Madhya Pradesh,Mandsaur,Mandsaur APMC,Bengal Gram(Gram)(Whole),Gram,Non-FAQ,5499,6142,5699,02/09/2026
Madhya Pradesh,Mandsaur,Mandsaur APMC,Bengal Gram(Gram)(Whole),Gram,FAQ,4399,6328,6157,02/09/2026
Madhya Pradesh,Indore,Mhow APMC,Bengal Gram(Gram)(Whole),Gram,FAQ,5601,5601,5601,02/09/2026
Madhya Pradesh,Dewas,Khategaon APMC,Bengal Gram(Gram)(Whole),Gram,FAQ,5540,5851,5851,02/09/2026
Madhya Pradesh,Guna,Kumbhraj APMC,Bengal Gram(Gram)(Whole),Gram,FAQ,5405,5405,5405,02/09/2026
Madhya Pradesh,Bhind,Gohad APMC,Bengal Gram(Gram)(Whole),Desi (F.A.Q. Split),FAQ,5880,5880,5880,02/09/2026
Madhya Pradesh,Raisen,Udaipura APMC,Bengal Gram(Gram)(Whole),Desi (F.A.Q. Split),FAQ,2550,6150,6150,02/09/2026
Madhya Pradesh,Khargone,Badwaha APMC,Bengal Gram(Gram)(Whole),Gram,FAQ,6005,6005,6005,02/09/2026
Madhya Pradesh,Chhindwara,Saunsar APMC,Bengal Gram(Gram)(Whole),Gram,FAQ,5700,5800,5800,02/09/2026
Madhya Pradesh,Guna,Aron APMC,Bengal Gram(Gram)(Whole),Gram,FAQ,5320,6000,6000,02/09/2026
Madhya Pradesh,Shivpuri,Kolaras APMC,Bengal Gram(Gram)(Whole),Gram,Non-FAQ,5505,5695,5695,02/09/2026
Madhya Pradesh,Ratlam,Jaora APMC,Green Gram(Moong)(Whole),Green (Whole),FAQ,6100,6981,6981,02/09/2026
Madhya Pradesh,Morena,Porsa APMC,Green Gram(Moong)(Whole),Green (Whole),FAQ,6535,6600,6540,02/09/2026
Madhya Pradesh,Jabalpur,Jabalpur APMC,Green Gram(Moong)(Whole),Green (Whole),FAQ,5000,7480,6950,02/09/2026
Madhya Pradesh,Narsinghpur,Narsinghpur APMC,Green Gram(Moong)(Whole),Green (Whole),FAQ,6200,7291,7291,02/09/2026
Madhya Pradesh,Khargone,Bhikangaon APMC,Green Gram(Moong)(Whole),Green (Whole),FAQ,7455,7455,7455,02/09/2026
Madhya Pradesh,Ujjain,Ujjain APMC,Green Gram(Moong)(Whole),Green (Whole),FAQ,4251,6490,6490,02/09/2026
Madhya Pradesh,Vidisha,Vidisha APMC,Green Gram(Moong)(Whole),Green (Whole),FAQ,3600,7200,7200,02/09/2026
Madhya Pradesh,Betul,Betul APMC,Green Gram(Moong)(Whole),Green (Whole),FAQ,5300,7400,7350,02/09/2026
Madhya Pradesh,Khargone,Khargone APMC,Green Gram(Moong)(Whole),Green (Whole),FAQ,5500,7140,7140,02/09/2026
Madhya Pradesh,Bhopal,Berasia APMC,Green Gram(Moong)(Whole),Green (Whole),FAQ,3305,7295,7295,02/09/2026
Madhya Pradesh,Shajapur,Agar APMC,Green Gram(Moong)(Whole),Green (Whole),FAQ,6200,6200,6200,02/09/2026
Madhya Pradesh,Sagar,Khurai APMC,Green Gram(Moong)(Whole),Green (Whole),FAQ,6975,7035,7035,02/09/2026
Madhya Pradesh,Damoh,Patharia APMC,Green Gram(Moong)(Whole),Green (Whole),FAQ,3205,7205,7205,02/09/2026
Madhya Pradesh,Rajgarh,Narsinghgarh APMC,Green Gram(Moong)(Whole),Green (Whole),FAQ,5750,5750,5750,02/09/2026
Madhya Pradesh,Badwani,Balwadi APMC,Green Gram(Moong)(Whole),Green (Whole),Non-FAQ,7021,7100,7100,02/09/2026
Madhya Pradesh,Damoh,Damoh APMC,Green Gram(Moong)(Whole),Green (Whole),FAQ,1500,6975,6975,02/09/2026
Madhya Pradesh,Neemuch,Neemuch APMC,Green Gram(Moong)(Whole),Green (Whole),FAQ,5501,7130,7130,02/09/2026
Madhya Pradesh,Katni,Katni APMC,Green Gram(Moong)(Whole),Green (Whole),Non-FAQ,5000,6701,6400,02/09/2026
Madhya Pradesh,Dhar,Dhamnod APMC,Green Gram(Moong)(Whole),Green (Whole),FAQ,6950,6950,6950,02/09/2026
Madhya Pradesh,Rajgarh,Biaora APMC,Green Gram(Moong)(Whole),Green (Whole),FAQ,6500,7200,7200,02/09/2026
Madhya Pradesh,Khandwa,Harsood APMC,Green Gram(Moong)(Whole),Green (Whole),FAQ,1000,6987,6987,02/09/2026
Madhya Pradesh,Narsinghpur,Gadarwada APMC,Green Gram(Moong)(Whole),Green (Whole),FAQ,1050,8000,7500,02/09/2026
Madhya Pradesh,Raisen,Udaipura APMC,Green Gram(Moong)(Whole),Green (Whole),FAQ,900,7665,7585,02/09/2026
Madhya Pradesh,Harda,Timarni APMC,Green Gram(Moong)(Whole),Green (Whole),FAQ,1500,7770,7400,02/09/2026
Madhya Pradesh,Hoshangabad,Pipariya APMC,Green Gram(Moong)(Whole),Green (Whole),FAQ,1000,8001,7401,02/09/2026
Madhya Pradesh,Khargone,Sanawad APMC,Green Gram(Moong)(Whole),Green (Whole),FAQ,7200,7325,7325,02/09/2026
Madhya Pradesh,Guna,Maksudangarh APMC,Green Gram(Moong)(Whole),Green (Whole),FAQ,6565,7290,7290,02/09/2026
Madhya Pradesh,Narsinghpur,Gotegaon APMC,Green Gram(Moong)(Whole),Green (Whole),Non-FAQ,2930,2930,2930,02/09/2026
Madhya Pradesh,Morena,Morena APMC,Green Gram(Moong)(Whole),Green (Whole),Non-FAQ,6860,6965,6965,02/09/2026
Madhya Pradesh,Khandwa,Khandwa APMC,Green Gram(Moong)(Whole),Green (Whole),FAQ,3950,7450,7450,02/09/2026
Madhya Pradesh,Hoshangabad,Banapura APMC,Green Gram(Moong)(Whole),Green (Whole),FAQ,888,7651,7100,02/09/2026
Madhya Pradesh,Badwani,Badwani APMC,Green Gram(Moong)(Whole),Green (Whole),FAQ,6800,6800,6800,02/09/2026
Madhya Pradesh,Dewas,Khategaon APMC,Green Gram(Moong)(Whole),Green (Whole),FAQ,1400,7600,6800,02/09/2026
Madhya Pradesh,Raisen,Obedullaganj APMC,Green Gram(Moong)(Whole),Green (Whole),FAQ,6000,6900,6900,02/09/2026
Madhya Pradesh,Jabalpur,Sihora APMC,Green Gram(Moong)(Whole),Green (Whole),FAQ,1500,7205,6500,02/09/2026
Madhya Pradesh,Guna,Maksudangarh APMC,Green Gram(Moong)(Whole),Green (Whole),Non-FAQ,6875,6875,6875,02/09/2026
Madhya Pradesh,Narsinghpur,Gotegaon APMC,Green Gram(Moong)(Whole),Green (Whole),FAQ,6500,6700,6700,02/09/2026
Madhya Pradesh,Indore,Indore APMC,Green Gram(Moong)(Whole),Green (Whole),FAQ,3105,7300,7300,02/09/2026
Madhya Pradesh,Bhopal,Bhopal APMC,Green Gram(Moong)(Whole),Green (Whole),FAQ,2850,7085,7085,02/09/2026
Madhya Pradesh,Satna,Satna APMC,Green Gram(Moong)(Whole),Green (Whole),FAQ,6215,6650,6650,02/09/2026
Madhya Pradesh,Sehore,Sehore APMC,Green Gram(Moong)(Whole),Green (Whole),FAQ,5300,6851,6851,02/09/2026
Madhya Pradesh,Hoshangabad,Bankhedi APMC,Green Gram(Moong)(Whole),Green (Whole),FAQ,4251,6700,6700,02/09/2026
Madhya Pradesh,Raisen,Bareli APMC,Green Gram(Moong)(Whole),Green (Whole),FAQ,1000,7695,6700,02/09/2026
Madhya Pradesh,Sehore,Nasrullaganj APMC,Green Gram(Moong)(Whole),Green (Whole),Non-FAQ,2875,7550,4500,02/09/2026
Madhya Pradesh,Sehore,Nasrullaganj APMC,Green Gram(Moong)(Whole),Green (Whole),FAQ,2600,7399,7399,02/09/2026
Madhya Pradesh,Rajgarh,Kurawar APMC,Green Gram(Moong)(Whole),Green (Whole),FAQ,3150,6950,6300,02/09/2026
Madhya Pradesh,Badwani,Balwadi APMC,Green Gram(Moong)(Whole),Green (Whole),FAQ,6800,6800,6800,02/09/2026
Madhya Pradesh,Sheopur,Sheopurkalan APMC,Green Gram(Moong)(Whole),Green (Whole),Non-FAQ,2195,7150,7150,02/09/2026
Madhya Pradesh,Sagar,Bina APMC,Green Gram(Moong)(Whole),Green (Whole),FAQ,6480,6480,6480,02/09/2026
Madhya Pradesh,Narsinghpur,Kareli APMC,Green Gram(Moong)(Whole),Green (Whole),FAQ,5870,7731,7490,02/09/2026
Madhya Pradesh,Narsinghpur,Narsinghpur APMC,Green Gram(Moong)(Whole),Green (Whole),Non-FAQ,2610,7800,7800,02/09/2026
Madhya Pradesh,Jabalpur,Paatan APMC,Green Gram(Moong)(Whole),Green (Whole),Non-FAQ,6515,7020,7020,02/09/2026
Madhya Pradesh,Jabalpur,Paatan APMC,Green Gram(Moong)(Whole),Green (Whole),FAQ,6450,7035,7035,02/09/2026
Madhya Pradesh,Dewas,Dewas APMC,Green Gram(Moong)(Whole),Green (Whole),FAQ,3901,6601,6601,02/09/2026
Madhya Pradesh,Vidisha,Ganjbasoda APMC,Green Gram(Moong)(Whole),Green (Whole),FAQ,2700,6900,6900,02/09/2026
Madhya Pradesh,Hoshangabad,Itarsi APMC,Green Gram(Moong)(Whole),Green (Whole),FAQ,1000,7720,7400,02/09/2026
Madhya Pradesh,Hoshangabad,Bankhedi APMC,Green Gram(Moong)(Whole),Green (Whole),Non-FAQ,1801,4500,4500,02/09/2026
Madhya Pradesh,Harda,Harda APMC,Green Gram(Moong)(Whole),Green (Whole),FAQ,1490,7866,6300,02/09/2026
Madhya Pradesh,Sehore,Rehati APMC,Green Gram(Moong)(Whole),Green (Whole),FAQ,6500,6500,6500,02/09/2026
Madhya Pradesh,Raisen,Begamganj APMC,Green Gram(Moong)(Whole),Green (Whole),FAQ,5795,5795,5795,02/09/2026
Madhya Pradesh,Harda,Khirakiya APMC,Green Gram(Moong)(Whole),Green (Whole),Non-FAQ,2450,7401,5400,02/09/2026
Madhya Pradesh,Hoshangabad,Semriharchand APMC,Green Gram(Moong)(Whole),Green (Whole),FAQ,700,7751,7602,02/09/2026
Madhya Pradesh,Guna,Guna APMC,Green Gram(Moong)(Whole),Green (Whole),FAQ,6500,7610,7360,02/09/2026
Madhya Pradesh,Chhindwara,Chhindwara APMC,Black Gram(Urd Beans)(Whole),Urda/Urd,FAQ,7891,7999,7999,02/09/2026
Madhya Pradesh,Neemuch,Neemuch APMC,Black Gram(Urd Beans)(Whole),Urda/Urd,FAQ,3300,7900,5900,02/09/2026
Madhya Pradesh,Narsinghpur,Gadarwada APMC,Black Gram(Urd Beans)(Whole),Urda/Urd,FAQ,7300,7800,7800,02/09/2026
Madhya Pradesh,Narsinghpur,Kareli APMC,Black Gram(Urd Beans)(Whole),Urda/Urd,FAQ,7000,8352,8352,02/09/2026
Madhya Pradesh,Jabalpur,Sihora APMC,Black Gram(Urd Beans)(Whole),Urda/Urd,FAQ,705,8665,8300,02/09/2026
Madhya Pradesh,Guna,Guna APMC,Black Gram(Urd Beans)(Whole),Urda/Urd,FAQ,5760,5760,5760,02/09/2026
Madhya Pradesh,Jabalpur,Paatan APMC,Black Gram(Urd Beans)(Whole),Urda/Urd,FAQ,7790,8580,8580,02/09/2026
Madhya Pradesh,Neemuch,Manasa APMC,Black Gram(Urd Beans)(Whole),Urda/Urd,FAQ,2501,5100,5100,02/09/2026
Madhya Pradesh,Damoh,Patharia APMC,Black Gram(Urd Beans)(Whole),Urda/Urd,FAQ,5205,5950,5950,02/09/2026
Madhya Pradesh,Damoh,Damoh APMC,Black Gram(Urd Beans)(Whole),Urda/Urd,FAQ,6900,8250,8250,02/09/2026
Madhya Pradesh,Indore,Indore APMC,Black Gram(Urd Beans)(Whole),Urda/Urd,FAQ,9350,9350,9350,02/09/2026
Madhya Pradesh,Mandsaur,Shamgarh APMC,Black Gram(Urd Beans)(Whole),Urda/Urd,Non-FAQ,5799,5799,5799,02/09/2026
Madhya Pradesh,Ratlam,Jaora APMC,Black Gram(Urd Beans)(Whole),Urda/Urd,FAQ,1600,5600,5600,02/09/2026
Madhya Pradesh,Jabalpur,Jabalpur APMC,Black Gram(Urd Beans)(Whole),Urda/Urd,FAQ,4900,8455,8000,02/09/2026
Madhya Pradesh,Satna,Satna APMC,Black Gram(Urd Beans)(Whole),Urda/Urd,FAQ,6505,7510,7510,02/09/2026
Madhya Pradesh,Katni,Katni APMC,Black Gram(Urd Beans)(Whole),Urda/Urd,Non-FAQ,5000,8400,8200,02/09/2026
Madhya Pradesh,Betul,Betul APMC,Black Gram(Urd Beans)(Whole),Urda/Urd,FAQ,6500,7801,6500,02/09/2026
Madhya Pradesh,Mandsaur,Mandsaur APMC,Black Gram(Urd Beans)(Whole),Urda/Urd,FAQ,4900,5100,5100,02/09/2026
Maharashtra,Washim,Risod APMC,Red gram/Arhar/Tur(whole),Other,Non-FAQ,7600,7999,7800,02/09/2026
Maharashtra,Beed,Beed APMC,Red gram/Arhar/Tur(whole),Other,FAQ,8000,8000,8000,02/09/2026
Maharashtra,Jalgaon,APMC CHOPADA,Red gram/Arhar/Tur(whole),Other,Non-FAQ,7500,7500,7500,02/09/2026
Maharashtra,Latur,Udgir APMC,Red gram/Arhar/Tur(whole),Other,FAQ,8299,8722,8510,02/09/2026
Maharashtra,Jalna,Jalana APMC,Red gram/Arhar/Tur(whole),Other,FAQ,8200,8200,8200,02/09/2026
Maharashtra,Nagpur,Agriculture Produce Market Committee Katol,Red gram/Arhar/Tur(whole),Other,Non-FAQ,7201,7999,7850,02/09/2026
Maharashtra,Amarawati,Anajngaon APMC,Red gram/Arhar/Tur(whole),Other,Non-FAQ,7600,7950,7800,02/09/2026
Maharashtra,Washim,Washim APMC,Red gram/Arhar/Tur(whole),Other,Non-FAQ,7600,7950,7750,02/09/2026
Maharashtra,Yavatmal,"Ramdev Krushi Bazaar, Digras road, Manora, Dist Washim",Red gram/Arhar/Tur(whole),Other,Local,7800,8100,7959,02/09/2026
Maharashtra,Buldhana,"Bsk Krishi Bazar Private Limited, Mehkar, Dist Buldhana",Red gram/Arhar/Tur(whole),Other,Local,7000,8100,8068,02/09/2026
Maharashtra,Yavatmal,"Mahesh Krushi Utpanna Bazar, Digras, Dist Yeotmal",Red gram/Arhar/Tur(whole),Other,Local,7900,8200,8152,02/09/2026
Maharashtra,Buldhana,Khamgaon APMC,Red gram/Arhar/Tur(whole),Other,FAQ,8000,8575,8288,02/09/2026
Maharashtra,Amarawati,Achalpur APMC,Red gram/Arhar/Tur(whole),Other,FAQ,8000,8300,8150,02/09/2026
Maharashtra,Washim,Mangrulpeer APMC,Red gram/Arhar/Tur(whole),Other,FAQ,8000,8400,8100,02/09/2026
Maharashtra,Yavatmal,Babhulgaon APMC,Red gram/Arhar/Tur(whole),Other,FAQ,8001,8310,8201,02/09/2026
Maharashtra,Jalna,Jalana APMC,Red gram/Arhar/Tur(whole),Other,Non-FAQ,6500,7950,7950,02/09/2026
Maharashtra,Beed,Gevrai APMC,Red gram/Arhar/Tur(whole),Other,Non-FAQ,7450,7950,7500,02/09/2026
Maharashtra,Buldhana,Mehekar APMC,Red gram/Arhar/Tur(whole),Other,Non-FAQ,7000,7895,7850,02/09/2026
Maharashtra,Akola,Murtizapur APMC,Red gram/Arhar/Tur(whole),Other,FAQ,8005,8255,8130,02/09/2026
Maharashtra,Buldhana,Krushi Utpanna Bazar Samiti Shegaon,Red gram/Arhar/Tur(whole),Other,FAQ,8100,8100,8100,02/09/2026
Maharashtra,Buldhana,Krushi Utpanna Bazar Samiti Shegaon,Red gram/Arhar/Tur(whole),Other,Non-FAQ,6705,7900,7580,02/09/2026
Maharashtra,Buldhana,Chikali APMC,Red gram/Arhar/Tur(whole),Other,Non-FAQ,6800,7900,7350,02/09/2026
Maharashtra,Yavatmal,KISAN MARKET YARD,Red gram/Arhar/Tur(whole),Other,Local,7400,7750,7710,02/09/2026
Maharashtra,Hingoli,Sengoan APMC,Red gram/Arhar/Tur(whole),Other,Non-FAQ,7400,7700,7500,02/09/2026
Maharashtra,Chattrapati Sambhajinagar,Vaijpur APMC,Red gram/Arhar/Tur(whole),Other,Non-FAQ,6550,7200,6805,02/09/2026
Maharashtra,Chattrapati Sambhajinagar,Paithan APMC,Red gram/Arhar/Tur(whole),Other,FAQ,8000,8000,8000,02/09/2026
Maharashtra,Jalgaon,APMC CHOPADA,Red gram/Arhar/Tur(whole),Other,FAQ,8100,8100,8100,02/09/2026
Maharashtra,Latur,Aurad Shahajani APMC,Red gram/Arhar/Tur(whole),Other,Non-FAQ,7700,7999,7800,02/09/2026
Maharashtra,Nanded,Bhokar APMC,Red gram/Arhar/Tur(whole),Other,Non-FAQ,7500,7950,7725,02/09/2026
Maharashtra,Wardha,Hinganghat APMC,Red gram/Arhar/Tur(whole),Other,FAQ,8000,8645,8300,02/09/2026
Maharashtra,Wardha,Wardha APMC,Red gram/Arhar/Tur(whole),Other,FAQ,8000,8085,8050,02/09/2026
Maharashtra,Nashik,Nandgaon APMC,Red gram/Arhar/Tur(whole),Other,Non-FAQ,5885,7591,7550,02/09/2026
Maharashtra,Amarawati,Dhamngaon-Railway APMC,Red gram/Arhar/Tur(whole),Other,Non-FAQ,4000,5000,4500,02/09/2026
Maharashtra,Akola,Akola APMC,Red gram/Arhar/Tur(whole),Other,FAQ,8000,8560,8170,02/09/2026
Maharashtra,Wardha,APMC SINDI BRANCH SELOO,Red gram/Arhar/Tur(whole),Other,Non-FAQ,7250,7995,7550,02/09/2026
Maharashtra,Solapur,Dudhani APMC,Red gram/Arhar/Tur(whole),Other,FAQ,8000,8855,8318,02/09/2026
Maharashtra,Wardha,Arvi APMC,Red gram/Arhar/Tur(whole),Other,FAQ,8000,8475,8200,02/09/2026
Maharashtra,Yavatmal,Digras APMC,Red gram/Arhar/Tur(whole),Other,FAQ,8295,8365,8305,02/09/2026
Maharashtra,Beed,Gevrai APMC,Red gram/Arhar/Tur(whole),Other,FAQ,8000,8225,8100,02/09/2026
Maharashtra,Yavatmal,"Shekari Krushi Khajgi Bazar, Arni, Dist Yavatmal",Red gram/Arhar/Tur(whole),Other,Local,7626,7626,7626,02/09/2026
Maharashtra,Yavatmal,Yavatmal APMC,Red gram/Arhar/Tur(whole),Other,FAQ,8250,8250,8250,02/09/2026
Maharashtra,Nashik,Malegaon APMC,Red gram/Arhar/Tur(whole),Other,Non-FAQ,2601,6680,5901,02/09/2026
Maharashtra,Amarawati,Amarawati APMC,Red gram/Arhar/Tur(whole),Other,FAQ,8000,8550,8275,02/09/2026
Maharashtra,Buldhana,Khamgaon APMC,Red gram/Arhar/Tur(whole),Other,Non-FAQ,7525,7950,7738,02/09/2026
Maharashtra,Hingoli,Hingoli(Kanegoan Naka) APMC,Red gram/Arhar/Tur(whole),Other,Non-FAQ,7350,7800,7575,02/09/2026
Maharashtra,Buldhana,Nandura APMC,Red gram/Arhar/Tur(whole),Other,FAQ,8050,8620,8620,02/09/2026
Maharashtra,Jalgaon,APMC PACHORA,Red gram/Arhar/Tur(whole),Other,Non-FAQ,7200,7561,7351,02/09/2026
Maharashtra,Latur,APMC Latur,Red gram/Arhar/Tur(whole),Other,FAQ,8000,8551,8410,02/09/2026
Maharashtra,Latur,Ahmedpur APMC,Red gram/Arhar/Tur(whole),Other,FAQ,8000,8345,8172,02/09/2026
Maharashtra,Latur,Aurad Shahajani APMC,Red gram/Arhar/Tur(whole),Other,FAQ,8000,8302,8150,02/09/2026
Maharashtra,Buldhana,Lonar APMC,Red gram/Arhar/Tur(whole),Other,FAQ,8200,8400,8300,02/09/2026
Maharashtra,Amarawati,Chandur Railway APMC,Red gram/Arhar/Tur(whole),Other,FAQ,8000,8210,8000,02/09/2026
Maharashtra,Buldhana,Malkapur APMC,Red gram/Arhar/Tur(whole),Other,FAQ,8565,8755,8600,02/09/2026
Maharashtra,Buldhana,Malkapur APMC,Red gram/Arhar/Tur(whole),Other,Non-FAQ,7100,7100,7100,02/09/2026
Maharashtra,Nagpur,Savner APMC,Red gram/Arhar/Tur(whole),Other,FAQ,8075,8340,8225,02/09/2026
Maharashtra,Dharashiv,Murum APMC,Red gram/Arhar/Tur(whole),Other,FAQ,8100,8271,8216,02/09/2026
Maharashtra,Parbhani,Parbhani APMC,Red gram/Arhar/Tur(whole),Other,Non-FAQ,7200,7850,7500,02/09/2026
Maharashtra,Solapur,Dudhani APMC,Red gram/Arhar/Tur(whole),Other,Non-FAQ,6005,7900,7520,02/09/2026
Maharashtra,Washim,Karanja APMC,Red gram/Arhar/Tur(whole),Other,FAQ,8200,8450,8200,02/09/2026
Maharashtra,Wardha,Hinganghat APMC,Red gram/Arhar/Tur(whole),Other,Non-FAQ,7400,7900,7600,02/09/2026
Maharashtra,Wardha,Wardha APMC,Red gram/Arhar/Tur(whole),Other,Non-FAQ,7805,7990,7900,02/09/2026
Maharashtra,Washim,"Krushna Krishi Bazar, Washim",Red gram/Arhar/Tur(whole),Other,Local,7200,8200,8037,02/09/2026
Maharashtra,Akola,Akot APMC,Red gram/Arhar/Tur(whole),Other,FAQ,8400,8460,8400,02/09/2026
Maharashtra,Mumbai,Mumbai APMC,Red gram split/Arhar dal/Tur dal,Other,Local,8500,12500,11000,02/09/2026
Maharashtra,Mumbai,Mumbai APMC,Chili Red,Other,Local,28000,50000,39000,02/09/2026
Maharashtra,Buldhana,Malkapur APMC,Bengal Gram(Gram)(Whole),Average (Whole),FAQ,6000,6225,6100,02/09/2026
Maharashtra,Buldhana,Malkapur APMC,Bengal Gram(Gram)(Whole),Average (Whole),Non-FAQ,5000,5000,5000,02/09/2026
Maharashtra,Jalgaon,APMC PACHORA,Bengal Gram(Gram)(Whole),Average (Whole),Non-FAQ,5000,5870,5500,02/09/2026
Maharashtra,Nagpur,Savner APMC,Bengal Gram(Gram)(Whole),Other,Non-FAQ,5802,5802,5802,02/09/2026
Maharashtra,Nandurbar,Shahada APMC,Bengal Gram(Gram)(Whole),Other,Non-FAQ,4999,5051,4999,02/09/2026
Maharashtra,Wardha,Arvi APMC,Bengal Gram(Gram)(Whole),Other,Non-FAQ,5000,5800,5600,02/09/2026
Maharashtra,Ahilyanagar,Kopargaon APMC,Bengal Gram(Gram)(Whole),Other,FAQ,5875,6031,5980,02/09/2026
Maharashtra,Akola,Akola APMC,Bengal Gram(Gram)(Whole),Other,FAQ,5880,6235,6090,02/09/2026
Maharashtra,Wardha,APMC SINDI BRANCH SELOO,Bengal Gram(Gram)(Whole),Other,FAQ,5880,6100,6000,02/09/2026
Maharashtra,Buldhana,"Bsk Krishi Bazar Private Limited, Mehkar, Dist Buldhana",Bengal Gram(Gram)(Whole),Other,Local,5800,6000,5925,02/09/2026
Maharashtra,Solapur,SHRI.SIDDHESHWAR  APMC,Bengal Gram(Gram)(Whole),Other,FAQ,6390,6390,6390,02/09/2026
Maharashtra,Hingoli,Hingoli APMC,Bengal Gram(Gram)(Whole),Other,FAQ,5880,6100,5990,02/09/2026
Maharashtra,Jalgaon,APMC CHOPADA,Bengal Gram(Gram)(Whole),Average (Whole),Non-FAQ,5215,5215,5215,02/09/2026
Maharashtra,Jalgaon,APMC CHOPADA,Bengal Gram(Gram)(Whole),Other,Non-FAQ,5000,5451,5000,02/09/2026
Maharashtra,Latur,Ahmedpur APMC,Bengal Gram(Gram)(Whole),Other,Non-FAQ,4900,5800,5490,02/09/2026
Maharashtra,Latur,Udgir APMC,Bengal Gram(Gram)(Whole),Other,FAQ,5875,5875,5875,02/09/2026
Maharashtra,Solapur,Barshi(Vairag) APMC,Bengal Gram(Gram)(Whole),Other,Non-FAQ,5700,5700,5700,02/09/2026
Maharashtra,Washim,Karanja APMC,Bengal Gram(Gram)(Whole),Other,FAQ,5875,6155,5875,02/09/2026
Maharashtra,Wardha,Hinganghat APMC,Bengal Gram(Gram)(Whole),Other,FAQ,5875,6380,6000,02/09/2026
Maharashtra,Jalna,Jalana APMC,Bengal Gram(Gram)(Whole),Other,Non-FAQ,4100,4100,4100,02/09/2026
Maharashtra,Nagpur,Agriculture Produce Market Committee Katol,Bengal Gram(Gram)(Whole),Other,FAQ,6000,6220,6150,02/09/2026
Maharashtra,Amarawati,Dhamngaon-Railway APMC,Bengal Gram(Gram)(Whole),Average (Whole),Non-FAQ,4000,5000,4900,02/09/2026
Maharashtra,Ahilyanagar,Shevgaon APMC,Bengal Gram(Gram)(Whole),Other,Non-FAQ,5500,5500,5500,02/09/2026
Maharashtra,Akola,Akot APMC,Bengal Gram(Gram)(Whole),Average (Whole),Non-FAQ,5700,5780,5700,02/09/2026
Maharashtra,Nashik,Malegaon APMC,Bengal Gram(Gram)(Whole),Other,Non-FAQ,5170,5841,5521,02/09/2026
Maharashtra,Chattrapati Sambhajinagar,Chattrapati Sambhajinagar APMC,Bengal Gram(Gram)(Whole),Other,Non-FAQ,5870,5870,5870,02/09/2026
Maharashtra,Jalgaon,APMC PACHORA,Bengal Gram(Gram)(Whole),Average (Whole),FAQ,5875,5980,5950,02/09/2026
Maharashtra,Latur,APMC Latur,Bengal Gram(Gram)(Whole),Other,FAQ,5875,6260,6000,02/09/2026
Maharashtra,Pune,Pune APMC,Bengal Gram(Gram)(Whole),Other,FAQ,6000,7200,6600,02/09/2026
Maharashtra,Ahilyanagar,Ahilyanagar APMC,Bengal Gram(Gram)(Whole),Other,Non-FAQ,5800,5800,5800,02/09/2026
Maharashtra,Buldhana,Mehekar APMC,Bengal Gram(Gram)(Whole),Other,Non-FAQ,4500,5600,5300,02/09/2026
Maharashtra,Buldhana,Krushi Utpanna Bazar Samiti Shegaon,Bengal Gram(Gram)(Whole),Other,Non-FAQ,5700,5800,5750,02/09/2026
Maharashtra,Dhule,Dondaicha (Sindhkheda) APMC,Bengal Gram(Gram)(Whole),Other,FAQ,6001,6001,6001,02/09/2026
Maharashtra,Dhule,Sakri APMC,Bengal Gram(Gram)(Whole),Average (Whole),Non-FAQ,5000,5000,5000,02/09/2026
Maharashtra,Washim,"Krushna Krishi Bazar, Washim",Bengal Gram(Gram)(Whole),Other,Local,5000,6000,6000,02/09/2026
Maharashtra,Akola,Akot APMC,Bengal Gram(Gram)(Whole),Average (Whole),FAQ,6200,6295,6200,02/09/2026
Maharashtra,Parbhani,"Shree Salasar Krushi Bazar, Dist Parbhani",Bengal Gram(Gram)(Whole),Other,Local,4000,5800,5700,02/09/2026
Maharashtra,Amarawati,Amarawati APMC,Bengal Gram(Gram)(Whole),Other,FAQ,5875,6200,6037,02/09/2026
Maharashtra,Buldhana,Khamgaon APMC,Bengal Gram(Gram)(Whole),Average (Whole),FAQ,5900,6200,6050,02/09/2026
Maharashtra,Mumbai,Mumbai APMC,Bengal Gram(Gram)(Whole),Other,FAQ,6800,7800,7500,02/09/2026
Maharashtra,Solapur,Dudhani APMC,Bengal Gram(Gram)(Whole),Other,FAQ,6000,6000,6000,02/09/2026
Maharashtra,Solapur,Barshi APMC,Bengal Gram(Gram)(Whole),Other,FAQ,6000,6000,6000,02/09/2026
Maharashtra,Solapur,Barshi APMC,Bengal Gram(Gram)(Whole),Other,Non-FAQ,4800,4800,4800,02/09/2026
Maharashtra,Washim,Mangrulpeer APMC,Bengal Gram(Gram)(Whole),Other,FAQ,5875,6245,5950,02/09/2026
Maharashtra,Wardha,Hinganghat APMC,Bengal Gram(Gram)(Whole),Other,Non-FAQ,5400,5800,5600,02/09/2026
Maharashtra,Wardha,Wardha APMC,Bengal Gram(Gram)(Whole),Other,FAQ,5900,6500,6250,02/09/2026
Maharashtra,Wardha,Wardha APMC,Bengal Gram(Gram)(Whole),Other,Non-FAQ,5550,5870,5650,02/09/2026
Maharashtra,Jalna,Jalana APMC,Bengal Gram(Gram)(Whole),Other,FAQ,6100,6200,6100,02/09/2026
Maharashtra,Yavatmal,Yavatmal APMC,Bengal Gram(Gram)(Whole),Other,FAQ,6000,6000,6000,02/09/2026
Maharashtra,Akola,Murtizapur APMC,Bengal Gram(Gram)(Whole),Other,FAQ,5880,6300,6090,02/09/2026
Maharashtra,Beed,Vadvani APMC,Bengal Gram(Gram)(Whole),Other,Non-FAQ,5305,5305,5305,02/09/2026
Maharashtra,Buldhana,Chikali APMC,Bengal Gram(Gram)(Whole),Average (Whole),Non-FAQ,5200,5700,5450,02/09/2026
Maharashtra,Yavatmal,"Shekari Krushi Khajgi Bazar, Arni, Dist Yavatmal",Bengal Gram(Gram)(Whole),Other,Local,5500,5500,5500,02/09/2026
Maharashtra,Beed,Gevrai APMC,Bengal Gram(Gram)(Whole),Other,FAQ,5875,6100,5900,02/09/2026
Maharashtra,Beed,Gevrai APMC,Bengal Gram(Gram)(Whole),Other,Non-FAQ,5431,5800,5500,02/09/2026
Maharashtra,Buldhana,Lonar APMC,Bengal Gram(Gram)(Whole),Other,FAQ,5875,5900,5887,02/09/2026
Maharashtra,Nashik,Sinner APMC,Bengal Gram(Gram)(Whole),Other,FAQ,5905,5905,5905,02/09/2026
Maharashtra,Washim,Risod APMC,Bengal Gram(Gram)(Whole),Other,FAQ,5900,6100,6000,02/09/2026
Maharashtra,Chattrapati Sambhajinagar,Vaijpur APMC,Bengal Gram(Gram)(Whole),Other,Non-FAQ,4000,5340,4700,02/09/2026
Maharashtra,Beed,Beed APMC,Bengal Gram(Gram)(Whole),Other,FAQ,5900,6900,6000,02/09/2026
Maharashtra,Buldhana,Khamgaon APMC,Bengal Gram(Gram)(Whole),Average (Whole),Non-FAQ,5100,5850,5475,02/09/2026
Maharashtra,Beed,Majalgaon APMC,Bengal Gram(Gram)(Whole),Other,FAQ,6125,6125,6125,02/09/2026
Maharashtra,Ahilyanagar,Shevgaon(Bodhegaon) APMC,Green Gram(Moong)(Whole),Green (Whole),Non-FAQ,8500,8600,8500,02/09/2026
Maharashtra,Chattrapati Sambhajinagar,Paithan APMC,Green Gram(Moong)(Whole),Other,FAQ,9200,9200,9200,02/09/2026
Maharashtra,Dharashiv,Murum APMC,Green Gram(Moong)(Whole),Green (Whole),Non-FAQ,8501,8501,8501,02/09/2026
Maharashtra,Pune,Shirur APMC,Green Gram(Moong)(Whole),Other,FAQ,9100,9100,9100,02/09/2026
Maharashtra,Solapur,Dudhani APMC,Green Gram(Moong)(Whole),Green (Whole),Non-FAQ,7670,8605,8160,02/09/2026
Maharashtra,Jalgaon,Jalgaon APMC,Green Gram(Moong)(Whole),Other,FAQ,10501,10501,10501,02/09/2026
Maharashtra,Dhule,Dondaicha (Sindhkheda) APMC,Green Gram(Moong)(Whole),Other,Non-FAQ,7700,8550,8300,02/09/2026
Maharashtra,Beed,Beed APMC,Green Gram(Moong)(Whole),Green (Whole),Non-FAQ,7790,8701,8246,02/09/2026
Maharashtra,Buldhana,Malkapur APMC,Green Gram(Moong)(Whole),Other,FAQ,9625,9625,9625,02/09/2026
Maharashtra,Buldhana,Nandura APMC,Green Gram(Moong)(Whole),Green (Whole),FAQ,9001,11577,11577,02/09/2026
Maharashtra,Jalgaon,APMC PACHORA,Green Gram(Moong)(Whole),Other,FAQ,8768,9000,8900,02/09/2026
Maharashtra,Jalgaon,APMC PACHORA,Green Gram(Moong)(Whole),Other,Non-FAQ,6000,8760,7500,02/09/2026
Maharashtra,Latur,Aurad Shahajani APMC,Green Gram(Moong)(Whole),Green (Whole),FAQ,8901,9311,9106,02/09/2026
Maharashtra,Nandurbar,APMC Nandurbar,Green Gram(Moong)(Whole),Other,Non-FAQ,2600,2600,2600,02/09/2026
Maharashtra,Nashik,Malegaon APMC,Green Gram(Moong)(Whole),Green (Whole),Non-FAQ,4000,8760,8755,02/09/2026
Maharashtra,Chattrapati Sambhajinagar,Vaijpur APMC,Green Gram(Moong)(Whole),Other,FAQ,8800,11700,9400,02/09/2026
Maharashtra,Latur,Aurad Shahajani APMC,Green Gram(Moong)(Whole),Other,FAQ,8768,9801,9250,02/09/2026
Maharashtra,Dharashiv,Tuljapur APMC,Green Gram(Moong)(Whole),Other,FAQ,8780,11000,9500,02/09/2026
Maharashtra,Washim,Karanja APMC,Green Gram(Moong)(Whole),Other,Non-FAQ,8600,8600,8600,02/09/2026
Maharashtra,Jalna,Jalana APMC,Green Gram(Moong)(Whole),Other,FAQ,9100,9527,9100,02/09/2026
Maharashtra,Nashik,Nandgaon APMC,Green Gram(Moong)(Whole),Green (Whole),FAQ,8768,12795,12550,02/09/2026
Maharashtra,Beed,Gevrai APMC,Green Gram(Moong)(Whole),Other,FAQ,8768,9711,9250,02/09/2026
Maharashtra,Buldhana,Lonar APMC,Green Gram(Moong)(Whole),Other,Non-FAQ,6700,6800,6750,02/09/2026
Maharashtra,Ahilyanagar,Rahuri(Vambori) APMC,Green Gram(Moong)(Whole),Other,FAQ,9600,9600,9600,02/09/2026
Maharashtra,Amarawati,Amarawati APMC,Green Gram(Moong)(Whole),Other,Non-FAQ,6800,7250,7025,02/09/2026
Maharashtra,Mumbai,Mumbai APMC,Green Gram(Moong)(Whole),Other,FAQ,8800,11000,10000,02/09/2026
Maharashtra,Pune,Shirur APMC,Green Gram(Moong)(Whole),Other,Non-FAQ,8300,8500,8300,02/09/2026
Maharashtra,Wardha,Hinganghat APMC,Green Gram(Moong)(Whole),Green (Whole),Non-FAQ,5600,6600,6100,02/09/2026
Maharashtra,Jalna,Jalana APMC,Green Gram(Moong)(Whole),Other,Non-FAQ,7511,7511,7511,02/09/2026
Maharashtra,Nashik,Lasalgaon APMC,Green Gram(Moong)(Whole),Other,FAQ,9701,13900,12900,02/09/2026
Maharashtra,Yavatmal,"Ramdev Krushi Bazaar, Digras road, Manora, Dist Washim",Green Gram(Moong)(Whole),Other,Local,6200,6400,6300,02/09/2026
Maharashtra,Beed,Kaij APMC,Green Gram(Moong)(Whole),Green (Whole),Non-FAQ,7500,8500,8418,02/09/2026
Maharashtra,Wardha,APMC SINDI BRANCH SELOO,Green Gram(Moong)(Whole),Green (Whole),Non-FAQ,5800,6150,6000,02/09/2026
Maharashtra,Dhule,Dondaicha (Sindhkheda) APMC,Green Gram(Moong)(Whole),Other,FAQ,8850,8850,8850,02/09/2026
Maharashtra,Ahilyanagar,"Omchatinya Multi State Agro Purpose Co-Op Society, Dist Ahilyanagar",Green Gram(Moong)(Whole),Other,Local,7000,7000,7000,02/09/2026
Maharashtra,Chattrapati Sambhajinagar,Vaijpur APMC,Green Gram(Moong)(Whole),Other,Non-FAQ,7700,8700,8400,02/09/2026
Maharashtra,Buldhana,Khamgaon APMC,Green Gram(Moong)(Whole),Other,FAQ,9100,9100,9100,02/09/2026
Maharashtra,Beed,Majalgaon APMC,Green Gram(Moong)(Whole),Green (Whole),FAQ,8800,12100,9100,02/09/2026
Maharashtra,Jalgaon,APMC CHOPADA,Green Gram(Moong)(Whole),Green (Whole),FAQ,9200,9500,9351,02/09/2026
Maharashtra,Nashik,Devala APMC,Green Gram(Moong)(Whole),Green (Whole),FAQ,9210,14100,14100,02/09/2026
Maharashtra,Dharashiv,Tuljapur APMC,Green Gram(Moong)(Whole),Green (Whole),Non-FAQ,7500,8600,8500,02/09/2026
Maharashtra,Pune,Pune APMC,Green Gram(Moong)(Whole),Green (Whole),FAQ,8900,9600,9250,02/09/2026
Maharashtra,Amarawati,Amarawati APMC,Black Gram(Urd Beans)(Whole),Other,Non-FAQ,6500,7150,6825,02/09/2026
Maharashtra,Dharashiv,Tuljapur APMC,Black Gram(Urd Beans)(Whole),Other,FAQ,8000,8350,8200,02/09/2026
Maharashtra,Pune,Pune APMC,Black Gram(Urd Beans)(Whole),Other,FAQ,9100,10100,9600,02/09/2026
Maharashtra,Solapur,Karmala APMC,Black Gram(Urd Beans)(Whole),Other,FAQ,8500,8500,8500,02/09/2026
Maharashtra,Washim,Karanja APMC,Black Gram(Urd Beans)(Whole),Other,Non-FAQ,6705,6705,6705,02/09/2026
Maharashtra,Ahilyanagar,Karjat(Rashin) APMC,Black Gram(Urd Beans)(Whole),Other,FAQ,7900,8400,8200,02/09/2026
Maharashtra,Ahilyanagar,Karjat APMC,Black Gram(Urd Beans)(Whole),Other,Non-FAQ,7000,7700,7500,02/09/2026
Maharashtra,Mumbai,Mumbai APMC,Green Gram Dal(Moong Dal),Other,Local,9100,10500,10300,02/09/2026
Maharashtra,Mumbai,Mumbai APMC,Black Gram(Urd Beans)(Whole),Other,FAQ,9000,11600,10500,02/09/2026
Maharashtra,Solapur,Dudhani APMC,Black Gram(Urd Beans)(Whole),Other,Non-FAQ,5000,5500,5500,02/09/2026
Maharashtra,Jalna,Jalana APMC,Black Gram(Urd Beans)(Whole),Other,FAQ,8007,8100,8100,02/09/2026
Maharashtra,Ahilyanagar,Rahuri(Vambori) APMC,Black Gram(Urd Beans)(Whole),Other,Non-FAQ,7300,7300,7300,02/09/2026
Maharashtra,Ahilyanagar,"Omchatinya Multi State Agro Purpose Co-Op Society, Dist Ahilyanagar",Black Gram(Urd Beans)(Whole),Other,Local,7800,8200,8000,02/09/2026
Maharashtra,Solapur,Barshi(Vairag) APMC,Black Gram(Urd Beans)(Whole),Other,FAQ,8300,8300,8300,02/09/2026
Maharashtra,Ahilyanagar,Karjat(Rashin) APMC,Black Gram(Urd Beans)(Whole),Other,Non-FAQ,7000,7700,7500,02/09/2026
Maharashtra,Ahilyanagar,Karjat APMC,Black Gram(Urd Beans)(Whole),Other,FAQ,8400,8500,8400,02/09/2026
Maharashtra,Beed,Vadvani APMC,Black Gram(Urd Beans)(Whole),Other,FAQ,8301,8301,8301,02/09/2026
Maharashtra,Solapur,SHRI.SIDDHESHWAR  APMC,Black Gram(Urd Beans)(Whole),Mogan Medium,FAQ,8140,8400,8250,02/09/2026
Maharashtra,Buldhana,Malkapur APMC,Black Gram(Urd Beans)(Whole),Other,FAQ,9011,9011,9011,02/09/2026
Maharashtra,Mumbai,Mumbai APMC,Bengal Gram Dal(Chana Dal),Other,Local,7100,8500,7900,02/09/2026
Maharashtra,Dharashiv,Murum APMC,Black Gram(Urd Beans)(Whole),Other,FAQ,8201,8207,8201,02/09/2026
Maharashtra,Solapur,Barshi APMC,Black Gram(Urd Beans)(Whole),Other,Non-FAQ,4500,4500,4500,02/09/2026
Maharashtra,Solapur,Dudhani APMC,Black Gram(Urd Beans)(Whole),Other,FAQ,8000,8580,8447,02/09/2026
Maharashtra,Solapur,Barshi APMC,Black Gram(Urd Beans)(Whole),Other,FAQ,8200,8811,8200,02/09/2026
Maharashtra,Dharashiv,Paranda APMC,Black Gram(Urd Beans)(Whole),Other,FAQ,8000,8250,8200,02/09/2026
Maharashtra,Ahilyanagar,Shevgaon APMC,Black Gram(Urd Beans)(Whole),Other,FAQ,8000,8000,8000,02/09/2026
Maharashtra,Ahilyanagar,Shevgaon(Bodhegaon) APMC,Black Gram(Urd Beans)(Whole),Other,FAQ,8000,8000,8000,02/09/2026
Maharashtra,Chattrapati Sambhajinagar,Paithan APMC,Black Gram(Urd Beans)(Whole),Other,FAQ,7901,7901,7901,02/09/2026
Maharashtra,Buldhana,Khamgaon APMC,Black Gram(Urd Beans)(Whole),Other,Non-FAQ,5100,5100,5100,02/09/2026
Maharashtra,Solapur,Kurdwadi APMC,Black Gram(Urd Beans)(Whole),Other,FAQ,8500,8700,8550,02/09/2026
Maharashtra,Mumbai,Mumbai APMC,Black Gram Dal(Urd Dal),Other,Local,10000,12900,12000,02/09/2026
Uttar Pradesh,Jalaun (Orai),Kalpi APMC,Red gram/Arhar/Tur(whole),Other,FAQ,6500,6500,6500,02/09/2026
Uttar Pradesh,Agra,Agra APMC,Red gram/Arhar/Tur(whole),Other,FAQ,10618,10618,10618,02/09/2026
Uttar Pradesh,Gorakhpur,Gorakhpur APMC,Chili Red,Other,FAQ,11800,11800,11800,02/09/2026
Uttar Pradesh,Ghaziabad,Noida APMC,Chili Red,Other,FAQ,49094.84,49094.84,49094.84,02/09/2026
Uttar Pradesh,Bareilly,Bareilly APMC,Chili Red,Other,FAQ,9000,12783,11998.96,02/09/2026
Uttar Pradesh,Lucknow,Banthara APMC,Bengal Gram(Gram)(Whole),Other,FAQ,7308,8366,7660.67,02/09/2026
Uttar Pradesh,Jhansi,Gurusarai APMC,Bengal Gram(Gram)(Whole),Other,FAQ,5600,5700,5652.94,02/09/2026
Uttar Pradesh,Ghaziabad,Noida APMC,Pegeon Pea(Arhar Fali),Other,FAQ,16666.67,16666.67,16666.67,02/09/2026
Uttar Pradesh,Sitapur,Sidhauli APMC,Pegeon Pea(Arhar Fali),Other,FAQ,8200,8200,8200,02/09/2026
Uttar Pradesh,Lakhimpur,Lakhimpur APMC,Pegeon Pea(Arhar Fali),Other,FAQ,6600,10650,8230.43,02/09/2026
Uttar Pradesh,Pillibhit,Pilibhit APMC,Pegeon Pea(Arhar Fali),Other,FAQ,9925,9925,9925,02/09/2026
Uttar Pradesh,Gorakhpur,Gorakhpur APMC,Pegeon Pea(Arhar Fali),Other,FAQ,6950,10300,8829.94,02/09/2026
Uttar Pradesh,Shahjahanpur,Shahjahanpur APMC,Pegeon Pea(Arhar Fali),Other,FAQ,10573,10573,10573,02/09/2026
Uttar Pradesh,Prayagraj,Prayagraj APMC,Pegeon Pea(Arhar Fali),Other,FAQ,7000,7500,7307.56,02/09/2026
Uttar Pradesh,Lucknow,Banthara APMC,Pegeon Pea(Arhar Fali),Other,FAQ,12074,12074,12074,02/09/2026
Uttar Pradesh,Saharanpur,Saharanpur APMC,Pegeon Pea(Arhar Fali),Other,FAQ,9700,9700,9700,02/09/2026
Uttar Pradesh,Bijnor,Dhampur APMC,Pegeon Pea(Arhar Fali),Other,FAQ,11150,11150,11150,02/09/2026
Uttar Pradesh,Bareilly,Bareilly APMC,Pegeon Pea(Arhar Fali),Other,FAQ,11850,11850,11850,02/09/2026
Uttar Pradesh,Agra,Agra APMC,Pegeon Pea(Arhar Fali),Other,FAQ,9950,10715,10412.67,02/09/2026
Uttar Pradesh,Saharanpur,Saharanpur APMC,Gram Raw(Chholia),Other,FAQ,6500,6500,6500,02/09/2026
Uttar Pradesh,Agra,Jarar APMC,Green Gram(Moong)(Whole),Other,FAQ,6650,6800,6711.99,02/09/2026
Uttar Pradesh,Ghaziabad,Ghaziabad APMC,Green Gram(Moong)(Whole),Other,FAQ,13102.78,13102.78,13102.78,02/09/2026
Uttar Pradesh,Etawah,Bharthna APMC,Green Gram(Moong)(Whole),Other,FAQ,8768,8768,8768,02/09/2026
Uttar Pradesh,Hathras,Haathras APMC,Green Gram(Moong)(Whole),Other,FAQ,6000,8768,8736.72,02/09/2026
Uttar Pradesh,Mahoba,Mahoba APMC,Green Gram(Moong)(Whole),Other,FAQ,8768,8768,8768,02/09/2026
Uttar Pradesh,Hathras,Shadabad APMC,Green Gram(Moong)(Whole),Other,FAQ,8768,8768,8768,02/09/2026
Uttar Pradesh,Agra,Agra APMC,Gram Raw(Chholia),Other,FAQ,6246,9300,7390.93,02/09/2026
Uttar Pradesh,Auraiya,Auraiya APMC,Gram Raw(Chholia),Other,FAQ,5500,5500,5500,02/09/2026
Uttar Pradesh,Fatehpur,Fatehpur APMC,Green Gram(Moong)(Whole),Other,FAQ,8768,8768,8768,02/09/2026
Uttar Pradesh,Jhansi,Mauranipur APMC,Gram Raw(Chholia),Other,FAQ,5000,5000,5000,02/09/2026
Uttar Pradesh,Ghaziabad,Noida APMC,Gram Raw(Chholia),Other,FAQ,11907.82,11907.82,11907.82,02/09/2026
Uttar Pradesh,Kanpur,Kanpur(Grain) APMC,Gram Raw(Chholia),Other,FAQ,5100,5100,5100,02/09/2026
Uttar Pradesh,Aligarh,Charra APMC,Green Gram(Moong)(Whole),Other,FAQ,8768,8768,8768,02/09/2026
Uttar Pradesh,Jhansi,Gurusarai APMC,Green Gram(Moong)(Whole),Other,FAQ,8768,8768,8768,02/09/2026
Uttar Pradesh,Jalaun (Orai),Jalaun APMC,Green Gram(Moong)(Whole),Other,FAQ,8768,8768,8768,02/09/2026
Uttar Pradesh,Fatehpur,Kishunpur APMC,Green Gram(Moong)(Whole),Other,FAQ,8768,8768,8768,02/09/2026
Uttar Pradesh,Mahoba,Mahoba APMC,Gram Raw(Chholia),Other,FAQ,5200,6880,6259.85,02/09/2026
Uttar Pradesh,Shamli,Shamli APMC,Gram Raw(Chholia),Other,FAQ,7000,7000,7000,02/09/2026
Uttar Pradesh,Shahjahanpur,Powayan APMC,Gram Raw(Chholia),Other,FAQ,7668.6,7668.6,7668.6,02/09/2026
Uttar Pradesh,Jalaun (Orai),Madhogarh APMC,Green Gram(Moong)(Whole),Other,FAQ,7000,8768,7105.78,02/09/2026
Uttar Pradesh,Kanpur Dehat,Pukharayan APMC,Green Gram(Moong)(Whole),Other,FAQ,7200,8768,8452.31,02/09/2026
Uttar Pradesh,Mainpuri,Bewar APMC,Green Gram(Moong)(Whole),Other,FAQ,8768,8768,8768,02/09/2026
Uttar Pradesh,Agra,Fatehabad APMC,Green Gram(Moong)(Whole),Other,FAQ,6800,6825,6806.76,02/09/2026
Uttar Pradesh,Lakhimpur,Lakhimpur APMC,Gram Raw(Chholia),Other,FAQ,5000,7800,6410.01,02/09/2026
Uttar Pradesh,Mathura,Kosikalan APMC,Green Gram(Moong)(Whole),Other,FAQ,8768,8768,8768,02/09/2026
Uttar Pradesh,Hamirpur,Muskara APMC,Green Gram(Moong)(Whole),Other,FAQ,8768,8768,8768,02/09/2026
Uttar Pradesh,Hathras,Sikandraraau APMC,Green Gram(Moong)(Whole),Other,FAQ,8768,8768,8768,02/09/2026
Uttar Pradesh,Lucknow,Lucknow APMC,Gram Raw(Chholia),Other,FAQ,8500,8500,8500,02/09/2026
Uttar Pradesh,Mainpuri,Mainpuri APMC,Green Gram(Moong)(Whole),Other,FAQ,6800,6800,6800,02/09/2026
Uttar Pradesh,Banda,Atarra APMC,Green Gram(Moong)(Whole),Other,FAQ,8768,8768,8768,02/09/2026
Uttar Pradesh,Mahoba,Charkhari APMC,Gram Raw(Chholia),Other,FAQ,5350,5500,5425.51,02/09/2026
Uttar Pradesh,Jhansi,Gurusarai APMC,Gram Raw(Chholia),Other,FAQ,5870,5870,5870,02/09/2026
Uttar Pradesh,Jalaun (Orai),Konch APMC,Green Gram(Moong)(Whole),Other,FAQ,8768,8768,8768,02/09/2026
Uttar Pradesh,Firozabad,Sirsaganj APMC,Green Gram(Moong)(Whole),Other,FAQ,6500,6850,6743.63,02/09/2026
Uttar Pradesh,Kanpur,Choubepur APMC,Green Gram(Moong)(Whole),Other,FAQ,8768,8768,8768,02/09/2026
Uttar Pradesh,Ghaziabad,Noida APMC,Green Gram(Moong)(Whole),Other,FAQ,13967,13967,13967,02/09/2026
Uttar Pradesh,Lalitpur,Lalitpur APMC,Gram Raw(Chholia),Other,FAQ,5500,5920,5837.72,02/09/2026
Uttar Pradesh,Aligarh,Atrauli APMC,Green Gram(Moong)(Whole),Other,FAQ,8768,8768,8768,02/09/2026
Uttar Pradesh,Banda,Banda APMC,Gram Raw(Chholia),Other,FAQ,5700,5780,5724.16,02/09/2026
Uttar Pradesh,Hamirpur,Maudaha APMC,Gram Raw(Chholia),Other,FAQ,5350,5350,5350,02/09/2026
Uttar Pradesh,Ghaziabad,Ghaziabad APMC,Gram Raw(Chholia),Other,FAQ,12908.78,12908.78,12908.78,02/09/2026
Uttar Pradesh,Lalitpur,Lalitpur APMC,Green Gram(Moong)(Whole),Other,FAQ,6525,7000,6975.3,02/09/2026
Uttar Pradesh,Bijnor,Dhampur APMC,Gram Raw(Chholia),Other,FAQ,8600,8600,8600,02/09/2026
Uttar Pradesh,Bareilly,Bareilly APMC,Green Gram(Moong)(Whole),Other,FAQ,7500,7500,7500,02/09/2026
Uttar Pradesh,Prayagraj,Jasra APMC,Green Gram(Moong)(Whole),Other,FAQ,8768,8768,8768,02/09/2026
Uttar Pradesh,Sonbhadra,Robertsganj APMC,Gram Raw(Chholia),Other,FAQ,5000,5000,5000,02/09/2026
Uttar Pradesh,Bulandshahar,Sikarpur APMC,Green Gram(Moong)(Whole),Other,FAQ,8768,8768,8768,02/09/2026
Uttar Pradesh,Gorakhpur,Gorakhpur APMC,Gram Raw(Chholia),Other,FAQ,6900,9200,7265.3,02/09/2026
Uttar Pradesh,Jalaun (Orai),Ait APMC,Green Gram(Moong)(Whole),Other,FAQ,8768,8768,8768,02/09/2026
Uttar Pradesh,Agra,Agra APMC,Green Gram(Moong)(Whole),Other,FAQ,8768,8768,8768,02/09/2026
Uttar Pradesh,Bijnor,Dhampur APMC,Bengal Gram Dal(Chana Dal),Other,FAQ,7350,7350,7350,02/09/2026
Uttar Pradesh,Shamli,Shamli APMC,Green Gram Dal(Moong Dal),Other,FAQ,7950,7950,7950,02/09/2026
Uttar Pradesh,Saharanpur,Saharanpur APMC,Green Gram Dal(Moong Dal),Other,FAQ,9900,9900,9900,02/09/2026
Uttar Pradesh,Ghaziabad,Ghaziabad APMC,Green Gram Dal(Moong Dal),Other,FAQ,13304.53,13304.53,13304.53,02/09/2026
Uttar Pradesh,Varanasi,Varanasi APMC,Bengal Gram Dal(Chana Dal),Other,FAQ,8623.8,8623.8,8623.8,02/09/2026
Uttar Pradesh,Lucknow,Banthara APMC,Bengal Gram Dal(Chana Dal),Other,FAQ,7408,7408,7408,02/09/2026
Uttar Pradesh,Ghaziabad,Noida APMC,Green Gram Dal(Moong Dal),Other,FAQ,13450.25,13450.25,13450.25,02/09/2026
Uttar Pradesh,Gorakhpur,Gorakhpur APMC,Bengal Gram Dal(Chana Dal),Other,FAQ,6950,7500,7297.24,02/09/2026
Uttar Pradesh,Bijnor,Dhampur APMC,Black Gram Dal(Urd Dal),Other,FAQ,11050,11050,11050,02/09/2026
Uttar Pradesh,Bijnor,Dhampur APMC,Green Gram Dal(Moong Dal),Other,FAQ,8900,9200,9028.57,02/09/2026
Uttar Pradesh,Ghaziabad,Noida APMC,Bengal Gram Dal(Chana Dal),Other,FAQ,10266.18,10266.18,10266.18,02/09/2026
Uttar Pradesh,Saharanpur,Saharanpur APMC,Bengal Gram Dal(Chana Dal),Other,FAQ,6700,6700,6700,02/09/2026
Uttar Pradesh,Ghaziabad,Noida APMC,Black Gram Dal(Urd Dal),Other,FAQ,14399.6,16000,14545.09,02/09/2026
Uttar Pradesh,Saharanpur,Saharanpur APMC,Black Gram Dal(Urd Dal),Other,FAQ,10200,10200,10200,02/09/2026
Uttar Pradesh,Lucknow,Banthara APMC,Green Gram Dal(Moong Dal),Other,FAQ,9626,9626,9626,02/09/2026
Uttar Pradesh,Lucknow,Banthara APMC,Black Gram Dal(Urd Dal),Other,FAQ,10030,10382,10147.33,02/09/2026
Uttar Pradesh,Agra,Agra APMC,Black Gram Dal(Urd Dal),Other,FAQ,8850,9100,8963.76,02/09/2026
Rajasthan,Jodhpur,Jodhpur (F&V) APMC,Chili Red,Other,Local,2000,4000,3000,02/09/2026
Rajasthan,Hanumangarh,Sangriya APMC,Bengal Gram(Gram)(Whole),Other,Local,5470,5545,5475,02/09/2026
Rajasthan,Baran,Atru APMC,Bengal Gram(Gram)(Whole),Other,Local,5450,5550,5500,02/09/2026
Rajasthan,Dausa,Mandawar APMC,Bengal Gram(Gram)(Whole),Other,FAQ,5729,5729,5729,02/09/2026
Rajasthan,Ganganagar,Padampur APMC,Bengal Gram(Gram)(Whole),Other,FAQ,5610,5610,5610,02/09/2026
Rajasthan,Tonk,Todaraisingh APMC,Bengal Gram(Gram)(Whole),Other,FAQ,5700,5800,5750,02/09/2026
Rajasthan,Jaipur,Bassi APMC,Bengal Gram(Gram)(Whole),999,Local,5690,5690,5690,02/09/2026
Rajasthan,Kota,Itawa APMC,Bengal Gram(Gram)(Whole),Other,Local,5100,5845,5472,02/09/2026
Rajasthan,Tonk,Malpura APMC,Bengal Gram(Gram)(Whole),Other,FAQ,5800,5870,5845,02/09/2026
Rajasthan,Swai Madhopur,Gangapur City APMC,Bengal Gram(Gram)(Whole),Other,Non-FAQ,5500,5500,5500,02/09/2026
Rajasthan,Tonk,Dooni APMC,Bengal Gram(Gram)(Whole),999,Local,5700,5720,5710,02/09/2026
Rajasthan,Baran,Baran APMC,Bengal Gram(Gram)(Whole),Other,Local,5311,5656,5530,02/09/2026
Rajasthan,Baran,Kawai Salpura - Atru APMC,Bengal Gram(Gram)(Whole),Other,Local,5550,5800,5675,02/09/2026
Rajasthan,Jhalawar,Iklera APMC,Bengal Gram(Gram)(Whole),Other,Local,5500,5800,5650,02/09/2026
Rajasthan,Jhalawar,Khanpur APMC,Bengal Gram(Gram)(Whole),Other,FAQ,5870,5945,5901,02/09/2026
Rajasthan,Ganganagar,Gajsinghpur APMC,Bengal Gram(Gram)(Whole),Other,Local,5590,5630,5590,02/09/2026
Rajasthan,Beawar,Bijaynagar APMC,Bengal Gram(Gram)(Whole),Other,Local,5796,5796,5796,02/09/2026
Rajasthan,Jhalawar,Bhawani Mandi APMC,Bengal Gram(Gram)(Whole),Other,Local,5480,5700,5590,02/09/2026
Rajasthan,Dausa,Dausa APMC,Bengal Gram(Gram)(Whole),Other,Local,5630,5775,5702,02/09/2026
Rajasthan,Pratapgarh,Chhotisadri APMC,Bengal Gram(Gram)(Whole),Desi (Whole),Local,5790,6051,5830,02/09/2026
Rajasthan,Bundi,Dei APMC,Bengal Gram(Gram)(Whole),Other,Local,5700,5841,5800,02/09/2026
Rajasthan,Bundi,Bundi APMC,Bengal Gram(Gram)(Whole),999,FAQ,5400,5591,5496,02/09/2026
Rajasthan,Ganganagar,Rawla APMC,Bengal Gram(Gram)(Whole),Other,FAQ,5895,6000,5952,02/09/2026
Rajasthan,Ganganagar,Sadulshahar APMC,Bengal Gram(Gram)(Whole),Other,FAQ,5381,5381,5381,02/09/2026
Rajasthan,Ganganagar,Sri Karanpur APMC,Bengal Gram(Gram)(Whole),Other,FAQ,5300,5300,5300,02/09/2026
Rajasthan,Pratapgarh,Pratapgarh APMC,Big Gram,Other,FAQ,5300,5930,5550,02/09/2026
Rajasthan,Tonk,Malpura APMC,Green Gram(Moong)(Whole),Other,FAQ,6900,7250,7000,02/09/2026
Rajasthan,Beawar,Jaitaran APMC,Green Gram(Moong)(Whole),Other,Grade Range-2,8700,8700,8700,02/09/2026
Rajasthan,Beawar,Beawar APMC,Kulthi(Horse Gram),Other,Local,5475,5475,5475,02/09/2026
Rajasthan,Baran,Baran APMC,Green Gram(Moong)(Whole),Other,Local,5375,6920,6200,02/09/2026
Rajasthan,Bundi,Bundi APMC,Green Gram(Moong)(Whole),Other,FAQ,5780,6538,6159,02/09/2026
Rajasthan,Ganganagar,Rawla APMC,Green Gram(Moong)(Whole),Other,FAQ,7530,7775,7652,02/09/2026
Rajasthan,Deedwana Kuchaman,Kuchaman City APMC,Green Gram(Moong)(Whole),Local,FAQ,5300,7200,6800,02/09/2026
Rajasthan,Ganganagar,Gajsinghpur APMC,Green Gram(Moong)(Whole),Other,Local,7300,7671,7596,02/09/2026
Rajasthan,Baran,Atru APMC,Green Gram(Moong)(Whole),Other,Local,6700,6700,6700,02/09/2026
Rajasthan,Nagaur,Degana APMC,Green Gram(Moong)(Whole),Local,Local,7280,7280,7280,02/09/2026
Rajasthan,Ganganagar,Gharsana APMC,Green Gram(Moong)(Whole),Other,FAQ,4600,8075,7750,02/09/2026
Rajasthan,Ganganagar,Sadulshahar APMC,Green Gram(Moong)(Whole),Other,FAQ,5000,5750,5500,02/09/2026
Rajasthan,Ganganagar,Suratgarh APMC,Green Gram(Moong)(Whole),Other,FAQ,6450,6450,6450,02/09/2026
Rajasthan,Ganganagar,Padampur APMC,Green Gram(Moong)(Whole),Green (Whole),FAQ,5800,7720,7575,02/09/2026
Rajasthan,Bundi,Dei APMC,Black Gram(Urd Beans)(Whole),Other,Local,5401,8383,7000,02/09/2026
Rajasthan,Tonk,Malpura APMC,Black Gram(Urd Beans)(Whole),Other,FAQ,7000,7350,7200,02/09/2026
Rajasthan,Baran,Baran APMC,Black Gram(Urd Beans)(Whole),Other,Local,6590,7100,6900,02/09/2026
Rajasthan,Bundi,Bundi APMC,Black Gram(Urd Beans)(Whole),Other,FAQ,5549,6334,5942,02/09/2026
Rajasthan,Tonk,Dooni APMC,Black Gram(Urd Beans)(Whole),Black Gram (Whole),Local,4300,4800,4550,02/09/2026
Rajasthan,Kota,Itawa APMC,Black Gram(Urd Beans)(Whole),Black Gram (Whole),Local,5671,5850,5760,02/09/2026
Karnataka,Kalaburagi,Chincholi APMC,Red gram/Arhar/Tur(whole),Arhar (Whole),Non-FAQ,7800,8200,7850,02/09/2026
Karnataka,Raichur,Raichur APMC,Red gram/Arhar/Tur(whole),Red,Grade Range-1,6689,7939,7159,02/09/2026
Karnataka,Bidar,Bhalki APMC,Red gram/Arhar/Tur(whole),Arhar (Whole),Non-FAQ,7501,8551,8198,02/09/2026
Karnataka,Yadgir,Yadgir APMC,Red gram/Arhar/Tur(whole),Red,FAQ,7002,8351,8086,02/09/2026
Karnataka,Bidar,Bidar APMC,Red gram/Arhar/Tur(whole),Arhar (Whole),Non-FAQ,3000,8686,8272,02/09/2026
Karnataka,Kalaburagi,Kalaburagi APMC,Red gram/Arhar/Tur(whole),Arhar (Whole),Local,7550,9150,8255,02/09/2026
Karnataka,Vijayapura,Talikot APMC,Red gram/Arhar/Tur(whole),Arhar (Whole),FAQ,7056,8151,7923,02/09/2026
Karnataka,Bidar,Basava Kalayana APMC,Red gram/Arhar/Tur(whole),Arhar Dal(Tur),FAQ,8050,8440,8250,02/09/2026
Karnataka,Gadag,Gadag APMC,Red gram split/Arhar dal/Tur dal,Arhar Dal(Tur),Medium,9950,9950,9950,02/09/2026
Karnataka,Vijayapura,Vijayapura APMC,Red gram split/Arhar dal/Tur dal,Arhar Dal(Tur),Local,9500,11000,9600,02/09/2026
Karnataka,Bengaluru,Bengaluru APMC,Red gram split/Arhar dal/Tur dal,Arhar Dal(Tur),Medium,9000,13000,11000,02/09/2026
Karnataka,Bidar,Bidar APMC,Bengal Gram(Gram)(Whole),Jawari/Local,Non-FAQ,3750,6262,5760,02/09/2026
Karnataka,Gadag,Laxmeshwar APMC,Bengal Gram(Gram)(Whole),Jawari/Local,Non-FAQ,5050,6399,6376,02/09/2026
Karnataka,Bengaluru,Bengaluru APMC,Bengal Gram(Gram)(Whole),Average (Whole),FAQ,7200,8000,7600,02/09/2026
Karnataka,Bidar,Bhalki APMC,Bengal Gram(Gram)(Whole),Average (Whole),Non-FAQ,5502,6181,5830,02/09/2026
Karnataka,Gadag,Gadag APMC,Bengal Gram(Gram)(Whole),Average (Whole),FAQ,2639,6465,5575,02/09/2026
Karnataka,Dharwad,APMC Hubballi,Bengal Gram(Gram)(Whole),Jawari/Local,Local,2170,6026,4666,02/09/2026
Karnataka,Vijayapura,Vijayapura APMC,Bengal Gram(Gram)(Whole),Average (Whole),Local,6103,6520,6312,02/09/2026
Karnataka,Kalaburagi,Kalaburagi APMC,Bengal Gram(Gram)(Whole),Average (Whole),Local,5500,6300,6050,02/09/2026
Karnataka,Bidar,Basava Kalayana APMC,Bengal Gram(Gram)(Whole),Average (Whole),FAQ,5500,6151,6000,02/09/2026
Karnataka,Belagavi,Ramdurga APMC,Bengal Gram(Gram)(Whole),Other,FAQ,5009,6300,6200,02/09/2026
Karnataka,Gadag,Rona APMC,Alasande Gram,Alasande Gram,Small,8139,8339,8187,02/09/2026
Karnataka,Bengaluru,Bengaluru APMC,Alasande Gram,Alasande Gram,Medium,9500,10500,10000,02/09/2026
Karnataka,Gadag,Laxmeshwar APMC,Alasande Gram,Alasande Gram,Small,4415,8359,7154,02/09/2026
Karnataka,Gadag,Gadag APMC,Green Gram(Moong)(Whole),Green (Whole),FAQ,1517,10251,8104,02/09/2026
Karnataka,Bidar,Bidar APMC,Green Gram(Moong)(Whole),Local,Non-FAQ,3811,11011,7738,02/09/2026
Karnataka,Gadag,Laxmeshwar APMC,Green Gram(Moong)(Whole),Green (Whole),Non-FAQ,1165,9559,7330,02/09/2026
Karnataka,Vijayapura,Vijayapura APMC,Green Gram(Moong)(Whole),Green (Whole),Local,7889,7889,7889,02/09/2026
Karnataka,Raichur,Raichur APMC,Green Gram(Moong)(Whole),Local,FAQ,5889,9999,7209,02/09/2026
Karnataka,Chamarajanagar,Gundlupet APMC,Kulthi(Horse Gram),Horse gram (Whole),Local,5600,5600,5600,02/09/2026
Karnataka,Vijayapura,Vijayapura APMC,Black Gram(Urd Beans)(Whole),Black Gram (Whole),Local,7883,7883,7883,02/09/2026
Karnataka,Bengaluru,Bengaluru APMC,Bengal Gram Dal(Chana Dal),Bengal Gram Dal,Medium,7000,8500,7750,02/09/2026
Karnataka,Bengaluru,Bengaluru APMC,Black Gram Dal(Urd Dal),Black Gram Dal,Medium,11500,16500,14000,02/09/2026
Karnataka,Bengaluru,Bengaluru APMC,Green Gram Dal(Moong Dal),Green Gram Dal,Medium,9000,10000,9500,02/09/2026
Karnataka,Koppal,Kustagi APMC,Green Gram(Moong)(Whole),Local,FAQ,8530,8530,8530,02/09/2026
Karnataka,Kalaburagi,Chincholi APMC,Green Gram(Moong)(Whole),Green (Whole),Non-FAQ,7200,7800,7500,02/09/2026
Karnataka,Belagavi,Ramdurga APMC,Green Gram(Moong)(Whole),Local,FAQ,3001,10089,9176,02/09/2026
Karnataka,Gadag,Laxmeshwar APMC,Kulthi(Horse Gram),Horse gram (Whole),Small,3260,3260,3260,02/09/2026
Karnataka,Bengaluru,Bengaluru APMC,Kulthi(Horse Gram),Horse gram (Whole),Medium,6000,6600,6300,02/09/2026
Karnataka,Kalaburagi,Kalaburagi APMC,Green Gram(Moong)(Whole),Green (Whole),Non-FAQ,7000,9600,8550,02/09/2026
Karnataka,Bagalkot,Bagalkot APMC,Green Gram(Moong)(Whole),Green (Whole),Local,2001,9910,8731,02/09/2026
Karnataka,Gadag,Rona APMC,Green Gram(Moong)(Whole),Green (Whole),Non-FAQ,1117,9337,8439,02/09/2026
Karnataka,Bidar,Basava Kalayana APMC,Green Gram(Moong)(Whole),Green (Whole),FAQ,6900,8800,8400,02/09/2026
Karnataka,Bidar,Bhalki APMC,Green Gram(Moong)(Whole),Green (Whole),Non-FAQ,7008,9004,8621,02/09/2026
Karnataka,Yadgir,Yadgir APMC,Green Gram(Moong)(Whole),Green (Whole),FAQ,5282,9863,7856,02/09/2026
Karnataka,Dharwad,APMC Hubballi,Green Gram(Moong)(Whole),Green (Whole),Local,1508,8710,7233,02/09/2026
Karnataka,Bengaluru,Bengaluru APMC,Green Gram(Moong)(Whole),Green (Whole),FAQ,8000,12000,10000,02/09/2026
Karnataka,Kalaburagi,Kalaburagi APMC,Black Gram(Urd Beans)(Whole),Black Gram (Whole),Non-FAQ,7500,8500,8000,02/09/2026
Karnataka,Bidar,Basava Kalayana APMC,Black Gram(Urd Beans)(Whole),Black Gram (Whole),FAQ,8300,8300,8300,02/09/2026
Karnataka,Gadag,Gadag APMC,Black Gram(Urd Beans)(Whole),Black Gram (Whole),FAQ,2412,8365,8008,02/09/2026
Karnataka,Kalaburagi,Chincholi APMC,Black Gram(Urd Beans)(Whole),Black Gram (Whole),Non-FAQ,7100,7800,7400,02/09/2026
Karnataka,Belagavi,Bailahongal APMC,Black Gram(Urd Beans)(Whole),Black Gram (Whole),Local,7600,8200,8055,02/09/2026
Karnataka,Vijayapura,Vijayapura APMC,Bengal Gram Dal(Chana Dal),Bengal Gram Dal,Local,6300,7150,6550,02/09/2026
Karnataka,Dharwad,APMC Hubballi,Black Gram(Urd Beans)(Whole),Black Gram (Whole),Local,1700,8109,6863,02/09/2026
Karnataka,Bengaluru,Bengaluru APMC,Black Gram(Urd Beans)(Whole),Black Gram (Whole),FAQ,11500,13000,12250,02/09/2026
Karnataka,Gadag,Gadag APMC,Bengal Gram Dal(Chana Dal),Bengal Gram Dal,Medium,7543,7567,7556,02/09/2026
Karnataka,Bidar,Bidar APMC,Black Gram(Urd Beans)(Whole),Black Gram (Whole),Non-FAQ,5111,8659,8169,02/09/2026
Karnataka,Gadag,Laxmeshwar APMC,Black Gram(Urd Beans)(Whole),Black Gram (Whole),Non-FAQ,2025,5189,5009,02/09/2026
Karnataka,Vijayapura,Vijayapura APMC,Black Gram Dal(Urd Dal),Black Gram Dal,Local,8700,10700,9200,02/09/2026
Gujarat,Dahod,Dahod APMC,Red gram/Arhar/Tur(whole),Arhar (Whole),Non-FAQ,6000,6500,6325,02/09/2026
Gujarat,Bhavnagar,Mahuva(Station Road) APMC,Red gram/Arhar/Tur(whole),Local,FAQ,5000,5000,5000,02/09/2026
Gujarat,Ahmedabad,Mandal APMC,Red gram/Arhar/Tur(whole),Arhar (Whole),Local,6255,7500,7100,02/09/2026
Gujarat,Dahod,Dahod APMC,Bengal Gram(Gram)(Whole),Desi (Whole),Local,6100,6100,6100,02/09/2026
Gujarat,Bhavnagar,Mahuva(Station Road) APMC,Bengal Gram(Gram)(Whole),Other,FAQ,3750,6010,4880,02/09/2026
Gujarat,Kheda,Nadiyad(Piplag) APMC,Pegeon Pea(Arhar Fali),Pigeon Pea (Arhar Fali),FAQ,6000,7000,6500,02/09/2026
Gujarat,Dahod,Dahod(Veg. Market) APMC,Pegeon Pea(Arhar Fali),Pigeon Pea (Arhar Fali),Local,8000,8000,8000,02/09/2026
Gujarat,Surat,Surat APMC,Pegeon Pea(Arhar Fali),Other,FAQ,4000,7000,5500,02/09/2026
Gujarat,Navsari,Navsari APMC,Pegeon Pea(Arhar Fali),Pigeon Pea (Arhar Fali),Local,6000,7000,6500,02/09/2026
Gujarat,Porbandar,Porbandar APMC,Kulthi(Horse Gram),Horse gram (Whole),Local,4000,4000,4000,02/09/2026
Gujarat,Bhavnagar,Mahuva(Station Road) APMC,Green Gram(Moong)(Whole),Hybrid,FAQ,8250,8250,8250,02/09/2026
Gujarat,Dahod,Dahod APMC,Green Gram(Moong)(Whole),Green (Whole),Local,7000,7500,7285,02/09/2026
Gujarat,Dahod,Dahod APMC,Black Gram(Urd Beans)(Whole),Black Gram (Whole),Non-FAQ,7800,8500,8300,02/09/2026
Haryana,Sirsa,Ellanabad APMC,Bengal Gram(Gram)(Whole),Desi (Whole),FAQ,5680,5770,5680,02/09/2026
Andhra Pradesh,Markapuram,Kanigiri APMC,Red gram/Arhar/Tur(whole),(Whole),Local,8600,8800,8700,02/09/2026
Andhra Pradesh,Ananthapuramu,Tadipatri APMC,Red gram/Arhar/Tur(whole),Local,Grade Range-1,5800,5900,5850,02/09/2026
Andhra Pradesh,Ananthapuramu,Guntakal APMC,Red gram/Arhar/Tur(whole),Local,Local,7000,8000,7500,02/09/2026
Andhra Pradesh,Markapuram,Podili APMC,Red gram/Arhar/Tur(whole),Arhar (Whole),FAQ,8000,8200,8100,02/09/2026
Andhra Pradesh,Ananthapuramu,Gooti APMC,Red gram/Arhar/Tur(whole),Local,Grade Range-1,4900,6250,5700,02/09/2026
Andhra Pradesh,Nandyal,Dhone APMC,Red gram/Arhar/Tur(whole),Local,FAQ,8000,8000,8000,02/09/2026
Andhra Pradesh,Palnadu,Macharla APMC,Red gram/Arhar/Tur(whole),Local,Grade Range-1,8250,8250,8250,02/09/2026
Andhra Pradesh,Palnadu,Narasaraopet APMC,Red gram/Arhar/Tur(whole),Local,FAQ,8500,8500,8500,02/09/2026
Andhra Pradesh,Palnadu,Durgi APMC,Red gram split/Arhar dal/Tur dal,Arhar Dal(Tur),FAQ,7700,8300,8000,02/09/2026
Andhra Pradesh,Palnadu,Gurazala APMC,Chili Red,Red,Local,16000,22500,19700,02/09/2026
Andhra Pradesh,Palnadu,Gurazala APMC,Chili Red,Red,Grade Range-1,17000,27600,24600,02/09/2026
Andhra Pradesh,Bapatla,Parchur APMC,Chili Red,Dry,FAQ,15000,20000,18000,02/09/2026
Andhra Pradesh,YSR Kadapa,Proddatur APMC,Bengal Gram(Gram)(Whole),Jawari/Local,Local,6250,6250,6250,02/09/2026
Andhra Pradesh,Ananthapuramu,Urvakonda APMC,Bengal Gram(Gram)(Whole),Other,Local,6300,6500,6400,02/09/2026
Andhra Pradesh,Nandyal,Nandikotkur APMC,Bengal Gram(Gram)(Whole),Gulabi,FAQ,5400,5650,5500,02/09/2026
Andhra Pradesh,Palnadu,Narasaraopet APMC,Bengal Gram(Gram)(Whole),Desi (Whole),FAQ,6000,6000,6000,02/09/2026
Andhra Pradesh,Prakasam,Maddipadu APMC,Bengal Gram(Gram)(Whole),Gulabi,FAQ,6000,6000,6000,02/09/2026
Andhra Pradesh,Prakasam,Addanki APMC,Bengal Gram(Gram)(Whole),Gulabi,FAQ,6000,6100,6040,02/09/2026
Andhra Pradesh,Ananthapuramu,Tadipatri APMC,Bengal Gram(Gram)(Whole),Bengal Gram (Split),Grade Range-1,5700,5850,5800,02/09/2026
Andhra Pradesh,Guntur,Tadikonda APMC,Bengal Gram(Gram)(Whole),Average (Whole),Grade Range-1,5700,5700,5700,02/09/2026
Andhra Pradesh,YSR Kadapa,Jammalamadugu APMC,Bengal Gram(Gram)(Whole),Average (Whole),FAQ,600,6200,6100,02/09/2026
Andhra Pradesh,Ananthapuramu,Guntakal APMC,Bengal Gram(Gram)(Whole),Gulabi,Local,6000,6200,6100,02/09/2026
Andhra Pradesh,Markapuram,Giddalur APMC,Bengal Gram(Gram)(Whole),Other,FAQ,5900,6000,5950,02/09/2026
Andhra Pradesh,Bapatla,Parchur APMC,Bengal Gram(Gram)(Whole),Average (Whole),FAQ,5500,6000,5800,02/09/2026
Andhra Pradesh,Prakasam,Kondapi APMC,Bengal Gram(Gram)(Whole),Average (Whole),Local,5300,5600,5500,02/09/2026
Andhra Pradesh,Markapuram,Cumbum APMC,Bengal Gram(Gram)(Whole),Desi (Whole),FAQ,5700,5900,5800,02/09/2026
Andhra Pradesh,Parvathipuram Manyam,Palakonda APMC,Green Gram(Moong)(Whole),Green (Whole),FAQ,6500,6500,6500,02/09/2026
Andhra Pradesh,Palnadu,Narasaraopet APMC,Green Gram(Moong)(Whole),Local (Whole),FAQ,7500,7500,7500,02/09/2026
Andhra Pradesh,Anakapally,Payakaraopeta APMC,Green Gram(Moong)(Whole),Local,Local,8748,8768,8758,02/09/2026
Andhra Pradesh,Parvathipuram Manyam,Palakonda APMC,Black Gram(Urd Beans)(Whole),Black Gram (Whole),FAQ,7500,7500,7500,02/09/2026
Andhra Pradesh,Guntur,Ponnur APMC,Black Gram(Urd Beans)(Whole),Black Gram (Whole),Grade Range-1,9800,10000,9900,02/09/2026
Andhra Pradesh,Visakhapatnam,Pendurthi APMC,Black Gram Dal(Urd Dal),Black Gram Dal,Local,7600,7600,7600,02/09/2026
Andhra Pradesh,Tirupathi,Venkatagiri APMC,Black Gram(Urd Beans)(Whole),Local,FAQ,7300,8000,7700,02/09/2026
Andhra Pradesh,Krishna,Penamaluru (HQ-Kankipadu) APMC,Black Gram(Urd Beans)(Whole),Local,Local,8500,8500,8500,02/09/2026
Andhra Pradesh,Krishna,Gudiwada APMC,Black Gram Dal(Urd Dal),Local,FAQ,8500,8500,8500,02/09/2026
Andhra Pradesh,Palnadu,Ipur APMC,Black Gram(Urd Beans)(Whole),Local,FAQ,7500,7800,7700,02/09/2026
Andhra Pradesh,Bapatla,Parchur APMC,Black Gram(Urd Beans)(Whole),Black Gram (Whole),FAQ,8000,9000,8500,02/09/2026
Andhra Pradesh,Krishna,Pedana APMC,Black Gram(Urd Beans)(Whole),Local,Local,7800,8500,8400,02/09/2026
Andhra Pradesh,Krishna,Vuyyur APMC,Black Gram Dal(Urd Dal),Local,FAQ,8400,8500,8450,02/09/2026
Andhra Pradesh,Palnadu,Narasaraopet APMC,Black Gram(Urd Beans)(Whole),Black Gram (Whole),FAQ,8500,8500,8500,02/09/2026
Andhra Pradesh,Kurnool,Kurnool APMC,Black Gram(Urd Beans)(Whole),Black Gram (Whole),Non-FAQ,7232,7232,7232,02/09/2026
Andhra Pradesh,Krishna,Gudlavalleru APMC,Black Gram Dal(Urd Dal),Black Gram Dal,FAQ,8900,8900,8900,02/09/2026
Andhra Pradesh,Krishna,Gannavaram APMC,Black Gram(Urd Beans)(Whole),Desi,Local,8200,8200,8200,02/09/2026
Andhra Pradesh,Krishna,Movva (HQ-Kuchipudi) APMC,Black Gram(Urd Beans)(Whole),Local,Local,9500,9500,9500,02/09/2026
Andhra Pradesh,Bapatla,Kuchinapudi APMC,Black Gram(Urd Beans)(Whole),Black Gram (Whole),Local,9600,9800,9700,02/09/2026
Andhra Pradesh,Krishna,Divi (HQ-Avanigadda) APMC,Black Gram(Urd Beans)(Whole),Desi,FAQ,8200,8800,8400,02/09/2026
West Bengal,Paschim Bardhaman,Asansol APMC,Red gram split/Arhar dal/Tur dal,Arhar Dal(Tur),FAQ,12550,12700,12600,02/09/2026
West Bengal,Darjeeling,Siliguri APMC,Green Gram Dal(Moong Dal),Green Gram Dal,FAQ,9600,9800,9700,02/09/2026
West Bengal,Paschim Bardhaman,Asansol APMC,Green Gram Dal(Moong Dal),Green Gram Dal,FAQ,12400,12600,12550,02/09/2026
West Bengal,Darjeeling,Siliguri APMC,Black Gram Dal(Urd Dal),Black Gram Dal,FAQ,12000,13000,12500,02/09/2026
West Bengal,Howrah,Ramkrishanpur(Howrah) APMC,Green Gram Dal(Moong Dal),Green Gram Dal,FAQ,10800,11200,11000,02/09/2026
Telangana,Suryapet,Suryapeta APMC,Red gram/Arhar/Tur(whole),Local,Local,7394,8141,8042,02/09/2026
Telangana,Mahabubabad,Kesamudram APMC,Red gram/Arhar/Tur(whole),Local,Local,5811,5811,5811,02/09/2026
Telangana,Warangal,Warangal APMC,Red gram/Arhar/Tur(whole),(Whole),FAQ,6755,7585,7275,02/09/2026
Telangana,Suryapet,Tirumalagiri APMC,Red gram/Arhar/Tur(whole),(Whole),FAQ,6800,6800,6800,02/09/2026
Telangana,Nirmal,Bhainsa APMC,Red gram/Arhar/Tur(whole),Arhar (Whole),FAQ,6666,6666,6666,02/09/2026
Telangana,Sangareddy,Zaheerabad APMC,Red gram/Arhar/Tur(whole),Arhar (Whole),Local,5059,8311,7563,02/09/2026
Telangana,Vikarabad,Tanduru APMC,Red gram/Arhar/Tur(whole),(Whole),Grade Range-1,12150,16578,14958,02/09/2026
Telangana,Warangal,Warangal APMC,Bengal Gram(Gram)(Whole),Desi (Whole),FAQ,6002,6002,6002,02/09/2026
Telangana,Nirmal,Bhainsa APMC,Bengal Gram(Gram)(Whole),Bengal Gram (Split),FAQ,5660,5660,5660,02/09/2026
Telangana,Narayanpet,Narayanpet APMC,Green Gram(Moong)(Whole),Local,Non-FAQ,4359,8989,5389,02/09/2026
Telangana,Sangareddy,Zaheerabad APMC,Green Gram(Moong)(Whole),Green (Whole),Local,6550,9165,8712,02/09/2026
Telangana,Nirmal,Bhainsa APMC,Green Gram(Moong)(Whole),Green (Whole),FAQ,7000,7000,7000,02/09/2026
Telangana,Sangareddy,Sadasivpet APMC,Green Gram(Moong)(Whole),Local,Local,7515,8308,7515,02/09/2026
Telangana,Suryapet,Suryapeta APMC,Green Gram(Moong)(Whole),Local,Local,3699,6822,5725,02/09/2026
Telangana,Warangal,Warangal APMC,Green Gram(Moong)(Whole),Local,FAQ,5966,7002,6385,02/09/2026
Telangana,Suryapet,Tirumalagiri APMC,Green Gram(Moong)(Whole),Local,Local,5260,7608,6467,02/09/2026
Telangana,Narayanpet,Narayanpet APMC,Kulthi(Horse Gram),Horse gram (Whole),Local,4000,4000,4000,02/09/2026
Telangana,Narayanpet,Narayanpet APMC,Black Gram(Urd Beans)(Whole),Local,Non-FAQ,7007,7007,7007,02/09/2026
Telangana,Sangareddy,Sadasivpet APMC,Black Gram(Urd Beans)(Whole),Local,Local,5800,8677,5800,02/09/2026
Telangana,Suryapet,Suryapeta APMC,Black Gram(Urd Beans)(Whole),Local,Local,6551,6571,6551,02/09/2026
Telangana,Sangareddy,Zaheerabad APMC,Black Gram(Urd Beans)(Whole),Black Gram (Whole),Local,7832,9121,8412,02/09/2026
Assam,Kamrup,Fancy Bazaar APMC,Red gram split/Arhar dal/Tur dal,Arhar Dal(Tur),FAQ,10800,13000,11800,02/09/2026
Assam,Kamrup,Fancy Bazaar APMC,Green Gram Dal(Moong Dal),Green Gram Dal,FAQ,9550,12100,11560,02/09/2026
Assam,Kamrup,Fancy Bazaar APMC,Green Gram Dal(Moong Dal),Green gram,FAQ,7800,12000,8000,02/09/2026
Assam,Kamrup,Fancy Bazaar APMC,Green Gram Dal(Moong Dal),Green,FAQ,6700,8000,7400,02/09/2026
Madhya Pradesh,Rajgarh,Narsinghgarh APMC,Green Gram(Moong)(Whole),Green (Whole),FAQ,5750,5750,5750,02/09/2026
Madhya Pradesh,Badwani,Balwadi APMC,Green Gram(Moong)(Whole),Green (Whole),Non-FAQ,7021,7100,7100,02/09/2026
Madhya Pradesh,Damoh,Damoh APMC,Green Gram(Moong)(Whole),Green (Whole),FAQ,1500,6975,6975,02/09/2026
Madhya Pradesh,Neemuch,Neemuch APMC,Green Gram(Moong)(Whole),Green (Whole),FAQ,5501,7130,7130,02/09/2026
Madhya Pradesh,Katni,Katni APMC,Green Gram(Moong)(Whole),Green (Whole),Non-FAQ,5000,6701,6400,02/09/2026
Madhya Pradesh,Dhar,Dhamnod APMC,Green Gram(Moong)(Whole),Green (Whole),FAQ,6950,6950,6950,02/09/2026
Madhya Pradesh,Rajgarh,Biaora APMC,Green Gram(Moong)(Whole),Green (Whole),FAQ,6500,7200,7200,02/09/2026
Madhya Pradesh,Ratlam,Jaora APMC,Green Gram(Moong)(Whole),Green (Whole),FAQ,6100,6981,6981,02/09/2026
Madhya Pradesh,Morena,Porsa APMC,Green Gram(Moong)(Whole),Green (Whole),FAQ,6535,6600,6540,02/09/2026
Madhya Pradesh,Jabalpur,Jabalpur APMC,Green Gram(Moong)(Whole),Green (Whole),FAQ,5000,7480,6950,02/09/2026
Madhya Pradesh,Narsinghpur,Narsinghpur APMC,Green Gram(Moong)(Whole),Green (Whole),FAQ,6200,7291,7291,02/09/2026
Madhya Pradesh,Khargone,Bhikangaon APMC,Green Gram(Moong)(Whole),Green (Whole),FAQ,7455,7455,7455,02/09/2026
Madhya Pradesh,Ujjain,Ujjain APMC,Green Gram(Moong)(Whole),Green (Whole),FAQ,4251,6490,6490,02/09/2026
Madhya Pradesh,Vidisha,Vidisha APMC,Green Gram(Moong)(Whole),Green (Whole),FAQ,3600,7200,7200,02/09/2026
Madhya Pradesh,Betul,Betul APMC,Green Gram(Moong)(Whole),Green (Whole),FAQ,5300,7400,7350,02/09/2026
Madhya Pradesh,Khargone,Khargone APMC,Green Gram(Moong)(Whole),Green (Whole),FAQ,5500,7140,7140,02/09/2026
Madhya Pradesh,Bhopal,Berasia APMC,Green Gram(Moong)(Whole),Green (Whole),FAQ,3305,7295,7295,02/09/2026
Madhya Pradesh,Shajapur,Agar APMC,Green Gram(Moong)(Whole),Green (Whole),FAQ,6200,6200,6200,02/09/2026
Madhya Pradesh,Sagar,Khurai APMC,Green Gram(Moong)(Whole),Green (Whole),FAQ,6975,7035,7035,02/09/2026
Madhya Pradesh,Damoh,Patharia APMC,Green Gram(Moong)(Whole),Green (Whole),FAQ,3205,7205,7205,02/09/2026
Madhya Pradesh,Khandwa,Harsood APMC,Green Gram(Moong)(Whole),Green (Whole),FAQ,1000,6987,6987,02/09/2026
Madhya Pradesh,Narsinghpur,Gadarwada APMC,Green Gram(Moong)(Whole),Green (Whole),FAQ,1050,8000,7500,02/09/2026
Madhya Pradesh,Raisen,Udaipura APMC,Green Gram(Moong)(Whole),Green (Whole),FAQ,900,7665,7585,02/09/2026
Madhya Pradesh,Harda,Timarni APMC,Green Gram(Moong)(Whole),Green (Whole),FAQ,1500,7770,7400,02/09/2026
Madhya Pradesh,Hoshangabad,Pipariya APMC,Green Gram(Moong)(Whole),Green (Whole),FAQ,1000,8001,7401,02/09/2026
Madhya Pradesh,Khargone,Sanawad APMC,Green Gram(Moong)(Whole),Green (Whole),FAQ,7200,7325,7325,02/09/2026
Madhya Pradesh,Guna,Maksudangarh APMC,Green Gram(Moong)(Whole),Green (Whole),FAQ,6565,7290,7290,02/09/2026
Madhya Pradesh,Narsinghpur,Gotegaon APMC,Green Gram(Moong)(Whole),Green (Whole),Non-FAQ,2930,2930,2930,02/09/2026
Madhya Pradesh,Morena,Morena APMC,Green Gram(Moong)(Whole),Green (Whole),Non-FAQ,6860,6965,6965,02/09/2026
Madhya Pradesh,Khandwa,Khandwa APMC,Green Gram(Moong)(Whole),Green (Whole),FAQ,3950,7450,7450,02/09/2026
Madhya Pradesh,Hoshangabad,Banapura APMC,Green Gram(Moong)(Whole),Green (Whole),FAQ,888,7651,7100,02/09/2026
Madhya Pradesh,Badwani,Badwani APMC,Green Gram(Moong)(Whole),Green (Whole),FAQ,6800,6800,6800,02/09/2026
Madhya Pradesh,Dewas,Khategaon APMC,Green Gram(Moong)(Whole),Green (Whole),FAQ,1400,7600,6800,02/09/2026
Madhya Pradesh,Raisen,Obedullaganj APMC,Green Gram(Moong)(Whole),Green (Whole),FAQ,6000,6900,6900,02/09/2026
Madhya Pradesh,Jabalpur,Sihora APMC,Green Gram(Moong)(Whole),Green (Whole),FAQ,1500,7205,6500,02/09/2026
Madhya Pradesh,Jabalpur,Paatan APMC,Green Gram(Moong)(Whole),Green (Whole),Non-FAQ,6515,7020,7020,02/09/2026
Madhya Pradesh,Jabalpur,Paatan APMC,Green Gram(Moong)(Whole),Green (Whole),FAQ,6450,7035,7035,02/09/2026
Madhya Pradesh,Dewas,Dewas APMC,Green Gram(Moong)(Whole),Green (Whole),FAQ,3901,6601,6601,02/09/2026
Madhya Pradesh,Vidisha,Ganjbasoda APMC,Green Gram(Moong)(Whole),Green (Whole),FAQ,2700,6900,6900,02/09/2026
Madhya Pradesh,Hoshangabad,Itarsi APMC,Green Gram(Moong)(Whole),Green (Whole),FAQ,1000,7720,7400,02/09/2026
Madhya Pradesh,Hoshangabad,Bankhedi APMC,Green Gram(Moong)(Whole),Green (Whole),Non-FAQ,1801,4500,4500,02/09/2026
Madhya Pradesh,Harda,Harda APMC,Green Gram(Moong)(Whole),Green (Whole),FAQ,1490,7866,6300,02/09/2026
Madhya Pradesh,Sehore,Rehati APMC,Green Gram(Moong)(Whole),Green (Whole),FAQ,6500,6500,6500,02/09/2026
Madhya Pradesh,Raisen,Begamganj APMC,Green Gram(Moong)(Whole),Green (Whole),FAQ,5795,5795,5795,02/09/2026
Madhya Pradesh,Harda,Khirakiya APMC,Green Gram(Moong)(Whole),Green (Whole),Non-FAQ,2450,7401,5400,02/09/2026
Madhya Pradesh,Hoshangabad,Semriharchand APMC,Green Gram(Moong)(Whole),Green (Whole),FAQ,700,7751,7602,02/09/2026
Madhya Pradesh,Guna,Guna APMC,Green Gram(Moong)(Whole),Green (Whole),FAQ,6500,7610,7360,02/09/2026
Madhya Pradesh,Rajgarh,Kurawar APMC,Green Gram(Moong)(Whole),Green (Whole),FAQ,3150,6950,6300,02/09/2026
Madhya Pradesh,Badwani,Balwadi APMC,Green Gram(Moong)(Whole),Green (Whole),FAQ,6800,6800,6800,02/09/2026
Madhya Pradesh,Sheopur,Sheopurkalan APMC,Green Gram(Moong)(Whole),Green (Whole),Non-FAQ,2195,7150,7150,02/09/2026
Madhya Pradesh,Sagar,Bina APMC,Green Gram(Moong)(Whole),Green (Whole),FAQ,6480,6480,6480,02/09/2026
Madhya Pradesh,Narsinghpur,Kareli APMC,Green Gram(Moong)(Whole),Green (Whole),FAQ,5870,7731,7490,02/09/2026
Madhya Pradesh,Narsinghpur,Narsinghpur APMC,Green Gram(Moong)(Whole),Green (Whole),Non-FAQ,2610,7800,7800,02/09/2026
Madhya Pradesh,Guna,Maksudangarh APMC,Green Gram(Moong)(Whole),Green (Whole),Non-FAQ,6875,6875,6875,02/09/2026
Madhya Pradesh,Narsinghpur,Gotegaon APMC,Green Gram(Moong)(Whole),Green (Whole),FAQ,6500,6700,6700,02/09/2026
Madhya Pradesh,Indore,Indore APMC,Green Gram(Moong)(Whole),Green (Whole),FAQ,3105,7300,7300,02/09/2026
Madhya Pradesh,Bhopal,Bhopal APMC,Green Gram(Moong)(Whole),Green (Whole),FAQ,2850,7085,7085,02/09/2026
Madhya Pradesh,Satna,Satna APMC,Green Gram(Moong)(Whole),Green (Whole),FAQ,6215,6650,6650,02/09/2026
Madhya Pradesh,Sehore,Sehore APMC,Green Gram(Moong)(Whole),Green (Whole),FAQ,5300,6851,6851,02/09/2026
Madhya Pradesh,Hoshangabad,Bankhedi APMC,Green Gram(Moong)(Whole),Green (Whole),FAQ,4251,6700,6700,02/09/2026
Madhya Pradesh,Raisen,Bareli APMC,Green Gram(Moong)(Whole),Green (Whole),FAQ,1000,7695,6700,02/09/2026
Madhya Pradesh,Sehore,Nasrullaganj APMC,Green Gram(Moong)(Whole),Green (Whole),Non-FAQ,2875,7550,4500,02/09/2026
Madhya Pradesh,Sehore,Nasrullaganj APMC,Green Gram(Moong)(Whole),Green (Whole),FAQ,2600,7399,7399,02/09/2026
Maharashtra,Ahilyanagar,Shevgaon(Bodhegaon) APMC,Green Gram(Moong)(Whole),Green (Whole),Non-FAQ,8500,8600,8500,02/09/2026
Maharashtra,Chattrapati Sambhajinagar,Paithan APMC,Green Gram(Moong)(Whole),Other,FAQ,9200,9200,9200,02/09/2026
Maharashtra,Dharashiv,Murum APMC,Green Gram(Moong)(Whole),Green (Whole),Non-FAQ,8501,8501,8501,02/09/2026
Maharashtra,Pune,Shirur APMC,Green Gram(Moong)(Whole),Other,FAQ,9100,9100,9100,02/09/2026
Maharashtra,Solapur,Dudhani APMC,Green Gram(Moong)(Whole),Green (Whole),Non-FAQ,7670,8605,8160,02/09/2026
Maharashtra,Jalgaon,Jalgaon APMC,Green Gram(Moong)(Whole),Other,FAQ,10501,10501,10501,02/09/2026
Maharashtra,Dhule,Dondaicha (Sindhkheda) APMC,Green Gram(Moong)(Whole),Other,Non-FAQ,7700,8550,8300,02/09/2026
Maharashtra,Buldhana,Lonar APMC,Green Gram(Moong)(Whole),Other,Non-FAQ,6700,6800,6750,02/09/2026
Maharashtra,Ahilyanagar,Rahuri(Vambori) APMC,Green Gram(Moong)(Whole),Other,FAQ,9600,9600,9600,02/09/2026
Maharashtra,Amarawati,Amarawati APMC,Green Gram(Moong)(Whole),Other,Non-FAQ,6800,7250,7025,02/09/2026
Maharashtra,Mumbai,Mumbai APMC,Green Gram(Moong)(Whole),Other,FAQ,8800,11000,10000,02/09/2026
Maharashtra,Pune,Shirur APMC,Green Gram(Moong)(Whole),Other,Non-FAQ,8300,8500,8300,02/09/2026
Maharashtra,Wardha,Hinganghat APMC,Green Gram(Moong)(Whole),Green (Whole),Non-FAQ,5600,6600,6100,02/09/2026
Maharashtra,Jalna,Jalana APMC,Green Gram(Moong)(Whole),Other,Non-FAQ,7511,7511,7511,02/09/2026
Maharashtra,Nashik,Lasalgaon APMC,Green Gram(Moong)(Whole),Other,FAQ,9701,13900,12900,02/09/2026
Maharashtra,Beed,Beed APMC,Green Gram(Moong)(Whole),Green (Whole),Non-FAQ,7790,8701,8246,02/09/2026
Maharashtra,Buldhana,Malkapur APMC,Green Gram(Moong)(Whole),Other,FAQ,9625,9625,9625,02/09/2026
Maharashtra,Buldhana,Nandura APMC,Green Gram(Moong)(Whole),Green (Whole),FAQ,9001,11577,11577,02/09/2026
Maharashtra,Jalgaon,APMC PACHORA,Green Gram(Moong)(Whole),Other,FAQ,8768,9000,8900,02/09/2026
Maharashtra,Jalgaon,APMC PACHORA,Green Gram(Moong)(Whole),Other,Non-FAQ,6000,8760,7500,02/09/2026
Maharashtra,Latur,Aurad Shahajani APMC,Green Gram(Moong)(Whole),Green (Whole),FAQ,8901,9311,9106,02/09/2026
Maharashtra,Nandurbar,APMC Nandurbar,Green Gram(Moong)(Whole),Other,Non-FAQ,2600,2600,2600,02/09/2026
Maharashtra,Nashik,Malegaon APMC,Green Gram(Moong)(Whole),Green (Whole),Non-FAQ,4000,8760,8755,02/09/2026
Maharashtra,Chattrapati Sambhajinagar,Vaijpur APMC,Green Gram(Moong)(Whole),Other,FAQ,8800,11700,9400,02/09/2026
Maharashtra,Latur,Aurad Shahajani APMC,Green Gram(Moong)(Whole),Other,FAQ,8768,9801,9250,02/09/2026
Maharashtra,Dharashiv,Tuljapur APMC,Green Gram(Moong)(Whole),Other,FAQ,8780,11000,9500,02/09/2026
Maharashtra,Washim,Karanja APMC,Green Gram(Moong)(Whole),Other,Non-FAQ,8600,8600,8600,02/09/2026
Maharashtra,Jalna,Jalana APMC,Green Gram(Moong)(Whole),Other,FAQ,9100,9527,9100,02/09/2026
Maharashtra,Nashik,Nandgaon APMC,Green Gram(Moong)(Whole),Green (Whole),FAQ,8768,12795,12550,02/09/2026
Maharashtra,Beed,Gevrai APMC,Green Gram(Moong)(Whole),Other,FAQ,8768,9711,9250,02/09/2026
Maharashtra,Yavatmal,"Ramdev Krushi Bazaar, Digras road, Manora, Dist Washim",Green Gram(Moong)(Whole),Other,Local,6200,6400,6300,02/09/2026
Maharashtra,Beed,Kaij APMC,Green Gram(Moong)(Whole),Green (Whole),Non-FAQ,7500,8500,8418,02/09/2026
Maharashtra,Wardha,APMC SINDI BRANCH SELOO,Green Gram(Moong)(Whole),Green (Whole),Non-FAQ,5800,6150,6000,02/09/2026
Maharashtra,Dhule,Dondaicha (Sindhkheda) APMC,Green Gram(Moong)(Whole),Other,FAQ,8850,8850,8850,02/09/2026
Maharashtra,Ahilyanagar,"Omchatinya Multi State Agro Purpose Co-Op Society, Dist Ahilyanagar",Green Gram(Moong)(Whole),Other,Local,7000,7000,7000,02/09/2026
Maharashtra,Chattrapati Sambhajinagar,Vaijpur APMC,Green Gram(Moong)(Whole),Other,Non-FAQ,7700,8700,8400,02/09/2026
Maharashtra,Buldhana,Khamgaon APMC,Green Gram(Moong)(Whole),Other,FAQ,9100,9100,9100,02/09/2026
Maharashtra,Beed,Majalgaon APMC,Green Gram(Moong)(Whole),Green (Whole),FAQ,8800,12100,9100,02/09/2026
Maharashtra,Jalgaon,APMC CHOPADA,Green Gram(Moong)(Whole),Green (Whole),FAQ,9200,9500,9351,02/09/2026
Maharashtra,Nashik,Devala APMC,Green Gram(Moong)(Whole),Green (Whole),FAQ,9210,14100,14100,02/09/2026
Maharashtra,Dharashiv,Tuljapur APMC,Green Gram(Moong)(Whole),Green (Whole),Non-FAQ,7500,8600,8500,02/09/2026
Maharashtra,Pune,Pune APMC,Green Gram(Moong)(Whole),Green (Whole),FAQ,8900,9600,9250,02/09/2026
Maharashtra,Mumbai,Mumbai APMC,Green Gram Dal(Moong Dal),Other,Local,9100,10500,10300,02/09/2026
Uttar Pradesh,Jalaun (Orai),Ait APMC,Green Gram(Moong)(Whole),Other,FAQ,8768,8768,8768,02/09/2026
Uttar Pradesh,Lalitpur,Lalitpur APMC,Green Gram(Moong)(Whole),Other,FAQ,6525,7000,6975.3,02/09/2026
Uttar Pradesh,Agra,Agra APMC,Green Gram(Moong)(Whole),Other,FAQ,8768,8768,8768,02/09/2026
Uttar Pradesh,Bareilly,Bareilly APMC,Green Gram(Moong)(Whole),Other,FAQ,7500,7500,7500,02/09/2026
Uttar Pradesh,Prayagraj,Jasra APMC,Green Gram(Moong)(Whole),Other,FAQ,8768,8768,8768,02/09/2026
Uttar Pradesh,Bulandshahar,Sikarpur APMC,Green Gram(Moong)(Whole),Other,FAQ,8768,8768,8768,02/09/2026
Uttar Pradesh,Agra,Jarar APMC,Green Gram(Moong)(Whole),Other,FAQ,6650,6800,6711.99,02/09/2026
Uttar Pradesh,Ghaziabad,Ghaziabad APMC,Green Gram(Moong)(Whole),Other,FAQ,13102.78,13102.78,13102.78,02/09/2026
Uttar Pradesh,Etawah,Bharthna APMC,Green Gram(Moong)(Whole),Other,FAQ,8768,8768,8768,02/09/2026
Uttar Pradesh,Hathras,Haathras APMC,Green Gram(Moong)(Whole),Other,FAQ,6000,8768,8736.72,02/09/2026
Uttar Pradesh,Mahoba,Mahoba APMC,Green Gram(Moong)(Whole),Other,FAQ,8768,8768,8768,02/09/2026
Uttar Pradesh,Hathras,Shadabad APMC,Green Gram(Moong)(Whole),Other,FAQ,8768,8768,8768,02/09/2026
Uttar Pradesh,Agra,Fatehabad APMC,Green Gram(Moong)(Whole),Other,FAQ,6800,6825,6806.76,02/09/2026
Uttar Pradesh,Mathura,Kosikalan APMC,Green Gram(Moong)(Whole),Other,FAQ,8768,8768,8768,02/09/2026
Uttar Pradesh,Hamirpur,Muskara APMC,Green Gram(Moong)(Whole),Other,FAQ,8768,8768,8768,02/09/2026
Uttar Pradesh,Hathras,Sikandraraau APMC,Green Gram(Moong)(Whole),Other,FAQ,8768,8768,8768,02/09/2026
Uttar Pradesh,Mainpuri,Mainpuri APMC,Green Gram(Moong)(Whole),Other,FAQ,6800,6800,6800,02/09/2026
Uttar Pradesh,Fatehpur,Fatehpur APMC,Green Gram(Moong)(Whole),Other,FAQ,8768,8768,8768,02/09/2026
Uttar Pradesh,Aligarh,Charra APMC,Green Gram(Moong)(Whole),Other,FAQ,8768,8768,8768,02/09/2026
Uttar Pradesh,Jhansi,Gurusarai APMC,Green Gram(Moong)(Whole),Other,FAQ,8768,8768,8768,02/09/2026
Uttar Pradesh,Jalaun (Orai),Jalaun APMC,Green Gram(Moong)(Whole),Other,FAQ,8768,8768,8768,02/09/2026
Uttar Pradesh,Fatehpur,Kishunpur APMC,Green Gram(Moong)(Whole),Other,FAQ,8768,8768,8768,02/09/2026
Uttar Pradesh,Jalaun (Orai),Madhogarh APMC,Green Gram(Moong)(Whole),Other,FAQ,7000,8768,7105.78,02/09/2026
Uttar Pradesh,Kanpur Dehat,Pukharayan APMC,Green Gram(Moong)(Whole),Other,FAQ,7200,8768,8452.31,02/09/2026
Uttar Pradesh,Mainpuri,Bewar APMC,Green Gram(Moong)(Whole),Other,FAQ,8768,8768,8768,02/09/2026
Uttar Pradesh,Aligarh,Atrauli APMC,Green Gram(Moong)(Whole),Other,FAQ,8768,8768,8768,02/09/2026
Uttar Pradesh,Ghaziabad,Noida APMC,Green Gram(Moong)(Whole),Other,FAQ,13967,13967,13967,02/09/2026
Uttar Pradesh,Banda,Atarra APMC,Green Gram(Moong)(Whole),Other,FAQ,8768,8768,8768,02/09/2026
Uttar Pradesh,Jalaun (Orai),Konch APMC,Green Gram(Moong)(Whole),Other,FAQ,8768,8768,8768,02/09/2026
Uttar Pradesh,Firozabad,Sirsaganj APMC,Green Gram(Moong)(Whole),Other,FAQ,6500,6850,6743.63,02/09/2026
Uttar Pradesh,Kanpur,Choubepur APMC,Green Gram(Moong)(Whole),Other,FAQ,8768,8768,8768,02/09/2026
Uttar Pradesh,Lucknow,Banthara APMC,Green Gram Dal(Moong Dal),Other,FAQ,9626,9626,9626,02/09/2026
Uttar Pradesh,Shamli,Shamli APMC,Green Gram Dal(Moong Dal),Other,FAQ,7950,7950,7950,02/09/2026
Uttar Pradesh,Ghaziabad,Noida APMC,Green Gram Dal(Moong Dal),Other,FAQ,13450.25,13450.25,13450.25,02/09/2026
Uttar Pradesh,Saharanpur,Saharanpur APMC,Green Gram Dal(Moong Dal),Other,FAQ,9900,9900,9900,02/09/2026
Uttar Pradesh,Ghaziabad,Ghaziabad APMC,Green Gram Dal(Moong Dal),Other,FAQ,13304.53,13304.53,13304.53,02/09/2026
Uttar Pradesh,Bijnor,Dhampur APMC,Green Gram Dal(Moong Dal),Other,FAQ,8900,9200,9028.57,02/09/2026
Rajasthan,Beawar,Jaitaran APMC,Green Gram(Moong)(Whole),Other,Grade Range-2,8700,8700,8700,02/09/2026
Rajasthan,Tonk,Malpura APMC,Green Gram(Moong)(Whole),Other,FAQ,6900,7250,7000,02/09/2026
Rajasthan,Ganganagar,Gajsinghpur APMC,Green Gram(Moong)(Whole),Other,Local,7300,7671,7596,02/09/2026
Rajasthan,Baran,Atru APMC,Green Gram(Moong)(Whole),Other,Local,6700,6700,6700,02/09/2026
Rajasthan,Nagaur,Degana APMC,Green Gram(Moong)(Whole),Local,Local,7280,7280,7280,02/09/2026
Rajasthan,Ganganagar,Gharsana APMC,Green Gram(Moong)(Whole),Other,FAQ,4600,8075,7750,02/09/2026
Rajasthan,Baran,Baran APMC,Green Gram(Moong)(Whole),Other,Local,5375,6920,6200,02/09/2026
Rajasthan,Bundi,Bundi APMC,Green Gram(Moong)(Whole),Other,FAQ,5780,6538,6159,02/09/2026
Rajasthan,Ganganagar,Rawla APMC,Green Gram(Moong)(Whole),Other,FAQ,7530,7775,7652,02/09/2026
Rajasthan,Deedwana Kuchaman,Kuchaman City APMC,Green Gram(Moong)(Whole),Local,FAQ,5300,7200,6800,02/09/2026
Rajasthan,Ganganagar,Sadulshahar APMC,Green Gram(Moong)(Whole),Other,FAQ,5000,5750,5500,02/09/2026
Rajasthan,Ganganagar,Suratgarh APMC,Green Gram(Moong)(Whole),Other,FAQ,6450,6450,6450,02/09/2026
Rajasthan,Ganganagar,Padampur APMC,Green Gram(Moong)(Whole),Green (Whole),FAQ,5800,7720,7575,02/09/2026
Karnataka,Gadag,Gadag APMC,Green Gram(Moong)(Whole),Green (Whole),FAQ,1517,10251,8104,02/09/2026
Karnataka,Bidar,Bidar APMC,Green Gram(Moong)(Whole),Local,Non-FAQ,3811,11011,7738,02/09/2026
Karnataka,Gadag,Laxmeshwar APMC,Green Gram(Moong)(Whole),Green (Whole),Non-FAQ,1165,9559,7330,02/09/2026
Karnataka,Vijayapura,Vijayapura APMC,Green Gram(Moong)(Whole),Green (Whole),Local,7889,7889,7889,02/09/2026
Karnataka,Raichur,Raichur APMC,Green Gram(Moong)(Whole),Local,FAQ,5889,9999,7209,02/09/2026
Karnataka,Belagavi,Ramdurga APMC,Green Gram(Moong)(Whole),Local,FAQ,3001,10089,9176,02/09/2026
Karnataka,Kalaburagi,Chincholi APMC,Green Gram(Moong)(Whole),Green (Whole),Non-FAQ,7200,7800,7500,02/09/2026
Karnataka,Koppal,Kustagi APMC,Green Gram(Moong)(Whole),Local,FAQ,8530,8530,8530,02/09/2026
Karnataka,Bengaluru,Bengaluru APMC,Green Gram Dal(Moong Dal),Green Gram Dal,Medium,9000,10000,9500,02/09/2026
Karnataka,Kalaburagi,Kalaburagi APMC,Green Gram(Moong)(Whole),Green (Whole),Non-FAQ,7000,9600,8550,02/09/2026
Karnataka,Bagalkot,Bagalkot APMC,Green Gram(Moong)(Whole),Green (Whole),Local,2001,9910,8731,02/09/2026
Karnataka,Gadag,Rona APMC,Green Gram(Moong)(Whole),Green (Whole),Non-FAQ,1117,9337,8439,02/09/2026
Karnataka,Bidar,Basava Kalayana APMC,Green Gram(Moong)(Whole),Green (Whole),FAQ,6900,8800,8400,02/09/2026
Karnataka,Bidar,Bhalki APMC,Green Gram(Moong)(Whole),Green (Whole),Non-FAQ,7008,9004,8621,02/09/2026
Karnataka,Yadgir,Yadgir APMC,Green Gram(Moong)(Whole),Green (Whole),FAQ,5282,9863,7856,02/09/2026
Karnataka,Dharwad,APMC Hubballi,Green Gram(Moong)(Whole),Green (Whole),Local,1508,8710,7233,02/09/2026
Karnataka,Bengaluru,Bengaluru APMC,Green Gram(Moong)(Whole),Green (Whole),FAQ,8000,12000,10000,02/09/2026
Gujarat,Bhavnagar,Mahuva(Station Road) APMC,Green Gram(Moong)(Whole),Hybrid,FAQ,8250,8250,8250,02/09/2026
Gujarat,Dahod,Dahod APMC,Green Gram(Moong)(Whole),Green (Whole),Local,7000,7500,7285,02/09/2026
Andhra Pradesh,Anakapally,Payakaraopeta APMC,Green Gram(Moong)(Whole),Local,Local,8748,8768,8758,02/09/2026
Andhra Pradesh,Parvathipuram Manyam,Palakonda APMC,Green Gram(Moong)(Whole),Green (Whole),FAQ,6500,6500,6500,02/09/2026
Andhra Pradesh,Palnadu,Narasaraopet APMC,Green Gram(Moong)(Whole),Local (Whole),FAQ,7500,7500,7500,02/09/2026
West Bengal,Darjeeling,Siliguri APMC,Green Gram Dal(Moong Dal),Green Gram Dal,FAQ,9600,9800,9700,02/09/2026
West Bengal,Paschim Bardhaman,Asansol APMC,Green Gram Dal(Moong Dal),Green Gram Dal,FAQ,12400,12600,12550,02/09/2026
West Bengal,Howrah,Ramkrishanpur(Howrah) APMC,Green Gram Dal(Moong Dal),Green Gram Dal,FAQ,10800,11200,11000,02/09/2026
Telangana,Nirmal,Bhainsa APMC,Green Gram(Moong)(Whole),Green (Whole),FAQ,7000,7000,7000,02/09/2026
Telangana,Sangareddy,Zaheerabad APMC,Green Gram(Moong)(Whole),Green (Whole),Local,6550,9165,8712,02/09/2026
Telangana,Narayanpet,Narayanpet APMC,Green Gram(Moong)(Whole),Local,Non-FAQ,4359,8989,5389,02/09/2026
Telangana,Sangareddy,Sadasivpet APMC,Green Gram(Moong)(Whole),Local,Local,7515,8308,7515,02/09/2026
Telangana,Suryapet,Suryapeta APMC,Green Gram(Moong)(Whole),Local,Local,3699,6822,5725,02/09/2026
Telangana,Warangal,Warangal APMC,Green Gram(Moong)(Whole),Local,FAQ,5966,7002,6385,02/09/2026
Telangana,Suryapet,Tirumalagiri APMC,Green Gram(Moong)(Whole),Local,Local,5260,7608,6467,02/09/2026
Assam,Kamrup,Fancy Bazaar APMC,Green Gram Dal(Moong Dal),Green Gram Dal,FAQ,9550,12100,11560,02/09/2026
Assam,Kamrup,Fancy Bazaar APMC,Green Gram Dal(Moong Dal),Green gram,FAQ,7800,12000,8000,02/09/2026
Assam,Kamrup,Fancy Bazaar APMC,Green Gram Dal(Moong Dal),Green,FAQ,6700,8000,7400,02/09/2026
Madhya Pradesh,Ratlam,Ratlam APMC,Kabuli Chana(Chickpeas-White),Dollar Gram,FAQ,5000,7880,7880,02/09/2026
Madhya Pradesh,Dhar,Manawar APMC,Kabuli Chana(Chickpeas-White),Dollar Gram,FAQ,8800,9011,9011,02/09/2026
Madhya Pradesh,Hoshangabad,Banapura APMC,Kabuli Chana(Chickpeas-White),Russian,FAQ,4800,4800,4800,02/09/2026
Madhya Pradesh,Khargone,Sanawad APMC,Kabuli Chana(Chickpeas-White),Bitkey,FAQ,5595,5700,5700,02/09/2026
Madhya Pradesh,Khargone,Karhi APMC,Kabuli Chana(Chickpeas-White),Dollar Gram,FAQ,6845,6845,6845,02/09/2026
Madhya Pradesh,Ujjain,Ujjain APMC,Kabuli Chana(Chickpeas-White),Dollar Gram,FAQ,3202,8260,8260,02/09/2026
Madhya Pradesh,Indore,Indore APMC,Kabuli Chana(Chickpeas-White),Dollar Gram,FAQ,3500,9700,7505,02/09/2026
Madhya Pradesh,Dewas,Khategaon APMC,Kabuli Chana(Chickpeas-White),Dollar Gram,FAQ,1000,7725,7000,02/09/2026
Madhya Pradesh,Shajapur,Agar APMC,Kabuli Chana(Chickpeas-White),Dollar Gram,FAQ,7301,7301,7301,02/09/2026
Madhya Pradesh,Ujjain,Badnagar APMC,Kabuli Chana(Chickpeas-White),Dollar Gram,FAQ,4860,8101,8101,02/09/2026
Madhya Pradesh,Ratlam,Sailana APMC,Kabuli Chana(Chickpeas-White),Dollar Gram,FAQ,4500,4500,4500,02/09/2026
Madhya Pradesh,Dhar,Badnawar APMC,Kabuli Chana(Chickpeas-White),Dollar Gram,FAQ,3400,3400,3400,02/09/2026
Madhya Pradesh,Dewas,Dewas APMC,Kabuli Chana(Chickpeas-White),Dollar Gram,FAQ,2390,8200,7410,02/09/2026
Madhya Pradesh,Ratlam,Jaora APMC,Kabuli Chana(Chickpeas-White),Dollar Gram,FAQ,4481,8561,7500,02/09/2026
Madhya Pradesh,Badwani,Anjad APMC,Kabuli Chana(Chickpeas-White),Dollar Gram,FAQ,6000,6000,6000,02/09/2026
Madhya Pradesh,Shajapur,Shujalpur APMC,Kabuli Chana(Chickpeas-White),Dollar Gram,FAQ,3002,8130,8130,02/09/2026
Madhya Pradesh,Harda,Harda APMC,Kabuli Chana(Chickpeas-White),Dollar Gram,FAQ,6550,7550,7550,02/09/2026
Madhya Pradesh,Neemuch,Neemuch APMC,Kabuli Chana(Chickpeas-White),Dollar Gram,FAQ,3801,8150,6000,02/09/2026
Madhya Pradesh,Sehore,Ashta APMC,Kabuli Chana(Chickpeas-White),Dollar Gram,FAQ,4500,6000,6000,02/09/2026
Madhya Pradesh,Dhar,Dhar APMC,Kabuli Chana(Chickpeas-White),Dollar Gram,FAQ,5905,5905,5905,02/09/2026
Madhya Pradesh,Indore,Mhow APMC,Kabuli Chana(Chickpeas-White),Bitkey,FAQ,4331,5299,5299,02/09/2026
Madhya Pradesh,Dhar,Dhamnod APMC,Kabuli Chana(Chickpeas-White),Dollar Gram,FAQ,6700,7930,7930,02/09/2026
Madhya Pradesh,Khargone,Sanawad APMC,Kabuli Chana(Chickpeas-White),Dollar Gram,FAQ,5000,8500,8500,02/09/2026
Madhya Pradesh,Shajapur,Shajapur APMC,Kabuli Chana(Chickpeas-White),Dollar Gram,FAQ,6205,6205,6205,02/09/2026
Maharashtra,Mumbai,Mumbai APMC,Bengal Gram Dal(Chana Dal),Other,Local,7100,8500,7900,02/09/2026
Uttar Pradesh,Gorakhpur,Gorakhpur APMC,Bengal Gram Dal(Chana Dal),Other,FAQ,6950,7500,7297.24,02/09/2026
Uttar Pradesh,Varanasi,Varanasi APMC,Bengal Gram Dal(Chana Dal),Other,FAQ,8623.8,8623.8,8623.8,02/09/2026
Uttar Pradesh,Lucknow,Banthara APMC,Bengal Gram Dal(Chana Dal),Other,FAQ,7408,7408,7408,02/09/2026
Uttar Pradesh,Bijnor,Dhampur APMC,Bengal Gram Dal(Chana Dal),Other,FAQ,7350,7350,7350,02/09/2026
Uttar Pradesh,Ghaziabad,Noida APMC,Bengal Gram Dal(Chana Dal),Other,FAQ,10266.18,10266.18,10266.18,02/09/2026
Uttar Pradesh,Saharanpur,Saharanpur APMC,Bengal Gram Dal(Chana Dal),Other,FAQ,6700,6700,6700,02/09/2026
Karnataka,Bengaluru,Bengaluru APMC,Bengal Gram Dal(Chana Dal),Bengal Gram Dal,Medium,7000,8500,7750,02/09/2026
Karnataka,Gadag,Gadag APMC,Bengal Gram Dal(Chana Dal),Bengal Gram Dal,Medium,7543,7567,7556,02/09/2026
Karnataka,Vijayapura,Vijayapura APMC,Bengal Gram Dal(Chana Dal),Bengal Gram Dal,Local,6300,7150,6550,02/09/2026
Madhya Pradesh,Shajapur,Agar APMC,Lentil(Masur)(Whole),Masur Dal,FAQ,5001,9270,7711,02/09/2026
Madhya Pradesh,Damoh,Patharia APMC,Lentil(Masur)(Whole),Masur Dal,FAQ,6125,6855,6855,02/09/2026
Madhya Pradesh,Raisen,Begamganj APMC,Lentil(Masur)(Whole),Masur Dal,Non-FAQ,6705,6705,6705,02/09/2026
Madhya Pradesh,Raisen,Begamganj APMC,Lentil(Masur)(Whole),Masur Dal,FAQ,8425,8425,8425,02/09/2026
Madhya Pradesh,Rajgarh,Khilchipur APMC,Lentil(Masur)(Whole),Masur Dal,FAQ,6710,6905,6905,02/09/2026
Madhya Pradesh,Guna,Guna APMC,Lentil(Masur)(Whole),Masur Dal,FAQ,6125,6185,6185,02/09/2026
Madhya Pradesh,Rajgarh,Kurawar APMC,Lentil(Masur)(Whole),Masur Dal,FAQ,3400,6350,6350,02/09/2026
Madhya Pradesh,Shivpuri,Badarwas APMC,Lentil(Masur)(Whole),Masur Dal,Non-FAQ,5905,5905,5905,02/09/2026
Madhya Pradesh,Shivpuri,Badarwas APMC,Lentil(Masur)(Whole),Masur Dal,FAQ,6135,6135,6135,02/09/2026
Madhya Pradesh,Jabalpur,Jabalpur APMC,Lentil(Masur)(Whole),Masur Dal,FAQ,4600,6100,6100,02/09/2026
Madhya Pradesh,Shajapur,Shujalpur APMC,Lentil(Masur)(Whole),Masur Dal,FAQ,3700,7075,7075,02/09/2026
Madhya Pradesh,Shivpuri,Kolaras APMC,Lentil(Masur)(Whole),Masur Dal,Non-FAQ,5100,6300,6300,02/09/2026
Madhya Pradesh,Damoh,Damoh APMC,Lentil(Masur)(Whole),Masur Dal,FAQ,5385,9175,8640,02/09/2026
Madhya Pradesh,Narsinghpur,Gotegaon APMC,Lentil(Masur)(Whole),Masur Dal,FAQ,5710,5710,5710,02/09/2026
Madhya Pradesh,Katni,Katni APMC,Lentil(Masur)(Whole),Masur Dal,Non-FAQ,5000,8500,6275,02/09/2026
Madhya Pradesh,Rajgarh,Sarangpur APMC,Lentil(Masur)(Whole),Masur Dal,FAQ,6528,7130,7130,02/09/2026
Madhya Pradesh,Rajgarh,Narsinghgarh APMC,Lentil(Masur)(Whole),Masur Dal,FAQ,6000,6170,6170,02/09/2026
Madhya Pradesh,Mandsaur,Shamgarh APMC,Lentil(Masur)(Whole),Masur Dal,Non-FAQ,5801,7976,7976,02/09/2026
Madhya Pradesh,Mandsaur,Sitmau APMC,Lentil(Masur)(Whole),Masur Dal,FAQ,6300,7291,7291,02/09/2026
Madhya Pradesh,Sagar,Bina APMC,Lentil(Masur)(Whole),Masur Dal,FAQ,4000,6500,6500,02/09/2026
Madhya Pradesh,Ashoknagar,Ashoknagar APMC,Lentil(Masur)(Whole),Masur Dal,FAQ,6165,6250,6250,02/09/2026
Madhya Pradesh,Indore,Indore APMC,Lentil(Masur)(Whole),Masur Dal,FAQ,4744,5716.84,5184.47,02/09/2026
Madhya Pradesh,Dewas,Dewas APMC,Lentil(Masur)(Whole),Masur Dal,FAQ,4000,4000,4000,02/09/2026
Madhya Pradesh,Satna,Satna APMC,Lentil(Masur)(Whole),Masur Dal,FAQ,5925,5925,5925,02/09/2026
Madhya Pradesh,Vidisha,Vidisha APMC,Lentil(Masur)(Whole),Masur Dal,FAQ,6000,6000,6000,02/09/2026
Madhya Pradesh,Mandsaur,Mandsaur APMC,Lentil(Masur)(Whole),Masur Dal,Non-FAQ,5100,6594,6501,02/09/2026
Madhya Pradesh,Rajgarh,Biaora APMC,Lentil(Masur)(Whole),Masur Dal,FAQ,5700,7055,7055,02/09/2026
Madhya Pradesh,Mandsaur,Piplya APMC,Lentil(Masur)(Whole),Masur Dal,FAQ,6213,6213,6213,02/09/2026
Madhya Pradesh,Ratlam,Jaora APMC,Lentil(Masur)(Whole),Masur Dal,FAQ,6301,6646,6646,02/09/2026
Madhya Pradesh,Dindori,Gorakhpur APMC,Lentil(Masur)(Whole),Masur Dal,Non-FAQ,5765,5800,5800,02/09/2026
Madhya Pradesh,Raisen,Udaipura APMC,Lentil(Masur)(Whole),Masur Dal,FAQ,5980,5980,5980,02/09/2026
Madhya Pradesh,Shajapur,Shajapur APMC,Lentil(Masur)(Whole),Masur Dal,FAQ,6050,6900,6900,02/09/2026
Madhya Pradesh,Neemuch,Neemuch APMC,Lentil(Masur)(Whole),Masur Dal,FAQ,4100,7931,7931,02/09/2026
Madhya Pradesh,Mandsaur,Mandsaur APMC,Lentil(Masur)(Whole),Masur Dal,FAQ,3000,7501,6500,02/09/2026
Madhya Pradesh,Sagar,Garhakota APMC,Lentil(Masur)(Whole),Masur Dal,FAQ,6080,6300,6300,02/09/2026
Madhya Pradesh,Shajapur,Soyatkalan APMC,Lentil(Masur)(Whole),Masur Dal,Non-FAQ,7851,7902,7902,02/09/2026
Madhya Pradesh,Narsinghpur,Kareli APMC,Lentil(Masur)(Whole),Masur Dal,FAQ,5900,6190,6000,02/09/2026
Madhya Pradesh,Vidisha,Ganjbasoda APMC,Lentil(Masur)(Whole),Masur Dal,FAQ,4600,9401,6350,02/09/2026
Madhya Pradesh,Sehore,Ashta APMC,Lentil(Masur)(Whole),Masur Dal,FAQ,6280,6410,6410,02/09/2026
Madhya Pradesh,Neemuch,Manasa APMC,Lentil(Masur)(Whole),Masur Dal,FAQ,6000,6501,6501,02/09/2026
Madhya Pradesh,Sagar,Khurai APMC,Lentil(Masur)(Whole),Masur Dal,FAQ,4400,8361,6441,02/09/2026
Madhya Pradesh,Sagar,Banda APMC,Lentil(Masur)(Whole),Masur Dal,FAQ,6300,6300,6300,02/09/2026
Madhya Pradesh,Mandsaur,Daloda APMC,Lentil(Masur)(Whole),Masur Dal,FAQ,5701,6501,6501,02/09/2026
Madhya Pradesh,Vidisha,Sironj APMC,Lentil(Masur)(Whole),Masur Dal,FAQ,6262,6262,6262,02/09/2026
Madhya Pradesh,Rajgarh,Khujner APMC,Lentil(Masur)(Whole),Masur Dal,FAQ,1500,7600,7500,02/09/2026
Maharashtra,Mumbai,Mumbai APMC,Masur Dal,Other,Local,7000,7600,7400,02/09/2026
Maharashtra,Mumbai,Mumbai APMC,Lentil(Masur)(Whole),Other,FAQ,7050,7200,7100,02/09/2026
Maharashtra,Pune,Pune APMC,Lentil(Masur)(Whole),Other,FAQ,7200,7300,7250,02/09/2026
Uttar Pradesh,Bijnor,Dhampur APMC,Masur Dal,Other,FAQ,7200,7200,7200,02/09/2026
Uttar Pradesh,Saharanpur,Saharanpur APMC,Masur Dal,Other,FAQ,6525,8500,7481.82,02/09/2026
Uttar Pradesh,Sitapur,Sitapur APMC,Masur Dal,Other,FAQ,7500,7500,7500,02/09/2026
Uttar Pradesh,Shamli,Shamli APMC,Masur Dal,Other,FAQ,6550,6550,6550,02/09/2026
Uttar Pradesh,Banda,Banda APMC,Masur Dal,Other,FAQ,6000,6020,6002.38,02/09/2026
Uttar Pradesh,Lalitpur,Lalitpur APMC,Masur Dal,Other,FAQ,6005,8200,7543.29,02/09/2026
Uttar Pradesh,Lucknow,Banthara APMC,Masur Dal,Other,FAQ,7355,7356,7355.33,02/09/2026
Uttar Pradesh,Ghaziabad,Noida APMC,Masur Dal,Other,FAQ,11040.4,13200,12428.71,02/09/2026
Uttar Pradesh,Bahraich,Mihipurwa APMC,Masur Dal,Other,FAQ,9000,9000,9000,02/09/2026
Uttar Pradesh,Balrampur,Tulsipur APMC,Lentil(Masur)(Whole),Masoor Gola,FAQ,9400,9520,9480,02/09/2026
West Bengal,Puruliya,Purulia APMC,Masur Dal,Masur Dal,FAQ,8800,10500,9500,02/09/2026
West Bengal,Bankura,Bishnupur(Bankura) APMC,Masur Dal,Other,FAQ,9800,11000,10500,02/09/2026
West Bengal,Medinipur(E),Tamluk (Medinipur E) APMC,Masur Dal,Masur Dal,FAQ,10400,10800,10600,02/09/2026
West Bengal,Puruliya,Balarampur APMC,Masur Dal,Masur Dal,FAQ,9200,10800,9700,02/09/2026
West Bengal,Medinipur(E),Kolaghat APMC,Masur Dal,Masur Dal,FAQ,10400,10800,10600,02/09/2026
West Bengal,North 24 Parganas,Habra APMC,Masur Dal,Masur Dal,FAQ,10500,10600,10600,02/09/2026
West Bengal,Birbhum,Birbhum APMC,Masur Dal,Masur Dal,FAQ,14700,14900,14800,02/09/2026
West Bengal,Nadia,Chakdah APMC,Masur Dal,Masur Dal,Local,11500,12800,12000,02/09/2026
West Bengal,Paschim Bardhaman,Asansol APMC,Masur Dal,Masur Dal,FAQ,9650,9850,9700,02/09/2026
West Bengal,Bankura,Bankura Sadar APMC,Masur Dal,Masur Dal,FAQ,9800,10400,10000,02/09/2026
West Bengal,Nadia,Ranaghat APMC,Masur Dal,Masur Dal,FAQ,11200,12500,12000,02/09/2026
West Bengal,Paschim Bardhaman,Durgapur APMC,Masur Dal,Masur Dal,FAQ,9650,9850,9765,02/09/2026
West Bengal,Darjeeling,Siliguri APMC,Masur Dal,Masur Dal,FAQ,12300,12700,12500,02/09/2026
West Bengal,Hooghly,Kalipur APMC,Masur Dal,Masur Dal,FAQ,11000,12000,11500,02/09/2026
West Bengal,Howrah,Ramkrishanpur(Howrah) APMC,Masur Dal,Masur Dal,FAQ,8800,9200,9000,02/09/2026
West Bengal,North 24 Parganas,Barasat APMC,Lentil(Masur)(Whole),Other,FAQ,7500,7500,7500,02/09/2026
Assam,Kamrup,Fancy Bazaar APMC,Lentil(Masur)(Whole),Local,FAQ,11000,13000,11700,02/09/2026
Assam,Kamrup,Fancy Bazaar APMC,Lentil(Masur)(Whole),Masur Dal,FAQ,7450,10100,8060,02/09/2026
Assam,Kamrup,Fancy Bazaar APMC,Lentil(Masur)(Whole),Other,FAQ,8500,9000,8700,02/09/2026
Tamil Nadu,Dharmapuri,Dharampuri APMC,Turmeric,Other,Local,11500,14000,12750,02/09/2026
Maharashtra,Hingoli,Sengoan APMC,Turmeric,Other,Local,14500,16500,15500,02/09/2026
Maharashtra,Sangli,Sangli APMC,Turmeric,Rajapuri,Local,11700,18650,15175,02/09/2026
Maharashtra,Mumbai,Mumbai APMC,Turmeric,Other,Local,16000,23000,19500,02/09/2026
Maharashtra,Hingoli,"Gajanan Krushi Utpanna Bazar (India) Pvt Ltd, Basmat, Dist Hingoli",Turmeric,Other,Local,15500,18000,16645,02/09/2026
Maharashtra,Hingoli,Hingoli APMC,Turmeric,Other,Local,14850,16700,15775,02/09/2026
Maharashtra,Parbhani,Jintur APMC,Turmeric,Other,Local,15200,16151,16000,02/09/2026
Uttar Pradesh,Badaun,Ujhani APMC,Turmeric,Other,FAQ,1200,1200,1200,02/09/2026
Karnataka,Bengaluru,Bengaluru APMC,Turmeric,Turmeric Stick,Medium,19000,23000,21000,02/09/2026
Gujarat,Surat,Surat APMC,Turmeric(raw),Other,FAQ,4000,9000,6500,02/09/2026
Andhra Pradesh,YSR Kadapa,Kadapa,Turmeric,Finger,FAQ,13916,14612,14412,02/09/2026
Telangana,Nizamabad,Nizamabad APMC,Turmeric,Bulb,Local,9500,15800,15100,02/09/2026
Telangana,Warangal,Warangal APMC,Turmeric,Finger,FAQ,11500,14489,13500,02/09/2026
Telangana,Sangareddy,Sadasivpet APMC,Turmeric,Bulb,Local,8601,9155,9155,02/09/2026
Telangana,Mahabubabad,Kesamudram APMC,Turmeric,Bulb,Local,14000,14589,14203,02/09/2026
Telangana,Warangal,Warangal APMC,Turmeric,Bulb,FAQ,12500,14289,13878,02/09/2026
Telangana,Sangareddy,Sadasivpet APMC,Turmeric,Finger,Local,8601,8601,8601,02/09/2026
Telangana,Nizamabad,Nizamabad APMC,Turmeric,Finger,Local,9509,18566,16250,02/09/2026
Telangana,Mahabubabad,Kesamudram APMC,Turmeric,Finger,Local,11000,14589,14389,02/09/2026
Telangana,Hyderabad,Mahboob Manison APMC,Turmeric(raw),Other,Medium,12000,15000,13000,02/09/2026
Assam,Kamrup,Fancy Bazaar APMC,Turmeric(raw),Turmeric (raw),FAQ,12000,17500,16500,02/09/2026
Madhya Pradesh,Narsinghpur,Gadarwara(F&V) APMC,Ginger(Dry),Dry,Grade Range-2,10000,10000,10000,02/09/2026
Uttar Pradesh,Jalaun (Orai),Orai APMC,Peas(Dry),Other,FAQ,2340,4200,3733.51,02/09/2026
Uttar Pradesh,Lalitpur,Lalitpur APMC,Peas(Dry),Other,FAQ,3250,4580,3667.24,02/09/2026
Uttar Pradesh,Jalaun (Orai),Jalaun APMC,Peas(Dry),Other,FAQ,3050,3525,3314.55,02/09/2026
Uttar Pradesh,Ghaziabad,Noida APMC,Peas(Dry),Other,FAQ,8666,8666,8666,02/09/2026
Uttar Pradesh,Jalaun (Orai),Konch APMC,Peas(Dry),Other,FAQ,2800,3650,3104.79,02/09/2026
Uttar Pradesh,Hamirpur,Kurara APMC,Peas(Dry),Other,FAQ,3300,3300,3300,02/09/2026
Uttar Pradesh,Lalitpur,Mehrauni APMC,Peas(Dry),Other,FAQ,3600,3600,3600,02/09/2026
Uttar Pradesh,Auraiya,Auraiya APMC,Peas(Dry),Other,FAQ,4450,4575.52,4502.32,02/09/2026
Uttar Pradesh,Hamirpur,Bharuasumerpur APMC,Peas(Dry),Other,FAQ,3498,4025,3807.54,02/09/2026
Uttar Pradesh,Hamirpur,Raath APMC,Peas(Dry),Other,FAQ,3600,3600,3600,02/09/2026
Uttar Pradesh,Sambhal,Chandausi APMC,Peas(Dry),Other,FAQ,5300,5300,5300,02/09/2026
Uttar Pradesh,Mahoba,Mahoba APMC,Peas(Dry),Other,FAQ,3640,4620,4064.08,02/09/2026
Rajasthan,Jaipur,Jaipur (F&V) APMC,Ginger(Dry),Dry,FAQ,6000,15000,10500,02/09/2026
Karnataka,Bengaluru,Bengaluru APMC,Dry Chillies,Guntur,Medium,28000,32000,30000,02/09/2026
Karnataka,Dharwad,APMC Hubballi,Dry Chillies,Kaddi,Local,8100,35699,20313,02/09/2026
Karnataka,Vijayapura,Vijayapura APMC,Dry Grapes,Dry Grapes,Local,7500,15000,11200,02/09/2026
Karnataka,Bengaluru,Bengaluru APMC,Dry Grapes,Dry Grapes,Medium,42000,85000,63500,02/09/2026
Haryana,Hissar,Hansi APMC,Ginger(Dry),Other,FAQ,8000,10000,9000,02/09/2026
Haryana,Kurukshetra,Thanesar APMC,Peas(Dry),Other,Local,5500,6500,6000,02/09/2026
Haryana,Kurukshetra,Shahabad APMC,Ginger(Dry),Vegitable-fresh,Local,7000,7500,7200,02/09/2026
Punjab,Hoshiarpur,Garh Shankar APMC,Ginger(Dry),Vegitable-fresh,FAQ,6500,6500,6500,02/09/2026
Andhra Pradesh,Sri Sathya Sai,Hindupur APMC,Dry Chillies,1st Sort,FAQ,7000,24000,18000,02/09/2026
Andhra Pradesh,Guntur,Prathipadu APMC,Dry Chillies,Byadgi,Grade Range-1,14000,22000,19000,02/09/2026
Andhra Pradesh,Guntur,Guntur APMC,Dry Chillies,Red New,FAQ,15000,27000,24500,02/09/2026
Andhra Pradesh,Guntur,Guntur APMC,Dry Chillies,Red,FAQ,15000,26500,25500,02/09/2026
Andhra Pradesh,Guntur,Guntur APMC,Dry Chillies,Guntur,FAQ,18000,28000,26500,02/09/2026
Andhra Pradesh,Guntur,Guntur APMC,Dry Chillies,Red Top,FAQ,17500,27500,26000,02/09/2026
Andhra Pradesh,Guntur,Guntur APMC,Dry Chillies,White,Grade Range-3,8000,15000,14000,02/09/2026
Andhra Pradesh,NTR,Tiruvuru APMC,Dry Chillies,Dry Chillies,Local,21000,21000,21000,02/09/2026
Andhra Pradesh,NTR,Nandigama APMC,Dry Chillies,Dry Chillies,Grade Range-1,22000,22000,22000,02/09/2026
Andhra Pradesh,Alluri Sitharama Raju,Araku Valley APMC,Ginger(Dry),Ginger-Organic,Grade Range-1,12000,13000,12500,02/09/2026
West Bengal,Hooghly,Sheoraphuly APMC,Ginger(Dry),Other,FAQ,13000,15000,14200,02/09/2026
West Bengal,Malda,English Bazar APMC,Ginger(Dry),Other,FAQ,13000,15000,14000,02/09/2026
West Bengal,Medinipur(W),Medinipur(West) APMC,Ginger(Dry),Dry,FAQ,15000,16000,15500,02/09/2026
West Bengal,Birbhum,Bolpur APMC,Ginger(Dry),Big/Thick,FAQ,11800,12000,11900,02/09/2026
West Bengal,Paschim Bardhaman,Asansol APMC,Peas(Dry),Other,FAQ,6800,7000,6900,02/09/2026
Telangana,Warangal,Warangal APMC,Dry Chillies,2nd Sort,FAQ,16000,24000,20000,02/09/2026
Telangana,Warangal,Warangal APMC,Dry Chillies,3rd Sort,FAQ,12000,20000,17000,02/09/2026
Telangana,Hyderabad,Mahboob Manison APMC,Dry Chillies,Dry Chillies,Grade Range-2,8000,12000,11000,02/09/2026
Telangana,Warangal,Warangal APMC,Dry Chillies,Desi,FAQ,22000,30000,28000,02/09/2026
Telangana,Warangal,Warangal APMC,Dry Chillies,1st Sort,FAQ,12000,19500,16000,02/09/2026
Telangana,Warangal,Warangal APMC,Dry Chillies,Talu,FAQ,7000,11000,9000,02/09/2026
Telangana,Hyderabad,Mahboob Manison APMC,Dry Chillies,Dry Chillies,Grade Range-1,13000,18000,15000,02/09/2026
Assam,Kamrup,Fancy Bazaar APMC,Dry Chillies,Dry Chillies,FAQ,28200,32500,31400,02/09/2026
Maharashtra,Mumbai,Mumbai APMC,Cummin Seed(Jeera),Other,Local,22000,40000,31000,02/09/2026
Rajasthan,Beawar,Jaitaran APMC,Cummin Seed(Jeera),Cummin Seed(Jeera),Grade Range-1,18600,18800,18700,02/09/2026
Rajasthan,Jodhpur,Jodhpur (Grain) APMC,Cummin Seed(Jeera),Other,Local,17100,20975,19050,02/09/2026
Rajasthan,Barmer,Dhorimanna APMC,Cummin Seed(Jeera),Cummin Seed(Jeera),Local,37000,39000,38000,02/09/2026
Gujarat,Banaskanth,Tharad APMC,Cummin Seed(Jeera),Other,Local,14005,20630,17315,02/09/2026
Gujarat,Ahmedabad,Mandal APMC,Cummin Seed(Jeera),Other,Local,18255,19755,19000,02/09/2026
Gujarat,Banaskanth,Dhanera APMC,Cummin Seed(Jeera),Cummin Seed(Jeera),Local,17405,19100,18345,02/09/2026
Gujarat,Patan,Radhanpur APMC,Cummin Seed(Jeera),Other,Local,16200,20375,19250,02/09/2026
Gujarat,Kachchh,Anjar APMC,Cummin Seed(Jeera),Other,FAQ,18350,19750,19500,02/09/2026
Gujarat,Patan,Sami APMC,Cummin Seed(Jeera),Cummin Seed(Jeera),Local,18750,20150,19375,02/09/2026
Gujarat,Banaskanth,Vav APMC,Cummin Seed(Jeera),Other,FAQ,15500,20400,19000,02/09/2026
Gujarat,Mehsana,Unjha APMC,Cummin Seed(Jeera),Cummin Seed(Jeera),FAQ,17400,23800,19875,02/09/2026
Assam,Kamrup,Fancy Bazaar APMC,Cummin Seed(Jeera),Cummin Seed(Jeera),FAQ,26000,32500,28800,02/09/2026
Tamil Nadu,Krishnagiri,Avallapalli(Uzhavar Sandhai ),Coriander(Leaves),I Sort,Local,3500,4000,3750,02/09/2026
Tamil Nadu,Madurai,Anaiyur(Uzhavar Sandhai ),Coriander(Leaves),I Sort,Local,4000,4500,4250,02/09/2026
Tamil Nadu,Salem,Thammampatti (Uzhavar Sandhai ),Coriander(Leaves),I Sort,Local,2800,3000,2900,02/09/2026
Tamil Nadu,Theni,Chinnamanur(Uzhavar Sandhai ),Coriander(Leaves),I Sort,Local,3000,3000,3000,02/09/2026
Tamil Nadu,Karur,Pallapatti (Uzhavar Sandhai ),Coriander(Leaves),I Sort,Local,4500,5000,4750,02/09/2026
Tamil Nadu,Salem,Hasthampatti(Uzhavar Sandhai ),Coriander(Leaves),I Sort,Local,1600,1800,1700,02/09/2026
Tamil Nadu,Thiruchirappalli,Musiri(Uzhavar Sandhai ),Coriander(Leaves),I Sort,Local,2500,3000,2750,02/09/2026
Tamil Nadu,Virudhunagar,Sathur(Uzhavar Sandhai ),Coriander(Leaves),I Sort,Local,4500,5000,4750,02/09/2026
Tamil Nadu,Chengalpattu,Madhuranthagam(Uzhavar Sandhai ),Coriander(Leaves),I Sort,Local,3000,3000,3000,02/09/2026
Tamil Nadu,Villupuram,Tindivanam APMC,Coriander(Leaves),I Sort,Local,4000,4000,4000,02/09/2026
Tamil Nadu,Villupuram,Gingee(Uzhavar Sandhai ),Coriander(Leaves),I Sort,Local,4000,4000,4000,02/09/2026
Tamil Nadu,Salem,Vazhapadi(Uzhavar Sandhai),Coriander(Leaves),I Sort,Local,4500,5000,4750,02/09/2026
Tamil Nadu,Karur,Kulithalai(Uzhavar Sandhai ),Coriander(Leaves),I Sort,Local,2500,3000,2750,02/09/2026
Tamil Nadu,Kallakuruchi,Kallakurichi(Uzhavar Sandhai ),Coriander(Leaves),I Sort,Local,6000,6000,6000,02/09/2026
Tamil Nadu,Theni,Periyakulam(Uzhavar Sandhai ),Coriander(Leaves),I Sort,Local,3000,3000,3000,02/09/2026
Tamil Nadu,Pudukkottai,Viralimalai(Uzhavar Sandhai ),Coriander(Leaves),I Sort,Local,4500,5000,4750,02/09/2026
Tamil Nadu,Ramanathapuram,Paramakudi(Uzhavar Sandhai ),Coriander(Leaves),I Sort,Local,5500,6000,5750,02/09/2026
Tamil Nadu,Thiruvannamalai,Arani(Uzhavar Sandhai ),Coriander(Leaves),I Sort,Local,4000,5000,4500,02/09/2026
Tamil Nadu,Vellore,Kahithapattarai(Uzhavar Sandhai ),Coriander(Leaves),I Sort,Local,2500,2500,2500,02/09/2026
Tamil Nadu,Thiruvannamalai,Cheyyar(Uzhavar Sandhai ),Coriander(Leaves),I Sort,Local,4000,5000,4500,02/09/2026
Tamil Nadu,Coimbatore,Singanallur(Uzhavar Sandhai ),Coriander(Leaves),I Sort,Local,3500,4000,3750,02/09/2026
Tamil Nadu,Karur,Karur(Uzhavar Sandhai ),Coriander(Leaves),I Sort,Local,5500,6000,5750,02/09/2026
Tamil Nadu,Cuddalore,Cuddalore(Uzhavar Sandhai ),Coriander(Leaves),I Sort,Local,5000,5000,5000,02/09/2026
Tamil Nadu,Dharmapuri,Harur(Uzhavar Sandhai ),Coriander(Leaves),I Sort,Local,3500,4000,3750,02/09/2026
Tamil Nadu,Thirupur,Tiruppur (South) (Uzhavar Sandhai ),Coriander(Leaves),I Sort,Local,2500,3000,2750,02/09/2026
Tamil Nadu,Dharmapuri,Palacode(Uzhavar Sandhai ),Coriander(Leaves),I Sort,Local,4600,5000,4800,02/09/2026
Tamil Nadu,Dindigul,Dindigul(Uzhavar Sandhai ),Coriander(Leaves),I Sort,Local,2500,3000,2750,02/09/2026
Tamil Nadu,Madurai,Usilampatti(Uzhavar Sandhai ),Coriander(Leaves),I Sort,Local,4000,4500,4250,02/09/2026
Tamil Nadu,Namakkal,Rasipuram(Uzhavar Sandhai ),Coriander(Leaves),I Sort,Local,7500,8000,7750,02/09/2026
Tamil Nadu,Madurai,Palanganatham(Uzhavar Sandhai ),Coriander(Leaves),I Sort,Local,4000,4500,4250,02/09/2026
Tamil Nadu,Salem,Mecheri(Uzhavar Sandhai),Coriander(Leaves),I Sort,Local,2000,2000,2000,02/09/2026
Tamil Nadu,Salem,Thathakapatti(Uzhavar Sandhai ),Coriander(Leaves),I Sort,Local,3500,4000,3750,02/09/2026
Tamil Nadu,Thirupur,Tiruppur (North) (Uzhavar Sandhai ),Coriander(Leaves),I Sort,Local,2500,3000,2750,02/09/2026
Tamil Nadu,Pudukkottai,Gandarvakottai(Uzhavar Sandhai ),Coriander(Leaves),I Sort,Local,4500,5000,4750,02/09/2026
Tamil Nadu,Cuddalore,Vadalur(Uzhavar Sandhai ),Coriander(Leaves),I Sort,Local,4000,4000,4000,02/09/2026
Tamil Nadu,Sivaganga,Sivagangai (Uzhavar Sandhai ),Coriander(Leaves),I Sort,Local,4200,4600,4400,02/09/2026
Tamil Nadu,Sivaganga,Devakottai (Uzhavar Sandhai ),Coriander(Leaves),I Sort,Local,4400,5000,4700,02/09/2026
Tamil Nadu,Salem,Edapadi (Uzhavar Sandhai ),Coriander(Leaves),I Sort,Local,2500,3000,2750,02/09/2026
Tamil Nadu,Sivaganga,Tirupatthur(Uzhavar Sandhai ),Coriander(Leaves),I Sort,Local,4500,5000,4750,02/09/2026
Tamil Nadu,Thiruchirappalli,Lalgudi(Uzhavar Sandhai ),Coriander(Leaves),I Sort,Local,3000,3000,3000,02/09/2026
Tamil Nadu,Chengalpattu,Medavakkam(Uzhavar Sandhai ),Coriander(Leaves),I Sort,Local,4000,4000,4000,02/09/2026
Tamil Nadu,Chengalpattu,Pallavaram(Uzhavar Sandhai ),Coriander(Leaves),I Sort,Local,5000,6000,5500,02/09/2026
Tamil Nadu,Krishnagiri,Krishnagiri(Uzhavar Sandhai ),Coriander(Leaves),I Sort,Local,1600,2000,1800,02/09/2026
Tamil Nadu,The Nilgiris,Udhagamandalam(Uzhavar Sandhai ),Coriander(Leaves),I Sort,Local,6500,7000,6750,02/09/2026
Tamil Nadu,Theni,Bodinayakanur(Uzhavar Sandhai ),Coriander(Leaves),I Sort,Local,3000,3000,3000,02/09/2026
Tamil Nadu,Thiruvarur,Needamangalam(Uzhavar Sandhai ),Coriander(Leaves),I Sort,Local,3500,3500,3500,02/09/2026
Tamil Nadu,Thiruvarur,Tiruvarur(Uzhavar Sandhai ),Coriander(Leaves),I Sort,Local,4000,4000,4000,02/09/2026
Tamil Nadu,Virudhunagar,Kariyapatti(Uzhavar Sandhai ),Coriander(Leaves),I Sort,Local,3500,4000,3750,02/09/2026
Tamil Nadu,Vellore,Perampet(Uzhavar Sandhai),Coriander(Leaves),I Sort,Local,5000,5000,5000,02/09/2026
Tamil Nadu,Thirupathur,Vaniyampadi(Uzhavar Sandhai ),Coriander(Leaves),I Sort,Local,4000,4000,4000,02/09/2026
Tamil Nadu,Salem,Athur(Uzhavar Sandhai ),Coriander(Leaves),I Sort,Local,1500,2000,1750,02/09/2026
Tamil Nadu,Erode,Sampath Nagar(Uzhavar Sandhai ),Coriander(Leaves),I Sort,Local,3200,3600,3400,02/09/2026
Tamil Nadu,Ramanathapuram,Ramanathapuram(Uzhavar Sandhai ),Coriander(Leaves),I Sort,Local,6500,7000,6750,02/09/2026
Tamil Nadu,Coimbatore,Sundarapuram(Uzhavar Sandhai ),Coriander(Leaves),I Sort,Local,3500,4000,3750,02/09/2026
Tamil Nadu,Coimbatore,Mettupalayam(Uzhavar Sandhai ),Coriander(Leaves),I Sort,Local,4500,5000,4750,02/09/2026
Tamil Nadu,Coimbatore,RSPuram(Uzhavar Sandhai ),Coriander(Leaves),I Sort,Local,3500,4000,3750,02/09/2026
Tamil Nadu,Coimbatore,Pollachi(Uzhavar Sandhai ),Coriander(Leaves),I Sort,Local,4500,5000,4750,02/09/2026
Tamil Nadu,Tuticorin,Tuticorin(Uzhavar Sandhai ),Coriander(Leaves),I Sort,Local,4500,5000,4750,02/09/2026
Tamil Nadu,Vellore,Thirupathur APMC,Coriander(Leaves),I Sort,Local,4000,4000,4000,02/09/2026
Tamil Nadu,The Nilgiris,Coonoor(Uzhavar Sandhai ),Coriander(Leaves),I Sort,Local,5000,5500,5250,02/09/2026
Tamil Nadu,The Nilgiris,Gudalur(Uzhavar Sandhai ),Coriander(Leaves),I Sort,Local,7000,8000,7500,02/09/2026
Tamil Nadu,Thirupathur,Natrampalli(Uzhavar Sandhai ),Coriander(Leaves),I Sort,Local,3000,4000,3500,02/09/2026
Tamil Nadu,Virudhunagar,Srivilliputhur(Uzhavar Sandhai ),Coriander(Leaves),I Sort,Local,3500,4000,3750,02/09/2026
Tamil Nadu,Thiruvarur,Mannargudi II(Uzhavar Sandhai ),Coriander(Leaves),I Sort,Local,3500,3500,3500,02/09/2026
Tamil Nadu,Tuticorin,Kovilpatti(Uzhavar Sandhai ),Coriander(Leaves),I Sort,Local,3500,4000,3750,02/09/2026
Tamil Nadu,Ariyalur,Ariyalur(Uzhavar Sandhai),Coriander(Leaves),I Sort,Local,3500,3500,3500,02/09/2026
Tamil Nadu,Erode,Thalavadi(Uzhavar Sandhai ),Coriander(Leaves),I Sort,Local,3500,4000,3750,02/09/2026
Tamil Nadu,Nagapattinam,Nagapattinam(Uzhavar Sandhai ),Coriander(Leaves),I Sort,Local,4500,4500,4500,02/09/2026
Tamil Nadu,Tenkasi,Tenkasi(Uzhavar Sandhai ),Coriander(Leaves),I Sort,Local,3000,3000,3000,02/09/2026
Tamil Nadu,Pudukkottai,Pudukottai(Uzhavar Sandhai ),Coriander(Leaves),I Sort,Local,4000,5000,4500,02/09/2026
Tamil Nadu,Theni,Andipatti(Uzhavar Sandhai ),Coriander(Leaves),I Sort,Local,3000,3000,3000,02/09/2026
Tamil Nadu,Karur,Gandhigramam(Uzhavar Sandhai),Coriander(Leaves),I Sort,Local,5500,6000,5750,02/09/2026
Tamil Nadu,Erode,Periyar Nagar(Uzhavar Sandhai ),Coriander(Leaves),I Sort,Local,3200,3600,3400,02/09/2026
Tamil Nadu,Kallakuruchi,Sankarapuram(Uzhavar Sandhai ),Coriander(Leaves),I Sort,Local,6000,6000,6000,02/09/2026
Tamil Nadu,Dharmapuri,Karimangalam(Uzhavar Sandhai),Coriander(Leaves),I Sort,Local,4500,5000,4750,02/09/2026
Tamil Nadu,Namakkal,Namakkal(Uzhavar Sandhai ),Coriander(Leaves),I Sort,Local,8000,9000,8500,02/09/2026
Tamil Nadu,Salem,Ammapet(Uzhavar Sandhai ),Coriander(Leaves),I Sort,Local,3000,3200,3100,02/09/2026
Tamil Nadu,Theni,Kambam(Uzhavar Sandhai ),Coriander(Leaves),I Sort,Local,3000,3000,3000,02/09/2026
Tamil Nadu,Thiruvannamalai,Tamarainagar(Uzhavar Sandhai ),Coriander(Leaves),I Sort,Local,4000,5000,4500,02/09/2026
Tamil Nadu,Thiruvarur,Muthupettai(Uzhavar Sandhai ),Coriander(Leaves),I Sort,Local,3500,3500,3500,02/09/2026
Tamil Nadu,Karur,Velayuthampalayam(Uzhavar Sandhai ),Coriander(Leaves),I Sort,Local,5000,6000,5500,02/09/2026
Tamil Nadu,Karur,Vengamedu(Uzhavar Sandhai ),Coriander(Leaves),I Sort,Local,5500,6000,5750,02/09/2026
Tamil Nadu,Theni,Devaram(Uzhavar Sandhai ),Coriander(Leaves),I Sort,Local,3000,3000,3000,02/09/2026
Tamil Nadu,Salem,Elampillai(Uzhavar Sandhai ),Coriander(Leaves),I Sort,Local,3000,3600,3300,02/09/2026
Tamil Nadu,Salem,Jalagandapuram(Uzhavar Sandhai ),Coriander(Leaves),I Sort,Local,1600,1800,1700,02/09/2026
Tamil Nadu,Sivaganga,Singampunari(Uzhavar Sandhai ),Coriander(Leaves),I Sort,Local,4200,4600,4400,02/09/2026
Tamil Nadu,Sivaganga,Karaikudi(Uzhavar Sandhai ),Coriander(Leaves),I Sort,Local,4500,5000,4750,02/09/2026
Tamil Nadu,Thanjavur,Pattukottai(Uzhavar Sandhai ),Coriander(Leaves),I Sort,Local,3400,3400,3400,02/09/2026
Tamil Nadu,Chengalpattu,Chengalpet(Uzhavar Sandhai ),Coriander(Leaves),I Sort,Local,5000,6000,5500,02/09/2026
Tamil Nadu,Chengalpattu,Jameenrayapettai(Uzhavar Sandhai ),Coriander(Leaves),I Sort,Local,5000,6000,5500,02/09/2026
Tamil Nadu,Erode,Perundurai(Uzhavar Sandhai ),Coriander(Leaves),I Sort,Local,4000,4500,4250,02/09/2026
Tamil Nadu,Dharmapuri,Pennagaram(Uzhavar Sandhai ),Coriander(Leaves),I Sort,Local,5500,6000,5750,02/09/2026
Tamil Nadu,Nagapattinam,Sirkali(Uzhavar Sandhai ),Coriander(Leaves),I Sort,Local,3500,4000,3750,02/09/2026
Tamil Nadu,Madurai,Anna nagar(Uzhavar Sandhai ),Coriander(Leaves),I Sort,Local,3000,3000,3000,02/09/2026
Tamil Nadu,Perambalur,Perambalur(Uzhavar Sandhai ),Coriander(Leaves),I Sort,Local,3000,3000,3000,02/09/2026
Tamil Nadu,Ranipet,Arcot(Uzhavar Sandhai ),Coriander(Leaves),I Sort,Local,3000,3000,3000,02/09/2026
Tamil Nadu,Salem,Sooramangalam(Uzhavar Sandhai ),Coriander(Leaves),I Sort,Local,3000,3200,3100,02/09/2026
Tamil Nadu,Thiruchirappalli,Thuraiyur APMC,Coriander(Leaves),I Sort,Local,3000,3000,3000,02/09/2026
Tamil Nadu,Thirunelveli,Kandiyaperi(Uzhavar Sandhai ),Coriander(Leaves),I Sort,Local,3500,4000,3750,02/09/2026
Tamil Nadu,Thirunelveli,NGO Colony(Uzhavar Sandhai ),Coriander(Leaves),I Sort,Local,3500,4000,3750,02/09/2026
Tamil Nadu,Thirupur,Kangayam(Uzhavar Sandhai ),Coriander(Leaves),I Sort,Local,4200,4500,4350,02/09/2026
Tamil Nadu,Cuddalore,Panruti(Uzhavar Sandhai ),Coriander(Leaves),I Sort,Local,5000,5000,5000,02/09/2026
Tamil Nadu,Thiruchirappalli,Manachanallur(Uzhavar Sandhai ),Coriander(Leaves),I Sort,Local,3000,3000,3000,02/09/2026
Tamil Nadu,Thiruchirappalli,Manapparai(Uzhavar Sandhai ),Coriander(Leaves),I Sort,Local,2800,2800,2800,02/09/2026
Tamil Nadu,Thiruchirappalli,Thiruverumbur(Uzhavar Sandhai ),Coriander(Leaves),I Sort,Local,2800,2800,2800,02/09/2026
Tamil Nadu,Virudhunagar,Rajapalayam(Uzhavar Sandhai ),Coriander(Leaves),I Sort,Local,4000,4500,4250,02/09/2026
Tamil Nadu,Virudhunagar,Sivakasi(Uzhavar Sandhai ),Coriander(Leaves),I Sort,Local,4000,5000,4500,02/09/2026
Tamil Nadu,Virudhunagar,Thalavaipuram(Uzhavar Sandhai ),Coriander(Leaves),I Sort,Local,4000,4500,4250,02/09/2026
Tamil Nadu,Villupuram,Ulundurpettai APMC,Coriander(Leaves),I Sort,Local,6000,6000,6000,02/09/2026
Tamil Nadu,Virudhunagar,Aruppukottai(Uzhavar Sandhai ),Coriander(Leaves),I Sort,Local,3000,4000,3500,02/09/2026
Tamil Nadu,Thiruvellore,Tiruthani(Uzhavar Sandhai ),Coriander(Leaves),I Sort,Local,5000,5000,5000,02/09/2026
Tamil Nadu,Vellore,Katpadi (Uzhavar Sandhai ),Coriander(Leaves),I Sort,Local,3000,3000,3000,02/09/2026
Tamil Nadu,Madurai,Melur(Uzhavar Sandhai ),Coriander(Leaves),I Sort,Local,4000,4500,4250,02/09/2026
Tamil Nadu,Thirupur,Palladam(Uzhavar Sandhai ),Coriander(Leaves),I Sort,Local,3500,4000,3750,02/09/2026
Tamil Nadu,Pudukkottai,Ponnamaravathi(Uzhavar Sandhai),Coriander(Leaves),I Sort,Local,4500,5000,4750,02/09/2026
Tamil Nadu,Thiruvannamalai,Polur(Uzhavar Sandhai ),Coriander(Leaves),I Sort,Local,4200,5000,4600,02/09/2026
Tamil Nadu,Thiruvarur,Mannargudi I(Uzhavar Sandhai ),Coriander(Leaves),I Sort,Local,3500,3500,3500,02/09/2026
Tamil Nadu,Thiruvellore,Paruthipattu(Uzhavar Sandhai ),Coriander(Leaves),I Sort,Local,6000,6000,6000,02/09/2026
Tamil Nadu,Erode,Sathiyamagalam(Uzhavar Sandhai ),Coriander(Leaves),I Sort,Local,4500,5000,4750,02/09/2026
Tamil Nadu,Vellore,Vellore APMC,Coriander(Leaves),I Sort,Local,3000,3000,3000,02/09/2026
Tamil Nadu,Krishnagiri,Kaveripattinam(Uzhavar Sandhai ),Coriander(Leaves),I Sort,Local,5000,5000,5000,02/09/2026
Tamil Nadu,Dharmapuri,Dharmapuri(Uzhavar Sandhai ),Coriander(Leaves),I Sort,Local,4600,5000,4800,02/09/2026
Tamil Nadu,Dindigul,Chinnalapatti(Uzhavar Sandhai ),Coriander(Leaves),I Sort,Local,2800,3000,2900,02/09/2026
Tamil Nadu,Dindigul,Palani(Uzhavar Sandhai ),Coriander(Leaves),I Sort,Local,4000,5000,4500,02/09/2026
Tamil Nadu,Kancheepuram,Padappai(Uzhavar Sandhai ),Coriander(Leaves),I Sort,Local,4000,5000,4500,02/09/2026
Tamil Nadu,Krishnagiri,Denkanikottai(Uzhavar Sandhai ),Coriander(Leaves),I Sort,Local,3500,4000,3750,02/09/2026
Tamil Nadu,Krishnagiri,Hosur(Uzhavar Sandhai ),Coriander(Leaves),I Sort,Local,3500,4000,3750,02/09/2026
Tamil Nadu,Namakkal,Kumarapalayam(Uzhavar Sandhai ),Coriander(Leaves),I Sort,Local,7500,8500,8000,02/09/2026
Tamil Nadu,Namakkal,Mohanur(Uzhavar Sandhai ),Coriander(Leaves),I Sort,Local,7200,8000,7600,02/09/2026
Tamil Nadu,Namakkal,Paramathivelur(Uzhavar Sandhai ),Coriander(Leaves),I Sort,Local,6000,7000,6500,02/09/2026
Tamil Nadu,Ranipet,Ranipettai(Uzhavar Sandhai ),Coriander(Leaves),I Sort,Local,2000,2000,2000,02/09/2026
Tamil Nadu,Salem,Mettur(Uzhavar Sandhai ),Coriander(Leaves),I Sort,Local,3500,4000,3750,02/09/2026
Tamil Nadu,Theni,Theni(Uzhavar Sandhai ),Coriander(Leaves),I Sort,Local,3000,3000,3000,02/09/2026
Tamil Nadu,Thirunelveli,Ambasamudram(Uzhavar Sandhai ),Coriander(Leaves),I Sort,Local,3300,4000,3650,02/09/2026
Tamil Nadu,Thirunelveli,Melapalayam(Uzhavar Sandhai ),Coriander(Leaves),I Sort,Local,3500,4000,3750,02/09/2026
Tamil Nadu,Thirunelveli,Palayamkottai(Uzhavar Sandhai ),Coriander(Leaves),I Sort,Local,3500,4000,3750,02/09/2026
Tamil Nadu,Thiruvannamalai,Chengam(Uzhavar Sandhai ),Coriander(Leaves),I Sort,Local,4200,5000,4600,02/09/2026
Tamil Nadu,Thiruvannamalai,Vandavasi(Uzhavar Sandhai ),Coriander(Leaves),I Sort,Local,4000,5000,4500,02/09/2026
Tamil Nadu,Coimbatore,Sulur(Uzhavar Sandhai ),Coriander(Leaves),I Sort,Local,3500,4000,3750,02/09/2026
Tamil Nadu,Dharmapuri,AJattihalli(Uzhavar Sandhai ),Coriander(Leaves),I Sort,Local,4500,5000,4750,02/09/2026
Tamil Nadu,Salem,Attayampatti(Uzhavar Sandhai ),Coriander(Leaves),I Sort,Local,2400,3000,2700,02/09/2026
Tamil Nadu,Thanjavur,Thanjavur(Uzhavar Sandhai ),Coriander(Leaves),I Sort,Local,3500,3500,3500,02/09/2026
Tamil Nadu,Thiruchirappalli,KKNagar(Uzhavar Sandhai ),Coriander(Leaves),I Sort,Local,3000,3000,3000,02/09/2026
Tamil Nadu,Chengalpattu,Nanganallur(Uzhavar Sandhai ),Coriander(Leaves),I Sort,Local,2500,3000,2750,02/09/2026
Tamil Nadu,Madurai,Chokkikulam(Uzhavar Sandhai ),Coriander(Leaves),I Sort,Local,4000,4500,4250,02/09/2026
Tamil Nadu,Cuddalore,Viruthachalam(Uzhavar Sandhai ),Coriander(Leaves),I Sort,Local,5000,5000,5000,02/09/2026
Tamil Nadu,Tenkasi,Sankarankoil(Uzhavar Sandhai ),Coriander(Leaves),I Sort,Local,5000,5000,5000,02/09/2026
Tamil Nadu,Thanjavur,Kumbakonam (Uzhavar Sandhai ),Coriander(Leaves),I Sort,Local,4800,4800,4800,02/09/2026
Tamil Nadu,Chengalpattu,Guduvancheri(Uzhavar Sandhai ),Coriander(Leaves),I Sort,Local,5000,6000,5500,02/09/2026
Tamil Nadu,Thirupur,Dharapuram(Uzhavar Sandhai ),Coriander(Leaves),I Sort,Local,4000,4500,4250,02/09/2026
Tamil Nadu,Coimbatore,Vadavalli(Uzhavar Sandhai ),Coriander(Leaves),I Sort,Local,3500,4000,3750,02/09/2026
Tamil Nadu,Coimbatore,Udumalpet APMC,Coriander(Leaves),I Sort,Local,5000,5500,5250,02/09/2026
Tamil Nadu,Erode,Gobichettipalayam(Uzhavar Sandhai ),Coriander(Leaves),I Sort,Local,6000,6500,6250,02/09/2026
Tamil Nadu,Vellore,Pallikonda(Uzhavar Sandhai),Coriander(Leaves),I Sort,Local,3000,3000,3000,02/09/2026
Tamil Nadu,Nagapattinam,Mayiladuthurai(Uzhavar Sandhai ),Coriander(Leaves),I Sort,Local,3600,4000,3800,02/09/2026
Tamil Nadu,Thiruvannamalai,Tiruvannamalai(Uzhavar Sandhai ),Coriander(Leaves),I Sort,Local,4000,5000,4500,02/09/2026
Tamil Nadu,Vellore,Gudiyatham(Uzhavar Sandhai ),Coriander(Leaves),I Sort,Local,5000,5000,5000,02/09/2026
Tamil Nadu,Namakkal,Tiruchengode APMC,Coriander(Leaves),I Sort,Local,7000,8000,7500,02/09/2026
Tamil Nadu,Coimbatore,Kurichi(Uzhavar Sandhai ),Coriander(Leaves),I Sort,Local,3500,4000,3750,02/09/2026
Tamil Nadu,Nagercoil (Kannyiakumari),Vadaseri APMC,Coriander(Leaves),I Sort,Local,4800,5300,5050,02/09/2026
Madhya Pradesh,Indore,Indore(F&V) APMC,Coriander(Leaves),Coriander,Local,400,1000,600,02/09/2026
Madhya Pradesh,Narsinghpur,Gadarwara(F&V) APMC,Coriander(Leaves),Coriander,Grade B,1500,1500,1500,02/09/2026
Madhya Pradesh,Ujjain,Ujjain(F&V) APMC,Coriander(Leaves),Coriander,Medium,750,2460,1776,02/09/2026
Madhya Pradesh,Neemuch,Neemuch APMC,Coriander(Leaves),Coriander,Non-FAQ,3900,11875,11800,02/09/2026
Madhya Pradesh,Shajapur,Agar APMC,Coriander(Leaves),Coriander,FAQ,11951,14800,14800,02/09/2026
Madhya Pradesh,Shivpuri,Badarwas APMC,Coriander(Leaves),Coriander,Non-FAQ,14400,14400,14400,02/09/2026
Madhya Pradesh,Dhar,Manawar(F&V) APMC,Coriander(Leaves),Coriander,Grade B,1600,2000,1667,02/09/2026
Madhya Pradesh,Shajapur,Shujalpur APMC,Coriander(Leaves),Coriander,FAQ,12300,12300,12300,02/09/2026
Madhya Pradesh,Mandsaur,Mandsaur APMC,Coriander(Leaves),Coriander,Non-FAQ,12000,14800,14800,02/09/2026
Madhya Pradesh,Guna,Kumbhraj APMC,Coriander(Leaves),Coriander,FAQ,8200,14825,14700,02/09/2026
Madhya Pradesh,Ashoknagar,Ashoknagar APMC,Coriander(Leaves),Coriander,FAQ,9500,9500,9500,02/09/2026
Madhya Pradesh,Rajgarh,Biaora APMC,Coriander(Leaves),Coriander,FAQ,12750,14800,14800,02/09/2026
Madhya Pradesh,Hoshangabad,Itarsi(F&V) APMC,Coriander(Leaves),Coriander,FAQ,1000,1000,1000,02/09/2026
Madhya Pradesh,Rajgarh,Narsinghgarh APMC,Coriander(Leaves),Coriander,FAQ,3850,13950,13950,02/09/2026
Madhya Pradesh,Rajgarh,Kurawar APMC,Coriander(Leaves),Coriander,FAQ,11005,13100,13100,02/09/2026
Madhya Pradesh,Ratlam,Jaora APMC,Coriander(Leaves),Coriander,FAQ,8500,8500,8500,02/09/2026
Madhya Pradesh,Mandsaur,Shamgarh APMC,Coriander(Leaves),Coriander,Non-FAQ,7701,14690,14051,02/09/2026
Madhya Pradesh,Hoshangabad,Pipariya(F&V) APMC,Coriander(Leaves),Coriander,Local,1050,2000,1500,02/09/2026
Madhya Pradesh,Khandwa,Badwah(F&V) APMC,Coriander(Leaves),Coriander,Grade A,750,1500,1100,02/09/2026
Madhya Pradesh,Neemuch,Neemuch APMC,Coriander(Leaves),Coriander,FAQ,4250,14566,14300,02/09/2026
Madhya Pradesh,Guna,Guna APMC,Coriander(Leaves),Coriander,FAQ,5100,15275,14700,02/09/2026
Madhya Pradesh,Harda,Harda(F&V) APMC,Coriander(Leaves),Other,Medium,1000,1300,1200,02/09/2026
Madhya Pradesh,Shajapur,Nalkehda APMC,Coriander(Leaves),Coriander,FAQ,13320,13320,13320,02/09/2026
Maharashtra,Chandrapur,Chandrapur(Ganjwad) APMC,Coriander(Leaves),Other,Local,1000,2000,1500,02/09/2026
Maharashtra,Jalgaon,Bhusaval APMC,Coriander(Leaves),Other,Local,1000,1500,1200,02/09/2026
Maharashtra,Jalgaon,Jalgaon APMC,Coriander(Leaves),Other,Local,1000,3000,2000,02/09/2026
Maharashtra,Pune,Pune(Pimpri) APMC,Coriander(Leaves),Other,Local,3,7,5,02/09/2026
Maharashtra,Nagpur,Kalmeshwar APMC,Coriander(Leaves),Other,Local,1540,2000,1860,02/09/2026
Maharashtra,Nagpur,Nagpur APMC,Coriander(Leaves),Other,Local,700,3000,2425,02/09/2026
Maharashtra,Nagpur,Kamthi APMC,Coriander(Leaves),Other,Local,5000,6000,5650,02/09/2026
Maharashtra,Mumbai,Mumbai APMC,Coriander(Leaves),Other,Local,500,800,650,02/09/2026
Maharashtra,Pune,Pune(Khadiki) APMC,Coriander(Leaves),Other,Local,2,3,2,02/09/2026
Maharashtra,Chattrapati Sambhajinagar,Chattrapati Sambhajinagar APMC,Coriander(Leaves),Other,Local,400,500,450,02/09/2026
Maharashtra,Amarawati,Amrawati(Frui & Veg. Market) APMC,Coriander(Leaves),Other,Local,1000,2000,1500,02/09/2026
Maharashtra,Solapur,SHRI.SIDDHESHWAR  APMC,Coriander(Leaves),Other,Local,300,600,400,02/09/2026
Maharashtra,Dharashiv,Dharashiv APMC,Coriander(Leaves),Other,Local,200,700,450,02/09/2026
Maharashtra,Pune,Pune(Manjri) APMC,Coriander(Leaves),Other,Local,2,5,3,02/09/2026
Maharashtra,Satara,Patan APMC,Coriander(Leaves),Other,Local,7,9,8,02/09/2026
Maharashtra,Kolhapur,Kolhapur APMC,Coriander(Leaves),Other,Local,1000,3000,2000,02/09/2026
Uttar Pradesh,Lakhimpur,Lakhimpur APMC,Coriander(Leaves),Other,FAQ,11200,11200,11200,02/09/2026
Uttar Pradesh,Gorakhpur,Gorakhpur APMC,Coriander(Leaves),Other,FAQ,10200,14000,13541.18,02/09/2026
Uttar Pradesh,Lucknow,Lucknow APMC,Coriander(Leaves),Other,FAQ,5000,5000,5000,02/09/2026
Uttar Pradesh,Ghaziabad,Noida APMC,Coriander(Leaves),Other,FAQ,27750.03,27750.03,27750.03,02/09/2026
Uttar Pradesh,Ghaziabad,Ghaziabad APMC,Coriander(Leaves),Other,FAQ,10200,14500,10277.79,02/09/2026
Rajasthan,Dungarpur,Dungarpur APMC,Coriander(Leaves),Coriander,Medium,1900,2200,2000,02/09/2026
Rajasthan,Jalore,Jalore APMC,Coriander(Leaves),Coriander,Local,2800,3000,2900,02/09/2026
Rajasthan,Ganganagar,Sriganganagar (F&V) APMC,Coriander(Leaves),Coriander,Grade A,7000,7400,7200,02/09/2026
Rajasthan,Jaipur,Jaipur (F&V) APMC,Coriander(Leaves),Coriander,FAQ,1800,3000,2400,02/09/2026
Gujarat,Vadodara(Baroda),Padra APMC,Coriander(Leaves),Other,FAQ,2000,3000,2500,02/09/2026
Gujarat,Rajkot,Rajkot(Veg.Sub Yard) APMC,Coriander(Leaves),Coriander,FAQ,715,945,830,02/09/2026
Gujarat,Kheda,Nadiyad(Piplag) APMC,Coriander(Leaves),Coriander,FAQ,1800,2000,1900,02/09/2026
Gujarat,Porbandar,Porbandar APMC,Coriander(Leaves),Coriander,Local,3000,4000,3500,02/09/2026
Gujarat,Dahod,Dahod(Veg. Market) APMC,Coriander(Leaves),Coriander,Local,500,2000,1200,02/09/2026
Gujarat,Bharuch,Ankleshwar APMC,Coriander(Leaves),Coriander,Grade A,1000,2000,1200,02/09/2026
Gujarat,Navsari,Navsari APMC,Coriander(Leaves),Coriander,Local,1000,2500,1750,02/09/2026
Gujarat,Banaskanth,Deesa(Deesa Veg Yard) APMC,Coriander(Leaves),Other,FAQ,2000,3000,2500,02/09/2026
Gujarat,Amreli,Damnagar APMC,Coriander(Leaves),Coriander,Local,4000,4000,4000,02/09/2026
Gujarat,Kheda,Nadiyad(Chaklasi) APMC,Coriander(Leaves),Coriander,FAQ,1950,2100,2000,02/09/2026
Haryana,Panchkula,Raipur Rani APMC,Coriander(Leaves),Coriander,Local,3400,3600,3400,02/09/2026
Haryana,Kurukshetra,Thanesar APMC,Coriander(Leaves),Coriander,Local,4000,5000,4500,02/09/2026
Haryana,Sonipat,Ganaur APMC,Coriander(Leaves),Coriander,Medium,5000,6000,5500,02/09/2026
Haryana,Mahendragarh-Narnaul,Narnaul APMC,Coriander(Leaves),Coriander,Medium,8000,10000,10000,02/09/2026
Punjab,Sangrur,Malerkotla APMC,Coriander(Leaves),Coriander,Local,5000,8000,7000,02/09/2026
Punjab,Ludhiana,Ludhiana APMC,Coriander(Leaves),Other,FAQ,2000,3000,2500,02/09/2026
Punjab,Patiala,Patiala APMC,Coriander(Leaves),Other,Grade B,2600,4600,3600,02/09/2026
Punjab,Nawanshahr,Balachaur APMC,Coriander(Leaves),Coriander,Medium,3500,5000,4200,02/09/2026
Punjab,Jalandhar,Jalandhar City(Jalandhar) APMC,Coriander(Leaves),Coriander,FAQ,2000,4000,3000,02/09/2026
Punjab,Fatehgarh,Sirhind APMC,Coriander(Leaves),Other,FAQ,8000,12000,10000,02/09/2026
Punjab,Ludhiana,Doraha APMC,Coriander(Leaves),Coriander,Local,4000,7000,6000,02/09/2026
Himachal Pradesh,Shimla,SMY Rampur,Coriander(Leaves),Coriander,Local,12000,15000,14000,02/09/2026
Himachal Pradesh,Kullu,PMY Kullu,Coriander(Leaves),Other,FAQ,8000,9000,8500,02/09/2026
Himachal Pradesh,Mandi,SMY Chail Chowk,Coriander(Leaves),Other,Local,4000,5000,4500,02/09/2026
Himachal Pradesh,Kullu,SMY Bhuntar,Coriander(Leaves),Other,FAQ,5000,6000,5500,02/09/2026
Himachal Pradesh,Mandi,SMY Dhanotu,Coriander(Leaves),Coriander,FAQ,8000,10000,9000,02/09/2026
Himachal Pradesh,Una,PMY Una,Coriander(Leaves),Coriander,Local,10000,13000,11500,02/09/2026
Himachal Pradesh,Kangra,SMY Palampur,Coriander(Leaves),Coriander,FAQ,9000,15000,11000,02/09/2026
Himachal Pradesh,Solan,PMY Kather Solan,Coriander(Leaves),Other,Medium,2500,6500,4500,02/09/2026
Himachal Pradesh,Kangra,PMY Kangra,Coriander(Leaves),Coriander,FAQ,14000,15000,14500,02/09/2026
Tamil Nadu,Madurai,Anaiyur(Uzhavar Sandhai ),Soyabean,Local,Local,10000,11000,10500,02/09/2026
Tamil Nadu,Madurai,Palanganatham(Uzhavar Sandhai ),Soyabean,Local,Local,10000,11000,10500,02/09/2026
Tamil Nadu,Theni,Theni(Uzhavar Sandhai ),Soyabean,Local,Local,10000,10000,10000,02/09/2026
Tamil Nadu,Ramanathapuram,Paramakudi(Uzhavar Sandhai ),Soyabean,Local,Local,9000,10000,9500,02/09/2026
Tamil Nadu,Dindigul,Dindigul(Uzhavar Sandhai ),Soyabean,Local,Local,9000,11000,10000,02/09/2026
Tamil Nadu,Madurai,Chokkikulam(Uzhavar Sandhai ),Soyabean,Local,Local,10000,11000,10500,02/09/2026
Tamil Nadu,Theni,Andipatti(Uzhavar Sandhai ),Soyabean,Local,Local,10000,10000,10000,02/09/2026
Tamil Nadu,Ramanathapuram,Ramanathapuram(Uzhavar Sandhai ),Soyabean,Local,Local,9000,9500,9250,02/09/2026
Madhya Pradesh,Rajgarh,Sarangpur APMC,Soyabean,Yellow,Non-FAQ,4500,5850,5850,02/09/2026
Madhya Pradesh,Ujjain,Unhel APMC,Soyabean,Soyabeen,FAQ,4495,5850,5850,02/09/2026
Madhya Pradesh,Ratlam,Sailana APMC,Soyabean,Soyabeen,FAQ,3390,5925,5899,02/09/2026
Madhya Pradesh,Sagar,Bina APMC,Soyabean,Soyabeen,FAQ,5101,5600,5600,02/09/2026
Madhya Pradesh,Raisen,Begamganj APMC,Soyabean,Soyabeen,Non-FAQ,5550,5750,5750,02/09/2026
Madhya Pradesh,Harda,Timarni APMC,Soyabean,Soyabeen,FAQ,5451,5701,5600,02/09/2026
Madhya Pradesh,Harda,Khirakiya APMC,Soyabean,Yellow,Non-FAQ,2201,5931,5931,02/09/2026
Madhya Pradesh,Alirajpur,Jobat APMC,Soyabean,Soyabeen,FAQ,5201,5400,5400,02/09/2026
Madhya Pradesh,Ratlam,Taal APMC,Soyabean,Yellow,FAQ,5101,5867,5607,02/09/2026
Madhya Pradesh,Shivpuri,Barad APMC,Soyabean,Soyabeen,FAQ,5453,5700,5500,02/09/2026
Madhya Pradesh,Ashoknagar,Ashoknagar APMC,Soyabean,Soyabeen,FAQ,4410,5900,5900,02/09/2026
Madhya Pradesh,Neemuch,Manasa APMC,Soyabean,Soyabeen,FAQ,700,6006,5770,02/09/2026
Madhya Pradesh,Harda,Harda APMC,Soyabean,Yellow,FAQ,2701,5882,5661,02/09/2026
Madhya Pradesh,Shajapur,Agar APMC,Soyabean,Soyabeen,FAQ,2300,5941,5700,02/09/2026
Madhya Pradesh,Sagar,Khurai APMC,Soyabean,Soyabeen,FAQ,5512,5685,5685,02/09/2026
Madhya Pradesh,Ujjain,Ujjain APMC,Soyabean,Soyabeen,FAQ,1900,6730,5700,02/09/2026
Madhya Pradesh,Neemuch,Neemuch APMC,Soyabean,Soyabeen,Non-FAQ,2650,2650,2650,02/09/2026
Madhya Pradesh,Sehore,Ashta APMC,Soyabean,Soyabeen,FAQ,3661,6020,5986,02/09/2026
Madhya Pradesh,Dhar,Dhar APMC,Soyabean,Soyabeen,FAQ,2206,5968,5400,02/09/2026
Madhya Pradesh,Indore,Mhow APMC,Soyabean,Soyabeen,FAQ,2300,5851,5731,02/09/2026
Madhya Pradesh,Shajapur,Nalkehda APMC,Soyabean,Soyabeen,FAQ,3401,5899,5899,02/09/2026
Madhya Pradesh,Sagar,Garhakota APMC,Soyabean,Soyabeen,FAQ,5330,5640,5640,02/09/2026
Madhya Pradesh,Sehore,Ichhawar APMC,Soyabean,Soyabeen,FAQ,5200,5950,5950,02/09/2026
Madhya Pradesh,Shajapur,Akodiya APMC,Soyabean,Soyabeen,FAQ,4800,5600,5600,02/09/2026
Madhya Pradesh,Indore,Sanwer APMC,Soyabean,Soyabeen,FAQ,5452,6750,5875,02/09/2026
Madhya Pradesh,Khargone,Bhikangaon APMC,Soyabean,Soyabeen,FAQ,5525,5805,5805,02/09/2026
Madhya Pradesh,Tikamgarh,Khargapur APMC,Soyabean,Soyabeen,FAQ,5498,5600,5600,02/09/2026
Madhya Pradesh,Rajgarh,Narsinghgarh APMC,Soyabean,Soyabeen,FAQ,3300,6090,5850,02/09/2026
Madhya Pradesh,Khandwa,Harsood APMC,Soyabean,Yellow,FAQ,3000,5701,5701,02/09/2026
Madhya Pradesh,Ujjain,Badnagar APMC,Soyabean,Yellow,FAQ,1400,5875,5795,02/09/2026
Madhya Pradesh,Dindori,Gorakhpur APMC,Soyabean,Yellow,Non-FAQ,5300,5300,5300,02/09/2026
Madhya Pradesh,Narsinghpur,Gadarwada APMC,Soyabean,Soyabeen,FAQ,5311,5600,5600,02/09/2026
Madhya Pradesh,Narsinghpur,Kareli APMC,Soyabean,Soyabeen,FAQ,5000,5450,5450,02/09/2026
Madhya Pradesh,Rajgarh,Kurawar APMC,Soyabean,Soyabeen,FAQ,3155,6120,5940,02/09/2026
Madhya Pradesh,Mandsaur,Shamgarh APMC,Soyabean,Soyabeen,FAQ,3451,5401,5401,02/09/2026
Madhya Pradesh,Ratlam,Ratlam APMC,Soyabean,Soyabeen,FAQ,3300,6090,5825,02/09/2026
Madhya Pradesh,Sagar,Shahagarh APMC,Soyabean,Soyabeen,Non-FAQ,5100,5150,5100,02/09/2026
Madhya Pradesh,Narsinghpur,Narsinghpur APMC,Soyabean,Yellow,FAQ,4950,4950,4950,02/09/2026
Madhya Pradesh,Vidisha,Sironj APMC,Soyabean,Soyabeen,FAQ,5170,5800,5800,02/09/2026
Madhya Pradesh,Rajgarh,Khujner APMC,Soyabean,Soyabeen,FAQ,1000,5790,5770,02/09/2026
Madhya Pradesh,Harda,Khirakiya APMC,Soyabean,Soyabeen,Non-FAQ,4000,5739,5739,02/09/2026
Madhya Pradesh,Jhabua,Petlawad APMC,Soyabean,Soyabeen,FAQ,5500,5600,5600,02/09/2026
Madhya Pradesh,Ratlam,Taal APMC,Soyabean,Soyabeen,FAQ,4600,5859,5859,02/09/2026
Madhya Pradesh,Indore,Indore APMC,Soyabean,Soyabeen,FAQ,1500,6135,4700,02/09/2026
Madhya Pradesh,Vidisha,Vidisha APMC,Soyabean,Soyabeen,FAQ,4800,5945,5945,02/09/2026
Madhya Pradesh,Sehore,Sehore APMC,Soyabean,Yellow,FAQ,4000,6070,5990,02/09/2026
Madhya Pradesh,Hoshangabad,Itarsi APMC,Soyabean,Soyabeen,FAQ,5200,5501,5501,02/09/2026
Madhya Pradesh,Bhopal,Berasia APMC,Soyabean,Soyabeen,FAQ,3005,5960,5900,02/09/2026
Madhya Pradesh,Bhopal,Berasia APMC,Soyabean,Yellow,Non-FAQ,3005,4300,4300,02/09/2026
Madhya Pradesh,Ujjain,Tarana APMC,Soyabean,Soyabeen,FAQ,3027,6002,5900,02/09/2026
Madhya Pradesh,Dewas,Sonkatch APMC,Soyabean,Soyabeen,FAQ,3500,6130,6130,02/09/2026
Madhya Pradesh,Damoh,Patharia APMC,Soyabean,Soyabeen,FAQ,4375,5760,5760,02/09/2026
Madhya Pradesh,Mandsaur,Daloda APMC,Soyabean,Soyabeen,FAQ,1400,6010,5800,02/09/2026
Madhya Pradesh,Dewas,Loharda APMC,Soyabean,Soyabeen,FAQ,4710,5601,5601,02/09/2026
Madhya Pradesh,Dewas,Haatpipliya APMC,Soyabean,Soyabeen,Non-FAQ,3750,6000,5921,02/09/2026
Madhya Pradesh,Mandsaur,Sitmau APMC,Soyabean,Yellow,FAQ,2190,5799,5721,02/09/2026
Madhya Pradesh,Rajgarh,Khilchipur APMC,Soyabean,Soyabeen,FAQ,5005,5775,5775,02/09/2026
Madhya Pradesh,Dhar,Badnawar APMC,Soyabean,Soyabeen,FAQ,5791,5849,5849,02/09/2026
Madhya Pradesh,Dhar,Badnawar APMC,Soyabean,Yellow,FAQ,2550,5865,5800,02/09/2026
Madhya Pradesh,Dhar,Rajgarh APMC,Soyabean,Yellow,FAQ,3101,5820,5800,02/09/2026
Madhya Pradesh,Khargone,Badwaha APMC,Soyabean,Soyabeen,FAQ,5755,5755,5755,02/09/2026
Madhya Pradesh,Shajapur,Kalapipal APMC,Soyabean,Yellow,FAQ,3001,6041,5600,02/09/2026
Madhya Pradesh,Shivpuri,Kolaras APMC,Soyabean,Soyabeen,Non-FAQ,5600,5600,5600,02/09/2026
Madhya Pradesh,Bhopal,Bhopal APMC,Soyabean,Soyabeen,FAQ,4872,5783,5783,02/09/2026
Madhya Pradesh,Dewas,Dewas APMC,Soyabean,Soyabeen,FAQ,1700,6025,5800,02/09/2026
Madhya Pradesh,Khargone,Khargone APMC,Soyabean,Soyabeen,FAQ,5590,5911,5911,02/09/2026
Madhya Pradesh,Khandwa,Khandwa APMC,Soyabean,Yellow,FAQ,4008,6026,6026,02/09/2026
Madhya Pradesh,Hoshangabad,Banapura APMC,Soyabean,Yellow,FAQ,4600,5800,5800,02/09/2026
Madhya Pradesh,Ujjain,Nagda APMC,Soyabean,Soyabeen,FAQ,4100,5790,5790,02/09/2026
Madhya Pradesh,Bhopal,Berasia APMC,Soyabean,Yellow,FAQ,3250,5975,5905,02/09/2026
Madhya Pradesh,Dhar,Kukshi APMC,Soyabean,Soyabeen,FAQ,4000,5510,5510,02/09/2026
Madhya Pradesh,Dewas,Khategaon APMC,Soyabean,Soyabeen,FAQ,2400,5600,5600,02/09/2026
Madhya Pradesh,Sehore,Nasrullaganj APMC,Soyabean,Soyabeen,Non-FAQ,5150,5150,5150,02/09/2026
Madhya Pradesh,Sehore,Jawar APMC,Soyabean,Soyabeen,FAQ,5300,5760,5760,02/09/2026
Madhya Pradesh,Ujjain,Khachrod APMC,Soyabean,Soyabeen,FAQ,1051,5901,5599,02/09/2026
Madhya Pradesh,Dewas,Kannod APMC,Soyabean,Soyabeen,FAQ,5300,5725,5725,02/09/2026
Madhya Pradesh,Mandsaur,Piplya APMC,Soyabean,Soyabeen,Non-FAQ,2380,2851,2851,02/09/2026
Madhya Pradesh,Mandsaur,Piplya APMC,Soyabean,Soyabeen,FAQ,1100,5950,5851,02/09/2026
Madhya Pradesh,Mandsaur,Shamgarh APMC,Soyabean,Soyabeen,Non-FAQ,2301,5700,5600,02/09/2026
Madhya Pradesh,Ratlam,Jaora APMC,Soyabean,Soyabeen,FAQ,1800,6250,5600,02/09/2026
Madhya Pradesh,Shivpuri,Pohari APMC,Soyabean,Soyabeen,FAQ,5540,5540,5540,02/09/2026
Madhya Pradesh,Chhindwara,Chhindwara APMC,Soyabean,Soyabeen,FAQ,5250,5952,5952,02/09/2026
Madhya Pradesh,Alirajpur,Alirajpur APMC,Soyabean,Soyabeen,FAQ,5200,5250,5200,02/09/2026
Madhya Pradesh,Alirajpur,Jobat APMC,Soyabean,Soyabeen,Non-FAQ,4850,5210,5210,02/09/2026
Madhya Pradesh,Shajapur,Shujalpur APMC,Soyabean,Soyabeen,FAQ,3620,5831,5826,02/09/2026
Madhya Pradesh,Shajapur,Shajapur APMC,Soyabean,Soyabeen,FAQ,2001,5975,5850,02/09/2026
Madhya Pradesh,Shajapur,Badod APMC,Soyabean,Soyabeen,Non-FAQ,5575,5898,5898,02/09/2026
Madhya Pradesh,Guna,Maksudangarh APMC,Soyabean,Soyabeen,FAQ,5300,5300,5300,02/09/2026
Madhya Pradesh,Shivpuri,Kolaras APMC,Soyabean,Soyabeen,FAQ,3000,5835,5835,02/09/2026
Madhya Pradesh,Damoh,Damoh APMC,Soyabean,Soyabeen,FAQ,4310,5850,5300,02/09/2026
Madhya Pradesh,Neemuch,Neemuch APMC,Soyabean,Soyabeen,FAQ,1300,5900,5750,02/09/2026
Madhya Pradesh,Vidisha,Ganjbasoda APMC,Soyabean,Soyabeen,FAQ,4550,6105,5890,02/09/2026
Madhya Pradesh,Betul,Betul APMC,Soyabean,Soyabeen,FAQ,4200,5645,5600,02/09/2026
Madhya Pradesh,Mandsaur,Mandsaur APMC,Soyabean,Soyabeen,Non-FAQ,1001,6051,5800,02/09/2026
Madhya Pradesh,Dhar,Dhamnod APMC,Soyabean,Soyabeen,FAQ,3500,5750,5750,02/09/2026
Madhya Pradesh,Ujjain,Mahidpur APMC,Soyabean,Soyabeen,FAQ,3565,5855,5835,02/09/2026
Madhya Pradesh,Ujjain,Mahidpur APMC,Soyabean,Soyabeen,Non-FAQ,2555,5300,5300,02/09/2026
Madhya Pradesh,Ratlam,A lot APMC,Soyabean,Soyabeen,FAQ,5302,5703,5703,02/09/2026
Madhya Pradesh,Rajgarh,Biaora APMC,Soyabean,Soyabeen,FAQ,4000,5880,5600,02/09/2026
Maharashtra,Buldhana,Malkapur APMC,Soyabean,Yellow,FAQ,5790,5911,5800,02/09/2026
Maharashtra,Latur,Ahmedpur APMC,Soyabean,Yellow,FAQ,5328,6051,5689,02/09/2026
Maharashtra,Nashik,Sinner APMC,Soyabean,Other,Local,5000,5905,5800,02/09/2026
Maharashtra,Washim,Washim APMC,Soyabean,Yellow,FAQ,5500,6050,5850,02/09/2026
Maharashtra,Beed,Gevrai APMC,Soyabean,Yellow,FAQ,5400,5800,5600,02/09/2026
Maharashtra,Latur,Udgir APMC,Soyabean,Other,FAQ,6020,6114,6067,02/09/2026
Maharashtra,Nashik,Lasalgaon(Vinchur) APMC,Soyabean,Other,Local,6000,6050,6000,02/09/2026
Maharashtra,Parbhani,Parbhani APMC,Soyabean,Yellow,FAQ,5900,6100,6000,02/09/2026
Maharashtra,Jalna,Jalana APMC,Soyabean,Yellow,FAQ,5700,5900,5800,02/09/2026
Maharashtra,Ahilyanagar,Kopargaon APMC,Soyabean,Other,Local,4500,5951,5900,02/09/2026
Maharashtra,Wardha,APMC SINDI BRANCH SELOO,Soyabean,Yellow,FAQ,6650,6650,6650,02/09/2026
Maharashtra,Buldhana,"Bsk Krishi Bazar Private Limited, Mehkar, Dist Buldhana",Soyabean,Other,Local,5700,6100,5950,02/09/2026
Maharashtra,Yavatmal,"Shekari Krushi Khajgi Bazar, Arni, Dist Yavatmal",Soyabean,Yellow,Local,5700,5700,5700,02/09/2026
Maharashtra,Washim,Karanja APMC,Soyabean,Other,Local,5850,6125,6000,02/09/2026
Maharashtra,Wardha,Hinganghat APMC,Soyabean,Yellow,Non-FAQ,4000,5300,4600,02/09/2026
Maharashtra,Akola,Akola APMC,Soyabean,Yellow,FAQ,6040,6205,6150,02/09/2026
Maharashtra,Akola,Murtizapur APMC,Soyabean,Yellow,FAQ,5700,6025,5865,02/09/2026
Maharashtra,Washim,Risod APMC,Soyabean,Other,Local,5500,6100,5800,02/09/2026
Maharashtra,Buldhana,Khamgaon APMC,Soyabean,Yellow,FAQ,5350,6333,5825,02/09/2026
Maharashtra,Hingoli,Hingoli APMC,Soyabean,Other,Local,5610,5905,5757,02/09/2026
Maharashtra,Latur,Aurad Shahajani APMC,Soyabean,Yellow,FAQ,5800,6021,5910,02/09/2026
Maharashtra,Dharashiv,Tuljapur APMC,Soyabean,Other,Local,5500,6000,5900,02/09/2026
Maharashtra,Sangli,Sangli APMC,Soyabean,Other,Local,6500,7200,6850,02/09/2026
Maharashtra,Beed,Kaij APMC,Soyabean,Yellow,FAQ,5810,6000,5900,02/09/2026
Maharashtra,Parbhani,"Shree Salasar Krushi Bazar, Dist Parbhani",Soyabean,Other,Local,4000,6025,6000,02/09/2026
Maharashtra,Hingoli,Sengoan APMC,Soyabean,Yellow,FAQ,6500,6800,6700,02/09/2026
Maharashtra,Amarawati,Chandur Railway APMC,Soyabean,Yellow,FAQ,5900,6000,6000,02/09/2026
Maharashtra,Hingoli,Hingoli(Kanegoan Naka) APMC,Soyabean,Yellow,FAQ,5750,5900,5825,02/09/2026
Maharashtra,Latur,APMC Latur,Soyabean,Yellow,FAQ,5970,6293,6171,02/09/2026
Maharashtra,Parbhani,Palam APMC,Soyabean,Yellow,FAQ,6100,6100,6100,02/09/2026
Maharashtra,Yavatmal,Yavatmal APMC,Soyabean,Yellow,FAQ,5800,5800,5800,02/09/2026
Maharashtra,Buldhana,Lonar APMC,Soyabean,Yellow,FAQ,5700,5900,5800,02/09/2026
Maharashtra,Amarawati,Amarawati APMC,Soyabean,Other,Local,5800,6050,5925,02/09/2026
Maharashtra,Beed,Majalgaon APMC,Soyabean,Other,Local,4800,6000,5900,02/09/2026
Maharashtra,Amarawati,Achalpur APMC,Soyabean,Other,Local,5800,6050,5925,02/09/2026
Maharashtra,Nashik,Lasalgaon(Niphad) APMC,Soyabean,Other,Local,5950,6091,6030,02/09/2026
Maharashtra,Dharashiv,Murum APMC,Soyabean,Yellow,FAQ,5501,5501,5501,02/09/2026
Maharashtra,Solapur,Barshi APMC,Soyabean,Other,Local,6150,6150,6150,02/09/2026
Maharashtra,Washim,Mangrulpeer APMC,Soyabean,Yellow,FAQ,5500,5945,5650,02/09/2026
Maharashtra,Wardha,Hinganghat APMC,Soyabean,Yellow,FAQ,5330,6045,5650,02/09/2026
Maharashtra,Nagpur,Agriculture Produce Market Committee Katol,Soyabean,Yellow,FAQ,5500,5500,5500,02/09/2026
Maharashtra,Beed,Gevrai APMC,Soyabean,Yellow,Non-FAQ,5000,5000,5000,02/09/2026
Maharashtra,Nashik,Lasalgaon APMC,Soyabean,Other,Local,3300,6252,6199,02/09/2026
Maharashtra,Nanded,Naigaon APMC,Soyabean,Yellow,FAQ,6180,6180,6180,02/09/2026
Maharashtra,Buldhana,Mehekar APMC,Soyabean,Other,Local,5500,6000,5800,02/09/2026
Maharashtra,Buldhana,Deoulgaon Raja APMC,Soyabean,Yellow,FAQ,5500,5800,5500,02/09/2026
Maharashtra,Buldhana,"Maharaja Agresen Pvt Krushi Utappan Bazar Samati, Dist Buldhana",Soyabean,Other,Local,6900,7200,6919,02/09/2026
Rajasthan,Baran,Kawai Salpura - Atru APMC,Soyabean,Other,Local,5520,5800,5660,02/09/2026
Rajasthan,Chittorgarh,Nimbahera APMC,Soyabean,Soyabeen,FAQ,4800,5900,5350,02/09/2026
Rajasthan,Kota,Itawa APMC,Soyabean,Soyabeen,Local,5300,6070,5685,02/09/2026
Rajasthan,Bundi,Dei APMC,Soyabean,Other,Local,4976,5601,5500,02/09/2026
Rajasthan,Jhalawar,Choumahla APMC,Soyabean,Other,Non-FAQ,5400,5900,5650,02/09/2026
Rajasthan,Jhalawar,Khanpur APMC,Soyabean,Soyabeen,FAQ,5200,6050,5801,02/09/2026
Rajasthan,Baran,Atru APMC,Soyabean,Other,Local,5211,5746,5479,02/09/2026
Rajasthan,Jhalawar,Bhawani Mandi APMC,Soyabean,Soyabeen,Local,5050,5800,5425,02/09/2026
Rajasthan,Pratapgarh,Pratapgarh APMC,Soyabean,Other,FAQ,4050,5860,5350,02/09/2026
Rajasthan,Baran,Baran APMC,Soyabean,Other,Local,5000,6016,5950,02/09/2026
Rajasthan,Jhalawar,Iklera APMC,Soyabean,Soyabeen,Local,5000,5850,5425,02/09/2026
Rajasthan,Pratapgarh,Chhotisadri APMC,Soyabean,Soyabeen,Local,4700,5900,5500,02/09/2026
Karnataka,Dharwad,APMC Hubballi,Soyabean,Soyabeen,Local,4655,5840,5544,02/09/2026
Karnataka,Bidar,Basava Kalayana APMC,Soyabean,Soyabeen,FAQ,5950,6000,5950,02/09/2026
Karnataka,Kalaburagi,Kalaburagi APMC,Soyabean,Soyabeen,Non-FAQ,5600,6200,5850,02/09/2026
Karnataka,Bidar,Bidar APMC,Soyabean,Yellow,Non-FAQ,5321,5928,5857,02/09/2026
Karnataka,Bidar,Bhalki APMC,Soyabean,Soyabeen,Non-FAQ,5000,5901,5663,02/09/2026
Gujarat,Dahod,Dahod APMC,Soyabean,Soyabeen,Local,5800,6000,5950,02/09/2026
Madhya Pradesh,Ratlam,Jaora APMC,Mustard,Mustard,FAQ,7275,7570,7451,02/09/2026
Madhya Pradesh,Ratlam,Sailana APMC,Mustard,Mustard,FAQ,6601,6601,6601,02/09/2026
Madhya Pradesh,Sheopur,Sheopurbadod APMC,Mustard,Mustard,FAQ,7676,7799,7799,02/09/2026
Madhya Pradesh,Bhind,Lahar APMC,Mustard,Mustard,FAQ,7500,7580,7570,02/09/2026
Madhya Pradesh,Sheopur,Sheopurkalan APMC,Mustard,Mustard,FAQ,7785,7800,7785,02/09/2026
Madhya Pradesh,Sheopur,Vijaypur APMC,Mustard,Mustard,FAQ,7690,7800,7700,02/09/2026
Madhya Pradesh,Rajgarh,Khilchipur APMC,Mustard,Mustard,FAQ,6905,6905,6905,02/09/2026
Madhya Pradesh,Guna,Guna APMC,Mustard,Mustard,FAQ,6305,7350,7300,02/09/2026
Madhya Pradesh,Guna,Binaganj APMC,Mustard,Mustard,FAQ,7040,7090,7090,02/09/2026
Madhya Pradesh,Panna,Panna APMC,Mustard,Mustard,FAQ,7800,7800,7800,02/09/2026
Madhya Pradesh,Sehore,Sehore APMC,Mustard,Mustard,FAQ,7100,7100,7100,02/09/2026
Madhya Pradesh,Chhatarpur,Chhatarpur APMC,Mustard,Mustard,FAQ,7475,7475,7475,02/09/2026
Madhya Pradesh,Shajapur,Agar APMC,Mustard,Mustard,FAQ,4150,7378,7378,02/09/2026
Madhya Pradesh,Bhind,Bhind APMC,Mustard,Mustard,FAQ,7500,7650,7600,02/09/2026
Madhya Pradesh,Sagar,Bina APMC,Mustard,Mustard,FAQ,5000,7276,7276,02/09/2026
Madhya Pradesh,Jabalpur,Jabalpur APMC,Mustard,Mustard,FAQ,6975,7400,7205,02/09/2026
Madhya Pradesh,Rajgarh,Khujner APMC,Mustard,Mustard,FAQ,6950,7080,7080,02/09/2026
Madhya Pradesh,Indore,Sanwer APMC,Mustard,Mustard,Non-FAQ,6280,6280,6280,02/09/2026
Madhya Pradesh,Guna,Aron APMC,Mustard,Mustard,FAQ,6050,6750,6600,02/09/2026
Madhya Pradesh,Damoh,Damoh APMC,Mustard,Mustard,FAQ,5600,7395,7300,02/09/2026
Madhya Pradesh,Shivpuri,Barad APMC,Mustard,Mustard,FAQ,7376,8100,8050,02/09/2026
Madhya Pradesh,Ashoknagar,Ashoknagar APMC,Mustard,Mustard,FAQ,6850,7965,6850,02/09/2026
Madhya Pradesh,Indore,Indore APMC,Mustard,Mustard,FAQ,7805,7805,7805,02/09/2026
Madhya Pradesh,Dewas,Dewas APMC,Mustard,Mustard,FAQ,6201,7101,7101,02/09/2026
Madhya Pradesh,Vidisha,Ganjbasoda APMC,Mustard,Sarson(Black),FAQ,7150,7150,7150,02/09/2026
Madhya Pradesh,Katni,Katni APMC,Mustard,Mustard,Non-FAQ,6400,7522,7100,02/09/2026
Madhya Pradesh,Sagar,Khurai APMC,Mustard,Mustard,FAQ,7025,7400,7400,02/09/2026
Madhya Pradesh,Mandsaur,Daloda APMC,Mustard,Mustard,FAQ,7185,7568,7185,02/09/2026
Madhya Pradesh,Rajgarh,Kurawar APMC,Mustard,Mustard,FAQ,6556,7270,7270,02/09/2026
Madhya Pradesh,Morena,Porsa APMC,Mustard,Mustard,FAQ,7495,7620,7550,02/09/2026
Madhya Pradesh,Bhind,Mow APMC,Mustard,Mustard,Non-FAQ,7500,7755,7755,02/09/2026
Madhya Pradesh,Ujjain,Ujjain APMC,Mustard,Mustard,FAQ,5575,5575,5575,02/09/2026
Madhya Pradesh,Neemuch,Neemuch APMC,Mustard,Mustard,FAQ,6465,8032,7300,02/09/2026
Madhya Pradesh,Sehore,Sehore APMC,Mustard,Sarson(Black),FAQ,7601,7601,7601,02/09/2026
Madhya Pradesh,Mandsaur,Mandsaur APMC,Mustard,Mustard,Non-FAQ,6954,7675,7526,02/09/2026
Madhya Pradesh,Sagar,Garhakota APMC,Mustard,Mustard,FAQ,6305,6305,6305,02/09/2026
Madhya Pradesh,Harda,Harda APMC,Mustard,Mustard,FAQ,3900,7101,7101,02/09/2026
Madhya Pradesh,Shajapur,Akodiya APMC,Mustard,Mustard,FAQ,7000,7000,7000,02/09/2026
Madhya Pradesh,Rajgarh,Narsinghgarh APMC,Mustard,Mustard,FAQ,6425,7210,7060,02/09/2026
Madhya Pradesh,Dewas,Kannod APMC,Mustard,Mustard,FAQ,6550,6550,6550,02/09/2026
Madhya Pradesh,Mandsaur,Shamgarh APMC,Mustard,Mustard,Non-FAQ,3200,7481,7300,02/09/2026
Madhya Pradesh,Shivpuri,Shivpuri APMC,Mustard,Mustard,FAQ,7755,7845,7845,02/09/2026
Madhya Pradesh,Chhatarpur,LavKush Nagar(Laundi) APMC,Mustard,Mustard,FAQ,7250,7250,7250,02/09/2026
Madhya Pradesh,Panna,Ajaygarh APMC,Mustard,Mustard,FAQ,7300,7300,7300,02/09/2026
Madhya Pradesh,Tikamgarh,Tikamgarh APMC,Mustard,Mustard,FAQ,7000,7000,7000,02/09/2026
Madhya Pradesh,Chhatarpur,Rajnagar APMC,Mustard,Mustard,FAQ,6900,7210,6950,02/09/2026
Madhya Pradesh,Chhatarpur,Bijawar APMC,Mustard,Sarson(Black),Non-FAQ,7120,7400,7400,02/09/2026
Madhya Pradesh,Shajapur,Kalapipal APMC,Mustard,Mustard,FAQ,7351,7560,7560,02/09/2026
Madhya Pradesh,Guna,Maksudangarh APMC,Mustard,Mustard,FAQ,6875,7005,7005,02/09/2026
Madhya Pradesh,Shivpuri,Kolaras APMC,Mustard,Mustard,FAQ,7275,7815,7635,02/09/2026
Madhya Pradesh,Sehore,Ashta APMC,Mustard,Mustard,FAQ,6261,6261,6261,02/09/2026
Madhya Pradesh,Khandwa,Khandwa APMC,Mustard,Mustard,FAQ,7806,7806,7806,02/09/2026
Madhya Pradesh,Morena,Kailaras APMC,Mustard,Mustard,FAQ,7531,7850,7725,02/09/2026
Madhya Pradesh,Chhatarpur,Chhatarpur APMC,Mustard,Mustard,Non-FAQ,7200,7500,7345,02/09/2026
Madhya Pradesh,Dewas,Khategaon APMC,Mustard,Mustard,FAQ,6991,7150,7150,02/09/2026
Madhya Pradesh,Damoh,Patharia APMC,Mustard,Mustard,FAQ,7045,7085,7085,02/09/2026
Madhya Pradesh,Satna,Satna APMC,Mustard,Mustard,FAQ,7300,7465,7465,02/09/2026
Madhya Pradesh,Vidisha,Ganjbasoda APMC,Mustard,Mustard,FAQ,6760,7550,7550,02/09/2026
Madhya Pradesh,Betul,Betul APMC,Mustard,Mustard,FAQ,6001,7900,7900,02/09/2026
Madhya Pradesh,Morena,Morena APMC,Mustard,Mustard,Non-FAQ,7540,7865,7685,02/09/2026
Madhya Pradesh,Hoshangabad,Itarsi APMC,Mustard,Mustard,FAQ,6200,6301,6301,02/09/2026
Madhya Pradesh,Shajapur,Nalkehda APMC,Mustard,Mustard,FAQ,7140,7260,7260,02/09/2026
Madhya Pradesh,Morena,Sabalgarh APMC,Mustard,Mustard,Non-FAQ,7575,7800,7745,02/09/2026
Madhya Pradesh,Bhind,Gohad APMC,Mustard,Mustard,FAQ,7400,7750,7500,02/09/2026
Madhya Pradesh,Rajgarh,Biaora APMC,Mustard,Mustard,FAQ,6500,7275,7275,02/09/2026
Madhya Pradesh,Shajapur,Shujalpur APMC,Mustard,Mustard,FAQ,7171,7171,7171,02/09/2026
Madhya Pradesh,Shajapur,Shajapur APMC,Mustard,Mustard,FAQ,7172,7421,7421,02/09/2026
Madhya Pradesh,Gwalior,Lashkar APMC,Mustard,Mustard,FAQ,7650,7940,7855,02/09/2026
Madhya Pradesh,Vidisha,Kurwai APMC,Mustard,Mustard,Non-FAQ,7200,7200,7200,02/09/2026
Madhya Pradesh,Mandsaur,Piplya APMC,Mustard,Mustard,FAQ,7000,7401,7101,02/09/2026
Madhya Pradesh,Shivpuri,Badarwas APMC,Mustard,Mustard,Non-FAQ,7370,7370,7370,02/09/2026
Madhya Pradesh,Shivpuri,Pohari APMC,Mustard,Mustard,FAQ,6500,8125,8085,02/09/2026
Madhya Pradesh,Rewa,Chaakghat APMC,Mustard,Mustard,FAQ,7150,7160,7160,02/09/2026
Maharashtra,Jalna,Jalana APMC,Mustard,Other,FAQ,7300,7300,7300,02/09/2026
Maharashtra,Mumbai,Mumbai APMC,Mustard,Other,FAQ,8700,11000,9850,02/09/2026
Maharashtra,Buldhana,Malkapur APMC,Mustard,Other,FAQ,7000,7000,7000,02/09/2026
Uttar Pradesh,Kanpur Dehat,Rura APMC,Mustard,Other,FAQ,7600,7600,7600,02/09/2026
Uttar Pradesh,Barabanki,Safdarganj APMC,Mustard,Other,FAQ,6000,7000,6333.33,02/09/2026
Uttar Pradesh,Lakhimpur,Golagokarnath APMC,Mustard,Other,FAQ,6500,6500,6500,02/09/2026
Uttar Pradesh,Pillibhit,Pilibhit APMC,Mustard,Other,FAQ,7300,7300,7300,02/09/2026
Uttar Pradesh,Hamirpur,Muskara APMC,Mustard,Other,FAQ,7400,7400,7400,02/09/2026
Uttar Pradesh,Kanpur Dehat,Pukharayan APMC,Mustard,Other,FAQ,7300,7500,7335.66,02/09/2026
Uttar Pradesh,Mahoba,Charkhari APMC,Mustard,Other,FAQ,6400,7000,6681.98,02/09/2026
Uttar Pradesh,Agra,Khairagarh APMC,Mustard,Sarson(Black),FAQ,7200,7400,7300,02/09/2026
Uttar Pradesh,Agra,Khairagarh APMC,Mustard,Other,FAQ,7950,8030,7990.94,02/09/2026
Uttar Pradesh,Etah,Etah APMC,Mustard,Other,FAQ,6000,6000,6000,02/09/2026
Uttar Pradesh,Jhansi,Jhansi APMC,Mustard,Other,FAQ,7350,7400,7377.22,02/09/2026
Uttar Pradesh,Lakhimpur,Lakhimpur APMC,Mustard,Other,FAQ,7000,7610,7491.77,02/09/2026
Uttar Pradesh,Lalitpur,Lalitpur APMC,Mustard,Other,FAQ,7400,8000,7791.3,02/09/2026
Uttar Pradesh,Hamirpur,Bharuasumerpur APMC,Mustard,Other,FAQ,7200,7200,7200,02/09/2026
Uttar Pradesh,Lucknow,Lucknow APMC,Mustard,Other,FAQ,7000,7000,7000,02/09/2026
Uttar Pradesh,Sitapur,Sitapur APMC,Mustard,Other,FAQ,6900,6910,6905.14,02/09/2026
Uttar Pradesh,Auraiya,Auraiya APMC,Mustard,Other,FAQ,7550,7600,7564.41,02/09/2026
Uttar Pradesh,Gonda,Nawabganj APMC,Mustard,Other,FAQ,6800,6800,6800,02/09/2026
Uttar Pradesh,Kasganj,Ganj Dundwara APMC,Mustard,Other,FAQ,6500,6500,6500,02/09/2026
Uttar Pradesh,Ghaziabad,Noida APMC,Mustard,Other,FAQ,15000,15000,15000,02/09/2026
Uttar Pradesh,Agra,Jagnair APMC,Mustard,Other,FAQ,7000,8100,7871.55,02/09/2026
Uttar Pradesh,Kanpur Dehat,Jhijhank APMC,Mustard,Other,FAQ,6800,6811,6802.02,02/09/2026
Uttar Pradesh,Hamirpur,Maudaha APMC,Mustard,Other,FAQ,7000,7000,7000,02/09/2026
Uttar Pradesh,Mirzapur,Mirzapur APMC,Mustard,Other,FAQ,5400,5400,5400,02/09/2026
Rajasthan,Jhalawar,Khanpur APMC,Mustard,Mustard,FAQ,7200,7751,7570,02/09/2026
Rajasthan,Ganganagar,Sri Karanpur APMC,Mustard,Other,FAQ,7426,7772,7685,02/09/2026
Rajasthan,Udaipur,Fatehnagar APMC,Mustard,Mustard,FAQ,7260,7625,7585,02/09/2026
Rajasthan,Pratapgarh,Pratapgarh APMC,Mustard,Mustard,FAQ,6825,7440,7250,02/09/2026
Rajasthan,Swai Madhopur,Sawai Madhopur APMC,Mustard,Other,FAQ,7595,7640,7617,02/09/2026
Rajasthan,Ganganagar,Gharsana APMC,Mustard,Mustard,FAQ,7707,8075,7750,02/09/2026
Rajasthan,Baran,Nahargarh APMC,Mustard,Other,Local,7250,7250,7250,02/09/2026
Rajasthan,Baran,Baran APMC,Mustard,Other,Local,7100,7950,7525,02/09/2026
Rajasthan,Chittorgarh,Nimbahera APMC,Mustard,Other,FAQ,6800,7832,7316,02/09/2026
Rajasthan,Kota,Itawa APMC,Mustard,Mustard,Local,7500,8031,7765,02/09/2026
Rajasthan,Tonk,Malpura APMC,Mustard,Other,FAQ,8000,8310,8160,02/09/2026
Rajasthan,Tonk,Dooni APMC,Mustard,Big 100 Kg,Local,7375,7950,7663,02/09/2026
Rajasthan,Hanumangarh,Sangriya APMC,Mustard,Other,Local,7338,7789,7661,02/09/2026
Rajasthan,Ganganagar,Jaitsar APMC,Mustard,Mustard,FAQ,6700,7518,7465,02/09/2026
Rajasthan,Ganganagar,Suratgarh APMC,Mustard,Mustard,FAQ,7385,7385,7385,02/09/2026
Rajasthan,Ganganagar,Gajsinghpur APMC,Mustard,Other,Local,7200,7979,7850,02/09/2026
Rajasthan,Baran,Atru APMC,Mustard,Other,Local,7022,7425,7224,02/09/2026
Rajasthan,Dausa,Mandawar APMC,Mustard,Other,FAQ,7146,8405,7776,02/09/2026
Rajasthan,Bundi,Dei APMC,Mustard,Other,Local,6501,7676,7400,02/09/2026
Rajasthan,Jaipur,Bassi APMC,Mustard,Other,Local,7941,8100,8020,02/09/2026
Rajasthan,Swai Madhopur,Gangapur City APMC,Mustard,Other,Non-FAQ,7518,8087,7829,02/09/2026
Rajasthan,Jhalawar,Bhawani Mandi APMC,Mustard,Other,Local,7382,7585,7484,02/09/2026
Rajasthan,Jaisalmer,Mohangarh APMC,Mustard,Big 100 Kg,Grade Range-1,6600,7200,6900,02/09/2026
Rajasthan,Ganganagar,Padampur APMC,Mustard,Other,FAQ,6300,7756,7620,02/09/2026
Rajasthan,Baran,Kawai Salpura - Atru APMC,Mustard,Other,Local,6920,7596,7258,02/09/2026
Rajasthan,Bundi,Bundi APMC,Mustard,Other,FAQ,7250,7570,7410,02/09/2026
Rajasthan,Ganganagar,Rawla APMC,Mustard,Mustard,FAQ,7250,7790,7520,02/09/2026
Rajasthan,Ganganagar,Sadulshahar APMC,Mustard,Other,FAQ,7443,7775,7600,02/09/2026
Rajasthan,Tonk,Uniyara APMC,Mustard,Other,FAQ,7355,7614,7484,02/09/2026
Rajasthan,Deeg,Kama APMC,Mustard,Other,Local,7308,7673,7597,02/09/2026
Rajasthan,Jhalawar,Iklera APMC,Mustard,Other,Local,6700,7000,6850,02/09/2026
Rajasthan,Jhunjhunu,Surajgarh APMC,Mustard,Other,FAQ,7500,7500,7500,02/09/2026
Rajasthan,Dausa,Dausa APMC,Mustard,Other,Local,7564,8005,7784,02/09/2026
Rajasthan,Pratapgarh,Chhotisadri APMC,Mustard,Mustard,Local,7550,7550,7550,02/09/2026
Rajasthan,Baran,Anta APMC,Mustard,Other,Local,7375,7375,7375,02/09/2026
Rajasthan,Jhalawar,Choumahla APMC,Mustard,Other,Non-FAQ,7000,7350,7175,02/09/2026
Rajasthan,Deeg,Sikri APMC,Mustard,Mustard,Non-FAQ,7200,8100,7700,02/09/2026
Rajasthan,Tonk,Todaraisingh APMC,Mustard,Other,FAQ,8200,8250,8225,02/09/2026
Rajasthan,Bharatpur,Bhusawar Bair APMC,Mustard,Other,Local,7650,7970,7810,02/09/2026
Karnataka,Bengaluru,Bengaluru APMC,Mustard,Other,FAQ,11200,12800,12000,02/09/2026
Karnataka,Gadag,Gadag APMC,Mustard,Other,FAQ,5044,5044,5044,02/09/2026
Gujarat,Banaskanth,Tharad APMC,Mustard,Other,Local,7500,8195,7845,02/09/2026
Gujarat,Banaskanth,Palanpur APMC,Mustard,Mustard,Local,7450,7450,7450,02/09/2026
Gujarat,Banaskanth,Deesa APMC,Mustard,Other,FAQ,7500,7705,7650,02/09/2026
Gujarat,Patan,Siddhpur APMC,Mustard,Mustard,FAQ,6250,7560,6905,02/09/2026
Gujarat,Banaskanth,Tharad(Rah) APMC,Mustard,Other,Local,7550,7775,7662,02/09/2026
Gujarat,Mehsana,Visnagar APMC,Mustard,Other,Local,7190,7550,7370,02/09/2026
Gujarat,Banaskanth,Dhanera APMC,Mustard,Mustard,Local,7430,8105,7725,02/09/2026
Haryana,Hissar,Adampur APMC,Mustard,Other,Non-FAQ,7943,7943,7943,02/09/2026
Haryana,Mahendragarh-Narnaul,Ateli APMC,Mustard,Mustard,FAQ,7400,9000,8200,02/09/2026
Haryana,Sirsa,Ellanabad APMC,Mustard,Mustard,FAQ,7476,7694,7691,02/09/2026
West Bengal,Bankura,Bishnupur(Bankura) APMC,Mustard,Mustard,FAQ,6000,6700,6400,02/09/2026
West Bengal,Paschim Bardhaman,Durgapur APMC,Mustard,Other,FAQ,6255,6500,6400,02/09/2026
West Bengal,Paschim Bardhaman,Asansol APMC,Mustard,Other,FAQ,6275,6500,6400,02/09/2026
West Bengal,Murshidabad,Jiaganj APMC,Mustard,Yellow (Black),FAQ,6400,6500,6450,02/09/2026
West Bengal,Bankura,Khatra APMC,Mustard,Mustard,FAQ,6000,6700,6400,02/09/2026
West Bengal,Bankura,Bankura Sadar APMC,Mustard,Mustard,FAQ,6000,6400,6200,02/09/2026
West Bengal,Nadia,Karimpur APMC,Mustard,Yellow (Black),Local,6850,7000,6900,02/09/2026
West Bengal,Murshidabad,Kandi APMC,Mustard,Yellow (Black),FAQ,7200,7400,7300,02/09/2026
West Bengal,Birbhum,Sainthia APMC,Mustard Oil,Mustard Oil,FAQ,17800,18000,17900,02/09/2026
West Bengal,Paschim Bardhaman,Durgapur APMC,Mustard Oil,Other,FAQ,18000,18700,18500,02/09/2026
West Bengal,Puruliya,Balarampur APMC,Mustard Oil,Other,FAQ,19000,19700,19200,02/09/2026
West Bengal,Birbhum,Birbhum APMC,Mustard Oil,Mustard Oil,FAQ,17800,18000,17900,02/09/2026
West Bengal,Puruliya,Purulia APMC,Mustard Oil,Mustard Oil,FAQ,18800,19500,19200,02/09/2026
Assam,Kamrup,Fancy Bazaar APMC,Mustard Oil,Mustard Oil,FAQ,15466.66744,16333.33415,16000.0008,02/09/2026
Tamil Nadu,Perambalur,Perambalur(Uzhavar Sandhai ),Groundnut,Big (With Shell),Local,8000,9000,8500,02/09/2026
Tamil Nadu,Thiruvannamalai,Chengam(Uzhavar Sandhai ),Groundnut,Big (With Shell),Local,7000,8000,7500,02/09/2026
Tamil Nadu,Madurai,Chokkikulam(Uzhavar Sandhai ),Groundnut,Big (With Shell),Local,7000,8000,7500,02/09/2026
Tamil Nadu,Krishnagiri,Krishnagiri(Uzhavar Sandhai ),Groundnut,Big (With Shell),Local,6500,7000,6750,02/09/2026
Tamil Nadu,Pudukkottai,Pudukottai(Uzhavar Sandhai ),Groundnut,Big (With Shell),Local,5000,6000,5500,02/09/2026
Tamil Nadu,Thiruvannamalai,Polur(Uzhavar Sandhai ),Groundnut,Big (With Shell),Local,5000,6000,5500,02/09/2026
Tamil Nadu,Vellore,Kahithapattarai(Uzhavar Sandhai ),Groundnut,Big (With Shell),Local,8000,8000,8000,02/09/2026
Tamil Nadu,Dharmapuri,Pennagaram(Uzhavar Sandhai ),Groundnut,Big (With Shell),Local,6200,6500,6350,02/09/2026
Tamil Nadu,Kallakuruchi,Sankarapuram(Uzhavar Sandhai ),Groundnut,Big (With Shell),Local,7000,7000,7000,02/09/2026
Tamil Nadu,Krishnagiri,Hosur(Uzhavar Sandhai ),Groundnut,Big (With Shell),Local,9000,10000,9500,02/09/2026
Tamil Nadu,Madurai,Anaiyur(Uzhavar Sandhai ),Groundnut,Big (With Shell),Local,7000,8000,7500,02/09/2026
Tamil Nadu,Nagapattinam,Nagapattinam(Uzhavar Sandhai ),Groundnut,Big (With Shell),Local,5900,5900,5900,02/09/2026
Tamil Nadu,Vellore,Perampet(Uzhavar Sandhai),Groundnut,Big (With Shell),Local,7000,7600,7300,02/09/2026
Tamil Nadu,Thirupathur,Vaniyampadi(Uzhavar Sandhai ),Groundnut,Big (With Shell),Local,7000,7000,7000,02/09/2026
Tamil Nadu,Coimbatore,Vadavalli(Uzhavar Sandhai ),Groundnut,Big (With Shell),Local,6000,6800,6400,02/09/2026
Tamil Nadu,Thiruvarur,Tiruthuraipoondi(Uzhavar Sandhai ),Groundnut,Big (With Shell),Local,6000,6000,6000,02/09/2026
Tamil Nadu,Vellore,Vellore APMC,Groundnut,Big (With Shell),Local,7000,8000,7500,02/09/2026
Tamil Nadu,Kallakuruchi,Kallakurichi(Uzhavar Sandhai ),Groundnut,Big (With Shell),Local,7000,7000,7000,02/09/2026
Tamil Nadu,Namakkal,Rasipuram(Uzhavar Sandhai ),Groundnut,Big (With Shell),Local,6500,7000,6750,02/09/2026
Tamil Nadu,Ranipet,Arcot(Uzhavar Sandhai ),Groundnut,Big (With Shell),Local,6000,6000,6000,02/09/2026
Tamil Nadu,Salem,Mettur(Uzhavar Sandhai ),Groundnut,Big (With Shell),Local,6000,6500,6250,02/09/2026
Tamil Nadu,Thirupur,Tiruppur (North) (Uzhavar Sandhai ),Groundnut,Big (With Shell),Local,5500,6000,5750,02/09/2026
Tamil Nadu,Salem,Attayampatti(Uzhavar Sandhai ),Groundnut,Big (With Shell),Local,7000,7000,7000,02/09/2026
Tamil Nadu,Salem,Jalagandapuram(Uzhavar Sandhai ),Groundnut,Big (With Shell),Local,6500,7000,6750,02/09/2026
Tamil Nadu,Dharmapuri,Palacode(Uzhavar Sandhai ),Groundnut,Big (With Shell),Local,6500,7000,6750,02/09/2026
Tamil Nadu,Nagapattinam,Sirkali(Uzhavar Sandhai ),Groundnut,Big (With Shell),Local,5500,6000,5750,02/09/2026
Tamil Nadu,Madurai,Anna nagar(Uzhavar Sandhai ),Groundnut,Big (With Shell),Local,7000,8000,7500,02/09/2026
Tamil Nadu,Thiruchirappalli,KKNagar(Uzhavar Sandhai ),Groundnut,Big (With Shell),Local,8000,8000,8000,02/09/2026
Tamil Nadu,Chengalpattu,Jameenrayapettai(Uzhavar Sandhai ),Groundnut,Big (With Shell),Local,9000,10000,9500,02/09/2026
Tamil Nadu,Salem,Vazhapadi(Uzhavar Sandhai),Groundnut,Big (With Shell),Local,8000,8000,8000,02/09/2026
Tamil Nadu,Thiruvannamalai,Tiruvannamalai(Uzhavar Sandhai ),Groundnut,Big (With Shell),Local,7000,8000,7500,02/09/2026
Tamil Nadu,Vellore,Gudiyatham(Uzhavar Sandhai ),Groundnut,Big (With Shell),Local,7600,7600,7600,02/09/2026
Tamil Nadu,Coimbatore,RSPuram(Uzhavar Sandhai ),Groundnut,Big (With Shell),Local,6500,7000,6750,02/09/2026
Tamil Nadu,Cuddalore,Cuddalore(Uzhavar Sandhai ),Groundnut,Big (With Shell),Local,8000,8000,8000,02/09/2026
Tamil Nadu,Coimbatore,Mettupalayam(Uzhavar Sandhai ),Groundnut,Big (With Shell),Local,7000,8000,7500,02/09/2026
Tamil Nadu,Villupuram,Villupuram(Uzhavar Sandhai ),Groundnut,Big (With Shell),Local,9000,9000,9000,02/09/2026
Tamil Nadu,Villupuram,Gingee(Uzhavar Sandhai ),Groundnut,Big (With Shell),Local,7000,7000,7000,02/09/2026
Tamil Nadu,Vellore,Katpadi (Uzhavar Sandhai ),Groundnut,Big (With Shell),Local,8000,8000,8000,02/09/2026
Tamil Nadu,Madurai,Melur(Uzhavar Sandhai ),Groundnut,Big (With Shell),Local,7000,8000,7500,02/09/2026
Tamil Nadu,Salem,Elampillai(Uzhavar Sandhai ),Groundnut,Big (With Shell),Local,6500,7000,6750,02/09/2026
Tamil Nadu,Salem,Hasthampatti(Uzhavar Sandhai ),Groundnut,Big (With Shell),Local,7000,7500,7250,02/09/2026
Tamil Nadu,Chengalpattu,Pallavaram(Uzhavar Sandhai ),Groundnut,Big (With Shell),Local,9000,10000,9500,02/09/2026
Tamil Nadu,Villupuram,Tindivanam APMC,Groundnut,Big (With Shell),Local,7000,7000,7000,02/09/2026
Tamil Nadu,Namakkal,Namakkal(Uzhavar Sandhai ),Groundnut,Big (With Shell),Local,6500,7500,7000,02/09/2026
Tamil Nadu,Ranipet,Ranipettai(Uzhavar Sandhai ),Groundnut,Big (With Shell),Local,5500,6000,5750,02/09/2026
Tamil Nadu,Salem,Ammapet(Uzhavar Sandhai ),Groundnut,Big (With Shell),Local,6500,7000,6750,02/09/2026
Tamil Nadu,Salem,Thammampatti (Uzhavar Sandhai ),Groundnut,Big (With Shell),Local,6500,7000,6750,02/09/2026
Tamil Nadu,Salem,Thathakapatti(Uzhavar Sandhai ),Groundnut,Big (With Shell),Local,7000,8000,7500,02/09/2026
Tamil Nadu,Thiruvannamalai,Tamarainagar(Uzhavar Sandhai ),Groundnut,Big (With Shell),Local,7000,8000,7500,02/09/2026
Madhya Pradesh,Neemuch,Neemuch APMC,Groundnut,Big (With Shell),FAQ,6451,8470,7300,02/09/2026
Madhya Pradesh,Mandsaur,Mandsaur APMC,Groundnut,Big (With Shell),Non-FAQ,5710,8001,7101,02/09/2026
Madhya Pradesh,Neemuch,Neemuch APMC,Groundnut,Groundnut seed,FAQ,6476,8151,8151,02/09/2026
Madhya Pradesh,Mandsaur,Mandsaur APMC,Groundnut,Big (With Shell),FAQ,5501,6851,6851,02/09/2026
Madhya Pradesh,Mandsaur,Shamgarh APMC,Groundnut,Big (With Shell),Non-FAQ,6000,6801,6801,02/09/2026
Madhya Pradesh,Mandsaur,Mandsaur APMC,Groundnut,Groundnut seed,Non-FAQ,7800,9301,9301,02/09/2026
Maharashtra,Latur,Ahmedpur APMC,Groundnut,Other,FAQ,7263,7651,7457,02/09/2026
Maharashtra,Solapur,Akluj APMC,Groundnut,Other,Non-FAQ,6000,7000,6600,02/09/2026
Maharashtra,Dharashiv,Dharashiv APMC,Groundnut,Other,Non-FAQ,4500,5500,5000,02/09/2026
Maharashtra,Nashik,Malegaon APMC,Groundnut,Other,Non-FAQ,4300,7260,7255,02/09/2026
Uttar Pradesh,Lucknow,Lucknow APMC,Groundnut,Other,FAQ,7310,7405,7357.5,02/09/2026
Uttar Pradesh,Shahjahanpur,Jalalabad APMC,Groundnut,Other,FAQ,6400,7300,6856.82,02/09/2026
Uttar Pradesh,Lucknow,Banthara APMC,Groundnut,Other,FAQ,15136,15136,15136,02/09/2026
Uttar Pradesh,Jhansi,Mauranipur APMC,Groundnut,Other,FAQ,5000,5000,5000,02/09/2026
Uttar Pradesh,Lalitpur,Lalitpur APMC,Groundnut,Other,FAQ,7520,7520,7520,02/09/2026
Uttar Pradesh,Kanpur Dehat,Rura APMC,Groundnut,Other,FAQ,6599.97,6600,6599.99,02/09/2026
Uttar Pradesh,Mainpuri,Mainpuri APMC,Groundnut,Other,FAQ,6530,8000,7325,02/09/2026
Uttar Pradesh,Jhansi,Jhansi APMC,Groundnut,Other,FAQ,4600,7500,6861.51,02/09/2026
Uttar Pradesh,Etah,Etah APMC,Groundnut,Other,FAQ,6200,6300,6211.5,02/09/2026
Uttar Pradesh,Shahjahanpur,Powayan APMC,Groundnut,Other,FAQ,8895,8895,8895,02/09/2026
Uttar Pradesh,Hardoi,Madhoganj APMC,Groundnut,Other,FAQ,7500,7500,7500,02/09/2026
Uttar Pradesh,Mahoba,Mahoba APMC,Groundnut,Other,FAQ,6020,7370,7025.32,02/09/2026
Uttar Pradesh,Prayagraj,Prayagraj APMC,Groundnut,Other,FAQ,7501,7750,7616.83,02/09/2026
Rajasthan,Beawar,Beawar APMC,Groundnut,Local,Local,6250,6250,6250,02/09/2026
Rajasthan,Chittorgarh,Nimbahera APMC,Groundnut,Other,FAQ,6600,8200,7400,02/09/2026
Karnataka,Bengaluru,Bengaluru APMC,Groundnut,Big (With Shell),FAQ,4500,5500,5000,02/09/2026
Karnataka,Raichur,Raichur APMC,Groundnut,Shelled (Bunch),Grade Range-1,4885,7315,6755,02/09/2026
Karnataka,Gadag,Laxmeshwar APMC,Groundnut,Gejje,Non-FAQ,7179,8739,8039,02/09/2026
Karnataka,Tumakuru,Madhugiri APMC,Groundnut,Other,Local,6500,8000,7000,02/09/2026
Karnataka,Vijayapura,Vijayapura APMC,Groundnut,Gejje,Local,7626,7626,7626,02/09/2026
Karnataka,Gadag,Gadag APMC,Groundnut,Gejje,FAQ,3629,8614,6517,02/09/2026
Karnataka,Bellary,Ballari APMC,Groundnut,Hybrid,Non-FAQ,3609,14999,8380,02/09/2026
Gujarat,Bhavnagar,Mahuva(Station Road) APMC,Groundnut,Bold,FAQ,5410,6010,5710,02/09/2026
Gujarat,Porbandar,Porbandar APMC,Groundnut,Bold,Non-FAQ,6000,7000,6500,02/09/2026
Gujarat,Porbandar,Porbandar APMC,Groundnut(Split),Groundnut(Split),FAQ,8000,9425,8710,02/09/2026
Gujarat,Surat,Surat APMC,Groundnut pods(raw),Other,FAQ,3500,4500,4000,02/09/2026
Andhra Pradesh,Ananthapuramu,Gooti APMC,Groundnut,Local,Grade Range-1,3309,5980,4670,02/09/2026
Andhra Pradesh,Sri Sathya Sai,Penukonda APMC,Groundnut,Local,FAQ,7400,7600,7500,02/09/2026
Andhra Pradesh,YSR Kadapa,Kadapa,Groundnut,Big (With Shell),FAQ,5719,8099,8099,02/09/2026
Andhra Pradesh,Chittor,Rompicherla APMC,Groundnut,Local,Local,3900,3900,3900,02/09/2026
Andhra Pradesh,Bapatla,Bapatla APMC,Groundnut,Local,Local,8000,8500,8250,02/09/2026
Andhra Pradesh,Sri Sathya Sai,Dharmavaram APMC,Groundnut,Local,FAQ,7000,7200,7100,02/09/2026
Andhra Pradesh,Kurnool,Kurnool APMC,Groundnut,Local,FAQ,4855,9500,6011,02/09/2026
Andhra Pradesh,Ananthapuramu,Singanamala APMC,Groundnut,Local,Grade Range-1,6200,7000,6600,02/09/2026
Andhra Pradesh,Kurnool,Adoni APMC,Groundnut,Local,Grade Range-1,5769,9155,7671,02/09/2026
Andhra Pradesh,YSR Kadapa,Kamalapuram APMC,Groundnut,Local,Local,7500,7500,7500,02/09/2026
Andhra Pradesh,Sri Sathya Sai,Puttaparthi  APMC,Groundnut,F.A.Q,FAQ,6400,6800,6600,02/09/2026
Andhra Pradesh,Alluri Sitharama Raju,Paderu APMC,Groundnut,Local,Grade Range-2,7300,7300,7300,02/09/2026
Andhra Pradesh,Annamayya,Rayachoti APMC,Groundnut,Local,Grade Range-1,7800,8200,8000,02/09/2026
Andhra Pradesh,Tirupathi,Srikalahasti APMC,Groundnut,Local,Local,6500,6800,6650,02/09/2026
Andhra Pradesh,Kurnool,Yemmiganur APMC,Groundnut,Local,Local,5610,8269,7300,02/09/2026
Andhra Pradesh,Ananthapuramu,Urvakonda APMC,Groundnut,Local,Local,7000,8200,7500,02/09/2026
Andhra Pradesh,Ananthapuramu,Guntakal APMC,Groundnut,Local,Local,7000,8100,7600,02/09/2026
Andhra Pradesh,Alluri Sitharama Raju,Chintapally APMC,Groundnut,Local,FAQ,6500,7500,7000,02/09/2026
Andhra Pradesh,Ananthapuramu,Kalyandurg APMC,Groundnut,Local,Grade Range-1,8000,8500,8300,02/09/2026
Andhra Pradesh,YSR Kadapa,Proddatur APMC,Groundnut,Local,Local,7050,7050,7050,02/09/2026
Andhra Pradesh,Sri Sathya Sai,Madakasira APMC,Groundnut,Local,FAQ,7300,7300,7300,02/09/2026
Andhra Pradesh,Tirupathi,Venkatagiri APMC,Groundnut,Balli/Habbu,FAQ,5400,7200,6500,02/09/2026
Telangana,Suryapet,Suryapeta APMC,Groundnut,Local,Local,4509,7221,7221,02/09/2026
Telangana,Jogulamba Gadwal,Gadwal APMC,Groundnut,Big (With Shell),Local,5829,7600,7420,02/09/2026
Telangana,Warangal,Warangal APMC,Groundnut,Local,FAQ,3200,9200,6000,02/09/2026
Telangana,Mahabubabad,Kesamudram APMC,Groundnut,Local,Local,4589,4589,4589,02/09/2026
Telangana,Wanaparthy,Wanaparthy town APMC,Groundnut,Local,Local,7100,8866,7966,02/09/2026
Telangana,Siddipet,Vantamamidi APMC,Groundnut pods(raw),Groundnut pods (raw),Local,3500,3500,3500,02/09/2026
Telangana,Hyderabad,Bowenpally APMC,Groundnut pods(raw),Groundnut pods (raw),FAQ,2000,4000,3500,02/09/2026
Madhya Pradesh,Panna,Panna APMC,Wheat,Mill Quality,FAQ,2570,2585,2575,02/09/2026
Madhya Pradesh,Vidisha,Shamshabad APMC,Wheat,Wheat,FAQ,2550,2583,2570,02/09/2026
Madhya Pradesh,Khandwa,Harsood APMC,Wheat,Wheat,Non-FAQ,2525,2575,2535,02/09/2026
Madhya Pradesh,Mandsaur,Sitmau APMC,Wheat,Lokwan,FAQ,2560,2639,2639,02/09/2026
Madhya Pradesh,Ratlam,Jaora APMC,Wheat,Wheat,FAQ,2001,3171,2700,02/09/2026
Madhya Pradesh,Ratlam,Ratlam APMC,Wheat,Local,FAQ,2651,2691,2691,02/09/2026
Madhya Pradesh,Shivpuri,Badarwas APMC,Wheat,Wheat,Non-FAQ,1920,4880,4880,02/09/2026
Madhya Pradesh,Shivpuri,Karera APMC,Wheat,Wheat,FAQ,2245,2540,2540,02/09/2026
Madhya Pradesh,Shivpuri,Karera APMC,Wheat,Mill Quality,FAQ,2400,2508,2500,02/09/2026
Madhya Pradesh,Bhind,Lahar APMC,Wheat,Wheat,FAQ,2601,2646,2646,02/09/2026
Madhya Pradesh,Jabalpur,Jabalpur APMC,Wheat,Wheat,FAQ,2350,2754,2661,02/09/2026
Madhya Pradesh,Tikamgarh,Jatara APMC,Wheat,Wheat,Non-FAQ,2520,2600,2550,02/09/2026
Madhya Pradesh,Tikamgarh,Niwadi APMC,Wheat,Mill Quality,Non-FAQ,2551,2646,2625,02/09/2026
Madhya Pradesh,Narsinghpur,Gadarwada APMC,Wheat,Mill Quality,FAQ,2475,2665,2657,02/09/2026
Madhya Pradesh,Seoni,Chhpara APMC,Wheat,Wheat,Non-FAQ,2700,2725,2725,02/09/2026
Madhya Pradesh,Rewa,Rewa APMC,Wheat,Malwa Shakti,FAQ,2499,2499,2499,02/09/2026
Madhya Pradesh,Gwalior,Lashkar APMC,Wheat,Wheat,FAQ,2610,2675,2655,02/09/2026
Madhya Pradesh,Guna,Raghogarh APMC,Wheat,Wheat,FAQ,2535,2573,2573,02/09/2026
Madhya Pradesh,Shivpuri,Kolaras APMC,Wheat,Wheat,Non-FAQ,2615,2670,2670,02/09/2026
Madhya Pradesh,Vidisha,Ganjbasoda APMC,Wheat,Wheat,FAQ,2600,2600,2600,02/09/2026
Madhya Pradesh,Sehore,Sehore APMC,Wheat,Malwa Shakti,FAQ,2638,2753,2753,02/09/2026
Madhya Pradesh,Sehore,Sehore APMC,Wheat,Mill Quality,FAQ,2648,2648,2648,02/09/2026
Madhya Pradesh,Hoshangabad,Itarsi APMC,Wheat,Wheat,FAQ,2615,2732,2718,02/09/2026
Madhya Pradesh,Mandsaur,Mandsaur APMC,Wheat,Wheat,Non-FAQ,2386,3156,2821,02/09/2026
Madhya Pradesh,Mandsaur,Mandsaur APMC,Wheat,Malwa Shakti,FAQ,2550,2550,2550,02/09/2026
Madhya Pradesh,Dindori,Dindori APMC,Wheat,Local,Non-FAQ,2400,2540,2500,02/09/2026
Madhya Pradesh,Indore,Mhow APMC,Wheat,Wheat,FAQ,2514,2819,2819,02/09/2026
Madhya Pradesh,Burhanpur,Burhanpur APMC,Wheat,Wheat,FAQ,2400,2565,2450,02/09/2026
Madhya Pradesh,Guna,Kumbhraj APMC,Wheat,Wheat,FAQ,2615,2800,2670,02/09/2026
Madhya Pradesh,Sagar,Banda APMC,Wheat,Wheat,FAQ,2608,2610,2608,02/09/2026
Madhya Pradesh,Sagar,Rehli APMC,Wheat,Wheat,Non-FAQ,2600,2664,2664,02/09/2026
Madhya Pradesh,Hoshangabad,Hoshangabad APMC,Wheat,Mill Quality,Non-FAQ,2500,2500,2500,02/09/2026
Madhya Pradesh,Sehore,Ichhawar APMC,Wheat,Wheat,FAQ,2561,2881,2726,02/09/2026
Madhya Pradesh,Ashoknagar,Piprai APMC,Wheat,Wheat,FAQ,2540,2540,2540,02/09/2026
Madhya Pradesh,Sagar,Malthone APMC,Wheat,Wheat,FAQ,2485,2510,2510,02/09/2026
Madhya Pradesh,Sehore,Nasrullaganj APMC,Wheat,Wheat,FAQ,2625,2923,2655,02/09/2026
Madhya Pradesh,Raisen,Silvani APMC,Wheat,Wheat,FAQ,2620,2655,2655,02/09/2026
Madhya Pradesh,Sidhi,Sidhi APMC,Wheat,Mill Quality,Non-FAQ,2300,2420,2300,02/09/2026
Madhya Pradesh,Rajgarh,Chhapiheda APMC,Wheat,Wheat,FAQ,2561,2589,2589,02/09/2026
Madhya Pradesh,Dhar,Manawar APMC,Wheat,Wheat,FAQ,2400,2732,2705,02/09/2026
Madhya Pradesh,Khargone,Badwaha APMC,Wheat,Wheat,FAQ,2533,2710,2702,02/09/2026
Madhya Pradesh,Alirajpur,Jobat APMC,Wheat,Wheat,FAQ,2525,2580,2575,02/09/2026
Madhya Pradesh,Khargone,Karhi APMC,Wheat,Wheat,FAQ,2700,2700,2700,02/09/2026
Madhya Pradesh,Shajapur,Shajapur APMC,Wheat,Wheat,FAQ,1790,2901,2680,02/09/2026
Madhya Pradesh,Shajapur,Kalapipal APMC,Wheat,Wheat,FAQ,2490,2736,2576,02/09/2026
Madhya Pradesh,Shajapur,Susner APMC,Wheat,Wheat,Non-FAQ,2515,2733,2630,02/09/2026
Madhya Pradesh,Shajapur,Badod APMC,Wheat,Wheat,FAQ,2600,2600,2600,02/09/2026
Madhya Pradesh,Rajgarh,Sarangpur APMC,Wheat,Mill Quality,FAQ,2550,2625,2580,02/09/2026
Madhya Pradesh,Ujjain,Badnagar APMC,Wheat,Wheat,FAQ,1850,2996,2775,02/09/2026
Madhya Pradesh,Ujjain,Unhel APMC,Wheat,Wheat,FAQ,2576,2695,2695,02/09/2026
Madhya Pradesh,Dewas,Haatpipliya APMC,Wheat,Wheat,Non-FAQ,2595,2905,2800,02/09/2026
Madhya Pradesh,Mandsaur,Piplya APMC,Wheat,Lokwan,FAQ,2650,2861,2731,02/09/2026
Madhya Pradesh,Shivpuri,Pichhour APMC,Wheat,Mill Quality,Non-FAQ,2525,2589,2580,02/09/2026
Madhya Pradesh,Bhind,Bhind APMC,Wheat,Wheat,Non-FAQ,2609,2645,2635,02/09/2026
Madhya Pradesh,Bhind,Alampur APMC,Wheat,Wheat,Non-FAQ,2627,2640,2635,02/09/2026
Madhya Pradesh,Sagar,Deori APMC,Wheat,Mill Quality,Non-FAQ,2510,2530,2530,02/09/2026
Madhya Pradesh,Sagar,Shahagarh APMC,Wheat,Mill Quality,Non-FAQ,2530,2550,2550,02/09/2026
Madhya Pradesh,Panna,Devandranagar APMC,Wheat,Wheat,FAQ,2450,2530,2530,02/09/2026
Madhya Pradesh,Narsinghpur,Kareli APMC,Wheat,Wheat,FAQ,2605,2750,2650,02/09/2026
Madhya Pradesh,Satna,Nagod APMC,Wheat,Mill Quality,FAQ,2540,2570,2560,02/09/2026
Madhya Pradesh,Shehdol,Beohari APMC,Wheat,Mill Quality,FAQ,2470,2520,2490,02/09/2026
Madhya Pradesh,Tikamgarh,Khargapur APMC,Wheat,Mill Quality,FAQ,2569,2615,2600,02/09/2026
Madhya Pradesh,Chhindwara,Amarwda APMC,Wheat,Wheat,FAQ,2580,2600,2600,02/09/2026
Madhya Pradesh,Bhind,Mow APMC,Wheat,Wheat,Non-FAQ,2500,2585,2585,02/09/2026
Madhya Pradesh,Rajgarh,Khilchipur APMC,Wheat,Mill Quality,FAQ,2530,2680,2674,02/09/2026
Madhya Pradesh,Harda,Timarni APMC,Wheat,Wheat,FAQ,2691,2725,2721,02/09/2026
Madhya Pradesh,Khargone,Sanawad APMC,Wheat,Wheat,FAQ,2300,2734,2719,02/09/2026
Madhya Pradesh,Khargone,Segaon APMC,Wheat,Wheat,FAQ,2675,2675,2675,02/09/2026
Madhya Pradesh,Shajapur,Shujalpur APMC,Wheat,Wheat,FAQ,2535,2758,2758,02/09/2026
Madhya Pradesh,Shivpuri,Khaniadhana APMC,Wheat,Mill Quality,FAQ,2400,2500,2455,02/09/2026
Madhya Pradesh,Datia,Datia APMC,Wheat,Mill Quality,FAQ,2540,2690,2550,02/09/2026
Madhya Pradesh,Datia,Sevda APMC,Wheat,Mill Quality,FAQ,2636,2674,2674,02/09/2026
Madhya Pradesh,Damoh,Damoh APMC,Wheat,Wheat,Non-FAQ,2475,2550,2510,02/09/2026
Madhya Pradesh,Seoni,Seoni APMC,Wheat,Wheat,FAQ,2600,2610,2610,02/09/2026
Madhya Pradesh,Balaghat,Praswada APMC,Wheat,Wheat,FAQ,2590,2590,2590,02/09/2026
Madhya Pradesh,Ashoknagar,Ashoknagar APMC,Wheat,Wheat,FAQ,2450,3200,2620,02/09/2026
Madhya Pradesh,Bhopal,Bhopal APMC,Wheat,Wheat,FAQ,2565,3038,2750,02/09/2026
Madhya Pradesh,Dewas,Dewas APMC,Wheat,Lokwan,FAQ,2860,2860,2860,02/09/2026
Madhya Pradesh,Betul,Betul APMC,Wheat,Mill Quality,FAQ,2561,2759,2696,02/09/2026
Madhya Pradesh,Sehore,Ashta APMC,Wheat,Wheat,FAQ,2586,5521,2625,02/09/2026
Madhya Pradesh,Sehore,Sehore APMC,Wheat,Lokwan,FAQ,2617,2923,2750,02/09/2026
Madhya Pradesh,Khargone,Khargone APMC,Wheat,Wheat,FAQ,2200,2815,2700,02/09/2026
Madhya Pradesh,Mandsaur,Mandsaur APMC,Wheat,Lokwan,Non-FAQ,2600,2820,2652,02/09/2026
Madhya Pradesh,Mandsaur,Mandsaur APMC,Wheat,Wheat,FAQ,2561,2890,2890,02/09/2026
Madhya Pradesh,Dindori,Dindori APMC,Wheat,Local,FAQ,2500,2500,2500,02/09/2026
Madhya Pradesh,Burhanpur,Burhanpur APMC,Wheat,Wheat,Non-FAQ,2400,2598,2598,02/09/2026
Madhya Pradesh,Umariya,Umariya APMC,Wheat,Wheat,Non-FAQ,2355,2580,2560,02/09/2026
Madhya Pradesh,Morena,Kailaras APMC,Wheat,Wheat,FAQ,2629,2639,2639,02/09/2026
Madhya Pradesh,Sagar,Garhakota APMC,Wheat,Wheat,FAQ,2550,2640,2640,02/09/2026
Madhya Pradesh,Dhar,Kukshi APMC,Wheat,Wheat,FAQ,2480,2750,2650,02/09/2026
Madhya Pradesh,Dewas,Khategaon APMC,Wheat,Wheat,FAQ,2474,2794,2670,02/09/2026
Madhya Pradesh,Dewas,Sonkatch APMC,Wheat,Wheat,FAQ,2251,2757,2580,02/09/2026
Madhya Pradesh,Damoh,Patharia APMC,Wheat,Wheat,FAQ,2613,2662,2655,02/09/2026
Madhya Pradesh,Dhar,Gandhwani APMC,Wheat,Wheat,FAQ,2625,2750,2725,02/09/2026
Madhya Pradesh,Dindori,Shahpura APMC,Wheat,Mill Quality,Non-FAQ,2336,2375,2375,02/09/2026
Madhya Pradesh,Sehore,Nasrullaganj APMC,Wheat,Wheat,Non-FAQ,2621,2748,2748,02/09/2026
Madhya Pradesh,Raisen,Obedullaganj APMC,Wheat,Local,FAQ,2475,2748,2605,02/09/2026
Madhya Pradesh,Hoshangabad,Babai APMC,Wheat,Mill Quality,FAQ,2450,2475,2450,02/09/2026
Madhya Pradesh,Mandsaur,Daloda APMC,Wheat,Wheat,FAQ,1601,3071,2740,02/09/2026
Madhya Pradesh,Khandwa,Mundi APMC,Wheat,Wheat,FAQ,2500,2660,2640,02/09/2026
Madhya Pradesh,Rajgarh,Sarangpur APMC,Wheat,Wheat,Non-FAQ,2460,2851,2667,02/09/2026
Madhya Pradesh,Rajgarh,Narsinghgarh APMC,Wheat,Wheat,FAQ,2250,2775,2705,02/09/2026
Madhya Pradesh,Khandwa,Harsood APMC,Wheat,Mill Quality,Non-FAQ,2525,2530,2530,02/09/2026
Madhya Pradesh,Neemuch,Javad APMC,Wheat,Wheat,FAQ,2510,2511,2511,02/09/2026
Madhya Pradesh,Sheopur,Sheopurbadod APMC,Wheat,Wheat,FAQ,2626,2771,2771,02/09/2026
Madhya Pradesh,Morena,Ambaha APMC,Wheat,Wheat,Non-FAQ,2515,2550,2550,02/09/2026
Madhya Pradesh,Sheopur,Vijaypur APMC,Wheat,Wheat,FAQ,2400,2540,2530,02/09/2026
Madhya Pradesh,Sagar,Bina APMC,Wheat,Wheat,FAQ,2610,4082,2950,02/09/2026
Madhya Pradesh,Tikamgarh,Tikamgarh APMC,Wheat,Wheat,FAQ,2600,2680,2645,02/09/2026
Madhya Pradesh,Tikamgarh,Niwadi APMC,Wheat,Mill Quality,FAQ,2600,2643,2620,02/09/2026
Madhya Pradesh,Chhatarpur,Rajnagar APMC,Wheat,Mill Quality,FAQ,2430,2630,2530,02/09/2026
Madhya Pradesh,Dindori,Gorakhpur APMC,Wheat,Mill Quality,FAQ,2300,2500,2500,02/09/2026
Madhya Pradesh,Seoni,Ghansour APMC,Wheat,Mill Quality,FAQ,2510,2530,2520,02/09/2026
Madhya Pradesh,Seoni,Lakhnadon APMC,Wheat,Wheat,Non-FAQ,2550,2575,2575,02/09/2026
Madhya Pradesh,Rewa,Rewa APMC,Wheat,Mill Quality,FAQ,2600,2714,2690,02/09/2026
Madhya Pradesh,Satna,Nagod APMC,Wheat,Wheat,FAQ,2580,2600,2600,02/09/2026
Madhya Pradesh,Rewa,Chaakghat APMC,Wheat,Mill Quality,FAQ,2525,2550,2550,02/09/2026
Madhya Pradesh,Rewa,Chaakghat APMC,Wheat,Wheat,FAQ,2500,2520,2520,02/09/2026
Madhya Pradesh,Panna,Pawai APMC,Wheat,Wheat,Non-FAQ,2530,2530,2530,02/09/2026
Madhya Pradesh,Sehore,Shyampur APMC,Wheat,Mill Quality,FAQ,2525,2525,2525,02/09/2026
Madhya Pradesh,Raisen,Udaipura APMC,Wheat,Mill Quality,FAQ,2375,2660,2605,02/09/2026
Madhya Pradesh,Rajgarh,Khujner APMC,Wheat,Wheat,FAQ,2341,2703,2672,02/09/2026
Madhya Pradesh,Indore,Sanwer APMC,Wheat,Wheat,FAQ,2600,2851,2700,02/09/2026
Madhya Pradesh,Shivpuri,Khaniadhana APMC,Wheat,Mill Quality,Non-FAQ,2475,2505,2505,02/09/2026
Madhya Pradesh,Ashoknagar,Isagarh APMC,Wheat,Wheat,FAQ,2010,4895,4895,02/09/2026
Madhya Pradesh,Satna,Mehar APMC,Wheat,Local,Non-FAQ,2500,2535,2530,02/09/2026
Madhya Pradesh,Guna,Aron APMC,Wheat,Wheat,FAQ,2488,5555,2700,02/09/2026
Madhya Pradesh,Ashoknagar,Chanderi APMC,Wheat,Wheat,Non-FAQ,2600,2711,2645,02/09/2026
Madhya Pradesh,Shivpuri,Barad APMC,Wheat,Wheat,FAQ,2500,2621,2621,02/09/2026
Madhya Pradesh,Panna,Panna APMC,Wheat,Mill Quality,Non-FAQ,2480,2590,2568,02/09/2026
Madhya Pradesh,Datia,Bhander APMC,Wheat,Mill Quality,FAQ,2600,2682,2662,02/09/2026
Madhya Pradesh,Indore,Indore APMC,Wheat,Wheat,FAQ,2185,3151,2950,02/09/2026
Madhya Pradesh,Vidisha,Ganjbasoda APMC,Wheat,Local,FAQ,2577,2613,2613,02/09/2026
Madhya Pradesh,Morena,Morena APMC,Wheat,Wheat,Non-FAQ,2630,2651,2650,02/09/2026
Madhya Pradesh,Raisen,Raisen APMC,Wheat,Mill Quality,FAQ,2640,2640,2640,02/09/2026
Madhya Pradesh,Khandwa,Khandwa APMC,Wheat,Wheat,FAQ,2711,2801,2801,02/09/2026
Madhya Pradesh,Mandsaur,Mandsaur APMC,Wheat,Malwa Shakti,Non-FAQ,2587,2714,2714,02/09/2026
Madhya Pradesh,Rewa,Baikunthpur APMC,Wheat,Wheat,Non-FAQ,2560,2580,2580,02/09/2026
Madhya Pradesh,Chhatarpur,Chhatarpur APMC,Wheat,Mill Quality,Non-FAQ,2309,2660,2640,02/09/2026
Madhya Pradesh,Neemuch,Manasa APMC,Wheat,Wheat,FAQ,2536,2890,2690,02/09/2026
Madhya Pradesh,Bhopal,Berasia APMC,Wheat,Wheat,FAQ,2000,3044,2610,02/09/2026
Madhya Pradesh,Bhopal,Berasia APMC,Wheat,Mill Quality,FAQ,2370,2957,2610,02/09/2026
Madhya Pradesh,Harda,Harda APMC,Wheat,Mill Quality,FAQ,2600,2744,2711,02/09/2026
Madhya Pradesh,Dhar,Kukshi APMC,Wheat,Sujatha,FAQ,2590,2590,2590,02/09/2026
Madhya Pradesh,Ujjain,Mahidpur APMC,Wheat,Wheat,FAQ,2372,2867,2800,02/09/2026
Madhya Pradesh,Ratlam,A lot APMC,Wheat,Wheat,FAQ,2529,2675,2639,02/09/2026
Madhya Pradesh,Chhindwara,Chaurai APMC,Wheat,Mill Quality,FAQ,2540,2774,2750,02/09/2026
Madhya Pradesh,Sehore,Rehati APMC,Wheat,Wheat,FAQ,2400,2400,2400,02/09/2026
Madhya Pradesh,Damoh,Javera APMC,Wheat,Mill Quality,Non-FAQ,2615,2615,2615,02/09/2026
Madhya Pradesh,Damoh,Javera APMC,Wheat,Wheat,Non-FAQ,2530,2580,2565,02/09/2026
Madhya Pradesh,Seoni,Barghat APMC,Wheat,Mill Quality,FAQ,2505,2515,2515,02/09/2026
Madhya Pradesh,Satna,Ramnagar APMC,Wheat,Mill Quality,Non-FAQ,2595,2655,2650,02/09/2026
Madhya Pradesh,Raisen,Obedullaganj APMC,Wheat,Malwa Shakti,FAQ,2615,2615,2615,02/09/2026
Madhya Pradesh,Rajgarh,Biaora APMC,Wheat,Wheat,FAQ,2455,2745,2645,02/09/2026
Madhya Pradesh,Sehore,Jawar APMC,Wheat,Wheat,FAQ,2533,2900,2800,02/09/2026
Madhya Pradesh,Jabalpur,Paatan APMC,Wheat,Wheat,Non-FAQ,2645,2670,2660,02/09/2026
Madhya Pradesh,Ujjain,Ujjain APMC,Wheat,Wheat,FAQ,2200,3085,2600,02/09/2026
Madhya Pradesh,Neemuch,Neemuch APMC,Wheat,Wheat,FAQ,2500,3240,2749,02/09/2026
Madhya Pradesh,Satna,Satna APMC,Wheat,Wheat,Non-FAQ,2500,2500,2500,02/09/2026
Madhya Pradesh,Satna,Satna APMC,Wheat,Wheat,FAQ,2500,2661,2661,02/09/2026
Madhya Pradesh,Vidisha,Vidisha APMC,Wheat,Wheat,FAQ,2500,6001,2630,02/09/2026
Madhya Pradesh,Katni,Katni APMC,Wheat,Wheat,Non-FAQ,2475,2685,2650,02/09/2026
Madhya Pradesh,Sehore,Sehore APMC,Wheat,Sharbati,FAQ,4881,4881,4881,02/09/2026
Madhya Pradesh,Sehore,Sehore APMC,Wheat,Wheat,FAQ,2398,3201,2650,02/09/2026
Madhya Pradesh,Raisen,Raisen APMC,Wheat,Wheat,FAQ,2525,2781,2781,02/09/2026
Madhya Pradesh,Dhar,Dhar APMC,Wheat,Lokwan,FAQ,2500,2740,2550,02/09/2026
Madhya Pradesh,Dhar,Dhar APMC,Wheat,Wheat,FAQ,2300,3032,2766,02/09/2026
Madhya Pradesh,Mandsaur,Mandsaur APMC,Wheat,Lokwan,FAQ,2642,2701,2701,02/09/2026
Madhya Pradesh,Rewa,Baikunthpur APMC,Wheat,Mill Quality,Non-FAQ,2445,2600,2550,02/09/2026
Madhya Pradesh,Umariya,Umariya APMC,Wheat,Other,Non-FAQ,2200,2200,2200,02/09/2026
Madhya Pradesh,Indore,Gautampura APMC,Wheat,Wheat,FAQ,2250,2735,2720,02/09/2026
Madhya Pradesh,Jhabua,Jhabua APMC,Wheat,Wheat,FAQ,2650,3000,2985,02/09/2026
Madhya Pradesh,Ujjain,Nagda APMC,Wheat,Wheat,FAQ,2590,2685,2640,02/09/2026
Madhya Pradesh,Mandsaur,Suvasra APMC,Wheat,Mill Quality,FAQ,2513,2547,2525,02/09/2026
Madhya Pradesh,Raisen,Bareli APMC,Wheat,Mill Quality,FAQ,2577,2725,2692,02/09/2026
Madhya Pradesh,Dhar,Dhamnod APMC,Wheat,Wheat,FAQ,2515,2751,2751,02/09/2026
Madhya Pradesh,Bhind,Gohad APMC,Wheat,Wheat,FAQ,2585,2635,2635,02/09/2026
Madhya Pradesh,Chhatarpur,Badamalhera APMC,Wheat,Mill Quality,Non-FAQ,2450,2665,2650,02/09/2026
Madhya Pradesh,Satna,Amarpatan APMC,Wheat,Mill Quality,FAQ,2536,2560,2548,02/09/2026
Madhya Pradesh,Vidisha,Lateri APMC,Wheat,Mill Quality,Non-FAQ,2535,2700,2700,02/09/2026
Madhya Pradesh,Mandsaur,Bhanpura APMC,Wheat,Mill Quality,FAQ,2500,2600,2500,02/09/2026
Madhya Pradesh,Shajapur,Soyatkalan APMC,Wheat,Wheat,FAQ,2595,2620,2620,02/09/2026
Madhya Pradesh,Mandsaur,Daloda APMC,Wheat,Lokwan,FAQ,2580,2885,2731,02/09/2026
Madhya Pradesh,Gwalior,Bhitarwar APMC,Wheat,Mill Quality,Non-FAQ,2580,2625,2620,02/09/2026
Madhya Pradesh,Raisen,Gairatganj APMC,Wheat,Wheat,Non-FAQ,2700,2700,2700,02/09/2026
Madhya Pradesh,Vidisha,Sironj APMC,Wheat,Wheat,FAQ,2470,2955,2680,02/09/2026
Madhya Pradesh,Bhind,Mow APMC,Wheat,Wheat,FAQ,2460,2590,2590,02/09/2026
Madhya Pradesh,Rajgarh,Khujner APMC,Wheat,Mill Quality,FAQ,2450,2460,2460,02/09/2026
Madhya Pradesh,Harda,Timarni APMC,Wheat,Mill Quality,Non-FAQ,2575,2600,2600,02/09/2026
Madhya Pradesh,Harda,Khirakiya APMC,Wheat,Mill Quality,Non-FAQ,1701,2709,2676,02/09/2026
Madhya Pradesh,Harda,Sirali APMC,Wheat,Mohan Mondal,FAQ,2691,2691,2691,02/09/2026
Madhya Pradesh,Harda,Sirali APMC,Wheat,Mill Quality,FAQ,2601,2729,2671,02/09/2026
Madhya Pradesh,Dhar,Rajgarh APMC,Wheat,Wheat,FAQ,2369,2841,2761,02/09/2026
Madhya Pradesh,Jhabua,Petlawad APMC,Wheat,Wheat,FAQ,2425,2501,2501,02/09/2026
Madhya Pradesh,Ratlam,Taal APMC,Wheat,Wheat,FAQ,2586,2840,2647,02/09/2026
Madhya Pradesh,Shajapur,Badod APMC,Wheat,Wheat,Non-FAQ,2520,2723,2671,02/09/2026
Madhya Pradesh,Guna,Guna APMC,Wheat,Wheat,FAQ,2550,5890,2660,02/09/2026
Madhya Pradesh,Guna,Binaganj APMC,Wheat,Wheat,FAQ,2575,2665,2650,02/09/2026
Madhya Pradesh,Guna,Maksudangarh APMC,Wheat,Wheat,Non-FAQ,2530,2751,2550,02/09/2026
Madhya Pradesh,Chhatarpur,Bakswaha APMC,Wheat,Mill Quality,Non-FAQ,2500,2550,2530,02/09/2026
Madhya Pradesh,Chhatarpur,Naugaon APMC,Wheat,Wheat,Non-FAQ,2582,2690,2640,02/09/2026
Madhya Pradesh,Panna,Simariya APMC,Wheat,Wheat,Non-FAQ,2500,2520,2520,02/09/2026
Madhya Pradesh,Tikamgarh,Palera APMC,Wheat,Mill Quality,Non-FAQ,2520,2560,2540,02/09/2026
Madhya Pradesh,Jabalpur,Shahpura Bhitoni (F&V) APMC,Wheat,Mill Quality,FAQ,2539,2641,2641,02/09/2026
Madhya Pradesh,Mandsaur,Shamgarh APMC,Wheat,Lokwan,Non-FAQ,1610,2625,2625,02/09/2026
Madhya Pradesh,Ratlam,Ratlam APMC,Wheat,Wheat,FAQ,2450,3051,2781,02/09/2026
Madhya Pradesh,Ratlam,Sailana APMC,Wheat,Wheat,FAQ,2599,3000,2991,02/09/2026
Madhya Pradesh,Shivpuri,Pohari APMC,Wheat,Wheat,Non-FAQ,2415,2570,2570,02/09/2026
Madhya Pradesh,Shivpuri,Magroni APMC,Wheat,Wheat,FAQ,2505,2600,2515,02/09/2026
Madhya Pradesh,Bhind,Alampur APMC,Wheat,Wheat,FAQ,2560,2581,2570,02/09/2026
Madhya Pradesh,Sheopur,Sheopurkalan APMC,Wheat,Wheat,Non-FAQ,2570,2650,2650,02/09/2026
Madhya Pradesh,Sheopur,Sheopurkalan APMC,Wheat,Wheat,FAQ,2602,2652,2615,02/09/2026
Madhya Pradesh,Panna,Ajaygarh APMC,Wheat,Mill Quality,FAQ,2530,2550,2550,02/09/2026
Madhya Pradesh,Panna,Devandranagar APMC,Wheat,Wheat,Non-FAQ,2430,2520,2510,02/09/2026
Madhya Pradesh,Narsinghpur,Narsinghpur APMC,Wheat,Mill Quality,FAQ,2613,2682,2669,02/09/2026
Madhya Pradesh,Rajgarh,Kurawar APMC,Wheat,Wheat,FAQ,2380,2820,2710,02/09/2026
Madhya Pradesh,Khandwa,Harsood APMC,Wheat,Wheat,FAQ,2541,2675,2675,02/09/2026
Madhya Pradesh,Khandwa,Pandhana APMC,Wheat,Wheat,FAQ,2550,2675,2675,02/09/2026
Madhya Pradesh,Ujjain,Khachrod APMC,Wheat,Wheat,FAQ,2540,2675,2675,02/09/2026
Madhya Pradesh,Dewas,Kannod APMC,Wheat,Wheat,FAQ,2664,2725,2725,02/09/2026
Madhya Pradesh,Dewas,Bagli APMC,Wheat,Mill Quality,Non-FAQ,2320,2425,2425,02/09/2026
Madhya Pradesh,Mandsaur,Piplya APMC,Wheat,Wheat,FAQ,2583,2928,2665,02/09/2026
Madhya Pradesh,Mandsaur,Shamgarh APMC,Wheat,Wheat,Non-FAQ,1202,2675,2635,02/09/2026
Madhya Pradesh,Mandsaur,Sitmau APMC,Wheat,Wheat,FAQ,2550,2751,2741,02/09/2026
Madhya Pradesh,Ratlam,Ratlam APMC,Wheat,PISSI,FAQ,2681,2681,2681,02/09/2026
Madhya Pradesh,Shivpuri,Badarwas APMC,Wheat,Sharbati,Non-FAQ,3650,4550,4550,02/09/2026
Madhya Pradesh,Shivpuri,Pohari APMC,Wheat,Wheat,FAQ,2475,2475,2475,02/09/2026
Madhya Pradesh,Bhind,Lahar APMC,Wheat,Mill Quality,FAQ,2600,2600,2600,02/09/2026
Madhya Pradesh,Jabalpur,Jabalpur APMC,Wheat,Mill Quality,Non-FAQ,2500,2600,2600,02/09/2026
Madhya Pradesh,Sagar,Deori APMC,Wheat,Wheat,FAQ,2560,2635,2580,02/09/2026
Madhya Pradesh,Chhatarpur,Harpalpur APMC,Wheat,Wheat,FAQ,2599,2699,2680,02/09/2026
Madhya Pradesh,Mandla,Krishi Upaj Mandi Samiti Bichhiya,Wheat,Mill Quality,FAQ,2380,2410,2410,02/09/2026
Madhya Pradesh,Chhindwara,Chhindwara APMC,Wheat,Wheat,FAQ,2725,3000,2780,02/09/2026
Madhya Pradesh,Dindori,Gorakhpur APMC,Wheat,Mill Quality,Non-FAQ,2500,2500,2500,02/09/2026
Madhya Pradesh,Shehdol,Shahdol APMC,Wheat,Wheat,Non-FAQ,2350,2350,2350,02/09/2026
Madhya Pradesh,Chhatarpur,Bijawar APMC,Wheat,Mill Quality,Non-FAQ,2501,2550,2525,02/09/2026
Madhya Pradesh,Tikamgarh,Prithvipur APMC,Wheat,Mill Quality,Non-FAQ,2500,2580,2514,02/09/2026
Madhya Pradesh,Raisen,Begamganj APMC,Wheat,Wheat,FAQ,2550,2630,2575,02/09/2026
Madhya Pradesh,Raisen,Begamganj APMC,Wheat,Wheat,Non-FAQ,2500,2700,2700,02/09/2026
Madhya Pradesh,Vidisha,Sironj APMC,Wheat,Sharbati,FAQ,2803,4895,4895,02/09/2026
Madhya Pradesh,Hoshangabad,Pipariya APMC,Wheat,Wheat,FAQ,2300,2780,2700,02/09/2026
Madhya Pradesh,Hoshangabad,Semriharchand APMC,Wheat,Mill Quality,FAQ,2611,2622,2622,02/09/2026
Madhya Pradesh,Dhar,Badnawar APMC,Wheat,Wheat,FAQ,2376,2790,2715,02/09/2026
Madhya Pradesh,Jhabua,Thandla APMC,Wheat,Mill Quality,FAQ,2550,2550,2550,02/09/2026
Madhya Pradesh,Khargone,Bhikangaon APMC,Wheat,Wheat,FAQ,2558,2754,2650,02/09/2026
Madhya Pradesh,Khargone,Kasrawad APMC,Wheat,Wheat,FAQ,2590,2855,2725,02/09/2026
Madhya Pradesh,Badwani,Anjad APMC,Wheat,Wheat,FAQ,2500,2550,2510,02/09/2026
Madhya Pradesh,Shajapur,Kalapipal APMC,Wheat,Wheat,Non-FAQ,2500,2500,2500,02/09/2026
Madhya Pradesh,Datia,Sevda APMC,Wheat,Mill Quality,Non-FAQ,2576,2592,2592,02/09/2026
Madhya Pradesh,Guna,Maksudangarh APMC,Wheat,Wheat,FAQ,2465,2780,2600,02/09/2026
Madhya Pradesh,Satna,Mehar APMC,Wheat,Local,FAQ,2500,2500,2500,02/09/2026
Madhya Pradesh,Narsinghpur,Gotegaon APMC,Wheat,Wheat,FAQ,2500,2650,2635,02/09/2026
Madhya Pradesh,Balaghat,Praswada APMC,Wheat,Wheat,Non-FAQ,2590,2590,2590,02/09/2026
Madhya Pradesh,Ashoknagar,Ashoknagar APMC,Wheat,Sharbati,FAQ,2625,5095,5095,02/09/2026
Madhya Pradesh,Datia,Bhander APMC,Wheat,Other,FAQ,2601,2679,2679,02/09/2026
Madhya Pradesh,Dewas,Dewas APMC,Wheat,Wheat,FAQ,2036,3100,2800,02/09/2026
Madhya Pradesh,Gwalior,Dabra APMC,Wheat,Wheat,FAQ,2600,2740,2730,02/09/2026
Madhya Pradesh,Vidisha,Ganjbasoda APMC,Wheat,Sharbati,FAQ,3505,4105,4105,02/09/2026
Madhya Pradesh,Vidisha,Ganjbasoda APMC,Wheat,Sujatha,FAQ,2560,3220,2680,02/09/2026
Madhya Pradesh,Katni,Katni APMC,Wheat,Mohan Mondal,FAQ,2500,2500,2500,02/09/2026
Madhya Pradesh,Katni,Katni APMC,Wheat,Mill Quality,FAQ,2400,2622,2400,02/09/2026
Madhya Pradesh,Khandwa,Khandwa APMC,Wheat,Mill Quality,FAQ,2289,2870,2770,02/09/2026
Madhya Pradesh,Khandwa,Khandwa APMC,Wheat,Local,FAQ,2750,2750,2750,02/09/2026
Madhya Pradesh,Indore,Mhow APMC,Wheat,Lokwan,FAQ,2753,2753,2753,02/09/2026
Madhya Pradesh,Hoshangabad,Banapura APMC,Wheat,Local,FAQ,2381,2750,2713,02/09/2026
Madhya Pradesh,Mandla,Mandla APMC,Wheat,Mill Quality,Non-FAQ,2440,2560,2475,02/09/2026
Madhya Pradesh,Shajapur,Nalkehda APMC,Wheat,Wheat,FAQ,2300,2700,2665,02/09/2026
Madhya Pradesh,Morena,Sabalgarh APMC,Wheat,Mill Quality,Non-FAQ,2589,2608,2608,02/09/2026
Madhya Pradesh,Ujjain,Tarana APMC,Wheat,Wheat,FAQ,2409,2602,2595,02/09/2026
Madhya Pradesh,Shajapur,Agar APMC,Wheat,Wheat,FAQ,2459,2846,2670,02/09/2026
Madhya Pradesh,Sagar,Khurai APMC,Wheat,Wheat,FAQ,2600,3201,2630,02/09/2026
Madhya Pradesh,Ashoknagar,Mungawali APMC,Wheat,Wheat,Non-FAQ,2490,2500,2495,02/09/2026
Madhya Pradesh,Rajgarh,Machalpur APMC,Wheat,Wheat,FAQ,2505,2560,2530,02/09/2026
Madhya Pradesh,Shajapur,Akodiya APMC,Wheat,Wheat,FAQ,2570,2790,2630,02/09/2026
Madhya Pradesh,Raisen,Obedullaganj APMC,Wheat,Wheat,FAQ,2500,2603,2600,02/09/2026
Madhya Pradesh,Jabalpur,Sihora APMC,Wheat,Mill Quality,FAQ,2550,2730,2675,02/09/2026
Maharashtra,Nashik,Sinner APMC,Wheat,Other,FAQ,2700,2790,2710,02/09/2026
Maharashtra,Buldhana,Malkapur APMC,Wheat,Other,Non-FAQ,2450,2450,2450,02/09/2026
Maharashtra,Jalgaon,APMC CHOPADA,Wheat,Other,FAQ,2675,2711,2675,02/09/2026
Maharashtra,Latur,Latur(Murud) APMC,Wheat,Maharashtra 2189,Non-FAQ,2100,2360,2200,02/09/2026
Maharashtra,Nagpur,Savner APMC,Wheat,Other,Non-FAQ,2527,2574,2574,02/09/2026
Maharashtra,Nandurbar,APMC Nandurbar,Wheat,Other,FAQ,2625,2775,2775,02/09/2026
Maharashtra,Nandurbar,APMC Nandurbar,Wheat,Other,Non-FAQ,2475,2475,2475,02/09/2026
Maharashtra,Washim,Karanja APMC,Wheat,Other,FAQ,2670,2815,2755,02/09/2026
Maharashtra,Yavatmal,Umarkhed APMC,Wheat,Other,Non-FAQ,2200,2350,2300,02/09/2026
Maharashtra,Beed,Gevrai APMC,Wheat,Other,FAQ,2620,2740,2650,02/09/2026
Maharashtra,Beed,Gevrai APMC,Wheat,Other,Non-FAQ,2500,2550,2510,02/09/2026
Maharashtra,Nashik,Lasalgaon APMC,Wheat,Maharashtra 2189,FAQ,2651,2887,2775,02/09/2026
Maharashtra,Ahilyanagar,Karjat(Rashin) APMC,Wheat,Other,Non-FAQ,2200,2500,2300,02/09/2026
Maharashtra,Buldhana,Krushi Utpanna Bazar Samiti Shegaon,Wheat,Other,FAQ,2600,2700,2650,02/09/2026
Maharashtra,Dhule,Dondaicha (Sindhkheda) APMC,Wheat,Other,Non-FAQ,2500,2550,2500,02/09/2026
Maharashtra,Akola,Akot APMC,Wheat,147 Average,FAQ,2600,2635,2600,02/09/2026
Maharashtra,Buldhana,Lonar APMC,Wheat,Other,FAQ,2600,2800,2700,02/09/2026
Maharashtra,Beed,Ambejogai APMC,Wheat,Red,FAQ,3100,3100,3100,02/09/2026
Maharashtra,Yavatmal,Pusad APMC,Wheat,Other,FAQ,2585,2825,2730,02/09/2026
Maharashtra,Amarawati,Amarawati APMC,Wheat,Other,FAQ,2585,2700,2642,02/09/2026
Maharashtra,Ahilyanagar,"Omchatinya Multi State Agro Purpose Co-Op Society, Dist Ahilyanagar",Wheat,Other,Local,2550,2550,2550,02/09/2026
Maharashtra,Chattrapati Sambhajinagar,Vaijpur APMC,Wheat,Other,FAQ,2590,2865,2650,02/09/2026
Maharashtra,Buldhana,Khamgaon APMC,Wheat,Other,Non-FAQ,2400,2580,2490,02/09/2026
Maharashtra,Jalgaon,Amalner APMC,Wheat,Other,Non-FAQ,2431,2431,2431,02/09/2026
Maharashtra,Nanded,Hadgaon(Tamsa) APMC,Wheat,Other,Non-FAQ,2100,2300,2200,02/09/2026
Maharashtra,Nanded,Mudkhed APMC,Wheat,Other,Non-FAQ,2340,2340,2340,02/09/2026
Maharashtra,Solapur,Barshi(Vairag) APMC,Wheat,Other,FAQ,2811,2811,2811,02/09/2026
Maharashtra,Solapur,Dudhani APMC,Wheat,Maharashtra 2189,FAQ,2615,2665,2640,02/09/2026
Maharashtra,Wardha,Hinganghat APMC,Wheat,Other,FAQ,2585,2695,2630,02/09/2026
Maharashtra,Yavatmal,Babhulgaon APMC,Wheat,Other,FAQ,2601,2685,2651,02/09/2026
Maharashtra,Jalna,Jalana APMC,Wheat,Other,FAQ,2650,2861,2750,02/09/2026
Maharashtra,Jalgaon,Jalgaon APMC,Wheat,147 Average,FAQ,2600,2600,2600,02/09/2026
Maharashtra,Yavatmal,Yavatmal APMC,Wheat,Other,FAQ,2665,2750,2707,02/09/2026
Maharashtra,Ahilyanagar,Kopargaon APMC,Wheat,Other,FAQ,2698,2740,2718,02/09/2026
Maharashtra,Ahilyanagar,Karjat(Rashin) APMC,Wheat,Other,FAQ,2600,2700,2600,02/09/2026
Maharashtra,Ahilyanagar,Karjat APMC,Wheat,Other,FAQ,2600,2800,2600,02/09/2026
Maharashtra,Beed,Kaij APMC,Wheat,Other,Non-FAQ,2521,2570,2550,02/09/2026
Maharashtra,Buldhana,"Bsk Krishi Bazar Private Limited, Mehkar, Dist Buldhana",Wheat,Other,Local,2500,2600,2558,02/09/2026
Maharashtra,Chattrapati Sambhajinagar,Paithan APMC,Wheat,Bansi,FAQ,2650,2772,2700,02/09/2026
Maharashtra,Beed,Majalgaon APMC,Wheat,Other,FAQ,2588,2750,2661,02/09/2026
Maharashtra,Solapur,Kurdwadi APMC,Wheat,Other,FAQ,3000,3000,3000,02/09/2026
Maharashtra,Latur,Ahmedpur APMC,Wheat,Other,Non-FAQ,2550,2560,2555,02/09/2026
Maharashtra,Nanded,Hadgaon APMC,Wheat,Other,Non-FAQ,2200,2400,2300,02/09/2026
Maharashtra,Dharashiv,Tuljapur APMC,Wheat,Other,Non-FAQ,2400,2570,2525,02/09/2026
Maharashtra,Pune,Shirur APMC,Wheat,Other,Non-FAQ,2200,2550,2500,02/09/2026
Maharashtra,Solapur,Barshi APMC,Wheat,Other,Non-FAQ,2550,2550,2550,02/09/2026
Maharashtra,Ahilyanagar,Karjat APMC,Wheat,Other,Non-FAQ,2200,2500,2200,02/09/2026
Maharashtra,Dhule,Sakri APMC,Wheat,Other,Non-FAQ,2520,2540,2540,02/09/2026
Maharashtra,Ahilyanagar,Shevgaon APMC,Wheat,Maharashtra 2189,FAQ,2700,2700,2700,02/09/2026
Maharashtra,Ahilyanagar,Shevgaon APMC,Wheat,Maharashtra 2189,Non-FAQ,2500,2500,2500,02/09/2026
Maharashtra,Wardha,APMC SINDI BRANCH SELOO,Wheat,Other,Non-FAQ,2400,2580,2500,02/09/2026
Maharashtra,Yavatmal,"Shekari Krushi Khajgi Bazar, Arni, Dist Yavatmal",Wheat,Other,Local,2576,2660,2600,02/09/2026
Maharashtra,Ahilyanagar,Shevgaon(Bodhegaon) APMC,Wheat,Maharashtra 2189,FAQ,2600,2600,2600,02/09/2026
Maharashtra,Chattrapati Sambhajinagar,Agricultural Produce Market Committee Sillod,Wheat,Other,FAQ,2585,2630,2600,02/09/2026
Maharashtra,Chattrapati Sambhajinagar,Chattrapati Sambhajinagar APMC,Wheat,Other,FAQ,2600,3057,2828,02/09/2026
Maharashtra,Buldhana,Malkapur APMC,Wheat,Other,FAQ,2635,2820,2700,02/09/2026
Maharashtra,Hingoli,Hingoli APMC,Wheat,Sharbati,FAQ,2585,2710,2647,02/09/2026
Maharashtra,Hingoli,Jawala-Bajar APMC,Wheat,Other,Non-FAQ,2200,2300,2250,02/09/2026
Maharashtra,Jalna,Partur APMC,Wheat,Maharashtra 2189,Non-FAQ,2400,2580,2440,02/09/2026
Maharashtra,Jalgaon,APMC PACHORA,Wheat,Other,Non-FAQ,2551,2580,2571,02/09/2026
Maharashtra,Kolhapur,Kolhapur(Laxmipuri) APMC,Wheat,Other,FAQ,2950,4200,3575,02/09/2026
Maharashtra,Latur,Aurad Shahajani APMC,Wheat,Maharashtra 2189,FAQ,2585,2612,2600,02/09/2026
Maharashtra,Mumbai,Mumbai APMC,Wheat,Other,FAQ,3000,5500,4200,02/09/2026
Maharashtra,Nashik,Devala APMC,Wheat,Maharashtra 2189,FAQ,2630,2630,2630,02/09/2026
Maharashtra,Dharashiv,Murum APMC,Wheat,Bansi,FAQ,2651,2651,2651,02/09/2026
Maharashtra,Parbhani,Gangakhed APMC,Wheat,Other,FAQ,2700,2750,2700,02/09/2026
Maharashtra,Pune,Shirur APMC,Wheat,Other,FAQ,2600,2700,2700,02/09/2026
Maharashtra,Sangli,Sangli APMC,Wheat,Other,FAQ,3000,4500,3750,02/09/2026
Maharashtra,Solapur,Dudhani APMC,Wheat,Maharashtra 2189,Non-FAQ,2540,2540,2540,02/09/2026
Maharashtra,Palghar,Ulhasnagar APMC,Wheat,Other,FAQ,3200,3600,3400,02/09/2026
Maharashtra,Washim,Mangrulpeer APMC,Wheat,Other,FAQ,2585,2720,2610,02/09/2026
Maharashtra,Wardha,Hinganghat APMC,Wheat,Other,Non-FAQ,2555,2580,2570,02/09/2026
Maharashtra,Wardha,Wardha APMC,Wheat,Other,FAQ,2650,2740,2700,02/09/2026
Maharashtra,Yavatmal,Digras APMC,Wheat,Other,FAQ,2750,2790,2775,02/09/2026
Maharashtra,Nagpur,Agriculture Produce Market Committee Katol,Wheat,Other,FAQ,2620,2620,2620,02/09/2026
Maharashtra,Amarawati,Dhamngaon-Railway APMC,Wheat,Other,Non-FAQ,2400,2500,2490,02/09/2026
Maharashtra,Buldhana,Mehekar APMC,Wheat,Other,Non-FAQ,2000,2550,2300,02/09/2026
Maharashtra,Dhule,Dondaicha (Sindhkheda) APMC,Wheat,Other,FAQ,2590,2778,2741,02/09/2026
Maharashtra,Buldhana,Deoulgaon Raja APMC,Wheat,Other,Non-FAQ,2400,2400,2400,02/09/2026
Maharashtra,Yavatmal,KISAN MARKET YARD,Wheat,Other,Local,2380,2600,2469,02/09/2026
Maharashtra,Washim,"Krushna Krishi Bazar, Washim",Wheat,Other,Local,2000,2650,2621,02/09/2026
Maharashtra,Buldhana,Deoulgaon Raja APMC,Wheat,Other,FAQ,2651,2700,2651,02/09/2026
Maharashtra,Buldhana,Chikali APMC,Wheat,Other,Non-FAQ,2000,2400,2200,02/09/2026
Maharashtra,Akola,Murtizapur APMC,Wheat,Other,FAQ,2590,2700,2645,02/09/2026
Maharashtra,Beed,Vadvani APMC,Wheat,Other,Non-FAQ,2400,2575,2525,02/09/2026
Maharashtra,Ahilyanagar,Rahuri(Vambori) APMC,Wheat,Other,FAQ,2616,2750,2652,02/09/2026
Maharashtra,Chattrapati Sambhajinagar,Chattrapati Sambhajinagar APMC,Wheat,Other,Non-FAQ,2535,2535,2535,02/09/2026
Maharashtra,Solapur,SHRI.SIDDHESHWAR  APMC,Wheat,Sharbati,FAQ,2640,4185,3670,02/09/2026
Maharashtra,Beed,Beed APMC,Wheat,Other,Non-FAQ,2300,2511,2400,02/09/2026
Maharashtra,Buldhana,Khamgaon APMC,Wheat,Other,FAQ,2600,2600,2600,02/09/2026
Maharashtra,Amarawati,Achalpur APMC,Wheat,Other,FAQ,2585,2650,2600,02/09/2026
Maharashtra,Jalgaon,APMC CHOPADA,Wheat,Other,Non-FAQ,2535,2535,2535,02/09/2026
Maharashtra,Jalgaon,Parola APMC,Wheat,Kalyan,Non-FAQ,2550,2550,2550,02/09/2026
Maharashtra,Jalgaon,APMC PACHORA,Wheat,Other,FAQ,2585,2760,2651,02/09/2026
Maharashtra,Latur,Aurad Shahajani APMC,Wheat,Maharashtra 2189,Non-FAQ,2555,2584,2570,02/09/2026
Maharashtra,Nanded,Bhokar APMC,Wheat,Other,Non-FAQ,2300,2450,2375,02/09/2026
Maharashtra,Nandurbar,Shahada APMC,Wheat,Other,FAQ,2640,2775,2640,02/09/2026
Maharashtra,Nashik,Lasalgaon(Niphad) APMC,Wheat,Maharashtra 2189,FAQ,2661,2775,2671,02/09/2026
Maharashtra,Parbhani,Parbhani APMC,Wheat,Other,Non-FAQ,2200,2550,2300,02/09/2026
Maharashtra,Nashik,Malegaon APMC,Wheat,Other,FAQ,2586,3051,2700,02/09/2026
Maharashtra,Jalgaon,Jalgaon APMC,Wheat,147 Average,Non-FAQ,2553,2553,2553,02/09/2026
Maharashtra,Nashik,Nandgaon APMC,Wheat,Maharashtra 2189,FAQ,2650,2751,2650,02/09/2026
Uttar Pradesh,Banda,Banda APMC,Wheat,Other,FAQ,2650,2650,2650,02/09/2026
Uttar Pradesh,Etah,Aliganj APMC,Wheat,Wheat-Organic,FAQ,2600,2600,2600,02/09/2026
Uttar Pradesh,Auraiya,Achalda APMC,Wheat,Medium Fine,FAQ,2500,2500,2500,02/09/2026
Uttar Pradesh,Auraiya,Achalda APMC,Wheat,Other,FAQ,2400,2400,2400,02/09/2026
Uttar Pradesh,Mirzapur,Ahirora APMC,Wheat,Medium,FAQ,2450,2455,2451.21,02/09/2026
Uttar Pradesh,Fatehpur,Fatehpur APMC,Wheat,Medium,FAQ,2475,2475,2475,02/09/2026
Uttar Pradesh,Azamgarh,Azamgarh APMC,Wheat,Local,FAQ,2585,2585,2585,02/09/2026
Uttar Pradesh,Lakhimpur,Golagokarnath APMC,Wheat,Dara,FAQ,2600,2625,2615.59,02/09/2026
Uttar Pradesh,Jhansi,Jhansi APMC,Wheat,Other,FAQ,2350,2355,2353.05,02/09/2026
Uttar Pradesh,Kasganj,Kasganj APMC,Wheat,Dara Mill Quality,FAQ,2659.84,2660,2659.98,02/09/2026
Uttar Pradesh,Hamirpur,Maudaha APMC,Wheat,Dara Mill Quality,FAQ,2330,2330,2330,02/09/2026
Uttar Pradesh,Hardoi,Shahabad(New Mandi) APMC,Wheat,Dara,FAQ,2450,2450,2450,02/09/2026
Uttar Pradesh,Siddharth Nagar,Shohratgarh APMC,Wheat,Dara,FAQ,2450,2600,2474.09,02/09/2026
Uttar Pradesh,Agra,Fatehabad APMC,Wheat,Local,FAQ,2520,2525,2522.52,02/09/2026
Uttar Pradesh,Bahraich,Rupaidiha APMC,Wheat,Dara,FAQ,2500,2600,2526.33,02/09/2026
Uttar Pradesh,Mahoba,Panwari APMC,Wheat,Other,FAQ,2350,2350,2350,02/09/2026
Uttar Pradesh,Balrampur,Utraula APMC,Wheat,Deshi,FAQ,2405,2405,2405,02/09/2026
Uttar Pradesh,Balrampur,Utraula APMC,Wheat,Dara,FAQ,2450,2650,2506.69,02/09/2026
Uttar Pradesh,Bareilly,Bareilly APMC,Wheat,Other,FAQ,2603,2603,2603,02/09/2026
Uttar Pradesh,Bareilly,Bareilly APMC,Wheat,Medium,FAQ,2600,2600,2600,02/09/2026
Uttar Pradesh,Bareilly,Bareilly APMC,Wheat,Dara Mill Quality,FAQ,2600,2610,2603.55,02/09/2026
Uttar Pradesh,Balrampur,Balrampur APMC,Wheat,Dara,FAQ,2600,2800,2708.05,02/09/2026
Uttar Pradesh,Basti,Basti APMC,Wheat,Dara Mill Quality,FAQ,2500,2500,2500,02/09/2026
Uttar Pradesh,Fatehpur,Bindki APMC,Wheat,Kalawal,FAQ,2400,2400,2400,02/09/2026
Uttar Pradesh,Fatehpur,Bindki APMC,Wheat,Dara,FAQ,2400,2600,2472.91,02/09/2026
Uttar Pradesh,Pillibhit,Bishalpur APMC,Wheat,Other,FAQ,2500,2500,2500,02/09/2026
Uttar Pradesh,Kanpur,Choubepur APMC,Wheat,Dara Mill Quality,FAQ,2400,2400,2400,02/09/2026
Uttar Pradesh,Deoria,Devariya APMC,Wheat,Sharbati,FAQ,2735.05,2735.05,2735.05,02/09/2026
Uttar Pradesh,Deoria,Devariya APMC,Wheat,Sonalika,FAQ,2736.2,2736.2,2736.2,02/09/2026
Uttar Pradesh,Jhansi,Gurusarai APMC,Wheat,Kalawal,FAQ,2585,2585,2585,02/09/2026
Uttar Pradesh,Jhansi,Gurusarai APMC,Wheat,Medium,FAQ,2585,2600,2594.51,02/09/2026
Uttar Pradesh,Amethi,Jafarganj APMC,Wheat,Dara,FAQ,2320,2675,2567.89,02/09/2026
Uttar Pradesh,Prayagraj,Lediyari APMC,Wheat,Other,FAQ,2400,2600,2585,02/09/2026
Uttar Pradesh,Bulandshahar,Khurja APMC,Wheat,Other,FAQ,2600,2600,2600,02/09/2026
Uttar Pradesh,Sitapur,Mehmoodabad APMC,Wheat,Other,FAQ,2600,2670,2650.36,02/09/2026
Uttar Pradesh,Jhansi,Moth APMC,Wheat,Other,FAQ,2600,2690,2637.43,02/09/2026
Uttar Pradesh,Balrampur,Panchpedwa APMC,Wheat,Other,FAQ,2380,2380,2380,02/09/2026
Uttar Pradesh,Shravasti,Payagpur APMC,Wheat,Medium,FAQ,2450,2515,2473.22,02/09/2026
Uttar Pradesh,Kanpur Dehat,Rura APMC,Wheat,Dara,FAQ,2500,2600,2563.24,02/09/2026
Uttar Pradesh,Kanpur Dehat,Rura APMC,Wheat,Other,FAQ,2500,2500,2500,02/09/2026
Uttar Pradesh,Prayagraj,Prayagraj APMC,Wheat,Dara,FAQ,2415,2425,2420.71,02/09/2026
Uttar Pradesh,Prayagraj,Sirsa APMC,Wheat,Other,FAQ,2500,2600,2585,02/09/2026
Uttar Pradesh,Hathras,Sikandraraau APMC,Wheat,Dara,FAQ,2500,2500,2500,02/09/2026
Uttar Pradesh,Badaun,Ujhani APMC,Wheat,Other,FAQ,2650,2650,2650,02/09/2026
Uttar Pradesh,Unnao,Unnao APMC,Wheat,Dara Mill Quality,FAQ,2550,2550,2550,02/09/2026
Uttar Pradesh,Shahjahanpur,Powayan APMC,Wheat,Dara,FAQ,2530,2540,2534.57,02/09/2026
Uttar Pradesh,Gorakhpur,Gorakhpur APMC,Wheat,Dara,FAQ,2500,2745,2678.86,02/09/2026
Uttar Pradesh,Badaun,Badayoun APMC,Wheat,Other,FAQ,2500,2500,2500,02/09/2026
Uttar Pradesh,Gonda,Gonda APMC,Wheat,Dara Mill Quality,FAQ,2800,2800,2800,02/09/2026
Uttar Pradesh,Gorakhpur,Sehjanwa APMC,Wheat,Dara,FAQ,2420,2817,2626.92,02/09/2026
Uttar Pradesh,Jalaun (Orai),Madhogarh APMC,Wheat,Dara,FAQ,2450,2450,2450,02/09/2026
Uttar Pradesh,Jalaun (Orai),Madhogarh APMC,Wheat,Local,FAQ,2450,2450,2450,02/09/2026
Uttar Pradesh,Banda,Atarra APMC,Wheat,Deshi,FAQ,2450,2510,2479.62,02/09/2026
Uttar Pradesh,Saharanpur,Gangoh APMC,Wheat,Other,FAQ,2470,2470,2470,02/09/2026
Uttar Pradesh,Kanpur Dehat,Pukharayan APMC,Wheat,Sharbati,FAQ,2450,2450,2450,02/09/2026
Uttar Pradesh,Auraiya,Dibiapur APMC,Wheat,Hybrid,FAQ,2500,2500,2500,02/09/2026
Uttar Pradesh,Agra,Fatehpur Sikri APMC,Wheat,Dara Mill Quality,FAQ,2550,2550,2550,02/09/2026
Uttar Pradesh,Badaun,Dataganj APMC,Wheat,Dara,FAQ,2500,2600,2550,02/09/2026
Uttar Pradesh,Mahoba,Charkhari APMC,Wheat,Dara,FAQ,2400,2400,2400,02/09/2026
Uttar Pradesh,Lucknow,Banthara APMC,Wheat,Medium,FAQ,2510,2510,2510,02/09/2026
Uttar Pradesh,Agra,Khairagarh APMC,Wheat,Dara,FAQ,2500,2550,2525,02/09/2026
Uttar Pradesh,Etah,Etah APMC,Wheat,Dara,FAQ,2500,2500,2500,02/09/2026
Uttar Pradesh,Etah,Etah APMC,Wheat,Other,FAQ,2500,2500,2500,02/09/2026
Uttar Pradesh,Kasganj,Kasganj APMC,Wheat,Medium,FAQ,2600,2600,2600,02/09/2026
Uttar Pradesh,Siddharth Nagar,Shohratgarh APMC,Wheat,Other,FAQ,2450,2450,2450,02/09/2026
Uttar Pradesh,Bahraich,Naanpara APMC,Wheat,Dara,FAQ,2700,2700,2700,02/09/2026
Uttar Pradesh,Agra,Jagnair APMC,Wheat,Medium,FAQ,2495,2500,2498.99,02/09/2026
Uttar Pradesh,Bareilly,Anwala APMC,Wheat,Other,FAQ,2650,2650,2650,02/09/2026
Uttar Pradesh,Kanpur,Kanpur(Grain) APMC,Wheat,Medium,FAQ,2360,2365,2362.24,02/09/2026
Uttar Pradesh,Lakhimpur,Lakhimpur APMC,Wheat,Dara,FAQ,2400,2660,2489.02,02/09/2026
Uttar Pradesh,Lalitpur,Lalitpur APMC,Wheat,Medium Fine,FAQ,2350,2350,2350,02/09/2026
Uttar Pradesh,Lalitpur,Lalitpur APMC,Wheat,Dara,FAQ,2350,2575,2421.41,02/09/2026
Uttar Pradesh,Shahjahanpur,Shahjahanpur APMC,Wheat,Dara,FAQ,2475,2475,2475,02/09/2026
Uttar Pradesh,Sitapur,Sidhauli APMC,Wheat,Dara,FAQ,2400,2400,2400,02/09/2026
Uttar Pradesh,Bahraich,Bahraich APMC,Wheat,Hybrid,FAQ,2530,2570,2557.07,02/09/2026
Uttar Pradesh,Unnao,Bangarmau APMC,Wheat,Dara,FAQ,2500,2600,2509.33,02/09/2026
Uttar Pradesh,Basti,Basti APMC,Wheat,Other,FAQ,2450,2450,2450,02/09/2026
Uttar Pradesh,Fatehpur,Bindki APMC,Wheat,Dara Mill Quality,FAQ,2400,2400,2400,02/09/2026
Uttar Pradesh,Sitapur,Viswan APMC,Wheat,Mill Quality,FAQ,2400,2400,2400,02/09/2026
Uttar Pradesh,Kanpur,Choubepur APMC,Wheat,Kalawal,FAQ,2400,2400,2400,02/09/2026
Uttar Pradesh,Deoria,Devariya APMC,Wheat,Dara,FAQ,2450,2754.13,2588.3,02/09/2026
Uttar Pradesh,Ayodhya,Ayodhya APMC,Wheat,Dara Mill Quality,FAQ,2500,2600,2576.5,02/09/2026
Uttar Pradesh,Jhansi,Gurusarai APMC,Wheat,Hybrid,FAQ,2585,2585,2585,02/09/2026
Uttar Pradesh,Fatehpur,Jahanabad APMC,Wheat,Dara,FAQ,2500,2500,2500,02/09/2026
Uttar Pradesh,Bulandshahar,Jahangirabad APMC,Wheat,Other,FAQ,2600,2650,2639.5,02/09/2026
Uttar Pradesh,Mathura,Kosikalan APMC,Wheat,Dara,Grade Range-1,2500,2600,2550,02/09/2026
Uttar Pradesh,Mathura,Kosikalan APMC,Wheat,Dara,FAQ,2500,2750,2599.74,02/09/2026
Uttar Pradesh,Hardoi,Madhoganj APMC,Wheat,Hybrid,FAQ,2600,2600,2600,02/09/2026
Uttar Pradesh,Mathura,Mathura APMC,Wheat,Other,FAQ,2451,2631,2597.03,02/09/2026
Uttar Pradesh,Jhansi,Moth APMC,Wheat,Deshi,FAQ,2600,2700,2624.34,02/09/2026
Uttar Pradesh,Jhansi,Moth APMC,Wheat,Dara,FAQ,2600,2600,2600,02/09/2026
Uttar Pradesh,Hamirpur,Muskara APMC,Wheat,Other,FAQ,2350,2350,2350,02/09/2026
Uttar Pradesh,Maharajganj,Nautnava APMC,Wheat,Wheat-Organic,FAQ,2400,2400,2400,02/09/2026
Uttar Pradesh,Balrampur,Panchpedwa APMC,Wheat,Dara,FAQ,2380,2400,2387.54,02/09/2026
Uttar Pradesh,Lakhimpur,Paliakala APMC,Wheat,Dara,FAQ,2400,2500,2411.21,02/09/2026
Uttar Pradesh,Shravasti,Payagpur APMC,Wheat,Other,FAQ,2450,2600,2560.53,02/09/2026
Uttar Pradesh,Amethi,Sultanpur APMC,Wheat,Other,FAQ,2450,2500,2471.87,02/09/2026
Uttar Pradesh,Ambedkarnagar,Tanda Akbarpur APMC,Wheat,Dara,FAQ,2450,2450,2450,02/09/2026
Uttar Pradesh,Firozabad,Tundla APMC,Wheat,Medium,FAQ,2725,2750,2736.96,02/09/2026
Uttar Pradesh,Kaushambi,Bharwari APMC,Wheat,Other,FAQ,2500,2500,2500,02/09/2026
Uttar Pradesh,Sitapur,Mishrit APMC,Wheat,Dara,FAQ,2500,2500,2500,02/09/2026
Uttar Pradesh,Bahraich,Risia APMC,Wheat,Dara,FAQ,2400,2400,2400,02/09/2026
Uttar Pradesh,Mainpuri,Mainpuri APMC,Wheat,Dara,FAQ,2551,2585,2569.69,02/09/2026
Uttar Pradesh,Mainpuri,Mainpuri APMC,Wheat,H.D.,FAQ,2585,2585,2585,02/09/2026
Uttar Pradesh,Raebarelli,Lalganj APMC,Wheat,Dara,FAQ,2400,2692,2615.31,02/09/2026
Uttar Pradesh,Amroha,Hasanpur APMC,Wheat,Dara Mill Quality,FAQ,2595,2595,2595,02/09/2026
Uttar Pradesh,Gautam Budh Nagar,Jewar APMC,Wheat,Other,FAQ,2500,2650,2586.54,02/09/2026
Uttar Pradesh,Chitrakut,Mau(Chitrakut) APMC,Wheat,Medium,FAQ,2400,2400,2400,02/09/2026
Uttar Pradesh,Auraiya,Dibiapur APMC,Wheat,Dara,FAQ,2400,2600,2421.83,02/09/2026
Uttar Pradesh,Siddharth Nagar,Naugarh APMC,Wheat,Dara,FAQ,2500,2560,2507.33,02/09/2026
Uttar Pradesh,Agra,Khairagarh APMC,Wheat,Other,FAQ,2550,2550,2550,02/09/2026
Uttar Pradesh,Auraiya,Auraiya APMC,Wheat,Other,FAQ,2620,2620,2620,02/09/2026
Uttar Pradesh,Maharajganj,Partaval APMC,Wheat,Other,FAQ,2410,2410,2410,02/09/2026
Uttar Pradesh,Maharajganj,Partaval APMC,Wheat,Dara,FAQ,2400,2400,2400,02/09/2026
Uttar Pradesh,Siddharth Nagar,Bansi APMC,Wheat,Dara,FAQ,2500,2500,2500,02/09/2026
Uttar Pradesh,Khiri (Lakhimpur),Mohammdi APMC,Wheat,Other,FAQ,2570,2570,2570,02/09/2026
Uttar Pradesh,Sant Kabir Nagar,Khalilabad APMC,Wheat,Other,FAQ,2530,2530,2530,02/09/2026
Uttar Pradesh,Jalaun (Orai),Ait APMC,Wheat,Other,FAQ,2502,2505,2503.6,02/09/2026
Uttar Pradesh,Banda,Baberu APMC,Wheat,Dara,FAQ,2500,2500,2500,02/09/2026
Uttar Pradesh,Muzaffarnagar,Shahpur APMC,Wheat,Dara,FAQ,2605,2610,2607.5,02/09/2026
Uttar Pradesh,Maharajganj,Partaval APMC,Wheat,Sharbati,FAQ,2400,2400,2400,02/09/2026
Uttar Pradesh,Fatehpur,Khaga APMC,Wheat,Other,FAQ,2450,2450,2450,02/09/2026
Uttar Pradesh,Jhansi,Gurusarai APMC,Wheat,Sonalika,FAQ,2585,2585,2585,02/09/2026
Uttar Pradesh,Sitapur,Hargaon (Laharpur) APMC,Wheat,Dara Mill Quality,FAQ,2410,2410,2410,02/09/2026
Uttar Pradesh,Hathras,Haathras APMC,Wheat,Dara,FAQ,2624.13,2624.13,2624.13,02/09/2026
Uttar Pradesh,Raebarelli,Jayas APMC,Wheat,Dara,FAQ,2400,2690,2508.13,02/09/2026
Uttar Pradesh,Ghazipur,Jangipura APMC,Wheat,Other,FAQ,2700,2700,2700,02/09/2026
Uttar Pradesh,Baghpat,Khekda APMC,Wheat,Dara,FAQ,2700,2700,2700,02/09/2026
Uttar Pradesh,Bulandshahar,Khurja APMC,Wheat,PBW-343,FAQ,2600,2600,2600,02/09/2026
Uttar Pradesh,Fatehpur,Kishunpur APMC,Wheat,Other,FAQ,2500,2500,2500,02/09/2026
Uttar Pradesh,Kaushambi,Manjhanpur APMC,Wheat,Kalyan,FAQ,2400,2400,2400,02/09/2026
Uttar Pradesh,Kaushambi,Manjhanpur APMC,Wheat,Other,FAQ,2400,2400,2400,02/09/2026
Uttar Pradesh,Gonda,Nawabganj APMC,Wheat,Other,FAQ,2660,2675,2668.63,02/09/2026
Uttar Pradesh,Pratapgarh,Pratapgarh APMC,Wheat,Medium,FAQ,2400,2400,2400,02/09/2026
Uttar Pradesh,Pratapgarh,Pratapgarh APMC,Wheat,Dara,FAQ,2400,2610,2434.04,02/09/2026
Uttar Pradesh,Sonbhadra,Robertsganj APMC,Wheat,Other,FAQ,2500,2500.14,2500.08,02/09/2026
Uttar Pradesh,Siddharth Nagar,Sahiyapur APMC,Wheat,Other,FAQ,2430,2660,2463.24,02/09/2026
Uttar Pradesh,Raebarelli,Salon APMC,Wheat,Other,FAQ,2400,2400,2400,02/09/2026
Uttar Pradesh,Jaunpur,Shahganj APMC,Wheat,Medium,FAQ,2400,2400,2400,02/09/2026
Uttar Pradesh,Bulandshahar,Sikarpur APMC,Wheat,Dara,FAQ,2455,2455,2455,02/09/2026
Uttar Pradesh,Balrampur,Tulsipur APMC,Wheat,Super Fine,FAQ,2500,2500,2500,02/09/2026
Uttar Pradesh,Unnao,Unnao APMC,Wheat,Other,FAQ,2585,2585,2585,02/09/2026
Uttar Pradesh,Hardoi,Sandila APMC,Wheat,Dara Mill Quality,FAQ,2450,2450,2450,02/09/2026
Uttar Pradesh,Sambhal,Bhehjoi APMC,Wheat,Dara,Local,2500,2510,2505,02/09/2026
Uttar Pradesh,Kanpur,Baripaal APMC,Wheat,Dara Mill Quality,FAQ,2550,2550,2550,02/09/2026
Uttar Pradesh,Maharajganj,Anandnagar APMC,Wheat,Dara,FAQ,2400,2400,2400,02/09/2026
Uttar Pradesh,Kannuj,Kannauj APMC,Wheat,Dara,FAQ,2500,2500,2500,02/09/2026
Uttar Pradesh,Hardoi,Hardoi APMC,Wheat,Mill Quality,FAQ,2700,2700,2700,02/09/2026
Uttar Pradesh,Bareilly,Bareilly APMC,Wheat,Dara,FAQ,2600,2603,2601.32,02/09/2026
Uttar Pradesh,Barabanki,Barabanki APMC,Wheat,Hybrid,FAQ,2450,2450,2450,02/09/2026
Uttar Pradesh,Etawah,Bharthna APMC,Wheat,Other,FAQ,2550,2550,2550,02/09/2026
Uttar Pradesh,Etawah,Bharthna APMC,Wheat,Dara,FAQ,2550,2590,2556.35,02/09/2026
Uttar Pradesh,Badaun,Bilsi APMC,Wheat,Dara,FAQ,2600,2600,2600,02/09/2026
Uttar Pradesh,Fatehpur,Bindki APMC,Wheat,Other,FAQ,2400,2640,2484.45,02/09/2026
Uttar Pradesh,Sitapur,Viswan APMC,Wheat,MP Quality,FAQ,2400,2400,2400,02/09/2026
Uttar Pradesh,Deoria,Devariya APMC,Wheat,Hybrid,FAQ,2754.05,2754.05,2754.05,02/09/2026
Uttar Pradesh,Ambedkarnagar,Akbarpur APMC,Wheat,Dara,FAQ,2450,2500,2464.47,02/09/2026
Uttar Pradesh,Bulandshahar,Sikanderabad APMC,Wheat,Local,FAQ,2650,2650,2650,02/09/2026
Uttar Pradesh,Kanpur,Kanpur(Grain) APMC,Wheat,Dara Mill Quality,FAQ,2360,2360,2360,02/09/2026
Uttar Pradesh,Kanpur,Kanpur(Grain) APMC,Wheat,Hybrid,FAQ,2680,2680,2680,02/09/2026
Uttar Pradesh,Bahraich,Rupaidiha APMC,Wheat,Other,FAQ,2650,2650,2650,02/09/2026
Uttar Pradesh,Lalitpur,Lalitpur APMC,Wheat,2189 No. 2,FAQ,3216,3216,3216,02/09/2026
Uttar Pradesh,Lalitpur,Lalitpur APMC,Wheat,2189 No. 1,FAQ,3000,3219,3139.67,02/09/2026
Uttar Pradesh,Lalitpur,Lalitpur APMC,Wheat,Local,FAQ,2350,2350,2350,02/09/2026
Uttar Pradesh,Lalitpur,Lalitpur APMC,Wheat,Other,FAQ,2350,2595,2396.06,02/09/2026
Uttar Pradesh,Lalitpur,Lalitpur APMC,Wheat,Super Fine,FAQ,2350,2350,2350,02/09/2026
Uttar Pradesh,Sambhal,Muradabad APMC,Wheat,Dara,FAQ,2550,2550,2550,02/09/2026
Uttar Pradesh,Aligarh,Aligarh APMC,Wheat,Dara,FAQ,2500,2710,2549.65,02/09/2026
Uttar Pradesh,Chitrakut,Karvi APMC,Wheat,Hybrid,FAQ,2600,2600,2600,02/09/2026
Uttar Pradesh,Chitrakut,Karvi APMC,Wheat,Dara,FAQ,2300,2300,2300,02/09/2026
Uttar Pradesh,Kanpur Dehat,Jhijhank APMC,Wheat,Dara,FAQ,2350,2650,2501.09,02/09/2026
Uttar Pradesh,Hamirpur,Maudaha APMC,Wheat,Other,FAQ,2330,2600,2506.16,02/09/2026
Uttar Pradesh,Banda,Atarra APMC,Wheat,Dara,FAQ,2450,2450,2450,02/09/2026
Uttar Pradesh,Chitrakut,Mau(Chitrakut) APMC,Wheat,Other,FAQ,2590,2590,2590,02/09/2026
Uttar Pradesh,Khiri (Lakhimpur),Maigalganj APMC,Wheat,Dara,FAQ,2600,2655,2643.67,02/09/2026
Uttar Pradesh,Sant Kabir Nagar,Khalilabad APMC,Wheat,Dara,FAQ,2530,2530,2530,02/09/2026
Uttar Pradesh,Agra,Fatehpur Sikri APMC,Wheat,Dara,FAQ,2550,2550.01,2550,02/09/2026
Uttar Pradesh,Shahjahanpur,Jalalabad APMC,Wheat,Dara,FAQ,2430,2430,2430,02/09/2026
Uttar Pradesh,Shahjahanpur,Jalalabad APMC,Wheat,Other,FAQ,2430,2700,2552.11,02/09/2026
Uttar Pradesh,Lucknow,Banthara APMC,Wheat,Other,FAQ,2625,2650,2636.1,02/09/2026
Uttar Pradesh,Banda,Baberu APMC,Wheat,Other,FAQ,2500,2500,2500,02/09/2026
Uttar Pradesh,Auraiya,Achalda APMC,Wheat,Dara,FAQ,2400,2400,2400,02/09/2026
Uttar Pradesh,Jalaun (Orai),Orai APMC,Wheat,Other,FAQ,2650,2650,2650,02/09/2026
Uttar Pradesh,Jalaun (Orai),Orai APMC,Wheat,Dara,FAQ,2500,2580,2538.73,02/09/2026
Uttar Pradesh,Fatehpur,Fatehpur APMC,Wheat,Other,FAQ,2550,2550,2550,02/09/2026
Uttar Pradesh,Chitrakut,Karvi APMC,Wheat,Medium,FAQ,2600,2600,2600,02/09/2026
Uttar Pradesh,Badaun,Babrala APMC,Wheat,Dara,Local,2580,2600,2590,02/09/2026
Uttar Pradesh,Kanpur Dehat,Jhijhank APMC,Wheat,Hybrid,FAQ,2630,2630,2630,02/09/2026
Uttar Pradesh,Farukhabad,Kayamganj APMC,Wheat,Dara,FAQ,2600,2600,2600,02/09/2026
Uttar Pradesh,Jalaun (Orai),Kalpi APMC,Wheat,Other,FAQ,2325,2350,2339.93,02/09/2026
Uttar Pradesh,Jalaun (Orai),Kalpi APMC,Wheat,Dara,FAQ,2450,2500,2464.39,02/09/2026
Uttar Pradesh,Kasganj,Kasganj APMC,Wheat,Other,FAQ,2500,2700,2643.68,02/09/2026
Uttar Pradesh,Kasganj,Kasganj APMC,Wheat,Dara,FAQ,2500,2650,2580.93,02/09/2026
Uttar Pradesh,Kasganj,Kasganj APMC,Wheat,Medium Fine,FAQ,2641.99,2641.99,2641.99,02/09/2026
Uttar Pradesh,Kasganj,Kasganj APMC,Wheat,Deshi,FAQ,2642,2645,2643.65,02/09/2026
Uttar Pradesh,Hamirpur,Maudaha APMC,Wheat,Deshi,FAQ,2330,2330,2330,02/09/2026
Uttar Pradesh,Ambedkarnagar,Akbarpur APMC,Wheat,Other,FAQ,2500,2500,2500,02/09/2026
Uttar Pradesh,Maharajganj,Gadaura APMC,Wheat,Dara,FAQ,2500,2500,2500,02/09/2026
Uttar Pradesh,Bareilly,Anwala APMC,Wheat,Kanak,FAQ,2500,2500,2500,02/09/2026
Uttar Pradesh,Kanpur,Kanpur(Grain) APMC,Wheat,Dara,FAQ,2710,2750,2720.84,02/09/2026
Uttar Pradesh,Lalitpur,Lalitpur APMC,Wheat,147 Average,FAQ,3215,3215,3215,02/09/2026
Uttar Pradesh,Meerut,Meerut APMC,Wheat,Other,FAQ,2600,2610,2604.38,02/09/2026
Uttar Pradesh,Shahjahanpur,Shahjahanpur APMC,Wheat,Other,FAQ,2475,2600,2541.59,02/09/2026
Uttar Pradesh,Sitapur,Sitapur APMC,Wheat,Medium,FAQ,2450,2550,2490.01,02/09/2026
Uttar Pradesh,Hardoi,Hardoi APMC,Wheat,Dara Mill Quality,FAQ,2600,2600,2600,02/09/2026
Uttar Pradesh,Jaunpur,Jaunpur APMC,Wheat,Deshi,FAQ,2550,2550,2550,02/09/2026
Uttar Pradesh,Jaunpur,Jaunpur APMC,Wheat,Dara Mill Quality,FAQ,2707,2713,2710.31,02/09/2026
Uttar Pradesh,Lucknow,Lucknow APMC,Wheat,Medium,FAQ,2640,2690,2687.59,02/09/2026
Uttar Pradesh,Mainpuri,Mainpuri APMC,Wheat,Super Fine,FAQ,2585,2585,2585,02/09/2026
Uttar Pradesh,Mainpuri,Mainpuri APMC,Wheat,Other,FAQ,2551,2590,2570.27,02/09/2026
Uttar Pradesh,Gonda,Gonda APMC,Wheat,Dara,FAQ,2500,2500,2500,02/09/2026
Uttar Pradesh,Gorakhpur,Sehjanwa APMC,Wheat,Deshi,FAQ,2470,2530,2490.83,02/09/2026
Uttar Pradesh,Kasganj,Ganj Dundwara APMC,Wheat,Dara,FAQ,2550,2550,2550,02/09/2026
Uttar Pradesh,Bahraich,Mihipurwa APMC,Wheat,Other,FAQ,2540,2550,2546.5,02/09/2026
Uttar Pradesh,Auraiya,Auraiya APMC,Wheat,Dara,FAQ,2620,2620,2620,02/09/2026
Uttar Pradesh,Mau(Maunathbhanjan),Kopaganj APMC,Wheat,Dara,FAQ,2585,2683,2611.26,02/09/2026
Uttar Pradesh,Fatehpur,Khaga APMC,Wheat,Dara,FAQ,2450,2450,2450,02/09/2026
Uttar Pradesh,Barabanki,Barabanki APMC,Wheat,Other,FAQ,2450,2600,2495.35,02/09/2026
Uttar Pradesh,Barabanki,Barabanki APMC,Wheat,Dara,FAQ,2450,2550,2477.37,02/09/2026
Uttar Pradesh,Jhansi,Chirgaon APMC,Wheat,Other,FAQ,2500,2632,2569.26,02/09/2026
Uttar Pradesh,Gonda,Colonelganj APMC,Wheat,Dara,FAQ,2450,2500,2476.58,02/09/2026
Uttar Pradesh,Ayodhya,Ayodhya APMC,Wheat,Other,FAQ,2600,2600,2600,02/09/2026
Uttar Pradesh,Ayodhya,Ayodhya APMC,Wheat,Dara,FAQ,2500,2500,2500,02/09/2026
Uttar Pradesh,Etah,Etah APMC,Wheat,Wheat-Organic,FAQ,2500,2500,2500,02/09/2026
Uttar Pradesh,Amethi,Sultanpur APMC,Wheat,Dara,FAQ,2450,2450,2450,02/09/2026
Uttar Pradesh,Balrampur,Tulsipur APMC,Wheat,Medium,FAQ,2500,2500,2500,02/09/2026
Uttar Pradesh,Firozabad,Tundla APMC,Wheat,Local,FAQ,2750,2800,2773.33,02/09/2026
Uttar Pradesh,Hardoi,Sandila APMC,Wheat,Dara,FAQ,2450,2720.39,2475.17,02/09/2026
Uttar Pradesh,Sambhal,Bhehjoi APMC,Wheat,Mill Quality,FAQ,2590,2620,2605.33,02/09/2026
Uttar Pradesh,Sambhal,Bhehjoi APMC,Wheat,Dara,FAQ,2500,2500,2500,02/09/2026
Uttar Pradesh,Bulandshahar,Gulavati APMC,Wheat,Other,FAQ,2600,2600,2600,02/09/2026
Uttar Pradesh,Fatehpur,Jahanabad APMC,Wheat,Dara Mill Quality,FAQ,2490,2500,2494.69,02/09/2026
Uttar Pradesh,Jalaun (Orai),Jalaun APMC,Wheat,Mill Quality,FAQ,2600,2600,2600,02/09/2026
Uttar Pradesh,Jalaun (Orai),Jalaun APMC,Wheat,Other,FAQ,2600,2600,2600,02/09/2026
Uttar Pradesh,Mathura,Kosikalan APMC,Wheat,Other,FAQ,2610,2610,2610,02/09/2026
Uttar Pradesh,Mahoba,Mahoba APMC,Wheat,Dara,FAQ,2300,2390,2335.08,02/09/2026
Uttar Pradesh,Lalitpur,Mehrauni APMC,Wheat,Other,FAQ,2400,2700,2504.51,02/09/2026
Uttar Pradesh,Gonda,Nawabganj APMC,Wheat,Dara,FAQ,2510,2675,2615.47,02/09/2026
Uttar Pradesh,Pratapgarh,Pratapgarh APMC,Wheat,Other,FAQ,2400,2400,2400,02/09/2026
Uttar Pradesh,Kanpur Dehat,Rura APMC,Wheat,Medium,FAQ,2500,2650,2601.47,02/09/2026
Uttar Pradesh,Prayagraj,Prayagraj APMC,Wheat,Medium,FAQ,2250,2250,2250,02/09/2026
Uttar Pradesh,Ayodhya,Rudauli APMC,Wheat,Dara,FAQ,2425,2735,2622.12,02/09/2026
Uttar Pradesh,Barabanki,Safdarganj APMC,Wheat,Local,FAQ,2775,2775,2775,02/09/2026
Uttar Pradesh,Siddharth Nagar,Sahiyapur APMC,Wheat,Local,FAQ,2430,2430,2430,02/09/2026
Uttar Pradesh,Siddharth Nagar,Sahiyapur APMC,Wheat,Dara,FAQ,2430,2430,2430,02/09/2026
Uttar Pradesh,Raebarelli,Salon APMC,Wheat,Dara,FAQ,2400,2600,2462.18,02/09/2026
Uttar Pradesh,Rampur,Shahabad APMC,Wheat,Other,FAQ,2587,2588,2587.5,02/09/2026
Uttar Pradesh,Jaunpur,Shahganj APMC,Wheat,Dara,FAQ,2400,2700,2555.14,02/09/2026
Uttar Pradesh,Banda,Banda APMC,Wheat,Dara,FAQ,2425,2440,2425.91,02/09/2026
Uttar Pradesh,Raebarelli,Bachranwa APMC,Wheat,Dara,FAQ,2400,2600,2504.32,02/09/2026
Uttar Pradesh,Etah,Aliganj APMC,Wheat,Dara,FAQ,2500,2500,2500,02/09/2026
Uttar Pradesh,Agra,Achnera APMC,Wheat,Dara Mill Quality,FAQ,2560,2560,2560,02/09/2026
Uttar Pradesh,Mirzapur,Ahirora APMC,Wheat,Medium Fine,FAQ,2450,2450,2450,02/09/2026
Uttar Pradesh,Aligarh,Aligarh APMC,Wheat,Other,FAQ,2600,2650,2625.94,02/09/2026
Uttar Pradesh,Chitrakut,Karvi APMC,Wheat,Other,FAQ,2550,2550,2550,02/09/2026
Uttar Pradesh,Aligarh,Atrauli APMC,Wheat,Dara,FAQ,2600,2620,2604.51,02/09/2026
Uttar Pradesh,Azamgarh,Azamgarh APMC,Wheat,Dara,FAQ,2585,2700,2601.53,02/09/2026
Uttar Pradesh,Lakhimpur,Golagokarnath APMC,Wheat,Other,FAQ,2640,2655,2648.27,02/09/2026
Uttar Pradesh,Bhadohi(Sant Ravi Nagar),Gopiganj APMC,Wheat,Medium,FAQ,2500,2500,2500,02/09/2026
Uttar Pradesh,Bahraich,Naanpara APMC,Wheat,Hybrid,FAQ,2500,2500,2500,02/09/2026
Uttar Pradesh,Kanpur,Kanpur(Grain) APMC,Wheat,Other,FAQ,2570,2650,2610.46,02/09/2026
Uttar Pradesh,Ghazipur,Saidpur APMC,Wheat,Other,FAQ,2450,2450,2450,02/09/2026
Uttar Pradesh,Shahjahanpur,Meeranpur Katra APMC,Wheat,Other,FAQ,2490,2490,2490,02/09/2026
Uttar Pradesh,Bahraich,Bahraich APMC,Wheat,Other,FAQ,2500,2560,2527.95,02/09/2026
Uttar Pradesh,Balrampur,Balrampur APMC,Wheat,Medium,FAQ,2400,2400,2400,02/09/2026
Uttar Pradesh,Basti,Basti APMC,Wheat,Medium,FAQ,2450,2650,2559.54,02/09/2026
Uttar Pradesh,Basti,Basti APMC,Wheat,Dara,FAQ,2450,2650,2522.99,02/09/2026
Uttar Pradesh,Hamirpur,Bharuasumerpur APMC,Wheat,Medium,FAQ,2500,2500,2500,02/09/2026
Uttar Pradesh,Fatehpur,Bindki APMC,Wheat,Deshi,FAQ,2405,2405,2405,02/09/2026
Uttar Pradesh,Aligarh,Charra APMC,Wheat,Dara,FAQ,2500,2500,2500,02/09/2026
Uttar Pradesh,Kannuj,Chhibramau APMC,Wheat,Deshi,FAQ,2420,2420,2420,02/09/2026
Uttar Pradesh,Deoria,Devariya APMC,Wheat,Other,FAQ,2750,2750,2750,02/09/2026
Uttar Pradesh,Deoria,Devariya APMC,Wheat,White,FAQ,2760,2770,2764.02,02/09/2026
Uttar Pradesh,Ayodhya,Ayodhya APMC,Wheat,Medium,FAQ,2500,2500,2500,02/09/2026
Uttar Pradesh,Jhansi,Gurusarai APMC,Wheat,Deshi,FAQ,2585,2585,2585,02/09/2026
Uttar Pradesh,Jhansi,Gurusarai APMC,Wheat,Other,FAQ,2585,2585,2585,02/09/2026
Uttar Pradesh,Hathras,Haathras APMC,Wheat,Medium,FAQ,2500,2505,2501.74,02/09/2026
Uttar Pradesh,Hathras,Haathras APMC,Wheat,Other,FAQ,2521,2700,2630.86,02/09/2026
Uttar Pradesh,Bijnor,Kiratpur APMC,Wheat,Hybrid,FAQ,2600,2600,2600,02/09/2026
Uttar Pradesh,Mathura,Mathura APMC,Wheat,Dara,FAQ,2450,2615,2491.97,02/09/2026
Uttar Pradesh,Jaunpur,Mugrabaadshahpur APMC,Wheat,Medium,FAQ,2425,2425,2425,02/09/2026
Uttar Pradesh,Maharajganj,Nautnava APMC,Wheat,Dara,FAQ,2400,2400,2400,02/09/2026
Uttar Pradesh,Shravasti,Payagpur APMC,Wheat,Super Fine,FAQ,2500,2500,2500,02/09/2026
Uttar Pradesh,Kanpur Dehat,Rura APMC,Wheat,Hybrid,FAQ,2500,2500,2500,02/09/2026
Uttar Pradesh,Raebarelli,Raibareilly APMC,Wheat,Dara,FAQ,2400,2610,2526.49,02/09/2026
Uttar Pradesh,Barabanki,Safdarganj APMC,Wheat,Other,FAQ,2450,2700,2557.1,02/09/2026
Uttar Pradesh,Barabanki,Safdarganj APMC,Wheat,Dara,FAQ,2450,2875,2512.86,02/09/2026
Uttar Pradesh,Siddharth Nagar,Sahiyapur APMC,Wheat,Sonalika,FAQ,2430,2430,2430,02/09/2026
Uttar Pradesh,Siddharth Nagar,Sahiyapur APMC,Wheat,Medium,FAQ,2650,2650,2650,02/09/2026
Uttar Pradesh,Bulandshahar,Sikarpur APMC,Wheat,Other,FAQ,2455,2455,2455,02/09/2026
Uttar Pradesh,Hathras,Sikandraraau APMC,Wheat,Other,FAQ,2500,2600,2508.95,02/09/2026
Uttar Pradesh,Amethi,Sultanpur APMC,Wheat,Deshi,FAQ,2452,2453,2452.57,02/09/2026
Uttar Pradesh,Badaun,Ujhani APMC,Wheat,Medium,FAQ,2500,2500,2500,02/09/2026
Uttar Pradesh,Unnao,Unnao APMC,Wheat,Dara,FAQ,2560,2560,2560,02/09/2026
Uttar Pradesh,Kanpur,Uttaripura APMC,Wheat,Other,FAQ,2400,2400,2400,02/09/2026
Uttar Pradesh,Prayagraj,Ajuha APMC,Wheat,Dara,FAQ,2500,2500,2500,02/09/2026
Uttar Pradesh,Kanpur,Baripaal APMC,Wheat,Dara,FAQ,2550,2550,2550,02/09/2026
Uttar Pradesh,Kaushambi,Bharwari APMC,Wheat,Dara,FAQ,2500,2500,2500,02/09/2026
Uttar Pradesh,Sitapur,Maholi APMC,Wheat,Dara,FAQ,2400,2400,2400,02/09/2026
Uttar Pradesh,Gorakhpur,Gorakhpur APMC,Wheat,Dara Mill Quality,FAQ,2500,2500,2500,02/09/2026
Uttar Pradesh,Hardoi,Hardoi APMC,Wheat,Dara,FAQ,2550,2560,2551.43,02/09/2026
Uttar Pradesh,Mainpuri,Mainpuri APMC,Wheat,Medium,FAQ,2585,2612,2588.8,02/09/2026
Uttar Pradesh,Badaun,Badayoun APMC,Wheat,Local,FAQ,2500,2500,2500,02/09/2026
Uttar Pradesh,Saharanpur,Nanuta APMC,Wheat,Other,FAQ,2500,2500,2500,02/09/2026
Uttar Pradesh,Bahraich,Mihipurwa APMC,Wheat,Dara,FAQ,2450,2600,2508.33,02/09/2026
Uttar Pradesh,Chitrakut,Mau(Chitrakut) APMC,Wheat,Deshi,FAQ,2400,2970,2672.61,02/09/2026
Uttar Pradesh,Khiri (Lakhimpur),Mohammdi APMC,Wheat,Dara,FAQ,2400,2400,2400,02/09/2026
Uttar Pradesh,Unnao,Purwa APMC,Wheat,Dara,FAQ,2450.85,2550,2479.18,02/09/2026
Uttar Pradesh,Kanpur Dehat,Pukharayan APMC,Wheat,Dara,FAQ,2450,2600,2527.73,02/09/2026
Uttar Pradesh,Badaun,Dataganj APMC,Wheat,PBW-343,FAQ,2500,2500,2500,02/09/2026
Uttar Pradesh,Mahoba,Charkhari APMC,Wheat,Deshi,FAQ,2400,2400,2400,02/09/2026
Uttar Pradesh,Hamirpur,Raath APMC,Wheat,Other,FAQ,2400,2400,2400,02/09/2026
Uttar Pradesh,Lucknow,Banthara APMC,Wheat,Dara,FAQ,2500,2830,2692.19,02/09/2026
Uttar Pradesh,Shravasti,Bhinga APMC,Wheat,Other,FAQ,2500,2500,2500,02/09/2026
Rajasthan,Jhalawar,Manohararthana APMC,Wheat,Wheat,Local,2550,2665,2607,02/09/2026
Rajasthan,Jhalawar,Khanpur APMC,Wheat,Other,FAQ,2650,2831,2740,02/09/2026
Rajasthan,Chittorgarh,Kapasan APMC,Wheat,Lokwan,FAQ,2400,2600,2500,02/09/2026
Rajasthan,Jhalawar,Bhawani Mandi APMC,Wheat,Other,Local,2500,2620,2560,02/09/2026
Rajasthan,Ganganagar,Sri Karanpur APMC,Wheat,Other,FAQ,2565,2631,2620,02/09/2026
Rajasthan,Pratapgarh,Pratapgarh APMC,Wheat,Other,FAQ,2550,2828,2680,02/09/2026
Rajasthan,Kota,Itawa APMC,Wheat,Other,Local,2630,2786,2708,02/09/2026
Rajasthan,Bundi,Dei APMC,Wheat,Other,Local,2650,2686,2660,02/09/2026
Rajasthan,Jhalawar,Choumahla APMC,Wheat,Other,Non-FAQ,2540,2770,2655,02/09/2026
Rajasthan,Tonk,Dooni APMC,Wheat,147 Average,Local,2550,2639,2595,02/09/2026
Rajasthan,Ganganagar,Padampur APMC,Wheat,Other,FAQ,2650,2891,2712,02/09/2026
Rajasthan,Kota,Khatauli APMC,Wheat,Wheat,Local,2550,2617,2585,02/09/2026
Rajasthan,Jhalawar,Iklera APMC,Wheat,Other,Local,2450,2680,2565,02/09/2026
Rajasthan,Bundi,Bundi APMC,Wheat,Other,FAQ,2620,2711,2666,02/09/2026
Rajasthan,Ganganagar,Rawla APMC,Wheat,Other,FAQ,2560,2560,2560,02/09/2026
Rajasthan,Ganganagar,Jaitsar APMC,Wheat,Other,FAQ,2350,2640,2600,02/09/2026
Rajasthan,Hanumangarh,Bhadara APMC,Wheat,147 Average,Non-FAQ,2659,2659,2659,02/09/2026
Rajasthan,Dausa,Mandawar APMC,Wheat,Other,FAQ,2540,2574,2566,02/09/2026
Rajasthan,Tonk,Uniyara APMC,Wheat,Other,FAQ,2556,2556,2556,02/09/2026
Rajasthan,Chittorgarh,Nimbahera APMC,Wheat,Other,FAQ,2600,2900,2750,02/09/2026
Rajasthan,Hanumangarh,Sangriya APMC,Wheat,Other,Local,2677,2680,2680,02/09/2026
Rajasthan,Ganganagar,Suratgarh APMC,Wheat,Other,FAQ,2640,2645,2643,02/09/2026
Rajasthan,Baran,Atru APMC,Wheat,Other,Local,2551,2721,2636,02/09/2026
Rajasthan,Dausa,Dausa APMC,Wheat,Other,Local,2520,2635,2577,02/09/2026
Rajasthan,Baran,Kawai Salpura - Atru APMC,Wheat,Other,Local,2648,2841,2745,02/09/2026
Rajasthan,Pratapgarh,Chhotisadri APMC,Wheat,Local,Local,2300,3090,2695,02/09/2026
Rajasthan,Ganganagar,Gharsana APMC,Wheat,Other,FAQ,2435,2645,2630,02/09/2026
Rajasthan,Baran,Anta APMC,Wheat,Other,Local,2565,2618,2591,02/09/2026
Rajasthan,Jaipur,Bassi APMC,Wheat,Other,Local,2555,2670,2612,02/09/2026
Rajasthan,Baran,Nahargarh APMC,Wheat,Other,Local,2750,2750,2750,02/09/2026
Rajasthan,Bharatpur,Bhusawar Bair APMC,Wheat,147 Average,Local,2550,2650,2600,02/09/2026
Rajasthan,Baran,Baran APMC,Wheat,Other,Local,2508,2799,2700,02/09/2026
Rajasthan,Ganganagar,Sadulshahar APMC,Wheat,Other,FAQ,2660,2692,2675,02/09/2026
Rajasthan,Ganganagar,Gajsinghpur APMC,Wheat,Other,Local,2300,2641,2520,02/09/2026
Rajasthan,Udaipur,Fatehnagar APMC,Wheat,Local,FAQ,2655,2779,2724,02/09/2026
Rajasthan,Swai Madhopur,Sawai Madhopur APMC,Wheat,Other,FAQ,2565,2605,2585,02/09/2026
Rajasthan,Tonk,Malpura APMC,Wheat,Other,FAQ,2500,2570,2535,02/09/2026
Rajasthan,Tonk,Todaraisingh APMC,Wheat,Other,FAQ,2540,2582,2560,02/09/2026
Rajasthan,Swai Madhopur,Gangapur City APMC,Wheat,Other,Non-FAQ,2540,2700,2550,02/09/2026
Karnataka,Bidar,Basava Kalayana APMC,Wheat,Mexican,FAQ,2550,2800,2590,02/09/2026
Karnataka,Bidar,Basava Kalayana APMC,Wheat,Mill Quality,Non-FAQ,3400,4500,4100,02/09/2026
Karnataka,Bengaluru,Bengaluru APMC,Wheat,Local,FAQ,3200,4500,3850,02/09/2026
Karnataka,Gadag,Gadag APMC,Wheat,White,FAQ,1757,2339,2029,02/09/2026
Karnataka,Raichur,Manvi APMC,Wheat,Other,Non-FAQ,2750,2760,2755,02/09/2026
Karnataka,Vijayapura,Vijayapura APMC,Wheat,Sona,Local,3175,3945,3560,02/09/2026
Karnataka,Gadag,Laxmeshwar APMC,Wheat,White,Non-FAQ,2525,2525,2525,02/09/2026
Karnataka,Dharwad,APMC Hubballi,Wheat,Jawari,Local,1856,2052,1954,02/09/2026
Gujarat,Dahod,Dahod APMC,Wheat,147 Average,Local,2850,2900,2875,02/09/2026
Gujarat,Patan,Siddhpur APMC,Wheat,Hybrid,FAQ,2590,2825,2707,02/09/2026
Gujarat,Banaskanth,Palanpur APMC,Wheat,Deshi,Local,2635,2635,2635,02/09/2026
Gujarat,Patan,Radhanpur APMC,Wheat,Other,Local,2475,2780,2625,02/09/2026
Gujarat,Sabarkantha,Modasa(Tintoi) APMC,Wheat,Lokwan,FAQ,2575,2625,2625,02/09/2026
Gujarat,Mehsana,Mehsana(Jornang) APMC,Wheat,Other,Local,2520,2625,2550,02/09/2026
Gujarat,Anand,Borsad APMC,Wheat,Other,Local,2150,2150,2150,02/09/2026
Gujarat,Banaskanth,Dhanera APMC,Wheat,Other,Local,2540,2700,2620,02/09/2026
Gujarat,Sabarkantha,Meghraj APMC,Wheat,Other,Local,2400,2450,2450,02/09/2026
Gujarat,Gandhinagar,Kalol APMC,Wheat,Other,Local,2650,2805,2700,02/09/2026
Gujarat,Gandhinagar,Dehgam APMC,Wheat,Other,FAQ,2715,2725,2720,02/09/2026
Gujarat,Kachchh,Anjar APMC,Wheat,Local,FAQ,2300,2300,2300,02/09/2026
Gujarat,Gandhinagar,Mansa APMC,Wheat,Local,Local,2450,3050,2720,02/09/2026
Gujarat,Sabarkantha,Talod APMC,Wheat,Other,FAQ,2500,2790,2645,02/09/2026
Gujarat,Ahmedabad,Viramgam APMC,Wheat,Other,Local,2550,2775,2660,02/09/2026
Gujarat,Sabarkantha,Modasa APMC,Wheat,Lokwan Gujrat,FAQ,2675,2735,2735,02/09/2026
Gujarat,Gandhinagar,Dehgam(Rekhiyal) APMC,Wheat,Other,FAQ,2625,2675,2650,02/09/2026
Gujarat,Mehsana,Vijapur APMC,Wheat,Other,Grade Range-1,2645,2825,2680,02/09/2026
Gujarat,Sabarkantha,Himatnagar APMC,Wheat,Sonalika,Local,2650,2975,2750,02/09/2026
Gujarat,Banaskanth,Tharad APMC,Wheat,Other,Local,2575,2600,2587,02/09/2026
Gujarat,Sabarkantha,Vadali APMC,Wheat,Other,FAQ,2650,2750,2700,02/09/2026
Gujarat,Mehsana,Vijapur(Kukarvada) APMC,Wheat,Other,Grade Range-1,2605,2875,2700,02/09/2026
Gujarat,Amreli,Rajula APMC,Wheat,PISSI,Local,2500,2950,2725,02/09/2026
Gujarat,Mehsana,Visnagar APMC,Wheat,Other,Local,2570,2740,2655,02/09/2026
Gujarat,Bhavnagar,Mahuva(Station Road) APMC,Wheat,Kalyan,FAQ,2510,2960,2735,02/09/2026
Gujarat,Banaskanth,Deesa APMC,Wheat,Other,FAQ,2625,2900,2750,02/09/2026
West Bengal,Nadia,Karimpur APMC,Wheat,Local,Local,2750,2950,2900,02/09/2026
West Bengal,Murshidabad,Kandi APMC,Wheat,Sonalika,FAQ,2700,2800,2750,02/09/2026
West Bengal,Paschim Bardhaman,Asansol APMC,Wheat,Kalyan,FAQ,2600,2850,2750,02/09/2026
West Bengal,Murshidabad,Jiaganj APMC,Wheat,Sonalika,FAQ,2700,2800,2750,02/09/2026
West Bengal,Bankura,Bishnupur(Bankura) APMC,Wheat,Sonalika,FAQ,2600,2750,2650,02/09/2026
West Bengal,Murshidabad,Kasimbazar APMC,Wheat,Sonalika,FAQ,2700,2800,2750,02/09/2026
West Bengal,Bankura,Khatra APMC,Wheat,Sonalika,FAQ,2600,2750,2700,02/09/2026
West Bengal,Paschim Bardhaman,Durgapur APMC,Wheat,Kalyan,FAQ,2600,2850,2765,02/09/2026
Bihar,Sheikhpura,Barbigha APMC,Wheat,147 Average,FAQ,2500,2700,2600,02/09/2026
Bihar,Sheikhpura,Shekhpura APMC,Wheat,147 Average,FAQ,2500,2680,2580,02/09/2026
Telangana,Sangareddy,Zaheerabad APMC,Wheat,Local,Local,2522,2522,2522,02/09/2026
Telangana,Nirmal,Bhainsa APMC,Wheat,Hybrid,FAQ,1713,2329,1713,02/09/2026
Uttarakhand,Haridwar,Lakshar APMC,Wheat,Other,Local,2585,2600,2600,02/09/2026
Assam,Kamrup,Fancy Bazaar APMC,Wheat Atta,Wheat Atta,FAQ,6600,9200,7000,02/09/2026
Maharashtra,Solapur,SHRI.SIDDHESHWAR  APMC,Rice,Other,Local,3585,7340,4185,02/09/2026
Maharashtra,Raigad,Mangaon APMC,Rice,Other,Local,2000,4800,3800,02/09/2026
Maharashtra,Palghar,Palghar APMC,Rice,1009 Kar,Local,4975,4975,4975,02/09/2026
Maharashtra,Palghar,Ulhasnagar APMC,Rice,Other,Local,4000,5000,4500,02/09/2026
Maharashtra,Mumbai,Mumbai APMC,Rice,Other,Local,8000,11000,10000,02/09/2026
Maharashtra,Pune,Pune APMC,Rice,Other,Local,4600,7400,6000,02/09/2026
Maharashtra,Raigad,Karjat(Raigad) APMC,Rice,Other,Local,3800,5500,4800,02/09/2026
Maharashtra,Palghar,APMC VASAI,Rice,1009 Kar,Local,3250,4850,4260,02/09/2026
Maharashtra,Raigad,Murud APMC,Rice,Other,Local,4000,4500,4250,02/09/2026
Maharashtra,Sangli,Sangli APMC,Rice,Other,Local,4500,9500,7000,02/09/2026
Maharashtra,Raigad,Alibagh APMC,Rice,Other,Local,4000,4500,4250,02/09/2026
Uttar Pradesh,Bijnor,Najibabad APMC,Rice,Other,FAQ,3730.03,3730.03,3730.03,02/09/2026
Uttar Pradesh,Shravasti,Payagpur APMC,Rice,Common,FAQ,2500,2500,2500,02/09/2026
Uttar Pradesh,Amroha,Hasanpur APMC,Rice,Other,FAQ,8478.99,8478.99,8478.99,02/09/2026
Uttar Pradesh,Varanasi,Varanasi APMC,Rice,Common,FAQ,4403.6,6146.62,5201.61,02/09/2026
Uttar Pradesh,Ghaziabad,Noida APMC,Rice,Common,FAQ,7731.95,7731.95,7731.95,02/09/2026
Uttar Pradesh,Ballia,Ballia APMC,Rice,Common,FAQ,2400,2400,2400,02/09/2026
Uttar Pradesh,Barabanki,Barabanki APMC,Rice,Common,FAQ,2400,2400,2400,02/09/2026
Uttar Pradesh,Mau(Maunathbhanjan),Doharighat APMC,Rice,Common,FAQ,2500,2500,2500,02/09/2026
Uttar Pradesh,Ayodhya,Ayodhya APMC,Rice,Common,FAQ,2000,2000,2000,02/09/2026
Uttar Pradesh,Jaunpur,Shahganj APMC,Rice,Common,FAQ,2600,2700,2653.85,02/09/2026
Uttar Pradesh,Kanpur,Uttaripura APMC,Rice,Common,FAQ,2150,2150,2150,02/09/2026
Uttar Pradesh,Chitrakut,Mau(Chitrakut) APMC,Rice,Common,FAQ,2400,2400,2400,02/09/2026
Uttar Pradesh,Kanpur Dehat,Pukharayan APMC,Rice,Common,FAQ,2475,2500,2496.61,02/09/2026
Uttar Pradesh,Lucknow,Banthara APMC,Rice,Common,FAQ,2600,2600,2600,02/09/2026
Uttar Pradesh,Bahraich,Bahraich APMC,Rice,Common,FAQ,2750,2775,2761.79,02/09/2026
Uttar Pradesh,Fatehpur,Bindki APMC,Rice,Common,FAQ,2510,2740,2520.83,02/09/2026
Uttar Pradesh,Ayodhya,Ayodhya APMC,Rice,Other,FAQ,2500,2600,2522.32,02/09/2026
Uttar Pradesh,Raebarelli,Jayas APMC,Rice,Common,FAQ,2400,2500,2445.59,02/09/2026
Uttar Pradesh,Fatehpur,Kishunpur APMC,Rice,Other,FAQ,2400,2400,2400,02/09/2026
Uttar Pradesh,Maharajganj,Nautnava APMC,Rice,Common,FAQ,2000,2000,2000,02/09/2026
Uttar Pradesh,Hardoi,Sandila APMC,Rice,Common,FAQ,2600,2600,2600,02/09/2026
Uttar Pradesh,Gorakhpur,Gorakhpur APMC,Rice,Kalanamak,FAQ,13500,13500,13500,02/09/2026
Uttar Pradesh,Mahoba,Charkhari APMC,Rice,Other,FAQ,2600,2600,2600,02/09/2026
Uttar Pradesh,Lucknow,Banthara APMC,Rice,Other,FAQ,9652.6,9652.6,9652.6,02/09/2026
Uttar Pradesh,Mau(Maunathbhanjan),Kopaganj APMC,Rice,Common,FAQ,2460,2890,2536.74,02/09/2026
Uttar Pradesh,Etawah,Etawah APMC,Rice,Other,FAQ,2300,2300,2300,02/09/2026
Uttar Pradesh,Sitapur,Sitapur APMC,Rice,Common,FAQ,2505,6926.96,5850.11,02/09/2026
Uttar Pradesh,Fatehpur,Bindki APMC,Rice,Other,FAQ,2510,2510,2510,02/09/2026
Uttar Pradesh,Ghazipur,Jangipura APMC,Rice,Common,FAQ,2730,2730,2730,02/09/2026
Uttar Pradesh,Sitapur,Mehmoodabad APMC,Rice,Common,FAQ,2220,2235,2224.45,02/09/2026
Uttar Pradesh,Prayagraj,Prayagraj APMC,Rice,Basmati Golden Sela New,FAQ,3500,3500,3500,02/09/2026
Uttar Pradesh,Prayagraj,Prayagraj APMC,Rice,Common,FAQ,2500,2950,2837.5,02/09/2026
Uttar Pradesh,Shamli,Shamli APMC,Rice,Common,FAQ,4200,4200,4200,02/09/2026
Uttar Pradesh,Hathras,Sikandraraau APMC,Rice,Phalguna,FAQ,2215,2215,2215,02/09/2026
Uttar Pradesh,Hathras,Sikandraraau APMC,Rice,Other,FAQ,2210,2220,2214.55,02/09/2026
Uttar Pradesh,Kanpur,Baripaal APMC,Rice,Common,FAQ,2475,2480,2475.72,02/09/2026
Uttar Pradesh,Siddharth Nagar,Naugarh APMC,Rice,Common,FAQ,2600,2630,2606.79,02/09/2026
Uttar Pradesh,Fatehpur,Fatehpur APMC,Rice,Common,FAQ,2600,2600,2600,02/09/2026
Uttar Pradesh,Azamgarh,Azamgarh APMC,Rice,Common,FAQ,2400,2500,2432.51,02/09/2026
Uttar Pradesh,Basti,Basti APMC,Rice,Common,FAQ,2500,2500,2500,02/09/2026
Uttar Pradesh,Ghaziabad,Hapur APMC,Rice,Common,FAQ,3500,3500,3500,02/09/2026
Uttar Pradesh,Raebarelli,Raibareilly APMC,Rice,Other,FAQ,2400,2400,2400,02/09/2026
Uttar Pradesh,Amethi,Sultanpur APMC,Rice,Common,FAQ,3650,3710,3680.16,02/09/2026
Uttar Pradesh,Gorakhpur,Gorakhpur APMC,Rice,Common,FAQ,2400,2700,2657.63,02/09/2026
Uttar Pradesh,Hardoi,Hardoi APMC,Rice,Common,FAQ,2610,2610,2610,02/09/2026
Uttar Pradesh,Lucknow,Lucknow APMC,Rice,Common,FAQ,5000.01,9602.98,7722.58,02/09/2026
Uttar Pradesh,Lucknow,Lucknow APMC,Rice,Other,FAQ,6295.53,6295.53,6295.53,02/09/2026
Uttar Pradesh,Fatehpur,Khaga APMC,Rice,Common,FAQ,2620,2620,2620,02/09/2026
Uttar Pradesh,Shahjahanpur,Shahjahanpur APMC,Broken Rice,Broken Rice,FAQ,1800,1800,1800,02/09/2026
Uttar Pradesh,Bahraich,Bahraich APMC,Broken Rice,Broken Rice,FAQ,2050,2225,2101.72,02/09/2026
Uttar Pradesh,Barabanki,Barabanki APMC,Broken Rice,Broken Rice,FAQ,2200,2200,2200,02/09/2026
Uttar Pradesh,Bahraich,Risia APMC,Broken Rice,Broken Rice,FAQ,1600,1600,1600,02/09/2026
Karnataka,Kalaburagi,Kalaburagi APMC,Rice,Fine,Small,4200,5450,4350,02/09/2026
Karnataka,Mandya,Mandya APMC,Rice,Other,Local,2500,2645,2500,02/09/2026
Karnataka,Kalaburagi,Kalaburagi APMC,Rice,Coarse,Small,3250,4000,3600,02/09/2026
Karnataka,Vijayapura,Vijayapura APMC,Rice,Other,Local,5005,5656,5260,02/09/2026
Karnataka,Bengaluru,Bengaluru APMC,Rice,Medium,Medium,5000,6000,5500,02/09/2026
Karnataka,Shivamogga,APMC THIRTHAHALLI,Rice,Broken Rice,Local,2600,2600,2600,02/09/2026
Karnataka,Koppal,Gangavathi APMC,Rice,Other,Small,2300,2810,2600,02/09/2026
Karnataka,Koppal,Gangavathi APMC,Rice,Broken Rice,Small,2550,2560,2560,02/09/2026
Karnataka,Bidar,Bidar APMC,Rice,CR 1009 (Coarse) Boiled,Small,4600,5600,5100,02/09/2026
Karnataka,Kalaburagi,Kalaburagi APMC,Rice,Broken Rice,Small,2450,3000,2600,02/09/2026
Karnataka,Shivamogga,Shikaripura APMC,Rice,Sona Masuri (OLD),FAQ,4300,4300,4300,02/09/2026
Karnataka,Gadag,Gadag APMC,Rice,Fine,Medium,6368,6368,6368,02/09/2026
Karnataka,Gadag,Gadag APMC,Rice,Broken Rice,Medium,3075,3075,3075,02/09/2026
Karnataka,Kolar,Bangarpet APMC,Rice,I.R.-64,Local,2500,5500,4000,02/09/2026
Karnataka,Raichur,Manvi APMC,Rice,Other,Small,2800,2800,2800,02/09/2026
Karnataka,Bengaluru,Bengaluru APMC,Rice,Dappa,Medium,3000,3100,3050,02/09/2026
Karnataka,Bengaluru,Bengaluru APMC,Rice,Fine,Medium,6000,7000,6500,02/09/2026
Karnataka,Shivamogga,Shikaripura APMC,Rice,Broken Rice,FAQ,2100,2100,2100,02/09/2026
Karnataka,Kolar,Bangarpet APMC,Rice,Broken Rice,Local,2000,3000,2500,02/09/2026
Karnataka,Davangere,Honnali APMC,Rice,I.R.-64,Medium,2600,2700,2650,02/09/2026
Karnataka,Bellary,Kampli APMC,Rice,Medium,Local,5500,5600,5550,02/09/2026
Gujarat,Dahod,Dahod APMC,Rice,Lashkari,FAQ,5000,6500,6025,02/09/2026
Andhra Pradesh,Palnadu,Narasaraopet APMC,Rice,B P T,FAQ,6000,6000,6000,02/09/2026
Andhra Pradesh,Visakhapatnam,Visakhapatnam APMC,Rice,B P T,Grade Range-1,6300,6300,6300,02/09/2026
Andhra Pradesh,NTR,Tiruvuru APMC,Rice,Sona,Local,4900,4900,4900,02/09/2026
West Bengal,Bankura,Bankura Sadar APMC,Rice,Common,FAQ,3100,3250,3200,02/09/2026
West Bengal,Howrah,Uluberia APMC,Rice,Other,FAQ,3500,3700,3600,02/09/2026
West Bengal,Howrah,Ramkrishanpur(Howrah) APMC,Rice,Sona Mansoori Non Basmati,FAQ,3300,3500,3400,02/09/2026
West Bengal,Paschim Bardhaman,Durgapur APMC,Rice,Fine,FAQ,4675,4850,4765,02/09/2026
West Bengal,Hooghly,Kalipur APMC,Rice,Common,FAQ,3260,3300,3280,02/09/2026
West Bengal,Hooghly,Kalipur APMC,Rice,Fine,FAQ,4600,4700,4650,02/09/2026
West Bengal,Bankura,Bishnupur(Bankura) APMC,Rice,Fine,FAQ,4600,4800,4700,02/09/2026
West Bengal,Murshidabad,Kasimbazar APMC,Rice,Common,FAQ,3500,3700,3600,02/09/2026
West Bengal,Medinipur(E),Kolaghat APMC,Rice,Common,FAQ,3200,3400,3300,02/09/2026
West Bengal,Medinipur(E),Tamluk (Medinipur E) APMC,Rice,Fine,FAQ,4200,4400,4300,02/09/2026
West Bengal,Medinipur(W),Ghatal APMC,Rice,Masuri,FAQ,3600,3640,3630,02/09/2026
West Bengal,Hooghly,Champadanga APMC,Rice,Sona Mansoori Non Basmati,FAQ,3300,3350,3300,02/09/2026
West Bengal,Nadia,Ranaghat APMC,Rice,Fine,Local,4600,4800,4700,02/09/2026
West Bengal,Purba Bardhaman,Memari APMC,Rice,Common,FAQ,3300,3500,3350,02/09/2026
West Bengal,Purba Bardhaman,Burdwan APMC,Rice,Fine,FAQ,3650,3800,3700,02/09/2026
West Bengal,Howrah,Uluberia APMC,Rice,Sona Mansoori Non Basmati,FAQ,3300,3500,3400,02/09/2026
West Bengal,Howrah,Ramkrishanpur(Howrah) APMC,Rice,Other,FAQ,3500,3700,3600,02/09/2026
West Bengal,Birbhum,Bolpur APMC,Rice,Common,FAQ,3550,3650,3600,02/09/2026
West Bengal,Bankura,Bishnupur(Bankura) APMC,Rice,Common,FAQ,3600,3750,3700,02/09/2026
West Bengal,Bankura,Indus(Bankura Sadar) APMC,Rice,Fine,FAQ,4500,4600,4550,02/09/2026
West Bengal,Birbhum,Sainthia APMC,Rice,Common,FAQ,3550,3650,3600,02/09/2026
West Bengal,Darjeeling,Siliguri APMC,Rice,Fine(Basmati),FAQ,5100,5300,5200,02/09/2026
West Bengal,Puruliya,Balarampur APMC,Rice,Other,FAQ,3500,3700,3600,02/09/2026
West Bengal,Sounth 24 Parganas,Diamond Harbour(South 24-pgs) APMC,Rice,Common,FAQ,3300,3500,3400,02/09/2026
West Bengal,Sounth 24 Parganas,Diamond Harbour(South 24-pgs) APMC,Rice,Super Fine,FAQ,5000,5200,5100,02/09/2026
West Bengal,Coochbehar,Baxirhat APMC,Rice,Common,FAQ,4000,4200,4100,02/09/2026
West Bengal,Paschim Bardhaman,Asansol APMC,Rice,Fine,FAQ,4650,4850,4765,02/09/2026
West Bengal,Coochbehar,Haldibari APMC,Rice,Common,FAQ,4000,4200,4100,02/09/2026
West Bengal,Purba Bardhaman,Memari APMC,Rice,Fine,FAQ,3650,3800,3700,02/09/2026
West Bengal,Medinipur(E),Egra/contai APMC,Rice,Fine,FAQ,3200,3400,3300,02/09/2026
West Bengal,Murshidabad,Kandi APMC,Rice,Common,FAQ,3500,3700,3600,02/09/2026
West Bengal,Birbhum,Birbhum APMC,Rice,Common,FAQ,3550,3650,3600,02/09/2026
West Bengal,Puruliya,Purulia APMC,Rice,Other,FAQ,3400,3600,3500,02/09/2026
West Bengal,Coochbehar,Toofanganj APMC,Rice,Common,FAQ,4000,4200,4100,02/09/2026
West Bengal,Hooghly,Sheoraphuly APMC,Rice,Masuri,FAQ,3250,3300,3300,02/09/2026
West Bengal,Murshidabad,Jiaganj APMC,Rice,Fine,FAQ,3500,3600,3550,02/09/2026
West Bengal,Nadia,Karimpur APMC,Rice,Fine,Local,4800,5000,4900,02/09/2026
West Bengal,Medinipur(E),Tamluk (Medinipur E) APMC,Rice,Common,FAQ,3200,3400,3300,02/09/2026
West Bengal,Nadia,Bethuadahari APMC,Rice,Fine,Local,4800,5000,4900,02/09/2026
West Bengal,Coochbehar,Dinhata APMC,Rice,Common,FAQ,4000,4200,4100,02/09/2026
West Bengal,Hooghly,Champadanga APMC,Rice,Fine,FAQ,4650,4750,4700,02/09/2026
West Bengal,Medinipur(E),Kolaghat APMC,Rice,Fine,FAQ,4200,4400,4300,02/09/2026
West Bengal,Bankura,Khatra APMC,Rice,Common,FAQ,3600,3750,3700,02/09/2026
West Bengal,Purba Bardhaman,Burdwan APMC,Rice,Common,FAQ,3300,3500,3350,02/09/2026
West Bengal,Sounth 24 Parganas,Baruipur(Canning) APMC,Rice,Common,FAQ,3100,3300,3200,02/09/2026
West Bengal,Coochbehar,Mathabhanga APMC,Rice,Common,FAQ,4000,4200,4100,02/09/2026
West Bengal,Malda,Gajol APMC,Rice,Common,FAQ,4200,4400,4300,02/09/2026
West Bengal,Coochbehar,Mekhliganj APMC,Rice,Common,FAQ,4000,4200,4100,02/09/2026
Odisha,Bolangir,Bolangir APMC,Rice,Suvarna Best,Local,3600,4000,3800,02/09/2026
Odisha,Mayurbhanja,Karanjia APMC,Rice,Other,FAQ,3600,3700,3700,02/09/2026
Odisha,Mayurbhanja,Karanjia APMC,Rice,Common,FAQ,3500,3600,3600,02/09/2026
Odisha,Bolangir,Tusura APMC,Rice,Boiled Rice,Local,3600,4000,3800,02/09/2026
Uttarakhand,Udhamsinghnagar,Gadarpur APMC,Rice,Other,Local,3900,3900,3900,02/09/2026
Assam,Kamrup,Fancy Bazaar APMC,Rice,Common,FAQ,3350,3600,3360,02/09/2026
Assam,Kamrup,Fancy Bazaar APMC,Rice,Super Fine,FAQ,7000,18500,13200,02/09/2026
Assam,Kamrup,Fancy Bazaar APMC,Rice,Fine,FAQ,3450,10100,7560,02/09/2026
Assam,Kamrup,Fancy Bazaar APMC,Beaten Rice,Beaten Rice,FAQ,21600,32000,27200,02/09/2026
Tamil Nadu,Coimbatore,Pethappampatti APMC,Maize,Other,Local,2500,2750,2625,02/09/2026
Tamil Nadu,Villupuram,Thirukovilur APMC,Maize,Other,Local,2620,2744,2682,02/09/2026
Tamil Nadu,Villupuram,Sangarapuram APMC,Maize,Other,Local,2543,2665,2604,02/09/2026
Tamil Nadu,Dindigul,Palani APMC,Maize,Other,Local,2100,2600,2350,02/09/2026
Tamil Nadu,Tuticorin,Ettayapuram APMC,Maize,Other,Local,2500,2900,2700,02/09/2026
Tamil Nadu,Villupuram,Chinnasalem APMC,Maize,Other,Local,2659,2659,2659,02/09/2026
Tamil Nadu,Erode,Alangeyam APMC,Maize,Other,Local,2700,2830,2765,02/09/2026
Tamil Nadu,Madurai,Thirumangalam APMC,Maize,Other,Local,2800,2900,2850,02/09/2026
Tamil Nadu,Cuddalore,Shrimushnam APMC,Maize,Other,Local,2646,2649,2647.5,02/09/2026
Tamil Nadu,Villupuram,Villupuram APMC,Maize,Other,Local,2499,2589,2544,02/09/2026
Tamil Nadu,Villupuram,Manalurpet APMC,Maize,Other,Local,2458,2646,2552,02/09/2026
Tamil Nadu,Thiruvannamalai,Kilpennathur APMC,Maize,Other,Local,2492,2695,2593.5,02/09/2026
Tamil Nadu,Villupuram,Kallakurichi APMC,Maize,Other,Local,2629,2733,2681,02/09/2026
Madhya Pradesh,Dewas,Loharda APMC,Maize,Local,FAQ,1363,1527,1527,02/09/2026
Madhya Pradesh,Mandsaur,Piplya APMC,Maize,Local,FAQ,1600,2191,2191,02/09/2026
Madhya Pradesh,Khargone,Sanawad APMC,Maize,Local,FAQ,1226,2310,1226,02/09/2026
Madhya Pradesh,Vidisha,Vidisha APMC,Maize,Local,FAQ,2300,2300,2300,02/09/2026
Madhya Pradesh,Sehore,Sehore APMC,Maize,Local,FAQ,1505,2212,2212,02/09/2026
Madhya Pradesh,Khandwa,Khandwa APMC,Maize,Local,FAQ,1101,2311,2311,02/09/2026
Madhya Pradesh,Mandsaur,Mandsaur APMC,Maize,Local,Non-FAQ,2314,2563,2390,02/09/2026
Madhya Pradesh,Indore,Mhow APMC,Maize,Local,FAQ,2580,2580,2580,02/09/2026
Madhya Pradesh,Dewas,Haatpipliya APMC,Maize,Local,Non-FAQ,2151,2190,2190,02/09/2026
Madhya Pradesh,Mandsaur,Shamgarh APMC,Maize,Local,Non-FAQ,2280,2540,2540,02/09/2026
Madhya Pradesh,Mandsaur,Sitmau APMC,Maize,Local,FAQ,2351,2351,2351,02/09/2026
Madhya Pradesh,Chhindwara,Chhindwara APMC,Maize,Local,FAQ,0.48,2595,2569,02/09/2026
Madhya Pradesh,Dhar,Manawar APMC,Maize,Local,FAQ,1600,2475,2475,02/09/2026
Madhya Pradesh,Khargone,Badwaha APMC,Maize,Local,FAQ,1470,2410,1555,02/09/2026
Madhya Pradesh,Indore,Indore APMC,Maize,Yellow,FAQ,2375,2375,2375,02/09/2026
Madhya Pradesh,Betul,Betul APMC,Maize,Deshi Red,FAQ,2295,2490,2395,02/09/2026
Madhya Pradesh,Sehore,Ashta APMC,Maize,Local,FAQ,2151,2151,2151,02/09/2026
Madhya Pradesh,Hoshangabad,Itarsi APMC,Maize,Local,FAQ,2350,2350,2350,02/09/2026
Madhya Pradesh,Khargone,Khargone APMC,Maize,Local,FAQ,1563,2364,1665,02/09/2026
Madhya Pradesh,Harda,Harda APMC,Maize,Yellow,FAQ,2075,2496,2490,02/09/2026
Madhya Pradesh,Chhindwara,Chaurai APMC,Maize,Yellow,FAQ,2500,2600,2500,02/09/2026
Madhya Pradesh,Chhindwara,Pandhurna APMC,Maize,Local,Non-FAQ,2100,2150,2100,02/09/2026
Madhya Pradesh,Neemuch,Neemuch APMC,Maize,Local,FAQ,1781,2450,2301,02/09/2026
Madhya Pradesh,Betul,Betul APMC,Maize,Local,Non-FAQ,2350,2350,2350,02/09/2026
Madhya Pradesh,Hoshangabad,Banapura APMC,Maize,Yellow,FAQ,1966,1966,1966,02/09/2026
Madhya Pradesh,Guna,Kumbhraj APMC,Maize,Local,FAQ,2100,2100,2100,02/09/2026
Madhya Pradesh,Sehore,Ichhawar APMC,Maize,Local,FAQ,2280,2350,2350,02/09/2026
Madhya Pradesh,Harda,Khirakiya APMC,Maize,Local,Non-FAQ,1700,2400,2400,02/09/2026
Madhya Pradesh,Jhabua,Petlawad APMC,Maize,Local,FAQ,2100,2300,2300,02/09/2026
Madhya Pradesh,Khargone,Bhikangaon APMC,Maize,Local,FAQ,1475,2490,2454,02/09/2026
Madhya Pradesh,Khargone,Badwaha APMC,Maize,Local,Non-FAQ,1500,1500,1500,02/09/2026
Madhya Pradesh,Ratlam,Taal APMC,Maize,Local,FAQ,2504,2504,2504,02/09/2026
Madhya Pradesh,Chhindwara,Amarwda APMC,Maize,Local,FAQ,2380,2500,2400,02/09/2026
Madhya Pradesh,Khandwa,Pandhana APMC,Maize,Local,FAQ,2215,2250,2250,02/09/2026
Madhya Pradesh,Ratlam,Jaora APMC,Maize,Local,FAQ,2295,2295,2295,02/09/2026
Madhya Pradesh,Ratlam,Ratlam APMC,Maize,Local,FAQ,2601,2650,2650,02/09/2026
Madhya Pradesh,Shivpuri,Badarwas APMC,Maize,Local,Non-FAQ,1595,1595,1595,02/09/2026
Madhya Pradesh,Jabalpur,Jabalpur APMC,Maize,Local,FAQ,2485,2485,2485,02/09/2026
Madhya Pradesh,Narsinghpur,Gadarwara(F&V) APMC,Maize,Local,Local,2000,2000,2000,02/09/2026
Madhya Pradesh,Seoni,Palari APMC,Maize,Local,Non-FAQ,2200,2475,2475,02/09/2026
Madhya Pradesh,Rajgarh,Khilchipur APMC,Maize,Local,FAQ,2290,2290,2290,02/09/2026
Madhya Pradesh,Khargone,Kasrawad APMC,Maize,Local,FAQ,1490,1800,1800,02/09/2026
Madhya Pradesh,Badwani,Anjad APMC,Maize,Local,FAQ,1711,2250,2210,02/09/2026
Madhya Pradesh,Chhindwara,Saunsar APMC,Maize,Yellow,FAQ,2250,2250,2250,02/09/2026
Madhya Pradesh,Guna,Aron APMC,Maize,Local,FAQ,2340,2340,2340,02/09/2026
Madhya Pradesh,Dhar,Kukshi APMC,Maize,Local,FAQ,1640,1950,1950,02/09/2026
Madhya Pradesh,Dewas,Kannod APMC,Maize,Local,FAQ,1900,1900,1900,02/09/2026
Madhya Pradesh,Khargone,Karhi APMC,Maize,Local,FAQ,1575,2400,1750,02/09/2026
Madhya Pradesh,Chhindwara,Saunsar APMC,Maize,Local,FAQ,2300,2300,2300,02/09/2026
Madhya Pradesh,Ashoknagar,Ashoknagar APMC,Maize,Local,FAQ,2195,2220,2220,02/09/2026
Madhya Pradesh,Indore,Indore APMC,Maize,Local,FAQ,1900,2276,2276,02/09/2026
Madhya Pradesh,Dewas,Dewas APMC,Maize,Local,FAQ,2320,2651,2651,02/09/2026
Madhya Pradesh,Neemuch,Manasa APMC,Maize,Local,FAQ,1981,1981,1981,02/09/2026
Madhya Pradesh,Dhar,Dhamnod APMC,Maize,Local,FAQ,1660,2606,1715,02/09/2026
Madhya Pradesh,Dewas,Khategaon APMC,Maize,Local,FAQ,2131,2300,2300,02/09/2026
Madhya Pradesh,Badwani,Khetia APMC,Maize,Yellow,FAQ,1705,1705,1705,02/09/2026
Madhya Pradesh,Seoni,Barghat APMC,Maize,Local,FAQ,2300,2315,2315,02/09/2026
Madhya Pradesh,Sehore,Nasrullaganj APMC,Maize,Local,FAQ,2150,2150,2150,02/09/2026
Maharashtra,Nashik,Malegaon APMC,Maize,Yellow,FAQ,2603,2607,2603,02/09/2026
Maharashtra,Buldhana,Malkapur APMC,Maize,Yellow,FAQ,2450,2520,2480,02/09/2026
Maharashtra,Nashik,Lasalgaon APMC,Maize,Other,FAQ,2500,2601,2570,02/09/2026
Maharashtra,Chattrapati Sambhajinagar,Agricultural Produce Market Committee Sillod,Maize,Yellow,FAQ,2450,2550,2500,02/09/2026
Maharashtra,Chattrapati Sambhajinagar,Vaijpur APMC,Maize,Other,Non-FAQ,1855,2395,2350,02/09/2026
Maharashtra,Buldhana,Khamgaon APMC,Maize,Deshi Red,Non-FAQ,2100,2200,2150,02/09/2026
Maharashtra,Jalgaon,APMC PACHORA,Maize,Other,FAQ,2430,2789,2551,02/09/2026
Maharashtra,Nashik,Devala APMC,Maize,Yellow,FAQ,2451,2451,2451,02/09/2026
Maharashtra,Pune,Shirur APMC,Maize,Other,Non-FAQ,2200,2200,2200,02/09/2026
Maharashtra,Nandurbar,APMC Nandurbar,Maize,Deshi Red,Non-FAQ,1601,2300,1958,02/09/2026
Maharashtra,Dhule,Dhule APMC,Maize,Yellow,Non-FAQ,2300,2399,2350,02/09/2026
Maharashtra,Amarawati,Amarawati APMC,Maize,Deshi Red,Non-FAQ,1700,1800,1750,02/09/2026
Maharashtra,Jalgaon,Parola APMC,Maize,Yellow,Non-FAQ,2300,2311,2300,02/09/2026
Maharashtra,Nandurbar,Shahada APMC,Maize,Deshi Red,Non-FAQ,2341,2341,2341,02/09/2026
Maharashtra,Buldhana,Lonar APMC,Maize,Yellow,Non-FAQ,2200,2350,2275,02/09/2026
Maharashtra,Ahilyanagar,"Omchatinya Multi State Agro Purpose Co-Op Society, Dist Ahilyanagar",Maize,Other,Local,2500,2500,2500,02/09/2026
Maharashtra,Jalgaon,Amalner APMC,Maize,Deshi Red,Non-FAQ,2350,2350,2350,02/09/2026
Maharashtra,Ahilyanagar,Shevgaon APMC,Maize,Deshi Red,Non-FAQ,1700,1700,1700,02/09/2026
Maharashtra,Solapur,Kurdwadi APMC,Maize,Other,FAQ,2500,2500,2500,02/09/2026
Maharashtra,Mumbai,Mumbai APMC,Maize,Other,FAQ,2800,3400,3200,02/09/2026
Maharashtra,Pune,Pune APMC,Maize,Deshi Red,FAQ,2700,2900,2800,02/09/2026
Maharashtra,Jalna,Jalana APMC,Maize,Deshi Red,FAQ,2400,2635,2525,02/09/2026
Maharashtra,Akola,Akola APMC,Maize,Yellow,Non-FAQ,2280,2280,2280,02/09/2026
Uttar Pradesh,Farukhabad,Farukhabad APMC,Maize,Other,FAQ,2300,2300,2300,02/09/2026
Uttar Pradesh,Hardoi,Shahabad(New Mandi) APMC,Maize,Other,FAQ,2100,2100,2100,02/09/2026
Uttar Pradesh,Etawah,Bharthna APMC,Maize,Other,FAQ,2000,2000,2000,02/09/2026
Uttar Pradesh,Badaun,Bilsi APMC,Maize,Other,FAQ,2000,2400,2066.62,02/09/2026
Uttar Pradesh,Amethi,Jafarganj APMC,Maize,Other,FAQ,2630,2630,2630,02/09/2026
Uttar Pradesh,Badaun,Shahaswan APMC,Maize,Other,FAQ,1920,1980,1947.06,02/09/2026
Uttar Pradesh,Firozabad,Shikohabad APMC,Maize,Other,FAQ,2140,2400,2203.95,02/09/2026
Uttar Pradesh,Bulandshahar,Siyana APMC,Maize,Other,FAQ,2050,2300,2097.73,02/09/2026
Uttar Pradesh,Badaun,Ujhani APMC,Maize,Other,FAQ,2100,2400,2188.45,02/09/2026
Uttar Pradesh,Sambhal,Bhehjoi APMC,Maize,Other,FAQ,1750,2220,2053.5,02/09/2026
Uttar Pradesh,Badaun,Badayoun APMC,Maize,Other,FAQ,2000,2215,2147.28,02/09/2026
Uttar Pradesh,Auraiya,Dibiapur APMC,Maize,Other,FAQ,2200,2200,2200,02/09/2026
Uttar Pradesh,Muzaffarnagar,Khatauli APMC,Maize,Other,FAQ,1800,1850,1810.79,02/09/2026
Uttar Pradesh,Farukhabad,Kamlaganj APMC,Maize,Other,FAQ,2300,2480,2348.03,02/09/2026
Uttar Pradesh,Kannuj,Kannauj APMC,Maize,Other,FAQ,2000,2500,2192.48,02/09/2026
Uttar Pradesh,Badaun,Islam Nagar APMC,Maize,Other,FAQ,2100,2100,2100,02/09/2026
Uttar Pradesh,Kasganj,Ganj Dundwara APMC,Maize,Other,FAQ,2200,2200,2200,02/09/2026
Uttar Pradesh,Sambhal,Chandausi APMC,Maize,Other,FAQ,2300,2310,2309.13,02/09/2026
Uttar Pradesh,Aligarh,Charra APMC,Maize,Other,FAQ,2100,2400,2213.01,02/09/2026
Uttar Pradesh,Etah,Aliganj APMC,Maize,Other,FAQ,1800,2250,1915.57,02/09/2026
Uttar Pradesh,Sambhal,Sambhal APMC,Maize,Other,FAQ,2150,2550,2320.33,02/09/2026
Uttar Pradesh,Bulandshahar,Sikanderabad APMC,Maize,Other,FAQ,2200,2200,2200,02/09/2026
Uttar Pradesh,Farukhabad,Kayamganj APMC,Maize,Other,FAQ,2100,2200,2114.2,02/09/2026
Uttar Pradesh,Kasganj,Kasganj APMC,Maize,Other,FAQ,1850,2350,2097.1,02/09/2026
Uttar Pradesh,Aligarh,Atrauli APMC,Maize,Other,FAQ,2100,2100,2100,02/09/2026
Uttar Pradesh,Badaun,Babrala APMC,Maize,Other,FAQ,1850,1850,1850,02/09/2026
Uttar Pradesh,Kannuj,Chhibramau APMC,Maize,Other,FAQ,2120,2400,2219.99,02/09/2026
Uttar Pradesh,Hathras,Haathras APMC,Maize,Other,FAQ,2200,2331.22,2285.76,02/09/2026
Uttar Pradesh,Bulandshahar,Jahangirabad APMC,Maize,Other,FAQ,2200,2330,2288.49,02/09/2026
Uttar Pradesh,Hardoi,Madhoganj APMC,Maize,Other,FAQ,2200,2210,2200.74,02/09/2026
Uttar Pradesh,Firozabad,Sirsaganj APMC,Maize,Other,FAQ,2100,2400,2254.75,02/09/2026
Uttar Pradesh,Firozabad,Tundla APMC,Maize,Other,FAQ,1935,2425,2030.56,02/09/2026
Uttar Pradesh,Hardoi,Sandila APMC,Maize,Other,FAQ,2150,2150,2150,02/09/2026
Uttar Pradesh,Shahjahanpur,Powayan APMC,Maize,Other,FAQ,1860,2000,1985.24,02/09/2026
Uttar Pradesh,Bulandshahar,Gulavati APMC,Maize,Other,FAQ,2160,2300,2166.21,02/09/2026
Uttar Pradesh,Badaun,Babrala APMC,Maize,Local,Local,2080,2100,2090,02/09/2026
Uttar Pradesh,Lakhimpur,Golagokarnath APMC,Maize,Other,FAQ,3000,3000,3000,02/09/2026
Uttar Pradesh,Shahjahanpur,Shahjahanpur APMC,Maize,Other,FAQ,2010,2010,2010,02/09/2026
Uttar Pradesh,Unnao,Bangarmau APMC,Maize,Other,FAQ,2200,2200,2200,02/09/2026
Uttar Pradesh,Bulandshahar,Buland Shahr APMC,Maize,Other,FAQ,2000,2031,2012.17,02/09/2026
Uttar Pradesh,Kanpur,Choubepur APMC,Maize,Other,FAQ,2150,2350,2237.99,02/09/2026
Uttar Pradesh,Farukhabad,Mohamadabad APMC,Maize,Other,FAQ,1905,2710,2250.39,02/09/2026
Uttar Pradesh,Sonbhadra,Dudhi APMC,Maize,Other,FAQ,700,700,700,02/09/2026
Uttar Pradesh,Badaun,Bisoli APMC,Maize,Other,FAQ,2000,2000,2000,02/09/2026
Uttar Pradesh,Kanpur,Uttaripura APMC,Maize,Other,FAQ,1900,2000,1963.24,02/09/2026
Uttar Pradesh,Badaun,Wazirganj APMC,Maize,Other,FAQ,2000,2200,2020.01,02/09/2026
Uttar Pradesh,Sambhal,Bhehjoi APMC,Maize,Local,Local,1600,2300,1800,02/09/2026
Uttar Pradesh,Etawah,Jasvantnagar APMC,Maize,Other,FAQ,2000,2300,2033.44,02/09/2026
Uttar Pradesh,Hardoi,Hardoi APMC,Maize,Other,FAQ,1700,2010,1782.65,02/09/2026
Uttar Pradesh,Gorakhpur,Sehjanwa APMC,Maize,Other,FAQ,2000,2000,2000,02/09/2026
Uttar Pradesh,Shahjahanpur,Jalalabad APMC,Maize,Other,FAQ,1800,2200,2123.54,02/09/2026
Uttar Pradesh,Badaun,Dataganj APMC,Maize,Other,FAQ,2300,2300,2300,02/09/2026
Uttar Pradesh,Aligarh,Aligarh APMC,Maize,Other,FAQ,1900,2200,2081.15,02/09/2026
Uttar Pradesh,Kanpur Dehat,Jhijhank APMC,Maize,Other,FAQ,2100,2100,2100,02/09/2026
Uttar Pradesh,Kanpur,Kanpur(Grain) APMC,Maize,Other,FAQ,1700,1700,1700,02/09/2026
Uttar Pradesh,Mainpuri,Mainpuri APMC,Maize,Other,FAQ,1950,2350,2051.12,02/09/2026
Uttar Pradesh,Bareilly,Bareilly APMC,Maize,Other,FAQ,1850,1850,1850,02/09/2026
Uttar Pradesh,Etah,Etah APMC,Maize,Other,FAQ,2000,2000,2000,02/09/2026
Rajasthan,Bhilwara,Bhilwara APMC,Maize,Hybrid,FAQ,2200,2200,2200,02/09/2026
Rajasthan,Pratapgarh,Pratapgarh APMC,Maize,Other,FAQ,2335,2670,2500,02/09/2026
Rajasthan,Baran,Baran APMC,Maize,Other,Local,2000,2221,2195,02/09/2026
Rajasthan,Chittorgarh,Begu APMC,Maize,Other,Local,2050,2050,2050,02/09/2026
Rajasthan,Udaipur,Fatehnagar APMC,Maize,Hybrid,FAQ,1911,2310,2230,02/09/2026
Rajasthan,Bundi,Bundi APMC,Maize,Other,FAQ,2031,3200,2616,02/09/2026
Karnataka,Vijayapura,Vijayapura APMC,Maize,Hybrid/Local,Local,2500,2500,2500,02/09/2026
Karnataka,Belagavi,Kudchi APMC,Maize,Hybrid/Local,Local,2750,2850,2800,02/09/2026
Karnataka,Tumakuru,Madhugiri APMC,Maize,Local,Local,1900,2100,2000,02/09/2026
Karnataka,Koppal,Kustagi APMC,Maize,Hybrid/Local,FAQ,2200,2200,2200,02/09/2026
Karnataka,Shivamogga,Shikaripura APMC,Maize,Local,FAQ,2400,2700,2526,02/09/2026
Karnataka,Mysuru,Santhesargur APMC,Maize,Local,Non-FAQ,1800,2700,2300,02/09/2026
Karnataka,Bagalkot,Bagalkot APMC,Maize,Hybrid/Local,Local,2529,2600,2554,02/09/2026
Karnataka,Bellary,Ballari APMC,Maize,Local,Non-FAQ,2711,2711,2711,02/09/2026
Karnataka,Vijayanagara,Kottur APMC,Maize,Hybrid/Local,Local,1825,2755,1935,02/09/2026
Karnataka,Gadag,Gadag APMC,Maize,Local,FAQ,2485,2485,2485,02/09/2026
Karnataka,Mandya,K.R. Pet APMC,Maize,Local,Local,2200,2200,2200,02/09/2026
Karnataka,Koppal,Gangavathi APMC,Maize,Local,Non-FAQ,2490,2530,2496,02/09/2026
Karnataka,Haveri,Hanagal APMC,Maize,Local,FAQ,2400,2450,2450,02/09/2026
Karnataka,Davangere,Honnali APMC,Maize,Local,FAQ,2700,2700,2700,02/09/2026
Karnataka,Bengaluru,Bengaluru APMC,Maize,Popcorn,FAQ,5000,6000,5500,02/09/2026
Gujarat,Banaskanth,Vadgam APMC,Maize,Deshi Red,FAQ,2505,2505,2505,02/09/2026
Gujarat,Dahod,Dahod APMC,Maize,White (SAFED),Local,2375,2500,2420,02/09/2026
Gujarat,Sabarkantha,Modasa APMC,Maize,Hybrid Red (Cattle Feed),Non-FAQ,2425,2505,2505,02/09/2026
Gujarat,Sabarkantha,Modasa(Tintoi) APMC,Maize,Hybrid Red (Cattle Feed),Non-FAQ,2325,2400,2400,02/09/2026
Gujarat,Narmada,Garudeshwal APMC,Maize,Deshi Red,Local,2380,2380,2380,02/09/2026
Haryana,Ambala,Ambala City APMC,Maize,Other,Non-FAQ,2080,2080,2080,02/09/2026
Punjab,Jalandhar,Nakodar APMC,Maize,Other,Local,2344,2344,2344,02/09/2026
Punjab,Jalandhar,Jalandhar City APMC,Maize,Other,FAQ,2416,2422,2422,02/09/2026
Andhra Pradesh,Nandyal,Allagadda APMC,Maize,Local,FAQ,2000,2200,2100,02/09/2026
Andhra Pradesh,Nandyal,Nandyal APMC,Maize,Other,Local,2460,2460,2460,02/09/2026
Andhra Pradesh,Vijayanagaram,Merakamudidam APMC,Maize,Local,Local,1800,2000,1950,02/09/2026
Andhra Pradesh,Eluru,Nuzvid APMC,Maize,Local,FAQ,2500,2500,2500,02/09/2026
Andhra Pradesh,Vijayanagaram,Rajam APMC,Maize,Local,FAQ,4800,4800,4800,02/09/2026
Andhra Pradesh,Prakasam,Santhamaguluru APMC,Maize,Hybrid,FAQ,2400,2480,2450,02/09/2026
Andhra Pradesh,Prakasam,Addanki APMC,Maize,Local,FAQ,2400,2430,2420,02/09/2026
Andhra Pradesh,East Godavari,Gopalapuram APMC,Maize,Local,Local,2405,2405,2405,02/09/2026
Andhra Pradesh,Eluru,Polavaram APMC,Maize,Local,Local,2420,2420,2420,02/09/2026
Andhra Pradesh,Parvathipuram Manyam,Palakonda APMC,Maize,Medium,FAQ,1900,1900,1900,02/09/2026
Andhra Pradesh,Ananthapuramu,RAYADURG APMC,Maize,Local,Grade Range-1,2000,2600,2200,02/09/2026
Andhra Pradesh,Srikakulam,Ponduru APMC,Maize,Local,FAQ,2400,2400,2400,02/09/2026
Andhra Pradesh,Bapatla,Bapatla APMC,Maize,Local,Local,2200,2400,2300,02/09/2026
Andhra Pradesh,Vijayanagaram,Gajapathinagaram APMC,Maize,Local,Local,2400,2400,2400,02/09/2026
Andhra Pradesh,NTR,Tiruvuru APMC,Maize,Hybrid,Local,2400,2400,2400,02/09/2026
Andhra Pradesh,Palnadu,Rompicherla APMC,Maize,Hybrid/Local,FAQ,2300,2400,2400,02/09/2026
Andhra Pradesh,Palnadu,Durgi APMC,Maize,Hybrid/Local,FAQ,1800,2500,2200,02/09/2026
Andhra Pradesh,Sri Sathya Sai,Gorantla  APMC,Maize,Hybrid/Local,FAQ,2100,2400,2300,02/09/2026
Andhra Pradesh,NTR,Nandigama APMC,Maize,Hybrid,Grade Range-1,2350,2350,2350,02/09/2026
Andhra Pradesh,Bapatla,Parchur APMC,Maize,Local,FAQ,2200,2400,2300,02/09/2026
Andhra Pradesh,NTR,Mylavaram APMC,Maize,Hybrid,Local,2450,2450,2450,02/09/2026
Andhra Pradesh,Nandyal,Banaganapalli APMC,Maize,Local,FAQ,2000,2400,2200,02/09/2026
Andhra Pradesh,Srikakulam,Etcherla APMC,Maize,Deshi White,Local,2400,2400,2400,02/09/2026
Andhra Pradesh,East Godavari,Rajanagaram APMC,Maize,Fine,Local,2410,2410,2410,02/09/2026
Andhra Pradesh,Nandyal,Nandikotkur APMC,Maize,Hybrid,FAQ,2200,2400,2300,02/09/2026
Andhra Pradesh,Srikakulam,Hiramandalam APMC,Maize,Medium,Local,2200,2200,2200,02/09/2026
Andhra Pradesh,Parvathipuram Manyam,Saluru APMC,Maize,Hybrid/Local,FAQ,2600,2600,2600,02/09/2026
Andhra Pradesh,Sri Sathya Sai,Puttaparthi  APMC,Maize,Local,FAQ,2400,2500,2450,02/09/2026
Andhra Pradesh,Sri Sathya Sai,Penukonda APMC,Maize,Hybrid/Local,FAQ,2450,2550,2500,02/09/2026
Andhra Pradesh,Vijayanagaram,Pusapatirega APMC,Maize,Local,FAQ,4800,4800,4800,02/09/2026
Andhra Pradesh,East Godavari,Nidadavolu APMC,Maize,Local,Local,2410,2410,2410,02/09/2026
Andhra Pradesh,Bapatla,Vemuru APMC,Maize,Hybrid/Local,Grade Range-1,2201,2555,2505,02/09/2026
Andhra Pradesh,Krishna,Penamaluru (HQ-Kankipadu) APMC,Maize,Hybrid/Local,Local,2550,2550,2550,02/09/2026
Andhra Pradesh,YSR Kadapa,Simhadhripuram APMC,Maize,Hybrid/Local,FAQ,2100,2400,2250,02/09/2026
Andhra Pradesh,Vijayanagaram,Chipurupalli APMC,Maize,Local,FAQ,4800,4800,4800,02/09/2026
Andhra Pradesh,NTR,Kanchekacherla APMC,Maize,Hybrid,FAQ,2400,2400,2400,02/09/2026
Andhra Pradesh,Guntur,Mangalagiri APMC,Maize,Fine,FAQ,2480,2480,2480,02/09/2026
Andhra Pradesh,Parvathipuram Manyam,Kurupam APMC,Maize,Local,Local,2400,2400,2400,02/09/2026
Andhra Pradesh,Parvathipuram Manyam,Parvathipuram APMC,Maize,Local,Local,2400,2400,2400,02/09/2026
Andhra Pradesh,Vijayanagaram,Bobbili APMC,Maize,Local,FAQ,4800,4800,4800,02/09/2026
Andhra Pradesh,Bapatla,Kuchinapudi APMC,Maize,Local,Local,2800,3000,2900,02/09/2026
Odisha,Gajapati,Parlakhemundi APMC,Maize,Local,Grade Range-1,2100,2300,2200,02/09/2026
Telangana,Nizamabad,Nizamabad APMC,Maize,Hybrid,Local,2200,2200,2200,02/09/2026
Telangana,Khammam,Kallur APMC,Maize,Local,FAQ,2300,2450,2400,02/09/2026
Telangana,Siddipet,Bejjenki APMC,Maize,Local,FAQ,2250,2250,2250,02/09/2026
Telangana,Warangal,Warangal APMC,Maize,Local,FAQ,2252,2352,2302,02/09/2026
Telangana,Warangal,Cherial APMC,Maize,Local,Local,2200,2200,2200,02/09/2026
Telangana,Bhadradri Kothagudem,Yellandu APMC,Maize,Local,Local,2200,2400,2300,02/09/2026
Telangana,Mahbubnagar,Badepally APMC,Maize,Local,Local,2232,2232,2232,02/09/2026
Telangana,Karimnagar,Husnabad APMC,Maize,Local,Local,2400,2400,2400,02/09/2026
Telangana,Nirmal,Bhainsa APMC,Maize,Hybrid,FAQ,2431,2436,2436,02/09/2026
Telangana,Mahabubabad,Kesamudram APMC,Maize,Local,Local,2534,2536,2536,02/09/2026
Telangana,Jogulamba Gadwal,Alampur APMC,Maize,Medium,Local,1800,2000,2000,02/09/2026
