state,district,market,commodity,variety,grade,min_price,max_price,modal_price,price_date
Tamil Nadu,Pudukkottai,Gandarvakottai(Uzhavar Sandhai ) APMC,Onion,Bellary,Local,3000,3500,3250,31/03/2026
Tamil Nadu,Thiruvannamalai,Cheyyar(Uzhavar Sandhai ) APMC,Onion,Bellary,Local,2000,2500,2250,31/03/2026
Tamil Nadu,Coimbatore,Sundarapuram(Uzhavar Sandhai ) APMC,Onion,Bellary,Local,1800,2200,2000,31/03/2026
Tamil Nadu,Coimbatore,Singanallur(Uzhavar Sandhai ) APMC,Onion,Bellary,Local,2000,2200,2100,31/03/2026
Tamil Nadu,Coimbatore,Mettupalayam(Uzhavar Sandhai ) APMC,Onion,Bellary,Local,2000,2300,2150,31/03/2026
Tamil Nadu,Cuddalore,Viruthachalam(Uzhavar Sandhai ) APMC,Onion,Bellary,Local,2500,2500,2500,31/03/2026
Tamil Nadu,Madurai,Usilampatti(Uzhavar Sandhai ) APMC,Onion,Bellary,Local,2000,2800,2400,31/03/2026
Tamil Nadu,Namakkal,Kumarapalayam(Uzhavar Sandhai ) APMC,Onion,Bellary,Local,2500,3000,2750,31/03/2026
Tamil Nadu,Pudukkottai,Pudukottai(Uzhavar Sandhai ) APMC,Onion,Bellary,Local,3500,4000,3750,31/03/2026
Tamil Nadu,Salem,Hasthampatti(Uzhavar Sandhai ) APMC,Onion,Bellary,Local,2500,3000,2750,31/03/2026
Tamil Nadu,Theni,Devaram(Uzhavar Sandhai ) APMC,Onion,Bellary,Local,2500,2500,2500,31/03/2026
Tamil Nadu,Thiruvannamalai,Arani(Uzhavar Sandhai ) APMC,Onion,Bellary,Local,2000,2500,2250,31/03/2026
Tamil Nadu,Virudhunagar,Virudhunagar(Uzhavar Sandhai ) APMC,Onion,Bellary,Local,2800,3000,2900,31/03/2026
Tamil Nadu,Thirupur,Dharapuram(Uzhavar Sandhai ) APMC,Onion,Bellary,Local,2200,2700,2450,31/03/2026
Tamil Nadu,Thirupur,Tiruppur (North) (Uzhavar Sandhai ) APMC,Onion,Bellary,Local,2000,2500,2250,31/03/2026
Tamil Nadu,Kallakuruchi,Sankarapuram(Uzhavar Sandhai ) APMC,Onion,Bellary,Local,3000,3000,3000,31/03/2026
Tamil Nadu,Pudukkottai,Karambakkudi(Uzhavar Sandhai ) APMC,Onion,Bellary,Local,2500,3000,2750,31/03/2026
Tamil Nadu,Villupuram,Tindivanam APMC,Onion,Bellary,Local,2000,2500,2250,31/03/2026
Tamil Nadu,Erode,Gobichettipalayam(Uzhavar Sandhai ) APMC,Onion,Bellary,Local,2500,3000,2750,31/03/2026
Tamil Nadu,Madurai,Thirumangalam(Uzhavar Sandhai ) APMC,Onion,Bellary,Local,2600,2800,2700,31/03/2026
Tamil Nadu,Madurai,Melur(Uzhavar Sandhai ) APMC,Onion,Bellary,Local,2600,2800,2700,31/03/2026
Tamil Nadu,Namakkal,Namakkal(Uzhavar Sandhai ) APMC,Onion,Bellary,Local,2000,2600,2300,31/03/2026
Tamil Nadu,Salem,Attayampatti(Uzhavar Sandhai ) APMC,Onion,Bellary,Local,3000,3000,3000,31/03/2026
Tamil Nadu,Salem,Jalagandapuram(Uzhavar Sandhai ) APMC,Onion,Bellary,Local,2600,3000,2800,31/03/2026
Tamil Nadu,Sivaganga,Singampunari(Uzhavar Sandhai ) APMC,Onion,Bellary,Local,2500,3000,2750,31/03/2026
Tamil Nadu,Theni,Theni(Uzhavar Sandhai ) APMC,Onion,Bellary,Local,2400,2500,2450,31/03/2026
Tamil Nadu,Theni,Bodinayakanur(Uzhavar Sandhai ) APMC,Onion,Bellary,Local,2500,2500,2500,31/03/2026
Tamil Nadu,Thirunelveli,Palayamkottai(Uzhavar Sandhai ) APMC,Onion,Bellary,Local,2000,2400,2200,31/03/2026
Tamil Nadu,Thiruvarur,Mannargudi I(Uzhavar Sandhai ) APMC,Onion,Bellary,Local,2600,3400,3000,31/03/2026
Tamil Nadu,Thiruvarur,Mannargudi II(Uzhavar Sandhai ) APMC,Onion,Bellary,Local,2600,3400,3000,31/03/2026
Tamil Nadu,Tuticorin,Kovilpatti(Uzhavar Sandhai ) APMC,Onion,Bellary,Local,2500,3000,2750,31/03/2026
Tamil Nadu,Thiruchirappalli,Thiruverumbur(Uzhavar Sandhai ) APMC,Onion,Bellary,Local,2000,2800,2400,31/03/2026
Tamil Nadu,Villupuram,Villupuram(Uzhavar Sandhai ) APMC,Onion,Bellary,Local,3000,3000,3000,31/03/2026
Tamil Nadu,Virudhunagar,Sivakasi(Uzhavar Sandhai ) APMC,Onion,Bellary,Local,2200,2500,2350,31/03/2026
Tamil Nadu,Nagercoil (Kannyiakumari),Myladi(Uzhavar Sandhai ) APMC,Onion,Bellary,Local,2500,3000,2750,31/03/2026
Tamil Nadu,Chengalpattu,Pallavaram(Uzhavar Sandhai ) APMC,Onion,Bellary,Local,2500,3000,2750,31/03/2026
Tamil Nadu,Ranipet,Arcot(Uzhavar Sandhai ) APMC,Onion,Bellary,Local,2000,2000,2000,31/03/2026
Tamil Nadu,Thirupur,Tiruppur (South) (Uzhavar Sandhai ) APMC,Onion,Bellary,Local,1700,2000,1850,31/03/2026
Tamil Nadu,Nagercoil (Kannyiakumari),Vadaseri APMC,Onion,Bellary,Local,2800,3000,2900,31/03/2026
Tamil Nadu,Salem,Ammapet(Uzhavar Sandhai ) APMC,Onion,Bellary,Local,2500,3000,2750,31/03/2026
Tamil Nadu,Theni,Periyakulam(Uzhavar Sandhai ) APMC,Onion,Bellary,Local,2300,2500,2400,31/03/2026
Tamil Nadu,Krishnagiri,Kaveripattinam(Uzhavar Sandhai ) APMC,Onion,Bellary,Local,2500,2500,2500,31/03/2026
Tamil Nadu,The Nilgiris,Coonoor(Uzhavar Sandhai ) APMC,Onion,Bellary,Local,2400,2800,2600,31/03/2026
Tamil Nadu,The Nilgiris,Gudalur(Uzhavar Sandhai ) APMC,Onion,Bellary,Local,2500,2800,2650,31/03/2026
Tamil Nadu,Virudhunagar,Srivilliputhur(Uzhavar Sandhai ) APMC,Onion,Bellary,Local,2500,3000,2750,31/03/2026
Tamil Nadu,Dharmapuri,Karimangalam(Uzhavar Sandhai),Onion,Bellary,Local,2400,2600,2500,31/03/2026
Tamil Nadu,Erode,Sathiyamagalam(Uzhavar Sandhai ) APMC,Onion,Bellary,Local,2400,2800,2600,31/03/2026
Tamil Nadu,Ariyalur,Ariyalur(Uzhavar Sandhai) APMC,Onion,Bellary,Local,2000,2400,2200,31/03/2026
Tamil Nadu,Coimbatore,Kurichi(Uzhavar Sandhai ) APMC,Onion,Bellary,Local,1800,2200,2000,31/03/2026
Tamil Nadu,Cuddalore,Cuddalore(Uzhavar Sandhai ) APMC,Onion,Bellary,Local,2200,3000,2600,31/03/2026
Tamil Nadu,Dharmapuri,Dharmapuri(Uzhavar Sandhai ) APMC,Onion,Bellary,Local,2400,2600,2500,31/03/2026
Tamil Nadu,Dharmapuri,Pennagaram(Uzhavar Sandhai ) APMC,Onion,Bellary,Local,2800,3000,2900,31/03/2026
Tamil Nadu,Dharmapuri,Palacode(Uzhavar Sandhai ) APMC,Onion,Bellary,Local,2400,2600,2500,31/03/2026
Tamil Nadu,Madurai,Chokkikulam(Uzhavar Sandhai ) APMC,Onion,Bellary,Local,2600,2800,2700,31/03/2026
Tamil Nadu,Ramanathapuram,Paramakudi(Uzhavar Sandhai ) APMC,Onion,Bellary,Local,2500,3000,2750,31/03/2026
Tamil Nadu,Salem,Mettur(Uzhavar Sandhai ) APMC,Onion,Bellary,Local,2500,3000,2750,31/03/2026
Tamil Nadu,Sivaganga,Tirupatthur(Uzhavar Sandhai ) APMC,Onion,Bellary,Local,2500,3000,2750,31/03/2026
Tamil Nadu,Theni,Kambam(Uzhavar Sandhai ) APMC,Onion,Bellary,Local,2400,2500,2450,31/03/2026
Tamil Nadu,Thirunelveli,Melapalayam(Uzhavar Sandhai ) APMC,Onion,Bellary,Local,2200,2400,2300,31/03/2026
Tamil Nadu,Thiruvannamalai,Tiruvannamalai(Uzhavar Sandhai ) APMC,Onion,Bellary,Local,2000,2500,2250,31/03/2026
Tamil Nadu,Thiruvannamalai,Polur(Uzhavar Sandhai ) APMC,Onion,Bellary,Local,2000,2500,2250,31/03/2026
Tamil Nadu,Thiruvannamalai,Vandavasi(Uzhavar Sandhai ) APMC,Onion,Bellary,Local,2000,2500,2250,31/03/2026
Tamil Nadu,Vellore,Kahithapattarai(Uzhavar Sandhai ) APMC,Onion,Bellary,Local,2200,2200,2200,31/03/2026
Tamil Nadu,Virudhunagar,Aruppukottai(Uzhavar Sandhai ) APMC,Onion,Bellary,Local,2000,2500,2250,31/03/2026
Tamil Nadu,Thirupathur,Natrampalli(Uzhavar Sandhai ) APMC,Onion,Bellary,Local,2500,3000,2750,31/03/2026
Tamil Nadu,Pudukkottai,Ponnamaravathi(Uzhavar Sandhai),Onion,Bellary,Local,3500,4000,3750,31/03/2026
Tamil Nadu,Nagapattinam,Mayiladuthurai(Uzhavar Sandhai ) APMC,Onion,Bellary,Local,2000,2500,2250,31/03/2026
Tamil Nadu,Villupuram,Ulundurpettai APMC,Onion,Bellary,Local,3500,3500,3500,31/03/2026
Tamil Nadu,Namakkal,Tiruchengode APMC,Onion,Bellary,Local,2500,2800,2650,31/03/2026
Tamil Nadu,Cuddalore,Panruti(Uzhavar Sandhai ) APMC,Onion,Bellary,Local,2000,2500,2250,31/03/2026
Tamil Nadu,Cuddalore,Vadalur(Uzhavar Sandhai ) APMC,Onion,Bellary,Local,2000,3000,2500,31/03/2026
Tamil Nadu,Erode,Perundurai(Uzhavar Sandhai ) APMC,Onion,Bellary,Local,2500,2800,2650,31/03/2026
Tamil Nadu,Krishnagiri,Avallapalli(Uzhavar Sandhai ) APMC,Onion,Bellary,Local,2000,2500,2250,31/03/2026
Tamil Nadu,Madurai,Palanganatham(Uzhavar Sandhai ) APMC,Onion,Bellary,Local,2600,2800,2700,31/03/2026
Tamil Nadu,Nagapattinam,Sirkali(Uzhavar Sandhai ) APMC,Onion,Bellary,Local,2500,3000,2750,31/03/2026
Tamil Nadu,Namakkal,Mohanur(Uzhavar Sandhai ) APMC,Onion,Bellary,Local,2400,3000,2700,31/03/2026
Tamil Nadu,Perambalur,Perambalur(Uzhavar Sandhai ) APMC,Onion,Bellary,Local,2500,2800,2650,31/03/2026
Tamil Nadu,Pudukkottai,Alangudi(Uzhavar Sandhai ) APMC,Onion,Bellary,Local,2500,3000,2750,31/03/2026
Tamil Nadu,Salem,Thathakapatti(Uzhavar Sandhai ) APMC,Onion,Bellary,Local,2600,3000,2800,31/03/2026
Tamil Nadu,Thiruchirappalli,Musiri(Uzhavar Sandhai ) APMC,Onion,Bellary,Local,2000,3000,2500,31/03/2026
Tamil Nadu,Villupuram,Gingee(Uzhavar Sandhai ) APMC,Onion,Bellary,Local,2000,2500,2250,31/03/2026
Tamil Nadu,Tenkasi,Sankarankoil(Uzhavar Sandhai ) APMC,Onion,Bellary,Local,3000,3000,3000,31/03/2026
Tamil Nadu,Salem,Athur(Uzhavar Sandhai ) APMC,Onion,Bellary,Local,2500,3000,2750,31/03/2026
Tamil Nadu,Vellore,Thirupathur APMC,Onion,Bellary,Local,2400,2400,2400,31/03/2026
Tamil Nadu,Dharmapuri,Harur(Uzhavar Sandhai ) APMC,Onion,Bellary,Local,2500,2800,2650,31/03/2026
Tamil Nadu,Theni,Andipatti(Uzhavar Sandhai ) APMC,Onion,Bellary,Local,2200,2500,2350,31/03/2026
Tamil Nadu,Salem,Mecheri(Uzhavar Sandhai),Onion,Bellary,Local,2500,3000,2750,31/03/2026
Tamil Nadu,Vellore,Pallikonda(Uzhavar Sandhai),Onion,Bellary,Local,2500,2500,2500,31/03/2026
Tamil Nadu,Vellore,Perampet(Uzhavar Sandhai),Onion,Bellary,Local,2500,2500,2500,31/03/2026
Tamil Nadu,Karur,Gandhigramam(Uzhavar Sandhai),Onion,Bellary,Local,2500,3000,2750,31/03/2026
Tamil Nadu,Coimbatore,Sulur(Uzhavar Sandhai ) APMC,Onion,Bellary,Local,2000,2200,2100,31/03/2026
Tamil Nadu,Namakkal,Paramathivelur(Uzhavar Sandhai ) APMC,Onion,Bellary,Local,2400,2800,2600,31/03/2026
Tamil Nadu,Salem,Thammampatti (Uzhavar Sandhai ) APMC,Onion,Bellary,Local,2500,3000,2750,31/03/2026
Tamil Nadu,Thiruvarur,Tiruvarur(Uzhavar Sandhai ) APMC,Onion,Bellary,Local,3600,3600,3600,31/03/2026
Tamil Nadu,Thiruchirappalli,Thuraiyur APMC,Onion,Bellary,Local,2200,2800,2500,31/03/2026
Tamil Nadu,Coimbatore,RSPuram(Uzhavar Sandhai ) APMC,Onion,Bellary,Local,1800,2100,1950,31/03/2026
Tamil Nadu,Dindigul,Palani(Uzhavar Sandhai ) APMC,Onion,Bellary,Local,2000,2500,2250,31/03/2026
Tamil Nadu,Erode,Thalavadi(Uzhavar Sandhai ) APMC,Onion,Bellary,Local,2400,2800,2600,31/03/2026
Tamil Nadu,Kancheepuram,Kundrathur(Uzhavar Sandhai ) APMC,Onion,Bellary,Local,2500,2500,2500,31/03/2026
Tamil Nadu,Karur,Velayuthampalayam(Uzhavar Sandhai ) APMC,Onion,Bellary,Local,2400,3000,2700,31/03/2026
Tamil Nadu,Krishnagiri,Hosur(Uzhavar Sandhai ) APMC,Onion,Bellary,Local,2000,2500,2250,31/03/2026
Tamil Nadu,Krishnagiri,Krishnagiri(Uzhavar Sandhai ) APMC,Onion,Bellary,Local,2000,2500,2250,31/03/2026
Tamil Nadu,Namakkal,Rasipuram(Uzhavar Sandhai ) APMC,Onion,Bellary,Local,2800,3000,2900,31/03/2026
Tamil Nadu,The Nilgiris,Udhagamandalam(Uzhavar Sandhai ) APMC,Onion,Bellary,Local,2500,2700,2600,31/03/2026
Tamil Nadu,Pudukkottai,Aranthangi(Uzhavar Sandhai ) APMC,Onion,Bellary,Local,2500,3000,2750,31/03/2026
Tamil Nadu,Salem,Elampillai(Uzhavar Sandhai ) APMC,Onion,Bellary,Local,2600,3000,2800,31/03/2026
Tamil Nadu,Salem,Edapadi (Uzhavar Sandhai ) APMC,Onion,Bellary,Local,2500,3000,2750,31/03/2026
Tamil Nadu,Sivaganga,Karaikudi(Uzhavar Sandhai ) APMC,Onion,Bellary,Local,3000,3200,3100,31/03/2026
Tamil Nadu,Thanjavur,Pattukottai(Uzhavar Sandhai ) APMC,Onion,Bellary,Local,2500,3200,2850,31/03/2026
Tamil Nadu,Theni,Chinnamanur(Uzhavar Sandhai ) APMC,Onion,Bellary,Local,2500,2500,2500,31/03/2026
Tamil Nadu,Thirunelveli,Ambasamudram(Uzhavar Sandhai ) APMC,Onion,Bellary,Local,2000,2400,2200,31/03/2026
Tamil Nadu,Thiruchirappalli,Manachanallur(Uzhavar Sandhai ) APMC,Onion,Bellary,Local,2000,2800,2400,31/03/2026
Tamil Nadu,Virudhunagar,Kariyapatti(Uzhavar Sandhai ) APMC,Onion,Bellary,Local,2000,2500,2250,31/03/2026
Tamil Nadu,Virudhunagar,Thalavaipuram(Uzhavar Sandhai ) APMC,Onion,Bellary,Local,2500,3000,2750,31/03/2026
Tamil Nadu,Thirupur,Kangayam(Uzhavar Sandhai ) APMC,Onion,Bellary,Local,2500,3200,2850,31/03/2026
Tamil Nadu,Kallakuruchi,Kallakurichi(Uzhavar Sandhai ) APMC,Onion,Bellary,Local,3000,3000,3000,31/03/2026
Tamil Nadu,Erode,Sathiyamagalam(Uzhavar Sandhai ) APMC,Onion Green,Onion Green,Local,2400,2800,2600,31/03/2026
Tamil Nadu,Thiruchirappalli,Thuraiyur APMC,Onion Green,Onion Green,Local,2500,3500,3000,31/03/2026
Tamil Nadu,Ariyalur,Ariyalur(Uzhavar Sandhai) APMC,Onion Green,Onion Green,Local,3000,3400,3200,31/03/2026
Tamil Nadu,Dindigul,Palani(Uzhavar Sandhai ) APMC,Onion Green,Onion Green,Local,2500,3300,2900,31/03/2026
Tamil Nadu,Karur,Pallapatti (Uzhavar Sandhai ) APMC,Onion Green,Onion Green,Local,3000,3500,3250,31/03/2026
Tamil Nadu,Madurai,Chokkikulam(Uzhavar Sandhai ) APMC,Onion Green,Onion Green,Local,3800,4000,3900,31/03/2026
Tamil Nadu,Madurai,Thirumangalam(Uzhavar Sandhai ) APMC,Onion Green,Onion Green,Local,3000,4000,3500,31/03/2026
Tamil Nadu,Namakkal,Rasipuram(Uzhavar Sandhai ) APMC,Onion Green,Onion Green,Local,2000,3500,2750,31/03/2026
Tamil Nadu,Perambalur,Perambalur(Uzhavar Sandhai ) APMC,Onion Green,Onion Green,Local,2500,3500,3000,31/03/2026
Tamil Nadu,Salem,Mettur(Uzhavar Sandhai ) APMC,Onion Green,Onion Green,Local,2500,3000,2750,31/03/2026
Tamil Nadu,Salem,Edapadi (Uzhavar Sandhai ) APMC,Onion Green,Onion Green,Local,2500,3000,2750,31/03/2026
Tamil Nadu,Theni,Theni(Uzhavar Sandhai ) APMC,Onion Green,Onion Green,Local,3000,3600,3300,31/03/2026
Tamil Nadu,Virudhunagar,Virudhunagar(Uzhavar Sandhai ) APMC,Onion Green,Onion Green,Local,3800,3900,3850,31/03/2026
Tamil Nadu,Chengalpattu,Pallavaram(Uzhavar Sandhai ) APMC,Onion Green,Onion Green,Local,5500,6000,5750,31/03/2026
Tamil Nadu,Kallakuruchi,Kallakurichi(Uzhavar Sandhai ) APMC,Onion Green,Onion Green,Local,2500,2500,2500,31/03/2026
Tamil Nadu,Nagercoil (Kannyiakumari),Vadaseri APMC,Onion Green,Onion Green,Local,4500,5000,4750,31/03/2026
Tamil Nadu,Dharmapuri,Harur(Uzhavar Sandhai ) APMC,Onion Green,Onion Green,Local,3000,3500,3250,31/03/2026
Tamil Nadu,Krishnagiri,Kaveripattinam(Uzhavar Sandhai ) APMC,Onion Green,Onion Green,Local,4000,4000,4000,31/03/2026
Tamil Nadu,The Nilgiris,Coonoor(Uzhavar Sandhai ) APMC,Onion Green,Onion Green,Local,3200,3400,3300,31/03/2026
Tamil Nadu,Nagapattinam,Mayiladuthurai(Uzhavar Sandhai ) APMC,Onion Green,Onion Green,Local,3500,4000,3750,31/03/2026
Tamil Nadu,Thiruvarur,Tiruvarur(Uzhavar Sandhai ) APMC,Onion Green,Onion Green,Local,4000,4000,4000,31/03/2026
Tamil Nadu,Cuddalore,Cuddalore(Uzhavar Sandhai ) APMC,Onion Green,Onion Green,Local,4000,5000,4500,31/03/2026
Tamil Nadu,Dharmapuri,Pennagaram(Uzhavar Sandhai ) APMC,Onion Green,Onion Green,Local,3300,3500,3400,31/03/2026
Tamil Nadu,Krishnagiri,Hosur(Uzhavar Sandhai ) APMC,Onion Green,Onion Green,Local,3000,4000,3500,31/03/2026
Tamil Nadu,Pudukkottai,Aranthangi(Uzhavar Sandhai ) APMC,Onion Green,Onion Green,Local,4000,4500,4250,31/03/2026
Tamil Nadu,Ramanathapuram,Paramakudi(Uzhavar Sandhai ) APMC,Onion Green,Onion Green,Local,3500,4000,3750,31/03/2026
Tamil Nadu,Salem,Thathakapatti(Uzhavar Sandhai ) APMC,Onion Green,Onion Green,Local,4000,5000,4500,31/03/2026
Tamil Nadu,Salem,Jalagandapuram(Uzhavar Sandhai ) APMC,Onion Green,Onion Green,Local,3000,3400,3200,31/03/2026
Tamil Nadu,Theni,Bodinayakanur(Uzhavar Sandhai ) APMC,Onion Green,Onion Green,Local,3600,3600,3600,31/03/2026
Tamil Nadu,Theni,Devaram(Uzhavar Sandhai ) APMC,Onion Green,Onion Green,Local,3000,3500,3250,31/03/2026
Tamil Nadu,Thirunelveli,Melapalayam(Uzhavar Sandhai ) APMC,Onion Green,Onion Green,Local,3500,4000,3750,31/03/2026
Tamil Nadu,Thiruvannamalai,Arani(Uzhavar Sandhai ) APMC,Onion Green,Onion Green,Local,4000,5000,4500,31/03/2026
Tamil Nadu,Thiruchirappalli,Thiruverumbur(Uzhavar Sandhai ) APMC,Onion Green,Onion Green,Local,4000,4000,4000,31/03/2026
Tamil Nadu,Pudukkottai,Karambakkudi(Uzhavar Sandhai ) APMC,Onion Green,Onion Green,Local,3500,4000,3750,31/03/2026
Tamil Nadu,Dharmapuri,Karimangalam(Uzhavar Sandhai),Onion Green,Onion Green,Local,3000,3400,3200,31/03/2026
Tamil Nadu,Salem,Mecheri(Uzhavar Sandhai),Onion Green,Onion Green,Local,3000,3500,3250,31/03/2026
Tamil Nadu,Karur,Gandhigramam(Uzhavar Sandhai),Onion Green,Onion Green,Local,3000,3500,3250,31/03/2026
Tamil Nadu,Coimbatore,Sulur(Uzhavar Sandhai ) APMC,Onion Green,Onion Green,Local,3200,3500,3350,31/03/2026
Tamil Nadu,Pudukkottai,Gandarvakottai(Uzhavar Sandhai ) APMC,Onion Green,Onion Green,Local,3500,4000,3750,31/03/2026
Tamil Nadu,Villupuram,Tindivanam APMC,Onion Green,Onion Green,Local,4000,4000,4000,31/03/2026
Tamil Nadu,Coimbatore,Sundarapuram(Uzhavar Sandhai ) APMC,Onion Green,Onion Green,Local,3000,3200,3100,31/03/2026
Tamil Nadu,Coimbatore,Singanallur(Uzhavar Sandhai ) APMC,Onion Green,Onion Green,Local,3000,3500,3250,31/03/2026
Tamil Nadu,Coimbatore,Kurichi(Uzhavar Sandhai ) APMC,Onion Green,Onion Green,Local,1800,2200,2000,31/03/2026
Tamil Nadu,Dharmapuri,Dharmapuri(Uzhavar Sandhai ) APMC,Onion Green,Onion Green,Local,3200,3400,3300,31/03/2026
Tamil Nadu,Karur,Vengamedu(Uzhavar Sandhai ) APMC,Onion Green,Onion Green,Local,3000,3500,3250,31/03/2026
Tamil Nadu,Krishnagiri,Krishnagiri(Uzhavar Sandhai ) APMC,Onion Green,Onion Green,Local,2500,3000,2750,31/03/2026
Tamil Nadu,Krishnagiri,Avallapalli(Uzhavar Sandhai ) APMC,Onion Green,Onion Green,Local,3500,4000,3750,31/03/2026
Tamil Nadu,Madurai,Palanganatham(Uzhavar Sandhai ) APMC,Onion Green,Onion Green,Local,3500,4000,3750,31/03/2026
Tamil Nadu,Nagapattinam,Sirkali(Uzhavar Sandhai ) APMC,Onion Green,Onion Green,Local,5500,6000,5750,31/03/2026
Tamil Nadu,Namakkal,Kumarapalayam(Uzhavar Sandhai ) APMC,Onion Green,Onion Green,Local,3000,3400,3200,31/03/2026
Tamil Nadu,Sivaganga,Karaikudi(Uzhavar Sandhai ) APMC,Onion Green,Onion Green,Local,3800,4200,4000,31/03/2026
Tamil Nadu,Sivaganga,Tirupatthur(Uzhavar Sandhai ) APMC,Onion Green,Onion Green,Local,3500,4000,3750,31/03/2026
Tamil Nadu,Sivaganga,Singampunari(Uzhavar Sandhai ) APMC,Onion Green,Onion Green,Local,3500,4000,3750,31/03/2026
Tamil Nadu,Thirunelveli,Ambasamudram(Uzhavar Sandhai ) APMC,Onion Green,Onion Green,Local,3500,4000,3750,31/03/2026
Tamil Nadu,Tuticorin,Kovilpatti(Uzhavar Sandhai ) APMC,Onion Green,Onion Green,Local,3500,4000,3750,31/03/2026
Tamil Nadu,Thiruvannamalai,Tiruvannamalai(Uzhavar Sandhai ) APMC,Onion Green,Onion Green,Local,3500,4000,3750,31/03/2026
Tamil Nadu,Thiruchirappalli,Musiri(Uzhavar Sandhai ) APMC,Onion Green,Onion Green,Local,3000,4000,3500,31/03/2026
Tamil Nadu,Villupuram,Villupuram(Uzhavar Sandhai ) APMC,Onion Green,Onion Green,Local,4000,4000,4000,31/03/2026
Tamil Nadu,Villupuram,Gingee(Uzhavar Sandhai ) APMC,Onion Green,Onion Green,Local,5000,5000,5000,31/03/2026
Tamil Nadu,Virudhunagar,Kariyapatti(Uzhavar Sandhai ) APMC,Onion Green,Onion Green,Local,3500,4000,3750,31/03/2026
Tamil Nadu,Nagercoil (Kannyiakumari),Myladi(Uzhavar Sandhai ) APMC,Onion Green,Onion Green,Local,4500,5000,4750,31/03/2026
Tamil Nadu,Thirupur,Tiruppur (North) (Uzhavar Sandhai ) APMC,Onion Green,Onion Green,Local,2500,3000,2750,31/03/2026
Tamil Nadu,Thirupur,Kangayam(Uzhavar Sandhai ) APMC,Onion Green,Onion Green,Local,2500,3300,2900,31/03/2026
Tamil Nadu,Vellore,Perampet(Uzhavar Sandhai),Onion Green,Onion Green,Local,4600,4600,4600,31/03/2026
Tamil Nadu,Pudukkottai,Ponnamaravathi(Uzhavar Sandhai),Onion Green,Onion Green,Local,4000,4500,4250,31/03/2026
Tamil Nadu,Namakkal,Paramathivelur(Uzhavar Sandhai ) APMC,Onion Green,Onion Green,Local,3000,3500,3250,31/03/2026
Tamil Nadu,Salem,Thammampatti (Uzhavar Sandhai ) APMC,Onion Green,Onion Green,Local,2500,3000,2750,31/03/2026
Tamil Nadu,Villupuram,Ulundurpettai APMC,Onion Green,Onion Green,Local,3000,3000,3000,31/03/2026
Tamil Nadu,Erode,Gobichettipalayam(Uzhavar Sandhai ) APMC,Onion Green,Onion Green,Local,2000,2500,2250,31/03/2026
Tamil Nadu,Namakkal,Tiruchengode APMC,Onion Green,Onion Green,Local,2000,2500,2250,31/03/2026
Tamil Nadu,Coimbatore,RSPuram(Uzhavar Sandhai ) APMC,Onion Green,Onion Green,Local,2500,3000,2750,31/03/2026
Tamil Nadu,Coimbatore,Mettupalayam(Uzhavar Sandhai ) APMC,Onion Green,Onion Green,Local,2500,3000,2750,31/03/2026
Tamil Nadu,Cuddalore,Viruthachalam(Uzhavar Sandhai ) APMC,Onion Green,Onion Green,Local,4000,4000,4000,31/03/2026
Tamil Nadu,Cuddalore,Panruti(Uzhavar Sandhai ) APMC,Onion Green,Onion Green,Local,3500,3500,3500,31/03/2026
Tamil Nadu,Cuddalore,Vadalur(Uzhavar Sandhai ) APMC,Onion Green,Onion Green,Local,3000,3500,3250,31/03/2026
Tamil Nadu,Dharmapuri,Palacode(Uzhavar Sandhai ) APMC,Onion Green,Onion Green,Local,3200,3500,3350,31/03/2026
Tamil Nadu,Erode,Periyar Nagar(Uzhavar Sandhai ) APMC,Onion Green,Onion Green,Local,2000,2600,2300,31/03/2026
Tamil Nadu,Erode,Perundurai(Uzhavar Sandhai ) APMC,Onion Green,Onion Green,Local,2400,2600,2500,31/03/2026
Tamil Nadu,Madurai,Usilampatti(Uzhavar Sandhai ) APMC,Onion Green,Onion Green,Local,3500,4000,3750,31/03/2026
Tamil Nadu,Madurai,Melur(Uzhavar Sandhai ) APMC,Onion Green,Onion Green,Local,3500,3800,3650,31/03/2026
Tamil Nadu,Namakkal,Namakkal(Uzhavar Sandhai ) APMC,Onion Green,Onion Green,Local,2000,3000,2500,31/03/2026
Tamil Nadu,Pudukkottai,Pudukottai(Uzhavar Sandhai ) APMC,Onion Green,Onion Green,Local,3500,4000,3750,31/03/2026
Tamil Nadu,Theni,Kambam(Uzhavar Sandhai ) APMC,Onion Green,Onion Green,Local,2800,3300,3050,31/03/2026
Tamil Nadu,Thiruvannamalai,Polur(Uzhavar Sandhai ) APMC,Onion Green,Onion Green,Local,4000,5000,4500,31/03/2026
Tamil Nadu,Thiruvannamalai,Tamarainagar(Uzhavar Sandhai ) APMC,Onion Green,Onion Green,Local,3600,4200,3900,31/03/2026
Tamil Nadu,Thiruchirappalli,Manachanallur(Uzhavar Sandhai ) APMC,Onion Green,Onion Green,Local,3600,4000,3800,31/03/2026
Tamil Nadu,Virudhunagar,Sivakasi(Uzhavar Sandhai ) APMC,Onion Green,Onion Green,Local,4500,5000,4750,31/03/2026
Tamil Nadu,Ranipet,Arcot(Uzhavar Sandhai ) APMC,Onion Green,Onion Green,Local,4000,4000,4000,31/03/2026
Tamil Nadu,Thirupathur,Natrampalli(Uzhavar Sandhai ) APMC,Onion Green,Onion Green,Local,2500,3000,2750,31/03/2026
Tamil Nadu,Kallakuruchi,Sankarapuram(Uzhavar Sandhai ) APMC,Onion Green,Onion Green,Local,2500,2500,2500,31/03/2026
Tamil Nadu,Salem,Ammapet(Uzhavar Sandhai ) APMC,Onion Green,Onion Green,Local,3000,3400,3200,31/03/2026
Tamil Nadu,Theni,Periyakulam(Uzhavar Sandhai ) APMC,Onion Green,Onion Green,Local,3000,3600,3300,31/03/2026
Tamil Nadu,Vellore,Thirupathur APMC,Onion Green,Onion Green,Local,4000,4000,4000,31/03/2026
Tamil Nadu,Theni,Andipatti(Uzhavar Sandhai ) APMC,Onion Green,Onion Green,Local,3400,3600,3500,31/03/2026
Tamil Nadu,Vellore,Pallikonda(Uzhavar Sandhai),Onion Green,Onion Green,Local,4000,4000,4000,31/03/2026
Tamil Nadu,Thiruvannamalai,Cheyyar(Uzhavar Sandhai ) APMC,Onion Green,Onion Green,Local,4000,5000,4500,31/03/2026
Tamil Nadu,Erode,Thalavadi(Uzhavar Sandhai ) APMC,Onion Green,Onion Green,Local,2400,2800,2600,31/03/2026
Tamil Nadu,Kancheepuram,Kundrathur(Uzhavar Sandhai ) APMC,Onion Green,Onion Green,Local,4000,4000,4000,31/03/2026
Tamil Nadu,Karur,Velayuthampalayam(Uzhavar Sandhai ) APMC,Onion Green,Onion Green,Local,2800,3500,3150,31/03/2026
Tamil Nadu,The Nilgiris,Udhagamandalam(Uzhavar Sandhai ) APMC,Onion Green,Onion Green,Local,3000,3400,3200,31/03/2026
Tamil Nadu,Pudukkottai,Alangudi(Uzhavar Sandhai ) APMC,Onion Green,Onion Green,Local,4000,4500,4250,31/03/2026
Tamil Nadu,Salem,Attayampatti(Uzhavar Sandhai ) APMC,Onion Green,Onion Green,Local,3000,3400,3200,31/03/2026
Tamil Nadu,Salem,Hasthampatti(Uzhavar Sandhai ) APMC,Onion Green,Onion Green,Local,1500,2000,1750,31/03/2026
Tamil Nadu,Thanjavur,Pattukottai(Uzhavar Sandhai ) APMC,Onion Green,Onion Green,Local,4000,4000,4000,31/03/2026
Tamil Nadu,Theni,Chinnamanur(Uzhavar Sandhai ) APMC,Onion Green,Onion Green,Local,3500,3800,3650,31/03/2026
Tamil Nadu,Thirunelveli,Palayamkottai(Uzhavar Sandhai ) APMC,Onion Green,Onion Green,Local,3600,4000,3800,31/03/2026
Tamil Nadu,Thiruvarur,Mannargudi I(Uzhavar Sandhai ) APMC,Onion Green,Onion Green,Local,4000,4000,4000,31/03/2026
Tamil Nadu,Thiruvarur,Mannargudi II(Uzhavar Sandhai ) APMC,Onion Green,Onion Green,Local,4000,4000,4000,31/03/2026
Tamil Nadu,Thiruvannamalai,Vandavasi(Uzhavar Sandhai ) APMC,Onion Green,Onion Green,Local,4000,5000,4500,31/03/2026
Tamil Nadu,Virudhunagar,Thalavaipuram(Uzhavar Sandhai ) APMC,Onion Green,Onion Green,Local,3500,4000,3750,31/03/2026
Tamil Nadu,Thirupur,Palladam(Uzhavar Sandhai ) APMC,Onion Green,Onion Green,Local,2500,3000,2750,31/03/2026
Tamil Nadu,Thirupur,Tiruppur (South) (Uzhavar Sandhai ) APMC,Onion Green,Onion Green,Local,2500,3000,2750,31/03/2026
Tamil Nadu,Thirupur,Dharapuram(Uzhavar Sandhai ) APMC,Onion Green,Onion Green,Local,3000,4000,3500,31/03/2026
Tamil Nadu,Tenkasi,Sankarankoil(Uzhavar Sandhai ) APMC,Onion Green,Onion Green,Local,3500,3500,3500,31/03/2026
Tamil Nadu,The Nilgiris,Gudalur(Uzhavar Sandhai ) APMC,Onion Green,Onion Green,Local,3200,3500,3350,31/03/2026
Tamil Nadu,Virudhunagar,Srivilliputhur(Uzhavar Sandhai ) APMC,Onion Green,Onion Green,Local,3000,3500,3250,31/03/2026
Uttar Pradesh,Sambhal,Sambhal APMC,Onion,Onion,FAQ,1200,1650,1400,31/03/2026
Uttar Pradesh,Hathras,Shadabad APMC,Onion,Onion,Small,900,1000,950,31/03/2026
Uttar Pradesh,Mau(Maunathbhanjan),Kopaganj APMC,Onion,Red,FAQ,1600,1600,1600,31/03/2026
Haryana,Gurgaon,Gurgaon APMC,Onion,Other,Grade B,1000,2000,1500,31/03/2026
Haryana,Karnal,Tarori APMC,Onion,Nasik,Grade A,3000,3800,3500,31/03/2026
Punjab,Tarntaran,Tarantaran APMC,Onion,Other,Local,1500,1500,1500,31/03/2026
Punjab,Moga,Baghapurana APMC,Onion,Onion,Grade B,1400,2000,1800,31/03/2026
Odisha,Boudh,Boudh APMC,Onion,Other,Local,2000,3000,2500,31/03/2026
Kerala,Ernakulam,Perumbavoor APMC,Onion,Onion,Medium,1500,2500,2000,31/03/2026
Kerala,Alappuzha,Harippad APMC,Onion,Small,FAQ,4000,4500,4000,31/03/2026
Kerala,Alappuzha,Harippad APMC,Onion,Big,FAQ,2000,2500,2000,31/03/2026
Kerala,Kollam,Kottarakkara APMC,Onion,Other,Local,4500,5000,4700,31/03/2026
Tamil Nadu,Thiruvarur,Tiruvarur(Uzhavar Sandhai ) APMC,Tomato,Deshi,Local,2000,2000,2000,31/03/2026
Tamil Nadu,Thiruchirappalli,Thuraiyur APMC,Tomato,Deshi,Local,1800,1800,1800,31/03/2026
Tamil Nadu,Coimbatore,Kurichi(Uzhavar Sandhai ) APMC,Tomato,Local,Local,1400,1800,1600,31/03/2026
Tamil Nadu,Erode,Perundurai(Uzhavar Sandhai ) APMC,Tomato,Deshi,Local,1500,1800,1650,31/03/2026
Tamil Nadu,Krishnagiri,Avallapalli(Uzhavar Sandhai ) APMC,Tomato,Deshi,Local,1500,2000,1750,31/03/2026
Tamil Nadu,Ramanathapuram,Paramakudi(Uzhavar Sandhai ) APMC,Tomato,Deshi,Local,2000,2500,2250,31/03/2026
Tamil Nadu,Theni,Theni(Uzhavar Sandhai ) APMC,Tomato,Other,Local,1200,1600,1400,31/03/2026
Tamil Nadu,Thirunelveli,Melapalayam(Uzhavar Sandhai ) APMC,Tomato,Other,Local,2000,2400,2200,31/03/2026
Tamil Nadu,Thiruvarur,Mannargudi I(Uzhavar Sandhai ) APMC,Tomato,Deshi,Local,2000,2000,2000,31/03/2026
Tamil Nadu,Thiruvarur,Mannargudi II(Uzhavar Sandhai ) APMC,Tomato,Deshi,Local,2000,2000,2000,31/03/2026
Tamil Nadu,Thiruvannamalai,Vandavasi(Uzhavar Sandhai ) APMC,Tomato,Other,Local,800,1000,900,31/03/2026
Tamil Nadu,Thirupur,Tiruppur (South) (Uzhavar Sandhai ) APMC,Tomato,Local,Local,1200,1500,1350,31/03/2026
Tamil Nadu,Tenkasi,Sankarankoil(Uzhavar Sandhai ) APMC,Tomato,Local,Local,2000,2000,2000,31/03/2026
Tamil Nadu,Kallakuruchi,Kallakurichi(Uzhavar Sandhai ) APMC,Tomato,Deshi,Local,1800,1800,1800,31/03/2026
Tamil Nadu,Kallakuruchi,Sankarapuram(Uzhavar Sandhai ) APMC,Tomato,Deshi,Local,1800,1800,1800,31/03/2026
Tamil Nadu,Dharmapuri,Karimangalam(Uzhavar Sandhai),Tomato,Local,Local,1400,1700,1550,31/03/2026
Tamil Nadu,Vellore,Perampet(Uzhavar Sandhai),Tomato,Deshi,Local,1200,1500,1350,31/03/2026
Tamil Nadu,Coimbatore,Sulur(Uzhavar Sandhai ) APMC,Tomato,Deshi,Local,1600,1800,1700,31/03/2026
Tamil Nadu,Thiruvannamalai,Cheyyar(Uzhavar Sandhai ) APMC,Tomato,Other,Local,800,1000,900,31/03/2026
Tamil Nadu,Coimbatore,Sundarapuram(Uzhavar Sandhai ) APMC,Tomato,Local,Local,1400,1800,1600,31/03/2026
Tamil Nadu,Namakkal,Tiruchengode APMC,Tomato,Other,Local,1600,1800,1700,31/03/2026
Tamil Nadu,Ariyalur,Ariyalur(Uzhavar Sandhai) APMC,Tomato,Deshi,Local,1600,2000,1800,31/03/2026
Tamil Nadu,Coimbatore,RSPuram(Uzhavar Sandhai ) APMC,Tomato,Local,Local,1800,2000,1900,31/03/2026
Tamil Nadu,Kancheepuram,Kundrathur(Uzhavar Sandhai ) APMC,Tomato,Other,Local,1500,1500,1500,31/03/2026
Tamil Nadu,Madurai,Thirumangalam(Uzhavar Sandhai ) APMC,Tomato,Deshi,Local,1800,2000,1900,31/03/2026
Tamil Nadu,Nagapattinam,Sirkali(Uzhavar Sandhai ) APMC,Tomato,Deshi,Local,2000,2200,2100,31/03/2026
Tamil Nadu,The Nilgiris,Udhagamandalam(Uzhavar Sandhai ) APMC,Tomato,Deshi,Local,1500,2000,1750,31/03/2026
Tamil Nadu,Salem,Attayampatti(Uzhavar Sandhai ) APMC,Tomato,Deshi,Local,1400,1600,1500,31/03/2026
Tamil Nadu,Thirunelveli,Palayamkottai(Uzhavar Sandhai ) APMC,Tomato,Other,Local,2300,2500,2400,31/03/2026
Tamil Nadu,Thiruvannamalai,Arani(Uzhavar Sandhai ) APMC,Tomato,Deshi,Local,1200,1500,1350,31/03/2026
Tamil Nadu,Virudhunagar,Virudhunagar(Uzhavar Sandhai ) APMC,Tomato,Deshi,Local,2000,2100,2050,31/03/2026
Tamil Nadu,Virudhunagar,Thalavaipuram(Uzhavar Sandhai ) APMC,Tomato,Deshi,Local,1500,2000,1750,31/03/2026
Tamil Nadu,Thirupur,Tiruppur (North) (Uzhavar Sandhai ) APMC,Tomato,Deshi,Local,1400,1600,1500,31/03/2026
Tamil Nadu,Thirupathur,Natrampalli(Uzhavar Sandhai ) APMC,Tomato,Deshi,Local,1000,1500,1250,31/03/2026
Tamil Nadu,Pudukkottai,Karambakkudi(Uzhavar Sandhai ) APMC,Tomato,Other,Local,1500,2000,1750,31/03/2026
Tamil Nadu,The Nilgiris,Gudalur(Uzhavar Sandhai ) APMC,Tomato,Deshi,Local,1800,2000,1900,31/03/2026
Tamil Nadu,Virudhunagar,Srivilliputhur(Uzhavar Sandhai ) APMC,Tomato,Deshi,Local,1500,2000,1750,31/03/2026
Tamil Nadu,Coimbatore,Singanallur(Uzhavar Sandhai ) APMC,Tomato,Local,Local,1500,1800,1650,31/03/2026
Tamil Nadu,Cuddalore,Panruti(Uzhavar Sandhai ) APMC,Tomato,Deshi,Local,2000,2000,2000,31/03/2026
Tamil Nadu,Dharmapuri,Palacode(Uzhavar Sandhai ) APMC,Tomato,Local,Local,1200,1500,1350,31/03/2026
Tamil Nadu,Erode,Periyar Nagar(Uzhavar Sandhai ) APMC,Tomato,Local,Local,2000,2500,2250,31/03/2026
Tamil Nadu,Karur,Velayuthampalayam(Uzhavar Sandhai ) APMC,Tomato,Other,Local,1400,2000,1700,31/03/2026
Tamil Nadu,Karur,Vengamedu(Uzhavar Sandhai ) APMC,Tomato,Deshi,Local,1800,2000,1900,31/03/2026
Tamil Nadu,Krishnagiri,Krishnagiri(Uzhavar Sandhai ) APMC,Tomato,Deshi,Local,1000,1200,1100,31/03/2026
Tamil Nadu,Sivaganga,Karaikudi(Uzhavar Sandhai ) APMC,Tomato,Deshi,Local,2200,2400,2300,31/03/2026
Tamil Nadu,Theni,Kambam(Uzhavar Sandhai ) APMC,Tomato,Other,Local,1500,1600,1550,31/03/2026
Tamil Nadu,Theni,Chinnamanur(Uzhavar Sandhai ) APMC,Tomato,Local,Local,1200,1600,1400,31/03/2026
Tamil Nadu,Thirunelveli,Ambasamudram(Uzhavar Sandhai ) APMC,Tomato,Other,Local,2000,2500,2250,31/03/2026
Tamil Nadu,Thiruchirappalli,Manachanallur(Uzhavar Sandhai ) APMC,Tomato,Local,Local,1800,1800,1800,31/03/2026
Tamil Nadu,Vellore,Kahithapattarai(Uzhavar Sandhai ) APMC,Tomato,Deshi,Local,1400,1600,1500,31/03/2026
Tamil Nadu,Villupuram,Gingee(Uzhavar Sandhai ) APMC,Tomato,Local,Local,1500,1500,1500,31/03/2026
Tamil Nadu,Virudhunagar,Sivakasi(Uzhavar Sandhai ) APMC,Tomato,Deshi,Local,2200,2500,2350,31/03/2026
Tamil Nadu,Virudhunagar,Kariyapatti(Uzhavar Sandhai ) APMC,Tomato,Deshi,Local,1500,2000,1750,31/03/2026
Tamil Nadu,Nagercoil (Kannyiakumari),Myladi(Uzhavar Sandhai ) APMC,Tomato,Deshi,Local,1800,2000,1900,31/03/2026
Tamil Nadu,Ranipet,Arcot(Uzhavar Sandhai ) APMC,Tomato,Deshi,Local,1400,1500,1450,31/03/2026
Tamil Nadu,Thirupur,Dharapuram(Uzhavar Sandhai ) APMC,Tomato,Other,Local,1200,1500,1350,31/03/2026
Tamil Nadu,Nagercoil (Kannyiakumari),Vadaseri APMC,Tomato,Deshi,Local,1800,2000,1900,31/03/2026
Tamil Nadu,Vellore,Thirupathur APMC,Tomato,Deshi,Local,1700,1700,1700,31/03/2026
Tamil Nadu,Dharmapuri,Harur(Uzhavar Sandhai ) APMC,Tomato,Local,Local,1200,1500,1350,31/03/2026
Tamil Nadu,Theni,Andipatti(Uzhavar Sandhai ) APMC,Tomato,Deshi,Local,1400,1600,1500,31/03/2026
Tamil Nadu,Karur,Gandhigramam(Uzhavar Sandhai),Tomato,Other,Local,1800,2000,1900,31/03/2026
Tamil Nadu,Pudukkottai,Gandarvakottai(Uzhavar Sandhai ) APMC,Tomato,Deshi,Local,1500,2000,1750,31/03/2026
Tamil Nadu,Namakkal,Paramathivelur(Uzhavar Sandhai ) APMC,Tomato,Local,Local,1500,1800,1650,31/03/2026
Tamil Nadu,Salem,Thammampatti (Uzhavar Sandhai ) APMC,Tomato,Local,Local,1200,1500,1350,31/03/2026
Tamil Nadu,Villupuram,Ulundurpettai APMC,Tomato,Deshi,Local,1500,1500,1500,31/03/2026
Tamil Nadu,Erode,Gobichettipalayam(Uzhavar Sandhai ) APMC,Tomato,Deshi,Local,1200,1500,1350,31/03/2026
Tamil Nadu,Cuddalore,Viruthachalam(Uzhavar Sandhai ) APMC,Tomato,Deshi,Local,2000,2000,2000,31/03/2026
Tamil Nadu,Cuddalore,Vadalur(Uzhavar Sandhai ) APMC,Tomato,Local,Local,1600,1800,1700,31/03/2026
Tamil Nadu,Dharmapuri,Pennagaram(Uzhavar Sandhai ) APMC,Tomato,Local,Local,1800,2000,1900,31/03/2026
Tamil Nadu,Dindigul,Palani(Uzhavar Sandhai ) APMC,Tomato,Deshi,Local,1000,1600,1300,31/03/2026
Tamil Nadu,Namakkal,Namakkal(Uzhavar Sandhai ) APMC,Tomato,Local,Local,1500,1800,1650,31/03/2026
Tamil Nadu,Namakkal,Kumarapalayam(Uzhavar Sandhai ) APMC,Tomato,Deshi,Local,1500,1800,1650,31/03/2026
Tamil Nadu,Pudukkottai,Pudukottai(Uzhavar Sandhai ) APMC,Tomato,Deshi,Local,1500,2000,1750,31/03/2026
Tamil Nadu,Pudukkottai,Alangudi(Uzhavar Sandhai ) APMC,Tomato,Other,Local,1500,2000,1750,31/03/2026
Tamil Nadu,Salem,Mettur(Uzhavar Sandhai ) APMC,Tomato,Local,Local,1400,1800,1600,31/03/2026
Tamil Nadu,Salem,Jalagandapuram(Uzhavar Sandhai ) APMC,Tomato,Other,Local,1200,1500,1350,31/03/2026
Tamil Nadu,Salem,Edapadi (Uzhavar Sandhai ) APMC,Tomato,Other,Local,1400,1800,1600,31/03/2026
Tamil Nadu,Sivaganga,Tirupatthur(Uzhavar Sandhai ) APMC,Tomato,Other,Local,2000,2200,2100,31/03/2026
Tamil Nadu,Thanjavur,Pattukottai(Uzhavar Sandhai ) APMC,Tomato,Deshi,Local,2200,2200,2200,31/03/2026
Tamil Nadu,Theni,Bodinayakanur(Uzhavar Sandhai ) APMC,Tomato,Deshi,Local,1600,1600,1600,31/03/2026
Tamil Nadu,Theni,Devaram(Uzhavar Sandhai ) APMC,Tomato,Deshi,Local,1600,1600,1600,31/03/2026
Tamil Nadu,Tuticorin,Kovilpatti(Uzhavar Sandhai ) APMC,Tomato,Local,Local,1500,2000,1750,31/03/2026
Tamil Nadu,Thiruvannamalai,Polur(Uzhavar Sandhai ) APMC,Tomato,Deshi,Local,1200,1500,1350,31/03/2026
Tamil Nadu,Thiruchirappalli,Thiruverumbur(Uzhavar Sandhai ) APMC,Tomato,Other,Local,1800,1800,1800,31/03/2026
Tamil Nadu,Thirupur,Palladam(Uzhavar Sandhai ) APMC,Tomato,Local,Local,1200,1600,1400,31/03/2026
Tamil Nadu,Theni,Periyakulam(Uzhavar Sandhai ) APMC,Tomato,Other,Local,1400,1600,1500,31/03/2026
Tamil Nadu,Salem,Mecheri(Uzhavar Sandhai),Tomato,Other,Local,1400,1600,1500,31/03/2026
Tamil Nadu,Vellore,Pallikonda(Uzhavar Sandhai),Tomato,Deshi,Local,1600,1600,1600,31/03/2026
Tamil Nadu,Pudukkottai,Ponnamaravathi(Uzhavar Sandhai),Tomato,Other,Local,1500,2000,1750,31/03/2026
Tamil Nadu,Nagapattinam,Mayiladuthurai(Uzhavar Sandhai ) APMC,Tomato,Deshi,Local,1500,2000,1750,31/03/2026
Tamil Nadu,Villupuram,Tindivanam APMC,Tomato,Other,Local,1200,1200,1200,31/03/2026
Tamil Nadu,Erode,Sathiyamagalam(Uzhavar Sandhai ) APMC,Tomato,Local,Local,1400,1700,1550,31/03/2026
Tamil Nadu,Coimbatore,Mettupalayam(Uzhavar Sandhai ) APMC,Tomato,Deshi,Local,1400,1800,1600,31/03/2026
Tamil Nadu,Cuddalore,Cuddalore(Uzhavar Sandhai ) APMC,Tomato,Deshi,Local,1800,1800,1800,31/03/2026
Tamil Nadu,Dharmapuri,Dharmapuri(Uzhavar Sandhai ) APMC,Tomato,Local,Local,1600,1700,1650,31/03/2026
Tamil Nadu,Erode,Thalavadi(Uzhavar Sandhai ) APMC,Tomato,Other,Local,1200,1400,1300,31/03/2026
Tamil Nadu,Karur,Pallapatti (Uzhavar Sandhai ) APMC,Tomato,Other,Local,1800,2000,1900,31/03/2026
Tamil Nadu,Krishnagiri,Hosur(Uzhavar Sandhai ) APMC,Tomato,Deshi,Local,1500,2000,1750,31/03/2026
Tamil Nadu,Madurai,Chokkikulam(Uzhavar Sandhai ) APMC,Tomato,Deshi,Local,2000,2200,2100,31/03/2026
Tamil Nadu,Madurai,Palanganatham(Uzhavar Sandhai ) APMC,Tomato,Other,Local,1800,2000,1900,31/03/2026
Tamil Nadu,Madurai,Usilampatti(Uzhavar Sandhai ) APMC,Tomato,Deshi,Local,1800,2000,1900,31/03/2026
Tamil Nadu,Madurai,Melur(Uzhavar Sandhai ) APMC,Tomato,Deshi,Local,1800,2000,1900,31/03/2026
Tamil Nadu,Perambalur,Perambalur(Uzhavar Sandhai ) APMC,Tomato,Local,Local,1500,2000,1750,31/03/2026
Tamil Nadu,Pudukkottai,Aranthangi(Uzhavar Sandhai ) APMC,Tomato,Other,Local,1500,2000,1750,31/03/2026
Tamil Nadu,Ramanathapuram,Kamuthi(Uzhavar Sandhai ) APMC,Tomato,Other,Local,2500,2500,2500,31/03/2026
Tamil Nadu,Salem,Thathakapatti(Uzhavar Sandhai ) APMC,Tomato,Local,Local,1200,1600,1400,31/03/2026
Tamil Nadu,Salem,Hasthampatti(Uzhavar Sandhai ) APMC,Tomato,Local,Local,1400,1600,1500,31/03/2026
Tamil Nadu,Sivaganga,Singampunari(Uzhavar Sandhai ) APMC,Tomato,Local,Local,2000,2200,2100,31/03/2026
Tamil Nadu,Thiruvannamalai,Tiruvannamalai(Uzhavar Sandhai ) APMC,Tomato,Deshi,Local,1200,1500,1350,31/03/2026
Tamil Nadu,Thiruvannamalai,Tamarainagar(Uzhavar Sandhai ) APMC,Tomato,Deshi,Local,1200,1500,1350,31/03/2026
Tamil Nadu,Thiruchirappalli,Musiri(Uzhavar Sandhai ) APMC,Tomato,Local,Local,1800,1800,1800,31/03/2026
Tamil Nadu,Villupuram,Villupuram(Uzhavar Sandhai ) APMC,Tomato,Deshi,Local,1500,1500,1500,31/03/2026
Tamil Nadu,Thirupur,Kangayam(Uzhavar Sandhai ) APMC,Tomato,Other,Local,1500,2200,1850,31/03/2026
Tamil Nadu,Salem,Ammapet(Uzhavar Sandhai ) APMC,Tomato,Local,Local,1000,1500,1250,31/03/2026
Tamil Nadu,Krishnagiri,Kaveripattinam(Uzhavar Sandhai ) APMC,Tomato,Local,Local,1800,1800,1800,31/03/2026
Tamil Nadu,The Nilgiris,Coonoor(Uzhavar Sandhai ) APMC,Tomato,Local,Local,1600,2000,1800,31/03/2026
Uttar Pradesh,Sambhal,Sambhal APMC,Tomato,Deshi,FAQ,2000,2600,2250,31/03/2026
Uttar Pradesh,Hathras,Shadabad APMC,Tomato,Tomato,Small,900,1000,950,31/03/2026
Uttar Pradesh,Mau(Maunathbhanjan),Kopaganj APMC,Tomato,Tomato,FAQ,1800,1800,1800,31/03/2026
Rajasthan,Jalore,Jalore APMC,Tomato,Tomato,Local,800,1000,900,31/03/2026
Punjab,Moga,Baghapurana APMC,Tomato,Tomato,Grade B,2000,2400,2200,31/03/2026
Punjab,Tarntaran,Tarantaran APMC,Tomato,Other,Local,2000,2000,2000,31/03/2026
Kerala,Ernakulam,Perumbavoor APMC,Tomato,Tomato,Medium,2000,3000,2500,31/03/2026
Tamil Nadu,Coimbatore,RSPuram(Uzhavar Sandhai ) APMC,Potato,Other,Local,2300,2500,2400,31/03/2026
Tamil Nadu,Coimbatore,Singanallur(Uzhavar Sandhai ) APMC,Potato,Other,Local,2500,3000,2750,31/03/2026
Tamil Nadu,Cuddalore,Cuddalore(Uzhavar Sandhai ) APMC,Potato,Red Nanital,Local,3000,3500,3250,31/03/2026
Tamil Nadu,Cuddalore,Panruti(Uzhavar Sandhai ) APMC,Potato,Red Nanital,Local,3500,4000,3750,31/03/2026
Tamil Nadu,The Nilgiris,Udhagamandalam(Uzhavar Sandhai ) APMC,Potato,Other,Local,3000,3500,3250,31/03/2026
Tamil Nadu,Salem,Edapadi (Uzhavar Sandhai ) APMC,Potato,Other,Local,2500,3000,2750,31/03/2026
Tamil Nadu,Sivaganga,Tirupatthur(Uzhavar Sandhai ) APMC,Potato,Red Nanital,Local,3200,3500,3350,31/03/2026
Tamil Nadu,Theni,Bodinayakanur(Uzhavar Sandhai ) APMC,Potato,Red Nanital,Local,2500,2500,2500,31/03/2026
Tamil Nadu,Thirunelveli,Palayamkottai(Uzhavar Sandhai ) APMC,Potato,Red Nanital,Local,2000,2200,2100,31/03/2026
Tamil Nadu,Thiruvannamalai,Polur(Uzhavar Sandhai ) APMC,Potato,Red Nanital,Local,2500,3000,2750,31/03/2026
Tamil Nadu,Thiruvannamalai,Vandavasi(Uzhavar Sandhai ) APMC,Potato,Other,Local,2000,2500,2250,31/03/2026
Tamil Nadu,Thiruchirappalli,Thiruverumbur(Uzhavar Sandhai ) APMC,Potato,Other,Local,2500,3000,2750,31/03/2026
Tamil Nadu,Villupuram,Villupuram(Uzhavar Sandhai ) APMC,Potato,Red Nanital,Local,3000,3000,3000,31/03/2026
Tamil Nadu,Virudhunagar,Virudhunagar(Uzhavar Sandhai ) APMC,Potato,Red Nanital,Local,2900,3000,2950,31/03/2026
Tamil Nadu,Thirupur,Palladam(Uzhavar Sandhai ) APMC,Potato,Other,Local,2000,2500,2250,31/03/2026
Tamil Nadu,Kallakuruchi,Sankarapuram(Uzhavar Sandhai ) APMC,Potato,Red Nanital,Local,3500,3500,3500,31/03/2026
Tamil Nadu,Vellore,Perampet(Uzhavar Sandhai),Potato,Red Nanital,Local,3000,3000,3000,31/03/2026
Tamil Nadu,Namakkal,Paramathivelur(Uzhavar Sandhai ) APMC,Potato,Other,Local,2600,3000,2800,31/03/2026
Tamil Nadu,Thiruvannamalai,Cheyyar(Uzhavar Sandhai ) APMC,Potato,Other,Local,2000,2500,2250,31/03/2026
Tamil Nadu,Coimbatore,Sundarapuram(Uzhavar Sandhai ) APMC,Potato,Other,Local,3500,4000,3750,31/03/2026
Tamil Nadu,Dharmapuri,Dharmapuri(Uzhavar Sandhai ) APMC,Potato,Red Nanital,Local,2600,2800,2700,31/03/2026
Tamil Nadu,Krishnagiri,Avallapalli(Uzhavar Sandhai ) APMC,Potato,Red Nanital,Local,1500,2000,1750,31/03/2026
Tamil Nadu,Nagapattinam,Sirkali(Uzhavar Sandhai ) APMC,Potato,Red Nanital,Local,3600,4000,3800,31/03/2026
Tamil Nadu,Namakkal,Namakkal(Uzhavar Sandhai ) APMC,Potato,Other,Local,2500,2800,2650,31/03/2026
Tamil Nadu,Salem,Hasthampatti(Uzhavar Sandhai ) APMC,Potato,Red Nanital,Local,2500,3000,2750,31/03/2026
Tamil Nadu,Theni,Theni(Uzhavar Sandhai ) APMC,Potato,Other,Local,2500,2500,2500,31/03/2026
Tamil Nadu,Theni,Kambam(Uzhavar Sandhai ) APMC,Potato,Red Nanital,Local,2300,2500,2400,31/03/2026
Tamil Nadu,Thiruchirappalli,Musiri(Uzhavar Sandhai ) APMC,Potato,Other,Local,2500,3000,2750,31/03/2026
Tamil Nadu,Villupuram,Gingee(Uzhavar Sandhai ) APMC,Potato,Other,Local,3000,3000,3000,31/03/2026
Tamil Nadu,Virudhunagar,Sivakasi(Uzhavar Sandhai ) APMC,Potato,Red Nanital,Local,2500,3000,2750,31/03/2026
Tamil Nadu,Virudhunagar,Thalavaipuram(Uzhavar Sandhai ) APMC,Potato,Red Nanital,Local,2500,3000,2750,31/03/2026
Tamil Nadu,Thirupathur,Natrampalli(Uzhavar Sandhai ) APMC,Potato,Red Nanital,Local,3000,3500,3250,31/03/2026
Tamil Nadu,Salem,Ammapet(Uzhavar Sandhai ) APMC,Potato,Other,Local,3000,3500,3250,31/03/2026
Tamil Nadu,Theni,Periyakulam(Uzhavar Sandhai ) APMC,Potato,Other,Local,2300,2500,2400,31/03/2026
Tamil Nadu,The Nilgiris,Coonoor(Uzhavar Sandhai ) APMC,Potato,Other,Local,3500,4000,3750,31/03/2026
Tamil Nadu,Coimbatore,Sulur(Uzhavar Sandhai ) APMC,Potato,Red Nanital,Local,2600,3000,2800,31/03/2026
Tamil Nadu,Erode,Gobichettipalayam(Uzhavar Sandhai ) APMC,Potato,Other,Local,3500,3800,3650,31/03/2026
Tamil Nadu,Thiruchirappalli,Thuraiyur APMC,Potato,Red Nanital,Local,2200,2800,2500,31/03/2026
Tamil Nadu,Coimbatore,Mettupalayam(Uzhavar Sandhai ) APMC,Potato,Red Nanital,Local,3000,3400,3200,31/03/2026
Tamil Nadu,Erode,Perundurai(Uzhavar Sandhai ) APMC,Potato,Red Nanital,Local,3200,3500,3350,31/03/2026
Tamil Nadu,Krishnagiri,Hosur(Uzhavar Sandhai ) APMC,Potato,Red Nanital,Local,1500,2000,1750,31/03/2026
Tamil Nadu,Madurai,Palanganatham(Uzhavar Sandhai ) APMC,Potato,Other,Local,2800,3000,2900,31/03/2026
Tamil Nadu,Perambalur,Perambalur(Uzhavar Sandhai ) APMC,Potato,Other,Local,2600,2800,2700,31/03/2026
Tamil Nadu,Pudukkottai,Pudukottai(Uzhavar Sandhai ) APMC,Potato,Red Nanital,Local,3500,4000,3750,31/03/2026
Tamil Nadu,Ramanathapuram,Paramakudi(Uzhavar Sandhai ) APMC,Potato,Red Nanital,Local,3500,4000,3750,31/03/2026
Tamil Nadu,Salem,Attayampatti(Uzhavar Sandhai ) APMC,Potato,Red Nanital,Local,4000,4000,4000,31/03/2026
Tamil Nadu,Sivaganga,Singampunari(Uzhavar Sandhai ) APMC,Potato,Other,Local,3000,3500,3250,31/03/2026
Tamil Nadu,Thanjavur,Pattukottai(Uzhavar Sandhai ) APMC,Potato,Red Nanital,Local,3000,3000,3000,31/03/2026
Tamil Nadu,Theni,Chinnamanur(Uzhavar Sandhai ) APMC,Potato,Other,Local,2500,2500,2500,31/03/2026
Tamil Nadu,Thiruvarur,Mannargudi II(Uzhavar Sandhai ) APMC,Potato,Red Nanital,Local,3000,3400,3200,31/03/2026
Tamil Nadu,Thiruchirappalli,Manachanallur(Uzhavar Sandhai ) APMC,Potato,Other,Local,3000,3000,3000,31/03/2026
Tamil Nadu,Vellore,Kahithapattarai(Uzhavar Sandhai ) APMC,Potato,Red Nanital,Local,2000,2000,2000,31/03/2026
Tamil Nadu,Thirupur,Tiruppur (South) (Uzhavar Sandhai ) APMC,Potato,Other,Local,3000,4000,3500,31/03/2026
Tamil Nadu,Thirupur,Tiruppur (North) (Uzhavar Sandhai ) APMC,Potato,Other,Local,3500,4000,3750,31/03/2026
Tamil Nadu,Nagercoil (Kannyiakumari),Vadaseri APMC,Potato,Red Nanital,Local,3000,3500,3250,31/03/2026
Tamil Nadu,Vellore,Pallikonda(Uzhavar Sandhai),Potato,Red Nanital,Local,1800,1800,1800,31/03/2026
Tamil Nadu,Nagapattinam,Mayiladuthurai(Uzhavar Sandhai ) APMC,Potato,Red Nanital,Local,4000,4000,4000,31/03/2026
Tamil Nadu,Erode,Sathiyamagalam(Uzhavar Sandhai ) APMC,Potato,Other,Local,3000,3500,3250,31/03/2026
Tamil Nadu,Namakkal,Tiruchengode APMC,Potato,Other,Local,2600,3000,2800,31/03/2026
Tamil Nadu,Cuddalore,Vadalur(Uzhavar Sandhai ) APMC,Potato,Other,Local,2000,3000,2500,31/03/2026
Tamil Nadu,Dharmapuri,Pennagaram(Uzhavar Sandhai ) APMC,Potato,Red Nanital,Local,2800,3000,2900,31/03/2026
Tamil Nadu,Dindigul,Palani(Uzhavar Sandhai ) APMC,Potato,Other,Local,2400,2800,2600,31/03/2026
Tamil Nadu,Erode,Thalavadi(Uzhavar Sandhai ) APMC,Potato,Red Nanital,Local,3000,3500,3250,31/03/2026
Tamil Nadu,Krishnagiri,Krishnagiri(Uzhavar Sandhai ) APMC,Potato,Red Nanital,Local,2000,2400,2200,31/03/2026
Tamil Nadu,Madurai,Chokkikulam(Uzhavar Sandhai ) APMC,Potato,Red Nanital,Local,2600,3000,2800,31/03/2026
Tamil Nadu,Namakkal,Kumarapalayam(Uzhavar Sandhai ) APMC,Potato,Other,Local,2500,3000,2750,31/03/2026
Tamil Nadu,Pudukkottai,Alangudi(Uzhavar Sandhai ) APMC,Potato,Other,Local,3500,4000,3750,31/03/2026
Tamil Nadu,Salem,Thathakapatti(Uzhavar Sandhai ) APMC,Potato,Other,Local,2400,2800,2600,31/03/2026
Tamil Nadu,Thirunelveli,Melapalayam(Uzhavar Sandhai ) APMC,Potato,Other,Local,2000,2200,2100,31/03/2026
Tamil Nadu,Thirunelveli,Ambasamudram(Uzhavar Sandhai ) APMC,Potato,Red Nanital,Local,1500,2200,1850,31/03/2026
Tamil Nadu,Thiruvarur,Mannargudi I(Uzhavar Sandhai ) APMC,Potato,Red Nanital,Local,3000,3400,3200,31/03/2026
Tamil Nadu,Tuticorin,Kovilpatti(Uzhavar Sandhai ) APMC,Potato,Other,Local,2500,3000,2750,31/03/2026
Tamil Nadu,Thiruvannamalai,Arani(Uzhavar Sandhai ) APMC,Potato,Other,Local,2500,3000,2750,31/03/2026
Tamil Nadu,Nagercoil (Kannyiakumari),Myladi(Uzhavar Sandhai ) APMC,Potato,Red Nanital,Local,3000,3500,3250,31/03/2026
Tamil Nadu,Ranipet,Arcot(Uzhavar Sandhai ) APMC,Potato,Red Nanital,Local,2400,2400,2400,31/03/2026
Tamil Nadu,Kallakuruchi,Kallakurichi(Uzhavar Sandhai ) APMC,Potato,Red Nanital,Local,3500,3500,3500,31/03/2026
Tamil Nadu,Pudukkottai,Karambakkudi(Uzhavar Sandhai ) APMC,Potato,Other,Local,3500,4000,3750,31/03/2026
Tamil Nadu,Dharmapuri,Harur(Uzhavar Sandhai ) APMC,Potato,Other,Local,2500,2800,2650,31/03/2026
Tamil Nadu,Krishnagiri,Kaveripattinam(Uzhavar Sandhai ) APMC,Potato,Red Nanital,Local,3500,3500,3500,31/03/2026
Tamil Nadu,Theni,Andipatti(Uzhavar Sandhai ) APMC,Potato,Red Nanital,Local,2000,2500,2250,31/03/2026
Tamil Nadu,Virudhunagar,Srivilliputhur(Uzhavar Sandhai ) APMC,Potato,Red Nanital,Local,2000,2500,2250,31/03/2026
Tamil Nadu,Dharmapuri,Karimangalam(Uzhavar Sandhai),Potato,Other,Local,2600,2800,2700,31/03/2026
Tamil Nadu,Salem,Mecheri(Uzhavar Sandhai),Potato,Other,Local,2500,3000,2750,31/03/2026
Tamil Nadu,Karur,Gandhigramam(Uzhavar Sandhai),Potato,Other,Local,3000,4000,3500,31/03/2026
Tamil Nadu,Pudukkottai,Gandarvakottai(Uzhavar Sandhai ) APMC,Potato,Red Nanital,Local,3500,4000,3750,31/03/2026
Tamil Nadu,Salem,Thammampatti (Uzhavar Sandhai ) APMC,Potato,Other,Local,2800,3000,2900,31/03/2026
Tamil Nadu,Villupuram,Tindivanam APMC,Potato,Other,Local,2800,2800,2800,31/03/2026
Tamil Nadu,Villupuram,Ulundurpettai APMC,Potato,Red Nanital,Local,3500,3500,3500,31/03/2026
Tamil Nadu,Ariyalur,Ariyalur(Uzhavar Sandhai) APMC,Potato,Red Nanital,Local,3000,3400,3200,31/03/2026
Tamil Nadu,Cuddalore,Viruthachalam(Uzhavar Sandhai ) APMC,Potato,Red Nanital,Local,3000,3000,3000,31/03/2026
Tamil Nadu,Dharmapuri,Palacode(Uzhavar Sandhai ) APMC,Potato,Other,Local,2500,2800,2650,31/03/2026
Tamil Nadu,Kancheepuram,Kundrathur(Uzhavar Sandhai ) APMC,Potato,Other,Local,2500,2500,2500,31/03/2026
Tamil Nadu,Karur,Velayuthampalayam(Uzhavar Sandhai ) APMC,Potato,Other,Local,3200,4000,3600,31/03/2026
Tamil Nadu,Salem,Mettur(Uzhavar Sandhai ) APMC,Potato,Other,Local,3500,4000,3750,31/03/2026
Tamil Nadu,Salem,Elampillai(Uzhavar Sandhai ) APMC,Potato,Other,Local,2500,3000,2750,31/03/2026
Tamil Nadu,Salem,Jalagandapuram(Uzhavar Sandhai ) APMC,Potato,Other,Local,2800,3000,2900,31/03/2026
Tamil Nadu,Sivaganga,Karaikudi(Uzhavar Sandhai ) APMC,Potato,Red Nanital,Local,3000,3500,3250,31/03/2026
Tamil Nadu,Theni,Devaram(Uzhavar Sandhai ) APMC,Potato,Red Nanital,Local,2500,2500,2500,31/03/2026
Tamil Nadu,Thiruvannamalai,Tiruvannamalai(Uzhavar Sandhai ) APMC,Potato,Red Nanital,Local,2000,2500,2250,31/03/2026
Tamil Nadu,Virudhunagar,Kariyapatti(Uzhavar Sandhai ) APMC,Potato,Red Nanital,Local,2500,3000,2750,31/03/2026
Tamil Nadu,Chengalpattu,Pallavaram(Uzhavar Sandhai ) APMC,Potato,Other,Local,2500,3000,2750,31/03/2026
Tamil Nadu,Thirupur,Dharapuram(Uzhavar Sandhai ) APMC,Potato,Red Nanital,Local,2500,3000,2750,31/03/2026
Tamil Nadu,Vellore,Thirupathur APMC,Potato,Red Nanital,Local,3600,3600,3600,31/03/2026
Tamil Nadu,The Nilgiris,Gudalur(Uzhavar Sandhai ) APMC,Potato,Red Nanital,Local,3000,4000,3500,31/03/2026
Tamil Nadu,Villupuram,Tindivanam APMC,Sweet Potato,Hosur Red,Local,4000,4000,4000,31/03/2026
Tamil Nadu,Thiruchirappalli,Thuraiyur APMC,Sweet Potato,Hosur Red,Local,3000,3500,3250,31/03/2026
Tamil Nadu,Krishnagiri,Krishnagiri(Uzhavar Sandhai ) APMC,Sweet Potato,Hosur Red,Local,1400,1600,1500,31/03/2026
Tamil Nadu,Madurai,Melur(Uzhavar Sandhai ) APMC,Sweet Potato,Hosur Red,Local,3000,3600,3300,31/03/2026
Tamil Nadu,Namakkal,Namakkal(Uzhavar Sandhai ) APMC,Sweet Potato,Hosur Red,Local,4500,5000,4750,31/03/2026
Tamil Nadu,Theni,Kambam(Uzhavar Sandhai ) APMC,Sweet Potato,Hosur Red,Local,3000,3000,3000,31/03/2026
Tamil Nadu,Thiruvannamalai,Polur(Uzhavar Sandhai ) APMC,Sweet Potato,Hosur Red,Local,3500,4000,3750,31/03/2026
Tamil Nadu,Vellore,Kahithapattarai(Uzhavar Sandhai ) APMC,Sweet Potato,Hosur Red,Local,3000,3000,3000,31/03/2026
Tamil Nadu,Villupuram,Villupuram(Uzhavar Sandhai ) APMC,Sweet Potato,Hosur Red,Local,4000,4000,4000,31/03/2026
Tamil Nadu,Thirupathur,Natrampalli(Uzhavar Sandhai ) APMC,Sweet Potato,Hosur Red,Local,2500,3000,2750,31/03/2026
Tamil Nadu,Karur,Gandhigramam(Uzhavar Sandhai),Sweet Potato,Hosur Red,Local,2500,3000,2750,31/03/2026
Tamil Nadu,Coimbatore,Sulur(Uzhavar Sandhai ) APMC,Sweet Potato,Hosur Red,Local,2800,3200,3000,31/03/2026
Tamil Nadu,Erode,Gobichettipalayam(Uzhavar Sandhai ) APMC,Sweet Potato,Hosur Red,Local,4000,4500,4250,31/03/2026
Tamil Nadu,Coimbatore,Singanallur(Uzhavar Sandhai ) APMC,Sweet Potato,Hosur Red,Local,3000,3200,3100,31/03/2026
Tamil Nadu,Coimbatore,Mettupalayam(Uzhavar Sandhai ) APMC,Sweet Potato,Hosur Red,Local,3500,4000,3750,31/03/2026
Tamil Nadu,Erode,Periyar Nagar(Uzhavar Sandhai ) APMC,Sweet Potato,Hosur Red,Local,3500,4000,3750,31/03/2026
Tamil Nadu,Krishnagiri,Hosur(Uzhavar Sandhai ) APMC,Sweet Potato,Hosur Red,Local,3000,4000,3500,31/03/2026
Tamil Nadu,Nagapattinam,Sirkali(Uzhavar Sandhai ) APMC,Sweet Potato,Hosur Red,Local,5500,6000,5750,31/03/2026
Tamil Nadu,Pudukkottai,Pudukottai(Uzhavar Sandhai ) APMC,Sweet Potato,Hosur Red,Local,4000,4500,4250,31/03/2026
Tamil Nadu,Pudukkottai,Aranthangi(Uzhavar Sandhai ) APMC,Sweet Potato,Hosur Red,Local,3500,4000,3750,31/03/2026
Tamil Nadu,Salem,Edapadi (Uzhavar Sandhai ) APMC,Sweet Potato,Hosur Red,Local,3500,4000,3750,31/03/2026
Tamil Nadu,Theni,Devaram(Uzhavar Sandhai ) APMC,Sweet Potato,Hosur Red,Local,3000,3000,3000,31/03/2026
Tamil Nadu,Thiruvannamalai,Tamarainagar(Uzhavar Sandhai ) APMC,Sweet Potato,Hosur Red,Local,3000,3600,3300,31/03/2026
Tamil Nadu,Kallakuruchi,Sankarapuram(Uzhavar Sandhai ) APMC,Sweet Potato,Hosur Red,Local,3000,3000,3000,31/03/2026
Tamil Nadu,Salem,Mecheri(Uzhavar Sandhai),Sweet Potato,Hosur Red,Local,3500,4000,3750,31/03/2026
Tamil Nadu,Vellore,Pallikonda(Uzhavar Sandhai),Sweet Potato,Hosur Red,Local,3000,3000,3000,31/03/2026
Tamil Nadu,Salem,Thammampatti (Uzhavar Sandhai ) APMC,Sweet Potato,Hosur Red,Local,2500,3000,2750,31/03/2026
Tamil Nadu,Cuddalore,Cuddalore(Uzhavar Sandhai ) APMC,Sweet Potato,Hosur Red,Local,3000,3000,3000,31/03/2026
Tamil Nadu,Cuddalore,Vadalur(Uzhavar Sandhai ) APMC,Sweet Potato,Hosur Red,Local,3000,3500,3250,31/03/2026
Tamil Nadu,Dharmapuri,Pennagaram(Uzhavar Sandhai ) APMC,Sweet Potato,Hosur Red,Local,2800,3000,2900,31/03/2026
Tamil Nadu,Dindigul,Palani(Uzhavar Sandhai ) APMC,Sweet Potato,Hosur Red,Local,2500,3000,2750,31/03/2026
Tamil Nadu,Madurai,Chokkikulam(Uzhavar Sandhai ) APMC,Sweet Potato,Hosur Red,Local,3000,3600,3300,31/03/2026
Tamil Nadu,Salem,Attayampatti(Uzhavar Sandhai ) APMC,Sweet Potato,Hosur Red,Local,3500,4000,3750,31/03/2026
Tamil Nadu,Salem,Hasthampatti(Uzhavar Sandhai ) APMC,Sweet Potato,Hosur Red,Local,3500,4000,3750,31/03/2026
Tamil Nadu,Sivaganga,Tirupatthur(Uzhavar Sandhai ) APMC,Sweet Potato,Hosur Red,Local,3500,4000,3750,31/03/2026
Tamil Nadu,Theni,Chinnamanur(Uzhavar Sandhai ) APMC,Sweet Potato,Hosur Red,Local,3000,3000,3000,31/03/2026
Tamil Nadu,Thirunelveli,Palayamkottai(Uzhavar Sandhai ) APMC,Sweet Potato,Hosur Red,Local,2000,2800,2400,31/03/2026
Tamil Nadu,Ranipet,Arcot(Uzhavar Sandhai ) APMC,Sweet Potato,Hosur Red,Local,4000,4000,4000,31/03/2026
Tamil Nadu,Vellore,Perampet(Uzhavar Sandhai),Sweet Potato,Hosur Red,Local,3000,3000,3000,31/03/2026
Tamil Nadu,Namakkal,Tiruchengode APMC,Sweet Potato,Hosur Red,Local,3000,3500,3250,31/03/2026
Tamil Nadu,Coimbatore,RSPuram(Uzhavar Sandhai ) APMC,Sweet Potato,Hosur Red,Local,2200,2800,2500,31/03/2026
Tamil Nadu,Coimbatore,Kurichi(Uzhavar Sandhai ) APMC,Sweet Potato,Hosur Red,Local,2500,3000,2750,31/03/2026
Tamil Nadu,Dharmapuri,Dharmapuri(Uzhavar Sandhai ) APMC,Sweet Potato,Hosur Red,Local,1800,2000,1900,31/03/2026
Tamil Nadu,Kancheepuram,Kundrathur(Uzhavar Sandhai ) APMC,Sweet Potato,Hosur Red,Local,3000,3000,3000,31/03/2026
Tamil Nadu,Karur,Pallapatti (Uzhavar Sandhai ) APMC,Sweet Potato,Hosur Red,Local,3000,3500,3250,31/03/2026
Tamil Nadu,Salem,Thathakapatti(Uzhavar Sandhai ) APMC,Sweet Potato,Hosur Red,Local,3000,4000,3500,31/03/2026
Tamil Nadu,Salem,Mettur(Uzhavar Sandhai ) APMC,Sweet Potato,Hosur Red,Local,3000,3500,3250,31/03/2026
Tamil Nadu,Theni,Theni(Uzhavar Sandhai ) APMC,Sweet Potato,Hosur Red,Local,2500,2800,2650,31/03/2026
Tamil Nadu,Thirunelveli,Melapalayam(Uzhavar Sandhai ) APMC,Sweet Potato,Hosur Red,Local,2500,2800,2650,31/03/2026
Tamil Nadu,Thiruchirappalli,Musiri(Uzhavar Sandhai ) APMC,Sweet Potato,Hosur Red,Local,3000,3600,3300,31/03/2026
Tamil Nadu,Thirupur,Tiruppur (North) (Uzhavar Sandhai ) APMC,Sweet Potato,Hosur Red,Local,4500,5000,4750,31/03/2026
Tamil Nadu,Tenkasi,Sankarankoil(Uzhavar Sandhai ) APMC,Sweet Potato,Hosur Red,Local,4000,4000,4000,31/03/2026
Tamil Nadu,Salem,Ammapet(Uzhavar Sandhai ) APMC,Sweet Potato,Hosur Red,Local,3500,4000,3750,31/03/2026
Tamil Nadu,Dharmapuri,Karimangalam(Uzhavar Sandhai),Sweet Potato,Hosur Red,Local,2200,2500,2350,31/03/2026
Tamil Nadu,Coimbatore,Sundarapuram(Uzhavar Sandhai ) APMC,Sweet Potato,Hosur Red,Local,3000,3500,3250,31/03/2026
Tamil Nadu,Dharmapuri,Palacode(Uzhavar Sandhai ) APMC,Sweet Potato,Hosur Red,Local,1600,2000,1800,31/03/2026
Tamil Nadu,Krishnagiri,Avallapalli(Uzhavar Sandhai ) APMC,Sweet Potato,Hosur Red,Local,4000,4500,4250,31/03/2026
Tamil Nadu,The Nilgiris,Udhagamandalam(Uzhavar Sandhai ) APMC,Sweet Potato,Hosur Red,Local,3000,3500,3250,31/03/2026
Tamil Nadu,Perambalur,Perambalur(Uzhavar Sandhai ) APMC,Sweet Potato,Hosur Red,Local,2500,3000,2750,31/03/2026
Tamil Nadu,Salem,Jalagandapuram(Uzhavar Sandhai ) APMC,Sweet Potato,Hosur Red,Local,3500,4000,3750,31/03/2026
Tamil Nadu,Theni,Bodinayakanur(Uzhavar Sandhai ) APMC,Sweet Potato,Hosur Red,Local,3000,3000,3000,31/03/2026
Tamil Nadu,Thirunelveli,Ambasamudram(Uzhavar Sandhai ) APMC,Sweet Potato,Hosur Red,Local,2000,2800,2400,31/03/2026
Tamil Nadu,Thiruvarur,Tiruthuraipoondi(Uzhavar Sandhai ) APMC,Sweet Potato,Hosur Red,Local,4000,4000,4000,31/03/2026
Tamil Nadu,Thiruvannamalai,Tiruvannamalai(Uzhavar Sandhai ) APMC,Sweet Potato,Hosur Red,Local,2500,3000,2750,31/03/2026
Tamil Nadu,Thiruvannamalai,Arani(Uzhavar Sandhai ) APMC,Sweet Potato,Hosur Red,Local,2500,3000,2750,31/03/2026
Tamil Nadu,Thiruchirappalli,Thiruverumbur(Uzhavar Sandhai ) APMC,Sweet Potato,Hosur Red,Local,4000,4000,4000,31/03/2026
Tamil Nadu,Kallakuruchi,Kallakurichi(Uzhavar Sandhai ) APMC,Sweet Potato,Hosur Red,Local,3000,3000,3000,31/03/2026
Tamil Nadu,Vellore,Thirupathur APMC,Sweet Potato,Hosur Red,Local,4000,4000,4000,31/03/2026
Tamil Nadu,Dharmapuri,Harur(Uzhavar Sandhai ) APMC,Sweet Potato,Hosur Red,Local,2500,3000,2750,31/03/2026
Uttar Pradesh,Hathras,Shadabad APMC,Potato,Potato,Small,400,500,450,31/03/2026
Uttar Pradesh,Mau(Maunathbhanjan),Kopaganj APMC,Potato,Desi,FAQ,700,700,700,31/03/2026
Uttar Pradesh,Sambhal,Sambhal APMC,Potato,Desi,FAQ,400,1200,800,31/03/2026
Haryana,Rewari,Kosli APMC,Potato,Other,FAQ,1000,1200,1100,31/03/2026
Haryana,Gurgaon,Gurgaon APMC,Potato,Other,Grade B,500,600,550,31/03/2026
Haryana,Karnal,Tarori APMC,Potato,Desi,Grade A,800,1200,1000,31/03/2026
Punjab,Tarntaran,Tarantaran APMC,Potato,Other,Local,340,340,340,31/03/2026
Punjab,Moga,Baghapurana APMC,Potato,Potato,Grade B,500,700,600,31/03/2026
Odisha,Boudh,Boudh APMC,Potato,Other,Medium,1500,2000,1800,31/03/2026
Kerala,Kollam,Kottarakkara APMC,Potato,Other,Local,4500,4700,4600,31/03/2026
Kerala,Ernakulam,Perumbavoor APMC,Potato,Potato,Medium,2000,3000,2500,31/03/2026
Tamil Nadu,The Nilgiris,Udhagamandalam(Uzhavar Sandhai ) APMC,Garlic,Garlic,Local,15000,16000,15500,31/03/2026
Tamil Nadu,Thirunelveli,Melapalayam(Uzhavar Sandhai ) APMC,Garlic,Garlic,Local,14000,16000,15000,31/03/2026
Tamil Nadu,Thiruvannamalai,Polur(Uzhavar Sandhai ) APMC,Garlic,Garlic,Local,14000,15000,14500,31/03/2026
Tamil Nadu,Chengalpattu,Pallavaram(Uzhavar Sandhai ) APMC,Garlic,Garlic,Local,16000,24000,20000,31/03/2026
Tamil Nadu,Nagercoil (Kannyiakumari),Vadaseri APMC,Garlic,Garlic,Local,13000,14000,13500,31/03/2026
Tamil Nadu,Vellore,Thirupathur APMC,Garlic,Garlic,Local,17500,17500,17500,31/03/2026
Tamil Nadu,The Nilgiris,Gudalur(Uzhavar Sandhai ) APMC,Garlic,Garlic,Local,15000,16000,15500,31/03/2026
Tamil Nadu,Vellore,Pallikonda(Uzhavar Sandhai),Garlic,Garlic,Local,14500,14500,14500,31/03/2026
Tamil Nadu,Vellore,Perampet(Uzhavar Sandhai),Garlic,Garlic,Local,14000,14000,14000,31/03/2026
Tamil Nadu,Dharmapuri,Dharmapuri(Uzhavar Sandhai ) APMC,Garlic,Garlic,Local,16200,16600,16400,31/03/2026
Tamil Nadu,Dharmapuri,Palacode(Uzhavar Sandhai ) APMC,Garlic,Garlic,Local,15500,16000,15750,31/03/2026
Tamil Nadu,Krishnagiri,Hosur(Uzhavar Sandhai ) APMC,Garlic,Garlic,Local,14000,16000,15000,31/03/2026
Tamil Nadu,Krishnagiri,Krishnagiri(Uzhavar Sandhai ) APMC,Garlic,Garlic,Local,14000,16000,15000,31/03/2026
Tamil Nadu,Madurai,Palanganatham(Uzhavar Sandhai ) APMC,Garlic,Garlic,Local,18000,20000,19000,31/03/2026
Tamil Nadu,Salem,Mettur(Uzhavar Sandhai ) APMC,Garlic,Garlic,Local,18000,20000,19000,31/03/2026
Tamil Nadu,Salem,Jalagandapuram(Uzhavar Sandhai ) APMC,Garlic,Garlic,Local,14000,15000,14500,31/03/2026
Tamil Nadu,Theni,Chinnamanur(Uzhavar Sandhai ) APMC,Garlic,Garlic,Local,8000,20000,14000,31/03/2026
Tamil Nadu,Dharmapuri,Harur(Uzhavar Sandhai ) APMC,Garlic,Garlic,Local,14000,15000,14500,31/03/2026
Tamil Nadu,Coimbatore,Sundarapuram(Uzhavar Sandhai ) APMC,Garlic,Garlic,Local,14000,15000,14500,31/03/2026
Tamil Nadu,Coimbatore,RSPuram(Uzhavar Sandhai ) APMC,Garlic,Garlic,Local,11000,14200,12600,31/03/2026
Tamil Nadu,Coimbatore,Mettupalayam(Uzhavar Sandhai ) APMC,Garlic,Garlic,Local,12000,14000,13000,31/03/2026
Tamil Nadu,Madurai,Chokkikulam(Uzhavar Sandhai ) APMC,Garlic,Garlic,Local,18000,20000,19000,31/03/2026
Tamil Nadu,Pudukkottai,Pudukottai(Uzhavar Sandhai ) APMC,Garlic,Garlic,Local,23000,24000,23500,31/03/2026
Tamil Nadu,Salem,Thathakapatti(Uzhavar Sandhai ) APMC,Garlic,Garlic,Local,16000,18000,17000,31/03/2026
Tamil Nadu,Salem,Elampillai(Uzhavar Sandhai ) APMC,Garlic,Garlic,Local,17000,18000,17500,31/03/2026
Tamil Nadu,Virudhunagar,Aruppukottai(Uzhavar Sandhai ) APMC,Garlic,Garlic,Local,12000,14000,13000,31/03/2026
Tamil Nadu,Nagercoil (Kannyiakumari),Myladi(Uzhavar Sandhai ) APMC,Garlic,Garlic,Local,11000,12000,11500,31/03/2026
Tamil Nadu,Thirupur,Tiruppur (South) (Uzhavar Sandhai ) APMC,Garlic,Garlic,Local,12000,14000,13000,31/03/2026
Tamil Nadu,The Nilgiris,Coonoor(Uzhavar Sandhai ) APMC,Garlic,Garlic,Local,16000,17000,16500,31/03/2026
Tamil Nadu,Namakkal,Namakkal(Uzhavar Sandhai ) APMC,Garlic,Garlic,Local,15000,17500,16250,31/03/2026
Tamil Nadu,Thanjavur,Pattukottai(Uzhavar Sandhai ) APMC,Garlic,Garlic,Local,14000,14000,14000,31/03/2026
Tamil Nadu,Thirunelveli,Palayamkottai(Uzhavar Sandhai ) APMC,Garlic,Garlic,Local,16000,20000,18000,31/03/2026
Tamil Nadu,Thiruvarur,Mannargudi I(Uzhavar Sandhai ) APMC,Garlic,Garlic,Local,16000,16000,16000,31/03/2026
Tamil Nadu,Thiruchirappalli,Thiruverumbur(Uzhavar Sandhai ) APMC,Garlic,Garlic,Local,16000,16000,16000,31/03/2026
Tamil Nadu,Thiruchirappalli,Manachanallur(Uzhavar Sandhai ) APMC,Garlic,Garlic,Local,14000,14000,14000,31/03/2026
Tamil Nadu,Vellore,Kahithapattarai(Uzhavar Sandhai ) APMC,Garlic,Garlic,Local,14500,14500,14500,31/03/2026
Tamil Nadu,Ranipet,Arcot(Uzhavar Sandhai ) APMC,Garlic,Garlic,Local,14000,14000,14000,31/03/2026
Tamil Nadu,Thirupur,Tiruppur (North) (Uzhavar Sandhai ) APMC,Garlic,Garlic,Local,14000,15000,14500,31/03/2026
Tamil Nadu,Thirupathur,Natrampalli(Uzhavar Sandhai ) APMC,Garlic,Garlic,Local,18000,20000,19000,31/03/2026
Tamil Nadu,Kallakuruchi,Kallakurichi(Uzhavar Sandhai ) APMC,Garlic,Garlic,Local,16000,16000,16000,31/03/2026
Tamil Nadu,Dharmapuri,Karimangalam(Uzhavar Sandhai),Garlic,Garlic,Local,13000,14000,13500,31/03/2026
Tamil Nadu,Salem,Mecheri(Uzhavar Sandhai),Garlic,Garlic,Local,12000,13000,12500,31/03/2026
Tamil Nadu,Coimbatore,Sulur(Uzhavar Sandhai ) APMC,Garlic,Garlic,Local,14000,16000,15000,31/03/2026
Tamil Nadu,Salem,Thammampatti (Uzhavar Sandhai ) APMC,Garlic,Garlic,Local,15000,18000,16500,31/03/2026
Tamil Nadu,Namakkal,Tiruchengode APMC,Garlic,Garlic,Local,12500,14000,13250,31/03/2026
Tamil Nadu,Coimbatore,Singanallur(Uzhavar Sandhai ) APMC,Garlic,Garlic,Local,12000,16000,14000,31/03/2026
Tamil Nadu,Dharmapuri,Pennagaram(Uzhavar Sandhai ) APMC,Garlic,Garlic,Local,16500,17000,16750,31/03/2026
Tamil Nadu,Dindigul,Palani(Uzhavar Sandhai ) APMC,Garlic,Garlic,Local,20000,25000,22500,31/03/2026
Tamil Nadu,Perambalur,Perambalur(Uzhavar Sandhai ) APMC,Garlic,Garlic,Local,13000,15000,14000,31/03/2026
Tamil Nadu,Salem,Hasthampatti(Uzhavar Sandhai ) APMC,Garlic,Garlic,Local,16000,18000,17000,31/03/2026
Tamil Nadu,Theni,Theni(Uzhavar Sandhai ) APMC,Garlic,Garlic,Local,10000,20000,15000,31/03/2026
Tamil Nadu,Thiruvarur,Mannargudi II(Uzhavar Sandhai ) APMC,Garlic,Garlic,Local,16000,16000,16000,31/03/2026
Tamil Nadu,Thiruvannamalai,Tiruvannamalai(Uzhavar Sandhai ) APMC,Garlic,Garlic,Local,16000,18000,17000,31/03/2026
Tamil Nadu,Thiruvannamalai,Arani(Uzhavar Sandhai ) APMC,Garlic,Garlic,Local,13000,15000,14000,31/03/2026
Tamil Nadu,Theni,Andipatti(Uzhavar Sandhai ) APMC,Garlic,Garlic,Local,22000,24000,23000,31/03/2026
Tamil Nadu,Salem,Thammampatti (Uzhavar Sandhai ) APMC,Ginger(Green),Green Ginger,Local,7000,8000,7500,31/03/2026
Tamil Nadu,Coimbatore,RSPuram(Uzhavar Sandhai ) APMC,Ginger(Green),Green Ginger,Local,6000,6500,6250,31/03/2026
Tamil Nadu,Coimbatore,Mettupalayam(Uzhavar Sandhai ) APMC,Ginger(Green),Green Ginger,Local,6000,6500,6250,31/03/2026
Tamil Nadu,Dharmapuri,Dharmapuri(Uzhavar Sandhai ) APMC,Ginger(Green),Green Ginger,Local,8200,8600,8400,31/03/2026
Tamil Nadu,Dharmapuri,Pennagaram(Uzhavar Sandhai ) APMC,Ginger(Green),Green Ginger,Local,8600,9000,8800,31/03/2026
Tamil Nadu,Krishnagiri,Krishnagiri(Uzhavar Sandhai ) APMC,Ginger(Green),Green Ginger,Local,6000,7000,6500,31/03/2026
Tamil Nadu,Namakkal,Kumarapalayam(Uzhavar Sandhai ) APMC,Ginger(Green),Green Ginger,Local,7000,7500,7250,31/03/2026
Tamil Nadu,Namakkal,Mohanur(Uzhavar Sandhai ) APMC,Ginger(Green),Green Ginger,Local,8400,10000,9200,31/03/2026
Tamil Nadu,Perambalur,Perambalur(Uzhavar Sandhai ) APMC,Ginger(Green),Green Ginger,Local,7000,7500,7250,31/03/2026
Tamil Nadu,Theni,Chinnamanur(Uzhavar Sandhai ) APMC,Ginger(Green),Green Ginger,Local,6400,6400,6400,31/03/2026
Tamil Nadu,Tuticorin,Kovilpatti(Uzhavar Sandhai ) APMC,Ginger(Green),Green Ginger,Local,7000,7500,7250,31/03/2026
Tamil Nadu,Thiruchirappalli,Thiruverumbur(Uzhavar Sandhai ) APMC,Ginger(Green),Green Ginger,Local,8000,8000,8000,31/03/2026
Tamil Nadu,Villupuram,Villupuram(Uzhavar Sandhai ) APMC,Ginger(Green),Green Ginger,Local,7000,7000,7000,31/03/2026
Tamil Nadu,Virudhunagar,Sivakasi(Uzhavar Sandhai ) APMC,Ginger(Green),Green Ginger,Local,7500,8000,7750,31/03/2026
Tamil Nadu,Virudhunagar,Kariyapatti(Uzhavar Sandhai ) APMC,Ginger(Green),Green Ginger,Local,7500,8000,7750,31/03/2026
Tamil Nadu,Kallakuruchi,Sankarapuram(Uzhavar Sandhai ) APMC,Ginger(Green),Green Ginger,Local,9000,9000,9000,31/03/2026
Tamil Nadu,Dharmapuri,Harur(Uzhavar Sandhai ) APMC,Ginger(Green),Green Ginger,Local,7000,8000,7500,31/03/2026
Tamil Nadu,Theni,Andipatti(Uzhavar Sandhai ) APMC,Ginger(Green),Green Ginger,Local,6000,6400,6200,31/03/2026
Tamil Nadu,Salem,Mecheri(Uzhavar Sandhai),Ginger(Green),Green Ginger,Local,7500,8000,7750,31/03/2026
Tamil Nadu,Vellore,Perampet(Uzhavar Sandhai),Ginger(Green),Green Ginger,Local,8000,8000,8000,31/03/2026
Tamil Nadu,Karur,Gandhigramam(Uzhavar Sandhai),Ginger(Green),Green Ginger,Local,7000,8000,7500,31/03/2026
Tamil Nadu,Villupuram,Tindivanam APMC,Ginger(Green),Green Ginger,Local,8000,8000,8000,31/03/2026
Tamil Nadu,Ariyalur,Ariyalur(Uzhavar Sandhai) APMC,Ginger(Green),Green Ginger,Local,7000,8000,7500,31/03/2026
Tamil Nadu,Cuddalore,Vadalur(Uzhavar Sandhai ) APMC,Ginger(Green),Green Ginger,Local,8000,8000,8000,31/03/2026
Tamil Nadu,Erode,Thalavadi(Uzhavar Sandhai ) APMC,Ginger(Green),Green Ginger,Local,6500,7000,6750,31/03/2026
Tamil Nadu,Madurai,Palanganatham(Uzhavar Sandhai ) APMC,Ginger(Green),Green Ginger,Local,8000,9000,8500,31/03/2026
Tamil Nadu,Namakkal,Rasipuram(Uzhavar Sandhai ) APMC,Ginger(Green),Green Ginger,Local,6000,7000,6500,31/03/2026
Tamil Nadu,Salem,Hasthampatti(Uzhavar Sandhai ) APMC,Ginger(Green),Green Ginger,Local,7500,8000,7750,31/03/2026
Tamil Nadu,Sivaganga,Karaikudi(Uzhavar Sandhai ) APMC,Ginger(Green),Green Ginger,Local,8500,9500,9000,31/03/2026
Tamil Nadu,Sivaganga,Tirupatthur(Uzhavar Sandhai ) APMC,Ginger(Green),Green Ginger,Local,8400,9500,8950,31/03/2026
Tamil Nadu,Thanjavur,Pattukottai(Uzhavar Sandhai ) APMC,Ginger(Green),Green Ginger,Local,8400,9400,8900,31/03/2026
Tamil Nadu,Theni,Kambam(Uzhavar Sandhai ) APMC,Ginger(Green),Green Ginger,Local,6400,6400,6400,31/03/2026
Tamil Nadu,Thirunelveli,Melapalayam(Uzhavar Sandhai ) APMC,Ginger(Green),Green Ginger,Local,6500,6800,6650,31/03/2026
Tamil Nadu,Thiruvannamalai,Tiruvannamalai(Uzhavar Sandhai ) APMC,Ginger(Green),Green Ginger,Local,8000,10000,9000,31/03/2026
Tamil Nadu,Virudhunagar,Thalavaipuram(Uzhavar Sandhai ) APMC,Ginger(Green),Green Ginger,Local,6500,7500,7000,31/03/2026
Tamil Nadu,Thirupur,Tiruppur (South) (Uzhavar Sandhai ) APMC,Ginger(Green),Green Ginger,Local,6000,7000,6500,31/03/2026
Tamil Nadu,Thirupur,Tiruppur (North) (Uzhavar Sandhai ) APMC,Ginger(Green),Green Ginger,Local,6000,7000,6500,31/03/2026
Tamil Nadu,The Nilgiris,Coonoor(Uzhavar Sandhai ) APMC,Ginger(Green),Green Ginger,Local,7000,7500,7250,31/03/2026
Tamil Nadu,Dharmapuri,Karimangalam(Uzhavar Sandhai),Ginger(Green),Green Ginger,Local,8000,8500,8250,31/03/2026
Tamil Nadu,Coimbatore,Sundarapuram(Uzhavar Sandhai ) APMC,Ginger(Green),Green Ginger,Local,7000,7500,7250,31/03/2026
Tamil Nadu,Erode,Sathiyamagalam(Uzhavar Sandhai ) APMC,Ginger(Green),Green Ginger,Local,7500,8000,7750,31/03/2026
Tamil Nadu,Namakkal,Tiruchengode APMC,Ginger(Green),Green Ginger,Local,6200,7000,6600,31/03/2026
Tamil Nadu,Thiruchirappalli,Thuraiyur APMC,Ginger(Green),Green Ginger,Local,7000,7600,7300,31/03/2026
Tamil Nadu,Coimbatore,Singanallur(Uzhavar Sandhai ) APMC,Ginger(Green),Green Ginger,Local,6500,7200,6850,31/03/2026
Tamil Nadu,Dharmapuri,Palacode(Uzhavar Sandhai ) APMC,Ginger(Green),Green Ginger,Local,7500,8000,7750,31/03/2026
Tamil Nadu,Kancheepuram,Kundrathur(Uzhavar Sandhai ) APMC,Ginger(Green),Green Ginger,Local,6000,6000,6000,31/03/2026
Tamil Nadu,Karur,Velayuthampalayam(Uzhavar Sandhai ) APMC,Ginger(Green),Green Ginger,Local,7000,8000,7500,31/03/2026
Tamil Nadu,Salem,Thathakapatti(Uzhavar Sandhai ) APMC,Ginger(Green),Green Ginger,Local,7000,8000,7500,31/03/2026
Tamil Nadu,Salem,Jalagandapuram(Uzhavar Sandhai ) APMC,Ginger(Green),Green Ginger,Local,7500,8000,7750,31/03/2026
Tamil Nadu,Theni,Theni(Uzhavar Sandhai ) APMC,Ginger(Green),Green Ginger,Local,6400,6400,6400,31/03/2026
Tamil Nadu,Thirunelveli,Palayamkottai(Uzhavar Sandhai ) APMC,Ginger(Green),Green Ginger,Local,6500,7000,6750,31/03/2026
Tamil Nadu,Thiruvarur,Mannargudi I(Uzhavar Sandhai ) APMC,Ginger(Green),Green Ginger,Local,7400,7400,7400,31/03/2026
Tamil Nadu,Thiruchirappalli,Musiri(Uzhavar Sandhai ) APMC,Ginger(Green),Green Ginger,Local,7000,8000,7500,31/03/2026
Tamil Nadu,Vellore,Kahithapattarai(Uzhavar Sandhai ) APMC,Ginger(Green),Green Ginger,Local,6500,6500,6500,31/03/2026
Tamil Nadu,Thirupur,Palladam(Uzhavar Sandhai ) APMC,Ginger(Green),Green Ginger,Local,6500,7000,6750,31/03/2026
Tamil Nadu,Kallakuruchi,Kallakurichi(Uzhavar Sandhai ) APMC,Ginger(Green),Green Ginger,Local,9000,9000,9000,31/03/2026
Tamil Nadu,Krishnagiri,Kaveripattinam(Uzhavar Sandhai ) APMC,Ginger(Green),Green Ginger,Local,7000,7000,7000,31/03/2026
Tamil Nadu,Virudhunagar,Srivilliputhur(Uzhavar Sandhai ) APMC,Ginger(Green),Green Ginger,Local,7000,8000,7500,31/03/2026
Tamil Nadu,Coimbatore,Sulur(Uzhavar Sandhai ) APMC,Ginger(Green),Green Ginger,Local,6600,7200,6900,31/03/2026
Tamil Nadu,Nagapattinam,Mayiladuthurai(Uzhavar Sandhai ) APMC,Ginger(Green),Green Ginger,Local,7000,8000,7500,31/03/2026
Tamil Nadu,Namakkal,Paramathivelur(Uzhavar Sandhai ) APMC,Ginger(Green),Green Ginger,Local,6300,7000,6650,31/03/2026
Tamil Nadu,Dindigul,Palani(Uzhavar Sandhai ) APMC,Ginger(Green),Green Ginger,Local,6000,7000,6500,31/03/2026
Tamil Nadu,Madurai,Chokkikulam(Uzhavar Sandhai ) APMC,Ginger(Green),Green Ginger,Local,8000,9000,8500,31/03/2026
Tamil Nadu,The Nilgiris,Udhagamandalam(Uzhavar Sandhai ) APMC,Ginger(Green),Green Ginger,Local,7000,7500,7250,31/03/2026
Tamil Nadu,Ramanathapuram,Paramakudi(Uzhavar Sandhai ) APMC,Ginger(Green),Green Ginger,Local,8000,9000,8500,31/03/2026
Tamil Nadu,Salem,Mettur(Uzhavar Sandhai ) APMC,Ginger(Green),Green Ginger,Local,7500,8000,7750,31/03/2026
Tamil Nadu,Sivaganga,Singampunari(Uzhavar Sandhai ) APMC,Ginger(Green),Green Ginger,Local,8500,9500,9000,31/03/2026
Tamil Nadu,Theni,Bodinayakanur(Uzhavar Sandhai ) APMC,Ginger(Green),Green Ginger,Local,6400,6400,6400,31/03/2026
Tamil Nadu,Thirunelveli,Ambasamudram(Uzhavar Sandhai ) APMC,Ginger(Green),Green Ginger,Local,6000,6800,6400,31/03/2026
Tamil Nadu,Thiruvannamalai,Polur(Uzhavar Sandhai ) APMC,Ginger(Green),Green Ginger,Local,7000,8000,7500,31/03/2026
Tamil Nadu,Thiruchirappalli,Manachanallur(Uzhavar Sandhai ) APMC,Ginger(Green),Green Ginger,Local,7600,7600,7600,31/03/2026
Tamil Nadu,Nagercoil (Kannyiakumari),Myladi(Uzhavar Sandhai ) APMC,Ginger(Green),Green Ginger,Local,7000,8000,7500,31/03/2026
Tamil Nadu,Chengalpattu,Pallavaram(Uzhavar Sandhai ) APMC,Ginger(Green),Green Ginger,Local,6000,7000,6500,31/03/2026
Tamil Nadu,Thirupur,Dharapuram(Uzhavar Sandhai ) APMC,Ginger(Green),Green Ginger,Local,7000,8000,7500,31/03/2026
Tamil Nadu,Salem,Ammapet(Uzhavar Sandhai ) APMC,Ginger(Green),Green Ginger,Local,7500,8000,7750,31/03/2026
Tamil Nadu,Vellore,Thirupathur APMC,Ginger(Green),Green Ginger,Local,8000,8000,8000,31/03/2026
Tamil Nadu,Vellore,Pallikonda(Uzhavar Sandhai),Ginger(Green),Green Ginger,Local,6500,6500,6500,31/03/2026
Tamil Nadu,Pudukkottai,Gandarvakottai(Uzhavar Sandhai ) APMC,Ginger(Green),Green Ginger,Local,7000,8000,7500,31/03/2026
Tamil Nadu,Villupuram,Ulundurpettai APMC,Ginger(Green),Green Ginger,Local,8000,8000,8000,31/03/2026
Tamil Nadu,Erode,Gobichettipalayam(Uzhavar Sandhai ) APMC,Ginger(Green),Green Ginger,Local,7500,8000,7750,31/03/2026
Tamil Nadu,Cuddalore,Cuddalore(Uzhavar Sandhai ) APMC,Ginger(Green),Green Ginger,Local,8000,8000,8000,31/03/2026
Tamil Nadu,Cuddalore,Viruthachalam(Uzhavar Sandhai ) APMC,Ginger(Green),Green Ginger,Local,7000,7000,7000,31/03/2026
Tamil Nadu,Erode,Perundurai(Uzhavar Sandhai ) APMC,Ginger(Green),Green Ginger,Local,7200,7500,7350,31/03/2026
Tamil Nadu,Krishnagiri,Hosur(Uzhavar Sandhai ) APMC,Ginger(Green),Green Ginger,Local,6000,7000,6500,31/03/2026
Tamil Nadu,Nagapattinam,Sirkali(Uzhavar Sandhai ) APMC,Ginger(Green),Green Ginger,Local,7000,7000,7000,31/03/2026
Tamil Nadu,Namakkal,Namakkal(Uzhavar Sandhai ) APMC,Ginger(Green),Green Ginger,Local,6500,7000,6750,31/03/2026
Tamil Nadu,Pudukkottai,Pudukottai(Uzhavar Sandhai ) APMC,Ginger(Green),Green Ginger,Local,7000,8000,7500,31/03/2026
Tamil Nadu,Salem,Attayampatti(Uzhavar Sandhai ) APMC,Ginger(Green),Green Ginger,Local,8000,8000,8000,31/03/2026
Tamil Nadu,Salem,Elampillai(Uzhavar Sandhai ) APMC,Ginger(Green),Green Ginger,Local,7500,8000,7750,31/03/2026
Tamil Nadu,Salem,Edapadi (Uzhavar Sandhai ) APMC,Ginger(Green),Green Ginger,Local,7000,8000,7500,31/03/2026
Tamil Nadu,Thiruvarur,Mannargudi II(Uzhavar Sandhai ) APMC,Ginger(Green),Green Ginger,Local,7400,7400,7400,31/03/2026
Tamil Nadu,Thiruvannamalai,Arani(Uzhavar Sandhai ) APMC,Ginger(Green),Green Ginger,Local,8000,10000,9000,31/03/2026
Tamil Nadu,Villupuram,Gingee(Uzhavar Sandhai ) APMC,Ginger(Green),Green Ginger,Local,7000,7000,7000,31/03/2026
Tamil Nadu,Virudhunagar,Aruppukottai(Uzhavar Sandhai ) APMC,Ginger(Green),Green Ginger,Local,7000,8000,7500,31/03/2026
Tamil Nadu,Ranipet,Arcot(Uzhavar Sandhai ) APMC,Ginger(Green),Green Ginger,Local,7000,8000,7500,31/03/2026
Tamil Nadu,Thirupathur,Natrampalli(Uzhavar Sandhai ) APMC,Ginger(Green),Green Ginger,Local,7000,8000,7500,31/03/2026
Tamil Nadu,Nagercoil (Kannyiakumari),Vadaseri APMC,Ginger(Green),Green Ginger,Local,8500,9000,8750,31/03/2026
Tamil Nadu,Theni,Periyakulam(Uzhavar Sandhai ) APMC,Ginger(Green),Green Ginger,Local,6000,6400,6200,31/03/2026
Tamil Nadu,The Nilgiris,Gudalur(Uzhavar Sandhai ) APMC,Ginger(Green),Green Ginger,Local,6500,7000,6750,31/03/2026
Rajasthan,Jalore,Jalore APMC,Ginger(Green),Other,Local,3000,3500,3300,31/03/2026
Gujarat,Amreli,Damnagar APMC,Ginger(Green),Green Ginger,Local,7000,7000,7000,31/03/2026
Kerala,Kollam,Kottarakkara APMC,Ginger(Green),Other,Local,7500,8000,7700,31/03/2026
Kerala,Ernakulam,Perumbavoor APMC,Ginger(Green),Green Ginger,Medium,5000,6000,5500,31/03/2026
Kerala,Kottayam,Pampady APMC,Ginger(Green),Green Ginger,FAQ,10000,12000,11000,31/03/2026
Tamil Nadu,Vellore,Pallikonda(Uzhavar Sandhai),Brinjal,Other,Local,2000,2000,2000,31/03/2026
Tamil Nadu,Vellore,Perampet(Uzhavar Sandhai),Brinjal,Other,Local,2000,2500,2250,31/03/2026
Tamil Nadu,Thiruvannamalai,Cheyyar(Uzhavar Sandhai ) APMC,Brinjal,Other,Local,2500,3000,2750,31/03/2026
Tamil Nadu,Coimbatore,Kurichi(Uzhavar Sandhai ) APMC,Brinjal,Other,Local,3000,3500,3250,31/03/2026
Tamil Nadu,Erode,Thalavadi(Uzhavar Sandhai ) APMC,Brinjal,Round,Local,2500,3000,2750,31/03/2026
Tamil Nadu,Krishnagiri,Krishnagiri(Uzhavar Sandhai ) APMC,Brinjal,Round,Local,1000,1400,1200,31/03/2026
Tamil Nadu,Madurai,Palanganatham(Uzhavar Sandhai ) APMC,Brinjal,Other,Local,4000,4500,4250,31/03/2026
Tamil Nadu,Salem,Attayampatti(Uzhavar Sandhai ) APMC,Brinjal,Round,Local,2500,3000,2750,31/03/2026
Tamil Nadu,Salem,Hasthampatti(Uzhavar Sandhai ) APMC,Brinjal,Other,Local,2500,2800,2650,31/03/2026
Tamil Nadu,Sivaganga,Karaikudi(Uzhavar Sandhai ) APMC,Brinjal,Round,Local,4400,4800,4600,31/03/2026
Tamil Nadu,Theni,Kambam(Uzhavar Sandhai ) APMC,Brinjal,Other,Local,2500,2700,2600,31/03/2026
Tamil Nadu,Thirunelveli,Ambasamudram(Uzhavar Sandhai ) APMC,Brinjal,Round,Local,2200,3000,2600,31/03/2026
Tamil Nadu,Tuticorin,Kovilpatti(Uzhavar Sandhai ) APMC,Brinjal,Other,Local,4500,5000,4750,31/03/2026
Tamil Nadu,Thiruvannamalai,Vandavasi(Uzhavar Sandhai ) APMC,Brinjal,Other,Local,3500,4000,3750,31/03/2026
Tamil Nadu,Thiruchirappalli,Thiruverumbur(Uzhavar Sandhai ) APMC,Brinjal,Other,Local,5000,5000,5000,31/03/2026
Tamil Nadu,Virudhunagar,Aruppukottai(Uzhavar Sandhai ) APMC,Brinjal,Round,Local,3000,4000,3500,31/03/2026
Tamil Nadu,Ranipet,Arcot(Uzhavar Sandhai ) APMC,Brinjal,Other,Local,3000,3000,3000,31/03/2026
Tamil Nadu,Tenkasi,Sankarankoil(Uzhavar Sandhai ) APMC,Brinjal,Other,Local,5000,5000,5000,31/03/2026
Tamil Nadu,Krishnagiri,Kaveripattinam(Uzhavar Sandhai ) APMC,Brinjal,Round,Local,2500,3000,2750,31/03/2026
Tamil Nadu,Karur,Gandhigramam(Uzhavar Sandhai),Brinjal,Other,Local,3000,3500,3250,31/03/2026
Tamil Nadu,Thiruvarur,Tiruvarur(Uzhavar Sandhai ) APMC,Brinjal,Round,Local,3000,3000,3000,31/03/2026
Tamil Nadu,Ariyalur,Ariyalur(Uzhavar Sandhai) APMC,Brinjal,Round,Local,3000,3600,3300,31/03/2026
Tamil Nadu,Cuddalore,Cuddalore(Uzhavar Sandhai ) APMC,Brinjal,Round,Local,3600,4500,4050,31/03/2026
Tamil Nadu,Karur,Velayuthampalayam(Uzhavar Sandhai ) APMC,Brinjal,Other,Local,2800,3500,3150,31/03/2026
Tamil Nadu,Karur,Vengamedu(Uzhavar Sandhai ) APMC,Brinjal,Other,Local,3500,4500,4000,31/03/2026
Tamil Nadu,Madurai,Melur(Uzhavar Sandhai ) APMC,Brinjal,Round,Local,4000,4500,4250,31/03/2026
Tamil Nadu,Theni,Bodinayakanur(Uzhavar Sandhai ) APMC,Brinjal,Round,Local,3000,3000,3000,31/03/2026
Tamil Nadu,Thirunelveli,Palayamkottai(Uzhavar Sandhai ) APMC,Brinjal,Other,Local,2400,2600,2500,31/03/2026
Tamil Nadu,Thiruvarur,Tiruthuraipoondi(Uzhavar Sandhai ) APMC,Brinjal,Round,Local,4000,4000,4000,31/03/2026
Tamil Nadu,Thiruvarur,Mannargudi I(Uzhavar Sandhai ) APMC,Brinjal,Round,Local,3000,3600,3300,31/03/2026
Tamil Nadu,Thiruvarur,Mannargudi II(Uzhavar Sandhai ) APMC,Brinjal,Round,Local,3000,3600,3300,31/03/2026
Tamil Nadu,Thiruvannamalai,Tamarainagar(Uzhavar Sandhai ) APMC,Brinjal,Other,Local,2500,3000,2750,31/03/2026
Tamil Nadu,Thiruchirappalli,Manachanallur(Uzhavar Sandhai ) APMC,Brinjal,Other,Local,4600,4600,4600,31/03/2026
Tamil Nadu,Villupuram,Villupuram(Uzhavar Sandhai ) APMC,Brinjal,Round,Local,4000,4000,4000,31/03/2026
Tamil Nadu,Virudhunagar,Virudhunagar(Uzhavar Sandhai ) APMC,Brinjal,Round,Local,4000,4100,4050,31/03/2026
Tamil Nadu,Thirupur,Palladam(Uzhavar Sandhai ) APMC,Brinjal,Round,Local,2500,3000,2750,31/03/2026
Tamil Nadu,Thirupur,Dharapuram(Uzhavar Sandhai ) APMC,Brinjal,Round,Local,3000,4000,3500,31/03/2026
Tamil Nadu,Thirupathur,Natrampalli(Uzhavar Sandhai ) APMC,Brinjal,Round,Local,2000,3000,2500,31/03/2026
Tamil Nadu,Kallakuruchi,Kallakurichi(Uzhavar Sandhai ) APMC,Brinjal,Other,Local,3000,3000,3000,31/03/2026
Tamil Nadu,Virudhunagar,Srivilliputhur(Uzhavar Sandhai ) APMC,Brinjal,Round,Local,3500,4000,3750,31/03/2026
Tamil Nadu,Pudukkottai,Gandarvakottai(Uzhavar Sandhai ) APMC,Brinjal,Round,Local,3500,4000,3750,31/03/2026
Tamil Nadu,Villupuram,Tindivanam APMC,Brinjal,Round,Local,3000,3000,3000,31/03/2026
Tamil Nadu,Namakkal,Tiruchengode APMC,Brinjal,Other,Local,4500,5000,4750,31/03/2026
Tamil Nadu,Erode,Periyar Nagar(Uzhavar Sandhai ) APMC,Brinjal,Other,Local,2500,2800,2650,31/03/2026
Tamil Nadu,Erode,Perundurai(Uzhavar Sandhai ) APMC,Brinjal,Round,Local,2600,3000,2800,31/03/2026
Tamil Nadu,Krishnagiri,Avallapalli(Uzhavar Sandhai ) APMC,Brinjal,Round,Local,2000,2500,2250,31/03/2026
Tamil Nadu,Madurai,Thirumangalam(Uzhavar Sandhai ) APMC,Brinjal,Round,Local,4000,5000,4500,31/03/2026
Tamil Nadu,Namakkal,Kumarapalayam(Uzhavar Sandhai ) APMC,Brinjal,Round,Local,4500,5200,4850,31/03/2026
Tamil Nadu,The Nilgiris,Udhagamandalam(Uzhavar Sandhai ) APMC,Brinjal,Other,Local,3800,4000,3900,31/03/2026
Tamil Nadu,Pudukkottai,Pudukottai(Uzhavar Sandhai ) APMC,Brinjal,Round,Local,3500,4000,3750,31/03/2026
Tamil Nadu,Pudukkottai,Aranthangi(Uzhavar Sandhai ) APMC,Brinjal,Round,Local,4500,5000,4750,31/03/2026
Tamil Nadu,Ramanathapuram,Paramakudi(Uzhavar Sandhai ) APMC,Brinjal,Round,Local,5000,5500,5250,31/03/2026
Tamil Nadu,Salem,Jalagandapuram(Uzhavar Sandhai ) APMC,Brinjal,Other,Local,2400,2500,2450,31/03/2026
Tamil Nadu,Salem,Edapadi (Uzhavar Sandhai ) APMC,Brinjal,Other,Local,2000,2400,2200,31/03/2026
Tamil Nadu,Thiruvannamalai,Arani(Uzhavar Sandhai ) APMC,Brinjal,Round,Local,3000,4000,3500,31/03/2026
Tamil Nadu,Virudhunagar,Kariyapatti(Uzhavar Sandhai ) APMC,Brinjal,Round,Local,3500,4000,3750,31/03/2026
Tamil Nadu,Virudhunagar,Thalavaipuram(Uzhavar Sandhai ) APMC,Brinjal,Round,Local,4000,4500,4250,31/03/2026
Tamil Nadu,Chengalpattu,Pallavaram(Uzhavar Sandhai ) APMC,Brinjal,Round,Local,3500,4000,3750,31/03/2026
Tamil Nadu,Thirupur,Tiruppur (North) (Uzhavar Sandhai ) APMC,Brinjal,Other,Local,2500,3000,2750,31/03/2026
Tamil Nadu,Pudukkottai,Karambakkudi(Uzhavar Sandhai ) APMC,Brinjal,Other,Local,3500,4000,3750,31/03/2026
Tamil Nadu,Vellore,Thirupathur APMC,Brinjal,Round,Local,2400,2400,2400,31/03/2026
Tamil Nadu,The Nilgiris,Coonoor(Uzhavar Sandhai ) APMC,Brinjal,Other,Local,3800,4200,4000,31/03/2026
Tamil Nadu,Coimbatore,Sulur(Uzhavar Sandhai ) APMC,Brinjal,Round,Local,3400,4300,3850,31/03/2026
Tamil Nadu,Nagapattinam,Mayiladuthurai(Uzhavar Sandhai ) APMC,Brinjal,Round,Local,3500,4000,3750,31/03/2026
Tamil Nadu,Salem,Thammampatti (Uzhavar Sandhai ) APMC,Brinjal,Other,Local,2500,2800,2650,31/03/2026
Tamil Nadu,Erode,Sathiyamagalam(Uzhavar Sandhai ) APMC,Brinjal,Other,Local,2500,3000,2750,31/03/2026
Tamil Nadu,Dharmapuri,Dharmapuri(Uzhavar Sandhai ) APMC,Brinjal,Round,Local,1800,2000,1900,31/03/2026
Tamil Nadu,Dharmapuri,Pennagaram(Uzhavar Sandhai ) APMC,Brinjal,Round,Local,2800,3000,2900,31/03/2026
Tamil Nadu,Dharmapuri,Palacode(Uzhavar Sandhai ) APMC,Brinjal,Other,Local,1800,2000,1900,31/03/2026
Tamil Nadu,Dindigul,Palani(Uzhavar Sandhai ) APMC,Brinjal,Other,Local,2000,2500,2250,31/03/2026
Tamil Nadu,Kancheepuram,Kundrathur(Uzhavar Sandhai ) APMC,Brinjal,Other,Local,2500,2500,2500,31/03/2026
Tamil Nadu,Krishnagiri,Hosur(Uzhavar Sandhai ) APMC,Brinjal,Round,Local,2000,2500,2250,31/03/2026
Tamil Nadu,Madurai,Chokkikulam(Uzhavar Sandhai ) APMC,Brinjal,Round,Local,4000,4200,4100,31/03/2026
Tamil Nadu,Perambalur,Perambalur(Uzhavar Sandhai ) APMC,Brinjal,Other,Local,2800,3000,2900,31/03/2026
Tamil Nadu,Ramanathapuram,Kamuthi(Uzhavar Sandhai ) APMC,Brinjal,Round,Local,4000,4000,4000,31/03/2026
Tamil Nadu,Salem,Thathakapatti(Uzhavar Sandhai ) APMC,Brinjal,Other,Local,2400,2600,2500,31/03/2026
Tamil Nadu,Salem,Mettur(Uzhavar Sandhai ) APMC,Brinjal,Other,Local,3000,3500,3250,31/03/2026
Tamil Nadu,Salem,Elampillai(Uzhavar Sandhai ) APMC,Brinjal,Other,Local,2400,2600,2500,31/03/2026
Tamil Nadu,Thanjavur,Pattukottai(Uzhavar Sandhai ) APMC,Brinjal,Round,Local,3000,3800,3400,31/03/2026
Tamil Nadu,Theni,Chinnamanur(Uzhavar Sandhai ) APMC,Brinjal,Other,Local,2400,2500,2450,31/03/2026
Tamil Nadu,Thirunelveli,Melapalayam(Uzhavar Sandhai ) APMC,Brinjal,Other,Local,2600,2800,2700,31/03/2026
Tamil Nadu,Thiruvannamalai,Tiruvannamalai(Uzhavar Sandhai ) APMC,Brinjal,Round,Local,3000,3600,3300,31/03/2026
Tamil Nadu,Thiruvannamalai,Polur(Uzhavar Sandhai ) APMC,Brinjal,Round,Local,2500,3000,2750,31/03/2026
Tamil Nadu,Vellore,Kahithapattarai(Uzhavar Sandhai ) APMC,Brinjal,Round,Local,2000,2500,2250,31/03/2026
Tamil Nadu,Virudhunagar,Sivakasi(Uzhavar Sandhai ) APMC,Brinjal,Round,Local,2500,3000,2750,31/03/2026
Tamil Nadu,Nagercoil (Kannyiakumari),Myladi(Uzhavar Sandhai ) APMC,Brinjal,Round,Local,3000,3500,3250,31/03/2026
Tamil Nadu,Kallakuruchi,Sankarapuram(Uzhavar Sandhai ) APMC,Brinjal,Round,Local,3000,4000,3500,31/03/2026
Tamil Nadu,Salem,Athur(Uzhavar Sandhai ) APMC,Brinjal,Other,Local,2000,2500,2250,31/03/2026
Tamil Nadu,Theni,Periyakulam(Uzhavar Sandhai ) APMC,Brinjal,Other,Local,2800,3000,2900,31/03/2026
Tamil Nadu,Dharmapuri,Harur(Uzhavar Sandhai ) APMC,Brinjal,Other,Local,2000,2400,2200,31/03/2026
Tamil Nadu,The Nilgiris,Gudalur(Uzhavar Sandhai ) APMC,Brinjal,Other,Local,4000,4500,4250,31/03/2026
Tamil Nadu,Theni,Andipatti(Uzhavar Sandhai ) APMC,Brinjal,Round,Local,2800,3000,2900,31/03/2026
Tamil Nadu,Dharmapuri,Karimangalam(Uzhavar Sandhai),Brinjal,Other,Local,1800,2000,1900,31/03/2026
Tamil Nadu,Salem,Mecheri(Uzhavar Sandhai),Brinjal,Other,Local,2000,2500,2250,31/03/2026
Tamil Nadu,Pudukkottai,Ponnamaravathi(Uzhavar Sandhai),Brinjal,Other,Local,3500,4000,3750,31/03/2026
Tamil Nadu,Namakkal,Paramathivelur(Uzhavar Sandhai ) APMC,Brinjal,Other,Local,5400,6000,5700,31/03/2026
Tamil Nadu,Villupuram,Ulundurpettai APMC,Brinjal,Round,Local,3000,4000,3500,31/03/2026
Tamil Nadu,Coimbatore,Sundarapuram(Uzhavar Sandhai ) APMC,Brinjal,Other,Local,2200,2600,2400,31/03/2026
Tamil Nadu,Erode,Gobichettipalayam(Uzhavar Sandhai ) APMC,Brinjal,Round,Local,5500,6000,5750,31/03/2026
Tamil Nadu,Thiruchirappalli,Thuraiyur APMC,Brinjal,Round,Local,2500,3000,2750,31/03/2026
Tamil Nadu,Coimbatore,RSPuram(Uzhavar Sandhai ) APMC,Brinjal,Other,Local,2800,3000,2900,31/03/2026
Tamil Nadu,Coimbatore,Singanallur(Uzhavar Sandhai ) APMC,Brinjal,Other,Local,1500,3000,2250,31/03/2026
Tamil Nadu,Coimbatore,Mettupalayam(Uzhavar Sandhai ) APMC,Brinjal,Round,Local,3200,3800,3500,31/03/2026
Tamil Nadu,Cuddalore,Viruthachalam(Uzhavar Sandhai ) APMC,Brinjal,Round,Local,3000,3000,3000,31/03/2026
Tamil Nadu,Cuddalore,Panruti(Uzhavar Sandhai ) APMC,Brinjal,Round,Local,3500,4000,3750,31/03/2026
Tamil Nadu,Cuddalore,Vadalur(Uzhavar Sandhai ) APMC,Brinjal,Other,Local,2500,2500,2500,31/03/2026
Tamil Nadu,Karur,Pallapatti (Uzhavar Sandhai ) APMC,Brinjal,Other,Local,4000,5000,4500,31/03/2026
Tamil Nadu,Madurai,Usilampatti(Uzhavar Sandhai ) APMC,Brinjal,Round,Local,4000,4500,4250,31/03/2026
Tamil Nadu,Nagapattinam,Sirkali(Uzhavar Sandhai ) APMC,Brinjal,Round,Local,4000,5000,4500,31/03/2026
Tamil Nadu,Namakkal,Namakkal(Uzhavar Sandhai ) APMC,Brinjal,Other,Local,3000,3600,3300,31/03/2026
Tamil Nadu,Pudukkottai,Alangudi(Uzhavar Sandhai ) APMC,Brinjal,Other,Local,3500,4000,3750,31/03/2026
Tamil Nadu,Sivaganga,Tirupatthur(Uzhavar Sandhai ) APMC,Brinjal,Other,Local,4500,5000,4750,31/03/2026
Tamil Nadu,Sivaganga,Singampunari(Uzhavar Sandhai ) APMC,Brinjal,Other,Local,4000,4500,4250,31/03/2026
Tamil Nadu,Theni,Theni(Uzhavar Sandhai ) APMC,Brinjal,Other,Local,2500,3000,2750,31/03/2026
Tamil Nadu,Theni,Devaram(Uzhavar Sandhai ) APMC,Brinjal,Round,Local,2000,2500,2250,31/03/2026
Tamil Nadu,Thiruchirappalli,Musiri(Uzhavar Sandhai ) APMC,Brinjal,Other,Local,2500,3000,2750,31/03/2026
Tamil Nadu,Villupuram,Gingee(Uzhavar Sandhai ) APMC,Brinjal,Other,Local,3000,4000,3500,31/03/2026
Tamil Nadu,Thirupur,Tiruppur (South) (Uzhavar Sandhai ) APMC,Brinjal,Other,Local,2800,3000,2900,31/03/2026
Tamil Nadu,Thirupur,Kangayam(Uzhavar Sandhai ) APMC,Brinjal,Round,Local,4000,5000,4500,31/03/2026
Tamil Nadu,Nagercoil (Kannyiakumari),Vadaseri APMC,Brinjal,Round,Local,4500,5000,4750,31/03/2026
Tamil Nadu,Salem,Ammapet(Uzhavar Sandhai ) APMC,Brinjal,Other,Local,2400,2600,2500,31/03/2026
Uttar Pradesh,Sambhal,Sambhal APMC,Brinjal,Brinjal,FAQ,700,900,850,31/03/2026
Uttar Pradesh,Mau(Maunathbhanjan),Kopaganj APMC,Brinjal,Brinjal,FAQ,1800,1800,1800,31/03/2026
Rajasthan,Jalore,Jalore APMC,Brinjal,Brinjal,Local,500,1000,800,31/03/2026
Gujarat,Amreli,Damnagar APMC,Brinjal,Other,Local,4000,4000,4000,31/03/2026
Haryana,Rewari,Kosli APMC,Brinjal,Other,FAQ,1000,1000,1000,31/03/2026
Punjab,Tarntaran,Tarantaran APMC,Brinjal,Other,Local,1900,1900,1900,31/03/2026
Odisha,Boudh,Boudh APMC,Brinjal,Other,Local,3500,4500,4000,31/03/2026
Odisha,Sundergarh,Panposh APMC,Brinjal,Brinjal,FAQ,1500,2500,2000,31/03/2026
Kerala,Ernakulam,Perumbavoor APMC,Brinjal,Brinjal,Medium,3000,4000,3500,31/03/2026
Kerala,Alappuzha,Harippad APMC,Brinjal,Brinjal,FAQ,4500,5000,4500,31/03/2026
Kerala,Kollam,Kottarakkara APMC,Brinjal,Other,Local,4500,4700,4600,31/03/2026
Kerala,Kottayam,Athirampuzha APMC,Brinjal,Brinjal,FAQ,3500,3700,3600,31/03/2026
Tamil Nadu,Karur,Gandhigramam(Uzhavar Sandhai),Cauliflower,Ranchi,Local,3500,4000,3750,31/03/2026
Tamil Nadu,Cuddalore,Cuddalore(Uzhavar Sandhai ) APMC,Cauliflower,Ranchi,Local,3000,3000,3000,31/03/2026
Tamil Nadu,Salem,Edapadi (Uzhavar Sandhai ) APMC,Cauliflower,Ranchi,Local,2000,3000,2500,31/03/2026
Tamil Nadu,Theni,Devaram(Uzhavar Sandhai ) APMC,Cauliflower,Ranchi,Local,2000,2500,2250,31/03/2026
Tamil Nadu,Thirunelveli,Melapalayam(Uzhavar Sandhai ) APMC,Cauliflower,Ranchi,Local,4000,4400,4200,31/03/2026
Tamil Nadu,Thiruvarur,Mannargudi II(Uzhavar Sandhai ) APMC,Cauliflower,Ranchi,Local,4800,4800,4800,31/03/2026
Tamil Nadu,Thiruvannamalai,Tiruvannamalai(Uzhavar Sandhai ) APMC,Cauliflower,Ranchi,Local,3500,4000,3750,31/03/2026
Tamil Nadu,Thirupur,Tiruppur (North) (Uzhavar Sandhai ) APMC,Cauliflower,Ranchi,Local,2500,3000,2750,31/03/2026
Tamil Nadu,Thirupur,Kangayam(Uzhavar Sandhai ) APMC,Cauliflower,Ranchi,Local,2500,3000,2750,31/03/2026
Tamil Nadu,Nagercoil (Kannyiakumari),Vadaseri APMC,Cauliflower,Ranchi,Local,4300,4800,4550,31/03/2026
Tamil Nadu,Salem,Ammapet(Uzhavar Sandhai ) APMC,Cauliflower,Ranchi,Local,2500,3000,2750,31/03/2026
Tamil Nadu,Coimbatore,Sulur(Uzhavar Sandhai ) APMC,Cauliflower,Ranchi,Local,3000,3600,3300,31/03/2026
Tamil Nadu,Thiruchirappalli,Thuraiyur APMC,Cauliflower,Ranchi,Local,3000,4000,3500,31/03/2026
Tamil Nadu,Erode,Thalavadi(Uzhavar Sandhai ) APMC,Cauliflower,Ranchi,Local,2000,2500,2250,31/03/2026
Tamil Nadu,Kancheepuram,Kundrathur(Uzhavar Sandhai ) APMC,Cauliflower,Ranchi,Local,2000,2500,2250,31/03/2026
Tamil Nadu,Krishnagiri,Krishnagiri(Uzhavar Sandhai ) APMC,Cauliflower,Ranchi,Local,1500,2000,1750,31/03/2026
Tamil Nadu,Namakkal,Kumarapalayam(Uzhavar Sandhai ) APMC,Cauliflower,Ranchi,Local,2000,3000,2500,31/03/2026
Tamil Nadu,Salem,Thathakapatti(Uzhavar Sandhai ) APMC,Cauliflower,Ranchi,Local,2500,3000,2750,31/03/2026
Tamil Nadu,Sivaganga,Singampunari(Uzhavar Sandhai ) APMC,Cauliflower,Ranchi,Local,2500,3000,2750,31/03/2026
Tamil Nadu,Theni,Kambam(Uzhavar Sandhai ) APMC,Cauliflower,Ranchi,Local,1500,2500,2000,31/03/2026
Tamil Nadu,Thiruchirappalli,Manachanallur(Uzhavar Sandhai ) APMC,Cauliflower,Ranchi,Local,3000,3000,3000,31/03/2026
Tamil Nadu,Villupuram,Villupuram(Uzhavar Sandhai ) APMC,Cauliflower,Ranchi,Local,2500,3000,2750,31/03/2026
Tamil Nadu,Virudhunagar,Virudhunagar(Uzhavar Sandhai ) APMC,Cauliflower,Ranchi,Local,3300,3600,3450,31/03/2026
Tamil Nadu,Nagercoil (Kannyiakumari),Myladi(Uzhavar Sandhai ) APMC,Cauliflower,Ranchi,Local,4200,4800,4500,31/03/2026
Tamil Nadu,Salem,Athur(Uzhavar Sandhai ) APMC,Cauliflower,Ranchi,Local,2000,2500,2250,31/03/2026
Tamil Nadu,Dharmapuri,Harur(Uzhavar Sandhai ) APMC,Cauliflower,Ranchi,Local,3000,3500,3250,31/03/2026
Tamil Nadu,Coimbatore,Sundarapuram(Uzhavar Sandhai ) APMC,Cauliflower,Ranchi,Local,3500,4000,3750,31/03/2026
Tamil Nadu,Namakkal,Tiruchengode APMC,Cauliflower,Ranchi,Local,2600,3000,2800,31/03/2026
Tamil Nadu,Dindigul,Palani(Uzhavar Sandhai ) APMC,Cauliflower,Ranchi,Local,1500,2500,2000,31/03/2026
Tamil Nadu,Madurai,Palanganatham(Uzhavar Sandhai ) APMC,Cauliflower,Ranchi,Local,2000,2500,2250,31/03/2026
Tamil Nadu,Nagapattinam,Sirkali(Uzhavar Sandhai ) APMC,Cauliflower,Ranchi,Local,5000,5000,5000,31/03/2026
Tamil Nadu,Namakkal,Namakkal(Uzhavar Sandhai ) APMC,Cauliflower,Ranchi,Local,2000,3500,2750,31/03/2026
Tamil Nadu,Pudukkottai,Pudukottai(Uzhavar Sandhai ) APMC,Cauliflower,Ranchi,Local,4500,5000,4750,31/03/2026
Tamil Nadu,Salem,Attayampatti(Uzhavar Sandhai ) APMC,Cauliflower,Ranchi,Local,2500,3000,2750,31/03/2026
Tamil Nadu,Salem,Elampillai(Uzhavar Sandhai ) APMC,Cauliflower,Ranchi,Local,2500,3000,2750,31/03/2026
Tamil Nadu,Sivaganga,Tirupatthur(Uzhavar Sandhai ) APMC,Cauliflower,Ranchi,Local,2500,3000,2750,31/03/2026
Tamil Nadu,Thanjavur,Pattukottai(Uzhavar Sandhai ) APMC,Cauliflower,Ranchi,Local,4400,4400,4400,31/03/2026
Tamil Nadu,Theni,Chinnamanur(Uzhavar Sandhai ) APMC,Cauliflower,Ranchi,Local,2000,3000,2500,31/03/2026
Tamil Nadu,Thiruchirappalli,Musiri(Uzhavar Sandhai ) APMC,Cauliflower,Ranchi,Local,2500,3000,2750,31/03/2026
Tamil Nadu,Vellore,Kahithapattarai(Uzhavar Sandhai ) APMC,Cauliflower,Ranchi,Local,2500,2500,2500,31/03/2026
Tamil Nadu,Ranipet,Arcot(Uzhavar Sandhai ) APMC,Cauliflower,Ranchi,Local,3000,3000,3000,31/03/2026
Tamil Nadu,Kallakuruchi,Kallakurichi(Uzhavar Sandhai ) APMC,Cauliflower,Ranchi,Local,4000,4000,4000,31/03/2026
Tamil Nadu,Dharmapuri,Karimangalam(Uzhavar Sandhai),Cauliflower,Ranchi,Local,2500,3000,2750,31/03/2026
Tamil Nadu,Vellore,Pallikonda(Uzhavar Sandhai),Cauliflower,Ranchi,Local,2500,2500,2500,31/03/2026
Tamil Nadu,Namakkal,Paramathivelur(Uzhavar Sandhai ) APMC,Cauliflower,Ranchi,Local,3000,3500,3250,31/03/2026
Tamil Nadu,Erode,Gobichettipalayam(Uzhavar Sandhai ) APMC,Cauliflower,Ranchi,Local,3500,3800,3650,31/03/2026
Tamil Nadu,Erode,Sathiyamagalam(Uzhavar Sandhai ) APMC,Cauliflower,Ranchi,Local,2500,3000,2750,31/03/2026
Tamil Nadu,Coimbatore,Singanallur(Uzhavar Sandhai ) APMC,Cauliflower,Ranchi,Local,3000,3600,3300,31/03/2026
Tamil Nadu,Coimbatore,Mettupalayam(Uzhavar Sandhai ) APMC,Cauliflower,Ranchi,Local,3000,3500,3250,31/03/2026
Tamil Nadu,Dharmapuri,Palacode(Uzhavar Sandhai ) APMC,Cauliflower,Ranchi,Local,2500,3000,2750,31/03/2026
Tamil Nadu,Erode,Perundurai(Uzhavar Sandhai ) APMC,Cauliflower,Ranchi,Local,3500,4000,3750,31/03/2026
Tamil Nadu,Krishnagiri,Hosur(Uzhavar Sandhai ) APMC,Cauliflower,Ranchi,Local,2500,3000,2750,31/03/2026
Tamil Nadu,Namakkal,Mohanur(Uzhavar Sandhai ) APMC,Cauliflower,Ranchi,Local,2400,3000,2700,31/03/2026
Tamil Nadu,Perambalur,Perambalur(Uzhavar Sandhai ) APMC,Cauliflower,Ranchi,Local,3500,4000,3750,31/03/2026
Tamil Nadu,Salem,Mettur(Uzhavar Sandhai ) APMC,Cauliflower,Ranchi,Local,2500,3000,2750,31/03/2026
Tamil Nadu,Sivaganga,Karaikudi(Uzhavar Sandhai ) APMC,Cauliflower,Ranchi,Local,2400,2800,2600,31/03/2026
Tamil Nadu,Theni,Bodinayakanur(Uzhavar Sandhai ) APMC,Cauliflower,Ranchi,Local,2500,2500,2500,31/03/2026
Tamil Nadu,Thirunelveli,Palayamkottai(Uzhavar Sandhai ) APMC,Cauliflower,Ranchi,Local,3600,3800,3700,31/03/2026
Tamil Nadu,Thirunelveli,Ambasamudram(Uzhavar Sandhai ) APMC,Cauliflower,Ranchi,Local,3500,4400,3950,31/03/2026
Tamil Nadu,Thiruvannamalai,Polur(Uzhavar Sandhai ) APMC,Cauliflower,Ranchi,Local,2500,3000,2750,31/03/2026
Tamil Nadu,Thirupur,Palladam(Uzhavar Sandhai ) APMC,Cauliflower,Ranchi,Local,2500,3000,2750,31/03/2026
Tamil Nadu,Thirupur,Tiruppur (South) (Uzhavar Sandhai ) APMC,Cauliflower,Ranchi,Local,2500,3000,2750,31/03/2026
Tamil Nadu,Thirupur,Dharapuram(Uzhavar Sandhai ) APMC,Cauliflower,Ranchi,Local,3000,3500,3250,31/03/2026
Tamil Nadu,Theni,Periyakulam(Uzhavar Sandhai ) APMC,Cauliflower,Ranchi,Local,2000,2500,2250,31/03/2026
Tamil Nadu,The Nilgiris,Coonoor(Uzhavar Sandhai ) APMC,Cauliflower,Ranchi,Local,3500,4000,3750,31/03/2026
Tamil Nadu,The Nilgiris,Gudalur(Uzhavar Sandhai ) APMC,Cauliflower,Ranchi,Local,3000,3500,3250,31/03/2026
Tamil Nadu,Virudhunagar,Srivilliputhur(Uzhavar Sandhai ) APMC,Cauliflower,Ranchi,Local,2500,3000,2750,31/03/2026
Tamil Nadu,Nagapattinam,Mayiladuthurai(Uzhavar Sandhai ) APMC,Cauliflower,Ranchi,Local,5000,5000,5000,31/03/2026
Tamil Nadu,Coimbatore,RSPuram(Uzhavar Sandhai ) APMC,Cauliflower,Ranchi,Local,3000,3400,3200,31/03/2026
Tamil Nadu,Dharmapuri,Dharmapuri(Uzhavar Sandhai ) APMC,Cauliflower,Ranchi,Local,2800,3000,2900,31/03/2026
Tamil Nadu,Dharmapuri,Pennagaram(Uzhavar Sandhai ) APMC,Cauliflower,Ranchi,Local,2400,2500,2450,31/03/2026
Tamil Nadu,Madurai,Chokkikulam(Uzhavar Sandhai ) APMC,Cauliflower,Ranchi,Local,2000,2500,2250,31/03/2026
Tamil Nadu,Namakkal,Rasipuram(Uzhavar Sandhai ) APMC,Cauliflower,Ranchi,Local,2500,3500,3000,31/03/2026
Tamil Nadu,The Nilgiris,Udhagamandalam(Uzhavar Sandhai ) APMC,Cauliflower,Ranchi,Local,3000,3500,3250,31/03/2026
Tamil Nadu,Ramanathapuram,Paramakudi(Uzhavar Sandhai ) APMC,Cauliflower,Ranchi,Local,4500,5000,4750,31/03/2026
Tamil Nadu,Salem,Hasthampatti(Uzhavar Sandhai ) APMC,Cauliflower,Ranchi,Local,2500,3000,2750,31/03/2026
Tamil Nadu,Salem,Jalagandapuram(Uzhavar Sandhai ) APMC,Cauliflower,Ranchi,Local,2000,2500,2250,31/03/2026
Tamil Nadu,Theni,Theni(Uzhavar Sandhai ) APMC,Cauliflower,Ranchi,Local,1500,2500,2000,31/03/2026
Tamil Nadu,Thiruvarur,Mannargudi I(Uzhavar Sandhai ) APMC,Cauliflower,Ranchi,Local,4800,4800,4800,31/03/2026
Tamil Nadu,Tuticorin,Kovilpatti(Uzhavar Sandhai ) APMC,Cauliflower,Ranchi,Local,3000,3500,3250,31/03/2026
Tamil Nadu,Thiruchirappalli,Thiruverumbur(Uzhavar Sandhai ) APMC,Cauliflower,Ranchi,Local,3500,3500,3500,31/03/2026
Tamil Nadu,Virudhunagar,Aruppukottai(Uzhavar Sandhai ) APMC,Cauliflower,Ranchi,Local,3000,4000,3500,31/03/2026
Tamil Nadu,Virudhunagar,Sivakasi(Uzhavar Sandhai ) APMC,Cauliflower,Ranchi,Local,3500,4000,3750,31/03/2026
Tamil Nadu,Virudhunagar,Kariyapatti(Uzhavar Sandhai ) APMC,Cauliflower,Ranchi,Local,3500,4000,3750,31/03/2026
Tamil Nadu,Virudhunagar,Thalavaipuram(Uzhavar Sandhai ) APMC,Cauliflower,Ranchi,Local,2500,3000,2750,31/03/2026
Tamil Nadu,Chengalpattu,Pallavaram(Uzhavar Sandhai ) APMC,Cauliflower,Ranchi,Local,1500,2000,1750,31/03/2026
Tamil Nadu,Thirupathur,Natrampalli(Uzhavar Sandhai ) APMC,Cauliflower,Ranchi,Local,2500,3000,2750,31/03/2026
Tamil Nadu,Vellore,Thirupathur APMC,Cauliflower,Ranchi,Local,2500,2500,2500,31/03/2026
Tamil Nadu,Theni,Andipatti(Uzhavar Sandhai ) APMC,Cauliflower,Ranchi,Local,2000,2500,2250,31/03/2026
Uttar Pradesh,Mau(Maunathbhanjan),Kopaganj APMC,Cauliflower,Cauliflower,FAQ,2200,2200,2200,31/03/2026
Uttar Pradesh,Sambhal,Sambhal APMC,Cauliflower,Cauliflower,FAQ,800,900,850,31/03/2026
Rajasthan,Jalore,Jalore APMC,Cauliflower,Cauliflower,Local,1500,2000,1800,31/03/2026
Gujarat,Amreli,Damnagar APMC,Cauliflower,Cauliflower,Local,3200,3200,3200,31/03/2026
Punjab,Moga,Baghapurana APMC,Cauliflower,Cauliflower,Grade B,1000,1500,1200,31/03/2026
Punjab,Tarntaran,Tarantaran APMC,Cauliflower,Other,Local,1300,1300,1300,31/03/2026
Odisha,Sundergarh,Panposh APMC,Cauliflower,Local,FAQ,2500,3200,3000,31/03/2026
Kerala,Kottayam,Athirampuzha APMC,Cauliflower,Cauliflower,FAQ,4500,4700,4600,31/03/2026
Kerala,Ernakulam,Perumbavoor APMC,Cauliflower,Cauliflower,Medium,2500,3500,3000,31/03/2026
Kerala,Kottayam,Pampady APMC,Cauliflower,Cauliflower,FAQ,6000,7000,6500,31/03/2026
Kerala,Alappuzha,Harippad APMC,Cauliflower,Cauliflower,FAQ,3500,4000,3500,31/03/2026
Kerala,Kollam,Kottarakkara APMC,Cauliflower,Other,Local,3900,4500,4000,31/03/2026
Tamil Nadu,Vellore,Perampet(Uzhavar Sandhai),Cabbage,Cabbage,Local,2400,2400,2400,31/03/2026
Tamil Nadu,Nagapattinam,Mayiladuthurai(Uzhavar Sandhai ) APMC,Cabbage,Cabbage,Local,3000,3000,3000,31/03/2026
Tamil Nadu,Namakkal,Paramathivelur(Uzhavar Sandhai ) APMC,Cabbage,Cabbage,Local,1700,2000,1850,31/03/2026
Tamil Nadu,Erode,Gobichettipalayam(Uzhavar Sandhai ) APMC,Cabbage,Cabbage,Local,1800,2000,1900,31/03/2026
Tamil Nadu,Cuddalore,Cuddalore(Uzhavar Sandhai ) APMC,Cabbage,Cabbage,Local,2500,2500,2500,31/03/2026
Tamil Nadu,Cuddalore,Viruthachalam(Uzhavar Sandhai ) APMC,Cabbage,Cabbage,Local,2000,2000,2000,31/03/2026
Tamil Nadu,Erode,Perundurai(Uzhavar Sandhai ) APMC,Cabbage,Cabbage,Local,1200,1400,1300,31/03/2026
Tamil Nadu,Krishnagiri,Hosur(Uzhavar Sandhai ) APMC,Cabbage,Cabbage,Local,800,1000,900,31/03/2026
Tamil Nadu,Theni,Theni(Uzhavar Sandhai ) APMC,Cabbage,Cabbage,Local,1800,1800,1800,31/03/2026
Tamil Nadu,Theni,Bodinayakanur(Uzhavar Sandhai ) APMC,Cabbage,Cabbage,Local,1800,1800,1800,31/03/2026
Tamil Nadu,Thirunelveli,Melapalayam(Uzhavar Sandhai ) APMC,Cabbage,Cabbage,Local,2000,2200,2100,31/03/2026
Tamil Nadu,Thiruvarur,Mannargudi I(Uzhavar Sandhai ) APMC,Cabbage,Cabbage,Local,3000,3000,3000,31/03/2026
Tamil Nadu,Thiruvarur,Mannargudi II(Uzhavar Sandhai ) APMC,Cabbage,Cabbage,Local,3000,3000,3000,31/03/2026
Tamil Nadu,Thiruvannamalai,Polur(Uzhavar Sandhai ) APMC,Cabbage,Cabbage,Local,2000,2400,2200,31/03/2026
Tamil Nadu,Thiruchirappalli,Manachanallur(Uzhavar Sandhai ) APMC,Cabbage,Cabbage,Local,2400,2400,2400,31/03/2026
Tamil Nadu,Virudhunagar,Sivakasi(Uzhavar Sandhai ) APMC,Cabbage,Cabbage,Local,2200,2500,2350,31/03/2026
Tamil Nadu,Virudhunagar,Thalavaipuram(Uzhavar Sandhai ) APMC,Cabbage,Cabbage,Local,2500,3000,2750,31/03/2026
Tamil Nadu,Nagercoil (Kannyiakumari),Myladi(Uzhavar Sandhai ) APMC,Cabbage,Cabbage,Local,2500,3000,2750,31/03/2026
Tamil Nadu,Thirupur,Tiruppur (North) (Uzhavar Sandhai ) APMC,Cabbage,Cabbage,Local,1800,2000,1900,31/03/2026
Tamil Nadu,The Nilgiris,Gudalur(Uzhavar Sandhai ) APMC,Cabbage,Cabbage,Local,1500,1800,1650,31/03/2026
Tamil Nadu,Namakkal,Tiruchengode APMC,Cabbage,Cabbage,Local,1800,2000,1900,31/03/2026
Tamil Nadu,Coimbatore,RSPuram(Uzhavar Sandhai ) APMC,Cabbage,Cabbage,Local,1400,1800,1600,31/03/2026
Tamil Nadu,Coimbatore,Singanallur(Uzhavar Sandhai ) APMC,Cabbage,Cabbage,Local,1500,2000,1750,31/03/2026
Tamil Nadu,Dindigul,Palani(Uzhavar Sandhai ) APMC,Cabbage,Cabbage,Local,2000,2200,2100,31/03/2026
Tamil Nadu,Krishnagiri,Krishnagiri(Uzhavar Sandhai ) APMC,Cabbage,Cabbage,Local,1000,1500,1250,31/03/2026
Tamil Nadu,Namakkal,Kumarapalayam(Uzhavar Sandhai ) APMC,Cabbage,Cabbage,Local,2000,2500,2250,31/03/2026
Tamil Nadu,Salem,Edapadi (Uzhavar Sandhai ) APMC,Cabbage,Cabbage,Local,2500,3000,2750,31/03/2026
Tamil Nadu,Sivaganga,Karaikudi(Uzhavar Sandhai ) APMC,Cabbage,Cabbage,Local,2000,2400,2200,31/03/2026
Tamil Nadu,Theni,Devaram(Uzhavar Sandhai ) APMC,Cabbage,Cabbage,Local,2000,2000,2000,31/03/2026
Tamil Nadu,Tuticorin,Kovilpatti(Uzhavar Sandhai ) APMC,Cabbage,Cabbage,Local,2000,2500,2250,31/03/2026
Tamil Nadu,Thiruvannamalai,Arani(Uzhavar Sandhai ) APMC,Cabbage,Cabbage,Local,2000,2500,2250,31/03/2026
Tamil Nadu,Thiruchirappalli,Thiruverumbur(Uzhavar Sandhai ) APMC,Cabbage,Cabbage,Local,2500,2500,2500,31/03/2026
Tamil Nadu,Vellore,Kahithapattarai(Uzhavar Sandhai ) APMC,Cabbage,Cabbage,Local,2000,2000,2000,31/03/2026
Tamil Nadu,Villupuram,Villupuram(Uzhavar Sandhai ) APMC,Cabbage,Cabbage,Local,2000,2000,2000,31/03/2026
Tamil Nadu,Chengalpattu,Pallavaram(Uzhavar Sandhai ) APMC,Cabbage,Cabbage,Local,1500,2000,1750,31/03/2026
Tamil Nadu,Salem,Athur(Uzhavar Sandhai ) APMC,Cabbage,Cabbage,Local,2000,2500,2250,31/03/2026
Tamil Nadu,Theni,Andipatti(Uzhavar Sandhai ) APMC,Cabbage,Cabbage,Local,1600,1800,1700,31/03/2026
Tamil Nadu,Vellore,Pallikonda(Uzhavar Sandhai),Cabbage,Cabbage,Local,1800,1800,1800,31/03/2026
Tamil Nadu,Salem,Thammampatti (Uzhavar Sandhai ) APMC,Cabbage,Cabbage,Local,2500,3000,2750,31/03/2026
Tamil Nadu,Coimbatore,Sundarapuram(Uzhavar Sandhai ) APMC,Cabbage,Cabbage,Local,1500,2000,1750,31/03/2026
Tamil Nadu,Dharmapuri,Dharmapuri(Uzhavar Sandhai ) APMC,Cabbage,Cabbage,Local,2600,2800,2700,31/03/2026
Tamil Nadu,Madurai,Chokkikulam(Uzhavar Sandhai ) APMC,Cabbage,Cabbage,Local,1600,2000,1800,31/03/2026
Tamil Nadu,Madurai,Palanganatham(Uzhavar Sandhai ) APMC,Cabbage,Cabbage,Local,1600,2000,1800,31/03/2026
Tamil Nadu,Namakkal,Namakkal(Uzhavar Sandhai ) APMC,Cabbage,Cabbage,Local,1500,1800,1650,31/03/2026
Tamil Nadu,Perambalur,Perambalur(Uzhavar Sandhai ) APMC,Cabbage,Cabbage,Local,2000,2000,2000,31/03/2026
Tamil Nadu,Pudukkottai,Pudukottai(Uzhavar Sandhai ) APMC,Cabbage,Cabbage,Local,2000,2500,2250,31/03/2026
Tamil Nadu,Ramanathapuram,Paramakudi(Uzhavar Sandhai ) APMC,Cabbage,Cabbage,Local,2500,2800,2650,31/03/2026
Tamil Nadu,Salem,Mettur(Uzhavar Sandhai ) APMC,Cabbage,Cabbage,Local,1500,2000,1750,31/03/2026
Tamil Nadu,Salem,Attayampatti(Uzhavar Sandhai ) APMC,Cabbage,Cabbage,Local,2500,3000,2750,31/03/2026
Tamil Nadu,Theni,Kambam(Uzhavar Sandhai ) APMC,Cabbage,Cabbage,Local,1800,1800,1800,31/03/2026
Tamil Nadu,Thirunelveli,Palayamkottai(Uzhavar Sandhai ) APMC,Cabbage,Cabbage,Local,2000,2200,2100,31/03/2026
Tamil Nadu,Virudhunagar,Aruppukottai(Uzhavar Sandhai ) APMC,Cabbage,Cabbage,Local,2500,3000,2750,31/03/2026
Tamil Nadu,Virudhunagar,Kariyapatti(Uzhavar Sandhai ) APMC,Cabbage,Cabbage,Local,2500,3000,2750,31/03/2026
Tamil Nadu,Ranipet,Arcot(Uzhavar Sandhai ) APMC,Cabbage,Cabbage,Local,2000,2000,2000,31/03/2026
Tamil Nadu,Vellore,Thirupathur APMC,Cabbage,Cabbage,Local,2500,2500,2500,31/03/2026
Tamil Nadu,Salem,Mecheri(Uzhavar Sandhai),Cabbage,Cabbage,Local,3000,3500,3250,31/03/2026
Tamil Nadu,Karur,Gandhigramam(Uzhavar Sandhai),Cabbage,Cabbage,Local,2500,3000,2750,31/03/2026
Tamil Nadu,Villupuram,Tindivanam APMC,Cabbage,Cabbage,Local,2800,2800,2800,31/03/2026
Tamil Nadu,Thiruvannamalai,Cheyyar(Uzhavar Sandhai ) APMC,Cabbage,Cabbage,Local,2000,2500,2250,31/03/2026
Tamil Nadu,Dharmapuri,Pennagaram(Uzhavar Sandhai ) APMC,Cabbage,Cabbage,Local,2400,2500,2450,31/03/2026
Tamil Nadu,Dharmapuri,Palacode(Uzhavar Sandhai ) APMC,Cabbage,Cabbage,Local,2000,2500,2250,31/03/2026
Tamil Nadu,Namakkal,Rasipuram(Uzhavar Sandhai ) APMC,Cabbage,Cabbage,Local,1800,2000,1900,31/03/2026
Tamil Nadu,Salem,Thathakapatti(Uzhavar Sandhai ) APMC,Cabbage,Cabbage,Local,3000,3000,3000,31/03/2026
Tamil Nadu,Salem,Hasthampatti(Uzhavar Sandhai ) APMC,Cabbage,Cabbage,Local,3000,3200,3100,31/03/2026
Tamil Nadu,Salem,Elampillai(Uzhavar Sandhai ) APMC,Cabbage,Cabbage,Local,2500,3000,2750,31/03/2026
Tamil Nadu,Sivaganga,Singampunari(Uzhavar Sandhai ) APMC,Cabbage,Cabbage,Local,2000,2000,2000,31/03/2026
Tamil Nadu,Thanjavur,Pattukottai(Uzhavar Sandhai ) APMC,Cabbage,Cabbage,Local,2200,2200,2200,31/03/2026
Tamil Nadu,Thiruvannamalai,Tiruvannamalai(Uzhavar Sandhai ) APMC,Cabbage,Cabbage,Local,1500,2000,1750,31/03/2026
Tamil Nadu,Villupuram,Gingee(Uzhavar Sandhai ) APMC,Cabbage,Cabbage,Local,2500,2500,2500,31/03/2026
Tamil Nadu,Virudhunagar,Virudhunagar(Uzhavar Sandhai ) APMC,Cabbage,Cabbage,Local,3300,3500,3400,31/03/2026
Tamil Nadu,Thirupur,Dharapuram(Uzhavar Sandhai ) APMC,Cabbage,Cabbage,Local,2000,3000,2500,31/03/2026
Tamil Nadu,Theni,Periyakulam(Uzhavar Sandhai ) APMC,Cabbage,Cabbage,Local,1600,1800,1700,31/03/2026
Tamil Nadu,Dharmapuri,Harur(Uzhavar Sandhai ) APMC,Cabbage,Cabbage,Local,2400,2600,2500,31/03/2026
Tamil Nadu,The Nilgiris,Coonoor(Uzhavar Sandhai ) APMC,Cabbage,Cabbage,Local,1200,1500,1350,31/03/2026
Tamil Nadu,Virudhunagar,Srivilliputhur(Uzhavar Sandhai ) APMC,Cabbage,Cabbage,Local,2500,3000,2750,31/03/2026
Tamil Nadu,Dharmapuri,Karimangalam(Uzhavar Sandhai),Cabbage,Cabbage,Local,2600,2800,2700,31/03/2026
Tamil Nadu,Coimbatore,Sulur(Uzhavar Sandhai ) APMC,Cabbage,Cabbage,Local,1800,2000,1900,31/03/2026
Tamil Nadu,Erode,Sathiyamagalam(Uzhavar Sandhai ) APMC,Cabbage,Cabbage,Local,2000,2300,2150,31/03/2026
Tamil Nadu,Thiruchirappalli,Thuraiyur APMC,Cabbage,Cabbage,Local,2000,2500,2250,31/03/2026
Tamil Nadu,Ariyalur,Ariyalur(Uzhavar Sandhai) APMC,Cabbage,Cabbage,Local,2000,2400,2200,31/03/2026
Tamil Nadu,Coimbatore,Mettupalayam(Uzhavar Sandhai ) APMC,Cabbage,Cabbage,Local,2000,2400,2200,31/03/2026
Tamil Nadu,Cuddalore,Vadalur(Uzhavar Sandhai ) APMC,Cabbage,Cabbage,Local,2500,2500,2500,31/03/2026
Tamil Nadu,Erode,Thalavadi(Uzhavar Sandhai ) APMC,Cabbage,Cabbage,Local,1000,1300,1150,31/03/2026
Tamil Nadu,Kancheepuram,Kundrathur(Uzhavar Sandhai ) APMC,Cabbage,Cabbage,Local,2500,2500,2500,31/03/2026
Tamil Nadu,Karur,Velayuthampalayam(Uzhavar Sandhai ) APMC,Cabbage,Cabbage,Local,2400,3000,2700,31/03/2026
Tamil Nadu,Nagapattinam,Sirkali(Uzhavar Sandhai ) APMC,Cabbage,Cabbage,Local,2500,3000,2750,31/03/2026
Tamil Nadu,Namakkal,Mohanur(Uzhavar Sandhai ) APMC,Cabbage,Cabbage,Local,2000,2500,2250,31/03/2026
Tamil Nadu,The Nilgiris,Udhagamandalam(Uzhavar Sandhai ) APMC,Cabbage,Cabbage,Local,1200,1500,1350,31/03/2026
Tamil Nadu,Salem,Jalagandapuram(Uzhavar Sandhai ) APMC,Cabbage,Cabbage,Local,3000,3500,3250,31/03/2026
Tamil Nadu,Sivaganga,Tirupatthur(Uzhavar Sandhai ) APMC,Cabbage,Cabbage,Local,2000,2500,2250,31/03/2026
Tamil Nadu,Theni,Chinnamanur(Uzhavar Sandhai ) APMC,Cabbage,Cabbage,Local,1800,1800,1800,31/03/2026
Tamil Nadu,Thirunelveli,Ambasamudram(Uzhavar Sandhai ) APMC,Cabbage,Cabbage,Local,1500,2000,1750,31/03/2026
Tamil Nadu,Thiruchirappalli,Musiri(Uzhavar Sandhai ) APMC,Cabbage,Cabbage,Local,2000,2500,2250,31/03/2026
Tamil Nadu,Thirupur,Palladam(Uzhavar Sandhai ) APMC,Cabbage,Cabbage,Local,2000,2500,2250,31/03/2026
Tamil Nadu,Thirupur,Tiruppur (South) (Uzhavar Sandhai ) APMC,Cabbage,Cabbage,Local,1800,2000,1900,31/03/2026
Tamil Nadu,Thirupathur,Natrampalli(Uzhavar Sandhai ) APMC,Cabbage,Cabbage,Local,2500,3000,2750,31/03/2026
Tamil Nadu,Kallakuruchi,Kallakurichi(Uzhavar Sandhai ) APMC,Cabbage,Cabbage,Local,3000,3000,3000,31/03/2026
Tamil Nadu,Nagercoil (Kannyiakumari),Vadaseri APMC,Cabbage,Cabbage,Local,3000,3500,3250,31/03/2026
Tamil Nadu,Salem,Ammapet(Uzhavar Sandhai ) APMC,Cabbage,Cabbage,Local,2000,2500,2250,31/03/2026
Rajasthan,Jalore,Jalore APMC,Cabbage,Cabbage,Local,800,1000,900,31/03/2026
Haryana,Rewari,Kosli APMC,Cabbage,Other,FAQ,2000,2000,2000,31/03/2026
Odisha,Sundergarh,Panposh APMC,Cabbage,Cabbage,FAQ,2000,3000,2500,31/03/2026
Kerala,Kottayam,Pampady APMC,Cabbage,Cabbage,FAQ,4500,5500,5000,31/03/2026
Kerala,Kollam,Kottarakkara APMC,Cabbage,Other,Local,4800,5200,5000,31/03/2026
Kerala,Ernakulam,Perumbavoor APMC,Cabbage,Cabbage,Medium,1500,2500,2000,31/03/2026
Kerala,Alappuzha,Harippad APMC,Cabbage,Cabbage,FAQ,4000,4500,4000,31/03/2026
Kerala,Kottayam,Athirampuzha APMC,Cabbage,Cabbage,FAQ,2400,2600,2500,31/03/2026
Tamil Nadu,Coimbatore,Sulur(Uzhavar Sandhai ) APMC,Bitter gourd,Bitter Gourd,Local,4000,4500,4250,31/03/2026
Tamil Nadu,Pudukkottai,Gandarvakottai(Uzhavar Sandhai ) APMC,Bitter gourd,Bitter Gourd,Local,3000,3500,3250,31/03/2026
Tamil Nadu,Coimbatore,Kurichi(Uzhavar Sandhai ) APMC,Bitter gourd,Bitter Gourd,Local,4500,5000,4750,31/03/2026
Tamil Nadu,Cuddalore,Cuddalore(Uzhavar Sandhai ) APMC,Bitter gourd,Bitter Gourd,Local,3000,4000,3500,31/03/2026
Tamil Nadu,Dharmapuri,Dharmapuri(Uzhavar Sandhai ) APMC,Bitter gourd,Bitter Gourd,Local,3300,3600,3450,31/03/2026
Tamil Nadu,Dharmapuri,Palacode(Uzhavar Sandhai ) APMC,Bitter gourd,Other,Local,3400,3600,3500,31/03/2026
Tamil Nadu,Dindigul,Palani(Uzhavar Sandhai ) APMC,Bitter gourd,Bitter Gourd,Local,3000,4000,3500,31/03/2026
Tamil Nadu,Erode,Periyar Nagar(Uzhavar Sandhai ) APMC,Bitter gourd,Other,Local,3200,3600,3400,31/03/2026
Tamil Nadu,Kancheepuram,Kundrathur(Uzhavar Sandhai ) APMC,Bitter gourd,Bitter Gourd,Local,3500,3500,3500,31/03/2026
Tamil Nadu,Madurai,Thirumangalam(Uzhavar Sandhai ) APMC,Bitter gourd,Bitter Gourd,Local,3400,3600,3500,31/03/2026
Tamil Nadu,Nagapattinam,Sirkali(Uzhavar Sandhai ) APMC,Bitter gourd,Bitter Gourd,Local,5500,6000,5750,31/03/2026
Tamil Nadu,Namakkal,Namakkal(Uzhavar Sandhai ) APMC,Bitter gourd,Other,Local,4000,4400,4200,31/03/2026
Tamil Nadu,Thirunelveli,Ambasamudram(Uzhavar Sandhai ) APMC,Bitter gourd,Bitter Gourd,Local,3500,4000,3750,31/03/2026
Tamil Nadu,Thiruvarur,Mannargudi I(Uzhavar Sandhai ) APMC,Bitter gourd,Bitter Gourd,Local,2600,2600,2600,31/03/2026
Tamil Nadu,Thiruvannamalai,Vandavasi(Uzhavar Sandhai ) APMC,Bitter gourd,Other,Local,3500,4000,3750,31/03/2026
Tamil Nadu,Thiruvannamalai,Tamarainagar(Uzhavar Sandhai ) APMC,Bitter gourd,Bitter Gourd,Local,3600,4400,4000,31/03/2026
Tamil Nadu,Villupuram,Gingee(Uzhavar Sandhai ) APMC,Bitter gourd,Bitter Gourd,Local,7000,7000,7000,31/03/2026
Tamil Nadu,Kallakuruchi,Kallakurichi(Uzhavar Sandhai ) APMC,Bitter gourd,Bitter Gourd,Local,5000,5000,5000,31/03/2026
Tamil Nadu,Kallakuruchi,Sankarapuram(Uzhavar Sandhai ) APMC,Bitter gourd,Bitter Gourd,Local,5000,6000,5500,31/03/2026
Tamil Nadu,Salem,Ammapet(Uzhavar Sandhai ) APMC,Bitter gourd,Other,Local,3000,3200,3100,31/03/2026
Tamil Nadu,Karur,Gandhigramam(Uzhavar Sandhai),Bitter gourd,Other,Local,3500,4000,3750,31/03/2026
Tamil Nadu,Nagapattinam,Mayiladuthurai(Uzhavar Sandhai ) APMC,Bitter gourd,Bitter Gourd,Local,4500,5000,4750,31/03/2026
Tamil Nadu,Thiruvarur,Tiruvarur(Uzhavar Sandhai ) APMC,Bitter gourd,Bitter Gourd,Local,3000,3000,3000,31/03/2026
Tamil Nadu,Coimbatore,RSPuram(Uzhavar Sandhai ) APMC,Bitter gourd,Other,Local,4000,4400,4200,31/03/2026
Tamil Nadu,Coimbatore,Singanallur(Uzhavar Sandhai ) APMC,Bitter gourd,Other,Local,4000,4500,4250,31/03/2026
Tamil Nadu,Coimbatore,Mettupalayam(Uzhavar Sandhai ) APMC,Bitter gourd,Bitter Gourd,Local,3200,3800,3500,31/03/2026
Tamil Nadu,Cuddalore,Panruti(Uzhavar Sandhai ) APMC,Bitter gourd,Bitter Gourd,Local,4000,4000,4000,31/03/2026
Tamil Nadu,Cuddalore,Vadalur(Uzhavar Sandhai ) APMC,Bitter gourd,Other,Local,4000,4000,4000,31/03/2026
Tamil Nadu,Karur,Vengamedu(Uzhavar Sandhai ) APMC,Bitter gourd,Other,Local,3500,4000,3750,31/03/2026
Tamil Nadu,Madurai,Chokkikulam(Uzhavar Sandhai ) APMC,Bitter gourd,Bitter Gourd,Local,3400,3600,3500,31/03/2026
Tamil Nadu,Theni,Chinnamanur(Uzhavar Sandhai ) APMC,Bitter gourd,Other,Local,3000,3000,3000,31/03/2026
Tamil Nadu,Thiruvannamalai,Polur(Uzhavar Sandhai ) APMC,Bitter gourd,Bitter Gourd,Local,3500,4000,3750,31/03/2026
Tamil Nadu,Thiruvannamalai,Arani(Uzhavar Sandhai ) APMC,Bitter gourd,Bitter Gourd,Local,3000,4000,3500,31/03/2026
Tamil Nadu,Thiruchirappalli,Musiri(Uzhavar Sandhai ) APMC,Bitter gourd,Bitter Gourd,Local,3000,3600,3300,31/03/2026
Tamil Nadu,Villupuram,Villupuram(Uzhavar Sandhai ) APMC,Bitter gourd,Bitter Gourd,Local,4000,4000,4000,31/03/2026
Tamil Nadu,Virudhunagar,Kariyapatti(Uzhavar Sandhai ) APMC,Bitter gourd,Bitter Gourd,Local,4500,5000,4750,31/03/2026
Tamil Nadu,Virudhunagar,Thalavaipuram(Uzhavar Sandhai ) APMC,Bitter gourd,Bitter Gourd,Local,4500,5000,4750,31/03/2026
Tamil Nadu,Chengalpattu,Pallavaram(Uzhavar Sandhai ) APMC,Bitter gourd,Other,Local,3500,4000,3750,31/03/2026
Tamil Nadu,Nagercoil (Kannyiakumari),Vadaseri APMC,Bitter gourd,Bitter Gourd,Local,4500,5000,4750,31/03/2026
Tamil Nadu,Pudukkottai,Karambakkudi(Uzhavar Sandhai ) APMC,Bitter gourd,Other,Local,3000,3500,3250,31/03/2026
Tamil Nadu,Dharmapuri,Harur(Uzhavar Sandhai ) APMC,Bitter gourd,Other,Local,3000,3400,3200,31/03/2026
Tamil Nadu,The Nilgiris,Gudalur(Uzhavar Sandhai ) APMC,Bitter gourd,Bitter Gourd,Local,3200,3500,3350,31/03/2026
Tamil Nadu,Virudhunagar,Srivilliputhur(Uzhavar Sandhai ) APMC,Bitter gourd,Bitter Gourd,Local,4500,5000,4750,31/03/2026
Tamil Nadu,Vellore,Pallikonda(Uzhavar Sandhai),Bitter gourd,Bitter Gourd,Local,2500,2500,2500,31/03/2026
Tamil Nadu,Erode,Perundurai(Uzhavar Sandhai ) APMC,Bitter gourd,Bitter Gourd,Local,3200,3500,3350,31/03/2026
Tamil Nadu,Erode,Thalavadi(Uzhavar Sandhai ) APMC,Bitter gourd,Other,Local,3000,3500,3250,31/03/2026
Tamil Nadu,Krishnagiri,Hosur(Uzhavar Sandhai ) APMC,Bitter gourd,Bitter Gourd,Local,2500,3000,2750,31/03/2026
Tamil Nadu,Krishnagiri,Krishnagiri(Uzhavar Sandhai ) APMC,Bitter gourd,Bitter Gourd,Local,2500,2800,2650,31/03/2026
Tamil Nadu,Krishnagiri,Avallapalli(Uzhavar Sandhai ) APMC,Bitter gourd,Bitter Gourd,Local,3000,3500,3250,31/03/2026
Tamil Nadu,Madurai,Palanganatham(Uzhavar Sandhai ) APMC,Bitter gourd,Bitter Gourd,Local,2600,3600,3100,31/03/2026
Tamil Nadu,Salem,Thathakapatti(Uzhavar Sandhai ) APMC,Bitter gourd,Other,Local,3500,4000,3750,31/03/2026
Tamil Nadu,Salem,Mettur(Uzhavar Sandhai ) APMC,Bitter gourd,Other,Local,3500,4000,3750,31/03/2026
Tamil Nadu,Sivaganga,Karaikudi(Uzhavar Sandhai ) APMC,Bitter gourd,Bitter Gourd,Local,3800,4000,3900,31/03/2026
Tamil Nadu,Theni,Theni(Uzhavar Sandhai ) APMC,Bitter gourd,Other,Local,3000,3000,3000,31/03/2026
Tamil Nadu,Theni,Kambam(Uzhavar Sandhai ) APMC,Bitter gourd,Other,Local,2700,3300,3000,31/03/2026
Tamil Nadu,Theni,Bodinayakanur(Uzhavar Sandhai ) APMC,Bitter gourd,Bitter Gourd,Local,2800,2800,2800,31/03/2026
Tamil Nadu,Theni,Devaram(Uzhavar Sandhai ) APMC,Bitter gourd,Bitter Gourd,Local,3000,3000,3000,31/03/2026
Tamil Nadu,Thiruvarur,Mannargudi II(Uzhavar Sandhai ) APMC,Bitter gourd,Bitter Gourd,Local,2600,2600,2600,31/03/2026
Tamil Nadu,Thiruchirappalli,Thiruverumbur(Uzhavar Sandhai ) APMC,Bitter gourd,Other,Local,3600,3600,3600,31/03/2026
Tamil Nadu,Ranipet,Arcot(Uzhavar Sandhai ) APMC,Bitter gourd,Bitter Gourd,Local,4000,4000,4000,31/03/2026
Tamil Nadu,Thirupur,Tiruppur (North) (Uzhavar Sandhai ) APMC,Bitter gourd,Other,Local,4500,5000,4750,31/03/2026
Tamil Nadu,Thirupur,Kangayam(Uzhavar Sandhai ) APMC,Bitter gourd,Bitter Gourd,Local,4000,4800,4400,31/03/2026
Tamil Nadu,Vellore,Perampet(Uzhavar Sandhai),Bitter gourd,Bitter Gourd,Local,3000,3000,3000,31/03/2026
Tamil Nadu,Pudukkottai,Ponnamaravathi(Uzhavar Sandhai),Bitter gourd,Bitter Gourd,Local,3500,4000,3750,31/03/2026
Tamil Nadu,Salem,Thammampatti (Uzhavar Sandhai ) APMC,Bitter gourd,Bitter Gourd,Local,3500,4000,3750,31/03/2026
Tamil Nadu,Villupuram,Tindivanam APMC,Bitter gourd,Other,Local,3000,3000,3000,31/03/2026
Tamil Nadu,Erode,Gobichettipalayam(Uzhavar Sandhai ) APMC,Bitter gourd,Bitter Gourd,Local,4500,5000,4750,31/03/2026
Tamil Nadu,Ariyalur,Ariyalur(Uzhavar Sandhai) APMC,Bitter gourd,Bitter Gourd,Local,4000,4400,4200,31/03/2026
Tamil Nadu,Dharmapuri,Pennagaram(Uzhavar Sandhai ) APMC,Bitter gourd,Bitter Gourd,Local,3500,3800,3650,31/03/2026
Tamil Nadu,Karur,Velayuthampalayam(Uzhavar Sandhai ) APMC,Bitter gourd,Bitter Gourd,Local,3200,4000,3600,31/03/2026
Tamil Nadu,Karur,Pallapatti (Uzhavar Sandhai ) APMC,Bitter gourd,Other,Local,3500,4000,3750,31/03/2026
Tamil Nadu,Madurai,Melur(Uzhavar Sandhai ) APMC,Bitter gourd,Other,Local,3400,3600,3500,31/03/2026
Tamil Nadu,Namakkal,Mohanur(Uzhavar Sandhai ) APMC,Bitter gourd,Bitter Gourd,Local,5000,5600,5300,31/03/2026
Tamil Nadu,The Nilgiris,Udhagamandalam(Uzhavar Sandhai ) APMC,Bitter gourd,Bitter Gourd,Local,3500,4000,3750,31/03/2026
Tamil Nadu,Pudukkottai,Pudukottai(Uzhavar Sandhai ) APMC,Bitter gourd,Bitter Gourd,Local,3500,4000,3750,31/03/2026
Tamil Nadu,Pudukkottai,Alangudi(Uzhavar Sandhai ) APMC,Bitter gourd,Other,Local,3500,4000,3750,31/03/2026
Tamil Nadu,Salem,Elampillai(Uzhavar Sandhai ) APMC,Bitter gourd,Other,Local,3600,3800,3700,31/03/2026
Tamil Nadu,Salem,Jalagandapuram(Uzhavar Sandhai ) APMC,Bitter gourd,Other,Local,3800,4000,3900,31/03/2026
Tamil Nadu,Sivaganga,Tirupatthur(Uzhavar Sandhai ) APMC,Bitter gourd,Other,Local,3500,4000,3750,31/03/2026
Tamil Nadu,Sivaganga,Singampunari(Uzhavar Sandhai ) APMC,Bitter gourd,Other,Local,3500,4000,3750,31/03/2026
Tamil Nadu,Thanjavur,Pattukottai(Uzhavar Sandhai ) APMC,Bitter gourd,Bitter Gourd,Local,4000,4000,4000,31/03/2026
Tamil Nadu,Thirunelveli,Palayamkottai(Uzhavar Sandhai ) APMC,Bitter gourd,Other,Local,3500,4000,3750,31/03/2026
Tamil Nadu,Thiruvarur,Tiruthuraipoondi(Uzhavar Sandhai ) APMC,Bitter gourd,Bitter Gourd,Local,4000,4000,4000,31/03/2026
Tamil Nadu,Tuticorin,Kovilpatti(Uzhavar Sandhai ) APMC,Bitter gourd,Other,Local,8000,8500,8250,31/03/2026
Tamil Nadu,Vellore,Kahithapattarai(Uzhavar Sandhai ) APMC,Bitter gourd,Bitter Gourd,Local,2000,2500,2250,31/03/2026
Tamil Nadu,Virudhunagar,Sivakasi(Uzhavar Sandhai ) APMC,Bitter gourd,Bitter Gourd,Local,5500,6000,5750,31/03/2026
Tamil Nadu,Thirupur,Tiruppur (South) (Uzhavar Sandhai ) APMC,Bitter gourd,Other,Local,4000,5000,4500,31/03/2026
Tamil Nadu,Thirupur,Dharapuram(Uzhavar Sandhai ) APMC,Bitter gourd,Bitter Gourd,Local,4000,5000,4500,31/03/2026
Tamil Nadu,Krishnagiri,Kaveripattinam(Uzhavar Sandhai ) APMC,Bitter gourd,Bitter Gourd,Local,4000,4000,4000,31/03/2026
Tamil Nadu,Theni,Andipatti(Uzhavar Sandhai ) APMC,Bitter gourd,Bitter Gourd,Local,2600,3000,2800,31/03/2026
Tamil Nadu,Namakkal,Paramathivelur(Uzhavar Sandhai ) APMC,Bitter gourd,Other,Local,4900,5500,5200,31/03/2026
Tamil Nadu,Villupuram,Ulundurpettai APMC,Bitter gourd,Bitter Gourd,Local,5000,5000,5000,31/03/2026
Tamil Nadu,Thiruvannamalai,Cheyyar(Uzhavar Sandhai ) APMC,Bitter gourd,Other,Local,3000,3500,3250,31/03/2026
Tamil Nadu,Coimbatore,Sundarapuram(Uzhavar Sandhai ) APMC,Bitter gourd,Other,Local,4500,5000,4750,31/03/2026
Tamil Nadu,Erode,Sathiyamagalam(Uzhavar Sandhai ) APMC,Bitter gourd,Other,Local,3500,4000,3750,31/03/2026
Tamil Nadu,Namakkal,Tiruchengode APMC,Bitter gourd,Other,Local,4500,5000,4750,31/03/2026
Tamil Nadu,Thiruchirappalli,Thuraiyur APMC,Bitter gourd,Other,Local,3500,4000,3750,31/03/2026
Tamil Nadu,Cuddalore,Viruthachalam(Uzhavar Sandhai ) APMC,Bitter gourd,Bitter Gourd,Local,4000,4000,4000,31/03/2026
Tamil Nadu,Madurai,Usilampatti(Uzhavar Sandhai ) APMC,Bitter gourd,Bitter Gourd,Local,3000,3600,3300,31/03/2026
Tamil Nadu,Namakkal,Kumarapalayam(Uzhavar Sandhai ) APMC,Bitter gourd,Other,Local,5000,5500,5250,31/03/2026
Tamil Nadu,Perambalur,Perambalur(Uzhavar Sandhai ) APMC,Bitter gourd,Bitter Gourd,Local,4800,4800,4800,31/03/2026
Tamil Nadu,Pudukkottai,Aranthangi(Uzhavar Sandhai ) APMC,Bitter gourd,Other,Local,3000,3500,3250,31/03/2026
Tamil Nadu,Ramanathapuram,Paramakudi(Uzhavar Sandhai ) APMC,Bitter gourd,Bitter Gourd,Local,5500,6000,5750,31/03/2026
Tamil Nadu,Salem,Attayampatti(Uzhavar Sandhai ) APMC,Bitter gourd,Bitter Gourd,Local,4200,4600,4400,31/03/2026
Tamil Nadu,Salem,Hasthampatti(Uzhavar Sandhai ) APMC,Bitter gourd,Other,Local,3800,4000,3900,31/03/2026
Tamil Nadu,Salem,Edapadi (Uzhavar Sandhai ) APMC,Bitter gourd,Other,Local,3500,4000,3750,31/03/2026
Tamil Nadu,Thirunelveli,Melapalayam(Uzhavar Sandhai ) APMC,Bitter gourd,Other,Local,3500,4000,3750,31/03/2026
Tamil Nadu,Thiruvannamalai,Tiruvannamalai(Uzhavar Sandhai ) APMC,Bitter gourd,Bitter Gourd,Local,2400,3000,2700,31/03/2026
Tamil Nadu,Thiruchirappalli,Manachanallur(Uzhavar Sandhai ) APMC,Bitter gourd,Other,Local,3600,3600,3600,31/03/2026
Tamil Nadu,Virudhunagar,Aruppukottai(Uzhavar Sandhai ) APMC,Bitter gourd,Bitter Gourd,Local,4000,5000,4500,31/03/2026
Tamil Nadu,Virudhunagar,Virudhunagar(Uzhavar Sandhai ) APMC,Bitter gourd,Bitter Gourd,Local,5500,5600,5550,31/03/2026
Tamil Nadu,Nagercoil (Kannyiakumari),Myladi(Uzhavar Sandhai ) APMC,Bitter gourd,Bitter Gourd,Local,4500,5000,4750,31/03/2026
Tamil Nadu,Thirupathur,Natrampalli(Uzhavar Sandhai ) APMC,Bitter gourd,Bitter Gourd,Local,3000,4000,3500,31/03/2026
Tamil Nadu,Salem,Athur(Uzhavar Sandhai ) APMC,Bitter gourd,Bitter Gourd,Local,3500,4000,3750,31/03/2026
Tamil Nadu,Theni,Periyakulam(Uzhavar Sandhai ) APMC,Bitter gourd,Other,Local,2800,3000,2900,31/03/2026
Tamil Nadu,Vellore,Thirupathur APMC,Bitter gourd,Bitter Gourd,Local,3500,3500,3500,31/03/2026
Tamil Nadu,The Nilgiris,Coonoor(Uzhavar Sandhai ) APMC,Bitter gourd,Other,Local,3600,4000,3800,31/03/2026
Tamil Nadu,Dharmapuri,Karimangalam(Uzhavar Sandhai),Bottle gourd,Bottle Gourd,Local,1200,1500,1350,31/03/2026
Tamil Nadu,Thiruvarur,Tiruvarur(Uzhavar Sandhai ) APMC,Bottle gourd,Bottle Gourd,Local,2000,2000,2000,31/03/2026
Tamil Nadu,Villupuram,Tindivanam APMC,Bottle gourd,Bottle Gourd,Local,1500,1500,1500,31/03/2026
Tamil Nadu,Villupuram,Ulundurpettai APMC,Bottle gourd,Bottle Gourd,Local,1500,1500,1500,31/03/2026
Tamil Nadu,Cuddalore,Vadalur(Uzhavar Sandhai ) APMC,Bottle gourd,Bottle Gourd,Local,2000,2000,2000,31/03/2026
Tamil Nadu,Dharmapuri,Palacode(Uzhavar Sandhai ) APMC,Bottle gourd,Bottle Gourd,Local,1200,1500,1350,31/03/2026
Tamil Nadu,Erode,Thalavadi(Uzhavar Sandhai ) APMC,Bottle gourd,Bottle Gourd,Local,1400,1800,1600,31/03/2026
Tamil Nadu,Namakkal,Namakkal(Uzhavar Sandhai ) APMC,Bottle gourd,Bottle Gourd,Local,800,1400,1100,31/03/2026
Tamil Nadu,Salem,Elampillai(Uzhavar Sandhai ) APMC,Bottle gourd,Bottle Gourd,Local,1800,2000,1900,31/03/2026
Tamil Nadu,Sivaganga,Karaikudi(Uzhavar Sandhai ) APMC,Bottle gourd,Bottle Gourd,Local,2800,3200,3000,31/03/2026
Tamil Nadu,Theni,Chinnamanur(Uzhavar Sandhai ) APMC,Bottle gourd,Bottle Gourd,Local,1500,1500,1500,31/03/2026
Tamil Nadu,Thiruvarur,Mannargudi II(Uzhavar Sandhai ) APMC,Bottle gourd,Bottle Gourd,Local,2000,2000,2000,31/03/2026
Tamil Nadu,Thiruchirappalli,Thiruverumbur(Uzhavar Sandhai ) APMC,Bottle gourd,Bottle Gourd,Local,2000,2000,2000,31/03/2026
Tamil Nadu,Virudhunagar,Aruppukottai(Uzhavar Sandhai ) APMC,Bottle gourd,Bottle Gourd,Local,1500,2000,1750,31/03/2026
Tamil Nadu,Virudhunagar,Kariyapatti(Uzhavar Sandhai ) APMC,Bottle gourd,Bottle Gourd,Local,1800,2000,1900,31/03/2026
Tamil Nadu,Thirupur,Tiruppur (South) (Uzhavar Sandhai ) APMC,Bottle gourd,Bottle Gourd,Local,1200,1500,1350,31/03/2026
Tamil Nadu,Pudukkottai,Karambakkudi(Uzhavar Sandhai ) APMC,Bottle gourd,Bottle Gourd,Local,1500,2000,1750,31/03/2026
Tamil Nadu,Vellore,Thirupathur APMC,Bottle gourd,Bottle Gourd,Local,1500,1500,1500,31/03/2026
Tamil Nadu,Vellore,Perampet(Uzhavar Sandhai),Bottle gourd,Bottle Gourd,Local,1800,1800,1800,31/03/2026
Tamil Nadu,Pudukkottai,Gandarvakottai(Uzhavar Sandhai ) APMC,Bottle gourd,Bottle Gourd,Local,1000,1500,1250,31/03/2026
Tamil Nadu,Coimbatore,Sundarapuram(Uzhavar Sandhai ) APMC,Bottle gourd,Bottle Gourd,Local,2000,2500,2250,31/03/2026
Tamil Nadu,Dindigul,Palani(Uzhavar Sandhai ) APMC,Bottle gourd,Bottle Gourd,Local,700,1200,950,31/03/2026
Tamil Nadu,Erode,Perundurai(Uzhavar Sandhai ) APMC,Bottle gourd,Bottle Gourd,Local,800,1000,900,31/03/2026
Tamil Nadu,Karur,Velayuthampalayam(Uzhavar Sandhai ) APMC,Bottle gourd,Bottle Gourd,Local,600,1000,800,31/03/2026
Tamil Nadu,Karur,Pallapatti (Uzhavar Sandhai ) APMC,Bottle gourd,Bottle Gourd,Local,1200,1500,1350,31/03/2026
Tamil Nadu,Karur,Vengamedu(Uzhavar Sandhai ) APMC,Bottle gourd,Bottle Gourd,Local,500,1000,750,31/03/2026
Tamil Nadu,Madurai,Melur(Uzhavar Sandhai ) APMC,Bottle gourd,Bottle Gourd,Local,1800,2800,2300,31/03/2026
Tamil Nadu,Namakkal,Kumarapalayam(Uzhavar Sandhai ) APMC,Bottle gourd,Bottle Gourd,Local,1000,1400,1200,31/03/2026
Tamil Nadu,Pudukkottai,Pudukottai(Uzhavar Sandhai ) APMC,Bottle gourd,Bottle Gourd,Local,1000,1500,1250,31/03/2026
Tamil Nadu,Ramanathapuram,Paramakudi(Uzhavar Sandhai ) APMC,Bottle gourd,Bottle Gourd,Local,1500,2000,1750,31/03/2026
Tamil Nadu,Thanjavur,Pattukottai(Uzhavar Sandhai ) APMC,Bottle gourd,Bottle Gourd,Local,2600,2600,2600,31/03/2026
Tamil Nadu,Thirunelveli,Palayamkottai(Uzhavar Sandhai ) APMC,Bottle gourd,Bottle Gourd,Local,1200,2500,1850,31/03/2026
Tamil Nadu,Thirunelveli,Melapalayam(Uzhavar Sandhai ) APMC,Bottle gourd,Bottle Gourd,Local,1000,1200,1100,31/03/2026
Tamil Nadu,Thiruvannamalai,Vandavasi(Uzhavar Sandhai ) APMC,Bottle gourd,Bottle Gourd,Local,1600,2000,1800,31/03/2026
Tamil Nadu,Virudhunagar,Thalavaipuram(Uzhavar Sandhai ) APMC,Bottle gourd,Bottle Gourd,Local,800,1000,900,31/03/2026
Tamil Nadu,Chengalpattu,Pallavaram(Uzhavar Sandhai ) APMC,Bottle gourd,Bottle Gourd,Local,3000,4000,3500,31/03/2026
Tamil Nadu,Ranipet,Arcot(Uzhavar Sandhai ) APMC,Bottle gourd,Bottle Gourd,Local,2000,2000,2000,31/03/2026
Tamil Nadu,Salem,Athur(Uzhavar Sandhai ) APMC,Bottle gourd,Bottle Gourd,Local,1000,1200,1100,31/03/2026
Tamil Nadu,Theni,Periyakulam(Uzhavar Sandhai ) APMC,Bottle gourd,Bottle Gourd,Local,1000,1500,1250,31/03/2026
Tamil Nadu,Krishnagiri,Kaveripattinam(Uzhavar Sandhai ) APMC,Bottle gourd,Bottle Gourd,Local,2000,2500,2250,31/03/2026
Tamil Nadu,Karur,Gandhigramam(Uzhavar Sandhai),Bottle gourd,Bottle Gourd,Local,500,1000,750,31/03/2026
Tamil Nadu,Nagapattinam,Mayiladuthurai(Uzhavar Sandhai ) APMC,Bottle gourd,Bottle Gourd,Local,3000,3500,3250,31/03/2026
Tamil Nadu,Namakkal,Paramathivelur(Uzhavar Sandhai ) APMC,Bottle gourd,Bottle Gourd,Local,1200,1400,1300,31/03/2026
Tamil Nadu,Ariyalur,Ariyalur(Uzhavar Sandhai) APMC,Bottle gourd,Bottle Gourd,Local,1500,2000,1750,31/03/2026
Tamil Nadu,Coimbatore,Mettupalayam(Uzhavar Sandhai ) APMC,Bottle gourd,Bottle Gourd,Local,1000,1500,1250,31/03/2026
Tamil Nadu,Cuddalore,Viruthachalam(Uzhavar Sandhai ) APMC,Bottle gourd,Bottle Gourd,Local,2000,2500,2250,31/03/2026
Tamil Nadu,Erode,Periyar Nagar(Uzhavar Sandhai ) APMC,Bottle gourd,Bottle Gourd,Local,1000,1500,1250,31/03/2026
Tamil Nadu,Krishnagiri,Hosur(Uzhavar Sandhai ) APMC,Bottle gourd,Bottle Gourd,Local,1000,1500,1250,31/03/2026
Tamil Nadu,Madurai,Chokkikulam(Uzhavar Sandhai ) APMC,Bottle gourd,Bottle Gourd,Local,2400,2800,2600,31/03/2026
Tamil Nadu,Madurai,Usilampatti(Uzhavar Sandhai ) APMC,Bottle gourd,Bottle Gourd,Local,2000,2800,2400,31/03/2026
Tamil Nadu,Nagapattinam,Sirkali(Uzhavar Sandhai ) APMC,Bottle gourd,Bottle Gourd,Local,2500,3000,2750,31/03/2026
Tamil Nadu,Salem,Thathakapatti(Uzhavar Sandhai ) APMC,Bottle gourd,Bottle Gourd,Local,2000,2400,2200,31/03/2026
Tamil Nadu,Salem,Jalagandapuram(Uzhavar Sandhai ) APMC,Bottle gourd,Bottle Gourd,Local,1500,1800,1650,31/03/2026
Tamil Nadu,Salem,Edapadi (Uzhavar Sandhai ) APMC,Bottle gourd,Bottle Gourd,Local,1000,1500,1250,31/03/2026
Tamil Nadu,Sivaganga,Tirupatthur(Uzhavar Sandhai ) APMC,Bottle gourd,Bottle Gourd,Local,2500,3000,2750,31/03/2026
Tamil Nadu,Theni,Theni(Uzhavar Sandhai ) APMC,Bottle gourd,Bottle Gourd,Local,1000,1200,1100,31/03/2026
Tamil Nadu,Thiruvarur,Tiruthuraipoondi(Uzhavar Sandhai ) APMC,Bottle gourd,Bottle Gourd,Local,2000,2000,2000,31/03/2026
Tamil Nadu,Thiruvannamalai,Arani(Uzhavar Sandhai ) APMC,Bottle gourd,Bottle Gourd,Local,1600,2000,1800,31/03/2026
Tamil Nadu,Thirupur,Palladam(Uzhavar Sandhai ) APMC,Bottle gourd,Bottle Gourd,Local,1500,2000,1750,31/03/2026
Tamil Nadu,Salem,Ammapet(Uzhavar Sandhai ) APMC,Bottle gourd,Bottle Gourd,Local,1500,2000,1750,31/03/2026
Tamil Nadu,The Nilgiris,Coonoor(Uzhavar Sandhai ) APMC,Bottle gourd,Bottle Gourd,Local,1600,2000,1800,31/03/2026
Tamil Nadu,Virudhunagar,Srivilliputhur(Uzhavar Sandhai ) APMC,Bottle gourd,Bottle Gourd,Local,1500,2000,1750,31/03/2026
Tamil Nadu,Vellore,Pallikonda(Uzhavar Sandhai),Bottle gourd,Bottle Gourd,Local,1500,1500,1500,31/03/2026
Tamil Nadu,Pudukkottai,Ponnamaravathi(Uzhavar Sandhai),Bottle gourd,Bottle Gourd,Local,1000,1500,1250,31/03/2026
Tamil Nadu,Coimbatore,Sulur(Uzhavar Sandhai ) APMC,Bottle gourd,Bottle Gourd,Local,2300,2700,2500,31/03/2026
Tamil Nadu,Erode,Gobichettipalayam(Uzhavar Sandhai ) APMC,Bottle gourd,Bottle Gourd,Local,1000,1200,1100,31/03/2026
Tamil Nadu,Erode,Sathiyamagalam(Uzhavar Sandhai ) APMC,Bottle gourd,Bottle Gourd,Local,1000,1500,1250,31/03/2026
Tamil Nadu,Cuddalore,Cuddalore(Uzhavar Sandhai ) APMC,Bottle gourd,Bottle Gourd,Local,2000,2000,2000,31/03/2026
Tamil Nadu,Cuddalore,Panruti(Uzhavar Sandhai ) APMC,Bottle gourd,Bottle Gourd,Local,2000,2000,2000,31/03/2026
Tamil Nadu,Dharmapuri,Pennagaram(Uzhavar Sandhai ) APMC,Bottle gourd,Bottle Gourd,Local,2400,2500,2450,31/03/2026
Tamil Nadu,Kancheepuram,Kundrathur(Uzhavar Sandhai ) APMC,Bottle gourd,Bottle Gourd,Local,2500,2500,2500,31/03/2026
Tamil Nadu,Krishnagiri,Krishnagiri(Uzhavar Sandhai ) APMC,Bottle gourd,Bottle Gourd,Local,800,1000,900,31/03/2026
Tamil Nadu,Krishnagiri,Avallapalli(Uzhavar Sandhai ) APMC,Bottle gourd,Bottle Gourd,Local,1500,2000,1750,31/03/2026
Tamil Nadu,Madurai,Thirumangalam(Uzhavar Sandhai ) APMC,Bottle gourd,Bottle Gourd,Local,2000,2800,2400,31/03/2026
Tamil Nadu,Namakkal,Mohanur(Uzhavar Sandhai ) APMC,Bottle gourd,Bottle Gourd,Local,1000,1400,1200,31/03/2026
Tamil Nadu,Perambalur,Perambalur(Uzhavar Sandhai ) APMC,Bottle gourd,Bottle Gourd,Local,1400,1600,1500,31/03/2026
Tamil Nadu,Pudukkottai,Alangudi(Uzhavar Sandhai ) APMC,Bottle gourd,Bottle Gourd,Local,1000,1500,1250,31/03/2026
Tamil Nadu,Salem,Mettur(Uzhavar Sandhai ) APMC,Bottle gourd,Bottle Gourd,Local,1500,2000,1750,31/03/2026
Tamil Nadu,Salem,Hasthampatti(Uzhavar Sandhai ) APMC,Bottle gourd,Bottle Gourd,Local,1800,2000,1900,31/03/2026
Tamil Nadu,Theni,Kambam(Uzhavar Sandhai ) APMC,Bottle gourd,Bottle Gourd,Local,1200,1400,1300,31/03/2026
Tamil Nadu,Theni,Bodinayakanur(Uzhavar Sandhai ) APMC,Bottle gourd,Bottle Gourd,Local,1400,1400,1400,31/03/2026
Tamil Nadu,Thiruvannamalai,Polur(Uzhavar Sandhai ) APMC,Bottle gourd,Bottle Gourd,Local,1200,1500,1350,31/03/2026
Tamil Nadu,Thiruchirappalli,Musiri(Uzhavar Sandhai ) APMC,Bottle gourd,Bottle Gourd,Local,1500,2000,1750,31/03/2026
Tamil Nadu,Vellore,Kahithapattarai(Uzhavar Sandhai ) APMC,Bottle gourd,Bottle Gourd,Local,1500,1500,1500,31/03/2026
Tamil Nadu,Villupuram,Villupuram(Uzhavar Sandhai ) APMC,Bottle gourd,Bottle Gourd,Local,2000,2000,2000,31/03/2026
Tamil Nadu,Villupuram,Gingee(Uzhavar Sandhai ) APMC,Bottle gourd,Bottle Gourd,Local,2000,2000,2000,31/03/2026
Tamil Nadu,Thirupur,Dharapuram(Uzhavar Sandhai ) APMC,Bottle gourd,Bottle Gourd,Local,1000,1500,1250,31/03/2026
Tamil Nadu,Thirupur,Kangayam(Uzhavar Sandhai ) APMC,Bottle gourd,Bottle Gourd,Local,1200,1600,1400,31/03/2026
Tamil Nadu,Thirupathur,Natrampalli(Uzhavar Sandhai ) APMC,Bottle gourd,Bottle Gourd,Local,1500,2000,1750,31/03/2026
Tamil Nadu,Tenkasi,Sankarankoil(Uzhavar Sandhai ) APMC,Bottle gourd,Bottle Gourd,Local,1000,1000,1000,31/03/2026
Tamil Nadu,Kallakuruchi,Sankarapuram(Uzhavar Sandhai ) APMC,Bottle gourd,Bottle Gourd,Local,2000,2000,2000,31/03/2026
Tamil Nadu,Dharmapuri,Harur(Uzhavar Sandhai ) APMC,Bottle gourd,Bottle Gourd,Local,1400,1600,1500,31/03/2026
Tamil Nadu,The Nilgiris,Gudalur(Uzhavar Sandhai ) APMC,Bottle gourd,Bottle Gourd,Local,1800,2000,1900,31/03/2026
Tamil Nadu,Salem,Mecheri(Uzhavar Sandhai),Bottle gourd,Bottle Gourd,Local,1500,2000,1750,31/03/2026
Tamil Nadu,Salem,Thammampatti (Uzhavar Sandhai ) APMC,Bottle gourd,Bottle Gourd,Local,1000,1200,1100,31/03/2026
Tamil Nadu,Thiruvannamalai,Cheyyar(Uzhavar Sandhai ) APMC,Bottle gourd,Bottle Gourd,Local,1600,2000,1800,31/03/2026
Tamil Nadu,Namakkal,Tiruchengode APMC,Bottle gourd,Bottle Gourd,Local,1000,1200,1100,31/03/2026
Tamil Nadu,Thiruchirappalli,Thuraiyur APMC,Bottle gourd,Bottle Gourd,Local,1500,2000,1750,31/03/2026
Tamil Nadu,Coimbatore,RSPuram(Uzhavar Sandhai ) APMC,Bottle gourd,Bottle Gourd,Local,1800,2400,2100,31/03/2026
Tamil Nadu,Coimbatore,Singanallur(Uzhavar Sandhai ) APMC,Bottle gourd,Bottle Gourd,Local,2200,2700,2450,31/03/2026
Tamil Nadu,Coimbatore,Kurichi(Uzhavar Sandhai ) APMC,Bottle gourd,Bottle Gourd,Local,2000,2500,2250,31/03/2026
Tamil Nadu,Dharmapuri,Dharmapuri(Uzhavar Sandhai ) APMC,Bottle gourd,Bottle Gourd,Local,1500,1600,1550,31/03/2026
Tamil Nadu,Madurai,Palanganatham(Uzhavar Sandhai ) APMC,Bottle gourd,Bottle Gourd,Local,1800,2400,2100,31/03/2026
Tamil Nadu,Namakkal,Rasipuram(Uzhavar Sandhai ) APMC,Bottle gourd,Bottle Gourd,Local,1600,1800,1700,31/03/2026
Tamil Nadu,The Nilgiris,Udhagamandalam(Uzhavar Sandhai ) APMC,Bottle gourd,Bottle Gourd,Local,1500,2000,1750,31/03/2026
Tamil Nadu,Pudukkottai,Aranthangi(Uzhavar Sandhai ) APMC,Bottle gourd,Bottle Gourd,Local,1500,2000,1750,31/03/2026
Tamil Nadu,Salem,Attayampatti(Uzhavar Sandhai ) APMC,Bottle gourd,Bottle Gourd,Local,1500,1800,1650,31/03/2026
Tamil Nadu,Sivaganga,Singampunari(Uzhavar Sandhai ) APMC,Bottle gourd,Bottle Gourd,Local,2000,2500,2250,31/03/2026
Tamil Nadu,Theni,Devaram(Uzhavar Sandhai ) APMC,Bottle gourd,Bottle Gourd,Local,1400,1400,1400,31/03/2026
Tamil Nadu,Thiruvarur,Mannargudi I(Uzhavar Sandhai ) APMC,Bottle gourd,Bottle Gourd,Local,2000,2000,2000,31/03/2026
Tamil Nadu,Tuticorin,Kovilpatti(Uzhavar Sandhai ) APMC,Bottle gourd,Bottle Gourd,Local,2000,2500,2250,31/03/2026
Tamil Nadu,Thiruvannamalai,Tiruvannamalai(Uzhavar Sandhai ) APMC,Bottle gourd,Bottle Gourd,Local,1500,2000,1750,31/03/2026
Tamil Nadu,Thiruvannamalai,Tamarainagar(Uzhavar Sandhai ) APMC,Bottle gourd,Bottle Gourd,Local,1200,1500,1350,31/03/2026
Tamil Nadu,Thiruchirappalli,Manachanallur(Uzhavar Sandhai ) APMC,Bottle gourd,Bottle Gourd,Local,1500,2000,1750,31/03/2026
Tamil Nadu,Virudhunagar,Sivakasi(Uzhavar Sandhai ) APMC,Bottle gourd,Bottle Gourd,Local,2000,2500,2250,31/03/2026
Tamil Nadu,Thirupur,Tiruppur (North) (Uzhavar Sandhai ) APMC,Bottle gourd,Bottle Gourd,Local,1500,1800,1650,31/03/2026
Tamil Nadu,Kallakuruchi,Kallakurichi(Uzhavar Sandhai ) APMC,Bottle gourd,Bottle Gourd,Local,2000,2000,2000,31/03/2026
Tamil Nadu,Nagercoil (Kannyiakumari),Vadaseri APMC,Bottle gourd,Bottle Gourd,Local,1300,1500,1400,31/03/2026
Tamil Nadu,Theni,Andipatti(Uzhavar Sandhai ) APMC,Bottle gourd,Bottle Gourd,Local,1200,1500,1350,31/03/2026
Uttar Pradesh,Mau(Maunathbhanjan),Kopaganj APMC,Bitter gourd,Bitter Gourd,FAQ,2200,2200,2200,31/03/2026
Uttar Pradesh,Mau(Maunathbhanjan),Kopaganj APMC,Bottle gourd,Bottle Gourd,FAQ,1700,1700,1700,31/03/2026
Uttar Pradesh,Sambhal,Sambhal APMC,Bottle gourd,Bottle Gourd,FAQ,500,650,600,31/03/2026
Rajasthan,Jalore,Jalore APMC,Bitter gourd,Other,Local,2500,2800,2600,31/03/2026
Rajasthan,Jalore,Jalore APMC,Bottle gourd,Bottle Gourd,Local,800,1000,900,31/03/2026
Gujarat,Amreli,Damnagar APMC,Bottle gourd,Bottle Gourd,Local,2500,2500,2500,31/03/2026
Haryana,Rewari,Kosli APMC,Bottle gourd,Bottle Gourd,FAQ,2000,2000,2000,31/03/2026
Punjab,Moga,Baghapurana APMC,Bottle gourd,Other,Grade B,2000,2550,2200,31/03/2026
Odisha,Boudh,Boudh APMC,Bitter gourd,Other,Local,3500,4500,4000,31/03/2026
Odisha,Sundergarh,Panposh APMC,Bottle gourd,Other,FAQ,1800,2500,2000,31/03/2026
Kerala,Alappuzha,Harippad APMC,Bitter gourd,Other,FAQ,5000,5500,5000,31/03/2026
Kerala,Ernakulam,Perumbavoor APMC,Bitter gourd,Bitter Gourd,Medium,4000,5000,4500,31/03/2026
Kerala,Kottayam,Athirampuzha APMC,Bitter gourd,Bitter Gourd,FAQ,5500,5700,5600,31/03/2026
Kerala,Kollam,Kottarakkara APMC,Bitter gourd,Other,Local,7000,7500,7200,31/03/2026
Kerala,Kottayam,Pampady APMC,Bitter gourd,Bitter Gourd,FAQ,5500,6500,6000,31/03/2026
Kerala,Alappuzha,Harippad APMC,Bottle gourd,Other,FAQ,1500,2000,1500,31/03/2026
Kerala,Ernakulam,Perumbavoor APMC,Bottle gourd,Bottle Gourd,Medium,2500,3500,3000,31/03/2026
Kerala,Kollam,Kottarakkara APMC,Bottle gourd,Other,Local,2500,3000,2700,31/03/2026
Kerala,Kollam,Kottarakkara APMC,Little gourd(Kundru),Other,Local,5000,5500,5200,31/03/2026
Kerala,Ernakulam,Perumbavoor APMC,Little gourd(Kundru),Other,Medium,2500,3500,3000,31/03/2026
Kerala,Kottayam,Pampady APMC,Little gourd(Kundru),Other,FAQ,3000,4000,3500,31/03/2026
Tamil Nadu,Namakkal,Paramathivelur(Uzhavar Sandhai ) APMC,Bhindi(Ladies Finger),Bhindi,Local,5400,6000,5700,31/03/2026
Tamil Nadu,Coimbatore,Sundarapuram(Uzhavar Sandhai ) APMC,Bhindi(Ladies Finger),Bhindi,Local,6000,6800,6400,31/03/2026
Tamil Nadu,Dindigul,Palani(Uzhavar Sandhai ) APMC,Bhindi(Ladies Finger),Bhindi,Local,4000,4800,4400,31/03/2026
Tamil Nadu,Erode,Periyar Nagar(Uzhavar Sandhai ) APMC,Bhindi(Ladies Finger),Bhindi,Local,5600,6000,5800,31/03/2026
Tamil Nadu,Krishnagiri,Krishnagiri(Uzhavar Sandhai ) APMC,Bhindi(Ladies Finger),Bhindi,Local,3000,4000,3500,31/03/2026
Tamil Nadu,Madurai,Melur(Uzhavar Sandhai ) APMC,Bhindi(Ladies Finger),Bhindi,Local,5000,5500,5250,31/03/2026
Tamil Nadu,Pudukkottai,Pudukottai(Uzhavar Sandhai ) APMC,Bhindi(Ladies Finger),Bhindi,Local,4000,4500,4250,31/03/2026
Tamil Nadu,Salem,Edapadi (Uzhavar Sandhai ) APMC,Bhindi(Ladies Finger),Bhindi,Local,4500,5000,4750,31/03/2026
Tamil Nadu,Sivaganga,Tirupatthur(Uzhavar Sandhai ) APMC,Bhindi(Ladies Finger),Bhindi,Local,5500,6000,5750,31/03/2026
Tamil Nadu,Villupuram,Villupuram(Uzhavar Sandhai ) APMC,Bhindi(Ladies Finger),Bhindi,Local,4000,4000,4000,31/03/2026
Tamil Nadu,Virudhunagar,Virudhunagar(Uzhavar Sandhai ) APMC,Bhindi(Ladies Finger),Bhindi,Local,3800,4000,3900,31/03/2026
Tamil Nadu,Thirupur,Palladam(Uzhavar Sandhai ) APMC,Bhindi(Ladies Finger),Bhindi,Local,5000,6000,5500,31/03/2026
Tamil Nadu,Thirupur,Tiruppur (North) (Uzhavar Sandhai ) APMC,Bhindi(Ladies Finger),Bhindi,Local,5500,6000,5750,31/03/2026
Tamil Nadu,Salem,Athur(Uzhavar Sandhai ) APMC,Bhindi(Ladies Finger),Bhindi,Local,4500,5000,4750,31/03/2026
Tamil Nadu,Theni,Periyakulam(Uzhavar Sandhai ) APMC,Bhindi(Ladies Finger),Bhindi,Local,4600,4800,4700,31/03/2026
Tamil Nadu,Dharmapuri,Harur(Uzhavar Sandhai ) APMC,Bhindi(Ladies Finger),Bhindi,Local,4000,4400,4200,31/03/2026
Tamil Nadu,Krishnagiri,Kaveripattinam(Uzhavar Sandhai ) APMC,Bhindi(Ladies Finger),Bhindi,Local,4000,4000,4000,31/03/2026
Tamil Nadu,Pudukkottai,Ponnamaravathi(Uzhavar Sandhai),Bhindi(Ladies Finger),Bhindi,Local,3500,4000,3750,31/03/2026
Tamil Nadu,Salem,Thammampatti (Uzhavar Sandhai ) APMC,Bhindi(Ladies Finger),Bhindi,Local,4500,5000,4750,31/03/2026
Tamil Nadu,Villupuram,Tindivanam APMC,Bhindi(Ladies Finger),Bhindi,Local,3500,3500,3500,31/03/2026
Tamil Nadu,Ariyalur,Ariyalur(Uzhavar Sandhai) APMC,Bhindi(Ladies Finger),Bhindi,Local,3000,3400,3200,31/03/2026
Tamil Nadu,Coimbatore,Singanallur(Uzhavar Sandhai ) APMC,Bhindi(Ladies Finger),Bhindi,Local,5500,6200,5850,31/03/2026
Tamil Nadu,Coimbatore,Kurichi(Uzhavar Sandhai ) APMC,Bhindi(Ladies Finger),Bhindi,Local,6000,6500,6250,31/03/2026
Tamil Nadu,Cuddalore,Panruti(Uzhavar Sandhai ) APMC,Bhindi(Ladies Finger),Bhindi,Local,4000,4000,4000,31/03/2026
Tamil Nadu,Cuddalore,Vadalur(Uzhavar Sandhai ) APMC,Bhindi(Ladies Finger),Bhindi,Local,4000,4000,4000,31/03/2026
Tamil Nadu,Erode,Thalavadi(Uzhavar Sandhai ) APMC,Bhindi(Ladies Finger),Bhindi,Local,4500,5000,4750,31/03/2026
Tamil Nadu,Namakkal,Namakkal(Uzhavar Sandhai ) APMC,Bhindi(Ladies Finger),Bhindi,Local,5000,5400,5200,31/03/2026
Tamil Nadu,Perambalur,Perambalur(Uzhavar Sandhai ) APMC,Bhindi(Ladies Finger),Bhindi,Local,4800,5200,5000,31/03/2026
Tamil Nadu,Salem,Mettur(Uzhavar Sandhai ) APMC,Bhindi(Ladies Finger),Bhindi,Local,4500,5000,4750,31/03/2026
Tamil Nadu,Salem,Jalagandapuram(Uzhavar Sandhai ) APMC,Bhindi(Ladies Finger),Bhindi,Local,4800,5000,4900,31/03/2026
Tamil Nadu,Theni,Theni(Uzhavar Sandhai ) APMC,Bhindi(Ladies Finger),Bhindi,Local,4500,4800,4650,31/03/2026
Tamil Nadu,Theni,Kambam(Uzhavar Sandhai ) APMC,Bhindi(Ladies Finger),Bhindi,Local,4200,4500,4350,31/03/2026
Tamil Nadu,Thirunelveli,Melapalayam(Uzhavar Sandhai ) APMC,Bhindi(Ladies Finger),Bhindi,Local,3500,3800,3650,31/03/2026
Tamil Nadu,Thiruvarur,Mannargudi I(Uzhavar Sandhai ) APMC,Bhindi(Ladies Finger),Bhindi,Local,4000,4000,4000,31/03/2026
Tamil Nadu,Villupuram,Gingee(Uzhavar Sandhai ) APMC,Bhindi(Ladies Finger),Bhindi,Local,5000,5000,5000,31/03/2026
Tamil Nadu,Virudhunagar,Sivakasi(Uzhavar Sandhai ) APMC,Bhindi(Ladies Finger),Bhindi,Local,4500,5000,4750,31/03/2026
Tamil Nadu,Kallakuruchi,Sankarapuram(Uzhavar Sandhai ) APMC,Bhindi(Ladies Finger),Bhindi,Local,5000,5000,5000,31/03/2026
Tamil Nadu,The Nilgiris,Gudalur(Uzhavar Sandhai ) APMC,Bhindi(Ladies Finger),Bhindi,Local,5500,6000,5750,31/03/2026
Tamil Nadu,Salem,Mecheri(Uzhavar Sandhai),Bhindi(Ladies Finger),Bhindi,Local,5000,5500,5250,31/03/2026
Tamil Nadu,Vellore,Perampet(Uzhavar Sandhai),Bhindi(Ladies Finger),Bhindi,Local,3600,3600,3600,31/03/2026
Tamil Nadu,Erode,Gobichettipalayam(Uzhavar Sandhai ) APMC,Bhindi(Ladies Finger),Bhindi,Local,6000,6500,6250,31/03/2026
Tamil Nadu,Thiruchirappalli,Thuraiyur APMC,Bhindi(Ladies Finger),Bhindi,Local,5600,6600,6100,31/03/2026
Tamil Nadu,Dharmapuri,Dharmapuri(Uzhavar Sandhai ) APMC,Bhindi(Ladies Finger),Bhindi,Local,4200,4500,4350,31/03/2026
Tamil Nadu,Dharmapuri,Palacode(Uzhavar Sandhai ) APMC,Bhindi(Ladies Finger),Bhindi,Local,3800,4000,3900,31/03/2026
Tamil Nadu,Karur,Pallapatti (Uzhavar Sandhai ) APMC,Bhindi(Ladies Finger),Bhindi,Local,5500,6000,5750,31/03/2026
Tamil Nadu,Karur,Vengamedu(Uzhavar Sandhai ) APMC,Bhindi(Ladies Finger),Bhindi,Local,5500,6000,5750,31/03/2026
Tamil Nadu,Madurai,Chokkikulam(Uzhavar Sandhai ) APMC,Bhindi(Ladies Finger),Bhindi,Local,5000,5500,5250,31/03/2026
Tamil Nadu,The Nilgiris,Udhagamandalam(Uzhavar Sandhai ) APMC,Bhindi(Ladies Finger),Bhindi,Local,5500,6000,5750,31/03/2026
Tamil Nadu,Salem,Thathakapatti(Uzhavar Sandhai ) APMC,Bhindi(Ladies Finger),Bhindi,Local,5000,5400,5200,31/03/2026
Tamil Nadu,Salem,Hasthampatti(Uzhavar Sandhai ) APMC,Bhindi(Ladies Finger),Bhindi,Local,5000,5400,5200,31/03/2026
Tamil Nadu,Thirunelveli,Ambasamudram(Uzhavar Sandhai ) APMC,Bhindi(Ladies Finger),Bhindi,Local,3000,3800,3400,31/03/2026
Tamil Nadu,Thiruvannamalai,Tamarainagar(Uzhavar Sandhai ) APMC,Bhindi(Ladies Finger),Bhindi,Local,3000,3600,3300,31/03/2026
Tamil Nadu,Thiruchirappalli,Manachanallur(Uzhavar Sandhai ) APMC,Bhindi(Ladies Finger),Bhindi,Local,6000,6000,6000,31/03/2026
Tamil Nadu,Virudhunagar,Aruppukottai(Uzhavar Sandhai ) APMC,Bhindi(Ladies Finger),Bhindi,Local,3500,4000,3750,31/03/2026
Tamil Nadu,Virudhunagar,Thalavaipuram(Uzhavar Sandhai ) APMC,Bhindi(Ladies Finger),Bhindi,Local,3500,4000,3750,31/03/2026
Tamil Nadu,Nagercoil (Kannyiakumari),Myladi(Uzhavar Sandhai ) APMC,Bhindi(Ladies Finger),Bhindi,Local,5000,6000,5500,31/03/2026
Tamil Nadu,Thirupur,Dharapuram(Uzhavar Sandhai ) APMC,Bhindi(Ladies Finger),Bhindi,Local,5000,6000,5500,31/03/2026
Tamil Nadu,Kallakuruchi,Kallakurichi(Uzhavar Sandhai ) APMC,Bhindi(Ladies Finger),Bhindi,Local,5000,5000,5000,31/03/2026
Tamil Nadu,Nagercoil (Kannyiakumari),Vadaseri APMC,Bhindi(Ladies Finger),Bhindi,Local,5500,6000,5750,31/03/2026
Tamil Nadu,Vellore,Thirupathur APMC,Bhindi(Ladies Finger),Bhindi,Local,5000,5000,5000,31/03/2026
Tamil Nadu,Virudhunagar,Srivilliputhur(Uzhavar Sandhai ) APMC,Bhindi(Ladies Finger),Bhindi,Local,3500,4000,3750,31/03/2026
Tamil Nadu,Pudukkottai,Gandarvakottai(Uzhavar Sandhai ) APMC,Bhindi(Ladies Finger),Bhindi,Local,3500,4000,3750,31/03/2026
Tamil Nadu,Thiruvarur,Tiruvarur(Uzhavar Sandhai ) APMC,Bhindi(Ladies Finger),Bhindi,Local,4000,4000,4000,31/03/2026
Tamil Nadu,Erode,Sathiyamagalam(Uzhavar Sandhai ) APMC,Bhindi(Ladies Finger),Bhindi,Local,2500,3000,2750,31/03/2026
Tamil Nadu,Coimbatore,RSPuram(Uzhavar Sandhai ) APMC,Bhindi(Ladies Finger),Bhindi,Local,5500,6000,5750,31/03/2026
Tamil Nadu,Coimbatore,Mettupalayam(Uzhavar Sandhai ) APMC,Bhindi(Ladies Finger),Bhindi,Local,4500,5000,4750,31/03/2026
Tamil Nadu,Erode,Perundurai(Uzhavar Sandhai ) APMC,Bhindi(Ladies Finger),Bhindi,Local,5400,5600,5500,31/03/2026
Tamil Nadu,Karur,Velayuthampalayam(Uzhavar Sandhai ) APMC,Bhindi(Ladies Finger),Bhindi,Local,5200,6000,5600,31/03/2026
Tamil Nadu,Krishnagiri,Avallapalli(Uzhavar Sandhai ) APMC,Bhindi(Ladies Finger),Bhindi,Local,5000,6000,5500,31/03/2026
Tamil Nadu,Madurai,Palanganatham(Uzhavar Sandhai ) APMC,Bhindi(Ladies Finger),Bhindi,Local,5000,5500,5250,31/03/2026
Tamil Nadu,Madurai,Thirumangalam(Uzhavar Sandhai ) APMC,Bhindi(Ladies Finger),Bhindi,Local,5000,5500,5250,31/03/2026
Tamil Nadu,Nagapattinam,Sirkali(Uzhavar Sandhai ) APMC,Bhindi(Ladies Finger),Bhindi,Local,4500,5000,4750,31/03/2026
Tamil Nadu,Pudukkottai,Alangudi(Uzhavar Sandhai ) APMC,Bhindi(Ladies Finger),Bhindi,Local,3500,4000,3750,31/03/2026
Tamil Nadu,Ramanathapuram,Paramakudi(Uzhavar Sandhai ) APMC,Bhindi(Ladies Finger),Bhindi,Local,4500,5000,4750,31/03/2026
Tamil Nadu,Salem,Elampillai(Uzhavar Sandhai ) APMC,Bhindi(Ladies Finger),Bhindi,Local,5000,5400,5200,31/03/2026
Tamil Nadu,Sivaganga,Singampunari(Uzhavar Sandhai ) APMC,Bhindi(Ladies Finger),Bhindi,Local,5500,5500,5500,31/03/2026
Tamil Nadu,Thanjavur,Pattukottai(Uzhavar Sandhai ) APMC,Bhindi(Ladies Finger),Bhindi,Local,5400,5400,5400,31/03/2026
Tamil Nadu,Theni,Devaram(Uzhavar Sandhai ) APMC,Bhindi(Ladies Finger),Bhindi,Local,4000,4000,4000,31/03/2026
Tamil Nadu,Thiruvarur,Mannargudi II(Uzhavar Sandhai ) APMC,Bhindi(Ladies Finger),Bhindi,Local,4000,4000,4000,31/03/2026
Tamil Nadu,Tuticorin,Kovilpatti(Uzhavar Sandhai ) APMC,Bhindi(Ladies Finger),Bhindi,Local,4500,5000,4750,31/03/2026
Tamil Nadu,Thiruvannamalai,Tiruvannamalai(Uzhavar Sandhai ) APMC,Bhindi(Ladies Finger),Bhindi,Local,3600,4000,3800,31/03/2026
Tamil Nadu,Thiruvannamalai,Arani(Uzhavar Sandhai ) APMC,Bhindi(Ladies Finger),Bhindi,Local,3000,4000,3500,31/03/2026
Tamil Nadu,Thiruchirappalli,Thiruverumbur(Uzhavar Sandhai ) APMC,Bhindi(Ladies Finger),Bhindi,Local,6000,6000,6000,31/03/2026
Tamil Nadu,Vellore,Kahithapattarai(Uzhavar Sandhai ) APMC,Bhindi(Ladies Finger),Bhindi,Local,3600,4000,3800,31/03/2026
Tamil Nadu,Virudhunagar,Kariyapatti(Uzhavar Sandhai ) APMC,Bhindi(Ladies Finger),Bhindi,Local,4000,4500,4250,31/03/2026
Tamil Nadu,Thirupur,Kangayam(Uzhavar Sandhai ) APMC,Bhindi(Ladies Finger),Bhindi,Local,6600,7600,7100,31/03/2026
Tamil Nadu,Tenkasi,Sankarankoil(Uzhavar Sandhai ) APMC,Bhindi(Ladies Finger),Bhindi,Local,5000,5000,5000,31/03/2026
Tamil Nadu,The Nilgiris,Coonoor(Uzhavar Sandhai ) APMC,Bhindi(Ladies Finger),Bhindi,Local,5500,6000,5750,31/03/2026
Tamil Nadu,Dharmapuri,Karimangalam(Uzhavar Sandhai),Bhindi(Ladies Finger),Bhindi,Local,4000,4500,4250,31/03/2026
Tamil Nadu,Vellore,Pallikonda(Uzhavar Sandhai),Bhindi(Ladies Finger),Bhindi,Local,4000,4000,4000,31/03/2026
Tamil Nadu,Karur,Gandhigramam(Uzhavar Sandhai),Bhindi(Ladies Finger),Bhindi,Local,5500,6000,5750,31/03/2026
Tamil Nadu,Coimbatore,Sulur(Uzhavar Sandhai ) APMC,Bhindi(Ladies Finger),Bhindi,Local,5600,6200,5900,31/03/2026
Tamil Nadu,Nagapattinam,Mayiladuthurai(Uzhavar Sandhai ) APMC,Bhindi(Ladies Finger),Bhindi,Local,4500,5000,4750,31/03/2026
Tamil Nadu,Villupuram,Ulundurpettai APMC,Bhindi(Ladies Finger),Bhindi,Local,4000,4000,4000,31/03/2026
Tamil Nadu,Thiruvannamalai,Cheyyar(Uzhavar Sandhai ) APMC,Bhindi(Ladies Finger),Bhindi,Local,3500,4000,3750,31/03/2026
Tamil Nadu,Namakkal,Tiruchengode APMC,Bhindi(Ladies Finger),Bhindi,Local,5400,6000,5700,31/03/2026
Tamil Nadu,Cuddalore,Cuddalore(Uzhavar Sandhai ) APMC,Bhindi(Ladies Finger),Bhindi,Local,4500,4500,4500,31/03/2026
Tamil Nadu,Cuddalore,Viruthachalam(Uzhavar Sandhai ) APMC,Bhindi(Ladies Finger),Bhindi,Local,4000,4000,4000,31/03/2026
Tamil Nadu,Dharmapuri,Pennagaram(Uzhavar Sandhai ) APMC,Bhindi(Ladies Finger),Bhindi,Local,4200,4500,4350,31/03/2026
Tamil Nadu,Kancheepuram,Kundrathur(Uzhavar Sandhai ) APMC,Bhindi(Ladies Finger),Bhindi,Local,3500,3500,3500,31/03/2026
Tamil Nadu,Krishnagiri,Hosur(Uzhavar Sandhai ) APMC,Bhindi(Ladies Finger),Bhindi,Local,5000,6000,5500,31/03/2026
Tamil Nadu,Madurai,Usilampatti(Uzhavar Sandhai ) APMC,Bhindi(Ladies Finger),Bhindi,Local,5000,5500,5250,31/03/2026
Tamil Nadu,Namakkal,Rasipuram(Uzhavar Sandhai ) APMC,Bhindi(Ladies Finger),Bhindi,Local,4800,5200,5000,31/03/2026
Tamil Nadu,Namakkal,Kumarapalayam(Uzhavar Sandhai ) APMC,Bhindi(Ladies Finger),Bhindi,Local,4700,5200,4950,31/03/2026
Tamil Nadu,Namakkal,Mohanur(Uzhavar Sandhai ) APMC,Bhindi(Ladies Finger),Bhindi,Local,4800,5600,5200,31/03/2026
Tamil Nadu,Pudukkottai,Aranthangi(Uzhavar Sandhai ) APMC,Bhindi(Ladies Finger),Bhindi,Local,4500,5000,4750,31/03/2026
Tamil Nadu,Ramanathapuram,Kamuthi(Uzhavar Sandhai ) APMC,Bhindi(Ladies Finger),Bhindi,Local,4000,4000,4000,31/03/2026
Tamil Nadu,Salem,Attayampatti(Uzhavar Sandhai ) APMC,Bhindi(Ladies Finger),Bhindi,Local,5000,5200,5100,31/03/2026
Tamil Nadu,Sivaganga,Karaikudi(Uzhavar Sandhai ) APMC,Bhindi(Ladies Finger),Bhindi,Local,5400,5800,5600,31/03/2026
Tamil Nadu,Theni,Bodinayakanur(Uzhavar Sandhai ) APMC,Bhindi(Ladies Finger),Bhindi,Local,4600,4600,4600,31/03/2026
Tamil Nadu,Theni,Chinnamanur(Uzhavar Sandhai ) APMC,Bhindi(Ladies Finger),Bhindi,Local,4000,4000,4000,31/03/2026
Tamil Nadu,Thirunelveli,Palayamkottai(Uzhavar Sandhai ) APMC,Bhindi(Ladies Finger),Bhindi,Local,3600,3800,3700,31/03/2026
Tamil Nadu,Thiruvarur,Tiruthuraipoondi(Uzhavar Sandhai ) APMC,Bhindi(Ladies Finger),Bhindi,Local,4000,4000,4000,31/03/2026
Tamil Nadu,Thiruvannamalai,Polur(Uzhavar Sandhai ) APMC,Bhindi(Ladies Finger),Bhindi,Local,3500,4000,3750,31/03/2026
Tamil Nadu,Thiruvannamalai,Vandavasi(Uzhavar Sandhai ) APMC,Bhindi(Ladies Finger),Bhindi,Local,3500,4000,3750,31/03/2026
Tamil Nadu,Thiruchirappalli,Musiri(Uzhavar Sandhai ) APMC,Bhindi(Ladies Finger),Bhindi,Local,6000,6500,6250,31/03/2026
Tamil Nadu,Ranipet,Arcot(Uzhavar Sandhai ) APMC,Bhindi(Ladies Finger),Bhindi,Local,3600,3600,3600,31/03/2026
Tamil Nadu,Thirupur,Tiruppur (South) (Uzhavar Sandhai ) APMC,Bhindi(Ladies Finger),Bhindi,Local,4500,6000,5250,31/03/2026
Tamil Nadu,Thirupathur,Natrampalli(Uzhavar Sandhai ) APMC,Bhindi(Ladies Finger),Bhindi,Local,3000,4000,3500,31/03/2026
Tamil Nadu,Pudukkottai,Karambakkudi(Uzhavar Sandhai ) APMC,Bhindi(Ladies Finger),Bhindi,Local,3500,4000,3750,31/03/2026
Tamil Nadu,Salem,Ammapet(Uzhavar Sandhai ) APMC,Bhindi(Ladies Finger),Bhindi,Local,5000,5400,5200,31/03/2026
Tamil Nadu,Theni,Andipatti(Uzhavar Sandhai ) APMC,Bhindi(Ladies Finger),Bhindi,Local,4400,4800,4600,31/03/2026
Rajasthan,Jalore,Jalore APMC,Bhindi(Ladies Finger),Bhindi,Local,1500,2000,1800,31/03/2026
Gujarat,Amreli,Damnagar APMC,Bhindi(Ladies Finger),Bhindi,Local,3500,3500,3500,31/03/2026
Odisha,Sundergarh,Panposh APMC,Bhindi(Ladies Finger),Other,FAQ,4500,5200,5000,31/03/2026
Odisha,Boudh,Boudh APMC,Bhindi(Ladies Finger),Other,Local,4000,5000,4500,31/03/2026
Kerala,Kottayam,Pampady APMC,Bhindi(Ladies Finger),Bhindi,FAQ,4500,5500,5000,31/03/2026
Kerala,Ernakulam,Perumbavoor APMC,Bhindi(Ladies Finger),Bhindi,Medium,4500,5500,5000,31/03/2026
Kerala,Kollam,Kottarakkara APMC,Bhindi(Ladies Finger),Other,Local,3200,3500,3300,31/03/2026
Kerala,Alappuzha,Harippad APMC,Bhindi(Ladies Finger),Other,FAQ,4000,4500,4000,31/03/2026
Kerala,Kottayam,Athirampuzha APMC,Bhindi(Ladies Finger),Bhindi,FAQ,5500,5700,5600,31/03/2026
Tamil Nadu,Salem,Mecheri(Uzhavar Sandhai),Banana,Poovan,Local,3500,4000,3750,31/03/2026
Tamil Nadu,Karur,Gandhigramam(Uzhavar Sandhai),Banana,Other,Local,5000,6000,5500,31/03/2026
Tamil Nadu,Namakkal,Paramathivelur(Uzhavar Sandhai ) APMC,Banana,Karpura,Local,3000,3500,3250,31/03/2026
Tamil Nadu,Thiruchirappalli,Thuraiyur APMC,Banana,Besrai,Local,4000,5000,4500,31/03/2026
Tamil Nadu,Dharmapuri,Pennagaram(Uzhavar Sandhai ) APMC,Banana,Besrai,Local,4700,5000,4850,31/03/2026
Tamil Nadu,Dindigul,Palani(Uzhavar Sandhai ) APMC,Banana,Poovan,Local,5000,5000,5000,31/03/2026
Tamil Nadu,Karur,Velayuthampalayam(Uzhavar Sandhai ) APMC,Banana,Karpura,Local,4000,5000,4500,31/03/2026
Tamil Nadu,Krishnagiri,Hosur(Uzhavar Sandhai ) APMC,Banana,Red Banana,Local,7500,8000,7750,31/03/2026
Tamil Nadu,Madurai,Palanganatham(Uzhavar Sandhai ) APMC,Banana,Other,Local,3000,4000,3500,31/03/2026
Tamil Nadu,Pudukkottai,Pudukottai(Uzhavar Sandhai ) APMC,Banana,Red Banana,Local,9000,10000,9500,31/03/2026
Tamil Nadu,Salem,Jalagandapuram(Uzhavar Sandhai ) APMC,Banana,Karpura,Local,3500,4000,3750,31/03/2026
Tamil Nadu,Theni,Bodinayakanur(Uzhavar Sandhai ) APMC,Banana,Poovan,Local,5000,5000,5000,31/03/2026
Tamil Nadu,Thiruvarur,Mannargudi I(Uzhavar Sandhai ) APMC,Banana,Other,Local,7000,7000,7000,31/03/2026
Tamil Nadu,Thiruvannamalai,Arani(Uzhavar Sandhai ) APMC,Banana,Karpura,Local,4000,5000,4500,31/03/2026
Tamil Nadu,Thirupur,Palladam(Uzhavar Sandhai ) APMC,Banana,Nendra Bale,Local,3000,4000,3500,31/03/2026
Tamil Nadu,Kallakuruchi,Kallakurichi(Uzhavar Sandhai ) APMC,Banana,Karpura,Local,4000,4000,4000,31/03/2026
Tamil Nadu,Pudukkottai,Karambakkudi(Uzhavar Sandhai ) APMC,Banana,Other,Local,7000,8000,7500,31/03/2026
Tamil Nadu,Salem,Ammapet(Uzhavar Sandhai ) APMC,Banana,Karpura,Local,3500,4000,3750,31/03/2026
Tamil Nadu,Krishnagiri,Kaveripattinam(Uzhavar Sandhai ) APMC,Banana,Besrai,Local,4000,7000,5500,31/03/2026
Tamil Nadu,The Nilgiris,Coonoor(Uzhavar Sandhai ) APMC,Banana,Karpura,Local,5000,5500,5250,31/03/2026
Tamil Nadu,Vellore,Pallikonda(Uzhavar Sandhai),Banana,Besrai,Local,5000,6000,5500,31/03/2026
Tamil Nadu,Vellore,Perampet(Uzhavar Sandhai),Banana,Karpura,Local,4000,5000,4500,31/03/2026
Tamil Nadu,Coimbatore,Sulur(Uzhavar Sandhai ) APMC,Banana,Besrai,Local,5000,7000,6000,31/03/2026
Tamil Nadu,Thiruvarur,Tiruvarur(Uzhavar Sandhai ) APMC,Banana,Poovan,Local,5000,5000,5000,31/03/2026
Tamil Nadu,Villupuram,Tindivanam APMC,Banana,Karpura,Local,6000,6000,6000,31/03/2026
Tamil Nadu,Villupuram,Ulundurpettai APMC,Banana,Besrai,Local,3000,4000,3500,31/03/2026
Tamil Nadu,Coimbatore,Sundarapuram(Uzhavar Sandhai ) APMC,Banana,Red Banana,Local,5000,6000,5500,31/03/2026
Tamil Nadu,Cuddalore,Panruti(Uzhavar Sandhai ) APMC,Banana,Besrai,Local,5000,8000,6500,31/03/2026
Tamil Nadu,Dharmapuri,Dharmapuri(Uzhavar Sandhai ) APMC,Banana,Besrai,Local,3800,4000,3900,31/03/2026
Tamil Nadu,Erode,Periyar Nagar(Uzhavar Sandhai ) APMC,Banana,Besrai,Local,2000,2400,2200,31/03/2026
Tamil Nadu,Erode,Perundurai(Uzhavar Sandhai ) APMC,Banana,Karpura,Local,2800,3200,3000,31/03/2026
Tamil Nadu,Karur,Pallapatti (Uzhavar Sandhai ) APMC,Banana,Karpura,Local,4500,5000,4750,31/03/2026
Tamil Nadu,Madurai,Melur(Uzhavar Sandhai ) APMC,Banana,Besrai,Local,3000,4000,3500,31/03/2026
Tamil Nadu,Pudukkottai,Alangudi(Uzhavar Sandhai ) APMC,Banana,Poovan,Local,4500,5000,4750,31/03/2026
Tamil Nadu,Sivaganga,Tirupatthur(Uzhavar Sandhai ) APMC,Banana,Karpura,Local,4000,4000,4000,31/03/2026
Tamil Nadu,Theni,Chinnamanur(Uzhavar Sandhai ) APMC,Banana,Red Banana,Local,5000,5000,5000,31/03/2026
Tamil Nadu,Thiruvannamalai,Vandavasi(Uzhavar Sandhai ) APMC,Banana,Karpura,Local,4000,5000,4500,31/03/2026
Tamil Nadu,Virudhunagar,Kariyapatti(Uzhavar Sandhai ) APMC,Banana,Besrai,Local,3500,4000,3750,31/03/2026
Tamil Nadu,Virudhunagar,Thalavaipuram(Uzhavar Sandhai ) APMC,Banana,Besrai,Local,3500,4000,3750,31/03/2026
Tamil Nadu,Nagercoil (Kannyiakumari),Myladi(Uzhavar Sandhai ) APMC,Banana,Besrai,Local,3500,4000,3750,31/03/2026
Tamil Nadu,Virudhunagar,Srivilliputhur(Uzhavar Sandhai ) APMC,Banana,Besrai,Local,3500,4000,3750,31/03/2026
Tamil Nadu,Nagapattinam,Mayiladuthurai(Uzhavar Sandhai ) APMC,Banana,Besrai,Local,3500,4000,3750,31/03/2026
Tamil Nadu,Coimbatore,Mettupalayam(Uzhavar Sandhai ) APMC,Banana,Besrai,Local,3000,7000,5000,31/03/2026
Tamil Nadu,Cuddalore,Viruthachalam(Uzhavar Sandhai ) APMC,Banana,Besrai,Local,3500,7000,5250,31/03/2026
Tamil Nadu,Dharmapuri,Palacode(Uzhavar Sandhai ) APMC,Banana,Poovan,Local,4000,4500,4250,31/03/2026
Tamil Nadu,Kancheepuram,Kundrathur(Uzhavar Sandhai ) APMC,Banana,Karpura,Local,4000,5000,4500,31/03/2026
Tamil Nadu,Krishnagiri,Krishnagiri(Uzhavar Sandhai ) APMC,Banana,Besrai,Local,4000,5000,4500,31/03/2026
Tamil Nadu,Madurai,Thirumangalam(Uzhavar Sandhai ) APMC,Banana,Besrai,Local,3000,4000,3500,31/03/2026
Tamil Nadu,Namakkal,Namakkal(Uzhavar Sandhai ) APMC,Banana,Poovan,Local,2500,3000,2750,31/03/2026
Tamil Nadu,Namakkal,Mohanur(Uzhavar Sandhai ) APMC,Banana,Red Banana,Local,5000,6600,5800,31/03/2026
Tamil Nadu,Perambalur,Perambalur(Uzhavar Sandhai ) APMC,Banana,Poovan,Local,4000,5000,4500,31/03/2026
Tamil Nadu,Ramanathapuram,Paramakudi(Uzhavar Sandhai ) APMC,Banana,Besrai,Local,4500,5000,4750,31/03/2026
Tamil Nadu,Salem,Edapadi (Uzhavar Sandhai ) APMC,Banana,Karpura,Local,4000,4500,4250,31/03/2026
Tamil Nadu,Thirunelveli,Ambasamudram(Uzhavar Sandhai ) APMC,Banana,Besrai,Local,5000,6000,5500,31/03/2026
Tamil Nadu,Tuticorin,Kovilpatti(Uzhavar Sandhai ) APMC,Banana,Other,Local,2500,3000,2750,31/03/2026
Tamil Nadu,Thiruvannamalai,Tiruvannamalai(Uzhavar Sandhai ) APMC,Banana,Besrai,Local,4000,5000,4500,31/03/2026
Tamil Nadu,Villupuram,Gingee(Uzhavar Sandhai ) APMC,Banana,Karpura,Local,5000,5000,5000,31/03/2026
Tamil Nadu,Thirupur,Tiruppur (South) (Uzhavar Sandhai ) APMC,Banana,Karpura,Local,4000,5000,4500,31/03/2026
Tamil Nadu,Thirupur,Dharapuram(Uzhavar Sandhai ) APMC,Banana,Besrai,Local,3500,4000,3750,31/03/2026
Tamil Nadu,Tenkasi,Sankarankoil(Uzhavar Sandhai ) APMC,Banana,Besrai,Local,5000,5000,5000,31/03/2026
Tamil Nadu,Nagercoil (Kannyiakumari),Vadaseri APMC,Banana,Besrai,Local,3500,4000,3750,31/03/2026
Tamil Nadu,Theni,Andipatti(Uzhavar Sandhai ) APMC,Banana,Besrai,Local,5000,6000,5500,31/03/2026
Tamil Nadu,Salem,Thammampatti (Uzhavar Sandhai ) APMC,Banana,Karpura,Local,3000,3500,3250,31/03/2026
Tamil Nadu,Coimbatore,RSPuram(Uzhavar Sandhai ) APMC,Banana,Red Banana,Local,5500,6000,5750,31/03/2026
Tamil Nadu,Coimbatore,Singanallur(Uzhavar Sandhai ) APMC,Banana,Red Banana,Local,6500,7000,6750,31/03/2026
Tamil Nadu,Karur,Vengamedu(Uzhavar Sandhai ) APMC,Banana,Red Banana,Local,5000,6000,5500,31/03/2026
Tamil Nadu,Namakkal,Kumarapalayam(Uzhavar Sandhai ) APMC,Banana,Besrai,Local,3500,4000,3750,31/03/2026
Tamil Nadu,Pudukkottai,Aranthangi(Uzhavar Sandhai ) APMC,Banana,Karpura,Local,4500,5000,4750,31/03/2026
Tamil Nadu,Salem,Thathakapatti(Uzhavar Sandhai ) APMC,Banana,Karpura,Local,4000,4500,4250,31/03/2026
Tamil Nadu,Salem,Mettur(Uzhavar Sandhai ) APMC,Banana,Red Banana,Local,5500,6000,5750,31/03/2026
Tamil Nadu,Salem,Attayampatti(Uzhavar Sandhai ) APMC,Banana,Besrai,Local,6000,7500,6750,31/03/2026
Tamil Nadu,Thanjavur,Pattukottai(Uzhavar Sandhai ) APMC,Banana,Besrai,Local,3500,3500,3500,31/03/2026
Tamil Nadu,Theni,Kambam(Uzhavar Sandhai ) APMC,Banana,Red Banana,Local,5000,5000,5000,31/03/2026
Tamil Nadu,Thiruvarur,Tiruthuraipoondi(Uzhavar Sandhai ) APMC,Banana,Besrai,Local,4000,4000,4000,31/03/2026
Tamil Nadu,Thiruvarur,Mannargudi II(Uzhavar Sandhai ) APMC,Banana,Karpura,Local,4000,4000,4000,31/03/2026
Tamil Nadu,Thiruvannamalai,Polur(Uzhavar Sandhai ) APMC,Banana,Besrai,Local,4000,5000,4500,31/03/2026
Tamil Nadu,Thiruchirappalli,Musiri(Uzhavar Sandhai ) APMC,Banana,Other,Local,4000,5000,4500,31/03/2026
Tamil Nadu,Vellore,Kahithapattarai(Uzhavar Sandhai ) APMC,Banana,Besrai,Local,4000,6000,5000,31/03/2026
Tamil Nadu,Thirupathur,Natrampalli(Uzhavar Sandhai ) APMC,Banana,Besrai,Local,4000,5000,4500,31/03/2026
Tamil Nadu,Kallakuruchi,Sankarapuram(Uzhavar Sandhai ) APMC,Banana,Besrai,Local,4000,4000,4000,31/03/2026
Tamil Nadu,Theni,Periyakulam(Uzhavar Sandhai ) APMC,Banana,Karpura,Local,4500,5000,4750,31/03/2026
Tamil Nadu,Dharmapuri,Harur(Uzhavar Sandhai ) APMC,Banana,Karpura,Local,4500,5000,4750,31/03/2026
Tamil Nadu,The Nilgiris,Gudalur(Uzhavar Sandhai ) APMC,Banana,Besrai,Local,3500,4000,3750,31/03/2026
Tamil Nadu,Dharmapuri,Karimangalam(Uzhavar Sandhai),Banana,Karpura,Local,4500,5000,4750,31/03/2026
Tamil Nadu,Pudukkottai,Ponnamaravathi(Uzhavar Sandhai),Banana,Besrai,Local,7500,8000,7750,31/03/2026
Tamil Nadu,Pudukkottai,Gandarvakottai(Uzhavar Sandhai ) APMC,Banana,Karpura,Local,3500,4000,3750,31/03/2026
Tamil Nadu,Thiruvannamalai,Cheyyar(Uzhavar Sandhai ) APMC,Banana,Karpura,Local,4000,5000,4500,31/03/2026
Tamil Nadu,Erode,Gobichettipalayam(Uzhavar Sandhai ) APMC,Banana,Karpura,Local,3600,4000,3800,31/03/2026
Tamil Nadu,Erode,Sathiyamagalam(Uzhavar Sandhai ) APMC,Banana,Red Banana,Local,4000,4500,4250,31/03/2026
Tamil Nadu,Namakkal,Tiruchengode APMC,Banana,Karpura,Local,3500,4000,3750,31/03/2026
Tamil Nadu,Ariyalur,Ariyalur(Uzhavar Sandhai) APMC,Banana,Besrai,Local,5000,5400,5200,31/03/2026
Tamil Nadu,Coimbatore,Kurichi(Uzhavar Sandhai ) APMC,Banana,Red Banana,Local,5500,6000,5750,31/03/2026
Tamil Nadu,Cuddalore,Cuddalore(Uzhavar Sandhai ) APMC,Banana,Besrai,Local,3000,8000,5500,31/03/2026
Tamil Nadu,Cuddalore,Vadalur(Uzhavar Sandhai ) APMC,Banana,Red Banana,Local,7000,8000,7500,31/03/2026
Tamil Nadu,Erode,Thalavadi(Uzhavar Sandhai ) APMC,Banana,Other,Local,2400,3000,2700,31/03/2026
Tamil Nadu,Madurai,Chokkikulam(Uzhavar Sandhai ) APMC,Banana,Besrai,Local,4000,5000,4500,31/03/2026
Tamil Nadu,Nagapattinam,Sirkali(Uzhavar Sandhai ) APMC,Banana,Besrai,Local,4000,5000,4500,31/03/2026
Tamil Nadu,The Nilgiris,Udhagamandalam(Uzhavar Sandhai ) APMC,Banana,Besrai,Local,4500,5000,4750,31/03/2026
Tamil Nadu,Salem,Hasthampatti(Uzhavar Sandhai ) APMC,Banana,Karpura,Local,3800,4000,3900,31/03/2026
Tamil Nadu,Sivaganga,Karaikudi(Uzhavar Sandhai ) APMC,Banana,Besrai,Local,3500,4000,3750,31/03/2026
Tamil Nadu,Sivaganga,Singampunari(Uzhavar Sandhai ) APMC,Banana,Poovan,Local,3000,4000,3500,31/03/2026
Tamil Nadu,Theni,Theni(Uzhavar Sandhai ) APMC,Banana,Red Banana,Local,5000,5500,5250,31/03/2026
Tamil Nadu,Theni,Devaram(Uzhavar Sandhai ) APMC,Banana,Besrai,Local,2500,6500,4500,31/03/2026
Tamil Nadu,Thirunelveli,Palayamkottai(Uzhavar Sandhai ) APMC,Banana,Red Banana,Local,8000,9000,8500,31/03/2026
Tamil Nadu,Thirunelveli,Melapalayam(Uzhavar Sandhai ) APMC,Banana,Red Banana,Local,8000,9000,8500,31/03/2026
Tamil Nadu,Thiruvannamalai,Tamarainagar(Uzhavar Sandhai ) APMC,Banana,Besrai,Local,5000,6000,5500,31/03/2026
Tamil Nadu,Thiruchirappalli,Thiruverumbur(Uzhavar Sandhai ) APMC,Banana,Karpura,Local,3000,5000,4000,31/03/2026
Tamil Nadu,Thiruchirappalli,Manachanallur(Uzhavar Sandhai ) APMC,Banana,Poovan,Local,4000,5000,4500,31/03/2026
Tamil Nadu,Villupuram,Villupuram(Uzhavar Sandhai ) APMC,Banana,Besrai,Local,4000,10000,7000,31/03/2026
Tamil Nadu,Virudhunagar,Sivakasi(Uzhavar Sandhai ) APMC,Banana,Besrai,Local,4000,4500,4250,31/03/2026
Tamil Nadu,Ranipet,Arcot(Uzhavar Sandhai ) APMC,Banana,Karpura,Local,5000,6000,5500,31/03/2026
Tamil Nadu,Thirupur,Tiruppur (North) (Uzhavar Sandhai ) APMC,Banana,Red Banana,Local,5000,6000,5500,31/03/2026
Tamil Nadu,Thirupur,Kangayam(Uzhavar Sandhai ) APMC,Banana,Besrai,Local,3500,4000,3750,31/03/2026
Tamil Nadu,Vellore,Thirupathur APMC,Banana,Besrai,Local,4000,4000,4000,31/03/2026
Tamil Nadu,Karur,Gandhigramam(Uzhavar Sandhai),Banana - Green,Banana - Green,Local,3000,4000,3500,31/03/2026
Tamil Nadu,Namakkal,Paramathivelur(Uzhavar Sandhai ) APMC,Banana - Green,Banana - Green,Local,2600,3000,2800,31/03/2026
Tamil Nadu,Salem,Thammampatti (Uzhavar Sandhai ) APMC,Banana - Green,Banana - Green,Local,2000,2500,2250,31/03/2026
Tamil Nadu,Villupuram,Ulundurpettai APMC,Banana - Green,Banana - Green,Local,3000,3000,3000,31/03/2026
Tamil Nadu,Thiruvannamalai,Cheyyar(Uzhavar Sandhai ) APMC,Banana - Green,Banana - Green,Local,1600,2000,1800,31/03/2026
Tamil Nadu,Erode,Sathiyamagalam(Uzhavar Sandhai ) APMC,Banana - Green,Banana - Green,Local,3000,3500,3250,31/03/2026
Tamil Nadu,Namakkal,Tiruchengode APMC,Banana - Green,Banana - Green,Local,2600,3000,2800,31/03/2026
Tamil Nadu,Cuddalore,Viruthachalam(Uzhavar Sandhai ) APMC,Banana - Green,Banana - Green,Local,2500,2500,2500,31/03/2026
Tamil Nadu,Ramanathapuram,Paramakudi(Uzhavar Sandhai ) APMC,Banana - Green,Banana - Green,Local,2800,3000,2900,31/03/2026
Tamil Nadu,Salem,Mettur(Uzhavar Sandhai ) APMC,Banana - Green,Banana - Green,Local,2000,2500,2250,31/03/2026
Tamil Nadu,Sivaganga,Karaikudi(Uzhavar Sandhai ) APMC,Banana - Green,Banana - Green,Local,3500,4000,3750,31/03/2026
Tamil Nadu,Sivaganga,Tirupatthur(Uzhavar Sandhai ) APMC,Banana - Green,Banana - Green,Local,2500,3000,2750,31/03/2026
Tamil Nadu,Thiruvarur,Mannargudi II(Uzhavar Sandhai ) APMC,Banana - Green,Banana - Green,Local,4000,4000,4000,31/03/2026
Tamil Nadu,Thiruchirappalli,Musiri(Uzhavar Sandhai ) APMC,Banana - Green,Banana - Green,Local,2500,2500,2500,31/03/2026
Tamil Nadu,Thiruchirappalli,Thiruverumbur(Uzhavar Sandhai ) APMC,Banana - Green,Banana - Green,Local,2500,2500,2500,31/03/2026
Tamil Nadu,Villupuram,Gingee(Uzhavar Sandhai ) APMC,Banana - Green,Banana - Green,Local,5000,5000,5000,31/03/2026
Tamil Nadu,Ranipet,Arcot(Uzhavar Sandhai ) APMC,Banana - Green,Banana - Green,Local,4000,5000,4500,31/03/2026
Tamil Nadu,Thirupur,Palladam(Uzhavar Sandhai ) APMC,Banana - Green,Banana - Green,Local,2500,3000,2750,31/03/2026
Tamil Nadu,Thirupathur,Natrampalli(Uzhavar Sandhai ) APMC,Banana - Green,Banana - Green,Local,2500,3000,2750,31/03/2026
Tamil Nadu,Nagercoil (Kannyiakumari),Vadaseri APMC,Banana - Green,Banana - Green,Local,5500,6000,5750,31/03/2026
Tamil Nadu,The Nilgiris,Coonoor(Uzhavar Sandhai ) APMC,Banana - Green,Banana - Green,Local,4500,5000,4750,31/03/2026
Tamil Nadu,Virudhunagar,Srivilliputhur(Uzhavar Sandhai ) APMC,Banana - Green,Banana - Green,Local,2500,3000,2750,31/03/2026
Tamil Nadu,Dharmapuri,Karimangalam(Uzhavar Sandhai),Banana - Green,Banana - Green,Local,2600,3000,2800,31/03/2026
Tamil Nadu,Coimbatore,Sulur(Uzhavar Sandhai ) APMC,Banana - Green,Banana - Green,Local,3000,3500,3250,31/03/2026
Tamil Nadu,Thiruvarur,Tiruvarur(Uzhavar Sandhai ) APMC,Banana - Green,Banana - Green,Local,3500,3500,3500,31/03/2026
Tamil Nadu,Dharmapuri,Pennagaram(Uzhavar Sandhai ) APMC,Banana - Green,Banana - Green,Local,2800,3000,2900,31/03/2026
Tamil Nadu,Dharmapuri,Palacode(Uzhavar Sandhai ) APMC,Banana - Green,Banana - Green,Local,2000,2500,2250,31/03/2026
Tamil Nadu,Dindigul,Palani(Uzhavar Sandhai ) APMC,Banana - Green,Banana - Green,Local,2000,2500,2250,31/03/2026
Tamil Nadu,Madurai,Palanganatham(Uzhavar Sandhai ) APMC,Banana - Green,Banana - Green,Local,1000,1200,1100,31/03/2026
Tamil Nadu,Madurai,Usilampatti(Uzhavar Sandhai ) APMC,Banana - Green,Banana - Green,Local,2500,3000,2750,31/03/2026
Tamil Nadu,Namakkal,Rasipuram(Uzhavar Sandhai ) APMC,Banana - Green,Banana - Green,Local,2800,3000,2900,31/03/2026
Tamil Nadu,Perambalur,Perambalur(Uzhavar Sandhai ) APMC,Banana - Green,Banana - Green,Local,3000,4000,3500,31/03/2026
Tamil Nadu,Pudukkottai,Pudukottai(Uzhavar Sandhai ) APMC,Banana - Green,Banana - Green,Local,2500,3000,2750,31/03/2026
Tamil Nadu,Pudukkottai,Aranthangi(Uzhavar Sandhai ) APMC,Banana - Green,Banana - Green,Local,3000,3500,3250,31/03/2026
Tamil Nadu,Salem,Hasthampatti(Uzhavar Sandhai ) APMC,Banana - Green,Banana - Green,Local,1800,2000,1900,31/03/2026
Tamil Nadu,Salem,Elampillai(Uzhavar Sandhai ) APMC,Banana - Green,Banana - Green,Local,2000,2400,2200,31/03/2026
Tamil Nadu,Theni,Devaram(Uzhavar Sandhai ) APMC,Banana - Green,Banana - Green,Local,3000,3000,3000,31/03/2026
Tamil Nadu,Thiruvarur,Tiruthuraipoondi(Uzhavar Sandhai ) APMC,Banana - Green,Banana - Green,Local,3500,3500,3500,31/03/2026
Tamil Nadu,Thiruvannamalai,Arani(Uzhavar Sandhai ) APMC,Banana - Green,Banana - Green,Local,1500,2000,1750,31/03/2026
Tamil Nadu,Vellore,Kahithapattarai(Uzhavar Sandhai ) APMC,Banana - Green,Banana - Green,Local,3200,3200,3200,31/03/2026
Tamil Nadu,Virudhunagar,Sivakasi(Uzhavar Sandhai ) APMC,Banana - Green,Banana - Green,Local,3500,4000,3750,31/03/2026
Tamil Nadu,Nagercoil (Kannyiakumari),Myladi(Uzhavar Sandhai ) APMC,Banana - Green,Banana - Green,Local,5000,6000,5500,31/03/2026
Tamil Nadu,Kallakuruchi,Sankarapuram(Uzhavar Sandhai ) APMC,Banana - Green,Banana - Green,Local,3000,3000,3000,31/03/2026
Tamil Nadu,Salem,Ammapet(Uzhavar Sandhai ) APMC,Banana - Green,Banana - Green,Local,2500,2800,2650,31/03/2026
Tamil Nadu,Salem,Mecheri(Uzhavar Sandhai),Banana - Green,Banana - Green,Local,2000,2500,2250,31/03/2026
Tamil Nadu,Vellore,Perampet(Uzhavar Sandhai),Banana - Green,Banana - Green,Local,4000,4000,4000,31/03/2026
Tamil Nadu,Pudukkottai,Ponnamaravathi(Uzhavar Sandhai),Banana - Green,Banana - Green,Local,4500,5000,4750,31/03/2026
Tamil Nadu,Pudukkottai,Gandarvakottai(Uzhavar Sandhai ) APMC,Banana - Green,Banana - Green,Local,3500,4000,3750,31/03/2026
Tamil Nadu,Coimbatore,RSPuram(Uzhavar Sandhai ) APMC,Banana - Green,Banana - Green,Local,2800,3200,3000,31/03/2026
Tamil Nadu,Dharmapuri,Dharmapuri(Uzhavar Sandhai ) APMC,Banana - Green,Banana - Green,Local,2800,3000,2900,31/03/2026
Tamil Nadu,Erode,Periyar Nagar(Uzhavar Sandhai ) APMC,Banana - Green,Banana - Green,Local,3000,3500,3250,31/03/2026
Tamil Nadu,Erode,Thalavadi(Uzhavar Sandhai ) APMC,Banana - Green,Banana - Green,Local,2800,3400,3100,31/03/2026
Tamil Nadu,Karur,Velayuthampalayam(Uzhavar Sandhai ) APMC,Banana - Green,Banana - Green,Local,3200,4000,3600,31/03/2026
Tamil Nadu,Krishnagiri,Avallapalli(Uzhavar Sandhai ) APMC,Banana - Green,Banana - Green,Local,3500,4000,3750,31/03/2026
Tamil Nadu,Madurai,Chokkikulam(Uzhavar Sandhai ) APMC,Banana - Green,Banana - Green,Local,2000,2400,2200,31/03/2026
Tamil Nadu,Nagapattinam,Sirkali(Uzhavar Sandhai ) APMC,Banana - Green,Banana - Green,Local,2500,3000,2750,31/03/2026
Tamil Nadu,Namakkal,Mohanur(Uzhavar Sandhai ) APMC,Banana - Green,Banana - Green,Local,2800,3200,3000,31/03/2026
Tamil Nadu,The Nilgiris,Udhagamandalam(Uzhavar Sandhai ) APMC,Banana - Green,Banana - Green,Local,3000,3500,3250,31/03/2026
Tamil Nadu,Theni,Chinnamanur(Uzhavar Sandhai ) APMC,Banana - Green,Banana - Green,Local,3000,3000,3000,31/03/2026
Tamil Nadu,Thirunelveli,Melapalayam(Uzhavar Sandhai ) APMC,Banana - Green,Banana - Green,Local,2800,3000,2900,31/03/2026
Tamil Nadu,Tuticorin,Kovilpatti(Uzhavar Sandhai ) APMC,Banana - Green,Banana - Green,Local,2500,3000,2750,31/03/2026
Tamil Nadu,Thiruvannamalai,Tamarainagar(Uzhavar Sandhai ) APMC,Banana - Green,Banana - Green,Local,4000,4400,4200,31/03/2026
Tamil Nadu,Virudhunagar,Aruppukottai(Uzhavar Sandhai ) APMC,Banana - Green,Banana - Green,Local,3000,3500,3250,31/03/2026
Tamil Nadu,Krishnagiri,Kaveripattinam(Uzhavar Sandhai ) APMC,Banana - Green,Banana - Green,Local,2500,2500,2500,31/03/2026
Tamil Nadu,Villupuram,Tindivanam APMC,Banana - Green,Banana - Green,Local,5000,5000,5000,31/03/2026
Tamil Nadu,Erode,Gobichettipalayam(Uzhavar Sandhai ) APMC,Banana - Green,Banana - Green,Local,2000,2200,2100,31/03/2026
Tamil Nadu,Coimbatore,Singanallur(Uzhavar Sandhai ) APMC,Banana - Green,Banana - Green,Local,3000,3500,3250,31/03/2026
Tamil Nadu,Cuddalore,Cuddalore(Uzhavar Sandhai ) APMC,Banana - Green,Banana - Green,Local,3000,3000,3000,31/03/2026
Tamil Nadu,Erode,Perundurai(Uzhavar Sandhai ) APMC,Banana - Green,Banana - Green,Local,2600,2800,2700,31/03/2026
Tamil Nadu,Kancheepuram,Kundrathur(Uzhavar Sandhai ) APMC,Banana - Green,Banana - Green,Local,3000,3000,3000,31/03/2026
Tamil Nadu,Karur,Pallapatti (Uzhavar Sandhai ) APMC,Banana - Green,Banana - Green,Local,3000,3500,3250,31/03/2026
Tamil Nadu,Krishnagiri,Krishnagiri(Uzhavar Sandhai ) APMC,Banana - Green,Banana - Green,Local,2500,3000,2750,31/03/2026
Tamil Nadu,Madurai,Melur(Uzhavar Sandhai ) APMC,Banana - Green,Banana - Green,Local,1800,2200,2000,31/03/2026
Tamil Nadu,Namakkal,Namakkal(Uzhavar Sandhai ) APMC,Banana - Green,Banana - Green,Local,3000,3500,3250,31/03/2026
Tamil Nadu,Salem,Thathakapatti(Uzhavar Sandhai ) APMC,Banana - Green,Banana - Green,Local,2500,3000,2750,31/03/2026
Tamil Nadu,Salem,Jalagandapuram(Uzhavar Sandhai ) APMC,Banana - Green,Banana - Green,Local,2000,2400,2200,31/03/2026
Tamil Nadu,Sivaganga,Singampunari(Uzhavar Sandhai ) APMC,Banana - Green,Banana - Green,Local,2500,3000,2750,31/03/2026
Tamil Nadu,Thanjavur,Pattukottai(Uzhavar Sandhai ) APMC,Banana - Green,Banana - Green,Local,3000,3000,3000,31/03/2026
Tamil Nadu,Theni,Kambam(Uzhavar Sandhai ) APMC,Banana - Green,Banana - Green,Local,2600,3000,2800,31/03/2026
Tamil Nadu,Theni,Bodinayakanur(Uzhavar Sandhai ) APMC,Banana - Green,Banana - Green,Local,3000,3000,3000,31/03/2026
Tamil Nadu,Thirunelveli,Palayamkottai(Uzhavar Sandhai ) APMC,Banana - Green,Banana - Green,Local,2500,3000,2750,31/03/2026
Tamil Nadu,Thirunelveli,Ambasamudram(Uzhavar Sandhai ) APMC,Banana - Green,Banana - Green,Local,2200,3000,2600,31/03/2026
Tamil Nadu,Thiruvarur,Mannargudi I(Uzhavar Sandhai ) APMC,Banana - Green,Banana - Green,Local,4000,4000,4000,31/03/2026
Tamil Nadu,Thiruvannamalai,Vandavasi(Uzhavar Sandhai ) APMC,Banana - Green,Banana - Green,Local,1600,2000,1800,31/03/2026
Tamil Nadu,Thiruchirappalli,Manachanallur(Uzhavar Sandhai ) APMC,Banana - Green,Banana - Green,Local,2500,2500,2500,31/03/2026
Tamil Nadu,Virudhunagar,Virudhunagar(Uzhavar Sandhai ) APMC,Banana - Green,Banana - Green,Local,2800,3000,2900,31/03/2026
Tamil Nadu,Virudhunagar,Thalavaipuram(Uzhavar Sandhai ) APMC,Banana - Green,Banana - Green,Local,3000,3500,3250,31/03/2026
Tamil Nadu,Thirupur,Tiruppur (North) (Uzhavar Sandhai ) APMC,Banana - Green,Banana - Green,Local,2500,3000,2750,31/03/2026
Tamil Nadu,Pudukkottai,Karambakkudi(Uzhavar Sandhai ) APMC,Banana - Green,Banana - Green,Local,2500,3000,2750,31/03/2026
Tamil Nadu,Theni,Periyakulam(Uzhavar Sandhai ) APMC,Banana - Green,Banana - Green,Local,2500,3000,2750,31/03/2026
Tamil Nadu,Vellore,Thirupathur APMC,Banana - Green,Banana - Green,Local,2500,2500,2500,31/03/2026
Tamil Nadu,Nagapattinam,Mayiladuthurai(Uzhavar Sandhai ) APMC,Banana - Green,Banana - Green,Local,3000,3500,3250,31/03/2026
Tamil Nadu,Coimbatore,Sundarapuram(Uzhavar Sandhai ) APMC,Banana - Green,Banana - Green,Local,3000,3600,3300,31/03/2026
Tamil Nadu,Thiruchirappalli,Thuraiyur APMC,Banana - Green,Banana - Green,Local,2000,2500,2250,31/03/2026
Tamil Nadu,Coimbatore,Mettupalayam(Uzhavar Sandhai ) APMC,Banana - Green,Banana - Green,Local,4000,5000,4500,31/03/2026
Tamil Nadu,Coimbatore,Kurichi(Uzhavar Sandhai ) APMC,Banana - Green,Banana - Green,Local,3200,3600,3400,31/03/2026
Tamil Nadu,Cuddalore,Panruti(Uzhavar Sandhai ) APMC,Banana - Green,Banana - Green,Local,3000,3000,3000,31/03/2026
Tamil Nadu,Cuddalore,Vadalur(Uzhavar Sandhai ) APMC,Banana - Green,Banana - Green,Local,3000,3000,3000,31/03/2026
Tamil Nadu,Karur,Vengamedu(Uzhavar Sandhai ) APMC,Banana - Green,Banana - Green,Local,3500,4000,3750,31/03/2026
Tamil Nadu,Krishnagiri,Hosur(Uzhavar Sandhai ) APMC,Banana - Green,Banana - Green,Local,4000,5000,4500,31/03/2026
Tamil Nadu,Namakkal,Kumarapalayam(Uzhavar Sandhai ) APMC,Banana - Green,Banana - Green,Local,2500,3000,2750,31/03/2026
Tamil Nadu,Pudukkottai,Alangudi(Uzhavar Sandhai ) APMC,Banana - Green,Banana - Green,Local,2500,3000,2750,31/03/2026
Tamil Nadu,Ramanathapuram,Kamuthi(Uzhavar Sandhai ) APMC,Banana - Green,Banana - Green,Local,3000,3000,3000,31/03/2026
Tamil Nadu,Salem,Attayampatti(Uzhavar Sandhai ) APMC,Banana - Green,Banana - Green,Local,2500,3000,2750,31/03/2026
Tamil Nadu,Salem,Edapadi (Uzhavar Sandhai ) APMC,Banana - Green,Banana - Green,Local,2000,2400,2200,31/03/2026
Tamil Nadu,Theni,Theni(Uzhavar Sandhai ) APMC,Banana - Green,Banana - Green,Local,3000,3000,3000,31/03/2026
Tamil Nadu,Thiruvannamalai,Tiruvannamalai(Uzhavar Sandhai ) APMC,Banana - Green,Banana - Green,Local,2500,3000,2750,31/03/2026
Tamil Nadu,Thiruvannamalai,Polur(Uzhavar Sandhai ) APMC,Banana - Green,Banana - Green,Local,1600,2000,1800,31/03/2026
Tamil Nadu,Villupuram,Villupuram(Uzhavar Sandhai ) APMC,Banana - Green,Banana - Green,Local,3000,3000,3000,31/03/2026
Tamil Nadu,Virudhunagar,Kariyapatti(Uzhavar Sandhai ) APMC,Banana - Green,Banana - Green,Local,3000,3500,3250,31/03/2026
Tamil Nadu,Chengalpattu,Pallavaram(Uzhavar Sandhai ) APMC,Banana - Green,Banana - Green,Local,3500,4000,3750,31/03/2026
Tamil Nadu,Thirupur,Tiruppur (South) (Uzhavar Sandhai ) APMC,Banana - Green,Banana - Green,Local,2500,3000,2750,31/03/2026
Tamil Nadu,Thirupur,Dharapuram(Uzhavar Sandhai ) APMC,Banana - Green,Banana - Green,Local,2500,3000,2750,31/03/2026
Tamil Nadu,Thirupur,Kangayam(Uzhavar Sandhai ) APMC,Banana - Green,Banana - Green,Local,2500,3000,2750,31/03/2026
Tamil Nadu,Tenkasi,Sankarankoil(Uzhavar Sandhai ) APMC,Banana - Green,Banana - Green,Local,3500,3500,3500,31/03/2026
Tamil Nadu,Kallakuruchi,Kallakurichi(Uzhavar Sandhai ) APMC,Banana - Green,Banana - Green,Local,3000,3000,3000,31/03/2026
Tamil Nadu,Salem,Athur(Uzhavar Sandhai ) APMC,Banana - Green,Banana - Green,Local,2000,2400,2200,31/03/2026
Tamil Nadu,Dharmapuri,Harur(Uzhavar Sandhai ) APMC,Banana - Green,Banana - Green,Local,2000,2500,2250,31/03/2026
Tamil Nadu,The Nilgiris,Gudalur(Uzhavar Sandhai ) APMC,Banana - Green,Banana - Green,Local,4000,4500,4250,31/03/2026
Tamil Nadu,Theni,Andipatti(Uzhavar Sandhai ) APMC,Banana - Green,Banana - Green,Local,2600,3000,2800,31/03/2026
Uttar Pradesh,Mau(Maunathbhanjan),Kopaganj APMC,Banana,Medium,Grade B,1300,1300,1300,31/03/2026
Rajasthan,Ganganagar,Sriganganagar (F&V) APMC,Banana,Banana-Organic,Grade A,3100,3500,3300,31/03/2026
Gujarat,Narmada,Rajpipla APMC,Banana,Other,Medium,1950,2125,2075,31/03/2026
Haryana,Karnal,Tarori APMC,Banana,Other,Grade A,1500,2200,1800,31/03/2026
Haryana,Rewari,Kosli APMC,Banana,Other,Medium,2000,2000,2000,31/03/2026
Punjab,Moga,Baghapurana APMC,Banana,Medium,Grade B,3000,4000,3500,31/03/2026
Kerala,Ernakulam,Perumbavoor APMC,Banana,Palayamthodan,Medium,2000,3000,2500,31/03/2026
Kerala,Ernakulam,Perumbavoor APMC,Banana,Poovan,Medium,4000,5000,4500,31/03/2026
Kerala,Pathanamthitta,Enadimangalam VFPCK APMC,Banana,Poovan,Grade A,3000,3500,3200,31/03/2026
Kerala,Malappuram,Chungathara VFPCK APMC,Banana,Nendra Bale,Grade Range-1,1900,2100,2000,31/03/2026
Kerala,Thirssur,Karalam VFPCK APMC,Banana,Nendra Bale,Grade A,1200,5100,3850,31/03/2026
Kerala,Kottayam,Thrikkodithanam  VFPCK APMC,Banana,Nendra Bale,Grade A,4000,4200,4200,31/03/2026
Kerala,Malappuram,Moothedam  VFPCK APMC,Banana,Nendra Bale,Grade Range-1,1900,2100,2000,31/03/2026
Kerala,Kottayam,Athirampuzha APMC,Banana - Green,Banana - Green,FAQ,2700,2900,2800,31/03/2026
Kerala,Ernakulam,Perumbavoor APMC,Banana - Green,Banana - Green,Medium,2400,2800,2600,31/03/2026
Kerala,Kottayam,Pampady APMC,Banana - Green,Banana - Green,FAQ,4500,5500,5000,31/03/2026
Kerala,Kollam,Kottarakkara APMC,Banana - Green,Other,Local,3500,4000,3700,31/03/2026
Kerala,Alappuzha,Harippad APMC,Banana - Green,Other,FAQ,3000,3500,3000,31/03/2026
Tamil Nadu,Coimbatore,Sundarapuram(Uzhavar Sandhai ) APMC,Mango,Safeda,Local,9000,10000,9500,31/03/2026
Tamil Nadu,Coimbatore,RSPuram(Uzhavar Sandhai ) APMC,Mango,Other,Local,10000,12000,11000,31/03/2026
Tamil Nadu,Salem,Ammapet(Uzhavar Sandhai ) APMC,Mango,Other,Local,16000,18000,17000,31/03/2026
Tamil Nadu,Theni,Kambam(Uzhavar Sandhai ) APMC,Mango,Safeda,Local,8000,10000,9000,31/03/2026
Tamil Nadu,Dharmapuri,Harur(Uzhavar Sandhai ) APMC,Mango,Other,Local,8000,10000,9000,31/03/2026
Tamil Nadu,The Nilgiris,Udhagamandalam(Uzhavar Sandhai ) APMC,Mango,Safeda,Local,10000,15000,12500,31/03/2026
Tamil Nadu,Salem,Hasthampatti(Uzhavar Sandhai ) APMC,Mango,Other,Local,18000,20000,19000,31/03/2026
Tamil Nadu,Vellore,Perampet(Uzhavar Sandhai),Mango(Raw-Ripe),Mango - Raw-Ripe,Local,4000,4000,4000,31/03/2026
Tamil Nadu,Nagapattinam,Mayiladuthurai(Uzhavar Sandhai ) APMC,Mango(Raw-Ripe),Mango - Raw-Ripe,Local,6000,7000,6500,31/03/2026
Tamil Nadu,Villupuram,Ulundurpettai APMC,Mango(Raw-Ripe),Mango - Raw-Ripe,Local,8000,8000,8000,31/03/2026
Tamil Nadu,Namakkal,Tiruchengode APMC,Mango(Raw-Ripe),Mango - Raw-Ripe,Local,4500,5000,4750,31/03/2026
Tamil Nadu,Cuddalore,Panruti(Uzhavar Sandhai ) APMC,Mango(Raw-Ripe),Mango - Raw-Ripe,Local,5000,6000,5500,31/03/2026
Tamil Nadu,Madurai,Chokkikulam(Uzhavar Sandhai ) APMC,Mango(Raw-Ripe),Mango - Raw-Ripe,Local,2500,3000,2750,31/03/2026
Tamil Nadu,Namakkal,Kumarapalayam(Uzhavar Sandhai ) APMC,Mango(Raw-Ripe),Mango - Raw-Ripe,Local,5000,6000,5500,31/03/2026
Tamil Nadu,Perambalur,Perambalur(Uzhavar Sandhai ) APMC,Mango(Raw-Ripe),Mango - Raw-Ripe,Local,3600,4000,3800,31/03/2026
Tamil Nadu,Sivaganga,Karaikudi(Uzhavar Sandhai ) APMC,Mango(Raw-Ripe),Mango - Raw-Ripe,Local,2000,2500,2250,31/03/2026
Tamil Nadu,Thirunelveli,Melapalayam(Uzhavar Sandhai ) APMC,Mango(Raw-Ripe),Mango - Raw-Ripe,Local,2000,3000,2500,31/03/2026
Tamil Nadu,Thiruvarur,Tiruthuraipoondi(Uzhavar Sandhai ) APMC,Mango(Raw-Ripe),Mango - Raw-Ripe,Local,2500,3500,3000,31/03/2026
Tamil Nadu,Thiruchirappalli,Musiri(Uzhavar Sandhai ) APMC,Mango(Raw-Ripe),Mango - Raw-Ripe,Local,3000,4000,3500,31/03/2026
Tamil Nadu,Tenkasi,Sankarankoil(Uzhavar Sandhai ) APMC,Mango(Raw-Ripe),Mango - Raw-Ripe,Local,5000,5000,5000,31/03/2026
Tamil Nadu,Nagercoil (Kannyiakumari),Vadaseri APMC,Mango(Raw-Ripe),Mango - Raw-Ripe,Local,3000,3500,3250,31/03/2026
Tamil Nadu,Dharmapuri,Harur(Uzhavar Sandhai ) APMC,Mango(Raw-Ripe),Mango - Raw-Ripe,Local,4500,5000,4750,31/03/2026
Tamil Nadu,Pudukkottai,Gandarvakottai(Uzhavar Sandhai ) APMC,Mango(Raw-Ripe),Mango - Raw-Ripe,Local,4500,5000,4750,31/03/2026
Tamil Nadu,Coimbatore,RSPuram(Uzhavar Sandhai ) APMC,Mango(Raw-Ripe),Mango - Raw-Ripe,Local,3000,4600,3800,31/03/2026
Tamil Nadu,Coimbatore,Singanallur(Uzhavar Sandhai ) APMC,Mango(Raw-Ripe),Mango - Raw-Ripe,Local,4500,5000,4750,31/03/2026
Tamil Nadu,Dharmapuri,Dharmapuri(Uzhavar Sandhai ) APMC,Mango(Raw-Ripe),Mango - Raw-Ripe,Local,4700,5000,4850,31/03/2026
Tamil Nadu,Karur,Pallapatti (Uzhavar Sandhai ) APMC,Mango(Raw-Ripe),Mango - Raw-Ripe,Local,5500,6000,5750,31/03/2026
Tamil Nadu,Krishnagiri,Hosur(Uzhavar Sandhai ) APMC,Mango(Raw-Ripe),Mango - Raw-Ripe,Local,4000,5000,4500,31/03/2026
Tamil Nadu,The Nilgiris,Udhagamandalam(Uzhavar Sandhai ) APMC,Mango(Raw-Ripe),Mango - Raw-Ripe,Local,4000,4500,4250,31/03/2026
Tamil Nadu,Salem,Mettur(Uzhavar Sandhai ) APMC,Mango(Raw-Ripe),Mango - Raw-Ripe,Local,4500,5000,4750,31/03/2026
Tamil Nadu,Theni,Kambam(Uzhavar Sandhai ) APMC,Mango(Raw-Ripe),Mango - Raw-Ripe,Local,2000,3200,2600,31/03/2026
Tamil Nadu,Theni,Bodinayakanur(Uzhavar Sandhai ) APMC,Mango(Raw-Ripe),Mango - Raw-Ripe,Local,2600,2600,2600,31/03/2026
Tamil Nadu,Thirunelveli,Palayamkottai(Uzhavar Sandhai ) APMC,Mango(Raw-Ripe),Mango - Raw-Ripe,Local,2000,3000,2500,31/03/2026
Tamil Nadu,Thiruchirappalli,Manachanallur(Uzhavar Sandhai ) APMC,Mango(Raw-Ripe),Mango - Raw-Ripe,Local,4500,4500,4500,31/03/2026
Tamil Nadu,Ranipet,Arcot(Uzhavar Sandhai ) APMC,Mango(Raw-Ripe),Mango - Raw-Ripe,Local,5000,5000,5000,31/03/2026
Tamil Nadu,Thirupur,Dharapuram(Uzhavar Sandhai ) APMC,Mango(Raw-Ripe),Mango - Raw-Ripe,Local,4000,5000,4500,31/03/2026
Tamil Nadu,Thirupur,Tiruppur (North) (Uzhavar Sandhai ) APMC,Mango(Raw-Ripe),Mango - Raw-Ripe,Local,4500,5000,4750,31/03/2026
Tamil Nadu,Kallakuruchi,Kallakurichi(Uzhavar Sandhai ) APMC,Mango(Raw-Ripe),Mango - Raw-Ripe,Local,6000,6000,6000,31/03/2026
Tamil Nadu,Kallakuruchi,Sankarapuram(Uzhavar Sandhai ) APMC,Mango(Raw-Ripe),Mango - Raw-Ripe,Local,8000,8000,8000,31/03/2026
Tamil Nadu,Pudukkottai,Karambakkudi(Uzhavar Sandhai ) APMC,Mango(Raw-Ripe),Mango - Raw-Ripe,Local,5000,6000,5500,31/03/2026
Tamil Nadu,Dharmapuri,Karimangalam(Uzhavar Sandhai),Mango(Raw-Ripe),Mango - Raw-Ripe,Local,3500,4000,3750,31/03/2026
Tamil Nadu,Karur,Gandhigramam(Uzhavar Sandhai),Mango(Raw-Ripe),Mango - Raw-Ripe,Local,3000,5000,4000,31/03/2026
Tamil Nadu,Salem,Thammampatti (Uzhavar Sandhai ) APMC,Mango(Raw-Ripe),Mango - Raw-Ripe,Local,5000,6000,5500,31/03/2026
Tamil Nadu,Thiruvannamalai,Cheyyar(Uzhavar Sandhai ) APMC,Mango(Raw-Ripe),Mango - Raw-Ripe,Local,4000,5000,4500,31/03/2026
Tamil Nadu,Dharmapuri,Palacode(Uzhavar Sandhai ) APMC,Mango(Raw-Ripe),Mango - Raw-Ripe,Local,5500,6000,5750,31/03/2026
Tamil Nadu,Dindigul,Palani(Uzhavar Sandhai ) APMC,Mango(Raw-Ripe),Mango - Raw-Ripe,Local,2000,3500,2750,31/03/2026
Tamil Nadu,Kancheepuram,Kundrathur(Uzhavar Sandhai ) APMC,Mango(Raw-Ripe),Mango - Raw-Ripe,Local,6000,6000,6000,31/03/2026
Tamil Nadu,Madurai,Melur(Uzhavar Sandhai ) APMC,Mango(Raw-Ripe),Mango - Raw-Ripe,Local,2500,3000,2750,31/03/2026
Tamil Nadu,Namakkal,Namakkal(Uzhavar Sandhai ) APMC,Mango(Raw-Ripe),Mango - Raw-Ripe,Local,3500,4000,3750,31/03/2026
Tamil Nadu,Pudukkottai,Aranthangi(Uzhavar Sandhai ) APMC,Mango(Raw-Ripe),Mango - Raw-Ripe,Local,4000,5000,4500,31/03/2026
Tamil Nadu,Pudukkottai,Alangudi(Uzhavar Sandhai ) APMC,Mango(Raw-Ripe),Mango - Raw-Ripe,Local,4500,5000,4750,31/03/2026
Tamil Nadu,Salem,Elampillai(Uzhavar Sandhai ) APMC,Mango(Raw-Ripe),Mango - Raw-Ripe,Local,3500,4000,3750,31/03/2026
Tamil Nadu,Thanjavur,Pattukottai(Uzhavar Sandhai ) APMC,Mango(Raw-Ripe),Mango - Raw-Ripe,Local,4000,6000,5000,31/03/2026
Tamil Nadu,Thiruvarur,Mannargudi I(Uzhavar Sandhai ) APMC,Mango(Raw-Ripe),Mango - Raw-Ripe,Local,2000,3800,2900,31/03/2026
Tamil Nadu,Thiruvarur,Mannargudi II(Uzhavar Sandhai ) APMC,Mango(Raw-Ripe),Mango - Raw-Ripe,Local,2000,3800,2900,31/03/2026
Tamil Nadu,Thiruvannamalai,Arani(Uzhavar Sandhai ) APMC,Mango(Raw-Ripe),Mango - Raw-Ripe,Local,4000,5000,4500,31/03/2026
Tamil Nadu,Thiruvannamalai,Vandavasi(Uzhavar Sandhai ) APMC,Mango(Raw-Ripe),Mango - Raw-Ripe,Local,4000,5000,4500,31/03/2026
Tamil Nadu,Vellore,Thirupathur APMC,Mango(Raw-Ripe),Mango - Raw-Ripe,Local,3000,3000,3000,31/03/2026
Tamil Nadu,Virudhunagar,Srivilliputhur(Uzhavar Sandhai ) APMC,Mango(Raw-Ripe),Mango - Raw-Ripe,Local,3000,3500,3250,31/03/2026
Tamil Nadu,Villupuram,Tindivanam APMC,Mango(Raw-Ripe),Mango - Raw-Ripe,Local,5000,5000,5000,31/03/2026
Tamil Nadu,Thiruchirappalli,Thuraiyur APMC,Mango(Raw-Ripe),Mango - Raw-Ripe,Local,3500,4000,3750,31/03/2026
Tamil Nadu,Coimbatore,Kurichi(Uzhavar Sandhai ) APMC,Mango(Raw-Ripe),Mango - Raw-Ripe,Local,4000,4500,4250,31/03/2026
Tamil Nadu,Cuddalore,Cuddalore(Uzhavar Sandhai ) APMC,Mango(Raw-Ripe),Mango - Raw-Ripe,Local,5000,5000,5000,31/03/2026
Tamil Nadu,Cuddalore,Viruthachalam(Uzhavar Sandhai ) APMC,Mango(Raw-Ripe),Mango - Raw-Ripe,Local,3500,5000,4250,31/03/2026
Tamil Nadu,Dharmapuri,Pennagaram(Uzhavar Sandhai ) APMC,Mango(Raw-Ripe),Mango - Raw-Ripe,Local,3800,4000,3900,31/03/2026
Tamil Nadu,Krishnagiri,Krishnagiri(Uzhavar Sandhai ) APMC,Mango(Raw-Ripe),Mango - Raw-Ripe,Local,4000,5000,4500,31/03/2026
Tamil Nadu,Nagapattinam,Sirkali(Uzhavar Sandhai ) APMC,Mango(Raw-Ripe),Mango - Raw-Ripe,Local,6500,7000,6750,31/03/2026
Tamil Nadu,Namakkal,Mohanur(Uzhavar Sandhai ) APMC,Mango(Raw-Ripe),Mango - Raw-Ripe,Local,5400,6000,5700,31/03/2026
Tamil Nadu,Salem,Hasthampatti(Uzhavar Sandhai ) APMC,Mango(Raw-Ripe),Mango - Raw-Ripe,Local,3500,4000,3750,31/03/2026
Tamil Nadu,Salem,Edapadi (Uzhavar Sandhai ) APMC,Mango(Raw-Ripe),Mango - Raw-Ripe,Local,3500,4000,3750,31/03/2026
Tamil Nadu,Sivaganga,Tirupatthur(Uzhavar Sandhai ) APMC,Mango(Raw-Ripe),Mango - Raw-Ripe,Local,2000,2500,2250,31/03/2026
Tamil Nadu,Theni,Theni(Uzhavar Sandhai ) APMC,Mango(Raw-Ripe),Mango - Raw-Ripe,Local,2800,2800,2800,31/03/2026
Tamil Nadu,Theni,Chinnamanur(Uzhavar Sandhai ) APMC,Mango(Raw-Ripe),Mango - Raw-Ripe,Local,2600,2600,2600,31/03/2026
Tamil Nadu,Tuticorin,Kovilpatti(Uzhavar Sandhai ) APMC,Mango(Raw-Ripe),Mango - Raw-Ripe,Local,6500,7000,6750,31/03/2026
Tamil Nadu,Thiruvannamalai,Polur(Uzhavar Sandhai ) APMC,Mango(Raw-Ripe),Mango - Raw-Ripe,Local,5000,6000,5500,31/03/2026
Tamil Nadu,Vellore,Kahithapattarai(Uzhavar Sandhai ) APMC,Mango(Raw-Ripe),Mango - Raw-Ripe,Local,3500,3500,3500,31/03/2026
Tamil Nadu,Thirupur,Tiruppur (South) (Uzhavar Sandhai ) APMC,Mango(Raw-Ripe),Mango - Raw-Ripe,Local,3500,5000,4250,31/03/2026
Tamil Nadu,Salem,Ammapet(Uzhavar Sandhai ) APMC,Mango(Raw-Ripe),Mango - Raw-Ripe,Local,3000,4000,3500,31/03/2026
Tamil Nadu,Krishnagiri,Kaveripattinam(Uzhavar Sandhai ) APMC,Mango(Raw-Ripe),Mango - Raw-Ripe,Local,5000,5000,5000,31/03/2026
Tamil Nadu,Pudukkottai,Ponnamaravathi(Uzhavar Sandhai),Mango(Raw-Ripe),Mango - Raw-Ripe,Local,3500,4000,3750,31/03/2026
Tamil Nadu,Namakkal,Paramathivelur(Uzhavar Sandhai ) APMC,Mango(Raw-Ripe),Mango - Raw-Ripe,Local,5400,6000,5700,31/03/2026
Tamil Nadu,Thiruvarur,Tiruvarur(Uzhavar Sandhai ) APMC,Mango(Raw-Ripe),Mango - Raw-Ripe,Local,5000,5000,5000,31/03/2026
Tamil Nadu,Coimbatore,Sundarapuram(Uzhavar Sandhai ) APMC,Mango(Raw-Ripe),Mango - Raw-Ripe,Local,3500,4000,3750,31/03/2026
Tamil Nadu,Coimbatore,Mettupalayam(Uzhavar Sandhai ) APMC,Mango(Raw-Ripe),Mango - Raw-Ripe,Local,3000,3200,3100,31/03/2026
Tamil Nadu,Cuddalore,Vadalur(Uzhavar Sandhai ) APMC,Mango(Raw-Ripe),Mango - Raw-Ripe,Local,4000,5000,4500,31/03/2026
Tamil Nadu,Erode,Periyar Nagar(Uzhavar Sandhai ) APMC,Mango(Raw-Ripe),Mango - Raw-Ripe,Local,2600,3000,2800,31/03/2026
Tamil Nadu,Karur,Vengamedu(Uzhavar Sandhai ) APMC,Mango(Raw-Ripe),Mango - Raw-Ripe,Local,4500,5000,4750,31/03/2026
Tamil Nadu,Madurai,Palanganatham(Uzhavar Sandhai ) APMC,Mango(Raw-Ripe),Mango - Raw-Ripe,Local,2000,3000,2500,31/03/2026
Tamil Nadu,Namakkal,Rasipuram(Uzhavar Sandhai ) APMC,Mango(Raw-Ripe),Mango - Raw-Ripe,Local,5000,6000,5500,31/03/2026
Tamil Nadu,Pudukkottai,Pudukottai(Uzhavar Sandhai ) APMC,Mango(Raw-Ripe),Mango - Raw-Ripe,Local,3500,4000,3750,31/03/2026
Tamil Nadu,Salem,Thathakapatti(Uzhavar Sandhai ) APMC,Mango(Raw-Ripe),Mango - Raw-Ripe,Local,3000,4000,3500,31/03/2026
Tamil Nadu,Thiruvannamalai,Tiruvannamalai(Uzhavar Sandhai ) APMC,Mango(Raw-Ripe),Mango - Raw-Ripe,Local,4000,5000,4500,31/03/2026
Tamil Nadu,Thiruvannamalai,Tamarainagar(Uzhavar Sandhai ) APMC,Mango(Raw-Ripe),Mango - Raw-Ripe,Local,4000,5000,4500,31/03/2026
Tamil Nadu,Thiruchirappalli,Thiruverumbur(Uzhavar Sandhai ) APMC,Mango(Raw-Ripe),Mango - Raw-Ripe,Local,4500,4500,4500,31/03/2026
Tamil Nadu,Villupuram,Villupuram(Uzhavar Sandhai ) APMC,Mango(Raw-Ripe),Mango - Raw-Ripe,Local,3000,5000,4000,31/03/2026
Tamil Nadu,Villupuram,Gingee(Uzhavar Sandhai ) APMC,Mango(Raw-Ripe),Mango - Raw-Ripe,Local,4000,5000,4500,31/03/2026
Tamil Nadu,Nagercoil (Kannyiakumari),Myladi(Uzhavar Sandhai ) APMC,Mango(Raw-Ripe),Mango - Raw-Ripe,Local,3000,3500,3250,31/03/2026
Tamil Nadu,Chengalpattu,Pallavaram(Uzhavar Sandhai ) APMC,Mango(Raw-Ripe),Mango - Raw-Ripe,Local,3000,5000,4000,31/03/2026
Kerala,Kottayam,Pampady APMC,Mango(Raw-Ripe),Mango - Raw-Ripe,FAQ,5000,6000,5500,31/03/2026
Kerala,Ernakulam,Perumbavoor APMC,Mango(Raw-Ripe),Mango - Raw-Ripe,Medium,3000,4000,3500,31/03/2026
Tamil Nadu,Perambalur,Perambalur(Uzhavar Sandhai ) APMC,Pomegranate,Pomogranate,Local,20000,22000,21000,31/03/2026
Tamil Nadu,Salem,Mettur(Uzhavar Sandhai ) APMC,Pomegranate,Pomogranate,Local,21000,22000,21500,31/03/2026
Tamil Nadu,Madurai,Palanganatham(Uzhavar Sandhai ) APMC,Pomegranate,Pomogranate,Local,20000,26000,23000,31/03/2026
Tamil Nadu,Thiruvannamalai,Tiruvannamalai(Uzhavar Sandhai ) APMC,Pomegranate,Pomogranate,Local,16000,18000,17000,31/03/2026
Tamil Nadu,Krishnagiri,Hosur(Uzhavar Sandhai ) APMC,Pomegranate,Pomogranate,Local,15000,20000,17500,31/03/2026
Tamil Nadu,Salem,Hasthampatti(Uzhavar Sandhai ) APMC,Pomegranate,Pomogranate,Local,18000,20000,19000,31/03/2026
Tamil Nadu,Salem,Thathakapatti(Uzhavar Sandhai ) APMC,Pomegranate,Pomogranate,Local,18000,20000,19000,31/03/2026
Tamil Nadu,Thirunelveli,Palayamkottai(Uzhavar Sandhai ) APMC,Pomegranate,Pomogranate,Local,18000,22000,20000,31/03/2026
Tamil Nadu,Thiruvarur,Mannargudi I(Uzhavar Sandhai ) APMC,Pomegranate,Pomogranate,Local,20000,26000,23000,31/03/2026
Tamil Nadu,Salem,Ammapet(Uzhavar Sandhai ) APMC,Pomegranate,Pomogranate,Local,18000,20000,19000,31/03/2026
Tamil Nadu,Coimbatore,RSPuram(Uzhavar Sandhai ) APMC,Pomegranate,Pomogranate,Local,22000,23000,22500,31/03/2026
Tamil Nadu,Coimbatore,Singanallur(Uzhavar Sandhai ) APMC,Pomegranate,Pomogranate,Local,20000,23000,21500,31/03/2026
Tamil Nadu,Kancheepuram,Kundrathur(Uzhavar Sandhai ) APMC,Pomegranate,Pomogranate,Local,16000,18000,17000,31/03/2026
Tamil Nadu,Madurai,Chokkikulam(Uzhavar Sandhai ) APMC,Pomegranate,Pomogranate,Local,23000,26000,24500,31/03/2026
Tamil Nadu,The Nilgiris,Udhagamandalam(Uzhavar Sandhai ) APMC,Pomegranate,Pomogranate,Local,20000,22000,21000,31/03/2026
Tamil Nadu,Theni,Theni(Uzhavar Sandhai ) APMC,Pomegranate,Pomogranate,Local,14000,26000,20000,31/03/2026
Tamil Nadu,Perambalur,Perambalur(Uzhavar Sandhai ) APMC,Grapes,Annabesahai,Local,8000,12000,10000,31/03/2026
Tamil Nadu,Theni,Theni(Uzhavar Sandhai ) APMC,Grapes,Annabesahai,Local,13000,20000,16500,31/03/2026
Tamil Nadu,Coimbatore,Singanallur(Uzhavar Sandhai ) APMC,Grapes,Annabesahai,Local,8500,9000,8750,31/03/2026
Tamil Nadu,Madurai,Palanganatham(Uzhavar Sandhai ) APMC,Grapes,Annabesahai,Local,10000,16000,13000,31/03/2026
Tamil Nadu,The Nilgiris,Udhagamandalam(Uzhavar Sandhai ) APMC,Grapes,Annabesahai,Local,8000,10000,9000,31/03/2026
Tamil Nadu,Krishnagiri,Hosur(Uzhavar Sandhai ) APMC,Grapes,Annabesahai,Local,8000,10000,9000,31/03/2026
Tamil Nadu,Salem,Hasthampatti(Uzhavar Sandhai ) APMC,Grapes,Annabesahai,Local,11000,12000,11500,31/03/2026
Tamil Nadu,Thirunelveli,Palayamkottai(Uzhavar Sandhai ) APMC,Grapes,Annabesahai,Local,9000,10000,9500,31/03/2026
Tamil Nadu,Thiruvarur,Mannargudi I(Uzhavar Sandhai ) APMC,Grapes,Annabesahai,Local,9000,9000,9000,31/03/2026
Tamil Nadu,Coimbatore,RSPuram(Uzhavar Sandhai ) APMC,Grapes,Annabesahai,Local,8000,20000,14000,31/03/2026
Tamil Nadu,Kancheepuram,Kundrathur(Uzhavar Sandhai ) APMC,Grapes,Annabesahai,Local,7000,8000,7500,31/03/2026
Tamil Nadu,Madurai,Chokkikulam(Uzhavar Sandhai ) APMC,Grapes,Annabesahai,Local,15000,16000,15500,31/03/2026
Tamil Nadu,Thiruvannamalai,Tiruvannamalai(Uzhavar Sandhai ) APMC,Grapes,Annabesahai,Local,10000,12000,11000,31/03/2026
Tamil Nadu,Vellore,Kahithapattarai(Uzhavar Sandhai ) APMC,Grapes,Annabesahai,Local,15000,15000,15000,31/03/2026
Uttar Pradesh,Mau(Maunathbhanjan),Kopaganj APMC,Grapes,Green,Grade B,8700,8700,8700,31/03/2026
Punjab,Moga,Baghapurana APMC,Grapes,Green,Grade B,9000,11000,10000,31/03/2026
Tamil Nadu,The Nilgiris,Udhagamandalam(Uzhavar Sandhai ) APMC,Apple,American,Local,20000,22000,21000,31/03/2026
Tamil Nadu,Salem,Ammapet(Uzhavar Sandhai ) APMC,Apple,American,Local,21000,22000,21500,31/03/2026
Tamil Nadu,Madurai,Palanganatham(Uzhavar Sandhai ) APMC,Apple,American,Local,18000,23000,20500,31/03/2026
Tamil Nadu,Thiruvarur,Mannargudi I(Uzhavar Sandhai ) APMC,Apple,American,Local,20000,26000,23000,31/03/2026
Tamil Nadu,Kancheepuram,Kundrathur(Uzhavar Sandhai ) APMC,Apple,American,Local,16000,18000,17000,31/03/2026
Tamil Nadu,Krishnagiri,Hosur(Uzhavar Sandhai ) APMC,Apple,American,Local,22000,24000,23000,31/03/2026
Tamil Nadu,Madurai,Chokkikulam(Uzhavar Sandhai ) APMC,Apple,American,Local,20000,23000,21500,31/03/2026
Tamil Nadu,Thirunelveli,Palayamkottai(Uzhavar Sandhai ) APMC,Apple,American,Local,18000,22000,20000,31/03/2026
Tamil Nadu,Coimbatore,RSPuram(Uzhavar Sandhai ) APMC,Apple,American,Local,20000,26000,23000,31/03/2026
Tamil Nadu,Cuddalore,Vadalur(Uzhavar Sandhai ) APMC,Apple,American,Local,20000,22000,21000,31/03/2026
Tamil Nadu,Salem,Mettur(Uzhavar Sandhai ) APMC,Apple,American,Local,20000,21000,20500,31/03/2026
Tamil Nadu,Theni,Theni(Uzhavar Sandhai ) APMC,Apple,American,Local,14000,26000,20000,31/03/2026
Tamil Nadu,Coimbatore,Singanallur(Uzhavar Sandhai ) APMC,Apple,American,Local,20000,24000,22000,31/03/2026
Tamil Nadu,Perambalur,Perambalur(Uzhavar Sandhai ) APMC,Apple,American,Local,18000,22000,20000,31/03/2026
Tamil Nadu,Salem,Hasthampatti(Uzhavar Sandhai ) APMC,Apple,American,Local,18000,20000,19000,31/03/2026
Tamil Nadu,Thiruvannamalai,Tiruvannamalai(Uzhavar Sandhai ) APMC,Apple,American,Local,18000,20000,19000,31/03/2026
Tamil Nadu,Namakkal,Rasipuram(Uzhavar Sandhai ) APMC,Custard Apple(Sharifa),Custard Apple(Sharifa),Local,3500,4000,3750,31/03/2026
Tamil Nadu,Salem,Hasthampatti(Uzhavar Sandhai ) APMC,Custard Apple(Sharifa),Custard Apple(Sharifa),Local,3000,3500,3250,31/03/2026
Uttar Pradesh,Sambhal,Sambhal APMC,Apple,Apple,Grade A,5000,9000,8500,31/03/2026
Uttar Pradesh,Mau(Maunathbhanjan),Kopaganj APMC,Apple,Apple,Grade B,7300,7300,7300,31/03/2026
Rajasthan,Ganganagar,Sriganganagar (F&V) APMC,Apple,Apple,Grade B,13800,14200,14000,31/03/2026
Haryana,Karnal,Tarori APMC,Apple,Apple,Grade A,6000,7000,6500,31/03/2026
Tamil Nadu,Vellore,Thirupathur APMC,Arhar(Tur/Red Gram)(Whole),Arhar (Whole),Local,6000,6000,6000,31/03/2026
Tamil Nadu,Salem,Thathakapatti(Uzhavar Sandhai ) APMC,Arhar(Tur/Red Gram)(Whole),Arhar (Whole),Local,4000,4500,4250,31/03/2026
Tamil Nadu,Chengalpattu,Pallavaram(Uzhavar Sandhai ) APMC,Arhar(Tur/Red Gram)(Whole),Arhar (Whole),Local,7000,8000,7500,31/03/2026
Tamil Nadu,Thirupur,Tiruppur (North) (Uzhavar Sandhai ) APMC,Chili Red,Bold,Local,17000,18000,17500,31/03/2026
Tamil Nadu,Namakkal,Rasipuram(Uzhavar Sandhai ) APMC,Chili Red,Bold,Local,14000,15000,14500,31/03/2026
Rajasthan,Jhalawar,Khanpur APMC,Bengal Gram(Gram)(Whole),Other,FAQ,5150,5375,5220,31/03/2026
Madhya Pradesh,Khargone,Khargone APMC,Kabuli Chana(Chickpeas-White),Dollar Gram,FAQ,7550,7550,7550,31/03/2026
Tamil Nadu,Pudukkottai,Ponnamaravathi(Uzhavar Sandhai),Coriander(Leaves),I Sort,Local,5500,6000,5750,31/03/2026
Tamil Nadu,Villupuram,Ulundurpettai APMC,Coriander(Leaves),I Sort,Local,6000,6000,6000,31/03/2026
Tamil Nadu,Coimbatore,Singanallur(Uzhavar Sandhai ) APMC,Coriander(Leaves),I Sort,Local,4500,4800,4650,31/03/2026
Tamil Nadu,Cuddalore,Viruthachalam(Uzhavar Sandhai ) APMC,Coriander(Leaves),I Sort,Local,4000,4000,4000,31/03/2026
Tamil Nadu,Kancheepuram,Kundrathur(Uzhavar Sandhai ) APMC,Coriander(Leaves),I Sort,Local,5000,5000,5000,31/03/2026
Tamil Nadu,Karur,Velayuthampalayam(Uzhavar Sandhai ) APMC,Coriander(Leaves),I Sort,Local,5200,6000,5600,31/03/2026
Tamil Nadu,Krishnagiri,Hosur(Uzhavar Sandhai ) APMC,Coriander(Leaves),I Sort,Local,2500,3000,2750,31/03/2026
Tamil Nadu,Namakkal,Namakkal(Uzhavar Sandhai ) APMC,Coriander(Leaves),I Sort,Local,7000,8000,7500,31/03/2026
Tamil Nadu,Namakkal,Rasipuram(Uzhavar Sandhai ) APMC,Coriander(Leaves),I Sort,Local,6600,7000,6800,31/03/2026
Tamil Nadu,Pudukkottai,Pudukottai(Uzhavar Sandhai ) APMC,Coriander(Leaves),I Sort,Local,5500,6000,5750,31/03/2026
Tamil Nadu,Salem,Thathakapatti(Uzhavar Sandhai ) APMC,Coriander(Leaves),I Sort,Local,3500,4000,3750,31/03/2026
Tamil Nadu,Theni,Kambam(Uzhavar Sandhai ) APMC,Coriander(Leaves),I Sort,Local,3500,3500,3500,31/03/2026
Tamil Nadu,Tuticorin,Kovilpatti(Uzhavar Sandhai ) APMC,Coriander(Leaves),I Sort,Local,3500,4000,3750,31/03/2026
Tamil Nadu,Thiruvannamalai,Polur(Uzhavar Sandhai ) APMC,Coriander(Leaves),I Sort,Local,4500,5000,4750,31/03/2026
Tamil Nadu,Virudhunagar,Kariyapatti(Uzhavar Sandhai ) APMC,Coriander(Leaves),I Sort,Local,4500,5000,4750,31/03/2026
Tamil Nadu,Virudhunagar,Thalavaipuram(Uzhavar Sandhai ) APMC,Coriander(Leaves),I Sort,Local,4500,5000,4750,31/03/2026
Tamil Nadu,Thirupathur,Natrampalli(Uzhavar Sandhai ) APMC,Coriander(Leaves),I Sort,Local,3000,4000,3500,31/03/2026
Tamil Nadu,Pudukkottai,Karambakkudi(Uzhavar Sandhai ) APMC,Coriander(Leaves),I Sort,Local,5000,6000,5500,31/03/2026
Tamil Nadu,Salem,Athur(Uzhavar Sandhai ) APMC,Coriander(Leaves),I Sort,Local,3000,3500,3250,31/03/2026
Tamil Nadu,Pudukkottai,Gandarvakottai(Uzhavar Sandhai ) APMC,Coriander(Leaves),I Sort,Local,5000,6000,5500,31/03/2026
Tamil Nadu,Erode,Sathiyamagalam(Uzhavar Sandhai ) APMC,Coriander(Leaves),I Sort,Local,4000,4500,4250,31/03/2026
Tamil Nadu,Thiruchirappalli,Thuraiyur APMC,Coriander(Leaves),I Sort,Local,2500,3000,2750,31/03/2026
Tamil Nadu,Dharmapuri,Dharmapuri(Uzhavar Sandhai ) APMC,Coriander(Leaves),I Sort,Local,4700,5000,4850,31/03/2026
Tamil Nadu,Dharmapuri,Palacode(Uzhavar Sandhai ) APMC,Coriander(Leaves),I Sort,Local,5500,6000,5750,31/03/2026
Tamil Nadu,Dindigul,Palani(Uzhavar Sandhai ) APMC,Coriander(Leaves),I Sort,Local,4000,5000,4500,31/03/2026
Tamil Nadu,Madurai,Chokkikulam(Uzhavar Sandhai ) APMC,Coriander(Leaves),I Sort,Local,6500,7500,7000,31/03/2026
Tamil Nadu,Madurai,Melur(Uzhavar Sandhai ) APMC,Coriander(Leaves),I Sort,Local,6500,7500,7000,31/03/2026
Tamil Nadu,Pudukkottai,Aranthangi(Uzhavar Sandhai ) APMC,Coriander(Leaves),I Sort,Local,4500,5000,4750,31/03/2026
Tamil Nadu,Ramanathapuram,Paramakudi(Uzhavar Sandhai ) APMC,Coriander(Leaves),I Sort,Local,5500,6000,5750,31/03/2026
Tamil Nadu,Salem,Edapadi (Uzhavar Sandhai ) APMC,Coriander(Leaves),I Sort,Local,2500,3000,2750,31/03/2026
Tamil Nadu,Sivaganga,Karaikudi(Uzhavar Sandhai ) APMC,Coriander(Leaves),I Sort,Local,6800,7800,7300,31/03/2026
Tamil Nadu,Thirunelveli,Ambasamudram(Uzhavar Sandhai ) APMC,Coriander(Leaves),I Sort,Local,4000,4600,4300,31/03/2026
Tamil Nadu,Thiruvannamalai,Vandavasi(Uzhavar Sandhai ) APMC,Coriander(Leaves),I Sort,Local,4000,5000,4500,31/03/2026
Tamil Nadu,Thiruvannamalai,Tamarainagar(Uzhavar Sandhai ) APMC,Coriander(Leaves),I Sort,Local,4000,5000,4500,31/03/2026
Tamil Nadu,Virudhunagar,Aruppukottai(Uzhavar Sandhai ) APMC,Coriander(Leaves),I Sort,Local,3500,4000,3750,31/03/2026
Tamil Nadu,Chengalpattu,Pallavaram(Uzhavar Sandhai ) APMC,Coriander(Leaves),I Sort,Local,5000,6000,5500,31/03/2026
Tamil Nadu,Thirupur,Tiruppur (North) (Uzhavar Sandhai ) APMC,Coriander(Leaves),I Sort,Local,4000,4500,4250,31/03/2026
Tamil Nadu,Thirupur,Kangayam(Uzhavar Sandhai ) APMC,Coriander(Leaves),I Sort,Local,3500,4000,3750,31/03/2026
Tamil Nadu,Tenkasi,Sankarankoil(Uzhavar Sandhai ) APMC,Coriander(Leaves),I Sort,Local,5000,5000,5000,31/03/2026
Tamil Nadu,The Nilgiris,Coonoor(Uzhavar Sandhai ) APMC,Coriander(Leaves),I Sort,Local,6000,7000,6500,31/03/2026
Tamil Nadu,Virudhunagar,Srivilliputhur(Uzhavar Sandhai ) APMC,Coriander(Leaves),I Sort,Local,3500,4000,3750,31/03/2026
Tamil Nadu,Dharmapuri,Karimangalam(Uzhavar Sandhai),Coriander(Leaves),I Sort,Local,5500,6000,5750,31/03/2026
Tamil Nadu,Villupuram,Tindivanam APMC,Coriander(Leaves),I Sort,Local,4000,4000,4000,31/03/2026
Tamil Nadu,Thiruvannamalai,Cheyyar(Uzhavar Sandhai ) APMC,Coriander(Leaves),I Sort,Local,4000,5000,4500,31/03/2026
Tamil Nadu,Coimbatore,Sundarapuram(Uzhavar Sandhai ) APMC,Coriander(Leaves),I Sort,Local,3500,4000,3750,31/03/2026
Tamil Nadu,Namakkal,Tiruchengode APMC,Coriander(Leaves),I Sort,Local,6800,7500,7150,31/03/2026
Tamil Nadu,Ariyalur,Ariyalur(Uzhavar Sandhai) APMC,Coriander(Leaves),I Sort,Local,4500,5000,4750,31/03/2026
Tamil Nadu,Coimbatore,Mettupalayam(Uzhavar Sandhai ) APMC,Coriander(Leaves),I Sort,Local,4500,5000,4750,31/03/2026
Tamil Nadu,Cuddalore,Panruti(Uzhavar Sandhai ) APMC,Coriander(Leaves),I Sort,Local,4000,4000,4000,31/03/2026
Tamil Nadu,Cuddalore,Vadalur(Uzhavar Sandhai ) APMC,Coriander(Leaves),I Sort,Local,5000,5000,5000,31/03/2026
Tamil Nadu,Erode,Periyar Nagar(Uzhavar Sandhai ) APMC,Coriander(Leaves),I Sort,Local,3500,4000,3750,31/03/2026
Tamil Nadu,Erode,Thalavadi(Uzhavar Sandhai ) APMC,Coriander(Leaves),I Sort,Local,4000,4400,4200,31/03/2026
Tamil Nadu,Karur,Vengamedu(Uzhavar Sandhai ) APMC,Coriander(Leaves),I Sort,Local,5500,6000,5750,31/03/2026
Tamil Nadu,Krishnagiri,Avallapalli(Uzhavar Sandhai ) APMC,Coriander(Leaves),I Sort,Local,2500,3000,2750,31/03/2026
Tamil Nadu,Perambalur,Perambalur(Uzhavar Sandhai ) APMC,Coriander(Leaves),I Sort,Local,3000,3000,3000,31/03/2026
Tamil Nadu,Salem,Attayampatti(Uzhavar Sandhai ) APMC,Coriander(Leaves),I Sort,Local,2500,3000,2750,31/03/2026
Tamil Nadu,Sivaganga,Singampunari(Uzhavar Sandhai ) APMC,Coriander(Leaves),I Sort,Local,7000,7000,7000,31/03/2026
Tamil Nadu,Theni,Devaram(Uzhavar Sandhai ) APMC,Coriander(Leaves),I Sort,Local,3600,3600,3600,31/03/2026
Tamil Nadu,Theni,Chinnamanur(Uzhavar Sandhai ) APMC,Coriander(Leaves),I Sort,Local,3600,3600,3600,31/03/2026
Tamil Nadu,Thirunelveli,Palayamkottai(Uzhavar Sandhai ) APMC,Coriander(Leaves),I Sort,Local,4200,4600,4400,31/03/2026
Tamil Nadu,Thiruvarur,Mannargudi II(Uzhavar Sandhai ) APMC,Coriander(Leaves),I Sort,Local,4000,4000,4000,31/03/2026
Tamil Nadu,Thiruchirappalli,Thiruverumbur(Uzhavar Sandhai ) APMC,Coriander(Leaves),I Sort,Local,3000,3000,3000,31/03/2026
Tamil Nadu,Kallakuruchi,Sankarapuram(Uzhavar Sandhai ) APMC,Coriander(Leaves),I Sort,Local,4000,4000,4000,31/03/2026
Tamil Nadu,Theni,Andipatti(Uzhavar Sandhai ) APMC,Coriander(Leaves),I Sort,Local,3400,3600,3500,31/03/2026
Tamil Nadu,Salem,Mecheri(Uzhavar Sandhai),Coriander(Leaves),I Sort,Local,2000,2500,2250,31/03/2026
Tamil Nadu,Coimbatore,Sulur(Uzhavar Sandhai ) APMC,Coriander(Leaves),I Sort,Local,4400,4800,4600,31/03/2026
Tamil Nadu,Nagapattinam,Mayiladuthurai(Uzhavar Sandhai ) APMC,Coriander(Leaves),I Sort,Local,3500,4000,3750,31/03/2026
Tamil Nadu,Salem,Thammampatti (Uzhavar Sandhai ) APMC,Coriander(Leaves),I Sort,Local,1800,2000,1900,31/03/2026
Tamil Nadu,Erode,Gobichettipalayam(Uzhavar Sandhai ) APMC,Coriander(Leaves),I Sort,Local,4500,5000,4750,31/03/2026
Tamil Nadu,Coimbatore,Kurichi(Uzhavar Sandhai ) APMC,Coriander(Leaves),I Sort,Local,3500,4000,3750,31/03/2026
Tamil Nadu,Dharmapuri,Pennagaram(Uzhavar Sandhai ) APMC,Coriander(Leaves),I Sort,Local,3700,4000,3850,31/03/2026
Tamil Nadu,Krishnagiri,Krishnagiri(Uzhavar Sandhai ) APMC,Coriander(Leaves),I Sort,Local,2500,3000,2750,31/03/2026
Tamil Nadu,Nagapattinam,Sirkali(Uzhavar Sandhai ) APMC,Coriander(Leaves),I Sort,Local,3500,4000,3750,31/03/2026
Tamil Nadu,Namakkal,Kumarapalayam(Uzhavar Sandhai ) APMC,Coriander(Leaves),I Sort,Local,6000,6500,6250,31/03/2026
Tamil Nadu,Salem,Hasthampatti(Uzhavar Sandhai ) APMC,Coriander(Leaves),I Sort,Local,1500,1800,1650,31/03/2026
Tamil Nadu,Salem,Elampillai(Uzhavar Sandhai ) APMC,Coriander(Leaves),I Sort,Local,3000,3400,3200,31/03/2026
Tamil Nadu,Salem,Jalagandapuram(Uzhavar Sandhai ) APMC,Coriander(Leaves),I Sort,Local,1800,2000,1900,31/03/2026
Tamil Nadu,Sivaganga,Tirupatthur(Uzhavar Sandhai ) APMC,Coriander(Leaves),I Sort,Local,7000,8000,7500,31/03/2026
Tamil Nadu,Theni,Bodinayakanur(Uzhavar Sandhai ) APMC,Coriander(Leaves),I Sort,Local,3600,3600,3600,31/03/2026
Tamil Nadu,Thirunelveli,Melapalayam(Uzhavar Sandhai ) APMC,Coriander(Leaves),I Sort,Local,4000,4600,4300,31/03/2026
Tamil Nadu,Thiruvannamalai,Tiruvannamalai(Uzhavar Sandhai ) APMC,Coriander(Leaves),I Sort,Local,4000,5000,4500,31/03/2026
Tamil Nadu,Thiruvannamalai,Arani(Uzhavar Sandhai ) APMC,Coriander(Leaves),I Sort,Local,4000,5000,4500,31/03/2026
Tamil Nadu,Vellore,Kahithapattarai(Uzhavar Sandhai ) APMC,Coriander(Leaves),I Sort,Local,3500,3500,3500,31/03/2026
Tamil Nadu,Virudhunagar,Sivakasi(Uzhavar Sandhai ) APMC,Coriander(Leaves),I Sort,Local,5500,6000,5750,31/03/2026
Tamil Nadu,Thirupur,Palladam(Uzhavar Sandhai ) APMC,Coriander(Leaves),I Sort,Local,4000,5000,4500,31/03/2026
Tamil Nadu,Kallakuruchi,Kallakurichi(Uzhavar Sandhai ) APMC,Coriander(Leaves),I Sort,Local,6000,6000,6000,31/03/2026
Tamil Nadu,Salem,Ammapet(Uzhavar Sandhai ) APMC,Coriander(Leaves),I Sort,Local,3200,3400,3300,31/03/2026
Tamil Nadu,Dharmapuri,Harur(Uzhavar Sandhai ) APMC,Coriander(Leaves),I Sort,Local,3500,4000,3750,31/03/2026
Tamil Nadu,The Nilgiris,Gudalur(Uzhavar Sandhai ) APMC,Coriander(Leaves),I Sort,Local,6000,7000,6500,31/03/2026
Tamil Nadu,Vellore,Pallikonda(Uzhavar Sandhai),Coriander(Leaves),I Sort,Local,3500,3500,3500,31/03/2026
Tamil Nadu,Vellore,Perampet(Uzhavar Sandhai),Coriander(Leaves),I Sort,Local,4000,4000,4000,31/03/2026
Tamil Nadu,Karur,Gandhigramam(Uzhavar Sandhai),Coriander(Leaves),I Sort,Local,5500,6000,5750,31/03/2026
Tamil Nadu,Namakkal,Paramathivelur(Uzhavar Sandhai ) APMC,Coriander(Leaves),I Sort,Local,7200,8000,7600,31/03/2026
Tamil Nadu,Coimbatore,RSPuram(Uzhavar Sandhai ) APMC,Coriander(Leaves),I Sort,Local,4400,4800,4600,31/03/2026
Tamil Nadu,Cuddalore,Cuddalore(Uzhavar Sandhai ) APMC,Coriander(Leaves),I Sort,Local,4000,4000,4000,31/03/2026
Tamil Nadu,Erode,Perundurai(Uzhavar Sandhai ) APMC,Coriander(Leaves),I Sort,Local,4600,4800,4700,31/03/2026
Tamil Nadu,Karur,Pallapatti (Uzhavar Sandhai ) APMC,Coriander(Leaves),I Sort,Local,4500,5000,4750,31/03/2026
Tamil Nadu,Madurai,Palanganatham(Uzhavar Sandhai ) APMC,Coriander(Leaves),I Sort,Local,6500,7000,6750,31/03/2026
Tamil Nadu,Madurai,Usilampatti(Uzhavar Sandhai ) APMC,Coriander(Leaves),I Sort,Local,6500,7500,7000,31/03/2026
Tamil Nadu,Namakkal,Mohanur(Uzhavar Sandhai ) APMC,Coriander(Leaves),I Sort,Local,4800,6000,5400,31/03/2026
Tamil Nadu,The Nilgiris,Udhagamandalam(Uzhavar Sandhai ) APMC,Coriander(Leaves),I Sort,Local,7000,8000,7500,31/03/2026
Tamil Nadu,Salem,Mettur(Uzhavar Sandhai ) APMC,Coriander(Leaves),I Sort,Local,3000,3500,3250,31/03/2026
Tamil Nadu,Thanjavur,Pattukottai(Uzhavar Sandhai ) APMC,Coriander(Leaves),I Sort,Local,3500,3500,3500,31/03/2026
Tamil Nadu,Theni,Theni(Uzhavar Sandhai ) APMC,Coriander(Leaves),I Sort,Local,3600,3600,3600,31/03/2026
Tamil Nadu,Thiruvarur,Mannargudi I(Uzhavar Sandhai ) APMC,Coriander(Leaves),I Sort,Local,4000,4000,4000,31/03/2026
Tamil Nadu,Thiruchirappalli,Musiri(Uzhavar Sandhai ) APMC,Coriander(Leaves),I Sort,Local,2500,3000,2750,31/03/2026
Tamil Nadu,Thiruchirappalli,Manachanallur(Uzhavar Sandhai ) APMC,Coriander(Leaves),I Sort,Local,2800,2800,2800,31/03/2026
Tamil Nadu,Villupuram,Villupuram(Uzhavar Sandhai ) APMC,Coriander(Leaves),I Sort,Local,6000,6000,6000,31/03/2026
Tamil Nadu,Villupuram,Gingee(Uzhavar Sandhai ) APMC,Coriander(Leaves),I Sort,Local,5000,5000,5000,31/03/2026
Tamil Nadu,Ranipet,Arcot(Uzhavar Sandhai ) APMC,Coriander(Leaves),I Sort,Local,2000,2000,2000,31/03/2026
Tamil Nadu,Thirupur,Tiruppur (South) (Uzhavar Sandhai ) APMC,Coriander(Leaves),I Sort,Local,4000,5000,4500,31/03/2026
Tamil Nadu,Thirupur,Dharapuram(Uzhavar Sandhai ) APMC,Coriander(Leaves),I Sort,Local,5000,6000,5500,31/03/2026
Tamil Nadu,Nagercoil (Kannyiakumari),Vadaseri APMC,Coriander(Leaves),I Sort,Local,4500,5000,4750,31/03/2026
Tamil Nadu,Theni,Periyakulam(Uzhavar Sandhai ) APMC,Coriander(Leaves),I Sort,Local,3500,3600,3550,31/03/2026
Tamil Nadu,Vellore,Thirupathur APMC,Coriander(Leaves),I Sort,Local,4000,4000,4000,31/03/2026
Tamil Nadu,Krishnagiri,Kaveripattinam(Uzhavar Sandhai ) APMC,Coriander(Leaves),I Sort,Local,4000,4000,4000,31/03/2026
Rajasthan,Jalore,Jalore APMC,Coriander(Leaves),Coriander,Local,1200,1500,1300,31/03/2026
Gujarat,Amreli,Damnagar APMC,Coriander(Leaves),Coriander,Local,5000,5000,5000,31/03/2026
Kerala,Kollam,Kottarakkara APMC,Coriander(Leaves),Other,Local,7500,8000,7700,31/03/2026
Tamil Nadu,Theni,Theni(Uzhavar Sandhai ) APMC,Soyabean,Local,Local,10000,10000,10000,31/03/2026
Tamil Nadu,Virudhunagar,Kariyapatti(Uzhavar Sandhai ) APMC,Soyabean,Local,Local,9000,10000,9500,31/03/2026
Tamil Nadu,Madurai,Chokkikulam(Uzhavar Sandhai ) APMC,Soyabean,Local,Local,9000,10000,9500,31/03/2026
Tamil Nadu,Madurai,Palanganatham(Uzhavar Sandhai ) APMC,Soyabean,Local,Local,9000,10000,9500,31/03/2026
Tamil Nadu,Ramanathapuram,Paramakudi(Uzhavar Sandhai ) APMC,Soyabean,Local,Local,9000,10000,9500,31/03/2026
Tamil Nadu,Theni,Andipatti(Uzhavar Sandhai ) APMC,Soyabean,Local,Local,9000,10000,9500,31/03/2026
Rajasthan,Jhalawar,Khanpur APMC,Soyabean,Soyabeen,FAQ,5000,5624,5401,31/03/2026
Rajasthan,Jhalawar,Khanpur APMC,Mustard,Mustard,FAQ,6550,7001,6825,31/03/2026
Madhya Pradesh,Badwani,Anjad APMC,Wheat,Lokwan,FAQ,2200,2200,2200,31/03/2026
Madhya Pradesh,Khandwa,Pandhana APMC,Wheat,Wheat,Non-FAQ,2200,2200,2200,31/03/2026
Madhya Pradesh,Ratlam,Jaora APMC,Wheat,Wheat,Non-FAQ,2350,2350,2350,31/03/2026
Madhya Pradesh,Indore,Indore APMC,Wheat,Wheat,Non-FAQ,2000,2100,2030,31/03/2026
Madhya Pradesh,Shivpuri,Karera APMC,Wheat,Wheat,Non-FAQ,2120,2120,2120,31/03/2026
Madhya Pradesh,Tikamgarh,Niwadi APMC,Wheat,Mill Quality,Non-FAQ,79,2205,2200,31/03/2026
Madhya Pradesh,Dhar,Kukshi APMC,Wheat,Wheat,FAQ,2150,2160,2160,31/03/2026
Rajasthan,Jhalawar,Khanpur APMC,Wheat,Other,FAQ,1825,2468,2265,31/03/2026
Madhya Pradesh,Khargone,Bhikangaon APMC,Maize,Local,FAQ,1400,1456,1456,31/03/2026
Madhya Pradesh,Chhindwara,Amarwda APMC,Maize,Local,FAQ,1699,1699,1699,31/03/2026
Rajasthan,Jhalawar,Khanpur APMC,Maize,Other,Non-FAQ,1300,1335,1335,31/03/2026
