state,district,market,commodity,variety,grade,min_price,max_price,modal_price,price_date
Tamil Nadu,Tenkasi,Tenkasi(Uzhavar Sandhai ),Onion,Bellary,Local,5000,6000,5500,08/09/2026
Tamil Nadu,Thanjavur,Kumbakonam (Uzhavar Sandhai ),Onion,Bellary,Local,4800,8400,6600,08/09/2026
Tamil Nadu,Madurai,Thirumangalam(Uzhavar Sandhai ),Onion,Bellary,Local,6000,6500,6250,08/09/2026
Tamil Nadu,Vellore,Perampet(Uzhavar Sandhai),Onion,Bellary,Local,5200,5800,5500,08/09/2026
Tamil Nadu,Chengalpattu,Guduvancheri(Uzhavar Sandhai ),Onion,Bellary,Local,5000,6000,5500,08/09/2026
Tamil Nadu,Thirupathur,Vaniyampadi(Uzhavar Sandhai ),Onion,Bellary,Local,6000,6000,6000,08/09/2026
Tamil Nadu,Coimbatore,Kurichi(Uzhavar Sandhai ),Onion,Bellary,Local,5400,5800,5600,08/09/2026
Tamil Nadu,Krishnagiri,Kaveripattinam(Uzhavar Sandhai ),Onion,Bellary,Local,5000,5000,5000,08/09/2026
Tamil Nadu,Coimbatore,Sundarapuram(Uzhavar Sandhai ),Onion,Bellary,Local,5500,5800,5650,08/09/2026
Tamil Nadu,Namakkal,Tiruchengode APMC,Onion,Bellary,Local,5800,6500,6150,08/09/2026
Tamil Nadu,Coimbatore,RSPuram(Uzhavar Sandhai ),Onion,Bellary,Local,5200,5500,5350,08/09/2026
Tamil Nadu,Dharmapuri,Dharmapuri(Uzhavar Sandhai ),Onion,Bellary,Local,6200,6400,6300,08/09/2026
Tamil Nadu,Dindigul,Chinnalapatti(Uzhavar Sandhai ),Onion,Bellary,Local,5500,6500,6000,08/09/2026
Tamil Nadu,Sivaganga,Singampunari(Uzhavar Sandhai ),Onion,Bellary,Local,4200,6000,5100,08/09/2026
Tamil Nadu,Thanjavur,Pattukottai(Uzhavar Sandhai ),Onion,Bellary,Local,4600,6000,5300,08/09/2026
Tamil Nadu,Thanjavur,Thanjavur(Uzhavar Sandhai ),Onion,Bellary,Local,6000,6800,6400,08/09/2026
Tamil Nadu,Chengalpattu,Pallavaram(Uzhavar Sandhai ),Onion,Bellary,Local,5000,6000,5500,08/09/2026
Tamil Nadu,Villupuram,Ulundurpettai APMC,Onion,Bellary,Local,6000,6000,6000,08/09/2026
Tamil Nadu,Thiruvannamalai,Tiruvannamalai(Uzhavar Sandhai ),Onion,Bellary,Local,5000,6000,5500,08/09/2026
Tamil Nadu,Thiruvellore,Ambattur(Uzhavar Sandhai ),Onion,Bellary,Local,5000,5000,5000,08/09/2026
Tamil Nadu,Thanjavur,Papanasam(Uzhavar Sandhai ),Onion,Bellary,Local,4800,7200,6000,08/09/2026
Tamil Nadu,Namakkal,Rasipuram(Uzhavar Sandhai ),Onion,Bellary,Local,6000,6500,6250,08/09/2026
Tamil Nadu,Ranipet,Arcot(Uzhavar Sandhai ),Onion,Bellary,Local,5000,5600,5300,08/09/2026
Tamil Nadu,Salem,Sooramangalam(Uzhavar Sandhai ),Onion,Bellary,Local,5000,6000,5500,08/09/2026
Tamil Nadu,Theni,Chinnamanur(Uzhavar Sandhai ),Onion,Bellary,Local,6400,6400,6400,08/09/2026
Tamil Nadu,Cuddalore,Vadalur(Uzhavar Sandhai ),Onion,Bellary,Local,4500,5000,4750,08/09/2026
Tamil Nadu,Sivaganga,Sivagangai (Uzhavar Sandhai ),Onion,Bellary,Local,6200,6600,6400,08/09/2026
Tamil Nadu,Sivaganga,Devakottai (Uzhavar Sandhai ),Onion,Bellary,Local,6200,6800,6500,08/09/2026
Tamil Nadu,Karur,Karur(Uzhavar Sandhai ),Onion,Bellary,Local,4500,5000,4750,08/09/2026
Tamil Nadu,Vellore,Thirupathur APMC,Onion,Bellary,Local,5500,5500,5500,08/09/2026
Tamil Nadu,The Nilgiris,Coonoor(Uzhavar Sandhai ),Onion,Bellary,Local,6000,6400,6200,08/09/2026
Tamil Nadu,Karur,Kulithalai(Uzhavar Sandhai ),Onion,Bellary,Local,5600,6000,5800,08/09/2026
Tamil Nadu,Thirupur,Dharapuram(Uzhavar Sandhai ),Onion,Bellary,Local,6500,6500,6500,08/09/2026
Tamil Nadu,Salem,Athur(Uzhavar Sandhai ),Onion,Bellary,Local,5500,6500,6000,08/09/2026
Tamil Nadu,Coimbatore,Vadavalli(Uzhavar Sandhai ),Onion,Bellary,Local,5400,5700,5550,08/09/2026
Tamil Nadu,Thiruvannamalai,Arani(Uzhavar Sandhai ),Onion,Bellary,Local,5000,6000,5500,08/09/2026
Tamil Nadu,Thiruvarur,Mannargudi I(Uzhavar Sandhai ),Onion,Bellary,Local,5600,6400,6000,08/09/2026
Tamil Nadu,Vellore,Kahithapattarai(Uzhavar Sandhai ),Onion,Bellary,Local,6000,6000,6000,08/09/2026
Tamil Nadu,Villupuram,Villupuram(Uzhavar Sandhai ),Onion,Bellary,Local,6000,6000,6000,08/09/2026
Tamil Nadu,Thiruvannamalai,Cheyyar(Uzhavar Sandhai ),Onion,Bellary,Local,5000,6000,5500,08/09/2026
Tamil Nadu,Ariyalur,Ariyalur(Uzhavar Sandhai),Onion,Bellary,Local,5000,5500,5250,08/09/2026
Tamil Nadu,Erode,Thalavadi(Uzhavar Sandhai ),Onion,Bellary,Local,5400,5800,5600,08/09/2026
Tamil Nadu,Nagapattinam,Nagapattinam(Uzhavar Sandhai ),Onion,Bellary,Local,2700,3500,3100,08/09/2026
Tamil Nadu,Pudukkottai,Pudukottai(Uzhavar Sandhai ),Onion,Bellary,Local,6000,7000,6500,08/09/2026
Tamil Nadu,Theni,Bodinayakanur(Uzhavar Sandhai ),Onion,Bellary,Local,6200,6200,6200,08/09/2026
Tamil Nadu,Thiruvarur,Needamangalam(Uzhavar Sandhai ),Onion,Bellary,Local,5400,5400,5400,08/09/2026
Tamil Nadu,Villupuram,Gingee(Uzhavar Sandhai ),Onion,Bellary,Local,5000,6000,5500,08/09/2026
Tamil Nadu,Thiruchirappalli,Manapparai(Uzhavar Sandhai ),Onion,Bellary,Local,5000,6000,5500,08/09/2026
Tamil Nadu,Virudhunagar,Rajapalayam(Uzhavar Sandhai ),Onion,Bellary,Local,6000,6500,6250,08/09/2026
Tamil Nadu,Chengalpattu,Jameenrayapettai(Uzhavar Sandhai ),Onion,Bellary,Local,5000,6000,5500,08/09/2026
Tamil Nadu,Coimbatore,Mettupalayam(Uzhavar Sandhai ),Onion,Bellary,Local,5500,6200,5850,08/09/2026
Tamil Nadu,Ariyalur,Jeyankondam (Uzhavar Sandhai ),Onion,Bellary,Local,5400,6000,5700,08/09/2026
Tamil Nadu,Coimbatore,Pollachi(Uzhavar Sandhai ),Onion,Bellary,Local,5500,6000,5750,08/09/2026
Tamil Nadu,Dindigul,Dindigul(Uzhavar Sandhai ),Onion,Bellary,Local,6000,6500,6250,08/09/2026
Tamil Nadu,Kancheepuram,Kancheepuram(Uzhavar Sandhai ),Onion,Bellary,Local,5500,6000,5750,08/09/2026
Tamil Nadu,Kancheepuram,Kundrathur(Uzhavar Sandhai ),Onion,Bellary,Local,5000,5000,5000,08/09/2026
Tamil Nadu,Krishnagiri,Avallapalli(Uzhavar Sandhai ),Onion,Bellary,Local,5500,6000,5750,08/09/2026
Tamil Nadu,Dharmapuri,Karimangalam(Uzhavar Sandhai),Onion,Bellary,Local,5500,6000,5750,08/09/2026
Tamil Nadu,Namakkal,Kumarapalayam(Uzhavar Sandhai ),Onion,Bellary,Local,2800,3000,2900,08/09/2026
Tamil Nadu,Namakkal,Mohanur(Uzhavar Sandhai ),Onion,Bellary,Local,6000,6500,6250,08/09/2026
Tamil Nadu,Namakkal,Namakkal(Uzhavar Sandhai ),Onion,Bellary,Local,5800,6400,6100,08/09/2026
Tamil Nadu,Madurai,Palanganatham(Uzhavar Sandhai ),Onion,Bellary,Local,4000,6500,5250,08/09/2026
Tamil Nadu,Ranipet,Ranipettai(Uzhavar Sandhai ),Onion,Bellary,Local,5500,5500,5500,08/09/2026
Tamil Nadu,Salem,Thammampatti (Uzhavar Sandhai ),Onion,Bellary,Local,5500,6500,6000,08/09/2026
Tamil Nadu,Thirunelveli,NGO Colony(Uzhavar Sandhai ),Onion,Bellary,Local,5500,6000,5750,08/09/2026
Tamil Nadu,Thirunelveli,Palayamkottai(Uzhavar Sandhai ),Onion,Bellary,Local,5800,6200,6000,08/09/2026
Tamil Nadu,Thirupur,Tiruppur (North) (Uzhavar Sandhai ),Onion,Bellary,Local,5000,6000,5500,08/09/2026
Tamil Nadu,Thiruvarur,Muthupettai(Uzhavar Sandhai ),Onion,Bellary,Local,6000,6000,6000,08/09/2026
Tamil Nadu,Salem,Hasthampatti(Uzhavar Sandhai ),Onion,Bellary,Local,6000,6200,6100,08/09/2026
Tamil Nadu,Cuddalore,Cuddalore(Uzhavar Sandhai ),Onion,Bellary,Local,5000,6000,5500,08/09/2026
Tamil Nadu,Tuticorin,Tuticorin(Uzhavar Sandhai ),Onion,Bellary,Local,5000,6000,5500,08/09/2026
Tamil Nadu,Pudukkottai,Karambakkudi(Uzhavar Sandhai ),Onion,Bellary,Local,6000,7000,6500,08/09/2026
Tamil Nadu,The Nilgiris,Gudalur(Uzhavar Sandhai ),Onion,Bellary,Local,5000,6000,5500,08/09/2026
Tamil Nadu,Erode,Gobichettipalayam(Uzhavar Sandhai ),Onion,Bellary,Local,6500,7000,6750,08/09/2026
Tamil Nadu,Vellore,Pallikonda(Uzhavar Sandhai),Onion,Bellary,Local,5800,5800,5800,08/09/2026
Tamil Nadu,Pudukkottai,Ponnamaravathi(Uzhavar Sandhai),Onion,Bellary,Local,5500,6000,5750,08/09/2026
Tamil Nadu,Nagapattinam,Mayiladuthurai(Uzhavar Sandhai ),Onion,Bellary,Local,3600,4000,3800,08/09/2026
Tamil Nadu,Pudukkottai,Viralimalai(Uzhavar Sandhai ),Onion,Bellary,Local,6000,7000,6500,08/09/2026
Tamil Nadu,Ramanathapuram,Paramakudi(Uzhavar Sandhai ),Onion,Bellary,Local,6000,6500,6250,08/09/2026
Tamil Nadu,Pudukkottai,Alangudi(Uzhavar Sandhai ),Onion,Bellary,Local,6500,7000,6750,08/09/2026
Tamil Nadu,Thiruvarur,Mannargudi II(Uzhavar Sandhai ),Onion,Bellary,Local,5600,6400,6000,08/09/2026
Tamil Nadu,Thiruvellore,Perambakkam(Uzhavar Sandhai ),Onion,Bellary,Local,5000,5000,5000,08/09/2026
Tamil Nadu,Tuticorin,Kovilpatti(Uzhavar Sandhai ),Onion,Bellary,Local,5500,6000,5750,08/09/2026
Tamil Nadu,Sivaganga,Tirupatthur(Uzhavar Sandhai ),Onion,Bellary,Local,6500,7000,6750,08/09/2026
Tamil Nadu,Thiruchirappalli,KKNagar(Uzhavar Sandhai ),Onion,Bellary,Local,6600,6600,6600,08/09/2026
Tamil Nadu,Virudhunagar,Sathur(Uzhavar Sandhai ),Onion,Bellary,Local,4500,5000,4750,08/09/2026
Tamil Nadu,Virudhunagar,Sivakasi(Uzhavar Sandhai ),Onion,Bellary,Local,5000,6000,5500,08/09/2026
Tamil Nadu,Chengalpattu,Chengalpet(Uzhavar Sandhai ),Onion,Bellary,Local,5000,6000,5500,08/09/2026
Tamil Nadu,Chengalpattu,Madhuranthagam(Uzhavar Sandhai ),Onion,Bellary,Local,6000,6000,6000,08/09/2026
Tamil Nadu,Krishnagiri,Krishnagiri(Uzhavar Sandhai ),Onion,Bellary,Local,2000,6000,4000,08/09/2026
Tamil Nadu,Virudhunagar,Aruppukottai(Uzhavar Sandhai ),Onion,Bellary,Local,5000,6000,5500,08/09/2026
Tamil Nadu,Thiruvellore,Tiruthani(Uzhavar Sandhai ),Onion,Bellary,Local,5000,5000,5000,08/09/2026
Tamil Nadu,Dindigul,Vedasanthur(Uzhavar Sandhai ),Onion,Bellary,Local,6000,6500,6250,08/09/2026
Tamil Nadu,Erode,Perundurai(Uzhavar Sandhai ),Onion,Bellary,Local,6000,6500,6250,08/09/2026
Tamil Nadu,Kancheepuram,Padappai(Uzhavar Sandhai ),Onion,Bellary,Local,5500,6000,5750,08/09/2026
Tamil Nadu,Kancheepuram,Sunguvarchatram(Uzhavar Sandhai ),Onion,Bellary,Local,5000,5000,5000,08/09/2026
Tamil Nadu,Madurai,Anaiyur(Uzhavar Sandhai ),Onion,Bellary,Local,4000,6500,5250,08/09/2026
Tamil Nadu,Perambalur,Perambalur(Uzhavar Sandhai ),Onion,Bellary,Local,6000,6600,6300,08/09/2026
Tamil Nadu,Thiruchirappalli,Thuraiyur APMC,Onion,Bellary,Local,5500,6500,6000,08/09/2026
Tamil Nadu,Thirupur,Kangayam(Uzhavar Sandhai ),Onion,Bellary,Local,4000,4800,4400,08/09/2026
Tamil Nadu,Thiruvannamalai,Chengam(Uzhavar Sandhai ),Onion,Bellary,Local,5000,6000,5500,08/09/2026
Tamil Nadu,Ramanathapuram,Ramanathapuram(Uzhavar Sandhai ),Onion,Bellary,Local,6500,7000,6750,08/09/2026
Tamil Nadu,Thiruvellore,Naravarikuppam(Uzhavar Sandhai ),Onion,Bellary,Local,5000,5000,5000,08/09/2026
Tamil Nadu,Thiruvellore,Paruthipattu(Uzhavar Sandhai ),Onion,Bellary,Local,5000,5000,5000,08/09/2026
Tamil Nadu,Thirupathur,Natrampalli(Uzhavar Sandhai ),Onion,Bellary,Local,5000,6000,5500,08/09/2026
Tamil Nadu,Coimbatore,Udumalpet APMC,Onion,Bellary,Local,6000,6500,6250,08/09/2026
Tamil Nadu,Erode,Sathiyamagalam(Uzhavar Sandhai ),Onion,Bellary,Local,5500,6000,5750,08/09/2026
Tamil Nadu,Dharmapuri,Palacode(Uzhavar Sandhai ),Onion,Bellary,Local,6000,6200,6100,08/09/2026
Tamil Nadu,Dindigul,Palani(Uzhavar Sandhai ),Onion,Bellary,Local,5000,6500,5750,08/09/2026
Tamil Nadu,Kallakuruchi,Sankarapuram(Uzhavar Sandhai ),Onion,Bellary,Local,6000,6000,6000,08/09/2026
Tamil Nadu,Krishnagiri,Denkanikottai(Uzhavar Sandhai ),Onion,Bellary,Local,5000,6000,5500,08/09/2026
Tamil Nadu,Nagercoil (Kannyiakumari),Vadaseri APMC,Onion,Bellary,Local,5500,6000,5750,08/09/2026
Tamil Nadu,Vellore,Vellore APMC,Onion,Bellary,Local,5800,5800,5800,08/09/2026
Tamil Nadu,Dharmapuri,Harur(Uzhavar Sandhai ),Onion,Bellary,Local,5000,6000,5500,08/09/2026
Tamil Nadu,Virudhunagar,Kariyapatti(Uzhavar Sandhai ),Onion,Bellary,Local,5500,6000,5750,08/09/2026
Tamil Nadu,Thiruvellore,Tiruvallur(Uzhavar Sandhai ),Onion,Bellary,Local,5000,5000,5000,08/09/2026
Tamil Nadu,Vellore,Katpadi (Uzhavar Sandhai ),Onion,Bellary,Local,6200,6200,6200,08/09/2026
Tamil Nadu,Madurai,Melur(Uzhavar Sandhai ),Onion,Bellary,Local,6000,6500,6250,08/09/2026
Tamil Nadu,Salem,Vazhapadi(Uzhavar Sandhai),Onion,Bellary,Local,5500,6000,5750,08/09/2026
Tamil Nadu,Pudukkottai,Aranthangi(Uzhavar Sandhai ),Onion,Bellary,Local,6500,7000,6750,08/09/2026
Tamil Nadu,Salem,Jalagandapuram(Uzhavar Sandhai ),Onion,Bellary,Local,6000,6500,6250,08/09/2026
Tamil Nadu,Thiruchirappalli,Manachanallur(Uzhavar Sandhai ),Onion,Bellary,Local,5000,6500,5750,08/09/2026
Tamil Nadu,Thiruchirappalli,Musiri(Uzhavar Sandhai ),Onion,Bellary,Local,5000,6500,5750,08/09/2026
Tamil Nadu,Thiruchirappalli,Thiruverumbur(Uzhavar Sandhai ),Onion,Bellary,Local,4600,6000,5300,08/09/2026
Tamil Nadu,Virudhunagar,Thalavaipuram(Uzhavar Sandhai ),Onion,Bellary,Local,5000,6000,5500,08/09/2026
Tamil Nadu,Virudhunagar,Virudhunagar(Uzhavar Sandhai ),Onion,Bellary,Local,5500,6000,5750,08/09/2026
Tamil Nadu,Chengalpattu,Medavakkam(Uzhavar Sandhai ),Onion,Bellary,Local,6000,6000,6000,08/09/2026
Tamil Nadu,Nagercoil (Kannyiakumari),Myladi(Uzhavar Sandhai ),Onion,Bellary,Local,6500,7000,6750,08/09/2026
Tamil Nadu,Thanjavur,Tirukattupalli(Uzhavar Sandhai ),Onion,Bellary,Local,6000,6800,6400,08/09/2026
Tamil Nadu,Madurai,Anna nagar(Uzhavar Sandhai ),Onion,Bellary,Local,6000,6800,6400,08/09/2026
Tamil Nadu,Salem,Ammapet(Uzhavar Sandhai ),Onion,Bellary,Local,5500,6200,5850,08/09/2026
Tamil Nadu,Salem,Mettur(Uzhavar Sandhai ),Onion,Bellary,Local,6000,6500,6250,08/09/2026
Tamil Nadu,Theni,Theni(Uzhavar Sandhai ),Onion,Bellary,Local,5000,6400,5700,08/09/2026
Tamil Nadu,Thirunelveli,Melapalayam(Uzhavar Sandhai ),Onion,Bellary,Local,5000,6200,5600,08/09/2026
Tamil Nadu,Cuddalore,Panruti(Uzhavar Sandhai ),Onion,Bellary,Local,5000,5000,5000,08/09/2026
Tamil Nadu,Thanjavur,Peravurani(Uzhavar Sandhai),Onion,Bellary,Local,6000,6000,6000,08/09/2026
Tamil Nadu,Salem,Elampillai(Uzhavar Sandhai ),Onion,Bellary,Local,5000,6500,5750,08/09/2026
Tamil Nadu,Madurai,Chokkikulam(Uzhavar Sandhai ),Onion,Bellary,Local,4000,6500,5250,08/09/2026
Tamil Nadu,Nagapattinam,Vedaranyam(Uzhavar Sandhai),Onion,Bellary,Local,3800,4000,3900,08/09/2026
Tamil Nadu,Kallakuruchi,Kallakurichi(Uzhavar Sandhai ),Onion,Bellary,Local,6000,6000,6000,08/09/2026
Tamil Nadu,Theni,Periyakulam(Uzhavar Sandhai ),Onion,Bellary,Local,6200,6400,6300,08/09/2026
Tamil Nadu,Virudhunagar,Srivilliputhur(Uzhavar Sandhai ),Onion,Bellary,Local,5000,6000,5500,08/09/2026
Tamil Nadu,Erode,Sampath Nagar(Uzhavar Sandhai ),Onion,Bellary,Local,6200,6600,6400,08/09/2026
Tamil Nadu,Thiruvannamalai,Polur(Uzhavar Sandhai ),Onion,Bellary,Local,5000,6000,5500,08/09/2026
Tamil Nadu,Vellore,Gudiyatham(Uzhavar Sandhai ),Onion,Bellary,Local,5800,5800,5800,08/09/2026
Tamil Nadu,Cuddalore,Chidambaram(Uzhavar Sandhai ),Onion,Bellary,Local,5000,5000,5000,08/09/2026
Tamil Nadu,Coimbatore,Singanallur(Uzhavar Sandhai ),Onion,Bellary,Local,5400,6000,5700,08/09/2026
Tamil Nadu,Sivaganga,Karaikudi(Uzhavar Sandhai ),Onion,Bellary,Local,6500,7000,6750,08/09/2026
Tamil Nadu,Thiruchirappalli,Lalgudi(Uzhavar Sandhai ),Onion,Bellary,Local,6000,6000,6000,08/09/2026
Tamil Nadu,Chengalpattu,Nanganallur(Uzhavar Sandhai ),Onion,Bellary,Local,5500,6000,5750,08/09/2026
Tamil Nadu,Villupuram,Tindivanam APMC,Onion,Bellary,Local,5800,5800,5800,08/09/2026
Tamil Nadu,Cuddalore,Viruthachalam(Uzhavar Sandhai ),Onion,Bellary,Local,5000,5000,5000,08/09/2026
Tamil Nadu,Tenkasi,Sankarankoil(Uzhavar Sandhai ),Onion,Bellary,Local,6000,6500,6250,08/09/2026
Tamil Nadu,The Nilgiris,Udhagamandalam(Uzhavar Sandhai ),Onion,Bellary,Local,6000,6400,6200,08/09/2026
Tamil Nadu,Theni,Andipatti(Uzhavar Sandhai ),Onion,Bellary,Local,6000,6400,6200,08/09/2026
Tamil Nadu,Karur,Gandhigramam(Uzhavar Sandhai),Onion,Bellary,Local,5500,6500,6000,08/09/2026
Tamil Nadu,Thirupur,Tiruppur (South) (Uzhavar Sandhai ),Onion,Bellary,Local,4000,4000,4000,08/09/2026
Tamil Nadu,Dharmapuri,Pennagaram(Uzhavar Sandhai ),Onion,Bellary,Local,5500,6000,5750,08/09/2026
Tamil Nadu,Krishnagiri,Hosur(Uzhavar Sandhai ),Onion,Bellary,Local,5500,6000,5750,08/09/2026
Tamil Nadu,Madurai,Usilampatti(Uzhavar Sandhai ),Onion,Bellary,Local,6000,6500,6250,08/09/2026
Tamil Nadu,Nagapattinam,Sirkali(Uzhavar Sandhai ),Onion,Bellary,Local,5500,6000,5750,08/09/2026
Tamil Nadu,Namakkal,Paramathivelur(Uzhavar Sandhai ),Onion,Bellary,Local,6000,6500,6250,08/09/2026
Tamil Nadu,Salem,Thathakapatti(Uzhavar Sandhai ),Onion,Bellary,Local,6000,6200,6100,08/09/2026
Tamil Nadu,Theni,Kambam(Uzhavar Sandhai ),Onion,Bellary,Local,5800,6000,5900,08/09/2026
Tamil Nadu,Thiruvannamalai,Keelpennathur(Uzhavar Sandhai ),Onion,Bellary,Local,5500,6000,5750,08/09/2026
Tamil Nadu,Thiruvannamalai,Vandavasi(Uzhavar Sandhai ),Onion,Bellary,Local,5000,6000,5500,08/09/2026
Tamil Nadu,Coimbatore,Sulur(Uzhavar Sandhai ),Onion,Bellary,Local,5400,6000,5700,08/09/2026
Tamil Nadu,Pudukkottai,Gandarvakottai(Uzhavar Sandhai ),Onion,Bellary,Local,6000,7000,6500,08/09/2026
Tamil Nadu,Dharmapuri,AJattihalli(Uzhavar Sandhai ),Onion,Bellary,Local,5500,6400,5950,08/09/2026
Tamil Nadu,Theni,Devaram(Uzhavar Sandhai ),Onion,Bellary,Local,6500,6500,6500,08/09/2026
Tamil Nadu,Salem,Edapadi (Uzhavar Sandhai ),Onion,Bellary,Local,6000,6500,6250,08/09/2026
Tamil Nadu,Nagapattinam,Nagapattinam(Uzhavar Sandhai ),Onion Green,Onion Green,Local,6600,7500,7050,08/09/2026
Tamil Nadu,Theni,Andipatti(Uzhavar Sandhai ),Onion Green,Onion Green,Local,7000,7400,7200,08/09/2026
Tamil Nadu,Thiruvarur,Needamangalam(Uzhavar Sandhai ),Onion Green,Onion Green,Local,8000,8000,8000,08/09/2026
Tamil Nadu,Thiruvarur,Valangaiman APMC,Onion Green,Onion Green,Local,8000,8000,8000,08/09/2026
Tamil Nadu,Thirupur,Dharapuram(Uzhavar Sandhai ),Onion Green,Onion Green,Local,7000,7000,7000,08/09/2026
Tamil Nadu,The Nilgiris,Coonoor(Uzhavar Sandhai ),Onion Green,Onion Green,Local,7000,7500,7250,08/09/2026
Tamil Nadu,Dindigul,Kodaikkanal(Uzhavar Sandhai),Onion Green,Onion Green,Local,7000,7500,7250,08/09/2026
Tamil Nadu,Coimbatore,RSPuram(Uzhavar Sandhai ),Onion Green,Onion Green,Local,8000,8500,8250,08/09/2026
Tamil Nadu,Erode,Periyar Nagar(Uzhavar Sandhai ),Onion Green,Onion Green,Local,6500,7000,6750,08/09/2026
Tamil Nadu,Kancheepuram,Sunguvarchatram(Uzhavar Sandhai ),Onion Green,Onion Green,Local,6000,6000,6000,08/09/2026
Tamil Nadu,Salem,Jalagandapuram(Uzhavar Sandhai ),Onion Green,Onion Green,Local,6400,6800,6600,08/09/2026
Tamil Nadu,Sivaganga,Karaikudi(Uzhavar Sandhai ),Onion Green,Onion Green,Local,7500,8500,8000,08/09/2026
Tamil Nadu,Thiruchirappalli,Lalgudi(Uzhavar Sandhai ),Onion Green,Onion Green,Local,8000,9000,8500,08/09/2026
Tamil Nadu,Virudhunagar,Sathur(Uzhavar Sandhai ),Onion Green,Onion Green,Local,6500,7000,6750,08/09/2026
Tamil Nadu,Virudhunagar,Virudhunagar(Uzhavar Sandhai ),Onion Green,Onion Green,Local,7400,8000,7700,08/09/2026
Tamil Nadu,Chengalpattu,Madhuranthagam(Uzhavar Sandhai ),Onion Green,Onion Green,Local,4000,4000,4000,08/09/2026
Tamil Nadu,Nagercoil (Kannyiakumari),Myladi(Uzhavar Sandhai ),Onion Green,Onion Green,Local,8000,9000,8500,08/09/2026
Tamil Nadu,Erode,Sampath Nagar(Uzhavar Sandhai ),Onion Green,Onion Green,Local,6500,7000,6750,08/09/2026
Tamil Nadu,Nagapattinam,Mayiladuthurai(Uzhavar Sandhai ),Onion Green,Onion Green,Local,5500,6000,5750,08/09/2026
Tamil Nadu,Thiruvannamalai,Tiruvannamalai(Uzhavar Sandhai ),Onion Green,Onion Green,Local,7000,8000,7500,08/09/2026
Tamil Nadu,Vellore,Gudiyatham(Uzhavar Sandhai ),Onion Green,Onion Green,Local,8600,9000,8800,08/09/2026
Tamil Nadu,Villupuram,Villupuram(Uzhavar Sandhai ),Onion Green,Onion Green,Local,7000,7000,7000,08/09/2026
Tamil Nadu,Madurai,Palanganatham(Uzhavar Sandhai ),Onion Green,Onion Green,Local,7500,8000,7750,08/09/2026
Tamil Nadu,Madurai,Anna nagar(Uzhavar Sandhai ),Onion Green,Onion Green,Local,7800,8000,7900,08/09/2026
Tamil Nadu,Salem,Mecheri(Uzhavar Sandhai),Onion Green,Onion Green,Local,6000,6500,6250,08/09/2026
Tamil Nadu,Ranipet,Ranipettai(Uzhavar Sandhai ),Onion Green,Onion Green,Local,8000,8800,8400,08/09/2026
Tamil Nadu,Theni,Theni(Uzhavar Sandhai ),Onion Green,Onion Green,Local,4000,7500,5750,08/09/2026
Tamil Nadu,Thirunelveli,Melapalayam(Uzhavar Sandhai ),Onion Green,Onion Green,Local,5500,7800,6650,08/09/2026
Tamil Nadu,Cuddalore,Panruti(Uzhavar Sandhai ),Onion Green,Onion Green,Local,7000,7000,7000,08/09/2026
Tamil Nadu,Cuddalore,Vadalur(Uzhavar Sandhai ),Onion Green,Onion Green,Local,8000,8000,8000,08/09/2026
Tamil Nadu,Sivaganga,Devakottai (Uzhavar Sandhai ),Onion Green,Onion Green,Local,7400,8200,7800,08/09/2026
Tamil Nadu,Salem,Edapadi (Uzhavar Sandhai ),Onion Green,Onion Green,Local,6400,6800,6600,08/09/2026
Tamil Nadu,Vellore,Vellore APMC,Onion Green,Onion Green,Local,8000,8000,8000,08/09/2026
Tamil Nadu,Vellore,Perampet(Uzhavar Sandhai),Onion Green,Onion Green,Local,8000,9000,8500,08/09/2026
Tamil Nadu,Thirupathur,Vaniyampadi(Uzhavar Sandhai ),Onion Green,Onion Green,Local,8000,8000,8000,08/09/2026
Tamil Nadu,Thirupur,Palladam(Uzhavar Sandhai ),Onion Green,Onion Green,Local,7000,7500,7250,08/09/2026
Tamil Nadu,Kallakuruchi,Kallakurichi(Uzhavar Sandhai ),Onion Green,Onion Green,Local,7000,7000,7000,08/09/2026
Tamil Nadu,Vellore,Pallikonda(Uzhavar Sandhai),Onion Green,Onion Green,Local,8000,8000,8000,08/09/2026
Tamil Nadu,Pudukkottai,Ponnamaravathi(Uzhavar Sandhai),Onion Green,Onion Green,Local,7500,8000,7750,08/09/2026
Tamil Nadu,Thiruvannamalai,Polur(Uzhavar Sandhai ),Onion Green,Onion Green,Local,5000,6000,5500,08/09/2026
Tamil Nadu,Cuddalore,Viruthachalam(Uzhavar Sandhai ),Onion Green,Onion Green,Local,8000,8000,8000,08/09/2026
Tamil Nadu,Tenkasi,Tenkasi(Uzhavar Sandhai ),Onion Green,Onion Green,Local,5000,6000,5500,08/09/2026
Tamil Nadu,Virudhunagar,Kariyapatti(Uzhavar Sandhai ),Onion Green,Onion Green,Local,7500,8000,7750,08/09/2026
Tamil Nadu,Vellore,Katpadi (Uzhavar Sandhai ),Onion Green,Onion Green,Local,8000,8000,8000,08/09/2026
Tamil Nadu,Sivaganga,Singampunari(Uzhavar Sandhai ),Onion Green,Onion Green,Local,7600,8200,7900,08/09/2026
Tamil Nadu,Thanjavur,Pattukottai(Uzhavar Sandhai ),Onion Green,Onion Green,Local,7800,7800,7800,08/09/2026
Tamil Nadu,Thanjavur,Thanjavur(Uzhavar Sandhai ),Onion Green,Onion Green,Local,8000,8000,8000,08/09/2026
Tamil Nadu,Thiruchirappalli,Manapparai(Uzhavar Sandhai ),Onion Green,Onion Green,Local,7000,8000,7500,08/09/2026
Tamil Nadu,Chengalpattu,Chengalpet(Uzhavar Sandhai ),Onion Green,Onion Green,Local,9000,10000,9500,08/09/2026
Tamil Nadu,Chengalpattu,Pallavaram(Uzhavar Sandhai ),Onion Green,Onion Green,Local,10000,11000,10500,08/09/2026
Tamil Nadu,Villupuram,Ulundurpettai APMC,Onion Green,Onion Green,Local,7000,7000,7000,08/09/2026
Tamil Nadu,Coimbatore,Singanallur(Uzhavar Sandhai ),Onion Green,Onion Green,Local,8000,8500,8250,08/09/2026
Tamil Nadu,Dharmapuri,Pennagaram(Uzhavar Sandhai ),Onion Green,Onion Green,Local,5500,6000,5750,08/09/2026
Tamil Nadu,Kancheepuram,Kancheepuram(Uzhavar Sandhai ),Onion Green,Onion Green,Local,3500,4500,4000,08/09/2026
Tamil Nadu,Kancheepuram,Kundrathur(Uzhavar Sandhai ),Onion Green,Onion Green,Local,6000,6000,6000,08/09/2026
Tamil Nadu,Krishnagiri,Denkanikottai(Uzhavar Sandhai ),Onion Green,Onion Green,Local,8000,9000,8500,08/09/2026
Tamil Nadu,Namakkal,Kumarapalayam(Uzhavar Sandhai ),Onion Green,Onion Green,Local,5000,7000,6000,08/09/2026
Tamil Nadu,Thanjavur,Tirukattupalli(Uzhavar Sandhai ),Onion Green,Onion Green,Local,8000,8000,8000,08/09/2026
Tamil Nadu,Ranipet,Arcot(Uzhavar Sandhai ),Onion Green,Onion Green,Local,9000,9000,9000,08/09/2026
Tamil Nadu,Salem,Ammapet(Uzhavar Sandhai ),Onion Green,Onion Green,Local,6400,6800,6600,08/09/2026
Tamil Nadu,Thirunelveli,Kandiyaperi(Uzhavar Sandhai ),Onion Green,Onion Green,Local,5500,6800,6150,08/09/2026
Tamil Nadu,Thiruvannamalai,Vandavasi(Uzhavar Sandhai ),Onion Green,Onion Green,Local,5000,6000,5500,08/09/2026
Tamil Nadu,Coimbatore,Sulur(Uzhavar Sandhai ),Onion Green,Onion Green,Local,8000,8500,8250,08/09/2026
Tamil Nadu,Pudukkottai,Gandarvakottai(Uzhavar Sandhai ),Onion Green,Onion Green,Local,8000,9000,8500,08/09/2026
Tamil Nadu,Karur,Vengamedu(Uzhavar Sandhai ),Onion Green,Onion Green,Local,7500,8000,7750,08/09/2026
Tamil Nadu,Cuddalore,Chidambaram(Uzhavar Sandhai ),Onion Green,Onion Green,Local,7000,8000,7500,08/09/2026
Tamil Nadu,Pudukkottai,Karambakkudi(Uzhavar Sandhai ),Onion Green,Onion Green,Local,7000,8000,7500,08/09/2026
Tamil Nadu,Vellore,Thirupathur APMC,Onion Green,Onion Green,Local,7500,7500,7500,08/09/2026
Tamil Nadu,The Nilgiris,Gudalur(Uzhavar Sandhai ),Onion Green,Onion Green,Local,7500,8000,7750,08/09/2026
Tamil Nadu,Coimbatore,Mettupalayam(Uzhavar Sandhai ),Onion Green,Onion Green,Local,7000,7800,7400,08/09/2026
Tamil Nadu,Madurai,Chokkikulam(Uzhavar Sandhai ),Onion Green,Onion Green,Local,7500,8000,7750,08/09/2026
Tamil Nadu,Erode,Gobichettipalayam(Uzhavar Sandhai ),Onion Green,Onion Green,Local,7500,8000,7750,08/09/2026
Tamil Nadu,Pudukkottai,Viralimalai(Uzhavar Sandhai ),Onion Green,Onion Green,Local,8000,9000,8500,08/09/2026
Tamil Nadu,Ramanathapuram,Paramakudi(Uzhavar Sandhai ),Onion Green,Onion Green,Local,8000,9000,8500,08/09/2026
Tamil Nadu,Ramanathapuram,Ramanathapuram(Uzhavar Sandhai ),Onion Green,Onion Green,Local,9500,10000,9750,08/09/2026
Tamil Nadu,Thiruvannamalai,Arani(Uzhavar Sandhai ),Onion Green,Onion Green,Local,5000,6000,5500,08/09/2026
Tamil Nadu,Thiruvarur,Mannargudi I(Uzhavar Sandhai ),Onion Green,Onion Green,Local,8800,8800,8800,08/09/2026
Tamil Nadu,Thiruvarur,Mannargudi II(Uzhavar Sandhai ),Onion Green,Onion Green,Local,8400,8800,8600,08/09/2026
Tamil Nadu,Vellore,Kahithapattarai(Uzhavar Sandhai ),Onion Green,Onion Green,Local,9000,9000,9000,08/09/2026
Tamil Nadu,Thiruvannamalai,Cheyyar(Uzhavar Sandhai ),Onion Green,Onion Green,Local,5000,6000,5500,08/09/2026
Tamil Nadu,Salem,Hasthampatti(Uzhavar Sandhai ),Onion Green,Onion Green,Local,6000,6500,6250,08/09/2026
Tamil Nadu,Chengalpattu,Jameenrayapettai(Uzhavar Sandhai ),Onion Green,Onion Green,Local,10000,11000,10500,08/09/2026
Tamil Nadu,Krishnagiri,Krishnagiri(Uzhavar Sandhai ),Onion Green,Onion Green,Local,7000,8000,7500,08/09/2026
Tamil Nadu,Villupuram,Gingee(Uzhavar Sandhai ),Onion Green,Onion Green,Local,7500,7500,7500,08/09/2026
Tamil Nadu,Thirupathur,Natrampalli(Uzhavar Sandhai ),Onion Green,Onion Green,Local,7000,8000,7500,08/09/2026
Tamil Nadu,Coimbatore,Vadavalli(Uzhavar Sandhai ),Onion Green,Onion Green,Local,8000,8400,8200,08/09/2026
Tamil Nadu,Erode,Perundurai(Uzhavar Sandhai ),Onion Green,Onion Green,Local,7000,7500,7250,08/09/2026
Tamil Nadu,Dharmapuri,Palacode(Uzhavar Sandhai ),Onion Green,Onion Green,Local,6600,7000,6800,08/09/2026
Tamil Nadu,Dindigul,Chinnalapatti(Uzhavar Sandhai ),Onion Green,Onion Green,Local,6500,7600,7050,08/09/2026
Tamil Nadu,Kancheepuram,Padappai(Uzhavar Sandhai ),Onion Green,Onion Green,Local,8000,9000,8500,08/09/2026
Tamil Nadu,Krishnagiri,Hosur(Uzhavar Sandhai ),Onion Green,Onion Green,Local,8000,10000,9000,08/09/2026
Tamil Nadu,Namakkal,Mohanur(Uzhavar Sandhai ),Onion Green,Onion Green,Local,3000,7000,5000,08/09/2026
Tamil Nadu,Namakkal,Rasipuram(Uzhavar Sandhai ),Onion Green,Onion Green,Local,5800,8400,7100,08/09/2026
Tamil Nadu,Salem,Mettur(Uzhavar Sandhai ),Onion Green,Onion Green,Local,6500,7000,6750,08/09/2026
Tamil Nadu,Thiruchirappalli,Thuraiyur APMC,Onion Green,Onion Green,Local,7000,8000,7500,08/09/2026
Tamil Nadu,Salem,Thammampatti (Uzhavar Sandhai ),Onion Green,Onion Green,Local,5000,6500,5750,08/09/2026
Tamil Nadu,Theni,Kambam(Uzhavar Sandhai ),Onion Green,Onion Green,Local,6500,7500,7000,08/09/2026
Tamil Nadu,Thirunelveli,NGO Colony(Uzhavar Sandhai ),Onion Green,Onion Green,Local,6500,7800,7150,08/09/2026
Tamil Nadu,Thirupur,Kangayam(Uzhavar Sandhai ),Onion Green,Onion Green,Local,6500,7000,6750,08/09/2026
Tamil Nadu,Thirupur,Tiruppur (North) (Uzhavar Sandhai ),Onion Green,Onion Green,Local,7000,8000,7500,08/09/2026
Tamil Nadu,Thiruvarur,Muthupettai(Uzhavar Sandhai ),Onion Green,Onion Green,Local,8000,8000,8000,08/09/2026
Tamil Nadu,Thanjavur,Peravurani(Uzhavar Sandhai),Onion Green,Onion Green,Local,7200,7200,7200,08/09/2026
Tamil Nadu,Thanjavur,Papanasam(Uzhavar Sandhai ),Onion Green,Onion Green,Local,7200,8400,7800,08/09/2026
Tamil Nadu,Ariyalur,Ariyalur(Uzhavar Sandhai),Onion Green,Onion Green,Local,6500,7500,7000,08/09/2026
Tamil Nadu,Karur,Kulithalai(Uzhavar Sandhai ),Onion Green,Onion Green,Local,7500,8000,7750,08/09/2026
Tamil Nadu,Theni,Periyakulam(Uzhavar Sandhai ),Onion Green,Onion Green,Local,7000,7500,7250,08/09/2026
Tamil Nadu,Virudhunagar,Srivilliputhur(Uzhavar Sandhai ),Onion Green,Onion Green,Local,7000,8000,7500,08/09/2026
Tamil Nadu,Coimbatore,Sundarapuram(Uzhavar Sandhai ),Onion Green,Onion Green,Local,8000,8600,8300,08/09/2026
Tamil Nadu,Erode,Sathiyamagalam(Uzhavar Sandhai ),Onion Green,Onion Green,Local,6500,7000,6750,08/09/2026
Tamil Nadu,Namakkal,Tiruchengode APMC,Onion Green,Onion Green,Local,7000,8000,7500,08/09/2026
Tamil Nadu,Ariyalur,Jeyankondam (Uzhavar Sandhai ),Onion Green,Onion Green,Local,7000,8000,7500,08/09/2026
Tamil Nadu,Dindigul,Dindigul(Uzhavar Sandhai ),Onion Green,Onion Green,Local,7000,7600,7300,08/09/2026
Tamil Nadu,Kallakuruchi,Sankarapuram(Uzhavar Sandhai ),Onion Green,Onion Green,Local,7000,7000,7000,08/09/2026
Tamil Nadu,Krishnagiri,Avallapalli(Uzhavar Sandhai ),Onion Green,Onion Green,Local,9000,10000,9500,08/09/2026
Tamil Nadu,Karur,Karur(Uzhavar Sandhai ),Onion Green,Onion Green,Local,7500,8000,7750,08/09/2026
Tamil Nadu,Cuddalore,Cuddalore(Uzhavar Sandhai ),Onion Green,Onion Green,Local,7000,7000,7000,08/09/2026
Tamil Nadu,Tuticorin,Tuticorin(Uzhavar Sandhai ),Onion Green,Onion Green,Local,7000,7500,7250,08/09/2026
Tamil Nadu,Erode,Thalavadi(Uzhavar Sandhai ),Onion Green,Onion Green,Local,7000,7500,7250,08/09/2026
Tamil Nadu,Tenkasi,Sankarankoil(Uzhavar Sandhai ),Onion Green,Onion Green,Local,6500,8000,7250,08/09/2026
Tamil Nadu,Pudukkottai,Pudukottai(Uzhavar Sandhai ),Onion Green,Onion Green,Local,8000,9000,8500,08/09/2026
Tamil Nadu,The Nilgiris,Udhagamandalam(Uzhavar Sandhai ),Onion Green,Onion Green,Local,7000,8000,7500,08/09/2026
Tamil Nadu,Theni,Bodinayakanur(Uzhavar Sandhai ),Onion Green,Onion Green,Local,8000,8000,8000,08/09/2026
Tamil Nadu,Virudhunagar,Aruppukottai(Uzhavar Sandhai ),Onion Green,Onion Green,Local,6000,8000,7000,08/09/2026
Tamil Nadu,Salem,Vazhapadi(Uzhavar Sandhai),Onion Green,Onion Green,Local,6000,7000,6500,08/09/2026
Tamil Nadu,Thiruchirappalli,Manachanallur(Uzhavar Sandhai ),Onion Green,Onion Green,Local,7000,8000,7500,08/09/2026
Tamil Nadu,Thiruchirappalli,Musiri(Uzhavar Sandhai ),Onion Green,Onion Green,Local,5000,8000,6500,08/09/2026
Tamil Nadu,Thiruchirappalli,Thiruverumbur(Uzhavar Sandhai ),Onion Green,Onion Green,Local,8000,9000,8500,08/09/2026
Tamil Nadu,Virudhunagar,Sivakasi(Uzhavar Sandhai ),Onion Green,Onion Green,Local,7000,8000,7500,08/09/2026
Tamil Nadu,Virudhunagar,Thalavaipuram(Uzhavar Sandhai ),Onion Green,Onion Green,Local,6000,7000,6500,08/09/2026
Tamil Nadu,Chengalpattu,Nanganallur(Uzhavar Sandhai ),Onion Green,Onion Green,Local,9000,10000,9500,08/09/2026
Tamil Nadu,Madurai,Usilampatti(Uzhavar Sandhai ),Onion Green,Onion Green,Local,7500,8000,7750,08/09/2026
Tamil Nadu,Nagapattinam,Sirkali(Uzhavar Sandhai ),Onion Green,Onion Green,Local,5500,6000,5750,08/09/2026
Tamil Nadu,Namakkal,Namakkal(Uzhavar Sandhai ),Onion Green,Onion Green,Local,6500,7800,7150,08/09/2026
Tamil Nadu,Salem,Sooramangalam(Uzhavar Sandhai ),Onion Green,Onion Green,Local,6000,6400,6200,08/09/2026
Tamil Nadu,Salem,Thathakapatti(Uzhavar Sandhai ),Onion Green,Onion Green,Local,6500,6800,6650,08/09/2026
Tamil Nadu,Thirunelveli,Palayamkottai(Uzhavar Sandhai ),Onion Green,Onion Green,Local,7200,7800,7500,08/09/2026
Tamil Nadu,Thiruvannamalai,Chengam(Uzhavar Sandhai ),Onion Green,Onion Green,Local,7000,8000,7500,08/09/2026
Tamil Nadu,Dharmapuri,AJattihalli(Uzhavar Sandhai ),Onion Green,Onion Green,Local,6500,7000,6750,08/09/2026
Tamil Nadu,Sivaganga,Sivagangai (Uzhavar Sandhai ),Onion Green,Onion Green,Local,7600,8200,7900,08/09/2026
Tamil Nadu,Nagapattinam,Vedaranyam(Uzhavar Sandhai),Onion Green,Onion Green,Local,7800,8000,7900,08/09/2026
Tamil Nadu,Salem,Athur(Uzhavar Sandhai ),Onion Green,Onion Green,Local,6000,7000,6500,08/09/2026
Tamil Nadu,Coimbatore,Udumalpet APMC,Onion Green,Onion Green,Local,5500,8400,6950,08/09/2026
Tamil Nadu,Pudukkottai,Alangudi(Uzhavar Sandhai ),Onion Green,Onion Green,Local,8000,9000,8500,08/09/2026
Tamil Nadu,Tuticorin,Kovilpatti(Uzhavar Sandhai ),Onion Green,Onion Green,Local,8500,9000,8750,08/09/2026
Tamil Nadu,Coimbatore,Kurichi(Uzhavar Sandhai ),Onion Green,Onion Green,Local,8000,8500,8250,08/09/2026
Tamil Nadu,Nagercoil (Kannyiakumari),Vadaseri APMC,Onion Green,Onion Green,Local,8500,9000,8750,08/09/2026
Tamil Nadu,Dharmapuri,Harur(Uzhavar Sandhai ),Onion Green,Onion Green,Local,6000,6500,6250,08/09/2026
Tamil Nadu,Krishnagiri,Kaveripattinam(Uzhavar Sandhai ),Onion Green,Onion Green,Local,8000,8000,8000,08/09/2026
Tamil Nadu,Coimbatore,Pollachi(Uzhavar Sandhai ),Onion Green,Onion Green,Local,7500,8500,8000,08/09/2026
Tamil Nadu,Sivaganga,Tirupatthur(Uzhavar Sandhai ),Onion Green,Onion Green,Local,8000,8500,8250,08/09/2026
Tamil Nadu,Thiruchirappalli,KKNagar(Uzhavar Sandhai ),Onion Green,Onion Green,Local,9000,9000,9000,08/09/2026
Tamil Nadu,Virudhunagar,Rajapalayam(Uzhavar Sandhai ),Onion Green,Onion Green,Local,8000,8500,8250,08/09/2026
Tamil Nadu,Thanjavur,Kumbakonam (Uzhavar Sandhai ),Onion Green,Onion Green,Local,7200,8400,7800,08/09/2026
Tamil Nadu,Madurai,Thirumangalam(Uzhavar Sandhai ),Onion Green,Onion Green,Local,7500,8000,7750,08/09/2026
Tamil Nadu,Madurai,Melur(Uzhavar Sandhai ),Onion Green,Onion Green,Local,7500,8000,7750,08/09/2026
Tamil Nadu,Karur,Gandhigramam(Uzhavar Sandhai),Onion Green,Onion Green,Local,7500,8000,7750,08/09/2026
Tamil Nadu,Pudukkottai,Aranthangi(Uzhavar Sandhai ),Onion Green,Onion Green,Local,7500,8000,7750,08/09/2026
Tamil Nadu,Thirupur,Tiruppur (South) (Uzhavar Sandhai ),Onion Green,Onion Green,Local,8000,9000,8500,08/09/2026
Tamil Nadu,Dharmapuri,Dharmapuri(Uzhavar Sandhai ),Onion Green,Onion Green,Local,6500,6800,6650,08/09/2026
Tamil Nadu,Dindigul,Palani(Uzhavar Sandhai ),Onion Green,Onion Green,Local,5000,7500,6250,08/09/2026
Tamil Nadu,Dharmapuri,Karimangalam(Uzhavar Sandhai),Onion Green,Onion Green,Local,7000,7500,7250,08/09/2026
Tamil Nadu,Madurai,Anaiyur(Uzhavar Sandhai ),Onion Green,Onion Green,Local,7500,8000,7750,08/09/2026
Tamil Nadu,Namakkal,Paramathivelur(Uzhavar Sandhai ),Onion Green,Onion Green,Local,7000,7800,7400,08/09/2026
Tamil Nadu,Perambalur,Perambalur(Uzhavar Sandhai ),Onion Green,Onion Green,Local,4000,7000,5500,08/09/2026
Tamil Nadu,Theni,Chinnamanur(Uzhavar Sandhai ),Onion Green,Onion Green,Local,7500,8000,7750,08/09/2026
Tamil Nadu,Thiruvannamalai,Tamarainagar(Uzhavar Sandhai ),Onion Green,Onion Green,Local,7000,8200,7600,08/09/2026
Tamil Nadu,Karur,Pallapatti (Uzhavar Sandhai ),Onion Green,Onion Green,Local,7500,8000,7750,08/09/2026
Tamil Nadu,Karur,Velayuthampalayam(Uzhavar Sandhai ),Onion Green,Onion Green,Local,7000,8000,7500,08/09/2026
Tamil Nadu,Theni,Devaram(Uzhavar Sandhai ),Onion Green,Onion Green,Local,7500,7500,7500,08/09/2026
Tamil Nadu,Salem,Attayampatti(Uzhavar Sandhai ),Onion Green,Onion Green,Local,6400,6800,6600,08/09/2026
Tamil Nadu,Salem,Elampillai(Uzhavar Sandhai ),Onion Green,Onion Green,Local,5500,6500,6000,08/09/2026
Madhya Pradesh,Dhar,Kukshi(F&V) APMC,Onion,Onion,Grade A,1300,2400,1800,08/09/2026
Madhya Pradesh,Sehore,Aashta(F&V) APMC,Onion,1st Sort,Local,500,4370,2500,08/09/2026
Madhya Pradesh,Indore,Indore APMC,Onion,Other,FAQ,1235,4276,3600,08/09/2026
Madhya Pradesh,Indore,Indore APMC,Onion,Onion,FAQ,1066,4330,3857,08/09/2026
Madhya Pradesh,Bhopal,Bhopal APMC,Onion,Local,FAQ,3630,3630,3630,08/09/2026
Madhya Pradesh,Bhopal,Bhopal APMC,Onion,Onion,FAQ,500,4250,3500,08/09/2026
Madhya Pradesh,Sehore,Ashta APMC,Onion,Onion,FAQ,3620,4330,3900,08/09/2026
Madhya Pradesh,Sehore,Sehore APMC,Onion,Onion,FAQ,2835,4382,3615,08/09/2026
Madhya Pradesh,Betul,Betul(F&V) APMC,Onion,Onion,FAQ,2500,3800,2800,08/09/2026
Madhya Pradesh,Indore,Sanwer(F&V) APMC,Onion,Onion,FAQ,3000,4500,4000,08/09/2026
Madhya Pradesh,Dhar,Badnawar APMC,Onion,Onion,Non-FAQ,450,3500,800,08/09/2026
Madhya Pradesh,Dhar,Badnawar APMC,Onion,Onion,FAQ,505,4400,1200,08/09/2026
Madhya Pradesh,Shajapur,Shujalpur APMC,Onion,Onion,FAQ,3498,3600,3600,08/09/2026
Madhya Pradesh,Katni,Katni(F&V) APMC,Onion,Other,Grade C,2000,2000,2000,08/09/2026
Madhya Pradesh,Shajapur,Shajapur(F&V) APMC,Onion,Onion,Local,200,4100,2500,08/09/2026
Madhya Pradesh,Ujjain,Ujjain APMC,Onion,Onion,FAQ,500,4366.25,3500,08/09/2026
Madhya Pradesh,Indore,Indore APMC,Onion,Onion,Non-FAQ,402,4158,3880,08/09/2026
Madhya Pradesh,Morena,Morena APMC,Onion,Onion,Non-FAQ,3800,3800,3800,08/09/2026
Madhya Pradesh,Khandwa,Khandwa APMC,Onion,Local,FAQ,1600,4550,3800,08/09/2026
Madhya Pradesh,Mandsaur,Mandsaur APMC,Onion,Onion,FAQ,600,4280,3000,08/09/2026
Madhya Pradesh,Shivpuri,Karera(F&V) APMC,Onion,Onion,Local,2000,3000,2600,08/09/2026
Madhya Pradesh,Neemuch,Neemuch(F&V) APMC,Onion,Onion,Grade B,400,4571,3500,08/09/2026
Madhya Pradesh,Shajapur,Soyatkalan APMC,Onion,Onion,Non-FAQ,220,2705,2705,08/09/2026
Madhya Pradesh,Badwani,Badwani(F&V) APMC,Onion,Onion,Local,2800,2800,2800,08/09/2026
Madhya Pradesh,Badwani,Sendhwa(F&V) APMC,Onion,Red,Medium,1100,1500,1300,08/09/2026
Madhya Pradesh,Morena,Porsa APMC,Onion,Onion,Non-FAQ,1500,1500,1500,08/09/2026
Madhya Pradesh,Dhar,Badnawar APMC,Onion,Onion-Organic,FAQ,1240,1800,1800,08/09/2026
Madhya Pradesh,Shajapur,Kalapipal APMC,Onion,Onion,FAQ,100,4280,3850,08/09/2026
Madhya Pradesh,Burhanpur,Burhanpur(F&V) APMC,Onion,Local,Local,1500,3600,3200,08/09/2026
Madhya Pradesh,Hoshangabad,Pipariya(F&V) APMC,Onion,Onion,Local,2400,5000,4000,08/09/2026
Madhya Pradesh,Ujjain,Badnagar APMC,Onion,Medium,FAQ,1600,4200,4200,08/09/2026
Madhya Pradesh,Mandsaur,Shamgarh APMC,Onion,Onion,Non-FAQ,2070,3801,3801,08/09/2026
Madhya Pradesh,Mandsaur,Shamgarh APMC,Onion,Onion,FAQ,1112,4101,4101,08/09/2026
Madhya Pradesh,Agar Malwa,Agar(F&V) APMC,Onion,Bellary,Local,6000,6000,6000,08/09/2026
Madhya Pradesh,Ujjain,Ujjain APMC,Onion,Onion,Non-FAQ,500,4381,2400,08/09/2026
Madhya Pradesh,Sehore,Sehore APMC,Onion,Onion,Non-FAQ,850,2800,2800,08/09/2026
Madhya Pradesh,Morena,Kailaras APMC,Onion,Other,FAQ,4000,4000,4000,08/09/2026
Madhya Pradesh,Ratlam,A lot APMC,Onion,Onion,FAQ,2300,3401,3401,08/09/2026
Madhya Pradesh,Shajapur,Akodiya APMC,Onion,Onion,FAQ,3301,4260,4125,08/09/2026
Madhya Pradesh,Shajapur,Shajapur APMC,Onion,Medium,FAQ,372,4100,3853,08/09/2026
Madhya Pradesh,Rajgarh,Narsinghgarh APMC,Onion,Onion,FAQ,200,4450,3500,08/09/2026
Madhya Pradesh,Ujjain,Badnagar APMC,Onion,Onion,FAQ,1351,4200,1551,08/09/2026
Madhya Pradesh,Ujjain,Badnagar APMC,Onion,Onion,Non-FAQ,600,1980,1980,08/09/2026
Madhya Pradesh,Ratlam,Jaora APMC,Onion,Onion,FAQ,1025,4500,3600,08/09/2026
Madhya Pradesh,Ratlam,Sailana(F&V) APMC,Onion,Local,Local,800,8960,5000,08/09/2026
Madhya Pradesh,Jhabua,Petlawad APMC,Onion,Red,FAQ,3800,3800,3800,08/09/2026
Madhya Pradesh,Shajapur,Shujalpur APMC,Onion,Red,FAQ,100,4802,3800,08/09/2026
Madhya Pradesh,Shajapur,Shajapur APMC,Onion,Medium,Non-FAQ,800,4352,1755.05,08/09/2026
Madhya Pradesh,Shajapur,Shajapur APMC,Onion,Onion,FAQ,2400,4292.02,4037.22,08/09/2026
Madhya Pradesh,Dewas,Dewas(F&V) APMC,Onion,Other,FAQ,900,3800,1700,08/09/2026
Madhya Pradesh,Indore,Indore APMC,Onion,Other,Non-FAQ,1823,3847,3847,08/09/2026
Madhya Pradesh,Neemuch,Neemuch APMC,Onion,Red,FAQ,400,4571,4500,08/09/2026
Madhya Pradesh,Mandsaur,Mandsaur APMC,Onion,Onion,Non-FAQ,681,4300,3881,08/09/2026
Madhya Pradesh,Indore,Gautampura APMC,Onion,Onion,Non-FAQ,500,1000,1000,08/09/2026
Madhya Pradesh,Shajapur,Akodiya APMC,Onion,Big,FAQ,500,4465,4000,08/09/2026
Madhya Pradesh,Shajapur,Soyatkalan APMC,Onion,Onion,FAQ,800,4320,4155,08/09/2026
Madhya Pradesh,Gwalior,Lashkar(F&V) APMC,Onion,Local,Grade B,2500,3100,2800,08/09/2026
Madhya Pradesh,Sagar,Sagar(F&V) APMC,Onion,Onion,Local,1500,2000,1800,08/09/2026
Madhya Pradesh,Ujjain,Badnagar APMC,Onion,Local,Non-FAQ,1800,3000,3000,08/09/2026
Madhya Pradesh,Hoshangabad,Itarsi(F&V) APMC,Onion,Onion,FAQ,2800,3500,3000,08/09/2026
Madhya Pradesh,Hoshangabad,Hoshangabad(F&V) APMC,Onion,Onion,FAQ,1990,3860,2250,08/09/2026
Madhya Pradesh,Khandwa,Sanawad(F&V) APMC,Onion,Onion,Medium,4500,5000,4800,08/09/2026
Maharashtra,Ahilyanagar,APMC Rahata ,Onion,Other,Local,700,6000,3800,08/09/2026
Maharashtra,Nashik,APMC Pimpalgaon Baswant ,Onion,Unhali,Local,1700,6470,4725,08/09/2026
Maharashtra,Solapur,APMC Solapur ,Onion,Red,Local,500,6000,3300,08/09/2026
Maharashtra,Kolhapur,APMC Kolhapur ,Onion,Other,Local,1200,5000,3000,08/09/2026
Maharashtra,Satara,APMC Karad ,Onion,Halva,Local,1500,5000,5000,08/09/2026
Maharashtra,Nashik,APMC Nasik ,Onion,Unhali,Local,2200,4851,4200,08/09/2026
Maharashtra,Nashik,Lasalgaon(Niphad) ,Onion,Unhali,Local,1200,4810,4600,08/09/2026
Maharashtra,Nashik,Lasalgaon(Vinchur) ,Onion,Unhali,Local,1200,5000,4500,08/09/2026
Maharashtra,Pune,APMC Indapur ,Onion,Red,Local,1500,5500,2200,08/09/2026
Maharashtra,Chattrapati Sambhajinagar,APMC Chattrapati Sambhajinagar ,Onion,Other,Local,2300,5000,3650,08/09/2026
Maharashtra,Nashik,APMC Satana ,Onion,Unhali,Local,905,5435,4470,08/09/2026
Maharashtra,Nashik,APMC Sinner ,Onion,Unhali,Local,1300,4721,4450,08/09/2026
Maharashtra,Jalgaon,APMC Jalgaon ,Onion,Red,Local,1650,4500,3075,08/09/2026
Maharashtra,Nashik,APMC Nampur,Onion,Unhali,Local,500,5200,4400,08/09/2026
Maharashtra,Pune,Pune(Khadiki) ,Onion,Local,Local,1000,1700,1350,08/09/2026
Maharashtra,Dhule,APMC Sakri ,Onion,Unhali,Local,3800,5000,4400,08/09/2026
Maharashtra,Nagpur,APMC Nagpur ,Onion,White,Local,4500,5500,5250,08/09/2026
Maharashtra,Nagpur,APMC Nagpur ,Onion,Red,Local,4000,5000,4750,08/09/2026
Maharashtra,Satara,APMC Satara ,Onion,Other,Local,1500,4500,3000,08/09/2026
Maharashtra,Satara,APMC Vaduj ,Onion,Local,Local,4000,4700,4500,08/09/2026
Maharashtra,Pune,Pune(Pimpri) ,Onion,Local,Local,2500,3500,3000,08/09/2026
Maharashtra,Pune,APMC Pune ,Onion,Local,Local,1000,5000,3000,08/09/2026
Maharashtra,Pune,Pune(Moshi) ,Onion,Local,Local,2500,4000,3250,08/09/2026
Maharashtra,Nashik,APMC Umrane,Onion,Unhali,Local,1500,5253,4500,08/09/2026
Maharashtra,Satara,APMC Vai ,Onion,Local,Local,2000,4000,3000,08/09/2026
Maharashtra,Amarawati,Amrawati(Frui & Veg. Market) ,Onion,Local,Local,2600,5200,3900,08/09/2026
Maharashtra,Buldhana,APMC Malkapur ,Onion,Local,Local,1300,4725,3600,08/09/2026
Maharashtra,Chattrapati Sambhajinagar,APMC Vaijpur ,Onion,Unhali,Local,1500,4900,4000,08/09/2026
Maharashtra,Nashik,APMC Kalvan ,Onion,Unhali,Local,2200,5475,4601,08/09/2026
Maharashtra,Nashik,Pimpalgaon Baswant(Saykheda) ,Onion,Unhali,Local,2225,4555,4000,08/09/2026
Maharashtra,Pune,APMC Khed ,Onion,Fursungi,Local,2000,4500,3500,08/09/2026
Maharashtra,Nashik,APMC Dindori ,Onion,Unhali,Local,4000,5422,4400,08/09/2026
Maharashtra,Nagpur,APMC Hingna,Onion,Red,Local,5000,5000,5000,08/09/2026
Maharashtra,Nashik,APMC Chandwad ,Onion,Unhali,Local,1500,5295,4450,08/09/2026
Maharashtra,Pune,Pune(Manjri) ,Onion,Local,Local,3000,5000,4000,08/09/2026
Maharashtra,Mumbai,Mumbai-Onion & Potato Market ,Onion,Other,Local,3600,4800,4200,08/09/2026
Maharashtra,Nashik,Shivsiddha Govind Producer Company Ltd Sanchalit Khajgi Krushi Utpann Bajar Samati-Abhona-Kalwan,Onion,Other,Local,1200,6051,4650,08/09/2026
Maharashtra,Ahilyanagar,APMC Kopargaon ,Onion,Unhali,Local,1000,4774,4200,08/09/2026
Maharashtra,Akola,APMC Akola ,Onion,Other,Local,2000,5200,3500,08/09/2026
Maharashtra,Chandrapur,Chandrapur(Ganjwad) ,Onion,Other,Local,4500,5700,5200,08/09/2026
Maharashtra,Jalgaon,APMC Bhusaval ,Onion,Unhali,Local,3500,4000,4000,08/09/2026
Maharashtra,Ahilyanagar,"Omchatinya Multi State Agro Purpose Co-Op Society, Dist Ahilyanagar",Onion,Other,Local,1000,5500,4200,08/09/2026
Maharashtra,Ahilyanagar,APMC Sangamner ,Onion,Unhali,Local,1500,4951,3325,08/09/2026
Maharashtra,Pune,Pune(Moshi) ,Onion Green,Other,Local,15,20,18,08/09/2026
Maharashtra,Solapur,APMC Solapur ,Onion Green,Other,Local,800,1000,900,08/09/2026
Maharashtra,Mumbai,APMC Mumbai ,Onion Green,Other,Local,800,1500,1150,08/09/2026
Maharashtra,Pune,APMC Pune ,Onion Green,Other,Local,5,20,12,08/09/2026
Maharashtra,Pune,Pune(Manjri) ,Onion Green,Other,Local,4,10,7,08/09/2026
Uttar Pradesh,Ayodhya,Ayodhya APMC,Onion,Other,FAQ,2800,2800,2800,08/09/2026
Uttar Pradesh,Shamli,Thanabhawan APMC,Onion,Other,FAQ,2300,2300,2300,08/09/2026
Uttar Pradesh,Saharanpur,Rampurmaniharan APMC,Onion,Other,FAQ,2400,2400,2400,08/09/2026
Uttar Pradesh,Etawah,Etawah APMC,Onion,Other,FAQ,3500,3500,3500,08/09/2026
Uttar Pradesh,Firozabad,Firozabad APMC,Onion,Other,FAQ,2500,2500,2500,08/09/2026
Uttar Pradesh,Kasganj,Kasganj APMC,Onion,Other,FAQ,1850,1850,1850,08/09/2026
Uttar Pradesh,Shamli,Khandhla APMC,Onion,Other,FAQ,4500,4500,4500,08/09/2026
Uttar Pradesh,Shamli,Kairana APMC,Onion,Other,FAQ,3600,3600,3600,08/09/2026
Uttar Pradesh,Maharajganj,Partaval APMC,Onion,Other,FAQ,2500,2500,2500,08/09/2026
Uttar Pradesh,Unnao,Bangarmau APMC,Onion,Other,FAQ,2800,2800,2800,08/09/2026
Uttar Pradesh,Barabanki,Barabanki APMC,Onion,Other,FAQ,2500,2500,2500,08/09/2026
Uttar Pradesh,Kanpur,Kanpur(Grain) APMC,Onion,Other,FAQ,3500,3500,3500,08/09/2026
Uttar Pradesh,Lakhimpur,Lakhimpur APMC,Onion,Other,FAQ,2850,2910,2888.14,08/09/2026
Uttar Pradesh,Baghpat,Khekda APMC,Onion,Other,FAQ,2800,4000,3036.36,08/09/2026
Uttar Pradesh,Prayagraj,Prayagraj APMC,Onion,Other,FAQ,3000,4000,3109.41,08/09/2026
Uttar Pradesh,Shamli,Shamli APMC,Onion,Other,FAQ,5000,5000,5000,08/09/2026
Uttar Pradesh,Agra,Khairagarh APMC,Onion,Other,FAQ,3000,3600,3200,08/09/2026
Uttar Pradesh,Badaun,Badayoun APMC,Onion,Other,FAQ,3500,3500,3500,08/09/2026
Uttar Pradesh,Gorakhpur,Gorakhpur APMC,Onion,Other,FAQ,2500,2500,2500,08/09/2026
Uttar Pradesh,Jaunpur,Jaunpur APMC,Onion,Other,FAQ,3500,3800,3610.53,08/09/2026
Uttar Pradesh,Mathura,Kosikalan APMC,Onion,Other,FAQ,1900,2000,1928.57,08/09/2026
Uttar Pradesh,Sitapur,Mehmoodabad APMC,Onion,Other,FAQ,3000,3000,3000,08/09/2026
Uttar Pradesh,Mathura,Mathura APMC,Onion,Other,FAQ,3000,4000,3949.44,08/09/2026
Uttar Pradesh,Pillibhit,Pilibhit APMC,Onion,Other,FAQ,2020,2100,2045.48,08/09/2026
Uttar Pradesh,Lakhimpur,Golagokarnath APMC,Onion,Other,FAQ,1050,2000,1568.23,08/09/2026
Uttar Pradesh,Jhansi,Jhansi APMC,Onion,Other,FAQ,2000,2700,2400,08/09/2026
Uttar Pradesh,Auraiya,Auraiya APMC,Onion,Other,FAQ,3500,3500,3500,08/09/2026
Uttar Pradesh,Saharanpur,Nanuta APMC,Onion,Other,FAQ,4200,4500,4340,08/09/2026
Uttar Pradesh,Agra,Khairagarh APMC,Onion,Red,FAQ,4000,4100,4050,08/09/2026
Uttar Pradesh,Ghaziabad,Noida APMC,Onion,Other,FAQ,4000,4000,4000,08/09/2026
Uttar Pradesh,Saharanpur,Saharanpur APMC,Onion,Other,FAQ,2200,4000,3133.88,08/09/2026
Uttar Pradesh,Ambedkarnagar,Akbarpur APMC,Onion,Other,FAQ,3800,3800,3800,08/09/2026
Uttar Pradesh,Maharajganj,Gadaura APMC,Onion,Other,FAQ,2000,2000,2000,08/09/2026
Uttar Pradesh,Bareilly,Anwala APMC,Onion,Other,FAQ,2800,2800,2800,08/09/2026
Uttar Pradesh,Sambhal,Muradabad APMC,Onion,Other,FAQ,2500,2500,2500,08/09/2026
Uttar Pradesh,Baghpat,Baraut APMC,Onion,Other,FAQ,3400,3400,3400,08/09/2026
Uttar Pradesh,Aligarh,Aligarh APMC,Onion,Other,FAQ,3200,3400,3252.78,08/09/2026
Uttar Pradesh,Ghaziabad,Ghaziabad APMC,Onion,Other,FAQ,4010,4010,4010,08/09/2026
Uttar Pradesh,Varanasi,Varanasi APMC,Onion,Other,FAQ,3500,3500,3500,08/09/2026
Uttar Pradesh,Jaunpur,Mugrabaadshahpur APMC,Onion,Other,FAQ,2500,2500,2500,08/09/2026
Uttar Pradesh,Gonda,Nawabganj APMC,Onion,Other,FAQ,2500,2500,2500,08/09/2026
Uttar Pradesh,Lakhimpur,Paliakala APMC,Onion,Other,FAQ,2800,2900,2869.46,08/09/2026
Uttar Pradesh,Badaun,Shahaswan APMC,Onion,Other,FAQ,1805,1805,1805,08/09/2026
Uttar Pradesh,Jaunpur,Shahganj APMC,Onion,Other,FAQ,1850,2100,1968.12,08/09/2026
Uttar Pradesh,Hardoi,Hardoi APMC,Onion,Other,FAQ,2300,2300,2300,08/09/2026
Uttar Pradesh,Meerut,Parikshitgarh APMC,Onion,Other,FAQ,2800,2800,2800,08/09/2026
Uttar Pradesh,Mirzapur,Ahirora APMC,Onion,Other,FAQ,1000,1000,1000,08/09/2026
Uttar Pradesh,Fatehpur,Fatehpur APMC,Onion,Other,FAQ,3500,3600,3578.57,08/09/2026
Uttar Pradesh,Bulandshahar,Buland Shahr APMC,Onion,Other,FAQ,2800,2800,2800,08/09/2026
Rajasthan,Sikar,Sikar APMC,Onion,Onion,FAQ,2200,3600,2900,08/09/2026
Rajasthan,Bharatpur,Bayana APMC,Onion,Onion,Local,2000,2000,2000,08/09/2026
Rajasthan,Churu,Sujangarh APMC,Onion,Other,Local,900,1100,1000,08/09/2026
Rajasthan,Hanumangarh,Bhadara APMC,Onion,1st Sort,FAQ,4200,4500,4425,08/09/2026
Rajasthan,Rajsamand,Rajsamand APMC,Onion,Onion,FAQ,2500,3000,2750,08/09/2026
Rajasthan,Ajmer,Ajmer(F&V) APMC,Onion,Other,Medium,2500,5000,4200,08/09/2026
Rajasthan,Jaipur,Jaipur (F&V) APMC,Onion,Other,FAQ,2100,5000,3550,08/09/2026
Rajasthan,Jhunjhunu,Nawalgarh APMC,Onion,Red,Local,2270,2270,2270,08/09/2026
Rajasthan,Bhilwara,Bhilwara APMC,Onion,Other,FAQ,2500,4500,3500,08/09/2026
Rajasthan,Hanumangarh,Sangriya APMC,Onion,Onion,Local,2400,4000,3100,08/09/2026
Rajasthan,Jodhpur,Jodhpur (F&V) APMC,Onion,Medium,Medium,1000,3600,2300,08/09/2026
Rajasthan,Churu,Churu APMC,Onion,1st Sort,FAQ,2800,3000,2900,08/09/2026
Rajasthan,Jaipur,Bassi APMC,Onion,Other,Local,5000,5400,5200,08/09/2026
Rajasthan,Udaipur,Udaipur (F&V) APMC,Onion,Other,Medium,1500,4500,3000,08/09/2026
Rajasthan,Ganganagar,Sriganganagar (F&V) APMC,Onion,Onion,Grade A,4300,4700,4500,08/09/2026
Rajasthan,Hanumangarh,Rawatsar APMC,Onion,1st Sort,FAQ,900,2000,1800,08/09/2026
Rajasthan,Jodhpur,Jodhpur (F&V) APMC,Onion Green,Other,Medium,1000,1500,1200,08/09/2026
Rajasthan,Udaipur,Udaipur (F&V) APMC,Onion Green,Onion Green,Medium,5000,5000,5000,08/09/2026
Karnataka,Bengaluru,Bengaluru APMC,Onion,Local,Medium,3000,4000,3500,08/09/2026
Karnataka,Shivamogga,Shimoga APMC,Onion,Onion,Local,5000,6000,5500,08/09/2026
Karnataka,Dharwad,APMC Hubballi,Onion,Local,Local,2200,3800,3200,08/09/2026
Karnataka,Kolar,Bangarpet APMC,Onion,Onion,Local,3500,5300,4500,08/09/2026
Karnataka,Chikkamagaluru,Kadur APMC,Onion,Onion,Medium,3330,3330,3330,08/09/2026
Karnataka,Bengaluru,Bengaluru APMC,Onion,Puna,Local,4000,5500,4800,08/09/2026
Karnataka,Bengaluru,Bengaluru APMC,Onion,Onion,Large,4000,5000,4200,08/09/2026
Karnataka,Davangere,Davangere APMC,Onion,Onion,Local,4500,5200,4800,08/09/2026
Karnataka,Bengaluru Rural,Doddaballapur APMC,Onion,Onion,Medium,3500,4500,4000,08/09/2026
Karnataka,Dharwad,APMC Hubballi,Onion,Puna,Local,2500,4200,3400,08/09/2026
Karnataka,Bengaluru,Bengaluru APMC,Onion,Bangalore-Samall,Small,2000,3000,2500,08/09/2026
Gujarat,Anand,Khambhat(Veg Yard Khambhat) APMC,Onion,Other,Local,5000,5500,5200,08/09/2026
Gujarat,Dahod,Dahod(Veg. Market) APMC,Onion,Onion,Local,4000,5500,5000,08/09/2026
Gujarat,Morbi,Morbi APMC,Onion,Onion,FAQ,2000,4500,3250,08/09/2026
Gujarat,Mehsana,Mehsana(Mehsana Veg) APMC,Onion,Onion,Local,1750,4700,4000,08/09/2026
Gujarat,Surat,Surat APMC,Onion,Other,FAQ,2100,5300,3700,08/09/2026
Gujarat,Rajkot,Jetpur(Dist.Rajkot) APMC,Onion,Onion,FAQ,755,4330,3255,08/09/2026
Gujarat,Kheda,Kapadvanj APMC,Onion,Onion,Medium,3000,4000,3500,08/09/2026
Gujarat,Sabarkantha,Himatnagar(Veg.Market Himatnagar) APMC,Onion,Onion,Local,4000,4500,4340,08/09/2026
Gujarat,Jamnagar,Jamnagar APMC,Onion,Other,Local,2000,4475,3150,08/09/2026
Gujarat,Rajkot,Rajkot(Veg.Sub Yard) APMC,Onion,Onion,FAQ,1950,4125,3055,08/09/2026
Gujarat,Navsari,Bilimora APMC,Onion,Nasik,FAQ,3000,5000,4500,08/09/2026
Gujarat,Navsari,Navsari APMC,Onion,Onion,Grade A,4000,5500,4750,08/09/2026
Gujarat,Anand,"Anand(Veg,Yard,Anand) APMC",Onion,Onion,Grade B,3500,4500,4000,08/09/2026
Gujarat,Kachchh,Bhuj APMC,Onion,Other,FAQ,4800,5500,5150,08/09/2026
Gujarat,Bharuch,Bharuch APMC,Onion,Other,Local,1300,3000,1800,08/09/2026
Gujarat,Dahod,Dahod(Veg. Market) APMC,Onion Green,Onion Green,Local,2500,5500,4500,08/09/2026
Gujarat,Surendranagar,Vadhvan APMC,Onion Green,Onion Green,Medium,1000,2000,1500,08/09/2026
Haryana,Panchkula,Panchkul(Kalka) APMC,Onion,Other,Grade A,3700,3900,3800,08/09/2026
Haryana,Yamuna Nagar,Sadhaura APMC,Onion,Onion,Local,2600,3000,2800,08/09/2026
Haryana,Yamuna Nagar,Chhachrauli APMC,Onion,Onion,Local,4400,4500,4400,08/09/2026
Haryana,Panchkula,Barwala APMC,Onion,Onion,FAQ,4000,4500,4250,08/09/2026
Haryana,Panipat,Madlauda APMC,Onion,Onion,FAQ,2700,2700,2700,08/09/2026
Haryana,Ambala,Ambala City(Subji Mandi) APMC,Onion,Other,Non-FAQ,3080,3080,3080,08/09/2026
Haryana,Gurgaon,Sohna APMC,Onion,Onion,Local,4000,4000,4000,08/09/2026
Haryana,Karnal,Gharaunda APMC,Onion,Other,Local,4000,4200,4200,08/09/2026
Haryana,Panipat,Panipat APMC,Onion,Onion,Local,1500,4500,3000,08/09/2026
Haryana,Hissar,Uklana APMC,Onion,Onion,Medium,4000,4000,4000,08/09/2026
Haryana,Mewat,Nuh APMC,Onion,Other,Local,200,3000,3000,08/09/2026
Haryana,Kurukshetra,Thanesar APMC,Onion,Onion,Medium,4500,5500,5000,08/09/2026
Haryana,Panchkula,Raipur Rani APMC,Onion,Onion,Local,2400,2600,2400,08/09/2026
Haryana,Sonipat,Kharkhoda APMC,Onion,Other,FAQ,3200,4200,3700,08/09/2026
Haryana,Panipat,Samalkha APMC,Onion,Local,FAQ,2500,4000,3500,08/09/2026
Haryana,Kurukshetra,Shahabad APMC,Onion,Onion,Medium,2805,4600,4325,08/09/2026
Haryana,Sonipat,Gohana APMC,Onion,Other,Medium,3000,5000,4000,08/09/2026
Haryana,Yamuna Nagar,Jagadhri APMC,Onion,Other,FAQ,3000,4500,4000,08/09/2026
Haryana,Hissar,Barwala(Hisar) APMC,Onion,Onion,Local,4500,5000,4800,08/09/2026
Haryana,Rewari,Rewari APMC,Onion,Medium,Medium,2000,5000,3500,08/09/2026
Haryana,Jhajar,Bahadurgarh APMC,Onion,Other,FAQ,4500,5500,5000,08/09/2026
Haryana,Rohtak,Sampla APMC,Onion,Other,Local,3500,4000,4000,08/09/2026
Haryana,Faridabad,Ballabhgarh APMC,Onion,Onion,FAQ,2500,4000,3500,08/09/2026
Haryana,Hissar,Hansi APMC,Onion,Other,FAQ,4000,5000,4500,08/09/2026
Haryana,Kaithal,Kaithal APMC,Onion,Onion,FAQ,4066,4066,4066,08/09/2026
Haryana,Karnal,Tarori APMC,Onion,Other,Medium,2500,4000,3000,08/09/2026
Haryana,Mahendragarh-Narnaul,Narnaul APMC,Onion,Onion,Medium,4000,5500,5000,08/09/2026
Haryana,Fatehabad,Jakhal APMC,Onion,Other,Non-FAQ,4000,4000,4000,08/09/2026
Haryana,Palwal,Hodal APMC,Onion,Onion,FAQ,2800,3500,3000,08/09/2026
Haryana,Mahendragarh-Narnaul,Mohindergarh APMC,Onion,Onion,Medium,2500,3500,3500,08/09/2026
Haryana,Yamuna Nagar,Mustafabad APMC,Onion,Onion,FAQ,2800,3000,3000,08/09/2026
Haryana,Ambala,Shahzadpur APMC,Onion,Onion,FAQ,3000,3000,3000,08/09/2026
Haryana,Gurgaon,Farukh Nagar APMC,Onion,Other,Medium,4000,4500,4200,08/09/2026
Haryana,Kaithal,Dhand APMC,Onion,Other,Medium,3500,4500,4200,08/09/2026
Haryana,Kaithal,Siwan APMC,Onion,Other,FAQ,4800,5100,5000,08/09/2026
Haryana,Panchkula,"New Grain Market , Panchkula APMC",Onion,Other,Grade A,3600,3800,3700,08/09/2026
Haryana,Jhajar,Jhajjar APMC,Onion,Other,Medium,2500,2500,2500,08/09/2026
Haryana,Rohtak,Rohtak APMC,Onion,Other,Medium,1000,2000,1500,08/09/2026
Haryana,Jind,Jind APMC,Onion,Local,FAQ,2000,4100,2900,08/09/2026
Haryana,Ambala,Naraingarh APMC,Onion,Onion,Medium,2500,3500,3370,08/09/2026
Haryana,Fatehabad,Ratia APMC,Onion,Other,Grade A,4500,4500,4500,08/09/2026
Haryana,Fatehabad,Fatehabad APMC,Onion,Other,Local,4200,4200,4200,08/09/2026
Haryana,Sonipat,Sonepat APMC,Onion,Onion,FAQ,4000,5000,4500,08/09/2026
Haryana,Jind,Narwana APMC,Onion,Onion,Non-FAQ,4000,4800,4400,08/09/2026
Haryana,Rohtak,Meham,Onion,Medium,Medium,4500,4500,4500,08/09/2026
Haryana,Sonipat,Ganaur APMC,Onion,Onion,FAQ,4000,4500,4200,08/09/2026
Haryana,Kurukshetra,Ladwa APMC,Onion,Other,Medium,5500,6000,6000,08/09/2026
Haryana,Karnal,Indri APMC,Onion,Other,FAQ,4400,4400,4400,08/09/2026
Punjab,Bhatinda,Maur APMC,Onion,Other,Grade B,3800,4200,4000,08/09/2026
Punjab,Fazilka,Jalalabad APMC,Onion,Other,Medium,4400,4700,4500,08/09/2026
Punjab,Hoshiarpur,Garh Shankar APMC,Onion,Onion,FAQ,4000,4000,4000,08/09/2026
Punjab,Bhatinda,Rampuraphul(Nabha Mandi) APMC,Onion,Other,Grade A,3500,4200,4000,08/09/2026
Punjab,Ludhiana,Raikot APMC,Onion,Nasik,Grade A,3755,3755,3755,08/09/2026
Punjab,Gurdaspur,Quadian APMC,Onion,Other,Grade A,3300,3500,3400,08/09/2026
Punjab,Ludhiana,Khanna APMC,Onion,Onion,Grade A,3000,3000,3000,08/09/2026
Punjab,Patiala,Rajpura APMC,Onion,Local,Grade A,3800,4200,4000,08/09/2026
Punjab,Mansa,Mansa APMC,Onion,Nasik,FAQ,5030,5030,5030,08/09/2026
Punjab,Muktsar,Muktsar APMC,Onion,Onion,Medium,3000,5000,4000,08/09/2026
Punjab,Hoshiarpur,Mukerian APMC,Onion,Onion,Grade B,4000,5000,4500,08/09/2026
Punjab,Hoshiarpur,Dasuya APMC,Onion,Onion,FAQ,5000,5000,5000,08/09/2026
Punjab,Gurdaspur,F.G.Churian APMC,Onion,Onion,Grade A,5000,5000,5000,08/09/2026
Punjab,Hoshiarpur,GarhShankar (Kotfatuhi) APMC,Onion,Other,FAQ,4000,4000,4000,08/09/2026
Punjab,Patiala,Patran APMC,Onion,Other,Grade A,3430,3430,3430,08/09/2026
Punjab,Bhatinda,Raman APMC,Onion,Other,Medium,4210,4505,4365,08/09/2026
Punjab,Ferozpur,Ferozepur Cantt. APMC,Onion,Onion,Grade A,2800,3000,2900,08/09/2026
Punjab,Hoshiarpur,Garh Shankar(Mahalpur) APMC,Onion,Onion,FAQ,3700,3700,3700,08/09/2026
Punjab,Mohali,Kharar APMC,Onion,Other,Non-FAQ,4500,6000,5000,08/09/2026
Punjab,Mohali,Dera Bassi APMC,Onion,Onion,Local,2900,2900,2900,08/09/2026
Punjab,Sangrur,Malerkotla APMC,Onion,Other,Local,2800,3800,3500,08/09/2026
Punjab,Fatehgarh,Bassi Pathana APMC,Onion,Medium,Medium,5300,5600,5500,08/09/2026
Punjab,Ferozpur,Zira APMC,Onion,Other,Local,4800,4800,4800,08/09/2026
Punjab,Jalandhar,Adampur APMC,Onion,Onion,FAQ,4000,4500,4500,08/09/2026
Punjab,Hoshiarpur,Tanda Urmur APMC,Onion,Nasik,Grade A,4800,5200,5000,08/09/2026
Punjab,Jalandhar,Goraya APMC,Onion,Other,Local,5000,5000,5000,08/09/2026
Punjab,Moga,Nihal Singh Wala APMC,Onion,Onion,FAQ,3800,4300,4050,08/09/2026
Punjab,Fazilka,Fazilka APMC,Onion,Onion,FAQ,4800,4800,4800,08/09/2026
Punjab,Bhatinda,Bhucho APMC,Onion,Local,Local,2500,2500,2500,08/09/2026
Punjab,Moga,Baghapurana APMC,Onion,Onion,Grade B,4000,5000,4500,08/09/2026
Punjab,Patiala,Nabha APMC,Onion,Other,Grade C,3400,4600,4000,08/09/2026
Punjab,Nawanshahr,Balachaur APMC,Onion,Other,Medium,3500,4500,4000,08/09/2026
Punjab,Sangrur,Ahmedgarh APMC,Onion,Other,Medium,5000,5500,5500,08/09/2026
Punjab,Gurdaspur,Dinanagar APMC,Onion,Other,Medium,4600,4800,4700,08/09/2026
Punjab,Ludhiana,Doraha APMC,Onion,Medium,Local,3600,4200,3900,08/09/2026
Punjab,Hoshiarpur,Mukerian(Talwara) APMC,Onion,Onion,FAQ,4000,4800,4400,08/09/2026
Punjab,Bhatinda,Bathinda APMC,Onion,Other,Grade B,3000,3600,3200,08/09/2026
Punjab,Jalandhar,Jalandhar City(Jalandhar) APMC,Onion,Other,FAQ,3200,5200,4200,08/09/2026
Punjab,Bhatinda,Bhagta Bhai Ka APMC,Onion,Other,Medium,4800,4800,4800,08/09/2026
Punjab,Ludhiana,Jagraon APMC,Onion,Other,FAQ,2200,2200,2200,08/09/2026
Punjab,Muktsar,Malout APMC,Onion,Onion,Grade A,4500,4500,4500,08/09/2026
Punjab,Patiala,Rajpura APMC,Onion,Local,Grade B,3200,3550,3400,08/09/2026
Punjab,Sangrur,Dhuri APMC,Onion,Other,Medium,4300,4600,4500,08/09/2026
Punjab,Mohali,Lalru APMC,Onion,Other,Local,4500,4500,4500,08/09/2026
Punjab,Amritsar,Rayya APMC,Onion,Other,FAQ,1412,1412,1412,08/09/2026
Andhra Pradesh,Kurnool,Kurnool APMC,Onion,Local,FAQ,1767,5150,4189,08/09/2026
Andhra Pradesh,YSR Kadapa,Yerraguntla APMC,Onion,Local,FAQ,2600,3000,2800,08/09/2026
West Bengal,Medinipur(E),Tamluk (Medinipur E) APMC,Onion,Onion,FAQ,4200,4600,4400,08/09/2026
West Bengal,Hooghly,Champadanga APMC,Onion,Nasik,FAQ,5000,5200,5200,08/09/2026
West Bengal,Nadia,Chakdah APMC,Onion,Onion,FAQ,4500,5000,4800,08/09/2026
West Bengal,Purba Bardhaman,Kalna APMC,Onion,Local,FAQ,4400,4500,4400,08/09/2026
West Bengal,Paschim Bardhaman,Durgapur APMC,Onion,Nasik,FAQ,4200,4500,4350,08/09/2026
West Bengal,Paschim Bardhaman,Asansol APMC,Onion,Nasik,FAQ,4250,4500,4300,08/09/2026
West Bengal,Purba Bardhaman,Burdwan APMC,Onion,Nasik,FAQ,4700,5000,4800,08/09/2026
West Bengal,Alipurduar,Alipurduar APMC,Onion,Onion,FAQ,2500,3500,3000,08/09/2026
West Bengal,Howrah,Ramkrishanpur(Howrah) APMC,Onion,Nasik,FAQ,5000,5500,5200,08/09/2026
West Bengal,North 24 Parganas,Barasat APMC,Onion,Other,FAQ,5200,5200,5200,08/09/2026
West Bengal,Birbhum,Bolpur APMC,Onion,Onion,FAQ,4300,4500,4400,08/09/2026
West Bengal,Puruliya,Balarampur APMC,Onion,Other,FAQ,4200,5200,4600,08/09/2026
West Bengal,Hooghly,Kalipur APMC,Onion,Nasik,FAQ,5000,5200,5000,08/09/2026
West Bengal,Jalpaiguri,Dhupguri APMC,Onion,Nasik,FAQ,4800,5200,5000,08/09/2026
West Bengal,Kolkata,Bara Bazar (Posta Bazar) APMC,Onion,Other,FAQ,4650,5050,4850,08/09/2026
West Bengal,North 24 Parganas,Habra APMC,Onion,Onion,FAQ,4500,4500,4500,08/09/2026
West Bengal,Jalpaiguri,Moynaguri APMC,Onion,Nasik,FAQ,4800,5200,5000,08/09/2026
West Bengal,Medinipur(W),Medinipur(West) APMC,Onion,Onion,FAQ,4300,4500,4400,08/09/2026
West Bengal,Purba Bardhaman,Kalna APMC,Onion,Nasik,FAQ,4600,4800,4600,08/09/2026
West Bengal,Darjeeling,Siliguri APMC,Onion,Onion,FAQ,4900,5100,5000,08/09/2026
West Bengal,Nadia,Bethuadahari APMC,Onion,Nasik,Grade A,3800,4200,4000,08/09/2026
West Bengal,Medinipur(W),Ghatal APMC,Onion,Onion,FAQ,4900,5100,5000,08/09/2026
West Bengal,Kolkata,Bara Bazar (Posta Bazar) APMC,Onion,Nasik,FAQ,4700,5080,4875,08/09/2026
West Bengal,Hooghly,Sheoraphuly APMC,Onion,Nasik,FAQ,4275,4475,4350,08/09/2026
West Bengal,Uttar Dinajpur,Islampur APMC,Onion,Dry F.A.Q.,FAQ,4000,5000,4500,08/09/2026
West Bengal,Puruliya,Purulia APMC,Onion,Other,FAQ,3500,4500,4200,08/09/2026
West Bengal,Jalpaiguri,Jalpaiguri Sadar APMC,Onion,Nasik,FAQ,4800,5200,5000,08/09/2026
West Bengal,Bankura,Bankura Sadar APMC,Onion,Nasik,FAQ,4800,5200,5000,08/09/2026
West Bengal,Nadia,Karimpur APMC,Onion,Nasik,Grade A,3800,4200,4000,08/09/2026
West Bengal,Bankura,Bishnupur(Bankura) APMC,Onion,Nasik,FAQ,4500,5200,4800,08/09/2026
West Bengal,Birbhum,Sainthia APMC,Onion,Onion,FAQ,4300,4500,4400,08/09/2026
West Bengal,Dakshin Dinajpur,Gangarampur(Dakshin Dinajpur) APMC,Onion,1st Sort,FAQ,4500,5000,4800,08/09/2026
West Bengal,Murshidabad,Jangipur APMC,Onion,Bellary,FAQ,3650,3800,3750,08/09/2026
West Bengal,Birbhum,Birbhum APMC,Onion,Other,FAQ,4300,4500,4400,08/09/2026
West Bengal,Nadia,Nadia APMC,Onion,Nasik,FAQ,4300,4500,4400,08/09/2026
West Bengal,Sounth 24 Parganas,Diamond Harbour(South 24-pgs) APMC,Onion,Red,FAQ,4700,4900,4800,08/09/2026
West Bengal,Birbhum,Rampurhat APMC,Onion,Other,FAQ,4400,4500,4450,08/09/2026
West Bengal,Dakshin Dinajpur,Balurghat APMC,Onion,1st Sort,FAQ,4500,5000,4800,08/09/2026
West Bengal,Malda,Samsi APMC,Onion,Nasik,FAQ,3900,4100,4000,08/09/2026
West Bengal,Sounth 24 Parganas,Baruipur(Canning) APMC,Onion,Red,FAQ,4700,5000,4800,08/09/2026
West Bengal,Howrah,Uluberia APMC,Onion,Nasik,FAQ,5000,5500,5200,08/09/2026
West Bengal,Hooghly,Pandua APMC,Onion,Dry F.A.Q.,FAQ,4250,4725,4550,08/09/2026
West Bengal,Nadia,Ranaghat APMC,Onion,Other,FAQ,4600,5200,5000,08/09/2026
Odisha,Sambalpur,Rairakhol APMC,Onion,Onion,Grade B,5000,5500,5200,08/09/2026
Odisha,Bolangir,Bolangir APMC,Onion,Other,Medium,4600,5500,5000,08/09/2026
Odisha,Nuapada,Khariar Road APMC,Onion,Onion,Grade A,6000,6000,6000,08/09/2026
Odisha,Mayurbhanja,Udala APMC,Onion,Onion,FAQ,4500,5500,5000,08/09/2026
Odisha,Sonepur,Pandkital APMC,Onion,Other,Local,5000,5400,5200,08/09/2026
Odisha,Bargarh,Bargarh(Barapalli) APMC,Onion,Onion,Local,2000,3000,2500,08/09/2026
Odisha,Sonepur,Birmaharajpur APMC,Onion,Onion,Local,5200,5600,5400,08/09/2026
Odisha,Dhenkanal,Hindol APMC,Onion,Other,Grade B,4500,5000,4800,08/09/2026
Odisha,Angul,Angul APMC,Onion,Other,Grade B,3500,3500,3500,08/09/2026
Odisha,Boudh,Boudh APMC,Onion,Other,Local,5500,6500,6000,08/09/2026
Odisha,Sundergarh,Sargipali APMC,Onion,Other,FAQ,4500,5000,4800,08/09/2026
Odisha,Jharsuguda,Jharsuguda APMC,Onion,Other,Grade A,4000,5000,4000,08/09/2026
Odisha,Khurda,Balugaon APMC,Onion,Other,Grade A,2400,2400,2400,08/09/2026
Odisha,Dhenkanal,Kamakhyanagar APMC,Onion,Onion,Grade A,11000,11000,11000,08/09/2026
Odisha,Sonepur,Dungurapalli APMC,Onion,Other,Local,5000,5000,5000,08/09/2026
Odisha,Nuapada,Khariar APMC,Onion,Dry F.A.Q.,Grade A,5000,5000,5000,08/09/2026
Odisha,Bolangir,Tusura APMC,Onion,Other,Medium,4600,5500,5000,08/09/2026
Odisha,Kalahandi,Kesinga APMC,Onion,Onion,Grade B,3800,4200,4000,08/09/2026
Odisha,Bargarh,Bargarh APMC,Onion,Onion,Medium,2500,3500,3000,08/09/2026
Bihar,Begusarai,Balliah APMC,Onion,1st Sort,Grade A,5200,5400,5300,08/09/2026
Bihar,East Champaran/ Motihari,Motihari APMC,Onion,Other,Grade A,4800,5000,4900,08/09/2026
Bihar,Chhapra,Chhapra APMC,Onion,Other,Grade A,3500,4400,4200,08/09/2026
Bihar,Madhubani,Madhubani APMC,Onion,Nasik,FAQ,4500,4700,4600,08/09/2026
Bihar,Supaul,Supaul APMC,Onion,Onion,Grade A,3500,4500,4000,08/09/2026
Bihar,Siwan,Maharjganj APMC,Onion,1st Sort,FAQ,5000,5000,5000,08/09/2026
Bihar,East Champaran/ Motihari,Raxaul APMC,Onion,1st Sort,Grade A,4200,4400,4300,08/09/2026
Bihar,Begusarai,Balliah APMC,Onion,1st Sort,Grade C,5200,5400,5300,08/09/2026
Bihar,Begusarai,Balliah APMC,Onion,1st Sort,Grade B,5200,5400,5300,08/09/2026
Telangana,Ranga Reddy,"Saroornagar,RBZ",Onion,Other,Medium,4000,4000,4000,08/09/2026
Telangana,Siddipet,Siddipet(Rythu Bazar) ,Onion,Onion,Grade A,4000,5000,4500,08/09/2026
Telangana,Hanumakonda,"Excise Colony,RBZ ",Onion,Other,Grade A,6000,6000,6000,08/09/2026
Telangana,Hyderabad,Gudimalkapur APMC,Onion,Onion,Grade B,1800,5500,3000,08/09/2026
Telangana,Hyderabad,Mahboob Manison APMC,Onion,Onion,Large,4100,5000,4500,08/09/2026
Telangana,Ranga Reddy,L B Nagar APMC,Onion,Onion,Medium,5000,6000,5500,08/09/2026
Telangana,Hyderabad,RYTHU BAZAR FALAKNUMA,Onion,Onion,Grade A,4000,4000,4000,08/09/2026
Telangana,Hyderabad,Bowenpally APMC,Onion,Onion,FAQ,2500,5000,4000,08/09/2026
Telangana,Sangareddy,APMC PATANCHERU,Onion,Onion,Local,2000,5000,3700,08/09/2026
Telangana,Hyderabad,RYTHU BAZAR ERRAGADDA,Onion,1st Sort,Grade A,4000,4000,4000,08/09/2026
Telangana,Hyderabad,Mahboob Manison APMC,Onion,Onion,Small,1800,3500,3300,08/09/2026
Telangana,Nalgonda,Miryalguda(Rythu Bazar) ,Onion,Red,Grade A,6000,6000,6000,08/09/2026
Telangana,Medchal Malkajgiri,"Kukatpally,RBZ",Onion,1st Sort,Local,4000,4000,4000,08/09/2026
Telangana,Hyderabad,Bowenpally APMC,Onion Green,Onion Green,FAQ,1000,2500,2000,08/09/2026
Uttarakhand,Nanital,Haldwani APMC,Onion,Other,FAQ,3000,4000,3500,08/09/2026
Uttarakhand,Haridwar,Bhagwanpur(Naveen Mandi Sthal) APMC,Onion,Other,Grade A,2400,2600,2500,08/09/2026
Uttarakhand,Udhamsinghnagar,Kashipur APMC,Onion,Other,Local,600,3600,1800,08/09/2026
Uttarakhand,Udhamsinghnagar,Rudrapur APMC,Onion,Other,Medium,3000,4000,3500,08/09/2026
Uttarakhand,Dehradoon,Vikasnagar APMC,Onion,Other,Medium,1700,1700,1700,08/09/2026
Uttarakhand,Haridwar,Manglaur APMC,Onion,Other,Large,1500,2200,1800,08/09/2026
Uttarakhand,Dehradoon,Rishikesh APMC,Onion,Other,Medium,3400,4850,4200,08/09/2026
Uttarakhand,Haridwar,Roorkee APMC,Onion,Other,Medium,2500,4500,3500,08/09/2026
Uttarakhand,Udhamsinghnagar,Khateema APMC,Onion,Other,Grade A,2000,2200,2100,08/09/2026
Himachal Pradesh,Kangra,SMY Nagrota Bagwan,Onion,Onion,FAQ,5200,5400,5300,08/09/2026
Himachal Pradesh,Mandi,SMY Takoli,Onion,Other,Medium,4000,4800,4500,08/09/2026
Himachal Pradesh,Shimla,PMY Dhalli Shimla,Onion,1st Sort,Grade A,5500,6000,5500,08/09/2026
Himachal Pradesh,Kangra,SMY Jaisinghpur,Onion,Other,FAQ,5300,5900,5600,08/09/2026
Himachal Pradesh,Bilaspur,PMY Bilaspur,Onion,Other,Grade B,4600,5000,4800,08/09/2026
Himachal Pradesh,Una,PMY Una,Onion,Onion,FAQ,4800,5200,5000,08/09/2026
Himachal Pradesh,Kangra,SMY Dharamshala,Onion,Onion,FAQ,4800,5200,5000,08/09/2026
Himachal Pradesh,Hamirpur,PMY Hamirpur,Onion,Other,Grade B,5000,5200,5100,08/09/2026
Himachal Pradesh,Kangra,SMY Jassur,Onion,Other,FAQ,4500,5000,4750,08/09/2026
Himachal Pradesh,Shimla,SMY Rohroo,Onion,1st Sort,Grade B,5000,5200,5100,08/09/2026
Himachal Pradesh,Sirmore,PMY Paonta Sahib,Onion,Nasik,FAQ,5000,5500,5200,08/09/2026
Himachal Pradesh,Kullu,PMY Kullu,Onion,Other,FAQ,5000,5200,5100,08/09/2026
Himachal Pradesh,Hamirpur,SMY Nadaun,Onion,Other,Grade B,4000,4200,4100,08/09/2026
Himachal Pradesh,Solan,PMY Kather Solan,Onion,Other,Medium,4500,5200,4800,08/09/2026
Himachal Pradesh,Kullu,SMY Bhuntar,Onion,Other,FAQ,5400,6000,5700,08/09/2026
Himachal Pradesh,Mandi,SMY Dhanotu,Onion,Onion,FAQ,4000,5000,4500,08/09/2026
Himachal Pradesh,Una,SMY Santoshgarh,Onion,Onion,FAQ,4700,5000,4850,08/09/2026
Himachal Pradesh,Solan,SMY Nalagarh,Onion,Other,Medium,3000,4500,3800,08/09/2026
Himachal Pradesh,Kangra,SMY Baijnath,Onion,Onion,Grade A,4000,5000,4500,08/09/2026
Himachal Pradesh,Sirmore,SMY Nahan,Onion,Other,FAQ,4500,5000,4800,08/09/2026
Himachal Pradesh,Kangra,SMY Palampur,Onion,Onion,FAQ,5200,5800,5500,08/09/2026
Assam,Tinsukia,Tinsukia Market,Onion,Onion,FAQ,4800,5400,5000,08/09/2026
Assam,Nagaon,Doomdumia APMC,Onion,Onion,FAQ,3300,3500,3400,08/09/2026
Assam,Nagaon,Dhing APMC,Onion,Onion,FAQ,3300,3500,3400,08/09/2026
Assam,Kamrup,Pamohi(Garchuk) APMC,Onion,Onion,FAQ,5200,5800,5400,08/09/2026
Assam,Sonitpur,Dhekiajuli APMC,Onion,Onion,FAQ,5000,5300,5200,08/09/2026
Assam,Kamrup,Uparhali Pmy APMC,Onion,Onion,FAQ,5000,5200,5100,08/09/2026
Tamil Nadu,Cuddalore,Viruthachalam(Uzhavar Sandhai ),Tomato,Deshi,Local,2500,2500,2500,08/09/2026
Tamil Nadu,Pudukkottai,Pudukottai(Uzhavar Sandhai ),Tomato,Other,Local,3000,3400,3200,08/09/2026
Tamil Nadu,Madurai,Melur(Uzhavar Sandhai ),Tomato,Deshi,Local,2800,3000,2900,08/09/2026
Tamil Nadu,Pudukkottai,Aranthangi(Uzhavar Sandhai ),Tomato,Deshi,Local,3000,3400,3200,08/09/2026
Tamil Nadu,Nagapattinam,Vedaranyam(Uzhavar Sandhai),Tomato,Deshi,Local,3200,3600,3400,08/09/2026
Tamil Nadu,Karur,Kulithalai(Uzhavar Sandhai ),Tomato,Deshi,Local,2800,3000,2900,08/09/2026
Tamil Nadu,Chengalpattu,Guduvancheri(Uzhavar Sandhai ),Tomato,Other,Local,2500,3000,2750,08/09/2026
Tamil Nadu,Thirupur,Palladam(Uzhavar Sandhai ),Tomato,Local,Local,2000,2400,2200,08/09/2026
Tamil Nadu,Dindigul,Vedasanthur(Uzhavar Sandhai ),Tomato,Deshi,Local,2000,2400,2200,08/09/2026
Tamil Nadu,Karur,Karur(Uzhavar Sandhai ),Tomato,Deshi,Local,2500,3000,2750,08/09/2026
Tamil Nadu,Cuddalore,Cuddalore(Uzhavar Sandhai ),Tomato,Deshi,Local,2800,2800,2800,08/09/2026
Tamil Nadu,Tuticorin,Tuticorin(Uzhavar Sandhai ),Tomato,Local,Local,2500,3000,2750,08/09/2026
Tamil Nadu,Pudukkottai,Karambakkudi(Uzhavar Sandhai ),Tomato,Other,Local,2500,3000,2750,08/09/2026
Tamil Nadu,Dharmapuri,Harur(Uzhavar Sandhai ),Tomato,Deshi,Local,2000,2500,2250,08/09/2026
Tamil Nadu,Coimbatore,Pollachi(Uzhavar Sandhai ),Tomato,Deshi,Local,2500,3000,2750,08/09/2026
Tamil Nadu,Erode,Perundurai(Uzhavar Sandhai ),Tomato,Deshi,Local,2600,3000,2800,08/09/2026
Tamil Nadu,Dharmapuri,Dharmapuri(Uzhavar Sandhai ),Tomato,Local,Local,2200,2400,2300,08/09/2026
Tamil Nadu,Dharmapuri,Palacode(Uzhavar Sandhai ),Tomato,Local,Local,2200,2400,2300,08/09/2026
Tamil Nadu,Dindigul,Dindigul(Uzhavar Sandhai ),Tomato,Deshi,Local,2500,3000,2750,08/09/2026
Tamil Nadu,Dindigul,Palani(Uzhavar Sandhai ),Tomato,Deshi,Local,1500,2400,1950,08/09/2026
Tamil Nadu,Dharmapuri,Karimangalam(Uzhavar Sandhai),Tomato,Local,Local,2300,2500,2400,08/09/2026
Tamil Nadu,Thanjavur,Pattukottai(Uzhavar Sandhai ),Tomato,Deshi,Local,3400,3400,3400,08/09/2026
Tamil Nadu,Virudhunagar,Sivakasi(Uzhavar Sandhai ),Tomato,Deshi,Local,2500,3000,2750,08/09/2026
Tamil Nadu,Chengalpattu,Madhuranthagam(Uzhavar Sandhai ),Tomato,Deshi,Local,3000,3000,3000,08/09/2026
Tamil Nadu,Chengalpattu,Pallavaram(Uzhavar Sandhai ),Tomato,Other,Local,2500,3000,2750,08/09/2026
Tamil Nadu,Nagercoil (Kannyiakumari),Myladi(Uzhavar Sandhai ),Tomato,Deshi,Local,3000,3500,3250,08/09/2026
Tamil Nadu,Villupuram,Ulundurpettai APMC,Tomato,Deshi,Local,2000,2000,2000,08/09/2026
Tamil Nadu,Vellore,Pallikonda(Uzhavar Sandhai),Tomato,Deshi,Local,2800,3000,2900,08/09/2026
Tamil Nadu,Pudukkottai,Viralimalai(Uzhavar Sandhai ),Tomato,Deshi,Local,2500,3000,2750,08/09/2026
Tamil Nadu,Thiruvannamalai,Arani(Uzhavar Sandhai ),Tomato,Deshi,Local,2500,3000,2750,08/09/2026
Tamil Nadu,Tuticorin,Kovilpatti(Uzhavar Sandhai ),Tomato,Local,Local,2500,3000,2750,08/09/2026
Tamil Nadu,Nagapattinam,Sirkali(Uzhavar Sandhai ),Tomato,Deshi,Local,2500,3000,2750,08/09/2026
Tamil Nadu,Madurai,Palanganatham(Uzhavar Sandhai ),Tomato,Deshi,Local,2800,3000,2900,08/09/2026
Tamil Nadu,Salem,Ammapet(Uzhavar Sandhai ),Tomato,Local,Local,2500,2800,2650,08/09/2026
Tamil Nadu,Thiruchirappalli,Thuraiyur APMC,Tomato,Other,Local,2500,3200,2850,08/09/2026
Tamil Nadu,Thirunelveli,Melapalayam(Uzhavar Sandhai ),Tomato,Other,Local,2600,2800,2700,08/09/2026
Tamil Nadu,Thiruvannamalai,Keelpennathur(Uzhavar Sandhai ),Tomato,Deshi,Local,3000,3500,3250,08/09/2026
Tamil Nadu,Thiruvannamalai,Tamarainagar(Uzhavar Sandhai ),Tomato,Deshi,Local,2200,2600,2400,08/09/2026
Tamil Nadu,Dharmapuri,AJattihalli(Uzhavar Sandhai ),Tomato,Deshi,Local,2000,2400,2200,08/09/2026
Tamil Nadu,Sivaganga,Sivagangai (Uzhavar Sandhai ),Tomato,Deshi,Local,2800,3000,2900,08/09/2026
Tamil Nadu,Cuddalore,Chidambaram(Uzhavar Sandhai ),Tomato,Local,Local,2500,2500,2500,08/09/2026
Tamil Nadu,Chengalpattu,Thirukalukundram(Uzhavar Sandhai ),Tomato,Deshi,Local,2500,3000,2750,08/09/2026
Tamil Nadu,Vellore,Thirupathur APMC,Tomato,Deshi,Local,3000,3000,3000,08/09/2026
Tamil Nadu,Vellore,Perampet(Uzhavar Sandhai),Tomato,Deshi,Local,2000,2600,2300,08/09/2026
Tamil Nadu,Thirupur,Dharapuram(Uzhavar Sandhai ),Tomato,Deshi,Local,2000,2000,2000,08/09/2026
Tamil Nadu,Thirupathur,Natrampalli(Uzhavar Sandhai ),Tomato,Deshi,Local,2000,2500,2250,08/09/2026
Tamil Nadu,Coimbatore,Udumalpet APMC,Tomato,Deshi,Local,2000,2800,2400,08/09/2026
Tamil Nadu,Nagapattinam,Mayiladuthurai(Uzhavar Sandhai ),Tomato,Deshi,Local,2500,3000,2750,08/09/2026
Tamil Nadu,Thiruvarur,Mannargudi II(Uzhavar Sandhai ),Tomato,Other,Local,2800,2800,2800,08/09/2026
Tamil Nadu,Thiruvellore,Naravarikuppam(Uzhavar Sandhai ),Tomato,Deshi,Local,2500,2500,2500,08/09/2026
Tamil Nadu,Thiruvannamalai,Cheyyar(Uzhavar Sandhai ),Tomato,Local,Local,2500,3000,2750,08/09/2026
Tamil Nadu,The Nilgiris,Udhagamandalam(Uzhavar Sandhai ),Tomato,Deshi,Local,2500,2800,2650,08/09/2026
Tamil Nadu,Theni,Andipatti(Uzhavar Sandhai ),Tomato,Deshi,Local,2600,2800,2700,08/09/2026
Tamil Nadu,Thiruvarur,Tiruvarur(Uzhavar Sandhai ),Tomato,Deshi,Local,2600,2600,2600,08/09/2026
Tamil Nadu,Thiruvellore,Tiruthani(Uzhavar Sandhai ),Tomato,Deshi,Local,2500,2500,2500,08/09/2026
Tamil Nadu,Sivaganga,Singampunari(Uzhavar Sandhai ),Tomato,Other,Local,2600,3000,2800,08/09/2026
Tamil Nadu,Sivaganga,Tirupatthur(Uzhavar Sandhai ),Tomato,Other,Local,2500,3000,2750,08/09/2026
Tamil Nadu,Virudhunagar,Rajapalayam(Uzhavar Sandhai ),Tomato,Deshi,Local,2500,3000,2750,08/09/2026
Tamil Nadu,Virudhunagar,Thalavaipuram(Uzhavar Sandhai ),Tomato,Deshi,Local,2500,3000,2750,08/09/2026
Tamil Nadu,Chengalpattu,Medavakkam(Uzhavar Sandhai ),Tomato,Other,Local,2000,2500,2250,08/09/2026
Tamil Nadu,Coimbatore,Sundarapuram(Uzhavar Sandhai ),Tomato,Local,Local,2500,3000,2750,08/09/2026
Tamil Nadu,Namakkal,Tiruchengode APMC,Tomato,Other,Local,2500,2800,2650,08/09/2026
Tamil Nadu,Ariyalur,Jeyankondam (Uzhavar Sandhai ),Tomato,Deshi,Local,2500,3000,2750,08/09/2026
Tamil Nadu,Coimbatore,RSPuram(Uzhavar Sandhai ),Tomato,Local,Local,2600,2900,2750,08/09/2026
Tamil Nadu,Coimbatore,Singanallur(Uzhavar Sandhai ),Tomato,Deshi,Local,2600,3000,2800,08/09/2026
Tamil Nadu,Erode,Periyar Nagar(Uzhavar Sandhai ),Tomato,Other,Local,3000,3200,3100,08/09/2026
Tamil Nadu,Kallakuruchi,Sankarapuram(Uzhavar Sandhai ),Tomato,Deshi,Local,2500,2500,2500,08/09/2026
Tamil Nadu,Madurai,Anaiyur(Uzhavar Sandhai ),Tomato,Deshi,Local,2800,3000,2900,08/09/2026
Tamil Nadu,Madurai,Usilampatti(Uzhavar Sandhai ),Tomato,Deshi,Local,2800,3000,2900,08/09/2026
Tamil Nadu,Namakkal,Kumarapalayam(Uzhavar Sandhai ),Tomato,Other,Local,2200,3000,2600,08/09/2026
Tamil Nadu,Namakkal,Mohanur(Uzhavar Sandhai ),Tomato,Deshi,Local,2400,3000,2700,08/09/2026
Tamil Nadu,Perambalur,Perambalur(Uzhavar Sandhai ),Tomato,Deshi,Local,3000,3600,3300,08/09/2026
Tamil Nadu,Ranipet,Ranipettai(Uzhavar Sandhai ),Tomato,Other,Local,2500,2800,2650,08/09/2026
Tamil Nadu,Theni,Chinnamanur(Uzhavar Sandhai ),Tomato,Local,Local,2800,2800,2800,08/09/2026
Tamil Nadu,Theni,Theni(Uzhavar Sandhai ),Tomato,Other,Local,2500,2800,2650,08/09/2026
Tamil Nadu,Thiruvannamalai,Chengam(Uzhavar Sandhai ),Tomato,Local,Local,2000,2500,2250,08/09/2026
Tamil Nadu,Karur,Vengamedu(Uzhavar Sandhai ),Tomato,Deshi,Local,2500,3000,2750,08/09/2026
Tamil Nadu,The Nilgiris,Gudalur(Uzhavar Sandhai ),Tomato,Deshi,Local,2000,2500,2250,08/09/2026
Tamil Nadu,Erode,Sathiyamagalam(Uzhavar Sandhai ),Tomato,Local,Local,2500,2900,2700,08/09/2026
Tamil Nadu,Coimbatore,Mettupalayam(Uzhavar Sandhai ),Tomato,Deshi,Local,2500,3000,2750,08/09/2026
Tamil Nadu,Madurai,Chokkikulam(Uzhavar Sandhai ),Tomato,Deshi,Local,2600,3000,2800,08/09/2026
Tamil Nadu,Erode,Gobichettipalayam(Uzhavar Sandhai ),Tomato,Deshi,Local,2500,3000,2750,08/09/2026
Tamil Nadu,Erode,Sampath Nagar(Uzhavar Sandhai ),Tomato,Other,Local,3000,3200,3100,08/09/2026
Tamil Nadu,Pudukkottai,Ponnamaravathi(Uzhavar Sandhai),Tomato,Deshi,Local,2500,3000,2750,08/09/2026
Tamil Nadu,Ramanathapuram,Kamuthi(Uzhavar Sandhai ),Tomato,Deshi,Local,3500,3800,3650,08/09/2026
Tamil Nadu,Thiruvannamalai,Polur(Uzhavar Sandhai ),Tomato,Deshi,Local,2000,2500,2250,08/09/2026
Tamil Nadu,Thiruvellore,Ambattur(Uzhavar Sandhai ),Tomato,Deshi,Local,2500,2500,2500,08/09/2026
Tamil Nadu,Thiruvellore,Paruthipattu(Uzhavar Sandhai ),Tomato,Deshi,Local,2500,3000,2750,08/09/2026
Tamil Nadu,Thiruvellore,Perambakkam(Uzhavar Sandhai ),Tomato,Deshi,Local,4000,4000,4000,08/09/2026
Tamil Nadu,Vellore,Kahithapattarai(Uzhavar Sandhai ),Tomato,Deshi,Local,2600,2600,2600,08/09/2026
Tamil Nadu,Thanjavur,Papanasam(Uzhavar Sandhai ),Tomato,Deshi,Local,2400,3000,2700,08/09/2026
Tamil Nadu,Ariyalur,Ariyalur(Uzhavar Sandhai),Tomato,Deshi,Local,3000,3500,3250,08/09/2026
Tamil Nadu,Sivaganga,Karaikudi(Uzhavar Sandhai ),Tomato,Deshi,Local,2500,3000,2750,08/09/2026
Tamil Nadu,Thiruchirappalli,KKNagar(Uzhavar Sandhai ),Tomato,Deshi,Local,3000,3000,3000,08/09/2026
Tamil Nadu,Thiruchirappalli,Manachanallur(Uzhavar Sandhai ),Tomato,Other,Local,3000,3000,3000,08/09/2026
Tamil Nadu,Thiruchirappalli,Musiri(Uzhavar Sandhai ),Tomato,Local,Local,2500,3000,2750,08/09/2026
Tamil Nadu,Virudhunagar,Sathur(Uzhavar Sandhai ),Tomato,Deshi,Local,2000,2500,2250,08/09/2026
Tamil Nadu,Chengalpattu,Chengalpet(Uzhavar Sandhai ),Tomato,Deshi,Local,3000,3500,3250,08/09/2026
Tamil Nadu,Nagapattinam,Nagapattinam(Uzhavar Sandhai ),Tomato,Deshi,Local,3400,3400,3400,08/09/2026
Tamil Nadu,Tenkasi,Sankarankoil(Uzhavar Sandhai ),Tomato,Deshi,Local,2500,3000,2750,08/09/2026
Tamil Nadu,Theni,Bodinayakanur(Uzhavar Sandhai ),Tomato,Deshi,Local,2800,2800,2800,08/09/2026
Tamil Nadu,Kallakuruchi,Kallakurichi(Uzhavar Sandhai ),Tomato,Deshi,Local,3000,3000,3000,08/09/2026
Tamil Nadu,Thirupur,Tiruppur (South) (Uzhavar Sandhai ),Tomato,Other,Local,1600,2000,1800,08/09/2026
Tamil Nadu,Dharmapuri,Pennagaram(Uzhavar Sandhai ),Tomato,Deshi,Local,2500,3000,2750,08/09/2026
Tamil Nadu,Kancheepuram,Sunguvarchatram(Uzhavar Sandhai ),Tomato,Other,Local,2500,2500,2500,08/09/2026
Tamil Nadu,Krishnagiri,Avallapalli(Uzhavar Sandhai ),Tomato,Deshi,Local,2500,3000,2750,08/09/2026
Tamil Nadu,Madurai,Anna nagar(Uzhavar Sandhai ),Tomato,Other,Local,2800,2800,2800,08/09/2026
Tamil Nadu,Salem,Thammampatti (Uzhavar Sandhai ),Tomato,Deshi,Local,2000,2800,2400,08/09/2026
Tamil Nadu,Theni,Kambam(Uzhavar Sandhai ),Tomato,Deshi,Local,2500,2600,2550,08/09/2026
Tamil Nadu,Thirunelveli,Kandiyaperi(Uzhavar Sandhai ),Tomato,Other,Local,2600,2800,2700,08/09/2026
Tamil Nadu,Thirupur,Tiruppur (North) (Uzhavar Sandhai ),Tomato,Local,Local,2200,2500,2350,08/09/2026
Tamil Nadu,Thanjavur,Peravurani(Uzhavar Sandhai),Tomato,Deshi,Local,3000,3000,3000,08/09/2026
Tamil Nadu,Karur,Pallapatti (Uzhavar Sandhai ),Tomato,Other,Local,2500,2800,2650,08/09/2026
Tamil Nadu,Karur,Velayuthampalayam(Uzhavar Sandhai ),Tomato,Other,Local,2400,3000,2700,08/09/2026
Tamil Nadu,Pudukkottai,Alangudi(Uzhavar Sandhai ),Tomato,Other,Local,2500,3000,2750,08/09/2026
Tamil Nadu,Thiruvarur,Mannargudi I(Uzhavar Sandhai ),Tomato,Other,Local,2800,2800,2800,08/09/2026
Tamil Nadu,Villupuram,Villupuram(Uzhavar Sandhai ),Tomato,Deshi,Local,2500,3000,2750,08/09/2026
Tamil Nadu,Virudhunagar,Srivilliputhur(Uzhavar Sandhai ),Tomato,Deshi,Local,2000,2500,2250,08/09/2026
Tamil Nadu,Coimbatore,Vadavalli(Uzhavar Sandhai ),Tomato,Local,Local,2800,3000,2900,08/09/2026
Tamil Nadu,Kancheepuram,Padappai(Uzhavar Sandhai ),Tomato,Local,Local,2200,3000,2600,08/09/2026
Tamil Nadu,Krishnagiri,Hosur(Uzhavar Sandhai ),Tomato,Local,Local,2700,3000,2850,08/09/2026
Tamil Nadu,Nagercoil (Kannyiakumari),Vadaseri APMC,Tomato,Local,Local,3000,3500,3250,08/09/2026
Tamil Nadu,The Nilgiris,Coonoor(Uzhavar Sandhai ),Tomato,Deshi,Local,2800,3000,2900,08/09/2026
Tamil Nadu,Thiruvarur,Needamangalam(Uzhavar Sandhai ),Tomato,Deshi,Local,2600,2600,2600,08/09/2026
Tamil Nadu,Thiruvarur,Valangaiman APMC,Tomato,Deshi,Local,2600,2600,2600,08/09/2026
Tamil Nadu,Vellore,Katpadi (Uzhavar Sandhai ),Tomato,Deshi,Local,3200,3200,3200,08/09/2026
Tamil Nadu,Madurai,Thirumangalam(Uzhavar Sandhai ),Tomato,Deshi,Local,2800,3000,2900,08/09/2026
Tamil Nadu,Salem,Vazhapadi(Uzhavar Sandhai),Tomato,Deshi,Local,2000,2500,2250,08/09/2026
Tamil Nadu,Karur,Gandhigramam(Uzhavar Sandhai),Tomato,Other,Local,2800,3000,2900,08/09/2026
Tamil Nadu,Thiruchirappalli,Manapparai(Uzhavar Sandhai ),Tomato,Other,Local,2800,2800,2800,08/09/2026
Tamil Nadu,Virudhunagar,Virudhunagar(Uzhavar Sandhai ),Tomato,Deshi,Local,2500,3000,2750,08/09/2026
Tamil Nadu,Chengalpattu,Nanganallur(Uzhavar Sandhai ),Tomato,Deshi,Local,3000,3500,3250,08/09/2026
Tamil Nadu,Chengalpattu,Jameenrayapettai(Uzhavar Sandhai ),Tomato,Other,Local,2500,3000,2750,08/09/2026
Tamil Nadu,Salem,Mecheri(Uzhavar Sandhai),Tomato,Deshi,Local,2500,2800,2650,08/09/2026
Tamil Nadu,Salem,Mettur(Uzhavar Sandhai ),Tomato,Local,Local,2000,2700,2350,08/09/2026
Tamil Nadu,Salem,Sooramangalam(Uzhavar Sandhai ),Tomato,Local,Local,2500,2800,2650,08/09/2026
Tamil Nadu,Thirunelveli,Ambasamudram(Uzhavar Sandhai ),Tomato,Local,Local,2400,2800,2600,08/09/2026
Tamil Nadu,Thirupur,Kangayam(Uzhavar Sandhai ),Tomato,Local,Local,2000,2200,2100,08/09/2026
Tamil Nadu,Thiruvannamalai,Vandavasi(Uzhavar Sandhai ),Tomato,Local,Local,2500,3000,2750,08/09/2026
Tamil Nadu,Thiruvarur,Muthupettai(Uzhavar Sandhai ),Tomato,Deshi,Local,2600,2600,2600,08/09/2026
Tamil Nadu,Pudukkottai,Gandarvakottai(Uzhavar Sandhai ),Tomato,Deshi,Local,2500,3000,2750,08/09/2026
Tamil Nadu,Cuddalore,Panruti(Uzhavar Sandhai ),Tomato,Deshi,Local,2500,2500,2500,08/09/2026
Tamil Nadu,Cuddalore,Vadalur(Uzhavar Sandhai ),Tomato,Local,Local,3000,3000,3000,08/09/2026
Tamil Nadu,Theni,Devaram(Uzhavar Sandhai ),Tomato,Deshi,Local,2700,2700,2700,08/09/2026
Tamil Nadu,Sivaganga,Devakottai (Uzhavar Sandhai ),Tomato,Deshi,Local,2200,3000,2600,08/09/2026
Tamil Nadu,Thirupathur,Vaniyampadi(Uzhavar Sandhai ),Tomato,Deshi,Local,3000,3000,3000,08/09/2026
Tamil Nadu,Salem,Athur(Uzhavar Sandhai ),Tomato,Deshi,Local,2000,2800,2400,08/09/2026
Tamil Nadu,Theni,Periyakulam(Uzhavar Sandhai ),Tomato,Other,Local,2600,2800,2700,08/09/2026
Tamil Nadu,Ramanathapuram,Paramakudi(Uzhavar Sandhai ),Tomato,Deshi,Local,3000,3500,3250,08/09/2026
Tamil Nadu,Ramanathapuram,Ramanathapuram(Uzhavar Sandhai ),Tomato,Deshi,Local,3500,4000,3750,08/09/2026
Tamil Nadu,Thiruvannamalai,Tiruvannamalai(Uzhavar Sandhai ),Tomato,Deshi,Local,2000,2500,2250,08/09/2026
Tamil Nadu,Vellore,Gudiyatham(Uzhavar Sandhai ),Tomato,Deshi,Local,2000,2500,2250,08/09/2026
Tamil Nadu,Coimbatore,Kurichi(Uzhavar Sandhai ),Tomato,Local,Local,2500,2800,2650,08/09/2026
Tamil Nadu,Vellore,Vellore APMC,Tomato,Deshi,Local,3000,3000,3000,08/09/2026
Tamil Nadu,Krishnagiri,Kaveripattinam(Uzhavar Sandhai ),Tomato,Local,Local,2500,2500,2500,08/09/2026
Tamil Nadu,Salem,Jalagandapuram(Uzhavar Sandhai ),Tomato,Other,Local,2400,2800,2600,08/09/2026
Tamil Nadu,Thanjavur,Thanjavur(Uzhavar Sandhai ),Tomato,Deshi,Local,3000,3000,3000,08/09/2026
Tamil Nadu,Thiruchirappalli,Lalgudi(Uzhavar Sandhai ),Tomato,Local,Local,2800,2800,2800,08/09/2026
Tamil Nadu,Thiruchirappalli,Thiruverumbur(Uzhavar Sandhai ),Tomato,Other,Local,2800,2800,2800,08/09/2026
Tamil Nadu,Villupuram,Tindivanam APMC,Tomato,Deshi,Local,2300,2300,2300,08/09/2026
Tamil Nadu,Erode,Thalavadi(Uzhavar Sandhai ),Tomato,Other,Local,2200,2500,2350,08/09/2026
Tamil Nadu,Krishnagiri,Krishnagiri(Uzhavar Sandhai ),Tomato,Deshi,Local,2000,2400,2200,08/09/2026
Tamil Nadu,Tenkasi,Tenkasi(Uzhavar Sandhai ),Tomato,Local,Local,2000,2500,2250,08/09/2026
Tamil Nadu,Thanjavur,Kumbakonam (Uzhavar Sandhai ),Tomato,Deshi,Local,2800,3400,3100,08/09/2026
Tamil Nadu,Virudhunagar,Aruppukottai(Uzhavar Sandhai ),Tomato,Deshi,Local,2500,3000,2750,08/09/2026
Tamil Nadu,Villupuram,Gingee(Uzhavar Sandhai ),Tomato,Deshi,Local,2000,2500,2250,08/09/2026
Tamil Nadu,Virudhunagar,Kariyapatti(Uzhavar Sandhai ),Tomato,Deshi,Local,2500,3000,2750,08/09/2026
Tamil Nadu,Thiruvellore,Tiruvallur(Uzhavar Sandhai ),Tomato,Deshi,Local,2500,3000,2750,08/09/2026
Tamil Nadu,Dindigul,Chinnalapatti(Uzhavar Sandhai ),Tomato,Local,Local,2500,3000,2750,08/09/2026
Tamil Nadu,Kancheepuram,Kancheepuram(Uzhavar Sandhai ),Tomato,Local,Local,2400,3000,2700,08/09/2026
Tamil Nadu,Kancheepuram,Kundrathur(Uzhavar Sandhai ),Tomato,Other,Local,2500,2500,2500,08/09/2026
Tamil Nadu,Krishnagiri,Denkanikottai(Uzhavar Sandhai ),Tomato,Deshi,Local,2500,3000,2750,08/09/2026
Tamil Nadu,Namakkal,Paramathivelur(Uzhavar Sandhai ),Tomato,Deshi,Local,2800,3200,3000,08/09/2026
Tamil Nadu,Namakkal,Rasipuram(Uzhavar Sandhai ),Tomato,Other,Local,3000,3400,3200,08/09/2026
Tamil Nadu,Thanjavur,Tirukattupalli(Uzhavar Sandhai ),Tomato,Deshi,Local,3000,3000,3000,08/09/2026
Tamil Nadu,Ranipet,Arcot(Uzhavar Sandhai ),Tomato,Deshi,Local,2400,2400,2400,08/09/2026
Tamil Nadu,Salem,Thathakapatti(Uzhavar Sandhai ),Tomato,Deshi,Local,2400,2800,2600,08/09/2026
Tamil Nadu,Thirunelveli,NGO Colony(Uzhavar Sandhai ),Tomato,Deshi,Local,2500,3200,2850,08/09/2026
Tamil Nadu,Thirunelveli,Palayamkottai(Uzhavar Sandhai ),Tomato,Local,Local,2600,2800,2700,08/09/2026
Tamil Nadu,Coimbatore,Sulur(Uzhavar Sandhai ),Tomato,Deshi,Local,2600,3000,2800,08/09/2026
Tamil Nadu,Salem,Attayampatti(Uzhavar Sandhai ),Tomato,Deshi,Local,2400,2800,2600,08/09/2026
Tamil Nadu,Salem,Edapadi (Uzhavar Sandhai ),Tomato,Other,Local,2000,2200,2100,08/09/2026
Tamil Nadu,Salem,Elampillai(Uzhavar Sandhai ),Tomato,Local,Local,2500,2800,2650,08/09/2026
Tamil Nadu,Salem,Hasthampatti(Uzhavar Sandhai ),Tomato,Local,Local,2400,2800,2600,08/09/2026
Madhya Pradesh,Hoshangabad,Itarsi(F&V) APMC,Tomato,Tomato,FAQ,2200,2200,2200,08/09/2026
Madhya Pradesh,Shivpuri,Karera(F&V) APMC,Tomato,Tomato,Local,2000,2600,2300,08/09/2026
Madhya Pradesh,Khandwa,Khargone(F&V) APMC,Tomato,Tomato,Medium,1000,1800,1600,08/09/2026
Madhya Pradesh,Dhar,Kukshi(F&V) APMC,Tomato,Tomato,Grade A,700,1400,1000,08/09/2026
Madhya Pradesh,Rewa,Rewa(F&V) APMC,Tomato,Hybrid,Non-FAQ,800,900,800,08/09/2026
Madhya Pradesh,Badwani,Badwani(F&V) APMC,Tomato,Tomato,Local,1000,1000,1000,08/09/2026
Madhya Pradesh,Dhar,Dhar(F&V) APMC,Tomato,Other,Local,800,1400,1100,08/09/2026
Madhya Pradesh,Indore,Sanwer(F&V) APMC,Tomato,Tomato,FAQ,1500,3000,2000,08/09/2026
Madhya Pradesh,Dewas,Dewas(F&V) APMC,Tomato,Other,FAQ,600,2400,800,08/09/2026
Madhya Pradesh,Badwani,Sendhwa(F&V) APMC,Tomato,Hybrid,Medium,1400,1900,1700,08/09/2026
Madhya Pradesh,Sagar,Devri(F&V) APMC,Tomato,Tomato,Grade B,985,985,985,08/09/2026
Madhya Pradesh,Mandsaur,Mandsaur(F&V) APMC,Tomato,Other,Grade B,1000,2250,1525,08/09/2026
Madhya Pradesh,Khandwa,Khandwa(F&V) APMC,Tomato,Tomato,FAQ,800,1800,1322,08/09/2026
Madhya Pradesh,Betul,Betul(F&V) APMC,Tomato,Local,FAQ,700,1200,1000,08/09/2026
Madhya Pradesh,Chhatarpur,Chattarpur(F&V) APMC,Tomato,Other,Grade C,1700,1700,1700,08/09/2026
Madhya Pradesh,Hoshangabad,Pipariya(F&V) APMC,Tomato,Tomato,Local,1250,2500,1700,08/09/2026
Madhya Pradesh,Sehore,Sehore(F&V) APMC,Tomato,Tomato,Grade Range-1,1200,1500,1400,08/09/2026
Madhya Pradesh,Burhanpur,Burhanpur(F&V) APMC,Tomato,Other,Local,400,1500,800,08/09/2026
Madhya Pradesh,Gwalior,Lashkar(F&V) APMC,Tomato,Local,Grade B,1600,2000,1800,08/09/2026
Madhya Pradesh,Guna,Guna(F&V) APMC,Tomato,Other,Grade B,1800,2000,1900,08/09/2026
Madhya Pradesh,Sagar,Sagar(F&V) APMC,Tomato,Local,Local,1500,1800,1700,08/09/2026
Madhya Pradesh,Indore,Indore(F&V) APMC,Tomato,Tomato,Local,600,2200,1400,08/09/2026
Madhya Pradesh,Ujjain,Ujjain(F&V) APMC,Tomato,Deshi,Medium,640,2140,1387,08/09/2026
Madhya Pradesh,Shivpuri,Shivpuri(F&V) APMC,Tomato,Other,Grade B,2000,2000,2000,08/09/2026
Madhya Pradesh,Hoshangabad,Hoshangabad(F&V) APMC,Tomato,Tomato,FAQ,750,1990,1462,08/09/2026
Madhya Pradesh,Khandwa,Sanawad(F&V) APMC,Tomato,Deshi,Medium,1200,1600,1500,08/09/2026
Madhya Pradesh,Guna,Aaron(F&V) APMC,Tomato,Deshi,Medium,1200,1500,1410,08/09/2026
Madhya Pradesh,Satna,Maihar(F&V) APMC,Tomato,Tomato,Local,1000,1000,1000,08/09/2026
Madhya Pradesh,Morena,Kailaras APMC,Tomato,Other,FAQ,1200,2500,2500,08/09/2026
Madhya Pradesh,Betul,Multai(F&V) APMC,Tomato,Deshi,FAQ,800,1500,1000,08/09/2026
Maharashtra,Pune,Pune(Moshi) ,Tomato,Local,Local,1000,2000,1500,08/09/2026
Maharashtra,Amarawati,Amrawati(Frui & Veg. Market) ,Tomato,Local,Local,1000,2000,1500,08/09/2026
Maharashtra,Mumbai,APMC Mumbai ,Tomato,Other,Local,2000,2500,2250,08/09/2026
Maharashtra,Nagpur,APMC Nagpur ,Tomato,Local,Local,1200,2500,2175,08/09/2026
Maharashtra,Nagpur,APMC Kamthi ,Tomato,Local,Local,2000,2500,2350,08/09/2026
Maharashtra,Ratnagiri,APMC Ratnagiri (Nachane) ,Tomato,Other,Local,1000,1600,1200,08/09/2026
Maharashtra,Solapur,APMC Solapur ,Tomato,Other,Local,300,1800,1300,08/09/2026
Maharashtra,Pune,APMC Khed ,Tomato,Local,Local,500,1500,1000,08/09/2026
Maharashtra,Nagpur,APMC Hingna,Tomato,Local,Local,2000,3250,2500,08/09/2026
Maharashtra,Pune,Pune(Manjri) ,Tomato,Other,Local,1000,2000,1500,08/09/2026
Maharashtra,Pune,Pune(Pimpri) ,Tomato,Local,Local,1800,1800,1800,08/09/2026
Maharashtra,Nagpur,APMC Nagpur ,Tomato,Other,Local,2000,2700,2525,08/09/2026
Maharashtra,Ahilyanagar,APMC Rahata ,Tomato,Other,Local,500,2500,1500,08/09/2026
Maharashtra,Ahilyanagar,APMC Ahilyanagar ,Tomato,Other,Local,200,1500,850,08/09/2026
Maharashtra,Nagpur,APMC Kalmeshwar ,Tomato,Other,Local,1520,2000,1810,08/09/2026
Maharashtra,Sangli,APMC Vita ,Tomato,Other,Local,1500,2500,1800,08/09/2026
Maharashtra,Satara,APMC Karad ,Tomato,Other,Local,1500,1700,1700,08/09/2026
Maharashtra,Jalgaon,APMC Bhusaval ,Tomato,Other,Local,1000,1500,1200,08/09/2026
Maharashtra,Nashik,APMC Ghoti ,Tomato,Other,Local,1800,2000,1900,08/09/2026
Maharashtra,Jalgaon,APMC Jalgaon ,Tomato,Other,Local,1000,1500,1200,08/09/2026
Maharashtra,Pune,APMC Pune ,Tomato,Local,Local,600,1800,1200,08/09/2026
Maharashtra,Pune,Pune(Khadiki) ,Tomato,Local,Local,800,1300,1050,08/09/2026
Maharashtra,Chandrapur,Chandrapur(Ganjwad) ,Tomato,Other,Local,1000,1400,1200,08/09/2026
Maharashtra,Chattrapati Sambhajinagar,APMC Chattrapati Sambhajinagar ,Tomato,Other,Local,500,1800,1150,08/09/2026
Maharashtra,Ahilyanagar,APMC Rahuri ,Tomato,Other,Local,500,1500,1000,08/09/2026
Maharashtra,Kolhapur,APMC Kolhapur ,Tomato,Other,Local,500,1500,1000,08/09/2026
Maharashtra,Satara,APMC Satara ,Tomato,Other,Local,1000,2000,1500,08/09/2026
Maharashtra,Satara,APMC Vai ,Tomato,Local,Local,1000,1500,1250,08/09/2026
Maharashtra,Satara,APMC Patan ,Tomato,Other,Local,1500,2000,1750,08/09/2026
Maharashtra,Ahilyanagar,APMC Sangamner ,Tomato,Other,Local,500,2000,1250,08/09/2026
Uttar Pradesh,Mathura,Mathura APMC,Tomato,Other,FAQ,1800,2600,1858.99,08/09/2026
Uttar Pradesh,Prayagraj,Prayagraj APMC,Tomato,Other,FAQ,2000,2000,2000,08/09/2026
Uttar Pradesh,Barabanki,Safdarganj APMC,Tomato,Other,FAQ,1000,1000,1000,08/09/2026
Uttar Pradesh,Meerut,Mawana APMC,Tomato,Other,FAQ,2200,2200,2200,08/09/2026
Uttar Pradesh,Ambedkarnagar,Akbarpur APMC,Tomato,Other,FAQ,1600,1600,1600,08/09/2026
Uttar Pradesh,Ghaziabad,Ghaziabad APMC,Tomato,Other,FAQ,2500,2520,2507.03,08/09/2026
Uttar Pradesh,Meerut,Meerut APMC,Tomato,Other,FAQ,2000,4000,2596.49,08/09/2026
Uttar Pradesh,Aligarh,Aligarh APMC,Tomato,Other,FAQ,2000,2400,2043.07,08/09/2026
Uttar Pradesh,Agra,Khairagarh APMC,Tomato,Deshi,FAQ,2500,2600,2550,08/09/2026
Uttar Pradesh,Auraiya,Auraiya APMC,Tomato,Other,FAQ,2000,2000,2000,08/09/2026
Uttar Pradesh,Saharanpur,CHHUTMALPUR APMC,Tomato,Other,FAQ,2300,2400,2333.33,08/09/2026
Uttar Pradesh,Mathura,Kosikalan APMC,Tomato,Other,FAQ,2500,2500,2500,08/09/2026
Uttar Pradesh,Bijnor,Kiratpur APMC,Tomato,Other,FAQ,2200,2200,2200,08/09/2026
Uttar Pradesh,Gonda,Nawabganj APMC,Tomato,Other,FAQ,1800,1800,1800,08/09/2026
Uttar Pradesh,Shamli,Thanabhawan APMC,Tomato,Other,FAQ,2400,2400,2400,08/09/2026
Uttar Pradesh,Agra,Agra APMC,Tomato,Other,FAQ,1500,1500,1500,08/09/2026
Uttar Pradesh,Meerut,Parikshitgarh APMC,Tomato,Other,FAQ,2500,2500,2500,08/09/2026
Uttar Pradesh,Shamli,Kairana APMC,Tomato,Other,FAQ,2200,2200,2200,08/09/2026
Uttar Pradesh,Firozabad,Firozabad APMC,Tomato,Other,FAQ,1000,1000,1000,08/09/2026
Uttar Pradesh,Baghpat,Khekda APMC,Tomato,Other,FAQ,1500,2000,1720,08/09/2026
Uttar Pradesh,Sonbhadra,Robertsganj APMC,Tomato,Other,FAQ,2000,2000,2000,08/09/2026
Uttar Pradesh,Shamli,Shamli APMC,Tomato,Other,FAQ,2000,2600,2425,08/09/2026
Uttar Pradesh,Saharanpur,Saharanpur APMC,Tomato,Other,FAQ,1500,1600,1532.35,08/09/2026
Uttar Pradesh,Kanpur,Kanpur(Grain) APMC,Tomato,Other,FAQ,2100,2100,2100,08/09/2026
Uttar Pradesh,Amroha,Amroha APMC,Tomato,Other,FAQ,1500,1600,1500.98,08/09/2026
Uttar Pradesh,Saharanpur,Nanuta APMC,Tomato,Other,FAQ,2600,2800,2700,08/09/2026
Uttar Pradesh,Sant Kabir Nagar,Khalilabad APMC,Tomato,Other,FAQ,1200,1200,1200,08/09/2026
Uttar Pradesh,Balrampur,Balrampur APMC,Tomato,Other,FAQ,800,800,800,08/09/2026
Uttar Pradesh,Jalaun (Orai),Orai APMC,Tomato,Other,FAQ,1500,1500,1500,08/09/2026
Uttar Pradesh,Kanpur Dehat,Pukharayan APMC,Tomato,Other,FAQ,1200,1200,1200,08/09/2026
Uttar Pradesh,Shamli,Khandhla APMC,Tomato,Other,FAQ,2800,2800,2800,08/09/2026
Uttar Pradesh,Ghaziabad,Noida APMC,Tomato,Other,FAQ,2500,2500,2500,08/09/2026
Uttar Pradesh,Varanasi,Varanasi APMC,Tomato,Other,FAQ,1500,1500,1500,08/09/2026
Uttar Pradesh,Lucknow,Lucknow APMC,Tomato,Other,FAQ,2000,2000.01,2000,08/09/2026
Uttar Pradesh,Fatehpur,Fatehpur APMC,Tomato,Other,FAQ,2500,2600,2587.41,08/09/2026
Uttar Pradesh,Barabanki,Barabanki APMC,Tomato,Other,FAQ,1400,1400,1400,08/09/2026
Uttar Pradesh,Lakhimpur,Paliakala APMC,Tomato,Other,FAQ,3000,3000,3000,08/09/2026
Uttar Pradesh,Badaun,Shahaswan APMC,Tomato,Other,FAQ,2100,2100,2100,08/09/2026
Uttar Pradesh,Bulandshahar,Sikanderabad APMC,Tomato,Other,FAQ,1600,1600,1600,08/09/2026
Uttar Pradesh,Saharanpur,Rampurmaniharan APMC,Tomato,Other,FAQ,2400,2700,2460,08/09/2026
Uttar Pradesh,Etawah,Etawah APMC,Tomato,Other,FAQ,1800,1800,1800,08/09/2026
Uttar Pradesh,Sambhal,Muradabad APMC,Tomato,Other,FAQ,2000,2000,2000,08/09/2026
Uttar Pradesh,Sonbhadra,Dudhi APMC,Tomato,Other,Medium,2400,2600,2500,08/09/2026
Uttar Pradesh,Sonbhadra,Dudhi APMC,Tomato,Other,FAQ,3000,3000,3000,08/09/2026
Uttar Pradesh,Pillibhit,Puranpur APMC,Tomato,Other,FAQ,2000,2000,2000,08/09/2026
Uttar Pradesh,Banda,Atarra APMC,Tomato,Other,FAQ,800,800,800,08/09/2026
Uttar Pradesh,Saharanpur,Gangoh APMC,Tomato,Other,FAQ,2500,2500,2500,08/09/2026
Uttar Pradesh,Etah,Etah APMC,Tomato,Other,FAQ,2000,2000,2000,08/09/2026
Uttar Pradesh,Jhansi,Jhansi APMC,Tomato,Other,FAQ,1600,1600,1600,08/09/2026
Uttar Pradesh,Bulandshahar,Buland Shahr APMC,Tomato,Other,FAQ,2000,2000,2000,08/09/2026
Rajasthan,Jalore,Bhinmal APMC,Tomato,Other,Non-FAQ,2400,2500,2450,08/09/2026
Rajasthan,Sirohi,Abu Road APMC,Tomato,Other,Local,975,1025,1000,08/09/2026
Rajasthan,Udaipur,Udaipur (F&V) APMC,Tomato,Other,Medium,1000,2200,1600,08/09/2026
Rajasthan,Churu,Churu APMC,Tomato,Hybrid,FAQ,2200,2400,2300,08/09/2026
Rajasthan,Jaipur,Jaipur (F&V) APMC,Tomato,Other,FAQ,1800,2200,2000,08/09/2026
Rajasthan,Hanumangarh,Bhadara APMC,Tomato,Deshi,FAQ,2500,3000,2773,08/09/2026
Rajasthan,Hanumangarh,Rawatsar APMC,Tomato,Deshi,FAQ,1700,2500,2000,08/09/2026
Rajasthan,Jodhpur,Jodhpur (F&V) APMC,Tomato,Other,Medium,1000,3200,2000,08/09/2026
Rajasthan,Rajsamand,Rajsamand APMC,Tomato,Tomato,FAQ,2000,2500,2250,08/09/2026
Rajasthan,Ajmer,Ajmer(F&V) APMC,Tomato,Other,Medium,800,2200,1500,08/09/2026
Rajasthan,Sikar,Sikar APMC,Tomato,Deshi,FAQ,1400,1900,1650,08/09/2026
Rajasthan,Jaipur,Bassi APMC,Tomato,Other,Local,4800,5200,5000,08/09/2026
Rajasthan,Bharatpur,Bayana APMC,Tomato,Other,Local,2200,2200,2200,08/09/2026
Rajasthan,Ganganagar,Sriganganagar (F&V) APMC,Tomato,Tomato,Grade A,2400,2800,2600,08/09/2026
Rajasthan,Churu,Sujangarh APMC,Tomato,Other,Local,1500,1700,1600,08/09/2026
Karnataka,Chamarajanagar,Gundlupet APMC,Tomato,Tomato,Local,2000,2000,2000,08/09/2026
Karnataka,Kalaburagi,Kalaburagi APMC,Tomato,Tomato,Local,400,1000,700,08/09/2026
Karnataka,Haveri,Ranebennur APMC,Tomato,Tomato,Medium,200,1000,600,08/09/2026
Karnataka,Bengaluru South,Ramanagara APMC,Tomato,Tomato,Local,1600,2400,2000,08/09/2026
Karnataka,Chamarajanagar,Chamarajanagar APMC,Tomato,Tomato,Local,1600,4500,2800,08/09/2026
Karnataka,Chikkaballapur,Chintamani APMC,Tomato,Tomato,Local,300,1600,1000,08/09/2026
Karnataka,Kolar,Bangarpet APMC,Tomato,Tomato,Local,400,1700,900,08/09/2026
Karnataka,Chikkamagaluru,Kadur APMC,Tomato,Tomato,Medium,909,1110,1041,08/09/2026
Karnataka,Bengaluru Rural,Doddaballapur APMC,Tomato,Tomato,Medium,800,1200,1000,08/09/2026
Karnataka,Mysuru,Hunsur APMC,Tomato,Tomato,Local,1500,2000,1600,08/09/2026
Karnataka,Shivamogga,Shimoga APMC,Tomato,Tomato,Local,600,1200,900,08/09/2026
Karnataka,Chikkaballapur,Bagepalli APMC,Tomato,Tomato,Small,350,2000,1500,08/09/2026
Karnataka,Bengaluru,Binny Mill (FF&V) Bengaluru APMC,Tomato,Tomato,Local,1400,1600,1500,08/09/2026
Gujarat,Morbi,Morbi APMC,Tomato,Tomato,FAQ,2250,3250,2750,08/09/2026
Gujarat,Rajkot,Gondal(Veg.market Gondal) APMC,Tomato,Tomato,Local,900,3000,1950,08/09/2026
Gujarat,Rajkot,Rajkot(Veg.Sub Yard) APMC,Tomato,Tomato,FAQ,1795,2710,2250,08/09/2026
Gujarat,Kheda,Kapadvanj APMC,Tomato,Tomato,Medium,2000,2500,2250,08/09/2026
Gujarat,Anand,Khambhat(Veg Yard Khambhat) APMC,Tomato,Other,Local,2500,3000,2800,08/09/2026
Gujarat,Surat,Surat APMC,Tomato,Other,FAQ,800,2750,1775,08/09/2026
Gujarat,Gir Somnath,Talalagir APMC,Tomato,Hybrid,FAQ,1000,1470,1250,08/09/2026
Gujarat,Anand,"Anand(Veg,Yard,Anand) APMC",Tomato,Tomato,Grade B,1000,2000,1500,08/09/2026
Gujarat,Mehsana,Mehsana(Mehsana Veg) APMC,Tomato,Tomato,Local,60,80,70,08/09/2026
Gujarat,Amreli,Damnagar APMC,Tomato,Local,Local,4000,4000,4000,08/09/2026
Gujarat,Navsari,Navsari APMC,Tomato,Tomato,Grade A,1000,2750,1875,08/09/2026
Gujarat,Sabarkantha,Himatnagar(Veg.Market Himatnagar) APMC,Tomato,Tomato,Local,1500,2000,1920,08/09/2026
Gujarat,Gandhinagar,Mansa(Manas Veg Yard) APMC,Tomato,Tomato,Local,2500,2500,2500,08/09/2026
Gujarat,Navsari,Bilimora APMC,Tomato,Other,FAQ,2000,3000,2500,08/09/2026
Gujarat,Gandhinagar,"Kalol(Veg,Market,Kalol) APMC",Tomato,Other,Local,1900,2750,2000,08/09/2026
Gujarat,Dahod,Dahod(Veg. Market) APMC,Tomato,Tomato,Local,1200,2500,1900,08/09/2026
Gujarat,Surendranagar,Vadhvan APMC,Tomato,Hybrid,Medium,2500,3000,2750,08/09/2026
Gujarat,Bhavnagar,Palitana APMC,Tomato,Hybrid,Medium,3000,4500,3750,08/09/2026
Gujarat,Bharuch,Bharuch APMC,Tomato,Other,Local,1200,1750,1500,08/09/2026
Haryana,Fatehabad,Fatehabad APMC,Tomato,Other,Local,2000,2000,2000,08/09/2026
Haryana,Yamuna Nagar,Mustafabad APMC,Tomato,Other,FAQ,4000,4300,4000,08/09/2026
Haryana,Gurgaon,Farukh Nagar APMC,Tomato,Other,Medium,1800,2400,2100,08/09/2026
Haryana,Hissar,Barwala(Hisar) APMC,Tomato,Tomato,Local,2000,2500,2250,08/09/2026
Haryana,Kurukshetra,Ladwa APMC,Tomato,Other,Medium,4000,4500,4500,08/09/2026
Haryana,Rewari,Rewari APMC,Tomato,Other,Medium,600,2500,1500,08/09/2026
Haryana,Mewat,Nuh APMC,Tomato,Other,Local,1400,2000,1500,08/09/2026
Haryana,Palwal,Hodal APMC,Tomato,Hybrid,FAQ,3000,4200,3500,08/09/2026
Haryana,Jhajar,Jhajjar APMC,Tomato,Other,Medium,2500,2500,2500,08/09/2026
Haryana,Ambala,Naraingarh APMC,Tomato,Tomato,Medium,1000,2500,1800,08/09/2026
Haryana,Jind,Narwana APMC,Tomato,Tomato,Non-FAQ,2000,2000,2000,08/09/2026
Haryana,Sonipat,Kharkhoda APMC,Tomato,Other,FAQ,3500,4500,3700,08/09/2026
Haryana,Faridabad,Ballabhgarh APMC,Tomato,Tomato,FAQ,1400,3000,2200,08/09/2026
Haryana,Panipat,Panipat APMC,Tomato,Other,Local,1000,2200,1600,08/09/2026
Haryana,Yamuna Nagar,Jagadhri APMC,Tomato,Tomato,FAQ,1500,2800,2200,08/09/2026
Haryana,Kaithal,Pundri APMC,Tomato,Other,FAQ,1800,1900,1850,08/09/2026
Haryana,Sonipat,Sonepat APMC,Tomato,Other,FAQ,2000,3200,2500,08/09/2026
Haryana,Panchkula,Barwala APMC,Tomato,Local,FAQ,2000,2000,2000,08/09/2026
Haryana,Panipat,Samalkha APMC,Tomato,Local,FAQ,2000,2500,2250,08/09/2026
Haryana,Kurukshetra,Shahabad APMC,Tomato,Tomato,Medium,2000,3000,2800,08/09/2026
Haryana,Karnal,Gharaunda APMC,Tomato,Other,Local,2800,3500,3500,08/09/2026
Haryana,Kurukshetra,Thanesar APMC,Tomato,Tomato,Local,2000,3500,2750,08/09/2026
Haryana,Mahendragarh-Narnaul,Narnaul APMC,Tomato,Tomato,Medium,2000,3000,2500,08/09/2026
Haryana,Fatehabad,Jakhal APMC,Tomato,Tomato,Non-FAQ,3000,3000,3000,08/09/2026
Haryana,Yamuna Nagar,Sadhaura APMC,Tomato,Tomato,Local,1700,2200,2000,08/09/2026
Haryana,Ambala,Shahzadpur APMC,Tomato,Tomato,FAQ,1900,2500,1900,08/09/2026
Haryana,Yamuna Nagar,Chhachrauli APMC,Tomato,Tomato,Local,2400,4000,2400,08/09/2026
Haryana,Kaithal,Siwan APMC,Tomato,Other,FAQ,2800,3000,2900,08/09/2026
Haryana,Mewat,FerozpurZirkha(Nagina) APMC,Tomato,Other,Local,2400,2800,2600,08/09/2026
Haryana,Sonipat,Gohana APMC,Tomato,Other,Medium,2500,3000,2800,08/09/2026
Haryana,Hissar,Hansi APMC,Tomato,Other,FAQ,2500,3000,2750,08/09/2026
Haryana,Rohtak,Rohtak APMC,Tomato,Other,Medium,1500,3000,2500,08/09/2026
Haryana,Mahendragarh-Narnaul,Mohindergarh APMC,Tomato,Tomato,Medium,2000,2500,2200,08/09/2026
Haryana,Hissar,Uklana APMC,Tomato,Tomato,Medium,2500,2800,2800,08/09/2026
Haryana,Kaithal,Dhand APMC,Tomato,Other,Medium,3000,4000,3800,08/09/2026
Haryana,Fatehabad,Ratia APMC,Tomato,Other,Grade A,2000,2500,2200,08/09/2026
Haryana,Panchkula,Raipur Rani APMC,Tomato,Tomato,Local,2000,2200,2000,08/09/2026
Haryana,Jhajar,Bahadurgarh APMC,Tomato,Other,FAQ,1500,3000,2500,08/09/2026
Haryana,Rohtak,Meham,Tomato,Tomato,Medium,2000,2000,2000,08/09/2026
Haryana,Panipat,Madlauda APMC,Tomato,Tomato,FAQ,1500,2000,1750,08/09/2026
Haryana,Sonipat,Ganaur APMC,Tomato,Tomato,FAQ,3000,4000,3500,08/09/2026
Haryana,Kaithal,Kaithal APMC,Tomato,Other,FAQ,2233,2233,2233,08/09/2026
Haryana,Karnal,Tarori APMC,Tomato,Other,Non-FAQ,2000,3000,2500,08/09/2026
Haryana,Gurgaon,Sohna APMC,Tomato,Tomato,Local,2000,3000,2500,08/09/2026
Haryana,Karnal,Indri APMC,Tomato,Tomato,FAQ,2600,2600,2600,08/09/2026
Punjab,Hoshiarpur,Dasuya APMC,Tomato,Tomato,FAQ,4000,4000,4000,08/09/2026
Punjab,Hoshiarpur,Tanda Urmur APMC,Tomato,Tomato,Grade A,2500,3000,2800,08/09/2026
Punjab,Ludhiana,Doraha APMC,Tomato,Deshi,Local,1800,2600,2400,08/09/2026
Punjab,Bhatinda,Rampuraphul(Nabha Mandi) APMC,Tomato,Other,Grade A,2000,2500,2200,08/09/2026
Punjab,Bhatinda,Bhagta Bhai Ka APMC,Tomato,Other,Medium,2900,2900,2900,08/09/2026
Punjab,Gurdaspur,Quadian APMC,Tomato,Other,Grade A,2800,3000,2900,08/09/2026
Punjab,Mohali,Dera Bassi APMC,Tomato,Other,Local,2600,2600,2600,08/09/2026
Punjab,Mohali,Kharar APMC,Tomato,Tomato,Non-FAQ,2000,4000,3000,08/09/2026
Punjab,Bhatinda,Bathinda APMC,Tomato,Other,Grade B,2000,2600,2200,08/09/2026
Punjab,Bhatinda,Raman APMC,Tomato,Other,Medium,2715,2805,2750,08/09/2026
Punjab,Ferozpur,Zira APMC,Tomato,Other,Local,2900,2900,2900,08/09/2026
Punjab,Hoshiarpur,Garh Shankar(Mahalpur) APMC,Tomato,Tomato,FAQ,2300,2400,2366.67,08/09/2026
Punjab,Muktsar,Malout APMC,Tomato,Tomato,Grade A,2500,2500,2500,08/09/2026
Punjab,Sangrur,Ahmedgarh APMC,Tomato,Local,Medium,4000,4200,4200,08/09/2026
Punjab,Tarntaran,Patti APMC,Tomato,Other,Local,0.08,0.08,0.08,08/09/2026
Punjab,Jalandhar,Jalandhar City(Jalandhar) APMC,Tomato,Tomato,FAQ,800,2200,1500,08/09/2026
Punjab,Mansa,Mansa APMC,Tomato,Tomato,FAQ,4000,4000,4000,08/09/2026
Punjab,Jalandhar,Goraya APMC,Tomato,Other,Local,2000,2000,2000,08/09/2026
Punjab,Ludhiana,Raikot APMC,Tomato,Other,Grade A,2895,2895,2895,08/09/2026
Punjab,Fazilka,Fazilka APMC,Tomato,Tomato,FAQ,3000,3000,3000,08/09/2026
Punjab,Gurdaspur,F.G.Churian APMC,Tomato,Tomato,Grade A,2200,2200,2200,08/09/2026
Punjab,Patiala,Nabha APMC,Tomato,Other,Grade C,2000,2800,2400,08/09/2026
Punjab,Amritsar,Rayya APMC,Tomato,Other,FAQ,725,725,725,08/09/2026
Punjab,Jalandhar,Shahkot APMC,Tomato,Tomato,Local,1000,1000,1000,08/09/2026
Punjab,Jalandhar,Adampur APMC,Tomato,Tomato,FAQ,2500,3000,3000,08/09/2026
Punjab,Gurdaspur,Dinanagar APMC,Tomato,Tomato,Medium,2800,3000,2900,08/09/2026
Punjab,Hoshiarpur,Mukerian APMC,Tomato,Tomato,Grade B,2000,3000,2500,08/09/2026
Punjab,Fazilka,Jalalabad APMC,Tomato,Tomato,Medium,3000,3400,3200,08/09/2026
Punjab,Hoshiarpur,GarhShankar (Kotfatuhi) APMC,Tomato,Other,FAQ,2500,2500,2500,08/09/2026
Punjab,Ludhiana,Jagraon APMC,Tomato,Other,FAQ,1600,1600,1600,08/09/2026
Punjab,Ludhiana,Khanna APMC,Tomato,Tomato,Grade A,2599,2599,2599,08/09/2026
Punjab,Patiala,Patran APMC,Tomato,Other,Grade A,2810,2810,2810,08/09/2026
Punjab,Patiala,Rajpura APMC,Tomato,Local,Grade A,2000,2300,2200,08/09/2026
Punjab,Nawanshahr,Balachaur APMC,Tomato,Other,Medium,1500,2500,2000,08/09/2026
Punjab,Sangrur,Dhuri APMC,Tomato,Other,Medium,2200,2500,2400,08/09/2026
Punjab,Mohali,Lalru APMC,Tomato,Deshi,Local,2450,2450,2450,08/09/2026
Punjab,Fatehgarh,Bassi Pathana APMC,Tomato,Tomato,Medium,2000,2200,2100,08/09/2026
Punjab,Bhatinda,Maur APMC,Tomato,Other,Grade B,2600,3000,2800,08/09/2026
Punjab,Muktsar,Muktsar APMC,Tomato,Tomato,Medium,1200,1800,1550,08/09/2026
Punjab,Hoshiarpur,Garh Shankar APMC,Tomato,Tomato,FAQ,2400,2400,2400,08/09/2026
Punjab,Moga,Nihal Singh Wala APMC,Tomato,Other,FAQ,3000,3100,3042.86,08/09/2026
Punjab,Hoshiarpur,Mukerian(Talwara) APMC,Tomato,Tomato,FAQ,3000,4000,3500,08/09/2026
Punjab,Moga,Baghapurana APMC,Tomato,Tomato,Grade B,3000,4000,3500,08/09/2026
Punjab,Sangrur,Malerkotla APMC,Tomato,Tomato,Local,1200,3000,2500,08/09/2026
Punjab,Fatehgarh,Khamano APMC,Tomato,Tomato,FAQ,2000,2000,2000,08/09/2026
Andhra Pradesh,Annamayya,B.Kothakota H/Q Angallu,Tomato,Local,FAQ,1200,2000,1500,08/09/2026
Andhra Pradesh,Kurnool,Pattikonda APMC,Tomato,Local,FAQ,1000,1800,1400,08/09/2026
Andhra Pradesh,Annamayya,Punganur APMC,Tomato,Hybrid,FAQ,1340,2140,1740,08/09/2026
Andhra Pradesh,Annamayya,Guramkonda Sub-yard of AMC Valmikipuram,Tomato,Hybrid,FAQ,1400,1800,1600,08/09/2026
Andhra Pradesh,Chittor,Kuppam APMC,Tomato,Tomato,Grade C,900,1212,1212,08/09/2026
Andhra Pradesh,Annamayya,Mulakalacheruvu APMC,Tomato,Local,FAQ,1200,2000,1700,08/09/2026
Andhra Pradesh,Chittor,Palamaner APMC,Tomato,Tomato,FAQ,1500,2000,1700,08/09/2026
Andhra Pradesh,Annamayya,Valmikipuram APMC,Tomato,Hybrid,FAQ,1400,1800,1600,08/09/2026
Andhra Pradesh,Annamayya,Kalikiri APMC,Tomato,Hybrid,FAQ,1500,2100,1800,08/09/2026
Andhra Pradesh,Annamayya,Madanapalli APMC,Tomato,Local,FAQ,1700,2100,1900,08/09/2026
Andhra Pradesh,Chittor,V. Kota Sub-yard of AMC Palamaneru,Tomato,Other,FAQ,1500,2066,1700,08/09/2026
Andhra Pradesh,Annamayya,Somala APMC,Tomato,Tomato,FAQ,1200,1600,1400,08/09/2026
West Bengal,North 24 Parganas,Habra APMC,Tomato,Other,FAQ,2800,3000,2900,08/09/2026
West Bengal,Bankura,Khatra APMC,Tomato,Tomato,FAQ,3000,3600,3500,08/09/2026
West Bengal,Paschim Bardhaman,Durgapur APMC,Tomato,Hybrid,FAQ,2450,2700,2650,08/09/2026
West Bengal,Dakshin Dinajpur,Balurghat APMC,Tomato,Other,FAQ,2800,3100,3000,08/09/2026
West Bengal,Medinipur(E),Egra/contai APMC,Tomato,Tomato,FAQ,1800,1900,1850,08/09/2026
West Bengal,Medinipur(W),Medinipur(West) APMC,Tomato,Tomato,FAQ,3200,3500,3300,08/09/2026
West Bengal,North 24 Parganas,Barasat APMC,Tomato,Other,FAQ,3000,3000,3000,08/09/2026
West Bengal,Darjeeling,Siliguri APMC,Tomato,Tomato,FAQ,3000,3200,3100,08/09/2026
West Bengal,Alipurduar,Alipurduar APMC,Tomato,Tomato,FAQ,3000,3600,3500,08/09/2026
West Bengal,Sounth 24 Parganas,Diamond Harbour(South 24-pgs) APMC,Tomato,Tomato,FAQ,3200,3400,3300,08/09/2026
West Bengal,Coochbehar,Coochbehar APMC,Tomato,Tomato,FAQ,2500,3000,2800,08/09/2026
West Bengal,Medinipur(W),Ghatal APMC,Tomato,Hybrid,FAQ,3400,3600,3500,08/09/2026
West Bengal,Dakshin Dinajpur,Gangarampur(Dakshin Dinajpur) APMC,Tomato,Other,FAQ,2500,3000,2800,08/09/2026
West Bengal,Hooghly,Sheoraphuly APMC,Tomato,Hybrid,FAQ,3175,3325,3250,08/09/2026
West Bengal,Nadia,Ranaghat APMC,Tomato,Other,FAQ,3300,3450,3400,08/09/2026
West Bengal,Purba Bardhaman,Burdwan APMC,Tomato,Tomato,FAQ,2400,2600,2500,08/09/2026
West Bengal,Hooghly,Kalipur APMC,Tomato,Hybrid,FAQ,3200,3600,3400,08/09/2026
West Bengal,Kolkata,Sealdah Koley Market APMC,Tomato,Other,FAQ,2800,3300,3000,08/09/2026
West Bengal,Purba Bardhaman,Memari APMC,Tomato,Tomato,FAQ,2400,2600,2500,08/09/2026
West Bengal,Coochbehar,Pundibari APMC,Tomato,Tomato,FAQ,2500,3000,2800,08/09/2026
West Bengal,Purba Bardhaman,Kalna APMC,Tomato,Tomato,FAQ,2000,2200,2100,08/09/2026
West Bengal,Paschim Bardhaman,Asansol APMC,Tomato,Hybrid,FAQ,2450,2700,2650,08/09/2026
West Bengal,Birbhum,Sainthia APMC,Tomato,Hybrid,FAQ,4800,5000,4900,08/09/2026
West Bengal,Puruliya,Balarampur APMC,Tomato,Other,FAQ,2600,3500,3000,08/09/2026
West Bengal,Puruliya,Purulia APMC,Tomato,Other,FAQ,2600,3200,3000,08/09/2026
West Bengal,Sounth 24 Parganas,Baruipur(Canning) APMC,Tomato,Tomato,FAQ,3000,3400,3200,08/09/2026
West Bengal,Howrah,Uluberia APMC,Tomato,Other,FAQ,2200,3000,2500,08/09/2026
West Bengal,Hooghly,Pandua APMC,Tomato,Hybrid,FAQ,2850,3250,3125,08/09/2026
West Bengal,Hooghly,Champadanga APMC,Tomato,Hybrid,FAQ,3400,3600,3400,08/09/2026
West Bengal,Nadia,Chakdah APMC,Tomato,Other,FAQ,3200,3350,3300,08/09/2026
West Bengal,Howrah,Ramkrishanpur(Howrah) APMC,Tomato,Tomato,FAQ,2200,3000,2500,08/09/2026
Odisha,Kalahandi,Mukhiguda APMC,Tomato,Tomato,Grade B,2400,3400,2900,08/09/2026
Odisha,Koraput,Koraput APMC,Tomato,Local,Grade B,2500,3500,3000,08/09/2026
Odisha,Cuttack,Banki APMC,Tomato,Tomato,FAQ,3000,4000,3500,08/09/2026
Odisha,Sundergarh,Sargipali APMC,Tomato,Other,FAQ,2600,3000,2800,08/09/2026
Odisha,Kalahandi,Kalahandi(Dharamagarh) APMC,Tomato,Other,Grade B,2700,3300,3000,08/09/2026
Odisha,Mayurbhanja,Saraskana APMC,Tomato,Tomato,Medium,4000,4500,4200,08/09/2026
Odisha,Kendrapara,Chatta Krushak Bazar APMC,Tomato,Tomato,Grade B,3500,3500,3500,08/09/2026
Odisha,Mayurbhanja,Baripada APMC,Tomato,Tomato,Medium,3500,4000,3800,08/09/2026
Odisha,Bargarh,Godbhaga APMC,Tomato,Other,Local,1650,1950,1800,08/09/2026
Odisha,Bolangir,Bolangir APMC,Tomato,Other,Medium,2000,2400,2200,08/09/2026
Odisha,Dhenkanal,Kamakhyanagar APMC,Tomato,Tomato,Grade A,4000,4000,4000,08/09/2026
Odisha,Sonepur,Birmaharajpur APMC,Tomato,Local,Local,2600,2700,2700,08/09/2026
Odisha,Kalahandi,Bhawanipatna APMC,Tomato,Tomato,Local,3400,3400,3400,08/09/2026
Odisha,Dhenkanal,Hindol APMC,Tomato,Tomato,Grade B,3500,4000,3800,08/09/2026
Odisha,Boudh,Boudh APMC,Tomato,Other,Local,3000,4000,3500,08/09/2026
Odisha,Mayurbhanja,Betnoti APMC,Tomato,Tomato,FAQ,3300,3700,3500,08/09/2026
Odisha,Bargarh,Sohela APMC,Tomato,Tomato,Local,2300,2800,2600,08/09/2026
Odisha,Nayagarh,Sarankul APMC,Tomato,Other,Grade Range-2,2400,2600,2500,08/09/2026
Odisha,Sambalpur,Rairakhol APMC,Tomato,Hybrid,Grade B,3200,3800,3500,08/09/2026
Odisha,Kendrapara,Kendrapara(Marshaghai) APMC,Tomato,Tomato,Grade B,3500,3500,3500,08/09/2026
Odisha,Khurda,Damana Hat APMC,Tomato,Other,Grade B,1500,1650,1600,08/09/2026
Odisha,Bolangir,Tusura APMC,Tomato,Other,Medium,2000,2400,2200,08/09/2026
Odisha,Kalahandi,Junagarh APMC,Tomato,Other,Grade B,2600,3200,2900,08/09/2026
Odisha,Kendrapara,Kendrapara APMC,Tomato,Tomato,Grade B,4000,4000,4000,08/09/2026
Odisha,Balasore,Nilagiri APMC,Tomato,Other,Local,3800,3900,3900,08/09/2026
Odisha,Rayagada,Gunpur APMC,Tomato,Local,Grade Range-1,1720,2350,1780,08/09/2026
Odisha,Kalahandi,Kesinga APMC,Tomato,Local,Grade B,2500,3200,3000,08/09/2026
Odisha,Sambalpur,Sambalpur APMC,Tomato,Other,Local,2000,2400,2200,08/09/2026
Odisha,Jharsuguda,Jharsuguda APMC,Tomato,Other,Grade A,3000,3500,3500,08/09/2026
Odisha,Khurda,Balugaon APMC,Tomato,Hybrid,Grade A,4500,4500,4500,08/09/2026
Odisha,Ganjam,Bhanjanagar APMC,Tomato,Tomato,Grade Range-1,3000,3200,3100,08/09/2026
Odisha,Dhenkanal,Dhenkanal APMC,Tomato,Tomato,Grade B,3300,3800,3500,08/09/2026
Odisha,Mayurbhanja,Udala APMC,Tomato,Other,FAQ,3200,3600,3400,08/09/2026
Odisha,Nuapada,Khariar APMC,Tomato,Tomato,Grade A,3000,3000,3000,08/09/2026
Odisha,Deogarh,Tileibani APMC,Tomato,Other,FAQ,3200,3600,3400,08/09/2026
Odisha,Bargarh,Bargarh(Barapalli) APMC,Tomato,Tomato,Local,5000,6000,5500,08/09/2026
Odisha,Bargarh,Attabira APMC,Tomato,Other,Local,1650,1950,1800,08/09/2026
Odisha,Rayagada,Rayagada APMC,Tomato,Other,Local,2900,3000,3000,08/09/2026
Odisha,Sonepur,Dungurapalli APMC,Tomato,Hybrid,Local,2450,2680,2560,08/09/2026
Odisha,Sundergarh,Panposh APMC,Tomato,Hybrid,FAQ,4000,4500,4200,08/09/2026
Odisha,Bargarh,Padampur APMC,Tomato,Tomato,Local,2300,2800,2600,08/09/2026
Odisha,Nuapada,Khariar Road APMC,Tomato,Tomato,Grade A,3000,3000,3000,08/09/2026
Odisha,Kendrapara,Pattamundai APMC,Tomato,Tomato,Grade B,4000,4000,4000,08/09/2026
Odisha,Gajapati,Parlakhemundi APMC,Tomato,Local,Grade Range-1,1300,1500,1400,08/09/2026
Odisha,Keonjhar,Keonjhar APMC,Tomato,Other,Local,4000,4500,4500,08/09/2026
Odisha,Mayurbhanja,Karanjia APMC,Tomato,Local,Local,3000,3500,3200,08/09/2026
Odisha,Sundergarh,Bonai APMC,Tomato,Other,FAQ,1625,1860,1745,08/09/2026
Odisha,Koraput,Koraput(Semilguda) APMC,Tomato,Local,Grade A,2600,3600,3200,08/09/2026
Odisha,Nowarangpur,Nawarangpur APMC,Tomato,Tomato,Grade B,2600,2600,2600,08/09/2026
Odisha,Sonepur,Pandkital APMC,Tomato,Other,Local,2500,2680,2600,08/09/2026
Odisha,Bolangir,Kantabaji APMC,Tomato,Other,Grade B,2500,3500,3000,08/09/2026
Bihar,Siwan,Maharjganj APMC,Tomato,Deshi,FAQ,2700,2700,2700,08/09/2026
Bihar,Madhubani,Madhubani APMC,Tomato,Tomato,FAQ,3800,4000,3900,08/09/2026
Telangana,Ranga Reddy,Ibrahimpatnam APMC,Tomato,Local,Local,1200,1200,1200,08/09/2026
Telangana,Adilabad,Adilabad (Rythu Bazar) ,Tomato,Local,Local,2500,2500,2500,08/09/2026
Telangana,Nalgonda,Miryalguda(Rythu Bazar) ,Tomato,Deshi,Grade A,2500,2500,2500,08/09/2026
Telangana,Hanumakonda,"Excise Colony,RBZ ",Tomato,Other,Grade A,2400,2400,2400,08/09/2026
Telangana,Ranga Reddy,Shankarapally APMC,Tomato,Deshi,Local,1100,1200,1150,08/09/2026
Telangana,Sangareddy,APMC PATANCHERU,Tomato,Tomato,Local,800,1200,1000,08/09/2026
Telangana,Hyderabad,Gudimalkapur APMC,Tomato,Tomato,Grade B,600,1600,900,08/09/2026
Telangana,Siddipet,Siddipet(Rythu Bazar) ,Tomato,Local,Grade A,1400,2200,1800,08/09/2026
Telangana,Ranga Reddy,"Saroornagar,RBZ",Tomato,Other,Medium,1500,1500,1500,08/09/2026
Telangana,Warangal,Warangal APMC,Tomato,Tomato,FAQ,1000,1200,1100,08/09/2026
Telangana,Karimnagar,Karimnagar APMC,Tomato,Hybrid,Medium,1500,2000,1750,08/09/2026
Telangana,Hyderabad,RYTHU BAZAR ERRAGADDA,Tomato,Deshi,Grade A,1500,1500,1500,08/09/2026
Telangana,Hyderabad,Mahboob Manison APMC,Tomato,Tomato,Medium,1200,1600,1400,08/09/2026
Telangana,Medchal Malkajgiri,"Kukatpally,RBZ",Tomato,Deshi,Local,1500,1500,1500,08/09/2026
Telangana,Mahbubnagar,Mahabubnagar(Rythu Bazar),Tomato,Deshi,Local,2000,2000,2000,08/09/2026
Telangana,Hyderabad,"Alwal,RBZ",Tomato,Local,FAQ,1500,1500,1500,08/09/2026
Telangana,Ranga Reddy,L B Nagar APMC,Tomato,Tomato,Medium,800,1600,1200,08/09/2026
Telangana,Ranga Reddy,Shadnagar APMC,Tomato,Local,Local,800,1200,1000,08/09/2026
Telangana,Ranga Reddy,Chevella APMC,Tomato,Local,Local,1000,1000,1000,08/09/2026
Telangana,Hyderabad,Bowenpally APMC,Tomato,Deshi,FAQ,400,1200,1000,08/09/2026
Telangana,Khammam,"Pavilion Ground,Khammam,RBZ",Tomato,Deshi,FAQ,3000,3000,3000,08/09/2026
Telangana,Khammam,"Sattupalli (Ramalayam),RBZ",Tomato,Deshi,FAQ,2000,3200,3000,08/09/2026
Telangana,Hyderabad,RYTHU BAZAR FALAKNUMA,Tomato,Tomato,Local,1500,1500,1500,08/09/2026
Telangana,Nalgonda,Venkateswarnagar APMC,Tomato,Local,Local,400,600,500,08/09/2026
Uttarakhand,Haridwar,Roorkee APMC,Tomato,Other,Medium,1200,2200,1600,08/09/2026
Uttarakhand,Garhwal (Pauri),Kotadwara APMC,Tomato,Tomato,FAQ,1400,1400,1400,08/09/2026
Uttarakhand,Haridwar,Haridwar Union APMC,Tomato,Other,FAQ,1500,2000,1800,08/09/2026
Uttarakhand,Udhamsinghnagar,Sitarganj APMC,Tomato,Deshi,Grade B,2000,2500,2200,08/09/2026
Uttarakhand,Udhamsinghnagar,Kashipur APMC,Tomato,Other,Local,2000,2300,2150,08/09/2026
Uttarakhand,Udhamsinghnagar,Khateema APMC,Tomato,Other,Grade A,2000,2200,2100,08/09/2026
Uttarakhand,Udhamsinghnagar,Rudrapur APMC,Tomato,Other,Medium,2000,3500,3000,08/09/2026
Uttarakhand,Dehradoon,Rishikesh APMC,Tomato,Other,Medium,1600,2450,2000,08/09/2026
Uttarakhand,Nanital,Haldwani APMC,Tomato,Other,FAQ,1500,2000,1800,08/09/2026
Uttarakhand,Haridwar,Manglaur APMC,Tomato,Other,Large,1000,1600,1200,08/09/2026
Uttarakhand,Dehradoon,Chakrata APMC,Tomato,Local,FAQ,1000,1200,1100,08/09/2026
Himachal Pradesh,Kullu,SMY Bhuntar,Tomato,Other,FAQ,600,2400,1700,08/09/2026
Himachal Pradesh,Solan,SMY Wakhnaghat,Tomato,Deshi,Local,200,1600,1600,08/09/2026
Himachal Pradesh,Sirmore,PMY Paonta Sahib,Tomato,Other,FAQ,2800,3200,3000,08/09/2026
Himachal Pradesh,Kangra,SMY Nagrota Bagwan,Tomato,Tomato,FAQ,2800,3500,3000,08/09/2026
Himachal Pradesh,Kullu,SMY Shatt,Tomato,Tomato,FAQ,1500,2000,1800,08/09/2026
Himachal Pradesh,Solan,SMY Nalagarh,Tomato,Other,Medium,2000,3000,2500,08/09/2026
Himachal Pradesh,Kullu,SMY Bandrol,Tomato,Other,FAQ,1200,2400,1800,08/09/2026
Himachal Pradesh,Solan,PMY Kather Solan,Tomato,Other,Local,600,3400,2900,08/09/2026
Himachal Pradesh,Chamba,PMY Chamba,Tomato,Tomato,Medium,4000,4200,4100,08/09/2026
Himachal Pradesh,Kangra,SMY Baijnath,Tomato,Hybrid,Grade A,2500,2600,2500,08/09/2026
Himachal Pradesh,Una,PMY Una,Tomato,Tomato,Local,3000,3600,3300,08/09/2026
Himachal Pradesh,Kangra,SMY Jassur,Tomato,Other,FAQ,3500,4000,3700,08/09/2026
Himachal Pradesh,Kullu,SMY Chauri Bihal,Tomato,Other,Grade Range-1,1100,2700,2000,08/09/2026
Himachal Pradesh,Shimla,SMY Rohroo,Tomato,Deshi,Grade B,3200,3500,3350,08/09/2026
Himachal Pradesh,Una,SMY Santoshgarh,Tomato,Tomato,FAQ,3600,4000,3800,08/09/2026
Himachal Pradesh,Mandi,SMY Takoli,Tomato,Other,Medium,1000,2500,1800,08/09/2026
Himachal Pradesh,Shimla,PMY Dhalli Shimla,Tomato,Tomato,Grade A,2000,3000,2000,08/09/2026
Himachal Pradesh,Kullu,PMY Kullu,Tomato,Other,FAQ,2000,2500,2200,08/09/2026
Himachal Pradesh,Sirmore,SMY Nahan,Tomato,Other,FAQ,3000,3500,3200,08/09/2026
Himachal Pradesh,Kangra,SMY Palampur,Tomato,Tomato,FAQ,2000,3500,2800,08/09/2026
Himachal Pradesh,Kangra,SMY Dharamshala,Tomato,Tomato,FAQ,3200,3600,3400,08/09/2026
Himachal Pradesh,Bilaspur,PMY Bilaspur,Tomato,Local,Grade B,3000,3700,3500,08/09/2026
Himachal Pradesh,Hamirpur,SMY Nadaun,Tomato,Other,Grade B,3800,4000,3900,08/09/2026
Himachal Pradesh,Hamirpur,PMY Hamirpur,Tomato,Tomato,Grade B,3500,4000,3750,08/09/2026
Himachal Pradesh,Mandi,SMY Dhanotu,Tomato,Tomato,FAQ,3000,4000,3500,08/09/2026
Himachal Pradesh,Solan,SMY Dharampur,Tomato,Local,Local,1000,2000,2000,08/09/2026
Himachal Pradesh,Kangra,SMY Jaisinghpur,Tomato,Tomato,FAQ,2200,3600,3000,08/09/2026
Assam,Nagaon,Dhing APMC,Tomato,Tomato,FAQ,3100,3500,3300,08/09/2026
Assam,Nagaon,Ambagan APMC,Tomato,Tomato,FAQ,3200,3400,3300,08/09/2026
Assam,Kamrup,Uparhali Pmy APMC,Tomato,Tomato,FAQ,3000,3500,3250,08/09/2026
Assam,Darrang,Balugaon APMC,Tomato,Tomato,Local,2000,2400,2200,08/09/2026
Assam,Nagaon,Doomdumia APMC,Tomato,Tomato,FAQ,3200,3600,3400,08/09/2026
Assam,Tinsukia,Tinsukia Market,Tomato,Tomato,FAQ,3000,4000,3500,08/09/2026
Assam,Nagaon,Haibargaon APMC,Tomato,Tomato,FAQ,3100,3300,3200,08/09/2026
Assam,Kamrup,Pamohi(Garchuk) APMC,Tomato,Tomato,FAQ,3800,5000,4200,08/09/2026
Assam,Darrang,Besimari APMC,Tomato,Tomato,Local,2000,2400,2200,08/09/2026
Tamil Nadu,Cuddalore,Cuddalore(Uzhavar Sandhai ),Potato,Red Nanital,Local,4000,4000,4000,08/09/2026
Tamil Nadu,Nagercoil (Kannyiakumari),Vadaseri APMC,Potato,Red Nanital,Local,3000,3500,3250,08/09/2026
Tamil Nadu,Vellore,Thirupathur APMC,Potato,Red Nanital,Local,3000,3000,3000,08/09/2026
Tamil Nadu,Krishnagiri,Kaveripattinam(Uzhavar Sandhai ),Potato,Red Nanital,Local,4000,4000,4000,08/09/2026
Tamil Nadu,The Nilgiris,Gudalur(Uzhavar Sandhai ),Potato,Red Nanital,Local,4000,5000,4500,08/09/2026
Tamil Nadu,Namakkal,Tiruchengode APMC,Potato,Other,Local,2500,3000,2750,08/09/2026
Tamil Nadu,Erode,Sampath Nagar(Uzhavar Sandhai ),Potato,Other,Local,4600,5000,4800,08/09/2026
Tamil Nadu,Thiruvannamalai,Polur(Uzhavar Sandhai ),Potato,Red Nanital,Local,3600,4000,3800,08/09/2026
Tamil Nadu,Thiruvellore,Paruthipattu(Uzhavar Sandhai ),Potato,Red Nanital,Local,4000,4000,4000,08/09/2026
Tamil Nadu,Thanjavur,Papanasam(Uzhavar Sandhai ),Potato,Red Nanital,Local,3000,3600,3300,08/09/2026
Tamil Nadu,Thanjavur,Pattukottai(Uzhavar Sandhai ),Potato,Red Nanital,Local,3000,3000,3000,08/09/2026
Tamil Nadu,Thiruchirappalli,Manachanallur(Uzhavar Sandhai ),Potato,Other,Local,3000,3500,3250,08/09/2026
Tamil Nadu,Thiruchirappalli,Musiri(Uzhavar Sandhai ),Potato,Other,Local,2600,3000,2800,08/09/2026
Tamil Nadu,Chengalpattu,Pallavaram(Uzhavar Sandhai ),Potato,Other,Local,2500,3000,2750,08/09/2026
Tamil Nadu,Krishnagiri,Krishnagiri(Uzhavar Sandhai ),Potato,Red Nanital,Local,2000,2600,2300,08/09/2026
Tamil Nadu,Vellore,Perampet(Uzhavar Sandhai),Potato,Red Nanital,Local,3000,3000,3000,08/09/2026
Tamil Nadu,Thirupur,Palladam(Uzhavar Sandhai ),Potato,Red Nanital,Local,2500,3000,2750,08/09/2026
Tamil Nadu,Erode,Perundurai(Uzhavar Sandhai ),Potato,Other,Local,3500,3800,3650,08/09/2026
Tamil Nadu,Dharmapuri,Palacode(Uzhavar Sandhai ),Potato,Other,Local,2800,3000,2900,08/09/2026
Tamil Nadu,Dindigul,Palani(Uzhavar Sandhai ),Potato,Other,Local,3400,4000,3700,08/09/2026
Tamil Nadu,Kancheepuram,Kancheepuram(Uzhavar Sandhai ),Potato,Other,Local,2800,4000,3400,08/09/2026
Tamil Nadu,Krishnagiri,Denkanikottai(Uzhavar Sandhai ),Potato,Red Nanital,Local,2000,2500,2250,08/09/2026
Tamil Nadu,Thanjavur,Tirukattupalli(Uzhavar Sandhai ),Potato,Red Nanital,Local,3000,3000,3000,08/09/2026
Tamil Nadu,Ranipet,Arcot(Uzhavar Sandhai ),Potato,Red Nanital,Local,3000,3000,3000,08/09/2026
Tamil Nadu,Theni,Chinnamanur(Uzhavar Sandhai ),Potato,Other,Local,4400,4400,4400,08/09/2026
Tamil Nadu,Theni,Kambam(Uzhavar Sandhai ),Potato,Red Nanital,Local,2800,2800,2800,08/09/2026
Tamil Nadu,Theni,Theni(Uzhavar Sandhai ),Potato,Other,Local,4500,4500,4500,08/09/2026
Tamil Nadu,Thirunelveli,Melapalayam(Uzhavar Sandhai ),Potato,Other,Local,2200,2500,2350,08/09/2026
Tamil Nadu,Cuddalore,Vadalur(Uzhavar Sandhai ),Potato,Other,Local,3500,4000,3750,08/09/2026
Tamil Nadu,Erode,Gobichettipalayam(Uzhavar Sandhai ),Potato,Red Nanital,Local,3600,3800,3700,08/09/2026
Tamil Nadu,Thiruvarur,Mannargudi II(Uzhavar Sandhai ),Potato,Other,Local,3000,3000,3000,08/09/2026
Tamil Nadu,Thirupathur,Vaniyampadi(Uzhavar Sandhai ),Potato,Red Nanital,Local,3000,3000,3000,08/09/2026
Tamil Nadu,Thirupur,Dharapuram(Uzhavar Sandhai ),Potato,Red Nanital,Local,3000,6000,4500,08/09/2026
Tamil Nadu,Theni,Periyakulam(Uzhavar Sandhai ),Potato,Other,Local,2600,2800,2700,08/09/2026
Tamil Nadu,Virudhunagar,Srivilliputhur(Uzhavar Sandhai ),Potato,Red Nanital,Local,2500,3000,2750,08/09/2026
Tamil Nadu,Erode,Sathiyamagalam(Uzhavar Sandhai ),Potato,Other,Local,3400,3800,3600,08/09/2026
Tamil Nadu,Coimbatore,Singanallur(Uzhavar Sandhai ),Potato,Red Nanital,Local,4000,5400,4700,08/09/2026
Tamil Nadu,Dharmapuri,Pennagaram(Uzhavar Sandhai ),Potato,Red Nanital,Local,3000,3500,3250,08/09/2026
Tamil Nadu,Kancheepuram,Sunguvarchatram(Uzhavar Sandhai ),Potato,Other,Local,2800,2800,2800,08/09/2026
Tamil Nadu,Dharmapuri,Karimangalam(Uzhavar Sandhai),Potato,Other,Local,2600,2800,2700,08/09/2026
Tamil Nadu,Cuddalore,Viruthachalam(Uzhavar Sandhai ),Potato,Red Nanital,Local,4000,4000,4000,08/09/2026
Tamil Nadu,Theni,Bodinayakanur(Uzhavar Sandhai ),Potato,Red Nanital,Local,2800,2800,2800,08/09/2026
Tamil Nadu,Villupuram,Gingee(Uzhavar Sandhai ),Potato,Red Nanital,Local,4000,4000,4000,08/09/2026
Tamil Nadu,Salem,Jalagandapuram(Uzhavar Sandhai ),Potato,Other,Local,2600,2800,2700,08/09/2026
Tamil Nadu,Thiruchirappalli,Thiruverumbur(Uzhavar Sandhai ),Potato,Other,Local,3000,3000,3000,08/09/2026
Tamil Nadu,Virudhunagar,Thalavaipuram(Uzhavar Sandhai ),Potato,Red Nanital,Local,2500,3000,2750,08/09/2026
Tamil Nadu,Chengalpattu,Medavakkam(Uzhavar Sandhai ),Potato,Other,Local,3500,3500,3500,08/09/2026
Tamil Nadu,Madurai,Anaiyur(Uzhavar Sandhai ),Potato,Red Nanital,Local,4500,5000,4750,08/09/2026
Tamil Nadu,Namakkal,Kumarapalayam(Uzhavar Sandhai ),Potato,Other,Local,2800,3000,2900,08/09/2026
Tamil Nadu,Namakkal,Paramathivelur(Uzhavar Sandhai ),Potato,Red Nanital,Local,2500,3000,2750,08/09/2026
Tamil Nadu,Thiruchirappalli,Thuraiyur APMC,Potato,Other,Local,2500,3000,2750,08/09/2026
Tamil Nadu,Salem,Thammampatti (Uzhavar Sandhai ),Potato,Other,Local,2800,3000,2900,08/09/2026
Tamil Nadu,Salem,Thathakapatti(Uzhavar Sandhai ),Potato,Red Nanital,Local,2800,6000,4400,08/09/2026
Tamil Nadu,Thiruvarur,Muthupettai(Uzhavar Sandhai ),Potato,Red Nanital,Local,3000,3000,3000,08/09/2026
Tamil Nadu,Coimbatore,Sulur(Uzhavar Sandhai ),Potato,Red Nanital,Local,4600,5400,5000,08/09/2026
Tamil Nadu,Cuddalore,Panruti(Uzhavar Sandhai ),Potato,Red Nanital,Local,4000,4000,4000,08/09/2026
Tamil Nadu,Dharmapuri,AJattihalli(Uzhavar Sandhai ),Potato,Other,Local,2400,2800,2600,08/09/2026
Tamil Nadu,Theni,Devaram(Uzhavar Sandhai ),Potato,Red Nanital,Local,2800,2800,2800,08/09/2026
Tamil Nadu,Vellore,Vellore APMC,Potato,Red Nanital,Local,3000,3000,3000,08/09/2026
Tamil Nadu,Karur,Kulithalai(Uzhavar Sandhai ),Potato,Other,Local,5000,5500,5250,08/09/2026
Tamil Nadu,Chengalpattu,Guduvancheri(Uzhavar Sandhai ),Potato,Other,Local,2500,3000,2750,08/09/2026
Tamil Nadu,Kallakuruchi,Kallakurichi(Uzhavar Sandhai ),Potato,Red Nanital,Local,3500,3500,3500,08/09/2026
Tamil Nadu,Vellore,Pallikonda(Uzhavar Sandhai),Potato,Red Nanital,Local,3000,3000,3000,08/09/2026
Tamil Nadu,Ramanathapuram,Paramakudi(Uzhavar Sandhai ),Potato,Red Nanital,Local,4800,5000,4900,08/09/2026
Tamil Nadu,Pudukkottai,Alangudi(Uzhavar Sandhai ),Potato,Other,Local,6000,7000,6500,08/09/2026
Tamil Nadu,Thiruvannamalai,Arani(Uzhavar Sandhai ),Potato,Red Nanital,Local,3000,3600,3300,08/09/2026
Tamil Nadu,Thiruvellore,Naravarikuppam(Uzhavar Sandhai ),Potato,Red Nanital,Local,4000,4000,4000,08/09/2026
Tamil Nadu,Tuticorin,Kovilpatti(Uzhavar Sandhai ),Potato,Other,Local,3000,3500,3250,08/09/2026
Tamil Nadu,Vellore,Gudiyatham(Uzhavar Sandhai ),Potato,Red Nanital,Local,3000,3600,3300,08/09/2026
Tamil Nadu,Thiruvannamalai,Cheyyar(Uzhavar Sandhai ),Potato,Other,Local,3000,3700,3350,08/09/2026
Tamil Nadu,Nagapattinam,Nagapattinam(Uzhavar Sandhai ),Potato,Red Nanital,Local,3500,4000,3750,08/09/2026
Tamil Nadu,Vellore,Katpadi (Uzhavar Sandhai ),Potato,Red Nanital,Local,2500,3500,3000,08/09/2026
Tamil Nadu,Sivaganga,Singampunari(Uzhavar Sandhai ),Potato,Other,Local,4600,5200,4900,08/09/2026
Tamil Nadu,Thanjavur,Thanjavur(Uzhavar Sandhai ),Potato,Red Nanital,Local,3000,4000,3500,08/09/2026
Tamil Nadu,Thiruchirappalli,KKNagar(Uzhavar Sandhai ),Potato,Other,Local,3000,3000,3000,08/09/2026
Tamil Nadu,Virudhunagar,Sivakasi(Uzhavar Sandhai ),Potato,Red Nanital,Local,5000,6000,5500,08/09/2026
Tamil Nadu,Virudhunagar,Virudhunagar(Uzhavar Sandhai ),Potato,Red Nanital,Local,3000,3500,3250,08/09/2026
Tamil Nadu,Chengalpattu,Chengalpet(Uzhavar Sandhai ),Potato,Red Nanital,Local,2500,3000,2750,08/09/2026
Tamil Nadu,Chengalpattu,Madhuranthagam(Uzhavar Sandhai ),Potato,Red Nanital,Local,4000,4000,4000,08/09/2026
Tamil Nadu,Villupuram,Tindivanam APMC,Potato,Red Nanital,Local,3800,3800,3800,08/09/2026
Tamil Nadu,Coimbatore,Sundarapuram(Uzhavar Sandhai ),Potato,Other,Local,5000,5500,5250,08/09/2026
Tamil Nadu,Coimbatore,Mettupalayam(Uzhavar Sandhai ),Potato,Red Nanital,Local,3600,5000,4300,08/09/2026
Tamil Nadu,Thirupur,Tiruppur (South) (Uzhavar Sandhai ),Potato,Other,Local,5000,6000,5500,08/09/2026
Tamil Nadu,Kallakuruchi,Sankarapuram(Uzhavar Sandhai ),Potato,Red Nanital,Local,3500,3500,3500,08/09/2026
Tamil Nadu,Namakkal,Rasipuram(Uzhavar Sandhai ),Potato,Other,Local,3000,3500,3250,08/09/2026
Tamil Nadu,Madurai,Palanganatham(Uzhavar Sandhai ),Potato,Other,Local,4500,5000,4750,08/09/2026
Tamil Nadu,Madurai,Anna nagar(Uzhavar Sandhai ),Potato,Other,Local,6000,6000,6000,08/09/2026
Tamil Nadu,Thirupur,Tiruppur (North) (Uzhavar Sandhai ),Potato,Other,Local,5000,6000,5500,08/09/2026
Tamil Nadu,Thiruvannamalai,Vandavasi(Uzhavar Sandhai ),Potato,Other,Local,3000,3700,3350,08/09/2026
Tamil Nadu,Sivaganga,Sivagangai (Uzhavar Sandhai ),Potato,Red Nanital,Local,4600,5200,4900,08/09/2026
Tamil Nadu,Sivaganga,Devakottai (Uzhavar Sandhai ),Potato,Other,Local,3000,3400,3200,08/09/2026
Tamil Nadu,Salem,Edapadi (Uzhavar Sandhai ),Potato,Other,Local,4500,5000,4750,08/09/2026
Tamil Nadu,Salem,Hasthampatti(Uzhavar Sandhai ),Potato,Other,Local,4500,5000,4750,08/09/2026
Tamil Nadu,Thirupathur,Natrampalli(Uzhavar Sandhai ),Potato,Red Nanital,Local,3000,3500,3250,08/09/2026
Tamil Nadu,Coimbatore,Vadavalli(Uzhavar Sandhai ),Potato,Other,Local,4500,5000,4750,08/09/2026
Tamil Nadu,Nagapattinam,Mayiladuthurai(Uzhavar Sandhai ),Potato,Red Nanital,Local,3000,3000,3000,08/09/2026
Tamil Nadu,Thiruvannamalai,Tiruvannamalai(Uzhavar Sandhai ),Potato,Red Nanital,Local,3500,4000,3750,08/09/2026
Tamil Nadu,Thiruvarur,Mannargudi I(Uzhavar Sandhai ),Potato,Other,Local,3000,3000,3000,08/09/2026
Tamil Nadu,Villupuram,Villupuram(Uzhavar Sandhai ),Potato,Red Nanital,Local,4000,4000,4000,08/09/2026
Tamil Nadu,Ariyalur,Ariyalur(Uzhavar Sandhai),Potato,Red Nanital,Local,3500,4000,3750,08/09/2026
Tamil Nadu,Cuddalore,Chidambaram(Uzhavar Sandhai ),Potato,Red Nanital,Local,4000,4000,4000,08/09/2026
Tamil Nadu,Coimbatore,Pollachi(Uzhavar Sandhai ),Potato,Red Nanital,Local,4000,6500,5250,08/09/2026
Tamil Nadu,Virudhunagar,Rajapalayam(Uzhavar Sandhai ),Potato,Red Nanital,Local,2500,3000,2750,08/09/2026
Tamil Nadu,Virudhunagar,Sathur(Uzhavar Sandhai ),Potato,Red Nanital,Local,3500,4000,3750,08/09/2026
Tamil Nadu,Chengalpattu,Nanganallur(Uzhavar Sandhai ),Potato,Red Nanital,Local,3500,4000,3750,08/09/2026
Tamil Nadu,Villupuram,Ulundurpettai APMC,Potato,Red Nanital,Local,4000,4000,4000,08/09/2026
Tamil Nadu,The Nilgiris,Udhagamandalam(Uzhavar Sandhai ),Potato,Other,Local,4500,5000,4750,08/09/2026
Tamil Nadu,Theni,Andipatti(Uzhavar Sandhai ),Potato,Red Nanital,Local,2500,2800,2650,08/09/2026
Tamil Nadu,Virudhunagar,Aruppukottai(Uzhavar Sandhai ),Potato,Red Nanital,Local,3000,3500,3250,08/09/2026
Tamil Nadu,Kancheepuram,Kundrathur(Uzhavar Sandhai ),Potato,Other,Local,2800,2800,2800,08/09/2026
Tamil Nadu,Kancheepuram,Padappai(Uzhavar Sandhai ),Potato,Other,Local,2800,4000,3400,08/09/2026
Tamil Nadu,Krishnagiri,Avallapalli(Uzhavar Sandhai ),Potato,Red Nanital,Local,2000,2500,2250,08/09/2026
Tamil Nadu,Nagapattinam,Sirkali(Uzhavar Sandhai ),Potato,Red Nanital,Local,3600,4000,3800,08/09/2026
Tamil Nadu,Namakkal,Mohanur(Uzhavar Sandhai ),Potato,Other,Local,3200,3500,3350,08/09/2026
Tamil Nadu,Namakkal,Namakkal(Uzhavar Sandhai ),Potato,Other,Local,2500,3000,2750,08/09/2026
Tamil Nadu,Perambalur,Perambalur(Uzhavar Sandhai ),Potato,Other,Local,2800,3000,2900,08/09/2026
Tamil Nadu,Ranipet,Ranipettai(Uzhavar Sandhai ),Potato,Other,Local,3000,3000,3000,08/09/2026
Tamil Nadu,Salem,Ammapet(Uzhavar Sandhai ),Potato,Other,Local,4000,4500,4250,08/09/2026
Tamil Nadu,Salem,Mettur(Uzhavar Sandhai ),Potato,Other,Local,4000,4500,4250,08/09/2026
Tamil Nadu,Salem,Sooramangalam(Uzhavar Sandhai ),Potato,Other,Local,5000,6000,5500,08/09/2026
Tamil Nadu,Pudukkottai,Gandarvakottai(Uzhavar Sandhai ),Potato,Red Nanital,Local,5500,6000,5750,08/09/2026
Tamil Nadu,Erode,Thalavadi(Uzhavar Sandhai ),Potato,Red Nanital,Local,3400,3800,3600,08/09/2026
Tamil Nadu,Pudukkottai,Pudukottai(Uzhavar Sandhai ),Potato,Other,Local,5000,6000,5500,08/09/2026
Tamil Nadu,Thanjavur,Kumbakonam (Uzhavar Sandhai ),Potato,Red Nanital,Local,3000,3600,3300,08/09/2026
Tamil Nadu,Thiruvellore,Tiruthani(Uzhavar Sandhai ),Potato,Red Nanital,Local,4000,4000,4000,08/09/2026
Tamil Nadu,Virudhunagar,Kariyapatti(Uzhavar Sandhai ),Potato,Red Nanital,Local,3000,3500,3250,08/09/2026
Tamil Nadu,Salem,Vazhapadi(Uzhavar Sandhai),Potato,Red Nanital,Local,3000,3600,3300,08/09/2026
Tamil Nadu,Karur,Gandhigramam(Uzhavar Sandhai),Potato,Other,Local,3500,5000,4250,08/09/2026
Tamil Nadu,Madurai,Chokkikulam(Uzhavar Sandhai ),Potato,Red Nanital,Local,3000,5000,4000,08/09/2026
Tamil Nadu,Nagapattinam,Vedaranyam(Uzhavar Sandhai),Potato,Red Nanital,Local,3800,4000,3900,08/09/2026
Tamil Nadu,Salem,Athur(Uzhavar Sandhai ),Potato,Other,Local,5000,5500,5250,08/09/2026
Tamil Nadu,Coimbatore,Udumalpet APMC,Potato,Red Nanital,Local,4000,5000,4500,08/09/2026
Tamil Nadu,Karur,Karur(Uzhavar Sandhai ),Potato,Other,Local,6000,6500,6250,08/09/2026
Tamil Nadu,Tuticorin,Tuticorin(Uzhavar Sandhai ),Potato,Other,Local,3000,3500,3250,08/09/2026
Tamil Nadu,Dharmapuri,Harur(Uzhavar Sandhai ),Potato,Red Nanital,Local,2500,3000,2750,08/09/2026
Tamil Nadu,The Nilgiris,Coonoor(Uzhavar Sandhai ),Potato,Other,Local,5000,6000,5500,08/09/2026
Tamil Nadu,Coimbatore,RSPuram(Uzhavar Sandhai ),Potato,Other,Local,4500,5200,4850,08/09/2026
Tamil Nadu,Dharmapuri,Dharmapuri(Uzhavar Sandhai ),Potato,Red Nanital,Local,2600,2800,2700,08/09/2026
Tamil Nadu,Dindigul,Chinnalapatti(Uzhavar Sandhai ),Potato,Other,Local,4000,5000,4500,08/09/2026
Tamil Nadu,Dindigul,Dindigul(Uzhavar Sandhai ),Potato,Other,Local,4000,5000,4500,08/09/2026
Tamil Nadu,Krishnagiri,Hosur(Uzhavar Sandhai ),Potato,Red Nanital,Local,2000,2500,2250,08/09/2026
Tamil Nadu,Sivaganga,Karaikudi(Uzhavar Sandhai ),Potato,Red Nanital,Local,4800,5400,5100,08/09/2026
Tamil Nadu,Sivaganga,Tirupatthur(Uzhavar Sandhai ),Potato,Red Nanital,Local,3200,3500,3350,08/09/2026
Tamil Nadu,Thiruchirappalli,Lalgudi(Uzhavar Sandhai ),Potato,Other,Local,3000,3000,3000,08/09/2026
Tamil Nadu,Thiruchirappalli,Manapparai(Uzhavar Sandhai ),Potato,Other,Local,3000,3000,3000,08/09/2026
Tamil Nadu,Nagercoil (Kannyiakumari),Myladi(Uzhavar Sandhai ),Potato,Red Nanital,Local,3000,3500,3250,08/09/2026
Tamil Nadu,Chengalpattu,Jameenrayapettai(Uzhavar Sandhai ),Potato,Other,Local,2500,3000,2750,08/09/2026
Tamil Nadu,Ramanathapuram,Ramanathapuram(Uzhavar Sandhai ),Potato,Red Nanital,Local,5000,5500,5250,08/09/2026
Tamil Nadu,Thiruvellore,Ambattur(Uzhavar Sandhai ),Potato,Red Nanital,Local,4000,4000,4000,08/09/2026
Tamil Nadu,Vellore,Kahithapattarai(Uzhavar Sandhai ),Potato,Other,Local,2400,2400,2400,08/09/2026
Tamil Nadu,Thirunelveli,NGO Colony(Uzhavar Sandhai ),Potato,Red Nanital,Local,2000,2500,2250,08/09/2026
Tamil Nadu,Thirunelveli,Palayamkottai(Uzhavar Sandhai ),Potato,Red Nanital,Local,2300,2500,2400,08/09/2026
Tamil Nadu,Salem,Elampillai(Uzhavar Sandhai ),Potato,Other,Local,2500,2800,2650,08/09/2026
Tamil Nadu,Thiruchirappalli,Musiri(Uzhavar Sandhai ),Sweet Potato,Hosur Red,Local,4500,5000,4750,08/09/2026
Tamil Nadu,Thiruchirappalli,Thiruverumbur(Uzhavar Sandhai ),Sweet Potato,Hosur Red,Local,5000,5000,5000,08/09/2026
Tamil Nadu,Karur,Gandhigramam(Uzhavar Sandhai),Sweet Potato,Hosur Red,Local,3500,4000,3750,08/09/2026
Tamil Nadu,Coimbatore,Vadavalli(Uzhavar Sandhai ),Sweet Potato,Hosur Red,Local,4800,5200,5000,08/09/2026
Tamil Nadu,Dharmapuri,Dharmapuri(Uzhavar Sandhai ),Sweet Potato,Hosur Red,Local,2800,3000,2900,08/09/2026
Tamil Nadu,Kallakuruchi,Sankarapuram(Uzhavar Sandhai ),Sweet Potato,Hosur Red,Local,3000,3000,3000,08/09/2026
Tamil Nadu,Krishnagiri,Denkanikottai(Uzhavar Sandhai ),Sweet Potato,Hosur Red,Local,4500,5000,4750,08/09/2026
Tamil Nadu,Salem,Thathakapatti(Uzhavar Sandhai ),Sweet Potato,Hosur Red,Local,4500,5000,4750,08/09/2026
Tamil Nadu,Thiruvannamalai,Arani(Uzhavar Sandhai ),Sweet Potato,Hosur Red,Local,3500,4000,3750,08/09/2026
Tamil Nadu,Thiruvannamalai,Polur(Uzhavar Sandhai ),Sweet Potato,Hosur Red,Local,3600,4000,3800,08/09/2026
Tamil Nadu,Karur,Kulithalai(Uzhavar Sandhai ),Sweet Potato,Hosur Red,Local,2500,3000,2750,08/09/2026
Tamil Nadu,Madurai,Chokkikulam(Uzhavar Sandhai ),Sweet Potato,Hosur Red,Local,5500,6000,5750,08/09/2026
Tamil Nadu,Coimbatore,Mettupalayam(Uzhavar Sandhai ),Sweet Potato,Hosur Red,Local,4500,5200,4850,08/09/2026
Tamil Nadu,Coimbatore,RSPuram(Uzhavar Sandhai ),Sweet Potato,Hosur Red,Local,5000,5700,5350,08/09/2026
Tamil Nadu,Coimbatore,Singanallur(Uzhavar Sandhai ),Sweet Potato,Hosur Red,Local,5000,5600,5300,08/09/2026
Tamil Nadu,Cuddalore,Cuddalore(Uzhavar Sandhai ),Sweet Potato,Hosur Red,Local,7000,8000,7500,08/09/2026
Tamil Nadu,Dharmapuri,Harur(Uzhavar Sandhai ),Sweet Potato,Hosur Red,Local,4000,5000,4500,08/09/2026
Tamil Nadu,Thiruchirappalli,KKNagar(Uzhavar Sandhai ),Sweet Potato,Hosur Red,Local,6600,6600,6600,08/09/2026
Tamil Nadu,Thiruchirappalli,Manachanallur(Uzhavar Sandhai ),Sweet Potato,Hosur Red,Local,5000,6000,5500,08/09/2026
Tamil Nadu,Salem,Sooramangalam(Uzhavar Sandhai ),Sweet Potato,Hosur Red,Local,4000,5000,4500,08/09/2026
Tamil Nadu,Coimbatore,Kurichi(Uzhavar Sandhai ),Sweet Potato,Hosur Red,Local,4500,5000,4750,08/09/2026
Tamil Nadu,Tuticorin,Tuticorin(Uzhavar Sandhai ),Sweet Potato,Hosur Red,Local,7500,8000,7750,08/09/2026
Tamil Nadu,Salem,Athur(Uzhavar Sandhai ),Sweet Potato,Hosur Red,Local,4500,5000,4750,08/09/2026
Tamil Nadu,Coimbatore,Udumalpet APMC,Sweet Potato,Hosur Red,Local,6500,7500,7000,08/09/2026
Tamil Nadu,Thiruvarur,Tiruthuraipoondi(Uzhavar Sandhai ),Sweet Potato,Hosur Red,Local,6000,6000,6000,08/09/2026
Tamil Nadu,Tenkasi,Tenkasi(Uzhavar Sandhai ),Sweet Potato,Hosur Red,Local,5000,6000,5500,08/09/2026
Tamil Nadu,The Nilgiris,Udhagamandalam(Uzhavar Sandhai ),Sweet Potato,Hosur Red,Local,4000,4500,4250,08/09/2026
Tamil Nadu,Madurai,Melur(Uzhavar Sandhai ),Sweet Potato,Hosur Red,Local,5500,6000,5750,08/09/2026
Tamil Nadu,Salem,Jalagandapuram(Uzhavar Sandhai ),Sweet Potato,Hosur Red,Local,4000,4500,4250,08/09/2026
Tamil Nadu,Chengalpattu,Nanganallur(Uzhavar Sandhai ),Sweet Potato,Hosur Red,Local,7500,8000,7750,08/09/2026
Tamil Nadu,Villupuram,Tindivanam APMC,Sweet Potato,Hosur Red,Local,4500,4500,4500,08/09/2026
Tamil Nadu,Coimbatore,Sundarapuram(Uzhavar Sandhai ),Sweet Potato,Hosur Red,Local,5000,5500,5250,08/09/2026
Tamil Nadu,Namakkal,Tiruchengode APMC,Sweet Potato,Hosur Red,Local,5500,6000,5750,08/09/2026
Tamil Nadu,Dindigul,Dindigul(Uzhavar Sandhai ),Sweet Potato,Hosur Red,Local,4000,5000,4500,08/09/2026
Tamil Nadu,Madurai,Anaiyur(Uzhavar Sandhai ),Sweet Potato,Hosur Red,Local,5500,6000,5750,08/09/2026
Tamil Nadu,Madurai,Anna nagar(Uzhavar Sandhai ),Sweet Potato,Hosur Red,Local,5000,5600,5300,08/09/2026
Tamil Nadu,Thiruchirappalli,Thuraiyur APMC,Sweet Potato,Hosur Red,Local,4500,6000,5250,08/09/2026
Tamil Nadu,Karur,Pallapatti (Uzhavar Sandhai ),Sweet Potato,Hosur Red,Local,4500,5000,4750,08/09/2026
Tamil Nadu,Thirupathur,Vaniyampadi(Uzhavar Sandhai ),Sweet Potato,Hosur Red,Local,5000,5000,5000,08/09/2026
Tamil Nadu,Thiruvannamalai,Tiruvannamalai(Uzhavar Sandhai ),Sweet Potato,Hosur Red,Local,3500,4000,3750,08/09/2026
Tamil Nadu,Vellore,Gudiyatham(Uzhavar Sandhai ),Sweet Potato,Hosur Red,Local,3600,3600,3600,08/09/2026
Tamil Nadu,Vellore,Kahithapattarai(Uzhavar Sandhai ),Sweet Potato,Hosur Red,Local,3500,3500,3500,08/09/2026
Tamil Nadu,Villupuram,Villupuram(Uzhavar Sandhai ),Sweet Potato,Hosur Red,Local,6000,6000,6000,08/09/2026
Tamil Nadu,Vellore,Thirupathur APMC,Sweet Potato,Hosur Red,Local,4000,4000,4000,08/09/2026
Tamil Nadu,Chengalpattu,Chengalpet(Uzhavar Sandhai ),Sweet Potato,Hosur Red,Local,6000,7000,6500,08/09/2026
Tamil Nadu,Chengalpattu,Jameenrayapettai(Uzhavar Sandhai ),Sweet Potato,Hosur Red,Local,5000,6000,5500,08/09/2026
Tamil Nadu,Krishnagiri,Avallapalli(Uzhavar Sandhai ),Sweet Potato,Hosur Red,Local,5500,6000,5750,08/09/2026
Tamil Nadu,Dharmapuri,Karimangalam(Uzhavar Sandhai),Sweet Potato,Hosur Red,Local,3300,3500,3400,08/09/2026
Tamil Nadu,Nagapattinam,Sirkali(Uzhavar Sandhai ),Sweet Potato,Hosur Red,Local,5500,6000,5750,08/09/2026
Tamil Nadu,Ranipet,Ranipettai(Uzhavar Sandhai ),Sweet Potato,Hosur Red,Local,6000,6000,6000,08/09/2026
Tamil Nadu,Thirunelveli,Melapalayam(Uzhavar Sandhai ),Sweet Potato,Hosur Red,Local,5500,6000,5750,08/09/2026
Tamil Nadu,Thiruvannamalai,Chengam(Uzhavar Sandhai ),Sweet Potato,Hosur Red,Local,3300,4000,3650,08/09/2026
Tamil Nadu,Thiruvannamalai,Tamarainagar(Uzhavar Sandhai ),Sweet Potato,Hosur Red,Local,3000,3500,3250,08/09/2026
Tamil Nadu,Salem,Attayampatti(Uzhavar Sandhai ),Sweet Potato,Hosur Red,Local,4000,5000,4500,08/09/2026
Tamil Nadu,Salem,Hasthampatti(Uzhavar Sandhai ),Sweet Potato,Hosur Red,Local,4500,5000,4750,08/09/2026
Tamil Nadu,Krishnagiri,Krishnagiri(Uzhavar Sandhai ),Sweet Potato,Hosur Red,Local,2500,2800,2650,08/09/2026
Tamil Nadu,Vellore,Katpadi (Uzhavar Sandhai ),Sweet Potato,Hosur Red,Local,3500,3500,3500,08/09/2026
Tamil Nadu,Nagercoil (Kannyiakumari),Vadaseri APMC,Sweet Potato,Hosur Red,Local,3500,4000,3750,08/09/2026
Tamil Nadu,Dharmapuri,Pennagaram(Uzhavar Sandhai ),Sweet Potato,Hosur Red,Local,2500,3000,2750,08/09/2026
Tamil Nadu,Krishnagiri,Hosur(Uzhavar Sandhai ),Sweet Potato,Hosur Red,Local,3500,4000,3750,08/09/2026
Tamil Nadu,Thiruchirappalli,Lalgudi(Uzhavar Sandhai ),Sweet Potato,Hosur Red,Local,6000,6000,6000,08/09/2026
Tamil Nadu,Chengalpattu,Pallavaram(Uzhavar Sandhai ),Sweet Potato,Hosur Red,Local,5000,6000,5500,08/09/2026
Tamil Nadu,Perambalur,Perambalur(Uzhavar Sandhai ),Sweet Potato,Hosur Red,Local,6000,6400,6200,08/09/2026
Tamil Nadu,Salem,Ammapet(Uzhavar Sandhai ),Sweet Potato,Hosur Red,Local,4500,5000,4750,08/09/2026
Tamil Nadu,Thirunelveli,Palayamkottai(Uzhavar Sandhai ),Sweet Potato,Hosur Red,Local,5500,6000,5750,08/09/2026
Tamil Nadu,Thirupur,Tiruppur (North) (Uzhavar Sandhai ),Sweet Potato,Hosur Red,Local,3500,4000,3750,08/09/2026
Madhya Pradesh,Mandsaur,Mandsaur(F&V) APMC,Potato,Other,Grade A,610,1240,1020,08/09/2026
Madhya Pradesh,Ujjain,Ujjain APMC,Potato,Potato,FAQ,200,850,850,08/09/2026
Madhya Pradesh,Hoshangabad,Hoshangabad(F&V) APMC,Potato,Potato,FAQ,460,880,550,08/09/2026
Madhya Pradesh,Khandwa,Khargone(F&V) APMC,Potato,Potato,Medium,700,1200,1000,08/09/2026
Madhya Pradesh,Dhar,Kukshi(F&V) APMC,Potato,Potato,Grade A,700,1100,900,08/09/2026
Madhya Pradesh,Khandwa,Sanawad(F&V) APMC,Potato,Desi,Medium,1000,1200,1100,08/09/2026
Madhya Pradesh,Indore,Indore APMC,Potato,Local,FAQ,800,800,800,08/09/2026
Madhya Pradesh,Khandwa,Khandwa(F&V) APMC,Potato,Potato,FAQ,350,800,500,08/09/2026
Madhya Pradesh,Guna,Guna(F&V) APMC,Potato,Other,Grade B,600,700,650,08/09/2026
Madhya Pradesh,Shivpuri,Shivpuri(F&V) APMC,Potato,Other,Grade B,700,700,700,08/09/2026
Madhya Pradesh,Indore,Indore APMC,Potato,Local,Non-FAQ,1023,1023,1023,08/09/2026
Madhya Pradesh,Gwalior,Lashkar(F&V) APMC,Potato,Local,Grade B,600,800,700,08/09/2026
Madhya Pradesh,Hoshangabad,Itarsi(F&V) APMC,Potato,Potato,FAQ,900,1000,900,08/09/2026
Madhya Pradesh,Sagar,Devri(F&V) APMC,Potato,Potato,Grade B,735,735,735,08/09/2026
Madhya Pradesh,Shivpuri,Karera(F&V) APMC,Potato,Potato,Local,500,1500,800,08/09/2026
Madhya Pradesh,Hoshangabad,Pipariya(F&V) APMC,Potato,Potato,Local,600,1400,1000,08/09/2026
Madhya Pradesh,Morena,Porsa APMC,Potato,Potato,FAQ,600,600,600,08/09/2026
Madhya Pradesh,Guna,Aaron(F&V) APMC,Potato,Local,Local,940,1000,960,08/09/2026
Madhya Pradesh,Ujjain,Ujjain APMC,Potato,Potato,Non-FAQ,382.17,757.59,757.59,08/09/2026
Madhya Pradesh,Burhanpur,Burhanpur(F&V) APMC,Potato,Local,Local,400,800,650,08/09/2026
Madhya Pradesh,Sagar,Sagar(F&V) APMC,Potato,Local,Local,600,800,700,08/09/2026
Madhya Pradesh,Satna,Maihar(F&V) APMC,Potato,Potato,Local,650,650,650,08/09/2026
Madhya Pradesh,Indore,Sanwer(F&V) APMC,Potato,Potato,FAQ,800,1300,1100,08/09/2026
Madhya Pradesh,Dewas,Dewas(F&V) APMC,Potato,Other,FAQ,400,1400,700,08/09/2026
Madhya Pradesh,Morena,Kailaras APMC,Potato,Other,FAQ,1050,1100,1100,08/09/2026
Madhya Pradesh,Katni,Katni(F&V) APMC,Potato,Other,Grade C,440,450,445,08/09/2026
Madhya Pradesh,Betul,Betul(F&V) APMC,Potato,Desi,FAQ,900,1400,1200,08/09/2026
Maharashtra,Pune,APMC Pune ,Potato,Local,Local,700,1500,1100,08/09/2026
Maharashtra,Nagpur,APMC Hingna,Potato,Local,Local,1300,1500,1366,08/09/2026
Maharashtra,Pune,Pune(Khadiki) ,Potato,Local,Local,800,1200,1000,08/09/2026
Maharashtra,Satara,APMC Vai ,Potato,Local,Local,1500,1800,1650,08/09/2026
Maharashtra,Akola,APMC Akola ,Potato,Other,Local,500,1100,900,08/09/2026
Maharashtra,Amarawati,Amrawati(Frui & Veg. Market) ,Potato,Local,Local,700,1400,1050,08/09/2026
Maharashtra,Mumbai,Mumbai-Onion & Potato Market ,Potato,Other,Local,700,1300,1000,08/09/2026
Maharashtra,Nagpur,APMC Nagpur ,Potato,Local,Local,800,1100,1025,08/09/2026
Maharashtra,Ahilyanagar,APMC Rahata ,Potato,Other,Local,500,1200,850,08/09/2026
Maharashtra,Jalgaon,APMC Jalgaon ,Potato,Other,Local,500,1000,700,08/09/2026
Maharashtra,Pune,APMC Khed ,Potato,Other,Local,1000,1500,1250,08/09/2026
Maharashtra,Ahilyanagar,APMC Ahilyanagar ,Potato,Other,Local,700,1800,1250,08/09/2026
Maharashtra,Nashik,APMC Nasik ,Potato,Other,Local,750,1350,900,08/09/2026
Maharashtra,Pune,Pune(Manjri) ,Potato,Other,Local,1500,2000,1800,08/09/2026
Maharashtra,Nagpur,APMC Kamthi ,Potato,Local,Local,2000,2500,2450,08/09/2026
Maharashtra,Kolhapur,APMC Vadgaonpeth ,Potato,Local,Local,1400,1800,1600,08/09/2026
Maharashtra,Satara,APMC Satara ,Potato,Other,Local,1000,1400,1200,08/09/2026
Maharashtra,Satara,APMC Vaduj ,Potato,Local,Local,1400,1500,1450,08/09/2026
Maharashtra,Solapur,APMC Solapur ,Potato,Local,Local,900,1250,1000,08/09/2026
Maharashtra,Pune,Pune(Moshi) ,Potato,Local,Local,1200,1200,1200,08/09/2026
Maharashtra,Chattrapati Sambhajinagar,APMC Chattrapati Sambhajinagar ,Potato,Other,Local,650,1200,925,08/09/2026
Maharashtra,Jalgaon,APMC Bhusaval ,Potato,Other,Local,1000,1500,1200,08/09/2026
Maharashtra,Mumbai,APMC Mumbai ,Sweet Potato,Other,Local,1600,3000,2300,08/09/2026
Maharashtra,Pune,Pune(Moshi) ,Sweet Potato,Other,Local,2500,2500,2500,08/09/2026
Maharashtra,Pune,APMC Pune ,Sweet Potato,Other,Local,2000,4000,3000,08/09/2026
Uttar Pradesh,Bijnor,Kiratpur APMC,Potato,Other,FAQ,800,800,800,08/09/2026
Uttar Pradesh,Farukhabad,Mohamadabad APMC,Potato,Other,FAQ,550,550,550,08/09/2026
Uttar Pradesh,Lakhimpur,Paliakala APMC,Potato,Other,FAQ,700,2000,845.91,08/09/2026
Uttar Pradesh,Badaun,Shahaswan APMC,Potato,Other,FAQ,600,600,600,08/09/2026
Uttar Pradesh,Hathras,Shadabad APMC,Potato,Other,FAQ,500,500,500,08/09/2026
Uttar Pradesh,Barabanki,Safdarganj APMC,Potato,Other,FAQ,580,580,580,08/09/2026
Uttar Pradesh,Raebarelli,Salon APMC,Potato,Other,FAQ,600,600,600,08/09/2026
Uttar Pradesh,Shahjahanpur,Tilhar APMC,Potato,Other,FAQ,500,500,500,08/09/2026
Uttar Pradesh,Hardoi,Sandi APMC,Potato,Other,FAQ,600,600,600,08/09/2026
Uttar Pradesh,Hardoi,Shahabad(New Mandi) APMC,Potato,Other,FAQ,550,550,550,08/09/2026
Uttar Pradesh,Sambhal,Muradabad APMC,Potato,Other,FAQ,700,740,702.86,08/09/2026
Uttar Pradesh,Kannuj,Kannauj APMC,Potato,Other,FAQ,550,560,550.16,08/09/2026
Uttar Pradesh,Hardoi,Hardoi APMC,Potato,Other,FAQ,600,600,600,08/09/2026
Uttar Pradesh,Shahjahanpur,Meeranpur Katra APMC,Potato,Other,FAQ,550,550,550,08/09/2026
Uttar Pradesh,Etawah,Bharthna APMC,Potato,Other,FAQ,500,500,500,08/09/2026
Uttar Pradesh,Farukhabad,Farukhabad APMC,Potato,Other,FAQ,550,850,559.27,08/09/2026
Uttar Pradesh,Mainpuri,Bewar APMC,Potato,Other,FAQ,500,500,500,08/09/2026
Uttar Pradesh,Lucknow,Lucknow APMC,Potato,Other,FAQ,700,700,700,08/09/2026
Uttar Pradesh,Baghpat,Baraut APMC,Potato,Other,FAQ,1000,1000,1000,08/09/2026
Uttar Pradesh,Badaun,Badayoun APMC,Potato,Other,FAQ,550,550,550,08/09/2026
Uttar Pradesh,Badaun,Islam Nagar APMC,Potato,Other,FAQ,500,550,503.18,08/09/2026
Uttar Pradesh,Bulandshahar,Jahangirabad APMC,Potato,Other,FAQ,700,700,700,08/09/2026
Uttar Pradesh,Mathura,Kosikalan APMC,Potato,Other,FAQ,600,800,766.67,08/09/2026
Uttar Pradesh,Bulandshahar,Khurja APMC,Potato,Other,FAQ,700,700,700,08/09/2026
Uttar Pradesh,Muzaffarnagar,Muzzafarnagar APMC,Potato,Other,FAQ,1000,1000,1000,08/09/2026
Uttar Pradesh,Shamli,Shamli APMC,Potato,Other,FAQ,800,1100,949.4,08/09/2026
Uttar Pradesh,Firozabad,Sirsaganj APMC,Potato,Other,FAQ,500,600,502.18,08/09/2026
Uttar Pradesh,Hardoi,Sandila APMC,Potato,Other,FAQ,600,600,600,08/09/2026
Uttar Pradesh,Saharanpur,Saharanpur APMC,Potato,Other,FAQ,600,800,694.16,08/09/2026
Uttar Pradesh,Etawah,Etawah APMC,Potato,Other,FAQ,500,550,503.71,08/09/2026
Uttar Pradesh,Kanpur,Kanpur(Grain) APMC,Potato,Other,FAQ,550,550,550,08/09/2026
Uttar Pradesh,Lakhimpur,Lakhimpur APMC,Potato,Other,FAQ,1120,1220,1198.95,08/09/2026
Uttar Pradesh,Sitapur,Sitapur APMC,Potato,Other,FAQ,500,500,500,08/09/2026
Uttar Pradesh,Raebarelli,Lalganj APMC,Potato,Other,FAQ,600,1100,821.34,08/09/2026
Uttar Pradesh,Saharanpur,Gangoh APMC,Potato,Other,FAQ,600,600,600,08/09/2026
Uttar Pradesh,Auraiya,Dibiapur APMC,Potato,Other,FAQ,600,600,600,08/09/2026
Uttar Pradesh,Shahjahanpur,Jalalabad APMC,Potato,Other,FAQ,500,500,500,08/09/2026
Uttar Pradesh,Shamli,Kairana APMC,Potato,Other,FAQ,700,700,700,08/09/2026
Uttar Pradesh,Agra,Agra APMC,Potato,Other,FAQ,500,1100,558.49,08/09/2026
Uttar Pradesh,Bulandshahar,Buland Shahr APMC,Potato,Other,FAQ,800,800,800,08/09/2026
Uttar Pradesh,Badaun,Babrala APMC,Potato,Other,FAQ,600,600,600,08/09/2026
Uttar Pradesh,Farukhabad,Kayamganj APMC,Potato,Other,FAQ,550,550,550,08/09/2026
Uttar Pradesh,Auraiya,Auraiya APMC,Potato,Other,FAQ,500,800,546.3,08/09/2026
Uttar Pradesh,Saharanpur,Rampurmaniharan APMC,Potato,Other,FAQ,1000,1200,1140,08/09/2026
Uttar Pradesh,Baghpat,Khekda APMC,Potato,Other,FAQ,800,1200,933.33,08/09/2026
Uttar Pradesh,Kanpur Dehat,Rura APMC,Potato,Other,FAQ,650,650,650,08/09/2026
Uttar Pradesh,Bulandshahar,Sikarpur APMC,Potato,Other,FAQ,650,650,650,08/09/2026
Uttar Pradesh,Badaun,Bisoli APMC,Potato,Other,FAQ,600,605,600.23,08/09/2026
Uttar Pradesh,Ghazipur,Yusufpur APMC,Potato,Other,FAQ,600,600,600,08/09/2026
Uttar Pradesh,Sitapur,Mishrit APMC,Potato,Other,FAQ,700,700,700,08/09/2026
Uttar Pradesh,Muzaffarnagar,Khatauli APMC,Potato,Other,FAQ,600,1060,966.05,08/09/2026
Uttar Pradesh,Aligarh,Atrauli APMC,Potato,Other,FAQ,600,700,609.37,08/09/2026
Uttar Pradesh,Kasganj,Kasganj APMC,Potato,Other,FAQ,600,613.34,600.33,08/09/2026
Uttar Pradesh,Barabanki,Barabanki APMC,Potato,Other,FAQ,600,750,605.15,08/09/2026
Uttar Pradesh,Badaun,Bilsi APMC,Potato,Other,FAQ,550,550,550,08/09/2026
Uttar Pradesh,Sambhal,Chandausi APMC,Potato,Other,FAQ,600,600,600,08/09/2026
Uttar Pradesh,Fatehpur,Khaga APMC,Potato,Other,FAQ,500,500,500,08/09/2026
Uttar Pradesh,Farukhabad,Kamlaganj APMC,Potato,Other,FAQ,550,550,550,08/09/2026
Uttar Pradesh,Amroha,Hasanpur APMC,Potato,Other,FAQ,600,600,600,08/09/2026
Uttar Pradesh,Sambhal,Sambhal APMC,Potato,Other,FAQ,600,600,600,08/09/2026
Uttar Pradesh,Agra,Fatehabad APMC,Potato,Other,FAQ,500,500,500,08/09/2026
Uttar Pradesh,Meerut,Meerut APMC,Potato,Other,FAQ,1000,1000,1000,08/09/2026
Uttar Pradesh,Firozabad,Firozabad APMC,Potato,Other,FAQ,500,500,500,08/09/2026
Uttar Pradesh,Etah,Etah APMC,Potato,Other,FAQ,600,600,600,08/09/2026
Uttar Pradesh,Fatehpur,Fatehpur APMC,Potato,Other,FAQ,700,715,703.68,08/09/2026
Uttar Pradesh,Aligarh,Aligarh APMC,Potato,Other,FAQ,500,500,500,08/09/2026
Uttar Pradesh,Mainpuri,Ghiraur APMC,Potato,Other,FAQ,500,500,500,08/09/2026
Uttar Pradesh,Aligarh,Khair APMC,Potato,Other,FAQ,500,500,500,08/09/2026
Uttar Pradesh,Etah,Awagarh APMC,Potato,Other,FAQ,500,500,500,08/09/2026
Uttar Pradesh,Kanpur,Choubepur APMC,Potato,Other,FAQ,550,550,550,08/09/2026
Uttar Pradesh,Kannuj,Chhibramau APMC,Potato,Other,FAQ,550,600,554.2,08/09/2026
Uttar Pradesh,Bulandshahar,Divai APMC,Potato,Other,FAQ,500,500,500,08/09/2026
Uttar Pradesh,Hardoi,Madhoganj APMC,Potato,Other,FAQ,600,600,600,08/09/2026
Uttar Pradesh,Sitapur,Mehmoodabad APMC,Potato,Other,FAQ,600,600,600,08/09/2026
Uttar Pradesh,Prayagraj,Prayagraj APMC,Potato,Other,FAQ,700,700,700,08/09/2026
Uttar Pradesh,Firozabad,Shikohabad APMC,Potato,Other,FAQ,500,500,500,08/09/2026
Uttar Pradesh,Badaun,Ujhani APMC,Potato,Other,FAQ,550,700,592.14,08/09/2026
Uttar Pradesh,Kanpur,Uttaripura APMC,Potato,Other,FAQ,550,550,550,08/09/2026
Uttar Pradesh,Sambhal,Bhehjoi APMC,Potato,Other,FAQ,600,600,600,08/09/2026
Uttar Pradesh,Bareilly,Bareilly APMC,Potato,Other,FAQ,500,500,500,08/09/2026
Uttar Pradesh,Unnao,Bangarmau APMC,Potato,Other,FAQ,700,700,700,08/09/2026
Uttar Pradesh,Meerut,Mawana APMC,Potato,Other,FAQ,600,700,626.32,08/09/2026
Uttar Pradesh,Bulandshahar,Sikanderabad APMC,Potato,Other,FAQ,700,900,795.7,08/09/2026
Uttar Pradesh,Shahjahanpur,Shahjahanpur APMC,Potato,Other,FAQ,600,600,600,08/09/2026
Uttar Pradesh,Varanasi,Varanasi APMC,Potato,Other,FAQ,800,800,800,08/09/2026
Uttar Pradesh,Ghaziabad,Hapur APMC,Potato,Other,FAQ,450,450,450,08/09/2026
Uttar Pradesh,Hathras,Haathras APMC,Potato,Other,FAQ,500,1100,525.21,08/09/2026
Uttar Pradesh,Mathura,Mathura APMC,Potato,Other,FAQ,500,700,594.74,08/09/2026
Uttar Pradesh,Gonda,Nawabganj APMC,Potato,Other,FAQ,700,700,700,08/09/2026
Uttar Pradesh,Rampur,Rampur APMC,Potato,Other,FAQ,500,500,500,08/09/2026
Uttar Pradesh,Hathras,Sikandraraau APMC,Potato,Other,FAQ,500,500,500,08/09/2026
Uttar Pradesh,Amethi,Sultanpur APMC,Potato,Other,FAQ,1000,1000,1000,08/09/2026
Uttar Pradesh,Firozabad,Tundla APMC,Potato,Other,FAQ,500,500,500,08/09/2026
Uttar Pradesh,Badaun,Wazirganj APMC,Potato,Other,FAQ,600,620,601.48,08/09/2026
Uttar Pradesh,Sambhal,Bhehjoi APMC,Potato,Desi,Local,600,610,605,08/09/2026
Uttar Pradesh,Prayagraj,Ajuha APMC,Potato,Other,FAQ,400,400,400,08/09/2026
Uttar Pradesh,Shahjahanpur,Powayan APMC,Potato,Other,FAQ,600,1100,888.59,08/09/2026
Uttar Pradesh,Agra,Fatehpur Sikri APMC,Potato,Other,FAQ,550,550,550,08/09/2026
Uttar Pradesh,Shamli,Khandhla APMC,Potato,Other,FAQ,850,850,850,08/09/2026
Uttar Pradesh,Agra,Samsabad APMC,Potato,Other,FAQ,500,500,500,08/09/2026
Uttar Pradesh,Agra,Khairagarh APMC,Potato,Desi,FAQ,500,600,550,08/09/2026
Uttar Pradesh,Agra,Khairagarh APMC,Potato,Other,FAQ,500,500,500,08/09/2026
Uttar Pradesh,Banda,Banda APMC,Potato,Other,FAQ,600,600,600,08/09/2026
Uttar Pradesh,Auraiya,Achalda APMC,Potato,Other,FAQ,500,500,500,08/09/2026
Uttar Pradesh,Badaun,Babrala APMC,Potato,Desi,Medium,580,600,590,08/09/2026
Uttar Pradesh,Etawah,Jasvantnagar APMC,Potato,Other,FAQ,500,500,500,08/09/2026
Uttar Pradesh,Mainpuri,Mainpuri APMC,Potato,Other,FAQ,500,500,500,08/09/2026
Rajasthan,Jodhpur,Jodhpur (F&V) APMC,Potato,Potato,Medium,400,700,500,08/09/2026
Rajasthan,Sikar,Sikar APMC,Potato,Other,FAQ,700,700,700,08/09/2026
Rajasthan,Jaipur,Jaipur (F&V) APMC,Potato,Other,FAQ,400,800,600,08/09/2026
Rajasthan,Hanumangarh,Bhadara APMC,Potato,Other,FAQ,800,900,864,08/09/2026
Rajasthan,Ajmer,Ajmer(F&V) APMC,Potato,Other,Medium,700,1000,800,08/09/2026
Rajasthan,Churu,Churu APMC,Potato,Red Nanital,FAQ,900,1100,1000,08/09/2026
Rajasthan,Bharatpur,Bayana APMC,Potato,Other,Local,1200,1200,1200,08/09/2026
Rajasthan,Churu,Sujangarh APMC,Potato,Other,Local,700,900,800,08/09/2026
Rajasthan,Hanumangarh,Rawatsar APMC,Potato,Red Nanital,FAQ,500,2500,800,08/09/2026
Rajasthan,Ganganagar,Sriganganagar (F&V) APMC,Potato,Desi,Grade B,800,1200,1000,08/09/2026
Rajasthan,Bhilwara,Bhilwara APMC,Potato,Other,FAQ,900,1100,1000,08/09/2026
Rajasthan,Jaipur,Bassi APMC,Potato,Other,Local,1800,2200,2000,08/09/2026
Rajasthan,Udaipur,Udaipur (F&V) APMC,Potato,Other,Medium,400,900,650,08/09/2026
Rajasthan,Rajsamand,Rajsamand APMC,Potato,Potato,FAQ,1000,1200,1100,08/09/2026
Rajasthan,Jaisalmer,Jaisalmer APMC,Potato,Potato,Grade A,900,1100,1000,08/09/2026
Rajasthan,Hanumangarh,Sangriya APMC,Potato,Potato,Local,400,1000,600,08/09/2026
Rajasthan,Udaipur,Udaipur (F&V) APMC,Sweet Potato,Other,Medium,5500,5500,5500,08/09/2026
Karnataka,Shivamogga,Shimoga APMC,Potato,Potato,Local,1600,2600,2000,08/09/2026
Karnataka,Dharwad,APMC Hubballi,Potato,Potato,Local,1300,1700,1500,08/09/2026
Karnataka,Bengaluru Rural,Doddaballapur APMC,Potato,Local,Medium,1800,2200,2000,08/09/2026
Karnataka,Kolar,Bangarpet APMC,Potato,Local,Local,1000,2300,1500,08/09/2026
Karnataka,Bengaluru,Bengaluru APMC,Potato,Potato,Medium,1000,2200,1800,08/09/2026
Karnataka,Bengaluru,Bengaluru APMC,Potato,Local,Medium,1000,2400,2000,08/09/2026
Karnataka,Kalaburagi,Kalaburagi APMC,Potato,Potato,Local,1000,1200,1100,08/09/2026
Karnataka,Bengaluru,Binny Mill (FF&V) Bengaluru APMC,Sweet Potato,Sweet Potato,Local,2800,3200,3000,08/09/2026
Gujarat,Navsari,Navsari APMC,Potato,Potato,Grade A,500,1750,1125,08/09/2026
Gujarat,Mehsana,Mehsana(Mehsana Veg) APMC,Potato,Potato,Local,500,1500,1100,08/09/2026
Gujarat,Anand,Khambhat(Veg Yard Khambhat) APMC,Potato,Desi,Local,1000,2000,1500,08/09/2026
Gujarat,Surendranagar,Vadhvan APMC,Potato,Potato,Medium,1500,2000,1750,08/09/2026
Gujarat,Bharuch,Bharuch APMC,Potato,Other,Local,1000,1700,1200,08/09/2026
Gujarat,Dahod,Dahod(Veg. Market) APMC,Potato,Potato,Local,800,1100,1000,08/09/2026
Gujarat,Surat,Surat APMC,Potato,Other,FAQ,600,1700,1150,08/09/2026
Gujarat,Mehsana,Vijapur(Vegetable) APMC,Potato,Other,Grade A,600,800,750,08/09/2026
Gujarat,Bhavnagar,Palitana APMC,Potato,Potato,Medium,1700,2900,2300,08/09/2026
Gujarat,Kachchh,Bhuj APMC,Potato,Desi,FAQ,1000,1800,1400,08/09/2026
Gujarat,Rajkot,Gondal(Veg.market Gondal) APMC,Potato,Potato,Local,750,1300,1025,08/09/2026
Gujarat,Rajkot,Rajkot(Veg.Sub Yard) APMC,Potato,Potato,FAQ,455,1470,960,08/09/2026
Gujarat,Navsari,Bilimora APMC,Potato,Other,FAQ,1400,1800,1600,08/09/2026
Gujarat,Kheda,Kapadvanj APMC,Potato,Potato,Medium,600,1300,950,08/09/2026
Gujarat,Sabarkantha,Himatnagar(Veg.Market Himatnagar) APMC,Potato,Potato,Local,1000,1500,1320,08/09/2026
Gujarat,Anand,"Anand(Veg,Yard,Anand) APMC",Potato,Potato,Grade B,1000,1100,1050,08/09/2026
Gujarat,Surat,Surat APMC,Sweet Potato,Other,FAQ,4000,5000,4500,08/09/2026
Haryana,Mahendragarh-Narnaul,Mohindergarh APMC,Potato,Potato,Medium,700,700,700,08/09/2026
Haryana,Yamuna Nagar,Chhachrauli APMC,Potato,Potato,Local,800,800,800,08/09/2026
Haryana,Hissar,Uklana APMC,Potato,Potato,Medium,800,800,800,08/09/2026
Haryana,Mewat,Nuh APMC,Potato,Other,Local,700,1000,900,08/09/2026
Haryana,Fatehabad,Ratia APMC,Potato,Other,Grade A,600,630,615,08/09/2026
Haryana,Jhajar,Jhajjar APMC,Potato,Other,Medium,1100,1100,1100,08/09/2026
Haryana,Kaithal,Kaithal APMC,Potato,Other,FAQ,816,816,816,08/09/2026
Haryana,Panchkula,Raipur Rani APMC,Potato,Potato,Local,750,900,750,08/09/2026
Haryana,Fatehabad,Jakhal APMC,Potato,Other,Non-FAQ,600,700,700,08/09/2026
Haryana,Mewat,FerozpurZirkha(Nagina) APMC,Potato,Other,Local,1400,1800,1600,08/09/2026
Haryana,Gurgaon,Sohna APMC,Potato,Potato,Local,1000,1000,1000,08/09/2026
Haryana,Hissar,Hansi APMC,Potato,Other,FAQ,1000,4000,1000,08/09/2026
Haryana,Karnal,Tarori APMC,Potato,Desi,Medium,1000,1500,1200,08/09/2026
Haryana,Mahendragarh-Narnaul,Narnaul APMC,Potato,Potato,Medium,800,1000,900,08/09/2026
Haryana,Jhajar,Bahadurgarh APMC,Potato,Other,FAQ,800,1100,900,08/09/2026
Haryana,Panipat,Panipat APMC,Potato,Potato,Local,600,1200,900,08/09/2026
Haryana,Yamuna Nagar,Mustafabad APMC,Potato,Potato,FAQ,800,900,900,08/09/2026
Haryana,Yamuna Nagar,Sadhaura APMC,Potato,Potato,Local,700,900,800,08/09/2026
Haryana,Gurgaon,Farukh Nagar APMC,Potato,Other,Medium,900,1100,1000,08/09/2026
Haryana,Kaithal,Siwan APMC,Potato,Other,FAQ,1400,1550,1500,08/09/2026
Haryana,Panipat,Madlauda APMC,Potato,Potato,FAQ,800,800,800,08/09/2026
Haryana,Sonipat,Gohana APMC,Potato,Other,Medium,1000,1600,1200,08/09/2026
Haryana,Yamuna Nagar,Jagadhri APMC,Potato,Potato,FAQ,560,700,600,08/09/2026
Haryana,Ambala,Shahzadpur APMC,Potato,Potato,FAQ,600,1200,600,08/09/2026
Haryana,Karnal,Gharaunda APMC,Potato,Other,Local,1000,1200,1200,08/09/2026
Haryana,Karnal,Indri APMC,Potato,Potato,FAQ,1000,1000,1000,08/09/2026
Haryana,Hissar,Barwala(Hisar) APMC,Potato,Potato,Local,800,1000,900,08/09/2026
Haryana,Kaithal,Dhand APMC,Potato,Other,Medium,1000,1100,1090,08/09/2026
Haryana,Palwal,Hodal APMC,Potato,Potato,FAQ,600,800,700,08/09/2026
Haryana,Rewari,Rewari APMC,Potato,Other,Medium,800,1600,1200,08/09/2026
Haryana,Palwal,Palwal APMC,Potato,Potato,FAQ,800,800,800,08/09/2026
Haryana,Kaithal,Pundri APMC,Potato,Other,FAQ,600,700,650,08/09/2026
Haryana,Sonipat,Sonepat APMC,Potato,Other,FAQ,1100,1300,1200,08/09/2026
Haryana,Jind,Narwana APMC,Potato,Potato,Non-FAQ,600,600,600,08/09/2026
Haryana,Panchkula,Barwala APMC,Potato,Local,FAQ,700,1200,950,08/09/2026
Haryana,Panipat,Samalkha APMC,Potato,Desi,FAQ,1200,1200,1200,08/09/2026
Haryana,Kurukshetra,Shahabad APMC,Potato,Potato,Medium,500,700,540,08/09/2026
Haryana,Sonipat,Ganaur APMC,Potato,Potato,FAQ,1000,1500,1200,08/09/2026
Haryana,Kaithal,Cheeka APMC,Potato,Other,FAQ,700,800,750,08/09/2026
Haryana,Fatehabad,Fatehabad APMC,Potato,Potato,Local,800,800,800,08/09/2026
Haryana,Kurukshetra,Thanesar APMC,Potato,Potato,Medium,700,3000,1900,08/09/2026
Haryana,Rohtak,Meham,Potato,Potato,Medium,900,1000,950,08/09/2026
Haryana,Sonipat,Kharkhoda APMC,Potato,Other,FAQ,1000,1200,1120,08/09/2026
Haryana,Kurukshetra,Ladwa APMC,Potato,Red Nanital,Non-FAQ,1800,2500,2500,08/09/2026
Haryana,Rohtak,Sampla APMC,Potato,Other,Local,1200,1200,1200,08/09/2026
Haryana,Rohtak,Rohtak APMC,Potato,Other,Medium,600,1000,800,08/09/2026
Haryana,Ambala,Naraingarh APMC,Potato,Potato,Medium,400,800,650,08/09/2026
Haryana,Faridabad,Ballabhgarh APMC,Potato,Potato,FAQ,500,900,800,08/09/2026
Punjab,Hoshiarpur,Garh Shankar(Mahalpur) APMC,Potato,Potato,FAQ,700,700,700,08/09/2026
Punjab,Gurdaspur,Quadian APMC,Potato,Other,Grade A,400,600,500,08/09/2026
Punjab,Hoshiarpur,GarhShankar (Kotfatuhi) APMC,Potato,Other,FAQ,1000,1000,1000,08/09/2026
Punjab,Mohali,Dera Bassi APMC,Potato,Potato,Local,1400,1400,1400,08/09/2026
Punjab,Patiala,Patran APMC,Potato,Other,Grade A,400,400,400,08/09/2026
Punjab,Mohali,Kharar APMC,Potato,Potato,Non-FAQ,700,900,800,08/09/2026
Punjab,Fatehgarh,Bassi Pathana APMC,Potato,Potato,Medium,1000,1200,1100,08/09/2026
Punjab,Kapurthala,Kapurthala APMC,Potato,Potato,Local,400,600,500,08/09/2026
Punjab,Mansa,Mansa APMC,Potato,Other,FAQ,940,940,940,08/09/2026
Punjab,Ferozpur,Ferozepur Cantt. APMC,Potato,Local,Grade A,400,500,450,08/09/2026
Punjab,Ludhiana,Raikot APMC,Potato,Badshah,Grade A,650,650,650,08/09/2026
Punjab,Bhatinda,Bhagta Bhai Ka APMC,Potato,Other,Medium,800,800,800,08/09/2026
Punjab,Fazilka,Fazilka APMC,Potato,Potato,FAQ,900,900,900,08/09/2026
Punjab,Ludhiana,Jagraon APMC,Potato,Other,FAQ,230,230,230,08/09/2026
Punjab,Ludhiana,Khanna APMC,Potato,Local,Grade A,500,500,500,08/09/2026
Punjab,Bhatinda,Bhucho APMC,Potato,Local,Local,700,700,700,08/09/2026
Punjab,Moga,Baghapurana APMC,Potato,Potato,Grade B,600,800,700,08/09/2026
Punjab,Muktsar,Malout APMC,Potato,Potato,Grade A,500,500,500,08/09/2026
Punjab,Patiala,Nabha APMC,Potato,Other,Grade C,350,600,480,08/09/2026
Punjab,Nawanshahr,Balachaur APMC,Potato,Other,Medium,600,800,700,08/09/2026
Punjab,Mohali,Lalru APMC,Potato,Other,Local,850,850,850,08/09/2026
Punjab,Jalandhar,Adampur APMC,Potato,Local,FAQ,500,600,600,08/09/2026
Punjab,Jalandhar,Goraya APMC,Potato,Other,Local,800,800,800,08/09/2026
Punjab,Jalandhar,Lohian Khas APMC,Potato,Other,Local,300,500,400,08/09/2026
Punjab,Moga,Nihal Singh Wala APMC,Potato,Potato,FAQ,650,650,650,08/09/2026
Punjab,Hoshiarpur,Mukerian APMC,Potato,Potato,Local,1000,1200,1100,08/09/2026
Punjab,Ferozpur,Zira APMC,Potato,Other,Local,700,700,700,08/09/2026
Punjab,Sangrur,Ahmedgarh APMC,Potato,Local,Medium,350,380,380,08/09/2026
Punjab,Bhatinda,Bathinda APMC,Potato,Other,Grade B,700,850,750,08/09/2026
Punjab,Faridkot,Kotkapura APMC,Potato,Red,FAQ,1000,2000,1500,08/09/2026
Punjab,Hoshiarpur,Tanda Urmur APMC,Potato,Local,Grade A,1000,1200,1100,08/09/2026
Punjab,Ludhiana,Doraha APMC,Potato,Desi,Local,250,700,500,08/09/2026
Punjab,Gurdaspur,F.G.Churian APMC,Potato,Potato,Grade A,1000,1000,1000,08/09/2026
Punjab,Patiala,Rajpura APMC,Potato,Local,Grade A,790,900,850,08/09/2026
Punjab,Sangrur,Dhuri APMC,Potato,Other,Medium,580,650,600,08/09/2026
Punjab,Sangrur,Malerkotla APMC,Potato,Other,Local,300,600,500,08/09/2026
Punjab,Tarntaran,Patti APMC,Potato,Potato,Local,0.05,0.05,0.05,08/09/2026
Punjab,Fatehgarh,Khamano APMC,Potato,Potato,FAQ,1000,1000,1000,08/09/2026
Punjab,Bhatinda,Raman APMC,Potato,Other,Medium,505,595,560,08/09/2026
Punjab,Bhatinda,Maur APMC,Potato,Other,Grade B,650,750,700,08/09/2026
Punjab,Jalandhar,Jalandhar City(Jalandhar) APMC,Potato,Other,FAQ,100,660,400,08/09/2026
Punjab,Gurdaspur,Dinanagar APMC,Potato,Potato,Medium,1000,1200,1100,08/09/2026
Punjab,Hoshiarpur,Dasuya APMC,Potato,Potato,FAQ,1000,1000,1000,08/09/2026
Punjab,Hoshiarpur,Garh Shankar APMC,Potato,Potato,FAQ,1000,1000,1000,08/09/2026
Punjab,Bhatinda,Rampuraphul(Nabha Mandi) APMC,Potato,Other,Grade A,600,800,700,08/09/2026
Punjab,Hoshiarpur,Mukerian(Talwara) APMC,Potato,Potato,FAQ,800,1600,1200,08/09/2026
Punjab,Jalandhar,Nakodar APMC,Potato,Potato,Local,400,400,400,08/09/2026
Punjab,Muktsar,Muktsar APMC,Potato,Potato,Medium,600,1200,850,08/09/2026
Punjab,Amritsar,Rayya APMC,Potato,Other,FAQ,693,693,693,08/09/2026
Andhra Pradesh,Chittor,Palamaner APMC,Potato,Potato,FAQ,1200,1600,1400,08/09/2026
West Bengal,Dakshin Dinajpur,Balurghat APMC,Potato,Local,FAQ,580,600,590,08/09/2026
West Bengal,North 24 Parganas,Barasat APMC,Potato,Jyoti,FAQ,800,800,800,08/09/2026
West Bengal,Birbhum,Bolpur APMC,Potato,Potato,FAQ,1000,1100,1050,08/09/2026
West Bengal,Purba Bardhaman,Kalna APMC,Potato,Jyoti,FAQ,740,750,740,08/09/2026
West Bengal,Nadia,Nadia APMC,Potato,Jyoti,FAQ,750,790,770,08/09/2026
West Bengal,Hooghly,Kalipur APMC,Potato,Jyoti,FAQ,700,720,700,08/09/2026
West Bengal,Purba Bardhaman,Guskara APMC,Potato,Jyoti,FAQ,740,750,740,08/09/2026
West Bengal,Bankura,Bishnupur(Bankura) APMC,Potato,Jyoti,FAQ,680,760,720,08/09/2026
West Bengal,Hooghly,Pandua APMC,Potato,Jyoti,FAQ,660,740,680,08/09/2026
West Bengal,Medinipur(E),Tamluk (Medinipur E) APMC,Potato,Jyoti,FAQ,760,800,780,08/09/2026
West Bengal,Jalpaiguri,Belacoba APMC,Potato,Jyoti,FAQ,560,580,570,08/09/2026
West Bengal,Birbhum,Sainthia APMC,Potato,Potato,FAQ,1000,1100,1050,08/09/2026
West Bengal,Birbhum,Rampurhat APMC,Potato,Other,FAQ,670,690,680,08/09/2026
West Bengal,Paschim Bardhaman,Durgapur APMC,Potato,Jyoti,FAQ,730,820,780,08/09/2026
West Bengal,Coochbehar,Pundibari APMC,Potato,Jyoti,FAQ,640,660,650,08/09/2026
West Bengal,Bankura,Bankura Sadar APMC,Potato,Jyoti,FAQ,640,680,660,08/09/2026
West Bengal,Puruliya,Balarampur APMC,Potato,Other,FAQ,700,800,760,08/09/2026
West Bengal,Alipurduar,Alipurduar APMC,Potato,Jyoti,FAQ,520,580,550,08/09/2026
West Bengal,Nadia,Ranaghat APMC,Potato,Jyoti,FAQ,760,800,780,08/09/2026
West Bengal,Hooghly,Sheoraphuly APMC,Potato,Jyoti,FAQ,660,730,700,08/09/2026
West Bengal,Murshidabad,Jiaganj APMC,Potato,Local,FAQ,500,600,550,08/09/2026
West Bengal,Hooghly,Champadanga APMC,Potato,Jyoti,FAQ,740,760,740,08/09/2026
West Bengal,Bankura,Indus(Bankura Sadar) APMC,Potato,Jyoti,FAQ,630,670,650,08/09/2026
West Bengal,Nadia,Chakdah APMC,Potato,Jyoti,FAQ,750,780,760,08/09/2026
West Bengal,Kolkata,Bara Bazar (Posta Bazar) APMC,Potato,Jyoti,FAQ,880,910,900,08/09/2026
West Bengal,Medinipur(W),Medinipur(West) APMC,Potato,Jyoti,FAQ,640,670,660,08/09/2026
West Bengal,Murshidabad,Jangipur APMC,Potato,Jyoti,FAQ,1300,1400,1350,08/09/2026
West Bengal,Bankura,Khatra APMC,Potato,Jyoti,FAQ,680,760,720,08/09/2026
West Bengal,Uttar Dinajpur,Raiganj APMC,Potato,Other,FAQ,520,580,550,08/09/2026
West Bengal,Coochbehar,Baxirhat APMC,Potato,Jyoti,FAQ,550,560,555,08/09/2026
West Bengal,Darjeeling,Siliguri APMC,Potato,Jyoti,FAQ,600,640,620,08/09/2026
West Bengal,Birbhum,Birbhum APMC,Potato,Potato,FAQ,1000,1100,1050,08/09/2026
West Bengal,Dakshin Dinajpur,Gangarampur(Dakshin Dinajpur) APMC,Potato,Local,FAQ,580,600,590,08/09/2026
West Bengal,Uttar Dinajpur,Islampur APMC,Potato,Other,FAQ,520,580,550,08/09/2026
West Bengal,Jalpaiguri,Jalpaiguri Sadar APMC,Potato,Jyoti,FAQ,600,620,610,08/09/2026
West Bengal,Sounth 24 Parganas,Diamond Harbour(South 24-pgs) APMC,Potato,Jyoti,FAQ,820,860,840,08/09/2026
West Bengal,Coochbehar,Toofanganj APMC,Potato,Jyoti,FAQ,550,560,555,08/09/2026
West Bengal,North 24 Parganas,Habra APMC,Potato,Jyoti,FAQ,900,1000,900,08/09/2026
West Bengal,Purba Bardhaman,Memari APMC,Potato,Jyoti,FAQ,720,760,740,08/09/2026
West Bengal,Coochbehar,Mathabhanga APMC,Potato,Jyoti,FAQ,550,560,555,08/09/2026
West Bengal,Paschim Bardhaman,Asansol APMC,Potato,Jyoti,FAQ,740,820,780,08/09/2026
West Bengal,Jalpaiguri,Dhupguri APMC,Potato,Jyoti,FAQ,570,590,580,08/09/2026
West Bengal,Coochbehar,Dinhata APMC,Potato,Jyoti,FAQ,550,560,555,08/09/2026
West Bengal,Coochbehar,Haldibari APMC,Potato,Jyoti,FAQ,550,560,555,08/09/2026
West Bengal,Medinipur(E),Kolaghat APMC,Potato,Jyoti,FAQ,760,800,780,08/09/2026
West Bengal,Jalpaiguri,Moynaguri APMC,Potato,Jyoti,FAQ,560,580,570,08/09/2026
West Bengal,Medinipur(E),Egra/contai APMC,Potato,Jyoti,FAQ,820,850,835,08/09/2026
West Bengal,Jhargram,Jhargram APMC,Potato,Jyoti,FAQ,700,780,740,08/09/2026
West Bengal,Purba Bardhaman,Burdwan APMC,Potato,Jyoti,FAQ,760,800,780,08/09/2026
West Bengal,Puruliya,Purulia APMC,Potato,Jyoti,FAQ,700,800,750,08/09/2026
West Bengal,Malda,Samsi APMC,Potato,Local,FAQ,700,730,720,08/09/2026
West Bengal,Howrah,Uluberia APMC,Potato,Jyoti,FAQ,830,860,840,08/09/2026
West Bengal,Nadia,Karimpur APMC,Potato,Jyoti,Grade A,780,800,790,08/09/2026
West Bengal,Coochbehar,Coochbehar APMC,Potato,Jyoti,FAQ,640,660,650,08/09/2026
West Bengal,Nadia,Bethuadahari APMC,Potato,Desi,Grade A,780,800,790,08/09/2026
West Bengal,Medinipur(W),Ghatal APMC,Potato,Jyoti,FAQ,800,830,820,08/09/2026
West Bengal,Howrah,Ramkrishanpur(Howrah) APMC,Potato,Jyoti,FAQ,820,860,840,08/09/2026
West Bengal,Coochbehar,Mekhliganj APMC,Potato,Jyoti,FAQ,550,560,550,08/09/2026
Odisha,Bolangir,Bolangir APMC,Potato,Other,Medium,1400,1800,1600,08/09/2026
Odisha,Keonjhar,Keonjhar APMC,Potato,Other,Local,1400,1500,1500,08/09/2026
Odisha,Sonepur,Pandkital APMC,Potato,Other,Local,2000,2150,2100,08/09/2026
Odisha,Jagatsinghpur,Jagatsinghpur APMC,Potato,Potato,FAQ,1300,1500,1400,08/09/2026
Odisha,Sonepur,Birmaharajpur APMC,Potato,Other,Local,1700,1850,1750,08/09/2026
Odisha,Dhenkanal,Hindol APMC,Potato,Potato,Grade B,1300,1500,1400,08/09/2026
Odisha,Mayurbhanja,Udala APMC,Potato,Potato,FAQ,900,1100,1000,08/09/2026
Odisha,Jharsuguda,Jharsuguda APMC,Potato,Other,Grade A,1700,2000,1700,08/09/2026
Odisha,Sambalpur,Rairakhol APMC,Potato,Potato,Grade B,1200,1800,1500,08/09/2026
Odisha,Boudh,Boudh APMC,Potato,Other,Local,1800,2200,2000,08/09/2026
Odisha,Sundergarh,Sargipali APMC,Potato,Other,FAQ,1100,1500,1200,08/09/2026
Odisha,Dhenkanal,Kamakhyanagar APMC,Potato,Potato,Grade A,3000,3000,3000,08/09/2026
Odisha,Sonepur,Dungurapalli APMC,Potato,Other,Local,2000,2130,2100,08/09/2026
Odisha,Bargarh,Bargarh APMC,Potato,Potato,Local,3000,4000,3500,08/09/2026
Odisha,Nuapada,Khariar APMC,Potato,Potato,Grade A,2000,2000,2000,08/09/2026
Odisha,Khurda,Balugaon APMC,Potato,Kufri Giriraj,Grade A,2200,2200,2200,08/09/2026
Odisha,Bolangir,Tusura APMC,Potato,Other,Medium,1400,1800,1600,08/09/2026
Odisha,Nuapada,Khariar Road APMC,Potato,Other,Grade A,2000,2000,2000,08/09/2026
Bihar,Begusarai,Balliah APMC,Potato,Local,Grade A,1300,1500,1400,08/09/2026
Bihar,Chhapra,Chhapra APMC,Potato,Other,Grade A,1100,1300,1200,08/09/2026
Bihar,East Champaran/ Motihari,Raxaul APMC,Potato,Red Nanital,Grade A,1400,1600,1500,08/09/2026
Bihar,East Champaran/ Motihari,Chakia APMC,Potato,Red,Grade A,1100,1300,1200,08/09/2026
Bihar,Begusarai,Balliah APMC,Potato,Local,Grade C,1300,1500,1400,08/09/2026
Bihar,Siwan,Maharjganj APMC,Potato,Red Nanital,FAQ,1500,1500,1500,08/09/2026
Bihar,Begusarai,Balliah APMC,Potato,Local,Grade B,1300,1500,1400,08/09/2026
Bihar,Madhubani,Madhubani APMC,Potato,Potato,FAQ,1100,1300,1200,08/09/2026
Bihar,East Champaran/ Motihari,Motihari APMC,Potato,Other,Grade A,1100,1300,1200,08/09/2026
Bihar,Madhubani,Benipatti APMC,Potato,Red Nanital,FAQ,1150,1200,1200,08/09/2026
Telangana,Hyderabad,RYTHU BAZAR ERRAGADDA,Potato,Potato,Grade A,1800,1800,1800,08/09/2026
Telangana,Ranga Reddy,L B Nagar APMC,Potato,Potato,Medium,1000,1500,1200,08/09/2026
Telangana,Hyderabad,RYTHU BAZAR FALAKNUMA,Potato,Potato,Grade A,1700,1700,1700,08/09/2026
Telangana,Siddipet,Siddipet(Rythu Bazar) ,Potato,Red Nanital,Grade A,1500,2400,2000,08/09/2026
Telangana,Nalgonda,Venkateswarnagar APMC,Potato,Local,Grade A,1600,2000,1800,08/09/2026
Telangana,Hyderabad,Gudimalkapur APMC,Potato,Potato,Grade B,1000,1600,1300,08/09/2026
Telangana,Warangal,Warangal APMC,Potato,Potato,FAQ,1500,2000,1750,08/09/2026
Telangana,Ranga Reddy,"Saroornagar,RBZ",Potato,Other,Medium,1700,1700,1700,08/09/2026
Telangana,Sangareddy,APMC PATANCHERU,Potato,Potato,Local,1100,1300,1200,08/09/2026
Telangana,Hyderabad,Mahboob Manison APMC,Potato,Potato,Medium,2000,2000,2000,08/09/2026
Telangana,Mahbubnagar,Mahabubnagar(Rythu Bazar),Potato,Red Nanital,Local,2400,2400,2400,08/09/2026
Telangana,Hanumakonda,"Excise Colony,RBZ ",Potato,Other,Grade A,3000,3000,3000,08/09/2026
Telangana,Siddipet,Vantamamidi APMC,Potato,Potato,Local,1500,1500,1500,08/09/2026
Telangana,Hyderabad,Bowenpally APMC,Potato,Potato,FAQ,800,1400,1200,08/09/2026
Telangana,Medchal Malkajgiri,"Kukatpally,RBZ",Potato,Other,Local,1700,1700,1700,08/09/2026
Telangana,Nalgonda,Miryalguda(Rythu Bazar) ,Potato,Potato,Grade A,3000,3000,3000,08/09/2026
Telangana,Ranga Reddy,Shankarapally APMC,Potato,Local,Local,1700,1800,1750,08/09/2026
Telangana,Hyderabad,Bowenpally APMC,Sweet Potato,Sweet Potato,FAQ,1000,3200,2800,08/09/2026
Telangana,Hyderabad,Gudimalkapur APMC,Sweet Potato,Sweet Potato,Grade B,2000,2500,2200,08/09/2026
Uttarakhand,Udhamsinghnagar,Kashipur APMC,Potato,Other,Local,300,800,550,08/09/2026
Uttarakhand,Haridwar,Manglaur APMC,Potato,Other,Large,500,700,600,08/09/2026
Uttarakhand,Garhwal (Pauri),Kotadwara APMC,Potato,Potato,FAQ,1100,1100,1100,08/09/2026
Uttarakhand,Haridwar,Haridwar Union APMC,Potato,Potato,FAQ,700,900,800,08/09/2026
Uttarakhand,Dehradoon,Rishikesh APMC,Potato,Other,Medium,725,975,850,08/09/2026
Uttarakhand,Nanital,Haldwani APMC,Potato,Other,FAQ,600,1200,900,08/09/2026
Uttarakhand,Udhamsinghnagar,Sitarganj APMC,Potato,Kufri Giriraj,Grade B,800,1500,1000,08/09/2026
Uttarakhand,Udhamsinghnagar,Rudrapur APMC,Potato,Other,Medium,500,900,800,08/09/2026
Uttarakhand,Haridwar,Roorkee APMC,Potato,Other,Medium,800,1200,1000,08/09/2026
Uttarakhand,Nanital,Ramnagar APMC,Potato,Other,Local,800,1000,900,08/09/2026
Uttarakhand,Dehradoon,Vikasnagar APMC,Potato,Other,Medium,500,1000,1000,08/09/2026
Uttarakhand,Haridwar,Bhagwanpur(Naveen Mandi Sthal) APMC,Potato,Other,Grade A,300,400,350,08/09/2026
Himachal Pradesh,Hamirpur,PMY Hamirpur,Potato,Other,Grade B,1000,2500,1700,08/09/2026
Himachal Pradesh,Bilaspur,PMY Bilaspur,Potato,Local,Grade B,800,2200,1500,08/09/2026
Himachal Pradesh,Shimla,SMY Rohroo,Potato,Other,Grade B,1500,1700,1600,08/09/2026
Himachal Pradesh,Solan,SMY Nalagarh,Potato,Other,Medium,600,1000,800,08/09/2026
Himachal Pradesh,Chamba,PMY Chamba,Potato,Potato,Medium,1000,1200,1100,08/09/2026
Himachal Pradesh,Kullu,SMY Bhuntar,Potato,Other,FAQ,1000,2200,1500,08/09/2026
Himachal Pradesh,Sirmore,PMY Paonta Sahib,Potato,Other,FAQ,800,3000,2200,08/09/2026
Himachal Pradesh,Kangra,SMY Nagrota Bagwan,Potato,Potato,FAQ,1000,1800,1300,08/09/2026
Himachal Pradesh,Shimla,PMY Dhalli Shimla,Potato,Potato,Grade A,1000,2200,1400,08/09/2026
Himachal Pradesh,Kullu,PMY Kullu,Potato,Other,FAQ,800,2500,1600,08/09/2026
Himachal Pradesh,Mandi,SMY Takoli,Potato,Other,Medium,500,1000,800,08/09/2026
Himachal Pradesh,Solan,PMY Kather Solan,Potato,Other,Medium,700,2500,1500,08/09/2026
Himachal Pradesh,Kangra,SMY Jassur,Potato,Other,FAQ,800,1200,1000,08/09/2026
Himachal Pradesh,Una,SMY Santoshgarh,Potato,Jyoti,FAQ,700,900,800,08/09/2026
Himachal Pradesh,Hamirpur,SMY Nadaun,Potato,Other,Grade B,1400,1600,1500,08/09/2026
Himachal Pradesh,Kangra,SMY Jaisinghpur,Potato,Potato,FAQ,1400,2600,2000,08/09/2026
Himachal Pradesh,Kangra,SMY Palampur,Potato,Potato,FAQ,1200,2400,1800,08/09/2026
Himachal Pradesh,Mandi,SMY Dhanotu,Potato,Potato,FAQ,800,2000,1400,08/09/2026
Himachal Pradesh,Sirmore,SMY Nahan,Potato,Other,FAQ,1500,2000,1800,08/09/2026
Himachal Pradesh,Kangra,SMY Baijnath,Potato,Jyoti,Grade A,1200,2000,1600,08/09/2026
Himachal Pradesh,Una,PMY Una,Potato,Potato,FAQ,800,1000,900,08/09/2026
Himachal Pradesh,Kangra,SMY Dharamshala,Potato,Potato,FAQ,1000,2300,1650,08/09/2026
Assam,Kamrup,Pamohi(Garchuk) APMC,Potato,Potato,FAQ,900,1500,1000,08/09/2026
Assam,Kamrup,Pamohi(Garchuk) APMC,Potato,Other,FAQ,1600,2200,1800,08/09/2026
Assam,Tinsukia,Tinsukia Market,Potato,Potato,FAQ,850,950,900,08/09/2026
Assam,Sonitpur,Dhekiajuli APMC,Potato,Potato,FAQ,1000,1100,1100,08/09/2026
Assam,Kamrup,Uparhali Pmy APMC,Potato,Potato,FAQ,1000,1300,1200,08/09/2026
Assam,Nagaon,Doomdumia APMC,Potato,Potato,FAQ,1500,1750,1600,08/09/2026
Assam,Nagaon,Ambagan APMC,Potato,Potato,FAQ,1400,1600,1500,08/09/2026
Assam,Nagaon,Dhing APMC,Potato,Potato,FAQ,1600,1950,1750,08/09/2026
Assam,Nagaon,Haibargaon APMC,Potato,Potato,FAQ,1350,1500,1450,08/09/2026
Tamil Nadu,Vellore,Kahithapattarai(Uzhavar Sandhai ),Garlic,Garlic,Local,22000,22000,22000,08/09/2026
Tamil Nadu,Kallakuruchi,Kallakurichi(Uzhavar Sandhai ),Garlic,Garlic,Local,26000,26000,26000,08/09/2026
Tamil Nadu,Coimbatore,Vadavalli(Uzhavar Sandhai ),Garlic,Garlic,Local,22000,23600,22800,08/09/2026
Tamil Nadu,Coimbatore,Pollachi(Uzhavar Sandhai ),Garlic,Garlic,Local,18000,22000,20000,08/09/2026
Tamil Nadu,Dharmapuri,Harur(Uzhavar Sandhai ),Garlic,Garlic,Local,20000,25000,22500,08/09/2026
Tamil Nadu,Tenkasi,Tenkasi(Uzhavar Sandhai ),Garlic,Garlic,Local,15000,15000,15000,08/09/2026
Tamil Nadu,Thiruvellore,Tiruthani(Uzhavar Sandhai ),Garlic,Garlic,Local,24000,24000,24000,08/09/2026
Tamil Nadu,Thiruchirappalli,KKNagar(Uzhavar Sandhai ),Garlic,Garlic,Local,26000,26000,26000,08/09/2026
Tamil Nadu,Chengalpattu,Chengalpet(Uzhavar Sandhai ),Garlic,Garlic,Local,24000,25000,24500,08/09/2026
Tamil Nadu,Madurai,Anaiyur(Uzhavar Sandhai ),Garlic,Garlic,Local,14000,27000,20500,08/09/2026
Tamil Nadu,Salem,Thammampatti (Uzhavar Sandhai ),Garlic,Garlic,Local,24000,28000,26000,08/09/2026
Tamil Nadu,Salem,Thathakapatti(Uzhavar Sandhai ),Garlic,Garlic,Local,25000,28000,26500,08/09/2026
Tamil Nadu,Theni,Theni(Uzhavar Sandhai ),Garlic,Garlic,Local,10000,20000,15000,08/09/2026
Tamil Nadu,Thirunelveli,Palayamkottai(Uzhavar Sandhai ),Garlic,Garlic,Local,27000,30000,28500,08/09/2026
Tamil Nadu,Coimbatore,Sulur(Uzhavar Sandhai ),Garlic,Garlic,Local,22000,24000,23000,08/09/2026
Tamil Nadu,Coimbatore,Singanallur(Uzhavar Sandhai ),Garlic,Garlic,Local,20000,24000,22000,08/09/2026
Tamil Nadu,Thiruvannamalai,Polur(Uzhavar Sandhai ),Garlic,Garlic,Local,20000,24000,22000,08/09/2026
Tamil Nadu,Thiruvarur,Mannargudi I(Uzhavar Sandhai ),Garlic,Garlic,Local,20000,24000,22000,08/09/2026
Tamil Nadu,Thanjavur,Pattukottai(Uzhavar Sandhai ),Garlic,Garlic,Local,16000,16000,16000,08/09/2026
Tamil Nadu,Thiruchirappalli,Manachanallur(Uzhavar Sandhai ),Garlic,Garlic,Local,16000,18000,17000,08/09/2026
Tamil Nadu,Thiruchirappalli,Manapparai(Uzhavar Sandhai ),Garlic,Garlic,Local,25000,25000,25000,08/09/2026
Tamil Nadu,Chengalpattu,Nanganallur(Uzhavar Sandhai ),Garlic,Garlic,Local,19000,20000,19500,08/09/2026
Tamil Nadu,Nagercoil (Kannyiakumari),Myladi(Uzhavar Sandhai ),Garlic,Garlic,Local,14000,15000,14500,08/09/2026
Tamil Nadu,Pudukkottai,Pudukottai(Uzhavar Sandhai ),Garlic,Garlic,Local,29000,30000,29500,08/09/2026
Tamil Nadu,Virudhunagar,Aruppukottai(Uzhavar Sandhai ),Garlic,Garlic,Local,20000,24000,22000,08/09/2026
Tamil Nadu,Salem,Vazhapadi(Uzhavar Sandhai),Garlic,Garlic,Local,20000,25000,22500,08/09/2026
Tamil Nadu,Vellore,Perampet(Uzhavar Sandhai),Garlic,Garlic,Local,22000,23000,22500,08/09/2026
Tamil Nadu,Thirupathur,Vaniyampadi(Uzhavar Sandhai ),Garlic,Garlic,Local,24000,24000,24000,08/09/2026
Tamil Nadu,Thirupathur,Natrampalli(Uzhavar Sandhai ),Garlic,Garlic,Local,20000,25000,22500,08/09/2026
Tamil Nadu,Salem,Athur(Uzhavar Sandhai ),Garlic,Garlic,Local,22000,30000,26000,08/09/2026
Tamil Nadu,Salem,Elampillai(Uzhavar Sandhai ),Garlic,Garlic,Local,24000,28000,26000,08/09/2026
Tamil Nadu,Nagapattinam,Nagapattinam(Uzhavar Sandhai ),Garlic,Garlic,Local,16700,20000,18350,08/09/2026
Tamil Nadu,Thanjavur,Kumbakonam (Uzhavar Sandhai ),Garlic,Garlic,Local,20000,20000,20000,08/09/2026
Tamil Nadu,The Nilgiris,Coonoor(Uzhavar Sandhai ),Garlic,Garlic,Local,18000,20000,19000,08/09/2026
Tamil Nadu,The Nilgiris,Gudalur(Uzhavar Sandhai ),Garlic,Garlic,Local,18000,20000,19000,08/09/2026
Tamil Nadu,Dharmapuri,Dharmapuri(Uzhavar Sandhai ),Garlic,Garlic,Local,23000,24000,23500,08/09/2026
Tamil Nadu,Dharmapuri,Pennagaram(Uzhavar Sandhai ),Garlic,Garlic,Local,21000,22000,21500,08/09/2026
Tamil Nadu,Dindigul,Dindigul(Uzhavar Sandhai ),Garlic,Garlic,Local,25000,28000,26500,08/09/2026
Tamil Nadu,Krishnagiri,Hosur(Uzhavar Sandhai ),Garlic,Garlic,Local,22000,24000,23000,08/09/2026
Tamil Nadu,Thiruchirappalli,Thiruverumbur(Uzhavar Sandhai ),Garlic,Garlic,Local,16000,30000,23000,08/09/2026
Tamil Nadu,Chengalpattu,Medavakkam(Uzhavar Sandhai ),Garlic,Garlic,Local,20000,30000,25000,08/09/2026
Tamil Nadu,Thiruvannamalai,Arani(Uzhavar Sandhai ),Garlic,Garlic,Local,20000,24000,22000,08/09/2026
Tamil Nadu,Madurai,Palanganatham(Uzhavar Sandhai ),Garlic,Garlic,Local,14000,27000,20500,08/09/2026
Tamil Nadu,Madurai,Anna nagar(Uzhavar Sandhai ),Garlic,Garlic,Local,16000,18000,17000,08/09/2026
Tamil Nadu,Theni,Chinnamanur(Uzhavar Sandhai ),Garlic,Garlic,Local,16000,24000,20000,08/09/2026
Tamil Nadu,Cuddalore,Vadalur(Uzhavar Sandhai ),Garlic,Garlic,Local,16000,20000,18000,08/09/2026
Tamil Nadu,Tuticorin,Tuticorin(Uzhavar Sandhai ),Garlic,Garlic,Local,21000,22000,21500,08/09/2026
Tamil Nadu,Nagercoil (Kannyiakumari),Vadaseri APMC,Garlic,Garlic,Local,20000,22000,21000,08/09/2026
Tamil Nadu,Vellore,Thirupathur APMC,Garlic,Garlic,Local,26000,26000,26000,08/09/2026
Tamil Nadu,Vellore,Vellore APMC,Garlic,Garlic,Local,21000,21000,21000,08/09/2026
Tamil Nadu,Vellore,Pallikonda(Uzhavar Sandhai),Garlic,Garlic,Local,21000,21000,21000,08/09/2026
Tamil Nadu,Thiruvannamalai,Tiruvannamalai(Uzhavar Sandhai ),Garlic,Garlic,Local,25000,28000,26500,08/09/2026
Tamil Nadu,Vellore,Gudiyatham(Uzhavar Sandhai ),Garlic,Garlic,Local,23000,24000,23500,08/09/2026
Tamil Nadu,Krishnagiri,Krishnagiri(Uzhavar Sandhai ),Garlic,Garlic,Local,23000,24000,23500,08/09/2026
Tamil Nadu,The Nilgiris,Udhagamandalam(Uzhavar Sandhai ),Garlic,Garlic,Local,15000,20000,17500,08/09/2026
Tamil Nadu,Theni,Andipatti(Uzhavar Sandhai ),Garlic,Garlic,Local,22000,24000,23000,08/09/2026
Tamil Nadu,Vellore,Katpadi (Uzhavar Sandhai ),Garlic,Garlic,Local,21000,21000,21000,08/09/2026
Tamil Nadu,Chengalpattu,Pallavaram(Uzhavar Sandhai ),Garlic,Garlic,Local,26000,28000,27000,08/09/2026
Tamil Nadu,Chengalpattu,Jameenrayapettai(Uzhavar Sandhai ),Garlic,Garlic,Local,26000,28000,27000,08/09/2026
Tamil Nadu,Coimbatore,Sundarapuram(Uzhavar Sandhai ),Garlic,Garlic,Local,21000,24000,22500,08/09/2026
Tamil Nadu,Coimbatore,Mettupalayam(Uzhavar Sandhai ),Garlic,Garlic,Local,15000,18000,16500,08/09/2026
Tamil Nadu,Coimbatore,RSPuram(Uzhavar Sandhai ),Garlic,Garlic,Local,22000,23600,22800,08/09/2026
Tamil Nadu,Dindigul,Palani(Uzhavar Sandhai ),Garlic,Garlic,Local,20000,24000,22000,08/09/2026
Tamil Nadu,Krishnagiri,Avallapalli(Uzhavar Sandhai ),Garlic,Garlic,Local,22000,24000,23000,08/09/2026
Tamil Nadu,Dharmapuri,Karimangalam(Uzhavar Sandhai),Garlic,Garlic,Local,21000,22000,21500,08/09/2026
Tamil Nadu,Krishnagiri,Denkanikottai(Uzhavar Sandhai ),Garlic,Garlic,Local,22000,24000,23000,08/09/2026
Tamil Nadu,Perambalur,Perambalur(Uzhavar Sandhai ),Garlic,Garlic,Local,20000,21000,20500,08/09/2026
Tamil Nadu,Thirunelveli,Melapalayam(Uzhavar Sandhai ),Garlic,Garlic,Local,24000,27000,25500,08/09/2026
Tamil Nadu,Dharmapuri,AJattihalli(Uzhavar Sandhai ),Garlic,Garlic,Local,20000,24000,22000,08/09/2026
Tamil Nadu,Salem,Hasthampatti(Uzhavar Sandhai ),Garlic,Garlic,Local,17000,18000,17500,08/09/2026
Tamil Nadu,Madurai,Chokkikulam(Uzhavar Sandhai ),Garlic,Garlic,Local,14000,27000,20500,08/09/2026
Tamil Nadu,Thiruvarur,Mannargudi II(Uzhavar Sandhai ),Garlic,Garlic,Local,20000,24000,22000,08/09/2026
Tamil Nadu,Namakkal,Tiruchengode APMC,Garlic,Garlic,Local,24500,27000,25750,08/09/2026
Tamil Nadu,Thanjavur,Thanjavur(Uzhavar Sandhai ),Garlic,Garlic,Local,24000,24000,24000,08/09/2026
Tamil Nadu,Chengalpattu,Madhuranthagam(Uzhavar Sandhai ),Garlic,Garlic,Local,18000,18000,18000,08/09/2026
Tamil Nadu,Thirupur,Tiruppur (South) (Uzhavar Sandhai ),Garlic,Garlic,Local,20000,21000,20500,08/09/2026
Tamil Nadu,Dharmapuri,Palacode(Uzhavar Sandhai ),Garlic,Garlic,Local,17500,18000,17750,08/09/2026
Tamil Nadu,Namakkal,Namakkal(Uzhavar Sandhai ),Garlic,Garlic,Local,24000,28000,26000,08/09/2026
Tamil Nadu,Ranipet,Arcot(Uzhavar Sandhai ),Garlic,Garlic,Local,20000,20000,20000,08/09/2026
Tamil Nadu,Thiruvannamalai,Chengam(Uzhavar Sandhai ),Garlic,Garlic,Local,20000,24000,22000,08/09/2026
Madhya Pradesh,Sehore,Sehore APMC,Garlic,Garlic,Non-FAQ,8000,13251,12500,08/09/2026
Madhya Pradesh,Sehore,Sehore APMC,Garlic,Garlic,FAQ,5000,12950,12500,08/09/2026
Madhya Pradesh,Shajapur,Agar APMC,Garlic,Garlic,FAQ,2202,11000,7501,08/09/2026
Madhya Pradesh,Shajapur,Soyatkalan APMC,Garlic,Garlic,Non-FAQ,800,5505,5505,08/09/2026
Madhya Pradesh,Mandsaur,Daloda APMC,Garlic,Garlic,Non-FAQ,3500,13002,10500,08/09/2026
Madhya Pradesh,Mandsaur,Daloda APMC,Garlic,Garlic,FAQ,2400,25400,11000,08/09/2026
Madhya Pradesh,Rajgarh,Narsinghgarh APMC,Garlic,Garlic,FAQ,1000,23000,11000,08/09/2026
Madhya Pradesh,Ujjain,Badnagar APMC,Garlic,Garlic,FAQ,2500,13205,6800,08/09/2026
Madhya Pradesh,Mandsaur,Shamgarh APMC,Garlic,Garlic,Non-FAQ,2099,23000,7800,08/09/2026
Madhya Pradesh,Indore,Indore APMC,Garlic,Garlic,FAQ,1000,17000,4000,08/09/2026
Madhya Pradesh,Bhopal,Bhopal APMC,Garlic,China,FAQ,8350,8350,8350,08/09/2026
Madhya Pradesh,Morena,Kailaras APMC,Garlic,Other,FAQ,12000,12000,12000,08/09/2026
Madhya Pradesh,Neemuch,Manasa APMC,Garlic,China,FAQ,9650,9650,9650,08/09/2026
Madhya Pradesh,Jhabua,Petlawad APMC,Garlic,Average,FAQ,4750,4750,4750,08/09/2026
Madhya Pradesh,Damoh,Damoh APMC,Garlic,Garlic,Non-FAQ,7200,15000,15000,08/09/2026
Madhya Pradesh,Hoshangabad,Hoshangabad(F&V) APMC,Garlic,Garlic,FAQ,6650,10830,7210,08/09/2026
Madhya Pradesh,Ujjain,Ujjain APMC,Garlic,Garlic,FAQ,500,16650,5000,08/09/2026
Madhya Pradesh,Indore,Indore APMC,Garlic,Garlic,Non-FAQ,4800,13100,11000,08/09/2026
Madhya Pradesh,Mandsaur,Mandsaur APMC,Garlic,Garlic,Non-FAQ,1900,27001,8000,08/09/2026
Madhya Pradesh,Shajapur,Akodiya APMC,Garlic,Average,FAQ,500,16500,5000,08/09/2026
Madhya Pradesh,Mandsaur,Daloda APMC,Garlic,Garlic-Organic,FAQ,5452,5452,5452,08/09/2026
Madhya Pradesh,Shajapur,Shajapur(F&V) APMC,Garlic,Garlic,Local,1500,12000,7000,08/09/2026
Madhya Pradesh,Mandsaur,Shamgarh APMC,Garlic,Garlic,FAQ,2100,17400,7500,08/09/2026
Madhya Pradesh,Ratlam,Sailana APMC,Garlic,Garlic,FAQ,1751,16001,6000,08/09/2026
Madhya Pradesh,Dhar,Badnawar APMC,Garlic,Garlic,FAQ,3000,12000,5000,08/09/2026
Madhya Pradesh,Shajapur,Shujalpur APMC,Garlic,Desi,FAQ,1500,16005,13500,08/09/2026
Madhya Pradesh,Shajapur,Shajapur APMC,Garlic,Garlic,FAQ,4688,8749,8749,08/09/2026
Madhya Pradesh,Bhopal,Bhopal APMC,Garlic,Garlic,FAQ,2000,19600,7000,08/09/2026
Madhya Pradesh,Neemuch,Neemuch APMC,Garlic,Average,Non-FAQ,4800,12450,12450,08/09/2026
Madhya Pradesh,Neemuch,Neemuch APMC,Garlic,Garlic,FAQ,6700,27600,8000,08/09/2026
Madhya Pradesh,Mandsaur,Sitmau APMC,Garlic,Garlic,Non-FAQ,3300,4500,4500,08/09/2026
Madhya Pradesh,Sehore,Aashta(F&V) APMC,Garlic,Average,Local,2600,13600,6710,08/09/2026
Madhya Pradesh,Dhar,Badnawar APMC,Garlic,Garlic,Non-FAQ,3100,4500,4500,08/09/2026
Madhya Pradesh,Shajapur,Kalapipal APMC,Garlic,Garlic,FAQ,2040,17501,9000,08/09/2026
Madhya Pradesh,Dewas,Dewas(F&V) APMC,Garlic,Other,FAQ,3000,11000,4000,08/09/2026
Madhya Pradesh,Bhopal,Bhopal APMC,Garlic,Desi,FAQ,5600,5600,5600,08/09/2026
Madhya Pradesh,Neemuch,Neemuch APMC,Garlic,Garlic,Non-FAQ,3800,21500,6000,08/09/2026
Madhya Pradesh,Mandsaur,Mandsaur APMC,Garlic,Garlic,FAQ,4500,23400,6000,08/09/2026
Madhya Pradesh,Neemuch,Manasa APMC,Garlic,Garlic,FAQ,1100,23000,6600,08/09/2026
Madhya Pradesh,Neemuch,Manasa APMC,Garlic,New Medium,FAQ,11200,11200,11200,08/09/2026
Madhya Pradesh,Ratlam,A lot APMC,Garlic,Garlic,FAQ,1200,10700,4500,08/09/2026
Madhya Pradesh,Shajapur,Soyatkalan APMC,Garlic,Garlic,FAQ,4000,18005,5510,08/09/2026
Madhya Pradesh,Rajgarh,Biaora APMC,Garlic,Garlic,FAQ,1200,19000,14000,08/09/2026
Madhya Pradesh,Mandsaur,Piplya APMC,Garlic,Garlic,Non-FAQ,3211,21800,15100,08/09/2026
Madhya Pradesh,Mandsaur,Sitmau APMC,Garlic,Garlic,FAQ,2100,10610,6310,08/09/2026
Madhya Pradesh,Ratlam,Jaora APMC,Garlic,Garlic,FAQ,1101,27500,7000,08/09/2026
Madhya Pradesh,Ratlam,Sailana(F&V) APMC,Garlic,Garlic,Local,3502,32002,15000,08/09/2026
Maharashtra,Nashik,APMC Nasik ,Garlic,Other,Local,7000,26200,18500,08/09/2026
Maharashtra,Ahilyanagar,APMC Rahata ,Garlic,Other,Local,5000,12000,8500,08/09/2026
Maharashtra,Chattrapati Sambhajinagar,APMC Chattrapati Sambhajinagar ,Garlic,Other,Local,11000,22000,16500,08/09/2026
Maharashtra,Amarawati,Amrawati(Frui & Veg. Market) ,Garlic,Other,Local,16000,32000,24000,08/09/2026
Maharashtra,Ahilyanagar,APMC Ahilyanagar ,Garlic,Other,Local,8000,17000,12500,08/09/2026
Maharashtra,Chandrapur,Chandrapur(Ganjwad) ,Garlic,Other,Local,14500,21000,17000,08/09/2026
Maharashtra,Pune,APMC Pune ,Garlic,Other,Local,5500,26000,15750,08/09/2026
Maharashtra,Akola,APMC Akola ,Garlic,Other,Local,10000,22000,16000,08/09/2026
Maharashtra,Nagpur,APMC Nagpur ,Garlic,Other,Local,6000,20000,16500,08/09/2026
Maharashtra,Pune,Pune(Moshi) ,Garlic,Other,Local,10000,10000,10000,08/09/2026
Uttar Pradesh,Mainpuri,Mainpuri APMC,Garlic,Other,FAQ,8000,8000,8000,08/09/2026
Uttar Pradesh,Barabanki,Safdarganj APMC,Garlic,Other,FAQ,4200,4200,4200,08/09/2026
Uttar Pradesh,Shamli,Khandhla APMC,Garlic,Other,FAQ,5500,5500,5500,08/09/2026
Uttar Pradesh,Auraiya,Achalda APMC,Garlic,Other,FAQ,3000,5000,3943.4,08/09/2026
Uttar Pradesh,Mainpuri,Ghiraur APMC,Garlic,Other,FAQ,4500,9000,6190.43,08/09/2026
Uttar Pradesh,Farukhabad,Kayamganj APMC,Garlic,Other,FAQ,7000,7000,7000,08/09/2026
Uttar Pradesh,Kasganj,Ganj Dundwara APMC,Garlic,Other,FAQ,8000,8000,8000,08/09/2026
Uttar Pradesh,Meerut,Mawana APMC,Garlic,Other,FAQ,12000,12000,12000,08/09/2026
Uttar Pradesh,Ghaziabad,Ghaziabad APMC,Garlic,Other,FAQ,9500,9500,9500,08/09/2026
Uttar Pradesh,Etawah,Bharthna APMC,Garlic,Other,FAQ,4500,4500,4500,08/09/2026
Uttar Pradesh,Hathras,Shadabad APMC,Garlic,Other,FAQ,10000,10000,10000,08/09/2026
Uttar Pradesh,Shamli,Shamli APMC,Garlic,Other,FAQ,12000,12000,12000,08/09/2026
Uttar Pradesh,Maharajganj,Partaval APMC,Garlic,Other,FAQ,6500,6500,6500,08/09/2026
Uttar Pradesh,Etawah,Etawah APMC,Garlic,Other,FAQ,6500,6600,6531.82,08/09/2026
Uttar Pradesh,Kanpur,Kanpur(Grain) APMC,Garlic,Other,FAQ,7000,7000,7000,08/09/2026
Uttar Pradesh,Firozabad,Shikohabad APMC,Garlic,Other,FAQ,10000,10000,10000,08/09/2026
Uttar Pradesh,Aligarh,Aligarh APMC,Garlic,Other,FAQ,7200,7200,7200,08/09/2026
Uttar Pradesh,Barabanki,Barabanki APMC,Garlic,Other,FAQ,4500,4500,4500,08/09/2026
Uttar Pradesh,Rampur,Tanda(Rampur) APMC,Garlic,Other,FAQ,10000,10000,10000,08/09/2026
Uttar Pradesh,Sonbhadra,Robertsganj APMC,Garlic,Other,FAQ,5000,5000,5000,08/09/2026
Uttar Pradesh,Muzaffarnagar,Khatauli APMC,Garlic,Other,FAQ,4510,4510,4510,08/09/2026
Uttar Pradesh,Etah,Etah APMC,Garlic,Other,FAQ,8000,8000,8000,08/09/2026
Rajasthan,Ganganagar,Sriganganagar (F&V) APMC,Garlic,Garlic,Grade Range-1,16500,16900,16700,08/09/2026
Rajasthan,Baran,Baran APMC,Garlic,Other,Local,6690,25000,11800,08/09/2026
Rajasthan,Jodhpur,Jodhpur (F&V) APMC,Garlic,Garlic,Local,5000,14000,9500,08/09/2026
Rajasthan,Kota,Kota APMC,Garlic,Other,Local,13000,13000,13000,08/09/2026
Rajasthan,Kota,Ramganjmandi APMC,Garlic,Other,Local,22500,23000,23000,08/09/2026
Rajasthan,Ajmer,Ajmer(F&V) APMC,Garlic,Other,Local,5000,22000,14000,08/09/2026
Rajasthan,Churu,Churu APMC,Garlic,Average,FAQ,9000,10000,9500,08/09/2026
Rajasthan,Pratapgarh,Chhotisadri APMC,Garlic,Average,Local,3900,22621,9600,08/09/2026
Rajasthan,Chittorgarh,Nimbahera APMC,Garlic,Other,FAQ,5000,20000,16000,08/09/2026
Rajasthan,Jaipur,Jaipur (F&V) APMC,Garlic,Average,FAQ,6000,17000,11500,08/09/2026
Rajasthan,Hanumangarh,Bhadara APMC,Garlic,Average,FAQ,12000,12000,12000,08/09/2026
Karnataka,Shivamogga,Shimoga APMC,Garlic,Garlic,Local,10000,24000,16000,08/09/2026
Karnataka,Bengaluru,Bengaluru APMC,Garlic,Garlic,Medium,8000,25000,14000,08/09/2026
Karnataka,Kolar,Bangarpet APMC,Garlic,Garlic,Local,9000,12500,12000,08/09/2026
Karnataka,Davangere,Davangere APMC,Garlic,Garlic,Local,13000,15700,15000,08/09/2026
Gujarat,Jamnagar,Jamnagar APMC,Garlic,Other,Local,4000,13500,8475,08/09/2026
Gujarat,Dahod,Dahod(Veg. Market) APMC,Garlic,Garlic,Local,8000,16000,12000,08/09/2026
Gujarat,Surendranagar,Vadhvan APMC,Garlic,Garlic,FAQ,7500,8500,8000,08/09/2026
Gujarat,Rajkot,Rajkot APMC,Garlic,Garlic,FAQ,5375,10875,8000,08/09/2026
Gujarat,Rajkot,Jetpur(Dist.Rajkot) APMC,Garlic,Garlic,FAQ,5005,9655,8105,08/09/2026
Haryana,Kurukshetra,Thanesar APMC,Garlic,Other,Local,8000,12000,10000,08/09/2026
Haryana,Sonipat,Ganaur APMC,Garlic,Average,Local,12000,15000,14000,08/09/2026
Haryana,Hissar,Hansi APMC,Garlic,Other,FAQ,10000,20000,15000,08/09/2026
Haryana,Faridabad,Ballabhgarh APMC,Garlic,Other,FAQ,7000,10000,8000,08/09/2026
Haryana,Jhajar,Bahadurgarh APMC,Garlic,Other,FAQ,11000,12000,11500,08/09/2026
Haryana,Kurukshetra,Shahabad APMC,Garlic,Garlic,Local,6005,15700,12000,08/09/2026
Haryana,Yamuna Nagar,Jagadhri APMC,Garlic,Average,FAQ,6000,7000,7000,08/09/2026
Haryana,Mahendragarh-Narnaul,Narnaul APMC,Garlic,Garlic,Local,17000,17000,17000,08/09/2026
Punjab,Mansa,Mansa APMC,Garlic,Garlic,FAQ,12890,12890,12890,08/09/2026
Punjab,Bhatinda,Bathinda APMC,Garlic,Other,Grade Range-1,9000,14000,12000,08/09/2026
Punjab,Jalandhar,Jalandhar City(Jalandhar) APMC,Garlic,Other,FAQ,5000,9500,7200,08/09/2026
Punjab,Nawanshahr,Balachaur APMC,Garlic,Average,Local,10000,14000,10000,08/09/2026
Punjab,Sangrur,Malerkotla APMC,Garlic,Average,Local,7000,8000,7500,08/09/2026
Punjab,Hoshiarpur,Dasuya APMC,Garlic,Garlic,FAQ,11000,11000,11000,08/09/2026
Punjab,Hoshiarpur,Tanda Urmur APMC,Garlic,Garlic,Grade Range-1,12000,15000,13000,08/09/2026
Punjab,Patiala,Nabha APMC,Garlic,Other,Grade Range-3,14000,14000,14000,08/09/2026
Punjab,Fazilka,Fazilka APMC,Garlic,Garlic,FAQ,15000,15000,15000,08/09/2026
Punjab,Fatehgarh,Khamano APMC,Garlic,Garlic,FAQ,12000,12000,12000,08/09/2026
Punjab,Fazilka,Jalalabad APMC,Garlic,Garlic,Local,13000,13000,13000,08/09/2026
Punjab,Muktsar,Muktsar APMC,Garlic,Garlic,Local,7500,10000,8500,08/09/2026
Punjab,Ludhiana,Doraha APMC,Garlic,Average,Local,10000,12000,11000,08/09/2026
Punjab,Hoshiarpur,Garh Shankar(Mahalpur) APMC,Garlic,Other,FAQ,8000,8000,8000,08/09/2026
Punjab,Fatehgarh,Bassi Pathana APMC,Garlic,Garlic,FAQ,11000,11000,11000,08/09/2026
West Bengal,Medinipur(W),Medinipur(West) APMC,Garlic,Garlic,FAQ,16500,17000,16800,08/09/2026
West Bengal,Kolkata,Bara Bazar (Posta Bazar) APMC,Garlic,Garlic,FAQ,16400,17250,17000,08/09/2026
West Bengal,Kolkata,Bara Bazar (Posta Bazar) APMC,Garlic,Other,FAQ,12800,13600,13400,08/09/2026
West Bengal,Murshidabad,Jangipur APMC,Garlic,Other,FAQ,10250,10500,10350,08/09/2026
West Bengal,Jalpaiguri,Dhupguri APMC,Garlic,UP,FAQ,15800,16200,16000,08/09/2026
Odisha,Khurda,Balugaon APMC,Garlic,Other,Grade Range-1,12000,12000,12000,08/09/2026
Telangana,Hyderabad,Mahboob Manison APMC,Garlic,Garlic,Grade Range-2,6000,19000,11000,08/09/2026
Uttarakhand,Udhamsinghnagar,Rudrapur APMC,Garlic,Average,Local,8000,10000,9000,08/09/2026
Uttarakhand,Udhamsinghnagar,Kashipur APMC,Garlic,Other,Local,5000,5200,5100,08/09/2026
Himachal Pradesh,Kullu,SMY Bhuntar,Garlic,Other,FAQ,4500,15500,10000,08/09/2026
Himachal Pradesh,Kangra,SMY Palampur,Garlic,Average,FAQ,15000,17000,16000,08/09/2026
Himachal Pradesh,Una,SMY Santoshgarh,Garlic,Other,FAQ,13000,14000,13500,08/09/2026
Himachal Pradesh,Mandi,SMY Dhanotu,Garlic,Garlic,FAQ,8000,10000,9000,08/09/2026
Himachal Pradesh,Sirmore,SMY Nahan,Garlic,Other,FAQ,20000,22000,21000,08/09/2026
Himachal Pradesh,Una,PMY Una,Garlic,Garlic,FAQ,18000,24000,21000,08/09/2026
Himachal Pradesh,Solan,PMY Kather Solan,Garlic,Other,Local,6000,20000,17000,08/09/2026
Himachal Pradesh,Kangra,SMY Dharamshala,Garlic,Garlic,FAQ,16000,18000,17000,08/09/2026
Assam,Tinsukia,Tinsukia Market,Garlic,Garlic,FAQ,9000,17000,15000,08/09/2026
Assam,Kamrup,Uparhali Pmy APMC,Garlic,Garlic,FAQ,14000,15000,14000,08/09/2026
Assam,Nagaon,Dhing APMC,Garlic,Garlic,FAQ,15000,17000,16000,08/09/2026
Assam,Kamrup,Pamohi(Garchuk) APMC,Garlic,Garlic,FAQ,14000,16000,15000,08/09/2026
Tamil Nadu,Thirupur,Dharapuram(Uzhavar Sandhai ),Ginger(Green),Green Ginger,Local,16000,16000,16000,08/09/2026
Tamil Nadu,Salem,Athur(Uzhavar Sandhai ),Ginger(Green),Green Ginger,Local,16000,17000,16500,08/09/2026
Tamil Nadu,Erode,Sampath Nagar(Uzhavar Sandhai ),Ginger(Green),Green Ginger,Local,15000,15400,15200,08/09/2026
Tamil Nadu,Vellore,Pallikonda(Uzhavar Sandhai),Ginger(Green),Green Ginger,Local,16000,16000,16000,08/09/2026
Tamil Nadu,Thanjavur,Papanasam(Uzhavar Sandhai ),Ginger(Green),Green Ginger,Local,9600,21600,15600,08/09/2026
Tamil Nadu,Ariyalur,Ariyalur(Uzhavar Sandhai),Ginger(Green),Green Ginger,Local,17000,18000,17500,08/09/2026
Tamil Nadu,Tuticorin,Tuticorin(Uzhavar Sandhai ),Ginger(Green),Green Ginger,Local,19000,20000,19500,08/09/2026
Tamil Nadu,The Nilgiris,Coonoor(Uzhavar Sandhai ),Ginger(Green),Green Ginger,Local,10000,16000,13000,08/09/2026
Tamil Nadu,Namakkal,Tiruchengode APMC,Ginger(Green),Green Ginger,Local,15000,17000,16000,08/09/2026
Tamil Nadu,Coimbatore,Pollachi(Uzhavar Sandhai ),Ginger(Green),Green Ginger,Local,20000,22000,21000,08/09/2026
Tamil Nadu,Sivaganga,Singampunari(Uzhavar Sandhai ),Ginger(Green),Green Ginger,Local,12000,19000,15500,08/09/2026
Tamil Nadu,Sivaganga,Karaikudi(Uzhavar Sandhai ),Ginger(Green),Green Ginger,Local,12500,19500,16000,08/09/2026
Tamil Nadu,Sivaganga,Tirupatthur(Uzhavar Sandhai ),Ginger(Green),Green Ginger,Local,12400,19500,15950,08/09/2026
Tamil Nadu,Thanjavur,Pattukottai(Uzhavar Sandhai ),Ginger(Green),Green Ginger,Local,12000,18000,15000,08/09/2026
Tamil Nadu,Thanjavur,Thanjavur(Uzhavar Sandhai ),Ginger(Green),Green Ginger,Local,20000,20000,20000,08/09/2026
Tamil Nadu,Thiruchirappalli,Thiruverumbur(Uzhavar Sandhai ),Ginger(Green),Green Ginger,Local,17000,17000,17000,08/09/2026
Tamil Nadu,Virudhunagar,Sivakasi(Uzhavar Sandhai ),Ginger(Green),Green Ginger,Local,16000,18000,17000,08/09/2026
Tamil Nadu,Nagapattinam,Nagapattinam(Uzhavar Sandhai ),Ginger(Green),Green Ginger,Local,13800,16000,14900,08/09/2026
Tamil Nadu,Pudukkottai,Pudukottai(Uzhavar Sandhai ),Ginger(Green),Green Ginger,Local,26000,28000,27000,08/09/2026
Tamil Nadu,Vellore,Katpadi (Uzhavar Sandhai ),Ginger(Green),Green Ginger,Local,16000,16000,16000,08/09/2026
Tamil Nadu,Dindigul,Dindigul(Uzhavar Sandhai ),Ginger(Green),Green Ginger,Local,15000,18000,16500,08/09/2026
Tamil Nadu,Kancheepuram,Padappai(Uzhavar Sandhai ),Ginger(Green),Green Ginger,Local,9000,14000,11500,08/09/2026
Tamil Nadu,Dharmapuri,Karimangalam(Uzhavar Sandhai),Ginger(Green),Green Ginger,Local,19000,20000,19500,08/09/2026
Tamil Nadu,Krishnagiri,Hosur(Uzhavar Sandhai ),Ginger(Green),Green Ginger,Local,12000,15000,13500,08/09/2026
Tamil Nadu,Namakkal,Kumarapalayam(Uzhavar Sandhai ),Ginger(Green),Green Ginger,Local,17000,18000,17500,08/09/2026
Tamil Nadu,Theni,Chinnamanur(Uzhavar Sandhai ),Ginger(Green),Green Ginger,Local,16000,16000,16000,08/09/2026
Tamil Nadu,Thirunelveli,Melapalayam(Uzhavar Sandhai ),Ginger(Green),Green Ginger,Local,16000,17000,16500,08/09/2026
Tamil Nadu,Thirunelveli,Palayamkottai(Uzhavar Sandhai ),Ginger(Green),Green Ginger,Local,15000,17000,16000,08/09/2026
Tamil Nadu,Thirupur,Tiruppur (North) (Uzhavar Sandhai ),Ginger(Green),Green Ginger,Local,13000,15000,14000,08/09/2026
Tamil Nadu,Dharmapuri,AJattihalli(Uzhavar Sandhai ),Ginger(Green),Green Ginger,Local,20000,22500,21250,08/09/2026
Tamil Nadu,Karur,Karur(Uzhavar Sandhai ),Ginger(Green),Green Ginger,Local,17500,18000,17750,08/09/2026
Tamil Nadu,Coimbatore,Mettupalayam(Uzhavar Sandhai ),Ginger(Green),Green Ginger,Local,7000,15500,11250,08/09/2026
Tamil Nadu,Thiruvannamalai,Arani(Uzhavar Sandhai ),Ginger(Green),Green Ginger,Local,15000,18000,16500,08/09/2026
Tamil Nadu,Thiruvannamalai,Polur(Uzhavar Sandhai ),Ginger(Green),Green Ginger,Local,15000,18000,16500,08/09/2026
Tamil Nadu,Thiruvarur,Mannargudi I(Uzhavar Sandhai ),Ginger(Green),Green Ginger,Local,9000,17000,13000,08/09/2026
Tamil Nadu,Villupuram,Villupuram(Uzhavar Sandhai ),Ginger(Green),Green Ginger,Local,8000,17000,12500,08/09/2026
Tamil Nadu,Thiruchirappalli,KKNagar(Uzhavar Sandhai ),Ginger(Green),Green Ginger,Local,17000,17000,17000,08/09/2026
Tamil Nadu,Thiruchirappalli,Musiri(Uzhavar Sandhai ),Ginger(Green),Green Ginger,Local,14000,15000,14500,08/09/2026
Tamil Nadu,Virudhunagar,Rajapalayam(Uzhavar Sandhai ),Ginger(Green),Green Ginger,Local,19000,20000,19500,08/09/2026
Tamil Nadu,Chengalpattu,Chengalpet(Uzhavar Sandhai ),Ginger(Green),Green Ginger,Local,15000,17000,16000,08/09/2026
Tamil Nadu,Chengalpattu,Pallavaram(Uzhavar Sandhai ),Ginger(Green),Green Ginger,Local,16000,17000,16500,08/09/2026
Tamil Nadu,Erode,Thalavadi(Uzhavar Sandhai ),Ginger(Green),Green Ginger,Local,13000,14000,13500,08/09/2026
Tamil Nadu,The Nilgiris,Udhagamandalam(Uzhavar Sandhai ),Ginger(Green),Green Ginger,Local,10000,15000,12500,08/09/2026
Tamil Nadu,Karur,Gandhigramam(Uzhavar Sandhai),Ginger(Green),Green Ginger,Local,16000,18000,17000,08/09/2026
Tamil Nadu,Chengalpattu,Guduvancheri(Uzhavar Sandhai ),Ginger(Green),Green Ginger,Local,16000,17000,16500,08/09/2026
Tamil Nadu,Virudhunagar,Srivilliputhur(Uzhavar Sandhai ),Ginger(Green),Green Ginger,Local,17000,18000,17500,08/09/2026
Tamil Nadu,Erode,Perundurai(Uzhavar Sandhai ),Ginger(Green),Green Ginger,Local,14000,15000,14500,08/09/2026
Tamil Nadu,Dharmapuri,Palacode(Uzhavar Sandhai ),Ginger(Green),Green Ginger,Local,21500,22000,21750,08/09/2026
Tamil Nadu,Dindigul,Palani(Uzhavar Sandhai ),Ginger(Green),Green Ginger,Local,7500,15000,11250,08/09/2026
Tamil Nadu,Kallakuruchi,Sankarapuram(Uzhavar Sandhai ),Ginger(Green),Green Ginger,Local,18000,18000,18000,08/09/2026
Tamil Nadu,Namakkal,Paramathivelur(Uzhavar Sandhai ),Ginger(Green),Green Ginger,Local,18000,19000,18500,08/09/2026
Tamil Nadu,Madurai,Palanganatham(Uzhavar Sandhai ),Ginger(Green),Green Ginger,Local,18000,19000,18500,08/09/2026
Tamil Nadu,Salem,Mettur(Uzhavar Sandhai ),Ginger(Green),Green Ginger,Local,16000,17000,16500,08/09/2026
Tamil Nadu,Coimbatore,Sulur(Uzhavar Sandhai ),Ginger(Green),Green Ginger,Local,12000,16000,14000,08/09/2026
Tamil Nadu,Sivaganga,Devakottai (Uzhavar Sandhai ),Ginger(Green),Green Ginger,Local,12000,19200,15600,08/09/2026
Tamil Nadu,Salem,Elampillai(Uzhavar Sandhai ),Ginger(Green),Green Ginger,Local,15000,16500,15750,08/09/2026
Tamil Nadu,Salem,Hasthampatti(Uzhavar Sandhai ),Ginger(Green),Green Ginger,Local,16000,16500,16250,08/09/2026
Tamil Nadu,Virudhunagar,Aruppukottai(Uzhavar Sandhai ),Ginger(Green),Green Ginger,Local,18000,20000,19000,08/09/2026
Tamil Nadu,Villupuram,Gingee(Uzhavar Sandhai ),Ginger(Green),Green Ginger,Local,13000,13000,13000,08/09/2026
Tamil Nadu,Madurai,Chokkikulam(Uzhavar Sandhai ),Ginger(Green),Green Ginger,Local,12000,19000,15500,08/09/2026
Tamil Nadu,Karur,Kulithalai(Uzhavar Sandhai ),Ginger(Green),Green Ginger,Local,16500,17000,16750,08/09/2026
Tamil Nadu,Kallakuruchi,Kallakurichi(Uzhavar Sandhai ),Ginger(Green),Green Ginger,Local,22000,22000,22000,08/09/2026
Tamil Nadu,Cuddalore,Cuddalore(Uzhavar Sandhai ),Ginger(Green),Green Ginger,Local,18000,18000,18000,08/09/2026
Tamil Nadu,Dharmapuri,Harur(Uzhavar Sandhai ),Ginger(Green),Green Ginger,Local,14000,18000,16000,08/09/2026
Tamil Nadu,Coimbatore,Sundarapuram(Uzhavar Sandhai ),Ginger(Green),Green Ginger,Local,15000,16000,15500,08/09/2026
Tamil Nadu,Coimbatore,Singanallur(Uzhavar Sandhai ),Ginger(Green),Green Ginger,Local,12000,16000,14000,08/09/2026
Tamil Nadu,Dharmapuri,Dharmapuri(Uzhavar Sandhai ),Ginger(Green),Green Ginger,Local,21500,22500,22000,08/09/2026
Tamil Nadu,Dindigul,Chinnalapatti(Uzhavar Sandhai ),Ginger(Green),Green Ginger,Local,16000,18000,17000,08/09/2026
Tamil Nadu,Thiruchirappalli,Lalgudi(Uzhavar Sandhai ),Ginger(Green),Green Ginger,Local,16000,16000,16000,08/09/2026
Tamil Nadu,Thiruchirappalli,Manapparai(Uzhavar Sandhai ),Ginger(Green),Green Ginger,Local,22000,22000,22000,08/09/2026
Tamil Nadu,Chengalpattu,Nanganallur(Uzhavar Sandhai ),Ginger(Green),Green Ginger,Local,10000,12000,11000,08/09/2026
Tamil Nadu,Nagercoil (Kannyiakumari),Myladi(Uzhavar Sandhai ),Ginger(Green),Green Ginger,Local,17000,19000,18000,08/09/2026
Tamil Nadu,Chengalpattu,Jameenrayapettai(Uzhavar Sandhai ),Ginger(Green),Green Ginger,Local,16000,17000,16500,08/09/2026
Tamil Nadu,Villupuram,Tindivanam APMC,Ginger(Green),Green Ginger,Local,9000,9000,9000,08/09/2026
Tamil Nadu,Villupuram,Ulundurpettai APMC,Ginger(Green),Green Ginger,Local,11000,11000,11000,08/09/2026
Tamil Nadu,Ramanathapuram,Paramakudi(Uzhavar Sandhai ),Ginger(Green),Green Ginger,Local,17000,18000,17500,08/09/2026
Tamil Nadu,Thiruvarur,Mannargudi II(Uzhavar Sandhai ),Ginger(Green),Green Ginger,Local,9000,17000,13000,08/09/2026
Tamil Nadu,Vellore,Gudiyatham(Uzhavar Sandhai ),Ginger(Green),Green Ginger,Local,19000,19000,19000,08/09/2026
Tamil Nadu,Madurai,Anaiyur(Uzhavar Sandhai ),Ginger(Green),Green Ginger,Local,12000,19000,15500,08/09/2026
Tamil Nadu,Salem,Thammampatti (Uzhavar Sandhai ),Ginger(Green),Green Ginger,Local,16500,17000,16750,08/09/2026
Tamil Nadu,Theni,Theni(Uzhavar Sandhai ),Ginger(Green),Green Ginger,Local,7500,16000,11750,08/09/2026
Tamil Nadu,Thiruvannamalai,Chengam(Uzhavar Sandhai ),Ginger(Green),Green Ginger,Local,16000,20000,18000,08/09/2026
Tamil Nadu,Sivaganga,Sivagangai (Uzhavar Sandhai ),Ginger(Green),Green Ginger,Local,13000,20000,16500,08/09/2026
Tamil Nadu,Nagercoil (Kannyiakumari),Vadaseri APMC,Ginger(Green),Green Ginger,Local,16000,18000,17000,08/09/2026
Tamil Nadu,Krishnagiri,Kaveripattinam(Uzhavar Sandhai ),Ginger(Green),Green Ginger,Local,16000,16000,16000,08/09/2026
Tamil Nadu,The Nilgiris,Gudalur(Uzhavar Sandhai ),Ginger(Green),Green Ginger,Local,10000,15000,12500,08/09/2026
Tamil Nadu,Nagapattinam,Vedaranyam(Uzhavar Sandhai),Ginger(Green),Green Ginger,Local,14500,15000,14750,08/09/2026
Tamil Nadu,Vellore,Perampet(Uzhavar Sandhai),Ginger(Green),Green Ginger,Local,18000,19000,18500,08/09/2026
Tamil Nadu,Thirupathur,Vaniyampadi(Uzhavar Sandhai ),Ginger(Green),Green Ginger,Local,20000,20000,20000,08/09/2026
Tamil Nadu,Thirupathur,Natrampalli(Uzhavar Sandhai ),Ginger(Green),Green Ginger,Local,15000,20000,17500,08/09/2026
Tamil Nadu,Theni,Periyakulam(Uzhavar Sandhai ),Ginger(Green),Green Ginger,Local,9000,16000,12500,08/09/2026
Tamil Nadu,Coimbatore,Vadavalli(Uzhavar Sandhai ),Ginger(Green),Green Ginger,Local,14500,15500,15000,08/09/2026
Tamil Nadu,Erode,Gobichettipalayam(Uzhavar Sandhai ),Ginger(Green),Green Ginger,Local,15500,16000,15750,08/09/2026
Tamil Nadu,Ramanathapuram,Ramanathapuram(Uzhavar Sandhai ),Ginger(Green),Green Ginger,Local,17000,17500,17250,08/09/2026
Tamil Nadu,Thanjavur,Kumbakonam (Uzhavar Sandhai ),Ginger(Green),Green Ginger,Local,10800,22000,16400,08/09/2026
Tamil Nadu,Theni,Andipatti(Uzhavar Sandhai ),Ginger(Green),Green Ginger,Local,15000,16000,15500,08/09/2026
Tamil Nadu,Thiruvellore,Tiruthani(Uzhavar Sandhai ),Ginger(Green),Green Ginger,Local,10000,10000,10000,08/09/2026
Tamil Nadu,Salem,Jalagandapuram(Uzhavar Sandhai ),Ginger(Green),Green Ginger,Local,15000,16000,15500,08/09/2026
Tamil Nadu,Virudhunagar,Thalavaipuram(Uzhavar Sandhai ),Ginger(Green),Green Ginger,Local,8000,10000,9000,08/09/2026
Tamil Nadu,Coimbatore,RSPuram(Uzhavar Sandhai ),Ginger(Green),Green Ginger,Local,14500,15500,15000,08/09/2026
Tamil Nadu,Dharmapuri,Pennagaram(Uzhavar Sandhai ),Ginger(Green),Green Ginger,Local,18000,20000,19000,08/09/2026
Tamil Nadu,Krishnagiri,Avallapalli(Uzhavar Sandhai ),Ginger(Green),Green Ginger,Local,14000,15000,14500,08/09/2026
Tamil Nadu,Krishnagiri,Denkanikottai(Uzhavar Sandhai ),Ginger(Green),Green Ginger,Local,14000,15000,14500,08/09/2026
Tamil Nadu,Namakkal,Rasipuram(Uzhavar Sandhai ),Ginger(Green),Green Ginger,Local,17000,18000,17500,08/09/2026
Tamil Nadu,Madurai,Anna nagar(Uzhavar Sandhai ),Ginger(Green),Green Ginger,Local,16000,16000,16000,08/09/2026
Tamil Nadu,Perambalur,Perambalur(Uzhavar Sandhai ),Ginger(Green),Green Ginger,Local,14000,16500,15250,08/09/2026
Tamil Nadu,Ranipet,Arcot(Uzhavar Sandhai ),Ginger(Green),Green Ginger,Local,16000,16000,16000,08/09/2026
Tamil Nadu,Salem,Ammapet(Uzhavar Sandhai ),Ginger(Green),Green Ginger,Local,15000,16000,15500,08/09/2026
Tamil Nadu,Salem,Sooramangalam(Uzhavar Sandhai ),Ginger(Green),Green Ginger,Local,15000,16000,15500,08/09/2026
Tamil Nadu,Salem,Thathakapatti(Uzhavar Sandhai ),Ginger(Green),Green Ginger,Local,14000,16000,15000,08/09/2026
Tamil Nadu,Theni,Kambam(Uzhavar Sandhai ),Ginger(Green),Green Ginger,Local,9000,15000,12000,08/09/2026
Tamil Nadu,Thiruvannamalai,Tiruvannamalai(Uzhavar Sandhai ),Ginger(Green),Green Ginger,Local,18000,20000,19000,08/09/2026
Tamil Nadu,Tuticorin,Kovilpatti(Uzhavar Sandhai ),Ginger(Green),Green Ginger,Local,16000,17000,16500,08/09/2026
Tamil Nadu,Vellore,Kahithapattarai(Uzhavar Sandhai ),Ginger(Green),Green Ginger,Local,7500,7500,7500,08/09/2026
Tamil Nadu,Thirupur,Palladam(Uzhavar Sandhai ),Ginger(Green),Green Ginger,Local,15000,16000,15500,08/09/2026
Tamil Nadu,Coimbatore,Udumalpet APMC,Ginger(Green),Green Ginger,Local,16000,17000,16500,08/09/2026
Tamil Nadu,Erode,Sathiyamagalam(Uzhavar Sandhai ),Ginger(Green),Green Ginger,Local,15000,16000,15500,08/09/2026
Tamil Nadu,Thirupur,Tiruppur (South) (Uzhavar Sandhai ),Ginger(Green),Green Ginger,Local,14000,15000,14500,08/09/2026
Tamil Nadu,Vellore,Thirupathur APMC,Ginger(Green),Green Ginger,Local,20000,20000,20000,08/09/2026
Tamil Nadu,Vellore,Vellore APMC,Ginger(Green),Green Ginger,Local,16000,16000,16000,08/09/2026
Tamil Nadu,Cuddalore,Viruthachalam(Uzhavar Sandhai ),Ginger(Green),Green Ginger,Local,7000,15000,11000,08/09/2026
Tamil Nadu,Krishnagiri,Krishnagiri(Uzhavar Sandhai ),Ginger(Green),Green Ginger,Local,17000,18000,17500,08/09/2026
Tamil Nadu,Tenkasi,Tenkasi(Uzhavar Sandhai ),Ginger(Green),Green Ginger,Local,16000,16000,16000,08/09/2026
Tamil Nadu,Virudhunagar,Kariyapatti(Uzhavar Sandhai ),Ginger(Green),Green Ginger,Local,19000,20000,19500,08/09/2026
Tamil Nadu,Thiruchirappalli,Manachanallur(Uzhavar Sandhai ),Ginger(Green),Green Ginger,Local,15000,17000,16000,08/09/2026
Tamil Nadu,Chengalpattu,Medavakkam(Uzhavar Sandhai ),Ginger(Green),Green Ginger,Local,10000,20000,15000,08/09/2026
Tamil Nadu,Namakkal,Mohanur(Uzhavar Sandhai ),Ginger(Green),Green Ginger,Local,18000,20000,19000,08/09/2026
Tamil Nadu,Namakkal,Namakkal(Uzhavar Sandhai ),Ginger(Green),Green Ginger,Local,16000,17000,16500,08/09/2026
Tamil Nadu,Ranipet,Ranipettai(Uzhavar Sandhai ),Ginger(Green),Green Ginger,Local,8000,16000,12000,08/09/2026
Tamil Nadu,Thiruchirappalli,Thuraiyur APMC,Ginger(Green),Green Ginger,Local,16000,17500,16750,08/09/2026
Tamil Nadu,Thirunelveli,NGO Colony(Uzhavar Sandhai ),Ginger(Green),Green Ginger,Local,12000,17000,14500,08/09/2026
Tamil Nadu,Karur,Velayuthampalayam(Uzhavar Sandhai ),Ginger(Green),Green Ginger,Local,16000,18000,17000,08/09/2026
Tamil Nadu,Salem,Edapadi (Uzhavar Sandhai ),Ginger(Green),Green Ginger,Local,16500,17000,16750,08/09/2026
Madhya Pradesh,Ujjain,Ujjain(F&V) APMC,Ginger(Green),Green Ginger,Medium,700,3260,1817,08/09/2026
Madhya Pradesh,Morena,Kailaras APMC,Ginger(Dry),Other,FAQ,6000,7000,7000,08/09/2026
Madhya Pradesh,Indore,Indore(F&V) APMC,Ginger(Green),Green Ginger,Local,3000,14000,7500,08/09/2026
Madhya Pradesh,Gwalior,Lashkar(F&V) APMC,Ginger(Green),Green Ginger,Grade B,5000,7000,6000,08/09/2026
Madhya Pradesh,Shivpuri,Shivpuri(F&V) APMC,Ginger(Green),Green Ginger,Grade B,4000,4000,4000,08/09/2026
Madhya Pradesh,Sehore,Sehore(F&V) APMC,Ginger(Green),Green Ginger,Grade Range-1,6000,15000,12000,08/09/2026
Madhya Pradesh,Hoshangabad,Hoshangabad(F&V) APMC,Ginger(Green),Other,FAQ,6960,9330,7110,08/09/2026
Madhya Pradesh,Dhar,Kukshi(F&V) APMC,Ginger(Green),Green Ginger,Grade A,6000,7500,6700,08/09/2026
Madhya Pradesh,Katni,Katni(F&V) APMC,Ginger(Green),Green Ginger,Grade C,4000,4000,4000,08/09/2026
Maharashtra,Pune,APMC Pune ,Ginger(Green),Other,Local,3000,12000,7500,08/09/2026
Maharashtra,Nagpur,APMC Hingna,Ginger(Green),Other,Local,7000,15000,10428,08/09/2026
Maharashtra,Pune,Pune(Moshi) ,Ginger(Green),Other,Local,4000,6000,5000,08/09/2026
Maharashtra,Chandrapur,Chandrapur(Ganjwad) ,Ginger(Green),Other,Local,8000,10000,9000,08/09/2026
Maharashtra,Nagpur,APMC Kamthi ,Ginger(Green),Other,Local,7000,8000,7650,08/09/2026
Maharashtra,Ahilyanagar,APMC Ahilyanagar ,Ginger(Green),Other,Local,6000,16000,11000,08/09/2026
Maharashtra,Satara,APMC Vaduj ,Ginger(Green),Other,Local,7500,15000,10000,08/09/2026
Maharashtra,Satara,APMC Patan ,Ginger(Green),Other,Local,1500,2500,2000,08/09/2026
Maharashtra,Kolhapur,APMC Vadgaonpeth ,Ginger(Green),Other,Local,9000,11000,10000,08/09/2026
Maharashtra,Jalgaon,APMC Jalgaon ,Ginger(Green),Other,Local,7000,7000,7000,08/09/2026
Maharashtra,Chattrapati Sambhajinagar,APMC Chattrapati Sambhajinagar ,Ginger(Green),Other,Local,6500,15000,10750,08/09/2026
Maharashtra,Mumbai,APMC Mumbai ,Ginger(Green),Other,Local,6000,14000,10000,08/09/2026
Maharashtra,Ratnagiri,APMC Ratnagiri (Nachane) ,Ginger(Green),Other,Local,8000,17000,12000,08/09/2026
Maharashtra,Satara,APMC Satara ,Ginger(Green),Other,Local,5000,12000,8500,08/09/2026
Maharashtra,Ahilyanagar,APMC Rahata ,Ginger(Green),Other,Local,5000,13000,9500,08/09/2026
Maharashtra,Amarawati,Amrawati(Frui & Veg. Market) ,Ginger(Green),Other,Local,7000,16000,11500,08/09/2026
Maharashtra,Nagpur,APMC Nagpur ,Ginger(Green),Other,Local,2000,9000,7250,08/09/2026
Uttar Pradesh,Sambhal,Muradabad APMC,Ginger(Green),Other,FAQ,4700,4700,4700,08/09/2026
Uttar Pradesh,Pillibhit,Puranpur APMC,Ginger(Green),Other,FAQ,4000,6000,4500,08/09/2026
Uttar Pradesh,Shamli,Khandhla APMC,Ginger(Green),Other,FAQ,6000,6000,6000,08/09/2026
Uttar Pradesh,Bulandshahar,Buland Shahr APMC,Ginger(Green),Other,FAQ,7000,7000,7000,08/09/2026
Uttar Pradesh,Gonda,Nawabganj APMC,Ginger(Green),Other,FAQ,8000,8000,8000,08/09/2026
Uttar Pradesh,Varanasi,Varanasi APMC,Ginger(Green),Other,FAQ,4000,4000,4000,08/09/2026
Uttar Pradesh,Jaunpur,Jaunpur APMC,Ginger(Green),Other,FAQ,4500,4500,4500,08/09/2026
Uttar Pradesh,Prayagraj,Prayagraj APMC,Ginger(Green),Other,FAQ,7000,7000,7000,08/09/2026
Uttar Pradesh,Saharanpur,Saharanpur APMC,Ginger(Green),Other,FAQ,4200,4800,4588.24,08/09/2026
Uttar Pradesh,Sant Kabir Nagar,Khalilabad APMC,Ginger(Green),Other,FAQ,3500,4000,3843.75,08/09/2026
Uttar Pradesh,Balrampur,Balrampur APMC,Ginger(Green),Other,FAQ,2000,2000,2000,08/09/2026
Uttar Pradesh,Shamli,Kairana APMC,Ginger(Green),Other,FAQ,6000,6000,6000,08/09/2026
Uttar Pradesh,Meerut,Mawana APMC,Ginger(Green),Other,FAQ,7000,7000,7000,08/09/2026
Uttar Pradesh,Kanpur,Kanpur(Grain) APMC,Ginger(Green),Other,FAQ,6000,6000,6000,08/09/2026
Uttar Pradesh,Aligarh,Khair APMC,Ginger(Green),Other,FAQ,8000,8000,8000,08/09/2026
Uttar Pradesh,Ghazipur,Jangipura APMC,Ginger(Green),Other,FAQ,2500,2500,2500,08/09/2026
Uttar Pradesh,Mathura,Mathura APMC,Ginger(Green),Other,FAQ,6000,12000,6827.59,08/09/2026
Uttar Pradesh,Lakhimpur,Paliakala APMC,Ginger(Green),Other,FAQ,8000,8000,8000,08/09/2026
Uttar Pradesh,Barabanki,Barabanki APMC,Ginger(Green),Other,FAQ,4000,4000,4000,08/09/2026
Uttar Pradesh,Saharanpur,CHHUTMALPUR APMC,Ginger(Green),Other,FAQ,3100,3150,3125,08/09/2026
Uttar Pradesh,Ghaziabad,Ghaziabad APMC,Ginger(Green),Other,FAQ,6000,8000,6593.5,08/09/2026
Uttar Pradesh,Lakhimpur,Lakhimpur APMC,Ginger(Green),Other,FAQ,4500,4500,4500,08/09/2026
Uttar Pradesh,Mahoba,Mahoba APMC,Ginger(Green),Other,FAQ,2520,2520,2520,08/09/2026
Uttar Pradesh,Shamli,Shamli APMC,Ginger(Green),Other,FAQ,7000,8000,7333.33,08/09/2026
Uttar Pradesh,Jhansi,Baruwasagar APMC,Ginger(Green),Other,FAQ,7500,8000,7598.9,08/09/2026
Rajasthan,Ajmer,Ajmer(F&V) APMC,Ginger(Green),Other,Medium,5000,9000,7000,08/09/2026
Rajasthan,Jaipur,Jaipur (F&V) APMC,Ginger(Dry),Dry,FAQ,4500,15000,9750,08/09/2026
Rajasthan,Jalore,Jalore APMC,Ginger(Green),Other,Local,4000,4500,4300,08/09/2026
Rajasthan,Jodhpur,Jodhpur (F&V) APMC,Ginger(Green),Other,Medium,4500,6500,5500,08/09/2026
Rajasthan,Udaipur,Udaipur (F&V) APMC,Ginger(Green),Other,Medium,4000,5000,4500,08/09/2026
Rajasthan,Ganganagar,Sriganganagar (F&V) APMC,Ginger(Green),Green Ginger,Grade A,7800,8200,8000,08/09/2026
Karnataka,Bengaluru,Binny Mill (FF&V) Bengaluru APMC,Ginger(Green),Green Ginger,Local,11000,13000,12000,08/09/2026
Karnataka,Mysuru,Hunsur APMC,Ginger(Dry),Dry,Local,30300,30300,30300,08/09/2026
Karnataka,Bengaluru South,Ramanagara APMC,Ginger(Green),Green Ginger,Local,5000,12400,8600,08/09/2026
Karnataka,Tumakuru,Madhugiri APMC,Ginger(Green),Green Ginger,Local,2000,2400,2200,08/09/2026
Karnataka,Kolar,Bangarpet APMC,Ginger(Green),Green Ginger,Local,6000,7500,7000,08/09/2026
Karnataka,Shivamogga,Shimoga APMC,Ginger(Green),Green Ginger,Local,7000,10000,8500,08/09/2026
Karnataka,Bengaluru,Bengaluru APMC,Ginger(Green),Green Ginger,Medium,3600,12500,10000,08/09/2026
Karnataka,Mysuru,Periyapatna APMC,Ginger(Green),Green Ginger,Medium,1300,1600,1500,08/09/2026
Karnataka,Mysuru,Hunsur APMC,Ginger(Green),Green Ginger,Local,2000,2300,2300,08/09/2026
Gujarat,Rajkot,Rajkot(Veg.Sub Yard) APMC,Ginger(Green),Green Ginger,FAQ,6885,15405,11145,08/09/2026
Gujarat,Anand,"Anand(Veg,Yard,Anand) APMC",Ginger(Green),Green Ginger,Grade B,10000,12500,11250,08/09/2026
Gujarat,Amreli,Damnagar APMC,Ginger(Green),Green Ginger,Local,8000,8000,8000,08/09/2026
Gujarat,Dahod,Dahod(Veg. Market) APMC,Ginger(Green),Green Ginger,Local,7000,16000,12000,08/09/2026
Gujarat,Surat,Surat APMC,Ginger(Green),Green Ginger,FAQ,6000,16000,11000,08/09/2026
Haryana,Kurukshetra,Ladwa APMC,Ginger(Green),Green Ginger,Local,5000,9000,7000,08/09/2026
Haryana,Mahendragarh-Narnaul,Narnaul APMC,Ginger(Green),Green Ginger,Medium,6000,7000,7000,08/09/2026
Haryana,Ambala,Naraingarh APMC,Ginger(Green),Green Ginger,Medium,3500,7000,4000,08/09/2026
Haryana,Yamuna Nagar,Jagadhri APMC,Ginger(Green),Green Ginger,Medium,5000,7000,6000,08/09/2026
Haryana,Sonipat,Ganaur APMC,Ginger(Green),Green Ginger,Medium,10000,12000,12000,08/09/2026
Haryana,Mahendragarh-Narnaul,Mohindergarh APMC,Ginger(Green),Green Ginger,Medium,4000,4000,4000,08/09/2026
Haryana,Hissar,Hansi APMC,Ginger(Dry),Other,FAQ,8000,10000,9000,08/09/2026
Haryana,Fatehabad,Ratia APMC,Ginger(Green),Other,Grade A,9000,9000,9000,08/09/2026
Haryana,Jhajar,Bahadurgarh APMC,Ginger(Green),Other,Medium,7500,8000,7800,08/09/2026
Haryana,Kurukshetra,Shahabad APMC,Ginger(Dry),Vegitable-fresh,Local,6500,7000,6800,08/09/2026
Haryana,Kurukshetra,Thanesar APMC,Ginger(Green),Green Ginger,Medium,6000,7000,6500,08/09/2026
Punjab,Mohali,Lalru APMC,Ginger(Green),Green Ginger,Local,8600,8600,8600,08/09/2026
Punjab,Jalandhar,Jalandhar City(Jalandhar) APMC,Ginger(Green),Green Ginger,FAQ,4000,5500,4700,08/09/2026
Punjab,Hoshiarpur,Garh Shankar APMC,Ginger(Dry),Vegitable-fresh,FAQ,6000,6000,6000,08/09/2026
Punjab,Hoshiarpur,Garh Shankar(Mahalpur) APMC,Ginger(Green),Green Ginger,FAQ,8000,8000,8000,08/09/2026
Punjab,Ludhiana,Jagraon APMC,Ginger(Green),Other,FAQ,5200,5200,5200,08/09/2026
Punjab,Ludhiana,Khanna APMC,Ginger(Green),Green Ginger,Grade A,5000,5000,5000,08/09/2026
Punjab,Sangrur,Malerkotla APMC,Ginger(Green),Green Ginger,Local,4000,5700,5200,08/09/2026
Punjab,Fatehgarh,Bassi Pathana APMC,Ginger(Green),Green Ginger,Medium,7000,8000,7500,08/09/2026
Punjab,Jalandhar,Adampur APMC,Ginger(Green),Green Ginger,FAQ,6000,7000,7000,08/09/2026
Punjab,Muktsar,Malout APMC,Ginger(Green),Green Ginger,Grade A,6500,6500,6500,08/09/2026
Punjab,Nawanshahr,Balachaur APMC,Ginger(Green),Other,Medium,5000,7000,6600,08/09/2026
Punjab,Hoshiarpur,Dasuya APMC,Ginger(Green),Other,FAQ,8000,8000,8000,08/09/2026
Punjab,Muktsar,Muktsar APMC,Ginger(Green),Green Ginger,Medium,4500,7500,6000,08/09/2026
Punjab,Fazilka,Jalalabad APMC,Ginger(Green),Other,Medium,14000,14000,14000,08/09/2026
Punjab,Patiala,Nabha APMC,Ginger(Green),Other,Grade C,4500,8000,6000,08/09/2026
Punjab,Patiala,Patran APMC,Ginger(Green),Other,Grade A,6800,6800,6800,08/09/2026
Punjab,Ferozpur,Zira APMC,Ginger(Green),Other,Local,8500,8500,8500,08/09/2026
Punjab,Hoshiarpur,Tanda Urmur APMC,Ginger(Green),Other,Grade A,10000,12000,11000,08/09/2026
Punjab,Ludhiana,Doraha APMC,Ginger(Green),Green Ginger,Local,5000,8000,7000,08/09/2026
Punjab,Fazilka,Fazilka APMC,Ginger(Green),Other,FAQ,20000,20000,20000,08/09/2026
Punjab,Gurdaspur,Quadian APMC,Ginger(Green),Other,Grade A,7800,8000,7900,08/09/2026
West Bengal,Kolkata,Bara Bazar (Posta Bazar) APMC,Ginger(Dry),Dry,FAQ,15400,16000,15800,08/09/2026
West Bengal,Paschim Bardhaman,Asansol APMC,Ginger(Green),Other,FAQ,12000,12600,12400,08/09/2026
West Bengal,Hooghly,Sheoraphuly APMC,Ginger(Dry),Other,FAQ,13500,15600,14200,08/09/2026
West Bengal,Medinipur(W),Medinipur(West) APMC,Ginger(Dry),Dry,FAQ,15000,16000,15500,08/09/2026
West Bengal,Darjeeling,Siliguri APMC,Ginger(Green),Green Ginger,FAQ,10000,11000,10500,08/09/2026
West Bengal,Birbhum,Bolpur APMC,Ginger(Dry),Big/Thick,FAQ,12000,12200,12100,08/09/2026
Odisha,Jharsuguda,Jharsuguda APMC,Ginger(Green),Other,Grade A,15000,16000,15000,08/09/2026
Telangana,Hyderabad,Mahboob Manison APMC,Ginger(Green),Other,Medium,5000,10000,7000,08/09/2026
Uttarakhand,Dehradoon,Chakrata APMC,Ginger(Green),Green Ginger,FAQ,5000,6000,5500,08/09/2026
Uttarakhand,Udhamsinghnagar,Rudrapur APMC,Ginger(Green),Other,Medium,4000,6000,5000,08/09/2026
Uttarakhand,Udhamsinghnagar,Kashipur APMC,Ginger(Green),Other,Local,4600,4600,4600,08/09/2026
Uttarakhand,Udhamsinghnagar,Khateema APMC,Ginger(Green),Other,Grade B,2800,3500,3000,08/09/2026
Himachal Pradesh,Kangra,SMY Palampur,Ginger(Green),Green Ginger,FAQ,9000,10000,9500,08/09/2026
Himachal Pradesh,Kullu,SMY Bhuntar,Ginger(Green),Other,FAQ,8000,9000,8500,08/09/2026
Himachal Pradesh,Solan,SMY Nalagarh,Ginger(Green),Other,Medium,7000,8000,7500,08/09/2026
Himachal Pradesh,Kullu,PMY Kullu,Ginger(Green),Other,FAQ,9000,11000,10000,08/09/2026
Himachal Pradesh,Sirmore,PMY Paonta Sahib,Ginger(Green),Green Ginger,FAQ,5000,7000,6000,08/09/2026
Himachal Pradesh,Kangra,SMY Dharamshala,Ginger(Green),Green Ginger,FAQ,10000,15000,12500,08/09/2026
Himachal Pradesh,Mandi,SMY Dhanotu,Ginger(Green),Green Ginger,FAQ,8000,10000,9000,08/09/2026
Himachal Pradesh,Shimla,SMY Rohroo,Ginger(Green),Green Ginger,Grade B,6000,8000,7000,08/09/2026
Himachal Pradesh,Una,SMY Santoshgarh,Ginger(Green),Green Ginger,FAQ,7000,7000,7000,08/09/2026
Himachal Pradesh,Shimla,PMY Dhalli Shimla,Ginger(Green),Green Ginger,Grade A,6000,12000,9000,08/09/2026
Himachal Pradesh,Una,PMY Una,Ginger(Green),Green Ginger,FAQ,8000,10000,9000,08/09/2026
Himachal Pradesh,Sirmore,SMY Nahan,Ginger(Green),Other,FAQ,10000,12000,11000,08/09/2026
Assam,Tinsukia,Tinsukia Market,Ginger(Green),Green Ginger,FAQ,6000,8000,7000,08/09/2026
Assam,Darrang,Balugaon APMC,Ginger(Green),Green Ginger,Local,7800,8600,8200,08/09/2026
Assam,Kamrup,Uparhali Pmy APMC,Ginger(Green),Green Ginger,FAQ,12000,14000,12800,08/09/2026
Assam,Kamrup,Pamohi(Garchuk) APMC,Ginger(Green),Green Ginger,FAQ,12000,14000,13000,08/09/2026
Assam,Darrang,Besimari APMC,Ginger(Green),Green Ginger,Local,7600,8400,8000,08/09/2026
Tamil Nadu,Thirupathur,Natrampalli(Uzhavar Sandhai ),Brinjal,Round,Local,3000,4000,3500,08/09/2026
Tamil Nadu,Virudhunagar,Srivilliputhur(Uzhavar Sandhai ),Brinjal,Round,Local,2500,3000,2750,08/09/2026
Tamil Nadu,Coimbatore,Vadavalli(Uzhavar Sandhai ),Brinjal,Other,Local,3000,3600,3300,08/09/2026
Tamil Nadu,Coimbatore,Udumalpet APMC,Brinjal,Other,Local,4000,4500,4250,08/09/2026
Tamil Nadu,Vellore,Pallikonda(Uzhavar Sandhai),Brinjal,Round,Local,3500,4000,3750,08/09/2026
Tamil Nadu,Thiruvarur,Mannargudi I(Uzhavar Sandhai ),Brinjal,Round,Local,3800,3800,3800,08/09/2026
Tamil Nadu,Thiruvellore,Paruthipattu(Uzhavar Sandhai ),Brinjal,Round,Local,4000,4000,4000,08/09/2026
Tamil Nadu,Vellore,Kahithapattarai(Uzhavar Sandhai ),Brinjal,Other,Local,3600,3600,3600,08/09/2026
Tamil Nadu,Krishnagiri,Kaveripattinam(Uzhavar Sandhai ),Brinjal,Round,Local,4000,5000,4500,08/09/2026
Tamil Nadu,Coimbatore,Sundarapuram(Uzhavar Sandhai ),Brinjal,Other,Local,3500,4000,3750,08/09/2026
Tamil Nadu,Coimbatore,Mettupalayam(Uzhavar Sandhai ),Brinjal,Round,Local,3000,3400,3200,08/09/2026
Tamil Nadu,Namakkal,Tiruchengode APMC,Brinjal,Other,Local,5400,6000,5700,08/09/2026
Tamil Nadu,Coimbatore,RSPuram(Uzhavar Sandhai ),Brinjal,Other,Local,3200,3600,3400,08/09/2026
Tamil Nadu,Salem,Jalagandapuram(Uzhavar Sandhai ),Brinjal,Round,Local,3000,3500,3250,08/09/2026
Tamil Nadu,Thiruchirappalli,Lalgudi(Uzhavar Sandhai ),Brinjal,Other,Local,5600,5600,5600,08/09/2026
Tamil Nadu,Thiruchirappalli,Manapparai(Uzhavar Sandhai ),Brinjal,Other,Local,3000,3000,3000,08/09/2026
Tamil Nadu,Thiruchirappalli,Thiruverumbur(Uzhavar Sandhai ),Brinjal,Other,Local,5000,5000,5000,08/09/2026
Tamil Nadu,Chengalpattu,Chengalpet(Uzhavar Sandhai ),Brinjal,Other,Local,4000,5000,4500,08/09/2026
Tamil Nadu,Chengalpattu,Medavakkam(Uzhavar Sandhai ),Brinjal,Round,Local,5000,5000,5000,08/09/2026
Tamil Nadu,Chengalpattu,Nanganallur(Uzhavar Sandhai ),Brinjal,Round,Local,3500,4000,3750,08/09/2026
Tamil Nadu,Nagapattinam,Nagapattinam(Uzhavar Sandhai ),Brinjal,Round,Local,5300,5300,5300,08/09/2026
Tamil Nadu,Theni,Bodinayakanur(Uzhavar Sandhai ),Brinjal,Round,Local,3600,3600,3600,08/09/2026
Tamil Nadu,Villupuram,Gingee(Uzhavar Sandhai ),Brinjal,Round,Local,3500,3500,3500,08/09/2026
Tamil Nadu,Virudhunagar,Kariyapatti(Uzhavar Sandhai ),Brinjal,Round,Local,4500,5000,4750,08/09/2026
Tamil Nadu,Vellore,Katpadi (Uzhavar Sandhai ),Brinjal,Round,Local,3000,4000,3500,08/09/2026
Tamil Nadu,Madurai,Thirumangalam(Uzhavar Sandhai ),Brinjal,Round,Local,3600,4000,3800,08/09/2026
Tamil Nadu,Salem,Vazhapadi(Uzhavar Sandhai),Brinjal,Other,Local,2800,2800,2800,08/09/2026
Tamil Nadu,Thirupur,Tiruppur (South) (Uzhavar Sandhai ),Brinjal,Other,Local,5000,6000,5500,08/09/2026
Tamil Nadu,Erode,Perundurai(Uzhavar Sandhai ),Brinjal,Round,Local,3000,3500,3250,08/09/2026
Tamil Nadu,Dindigul,Palani(Uzhavar Sandhai ),Brinjal,Round,Local,3000,5000,4000,08/09/2026
Tamil Nadu,Kancheepuram,Kundrathur(Uzhavar Sandhai ),Brinjal,Other,Local,3000,3500,3250,08/09/2026
Tamil Nadu,Krishnagiri,Denkanikottai(Uzhavar Sandhai ),Brinjal,Round,Local,1500,2000,1750,08/09/2026
Tamil Nadu,Krishnagiri,Hosur(Uzhavar Sandhai ),Brinjal,Round,Local,2500,3000,2750,08/09/2026
Tamil Nadu,Madurai,Anna nagar(Uzhavar Sandhai ),Brinjal,Other,Local,2600,3000,2800,08/09/2026
Tamil Nadu,Thiruchirappalli,Thuraiyur APMC,Brinjal,Other,Local,2500,3000,2750,08/09/2026
Tamil Nadu,Salem,Thammampatti (Uzhavar Sandhai ),Brinjal,Round,Local,2500,3500,3000,08/09/2026
Tamil Nadu,Thirunelveli,NGO Colony(Uzhavar Sandhai ),Brinjal,Round,Local,3000,3800,3400,08/09/2026
Tamil Nadu,Coimbatore,Sulur(Uzhavar Sandhai ),Brinjal,Round,Local,4000,5000,4500,08/09/2026
Tamil Nadu,Pudukkottai,Gandarvakottai(Uzhavar Sandhai ),Brinjal,Round,Local,5500,6000,5750,08/09/2026
Tamil Nadu,Erode,Thalavadi(Uzhavar Sandhai ),Brinjal,Round,Local,2600,3200,2900,08/09/2026
Tamil Nadu,Cuddalore,Viruthachalam(Uzhavar Sandhai ),Brinjal,Round,Local,4000,5000,4500,08/09/2026
Tamil Nadu,Tenkasi,Tenkasi(Uzhavar Sandhai ),Brinjal,Other,Local,3500,4000,3750,08/09/2026
Tamil Nadu,Thiruvarur,Tiruvarur(Uzhavar Sandhai ),Brinjal,Round,Local,3800,3800,3800,08/09/2026
Tamil Nadu,Virudhunagar,Aruppukottai(Uzhavar Sandhai ),Brinjal,Round,Local,4000,5000,4500,08/09/2026
Tamil Nadu,Thiruvellore,Tiruthani(Uzhavar Sandhai ),Brinjal,Round,Local,4000,4000,4000,08/09/2026
Tamil Nadu,Chengalpattu,Guduvancheri(Uzhavar Sandhai ),Brinjal,Round,Local,3500,4000,3750,08/09/2026
Tamil Nadu,Vellore,Thirupathur APMC,Brinjal,Round,Local,3500,3500,3500,08/09/2026
Tamil Nadu,The Nilgiris,Coonoor(Uzhavar Sandhai ),Brinjal,Other,Local,3400,3600,3500,08/09/2026
Tamil Nadu,Erode,Sathiyamagalam(Uzhavar Sandhai ),Brinjal,Other,Local,2800,3200,3000,08/09/2026
Tamil Nadu,Dindigul,Dindigul(Uzhavar Sandhai ),Brinjal,Other,Local,5000,6000,5500,08/09/2026
Tamil Nadu,Kallakuruchi,Sankarapuram(Uzhavar Sandhai ),Brinjal,Round,Local,5000,5000,5000,08/09/2026
Tamil Nadu,Kancheepuram,Padappai(Uzhavar Sandhai ),Brinjal,Round,Local,2500,3500,3000,08/09/2026
Tamil Nadu,Kancheepuram,Sunguvarchatram(Uzhavar Sandhai ),Brinjal,Other,Local,3000,3500,3250,08/09/2026
Tamil Nadu,Krishnagiri,Avallapalli(Uzhavar Sandhai ),Brinjal,Round,Local,2500,3000,2750,08/09/2026
Tamil Nadu,Dharmapuri,Karimangalam(Uzhavar Sandhai),Brinjal,Other,Local,2300,2500,2400,08/09/2026
Tamil Nadu,Sivaganga,Tirupatthur(Uzhavar Sandhai ),Brinjal,Other,Local,4000,4500,4250,08/09/2026
Tamil Nadu,Thanjavur,Pattukottai(Uzhavar Sandhai ),Brinjal,Round,Local,3500,4500,4000,08/09/2026
Tamil Nadu,Thanjavur,Thanjavur(Uzhavar Sandhai ),Brinjal,Round,Local,3600,5000,4300,08/09/2026
Tamil Nadu,Thiruchirappalli,KKNagar(Uzhavar Sandhai ),Brinjal,Other,Local,4600,4600,4600,08/09/2026
Tamil Nadu,Virudhunagar,Rajapalayam(Uzhavar Sandhai ),Brinjal,Round,Local,3500,4000,3750,08/09/2026
Tamil Nadu,Virudhunagar,Sathur(Uzhavar Sandhai ),Brinjal,Round,Local,3500,4000,3750,08/09/2026
Tamil Nadu,Virudhunagar,Sivakasi(Uzhavar Sandhai ),Brinjal,Round,Local,3500,4000,3750,08/09/2026
Tamil Nadu,Chengalpattu,Pallavaram(Uzhavar Sandhai ),Brinjal,Round,Local,3500,4000,3750,08/09/2026
Tamil Nadu,Ramanathapuram,Kamuthi(Uzhavar Sandhai ),Brinjal,Round,Local,6000,6500,6250,08/09/2026
Tamil Nadu,Pudukkottai,Alangudi(Uzhavar Sandhai ),Brinjal,Other,Local,5500,6000,5750,08/09/2026
Tamil Nadu,Thiruvellore,Ambattur(Uzhavar Sandhai ),Brinjal,Round,Local,4500,4500,4500,08/09/2026
Tamil Nadu,Thiruvellore,Naravarikuppam(Uzhavar Sandhai ),Brinjal,Round,Local,4500,4500,4500,08/09/2026
Tamil Nadu,Namakkal,Kumarapalayam(Uzhavar Sandhai ),Brinjal,Other,Local,4500,5000,4750,08/09/2026
Tamil Nadu,Namakkal,Paramathivelur(Uzhavar Sandhai ),Brinjal,Round,Local,4600,5000,4800,08/09/2026
Tamil Nadu,Thanjavur,Tirukattupalli(Uzhavar Sandhai ),Brinjal,Round,Local,4600,4600,4600,08/09/2026
Tamil Nadu,Salem,Sooramangalam(Uzhavar Sandhai ),Brinjal,Other,Local,2500,2800,2650,08/09/2026
Tamil Nadu,Thirupur,Kangayam(Uzhavar Sandhai ),Brinjal,Other,Local,5000,5500,5250,08/09/2026
Tamil Nadu,Thirupur,Tiruppur (North) (Uzhavar Sandhai ),Brinjal,Other,Local,2500,3000,2750,08/09/2026
Tamil Nadu,Thiruvannamalai,Tamarainagar(Uzhavar Sandhai ),Brinjal,Round,Local,4000,4800,4400,08/09/2026
Tamil Nadu,Thiruvannamalai,Vandavasi(Uzhavar Sandhai ),Brinjal,Other,Local,4000,5000,4500,08/09/2026
Tamil Nadu,Thanjavur,Peravurani(Uzhavar Sandhai),Brinjal,Round,Local,3500,4500,4000,08/09/2026
Tamil Nadu,Karur,Pallapatti (Uzhavar Sandhai ),Brinjal,Other,Local,5000,6000,5500,08/09/2026
Tamil Nadu,Karur,Vengamedu(Uzhavar Sandhai ),Brinjal,Other,Local,3500,4500,4000,08/09/2026
Tamil Nadu,Salem,Edapadi (Uzhavar Sandhai ),Brinjal,Other,Local,3000,3500,3250,08/09/2026
Tamil Nadu,Cuddalore,Cuddalore(Uzhavar Sandhai ),Brinjal,Round,Local,5000,6000,5500,08/09/2026
Tamil Nadu,Chengalpattu,Thirukalukundram(Uzhavar Sandhai ),Brinjal,Round,Local,4000,5000,4500,08/09/2026
Tamil Nadu,The Nilgiris,Gudalur(Uzhavar Sandhai ),Brinjal,Round,Local,4000,4500,4250,08/09/2026
Tamil Nadu,Nagapattinam,Vedaranyam(Uzhavar Sandhai),Brinjal,Round,Local,4800,5000,4900,08/09/2026
Tamil Nadu,Karur,Kulithalai(Uzhavar Sandhai ),Brinjal,Other,Local,2800,3200,3000,08/09/2026
Tamil Nadu,Thirupur,Palladam(Uzhavar Sandhai ),Brinjal,Other,Local,3500,4000,3750,08/09/2026
Tamil Nadu,Theni,Periyakulam(Uzhavar Sandhai ),Brinjal,Other,Local,3300,3500,3400,08/09/2026
Tamil Nadu,Madurai,Chokkikulam(Uzhavar Sandhai ),Brinjal,Round,Local,3600,4500,4050,08/09/2026
Tamil Nadu,Pudukkottai,Ponnamaravathi(Uzhavar Sandhai),Brinjal,Round,Local,6500,7000,6750,08/09/2026
Tamil Nadu,Nagapattinam,Mayiladuthurai(Uzhavar Sandhai ),Brinjal,Round,Local,4500,5000,4750,08/09/2026
Tamil Nadu,Pudukkottai,Viralimalai(Uzhavar Sandhai ),Brinjal,Round,Local,6000,7000,6500,08/09/2026
Tamil Nadu,Tuticorin,Kovilpatti(Uzhavar Sandhai ),Brinjal,Other,Local,3000,3500,3250,08/09/2026
Tamil Nadu,Villupuram,Villupuram(Uzhavar Sandhai ),Brinjal,Round,Local,4000,6000,5000,08/09/2026
Tamil Nadu,Thiruvannamalai,Cheyyar(Uzhavar Sandhai ),Brinjal,Other,Local,3500,4000,3750,08/09/2026
Tamil Nadu,The Nilgiris,Udhagamandalam(Uzhavar Sandhai ),Brinjal,Other,Local,3000,3500,3250,08/09/2026
Tamil Nadu,Pudukkottai,Aranthangi(Uzhavar Sandhai ),Brinjal,Round,Local,4500,5000,4750,08/09/2026
Tamil Nadu,Sivaganga,Karaikudi(Uzhavar Sandhai ),Brinjal,Round,Local,4000,6000,5000,08/09/2026
Tamil Nadu,Thiruchirappalli,Manachanallur(Uzhavar Sandhai ),Brinjal,Other,Local,2500,3000,2750,08/09/2026
Tamil Nadu,Virudhunagar,Thalavaipuram(Uzhavar Sandhai ),Brinjal,Round,Local,2500,3000,2750,08/09/2026
Tamil Nadu,Virudhunagar,Virudhunagar(Uzhavar Sandhai ),Brinjal,Round,Local,3500,4000,3750,08/09/2026
Tamil Nadu,Chengalpattu,Jameenrayapettai(Uzhavar Sandhai ),Brinjal,Round,Local,3500,4000,3750,08/09/2026
Tamil Nadu,Villupuram,Ulundurpettai APMC,Brinjal,Round,Local,5000,5000,5000,08/09/2026
Tamil Nadu,Ariyalur,Jeyankondam (Uzhavar Sandhai ),Brinjal,Round,Local,4000,4600,4300,08/09/2026
Tamil Nadu,Dindigul,Chinnalapatti(Uzhavar Sandhai ),Brinjal,Other,Local,4000,5000,4500,08/09/2026
Tamil Nadu,Kancheepuram,Kancheepuram(Uzhavar Sandhai ),Brinjal,Round,Local,2500,3500,3000,08/09/2026
Tamil Nadu,Madurai,Usilampatti(Uzhavar Sandhai ),Brinjal,Round,Local,3600,4000,3800,08/09/2026
Tamil Nadu,Namakkal,Mohanur(Uzhavar Sandhai ),Brinjal,Other,Local,5000,5600,5300,08/09/2026
Tamil Nadu,Namakkal,Namakkal(Uzhavar Sandhai ),Brinjal,Other,Local,4500,5000,4750,08/09/2026
Tamil Nadu,Namakkal,Rasipuram(Uzhavar Sandhai ),Brinjal,Other,Local,4500,5400,4950,08/09/2026
Tamil Nadu,Madurai,Palanganatham(Uzhavar Sandhai ),Brinjal,Other,Local,3600,4000,3800,08/09/2026
Tamil Nadu,Ranipet,Arcot(Uzhavar Sandhai ),Brinjal,Other,Local,4800,4800,4800,08/09/2026
Tamil Nadu,Salem,Ammapet(Uzhavar Sandhai ),Brinjal,Other,Local,3200,3400,3300,08/09/2026
Tamil Nadu,Theni,Kambam(Uzhavar Sandhai ),Brinjal,Round,Local,3000,3400,3200,08/09/2026
Tamil Nadu,Cuddalore,Panruti(Uzhavar Sandhai ),Brinjal,Round,Local,4000,5000,4500,08/09/2026
Tamil Nadu,Cuddalore,Vadalur(Uzhavar Sandhai ),Brinjal,Other,Local,4000,4000,4000,08/09/2026
Tamil Nadu,Karur,Velayuthampalayam(Uzhavar Sandhai ),Brinjal,Other,Local,2800,3500,3150,08/09/2026
Tamil Nadu,Salem,Attayampatti(Uzhavar Sandhai ),Brinjal,Round,Local,3600,4000,3800,08/09/2026
Tamil Nadu,Erode,Sampath Nagar(Uzhavar Sandhai ),Brinjal,Other,Local,3000,3400,3200,08/09/2026
Tamil Nadu,Ramanathapuram,Paramakudi(Uzhavar Sandhai ),Brinjal,Round,Local,6500,7000,6750,08/09/2026
Tamil Nadu,Thiruvannamalai,Polur(Uzhavar Sandhai ),Brinjal,Round,Local,4200,4800,4500,08/09/2026
Tamil Nadu,Thiruvarur,Mannargudi II(Uzhavar Sandhai ),Brinjal,Round,Local,3800,3800,3800,08/09/2026
Tamil Nadu,Thiruvarur,Tiruthuraipoondi(Uzhavar Sandhai ),Brinjal,Round,Local,3800,3800,3800,08/09/2026
Tamil Nadu,Thiruvellore,Perambakkam(Uzhavar Sandhai ),Brinjal,Round,Local,4000,4000,4000,08/09/2026
Tamil Nadu,Thanjavur,Papanasam(Uzhavar Sandhai ),Brinjal,Round,Local,3600,6000,4800,08/09/2026
Tamil Nadu,Thirupathur,Vaniyampadi(Uzhavar Sandhai ),Brinjal,Round,Local,4000,4000,4000,08/09/2026
Tamil Nadu,Kallakuruchi,Kallakurichi(Uzhavar Sandhai ),Brinjal,Other,Local,6000,6000,6000,08/09/2026
Tamil Nadu,Salem,Athur(Uzhavar Sandhai ),Brinjal,Other,Local,2500,3000,2750,08/09/2026
Tamil Nadu,Dindigul,Kodaikkanal(Uzhavar Sandhai),Brinjal,Round,Local,5000,6000,5500,08/09/2026
Tamil Nadu,Coimbatore,Pollachi(Uzhavar Sandhai ),Brinjal,Round,Local,4000,4500,4250,08/09/2026
Tamil Nadu,Dharmapuri,Dharmapuri(Uzhavar Sandhai ),Brinjal,Round,Local,2200,2400,2300,08/09/2026
Tamil Nadu,Dharmapuri,Pennagaram(Uzhavar Sandhai ),Brinjal,Round,Local,2500,3000,2750,08/09/2026
Tamil Nadu,Erode,Periyar Nagar(Uzhavar Sandhai ),Brinjal,Other,Local,3000,3400,3200,08/09/2026
Tamil Nadu,Cuddalore,Chidambaram(Uzhavar Sandhai ),Brinjal,Round,Local,4000,5000,4500,08/09/2026
Tamil Nadu,Nagercoil (Kannyiakumari),Vadaseri APMC,Brinjal,Round,Local,5500,6000,5750,08/09/2026
Tamil Nadu,Vellore,Vellore APMC,Brinjal,Other,Local,3500,4000,3750,08/09/2026
Tamil Nadu,Krishnagiri,Krishnagiri(Uzhavar Sandhai ),Brinjal,Round,Local,1500,2000,1750,08/09/2026
Tamil Nadu,Thanjavur,Kumbakonam (Uzhavar Sandhai ),Brinjal,Round,Local,3600,6000,4800,08/09/2026
Tamil Nadu,Thiruvarur,Valangaiman APMC,Brinjal,Round,Local,4000,4000,4000,08/09/2026
Tamil Nadu,Karur,Gandhigramam(Uzhavar Sandhai),Brinjal,Other,Local,3000,3500,3250,08/09/2026
Tamil Nadu,Sivaganga,Singampunari(Uzhavar Sandhai ),Brinjal,Other,Local,3800,4200,4000,08/09/2026
Tamil Nadu,Thiruchirappalli,Musiri(Uzhavar Sandhai ),Brinjal,Other,Local,2600,3000,2800,08/09/2026
Tamil Nadu,Chengalpattu,Madhuranthagam(Uzhavar Sandhai ),Brinjal,Round,Local,4000,4000,4000,08/09/2026
Tamil Nadu,Nagercoil (Kannyiakumari),Myladi(Uzhavar Sandhai ),Brinjal,Round,Local,4500,5000,4750,08/09/2026
Tamil Nadu,Madurai,Anaiyur(Uzhavar Sandhai ),Brinjal,Round,Local,3000,3600,3300,08/09/2026
Tamil Nadu,Salem,Mecheri(Uzhavar Sandhai),Brinjal,Other,Local,3000,3500,3250,08/09/2026
Tamil Nadu,Salem,Mettur(Uzhavar Sandhai ),Brinjal,Other,Local,3000,3500,3250,08/09/2026
Tamil Nadu,Salem,Thathakapatti(Uzhavar Sandhai ),Brinjal,Round,Local,3400,3800,3600,08/09/2026
Tamil Nadu,Theni,Chinnamanur(Uzhavar Sandhai ),Brinjal,Other,Local,3200,3600,3400,08/09/2026
Tamil Nadu,Thirunelveli,Ambasamudram(Uzhavar Sandhai ),Brinjal,Round,Local,2500,3000,2750,08/09/2026
Tamil Nadu,Thirunelveli,Melapalayam(Uzhavar Sandhai ),Brinjal,Other,Local,2000,2500,2250,08/09/2026
Tamil Nadu,Thiruvannamalai,Chengam(Uzhavar Sandhai ),Brinjal,Round,Local,3300,4000,3650,08/09/2026
Tamil Nadu,Theni,Devaram(Uzhavar Sandhai ),Brinjal,Round,Local,3200,3200,3200,08/09/2026
Tamil Nadu,Sivaganga,Sivagangai (Uzhavar Sandhai ),Brinjal,Other,Local,3800,4200,4000,08/09/2026
Tamil Nadu,Sivaganga,Devakottai (Uzhavar Sandhai ),Brinjal,Other,Local,4000,4200,4100,08/09/2026
Tamil Nadu,Karur,Karur(Uzhavar Sandhai ),Brinjal,Other,Local,3500,4500,4000,08/09/2026
Tamil Nadu,Coimbatore,Kurichi(Uzhavar Sandhai ),Brinjal,Other,Local,4000,5000,4500,08/09/2026
Tamil Nadu,Tuticorin,Tuticorin(Uzhavar Sandhai ),Brinjal,Round,Local,3000,3500,3250,08/09/2026
Tamil Nadu,Pudukkottai,Karambakkudi(Uzhavar Sandhai ),Brinjal,Other,Local,5000,6000,5500,08/09/2026
Tamil Nadu,Dharmapuri,Harur(Uzhavar Sandhai ),Brinjal,Round,Local,2500,3000,2750,08/09/2026
Tamil Nadu,Coimbatore,Singanallur(Uzhavar Sandhai ),Brinjal,Round,Local,3600,5000,4300,08/09/2026
Tamil Nadu,Erode,Gobichettipalayam(Uzhavar Sandhai ),Brinjal,Round,Local,4000,4200,4100,08/09/2026
Tamil Nadu,Ramanathapuram,Ramanathapuram(Uzhavar Sandhai ),Brinjal,Round,Local,6500,7000,6750,08/09/2026
Tamil Nadu,Thiruvannamalai,Arani(Uzhavar Sandhai ),Brinjal,Round,Local,4000,5000,4500,08/09/2026
Tamil Nadu,Thiruvannamalai,Tiruvannamalai(Uzhavar Sandhai ),Brinjal,Round,Local,5000,6000,5500,08/09/2026
Tamil Nadu,Vellore,Gudiyatham(Uzhavar Sandhai ),Brinjal,Other,Local,2500,2500,2500,08/09/2026
Tamil Nadu,Ariyalur,Ariyalur(Uzhavar Sandhai),Brinjal,Round,Local,5000,5500,5250,08/09/2026
Tamil Nadu,Villupuram,Tindivanam APMC,Brinjal,Round,Local,3000,3000,3000,08/09/2026
Tamil Nadu,Tenkasi,Sankarankoil(Uzhavar Sandhai ),Brinjal,Other,Local,3000,3500,3250,08/09/2026
Tamil Nadu,Pudukkottai,Pudukottai(Uzhavar Sandhai ),Brinjal,Other,Local,6000,7000,6500,08/09/2026
Tamil Nadu,Theni,Andipatti(Uzhavar Sandhai ),Brinjal,Round,Local,3200,3600,3400,08/09/2026
Tamil Nadu,Thiruvarur,Needamangalam(Uzhavar Sandhai ),Brinjal,Round,Local,3600,3600,3600,08/09/2026
Tamil Nadu,Thiruvellore,Tiruvallur(Uzhavar Sandhai ),Brinjal,Round,Local,4000,4000,4000,08/09/2026
Tamil Nadu,Madurai,Melur(Uzhavar Sandhai ),Brinjal,Round,Local,3000,3600,3300,08/09/2026
Tamil Nadu,Vellore,Perampet(Uzhavar Sandhai),Brinjal,Other,Local,3000,3600,3300,08/09/2026
Tamil Nadu,Thirupur,Dharapuram(Uzhavar Sandhai ),Brinjal,Round,Local,5500,5500,5500,08/09/2026
Tamil Nadu,Dharmapuri,Palacode(Uzhavar Sandhai ),Brinjal,Other,Local,2600,3000,2800,08/09/2026
Tamil Nadu,Nagapattinam,Sirkali(Uzhavar Sandhai ),Brinjal,Round,Local,5000,5500,5250,08/09/2026
Tamil Nadu,Perambalur,Perambalur(Uzhavar Sandhai ),Brinjal,Other,Local,4400,4800,4600,08/09/2026
Tamil Nadu,Ranipet,Ranipettai(Uzhavar Sandhai ),Brinjal,Other,Local,3600,4400,4000,08/09/2026
Tamil Nadu,Theni,Theni(Uzhavar Sandhai ),Brinjal,Other,Local,3000,3500,3250,08/09/2026
Tamil Nadu,Thirunelveli,Kandiyaperi(Uzhavar Sandhai ),Brinjal,Other,Local,2000,2500,2250,08/09/2026
Tamil Nadu,Thirunelveli,Palayamkottai(Uzhavar Sandhai ),Brinjal,Other,Local,2000,2500,2250,08/09/2026
Tamil Nadu,Thiruvannamalai,Keelpennathur(Uzhavar Sandhai ),Brinjal,Round,Local,4500,5000,4750,08/09/2026
Tamil Nadu,Thiruvarur,Muthupettai(Uzhavar Sandhai ),Brinjal,Round,Local,3600,3600,3600,08/09/2026
Tamil Nadu,Dharmapuri,AJattihalli(Uzhavar Sandhai ),Brinjal,Other,Local,2000,2400,2200,08/09/2026
Tamil Nadu,Salem,Elampillai(Uzhavar Sandhai ),Brinjal,Other,Local,3000,3500,3250,08/09/2026
Tamil Nadu,Salem,Hasthampatti(Uzhavar Sandhai ),Brinjal,Round,Local,3000,3500,3250,08/09/2026
Madhya Pradesh,Burhanpur,Burhanpur(F&V) APMC,Brinjal,Brinjal,Local,1000,2000,1800,08/09/2026
Madhya Pradesh,Khandwa,Khandwa(F&V) APMC,Brinjal,Brinjal,FAQ,1000,2500,1250,08/09/2026
Madhya Pradesh,Sagar,Sagar(F&V) APMC,Brinjal,Brinjal,Local,600,800,700,08/09/2026
Madhya Pradesh,Morena,Kailaras APMC,Brinjal,Other,FAQ,1000,1000,1000,08/09/2026
Madhya Pradesh,Shivpuri,Karera(F&V) APMC,Brinjal,Brinjal,Local,600,1100,800,08/09/2026
Madhya Pradesh,Hoshangabad,Pipariya(F&V) APMC,Brinjal,Brinjal,Local,800,2100,1500,08/09/2026
Madhya Pradesh,Sagar,Devri(F&V) APMC,Brinjal,Brinjal,Grade B,890,890,890,08/09/2026
Madhya Pradesh,Shivpuri,Shivpuri(F&V) APMC,Brinjal,Other,Grade B,600,600,600,08/09/2026
Madhya Pradesh,Satna,Maihar(F&V) APMC,Brinjal,Brinjal,Local,1000,1000,1000,08/09/2026
Madhya Pradesh,Ujjain,Ujjain(F&V) APMC,Brinjal,Brinjal,Medium,650,2140,1263,08/09/2026
Madhya Pradesh,Mandsaur,Mandsaur(F&V) APMC,Brinjal,Other,Grade A,1125,1725,1525,08/09/2026
Madhya Pradesh,Katni,Katni(F&V) APMC,Brinjal,Other,Grade C,600,1200,912.5,08/09/2026
Madhya Pradesh,Harda,Sirali(F&V) APMC,Brinjal,Brinjal,Grade A,700,700,700,08/09/2026
Madhya Pradesh,Badwani,Sendhwa(F&V) APMC,Brinjal,Round,Small,600,1100,900,08/09/2026
Madhya Pradesh,Dewas,Dewas(F&V) APMC,Brinjal,Other,FAQ,500,1400,600,08/09/2026
Madhya Pradesh,Sehore,Sehore(F&V) APMC,Brinjal,Brinjal,Grade Range-1,1500,2000,1600,08/09/2026
Madhya Pradesh,Betul,Betul(F&V) APMC,Brinjal,Brinjal,FAQ,800,1300,1000,08/09/2026
Madhya Pradesh,Indore,Sanwer(F&V) APMC,Brinjal,Brinjal,FAQ,800,1200,1000,08/09/2026
Madhya Pradesh,Indore,Indore(F&V) APMC,Brinjal,Brinjal,Local,300,1000,600,08/09/2026
Madhya Pradesh,Hoshangabad,Hoshangabad(F&V) APMC,Brinjal,Brinjal,FAQ,750,1310,920,08/09/2026
Madhya Pradesh,Betul,Multai(F&V) APMC,Brinjal,Brinjal,FAQ,500,1000,800,08/09/2026
Madhya Pradesh,Khandwa,Khargone(F&V) APMC,Brinjal,Brinjal,Medium,800,1200,1000,08/09/2026
Madhya Pradesh,Dhar,Kukshi(F&V) APMC,Brinjal,Brinjal,Grade A,400,800,600,08/09/2026
Maharashtra,Pune,APMC Khed ,Brinjal,Other,Local,1000,4000,2500,08/09/2026
Maharashtra,Nagpur,APMC Hingna,Brinjal,Other,Local,1000,4000,2161,08/09/2026
Maharashtra,Pune,Pune(Pimpri) ,Brinjal,Other,Local,3500,3500,3500,08/09/2026
Maharashtra,Raigad,APMC Pen ,Brinjal,Other,Local,3600,3800,3600,08/09/2026
Maharashtra,Amarawati,Amrawati(Frui & Veg. Market) ,Brinjal,Other,Local,1500,2500,2000,08/09/2026
Maharashtra,Nagpur,APMC Nagpur ,Brinjal,Other,Local,1800,2200,2100,08/09/2026
Maharashtra,Ahilyanagar,APMC Ahilyanagar ,Brinjal,Other,Local,500,2500,1500,08/09/2026
Maharashtra,Pune,APMC Pune ,Brinjal,Other,Local,1000,2500,1750,08/09/2026
Maharashtra,Satara,APMC Karad ,Brinjal,Other,Local,1000,1200,1200,08/09/2026
Maharashtra,Satara,APMC Satara ,Brinjal,Other,Local,2000,3000,2500,08/09/2026
Maharashtra,Solapur,APMC Solapur ,Brinjal,Other,Local,600,3000,1500,08/09/2026
Maharashtra,Mumbai,APMC Mumbai ,Brinjal,Other,Local,1600,2200,1900,08/09/2026
Maharashtra,Nagpur,APMC Kamthi ,Brinjal,Other,Local,2000,2500,2350,08/09/2026
Maharashtra,Ratnagiri,APMC Ratnagiri (Nachane) ,Brinjal,Other,Local,1000,1600,1300,08/09/2026
Maharashtra,Sangli,APMC Vita ,Brinjal,Other,Local,2500,3000,2600,08/09/2026
Maharashtra,Satara,APMC Vai ,Brinjal,Other,Local,2000,2500,2250,08/09/2026
Maharashtra,Satara,APMC Patan ,Brinjal,Other,Local,1500,2000,1750,08/09/2026
Maharashtra,Nashik,APMC Ghoti ,Brinjal,Other,Local,2000,2000,2000,08/09/2026
Maharashtra,Ahilyanagar,APMC Rahata ,Brinjal,Other,Local,700,1400,1050,08/09/2026
Maharashtra,Pune,Pune(Moshi) ,Brinjal,Other,Local,2000,2500,2250,08/09/2026
Maharashtra,Kolhapur,APMC Kolhapur ,Brinjal,Other,Local,1500,4500,3000,08/09/2026
Maharashtra,Kolhapur,APMC Vadgaonpeth ,Brinjal,Other,Local,1600,2500,1900,08/09/2026
Maharashtra,Pune,Junnar(Otur) ,Brinjal,Other,Local,500,1400,1100,08/09/2026
Maharashtra,Pune,Pune(Khadiki) ,Brinjal,Other,Local,1500,1800,1650,08/09/2026
Maharashtra,Pune,Pune(Manjri) ,Brinjal,Other,Local,2000,4000,3000,08/09/2026
Maharashtra,Chattrapati Sambhajinagar,APMC Chattrapati Sambhajinagar ,Brinjal,Other,Local,800,1400,1100,08/09/2026
Maharashtra,Jalgaon,APMC Bhusaval ,Brinjal,Other,Local,4000,5000,4500,08/09/2026
Maharashtra,Nagpur,APMC Kalmeshwar ,Brinjal,Other,Local,1535,2000,1855,08/09/2026
Uttar Pradesh,Sonbhadra,Dudhi APMC,Brinjal,Brinjal,Local,1100,1300,1200,08/09/2026
Uttar Pradesh,Shamli,Kairana APMC,Brinjal,Round/Long,FAQ,1000,1100,1050,08/09/2026
Uttar Pradesh,Badaun,Shahaswan APMC,Brinjal,Brinjal,Medium,1000,1020,1010,08/09/2026
Uttar Pradesh,Bulandshahar,Gulavati APMC,Brinjal,Brinjal,FAQ,1500,1700,1600,08/09/2026
Uttar Pradesh,Etah,Awagarh APMC,Brinjal,Brinjal,FAQ,1300,1500,1400,08/09/2026
Uttar Pradesh,Amroha,Hasanpur APMC,Brinjal,Round/Long,FAQ,1450,1520,1500,08/09/2026
Uttar Pradesh,Siddharth Nagar,Naugarh APMC,Brinjal,Brinjal,Grade A,1780,1795,1790,08/09/2026
Uttar Pradesh,Mau(Maunathbhanjan),Kopaganj APMC,Brinjal,Brinjal,FAQ,1490,1600,1500,08/09/2026
Uttar Pradesh,Balrampur,Tulsipur APMC,Brinjal,Round/Long,FAQ,2120,2180,2150,08/09/2026
Uttar Pradesh,Sambhal,Sambhal APMC,Brinjal,Brinjal,FAQ,700,820,750,08/09/2026
Uttar Pradesh,Saharanpur,Rampurmaniharan APMC,Brinjal,Brinjal,Grade C,1100,1300,1200,08/09/2026
Uttar Pradesh,Khiri (Lakhimpur),Maigalganj APMC,Brinjal,Round/Long,FAQ,1060,1100,1080,08/09/2026
Uttar Pradesh,Shamli,Khandhla APMC,Brinjal,Brinjal,FAQ,500,560,530,08/09/2026
Uttar Pradesh,Saharanpur,CHHUTMALPUR APMC,Brinjal,Brinjal,Local,700,900,800,08/09/2026
Uttar Pradesh,Farukhabad,Kayamganj APMC,Brinjal,Brinjal,FAQ,1700,1800,1750,08/09/2026
Uttar Pradesh,Sant Kabir Nagar,Khalilabad APMC,Brinjal,Brinjal,Medium,1100,1300,1200,08/09/2026
Uttar Pradesh,Etawah,Jasvantnagar APMC,Brinjal,Round/Long,Medium,1575,1675,1625,08/09/2026
Uttar Pradesh,Jalaun (Orai),Konch APMC,Brinjal,Other,FAQ,1200,1400,1300,08/09/2026
Uttar Pradesh,Hathras,Shadabad APMC,Brinjal,Brinjal,Small,600,700,650,08/09/2026
Rajasthan,Udaipur,Udaipur (F&V) APMC,Brinjal,Other,Medium,1000,2500,1750,08/09/2026
Rajasthan,Ajmer,Ajmer(F&V) APMC,Brinjal,Other,Medium,600,1600,1100,08/09/2026
Rajasthan,Jaipur,Jaipur (F&V) APMC,Brinjal,Other,FAQ,1500,2500,2000,08/09/2026
Rajasthan,Ganganagar,Sriganganagar (F&V) APMC,Brinjal,Brinjal,Grade B,1700,2100,1900,08/09/2026
Karnataka,Chikkamagaluru,Kadur APMC,Brinjal,Brinjal,Medium,2082,2082,2082,08/09/2026
Karnataka,Shivamogga,Shimoga APMC,Brinjal,Brinjal,Local,1000,1200,1100,08/09/2026
Karnataka,Davangere,Honnali APMC,Brinjal,Brinjal,Medium,700,800,750,08/09/2026
Karnataka,Belagavi,Belgaum APMC,Brinjal,Other,Large,2500,2800,2500,08/09/2026
Karnataka,Bengaluru Rural,Doddaballapur APMC,Brinjal,Brinjal,Medium,1500,2000,1800,08/09/2026
Karnataka,Chikkaballapur,Bagepalli APMC,Brinjal,Brinjal,Small,1000,1500,1100,08/09/2026
Karnataka,Chamarajanagar,Chamarajanagar APMC,Brinjal,Round/Long,Local,1600,2800,2100,08/09/2026
Karnataka,Bengaluru,Binny Mill (FF&V) Bengaluru APMC,Brinjal,Brinjal,Local,2400,2700,2500,08/09/2026
Karnataka,Bengaluru South,Ramanagara APMC,Brinjal,Round,Local,1600,2200,2000,08/09/2026
Karnataka,Bengaluru South,Ramanagara APMC,Brinjal,Brinjal,Local,1800,3000,2400,08/09/2026
Karnataka,Chamarajanagar,Chamarajanagar APMC,Brinjal,Other,Local,1200,3000,2000,08/09/2026
Karnataka,Chikkaballapur,Chintamani APMC,Brinjal,Brinjal,Local,1000,2000,1500,08/09/2026
Karnataka,Kolar,Bangarpet APMC,Brinjal,Brinjal,Local,300,1500,800,08/09/2026
Karnataka,Kalaburagi,Kalaburagi APMC,Brinjal,Brinjal,Local,1000,1800,1400,08/09/2026
Gujarat,Gir Somnath,Talalagir APMC,Brinjal,Brinjal,FAQ,320,570,450,08/09/2026
Gujarat,Navsari,Bilimora APMC,Brinjal,Other,FAQ,500,1000,700,08/09/2026
Gujarat,Dahod,Dahod(Veg. Market) APMC,Brinjal,Brinjal,Local,300,2500,1500,08/09/2026
Gujarat,Gandhinagar,Mansa(Manas Veg Yard) APMC,Brinjal,Round,Local,3500,3500,3500,08/09/2026
Gujarat,Amreli,Damnagar APMC,Brinjal,Other,Local,2500,2500,2500,08/09/2026
Gujarat,Mehsana,Mehsana(Mehsana Veg) APMC,Brinjal,Brinjal,Local,600,2000,1500,08/09/2026
Gujarat,Rajkot,Rajkot(Veg.Sub Yard) APMC,Brinjal,Brinjal,FAQ,780,1360,1070,08/09/2026
Gujarat,Bharuch,Bharuch APMC,Brinjal,Other,Local,1000,1500,1200,08/09/2026
Gujarat,Navsari,Navsari APMC,Brinjal,Brinjal,Local,750,1000,875,08/09/2026
Gujarat,Surat,Surat APMC,Brinjal,Brinjal,FAQ,500,2300,1400,08/09/2026
Haryana,Kaithal,Siwan APMC,Brinjal,Other,FAQ,1800,2000,1900,08/09/2026
Haryana,Hissar,Hansi APMC,Brinjal,Other,FAQ,800,1000,900,08/09/2026
Haryana,Yamuna Nagar,Sadhaura APMC,Brinjal,Brinjal,Local,1300,1500,1400,08/09/2026
Haryana,Fatehabad,Ratia APMC,Brinjal,Other,Grade A,1200,1500,1400,08/09/2026
Haryana,Panchkula,Barwala APMC,Brinjal,Brinjal,FAQ,1500,2000,1750,08/09/2026
Haryana,Jhajar,Bahadurgarh APMC,Brinjal,Other,Medium,1200,1500,1400,08/09/2026
Haryana,Kurukshetra,Shahabad APMC,Brinjal,Brinjal,Medium,1000,2000,1600,08/09/2026
Haryana,Gurgaon,Sohna APMC,Brinjal,Brinjal,Local,1500,2200,2000,08/09/2026
Haryana,Mahendragarh-Narnaul,Narnaul APMC,Brinjal,Brinjal,Medium,1000,2500,2000,08/09/2026
Haryana,Panchkula,Raipur Rani APMC,Brinjal,Other,Local,1400,1600,1400,08/09/2026
Haryana,Rohtak,Meham,Brinjal,Brinjal,Medium,1200,1200,1200,08/09/2026
Haryana,Faridabad,Ballabhgarh APMC,Brinjal,Other,FAQ,1000,1500,1200,08/09/2026
Haryana,Jhajar,Jhajjar APMC,Brinjal,Other,Medium,1500,1500,1500,08/09/2026
Haryana,Panipat,Panipat APMC,Brinjal,Other,Local,700,1100,900,08/09/2026
Haryana,Mahendragarh-Narnaul,Mohindergarh APMC,Brinjal,Brinjal,Medium,700,1000,1000,08/09/2026
Haryana,Ambala,Shahzadpur APMC,Brinjal,Brinjal,FAQ,1500,1500,1500,08/09/2026
Haryana,Mewat,Nuh APMC,Brinjal,Other,Local,1200,1500,1200,08/09/2026
Haryana,Sonipat,Sonepat APMC,Brinjal,Other,FAQ,1600,2500,2000,08/09/2026
Haryana,Fatehabad,Jakhal APMC,Brinjal,Other,Local,1500,1500,1500,08/09/2026
Haryana,Sonipat,Ganaur APMC,Brinjal,Brinjal,Medium,3000,4000,3500,08/09/2026
Haryana,Kurukshetra,Ladwa APMC,Brinjal,Brinjal,Medium,2500,3000,3000,08/09/2026
Haryana,Rohtak,Sampla APMC,Brinjal,Other,Local,2000,2200,2000,08/09/2026
Haryana,Kurukshetra,Thanesar APMC,Brinjal,Brinjal,Local,1500,2500,2000,08/09/2026
Haryana,Ambala,Naraingarh APMC,Brinjal,Brinjal,Medium,1000,2700,1400,08/09/2026
Haryana,Yamuna Nagar,Mustafabad APMC,Brinjal,Other,FAQ,1100,1200,1100,08/09/2026
Haryana,Yamuna Nagar,Jagadhri APMC,Brinjal,Brinjal,Medium,1200,1700,1500,08/09/2026
Haryana,Hissar,Barwala(Hisar) APMC,Brinjal,Brinjal,Local,1000,1500,1250,08/09/2026
Haryana,Mewat,FerozpurZirkha(Nagina) APMC,Brinjal,Other,Local,1000,1400,1200,08/09/2026
Haryana,Sonipat,Gohana APMC,Brinjal,Other,Medium,2000,2500,2200,08/09/2026
Punjab,Ferozpur,Zira APMC,Brinjal,Other,Local,1200,1200,1200,08/09/2026
Punjab,Hoshiarpur,Dasuya APMC,Brinjal,Brinjal,FAQ,3000,3000,3000,08/09/2026
Punjab,Tarntaran,Khadur Sahib(Fetehabad) APMC,Brinjal,Other,Grade B,1500,1500,1500,08/09/2026
Punjab,Ludhiana,Khanna APMC,Brinjal,Round,Grade A,1500,1500,1500,08/09/2026
Punjab,Patiala,Patran APMC,Brinjal,Other,Grade A,1660,1660,1660,08/09/2026
Punjab,Fazilka,Jalalabad APMC,Brinjal,Other,Medium,2500,2700,2600,08/09/2026
Punjab,Gurdaspur,Dinanagar APMC,Brinjal,Brinjal,Medium,1800,2000,1900,08/09/2026
Punjab,Jalandhar,Bhogpur APMC,Brinjal,Round/Long,Local,1500,1500,1500,08/09/2026
Punjab,Bhatinda,Bhagta Bhai Ka APMC,Brinjal,Other,Medium,2900,2900,2900,08/09/2026
Punjab,Gurdaspur,Dera Baba Nanak APMC,Brinjal,Other,Grade A,726,726,726,08/09/2026
Punjab,Tarntaran,Harike APMC,Brinjal,Brinjal,FAQ,300,400,350,08/09/2026
Punjab,Mansa,Mansa APMC,Brinjal,Brinjal,FAQ,2560,2560,2560,08/09/2026
Punjab,Amritsar,Rayya APMC,Brinjal,Brinjal,FAQ,500,500,500,08/09/2026
Punjab,Fatehgarh,Bassi Pathana APMC,Brinjal,Brinjal,Medium,2200,2500,2300,08/09/2026
Punjab,Hoshiarpur,Tanda Urmur APMC,Brinjal,Brinjal,Grade A,2500,3000,2800,08/09/2026
Punjab,Fazilka,Fazilka APMC,Brinjal,Brinjal,FAQ,2500,2500,2500,08/09/2026
Punjab,Jalandhar,Nakodar APMC,Brinjal,Brinjal,Local,750,750,750,08/09/2026
Punjab,Jalandhar,Nakodar APMC,Brinjal,Other,Local,1250,1250,1250,08/09/2026
Punjab,Moga,Baghapurana APMC,Brinjal,Brinjal,Grade B,1700,2500,2000,08/09/2026
Punjab,Patiala,Nabha APMC,Brinjal,Other,Grade C,800,1400,1000,08/09/2026
Punjab,Nawanshahr,Balachaur APMC,Brinjal,Other,Medium,1500,2000,1500,08/09/2026
Punjab,Jalandhar,Jalandhar City(Jalandhar) APMC,Brinjal,Other,FAQ,500,1200,800,08/09/2026
Punjab,Muktsar,Muktsar APMC,Brinjal,Round/Long,Medium,1000,1450,1200,08/09/2026
Punjab,Ludhiana,Doraha APMC,Brinjal,Other,Local,1000,2000,1500,08/09/2026
Punjab,Bhatinda,Rampuraphul(Nabha Mandi) APMC,Brinjal,Brinjal,Grade A,1000,1500,1200,08/09/2026
Punjab,Jalandhar,Nakodar APMC,Brinjal,Round,Local,1150,1150,1150,08/09/2026
Punjab,Muktsar,Malout APMC,Brinjal,Brinjal,Grade A,1800,1800,1800,08/09/2026
Punjab,Sangrur,Malerkotla APMC,Brinjal,Other,Local,500,1500,1000,08/09/2026
Punjab,Mohali,Lalru APMC,Brinjal,Other,Local,2800,2800,2800,08/09/2026
Punjab,Tarntaran,Patti APMC,Brinjal,Other,Local,0.1,0.1,0.1,08/09/2026
Punjab,Jalandhar,Adampur APMC,Brinjal,Brinjal,FAQ,1000,1500,1500,08/09/2026
Punjab,Jalandhar,Goraya APMC,Brinjal,Other,Local,1000,1000,1000,08/09/2026
Punjab,Jalandhar,Lohian Khas APMC,Brinjal,Other,Local,1000,1200,1100,08/09/2026
Punjab,Hoshiarpur,Mukerian APMC,Brinjal,Brinjal,Grade B,1500,2500,2000,08/09/2026
Punjab,Gurdaspur,F.G.Churian APMC,Brinjal,Brinjal,Grade A,1500,1500,1500,08/09/2026
Punjab,Gurdaspur,Quadian APMC,Brinjal,Other,Grade A,1100,1300,1200,08/09/2026
Punjab,Ludhiana,Jagraon APMC,Brinjal,Other,FAQ,800,800,800,08/09/2026
Punjab,Patiala,Rajpura APMC,Brinjal,Brinjal,Grade B,2100,2300,2200,08/09/2026
Andhra Pradesh,Chittor,Palamaner APMC,Brinjal,Brinjal,FAQ,1500,2200,1800,08/09/2026
West Bengal,Nadia,Karimpur APMC,Brinjal,Other,Grade A,3200,3500,3400,08/09/2026
West Bengal,Bankura,Bishnupur(Bankura) APMC,Brinjal,Brinjal,FAQ,3700,4500,4200,08/09/2026
West Bengal,Medinipur(E),Tamluk (Medinipur E) APMC,Brinjal,Brinjal,FAQ,3800,4200,4000,08/09/2026
West Bengal,Hooghly,Champadanga APMC,Brinjal,Brinjal,FAQ,4800,5000,4800,08/09/2026
West Bengal,Nadia,Ranaghat APMC,Brinjal,Other,FAQ,5000,5400,5200,08/09/2026
West Bengal,Birbhum,Bolpur APMC,Brinjal,Brinjal,FAQ,5800,6000,5900,08/09/2026
West Bengal,Purba Bardhaman,Memari APMC,Brinjal,Brinjal,FAQ,3600,3800,3700,08/09/2026
West Bengal,Uttar Dinajpur,Raiganj APMC,Brinjal,Round/Long,FAQ,3500,4500,4000,08/09/2026
West Bengal,Puruliya,Balarampur APMC,Brinjal,Other,Local,2500,3500,3000,08/09/2026
West Bengal,Jhargram,Jhargram APMC,Brinjal,Other,FAQ,3200,3400,3400,08/09/2026
West Bengal,Nadia,Nadia APMC,Brinjal,Other,FAQ,4700,4900,4800,08/09/2026
West Bengal,Hooghly,Kalipur APMC,Brinjal,Brinjal,FAQ,4600,5000,4800,08/09/2026
West Bengal,Bankura,Bankura Sadar APMC,Brinjal,Brinjal,FAQ,3700,4000,3800,08/09/2026
West Bengal,Bankura,Khatra APMC,Brinjal,Round/Long,FAQ,3500,4500,4000,08/09/2026
West Bengal,Paschim Bardhaman,Durgapur APMC,Brinjal,Other,FAQ,3550,3700,3650,08/09/2026
West Bengal,Uttar Dinajpur,Islampur APMC,Brinjal,Brinjal,FAQ,3500,4500,4000,08/09/2026
West Bengal,Jalpaiguri,Jalpaiguri Sadar APMC,Brinjal,Other,FAQ,3200,3400,3300,08/09/2026
West Bengal,Sounth 24 Parganas,Diamond Harbour(South 24-pgs) APMC,Brinjal,Brinjal,FAQ,5000,5400,5200,08/09/2026
West Bengal,Purba Bardhaman,Guskara APMC,Brinjal,Other,FAQ,4600,4700,4600,08/09/2026
West Bengal,Coochbehar,Baxirhat APMC,Brinjal,Brinjal,FAQ,4000,4400,4200,08/09/2026
West Bengal,Dakshin Dinajpur,Balurghat APMC,Brinjal,Round/Long,FAQ,3800,4200,4000,08/09/2026
West Bengal,Paschim Bardhaman,Asansol APMC,Brinjal,Other,FAQ,3550,3700,3600,08/09/2026
West Bengal,Bankura,Indus(Bankura Sadar) APMC,Brinjal,Brinjal,FAQ,3600,4000,3800,08/09/2026
West Bengal,Nadia,Chakdah APMC,Brinjal,Brinjal,FAQ,4800,5200,5000,08/09/2026
West Bengal,Kolkata,Sealdah Koley Market APMC,Brinjal,Other,FAQ,5000,6000,6000,08/09/2026
West Bengal,Murshidabad,Jangipur APMC,Brinjal,Other,FAQ,4150,4300,4200,08/09/2026
West Bengal,Medinipur(W),Medinipur(West) APMC,Brinjal,Brinjal,FAQ,3500,3800,3600,08/09/2026
West Bengal,Hooghly,Pandua APMC,Brinjal,Round/Long,FAQ,4300,4650,4500,08/09/2026
West Bengal,Medinipur(W),Ghatal APMC,Brinjal,Brinjal,FAQ,5300,5500,5400,08/09/2026
West Bengal,Birbhum,Sainthia APMC,Brinjal,Brinjal,FAQ,5800,6000,5900,08/09/2026
West Bengal,Howrah,Uluberia APMC,Brinjal,Other,FAQ,4000,5000,4500,08/09/2026
West Bengal,Howrah,Ramkrishanpur(Howrah) APMC,Brinjal,Brinjal,FAQ,4200,5000,4500,08/09/2026
West Bengal,North 24 Parganas,Barasat APMC,Brinjal,Other,FAQ,4800,4800,4800,08/09/2026
West Bengal,Birbhum,Birbhum APMC,Brinjal,Brinjal,FAQ,5800,6000,5900,08/09/2026
West Bengal,Puruliya,Purulia APMC,Brinjal,Other,FAQ,2800,3500,3200,08/09/2026
West Bengal,Alipurduar,Alipurduar APMC,Brinjal,Brinjal,FAQ,2500,3200,3000,08/09/2026
West Bengal,Coochbehar,Coochbehar APMC,Brinjal,Brinjal,FAQ,2800,3000,2900,08/09/2026
West Bengal,Jalpaiguri,Dhupguri APMC,Brinjal,Other,FAQ,3100,3300,3200,08/09/2026
West Bengal,Coochbehar,Dinhata APMC,Brinjal,Brinjal,FAQ,4000,4400,4200,08/09/2026
West Bengal,Coochbehar,Haldibari APMC,Brinjal,Brinjal,FAQ,4000,4400,4200,08/09/2026
West Bengal,North 24 Parganas,Habra APMC,Brinjal,Brinjal,FAQ,5500,5500,5500,08/09/2026
West Bengal,Coochbehar,Mekhliganj APMC,Brinjal,Brinjal,FAQ,4000,4400,4200,08/09/2026
West Bengal,Coochbehar,Toofanganj APMC,Brinjal,Brinjal,FAQ,4000,4400,4200,08/09/2026
West Bengal,Coochbehar,Pundibari APMC,Brinjal,Brinjal,FAQ,2800,3000,2900,08/09/2026
West Bengal,Medinipur(E),Egra/contai APMC,Brinjal,Brinjal,FAQ,2800,3000,2900,08/09/2026
West Bengal,Purba Bardhaman,Kalna APMC,Brinjal,Brinjal,FAQ,4500,4600,4500,08/09/2026
West Bengal,Sounth 24 Parganas,Baruipur(Canning) APMC,Brinjal,Brinjal,FAQ,5000,5200,5100,08/09/2026
West Bengal,Hooghly,Sheoraphuly APMC,Brinjal,Round/Long,FAQ,4325,4475,4375,08/09/2026
West Bengal,Coochbehar,Mathabhanga APMC,Brinjal,Brinjal,FAQ,4000,4400,4200,08/09/2026
West Bengal,Murshidabad,Lalbagh APMC,Brinjal,Brinjal,FAQ,2900,3050,3000,08/09/2026
West Bengal,Dakshin Dinajpur,Gangarampur(Dakshin Dinajpur) APMC,Brinjal,Other,FAQ,3500,4000,3800,08/09/2026
Odisha,Rayagada,Rayagada APMC,Brinjal,Brinjal,Local,2700,2800,2800,08/09/2026
Odisha,Sonepur,Dungurapalli APMC,Brinjal,Other,Local,4000,4000,4000,08/09/2026
Odisha,Keonjhar,Anandapur APMC,Brinjal,Other,Local,5100,5100,5100,08/09/2026
Odisha,Dhenkanal,Kamakhyanagar APMC,Brinjal,Brinjal,Grade A,6000,6000,6000,08/09/2026
Odisha,Bargarh,Padampur APMC,Brinjal,Brinjal,Grade C,1800,2200,2000,08/09/2026
Odisha,Cuttack,Banki APMC,Brinjal,Other,Local,5000,6000,5500,08/09/2026
Odisha,Boudh,Boudh APMC,Brinjal,Other,Local,7000,8000,7500,08/09/2026
Odisha,Mayurbhanja,Betnoti APMC,Brinjal,Brinjal,FAQ,4000,4400,4200,08/09/2026
Odisha,Nuapada,Khariar APMC,Brinjal,Brinjal,Grade A,4500,4500,4500,08/09/2026
Odisha,Deogarh,Tileibani APMC,Brinjal,Other,FAQ,3400,3800,3600,08/09/2026
Odisha,Rayagada,Gunpur APMC,Brinjal,Round,Large,6600,7500,7000,08/09/2026
Odisha,Sundergarh,Panposh APMC,Brinjal,Brinjal,FAQ,3500,4200,4000,08/09/2026
Odisha,Bargarh,Attabira APMC,Brinjal,Other,Local,2650,2950,2800,08/09/2026
Odisha,Mayurbhanja,Saraskana APMC,Brinjal,Brinjal,Medium,4500,6000,5000,08/09/2026
Odisha,Mayurbhanja,Narasinghpur APMC,Brinjal,Brinjal,Local,3000,5000,4000,08/09/2026
Odisha,Mayurbhanja,Baripada APMC,Brinjal,Brinjal,Medium,4000,6000,4500,08/09/2026
Odisha,Koraput,Koraput APMC,Brinjal,Brinjal,Grade B,2500,3500,3000,08/09/2026
Odisha,Nowarangpur,Nabarangpur(Umerkote) APMC,Brinjal,Brinjal,Grade B,2000,2000,2000,08/09/2026
Odisha,Balasore,Nilagiri APMC,Brinjal,Other,Local,4300,4400,4400,08/09/2026
Odisha,Dhenkanal,Hindol APMC,Brinjal,Brinjal,Grade B,4500,5500,5000,08/09/2026
Odisha,Keonjhar,Keonjhar APMC,Brinjal,Other,Local,4500,5000,5000,08/09/2026
Odisha,Mayurbhanja,Karanjia APMC,Brinjal,Brinjal,Local,5000,6000,5500,08/09/2026
Odisha,Kendrapara,Kendrapara(Marshaghai) APMC,Brinjal,Round/Long,Grade A,7000,7000,7000,08/09/2026
Odisha,Bargarh,Sohela APMC,Brinjal,Brinjal,Local,1800,2600,2200,08/09/2026
Odisha,Kalahandi,Kesinga APMC,Brinjal,Other,Grade B,3300,3700,3500,08/09/2026
Odisha,Jagatsinghpur,Jagatsinghpur APMC,Brinjal,Other,Local,5600,5800,5700,08/09/2026
Odisha,Jagatsinghpur,Rahama APMC,Brinjal,Other,Local,5000,7000,6000,08/09/2026
Odisha,Kalahandi,Bhawanipatna APMC,Brinjal,Brinjal,Local,3000,3000,3000,08/09/2026
Odisha,Kalahandi,Junagarh APMC,Brinjal,Other,Grade B,3000,3400,3200,08/09/2026
Odisha,Kalahandi,Mukhiguda APMC,Brinjal,Brinjal,Grade B,2500,3500,3000,08/09/2026
Odisha,Gajapati,Parlakhemundi APMC,Brinjal,Brinjal,Grade Range-1,1800,2000,1900,08/09/2026
Odisha,Sambalpur,Rairakhol APMC,Brinjal,Brinjal,Grade C,4500,5200,4800,08/09/2026
Odisha,Sundergarh,Sargipali APMC,Brinjal,Brinjal,FAQ,2800,3200,3000,08/09/2026
Odisha,Kalahandi,Kalahandi(Dharamagarh) APMC,Brinjal,Other,Grade B,2800,3200,3000,08/09/2026
Odisha,Bolangir,Tusura APMC,Brinjal,Other,Local,2200,2800,2400,08/09/2026
Odisha,Nuapada,Khariar Road APMC,Brinjal,Brinjal,Grade A,4000,4000,4000,08/09/2026
Odisha,Bargarh,Godbhaga APMC,Brinjal,Other,Local,2600,2950,2800,08/09/2026
Odisha,Angul,Angul APMC,Brinjal,Other,Grade B,3000,3000,3000,08/09/2026
Odisha,Bargarh,Bargarh APMC,Brinjal,Brinjal,Local,3000,4000,3500,08/09/2026
Odisha,Bolangir,Bolangir APMC,Brinjal,Other,Local,2200,2800,2400,08/09/2026
Odisha,Kendrapara,Pattamundai APMC,Brinjal,Round/Long,Grade B,7000,7000,7000,08/09/2026
Odisha,Dhenkanal,Dhenkanal APMC,Brinjal,Brinjal,Grade B,3800,4200,4000,08/09/2026
Odisha,Mayurbhanja,Udala APMC,Brinjal,Brinjal,FAQ,4200,4800,4400,08/09/2026
Odisha,Sundergarh,Bonai APMC,Brinjal,Other,FAQ,800,1240,950,08/09/2026
Odisha,Koraput,Koraput(Semilguda) APMC,Brinjal,Brinjal,Grade B,2000,3000,2500,08/09/2026
Odisha,Kendrapara,Chatta Krushak Bazar APMC,Brinjal,Brinjal,Grade B,7000,7000,7000,08/09/2026
Odisha,Khurda,Damana Hat APMC,Brinjal,Other,Grade B,2950,3150,3100,08/09/2026
Odisha,Bargarh,Bargarh(Barapalli) APMC,Brinjal,Brinjal,Local,3000,4000,3500,08/09/2026
Odisha,Sonepur,Pandkital APMC,Brinjal,Other,Local,3000,3500,3200,08/09/2026
Odisha,Kendrapara,Kendrapara APMC,Brinjal,Brinjal,Grade B,7000,7000,7000,08/09/2026
Odisha,Deogarh,Deogarh APMC,Brinjal,Brinjal,FAQ,3400,3800,3600,08/09/2026
Odisha,Khurda,Balugaon APMC,Brinjal,Round,Grade A,3000,3000,3000,08/09/2026
Bihar,Madhubani,Madhubani APMC,Brinjal,Brinjal,FAQ,3400,4000,3500,08/09/2026
Bihar,Supaul,Supaul APMC,Brinjal,Brinjal,Grade A,2400,2800,2500,08/09/2026
Bihar,Sheikhpura,Shekhpura APMC,Brinjal,Arkasheela Mattigulla,FAQ,3600,3760,3680,08/09/2026
Bihar,Madhubani,Benipatti APMC,Brinjal,Brinjal,FAQ,2200,2500,2400,08/09/2026
Bihar,Siwan,Maharjganj APMC,Brinjal,Arkasheela Mattigulla,FAQ,2000,2000,2000,08/09/2026
Bihar,East Champaran/ Motihari,Raxaul APMC,Brinjal,Arkasheela Mattigulla,Grade A,1700,1900,1800,08/09/2026
Bihar,Sheikhpura,Barbigha APMC,Brinjal,Arkasheela Mattigulla,FAQ,3620,3810,3720,08/09/2026
Bihar,East Champaran/ Motihari,Chakia APMC,Brinjal,Arkasheela Mattigulla,Grade A,1800,2000,1900,08/09/2026
Telangana,Hyderabad,Bowenpally APMC,Brinjal,Round/Long,FAQ,500,2500,2000,08/09/2026
Telangana,Nalgonda,Miryalguda(Rythu Bazar) ,Brinjal,Arkasheela Mattigulla,Grade A,4000,4000,4000,08/09/2026
Telangana,Hanumakonda,"Excise Colony,RBZ ",Brinjal,Other,Grade A,3600,3600,3600,08/09/2026
Telangana,Medchal Malkajgiri,"Kukatpally,RBZ",Brinjal,Brinjal,Local,2800,2800,2800,08/09/2026
Telangana,Ranga Reddy,Ibrahimpatnam APMC,Brinjal,Brinjal,Local,1500,1500,1500,08/09/2026
Telangana,Adilabad,Adilabad (Rythu Bazar) ,Brinjal,Brinjal,Local,5000,5200,5000,08/09/2026
Telangana,Ranga Reddy,"Saroornagar,RBZ",Brinjal,Other,Medium,2800,2800,2800,08/09/2026
Telangana,Hyderabad,Bowenpally APMC,Brinjal,Brinjal,FAQ,1000,2000,1600,08/09/2026
Telangana,Ranga Reddy,Shadnagar APMC,Brinjal,Brinjal,Local,1200,1400,1300,08/09/2026
Telangana,Hyderabad,RYTHU BAZAR ERRAGADDA,Brinjal,Brinjal,Grade A,2800,2800,2800,08/09/2026
Telangana,Siddipet,Siddipet(Rythu Bazar) ,Brinjal,Brinjal,Grade A,2000,2800,2400,08/09/2026
Telangana,Hyderabad,Bowenpally APMC,Brinjal,Round,FAQ,500,2500,2000,08/09/2026
Telangana,Warangal,Warangal APMC,Brinjal,Brinjal,FAQ,1200,1600,1400,08/09/2026
Telangana,Hyderabad,"Alwal,RBZ",Brinjal,Brinjal,FAQ,2800,2800,2800,08/09/2026
Telangana,Hyderabad,RYTHU BAZAR FALAKNUMA,Brinjal,Brinjal,Grade A,2800,2800,2800,08/09/2026
Telangana,Nalgonda,Venkateswarnagar APMC,Brinjal,Brinjal,Local,800,1200,1000,08/09/2026
Telangana,Hyderabad,Gudimalkapur APMC,Brinjal,Brinjal,Grade B,600,1200,900,08/09/2026
Telangana,Hyderabad,Mahboob Manison APMC,Brinjal,Brinjal,Medium,1000,1200,1100,08/09/2026
Telangana,Mahbubnagar,Mahabubnagar(Rythu Bazar),Brinjal,Arkasheela Mattigulla,Local,2400,2400,2400,08/09/2026
Telangana,Siddipet,Vantamamidi APMC,Brinjal,Brinjal,Local,1000,2000,1500,08/09/2026
Telangana,Ranga Reddy,L B Nagar APMC,Brinjal,Brinjal,Medium,1000,2000,1500,08/09/2026
Telangana,Karimnagar,Karimnagar APMC,Brinjal,Brinjal,Medium,4000,4000,4000,08/09/2026
Uttarakhand,Garhwal (Pauri),Kotadwara APMC,Brinjal,Brinjal,FAQ,900,900,900,08/09/2026
Uttarakhand,Haridwar,Manglaur APMC,Brinjal,Other,Large,600,1000,800,08/09/2026
Uttarakhand,Nanital,Ramnagar APMC,Brinjal,Other,Local,1500,1800,1700,08/09/2026
Uttarakhand,Dehradoon,Rishikesh APMC,Brinjal,Other,Medium,1000,2000,1260,08/09/2026
Uttarakhand,Dehradoon,Dehradoon APMC,Brinjal,Other,Grade B,650,1000,800,08/09/2026
Uttarakhand,Haridwar,Roorkee APMC,Brinjal,Other,Local,800,1000,900,08/09/2026
Uttarakhand,Haridwar,Bhagwanpur(Naveen Mandi Sthal) APMC,Brinjal,Other,Grade A,600,1000,750,08/09/2026
Uttarakhand,Udhamsinghnagar,Rudrapur APMC,Brinjal,Other,Medium,1500,2000,1800,08/09/2026
Uttarakhand,Udhamsinghnagar,Kashipur APMC,Brinjal,Other,Local,1300,1600,1450,08/09/2026
Uttarakhand,Dehradoon,Vikasnagar APMC,Brinjal,Other,Medium,800,800,800,08/09/2026
Himachal Pradesh,Shimla,SMY Rohroo,Brinjal,Arkasheela Mattigulla,Grade B,2600,2800,2700,08/09/2026
Himachal Pradesh,Kullu,SMY Bhuntar,Brinjal,Other,FAQ,1000,2000,1500,08/09/2026
Himachal Pradesh,Kangra,SMY Baijnath,Brinjal,Brinjal,Grade A,2300,2700,2500,08/09/2026
Himachal Pradesh,Kangra,SMY Dharamshala,Brinjal,Brinjal,FAQ,2000,2400,2200,08/09/2026
Himachal Pradesh,Mandi,SMY Dhanotu,Brinjal,Brinjal,FAQ,1000,1500,1250,08/09/2026
Himachal Pradesh,Sirmore,SMY Nahan,Brinjal,Other,FAQ,3000,3500,3200,08/09/2026
Himachal Pradesh,Hamirpur,SMY Nadaun,Brinjal,Other,Grade B,3000,3200,3100,08/09/2026
Himachal Pradesh,Chamba,PMY Chamba,Brinjal,Brinjal,Medium,2500,3000,2750,08/09/2026
Himachal Pradesh,Hamirpur,PMY Hamirpur,Brinjal,Round/Long,Grade B,2800,3000,2900,08/09/2026
Himachal Pradesh,Kangra,SMY Palampur,Brinjal,Brinjal,FAQ,2500,3000,2800,08/09/2026
Himachal Pradesh,Solan,PMY Kather Solan,Brinjal,Other,Medium,1500,2200,2000,08/09/2026
Himachal Pradesh,Shimla,PMY Dhalli Shimla,Brinjal,Other,Grade A,2500,3000,2500,08/09/2026
Himachal Pradesh,Kullu,PMY Kullu,Brinjal,Other,FAQ,2000,2500,2200,08/09/2026
Himachal Pradesh,Kangra,SMY Nagrota Bagwan,Brinjal,Brinjal,FAQ,1700,1900,1800,08/09/2026
Himachal Pradesh,Una,SMY Santoshgarh,Brinjal,Round/Long,FAQ,1000,1200,1100,08/09/2026
Himachal Pradesh,Sirmore,PMY Paonta Sahib,Brinjal,Other,FAQ,2000,3000,2500,08/09/2026
Himachal Pradesh,Kangra,SMY Jaisinghpur,Brinjal,Brinjal,FAQ,2800,3200,3000,08/09/2026
Assam,Tinsukia,Tinsukia Market,Brinjal,Brinjal,FAQ,2500,3500,3000,08/09/2026
Assam,Darrang,Balugaon APMC,Brinjal,Brinjal,Local,2400,2800,2600,08/09/2026
Assam,Nagaon,Doomdumia APMC,Brinjal,Brinjal,FAQ,3240,3500,3350,08/09/2026
Assam,Kamrup,Uparhali Pmy APMC,Brinjal,Round/Long,FAQ,2500,2800,2500,08/09/2026
Assam,Nagaon,Dhing APMC,Brinjal,Brinjal,FAQ,3250,3500,3360,08/09/2026
Assam,Sonitpur,Dhekiajuli APMC,Brinjal,Brinjal,FAQ,2500,2600,2600,08/09/2026
Assam,Kamrup,Pamohi(Garchuk) APMC,Brinjal,Round/Long,FAQ,2500,3500,3000,08/09/2026
Assam,Darrang,Besimari APMC,Brinjal,Brinjal,Local,2500,2900,2700,08/09/2026
Assam,Nagaon,Ambagan APMC,Brinjal,Brinjal,FAQ,2200,2400,2300,08/09/2026
Assam,Nagaon,Haibargaon APMC,Brinjal,Brinjal,FAQ,2100,2300,2200,08/09/2026
Tamil Nadu,Thiruvannamalai,Tiruvannamalai(Uzhavar Sandhai ),Cauliflower,Ranchi,Local,3500,4000,3750,08/09/2026
Tamil Nadu,Thiruvarur,Mannargudi II(Uzhavar Sandhai ),Cauliflower,Ranchi,Local,6000,6000,6000,08/09/2026
Tamil Nadu,Salem,Athur(Uzhavar Sandhai ),Cauliflower,Ranchi,Local,3000,3500,3250,08/09/2026
Tamil Nadu,Dharmapuri,Pennagaram(Uzhavar Sandhai ),Cauliflower,Ranchi,Local,2500,3000,2750,08/09/2026
Tamil Nadu,Krishnagiri,Avallapalli(Uzhavar Sandhai ),Cauliflower,Ranchi,Local,2500,3000,2750,08/09/2026
Tamil Nadu,Krishnagiri,Denkanikottai(Uzhavar Sandhai ),Cauliflower,Ranchi,Local,2500,3000,2750,08/09/2026
Tamil Nadu,Tenkasi,Tenkasi(Uzhavar Sandhai ),Cauliflower,Ranchi,Local,5000,5000,5000,08/09/2026
Tamil Nadu,Pudukkottai,Pudukottai(Uzhavar Sandhai ),Cauliflower,Ranchi,Local,5000,6000,5500,08/09/2026
Tamil Nadu,Thanjavur,Kumbakonam (Uzhavar Sandhai ),Cauliflower,Ranchi,Local,4800,4800,4800,08/09/2026
Tamil Nadu,The Nilgiris,Udhagamandalam(Uzhavar Sandhai ),Cauliflower,Ranchi,Local,4000,4500,4250,08/09/2026
Tamil Nadu,Salem,Vazhapadi(Uzhavar Sandhai),Cauliflower,Ranchi,Local,2500,2500,2500,08/09/2026
Tamil Nadu,Thanjavur,Thanjavur(Uzhavar Sandhai ),Cauliflower,Ranchi,Local,5000,5000,5000,08/09/2026
Tamil Nadu,Thiruchirappalli,KKNagar(Uzhavar Sandhai ),Cauliflower,Ranchi,Local,5000,5000,5000,08/09/2026
Tamil Nadu,Madurai,Anaiyur(Uzhavar Sandhai ),Cauliflower,Ranchi,Local,3000,3500,3250,08/09/2026
Tamil Nadu,Nagapattinam,Sirkali(Uzhavar Sandhai ),Cauliflower,Ranchi,Local,5000,5000,5000,08/09/2026
Tamil Nadu,Perambalur,Perambalur(Uzhavar Sandhai ),Cauliflower,Ranchi,Local,5000,6000,5500,08/09/2026
Tamil Nadu,Salem,Ammapet(Uzhavar Sandhai ),Cauliflower,Ranchi,Local,2500,3000,2750,08/09/2026
Tamil Nadu,Thirunelveli,Palayamkottai(Uzhavar Sandhai ),Cauliflower,Ranchi,Local,4400,4600,4500,08/09/2026
Tamil Nadu,Madurai,Chokkikulam(Uzhavar Sandhai ),Cauliflower,Ranchi,Local,3000,3500,3250,08/09/2026
Tamil Nadu,Thirupur,Dharapuram(Uzhavar Sandhai ),Cauliflower,Ranchi,Local,3500,3500,3500,08/09/2026
Tamil Nadu,Theni,Periyakulam(Uzhavar Sandhai ),Cauliflower,Ranchi,Local,3000,3500,3250,08/09/2026
Tamil Nadu,Coimbatore,Udumalpet APMC,Cauliflower,Ranchi,Local,3000,3500,3250,08/09/2026
Tamil Nadu,Erode,Gobichettipalayam(Uzhavar Sandhai ),Cauliflower,Ranchi,Local,4000,4500,4250,08/09/2026
Tamil Nadu,Thiruvarur,Mannargudi I(Uzhavar Sandhai ),Cauliflower,Ranchi,Local,6000,6000,6000,08/09/2026
Tamil Nadu,Villupuram,Villupuram(Uzhavar Sandhai ),Cauliflower,Ranchi,Local,3000,3000,3000,08/09/2026
Tamil Nadu,Karur,Karur(Uzhavar Sandhai ),Cauliflower,Ranchi,Local,4000,4500,4250,08/09/2026
Tamil Nadu,Cuddalore,Cuddalore(Uzhavar Sandhai ),Cauliflower,Ranchi,Local,4000,4000,4000,08/09/2026
Tamil Nadu,Sivaganga,Singampunari(Uzhavar Sandhai ),Cauliflower,Ranchi,Local,3200,3600,3400,08/09/2026
Tamil Nadu,Thiruchirappalli,Manapparai(Uzhavar Sandhai ),Cauliflower,Ranchi,Local,5000,5000,5000,08/09/2026
Tamil Nadu,Virudhunagar,Virudhunagar(Uzhavar Sandhai ),Cauliflower,Ranchi,Local,3000,3500,3250,08/09/2026
Tamil Nadu,Chengalpattu,Chengalpet(Uzhavar Sandhai ),Cauliflower,Ranchi,Local,2500,3000,2750,08/09/2026
Tamil Nadu,Theni,Andipatti(Uzhavar Sandhai ),Cauliflower,Ranchi,Local,3000,3500,3250,08/09/2026
Tamil Nadu,Virudhunagar,Aruppukottai(Uzhavar Sandhai ),Cauliflower,Ranchi,Local,3000,4000,3500,08/09/2026
Tamil Nadu,Thiruvellore,Tiruthani(Uzhavar Sandhai ),Cauliflower,Ranchi,Local,4000,4000,4000,08/09/2026
Tamil Nadu,Karur,Gandhigramam(Uzhavar Sandhai),Cauliflower,Ranchi,Local,4000,4500,4250,08/09/2026
Tamil Nadu,Dharmapuri,Dharmapuri(Uzhavar Sandhai ),Cauliflower,Ranchi,Local,3300,3500,3400,08/09/2026
Tamil Nadu,Dharmapuri,Karimangalam(Uzhavar Sandhai),Cauliflower,Ranchi,Local,3800,4000,3900,08/09/2026
Tamil Nadu,Namakkal,Kumarapalayam(Uzhavar Sandhai ),Cauliflower,Ranchi,Local,3000,4000,3500,08/09/2026
Tamil Nadu,Namakkal,Rasipuram(Uzhavar Sandhai ),Cauliflower,Ranchi,Local,3000,4000,3500,08/09/2026
Tamil Nadu,Ranipet,Arcot(Uzhavar Sandhai ),Cauliflower,Ranchi,Local,3000,4000,3500,08/09/2026
Tamil Nadu,Thirupur,Kangayam(Uzhavar Sandhai ),Cauliflower,Ranchi,Local,3000,3500,3250,08/09/2026
Tamil Nadu,Theni,Devaram(Uzhavar Sandhai ),Cauliflower,Ranchi,Local,3500,3500,3500,08/09/2026
Tamil Nadu,Salem,Hasthampatti(Uzhavar Sandhai ),Cauliflower,Ranchi,Local,2500,3000,2750,08/09/2026
Tamil Nadu,Theni,Bodinayakanur(Uzhavar Sandhai ),Cauliflower,Ranchi,Local,3500,3500,3500,08/09/2026
Tamil Nadu,Kallakuruchi,Kallakurichi(Uzhavar Sandhai ),Cauliflower,Ranchi,Local,3000,3000,3000,08/09/2026
Tamil Nadu,Virudhunagar,Srivilliputhur(Uzhavar Sandhai ),Cauliflower,Ranchi,Local,2500,3000,2750,08/09/2026
Tamil Nadu,Coimbatore,Vadavalli(Uzhavar Sandhai ),Cauliflower,Ranchi,Local,4200,4600,4400,08/09/2026
Tamil Nadu,Dharmapuri,Harur(Uzhavar Sandhai ),Cauliflower,Ranchi,Local,3500,4000,3750,08/09/2026
Tamil Nadu,Namakkal,Tiruchengode APMC,Cauliflower,Ranchi,Local,3500,4000,3750,08/09/2026
Tamil Nadu,Coimbatore,RSPuram(Uzhavar Sandhai ),Cauliflower,Ranchi,Local,4500,4800,4650,08/09/2026
Tamil Nadu,Coimbatore,Pollachi(Uzhavar Sandhai ),Cauliflower,Ranchi,Local,4500,5000,4750,08/09/2026
Tamil Nadu,Dindigul,Chinnalapatti(Uzhavar Sandhai ),Cauliflower,Ranchi,Local,3000,4000,3500,08/09/2026
Tamil Nadu,Kancheepuram,Kundrathur(Uzhavar Sandhai ),Cauliflower,Ranchi,Local,3000,3000,3000,08/09/2026
Tamil Nadu,Sivaganga,Tirupatthur(Uzhavar Sandhai ),Cauliflower,Ranchi,Local,3500,4000,3750,08/09/2026
Tamil Nadu,Thiruchirappalli,Lalgudi(Uzhavar Sandhai ),Cauliflower,Ranchi,Local,4000,4000,4000,08/09/2026
Tamil Nadu,Thiruchirappalli,Musiri(Uzhavar Sandhai ),Cauliflower,Ranchi,Local,3000,3500,3250,08/09/2026
Tamil Nadu,Virudhunagar,Sathur(Uzhavar Sandhai ),Cauliflower,Ranchi,Local,3500,4000,3750,08/09/2026
Tamil Nadu,Virudhunagar,Sivakasi(Uzhavar Sandhai ),Cauliflower,Ranchi,Local,3500,4000,3750,08/09/2026
Tamil Nadu,Virudhunagar,Thalavaipuram(Uzhavar Sandhai ),Cauliflower,Ranchi,Local,2500,3000,2750,08/09/2026
Tamil Nadu,Chengalpattu,Nanganallur(Uzhavar Sandhai ),Cauliflower,Ranchi,Local,4500,5000,4750,08/09/2026
Tamil Nadu,Chengalpattu,Jameenrayapettai(Uzhavar Sandhai ),Cauliflower,Ranchi,Local,2500,3000,2750,08/09/2026
Tamil Nadu,Nagapattinam,Mayiladuthurai(Uzhavar Sandhai ),Cauliflower,Ranchi,Local,5000,5000,5000,08/09/2026
Tamil Nadu,Namakkal,Mohanur(Uzhavar Sandhai ),Cauliflower,Ranchi,Local,3600,4000,3800,08/09/2026
Tamil Nadu,Namakkal,Namakkal(Uzhavar Sandhai ),Cauliflower,Ranchi,Local,3000,3500,3250,08/09/2026
Tamil Nadu,Namakkal,Paramathivelur(Uzhavar Sandhai ),Cauliflower,Ranchi,Local,3500,4000,3750,08/09/2026
Tamil Nadu,Theni,Theni(Uzhavar Sandhai ),Cauliflower,Ranchi,Local,3000,3500,3250,08/09/2026
Tamil Nadu,Salem,Edapadi (Uzhavar Sandhai ),Cauliflower,Ranchi,Local,2500,3000,2750,08/09/2026
Tamil Nadu,Tuticorin,Tuticorin(Uzhavar Sandhai ),Cauliflower,Ranchi,Local,4500,5000,4750,08/09/2026
Tamil Nadu,Nagercoil (Kannyiakumari),Vadaseri APMC,Cauliflower,Ranchi,Local,5000,5500,5250,08/09/2026
Tamil Nadu,The Nilgiris,Gudalur(Uzhavar Sandhai ),Cauliflower,Ranchi,Local,3500,4000,3750,08/09/2026
Tamil Nadu,Karur,Kulithalai(Uzhavar Sandhai ),Cauliflower,Ranchi,Local,3500,4000,3750,08/09/2026
Tamil Nadu,Thirupur,Palladam(Uzhavar Sandhai ),Cauliflower,Ranchi,Local,3000,3500,3250,08/09/2026
Tamil Nadu,Thirupathur,Natrampalli(Uzhavar Sandhai ),Cauliflower,Ranchi,Local,2500,3000,2750,08/09/2026
Tamil Nadu,Ramanathapuram,Ramanathapuram(Uzhavar Sandhai ),Cauliflower,Ranchi,Local,5500,6000,5750,08/09/2026
Tamil Nadu,Thiruvannamalai,Polur(Uzhavar Sandhai ),Cauliflower,Ranchi,Local,2500,3000,2750,08/09/2026
Tamil Nadu,Thanjavur,Papanasam(Uzhavar Sandhai ),Cauliflower,Ranchi,Local,4800,4800,4800,08/09/2026
Tamil Nadu,Erode,Thalavadi(Uzhavar Sandhai ),Cauliflower,Ranchi,Local,2600,3200,2900,08/09/2026
Tamil Nadu,Krishnagiri,Krishnagiri(Uzhavar Sandhai ),Cauliflower,Ranchi,Local,2500,3000,2750,08/09/2026
Tamil Nadu,Virudhunagar,Kariyapatti(Uzhavar Sandhai ),Cauliflower,Ranchi,Local,3500,4000,3750,08/09/2026
Tamil Nadu,Sivaganga,Karaikudi(Uzhavar Sandhai ),Cauliflower,Ranchi,Local,3400,3800,3600,08/09/2026
Tamil Nadu,Thiruchirappalli,Manachanallur(Uzhavar Sandhai ),Cauliflower,Ranchi,Local,4000,4500,4250,08/09/2026
Tamil Nadu,Thiruchirappalli,Thiruverumbur(Uzhavar Sandhai ),Cauliflower,Ranchi,Local,5000,5000,5000,08/09/2026
Tamil Nadu,Virudhunagar,Rajapalayam(Uzhavar Sandhai ),Cauliflower,Ranchi,Local,2500,3000,2750,08/09/2026
Tamil Nadu,Chengalpattu,Pallavaram(Uzhavar Sandhai ),Cauliflower,Ranchi,Local,2500,3000,2750,08/09/2026
Tamil Nadu,Coimbatore,Sundarapuram(Uzhavar Sandhai ),Cauliflower,Ranchi,Local,4500,5000,4750,08/09/2026
Tamil Nadu,Erode,Sathiyamagalam(Uzhavar Sandhai ),Cauliflower,Ranchi,Local,3400,3800,3600,08/09/2026
Tamil Nadu,Coimbatore,Singanallur(Uzhavar Sandhai ),Cauliflower,Ranchi,Local,4400,5000,4700,08/09/2026
Tamil Nadu,Kancheepuram,Sunguvarchatram(Uzhavar Sandhai ),Cauliflower,Ranchi,Local,3000,3000,3000,08/09/2026
Tamil Nadu,Madurai,Anna nagar(Uzhavar Sandhai ),Cauliflower,Ranchi,Local,3500,4000,3750,08/09/2026
Tamil Nadu,Salem,Thathakapatti(Uzhavar Sandhai ),Cauliflower,Ranchi,Local,2000,2500,2250,08/09/2026
Tamil Nadu,Theni,Chinnamanur(Uzhavar Sandhai ),Cauliflower,Ranchi,Local,3000,4000,3500,08/09/2026
Tamil Nadu,Theni,Kambam(Uzhavar Sandhai ),Cauliflower,Ranchi,Local,2500,3200,2850,08/09/2026
Tamil Nadu,Coimbatore,Sulur(Uzhavar Sandhai ),Cauliflower,Ranchi,Local,4400,5000,4700,08/09/2026
Tamil Nadu,Dharmapuri,AJattihalli(Uzhavar Sandhai ),Cauliflower,Ranchi,Local,3500,3500,3500,08/09/2026
Tamil Nadu,Sivaganga,Sivagangai (Uzhavar Sandhai ),Cauliflower,Ranchi,Local,3200,3600,3400,08/09/2026
Tamil Nadu,Vellore,Thirupathur APMC,Cauliflower,Ranchi,Local,3000,3000,3000,08/09/2026
Tamil Nadu,The Nilgiris,Coonoor(Uzhavar Sandhai ),Cauliflower,Ranchi,Local,4500,5000,4750,08/09/2026
Tamil Nadu,Coimbatore,Mettupalayam(Uzhavar Sandhai ),Cauliflower,Ranchi,Local,4000,4500,4250,08/09/2026
Tamil Nadu,Ramanathapuram,Paramakudi(Uzhavar Sandhai ),Cauliflower,Ranchi,Local,5000,5500,5250,08/09/2026
Tamil Nadu,Tuticorin,Kovilpatti(Uzhavar Sandhai ),Cauliflower,Ranchi,Local,3500,4000,3750,08/09/2026
Tamil Nadu,Vellore,Kahithapattarai(Uzhavar Sandhai ),Cauliflower,Ranchi,Local,2000,2000,2000,08/09/2026
Tamil Nadu,Thanjavur,Pattukottai(Uzhavar Sandhai ),Cauliflower,Ranchi,Local,4800,4800,4800,08/09/2026
Tamil Nadu,Vellore,Katpadi (Uzhavar Sandhai ),Cauliflower,Ranchi,Local,2500,3000,2750,08/09/2026
Tamil Nadu,Thirupur,Tiruppur (South) (Uzhavar Sandhai ),Cauliflower,Ranchi,Local,3500,4000,3750,08/09/2026
Tamil Nadu,Erode,Perundurai(Uzhavar Sandhai ),Cauliflower,Ranchi,Local,3500,3800,3650,08/09/2026
Tamil Nadu,Dharmapuri,Palacode(Uzhavar Sandhai ),Cauliflower,Ranchi,Local,3000,3500,3250,08/09/2026
Tamil Nadu,Dindigul,Dindigul(Uzhavar Sandhai ),Cauliflower,Ranchi,Local,4000,5000,4500,08/09/2026
Tamil Nadu,Dindigul,Palani(Uzhavar Sandhai ),Cauliflower,Ranchi,Local,2000,4000,3000,08/09/2026
Tamil Nadu,Kancheepuram,Padappai(Uzhavar Sandhai ),Cauliflower,Ranchi,Local,3000,3500,3250,08/09/2026
Tamil Nadu,Krishnagiri,Hosur(Uzhavar Sandhai ),Cauliflower,Ranchi,Local,3000,3500,3250,08/09/2026
Tamil Nadu,Madurai,Palanganatham(Uzhavar Sandhai ),Cauliflower,Ranchi,Local,3000,3500,3250,08/09/2026
Tamil Nadu,Ranipet,Ranipettai(Uzhavar Sandhai ),Cauliflower,Ranchi,Local,3000,4000,3500,08/09/2026
Tamil Nadu,Salem,Mettur(Uzhavar Sandhai ),Cauliflower,Ranchi,Local,2500,3000,2750,08/09/2026
Tamil Nadu,Thiruchirappalli,Thuraiyur APMC,Cauliflower,Ranchi,Local,4000,5000,4500,08/09/2026
Tamil Nadu,Thirunelveli,Melapalayam(Uzhavar Sandhai ),Cauliflower,Ranchi,Local,4400,4600,4500,08/09/2026
Tamil Nadu,Thirunelveli,NGO Colony(Uzhavar Sandhai ),Cauliflower,Ranchi,Local,4000,4600,4300,08/09/2026
Tamil Nadu,Thirupur,Tiruppur (North) (Uzhavar Sandhai ),Cauliflower,Ranchi,Local,3500,4000,3750,08/09/2026
Tamil Nadu,Thiruvannamalai,Chengam(Uzhavar Sandhai ),Cauliflower,Ranchi,Local,3300,4000,3650,08/09/2026
Tamil Nadu,Sivaganga,Devakottai (Uzhavar Sandhai ),Cauliflower,Ranchi,Local,3200,3800,3500,08/09/2026
Tamil Nadu,Salem,Elampillai(Uzhavar Sandhai ),Cauliflower,Ranchi,Local,2000,3000,2500,08/09/2026
Madhya Pradesh,Khandwa,Khandwa(F&V) APMC,Cauliflower,Cauliflower,FAQ,700,1500,1000,08/09/2026
Madhya Pradesh,Hoshangabad,Itarsi(F&V) APMC,Cauliflower,Cauliflower,FAQ,3000,3000,3000,08/09/2026
Madhya Pradesh,Badwani,Badwani(F&V) APMC,Cauliflower,Cauliflower,Local,1200,1200,1200,08/09/2026
Madhya Pradesh,Hoshangabad,Pipariya(F&V) APMC,Cauliflower,Cauliflower,Local,800,2100,1500,08/09/2026
Madhya Pradesh,Khandwa,Sanawad(F&V) APMC,Cauliflower,African Sarson,Medium,1500,2000,1800,08/09/2026
Madhya Pradesh,Betul,Betul(F&V) APMC,Cauliflower,Cauliflower,FAQ,1800,2200,2000,08/09/2026
Madhya Pradesh,Badwani,Sendhwa(F&V) APMC,Cauliflower,Cauliflower,Medium,900,1100,1000,08/09/2026
Madhya Pradesh,Burhanpur,Burhanpur(F&V) APMC,Cauliflower,Local,Local,1200,1600,1400,08/09/2026
Madhya Pradesh,Dhar,Kukshi(F&V) APMC,Cauliflower,Cauliflower,Grade A,800,1800,1300,08/09/2026
Madhya Pradesh,Ujjain,Ujjain(F&V) APMC,Cauliflower,Cauliflower,Medium,415,1460,891,08/09/2026
Madhya Pradesh,Mandsaur,Garoth(F&V) APMC,Cauliflower,Cauliflower,Local,925,1025,1000,08/09/2026
Madhya Pradesh,Indore,Sanwer(F&V) APMC,Cauliflower,Cauliflower,FAQ,800,1200,1000,08/09/2026
Madhya Pradesh,Sagar,Devri(F&V) APMC,Cauliflower,Cauliflower,Grade B,770,770,770,08/09/2026
Madhya Pradesh,Katni,Katni(F&V) APMC,Cauliflower,Other,Grade C,1000,1200,1028.57,08/09/2026
Madhya Pradesh,Hoshangabad,Hoshangabad(F&V) APMC,Cauliflower,Cauliflower,FAQ,1850,3270,2440,08/09/2026
Madhya Pradesh,Sehore,Sehore(F&V) APMC,Cauliflower,Cauliflower,Grade Range-1,2000,2500,2200,08/09/2026
Madhya Pradesh,Morena,Kailaras APMC,Cauliflower,Other,FAQ,2000,2500,2500,08/09/2026
Madhya Pradesh,Mandsaur,Mandsaur(F&V) APMC,Cauliflower,Other,Grade B,1075,2225,1625,08/09/2026
Madhya Pradesh,Sagar,Sagar(F&V) APMC,Cauliflower,Cauliflower,Local,300,700,500,08/09/2026
Madhya Pradesh,Dewas,Dewas(F&V) APMC,Cauliflower,Other,FAQ,800,1600,1000,08/09/2026
Madhya Pradesh,Betul,Multai(F&V) APMC,Cauliflower,Local,FAQ,700,1500,1200,08/09/2026
Maharashtra,Jalgaon,APMC Jalgaon ,Cauliflower,Other,Local,1000,2000,1500,08/09/2026
Maharashtra,Ahilyanagar,APMC Rahata ,Cauliflower,Other,Local,500,2000,1250,08/09/2026
Maharashtra,Ratnagiri,APMC Ratnagiri (Nachane) ,Cauliflower,Other,Local,3000,4000,3500,08/09/2026
Maharashtra,Amarawati,Amrawati(Frui & Veg. Market) ,Cauliflower,Other,Local,2500,3000,2750,08/09/2026
Maharashtra,Chandrapur,Chandrapur(Ganjwad) ,Cauliflower,Other,Local,1000,2000,1500,08/09/2026
Maharashtra,Mumbai,APMC Mumbai ,Cauliflower,Other,Local,1600,2000,1800,08/09/2026
Maharashtra,Pune,Pune(Pimpri) ,Cauliflower,Other,Local,2200,2200,2200,08/09/2026
Maharashtra,Pune,APMC Pune ,Cauliflower,Other,Local,1000,2000,1500,08/09/2026
Maharashtra,Ahilyanagar,APMC Ahilyanagar ,Cauliflower,Other,Local,500,3000,1750,08/09/2026
Maharashtra,Satara,APMC Vai ,Cauliflower,Other,Local,2000,3000,2500,08/09/2026
Maharashtra,Kolhapur,APMC Vadgaonpeth ,Cauliflower,Other,Local,1200,2500,1800,08/09/2026
Maharashtra,Nagpur,APMC Hingna,Cauliflower,Other,Local,500,4000,2700,08/09/2026
Maharashtra,Pune,Pune(Khadiki) ,Cauliflower,Other,Local,600,1000,800,08/09/2026
Maharashtra,Pune,Pune(Manjri) ,Cauliflower,Other,Local,1200,2000,1600,08/09/2026
Maharashtra,Pune,Pune(Moshi) ,Cauliflower,Other,Local,1000,1000,1000,08/09/2026
Maharashtra,Chattrapati Sambhajinagar,APMC Chattrapati Sambhajinagar ,Cauliflower,Other,Local,1200,1600,1400,08/09/2026
Maharashtra,Nagpur,APMC Kamthi ,Cauliflower,Other,Local,4000,4500,4350,08/09/2026
Maharashtra,Kolhapur,APMC Kolhapur ,Cauliflower,Other,Local,750,1250,1000,08/09/2026
Maharashtra,Satara,APMC Satara ,Cauliflower,Other,Local,2000,3000,2500,08/09/2026
Maharashtra,Solapur,APMC Solapur ,Cauliflower,Other,Local,560,1440,960,08/09/2026
Maharashtra,Satara,APMC Karad ,Cauliflower,Other,Local,1500,2000,2000,08/09/2026
Maharashtra,Nashik,APMC Nasik ,Cauliflower,Other,Local,500,1570,1070,08/09/2026
Maharashtra,Pune,APMC Khed ,Cauliflower,Other,Local,800,1800,1200,08/09/2026
Maharashtra,Jalgaon,APMC Bhusaval ,Cauliflower,Other,Local,1200,2000,1500,08/09/2026
Maharashtra,Nashik,APMC Ghoti ,Cauliflower,Other,Local,1600,1600,1600,08/09/2026
Maharashtra,Pune,Junnar(Otur) ,Cauliflower,Other,Local,500,2010,1400,08/09/2026
Maharashtra,Nagpur,APMC Nagpur ,Cauliflower,Other,Local,2000,3000,2750,08/09/2026
Maharashtra,Nagpur,APMC Kalmeshwar ,Cauliflower,Other,Local,2065,2500,2335,08/09/2026
Uttar Pradesh,Amroha,Hasanpur APMC,Cauliflower,Local,FAQ,2500,3020,3000,08/09/2026
Uttar Pradesh,Khiri (Lakhimpur),Maigalganj APMC,Cauliflower,Cauliflower,FAQ,1400,1450,1425,08/09/2026
Uttar Pradesh,Sambhal,Sambhal APMC,Cauliflower,Cauliflower,FAQ,800,950,850,08/09/2026
Uttar Pradesh,Mau(Maunathbhanjan),Kopaganj APMC,Cauliflower,Cauliflower,FAQ,2400,2500,2450,08/09/2026
Uttar Pradesh,Etah,Awagarh APMC,Cauliflower,Cauliflower,FAQ,2500,2700,2600,08/09/2026
Uttar Pradesh,Sonbhadra,Dudhi APMC,Cauliflower,Cauliflower,Medium,2600,2800,2700,08/09/2026
Uttar Pradesh,Bulandshahar,Gulavati APMC,Cauliflower,Cauliflower,FAQ,2100,2300,2200,08/09/2026
Uttar Pradesh,Shamli,Kairana APMC,Cauliflower,Cauliflower,FAQ,1600,1700,1650,08/09/2026
Uttar Pradesh,Saharanpur,CHHUTMALPUR APMC,Cauliflower,Cauliflower,Local,1700,1900,1800,08/09/2026
Rajasthan,Jaipur,Jaipur (F&V) APMC,Cauliflower,Other,FAQ,2000,2500,2250,08/09/2026
Rajasthan,Jodhpur,Jodhpur (F&V) APMC,Cauliflower,Other,Medium,1000,4000,2500,08/09/2026
Rajasthan,Udaipur,Udaipur (F&V) APMC,Cauliflower,Other,Medium,2000,4000,3000,08/09/2026
Rajasthan,Ajmer,Ajmer(F&V) APMC,Cauliflower,Other,Medium,800,2800,1800,08/09/2026
Rajasthan,Ganganagar,Sriganganagar (F&V) APMC,Cauliflower,Cauliflower,Grade A,4300,4700,4500,08/09/2026
Karnataka,Belagavi,Belgaum APMC,Cauliflower,Local,Large,320,250,200,08/09/2026
Karnataka,Davangere,Honnali APMC,Cauliflower,Cauliflower,Medium,1000,1500,1350,08/09/2026
Karnataka,Bengaluru South,Ramanagara APMC,Cauliflower,Cauliflower,Local,2000,3000,2400,08/09/2026
Karnataka,Bengaluru,Binny Mill (FF&V) Bengaluru APMC,Cauliflower,Cauliflower,Local,2300,2700,2500,08/09/2026
Karnataka,Bengaluru Rural,Doddaballapur APMC,Cauliflower,Cauliflower,Medium,1000,1600,1300,08/09/2026
Karnataka,Chikkamagaluru,Kadur APMC,Cauliflower,Cauliflower,Medium,2082,2082,2082,08/09/2026
Karnataka,Shivamogga,Shimoga APMC,Cauliflower,Cauliflower,Local,1300,1500,1400,08/09/2026
Karnataka,Chikkaballapur,Bagepalli APMC,Cauliflower,Cauliflower,Small,900,1000,950,08/09/2026
Karnataka,Haveri,Ranebennur APMC,Cauliflower,Local,Medium,500,2500,2000,08/09/2026
Gujarat,Anand,"Anand(Veg,Yard,Anand) APMC",Cauliflower,Cauliflower,Grade B,2000,2500,2250,08/09/2026
Gujarat,Gandhinagar,Mansa(Manas Veg Yard) APMC,Cauliflower,Cauliflower,Local,2000,3000,2500,08/09/2026
Gujarat,Bharuch,Bharuch APMC,Cauliflower,Other,Local,1500,2000,1800,08/09/2026
Gujarat,Navsari,Bilimora APMC,Cauliflower,Other,FAQ,2000,3000,2500,08/09/2026
Gujarat,Dahod,Dahod(Veg. Market) APMC,Cauliflower,Cauliflower,Local,1000,3000,2000,08/09/2026
Gujarat,Surat,Surat APMC,Cauliflower,Cauliflower,FAQ,1000,3000,2000,08/09/2026
Gujarat,Rajkot,Gondal(Veg.market Gondal) APMC,Cauliflower,Cauliflower,Local,200,1500,850,08/09/2026
Gujarat,Mehsana,Vijapur(Vegetable) APMC,Cauliflower,Other,Grade A,250,3500,1875,08/09/2026
Gujarat,Sabarkantha,Himatnagar(Veg.Market Himatnagar) APMC,Cauliflower,Cauliflower,Local,2500,3000,2860,08/09/2026
Gujarat,Surendranagar,Vadhvan APMC,Cauliflower,Cauliflower,Medium,2000,2500,2250,08/09/2026
Gujarat,Navsari,Navsari APMC,Cauliflower,Cauliflower,Local,3000,3250,3125,08/09/2026
Gujarat,Kheda,Kapadvanj APMC,Cauliflower,Cauliflower,Medium,1000,2500,1750,08/09/2026
Gujarat,Gandhinagar,"Kalol(Veg,Market,Kalol) APMC",Cauliflower,Cauliflower,Local,1250,2000,1500,08/09/2026
Gujarat,Anand,Khambhat(Veg Yard Khambhat) APMC,Cauliflower,Other,Local,2500,4000,3500,08/09/2026
Gujarat,Mehsana,Mehsana(Mehsana Veg) APMC,Cauliflower,Cauliflower,Local,1000,4000,2500,08/09/2026
Gujarat,Amreli,Damnagar APMC,Cauliflower,Cauliflower,Local,3000,3000,3000,08/09/2026
Haryana,Kurukshetra,Thanesar APMC,Cauliflower,Cauliflower,Local,3000,6000,4500,08/09/2026
Haryana,Sonipat,Sonepat APMC,Cauliflower,Other,FAQ,2300,4500,3500,08/09/2026
Haryana,Panipat,Samalkha APMC,Cauliflower,Cauliflower,FAQ,2500,4000,3000,08/09/2026
Haryana,Mahendragarh-Narnaul,Narnaul APMC,Cauliflower,Cauliflower,Medium,3500,5000,4000,08/09/2026
Haryana,Jhajar,Bahadurgarh APMC,Cauliflower,Other,Medium,1800,2000,1900,08/09/2026
Haryana,Mewat,FerozpurZirkha(Nagina) APMC,Cauliflower,Other,Local,3000,3400,3200,08/09/2026
Haryana,Ambala,Shahzadpur APMC,Cauliflower,Cauliflower,FAQ,2000,3000,2000,08/09/2026
Haryana,Hissar,Barwala(Hisar) APMC,Cauliflower,Cauliflower,Local,3000,4000,3500,08/09/2026
Haryana,Fatehabad,Ratia APMC,Cauliflower,Other,Grade A,4000,4500,4200,08/09/2026
Haryana,Panchkula,Raipur Rani APMC,Cauliflower,Cauliflower,Local,3000,3200,3000,08/09/2026
Haryana,Fatehabad,Jakhal APMC,Cauliflower,Other,Local,4000,4000,4000,08/09/2026
Haryana,Kurukshetra,Shahabad APMC,Cauliflower,Cauliflower,Medium,3000,4200,4000,08/09/2026
Haryana,Kaithal,Pundri APMC,Cauliflower,Other,FAQ,3500,3700,3600,08/09/2026
Haryana,Mahendragarh-Narnaul,Mohindergarh APMC,Cauliflower,Cauliflower,Medium,1300,3000,2000,08/09/2026
Haryana,Sonipat,Ganaur APMC,Cauliflower,Other,Medium,5000,6000,5500,08/09/2026
Haryana,Kurukshetra,Ladwa APMC,Cauliflower,Cauliflower,Medium,7000,8000,8000,08/09/2026
Haryana,Hissar,Hansi APMC,Cauliflower,Other,FAQ,4000,5000,4500,08/09/2026
Haryana,Panchkula,Barwala APMC,Cauliflower,Local,FAQ,4000,5000,4500,08/09/2026
Haryana,Ambala,Naraingarh APMC,Cauliflower,Cauliflower,Medium,2500,4000,3000,08/09/2026
Haryana,Yamuna Nagar,Jagadhri APMC,Cauliflower,Cauliflower,Medium,3000,4000,3500,08/09/2026
Haryana,Kaithal,Siwan APMC,Cauliflower,Other,FAQ,2800,3000,2900,08/09/2026
Haryana,Sonipat,Gohana APMC,Cauliflower,Other,Medium,3000,6000,5000,08/09/2026
Punjab,Ferozpur,Zira APMC,Cauliflower,Other,Local,5000,5000,5000,08/09/2026
Punjab,Jalandhar,Adampur APMC,Cauliflower,Cauliflower,FAQ,3500,3800,3800,08/09/2026
Punjab,Gurdaspur,Sri Har Gobindpur APMC,Cauliflower,Other,Grade A,3700,3700,3700,08/09/2026
Punjab,Ludhiana,Khanna APMC,Cauliflower,Other,Grade A,2500,2500,2500,08/09/2026
Punjab,Gurdaspur,Dinanagar APMC,Cauliflower,Cauliflower,Medium,4500,5000,4800,08/09/2026
Punjab,Hoshiarpur,Dasuya APMC,Cauliflower,Cauliflower,Grade A,6500,6500,6500,08/09/2026
Punjab,Nawanshahr,Balachaur APMC,Cauliflower,Other,Medium,2500,3100,3000,08/09/2026
Punjab,Amritsar,Rayya APMC,Cauliflower,Local,FAQ,3177,3177,3177,08/09/2026
Punjab,Fatehgarh,Bassi Pathana APMC,Cauliflower,Cauliflower,Medium,3500,4000,3800,08/09/2026
Punjab,Jalandhar,Jalandhar City(Jalandhar) APMC,Cauliflower,Cauliflower,FAQ,1400,3500,2500,08/09/2026
Punjab,Hoshiarpur,Tanda Urmur APMC,Cauliflower,Cauliflower,Grade A,5000,6000,5500,08/09/2026
Punjab,Ludhiana,Doraha APMC,Cauliflower,Local,Local,3000,4500,4000,08/09/2026
Punjab,Bhatinda,Bhagta Bhai Ka APMC,Cauliflower,Other,Medium,4800,4800,4800,08/09/2026
Punjab,Ludhiana,Jagraon APMC,Cauliflower,Other,FAQ,1800,1800,1800,08/09/2026
Punjab,Patiala,Patran APMC,Cauliflower,Other,Grade A,3380,3380,3380,08/09/2026
Punjab,Muktsar,Muktsar APMC,Cauliflower,Cauliflower,Medium,2000,4000,3000,08/09/2026
Punjab,Hoshiarpur,Mukerian APMC,Cauliflower,Cauliflower,Grade B,4500,5500,5000,08/09/2026
Punjab,Mohali,Lalru APMC,Cauliflower,Other,Local,4200,4200,4200,08/09/2026
Punjab,Fazilka,Jalalabad APMC,Cauliflower,Other,Medium,4500,4800,4700,08/09/2026
Punjab,Mohali,Kharar APMC,Cauliflower,Other,Local,1500,3500,2500,08/09/2026
Punjab,Hoshiarpur,Garh Shankar APMC,Cauliflower,Cauliflower,FAQ,3500,3500,3500,08/09/2026
Punjab,Hoshiarpur,Mukerian(Talwara) APMC,Cauliflower,Cauliflower,FAQ,4000,5000,4500,08/09/2026
Punjab,Ludhiana,Raikot APMC,Cauliflower,Cauliflower,Grade A,4280,4280,4280,08/09/2026
Punjab,Sangrur,Malerkotla APMC,Cauliflower,Other,Local,2200,3800,3500,08/09/2026
Punjab,Moga,Nihal Singh Wala APMC,Cauliflower,Cauliflower,FAQ,4500,4600,4540,08/09/2026
Punjab,Bhatinda,Rampuraphul(Nabha Mandi) APMC,Cauliflower,Cauliflower,Grade A,3000,4000,3500,08/09/2026
Punjab,Hoshiarpur,Garh Shankar(Mahalpur) APMC,Cauliflower,Cauliflower,FAQ,3800,3800,3800,08/09/2026
Punjab,Fazilka,Fazilka APMC,Cauliflower,Cauliflower,FAQ,6000,6000,6000,08/09/2026
Punjab,Hoshiarpur,GarhShankar (Kotfatuhi) APMC,Cauliflower,Other,FAQ,3500,3500,3500,08/09/2026
Punjab,Patiala,Nabha APMC,Cauliflower,Other,Grade C,1800,2800,2100,08/09/2026
Punjab,Patiala,Rajpura APMC,Cauliflower,Cauliflower,Grade B,3000,3300,3100,08/09/2026
Punjab,Sangrur,Ahmedgarh APMC,Cauliflower,Local,Local,4800,5000,5000,08/09/2026
Punjab,Tarntaran,Patti APMC,Cauliflower,Other,Local,300,300,300,08/09/2026
Punjab,Fatehgarh,Khamano APMC,Cauliflower,Cauliflower,FAQ,5000,5000,5000,08/09/2026
Andhra Pradesh,Chittor,Palamaner APMC,Cauliflower,Cauliflower,FAQ,1000,1600,1200,08/09/2026
Odisha,Dhenkanal,Kamakhyanagar APMC,Cauliflower,Cauliflower,Grade A,5500,5500,5500,08/09/2026
Odisha,Rayagada,Rayagada APMC,Cauliflower,Cauliflower,Local,4900,5000,5000,08/09/2026
Odisha,Boudh,Boudh APMC,Cauliflower,Other,Local,7000,8000,7500,08/09/2026
Odisha,Bolangir,Tusura APMC,Cauliflower,Other,Large,5500,6500,6000,08/09/2026
Odisha,Bolangir,Kantabaji APMC,Cauliflower,Other,Grade B,3800,4600,4200,08/09/2026
Odisha,Bolangir,Bolangir APMC,Cauliflower,Other,Large,5500,6500,6000,08/09/2026
Odisha,Nuapada,Khariar Road APMC,Cauliflower,Cauliflower,Grade A,10000,10000,10000,08/09/2026
Odisha,Khurda,Balugaon APMC,Cauliflower,Other,Grade A,4200,4200,4200,08/09/2026
Odisha,Mayurbhanja,Karanjia APMC,Cauliflower,Cauliflower,Local,5000,5500,5200,08/09/2026
Odisha,Deogarh,Tileibani APMC,Cauliflower,Other,FAQ,5800,6200,6000,08/09/2026
Odisha,Bargarh,Bargarh(Barapalli) APMC,Cauliflower,Cauliflower,Local,5500,6500,6000,08/09/2026
Odisha,Rayagada,Gunpur APMC,Cauliflower,Cauliflower,Grade Range-2,6960,8500,7500,08/09/2026
Odisha,Kalahandi,Kesinga APMC,Cauliflower,Other,Grade B,7000,8000,7500,08/09/2026
Odisha,Nayagarh,Sarankul APMC,Cauliflower,Other,Grade Range-2,4900,5100,5000,08/09/2026
Odisha,Ganjam,Bhanjanagar APMC,Cauliflower,Cauliflower,Large,5200,5400,5300,08/09/2026
Odisha,Mayurbhanja,Udala APMC,Cauliflower,Other,FAQ,4000,4500,4200,08/09/2026
Odisha,Deogarh,Deogarh APMC,Cauliflower,Cauliflower,FAQ,5800,6200,6000,08/09/2026
Bihar,Madhubani,Benipatti APMC,Cauliflower,African Sarson,FAQ,7000,7300,7200,08/09/2026
Bihar,Madhubani,Madhubani APMC,Cauliflower,Cauliflower,FAQ,9000,9800,9200,08/09/2026
Telangana,Adilabad,Adilabad (Rythu Bazar) ,Cauliflower,Cauliflower,Local,8000,8200,8000,08/09/2026
Telangana,Ranga Reddy,"Saroornagar,RBZ",Cauliflower,Cauliflower,Medium,1800,1800,1800,08/09/2026
Telangana,Ranga Reddy,L B Nagar APMC,Cauliflower,Cauliflower,Medium,1500,2500,2000,08/09/2026
Telangana,Hyderabad,Gudimalkapur APMC,Cauliflower,Cauliflower,Grade B,1000,3000,2000,08/09/2026
Telangana,Hyderabad,Mahboob Manison APMC,Cauliflower,Cauliflower,Medium,2000,2500,2250,08/09/2026
Telangana,Hyderabad,RYTHU BAZAR ERRAGADDA,Cauliflower,Cauliflower,Grade A,1800,1800,1800,08/09/2026
Telangana,Hyderabad,RYTHU BAZAR FALAKNUMA,Cauliflower,Cauliflower,Grade A,1800,1800,1800,08/09/2026
Telangana,Warangal,Warangal APMC,Cauliflower,Cauliflower,FAQ,1600,2000,1800,08/09/2026
Telangana,Siddipet,Siddipet(Rythu Bazar) ,Cauliflower,African Sarson,Grade A,2500,3500,3000,08/09/2026
Telangana,Hyderabad,Bowenpally APMC,Cauliflower,Cauliflower,FAQ,500,1500,1200,08/09/2026
Telangana,Medchal Malkajgiri,"Kukatpally,RBZ",Cauliflower,African Sarson,Local,1800,1800,1800,08/09/2026
Uttarakhand,Udhamsinghnagar,Khateema APMC,Cauliflower,Other,Grade B,1400,1600,1500,08/09/2026
Uttarakhand,Udhamsinghnagar,Sitarganj APMC,Cauliflower,Local,Grade A,1500,6000,4000,08/09/2026
Uttarakhand,Haridwar,Roorkee APMC,Cauliflower,Other,Local,1000,1500,1200,08/09/2026
Uttarakhand,Haridwar,Haridwar Union APMC,Cauliflower,Cauliflower,FAQ,2000,2800,2500,08/09/2026
Uttarakhand,Udhamsinghnagar,Kashipur APMC,Cauliflower,Other,Local,2600,2600,2600,08/09/2026
Uttarakhand,Haridwar,Manglaur APMC,Cauliflower,Other,Large,1500,2000,1800,08/09/2026
Himachal Pradesh,Sirmore,PMY Paonta Sahib,Cauliflower,Cauliflower,FAQ,5000,6000,5500,08/09/2026
Himachal Pradesh,Hamirpur,PMY Hamirpur,Cauliflower,Cauliflower,Grade B,6000,6000,6000,08/09/2026
Himachal Pradesh,Bilaspur,PMY Bilaspur,Cauliflower,Local,Grade B,4000,4800,4200,08/09/2026
Himachal Pradesh,Shimla,PMY Dhalli Shimla,Cauliflower,Cauliflower,Grade A,2500,4000,3000,08/09/2026
Himachal Pradesh,Kangra,SMY Baijnath,Cauliflower,Cauliflower,Grade A,4500,5200,5000,08/09/2026
Himachal Pradesh,Kangra,SMY Nagrota Bagwan,Cauliflower,Cauliflower,FAQ,4000,4800,4500,08/09/2026
Himachal Pradesh,Kullu,SMY Chauri Bihal,Cauliflower,Other,Grade Range-1,2000,3000,2500,08/09/2026
Himachal Pradesh,Solan,PMY Kather Solan,Cauliflower,Other,Medium,4000,4500,4200,08/09/2026
Himachal Pradesh,Chamba,PMY Chamba,Cauliflower,Cauliflower,Medium,5000,6000,5500,08/09/2026
Himachal Pradesh,Kangra,SMY Jaisinghpur,Cauliflower,Cauliflower,FAQ,4200,4800,4500,08/09/2026
Himachal Pradesh,Una,PMY Una,Cauliflower,Cauliflower,Local,3500,4500,4000,08/09/2026
Himachal Pradesh,Kullu,PMY Kullu,Cauliflower,Other,FAQ,3500,4000,3800,08/09/2026
Himachal Pradesh,Shimla,SMY Rohroo,Cauliflower,Cauliflower,Grade B,5000,5500,5250,08/09/2026
Himachal Pradesh,Kangra,SMY Dharamshala,Cauliflower,Cauliflower,FAQ,5000,5400,5200,08/09/2026
Himachal Pradesh,Kullu,SMY Bhuntar,Cauliflower,Other,FAQ,2000,3800,2900,08/09/2026
Himachal Pradesh,Mandi,SMY Dhanotu,Cauliflower,Cauliflower,FAQ,3500,4000,3750,08/09/2026
Himachal Pradesh,Sirmore,SMY Nahan,Cauliflower,Other,FAQ,4000,4500,4200,08/09/2026
Himachal Pradesh,Kangra,SMY Palampur,Cauliflower,Cauliflower,FAQ,4000,4500,4200,08/09/2026
Himachal Pradesh,Solan,SMY Nalagarh,Cauliflower,Other,Medium,4000,4500,4300,08/09/2026
Himachal Pradesh,Kangra,SMY Jassur,Cauliflower,Other,FAQ,4500,5500,5000,08/09/2026
Himachal Pradesh,Una,SMY Santoshgarh,Cauliflower,Cauliflower,FAQ,4500,4500,4500,08/09/2026
Himachal Pradesh,Hamirpur,SMY Nadaun,Cauliflower,Cauliflower,Grade B,6400,6500,6450,08/09/2026
Tamil Nadu,Dharmapuri,Harur(Uzhavar Sandhai ),Cabbage,Cabbage,Local,3000,3500,3250,08/09/2026
Tamil Nadu,The Nilgiris,Gudalur(Uzhavar Sandhai ),Cabbage,Cabbage,Local,2000,2500,2250,08/09/2026
Tamil Nadu,Erode,Sathiyamagalam(Uzhavar Sandhai ),Cabbage,Cabbage,Local,3000,3500,3250,08/09/2026
Tamil Nadu,Coimbatore,RSPuram(Uzhavar Sandhai ),Cabbage,Cabbage,Local,2000,2200,2100,08/09/2026
Tamil Nadu,Coimbatore,Singanallur(Uzhavar Sandhai ),Cabbage,Cabbage,Local,2400,2800,2600,08/09/2026
Tamil Nadu,Madurai,Chokkikulam(Uzhavar Sandhai ),Cabbage,Cabbage,Local,2600,3000,2800,08/09/2026
Tamil Nadu,Vellore,Pallikonda(Uzhavar Sandhai),Cabbage,Cabbage,Local,2500,2500,2500,08/09/2026
Tamil Nadu,Ramanathapuram,Ramanathapuram(Uzhavar Sandhai ),Cabbage,Cabbage,Local,4200,4500,4350,08/09/2026
Tamil Nadu,Thiruvellore,Paruthipattu(Uzhavar Sandhai ),Cabbage,Cabbage,Local,4000,4000,4000,08/09/2026
Tamil Nadu,Vellore,Kahithapattarai(Uzhavar Sandhai ),Cabbage,Cabbage,Local,2500,2500,2500,08/09/2026
Tamil Nadu,Villupuram,Villupuram(Uzhavar Sandhai ),Cabbage,Cabbage,Local,4000,4000,4000,08/09/2026
Tamil Nadu,Thiruvannamalai,Cheyyar(Uzhavar Sandhai ),Cabbage,Cabbage,Local,2000,2400,2200,08/09/2026
Tamil Nadu,Salem,Jalagandapuram(Uzhavar Sandhai ),Cabbage,Cabbage,Local,2500,3000,2750,08/09/2026
Tamil Nadu,Sivaganga,Karaikudi(Uzhavar Sandhai ),Cabbage,Cabbage,Local,3000,3400,3200,08/09/2026
Tamil Nadu,Sivaganga,Tirupatthur(Uzhavar Sandhai ),Cabbage,Cabbage,Local,3000,3500,3250,08/09/2026
Tamil Nadu,Thiruchirappalli,KKNagar(Uzhavar Sandhai ),Cabbage,Cabbage,Local,3200,3200,3200,08/09/2026
Tamil Nadu,Thiruchirappalli,Thiruverumbur(Uzhavar Sandhai ),Cabbage,Cabbage,Local,3000,3000,3000,08/09/2026
Tamil Nadu,Virudhunagar,Rajapalayam(Uzhavar Sandhai ),Cabbage,Cabbage,Local,2500,3000,2750,08/09/2026
Tamil Nadu,Virudhunagar,Thalavaipuram(Uzhavar Sandhai ),Cabbage,Cabbage,Local,2500,3000,2750,08/09/2026
Tamil Nadu,Chengalpattu,Nanganallur(Uzhavar Sandhai ),Cabbage,Cabbage,Local,3500,4000,3750,08/09/2026
Tamil Nadu,Nagercoil (Kannyiakumari),Myladi(Uzhavar Sandhai ),Cabbage,Cabbage,Local,5000,5500,5250,08/09/2026
Tamil Nadu,Villupuram,Tindivanam APMC,Cabbage,Cabbage,Local,3500,3500,3500,08/09/2026
Tamil Nadu,Pudukkottai,Pudukottai(Uzhavar Sandhai ),Cabbage,Cabbage,Local,3000,3500,3250,08/09/2026
Tamil Nadu,Virudhunagar,Aruppukottai(Uzhavar Sandhai ),Cabbage,Cabbage,Local,3000,4000,3500,08/09/2026
Tamil Nadu,Thiruvellore,Tiruthani(Uzhavar Sandhai ),Cabbage,Cabbage,Local,4000,4000,4000,08/09/2026
Tamil Nadu,Karur,Kulithalai(Uzhavar Sandhai ),Cabbage,Cabbage,Local,3000,3200,3100,08/09/2026
Tamil Nadu,Thirupur,Palladam(Uzhavar Sandhai ),Cabbage,Cabbage,Local,2500,3000,2750,08/09/2026
Tamil Nadu,Salem,Athur(Uzhavar Sandhai ),Cabbage,Cabbage,Local,2500,3000,2750,08/09/2026
Tamil Nadu,Ranipet,Arcot(Uzhavar Sandhai ),Cabbage,Cabbage,Local,3000,3000,3000,08/09/2026
Tamil Nadu,Salem,Ammapet(Uzhavar Sandhai ),Cabbage,Cabbage,Local,2500,3000,2750,08/09/2026
Tamil Nadu,Theni,Devaram(Uzhavar Sandhai ),Cabbage,Cabbage,Local,2500,2500,2500,08/09/2026
Tamil Nadu,Cuddalore,Cuddalore(Uzhavar Sandhai ),Cabbage,Cabbage,Local,3000,3000,3000,08/09/2026
Tamil Nadu,Nagapattinam,Vedaranyam(Uzhavar Sandhai),Cabbage,Cabbage,Local,3500,3600,3550,08/09/2026
Tamil Nadu,Thirupathur,Vaniyampadi(Uzhavar Sandhai ),Cabbage,Cabbage,Local,4000,4000,4000,08/09/2026
Tamil Nadu,Kallakuruchi,Kallakurichi(Uzhavar Sandhai ),Cabbage,Cabbage,Local,4000,4000,4000,08/09/2026
Tamil Nadu,Virudhunagar,Srivilliputhur(Uzhavar Sandhai ),Cabbage,Cabbage,Local,3000,3500,3250,08/09/2026
Tamil Nadu,Erode,Thalavadi(Uzhavar Sandhai ),Cabbage,Cabbage,Local,1400,1800,1600,08/09/2026
Tamil Nadu,Nagapattinam,Nagapattinam(Uzhavar Sandhai ),Cabbage,Cabbage,Local,4000,4500,4250,08/09/2026
Tamil Nadu,The Nilgiris,Udhagamandalam(Uzhavar Sandhai ),Cabbage,Cabbage,Local,2000,2500,2250,08/09/2026
Tamil Nadu,Salem,Hasthampatti(Uzhavar Sandhai ),Cabbage,Cabbage,Local,3000,3400,3200,08/09/2026
Tamil Nadu,Thanjavur,Pattukottai(Uzhavar Sandhai ),Cabbage,Cabbage,Local,3400,3400,3400,08/09/2026
Tamil Nadu,Chengalpattu,Pallavaram(Uzhavar Sandhai ),Cabbage,Cabbage,Local,2000,2500,2250,08/09/2026
Tamil Nadu,Coimbatore,Sundarapuram(Uzhavar Sandhai ),Cabbage,Cabbage,Local,2200,2600,2400,08/09/2026
Tamil Nadu,Coimbatore,Mettupalayam(Uzhavar Sandhai ),Cabbage,Cabbage,Local,3000,3500,3250,08/09/2026
Tamil Nadu,Dharmapuri,Pennagaram(Uzhavar Sandhai ),Cabbage,Cabbage,Local,3500,4000,3750,08/09/2026
Tamil Nadu,Kancheepuram,Padappai(Uzhavar Sandhai ),Cabbage,Cabbage,Local,2000,2500,2250,08/09/2026
Tamil Nadu,Krishnagiri,Avallapalli(Uzhavar Sandhai ),Cabbage,Cabbage,Local,1000,1500,1250,08/09/2026
Tamil Nadu,Dharmapuri,Karimangalam(Uzhavar Sandhai),Cabbage,Cabbage,Local,3300,3500,3400,08/09/2026
Tamil Nadu,Krishnagiri,Hosur(Uzhavar Sandhai ),Cabbage,Cabbage,Local,1200,1500,1350,08/09/2026
Tamil Nadu,Nagapattinam,Sirkali(Uzhavar Sandhai ),Cabbage,Cabbage,Local,2500,3000,2750,08/09/2026
Tamil Nadu,Namakkal,Paramathivelur(Uzhavar Sandhai ),Cabbage,Cabbage,Local,2400,2800,2600,08/09/2026
Tamil Nadu,Perambalur,Perambalur(Uzhavar Sandhai ),Cabbage,Cabbage,Local,3000,3200,3100,08/09/2026
Tamil Nadu,Ranipet,Ranipettai(Uzhavar Sandhai ),Cabbage,Cabbage,Local,2500,2500,2500,08/09/2026
Tamil Nadu,Thiruchirappalli,Thuraiyur APMC,Cabbage,Cabbage,Local,2500,3000,2750,08/09/2026
Tamil Nadu,Salem,Thathakapatti(Uzhavar Sandhai ),Cabbage,Cabbage,Local,2500,3000,2750,08/09/2026
Tamil Nadu,Theni,Kambam(Uzhavar Sandhai ),Cabbage,Cabbage,Local,2200,2200,2200,08/09/2026
Tamil Nadu,Theni,Theni(Uzhavar Sandhai ),Cabbage,Cabbage,Local,2500,2500,2500,08/09/2026
Tamil Nadu,Thirunelveli,NGO Colony(Uzhavar Sandhai ),Cabbage,Cabbage,Local,2500,3000,2750,08/09/2026
Tamil Nadu,Sivaganga,Devakottai (Uzhavar Sandhai ),Cabbage,Cabbage,Local,3000,3200,3100,08/09/2026
Tamil Nadu,Nagapattinam,Mayiladuthurai(Uzhavar Sandhai ),Cabbage,Cabbage,Local,4000,4000,4000,08/09/2026
Tamil Nadu,Ramanathapuram,Paramakudi(Uzhavar Sandhai ),Cabbage,Cabbage,Local,4500,4800,4650,08/09/2026
Tamil Nadu,Thiruvannamalai,Arani(Uzhavar Sandhai ),Cabbage,Cabbage,Local,2000,2400,2200,08/09/2026
Tamil Nadu,Thiruvannamalai,Tiruvannamalai(Uzhavar Sandhai ),Cabbage,Cabbage,Local,2000,2500,2250,08/09/2026
Tamil Nadu,Tuticorin,Kovilpatti(Uzhavar Sandhai ),Cabbage,Cabbage,Local,3000,3500,3250,08/09/2026
Tamil Nadu,Thanjavur,Papanasam(Uzhavar Sandhai ),Cabbage,Cabbage,Local,3600,3600,3600,08/09/2026
Tamil Nadu,Thirupur,Dharapuram(Uzhavar Sandhai ),Cabbage,Cabbage,Local,4000,4000,4000,08/09/2026
Tamil Nadu,Theni,Periyakulam(Uzhavar Sandhai ),Cabbage,Cabbage,Local,2300,2500,2400,08/09/2026
Tamil Nadu,Thirupur,Tiruppur (South) (Uzhavar Sandhai ),Cabbage,Cabbage,Local,1500,2000,1750,08/09/2026
Tamil Nadu,Dharmapuri,Dharmapuri(Uzhavar Sandhai ),Cabbage,Cabbage,Local,3200,3400,3300,08/09/2026
Tamil Nadu,Dindigul,Palani(Uzhavar Sandhai ),Cabbage,Cabbage,Local,2500,3000,2750,08/09/2026
Tamil Nadu,Kancheepuram,Kundrathur(Uzhavar Sandhai ),Cabbage,Cabbage,Local,3000,3000,3000,08/09/2026
Tamil Nadu,Kancheepuram,Sunguvarchatram(Uzhavar Sandhai ),Cabbage,Cabbage,Local,3000,3000,3000,08/09/2026
Tamil Nadu,Krishnagiri,Denkanikottai(Uzhavar Sandhai ),Cabbage,Cabbage,Local,1000,1500,1250,08/09/2026
Tamil Nadu,Vellore,Vellore APMC,Cabbage,Cabbage,Local,2500,2500,2500,08/09/2026
Tamil Nadu,Krishnagiri,Krishnagiri(Uzhavar Sandhai ),Cabbage,Cabbage,Local,2500,3000,2750,08/09/2026
Tamil Nadu,Tenkasi,Tenkasi(Uzhavar Sandhai ),Cabbage,Cabbage,Local,3000,3000,3000,08/09/2026
Tamil Nadu,Theni,Andipatti(Uzhavar Sandhai ),Cabbage,Cabbage,Local,2200,2500,2350,08/09/2026
Tamil Nadu,Villupuram,Gingee(Uzhavar Sandhai ),Cabbage,Cabbage,Local,4000,4000,4000,08/09/2026
Tamil Nadu,Vellore,Katpadi (Uzhavar Sandhai ),Cabbage,Cabbage,Local,3000,3000,3000,08/09/2026
Tamil Nadu,Karur,Gandhigramam(Uzhavar Sandhai),Cabbage,Cabbage,Local,3500,4000,3750,08/09/2026
Tamil Nadu,Sivaganga,Singampunari(Uzhavar Sandhai ),Cabbage,Cabbage,Local,2800,3200,3000,08/09/2026
Tamil Nadu,Thiruchirappalli,Lalgudi(Uzhavar Sandhai ),Cabbage,Cabbage,Local,3600,3600,3600,08/09/2026
Tamil Nadu,Namakkal,Kumarapalayam(Uzhavar Sandhai ),Cabbage,Cabbage,Local,3600,4000,3800,08/09/2026
Tamil Nadu,Salem,Sooramangalam(Uzhavar Sandhai ),Cabbage,Cabbage,Local,2500,3000,2750,08/09/2026
Tamil Nadu,Thirunelveli,Melapalayam(Uzhavar Sandhai ),Cabbage,Cabbage,Local,2800,3000,2900,08/09/2026
Tamil Nadu,Salem,Edapadi (Uzhavar Sandhai ),Cabbage,Cabbage,Local,3000,3400,3200,08/09/2026
Tamil Nadu,Thirupathur,Natrampalli(Uzhavar Sandhai ),Cabbage,Cabbage,Local,2500,3000,2750,08/09/2026
Tamil Nadu,Erode,Gobichettipalayam(Uzhavar Sandhai ),Cabbage,Cabbage,Local,2000,2400,2200,08/09/2026
Tamil Nadu,Thiruvannamalai,Polur(Uzhavar Sandhai ),Cabbage,Cabbage,Local,2500,3000,2750,08/09/2026
Tamil Nadu,Nagercoil (Kannyiakumari),Vadaseri APMC,Cabbage,Cabbage,Local,5000,5500,5250,08/09/2026
Tamil Nadu,The Nilgiris,Coonoor(Uzhavar Sandhai ),Cabbage,Cabbage,Local,2800,3000,2900,08/09/2026
Tamil Nadu,Namakkal,Tiruchengode APMC,Cabbage,Cabbage,Local,2500,3000,2750,08/09/2026
Tamil Nadu,Coimbatore,Pollachi(Uzhavar Sandhai ),Cabbage,Cabbage,Local,3000,3500,3250,08/09/2026
Tamil Nadu,Thiruchirappalli,Manapparai(Uzhavar Sandhai ),Cabbage,Cabbage,Local,3000,3000,3000,08/09/2026
Tamil Nadu,Thiruchirappalli,Musiri(Uzhavar Sandhai ),Cabbage,Cabbage,Local,2500,3000,2750,08/09/2026
Tamil Nadu,Virudhunagar,Virudhunagar(Uzhavar Sandhai ),Cabbage,Cabbage,Local,3500,4000,3750,08/09/2026
Tamil Nadu,Thanjavur,Kumbakonam (Uzhavar Sandhai ),Cabbage,Cabbage,Local,3000,3600,3300,08/09/2026
Tamil Nadu,Theni,Bodinayakanur(Uzhavar Sandhai ),Cabbage,Cabbage,Local,2500,2500,2500,08/09/2026
Tamil Nadu,Virudhunagar,Kariyapatti(Uzhavar Sandhai ),Cabbage,Cabbage,Local,3500,4000,3750,08/09/2026
Tamil Nadu,Salem,Vazhapadi(Uzhavar Sandhai),Cabbage,Cabbage,Local,3000,3000,3000,08/09/2026
Tamil Nadu,Dharmapuri,Palacode(Uzhavar Sandhai ),Cabbage,Cabbage,Local,2800,3000,2900,08/09/2026
Tamil Nadu,Namakkal,Rasipuram(Uzhavar Sandhai ),Cabbage,Cabbage,Local,3400,3600,3500,08/09/2026
Tamil Nadu,Madurai,Palanganatham(Uzhavar Sandhai ),Cabbage,Cabbage,Local,2600,3000,2800,08/09/2026
Tamil Nadu,Theni,Chinnamanur(Uzhavar Sandhai ),Cabbage,Cabbage,Local,2400,2400,2400,08/09/2026
Tamil Nadu,Thirunelveli,Palayamkottai(Uzhavar Sandhai ),Cabbage,Cabbage,Local,2800,3000,2900,08/09/2026
Tamil Nadu,Thirupur,Tiruppur (North) (Uzhavar Sandhai ),Cabbage,Cabbage,Local,2500,3000,2750,08/09/2026
Tamil Nadu,Thiruvarur,Muthupettai(Uzhavar Sandhai ),Cabbage,Cabbage,Local,3400,3400,3400,08/09/2026
Tamil Nadu,Dharmapuri,AJattihalli(Uzhavar Sandhai ),Cabbage,Cabbage,Local,3000,3400,3200,08/09/2026
Tamil Nadu,Sivaganga,Sivagangai (Uzhavar Sandhai ),Cabbage,Cabbage,Local,2800,3200,3000,08/09/2026
Tamil Nadu,Salem,Elampillai(Uzhavar Sandhai ),Cabbage,Cabbage,Local,2500,3000,2750,08/09/2026
Tamil Nadu,Cuddalore,Viruthachalam(Uzhavar Sandhai ),Cabbage,Cabbage,Local,3000,3000,3000,08/09/2026
Tamil Nadu,Vellore,Perampet(Uzhavar Sandhai),Cabbage,Cabbage,Local,3000,3000,3000,08/09/2026
Tamil Nadu,Coimbatore,Vadavalli(Uzhavar Sandhai ),Cabbage,Cabbage,Local,2000,2400,2200,08/09/2026
Tamil Nadu,Coimbatore,Udumalpet APMC,Cabbage,Cabbage,Local,3000,3500,3250,08/09/2026
Tamil Nadu,Karur,Karur(Uzhavar Sandhai ),Cabbage,Cabbage,Local,3500,4000,3750,08/09/2026
Tamil Nadu,Tuticorin,Tuticorin(Uzhavar Sandhai ),Cabbage,Cabbage,Local,3000,3500,3250,08/09/2026
Tamil Nadu,Vellore,Thirupathur APMC,Cabbage,Cabbage,Local,3400,3400,3400,08/09/2026
Tamil Nadu,Erode,Perundurai(Uzhavar Sandhai ),Cabbage,Cabbage,Local,2000,2500,2250,08/09/2026
Tamil Nadu,Dindigul,Chinnalapatti(Uzhavar Sandhai ),Cabbage,Cabbage,Local,3400,4000,3700,08/09/2026
Tamil Nadu,Dindigul,Dindigul(Uzhavar Sandhai ),Cabbage,Cabbage,Local,2500,3000,2750,08/09/2026
Tamil Nadu,Thanjavur,Thanjavur(Uzhavar Sandhai ),Cabbage,Cabbage,Local,3400,3400,3400,08/09/2026
Tamil Nadu,Thiruchirappalli,Manachanallur(Uzhavar Sandhai ),Cabbage,Cabbage,Local,2500,3000,2750,08/09/2026
Tamil Nadu,Virudhunagar,Sathur(Uzhavar Sandhai ),Cabbage,Cabbage,Local,3500,4000,3750,08/09/2026
Tamil Nadu,Virudhunagar,Sivakasi(Uzhavar Sandhai ),Cabbage,Cabbage,Local,3500,4000,3750,08/09/2026
Tamil Nadu,Chengalpattu,Chengalpet(Uzhavar Sandhai ),Cabbage,Cabbage,Local,2200,2500,2350,08/09/2026
Tamil Nadu,Chengalpattu,Jameenrayapettai(Uzhavar Sandhai ),Cabbage,Cabbage,Local,2200,2500,2350,08/09/2026
Tamil Nadu,Erode,Sampath Nagar(Uzhavar Sandhai ),Cabbage,Cabbage,Local,1800,2000,1900,08/09/2026
Tamil Nadu,Thiruvarur,Mannargudi I(Uzhavar Sandhai ),Cabbage,Cabbage,Local,3400,3400,3400,08/09/2026
Tamil Nadu,Thiruvarur,Mannargudi II(Uzhavar Sandhai ),Cabbage,Cabbage,Local,3400,3400,3400,08/09/2026
Tamil Nadu,Vellore,Gudiyatham(Uzhavar Sandhai ),Cabbage,Cabbage,Local,2500,3000,2750,08/09/2026
Tamil Nadu,Ariyalur,Ariyalur(Uzhavar Sandhai),Cabbage,Cabbage,Local,3000,3500,3250,08/09/2026
Tamil Nadu,Madurai,Anaiyur(Uzhavar Sandhai ),Cabbage,Cabbage,Local,2600,3000,2800,08/09/2026
Tamil Nadu,Namakkal,Mohanur(Uzhavar Sandhai ),Cabbage,Cabbage,Local,2800,3500,3150,08/09/2026
Tamil Nadu,Namakkal,Namakkal(Uzhavar Sandhai ),Cabbage,Cabbage,Local,2000,2500,2250,08/09/2026
Tamil Nadu,Madurai,Anna nagar(Uzhavar Sandhai ),Cabbage,Cabbage,Local,3000,3000,3000,08/09/2026
Tamil Nadu,Salem,Mettur(Uzhavar Sandhai ),Cabbage,Cabbage,Local,2500,3000,2750,08/09/2026
Tamil Nadu,Salem,Thammampatti (Uzhavar Sandhai ),Cabbage,Cabbage,Local,3500,4000,3750,08/09/2026
Tamil Nadu,Thiruvannamalai,Chengam(Uzhavar Sandhai ),Cabbage,Cabbage,Local,2500,3000,2750,08/09/2026
Tamil Nadu,Coimbatore,Sulur(Uzhavar Sandhai ),Cabbage,Cabbage,Local,2400,2800,2600,08/09/2026
Tamil Nadu,Cuddalore,Vadalur(Uzhavar Sandhai ),Cabbage,Cabbage,Local,3000,3000,3000,08/09/2026
Madhya Pradesh,Morena,Kailaras APMC,Cabbage,Cabbage,FAQ,1400,1800,1800,08/09/2026
Madhya Pradesh,Badwani,Badwani(F&V) APMC,Cabbage,Cabbage,Local,900,900,900,08/09/2026
Madhya Pradesh,Shivpuri,Shivpuri(F&V) APMC,Cabbage,Other,Grade B,1000,1000,1000,08/09/2026
Madhya Pradesh,Betul,Betul(F&V) APMC,Cabbage,Cabbage,FAQ,700,1000,900,08/09/2026
Madhya Pradesh,Badwani,Sendhwa(F&V) APMC,Cabbage,Cabbage,Medium,800,1100,900,08/09/2026
Madhya Pradesh,Dewas,Dewas(F&V) APMC,Cabbage,Other,FAQ,600,1500,700,08/09/2026
Madhya Pradesh,Khandwa,Khargone(F&V) APMC,Cabbage,Cabbage,Medium,1500,1800,1600,08/09/2026
Madhya Pradesh,Mandsaur,Mandsaur(F&V) APMC,Cabbage,Cabbage,Grade B,800,1525,1125,08/09/2026
Madhya Pradesh,Khandwa,Khandwa(F&V) APMC,Cabbage,Cabbage,FAQ,300,600,500,08/09/2026
Madhya Pradesh,Ujjain,Ujjain(F&V) APMC,Cabbage,Cabbage,Medium,435,2035,1258,08/09/2026
Madhya Pradesh,Chhatarpur,Chattarpur(F&V) APMC,Cabbage,Other,Grade C,1500,1500,1500,08/09/2026
Madhya Pradesh,Hoshangabad,Hoshangabad(F&V) APMC,Cabbage,Cabbage,FAQ,840,1420,960,08/09/2026
Madhya Pradesh,Dhar,Kukshi(F&V) APMC,Cabbage,Cabbage,Grade A,400,1000,700,08/09/2026
Madhya Pradesh,Hoshangabad,Pipariya(F&V) APMC,Cabbage,Cabbage,Local,750,2000,1400,08/09/2026
Madhya Pradesh,Sehore,Sehore(F&V) APMC,Cabbage,Cabbage,Grade Range-1,1000,1500,1200,08/09/2026
Madhya Pradesh,Khandwa,Sanawad(F&V) APMC,Cabbage,Cabbage,Medium,1100,1400,1300,08/09/2026
Maharashtra,Jalgaon,APMC Jalgaon ,Cabbage,Other,Local,800,1000,900,08/09/2026
Maharashtra,Nagpur,APMC Hingna,Cabbage,Other,Local,1300,2000,1742,08/09/2026
Maharashtra,Kolhapur,APMC Kolhapur ,Cabbage,Other,Local,600,1000,800,08/09/2026
Maharashtra,Solapur,APMC Solapur ,Cabbage,Other,Local,500,1000,800,08/09/2026
Maharashtra,Nashik,APMC Nasik ,Cabbage,Other,Local,500,1170,835,08/09/2026
Maharashtra,Pune,APMC Khed ,Cabbage,Other,Local,700,1000,850,08/09/2026
Maharashtra,Pune,Junnar(Otur) ,Cabbage,Other,Local,500,1500,1100,08/09/2026
Maharashtra,Pune,Pune(Khadiki) ,Cabbage,Other,Local,700,1200,950,08/09/2026
Maharashtra,Ahilyanagar,APMC Ahilyanagar ,Cabbage,Other,Local,200,1200,700,08/09/2026
Maharashtra,Satara,APMC Karad ,Cabbage,Other,Local,800,1000,1000,08/09/2026
Maharashtra,Satara,APMC Satara ,Cabbage,Other,Local,1000,1500,1250,08/09/2026
Maharashtra,Chandrapur,Chandrapur(Ganjwad) ,Cabbage,Other,Local,1000,1500,1200,08/09/2026
Maharashtra,Ahilyanagar,APMC Rahata ,Cabbage,Other,Local,700,1000,850,08/09/2026
Maharashtra,Pune,Pune(Pimpri) ,Cabbage,Other,Local,1200,1200,1200,08/09/2026
Maharashtra,Pune,Pune(Manjri) ,Cabbage,Other,Local,600,1200,900,08/09/2026
Maharashtra,Ratnagiri,APMC Ratnagiri (Nachane) ,Cabbage,Other,Local,1000,1400,1200,08/09/2026
Maharashtra,Nagpur,APMC Nagpur ,Cabbage,Other,Local,1200,1500,1425,08/09/2026
Maharashtra,Pune,APMC Pune ,Cabbage,Other,Local,800,1400,1100,08/09/2026
Maharashtra,Jalgaon,APMC Bhusaval ,Cabbage,Other,Local,500,1000,800,08/09/2026
Maharashtra,Nagpur,APMC Kamthi ,Cabbage,Other,Local,2000,2500,2350,08/09/2026
Maharashtra,Nagpur,APMC Kalmeshwar ,Cabbage,Other,Local,1510,2000,1830,08/09/2026
Maharashtra,Kolhapur,APMC Vadgaonpeth ,Cabbage,Other,Local,900,1200,1000,08/09/2026
Maharashtra,Satara,APMC Vai ,Cabbage,Other,Local,1200,1500,1350,08/09/2026
Maharashtra,Nashik,APMC Ghoti ,Cabbage,Other,Local,900,1000,950,08/09/2026
Maharashtra,Pune,Pune(Moshi) ,Cabbage,Other,Local,1000,1000,1000,08/09/2026
Maharashtra,Amarawati,Amrawati(Frui & Veg. Market) ,Cabbage,Other,Local,1000,1500,1250,08/09/2026
Maharashtra,Chattrapati Sambhajinagar,APMC Chattrapati Sambhajinagar ,Cabbage,Other,Local,600,1000,800,08/09/2026
Maharashtra,Mumbai,APMC Mumbai ,Cabbage,Other,Local,1000,1300,1150,08/09/2026
Uttar Pradesh,Khiri (Lakhimpur),Maigalganj APMC,Cabbage,Cabbage,FAQ,860,900,880,08/09/2026
Uttar Pradesh,Shamli,Kairana APMC,Cabbage,Cabbage,FAQ,1500,1600,1550,08/09/2026
Uttar Pradesh,Shamli,Khandhla APMC,Cabbage,Cabbage,FAQ,300,390,345,08/09/2026
Uttar Pradesh,Etawah,Jasvantnagar APMC,Cabbage,Cabbage,Medium,2215,2315,2265,08/09/2026
Uttar Pradesh,Saharanpur,CHHUTMALPUR APMC,Cabbage,Cabbage,Local,700,900,800,08/09/2026
Uttar Pradesh,Amroha,Hasanpur APMC,Cabbage,Cabbage,FAQ,1450,1520,1500,08/09/2026
Uttar Pradesh,Etah,Awagarh APMC,Cabbage,Cabbage,FAQ,1300,1500,1400,08/09/2026
Rajasthan,Jodhpur,Jodhpur (F&V) APMC,Cabbage,Other,Medium,1000,1800,1500,08/09/2026
Rajasthan,Ajmer,Ajmer(F&V) APMC,Cabbage,Other,Medium,800,2000,1400,08/09/2026
Rajasthan,Udaipur,Udaipur (F&V) APMC,Cabbage,Other,Medium,1500,2000,1750,08/09/2026
Rajasthan,Jalore,Jalore APMC,Cabbage,Cabbage,Local,1500,1700,1600,08/09/2026
Rajasthan,Jaipur,Jaipur (F&V) APMC,Cabbage,Cabbage,FAQ,1900,2000,1950,08/09/2026
Rajasthan,Ganganagar,Sriganganagar (F&V) APMC,Cabbage,Cabbage,Grade A,2300,2700,2500,08/09/2026
Karnataka,Chikkaballapur,Bagepalli APMC,Cabbage,Cabbage,Small,1000,1500,1300,08/09/2026
Karnataka,Chamarajanagar,Chamarajanagar APMC,Cabbage,Cabbage,Local,1000,1800,1400,08/09/2026
Karnataka,Bengaluru,Binny Mill (FF&V) Bengaluru APMC,Cabbage,Cabbage,Local,1600,1800,1700,08/09/2026
Karnataka,Bengaluru South,Ramanagara APMC,Cabbage,Cabbage,Local,1000,1600,1200,08/09/2026
Karnataka,Shivamogga,Shimoga APMC,Cabbage,Cabbage,Local,500,600,550,08/09/2026
Karnataka,Belagavi,Belgaum APMC,Cabbage,Cabbage,Large,2000,2500,2200,08/09/2026
Karnataka,Davangere,Honnali APMC,Cabbage,Cabbage,Medium,500,600,550,08/09/2026
Karnataka,Kolar,Bangarpet APMC,Cabbage,Cabbage,Local,500,1200,900,08/09/2026
Gujarat,Kheda,Kapadvanj APMC,Cabbage,Cabbage,Medium,1200,1500,1350,08/09/2026
Gujarat,Anand,"Anand(Veg,Yard,Anand) APMC",Cabbage,Cabbage,Grade B,750,1500,1125,08/09/2026
Gujarat,Mehsana,Mehsana(Mehsana Veg) APMC,Cabbage,Cabbage,Local,1000,3000,2000,08/09/2026
Gujarat,Surat,Surat APMC,Cabbage,Cabbage,FAQ,800,1700,1250,08/09/2026
Gujarat,Navsari,Bilimora APMC,Cabbage,Other,FAQ,1000,1500,1200,08/09/2026
Gujarat,Dahod,Dahod(Veg. Market) APMC,Cabbage,Cabbage,Local,800,1500,1200,08/09/2026
Gujarat,Gandhinagar,Mansa(Manas Veg Yard) APMC,Cabbage,Other,Local,2000,2500,2000,08/09/2026
Gujarat,Rajkot,Gondal(Veg.market Gondal) APMC,Cabbage,Cabbage,Local,500,2000,1250,08/09/2026
Gujarat,Morbi,Morbi APMC,Cabbage,Cabbage,FAQ,1500,2000,1750,08/09/2026
Gujarat,Sabarkantha,Himatnagar(Veg.Market Himatnagar) APMC,Cabbage,Cabbage,Local,2000,2500,2320,08/09/2026
Gujarat,Surendranagar,Vadhvan APMC,Cabbage,Cabbage,Medium,1000,1500,1250,08/09/2026
Gujarat,Amreli,Damnagar APMC,Cabbage,Cabbage,Local,2500,2500,2500,08/09/2026
Gujarat,Navsari,Navsari APMC,Cabbage,Cabbage,Local,1500,2000,1750,08/09/2026
Gujarat,Anand,Khambhat(Veg Yard Khambhat) APMC,Cabbage,Other,Local,1500,2500,2000,08/09/2026
Gujarat,Bharuch,Ankleshwar APMC,Cabbage,Cabbage,Grade A,1200,1600,1500,08/09/2026
Gujarat,Gir Somnath,Talalagir APMC,Cabbage,Cabbage,FAQ,270,510,350,08/09/2026
Gujarat,Bharuch,Bharuch APMC,Cabbage,Other,Local,1000,1500,1200,08/09/2026
Haryana,Mahendragarh-Narnaul,Mohindergarh APMC,Cabbage,Cabbage,Medium,1000,2000,1500,08/09/2026
Haryana,Kurukshetra,Thanesar APMC,Cabbage,Cabbage,Medium,2000,3000,2500,08/09/2026
Haryana,Kurukshetra,Shahabad APMC,Cabbage,Cabbage,Medium,2000,2500,2400,08/09/2026
Haryana,Kurukshetra,Ladwa APMC,Cabbage,Cabbage,Medium,3500,4000,4000,08/09/2026
Haryana,Yamuna Nagar,Sadhaura APMC,Cabbage,Cabbage,Local,1800,2400,2000,08/09/2026
Haryana,Mahendragarh-Narnaul,Narnaul APMC,Cabbage,Cabbage,Medium,2500,3500,3000,08/09/2026
Haryana,Hissar,Hansi APMC,Cabbage,Other,FAQ,2500,3000,2750,08/09/2026
Haryana,Ambala,Naraingarh APMC,Cabbage,Cabbage,Medium,1000,2200,1500,08/09/2026
Haryana,Yamuna Nagar,Jagadhri APMC,Cabbage,Cabbage,Medium,1500,1800,1600,08/09/2026
Haryana,Kaithal,Siwan APMC,Cabbage,Other,FAQ,1900,2100,2000,08/09/2026
Haryana,Sonipat,Sonepat APMC,Cabbage,Other,FAQ,1500,2000,1700,08/09/2026
Haryana,Jhajar,Bahadurgarh APMC,Cabbage,Other,Medium,1700,1800,1750,08/09/2026
Haryana,Sonipat,Ganaur APMC,Cabbage,Cabbage,Medium,2500,3000,2800,08/09/2026
Haryana,Panipat,Panipat APMC,Cabbage,Other,Local,800,1400,1100,08/09/2026
Haryana,Kaithal,Pundri APMC,Cabbage,Other,FAQ,2100,2300,2200,08/09/2026
Punjab,Hoshiarpur,Mukerian APMC,Cabbage,Cabbage,Grade B,1500,2500,2000,08/09/2026
Punjab,Fazilka,Jalalabad APMC,Cabbage,Other,Medium,3000,3200,3100,08/09/2026
Punjab,Jalandhar,Jalandhar City(Jalandhar) APMC,Cabbage,Cabbage,FAQ,800,1800,1300,08/09/2026
Punjab,Ludhiana,Khanna APMC,Cabbage,Other,Grade A,800,800,800,08/09/2026
Punjab,Patiala,Patran APMC,Cabbage,Other,Grade A,2540,2540,2540,08/09/2026
Punjab,Sangrur,Malerkotla APMC,Cabbage,Other,Local,1500,2000,1600,08/09/2026
Punjab,Hoshiarpur,Garh Shankar APMC,Cabbage,Cabbage,FAQ,2000,2000,2000,08/09/2026
Punjab,Ludhiana,Doraha APMC,Cabbage,Other,Local,1000,2500,1800,08/09/2026
Punjab,Jalandhar,Adampur APMC,Cabbage,Cabbage,FAQ,2000,2500,2500,08/09/2026
Punjab,Fatehgarh,Bassi Pathana APMC,Cabbage,Cabbage,Medium,1800,2000,1900,08/09/2026
Punjab,Hoshiarpur,Tanda Urmur APMC,Cabbage,Cabbage,Grade A,2500,3000,2800,08/09/2026
Punjab,Ludhiana,Jagraon APMC,Cabbage,Other,FAQ,300,300,300,08/09/2026
Punjab,Muktsar,Malout APMC,Cabbage,Cabbage,Grade A,2500,2500,2500,08/09/2026
Punjab,Bhatinda,Rampuraphul(Nabha Mandi) APMC,Cabbage,Other,Grade A,1000,2000,1500,08/09/2026
Punjab,Gurdaspur,Quadian APMC,Cabbage,Other,Grade A,1300,1500,1400,08/09/2026
Andhra Pradesh,Chittor,Palamaner APMC,Cabbage,Cabbage,FAQ,600,1000,800,08/09/2026
West Bengal,Paschim Bardhaman,Durgapur APMC,Cabbage,Other,FAQ,1900,2100,2050,08/09/2026
West Bengal,Kolkata,Sealdah Koley Market APMC,Cabbage,Other,FAQ,3000,3500,3200,08/09/2026
West Bengal,Medinipur(W),Medinipur(West) APMC,Cabbage,Cabbage,FAQ,3100,3400,3300,08/09/2026
Odisha,Koraput,Koraput APMC,Cabbage,Cabbage,Grade B,2500,3500,3000,08/09/2026
Odisha,Nuapada,Khariar APMC,Cabbage,Other,Grade A,4000,4000,4000,08/09/2026
Odisha,Nowarangpur,Nawarangpur APMC,Cabbage,Cabbage,Grade B,2200,2200,2200,08/09/2026
Odisha,Kalahandi,Kesinga APMC,Cabbage,Other,Grade B,2700,3300,3000,08/09/2026
Odisha,Deogarh,Tileibani APMC,Cabbage,Other,FAQ,5600,6000,5800,08/09/2026
Odisha,Sundergarh,Panposh APMC,Cabbage,Cabbage,FAQ,3000,3500,3200,08/09/2026
Odisha,Deogarh,Deogarh APMC,Cabbage,Cabbage,FAQ,5600,6000,5800,08/09/2026
Odisha,Dhenkanal,Kamakhyanagar APMC,Cabbage,Cabbage,Grade A,4000,4000,4000,08/09/2026
Odisha,Bargarh,Bargarh APMC,Cabbage,Cabbage,Grade C,2500,3500,3000,08/09/2026
Odisha,Rayagada,Rayagada APMC,Cabbage,Cabbage,Local,1500,1600,1600,08/09/2026
Odisha,Sonepur,Dungurapalli APMC,Cabbage,Other,Local,3500,4000,3800,08/09/2026
Odisha,Dhenkanal,Dhenkanal APMC,Cabbage,Cabbage,Grade B,3800,4200,4000,08/09/2026
Odisha,Mayurbhanja,Udala APMC,Cabbage,Cabbage,FAQ,2000,2500,2300,08/09/2026
Odisha,Bolangir,Kantabaji APMC,Cabbage,Cabbage,Grade B,2000,2800,2400,08/09/2026
Odisha,Kalahandi,Mukhiguda APMC,Cabbage,Cabbage,Grade B,2400,2700,2550,08/09/2026
Odisha,Bargarh,Attabira APMC,Cabbage,Cabbage,Local,1500,1750,1600,08/09/2026
Odisha,Bolangir,Tusura APMC,Cabbage,Other,Large,2200,2600,2400,08/09/2026
Odisha,Mayurbhanja,Baripada APMC,Cabbage,Cabbage,Medium,3000,4000,3500,08/09/2026
Odisha,Rayagada,Gunpur APMC,Cabbage,Cabbage,Large,6840,7900,7440,08/09/2026
Odisha,Boudh,Boudh APMC,Cabbage,Other,Local,4000,5000,4500,08/09/2026
Odisha,Bolangir,Bolangir APMC,Cabbage,Other,Large,2200,2600,2400,08/09/2026
Odisha,Nuapada,Khariar Road APMC,Cabbage,Cabbage,Grade A,5000,5000,5000,08/09/2026
Telangana,Hyderabad,Mahboob Manison APMC,Cabbage,Cabbage,Medium,1000,1200,1100,08/09/2026
Telangana,Nalgonda,Miryalguda(Rythu Bazar) ,Cabbage,Cabbage,Grade A,2500,2500,2500,08/09/2026
Telangana,Hyderabad,Gudimalkapur APMC,Cabbage,Cabbage,Grade B,800,1300,900,08/09/2026
Telangana,Warangal,Warangal APMC,Cabbage,Cabbage,FAQ,1600,2000,1800,08/09/2026
Telangana,Hyderabad,RYTHU BAZAR ERRAGADDA,Cabbage,Cabbage,Grade A,1300,1300,1300,08/09/2026
Telangana,Adilabad,Adilabad (Rythu Bazar) ,Cabbage,Cabbage,Local,4000,4200,4000,08/09/2026
Telangana,Ranga Reddy,L B Nagar APMC,Cabbage,Cabbage,Medium,800,1200,1000,08/09/2026
Telangana,Ranga Reddy,"Saroornagar,RBZ",Cabbage,Other,Medium,1300,1300,1300,08/09/2026
Telangana,Hyderabad,RYTHU BAZAR FALAKNUMA,Cabbage,Cabbage,Grade A,1300,1300,1300,08/09/2026
Telangana,Ranga Reddy,Shadnagar APMC,Cabbage,Cabbage,Local,1300,1600,1500,08/09/2026
Telangana,Siddipet,Siddipet(Rythu Bazar) ,Cabbage,Cabbage,Grade A,2000,2800,2400,08/09/2026
Telangana,Mahbubnagar,Mahabubnagar(Rythu Bazar),Cabbage,Cabbage,Local,3000,3000,3000,08/09/2026
Telangana,Nalgonda,Venkateswarnagar APMC,Cabbage,Cabbage,Grade A,1000,1200,1100,08/09/2026
Telangana,Medchal Malkajgiri,"Kukatpally,RBZ",Cabbage,Cabbage,Local,1300,1300,1300,08/09/2026
Telangana,Karimnagar,Karimnagar APMC,Cabbage,Cabbage,Medium,933.33338,933.33338,933.33338,08/09/2026
Telangana,Hyderabad,Bowenpally APMC,Cabbage,Cabbage,FAQ,600,1000,800,08/09/2026
Telangana,Hyderabad,"Alwal,RBZ",Cabbage,Other,FAQ,1300,1300,1300,08/09/2026
Uttarakhand,Dehradoon,Dehradoon APMC,Cabbage,Cabbage,Grade B,800,1400,1200,08/09/2026
Uttarakhand,Udhamsinghnagar,Rudrapur APMC,Cabbage,Other,Medium,3000,4500,4000,08/09/2026
Uttarakhand,Garhwal (Pauri),Kotadwara APMC,Cabbage,Cabbage,FAQ,1100,1100,1100,08/09/2026
Uttarakhand,Dehradoon,Vikasnagar APMC,Cabbage,Cabbage,Medium,500,2000,1500,08/09/2026
Himachal Pradesh,Sirmore,SMY Nahan,Cabbage,Cabbage,FAQ,2000,2500,2200,08/09/2026
Himachal Pradesh,Bilaspur,PMY Bilaspur,Cabbage,Cabbage,Grade B,2500,2600,2600,08/09/2026
Himachal Pradesh,Kangra,SMY Jassur,Cabbage,Other,FAQ,2500,3000,2750,08/09/2026
Himachal Pradesh,Kangra,SMY Palampur,Cabbage,Cabbage,FAQ,2500,3000,2800,08/09/2026
Himachal Pradesh,Sirmore,PMY Paonta Sahib,Cabbage,Other,FAQ,2800,3000,2900,08/09/2026
Himachal Pradesh,Mandi,SMY Takoli,Cabbage,Other,Medium,500,1700,1200,08/09/2026
Himachal Pradesh,Hamirpur,SMY Nadaun,Cabbage,Other,Grade B,3000,3200,3100,08/09/2026
Himachal Pradesh,Kullu,SMY Bandrol,Cabbage,Other,FAQ,800,1200,1000,08/09/2026
Himachal Pradesh,Hamirpur,PMY Hamirpur,Cabbage,Cabbage,Grade B,3000,3000,3000,08/09/2026
Himachal Pradesh,Kullu,SMY Bhuntar,Cabbage,Other,FAQ,1800,2000,1900,08/09/2026
Himachal Pradesh,Kangra,SMY Baijnath,Cabbage,Cabbage,Grade A,2200,2700,2500,08/09/2026
Himachal Pradesh,Una,PMY Una,Cabbage,Cabbage,Local,2400,3000,2700,08/09/2026
Himachal Pradesh,Kullu,SMY Chauri Bihal,Cabbage,Other,Grade Range-1,1000,2100,1800,08/09/2026
Himachal Pradesh,Shimla,PMY Dhalli Shimla,Cabbage,Cabbage,Grade A,2000,2500,2000,08/09/2026
Himachal Pradesh,Kangra,SMY Jaisinghpur,Cabbage,Cabbage,FAQ,2800,3200,3000,08/09/2026
Himachal Pradesh,Kangra,SMY Dharamshala,Cabbage,Cabbage,FAQ,2600,2800,2700,08/09/2026
Himachal Pradesh,Kullu,PMY Kullu,Cabbage,Other,FAQ,1500,2000,1800,08/09/2026
Himachal Pradesh,Mandi,SMY Dhanotu,Cabbage,Cabbage,FAQ,1500,2000,1750,08/09/2026
Himachal Pradesh,Shimla,SMY Rohroo,Cabbage,Other,Grade B,2000,2400,2200,08/09/2026
Himachal Pradesh,Una,SMY Santoshgarh,Cabbage,Cabbage,FAQ,2500,2500,2500,08/09/2026
Himachal Pradesh,Solan,PMY Kather Solan,Cabbage,Other,Medium,2000,2200,2200,08/09/2026
Assam,Kamrup,Pamohi(Garchuk) APMC,Cabbage,Cabbage,FAQ,2400,3000,2600,08/09/2026
Assam,Darrang,Besimari APMC,Cabbage,Cabbage,Local,1700,2100,1900,08/09/2026
Assam,Kamrup,Uparhali Pmy APMC,Cabbage,Cabbage,FAQ,2500,2800,2550,08/09/2026
Assam,Darrang,Balugaon APMC,Cabbage,Cabbage,Local,1600,2000,1800,08/09/2026
Assam,Sonitpur,Dhekiajuli APMC,Cabbage,Cabbage,FAQ,2600,2800,2800,08/09/2026
Assam,Tinsukia,Tinsukia Market,Cabbage,Cabbage,FAQ,2500,3500,3000,08/09/2026
Tamil Nadu,Vellore,Perampet(Uzhavar Sandhai),Bitter gourd,Bitter Gourd,Local,4000,4000,4000,08/09/2026
Tamil Nadu,Karur,Kulithalai(Uzhavar Sandhai ),Bitter gourd,Other,Local,5000,5600,5300,08/09/2026
Tamil Nadu,Coimbatore,Vadavalli(Uzhavar Sandhai ),Bitter gourd,Other,Local,4800,5400,5100,08/09/2026
Tamil Nadu,Erode,Sampath Nagar(Uzhavar Sandhai ),Bitter gourd,Other,Local,4000,4500,4250,08/09/2026
Tamil Nadu,Pudukkottai,Viralimalai(Uzhavar Sandhai ),Bitter gourd,Bitter Gourd,Local,7000,8000,7500,08/09/2026
Tamil Nadu,Ramanathapuram,Ramanathapuram(Uzhavar Sandhai ),Bitter gourd,Bitter Gourd,Local,5500,6000,5750,08/09/2026
Tamil Nadu,Thiruvannamalai,Arani(Uzhavar Sandhai ),Bitter gourd,Bitter Gourd,Local,3000,3600,3300,08/09/2026
Tamil Nadu,Thiruvannamalai,Polur(Uzhavar Sandhai ),Bitter gourd,Bitter Gourd,Local,4200,4800,4500,08/09/2026
Tamil Nadu,Thiruvarur,Mannargudi II(Uzhavar Sandhai ),Bitter gourd,Bitter Gourd,Local,5600,5600,5600,08/09/2026
Tamil Nadu,Thiruvellore,Paruthipattu(Uzhavar Sandhai ),Bitter gourd,Bitter Gourd,Local,5000,5000,5000,08/09/2026
Tamil Nadu,Vellore,Kahithapattarai(Uzhavar Sandhai ),Bitter gourd,Bitter Gourd,Local,3600,3600,3600,08/09/2026
Tamil Nadu,Thiruvannamalai,Cheyyar(Uzhavar Sandhai ),Bitter gourd,Other,Local,2500,3000,2750,08/09/2026
Tamil Nadu,Pudukkottai,Karambakkudi(Uzhavar Sandhai ),Bitter gourd,Other,Local,7000,8000,7500,08/09/2026
Tamil Nadu,Coimbatore,RSPuram(Uzhavar Sandhai ),Bitter gourd,Other,Local,4400,4800,4600,08/09/2026
Tamil Nadu,Thiruchirappalli,Thiruverumbur(Uzhavar Sandhai ),Bitter gourd,Other,Local,5600,6000,5800,08/09/2026
Tamil Nadu,Virudhunagar,Sivakasi(Uzhavar Sandhai ),Bitter gourd,Bitter Gourd,Local,5000,6000,5500,08/09/2026
Tamil Nadu,Chengalpattu,Chengalpet(Uzhavar Sandhai ),Bitter gourd,Other,Local,6000,7000,6500,08/09/2026
Tamil Nadu,Thanjavur,Kumbakonam (Uzhavar Sandhai ),Bitter gourd,Bitter Gourd,Local,3600,7200,5400,08/09/2026
Tamil Nadu,Virudhunagar,Aruppukottai(Uzhavar Sandhai ),Bitter gourd,Bitter Gourd,Local,6000,8000,7000,08/09/2026
Tamil Nadu,Thiruvellore,Tiruvallur(Uzhavar Sandhai ),Bitter gourd,Bitter Gourd,Local,5000,5000,5000,08/09/2026
Tamil Nadu,Karur,Gandhigramam(Uzhavar Sandhai),Bitter gourd,Other,Local,5500,6000,5750,08/09/2026
Tamil Nadu,Thirupur,Tiruppur (South) (Uzhavar Sandhai ),Bitter gourd,Other,Local,5000,6000,5500,08/09/2026
Tamil Nadu,Dharmapuri,Dharmapuri(Uzhavar Sandhai ),Bitter gourd,Bitter Gourd,Local,3700,4000,3850,08/09/2026
Tamil Nadu,Dindigul,Palani(Uzhavar Sandhai ),Bitter gourd,Bitter Gourd,Local,4000,4800,4400,08/09/2026
Tamil Nadu,Namakkal,Kumarapalayam(Uzhavar Sandhai ),Bitter gourd,Other,Local,5900,6500,6200,08/09/2026
Tamil Nadu,Namakkal,Namakkal(Uzhavar Sandhai ),Bitter gourd,Other,Local,6000,6600,6300,08/09/2026
Tamil Nadu,Thirunelveli,NGO Colony(Uzhavar Sandhai ),Bitter gourd,Bitter Gourd,Local,5000,5500,5250,08/09/2026
Tamil Nadu,Thirupur,Kangayam(Uzhavar Sandhai ),Bitter gourd,Other,Local,5000,5500,5250,08/09/2026
Tamil Nadu,Salem,Edapadi (Uzhavar Sandhai ),Bitter gourd,Other,Local,4500,5000,4750,08/09/2026
Tamil Nadu,Erode,Gobichettipalayam(Uzhavar Sandhai ),Bitter gourd,Bitter Gourd,Local,4600,4800,4700,08/09/2026
Tamil Nadu,Pudukkottai,Ponnamaravathi(Uzhavar Sandhai),Bitter gourd,Bitter Gourd,Local,5500,6000,5750,08/09/2026
Tamil Nadu,Ramanathapuram,Paramakudi(Uzhavar Sandhai ),Bitter gourd,Bitter Gourd,Local,5500,6000,5750,08/09/2026
Tamil Nadu,Pudukkottai,Alangudi(Uzhavar Sandhai ),Bitter gourd,Other,Local,6000,7000,6500,08/09/2026
Tamil Nadu,Tuticorin,Kovilpatti(Uzhavar Sandhai ),Bitter gourd,Other,Local,9000,9500,9250,08/09/2026
Tamil Nadu,Vellore,Gudiyatham(Uzhavar Sandhai ),Bitter gourd,Bitter Gourd,Local,3600,3600,3600,08/09/2026
Tamil Nadu,Thanjavur,Papanasam(Uzhavar Sandhai ),Bitter gourd,Bitter Gourd,Local,3600,7200,5400,08/09/2026
Tamil Nadu,Theni,Periyakulam(Uzhavar Sandhai ),Bitter gourd,Other,Local,3400,3600,3500,08/09/2026
Tamil Nadu,Coimbatore,Singanallur(Uzhavar Sandhai ),Bitter gourd,Bitter Gourd,Local,4400,5000,4700,08/09/2026
Tamil Nadu,Coimbatore,Pollachi(Uzhavar Sandhai ),Bitter gourd,Bitter Gourd,Local,5500,6000,5750,08/09/2026
Tamil Nadu,Dharmapuri,Palacode(Uzhavar Sandhai ),Bitter gourd,Other,Local,3800,4000,3900,08/09/2026
Tamil Nadu,Kancheepuram,Sunguvarchatram(Uzhavar Sandhai ),Bitter gourd,Bitter Gourd,Local,4000,4000,4000,08/09/2026
Tamil Nadu,Dharmapuri,Harur(Uzhavar Sandhai ),Bitter gourd,Bitter Gourd,Local,4500,5000,4750,08/09/2026
Tamil Nadu,Erode,Thalavadi(Uzhavar Sandhai ),Bitter gourd,Other,Local,4000,4500,4250,08/09/2026
Tamil Nadu,Theni,Bodinayakanur(Uzhavar Sandhai ),Bitter gourd,Bitter Gourd,Local,3600,3600,3600,08/09/2026
Tamil Nadu,Thiruvarur,Tiruvarur(Uzhavar Sandhai ),Bitter gourd,Bitter Gourd,Local,6000,6000,6000,08/09/2026
Tamil Nadu,Salem,Vazhapadi(Uzhavar Sandhai),Bitter gourd,Bitter Gourd,Local,5000,5500,5250,08/09/2026
Tamil Nadu,Sivaganga,Singampunari(Uzhavar Sandhai ),Bitter gourd,Other,Local,4600,5600,5100,08/09/2026
Tamil Nadu,Thiruchirappalli,Manachanallur(Uzhavar Sandhai ),Bitter gourd,Other,Local,5000,5600,5300,08/09/2026
Tamil Nadu,Villupuram,Ulundurpettai APMC,Bitter gourd,Bitter Gourd,Local,6000,6000,6000,08/09/2026
Tamil Nadu,Madurai,Anaiyur(Uzhavar Sandhai ),Bitter gourd,Bitter Gourd,Local,5500,6500,6000,08/09/2026
Tamil Nadu,Namakkal,Mohanur(Uzhavar Sandhai ),Bitter gourd,Bitter Gourd,Local,5400,6000,5700,08/09/2026
Tamil Nadu,Namakkal,Rasipuram(Uzhavar Sandhai ),Bitter gourd,Other,Local,6000,6500,6250,08/09/2026
Tamil Nadu,Salem,Mecheri(Uzhavar Sandhai),Bitter gourd,Other,Local,5000,5500,5250,08/09/2026
Tamil Nadu,Ranipet,Arcot(Uzhavar Sandhai ),Bitter gourd,Bitter Gourd,Local,4000,5000,4500,08/09/2026
Tamil Nadu,Theni,Kambam(Uzhavar Sandhai ),Bitter gourd,Other,Local,3600,3600,3600,08/09/2026
Tamil Nadu,Theni,Theni(Uzhavar Sandhai ),Bitter gourd,Bitter Gourd,Local,5500,5500,5500,08/09/2026
Tamil Nadu,Thiruvannamalai,Chengam(Uzhavar Sandhai ),Bitter gourd,Bitter Gourd,Local,5000,6000,5500,08/09/2026
Tamil Nadu,Thiruvannamalai,Vandavasi(Uzhavar Sandhai ),Bitter gourd,Other,Local,3000,3600,3300,08/09/2026
Tamil Nadu,Thiruvarur,Muthupettai(Uzhavar Sandhai ),Bitter gourd,Bitter Gourd,Local,5600,5600,5600,08/09/2026
Tamil Nadu,Thanjavur,Peravurani(Uzhavar Sandhai),Bitter gourd,Bitter Gourd,Local,6000,6000,6000,08/09/2026
Tamil Nadu,Karur,Vengamedu(Uzhavar Sandhai ),Bitter gourd,Other,Local,5500,6000,5750,08/09/2026
Tamil Nadu,Salem,Elampillai(Uzhavar Sandhai ),Bitter gourd,Bitter Gourd,Local,4500,5000,4750,08/09/2026
Tamil Nadu,Nagapattinam,Nagapattinam(Uzhavar Sandhai ),Bitter gourd,Other,Local,4000,4000,4000,08/09/2026
Tamil Nadu,Tenkasi,Sankarankoil(Uzhavar Sandhai ),Bitter gourd,Other,Local,10000,10000,10000,08/09/2026
Tamil Nadu,The Nilgiris,Udhagamandalam(Uzhavar Sandhai ),Bitter gourd,Bitter Gourd,Local,4500,4800,4650,08/09/2026
Tamil Nadu,Thiruvarur,Needamangalam(Uzhavar Sandhai ),Bitter gourd,Bitter Gourd,Local,5400,5400,5400,08/09/2026
Tamil Nadu,Thiruvellore,Tiruthani(Uzhavar Sandhai ),Bitter gourd,Bitter Gourd,Local,6000,6000,6000,08/09/2026
Tamil Nadu,Virudhunagar,Kariyapatti(Uzhavar Sandhai ),Bitter gourd,Bitter Gourd,Local,7500,8000,7750,08/09/2026
Tamil Nadu,Madurai,Melur(Uzhavar Sandhai ),Bitter gourd,Other,Local,4500,5500,5000,08/09/2026
Tamil Nadu,Pudukkottai,Aranthangi(Uzhavar Sandhai ),Bitter gourd,Bitter Gourd,Local,6500,7000,6750,08/09/2026
Tamil Nadu,Nagapattinam,Vedaranyam(Uzhavar Sandhai),Bitter gourd,Bitter Gourd,Local,5000,5200,5100,08/09/2026
Tamil Nadu,Thirupathur,Vaniyampadi(Uzhavar Sandhai ),Bitter gourd,Bitter Gourd,Local,5000,5000,5000,08/09/2026
Tamil Nadu,Virudhunagar,Srivilliputhur(Uzhavar Sandhai ),Bitter gourd,Bitter Gourd,Local,7000,8000,7500,08/09/2026
Tamil Nadu,Coimbatore,Udumalpet APMC,Bitter gourd,Bitter Gourd,Local,5000,6000,5500,08/09/2026
Tamil Nadu,Karur,Karur(Uzhavar Sandhai ),Bitter gourd,Other,Local,5500,6000,5750,08/09/2026
Tamil Nadu,The Nilgiris,Gudalur(Uzhavar Sandhai ),Bitter gourd,Bitter Gourd,Local,4500,5000,4750,08/09/2026
Tamil Nadu,Dharmapuri,Pennagaram(Uzhavar Sandhai ),Bitter gourd,Bitter Gourd,Local,4500,5000,4750,08/09/2026
Tamil Nadu,Dindigul,Chinnalapatti(Uzhavar Sandhai ),Bitter gourd,Other,Local,6000,7000,6500,08/09/2026
Tamil Nadu,Dindigul,Dindigul(Uzhavar Sandhai ),Bitter gourd,Other,Local,6000,7000,6500,08/09/2026
Tamil Nadu,Krishnagiri,Denkanikottai(Uzhavar Sandhai ),Bitter gourd,Bitter Gourd,Local,4000,4500,4250,08/09/2026
Tamil Nadu,Thanjavur,Pattukottai(Uzhavar Sandhai ),Bitter gourd,Bitter Gourd,Local,6000,6000,6000,08/09/2026
Tamil Nadu,Thiruchirappalli,KKNagar(Uzhavar Sandhai ),Bitter gourd,Bitter Gourd,Local,5600,5600,5600,08/09/2026
Tamil Nadu,Chengalpattu,Madhuranthagam(Uzhavar Sandhai ),Bitter gourd,Bitter Gourd,Local,4000,4000,4000,08/09/2026
Tamil Nadu,Chengalpattu,Nanganallur(Uzhavar Sandhai ),Bitter gourd,Bitter Gourd,Local,5500,6000,5750,08/09/2026
Tamil Nadu,Villupuram,Tindivanam APMC,Bitter gourd,Bitter Gourd,Local,5000,5000,5000,08/09/2026
Tamil Nadu,Thanjavur,Tirukattupalli(Uzhavar Sandhai ),Bitter gourd,Bitter Gourd,Local,5600,5600,5600,08/09/2026
Tamil Nadu,Ranipet,Ranipettai(Uzhavar Sandhai ),Bitter gourd,Other,Local,3600,3600,3600,08/09/2026
Tamil Nadu,Salem,Ammapet(Uzhavar Sandhai ),Bitter gourd,Other,Local,4500,5000,4750,08/09/2026
Tamil Nadu,Salem,Mettur(Uzhavar Sandhai ),Bitter gourd,Other,Local,4500,5000,4750,08/09/2026
Tamil Nadu,Thiruchirappalli,Thuraiyur APMC,Bitter gourd,Other,Local,4500,5600,5050,08/09/2026
Tamil Nadu,Thirunelveli,Melapalayam(Uzhavar Sandhai ),Bitter gourd,Other,Local,5000,5500,5250,08/09/2026
Tamil Nadu,Coimbatore,Sulur(Uzhavar Sandhai ),Bitter gourd,Bitter Gourd,Local,4400,5000,4700,08/09/2026
Tamil Nadu,Pudukkottai,Gandarvakottai(Uzhavar Sandhai ),Bitter gourd,Bitter Gourd,Local,6000,7000,6500,08/09/2026
Tamil Nadu,Sivaganga,Sivagangai (Uzhavar Sandhai ),Bitter gourd,Other,Local,4600,5600,5100,08/09/2026
Tamil Nadu,Sivaganga,Devakottai (Uzhavar Sandhai ),Bitter gourd,Other,Local,5000,5800,5400,08/09/2026
Tamil Nadu,Salem,Hasthampatti(Uzhavar Sandhai ),Bitter gourd,Other,Local,4000,4500,4250,08/09/2026
Tamil Nadu,Coimbatore,Kurichi(Uzhavar Sandhai ),Bitter gourd,Other,Local,4000,4500,4250,08/09/2026
Tamil Nadu,Chengalpattu,Thirukalukundram(Uzhavar Sandhai ),Bitter gourd,Bitter Gourd,Local,6000,6500,6250,08/09/2026
Tamil Nadu,Nagercoil (Kannyiakumari),Vadaseri APMC,Bitter gourd,Bitter Gourd,Local,6300,6800,6550,08/09/2026
Tamil Nadu,Vellore,Vellore APMC,Bitter gourd,Bitter Gourd,Local,4500,4500,4500,08/09/2026
Tamil Nadu,Krishnagiri,Kaveripattinam(Uzhavar Sandhai ),Bitter gourd,Bitter Gourd,Local,5000,5000,5000,08/09/2026
Tamil Nadu,Thirupathur,Natrampalli(Uzhavar Sandhai ),Bitter gourd,Bitter Gourd,Local,4000,5000,4500,08/09/2026
Tamil Nadu,Salem,Athur(Uzhavar Sandhai ),Bitter gourd,Bitter Gourd,Local,4500,5000,4750,08/09/2026
Tamil Nadu,Madurai,Chokkikulam(Uzhavar Sandhai ),Bitter gourd,Bitter Gourd,Local,5500,6500,6000,08/09/2026
Tamil Nadu,Thiruvarur,Mannargudi I(Uzhavar Sandhai ),Bitter gourd,Other,Local,5600,5600,5600,08/09/2026
Tamil Nadu,Thiruvarur,Tiruthuraipoondi(Uzhavar Sandhai ),Bitter gourd,Bitter Gourd,Local,5800,5800,5800,08/09/2026
Tamil Nadu,Villupuram,Villupuram(Uzhavar Sandhai ),Bitter gourd,Bitter Gourd,Local,6000,8000,7000,08/09/2026
Tamil Nadu,Pudukkottai,Pudukottai(Uzhavar Sandhai ),Bitter gourd,Other,Local,6000,7000,6500,08/09/2026
Tamil Nadu,Theni,Andipatti(Uzhavar Sandhai ),Bitter gourd,Bitter Gourd,Local,3200,3600,3400,08/09/2026
Tamil Nadu,Thiruvarur,Valangaiman APMC,Bitter gourd,Bitter Gourd,Local,6000,6000,6000,08/09/2026
Tamil Nadu,Vellore,Katpadi (Uzhavar Sandhai ),Bitter gourd,Bitter Gourd,Local,3500,4500,4000,08/09/2026
Tamil Nadu,Madurai,Thirumangalam(Uzhavar Sandhai ),Bitter gourd,Bitter Gourd,Local,4500,5500,5000,08/09/2026
Tamil Nadu,Salem,Jalagandapuram(Uzhavar Sandhai ),Bitter gourd,Other,Local,4500,5000,4750,08/09/2026
Tamil Nadu,Thanjavur,Thanjavur(Uzhavar Sandhai ),Bitter gourd,Bitter Gourd,Local,6000,6600,6300,08/09/2026
Tamil Nadu,Thiruchirappalli,Manapparai(Uzhavar Sandhai ),Bitter gourd,Other,Local,5600,6000,5800,08/09/2026
Tamil Nadu,Virudhunagar,Sathur(Uzhavar Sandhai ),Bitter gourd,Bitter Gourd,Local,5500,6000,5750,08/09/2026
Tamil Nadu,Virudhunagar,Virudhunagar(Uzhavar Sandhai ),Bitter gourd,Bitter Gourd,Local,5500,6000,5750,08/09/2026
Tamil Nadu,Chengalpattu,Pallavaram(Uzhavar Sandhai ),Bitter gourd,Other,Local,6000,7000,6500,08/09/2026
Tamil Nadu,Nagercoil (Kannyiakumari),Myladi(Uzhavar Sandhai ),Bitter gourd,Bitter Gourd,Local,6000,6800,6400,08/09/2026
Tamil Nadu,Coimbatore,Sundarapuram(Uzhavar Sandhai ),Bitter gourd,Other,Local,4500,5200,4850,08/09/2026
Tamil Nadu,Coimbatore,Mettupalayam(Uzhavar Sandhai ),Bitter gourd,Bitter Gourd,Local,4000,4500,4250,08/09/2026
Tamil Nadu,Namakkal,Tiruchengode APMC,Bitter gourd,Other,Local,5500,6000,5750,08/09/2026
Tamil Nadu,Erode,Perundurai(Uzhavar Sandhai ),Bitter gourd,Bitter Gourd,Local,4500,5000,4750,08/09/2026
Tamil Nadu,Kallakuruchi,Sankarapuram(Uzhavar Sandhai ),Bitter gourd,Bitter Gourd,Local,7000,7000,7000,08/09/2026
Tamil Nadu,Krishnagiri,Avallapalli(Uzhavar Sandhai ),Bitter gourd,Bitter Gourd,Local,4000,4500,4250,08/09/2026
Tamil Nadu,Dharmapuri,Karimangalam(Uzhavar Sandhai),Bitter gourd,Other,Local,4000,4500,4250,08/09/2026
Tamil Nadu,Madurai,Usilampatti(Uzhavar Sandhai ),Bitter gourd,Other,Local,4500,5500,5000,08/09/2026
Tamil Nadu,Nagapattinam,Sirkali(Uzhavar Sandhai ),Bitter gourd,Bitter Gourd,Local,5500,6000,5750,08/09/2026
Tamil Nadu,Namakkal,Paramathivelur(Uzhavar Sandhai ),Bitter gourd,Bitter Gourd,Local,6000,7000,6500,08/09/2026
Tamil Nadu,Perambalur,Perambalur(Uzhavar Sandhai ),Bitter gourd,Bitter Gourd,Local,5600,6000,5800,08/09/2026
Tamil Nadu,Salem,Sooramangalam(Uzhavar Sandhai ),Bitter gourd,Other,Local,4000,4500,4250,08/09/2026
Tamil Nadu,Theni,Chinnamanur(Uzhavar Sandhai ),Bitter gourd,Other,Local,3600,3600,3600,08/09/2026
Tamil Nadu,Thirupur,Tiruppur (North) (Uzhavar Sandhai ),Bitter gourd,Other,Local,5000,6000,5500,08/09/2026
Tamil Nadu,Thiruvannamalai,Tamarainagar(Uzhavar Sandhai ),Bitter gourd,Bitter Gourd,Local,4000,4800,4400,08/09/2026
Tamil Nadu,Cuddalore,Cuddalore(Uzhavar Sandhai ),Bitter gourd,Bitter Gourd,Local,6000,7000,6500,08/09/2026
Tamil Nadu,Tuticorin,Tuticorin(Uzhavar Sandhai ),Bitter gourd,Other,Local,5000,6000,5500,08/09/2026
Tamil Nadu,Vellore,Thirupathur APMC,Bitter gourd,Bitter Gourd,Local,5000,5000,5000,08/09/2026
Tamil Nadu,The Nilgiris,Coonoor(Uzhavar Sandhai ),Bitter gourd,Other,Local,5500,6000,5750,08/09/2026
Tamil Nadu,Erode,Sathiyamagalam(Uzhavar Sandhai ),Bitter gourd,Other,Local,5000,5400,5200,08/09/2026
Tamil Nadu,Nagapattinam,Mayiladuthurai(Uzhavar Sandhai ),Bitter gourd,Bitter Gourd,Local,5500,6000,5750,08/09/2026
Tamil Nadu,Thiruvannamalai,Tiruvannamalai(Uzhavar Sandhai ),Bitter gourd,Bitter Gourd,Local,5000,6000,5500,08/09/2026
Tamil Nadu,Sivaganga,Karaikudi(Uzhavar Sandhai ),Bitter gourd,Bitter Gourd,Local,5000,6000,5500,08/09/2026
Tamil Nadu,Sivaganga,Tirupatthur(Uzhavar Sandhai ),Bitter gourd,Other,Local,5000,6000,5500,08/09/2026
Tamil Nadu,Thiruchirappalli,Lalgudi(Uzhavar Sandhai ),Bitter gourd,Other,Local,6000,6000,6000,08/09/2026
Tamil Nadu,Thiruchirappalli,Musiri(Uzhavar Sandhai ),Bitter gourd,Bitter Gourd,Local,5000,5600,5300,08/09/2026
Tamil Nadu,Virudhunagar,Rajapalayam(Uzhavar Sandhai ),Bitter gourd,Bitter Gourd,Local,8000,9000,8500,08/09/2026
Tamil Nadu,Virudhunagar,Thalavaipuram(Uzhavar Sandhai ),Bitter gourd,Bitter Gourd,Local,8000,9000,8500,08/09/2026
Tamil Nadu,Chengalpattu,Jameenrayapettai(Uzhavar Sandhai ),Bitter gourd,Other,Local,6000,7000,6500,08/09/2026
Tamil Nadu,Cuddalore,Viruthachalam(Uzhavar Sandhai ),Bitter gourd,Bitter Gourd,Local,5000,5000,5000,08/09/2026
Tamil Nadu,Krishnagiri,Krishnagiri(Uzhavar Sandhai ),Bitter gourd,Bitter Gourd,Local,2000,2800,2400,08/09/2026
Tamil Nadu,Tenkasi,Tenkasi(Uzhavar Sandhai ),Bitter gourd,Other,Local,5000,5000,5000,08/09/2026
Tamil Nadu,Villupuram,Gingee(Uzhavar Sandhai ),Bitter gourd,Bitter Gourd,Local,5000,6000,5500,08/09/2026
Tamil Nadu,Thirupur,Dharapuram(Uzhavar Sandhai ),Bitter gourd,Bitter Gourd,Local,6000,6000,6000,08/09/2026
Tamil Nadu,Thirupur,Palladam(Uzhavar Sandhai ),Bitter gourd,Other,Local,5000,6000,5500,08/09/2026
Tamil Nadu,Kallakuruchi,Kallakurichi(Uzhavar Sandhai ),Bitter gourd,Bitter Gourd,Local,6000,6000,6000,08/09/2026
Tamil Nadu,Erode,Periyar Nagar(Uzhavar Sandhai ),Bitter gourd,Other,Local,4000,4500,4250,08/09/2026
Tamil Nadu,Kancheepuram,Kundrathur(Uzhavar Sandhai ),Bitter gourd,Bitter Gourd,Local,4000,4000,4000,08/09/2026
Tamil Nadu,Krishnagiri,Hosur(Uzhavar Sandhai ),Bitter gourd,Bitter Gourd,Local,4000,4500,4250,08/09/2026
Tamil Nadu,Madurai,Palanganatham(Uzhavar Sandhai ),Bitter gourd,Bitter Gourd,Local,4500,5500,5000,08/09/2026
Tamil Nadu,Madurai,Anna nagar(Uzhavar Sandhai ),Bitter gourd,Other,Local,5600,5600,5600,08/09/2026
Tamil Nadu,Salem,Thammampatti (Uzhavar Sandhai ),Bitter gourd,Bitter Gourd,Local,4500,5000,4750,08/09/2026
Tamil Nadu,Salem,Thathakapatti(Uzhavar Sandhai ),Bitter gourd,Bitter Gourd,Local,5000,5500,5250,08/09/2026
Tamil Nadu,Thirunelveli,Palayamkottai(Uzhavar Sandhai ),Bitter gourd,Bitter Gourd,Local,5000,5500,5250,08/09/2026
Tamil Nadu,Cuddalore,Panruti(Uzhavar Sandhai ),Bitter gourd,Bitter Gourd,Local,5000,5000,5000,08/09/2026
Tamil Nadu,Dharmapuri,AJattihalli(Uzhavar Sandhai ),Bitter gourd,Other,Local,4000,4000,4000,08/09/2026
Tamil Nadu,Karur,Pallapatti (Uzhavar Sandhai ),Bitter gourd,Other,Local,5500,6000,5750,08/09/2026
Tamil Nadu,Karur,Velayuthampalayam(Uzhavar Sandhai ),Bitter gourd,Bitter Gourd,Local,5200,6000,5600,08/09/2026
Tamil Nadu,Theni,Devaram(Uzhavar Sandhai ),Bitter gourd,Bitter Gourd,Local,3500,3500,3500,08/09/2026
Tamil Nadu,Salem,Attayampatti(Uzhavar Sandhai ),Bitter gourd,Bitter Gourd,Local,5000,5500,5250,08/09/2026
Tamil Nadu,Salem,Athur(Uzhavar Sandhai ),Bottle gourd,Bottle Gourd,Local,2000,2500,2250,08/09/2026
Tamil Nadu,Vellore,Pallikonda(Uzhavar Sandhai),Bottle gourd,Bottle Gourd,Local,2000,2000,2000,08/09/2026
Tamil Nadu,Thiruvellore,Naravarikuppam(Uzhavar Sandhai ),Bottle gourd,Bottle Gourd,Local,3000,3000,3000,08/09/2026
Tamil Nadu,Vellore,Gudiyatham(Uzhavar Sandhai ),Bottle gourd,Bottle Gourd,Local,1800,1800,1800,08/09/2026
Tamil Nadu,Krishnagiri,Kaveripattinam(Uzhavar Sandhai ),Bottle gourd,Bottle Gourd,Local,2500,2500,2500,08/09/2026
Tamil Nadu,The Nilgiris,Gudalur(Uzhavar Sandhai ),Bottle gourd,Bottle Gourd,Local,2500,3000,2750,08/09/2026
Tamil Nadu,Coimbatore,Pollachi(Uzhavar Sandhai ),Bottle gourd,Bottle Gourd,Local,3000,3500,3250,08/09/2026
Tamil Nadu,Sivaganga,Singampunari(Uzhavar Sandhai ),Bottle gourd,Bottle Gourd,Local,2600,3200,2900,08/09/2026
Tamil Nadu,Sivaganga,Karaikudi(Uzhavar Sandhai ),Bottle gourd,Bottle Gourd,Local,2400,3200,2800,08/09/2026
Tamil Nadu,Thanjavur,Thanjavur(Uzhavar Sandhai ),Bottle gourd,Bottle Gourd,Local,3000,3000,3000,08/09/2026
Tamil Nadu,Thiruchirappalli,KKNagar(Uzhavar Sandhai ),Bottle gourd,Bottle Gourd,Local,3000,3000,3000,08/09/2026
Tamil Nadu,Chengalpattu,Chengalpet(Uzhavar Sandhai ),Bottle gourd,Bottle Gourd,Local,3500,4000,3750,08/09/2026
Tamil Nadu,Chengalpattu,Nanganallur(Uzhavar Sandhai ),Bottle gourd,Bottle Gourd,Local,4500,5000,4750,08/09/2026
Tamil Nadu,Theni,Bodinayakanur(Uzhavar Sandhai ),Bottle gourd,Bottle Gourd,Local,1800,1800,1800,08/09/2026
Tamil Nadu,Thiruvellore,Tiruthani(Uzhavar Sandhai ),Bottle gourd,Bottle Gourd,Local,3000,3000,3000,08/09/2026
Tamil Nadu,Thiruvellore,Tiruvallur(Uzhavar Sandhai ),Bottle gourd,Bottle Gourd,Local,3000,3000,3000,08/09/2026
Tamil Nadu,Dindigul,Dindigul(Uzhavar Sandhai ),Bottle gourd,Bottle Gourd,Local,2000,2500,2250,08/09/2026
Tamil Nadu,Dindigul,Palani(Uzhavar Sandhai ),Bottle gourd,Bottle Gourd,Local,1000,1400,1200,08/09/2026
Tamil Nadu,Kallakuruchi,Sankarapuram(Uzhavar Sandhai ),Bottle gourd,Bottle Gourd,Local,1500,1500,1500,08/09/2026
Tamil Nadu,Salem,Mettur(Uzhavar Sandhai ),Bottle gourd,Bottle Gourd,Local,1500,2000,1750,08/09/2026
Tamil Nadu,Salem,Thathakapatti(Uzhavar Sandhai ),Bottle gourd,Bottle Gourd,Local,2500,3000,2750,08/09/2026
Tamil Nadu,Thirunelveli,NGO Colony(Uzhavar Sandhai ),Bottle gourd,Bottle Gourd,Local,2500,3000,2750,08/09/2026
Tamil Nadu,Thirupur,Tiruppur (North) (Uzhavar Sandhai ),Bottle gourd,Bottle Gourd,Local,1500,2000,1750,08/09/2026
Tamil Nadu,Thiruvannamalai,Tamarainagar(Uzhavar Sandhai ),Bottle gourd,Bottle Gourd,Local,2000,2500,2250,08/09/2026
Tamil Nadu,Dharmapuri,AJattihalli(Uzhavar Sandhai ),Bottle gourd,Bottle Gourd,Local,1400,1600,1500,08/09/2026
Tamil Nadu,Karur,Vengamedu(Uzhavar Sandhai ),Bottle gourd,Bottle Gourd,Local,2500,3000,2750,08/09/2026
Tamil Nadu,Sivaganga,Devakottai (Uzhavar Sandhai ),Bottle gourd,Bottle Gourd,Local,3000,3400,3200,08/09/2026
Tamil Nadu,Salem,Edapadi (Uzhavar Sandhai ),Bottle gourd,Bottle Gourd,Local,2500,3000,2750,08/09/2026
Tamil Nadu,Pudukkottai,Ponnamaravathi(Uzhavar Sandhai),Bottle gourd,Bottle Gourd,Local,2000,2500,2250,08/09/2026
Tamil Nadu,Nagapattinam,Mayiladuthurai(Uzhavar Sandhai ),Bottle gourd,Bottle Gourd,Local,2500,3000,2750,08/09/2026
Tamil Nadu,Pudukkottai,Viralimalai(Uzhavar Sandhai ),Bottle gourd,Bottle Gourd,Local,2500,3000,2750,08/09/2026
Tamil Nadu,Ramanathapuram,Paramakudi(Uzhavar Sandhai ),Bottle gourd,Bottle Gourd,Local,2000,2500,2250,08/09/2026
Tamil Nadu,Ramanathapuram,Ramanathapuram(Uzhavar Sandhai ),Bottle gourd,Bottle Gourd,Local,2800,3000,2900,08/09/2026
Tamil Nadu,Pudukkottai,Alangudi(Uzhavar Sandhai ),Bottle gourd,Bottle Gourd,Local,2000,2500,2250,08/09/2026
Tamil Nadu,Thiruvannamalai,Polur(Uzhavar Sandhai ),Bottle gourd,Bottle Gourd,Local,1600,2000,1800,08/09/2026
Tamil Nadu,Nagapattinam,Vedaranyam(Uzhavar Sandhai),Bottle gourd,Bottle Gourd,Local,2800,3000,2900,08/09/2026
Tamil Nadu,Kallakuruchi,Kallakurichi(Uzhavar Sandhai ),Bottle gourd,Bottle Gourd,Local,1500,1500,1500,08/09/2026
Tamil Nadu,Madurai,Chokkikulam(Uzhavar Sandhai ),Bottle gourd,Bottle Gourd,Local,2400,3000,2700,08/09/2026
Tamil Nadu,Coimbatore,Sundarapuram(Uzhavar Sandhai ),Bottle gourd,Bottle Gourd,Local,3000,3500,3250,08/09/2026
Tamil Nadu,Coimbatore,Singanallur(Uzhavar Sandhai ),Bottle gourd,Bottle Gourd,Local,2800,3200,3000,08/09/2026
Tamil Nadu,Thirupur,Tiruppur (South) (Uzhavar Sandhai ),Bottle gourd,Bottle Gourd,Local,1500,2000,1750,08/09/2026
Tamil Nadu,Erode,Perundurai(Uzhavar Sandhai ),Bottle gourd,Bottle Gourd,Local,1500,1800,1650,08/09/2026
Tamil Nadu,Dharmapuri,Dharmapuri(Uzhavar Sandhai ),Bottle gourd,Bottle Gourd,Local,1500,1600,1550,08/09/2026
Tamil Nadu,Kancheepuram,Kancheepuram(Uzhavar Sandhai ),Bottle gourd,Bottle Gourd,Local,2000,2500,2250,08/09/2026
Tamil Nadu,Kancheepuram,Sunguvarchatram(Uzhavar Sandhai ),Bottle gourd,Bottle Gourd,Local,3000,3000,3000,08/09/2026
Tamil Nadu,Krishnagiri,Hosur(Uzhavar Sandhai ),Bottle gourd,Bottle Gourd,Local,1500,2000,1750,08/09/2026
Tamil Nadu,Tuticorin,Tuticorin(Uzhavar Sandhai ),Bottle gourd,Bottle Gourd,Local,1500,2000,1750,08/09/2026
Tamil Nadu,Pudukkottai,Karambakkudi(Uzhavar Sandhai ),Bottle gourd,Bottle Gourd,Local,2500,3000,2750,08/09/2026
Tamil Nadu,Vellore,Vellore APMC,Bottle gourd,Bottle Gourd,Local,2000,2000,2000,08/09/2026
Tamil Nadu,The Nilgiris,Coonoor(Uzhavar Sandhai ),Bottle gourd,Bottle Gourd,Local,3300,3500,3400,08/09/2026
Tamil Nadu,Cuddalore,Viruthachalam(Uzhavar Sandhai ),Bottle gourd,Bottle Gourd,Local,5000,5000,5000,08/09/2026
Tamil Nadu,Nagapattinam,Nagapattinam(Uzhavar Sandhai ),Bottle gourd,Bottle Gourd,Local,3000,3000,3000,08/09/2026
Tamil Nadu,Tenkasi,Tenkasi(Uzhavar Sandhai ),Bottle gourd,Bottle Gourd,Local,1500,2000,1750,08/09/2026
Tamil Nadu,Thanjavur,Kumbakonam (Uzhavar Sandhai ),Bottle gourd,Bottle Gourd,Local,2400,2400,2400,08/09/2026
Tamil Nadu,Thiruvarur,Needamangalam(Uzhavar Sandhai ),Bottle gourd,Bottle Gourd,Local,3000,3000,3000,08/09/2026
Tamil Nadu,Virudhunagar,Aruppukottai(Uzhavar Sandhai ),Bottle gourd,Bottle Gourd,Local,2500,3000,2750,08/09/2026
Tamil Nadu,Sivaganga,Tirupatthur(Uzhavar Sandhai ),Bottle gourd,Bottle Gourd,Local,3000,3500,3250,08/09/2026
Tamil Nadu,Thiruchirappalli,Musiri(Uzhavar Sandhai ),Bottle gourd,Bottle Gourd,Local,2000,2500,2250,08/09/2026
Tamil Nadu,Thiruchirappalli,Thiruverumbur(Uzhavar Sandhai ),Bottle gourd,Bottle Gourd,Local,3000,3000,3000,08/09/2026
Tamil Nadu,Virudhunagar,Sathur(Uzhavar Sandhai ),Bottle gourd,Bottle Gourd,Local,1800,2000,1900,08/09/2026
Tamil Nadu,Chengalpattu,Madhuranthagam(Uzhavar Sandhai ),Bottle gourd,Bottle Gourd,Local,3000,4000,3500,08/09/2026
Tamil Nadu,Namakkal,Rasipuram(Uzhavar Sandhai ),Bottle gourd,Bottle Gourd,Local,1500,2200,1850,08/09/2026
Tamil Nadu,Thanjavur,Tirukattupalli(Uzhavar Sandhai ),Bottle gourd,Bottle Gourd,Local,3000,3000,3000,08/09/2026
Tamil Nadu,Madurai,Palanganatham(Uzhavar Sandhai ),Bottle gourd,Bottle Gourd,Local,2400,3000,2700,08/09/2026
Tamil Nadu,Ranipet,Ranipettai(Uzhavar Sandhai ),Bottle gourd,Bottle Gourd,Local,1800,2000,1900,08/09/2026
Tamil Nadu,Theni,Theni(Uzhavar Sandhai ),Bottle gourd,Bottle Gourd,Local,1000,1700,1350,08/09/2026
Tamil Nadu,Pudukkottai,Gandarvakottai(Uzhavar Sandhai ),Bottle gourd,Bottle Gourd,Local,1000,1500,1250,08/09/2026
Tamil Nadu,Karur,Velayuthampalayam(Uzhavar Sandhai ),Bottle gourd,Bottle Gourd,Local,2400,3000,2700,08/09/2026
Tamil Nadu,Erode,Thalavadi(Uzhavar Sandhai ),Bottle gourd,Bottle Gourd,Local,1500,2000,1750,08/09/2026
Tamil Nadu,Thiruvarur,Tiruvarur(Uzhavar Sandhai ),Bottle gourd,Bottle Gourd,Local,3000,3000,3000,08/09/2026
Tamil Nadu,Madurai,Thirumangalam(Uzhavar Sandhai ),Bottle gourd,Bottle Gourd,Local,1600,2400,2000,08/09/2026
Tamil Nadu,Pudukkottai,Aranthangi(Uzhavar Sandhai ),Bottle gourd,Bottle Gourd,Local,2000,2500,2250,08/09/2026
Tamil Nadu,Vellore,Perampet(Uzhavar Sandhai),Bottle gourd,Bottle Gourd,Local,1500,2000,1750,08/09/2026
Tamil Nadu,Thirupathur,Vaniyampadi(Uzhavar Sandhai ),Bottle gourd,Bottle Gourd,Local,3000,3000,3000,08/09/2026
Tamil Nadu,Thirupur,Palladam(Uzhavar Sandhai ),Bottle gourd,Bottle Gourd,Local,1500,2000,1750,08/09/2026
Tamil Nadu,Karur,Karur(Uzhavar Sandhai ),Bottle gourd,Bottle Gourd,Local,2500,3000,2750,08/09/2026
Tamil Nadu,Nagercoil (Kannyiakumari),Vadaseri APMC,Bottle gourd,Bottle Gourd,Local,1700,2000,1850,08/09/2026
Tamil Nadu,Vellore,Thirupathur APMC,Bottle gourd,Bottle Gourd,Local,2000,2000,2000,08/09/2026
Tamil Nadu,Kancheepuram,Kundrathur(Uzhavar Sandhai ),Bottle gourd,Bottle Gourd,Local,3000,3000,3000,08/09/2026
Tamil Nadu,Kancheepuram,Padappai(Uzhavar Sandhai ),Bottle gourd,Bottle Gourd,Local,2000,2500,2250,08/09/2026
Tamil Nadu,Krishnagiri,Avallapalli(Uzhavar Sandhai ),Bottle gourd,Bottle Gourd,Local,1500,2000,1750,08/09/2026
Tamil Nadu,Thiruchirappalli,Lalgudi(Uzhavar Sandhai ),Bottle gourd,Bottle Gourd,Local,3000,3000,3000,08/09/2026
Tamil Nadu,Thiruchirappalli,Manapparai(Uzhavar Sandhai ),Bottle gourd,Bottle Gourd,Local,2500,3000,2750,08/09/2026
Tamil Nadu,Virudhunagar,Thalavaipuram(Uzhavar Sandhai ),Bottle gourd,Bottle Gourd,Local,1500,2000,1750,08/09/2026
Tamil Nadu,Chengalpattu,Pallavaram(Uzhavar Sandhai ),Bottle gourd,Bottle Gourd,Local,3500,4000,3750,08/09/2026
Tamil Nadu,Chengalpattu,Jameenrayapettai(Uzhavar Sandhai ),Bottle gourd,Bottle Gourd,Local,3500,4000,3750,08/09/2026
Tamil Nadu,Villupuram,Tindivanam APMC,Bottle gourd,Bottle Gourd,Local,2000,2000,2000,08/09/2026
Tamil Nadu,Erode,Sampath Nagar(Uzhavar Sandhai ),Bottle gourd,Bottle Gourd,Local,1800,2000,1900,08/09/2026
Tamil Nadu,Thiruvannamalai,Arani(Uzhavar Sandhai ),Bottle gourd,Bottle Gourd,Local,1000,1200,1100,08/09/2026
Tamil Nadu,Thiruvannamalai,Tiruvannamalai(Uzhavar Sandhai ),Bottle gourd,Bottle Gourd,Local,2000,2500,2250,08/09/2026
Tamil Nadu,Thiruvarur,Mannargudi I(Uzhavar Sandhai ),Bottle gourd,Bottle Gourd,Local,3000,3000,3000,08/09/2026
Tamil Nadu,Thiruvarur,Mannargudi II(Uzhavar Sandhai ),Bottle gourd,Bottle Gourd,Local,3000,3000,3000,08/09/2026
Tamil Nadu,Thiruvellore,Paruthipattu(Uzhavar Sandhai ),Bottle gourd,Bottle Gourd,Local,3000,3000,3000,08/09/2026
Tamil Nadu,Vellore,Kahithapattarai(Uzhavar Sandhai ),Bottle gourd,Bottle Gourd,Local,1500,1500,1500,08/09/2026
Tamil Nadu,Thanjavur,Papanasam(Uzhavar Sandhai ),Bottle gourd,Bottle Gourd,Local,2400,2400,2400,08/09/2026
Tamil Nadu,Madurai,Usilampatti(Uzhavar Sandhai ),Bottle gourd,Bottle Gourd,Local,2600,3000,2800,08/09/2026
Tamil Nadu,Nagapattinam,Sirkali(Uzhavar Sandhai ),Bottle gourd,Bottle Gourd,Local,2500,3000,2750,08/09/2026
Tamil Nadu,Perambalur,Perambalur(Uzhavar Sandhai ),Bottle gourd,Bottle Gourd,Local,1800,2200,2000,08/09/2026
Tamil Nadu,Salem,Ammapet(Uzhavar Sandhai ),Bottle gourd,Bottle Gourd,Local,2500,2800,2650,08/09/2026
Tamil Nadu,Theni,Kambam(Uzhavar Sandhai ),Bottle gourd,Bottle Gourd,Local,1500,2000,1750,08/09/2026
Tamil Nadu,Thirunelveli,Kandiyaperi(Uzhavar Sandhai ),Bottle gourd,Bottle Gourd,Local,800,1000,900,08/09/2026
Tamil Nadu,Thirunelveli,Melapalayam(Uzhavar Sandhai ),Bottle gourd,Bottle Gourd,Local,800,1000,900,08/09/2026
Tamil Nadu,Thiruvannamalai,Vandavasi(Uzhavar Sandhai ),Bottle gourd,Bottle Gourd,Local,1000,1200,1100,08/09/2026
Tamil Nadu,Cuddalore,Panruti(Uzhavar Sandhai ),Bottle gourd,Bottle Gourd,Local,2500,2500,2500,08/09/2026
Tamil Nadu,Cuddalore,Vadalur(Uzhavar Sandhai ),Bottle gourd,Bottle Gourd,Local,2000,2000,2000,08/09/2026
Tamil Nadu,Thanjavur,Peravurani(Uzhavar Sandhai),Bottle gourd,Bottle Gourd,Local,2500,2500,2500,08/09/2026
Tamil Nadu,Karur,Pallapatti (Uzhavar Sandhai ),Bottle gourd,Bottle Gourd,Local,2500,3000,2750,08/09/2026
Tamil Nadu,Salem,Hasthampatti(Uzhavar Sandhai ),Bottle gourd,Bottle Gourd,Local,2000,2500,2250,08/09/2026
Tamil Nadu,Coimbatore,Kurichi(Uzhavar Sandhai ),Bottle gourd,Bottle Gourd,Local,3000,3500,3250,08/09/2026
Tamil Nadu,Cuddalore,Cuddalore(Uzhavar Sandhai ),Bottle gourd,Bottle Gourd,Local,2500,3000,2750,08/09/2026
Tamil Nadu,Dharmapuri,Harur(Uzhavar Sandhai ),Bottle gourd,Bottle Gourd,Local,1500,1800,1650,08/09/2026
Tamil Nadu,Erode,Sathiyamagalam(Uzhavar Sandhai ),Bottle gourd,Bottle Gourd,Local,1500,2000,1750,08/09/2026
Tamil Nadu,Coimbatore,Mettupalayam(Uzhavar Sandhai ),Bottle gourd,Bottle Gourd,Local,2500,3000,2750,08/09/2026
Tamil Nadu,Namakkal,Tiruchengode APMC,Bottle gourd,Bottle Gourd,Local,1800,2000,1900,08/09/2026
Tamil Nadu,Villupuram,Villupuram(Uzhavar Sandhai ),Bottle gourd,Bottle Gourd,Local,2500,2500,2500,08/09/2026
Tamil Nadu,Thiruvannamalai,Cheyyar(Uzhavar Sandhai ),Bottle gourd,Bottle Gourd,Local,1000,1200,1100,08/09/2026
Tamil Nadu,Ariyalur,Ariyalur(Uzhavar Sandhai),Bottle gourd,Bottle Gourd,Local,2000,2500,2250,08/09/2026
Tamil Nadu,Virudhunagar,Rajapalayam(Uzhavar Sandhai ),Bottle gourd,Bottle Gourd,Local,1500,2000,1750,08/09/2026
Tamil Nadu,Virudhunagar,Sivakasi(Uzhavar Sandhai ),Bottle gourd,Bottle Gourd,Local,1500,2000,1750,08/09/2026
Tamil Nadu,Tenkasi,Sankarankoil(Uzhavar Sandhai ),Bottle gourd,Bottle Gourd,Local,2000,2000,2000,08/09/2026
Tamil Nadu,The Nilgiris,Udhagamandalam(Uzhavar Sandhai ),Bottle gourd,Bottle Gourd,Local,2500,3000,2750,08/09/2026
Tamil Nadu,Theni,Andipatti(Uzhavar Sandhai ),Bottle gourd,Bottle Gourd,Local,1600,1800,1700,08/09/2026
Tamil Nadu,Villupuram,Gingee(Uzhavar Sandhai ),Bottle gourd,Bottle Gourd,Local,2500,2500,2500,08/09/2026
Tamil Nadu,Thiruvarur,Valangaiman APMC,Bottle gourd,Bottle Gourd,Local,3000,3000,3000,08/09/2026
Tamil Nadu,Karur,Gandhigramam(Uzhavar Sandhai),Bottle gourd,Bottle Gourd,Local,2500,3000,2750,08/09/2026
Tamil Nadu,Chengalpattu,Guduvancheri(Uzhavar Sandhai ),Bottle gourd,Bottle Gourd,Local,3500,4000,3750,08/09/2026
Tamil Nadu,Thirupur,Dharapuram(Uzhavar Sandhai ),Bottle gourd,Bottle Gourd,Local,2000,2000,2000,08/09/2026
Tamil Nadu,Theni,Periyakulam(Uzhavar Sandhai ),Bottle gourd,Bottle Gourd,Local,1600,1800,1700,08/09/2026
Tamil Nadu,Virudhunagar,Srivilliputhur(Uzhavar Sandhai ),Bottle gourd,Bottle Gourd,Local,1700,2000,1850,08/09/2026
Tamil Nadu,Dharmapuri,Pennagaram(Uzhavar Sandhai ),Bottle gourd,Bottle Gourd,Local,2200,2400,2300,08/09/2026
Tamil Nadu,Dharmapuri,Karimangalam(Uzhavar Sandhai),Bottle gourd,Bottle Gourd,Local,1800,2000,1900,08/09/2026
Tamil Nadu,Madurai,Anaiyur(Uzhavar Sandhai ),Bottle gourd,Bottle Gourd,Local,2400,3000,2700,08/09/2026
Tamil Nadu,Namakkal,Mohanur(Uzhavar Sandhai ),Bottle gourd,Bottle Gourd,Local,1400,2000,1700,08/09/2026
Tamil Nadu,Namakkal,Namakkal(Uzhavar Sandhai ),Bottle gourd,Bottle Gourd,Local,1400,2000,1700,08/09/2026
Tamil Nadu,Namakkal,Paramathivelur(Uzhavar Sandhai ),Bottle gourd,Bottle Gourd,Local,1500,2000,1750,08/09/2026
Tamil Nadu,Madurai,Anna nagar(Uzhavar Sandhai ),Bottle gourd,Bottle Gourd,Local,2000,2600,2300,08/09/2026
Tamil Nadu,Salem,Sooramangalam(Uzhavar Sandhai ),Bottle gourd,Bottle Gourd,Local,2000,2800,2400,08/09/2026
Tamil Nadu,Thiruchirappalli,Thuraiyur APMC,Bottle gourd,Bottle Gourd,Local,2000,2500,2250,08/09/2026
Tamil Nadu,Salem,Thammampatti (Uzhavar Sandhai ),Bottle gourd,Bottle Gourd,Local,2000,2500,2250,08/09/2026
Tamil Nadu,Coimbatore,Sulur(Uzhavar Sandhai ),Bottle gourd,Bottle Gourd,Local,2800,3200,3000,08/09/2026
Tamil Nadu,Chengalpattu,Thirukalukundram(Uzhavar Sandhai ),Bottle gourd,Bottle Gourd,Local,4000,4500,4250,08/09/2026
Tamil Nadu,Karur,Kulithalai(Uzhavar Sandhai ),Bottle gourd,Bottle Gourd,Local,1500,2000,1750,08/09/2026
Tamil Nadu,Thirupathur,Natrampalli(Uzhavar Sandhai ),Bottle gourd,Bottle Gourd,Local,2000,3000,2500,08/09/2026
Tamil Nadu,Dindigul,Vedasanthur(Uzhavar Sandhai ),Bottle gourd,Bottle Gourd,Local,1200,1400,1300,08/09/2026
Tamil Nadu,Coimbatore,Udumalpet APMC,Bottle gourd,Bottle Gourd,Local,1500,2200,1850,08/09/2026
Tamil Nadu,Erode,Gobichettipalayam(Uzhavar Sandhai ),Bottle gourd,Bottle Gourd,Local,1800,2000,1900,08/09/2026
Tamil Nadu,Thiruvarur,Tiruthuraipoondi(Uzhavar Sandhai ),Bottle gourd,Bottle Gourd,Local,3000,3000,3000,08/09/2026
Tamil Nadu,Tuticorin,Kovilpatti(Uzhavar Sandhai ),Bottle gourd,Bottle Gourd,Local,4000,4500,4250,08/09/2026
Tamil Nadu,Krishnagiri,Krishnagiri(Uzhavar Sandhai ),Bottle gourd,Bottle Gourd,Local,1400,1600,1500,08/09/2026
Tamil Nadu,Pudukkottai,Pudukottai(Uzhavar Sandhai ),Bottle gourd,Bottle Gourd,Local,2000,2500,2250,08/09/2026
Tamil Nadu,Virudhunagar,Kariyapatti(Uzhavar Sandhai ),Bottle gourd,Bottle Gourd,Local,2500,3000,2750,08/09/2026
Tamil Nadu,Vellore,Katpadi (Uzhavar Sandhai ),Bottle gourd,Bottle Gourd,Local,2000,2500,2250,08/09/2026
Tamil Nadu,Madurai,Melur(Uzhavar Sandhai ),Bottle gourd,Bottle Gourd,Local,1600,2400,2000,08/09/2026
Tamil Nadu,Salem,Vazhapadi(Uzhavar Sandhai),Bottle gourd,Bottle Gourd,Local,2000,2500,2250,08/09/2026
Tamil Nadu,Salem,Jalagandapuram(Uzhavar Sandhai ),Bottle gourd,Bottle Gourd,Local,1600,2000,1800,08/09/2026
Tamil Nadu,Thanjavur,Pattukottai(Uzhavar Sandhai ),Bottle gourd,Bottle Gourd,Local,2600,2600,2600,08/09/2026
Tamil Nadu,Thiruchirappalli,Manachanallur(Uzhavar Sandhai ),Bottle gourd,Bottle Gourd,Local,2500,3000,2750,08/09/2026
Tamil Nadu,Virudhunagar,Virudhunagar(Uzhavar Sandhai ),Bottle gourd,Bottle Gourd,Local,1600,2000,1800,08/09/2026
Tamil Nadu,Nagercoil (Kannyiakumari),Myladi(Uzhavar Sandhai ),Bottle gourd,Bottle Gourd,Local,1800,2000,1900,08/09/2026
Tamil Nadu,Villupuram,Ulundurpettai APMC,Bottle gourd,Bottle Gourd,Local,2000,2000,2000,08/09/2026
Tamil Nadu,Coimbatore,RSPuram(Uzhavar Sandhai ),Bottle gourd,Bottle Gourd,Local,2600,3000,2800,08/09/2026
Tamil Nadu,Dharmapuri,Palacode(Uzhavar Sandhai ),Bottle gourd,Bottle Gourd,Local,1800,2000,1900,08/09/2026
Tamil Nadu,Dindigul,Chinnalapatti(Uzhavar Sandhai ),Bottle gourd,Bottle Gourd,Local,2500,3000,2750,08/09/2026
Tamil Nadu,Erode,Periyar Nagar(Uzhavar Sandhai ),Bottle gourd,Bottle Gourd,Local,1800,2000,1900,08/09/2026
Tamil Nadu,Krishnagiri,Denkanikottai(Uzhavar Sandhai ),Bottle gourd,Bottle Gourd,Local,1500,2000,1750,08/09/2026
Tamil Nadu,Namakkal,Kumarapalayam(Uzhavar Sandhai ),Bottle gourd,Bottle Gourd,Local,1800,2000,1900,08/09/2026
Tamil Nadu,Salem,Mecheri(Uzhavar Sandhai),Bottle gourd,Bottle Gourd,Local,2000,2500,2250,08/09/2026
Tamil Nadu,Ranipet,Arcot(Uzhavar Sandhai ),Bottle gourd,Bottle Gourd,Local,2000,2000,2000,08/09/2026
Tamil Nadu,Theni,Chinnamanur(Uzhavar Sandhai ),Bottle gourd,Bottle Gourd,Local,1700,1700,1700,08/09/2026
Tamil Nadu,Thirunelveli,Palayamkottai(Uzhavar Sandhai ),Bottle gourd,Bottle Gourd,Local,1000,3000,2000,08/09/2026
Tamil Nadu,Thirupur,Kangayam(Uzhavar Sandhai ),Bottle gourd,Bottle Gourd,Local,1500,1800,1650,08/09/2026
Tamil Nadu,Thiruvannamalai,Chengam(Uzhavar Sandhai ),Bottle gourd,Bottle Gourd,Local,1600,2000,1800,08/09/2026
Tamil Nadu,Thiruvarur,Muthupettai(Uzhavar Sandhai ),Bottle gourd,Bottle Gourd,Local,2800,2800,2800,08/09/2026
Tamil Nadu,Theni,Devaram(Uzhavar Sandhai ),Bottle gourd,Bottle Gourd,Local,1500,1500,1500,08/09/2026
Tamil Nadu,Salem,Attayampatti(Uzhavar Sandhai ),Bottle gourd,Bottle Gourd,Local,2500,2800,2650,08/09/2026
Tamil Nadu,Sivaganga,Sivagangai (Uzhavar Sandhai ),Bottle gourd,Bottle Gourd,Local,2600,3200,2900,08/09/2026
Tamil Nadu,Salem,Elampillai(Uzhavar Sandhai ),Bottle gourd,Bottle Gourd,Local,2000,2500,2250,08/09/2026
Madhya Pradesh,Katni,Katni(F&V) APMC,Bitter gourd,Other,Grade C,1000,1000,1000,08/09/2026
Madhya Pradesh,Sehore,Sehore(F&V) APMC,Bitter gourd,Bitter Gourd,Grade Range-1,1000,1400,1200,08/09/2026
Madhya Pradesh,Sagar,Devri(F&V) APMC,Bitter gourd,Kareli,Grade B,950,950,950,08/09/2026
Madhya Pradesh,Shivpuri,Shivpuri(F&V) APMC,Bitter gourd,Other,Grade B,2000,2000,2000,08/09/2026
Madhya Pradesh,Khandwa,Khargone(F&V) APMC,Bitter gourd,Bitter Gourd,Medium,1200,1500,1400,08/09/2026
Madhya Pradesh,Betul,Multai(F&V) APMC,Bitter gourd,Bitter Gourd,FAQ,1000,1800,1500,08/09/2026
Madhya Pradesh,Ujjain,Ujjain(F&V) APMC,Bitter gourd,Bitter Gourd,Medium,425,2000,964,08/09/2026
Madhya Pradesh,Sagar,Sagar(F&V) APMC,Bitter gourd,Bitter Gourd,Local,1000,1200,1100,08/09/2026
Madhya Pradesh,Burhanpur,Burhanpur(F&V) APMC,Bitter gourd,Bitter Gourd,Local,1500,2500,2100,08/09/2026
Madhya Pradesh,Dhar,Kukshi(F&V) APMC,Bitter gourd,Bitter Gourd,Grade A,700,1600,1100,08/09/2026
Madhya Pradesh,Khandwa,Khandwa(F&V) APMC,Bitter gourd,Bitter Gourd,FAQ,800,1500,1200,08/09/2026
Madhya Pradesh,Hoshangabad,Hoshangabad(F&V) APMC,Bitter gourd,Bitter Gourd,FAQ,2370,3980,3130,08/09/2026
Madhya Pradesh,Badwani,Badwani(F&V) APMC,Bitter gourd,Bitter Gourd,Local,1000,1000,1000,08/09/2026
Madhya Pradesh,Mandsaur,Garoth(F&V) APMC,Bitter gourd,Other,Local,1325,1475,1450,08/09/2026
Madhya Pradesh,Indore,Indore(F&V) APMC,Bitter gourd,Bitter Gourd,Local,1000,2500,1600,08/09/2026
Madhya Pradesh,Sagar,Sagar(F&V) APMC,Bottle gourd,Bottle Gourd,Local,600,800,700,08/09/2026
Madhya Pradesh,Shivpuri,Shivpuri(F&V) APMC,Bottle gourd,Other,Grade B,1000,1000,1000,08/09/2026
Madhya Pradesh,Satna,Maihar(F&V) APMC,Bottle gourd,Bottle Gourd,Local,1000,1000,1000,08/09/2026
Madhya Pradesh,Satna,Maihar(F&V) APMC,Sponge gourd,Sponge gourd,Local,1500,1500,1500,08/09/2026
Madhya Pradesh,Morena,Kailaras APMC,Sponge gourd,Sponge gourd,FAQ,1200,2500,2500,08/09/2026
Madhya Pradesh,Hoshangabad,Itarsi(F&V) APMC,Bottle gourd,Bottle Gourd,FAQ,700,700,700,08/09/2026
Madhya Pradesh,Khandwa,Sanawad(F&V) APMC,Bottle gourd,Bottle Gourd,Medium,500,600,600,08/09/2026
Madhya Pradesh,Sagar,Devri(F&V) APMC,Bottle gourd,Bottle Gourd,Grade B,980,980,980,08/09/2026
Madhya Pradesh,Khandwa,Khandwa(F&V) APMC,Bottle gourd,Bottle Gourd,FAQ,300,500,400,08/09/2026
Madhya Pradesh,Khandwa,Khargone(F&V) APMC,Bottle gourd,Bottle Gourd,Medium,1000,1800,1600,08/09/2026
Madhya Pradesh,Indore,Indore(F&V) APMC,Round gourd,Round gourd,Local,200,700,400,08/09/2026
Madhya Pradesh,Chhatarpur,Chattarpur(F&V) APMC,Bottle gourd,Other,Grade C,1500,1500,1500,08/09/2026
Madhya Pradesh,Shivpuri,Karera(F&V) APMC,Bottle gourd,Bottle Gourd,Local,900,1400,1100,08/09/2026
Madhya Pradesh,Harda,Sirali(F&V) APMC,Bottle gourd,Bottle Gourd,Grade A,600,600,600,08/09/2026
Madhya Pradesh,Ujjain,Ujjain(F&V) APMC,Bottle gourd,Bottle Gourd,Medium,680,2150,1247,08/09/2026
Madhya Pradesh,Morena,Kailaras APMC,Bottle gourd,Other,FAQ,800,1000,800,08/09/2026
Madhya Pradesh,Dhar,Kukshi(F&V) APMC,Sponge gourd,Sponge gourd,Grade A,800,2000,1400,08/09/2026
Madhya Pradesh,Hoshangabad,Pipariya(F&V) APMC,Sponge gourd,Sponge gourd,Local,1300,2800,2000,08/09/2026
Madhya Pradesh,Sehore,Sehore(F&V) APMC,Bottle gourd,Bottle Gourd,Grade Range-1,800,1200,1000,08/09/2026
Madhya Pradesh,Badwani,Badwani(F&V) APMC,Bottle gourd,Bottle Gourd,Local,700,700,700,08/09/2026
Madhya Pradesh,Badwani,Badwani(F&V) APMC,Sponge gourd,Sponge gourd,Local,2200,2200,2200,08/09/2026
Madhya Pradesh,Ujjain,Ujjain(F&V) APMC,Sponge gourd,Sponge gourd,Medium,550,1850,1152,08/09/2026
Madhya Pradesh,Khandwa,Khandwa(F&V) APMC,Sponge gourd,Sponge gourd,FAQ,800,1500,1000,08/09/2026
Madhya Pradesh,Katni,Katni(F&V) APMC,Bottle gourd,Other,Grade C,1000,1000,1000,08/09/2026
Madhya Pradesh,Burhanpur,Burhanpur(F&V) APMC,Bottle gourd,Bottle Gourd,Local,500,1000,850,08/09/2026
Madhya Pradesh,Hoshangabad,Hoshangabad(F&V) APMC,Bottle gourd,Bottle Gourd,FAQ,600,850,710,08/09/2026
Madhya Pradesh,Hoshangabad,Hoshangabad(F&V) APMC,Sponge gourd,Sponge gourd,FAQ,2740,3680,2830,08/09/2026
Madhya Pradesh,Hoshangabad,Pipariya(F&V) APMC,Bottle gourd,Bottle Gourd,Local,600,1800,1200,08/09/2026
Madhya Pradesh,Sehore,Sehore(F&V) APMC,Sponge gourd,Sponge gourd,Grade Range-1,1600,2500,2000,08/09/2026
Madhya Pradesh,Badwani,Sendhwa(F&V) APMC,Bottle gourd,Bottle Gourd,Medium,900,1200,1000,08/09/2026
Madhya Pradesh,Badwani,Sendhwa(F&V) APMC,Sponge gourd,Sponge gourd,Medium,900,1300,1100,08/09/2026
Madhya Pradesh,Indore,Sanwer(F&V) APMC,Sponge gourd,Sponge gourd,FAQ,1600,1800,1700,08/09/2026
Madhya Pradesh,Indore,Indore(F&V) APMC,Bottle gourd,Bottle Gourd,Local,1500,3000,2500,08/09/2026
Madhya Pradesh,Katni,Katni(F&V) APMC,Pointed gourd(Parval),Other,Grade C,4000,4000,4000,08/09/2026
Maharashtra,Pune,Pune(Khadiki) ,Bitter gourd,Other,Local,1500,1800,1650,08/09/2026
Maharashtra,Solapur,APMC Solapur ,Bitter gourd,Other,Local,1000,2000,1500,08/09/2026
Maharashtra,Pune,APMC Khed ,Bitter gourd,Other,Local,1500,5000,3500,08/09/2026
Maharashtra,Pune,Pune(Manjri) ,Bitter gourd,Other,Local,2000,3000,2500,08/09/2026
Maharashtra,Chattrapati Sambhajinagar,APMC Chattrapati Sambhajinagar ,Bitter gourd,Other,Local,2000,3200,2600,08/09/2026
Maharashtra,Satara,APMC Vai ,Bitter gourd,Other,Local,3000,3500,3250,08/09/2026
Maharashtra,Satara,APMC Patan ,Bitter gourd,Other,Local,2000,3000,2500,08/09/2026
Maharashtra,Ahilyanagar,APMC Rahata ,Bitter gourd,Other,Local,1000,2000,1500,08/09/2026
Maharashtra,Jalgaon,APMC Bhusaval ,Bitter gourd,Other,Local,1200,2000,1500,08/09/2026
Maharashtra,Nashik,APMC Nasik ,Bitter gourd,Other,Local,1670,2920,1920,08/09/2026
Maharashtra,Pune,APMC Pune ,Bitter gourd,Other,Local,1500,3000,2250,08/09/2026
Maharashtra,Nagpur,APMC Hingna,Bitter gourd,Other,Local,2000,3500,2973,08/09/2026
Maharashtra,Satara,APMC Satara ,Bitter gourd,Other,Local,2000,2500,2200,08/09/2026
Maharashtra,Amarawati,Amrawati(Frui & Veg. Market) ,Bitter gourd,Other,Local,1500,2000,1750,08/09/2026
Maharashtra,Chandrapur,Chandrapur(Ganjwad) ,Bitter gourd,Other,Local,1000,2000,1500,08/09/2026
Maharashtra,Raigad,APMC Pen ,Bitter gourd,Other,Local,3400,3600,3400,08/09/2026
Maharashtra,Jalgaon,APMC Jalgaon ,Bitter gourd,Other,Local,1000,2000,1500,08/09/2026
Maharashtra,Pune,Junnar(Otur) ,Bitter gourd,Other,Local,1000,2800,2300,08/09/2026
Maharashtra,Pune,Pune(Moshi) ,Bitter gourd,Other,Local,3000,4000,3500,08/09/2026
Maharashtra,Mumbai,APMC Mumbai ,Bitter gourd,Other,Local,2000,3200,2600,08/09/2026
Maharashtra,Nagpur,APMC Nagpur ,Bitter gourd,Other,Local,2500,3500,3250,08/09/2026
Maharashtra,Nagpur,APMC Kamthi ,Bitter gourd,Other,Local,3000,3500,3400,08/09/2026
Maharashtra,Ahilyanagar,APMC Ahilyanagar ,Bitter gourd,Other,Local,1000,3000,2000,08/09/2026
Maharashtra,Ratnagiri,APMC Ratnagiri (Nachane) ,Bitter gourd,Other,Local,1000,2000,1500,08/09/2026
Maharashtra,Satara,APMC Karad ,Bitter gourd,Other,Local,2000,2500,2500,08/09/2026
Maharashtra,Satara,APMC Vaduj ,Bitter gourd,Other,Local,3000,4000,3500,08/09/2026
Maharashtra,Pune,APMC Pune ,Bottle gourd,Other,Local,1000,2000,1500,08/09/2026
Maharashtra,Nagpur,APMC Hingna,Bottle gourd,Other,Local,500,2000,1193,08/09/2026
Maharashtra,Pune,Pune(Moshi) ,Bottle gourd,Other,Local,2000,3000,2500,08/09/2026
Maharashtra,Raigad,APMC Panvel ,Bottle gourd,Other,Local,3000,4000,3500,08/09/2026
Maharashtra,Pune,Pune(Pimpri) ,Bottle gourd,Other,Local,2500,2500,2500,08/09/2026
Maharashtra,Raigad,APMC Pen ,Bottle gourd,Other,Local,3200,3400,3200,08/09/2026
Maharashtra,Satara,APMC Karad ,Bottle gourd,Other,Local,1500,1600,1600,08/09/2026
Maharashtra,Chattrapati Sambhajinagar,APMC Chattrapati Sambhajinagar ,Bottle gourd,Other,Local,500,700,600,08/09/2026
Maharashtra,Nagpur,APMC Nagpur ,Bottle gourd,Other,Local,1000,2000,1750,08/09/2026
Maharashtra,Ahilyanagar,APMC Rahata ,Bottle gourd,Other,Local,500,1000,750,08/09/2026
Maharashtra,Nashik,APMC Nasik ,Bottle gourd,Other,Local,645,1335,1000,08/09/2026
Maharashtra,Pune,Pune(Manjri) ,Bottle gourd,Other,Local,2000,3000,2500,08/09/2026
Maharashtra,Mumbai,APMC Mumbai ,Bottle gourd,Other,Local,1000,1600,1300,08/09/2026
Maharashtra,Pune,Junnar(Otur) ,Bottle gourd,Other,Local,500,1700,1300,08/09/2026
Maharashtra,Pune,Pune(Khadiki) ,Bottle gourd,Other,Local,900,1300,1100,08/09/2026
Maharashtra,Ahilyanagar,APMC Ahilyanagar ,Bottle gourd,Other,Local,200,1200,700,08/09/2026
Maharashtra,Satara,APMC Satara ,Bottle gourd,Other,Local,1000,1500,1200,08/09/2026
Maharashtra,Pune,APMC Khed ,Bottle gourd,Other,Local,700,2500,1500,08/09/2026
Maharashtra,Nagpur,APMC Kamthi ,Bottle gourd,Other,Local,1500,2000,1750,08/09/2026
Maharashtra,Pune,Pune(Moshi) ,Pointed gourd(Parval),Other,Local,3000,4000,3500,08/09/2026
Maharashtra,Jalgaon,APMC Jalgaon ,Little gourd(Kundru),Other,Local,2500,2500,2500,08/09/2026
Maharashtra,Jalgaon,APMC Bhusaval ,Little gourd(Kundru),Other,Local,1000,1500,1200,08/09/2026
Maharashtra,Nagpur,APMC Nagpur ,Pointed gourd(Parval),Other,Local,2500,3000,2875,08/09/2026
Maharashtra,Pune,APMC Pune ,Pointed gourd(Parval),Other,Local,2000,4500,3250,08/09/2026
Maharashtra,Nagpur,APMC Nagpur ,Little gourd(Kundru),Other,Local,1500,2000,1875,08/09/2026
Maharashtra,Pune,APMC Pune ,Little gourd(Kundru),Other,Local,2000,4000,3000,08/09/2026
Maharashtra,Mumbai,APMC Mumbai ,Little gourd(Kundru),Other,Local,2000,4000,3000,08/09/2026
Maharashtra,Pune,Pune(Moshi) ,Little gourd(Kundru),Other,Local,3000,3000,3000,08/09/2026
Maharashtra,Chandrapur,Chandrapur(Ganjwad) ,Little gourd(Kundru),Other,Local,1500,2500,2000,08/09/2026
Uttar Pradesh,Shamli,Khandhla APMC,Bitter gourd,Bitter Gourd,FAQ,2400,2440,2420,08/09/2026
Uttar Pradesh,Shamli,Kairana APMC,Bitter gourd,Bitter Gourd,FAQ,2500,2600,2550,08/09/2026
Uttar Pradesh,Saharanpur,CHHUTMALPUR APMC,Bitter gourd,Bitter Gourd,Local,1200,1600,1400,08/09/2026
Uttar Pradesh,Mau(Maunathbhanjan),Kopaganj APMC,Bitter gourd,Bitter Gourd,FAQ,2099,2200,2100,08/09/2026
Uttar Pradesh,Etawah,Jasvantnagar APMC,Bitter gourd,Bitter Gourd,Medium,2270,2370,2320,08/09/2026
Uttar Pradesh,Sonbhadra,Dudhi APMC,Bitter gourd,Bitter Gourd,Local,2800,3000,2900,08/09/2026
Uttar Pradesh,Amroha,Hasanpur APMC,Bitter gourd,Bitter Gourd,FAQ,1450,1520,1500,08/09/2026
Uttar Pradesh,Sant Kabir Nagar,Khalilabad APMC,Bitter gourd,Bitter Gourd,Medium,1600,1800,1700,08/09/2026
Uttar Pradesh,Siddharth Nagar,Naugarh APMC,Bitter gourd,Bitter Gourd,Grade A,2630,2660,2650,08/09/2026
Uttar Pradesh,Saharanpur,Rampurmaniharan APMC,Bitter gourd,Bitter Gourd,Grade C,1400,1500,1450,08/09/2026
Uttar Pradesh,Sambhal,Sambhal APMC,Bottle gourd,Bottle Gourd,FAQ,800,900,850,08/09/2026
Uttar Pradesh,Hathras,Shadabad APMC,Bottle gourd,Bottle Gourd,Small,800,900,850,08/09/2026
Uttar Pradesh,Amroha,Hasanpur APMC,Bottle gourd,Bottle Gourd,FAQ,1450,1520,1500,08/09/2026
Uttar Pradesh,Shamli,Khandhla APMC,Sponge gourd,Sponge gourd,FAQ,700,710,705,08/09/2026
Uttar Pradesh,Farukhabad,Kayamganj APMC,Bottle gourd,Bottle Gourd,FAQ,1550,1650,1600,08/09/2026
Uttar Pradesh,Etah,Awagarh APMC,Bottle gourd,Bottle Gourd,FAQ,1000,1100,1050,08/09/2026
Uttar Pradesh,Amroha,Hasanpur APMC,Sponge gourd,Other,FAQ,1450,1520,1500,08/09/2026
Uttar Pradesh,Shamli,Kairana APMC,Sponge gourd,Other,FAQ,1900,2000,1950,08/09/2026
Uttar Pradesh,Bulandshahar,Gulavati APMC,Bottle gourd,Bottle Gourd,FAQ,1500,1700,1600,08/09/2026
Uttar Pradesh,Shamli,Khandhla APMC,Bottle gourd,Bottle Gourd,FAQ,800,880,840,08/09/2026
Uttar Pradesh,Saharanpur,CHHUTMALPUR APMC,Bottle gourd,Bottle Gourd,Local,700,900,800,08/09/2026
Uttar Pradesh,Mau(Maunathbhanjan),Kopaganj APMC,Bottle gourd,Bottle Gourd,FAQ,1350,1500,1400,08/09/2026
Uttar Pradesh,Etah,Awagarh APMC,Sponge gourd,Other,FAQ,1800,2000,1850,08/09/2026
Uttar Pradesh,Saharanpur,Rampurmaniharan APMC,Bottle gourd,Bottle Gourd,Grade C,1100,1200,1150,08/09/2026
Uttar Pradesh,Raebarelli,Lalganj APMC,Bottle gourd,Bottle Gourd,FAQ,1400,1600,1500,08/09/2026
Uttar Pradesh,Khiri (Lakhimpur),Maigalganj APMC,Bottle gourd,Bottle Gourd,FAQ,920,960,940,08/09/2026
Uttar Pradesh,Sant Kabir Nagar,Khalilabad APMC,Bottle gourd,Bottle Gourd,Medium,1400,1500,1450,08/09/2026
Uttar Pradesh,Siddharth Nagar,Naugarh APMC,Bottle gourd,Bottle Gourd,Grade A,1540,1560,1550,08/09/2026
Uttar Pradesh,Shamli,Kairana APMC,Bottle gourd,Bottle Gourd,FAQ,900,1000,950,08/09/2026
Uttar Pradesh,Etawah,Jasvantnagar APMC,Bottle gourd,Bottle Gourd,Medium,1390,1490,1440,08/09/2026
Uttar Pradesh,Sonbhadra,Dudhi APMC,Sponge gourd,Sponge gourd,Local,1000,1200,1100,08/09/2026
Uttar Pradesh,Balrampur,Tulsipur APMC,Bottle gourd,Bottle Gourd,FAQ,1920,1980,1940,08/09/2026
Uttar Pradesh,Bulandshahar,Gulavati APMC,Sponge gourd,Other,FAQ,2100,2300,2200,08/09/2026
Uttar Pradesh,Sonbhadra,Dudhi APMC,Pointed gourd(Parval),Pointed gourd (Parval),Medium,3100,3300,3200,08/09/2026
Uttar Pradesh,Siddharth Nagar,Naugarh APMC,Pointed gourd(Parval),Pointed gourd (Parval),Grade A,3950,3980,3960,08/09/2026
Uttar Pradesh,Raebarelli,Lalganj APMC,Pointed gourd(Parval),Pointed gourd (Parval),FAQ,2100,2300,2200,08/09/2026
Uttar Pradesh,Khiri (Lakhimpur),Maigalganj APMC,Pointed gourd(Parval),Pointed gourd (Parval),FAQ,2620,2660,2640,08/09/2026
Uttar Pradesh,Sant Kabir Nagar,Khalilabad APMC,Pointed gourd(Parval),Pointed gourd (Parval),Medium,1400,1600,1500,08/09/2026
Rajasthan,Jodhpur,Jodhpur (F&V) APMC,Bitter gourd,Other,Medium,1500,3500,2500,08/09/2026
Rajasthan,Jalore,Jalore APMC,Bitter gourd,Other,Local,2000,2500,2300,08/09/2026
Rajasthan,Udaipur,Udaipur (F&V) APMC,Bitter gourd,Other,Medium,2000,2500,2250,08/09/2026
Rajasthan,Jaipur,Jaipur (F&V) APMC,Bitter gourd,Bitter Gourd,FAQ,2000,2500,2250,08/09/2026
Rajasthan,Ganganagar,Sriganganagar (F&V) APMC,Bitter gourd,Bitter Gourd,Grade C,2800,3200,3000,08/09/2026
Rajasthan,Jodhpur,Jodhpur (F&V) APMC,Bottle gourd,Other,Medium,600,1300,1000,08/09/2026
Rajasthan,Udaipur,Udaipur (F&V) APMC,Bottle gourd,Other,Medium,400,1000,700,08/09/2026
Rajasthan,Ganganagar,Sriganganagar (F&V) APMC,Sponge gourd,Sponge gourd,Grade A,3800,4200,4000,08/09/2026
Rajasthan,Ganganagar,Sriganganagar (F&V) APMC,Bottle gourd,Bottle Gourd,Grade C,900,1300,1100,08/09/2026
Rajasthan,Jalore,Jalore APMC,Bottle gourd,Bottle Gourd,Local,800,1000,900,08/09/2026
Rajasthan,Jodhpur,Jodhpur (F&V) APMC,Round gourd,Other,Medium,500,1800,1000,08/09/2026
Rajasthan,Ganganagar,Sriganganagar (F&V) APMC,Pointed gourd(Parval),Pointed gourd (Parval),Grade A,1800,2200,2000,08/09/2026
Rajasthan,Jodhpur,Jodhpur (F&V) APMC,Pointed gourd(Parval),Other,Medium,2000,3000,2500,08/09/2026
Karnataka,Kolar,Bangarpet APMC,Bitter gourd,Bitter Gourd,Local,1500,2500,2200,08/09/2026
Karnataka,Bengaluru Rural,Doddaballapur APMC,Bitter gourd,Bitter Gourd,Medium,2500,3000,2800,08/09/2026
Karnataka,Bengaluru South,Ramanagara APMC,Bitter gourd,Bitter Gourd,Local,3000,4000,3600,08/09/2026
Karnataka,Chikkaballapur,Bagepalli APMC,Bitter gourd,Bitter Gourd,Small,2500,3000,2600,08/09/2026
Karnataka,Belagavi,Belgaum APMC,Bitter gourd,Bitter Gourd,Large,1500,2000,1500,08/09/2026
Karnataka,Shivamogga,Shimoga APMC,Bitter gourd,Bitter Gourd,Local,2000,2600,2300,08/09/2026
Karnataka,Bengaluru,Binny Mill (FF&V) Bengaluru APMC,Bitter gourd,Bitter Gourd,Local,1800,2000,1900,08/09/2026
Karnataka,Bengaluru South,Ramanagara APMC,Bottle gourd,Bottle Gourd,Local,1200,1600,1400,08/09/2026
Karnataka,Kolar,Bangarpet APMC,Bottle gourd,Bottle Gourd,Local,800,2000,1000,08/09/2026
Karnataka,Bengaluru,Binny Mill (FF&V) Bengaluru APMC,Bottle gourd,Bottle Gourd,Local,1800,2000,1900,08/09/2026
Gujarat,Sabarkantha,Himatnagar(Veg.Market Himatnagar) APMC,Bitter gourd,Other,Local,2500,3000,2750,08/09/2026
Gujarat,Morbi,Morbi APMC,Bitter gourd,Bitter Gourd,FAQ,1500,2000,1750,08/09/2026
Gujarat,Gandhinagar,Mansa(Manas Veg Yard) APMC,Bitter gourd,Other,Local,2500,2500,2500,08/09/2026
Gujarat,Dahod,Dahod(Veg. Market) APMC,Bitter gourd,Bitter Gourd,Local,500,2000,1500,08/09/2026
Gujarat,Anand,"Anand(Veg,Yard,Anand) APMC",Bitter gourd,Bitter Gourd,Grade B,1000,2000,1500,08/09/2026
Gujarat,Valsad,Chikli(Khorgam) APMC,Bitter gourd,Other,FAQ,1750,2500,2125,08/09/2026
Gujarat,Surendranagar,Vadhvan APMC,Bitter gourd,Bitter Gourd,Medium,1000,1500,1250,08/09/2026
Gujarat,Surat,Surat APMC,Bitter gourd,Bitter Gourd,FAQ,2000,3500,2750,08/09/2026
Gujarat,Surat,Surat APMC,Bottle gourd,Bottle Gourd,FAQ,1000,3500,2250,08/09/2026
Gujarat,Navsari,Bilimora APMC,Bottle gourd,Other,FAQ,1500,2000,1800,08/09/2026
Gujarat,Navsari,Navsari APMC,Bottle gourd,Bottle Gourd,Local,900,1000,950,08/09/2026
Gujarat,Sabarkantha,Himatnagar(Veg.Market Himatnagar) APMC,Bottle gourd,Bottle Gourd,Local,250,500,450,08/09/2026
Gujarat,Surat,Surat APMC,Sponge gourd,Other,FAQ,1000,2500,1750,08/09/2026
Gujarat,Bharuch,Bharuch APMC,Bottle gourd,Other,Local,800,1200,1000,08/09/2026
Gujarat,Morbi,Morbi APMC,Bottle gourd,Bottle Gourd,FAQ,500,1000,750,08/09/2026
Gujarat,Dahod,Dahod(Veg. Market) APMC,Bottle gourd,Bottle Gourd,Local,200,1000,800,08/09/2026
Gujarat,Dahod,Dahod(Veg. Market) APMC,Sponge gourd,Sponge gourd,Local,500,2000,1100,08/09/2026
Gujarat,Anand,"Anand(Veg,Yard,Anand) APMC",Bottle gourd,Bottle Gourd,Grade B,250,500,375,08/09/2026
Gujarat,Anand,Khambhat(Veg Yard Khambhat) APMC,Bottle gourd,Bottle Gourd,Local,500,1000,800,08/09/2026
Gujarat,Valsad,Chikli(Khorgam) APMC,Bottle gourd,Other,FAQ,1250,2000,1625,08/09/2026
Gujarat,Amreli,Damnagar APMC,Bottle gourd,Bottle Gourd,Local,3500,3500,3500,08/09/2026
Gujarat,Rajkot,Rajkot(Veg.Sub Yard) APMC,Bottle gourd,Bottle Gourd,FAQ,325,620,470,08/09/2026
Gujarat,Dahod,Dahod(Veg. Market) APMC,"Spiny Gourd / Kartali(Kantola)
",Kartali (Kantola),Local,6000,12000,9000,08/09/2026
Gujarat,Valsad,Chikli(Khorgam) APMC,Pointed gourd(Parval),Other,FAQ,2250,3000,2625,08/09/2026
Gujarat,Surat,Surat APMC,Pointed gourd(Parval),Other,FAQ,2000,3000,2500,08/09/2026
Gujarat,Surat,Surat APMC,"Spiny Gourd / Kartali(Kantola)
",Other,FAQ,5000,11000,8000,08/09/2026
Gujarat,Dahod,Dahod(Veg. Market) APMC,Little gourd(Kundru),Little gourd (Kundru),Local,1000,2000,1500,08/09/2026
Gujarat,Dahod,Dahod(Veg. Market) APMC,Pointed gourd(Parval),Pointed gourd (Parval),Local,3000,3500,3200,08/09/2026
Gujarat,Surat,Mahuva(Anaval) APMC,Pointed gourd(Parval),Other,Local,1950,2050,2000,08/09/2026
Gujarat,Navsari,Navsari APMC,Pointed gourd(Parval),Pointed gourd (Parval),Local,3500,4000,3750,08/09/2026
Gujarat,Surat,Surat APMC,Little gourd(Kundru),Other,FAQ,1000,3500,2250,08/09/2026
Haryana,Ambala,Shahzadpur APMC,Bitter gourd,Bitter Gourd,FAQ,3000,3000,3000,08/09/2026
Haryana,Mahendragarh-Narnaul,Mohindergarh APMC,Bitter gourd,Bitter Gourd,Medium,1500,1500,1500,08/09/2026
Haryana,Faridabad,Ballabhgarh APMC,Bitter gourd,Other,FAQ,1500,2000,1800,08/09/2026
Haryana,Kaithal,Siwan APMC,Bitter gourd,Other,FAQ,2800,3000,2960,08/09/2026
Haryana,Fatehabad,Jakhal APMC,Bitter gourd,Other,Local,2200,2200,2200,08/09/2026
Haryana,Rohtak,Meham,Bitter gourd,Bitter Gourd,Medium,2500,2500,2500,08/09/2026
Haryana,Sonipat,Ganaur APMC,Bitter gourd,Bitter Gourd,Medium,2500,3000,2800,08/09/2026
Haryana,Palwal,Hodal APMC,Bitter gourd,Bitter Gourd,FAQ,1600,2200,1800,08/09/2026
Haryana,Ambala,Naraingarh APMC,Bitter gourd,Bitter Gourd,Medium,1500,2000,1650,08/09/2026
Haryana,Kurukshetra,Thanesar APMC,Bitter gourd,Bitter Gourd,Local,1500,2000,1750,08/09/2026
Haryana,Yamuna Nagar,Mustafabad APMC,Bitter gourd,Bitter Gourd,FAQ,2000,2200,2200,08/09/2026
Haryana,Yamuna Nagar,Jagadhri APMC,Bitter gourd,Bitter Gourd,Medium,1000,1500,1300,08/09/2026
Haryana,Hissar,Uklana APMC,Bitter gourd,Bitter Gourd,Medium,2000,2000,2000,08/09/2026
Haryana,Hissar,Barwala(Hisar) APMC,Bitter gourd,Bitter Gourd,Local,2500,2500,2500,08/09/2026
Haryana,Mahendragarh-Narnaul,Narnaul APMC,Bitter gourd,Bitter Gourd,Medium,2000,3000,2500,08/09/2026
Haryana,Sonipat,Sonepat APMC,Bitter gourd,Other,FAQ,1800,2300,2000,08/09/2026
Haryana,Kurukshetra,Ladwa APMC,Bitter gourd,Bitter Gourd,Medium,2500,4000,3000,08/09/2026
Haryana,Hissar,Hansi APMC,Bitter gourd,Other,FAQ,3000,3500,3250,08/09/2026
Haryana,Kurukshetra,Shahabad APMC,Bitter gourd,Bitter Gourd,Medium,2200,3000,3000,08/09/2026
Haryana,Sonipat,Gohana APMC,Bitter gourd,Other,Medium,2000,4000,3000,08/09/2026
Haryana,Hissar,Barwala(Hisar) APMC,Bottle gourd,Bottle Gourd,Local,700,1000,900,08/09/2026
Haryana,Panchkula,Raipur Rani APMC,Bottle gourd,Bottle Gourd,Local,1200,1400,1200,08/09/2026
Haryana,Panipat,Samalkha APMC,Bottle gourd,Bottle Gourd,FAQ,500,500,500,08/09/2026
Haryana,Sonipat,Ganaur APMC,Bottle gourd,Bottle Gourd,Medium,1000,1500,1200,08/09/2026
Haryana,Panipat,Panipat APMC,Bottle gourd,Bottle Gourd,Local,500,900,700,08/09/2026
Haryana,Sonipat,Sonepat APMC,Bottle gourd,Other,FAQ,700,1000,900,08/09/2026
Haryana,Jind,Narwana APMC,Bottle gourd,Bottle Gourd,Local,200,500,400,08/09/2026
Haryana,Panipat,Samalkha APMC,Sponge gourd,Other,FAQ,1500,2000,1800,08/09/2026
Haryana,Kurukshetra,Shahabad APMC,Bottle gourd,Bottle Gourd,Medium,300,600,500,08/09/2026
Haryana,Kurukshetra,Ladwa APMC,Bottle gourd,Other,Medium,400,800,500,08/09/2026
Haryana,Ambala,Naraingarh APMC,Bottle gourd,Bottle Gourd,Medium,400,1500,800,08/09/2026
Haryana,Yamuna Nagar,Jagadhri APMC,Bottle gourd,Bottle Gourd,Medium,400,800,600,08/09/2026
Haryana,Hissar,Uklana APMC,Bottle gourd,Bottle Gourd,Medium,1200,1500,1500,08/09/2026
Haryana,Kaithal,Siwan APMC,Bottle gourd,Other,FAQ,1400,1600,1500,08/09/2026
Haryana,Mewat,Nuh APMC,Bottle gourd,Other,Local,600,1000,800,08/09/2026
Haryana,Rohtak,Meham,Bottle gourd,Bottle Gourd,Medium,500,600,550,08/09/2026
Haryana,Kurukshetra,Pehowa APMC,Bottle gourd,Other,Medium,1200,1600,1500,08/09/2026
Haryana,Faridabad,Ballabhgarh APMC,Bottle gourd,Other,FAQ,600,800,700,08/09/2026
Haryana,Mahendragarh-Narnaul,Mohindergarh APMC,Bottle gourd,Bottle Gourd,Medium,500,1000,600,08/09/2026
Haryana,Yamuna Nagar,Mustafabad APMC,Bottle gourd,Bottle Gourd,FAQ,1000,1200,1000,08/09/2026
Haryana,Yamuna Nagar,Sadhaura APMC,Bottle gourd,Bottle Gourd,Local,700,1000,900,08/09/2026
Haryana,Ambala,Shahzadpur APMC,Bottle gourd,Bottle Gourd,FAQ,600,800,800,08/09/2026
Haryana,Yamuna Nagar,Chhachrauli APMC,Bottle gourd,Bottle Gourd,Local,600,1000,700,08/09/2026
Haryana,Palwal,Hodal APMC,Bottle gourd,Bottle Gourd,FAQ,600,800,700,08/09/2026
Haryana,Kaithal,Pundri APMC,Bottle gourd,Bottle Gourd,FAQ,700,800,750,08/09/2026
Haryana,Mahendragarh-Narnaul,Narnaul APMC,Sponge gourd,Sponge gourd,Medium,2000,3000,2500,08/09/2026
Haryana,Jind,Narwana APMC,Sponge gourd,Sponge gourd,Local,1500,2000,1750,08/09/2026
Haryana,Jhajar,Bahadurgarh APMC,Bottle gourd,Other,Medium,1000,1200,1100,08/09/2026
Haryana,Kurukshetra,Shahabad APMC,Sponge gourd,Other,Medium,1600,1800,1700,08/09/2026
Haryana,Hissar,Hansi APMC,Bottle gourd,Other,FAQ,600,800,700,08/09/2026
Haryana,Kurukshetra,Thanesar APMC,Sponge gourd,Sponge gourd,Local,1500,2000,1750,08/09/2026
Haryana,Mahendragarh-Narnaul,Narnaul APMC,Bottle gourd,Bottle Gourd,Medium,600,1000,800,08/09/2026
Haryana,Panchkula,Barwala APMC,Bottle gourd,Bottle Gourd,FAQ,800,1000,900,08/09/2026
Haryana,Mewat,FerozpurZirkha(Nagina) APMC,Bottle gourd,Other,Local,800,1200,1000,08/09/2026
Haryana,Gurgaon,Sohna APMC,Bottle gourd,Bottle Gourd,Local,1000,1200,1200,08/09/2026
Haryana,Mahendragarh-Narnaul,Narnaul APMC,Pointed gourd(Parval),Pointed gourd (Parval),Medium,2000,3000,2500,08/09/2026
Haryana,Mahendragarh-Narnaul,Mohindergarh APMC,Pointed gourd(Parval),Other,Medium,1300,1300,1300,08/09/2026
Punjab,Hoshiarpur,Mukerian APMC,Bitter gourd,Bitter Gourd,Grade B,1500,2500,2000,08/09/2026
Punjab,Patiala,Nabha APMC,Bitter gourd,Other,Grade C,2800,2800,2800,08/09/2026
Punjab,Sangrur,Malerkotla APMC,Bitter gourd,Other,Local,1800,2500,2500,08/09/2026
Punjab,Tarntaran,Harike APMC,Bitter gourd,Bitter Gourd,FAQ,500,600,550,08/09/2026
Punjab,Amritsar,Rayya APMC,Bitter gourd,Bitter Gourd,FAQ,1357,1357,1357,08/09/2026
Punjab,Muktsar,Muktsar APMC,Bitter gourd,Bitter Gourd,Medium,2000,2800,2400,08/09/2026
Punjab,Hoshiarpur,Garh Shankar APMC,Bitter gourd,Bitter Gourd,FAQ,2500,2500,2500,08/09/2026
Punjab,Gurdaspur,Quadian APMC,Bitter gourd,Other,Grade A,1700,1900,1800,08/09/2026
Punjab,Hoshiarpur,Dasuya APMC,Bitter gourd,Bitter Gourd,FAQ,3000,3000,3000,08/09/2026
Punjab,Jalandhar,Goraya APMC,Bitter gourd,Other,Local,2500,2500,2500,08/09/2026
Punjab,Gurdaspur,F.G.Churian APMC,Bitter gourd,Bitter Gourd,Grade A,2200,2200,2200,08/09/2026
Punjab,Mohali,Lalru APMC,Bitter gourd,Other,Local,3200,3200,3200,08/09/2026
Punjab,Fazilka,Jalalabad APMC,Bitter gourd,Bitter Gourd,Medium,3300,3500,3400,08/09/2026
Punjab,Jalandhar,Adampur APMC,Bitter gourd,Bitter Gourd,FAQ,2000,2200,2200,08/09/2026
Punjab,Ludhiana,Doraha APMC,Bitter gourd,Other,Local,2000,2500,2300,08/09/2026
Punjab,Hoshiarpur,Garh Shankar(Mahalpur) APMC,Bitter gourd,Other,FAQ,2200,2200,2200,08/09/2026
Punjab,Gurdaspur,Dera Baba Nanak APMC,Bitter gourd,Other,Grade A,862,862,862,08/09/2026
Punjab,Tarntaran,Patti APMC,Bitter gourd,Other,Local,0.1,0.1,0.1,08/09/2026
Punjab,Hoshiarpur,Tanda Urmur APMC,Bitter gourd,Bitter Gourd,Grade A,2000,3000,2500,08/09/2026
Punjab,Fazilka,Fazilka APMC,Bitter gourd,Bitter Gourd,FAQ,3000,3000,3000,08/09/2026
Punjab,Ludhiana,Khanna APMC,Bitter gourd,Bitter Gourd,Grade A,2000,2000,2000,08/09/2026
Punjab,Patiala,Patran APMC,Bitter gourd,Bitter Gourd,Grade A,1960,1960,1960,08/09/2026
Punjab,Fatehgarh,Bassi Pathana APMC,Bitter gourd,Bitter Gourd,Medium,2500,2800,2600,08/09/2026
Punjab,Jalandhar,Adampur APMC,Bottle gourd,Other,FAQ,800,1000,1000,08/09/2026
Punjab,Hoshiarpur,Tanda Urmur APMC,Bottle gourd,Other,Grade A,1800,2000,1900,08/09/2026
Punjab,Ludhiana,Doraha APMC,Bottle gourd,Bottle Gourd,Local,1000,2000,1500,08/09/2026
Punjab,Jalandhar,Bhogpur APMC,Bottle gourd,Bottle Gourd,Local,1000,1000,1000,08/09/2026
Punjab,Tarntaran,Harike APMC,Round gourd,Round gourd,FAQ,700,800,750,08/09/2026
Punjab,Mohali,Lalru APMC,Bottle gourd,Other,Local,800,800,800,08/09/2026
Punjab,Jalandhar,Adampur APMC,Round gourd,Other,FAQ,700,1000,1000,08/09/2026
Punjab,Tarntaran,Khadur Sahib(Fetehabad) APMC,Round gourd,Other,Grade B,1000,1000,1000,08/09/2026
Punjab,Hoshiarpur,Garh Shankar(Mahalpur) APMC,Bottle gourd,Bottle Gourd,FAQ,1500,1500,1500,08/09/2026
Punjab,Ludhiana,Khanna APMC,Bottle gourd,Other,Grade A,1200,1200,1200,08/09/2026
Punjab,Moga,Baghapurana APMC,Bottle gourd,Other,Grade B,3000,4000,3500,08/09/2026
Punjab,Mohali,Kharar APMC,Bottle gourd,Bottle Gourd,Local,2000,3500,2500,08/09/2026
Punjab,Jalandhar,Jalandhar City(Jalandhar) APMC,Bottle gourd,Bottle Gourd,FAQ,600,1400,1000,08/09/2026
Punjab,Jalandhar,Goraya APMC,Bottle gourd,Other,Local,1000,1000,1000,08/09/2026
Punjab,Moga,Nihal Singh Wala APMC,Bottle gourd,Bottle Gourd,FAQ,3500,3500,3500,08/09/2026
Punjab,Gurdaspur,Kalanaur APMC,Bottle gourd,Bottle Gourd,Grade A,1200,1200,1200,08/09/2026
Punjab,Hoshiarpur,Mukerian(Talwara) APMC,Bottle gourd,Bottle Gourd,FAQ,800,1400,1100,08/09/2026
Punjab,Jalandhar,Noor Mehal APMC,Bottle gourd,Other,Local,1500,1500,1500,08/09/2026
Punjab,Mohali,Dera Bassi APMC,Bottle gourd,Bottle Gourd,Local,2600,2600,2600,08/09/2026
Punjab,Muktsar,Malout APMC,Round gourd,Round gourd,Grade A,3600,3600,3600,08/09/2026
Punjab,Tarntaran,Harike APMC,Bottle gourd,Bottle Gourd,FAQ,500,600,550,08/09/2026
Punjab,Ferozpur,Ferozepur Cantt. APMC,Bottle gourd,Bottle Gourd,Grade A,1200,1400,1300,08/09/2026
Punjab,Nawanshahr,Balachaur APMC,Bottle gourd,Other,Medium,1000,1000,1000,08/09/2026
Punjab,Sangrur,Malerkotla APMC,Sponge gourd,Other,Local,800,1500,1200,08/09/2026
Punjab,Tarntaran,Naushera Pannuan APMC,Bottle gourd,Bottle Gourd,Local,750,750,750,08/09/2026
Punjab,Fatehgarh,Bassi Pathana APMC,Bottle gourd,Bottle Gourd,Medium,2000,2200,2100,08/09/2026
Punjab,Gurdaspur,Dinanagar APMC,Bottle gourd,Bottle Gourd,Medium,2300,2500,2400,08/09/2026
Punjab,Hoshiarpur,Dasuya APMC,Bottle gourd,Bottle Gourd,FAQ,2000,2000,2000,08/09/2026
Punjab,Bhatinda,Maur APMC,Sponge gourd,Sponge gourd,Grade B,2400,2800,2600,08/09/2026
Punjab,Ferozpur,Zira APMC,Bottle gourd,Other,Local,2500,2500,2500,08/09/2026
Punjab,Nawanshahr,Balachaur APMC,Round gourd,Other,Medium,1000,1000,1000,08/09/2026
Punjab,Sangrur,Malerkotla APMC,Bottle gourd,Bottle Gourd,Local,1000,2000,1500,08/09/2026
West Bengal,Sounth 24 Parganas,Baruipur(Canning) APMC,Bitter gourd,Bitter Gourd,FAQ,4000,4400,4200,08/09/2026
West Bengal,Hooghly,Pandua APMC,Bitter gourd,Bitter Gourd,FAQ,3400,3725,3600,08/09/2026
West Bengal,Hooghly,Champadanga APMC,Bitter gourd,Bitter Gourd,FAQ,3600,3800,3600,08/09/2026
West Bengal,Jalpaiguri,Belacoba APMC,Bitter gourd,Bitter Gourd,FAQ,4700,5000,4800,08/09/2026
West Bengal,Dakshin Dinajpur,Balurghat APMC,Bitter gourd,Bitter Gourd,FAQ,2800,3100,3000,08/09/2026
West Bengal,Hooghly,Kalipur APMC,Bitter gourd,Bitter Gourd,FAQ,3400,3600,3600,08/09/2026
West Bengal,Coochbehar,Pundibari APMC,Bitter gourd,Bitter Gourd,FAQ,2500,3300,2800,08/09/2026
West Bengal,Jalpaiguri,Moynaguri APMC,Bitter gourd,Other,FAQ,4500,4700,4600,08/09/2026
West Bengal,North 24 Parganas,Habra APMC,Bitter gourd,Other,FAQ,4000,4000,4000,08/09/2026
West Bengal,North 24 Parganas,Barasat APMC,Bitter gourd,Other,FAQ,4700,4700,4700,08/09/2026
West Bengal,Jalpaiguri,Dhupguri APMC,Bitter gourd,Bitter Gourd,FAQ,4400,4600,4500,08/09/2026
West Bengal,Medinipur(E),Tamluk (Medinipur E) APMC,Bitter gourd,Bitter Gourd,FAQ,3400,3800,3600,08/09/2026
West Bengal,Howrah,Ramkrishanpur(Howrah) APMC,Bitter gourd,Other,FAQ,5200,6000,5500,08/09/2026
West Bengal,Howrah,Uluberia APMC,Bitter gourd,Other,FAQ,3800,4500,4000,08/09/2026
West Bengal,Medinipur(W),Medinipur(West) APMC,Bitter gourd,Bitter Gourd,FAQ,3800,4200,4000,08/09/2026
West Bengal,Nadia,Nadia APMC,Bitter gourd,Bitter Gourd,FAQ,4400,4500,4450,08/09/2026
West Bengal,Coochbehar,Coochbehar APMC,Bitter gourd,Bitter Gourd,FAQ,2500,3300,2800,08/09/2026
West Bengal,Kolkata,Sealdah Koley Market APMC,Bitter gourd,Other,FAQ,4000,4500,4000,08/09/2026
West Bengal,Dakshin Dinajpur,Gangarampur(Dakshin Dinajpur) APMC,Bitter gourd,Other,FAQ,2500,3000,2800,08/09/2026
West Bengal,Medinipur(W),Medinipur(West) APMC,Bottle gourd,Bottle Gourd,FAQ,1700,1900,1800,08/09/2026
West Bengal,Bankura,Khatra APMC,Bottle gourd,Bottle Gourd,FAQ,1500,1700,1600,08/09/2026
West Bengal,Bankura,Bishnupur(Bankura) APMC,Bottle gourd,Bottle Gourd,FAQ,1400,1800,1600,08/09/2026
West Bengal,Dakshin Dinajpur,Gangarampur(Dakshin Dinajpur) APMC,Pointed gourd(Parval),Other,FAQ,3000,3500,3300,08/09/2026
West Bengal,Kolkata,Sealdah Koley Market APMC,Pointed gourd(Parval),Other,FAQ,3200,4000,3500,08/09/2026
West Bengal,Jhargram,Jhargram APMC,Little gourd(Kundru),Little gourd (Kundru),FAQ,1700,2200,2000,08/09/2026
West Bengal,Jhargram,Jhargram APMC,Pointed gourd(Parval),Other,FAQ,3300,3700,3500,08/09/2026
West Bengal,Dakshin Dinajpur,Balurghat APMC,Pointed gourd(Parval),Other,FAQ,2800,3200,3000,08/09/2026
West Bengal,Jalpaiguri,Belacoba APMC,Pointed gourd(Parval),Other,FAQ,2300,2500,2400,08/09/2026
West Bengal,Coochbehar,Pundibari APMC,Pointed gourd(Parval),Other,FAQ,1800,2500,2200,08/09/2026
West Bengal,Medinipur(W),Medinipur(West) APMC,Pointed gourd(Parval),Pointed gourd (Parval),FAQ,3500,3800,3600,08/09/2026
West Bengal,Jalpaiguri,Jalpaiguri Sadar APMC,Pointed gourd(Parval),Pointed gourd (Parval),FAQ,4100,4300,4200,08/09/2026
West Bengal,Jalpaiguri,Dhupguri APMC,Pointed gourd(Parval),Pointed gourd (Parval),FAQ,4100,4300,4200,08/09/2026
West Bengal,Hooghly,Sheoraphuly APMC,Pointed gourd(Parval),Pointed gourd (Parval),FAQ,3425,3575,3450,08/09/2026
West Bengal,Jalpaiguri,Moynaguri APMC,Pointed gourd(Parval),Other,FAQ,2000,2300,2200,08/09/2026
West Bengal,Hooghly,Kalipur APMC,Pointed gourd(Parval),Pointed gourd (Parval),FAQ,3400,3600,3600,08/09/2026
West Bengal,Howrah,Uluberia APMC,Pointed gourd(Parval),Pointed gourd (Parval),FAQ,2800,3500,3000,08/09/2026
West Bengal,Coochbehar,Coochbehar APMC,Pointed gourd(Parval),Other,FAQ,1800,2500,2200,08/09/2026
West Bengal,Hooghly,Champadanga APMC,Pointed gourd(Parval),Pointed gourd (Parval),FAQ,3400,3600,3600,08/09/2026
Odisha,Khurda,Balugaon APMC,Bitter gourd,Other,Grade A,4500,4500,4500,08/09/2026
Odisha,Bolangir,Bolangir APMC,Bitter gourd,Other,Local,3600,4400,4000,08/09/2026
Odisha,Boudh,Boudh APMC,Bitter gourd,Other,Local,4500,5500,5000,08/09/2026
Odisha,Keonjhar,Keonjhar APMC,Bitter gourd,Other,Local,5000,5200,5200,08/09/2026
Odisha,Sundergarh,Bonai APMC,Bitter gourd,Other,FAQ,3840,4056,3945,08/09/2026
Odisha,Bolangir,Tusura APMC,Bitter gourd,Other,Local,3600,4400,4000,08/09/2026
Odisha,Dhenkanal,Kamakhyanagar APMC,Bitter gourd,Bitter Gourd,Grade A,6000,6000,6000,08/09/2026
Odisha,Nayagarh,Sarankul APMC,Bitter gourd,Bitter Gourd,Grade Range-2,2800,3200,3000,08/09/2026
Odisha,Cuttack,Banki APMC,Bitter gourd,Other,Medium,5000,6000,5500,08/09/2026
Odisha,Mayurbhanja,Saraskana APMC,Bitter gourd,Bitter Gourd,Local,4000,5000,4500,08/09/2026
Odisha,Dhenkanal,Dhenkanal APMC,Bitter gourd,Other,Grade B,3400,3700,3500,08/09/2026
Odisha,Mayurbhanja,Udala APMC,Bitter gourd,Bitter Gourd,FAQ,4200,5000,4500,08/09/2026
Odisha,Mayurbhanja,Betnoti APMC,Bitter gourd,Bitter Gourd,FAQ,4200,4600,4400,08/09/2026
Odisha,Angul,Angul APMC,Bitter gourd,Bitter Gourd,Grade B,2500,2500,2500,08/09/2026
Odisha,Nuapada,Khariar Road APMC,Bitter gourd,Other,Grade A,6000,6000,6000,08/09/2026
Odisha,Nuapada,Khariar APMC,Bitter gourd,Other,Grade A,6000,6000,6000,08/09/2026
Odisha,Mayurbhanja,Narasinghpur APMC,Bitter gourd,Bitter Gourd,Local,3000,6000,4000,08/09/2026
Odisha,Koraput,Koraput(Semilguda) APMC,Bitter gourd,Other,Grade B,3000,4000,3500,08/09/2026
Odisha,Dhenkanal,Hindol APMC,Bitter gourd,Bitter Gourd,Grade B,4800,5000,4900,08/09/2026
Odisha,Sundergarh,Panposh APMC,Bitter gourd,Other,FAQ,4000,5000,4500,08/09/2026
Odisha,Mayurbhanja,Baripada APMC,Bitter gourd,Bitter Gourd,Local,4000,5000,4500,08/09/2026
Odisha,Kalahandi,Mukhiguda APMC,Bottle gourd,Bottle Gourd,Grade B,2000,3000,2500,08/09/2026
Odisha,Bolangir,Bolangir APMC,Sponge gourd,Other,Local,2200,3000,2600,08/09/2026
Odisha,Sundergarh,Panposh APMC,Bottle gourd,Bottle Gourd,FAQ,2000,2500,2200,08/09/2026
Odisha,Bargarh,Godbhaga APMC,Bottle gourd,Other,Local,1950,2250,2100,08/09/2026
Odisha,Keonjhar,Keonjhar APMC,Bottle gourd,Other,Local,2000,2200,2000,08/09/2026
Odisha,Bargarh,Attabira APMC,Bottle gourd,Bottle Gourd,Local,1950,2300,2100,08/09/2026
Odisha,Dhenkanal,Kamakhyanagar APMC,Pointed gourd(Parval),Other,Grade A,6000,6000,6000,08/09/2026
Odisha,Balasore,Jaleswar APMC,Pointed gourd(Parval),Other,Medium,5800,6100,6000,08/09/2026
Odisha,Khurda,Balugaon APMC,Pointed gourd(Parval),Other,Grade A,3500,3500,3500,08/09/2026
Odisha,Bargarh,Godbhaga APMC,Pointed gourd(Parval),Other,Local,3350,3650,3500,08/09/2026
Odisha,Nuapada,Khariar Road APMC,Pointed gourd(Parval),Other,Grade A,4000,4000,4000,08/09/2026
Odisha,Nuapada,Khariar Road APMC,Little gourd(Kundru),Little gourd (Kundru),Grade A,4000,4000,4000,08/09/2026
Odisha,Cuttack,Banki APMC,"Spiny Gourd / Kartali(Kantola)
",Other,Medium,5000,6000,5500,08/09/2026
Odisha,Dhenkanal,Dhenkanal APMC,Pointed gourd(Parval),Other,Grade B,6700,7200,7000,08/09/2026
Odisha,Mayurbhanja,Betnoti APMC,Pointed gourd(Parval),Other,FAQ,3200,3600,3400,08/09/2026
Odisha,Nuapada,Khariar APMC,Pointed gourd(Parval),Other,Grade A,6000,6000,6000,08/09/2026
Odisha,Angul,Angul APMC,Little gourd(Kundru),Other,Grade B,3200,3200,3200,08/09/2026
Odisha,Bolangir,Bolangir APMC,Pointed gourd(Parval),Other,Local,3600,4600,4100,08/09/2026
Odisha,Sonepur,Dungurapalli APMC,Pointed gourd(Parval),Other,Local,5000,5200,5200,08/09/2026
Odisha,Dhenkanal,Hindol APMC,Pointed gourd(Parval),Other,Grade B,4800,5200,5000,08/09/2026
Odisha,Cuttack,Banki APMC,Pointed gourd(Parval),Other,Medium,5000,6000,5500,08/09/2026
Odisha,Ganjam,Bhanjanagar APMC,Little gourd(Kundru),Little gourd (Kundru),Grade Range-2,3000,3200,3100,08/09/2026
Odisha,Bolangir,Tusura APMC,Pointed gourd(Parval),Other,Local,3600,4600,4100,08/09/2026
Odisha,Rayagada,Rayagada(Muniguda) APMC,Pointed gourd(Parval),Other,Local,6400,7800,6900,08/09/2026
Odisha,Kendrapara,Pattamundai APMC,Pointed gourd(Parval),Pointed gourd (Parval),Grade B,6000,6000,6000,08/09/2026
Odisha,Ganjam,Bhanjanagar APMC,Pointed gourd(Parval),Pointed gourd (Parval),FAQ,4000,4200,4100,08/09/2026
Odisha,Sundergarh,Sargipali APMC,Pointed gourd(Parval),Pointed gourd (Parval),FAQ,3500,4000,3800,08/09/2026
Odisha,Nuapada,Khariar APMC,Little gourd(Kundru),Little gourd (Kundru),Grade A,4000,4000,4000,08/09/2026
Odisha,Ganjam,Digapahandi APMC,Pointed gourd(Parval),Other,FAQ,2600,3000,2700,08/09/2026
Odisha,Sonepur,Dungurapalli APMC,Little gourd(Kundru),Other,Local,4000,4200,4100,08/09/2026
Odisha,Balasore,Jaleswar APMC,Little gourd(Kundru),Little gourd (Kundru),Local,3300,3700,3500,08/09/2026
Odisha,Kendrapara,Chatta Krushak Bazar APMC,Pointed gourd(Parval),Pointed gourd (Parval),Grade B,6000,6000,6000,08/09/2026
Odisha,Mayurbhanja,Narasinghpur APMC,"Spiny Gourd / Kartali(Kantola)
",Kartali (Kantola),Local,6000,15000,12000,08/09/2026
Odisha,Sonepur,Pandkital APMC,Pointed gourd(Parval),Other,Local,5600,6000,5800,08/09/2026
Odisha,Mayurbhanja,Baripada APMC,Pointed gourd(Parval),Other,Medium,5500,7000,6000,08/09/2026
Odisha,Angul,Angul APMC,Pointed gourd(Parval),Other,Grade B,4500,4500,4500,08/09/2026
Odisha,Bargarh,Attabira APMC,Pointed gourd(Parval),Other,Local,3350,3650,3500,08/09/2026
Odisha,Ganjam,Digapahandi APMC,Little gourd(Kundru),Little gourd (Kundru),FAQ,2200,2400,2300,08/09/2026
Bihar,Gaya,Tekari APMC,Bitter gourd,Bitter Gourd,Medium,950,950,950,08/09/2026
Bihar,Sheikhpura,Shekhpura APMC,Bitter gourd,Bitter Gourd,FAQ,3780,3920,3860,08/09/2026
Bihar,Supaul,Birpur APMC,Bitter gourd,Bitter Gourd,Grade A,2500,3500,3000,08/09/2026
Bihar,East Champaran/ Motihari,Raxaul APMC,Bitter gourd,Bitter Gourd,Grade A,1100,1300,1200,08/09/2026
Bihar,Sheikhpura,Barbigha APMC,Bitter gourd,Bitter Gourd,FAQ,3600,3740,3670,08/09/2026
Bihar,Sheikhpura,Shekhpura APMC,Bottle gourd,Bottle Gourd,FAQ,2790,2900,2840,08/09/2026
Bihar,Gaya,Tekari APMC,Bottle gourd,Bottle Gourd,Medium,500,500,500,08/09/2026
Bihar,Sheikhpura,Barbigha APMC,Bottle gourd,Bottle Gourd,FAQ,2720,2900,2810,08/09/2026
Bihar,Siwan,Maharjganj APMC,Sponge gourd,Other,FAQ,1300,1300,1300,08/09/2026
Bihar,East Champaran/ Motihari,Raxaul APMC,Pointed gourd(Parval),Other,Grade A,2600,2800,2700,08/09/2026
Bihar,East Champaran/ Motihari,Chakia APMC,Pointed gourd(Parval),Other,Grade A,2400,2600,2500,08/09/2026
Telangana,Hyderabad,Bowenpally APMC,Bitter gourd,Bitter Gourd,FAQ,700,2300,2000,08/09/2026
Telangana,Warangal,Warangal APMC,Bitter gourd,Bitter Gourd,FAQ,1600,2000,1800,08/09/2026
Telangana,Hanumakonda,"Excise Colony,RBZ ",Bitter gourd,Other,Grade A,3600,3600,3600,08/09/2026
Telangana,Hyderabad,RYTHU BAZAR ERRAGADDA,Bitter gourd,Bitter Gourd,Grade A,2600,2600,2600,08/09/2026
Telangana,Hyderabad,"Alwal,RBZ",Bitter gourd,Bitter Gourd,FAQ,2600,2600,2600,08/09/2026
Telangana,Medchal Malkajgiri,"Kukatpally,RBZ",Bitter gourd,Bitter Gourd,Local,2600,2600,2600,08/09/2026
Telangana,Karimnagar,Karimnagar APMC,Bitter gourd,Bitter Gourd,Medium,1500,2000,1750,08/09/2026
Telangana,Mahbubnagar,Mahabubnagar(Rythu Bazar),Bitter gourd,Bitter Gourd,Local,4000,4000,4000,08/09/2026
Telangana,Hyderabad,Gudimalkapur APMC,Bitter gourd,Bitter Gourd,Grade B,1500,2500,2000,08/09/2026
Telangana,Siddipet,Siddipet(Rythu Bazar) ,Bitter gourd,Bitter Gourd,Grade A,3000,4000,3400,08/09/2026
Telangana,Ranga Reddy,L B Nagar APMC,Bitter gourd,Bitter Gourd,Medium,2000,3000,2500,08/09/2026
Telangana,Hyderabad,Mahboob Manison APMC,Bitter gourd,Bitter Gourd,Medium,3000,3500,3250,08/09/2026
Telangana,Nalgonda,Miryalguda(Rythu Bazar) ,Bitter gourd,Bitter Gourd,Grade A,3000,3000,3000,08/09/2026
Telangana,Ranga Reddy,Shadnagar APMC,Bitter gourd,Bitter Gourd,Local,1800,2500,2200,08/09/2026
Telangana,Ranga Reddy,"Saroornagar,RBZ",Bitter gourd,Other,Medium,2600,2600,2600,08/09/2026
Telangana,Hyderabad,RYTHU BAZAR FALAKNUMA,Bitter gourd,Bitter Gourd,Grade A,2600,2600,2600,08/09/2026
Telangana,Nalgonda,Venkateswarnagar APMC,Bitter gourd,Bitter Gourd,Local,1600,2000,1800,08/09/2026
Telangana,Hyderabad,Bowenpally APMC,Bottle gourd,Bottle Gourd,FAQ,200,600,500,08/09/2026
Telangana,Siddipet,Siddipet(Rythu Bazar) ,Bottle gourd,Bottle Gourd,Grade A,800,1200,1000,08/09/2026
Telangana,Hyderabad,Gudimalkapur APMC,Bottle gourd,Bottle Gourd,Grade B,200,300,200,08/09/2026
Telangana,Ranga Reddy,"Saroornagar,RBZ",Bottle gourd,Bottle Gourd,Medium,900,900,900,08/09/2026
Telangana,Ranga Reddy,L B Nagar APMC,Bottle gourd,Bottle Gourd,Medium,400,800,600,08/09/2026
Telangana,Nalgonda,Venkateswarnagar APMC,Bottle gourd,Bottle Gourd,Local,500,800,600,08/09/2026
Telangana,Hyderabad,Mahboob Manison APMC,Bottle gourd,Bottle Gourd,Medium,200,200,200,08/09/2026
Telangana,Hyderabad,RYTHU BAZAR FALAKNUMA,Bottle gourd,Bottle Gourd,Grade A,900,900,900,08/09/2026
Telangana,Mahbubnagar,Mahabubnagar(Rythu Bazar),Bottle gourd,Bottle Gourd,Local,2000,2000,2000,08/09/2026
Telangana,Hyderabad,RYTHU BAZAR ERRAGADDA,Bottle gourd,Bottle Gourd,Grade A,900,900,900,08/09/2026
Telangana,Medchal Malkajgiri,"Kukatpally,RBZ",Bottle gourd,Bottle Gourd,Local,900,900,900,08/09/2026
Telangana,Ranga Reddy,"Saroornagar,RBZ",Little gourd(Kundru),Other,Medium,2800,2800,2800,08/09/2026
Telangana,Nalgonda,Miryalguda(Rythu Bazar) ,Little gourd(Kundru),Little gourd (Kundru),Grade A,4000,4000,4000,08/09/2026
Telangana,Hanumakonda,"Excise Colony,RBZ ",Little gourd(Kundru),Other,Grade A,4000,4000,4000,08/09/2026
Telangana,Medchal Malkajgiri,"Kukatpally,RBZ",Little gourd(Kundru),Other,Local,2800,2800,2800,08/09/2026
Telangana,Hyderabad,RYTHU BAZAR FALAKNUMA,Little gourd(Kundru),Little gourd (Kundru),Grade A,2800,2800,2800,08/09/2026
Uttarakhand,Udhamsinghnagar,Rudrapur APMC,Bitter gourd,Other,Medium,2000,2500,2200,08/09/2026
Uttarakhand,Udhamsinghnagar,Kashipur APMC,Bitter gourd,Other,Local,1600,1800,1700,08/09/2026
Uttarakhand,Dehradoon,Rishikesh APMC,Bitter gourd,Other,Medium,1200,2400,1600,08/09/2026
Uttarakhand,Dehradoon,Dehradoon APMC,Bitter gourd,Bitter Gourd,Grade B,800,1400,1200,08/09/2026
Uttarakhand,Haridwar,Roorkee APMC,Bitter gourd,Other,Local,650,850,750,08/09/2026
Uttarakhand,Udhamsinghnagar,Kashipur APMC,Bottle gourd,Other,Local,1000,1500,1250,08/09/2026
Uttarakhand,Udhamsinghnagar,Rudrapur APMC,Bottle gourd,Other,Medium,800,1500,1000,08/09/2026
Uttarakhand,Garhwal (Pauri),Kotadwara APMC,Sponge gourd,Sponge gourd,FAQ,1200,1200,1200,08/09/2026
Uttarakhand,Udhamsinghnagar,Khateema APMC,Bottle gourd,Bottle Gourd,Grade A,800,1000,900,08/09/2026
Uttarakhand,Garhwal (Pauri),Kotadwara APMC,Bottle gourd,Bottle Gourd,FAQ,1000,1000,1000,08/09/2026
Uttarakhand,Udhamsinghnagar,Rudrapur APMC,Sponge gourd,Other,Medium,1500,2200,2000,08/09/2026
Uttarakhand,Dehradoon,Vikasnagar APMC,Sponge gourd,Other,Medium,900,1000,1000,08/09/2026
Uttarakhand,Dehradoon,Rishikesh APMC,Bottle gourd,Other,Medium,850,1200,1050,08/09/2026
Uttarakhand,Nanital,Ramnagar APMC,Bottle gourd,Other,Local,1500,1700,1600,08/09/2026
Uttarakhand,Udhamsinghnagar,Sitarganj APMC,Bottle gourd,Bottle Gourd,Local,800,1200,1000,08/09/2026
Uttarakhand,Udhamsinghnagar,Kashipur APMC,Sponge gourd,Other,Local,1400,1400,1400,08/09/2026
Uttarakhand,Dehradoon,Vikasnagar APMC,Bottle gourd,Other,Medium,400,800,800,08/09/2026
Uttarakhand,Haridwar,Manglaur APMC,Bottle gourd,Other,Large,500,750,600,08/09/2026
Uttarakhand,Haridwar,Roorkee APMC,Bottle gourd,Other,Local,650,850,750,08/09/2026
Uttarakhand,Haridwar,Haridwar Union APMC,Bottle gourd,Bottle Gourd,FAQ,500,800,600,08/09/2026
Uttarakhand,Haridwar,Manglaur APMC,Sponge gourd,Other,Large,500,800,600,08/09/2026
Uttarakhand,Haridwar,Bhagwanpur(Naveen Mandi Sthal) APMC,Bottle gourd,Other,Grade A,500,750,600,08/09/2026
Uttarakhand,Udhamsinghnagar,Rudrapur APMC,Pointed gourd(Parval),Other,Medium,2000,3000,2500,08/09/2026
Uttarakhand,Udhamsinghnagar,Kashipur APMC,Pointed gourd(Parval),Other,Local,2300,2600,2450,08/09/2026
Himachal Pradesh,Sirmore,PMY Paonta Sahib,Bitter gourd,Other,FAQ,2500,3000,2800,08/09/2026
Himachal Pradesh,Hamirpur,SMY Nadaun,Bitter gourd,Other,Grade B,2400,2600,2500,08/09/2026
Himachal Pradesh,Una,SMY Santoshgarh,Bitter gourd,Bitter Gourd,FAQ,1200,1600,1400,08/09/2026
Himachal Pradesh,Shimla,PMY Dhalli Shimla,Bitter gourd,Bitter Gourd,Grade A,2000,2500,2000,08/09/2026
Himachal Pradesh,Solan,SMY Nalagarh,Bitter gourd,Other,Medium,1000,1500,1300,08/09/2026
Himachal Pradesh,Una,PMY Una,Bitter gourd,Bitter Gourd,Local,1300,2000,1700,08/09/2026
Himachal Pradesh,Hamirpur,PMY Hamirpur,Bitter gourd,Bitter Gourd,Grade B,1500,2000,1750,08/09/2026
Himachal Pradesh,Mandi,SMY Dhanotu,Bitter gourd,Bitter Gourd,FAQ,800,1000,900,08/09/2026
Himachal Pradesh,Kangra,SMY Palampur,Bitter gourd,Bitter Gourd,FAQ,3200,3500,3400,08/09/2026
Himachal Pradesh,Bilaspur,PMY Bilaspur,Bitter gourd,Other,Grade B,2000,2500,2200,08/09/2026
Himachal Pradesh,Kangra,SMY Dharamshala,Bitter gourd,Bitter Gourd,FAQ,2600,2800,2700,08/09/2026
Himachal Pradesh,Sirmore,SMY Nahan,Bitter gourd,Bitter Gourd,FAQ,3000,3500,3200,08/09/2026
Himachal Pradesh,Kangra,SMY Jaisinghpur,Bitter gourd,Bitter Gourd,FAQ,3500,3800,3600,08/09/2026
Himachal Pradesh,Shimla,SMY Rohroo,Bitter gourd,Other,Grade B,2500,3000,2800,08/09/2026
Himachal Pradesh,Kullu,SMY Bhuntar,Bitter gourd,Bitter Gourd,FAQ,800,1000,900,08/09/2026
Himachal Pradesh,Kangra,SMY Nagrota Bagwan,Bitter gourd,Bitter Gourd,FAQ,1600,1800,1700,08/09/2026
Himachal Pradesh,Kullu,PMY Kullu,Bitter gourd,Other,FAQ,2500,3000,2800,08/09/2026
Himachal Pradesh,Bilaspur,PMY Bilaspur,Bottle gourd,Other,Grade B,1000,2500,2200,08/09/2026
Himachal Pradesh,Kangra,SMY Nagrota Bagwan,Bottle gourd,Bottle Gourd,FAQ,2400,3200,2800,08/09/2026
Himachal Pradesh,Hamirpur,PMY Hamirpur,Sponge gourd,Other,Grade B,1500,2000,1750,08/09/2026
Himachal Pradesh,Kangra,SMY Jaisinghpur,Bottle gourd,Bottle Gourd,FAQ,2200,3500,3000,08/09/2026
Himachal Pradesh,Hamirpur,PMY Hamirpur,Bottle gourd,Bottle Gourd,Grade B,2500,3000,2700,08/09/2026
Himachal Pradesh,Mandi,SMY Dhanotu,Bottle gourd,Bottle Gourd,FAQ,1000,2000,1500,08/09/2026
Himachal Pradesh,Sirmore,SMY Nahan,Bottle gourd,Bottle Gourd,FAQ,1500,1800,1600,08/09/2026
Himachal Pradesh,Kangra,SMY Palampur,Bottle gourd,Bottle Gourd,FAQ,2000,3000,2500,08/09/2026
Himachal Pradesh,Kangra,SMY Baijnath,Bottle gourd,Bottle Gourd,Grade A,2200,3000,2500,08/09/2026
Himachal Pradesh,Chamba,PMY Chamba,Sponge gourd,Other,Medium,2500,3500,3000,08/09/2026
Himachal Pradesh,Kullu,SMY Bhuntar,Bottle gourd,Other,FAQ,700,1000,800,08/09/2026
Himachal Pradesh,Solan,SMY Nalagarh,Sponge gourd,Other,Medium,1200,1700,1500,08/09/2026
Himachal Pradesh,Kangra,SMY Jaisinghpur,Sponge gourd,Sponge gourd,FAQ,4000,4500,4200,08/09/2026
Himachal Pradesh,Una,PMY Una,Sponge gourd,Sponge gourd,Local,500,1500,1000,08/09/2026
Himachal Pradesh,Sirmore,PMY Paonta Sahib,Sponge gourd,Other,FAQ,2500,3000,2800,08/09/2026
Himachal Pradesh,Shimla,PMY Dhalli Shimla,Bottle gourd,Bottle Gourd,Grade A,1000,2500,1500,08/09/2026
Himachal Pradesh,Sirmore,PMY Paonta Sahib,Bottle gourd,Other,FAQ,1000,1500,1200,08/09/2026
Himachal Pradesh,Kangra,SMY Palampur,Sponge gourd,Other,FAQ,3500,4500,4000,08/09/2026
Himachal Pradesh,Solan,SMY Nalagarh,Bottle gourd,Other,Medium,1000,1200,1100,08/09/2026
Himachal Pradesh,Una,PMY Una,Bottle gourd,Bottle Gourd,Local,400,1800,1000,08/09/2026
Himachal Pradesh,Kangra,SMY Jassur,Bottle gourd,Other,FAQ,800,1200,1000,08/09/2026
Himachal Pradesh,Una,SMY Santoshgarh,Bottle gourd,Bottle Gourd,FAQ,800,1000,900,08/09/2026
Himachal Pradesh,Kangra,SMY Dharamshala,Bottle gourd,Bottle Gourd,FAQ,2600,2800,2700,08/09/2026
Himachal Pradesh,Shimla,SMY Rohroo,Bottle gourd,Bottle Gourd,Grade B,1500,1800,1650,08/09/2026
Himachal Pradesh,Solan,PMY Kather Solan,Bottle gourd,Other,Medium,1000,2200,1800,08/09/2026
Himachal Pradesh,Kullu,PMY Kullu,Bottle gourd,Other,FAQ,2000,2500,2200,08/09/2026
Himachal Pradesh,Hamirpur,SMY Nadaun,Bottle gourd,Other,Grade B,4000,4200,4100,08/09/2026
Himachal Pradesh,Chamba,PMY Chamba,Bottle gourd,Bottle Gourd,Medium,2000,2500,2250,08/09/2026
Assam,Nagaon,Haibargaon APMC,Bitter gourd,Bitter Gourd,FAQ,2000,2200,2100,08/09/2026
Assam,Darrang,Besimari APMC,Bitter gourd,Bitter Gourd,Local,2800,3200,3000,08/09/2026
Assam,Darrang,Balugaon APMC,Bitter gourd,Bitter Gourd,Local,2700,3200,3000,08/09/2026
Assam,Nagaon,Ambagan APMC,Bitter gourd,Bitter Gourd,FAQ,2000,2250,2100,08/09/2026
Assam,Kamrup,Pamohi(Garchuk) APMC,Bitter gourd,Bitter Gourd,FAQ,4000,5000,4500,08/09/2026
Assam,Kamrup,Uparhali Pmy APMC,Bitter gourd,Bitter Gourd,FAQ,2600,3000,2850,08/09/2026
Assam,Tinsukia,Tinsukia Market,Sponge gourd,Sponge gourd,FAQ,2500,3500,3000,08/09/2026
Assam,Kamrup,Uparhali Pmy APMC,Sponge gourd,Sponge gourd,FAQ,2500,2700,2500,08/09/2026
Assam,Kamrup,Pamohi(Garchuk) APMC,Bottle gourd,Bottle Gourd,FAQ,3000,4000,3500,08/09/2026
Assam,Darrang,Balugaon APMC,Bottle gourd,Bottle Gourd,Local,1600,1800,1700,08/09/2026
Assam,Kamrup,Pamohi(Garchuk) APMC,Sponge gourd,Sponge gourd,FAQ,2500,3500,3000,08/09/2026
Assam,Darrang,Besimari APMC,Bottle gourd,Bottle Gourd,Local,1500,1700,1600,08/09/2026
Assam,Kamrup,Uparhali Pmy APMC,Pointed gourd(Parval),Pointed gourd (Parval),FAQ,3000,3500,3200,08/09/2026
Assam,Kamrup,Pamohi(Garchuk) APMC,Pointed gourd(Parval),Pointed gourd (Parval),FAQ,2500,3500,3000,08/09/2026
Assam,Kamrup,Pamohi(Garchuk) APMC,"Spiny Gourd / Kartali(Kantola)
",Kartali (Kantola),FAQ,4000,5000,4500,08/09/2026
Tamil Nadu,Vellore,Thirupathur APMC,Bhindi(Ladies Finger),Bhindi,Local,3000,3000,3000,08/09/2026
Tamil Nadu,Vellore,Pallikonda(Uzhavar Sandhai),Bhindi(Ladies Finger),Bhindi,Local,3000,3000,3000,08/09/2026
Tamil Nadu,Thiruvannamalai,Polur(Uzhavar Sandhai ),Bhindi(Ladies Finger),Bhindi,Local,3600,4000,3800,08/09/2026
Tamil Nadu,Thiruvellore,Naravarikuppam(Uzhavar Sandhai ),Bhindi(Ladies Finger),Bhindi,Local,4500,4500,4500,08/09/2026
Tamil Nadu,Tuticorin,Kovilpatti(Uzhavar Sandhai ),Bhindi(Ladies Finger),Bhindi,Local,3000,3500,3250,08/09/2026
Tamil Nadu,Vellore,Kahithapattarai(Uzhavar Sandhai ),Bhindi(Ladies Finger),Bhindi,Local,3000,3000,3000,08/09/2026
Tamil Nadu,Villupuram,Villupuram(Uzhavar Sandhai ),Bhindi(Ladies Finger),Bhindi,Local,5000,5000,5000,08/09/2026
Tamil Nadu,Ariyalur,Ariyalur(Uzhavar Sandhai),Bhindi(Ladies Finger),Bhindi,Local,3500,4000,3750,08/09/2026
Tamil Nadu,Thiruvarur,Needamangalam(Uzhavar Sandhai ),Bhindi(Ladies Finger),Bhindi,Local,3600,3600,3600,08/09/2026
Tamil Nadu,Virudhunagar,Aruppukottai(Uzhavar Sandhai ),Bhindi(Ladies Finger),Bhindi,Local,3000,4000,3500,08/09/2026
Tamil Nadu,Virudhunagar,Kariyapatti(Uzhavar Sandhai ),Bhindi(Ladies Finger),Bhindi,Local,3500,4000,3750,08/09/2026
Tamil Nadu,Sivaganga,Singampunari(Uzhavar Sandhai ),Bhindi(Ladies Finger),Bhindi,Local,3000,3800,3400,08/09/2026
Tamil Nadu,Thiruchirappalli,KKNagar(Uzhavar Sandhai ),Bhindi(Ladies Finger),Bhindi,Local,3000,3000,3000,08/09/2026
Tamil Nadu,Thiruchirappalli,Manachanallur(Uzhavar Sandhai ),Bhindi(Ladies Finger),Bhindi,Local,3000,3500,3250,08/09/2026
Tamil Nadu,Chengalpattu,Madhuranthagam(Uzhavar Sandhai ),Bhindi(Ladies Finger),Bhindi,Local,5000,5000,5000,08/09/2026
Tamil Nadu,Chengalpattu,Medavakkam(Uzhavar Sandhai ),Bhindi(Ladies Finger),Bhindi,Local,5000,6000,5500,08/09/2026
Tamil Nadu,Namakkal,Rasipuram APMC,Ragi(Finger Millet),Other,Local,3500,3800,3650,08/09/2026
Tamil Nadu,Coimbatore,Pollachi(Uzhavar Sandhai ),Bhindi(Ladies Finger),Bhindi,Local,4500,5000,4750,08/09/2026
Tamil Nadu,Madurai,Anna nagar(Uzhavar Sandhai ),Bhindi(Ladies Finger),Bhindi,Local,3000,3600,3300,08/09/2026
Tamil Nadu,Perambalur,Perambalur(Uzhavar Sandhai ),Bhindi(Ladies Finger),Bhindi,Local,3600,4000,3800,08/09/2026
Tamil Nadu,Salem,Mecheri(Uzhavar Sandhai),Bhindi(Ladies Finger),Bhindi,Local,2000,2500,2250,08/09/2026
Tamil Nadu,Salem,Mettur(Uzhavar Sandhai ),Bhindi(Ladies Finger),Bhindi,Local,2000,2500,2250,08/09/2026
Tamil Nadu,Theni,Theni(Uzhavar Sandhai ),Bhindi(Ladies Finger),Bhindi,Local,3000,3400,3200,08/09/2026
Tamil Nadu,Cuddalore,Vadalur(Uzhavar Sandhai ),Bhindi(Ladies Finger),Bhindi,Local,3000,3000,3000,08/09/2026
Tamil Nadu,Dharmapuri,AJattihalli(Uzhavar Sandhai ),Bhindi(Ladies Finger),Bhindi,Local,2600,2600,2600,08/09/2026
Tamil Nadu,Cuddalore,Viruthachalam(Uzhavar Sandhai ),Bhindi(Ladies Finger),Bhindi,Local,2000,2000,2000,08/09/2026
Tamil Nadu,Pudukkottai,Pudukottai(Uzhavar Sandhai ),Bhindi(Ladies Finger),Bhindi,Local,2500,3000,2750,08/09/2026
Tamil Nadu,Thanjavur,Kumbakonam (Uzhavar Sandhai ),Bhindi(Ladies Finger),Bhindi,Local,3000,4800,3900,08/09/2026
Tamil Nadu,Theni,Bodinayakanur(Uzhavar Sandhai ),Bhindi(Ladies Finger),Bhindi,Local,3400,3400,3400,08/09/2026
Tamil Nadu,Salem,Vazhapadi(Uzhavar Sandhai),Bhindi(Ladies Finger),Bhindi,Local,2500,2500,2500,08/09/2026
Tamil Nadu,Karur,Gandhigramam(Uzhavar Sandhai),Bhindi(Ladies Finger),Bhindi,Local,3500,4000,3750,08/09/2026
Tamil Nadu,Thirupathur,Vaniyampadi(Uzhavar Sandhai ),Bhindi(Ladies Finger),Bhindi,Local,2000,2000,2000,08/09/2026
Tamil Nadu,Thirupur,Dharapuram(Uzhavar Sandhai ),Bhindi(Ladies Finger),Bhindi,Local,5000,5000,5000,08/09/2026
Tamil Nadu,Salem,Athur(Uzhavar Sandhai ),Bhindi(Ladies Finger),Bhindi,Local,2500,2800,2650,08/09/2026
Tamil Nadu,Dindigul,Vedasanthur(Uzhavar Sandhai ),Bhindi(Ladies Finger),Bhindi,Local,2000,2800,2400,08/09/2026
Tamil Nadu,Villupuram,Villupuram APMC,Ragi(Finger Millet),Other,Local,3559,3979,3769,08/09/2026
Tamil Nadu,Karur,Karur(Uzhavar Sandhai ),Bhindi(Ladies Finger),Bhindi,Local,3500,4000,3750,08/09/2026
Tamil Nadu,Coimbatore,Kurichi(Uzhavar Sandhai ),Bhindi(Ladies Finger),Bhindi,Local,4000,4500,4250,08/09/2026
Tamil Nadu,Tuticorin,Tuticorin(Uzhavar Sandhai ),Bhindi(Ladies Finger),Bhindi,Local,3000,3500,3250,08/09/2026
Tamil Nadu,Ariyalur,Jeyankondam (Uzhavar Sandhai ),Bhindi(Ladies Finger),Bhindi,Local,3400,3800,3600,08/09/2026
Tamil Nadu,Dindigul,Chinnalapatti(Uzhavar Sandhai ),Bhindi(Ladies Finger),Bhindi,Local,3000,4000,3500,08/09/2026
Tamil Nadu,Erode,Periyar Nagar(Uzhavar Sandhai ),Bhindi(Ladies Finger),Bhindi,Local,3000,3200,3100,08/09/2026
Tamil Nadu,Kancheepuram,Kundrathur(Uzhavar Sandhai ),Bhindi(Ladies Finger),Bhindi,Local,3500,3500,3500,08/09/2026
Tamil Nadu,Kancheepuram,Sunguvarchatram(Uzhavar Sandhai ),Bhindi(Ladies Finger),Bhindi,Local,3500,3500,3500,08/09/2026
Tamil Nadu,Krishnagiri,Denkanikottai(Uzhavar Sandhai ),Bhindi(Ladies Finger),Bhindi,Local,2500,3000,2750,08/09/2026
Tamil Nadu,Sivaganga,Tirupatthur(Uzhavar Sandhai ),Bhindi(Ladies Finger),Bhindi,Local,3200,3500,3350,08/09/2026
Tamil Nadu,Thanjavur,Thanjavur(Uzhavar Sandhai ),Bhindi(Ladies Finger),Bhindi,Local,3800,3800,3800,08/09/2026
Tamil Nadu,Thiruchirappalli,Thiruverumbur(Uzhavar Sandhai ),Bhindi(Ladies Finger),Bhindi,Local,3000,3000,3000,08/09/2026
Tamil Nadu,Nagercoil (Kannyiakumari),Myladi(Uzhavar Sandhai ),Bhindi(Ladies Finger),Bhindi,Local,3500,4000,3750,08/09/2026
Tamil Nadu,Villupuram,Tindivanam APMC,Bhindi(Ladies Finger),Bhindi,Local,2500,2500,2500,08/09/2026
Tamil Nadu,Pudukkottai,Ponnamaravathi(Uzhavar Sandhai),Bhindi(Ladies Finger),Bhindi,Local,2500,3000,2750,08/09/2026
Tamil Nadu,Nagapattinam,Mayiladuthurai(Uzhavar Sandhai ),Bhindi(Ladies Finger),Bhindi,Local,4500,5000,4750,08/09/2026
Tamil Nadu,Thiruvarur,Tiruthuraipoondi(Uzhavar Sandhai ),Bhindi(Ladies Finger),Bhindi,Local,3800,3800,3800,08/09/2026
Tamil Nadu,Namakkal,Mohanur(Uzhavar Sandhai ),Bhindi(Ladies Finger),Bhindi,Local,4000,4400,4200,08/09/2026
Tamil Nadu,Namakkal,Rasipuram(Uzhavar Sandhai ),Bhindi(Ladies Finger),Bhindi,Local,3400,4000,3700,08/09/2026
Tamil Nadu,Ranipet,Arcot(Uzhavar Sandhai ),Bhindi(Ladies Finger),Bhindi,Local,2000,2000,2000,08/09/2026
Tamil Nadu,Theni,Chinnamanur(Uzhavar Sandhai ),Bhindi(Ladies Finger),Bhindi,Local,3000,3000,3000,08/09/2026
Tamil Nadu,Theni,Kambam(Uzhavar Sandhai ),Bhindi(Ladies Finger),Bhindi,Local,3200,3200,3200,08/09/2026
Tamil Nadu,Thirunelveli,Melapalayam(Uzhavar Sandhai ),Bhindi(Ladies Finger),Bhindi,Local,2000,2500,2250,08/09/2026
Tamil Nadu,Thirunelveli,Palayamkottai(Uzhavar Sandhai ),Bhindi(Ladies Finger),Bhindi,Local,2000,2500,2250,08/09/2026
Tamil Nadu,Thiruvannamalai,Chengam(Uzhavar Sandhai ),Bhindi(Ladies Finger),Bhindi,Local,3300,4000,3650,08/09/2026
Tamil Nadu,Thiruvarur,Muthupettai(Uzhavar Sandhai ),Bhindi(Ladies Finger),Bhindi,Local,3600,3600,3600,08/09/2026
Tamil Nadu,Pudukkottai,Gandarvakottai(Uzhavar Sandhai ),Bhindi(Ladies Finger),Bhindi,Local,2500,3000,2750,08/09/2026
Tamil Nadu,Thanjavur,Peravurani(Uzhavar Sandhai),Bhindi(Ladies Finger),Bhindi,Local,4000,4000,4000,08/09/2026
Tamil Nadu,Theni,Devaram(Uzhavar Sandhai ),Bhindi(Ladies Finger),Bhindi,Local,3000,3000,3000,08/09/2026
Tamil Nadu,Salem,Attayampatti(Uzhavar Sandhai ),Bhindi(Ladies Finger),Bhindi,Local,2500,3000,2750,08/09/2026
Tamil Nadu,Sivaganga,Sivagangai (Uzhavar Sandhai ),Bhindi(Ladies Finger),Bhindi,Local,3000,3800,3400,08/09/2026
Tamil Nadu,Thiruvannamalai,Arani(Uzhavar Sandhai ),Bhindi(Ladies Finger),Bhindi,Local,3500,4000,3750,08/09/2026
Tamil Nadu,Thiruvarur,Mannargudi II(Uzhavar Sandhai ),Bhindi(Ladies Finger),Bhindi,Local,3800,3800,3800,08/09/2026
Tamil Nadu,Thiruvellore,Perambakkam(Uzhavar Sandhai ),Bhindi(Ladies Finger),Bhindi,Local,4000,4000,4000,08/09/2026
Tamil Nadu,Thanjavur,Papanasam(Uzhavar Sandhai ),Bhindi(Ladies Finger),Bhindi,Local,3000,4800,3900,08/09/2026
Tamil Nadu,Karur,Kulithalai(Uzhavar Sandhai ),Bhindi(Ladies Finger),Bhindi,Local,3000,3600,3300,08/09/2026
Tamil Nadu,Thirupathur,Natrampalli(Uzhavar Sandhai ),Bhindi(Ladies Finger),Bhindi,Local,2500,3000,2750,08/09/2026
Tamil Nadu,Theni,Periyakulam(Uzhavar Sandhai ),Bhindi(Ladies Finger),Bhindi,Local,3200,3400,3300,08/09/2026
Tamil Nadu,Coimbatore,Vadavalli(Uzhavar Sandhai ),Bhindi(Ladies Finger),Bhindi,Local,4000,4400,4200,08/09/2026
Tamil Nadu,Coimbatore,Sundarapuram(Uzhavar Sandhai ),Bhindi(Ladies Finger),Bhindi,Local,4000,4500,4250,08/09/2026
Tamil Nadu,Dharmapuri,Dharmapuri(Uzhavar Sandhai ),Bhindi(Ladies Finger),Bhindi,Local,2400,2600,2500,08/09/2026
Tamil Nadu,Kallakuruchi,Sankarapuram(Uzhavar Sandhai ),Bhindi(Ladies Finger),Bhindi,Local,2000,2000,2000,08/09/2026
Tamil Nadu,Kancheepuram,Padappai(Uzhavar Sandhai ),Bhindi(Ladies Finger),Bhindi,Local,3000,3500,3250,08/09/2026
Tamil Nadu,Krishnagiri,Avallapalli(Uzhavar Sandhai ),Bhindi(Ladies Finger),Bhindi,Local,2500,3000,2750,08/09/2026
Tamil Nadu,Krishnagiri,Hosur(Uzhavar Sandhai ),Bhindi(Ladies Finger),Bhindi,Local,2500,3000,2750,08/09/2026
Tamil Nadu,Cuddalore,Chidambaram(Uzhavar Sandhai ),Bhindi(Ladies Finger),Bhindi,Local,3000,3000,3000,08/09/2026
Tamil Nadu,Chengalpattu,Thirukalukundram(Uzhavar Sandhai ),Bhindi(Ladies Finger),Bhindi,Local,4000,4500,4250,08/09/2026
Tamil Nadu,Pudukkottai,Karambakkudi(Uzhavar Sandhai ),Bhindi(Ladies Finger),Bhindi,Local,2500,3000,2750,08/09/2026
Tamil Nadu,Villupuram,Kallakurichi APMC,Ragi(Finger Millet),Other,Local,3569,3569,3569,08/09/2026
Tamil Nadu,Krishnagiri,Kaveripattinam(Uzhavar Sandhai ),Bhindi(Ladies Finger),Bhindi,Local,3000,3000,3000,08/09/2026
Tamil Nadu,Nagapattinam,Nagapattinam(Uzhavar Sandhai ),Bhindi(Ladies Finger),Bhindi,Local,5600,5600,5600,08/09/2026
Tamil Nadu,Tenkasi,Sankarankoil(Uzhavar Sandhai ),Bhindi(Ladies Finger),Bhindi,Local,4000,4000,4000,08/09/2026
Tamil Nadu,Tenkasi,Tenkasi(Uzhavar Sandhai ),Bhindi(Ladies Finger),Bhindi,Local,3000,3000,3000,08/09/2026
Tamil Nadu,The Nilgiris,Udhagamandalam(Uzhavar Sandhai ),Bhindi(Ladies Finger),Bhindi,Local,3500,3800,3650,08/09/2026
Tamil Nadu,Thiruvellore,Tiruvallur(Uzhavar Sandhai ),Bhindi(Ladies Finger),Bhindi,Local,4000,4000,4000,08/09/2026
Tamil Nadu,Vellore,Katpadi (Uzhavar Sandhai ),Bhindi(Ladies Finger),Bhindi,Local,3500,3500,3500,08/09/2026
Tamil Nadu,Madurai,Thirumangalam(Uzhavar Sandhai ),Bhindi(Ladies Finger),Bhindi,Local,2800,3600,3200,08/09/2026
Tamil Nadu,Madurai,Melur(Uzhavar Sandhai ),Bhindi(Ladies Finger),Bhindi,Local,2800,3600,3200,08/09/2026
Tamil Nadu,Pudukkottai,Aranthangi(Uzhavar Sandhai ),Bhindi(Ladies Finger),Bhindi,Local,2500,3000,2750,08/09/2026
Tamil Nadu,Thanjavur,Pattukottai(Uzhavar Sandhai ),Bhindi(Ladies Finger),Bhindi,Local,4400,4400,4400,08/09/2026
Tamil Nadu,Virudhunagar,Rajapalayam(Uzhavar Sandhai ),Bhindi(Ladies Finger),Bhindi,Local,2500,3000,2750,08/09/2026
Tamil Nadu,Virudhunagar,Thalavaipuram(Uzhavar Sandhai ),Bhindi(Ladies Finger),Bhindi,Local,2500,3000,2750,08/09/2026
Tamil Nadu,Chengalpattu,Nanganallur(Uzhavar Sandhai ),Bhindi(Ladies Finger),Bhindi,Local,4500,5000,4750,08/09/2026
Tamil Nadu,Chengalpattu,Jameenrayapettai(Uzhavar Sandhai ),Bhindi(Ladies Finger),Bhindi,Local,3500,4000,3750,08/09/2026
Tamil Nadu,Salem,Thammampatti (Uzhavar Sandhai ),Bhindi(Ladies Finger),Bhindi,Local,2500,3000,2750,08/09/2026
Tamil Nadu,Salem,Thathakapatti(Uzhavar Sandhai ),Bhindi(Ladies Finger),Bhindi,Local,2500,3000,2750,08/09/2026
Tamil Nadu,Cuddalore,Panruti(Uzhavar Sandhai ),Bhindi(Ladies Finger),Bhindi,Local,3000,3000,3000,08/09/2026
Tamil Nadu,Karur,Velayuthampalayam(Uzhavar Sandhai ),Bhindi(Ladies Finger),Bhindi,Local,3200,4000,3600,08/09/2026
Tamil Nadu,Nagapattinam,Vedaranyam(Uzhavar Sandhai),Bhindi(Ladies Finger),Bhindi,Local,3800,4000,3900,08/09/2026
Tamil Nadu,Chengalpattu,Guduvancheri(Uzhavar Sandhai ),Bhindi(Ladies Finger),Bhindi,Local,3500,4000,3750,08/09/2026
Tamil Nadu,Erode,Gobichettipalayam(Uzhavar Sandhai ),Bhindi(Ladies Finger),Bhindi,Local,2200,2500,2350,08/09/2026
Tamil Nadu,Erode,Sampath Nagar(Uzhavar Sandhai ),Bhindi(Ladies Finger),Bhindi,Local,3000,3200,3100,08/09/2026
Tamil Nadu,Ramanathapuram,Paramakudi(Uzhavar Sandhai ),Bhindi(Ladies Finger),Bhindi,Local,5500,6000,5750,08/09/2026
Tamil Nadu,Ramanathapuram,Ramanathapuram(Uzhavar Sandhai ),Bhindi(Ladies Finger),Bhindi,Local,6000,6500,6250,08/09/2026
Tamil Nadu,Thiruvannamalai,Tiruvannamalai(Uzhavar Sandhai ),Bhindi(Ladies Finger),Bhindi,Local,2400,3000,2700,08/09/2026
Tamil Nadu,Thiruvarur,Mannargudi I(Uzhavar Sandhai ),Bhindi(Ladies Finger),Bhindi,Local,3800,3800,3800,08/09/2026
Tamil Nadu,Vellore,Gudiyatham(Uzhavar Sandhai ),Bhindi(Ladies Finger),Bhindi,Local,1800,1800,1800,08/09/2026
Tamil Nadu,Thiruvannamalai,Cheyyar(Uzhavar Sandhai ),Bhindi(Ladies Finger),Bhindi,Local,3500,4000,3750,08/09/2026
Tamil Nadu,Vellore,Vellore APMC,Bhindi(Ladies Finger),Bhindi,Local,3000,3000,3000,08/09/2026
Tamil Nadu,Dharmapuri,Harur(Uzhavar Sandhai ),Bhindi(Ladies Finger),Bhindi,Local,2000,2500,2250,08/09/2026
Tamil Nadu,Erode,Sathiyamagalam(Uzhavar Sandhai ),Bhindi(Ladies Finger),Bhindi,Local,3000,3500,3250,08/09/2026
Tamil Nadu,Salem,Jalagandapuram(Uzhavar Sandhai ),Bhindi(Ladies Finger),Bhindi,Local,2200,2600,2400,08/09/2026
Tamil Nadu,Sivaganga,Karaikudi(Uzhavar Sandhai ),Bhindi(Ladies Finger),Bhindi,Local,3400,3800,3600,08/09/2026
Tamil Nadu,Thiruchirappalli,Manapparai(Uzhavar Sandhai ),Bhindi(Ladies Finger),Bhindi,Local,3000,3600,3300,08/09/2026
Tamil Nadu,Thiruchirappalli,Musiri(Uzhavar Sandhai ),Bhindi(Ladies Finger),Bhindi,Local,3000,3600,3300,08/09/2026
Tamil Nadu,Chengalpattu,Chengalpet(Uzhavar Sandhai ),Bhindi(Ladies Finger),Bhindi,Local,4000,5000,4500,08/09/2026
Tamil Nadu,Chengalpattu,Pallavaram(Uzhavar Sandhai ),Bhindi(Ladies Finger),Bhindi,Local,3500,4000,3750,08/09/2026
Tamil Nadu,Theni,Andipatti(Uzhavar Sandhai ),Bhindi(Ladies Finger),Bhindi,Local,3000,3400,3200,08/09/2026
Tamil Nadu,Thiruvellore,Tiruthani(Uzhavar Sandhai ),Bhindi(Ladies Finger),Bhindi,Local,4000,4000,4000,08/09/2026
Tamil Nadu,Thirupur,Tiruppur (South) (Uzhavar Sandhai ),Bhindi(Ladies Finger),Bhindi,Local,4000,5000,4500,08/09/2026
Tamil Nadu,Dharmapuri,Palacode(Uzhavar Sandhai ),Bhindi(Ladies Finger),Bhindi,Local,2400,2600,2500,08/09/2026
Tamil Nadu,Dindigul,Palani(Uzhavar Sandhai ),Bhindi(Ladies Finger),Bhindi,Local,2400,2800,2600,08/09/2026
Tamil Nadu,Dharmapuri,Karimangalam(Uzhavar Sandhai),Bhindi(Ladies Finger),Bhindi,Local,2400,2600,2500,08/09/2026
Tamil Nadu,Madurai,Usilampatti(Uzhavar Sandhai ),Bhindi(Ladies Finger),Bhindi,Local,2800,3600,3200,08/09/2026
Tamil Nadu,Ranipet,Ranipettai(Uzhavar Sandhai ),Bhindi(Ladies Finger),Bhindi,Local,1800,1800,1800,08/09/2026
Tamil Nadu,Salem,Ammapet(Uzhavar Sandhai ),Bhindi(Ladies Finger),Bhindi,Local,2600,3000,2800,08/09/2026
Tamil Nadu,Thirunelveli,NGO Colony(Uzhavar Sandhai ),Bhindi(Ladies Finger),Bhindi,Local,2000,2500,2250,08/09/2026
Tamil Nadu,Thirupur,Kangayam(Uzhavar Sandhai ),Bhindi(Ladies Finger),Bhindi,Local,4500,5200,4850,08/09/2026
Tamil Nadu,Thirupur,Tiruppur (North) (Uzhavar Sandhai ),Bhindi(Ladies Finger),Bhindi,Local,4000,4500,4250,08/09/2026
Tamil Nadu,Karur,Vengamedu(Uzhavar Sandhai ),Bhindi(Ladies Finger),Bhindi,Local,3500,4000,3750,08/09/2026
Tamil Nadu,Sivaganga,Devakottai (Uzhavar Sandhai ),Bhindi(Ladies Finger),Bhindi,Local,3200,3400,3300,08/09/2026
Tamil Nadu,Salem,Edapadi (Uzhavar Sandhai ),Bhindi(Ladies Finger),Bhindi,Local,2200,2400,2300,08/09/2026
Tamil Nadu,Cuddalore,Cuddalore(Uzhavar Sandhai ),Bhindi(Ladies Finger),Bhindi,Local,3000,3500,3250,08/09/2026
Tamil Nadu,Nagercoil (Kannyiakumari),Vadaseri APMC,Bhindi(Ladies Finger),Bhindi,Local,3500,4000,3750,08/09/2026
Tamil Nadu,Vellore,Vellore APMC,Ragi(Finger Millet),Other,Local,2859,2859,2859,08/09/2026
Tamil Nadu,The Nilgiris,Coonoor(Uzhavar Sandhai ),Bhindi(Ladies Finger),Bhindi,Local,3800,4000,3900,08/09/2026
Tamil Nadu,The Nilgiris,Gudalur(Uzhavar Sandhai ),Bhindi(Ladies Finger),Bhindi,Local,4000,4500,4250,08/09/2026
Tamil Nadu,Coimbatore,Mettupalayam(Uzhavar Sandhai ),Bhindi(Ladies Finger),Bhindi,Local,3000,3600,3300,08/09/2026
Tamil Nadu,Namakkal,Tiruchengode APMC,Bhindi(Ladies Finger),Bhindi,Local,3500,4000,3750,08/09/2026
Tamil Nadu,Coimbatore,RSPuram(Uzhavar Sandhai ),Bhindi(Ladies Finger),Bhindi,Local,4000,4400,4200,08/09/2026
Tamil Nadu,Coimbatore,Singanallur(Uzhavar Sandhai ),Bhindi(Ladies Finger),Bhindi,Local,4000,4500,4250,08/09/2026
Tamil Nadu,Madurai,Chokkikulam(Uzhavar Sandhai ),Bhindi(Ladies Finger),Bhindi,Local,2800,3600,3200,08/09/2026
Tamil Nadu,Pudukkottai,Viralimalai(Uzhavar Sandhai ),Bhindi(Ladies Finger),Bhindi,Local,3000,3500,3250,08/09/2026
Tamil Nadu,Ramanathapuram,Kamuthi(Uzhavar Sandhai ),Bhindi(Ladies Finger),Bhindi,Local,5500,5800,5650,08/09/2026
Tamil Nadu,Pudukkottai,Alangudi(Uzhavar Sandhai ),Bhindi(Ladies Finger),Bhindi,Local,2500,3000,2750,08/09/2026
Tamil Nadu,Thiruvellore,Paruthipattu(Uzhavar Sandhai ),Bhindi(Ladies Finger),Bhindi,Local,4000,4000,4000,08/09/2026
Tamil Nadu,Thiruchirappalli,Lalgudi(Uzhavar Sandhai ),Bhindi(Ladies Finger),Bhindi,Local,3600,3600,3600,08/09/2026
Tamil Nadu,Virudhunagar,Sathur(Uzhavar Sandhai ),Bhindi(Ladies Finger),Bhindi,Local,3500,4000,3750,08/09/2026
Tamil Nadu,Virudhunagar,Sivakasi(Uzhavar Sandhai ),Bhindi(Ladies Finger),Bhindi,Local,4000,5000,4500,08/09/2026
Tamil Nadu,Virudhunagar,Virudhunagar(Uzhavar Sandhai ),Bhindi(Ladies Finger),Bhindi,Local,2500,3000,2750,08/09/2026
Tamil Nadu,Villupuram,Ulundurpettai APMC,Bhindi(Ladies Finger),Bhindi,Local,3000,3000,3000,08/09/2026
Tamil Nadu,Villupuram,Vikkiravandi APMC,Ragi(Finger Millet),Other,Local,3789,3995,3892,08/09/2026
Tamil Nadu,Erode,Thalavadi(Uzhavar Sandhai ),Bhindi(Ladies Finger),Bhindi,Local,2500,3000,2750,08/09/2026
Tamil Nadu,Krishnagiri,Krishnagiri(Uzhavar Sandhai ),Bhindi(Ladies Finger),Bhindi,Local,2000,2600,2300,08/09/2026
Tamil Nadu,Thiruvarur,Tiruvarur(Uzhavar Sandhai ),Bhindi(Ladies Finger),Bhindi,Local,3800,3800,3800,08/09/2026
Tamil Nadu,Villupuram,Gingee(Uzhavar Sandhai ),Bhindi(Ladies Finger),Bhindi,Local,2500,2500,2500,08/09/2026
Tamil Nadu,Thiruvarur,Valangaiman APMC,Bhindi(Ladies Finger),Bhindi,Local,4000,4000,4000,08/09/2026
Tamil Nadu,Vellore,Perampet(Uzhavar Sandhai),Bhindi(Ladies Finger),Bhindi,Local,2400,2400,2400,08/09/2026
Tamil Nadu,Thirupur,Palladam(Uzhavar Sandhai ),Bhindi(Ladies Finger),Bhindi,Local,4000,5000,4500,08/09/2026
Tamil Nadu,Kallakuruchi,Kallakurichi(Uzhavar Sandhai ),Bhindi(Ladies Finger),Bhindi,Local,2000,2000,2000,08/09/2026
Tamil Nadu,Cuddalore,Panruti APMC,Ragi(Finger Millet),Other,Local,3772,3772,3772,08/09/2026
Tamil Nadu,Virudhunagar,Srivilliputhur(Uzhavar Sandhai ),Bhindi(Ladies Finger),Bhindi,Local,3000,3500,3250,08/09/2026
Tamil Nadu,Coimbatore,Udumalpet APMC,Bhindi(Ladies Finger),Bhindi,Local,3000,4200,3600,08/09/2026
Tamil Nadu,Erode,Perundurai(Uzhavar Sandhai ),Bhindi(Ladies Finger),Bhindi,Local,2600,3000,2800,08/09/2026
Tamil Nadu,Dharmapuri,Pennagaram(Uzhavar Sandhai ),Bhindi(Ladies Finger),Bhindi,Local,2500,2800,2650,08/09/2026
Tamil Nadu,Dindigul,Dindigul(Uzhavar Sandhai ),Bhindi(Ladies Finger),Bhindi,Local,3000,4000,3500,08/09/2026
Tamil Nadu,Kancheepuram,Kancheepuram(Uzhavar Sandhai ),Bhindi(Ladies Finger),Bhindi,Local,3000,3500,3250,08/09/2026
Tamil Nadu,Madurai,Anaiyur(Uzhavar Sandhai ),Bhindi(Ladies Finger),Bhindi,Local,3000,3600,3300,08/09/2026
Tamil Nadu,Nagapattinam,Sirkali(Uzhavar Sandhai ),Bhindi(Ladies Finger),Bhindi,Local,4500,5000,4750,08/09/2026
Tamil Nadu,Namakkal,Kumarapalayam(Uzhavar Sandhai ),Bhindi(Ladies Finger),Bhindi,Local,2200,3000,2600,08/09/2026
Tamil Nadu,Namakkal,Namakkal(Uzhavar Sandhai ),Bhindi(Ladies Finger),Bhindi,Local,3000,3600,3300,08/09/2026
Tamil Nadu,Namakkal,Paramathivelur(Uzhavar Sandhai ),Bhindi(Ladies Finger),Bhindi,Local,3500,4000,3750,08/09/2026
Tamil Nadu,Thanjavur,Tirukattupalli(Uzhavar Sandhai ),Bhindi(Ladies Finger),Bhindi,Local,4000,4000,4000,08/09/2026
Tamil Nadu,Madurai,Palanganatham(Uzhavar Sandhai ),Bhindi(Ladies Finger),Bhindi,Local,2800,3600,3200,08/09/2026
Tamil Nadu,Salem,Sooramangalam(Uzhavar Sandhai ),Bhindi(Ladies Finger),Bhindi,Local,2500,2800,2650,08/09/2026
Tamil Nadu,Thiruchirappalli,Thuraiyur APMC,Bhindi(Ladies Finger),Bhindi,Local,3000,3500,3250,08/09/2026
Tamil Nadu,Thirunelveli,Kandiyaperi(Uzhavar Sandhai ),Bhindi(Ladies Finger),Bhindi,Local,2000,2500,2250,08/09/2026
Tamil Nadu,Thiruvannamalai,Tamarainagar(Uzhavar Sandhai ),Bhindi(Ladies Finger),Bhindi,Local,2000,2400,2200,08/09/2026
Tamil Nadu,Thiruvannamalai,Vandavasi(Uzhavar Sandhai ),Bhindi(Ladies Finger),Bhindi,Local,3500,4000,3750,08/09/2026
Tamil Nadu,Coimbatore,Sulur(Uzhavar Sandhai ),Bhindi(Ladies Finger),Bhindi,Local,4000,4500,4250,08/09/2026
Tamil Nadu,Karur,Pallapatti (Uzhavar Sandhai ),Bhindi(Ladies Finger),Bhindi,Local,4500,5000,4750,08/09/2026
Tamil Nadu,Salem,Elampillai(Uzhavar Sandhai ),Bhindi(Ladies Finger),Bhindi,Local,2200,2500,2350,08/09/2026
Tamil Nadu,Salem,Hasthampatti(Uzhavar Sandhai ),Bhindi(Ladies Finger),Bhindi,Local,2800,3000,2900,08/09/2026
Madhya Pradesh,Ujjain,Ujjain(F&V) APMC,Bhindi(Ladies Finger),Bhindi,Medium,415,1660,978,08/09/2026
Madhya Pradesh,Katni,Katni(F&V) APMC,Bhindi(Ladies Finger),Other,Grade C,1000,2000,1500,08/09/2026
Madhya Pradesh,Indore,Sanwer(F&V) APMC,Bhindi(Ladies Finger),Bhindi,FAQ,800,1300,1100,08/09/2026
Madhya Pradesh,Hoshangabad,Hoshangabad(F&V) APMC,Bhindi(Ladies Finger),Bhindi,FAQ,1550,2520,1800,08/09/2026
Madhya Pradesh,Sagar,Devri(F&V) APMC,Bhindi(Ladies Finger),Bhindi,Grade B,610,610,610,08/09/2026
Madhya Pradesh,Burhanpur,Burhanpur(F&V) APMC,Bhindi(Ladies Finger),Bhindi,Local,1300,2000,1800,08/09/2026
Madhya Pradesh,Betul,Betul(F&V) APMC,Bhindi(Ladies Finger),Bhindi,FAQ,1000,1600,1200,08/09/2026
Madhya Pradesh,Hoshangabad,Itarsi(F&V) APMC,Bhindi(Ladies Finger),Bhindi,FAQ,1500,1500,1500,08/09/2026
Madhya Pradesh,Khandwa,Khargone(F&V) APMC,Bhindi(Ladies Finger),Bhindi,Medium,400,600,500,08/09/2026
Madhya Pradesh,Hoshangabad,Pipariya(F&V) APMC,Bhindi(Ladies Finger),Bhindi,Local,700,2000,1400,08/09/2026
Madhya Pradesh,Indore,Indore(F&V) APMC,Bhindi(Ladies Finger),Bhindi,Local,1000,2500,1600,08/09/2026
Madhya Pradesh,Dewas,Dewas(F&V) APMC,Bhindi(Ladies Finger),Other,FAQ,700,1600,800,08/09/2026
Madhya Pradesh,Sagar,Sagar(F&V) APMC,Bhindi(Ladies Finger),Bhindi,Local,1000,1200,1100,08/09/2026
Madhya Pradesh,Shivpuri,Shivpuri(F&V) APMC,Bhindi(Ladies Finger),Other,Grade B,1800,1800,1800,08/09/2026
Madhya Pradesh,Sehore,Sehore(F&V) APMC,Bhindi(Ladies Finger),Bhindi,Grade Range-1,800,1200,1000,08/09/2026
Madhya Pradesh,Mandsaur,Mandsaur(F&V) APMC,Bhindi(Ladies Finger),Bhindi,Grade B,825,1825,1475,08/09/2026
Madhya Pradesh,Khandwa,Khandwa(F&V) APMC,Bhindi(Ladies Finger),Bhindi,FAQ,800,1200,1000,08/09/2026
Madhya Pradesh,Badwani,Badwani(F&V) APMC,Bhindi(Ladies Finger),Bhindi,Local,1200,1200,1200,08/09/2026
Madhya Pradesh,Badwani,Sendhwa(F&V) APMC,Bhindi(Ladies Finger),Bhindi,Local,800,1200,900,08/09/2026
Maharashtra,Ahilyanagar,APMC Rahata ,Bhindi(Ladies Finger),Other,Local,1000,2500,1750,08/09/2026
Maharashtra,Pune,Junnar(Otur) ,Bhindi(Ladies Finger),Other,Local,1000,3350,2500,08/09/2026
Maharashtra,Satara,APMC Karad ,Bhindi(Ladies Finger),Other,Local,2500,3000,3000,08/09/2026
Maharashtra,Satara,APMC Patan ,Bhindi(Ladies Finger),Other,Local,2000,3000,2500,08/09/2026
Maharashtra,Chandrapur,Chandrapur(Ganjwad) ,Bhindi(Ladies Finger),Other,Local,1000,2000,1500,08/09/2026
Maharashtra,Nashik,APMC Nasik ,Bhindi(Ladies Finger),Other,Local,1666,3333,2500,08/09/2026
Maharashtra,Thane,APMC Murbad ,Bhindi(Ladies Finger),Other,Local,2500,3500,3000,08/09/2026
Maharashtra,Pune,APMC Pune ,Bhindi(Ladies Finger),Other,Local,1000,3000,2000,08/09/2026
Maharashtra,Pune,APMC Pune ,Ragi(Finger Millet),Other,FAQ,5100,5700,5400,08/09/2026
Maharashtra,Ahilyanagar,APMC Ahilyanagar ,Bhindi(Ladies Finger),Other,Local,500,2500,1500,08/09/2026
Maharashtra,Chattrapati Sambhajinagar,APMC Chattrapati Sambhajinagar ,Bhindi(Ladies Finger),Other,Local,700,1200,950,08/09/2026
Maharashtra,Nagpur,APMC Kalmeshwar ,Bhindi(Ladies Finger),Other,Local,1530,2000,1850,08/09/2026
Maharashtra,Jalgaon,APMC Jalgaon ,Bhindi(Ladies Finger),Other,Local,1000,1500,1200,08/09/2026
Maharashtra,Nagpur,APMC Hingna,Bhindi(Ladies Finger),Other,Local,800,3400,2283,08/09/2026
Maharashtra,Pune,Pune(Manjri) ,Bhindi(Ladies Finger),Other,Local,4000,7000,6000,08/09/2026
Maharashtra,Pune,Pune(Pimpri) ,Bhindi(Ladies Finger),Other,Local,3500,3500,3500,08/09/2026
Maharashtra,Jalgaon,APMC Bhusaval ,Bhindi(Ladies Finger),Other,Local,2000,2500,2200,08/09/2026
Maharashtra,Mumbai,APMC Mumbai ,Bhindi(Ladies Finger),Other,Local,2400,2800,2600,08/09/2026
Maharashtra,Ratnagiri,APMC Ratnagiri (Nachane) ,Bhindi(Ladies Finger),Other,Local,2000,3500,2500,08/09/2026
Maharashtra,Sangli,APMC Vita ,Bhindi(Ladies Finger),Other,Local,2000,3000,2500,08/09/2026
Maharashtra,Pune,APMC Khed ,Bhindi(Ladies Finger),Other,Local,1000,4000,2500,08/09/2026
Maharashtra,Pune,Pune(Khadiki) ,Bhindi(Ladies Finger),Other,Local,1600,2000,1800,08/09/2026
Maharashtra,Pune,Pune(Moshi) ,Bhindi(Ladies Finger),Other,Local,1000,2000,1500,08/09/2026
Maharashtra,Raigad,APMC Panvel ,Bhindi(Ladies Finger),Other,Local,3000,4000,3500,08/09/2026
Maharashtra,Amarawati,Amrawati(Frui & Veg. Market) ,Bhindi(Ladies Finger),Other,Local,1500,2000,1750,08/09/2026
Maharashtra,Nagpur,APMC Nagpur ,Bhindi(Ladies Finger),Other,Local,2000,3000,2750,08/09/2026
Maharashtra,Nagpur,APMC Kamthi ,Bhindi(Ladies Finger),Other,Local,3000,3500,3350,08/09/2026
Maharashtra,Satara,APMC Satara ,Bhindi(Ladies Finger),Other,Local,2000,3000,2500,08/09/2026
Maharashtra,Satara,APMC Vai ,Bhindi(Ladies Finger),Other,Local,3000,3500,3250,08/09/2026
Maharashtra,Solapur,APMC Solapur ,Bhindi(Ladies Finger),Other,Local,600,2500,1500,08/09/2026
Maharashtra,Kolhapur,APMC Vadgaonpeth ,Bhindi(Ladies Finger),Other,Local,2000,3000,2600,08/09/2026
Uttar Pradesh,Bulandshahar,Gulavati APMC,Bhindi(Ladies Finger),Bhindi,FAQ,3100,3300,3200,08/09/2026
Uttar Pradesh,Shamli,Kairana APMC,Bhindi(Ladies Finger),Bhindi,FAQ,1300,1400,1350,08/09/2026
Uttar Pradesh,Mau(Maunathbhanjan),Kopaganj APMC,Bhindi(Ladies Finger),Bhindi,FAQ,1590,1650,1600,08/09/2026
Uttar Pradesh,Etawah,Jasvantnagar APMC,Bhindi(Ladies Finger),Bhindi,Medium,1820,1920,1870,08/09/2026
Uttar Pradesh,Amroha,Hasanpur APMC,Bhindi(Ladies Finger),Bhindi,FAQ,1850,2020,2000,08/09/2026
Uttar Pradesh,Raebarelli,Lalganj APMC,Bhindi(Ladies Finger),Bhindi,FAQ,1700,1900,1800,08/09/2026
Uttar Pradesh,Sant Kabir Nagar,Khalilabad APMC,Bhindi(Ladies Finger),Bhindi,Medium,1500,1600,1550,08/09/2026
Uttar Pradesh,Saharanpur,Rampurmaniharan APMC,Bhindi(Ladies Finger),Bhindi,Grade C,1700,1900,1800,08/09/2026
Uttar Pradesh,Khiri (Lakhimpur),Maigalganj APMC,Bhindi(Ladies Finger),Bhindi,FAQ,2160,2200,2180,08/09/2026
Uttar Pradesh,Siddharth Nagar,Naugarh APMC,Bhindi(Ladies Finger),Bhindi,Grade A,1880,1895,1890,08/09/2026
Uttar Pradesh,Farukhabad,Kayamganj APMC,Bhindi(Ladies Finger),Bhindi,FAQ,1925,2025,2000,08/09/2026
Uttar Pradesh,Shamli,Khandhla APMC,Bhindi(Ladies Finger),Bhindi,FAQ,1500,1600,1550,08/09/2026
Uttar Pradesh,Etah,Awagarh APMC,Bhindi(Ladies Finger),Bhindi,FAQ,1400,1600,1500,08/09/2026
Uttar Pradesh,Saharanpur,CHHUTMALPUR APMC,Bhindi(Ladies Finger),Bhindi,Local,1300,1600,1400,08/09/2026
Uttar Pradesh,Sonbhadra,Dudhi APMC,Bhindi(Ladies Finger),Bhindi,Local,1100,1300,1200,08/09/2026
Rajasthan,Ajmer,Ajmer(F&V) APMC,Bhindi(Ladies Finger),Other,Medium,800,2200,1500,08/09/2026
Rajasthan,Udaipur,Udaipur (F&V) APMC,Bhindi(Ladies Finger),Other,Medium,1000,3000,2000,08/09/2026
Rajasthan,Jodhpur,Jodhpur (F&V) APMC,Bhindi(Ladies Finger),Other,Medium,1000,3000,2000,08/09/2026
Rajasthan,Jaipur,Jaipur (F&V) APMC,Bhindi(Ladies Finger),Other,FAQ,1200,1500,1350,08/09/2026
Rajasthan,Jalore,Jalore APMC,Bhindi(Ladies Finger),Bhindi,Local,1000,1200,1100,08/09/2026
Rajasthan,Ganganagar,Sriganganagar (F&V) APMC,Bhindi(Ladies Finger),Bhindi,Grade A,1800,2200,2000,08/09/2026
Karnataka,Chikkamagaluru,Kadur APMC,Ladies Finger,Ladies Finger,Medium,2378,2378,2378,08/09/2026
Karnataka,Davangere,Honnali APMC,Ladies Finger,Ladies Finger,Medium,1200,2300,1900,08/09/2026
Karnataka,Bengaluru South,Ramanagara APMC,Ladies Finger,Ladies Finger,Local,2000,3200,2400,08/09/2026
Karnataka,Chamarajanagar,Chamarajanagar APMC,Ladies Finger,Ladies Finger,Local,1200,3000,2100,08/09/2026
Karnataka,Kalaburagi,Kalaburagi APMC,Ladies Finger,Ladies Finger,Local,1000,2500,1750,08/09/2026
Karnataka,Chikkaballapur,Chintamani APMC,Ladies Finger,Ladies Finger,Local,1500,2500,2000,08/09/2026
Karnataka,Shivamogga,Shimoga APMC,Ladies Finger,Ladies Finger,Local,1500,2000,1750,08/09/2026
Karnataka,Bengaluru,Binny Mill (FF&V) Bengaluru APMC,Ladies Finger,Ladies Finger,Local,2300,2700,2500,08/09/2026
Karnataka,Belagavi,Belgaum APMC,Ladies Finger,Ladies Finger,Large,2200,2800,2200,08/09/2026
Karnataka,Bengaluru Rural,Doddaballapur APMC,Ladies Finger,Ladies Finger,Medium,1500,2100,1800,08/09/2026
Karnataka,Davangere,HarappanaHalli APMC,Ragi(Finger Millet),Local,Local,3375,3395,3385,08/09/2026
Karnataka,Vijayanagara,H.B. Halli APMC,Ragi(Finger Millet),Feeds (Poultry Quality),FAQ,3080,3200,3200,08/09/2026
Karnataka,Bengaluru,Bengaluru APMC,Ragi(Finger Millet),Fine,FAQ,4800,5400,5100,08/09/2026
Karnataka,Mandya,Mandya APMC,Ragi(Finger Millet),Local,Local,3355,3434,3355,08/09/2026
Karnataka,Chamarajanagar,Gundlupet APMC,Ragi(Finger Millet),Local,Local,3200,3200,3200,08/09/2026
Gujarat,Surat,Songadh(Badarpada) APMC,Bhindi(Ladies Finger),Bhindi,FAQ,1000,2500,1500,08/09/2026
Gujarat,Gir Somnath,Talalagir APMC,Bhindi(Ladies Finger),Bhindi,FAQ,1000,1350,1150,08/09/2026
Gujarat,Navsari,Bilimora APMC,Bhindi(Ladies Finger),Other,FAQ,1000,1250,1200,08/09/2026
Gujarat,Mehsana,Mehsana(Mehsana Veg) APMC,Bhindi(Ladies Finger),Bhindi,Local,800,1500,1200,08/09/2026
Gujarat,Bharuch,Ankleshwar APMC,Bhindi(Ladies Finger),Bhindi,Grade A,1000,1500,1300,08/09/2026
Gujarat,Bharuch,Bharuch APMC,Bhindi(Ladies Finger),Other,Local,1200,1600,1300,08/09/2026
Gujarat,Rajkot,Rajkot(Veg.Sub Yard) APMC,Bhindi(Ladies Finger),Bhindi,FAQ,1680,2810,2245,08/09/2026
Gujarat,Navsari,Navsari APMC,Bhindi(Ladies Finger),Bhindi,Local,1000,1500,1250,08/09/2026
Gujarat,Dahod,Dahod(Veg. Market) APMC,Bhindi(Ladies Finger),Bhindi,Local,500,1500,800,08/09/2026
Gujarat,Morbi,Morbi APMC,Bhindi(Ladies Finger),Bhindi,FAQ,1000,2500,1750,08/09/2026
Gujarat,Amreli,Damnagar APMC,Bhindi(Ladies Finger),Bhindi,Local,3000,3000,3000,08/09/2026
Gujarat,Surat,Songadh APMC,Bhindi(Ladies Finger),Bhindi,FAQ,1000,2500,1500,08/09/2026
Gujarat,Sabarkantha,Himatnagar(Veg.Market Himatnagar) APMC,Bhindi(Ladies Finger),Other,Local,500,1000,1000,08/09/2026
Gujarat,Anand,"Anand(Veg,Yard,Anand) APMC",Bhindi(Ladies Finger),Bhindi,Grade B,1500,2000,1750,08/09/2026
Gujarat,Gandhinagar,Mansa(Manas Veg Yard) APMC,Bhindi(Ladies Finger),Other,Local,1500,1500,1500,08/09/2026
Gujarat,Rajkot,Gondal(Veg.market Gondal) APMC,Bhindi(Ladies Finger),Bhindi,Local,500,2000,1250,08/09/2026
Gujarat,Anand,Khambhat(Veg Yard Khambhat) APMC,Bhindi(Ladies Finger),Other,Local,1000,2000,1500,08/09/2026
Gujarat,Surat,Songadh(Umrada) APMC,Bhindi(Ladies Finger),Bhindi,FAQ,1000,2500,1500,08/09/2026
Gujarat,Surat,Surat APMC,Bhindi(Ladies Finger),Bhindi,FAQ,1200,2250,1725,08/09/2026
Haryana,Yamuna Nagar,Jagadhri APMC,Bhindi(Ladies Finger),Bhindi,Medium,1200,1800,1500,08/09/2026
Haryana,Kaithal,Pundri APMC,Bhindi(Ladies Finger),Bhindi,FAQ,1600,1700,1650,08/09/2026
Haryana,Ambala,Naraingarh APMC,Bhindi(Ladies Finger),Bhindi,Medium,800,1800,1500,08/09/2026
Haryana,Sonipat,Ganaur APMC,Bhindi(Ladies Finger),Bhindi,Medium,2500,3000,2800,08/09/2026
Haryana,Kurukshetra,Ladwa APMC,Bhindi(Ladies Finger),Bhindi,Medium,3000,4000,3500,08/09/2026
Haryana,Hissar,Barwala(Hisar) APMC,Bhindi(Ladies Finger),Bhindi,Local,2500,3000,2800,08/09/2026
Haryana,Mewat,Nuh APMC,Bhindi(Ladies Finger),Bhindi,Local,1000,1400,1000,08/09/2026
Haryana,Fatehabad,Ratia APMC,Bhindi(Ladies Finger),Other,Grade A,2500,3000,2700,08/09/2026
Haryana,Panchkula,Raipur Rani APMC,Bhindi(Ladies Finger),Other,Local,2300,2400,2300,08/09/2026
Haryana,Rohtak,Sampla APMC,Bhindi(Ladies Finger),Other,Local,2000,2500,2500,08/09/2026
Haryana,Faridabad,Ballabhgarh APMC,Bhindi(Ladies Finger),Other,FAQ,1200,1600,1400,08/09/2026
Haryana,Hissar,Hansi APMC,Bhindi(Ladies Finger),Other,FAQ,1800,2000,1900,08/09/2026
Haryana,Kurukshetra,Thanesar APMC,Bhindi(Ladies Finger),Bhindi,Local,1500,2500,2000,08/09/2026
Haryana,Panipat,Samalkha APMC,Bhindi(Ladies Finger),Bhindi,FAQ,1500,2000,1800,08/09/2026
Haryana,Mahendragarh-Narnaul,Mohindergarh APMC,Bhindi(Ladies Finger),Bhindi,Medium,1000,1500,1500,08/09/2026
Haryana,Yamuna Nagar,Sadhaura APMC,Bhindi(Ladies Finger),Bhindi,Local,1200,2000,1600,08/09/2026
Haryana,Yamuna Nagar,Chhachrauli APMC,Bhindi(Ladies Finger),Bhindi,Local,1800,2500,1800,08/09/2026
Haryana,Kaithal,Siwan APMC,Bhindi(Ladies Finger),Other,FAQ,2200,2400,2300,08/09/2026
Haryana,Sonipat,Sonepat APMC,Bhindi(Ladies Finger),Bhindi,FAQ,2100,2500,2300,08/09/2026
Haryana,Jhajar,Bahadurgarh APMC,Bhindi(Ladies Finger),Other,Medium,1500,2000,1800,08/09/2026
Haryana,Kurukshetra,Shahabad APMC,Bhindi(Ladies Finger),Bhindi,Medium,1800,2000,1900,08/09/2026
Haryana,Mahendragarh-Narnaul,Narnaul APMC,Bhindi(Ladies Finger),Bhindi,Medium,1500,2500,2000,08/09/2026
Haryana,Panchkula,Barwala APMC,Bhindi(Ladies Finger),Bhindi,FAQ,1000,2000,1500,08/09/2026
Haryana,Rohtak,Meham,Bhindi(Ladies Finger),Bhindi,Medium,2000,2000,2000,08/09/2026
Haryana,Sonipat,Gohana APMC,Bhindi(Ladies Finger),Other,Medium,1000,1500,1200,08/09/2026
Punjab,Amritsar,Chogawan APMC,Bhindi(Ladies Finger),Bhindi,Grade A,1160,1160,1160,08/09/2026
Punjab,Hoshiarpur,Tanda Urmur APMC,Bhindi(Ladies Finger),Bhindi,Grade A,3000,4000,3500,08/09/2026
Punjab,Jalandhar,Goraya APMC,Bhindi(Ladies Finger),Other,Local,2500,2500,2500,08/09/2026
Punjab,Gurdaspur,Kalanaur APMC,Bhindi(Ladies Finger),Other,Grade A,4100,4100,4100,08/09/2026
Punjab,Hoshiarpur,Mukerian(Talwara) APMC,Bhindi(Ladies Finger),Bhindi,FAQ,1000,1500,1250,08/09/2026
Punjab,Hoshiarpur,GarhShankar (Kotfatuhi) APMC,Bhindi(Ladies Finger),Other,FAQ,2500,2500,2500,08/09/2026
Punjab,Nawanshahr,Balachaur APMC,Bhindi(Ladies Finger),Other,Medium,3000,3000,3000,08/09/2026
Punjab,Tarntaran,Patti APMC,Bhindi(Ladies Finger),Other,Local,0.1,0.1,0.1,08/09/2026
Punjab,Hoshiarpur,Dasuya APMC,Bhindi(Ladies Finger),Bhindi,FAQ,3000,3000,3000,08/09/2026
Punjab,Hoshiarpur,Garh Shankar APMC,Bhindi(Ladies Finger),Bhindi,FAQ,2200,2200,2200,08/09/2026
Punjab,Jalandhar,Lohian Khas APMC,Bhindi(Ladies Finger),Other,Local,2000,2400,2200,08/09/2026
Punjab,Bhatinda,Rampuraphul(Nabha Mandi) APMC,Bhindi(Ladies Finger),Bhindi,Grade A,2000,3000,2500,08/09/2026
Punjab,Gurdaspur,F.G.Churian APMC,Bhindi(Ladies Finger),Bhindi,Grade A,2500,2500,2500,08/09/2026
Punjab,Ludhiana,Khanna APMC,Bhindi(Ladies Finger),Bhindi,Grade A,2000,2000,2000,08/09/2026
Punjab,Bhatinda,Bhucho APMC,Bhindi(Ladies Finger),Bhindi,Local,2300,2300,2300,08/09/2026
Punjab,Moga,Baghapurana APMC,Bhindi(Ladies Finger),Bhindi,Grade B,3000,4000,3500,08/09/2026
Punjab,Patiala,Nabha APMC,Bhindi(Ladies Finger),Other,Grade C,1400,2400,1800,08/09/2026
Punjab,Fazilka,Jalalabad APMC,Bhindi(Ladies Finger),Bhindi,Medium,2600,2800,2700,08/09/2026
Punjab,Jalandhar,Shahkot APMC,Bhindi(Ladies Finger),Other,Local,1300,1300,1300,08/09/2026
Punjab,Fazilka,Fazilka APMC,Bhindi(Ladies Finger),Bhindi,FAQ,4000,4000,4000,08/09/2026
Punjab,Gurdaspur,Dera Baba Nanak APMC,Bhindi(Ladies Finger),Bhindi,Grade A,786,786,786,08/09/2026
Punjab,Gurdaspur,Quadian APMC,Bhindi(Ladies Finger),Other,Grade A,3800,4000,3900,08/09/2026
Punjab,Ludhiana,Jagraon APMC,Bhindi(Ladies Finger),Other,FAQ,1200,1200,1200,08/09/2026
Punjab,Sangrur,Malerkotla APMC,Bhindi(Ladies Finger),Bhindi,Local,1000,1500,1200,08/09/2026
Punjab,Muktsar,Muktsar APMC,Bhindi(Ladies Finger),Bhindi,Medium,2200,3500,2800,08/09/2026
Punjab,Mansa,Mansa APMC,Bhindi(Ladies Finger),Bhindi,FAQ,1390,1390,1390,08/09/2026
Punjab,Jalandhar,Mehatpur APMC,Bhindi(Ladies Finger),Bhindi,Local,2800,3000,2900,08/09/2026
Punjab,Jalandhar,Adampur APMC,Bhindi(Ladies Finger),Bhindi,FAQ,2000,2500,2500,08/09/2026
Punjab,Moga,Nihal Singh Wala APMC,Bhindi(Ladies Finger),Other,FAQ,4100,4100,4100,08/09/2026
Punjab,Tarntaran,Khadur Sahib(Fetehabad) APMC,Bhindi(Ladies Finger),Other,Grade B,1200,1200,1200,08/09/2026
Punjab,Ludhiana,Killa Raipur (Jodhan) APMC,Bhindi(Ladies Finger),Other,Grade A,2350,2350,2350,08/09/2026
Punjab,Patiala,Patran APMC,Bhindi(Ladies Finger),Other,Grade A,2000,2000,2000,08/09/2026
Punjab,Patiala,Rajpura APMC,Bhindi(Ladies Finger),Bhindi,Grade B,2000,2150,2100,08/09/2026
Punjab,Jalandhar,Jalandhar City(Jalandhar) APMC,Bhindi(Ladies Finger),Bhindi,FAQ,1200,2200,1700,08/09/2026
Punjab,Tarntaran,Harike APMC,Bhindi(Ladies Finger),Bhindi,FAQ,1100,1200,1150,08/09/2026
Punjab,Amritsar,Rayya APMC,Bhindi(Ladies Finger),Bhindi,FAQ,689,689,689,08/09/2026
Punjab,Fatehgarh,Bassi Pathana APMC,Bhindi(Ladies Finger),Bhindi,Medium,3500,4000,3800,08/09/2026
Andhra Pradesh,Sri Sathya Sai,Madakasira APMC,Ragi(Finger Millet),Local,FAQ,4900,4900,4900,08/09/2026
Andhra Pradesh,Visakhapatnam,Bhimunipatnam APMC,Ragi(Finger Millet),Local,Local,5000,5000,5000,08/09/2026
West Bengal,Jhargram,Jhargram APMC,Ladies Finger,Other,FAQ,3000,3400,3200,08/09/2026
West Bengal,Hooghly,Pandua APMC,Bhindi(Ladies Finger),Bhindi,FAQ,3000,3475,3200,08/09/2026
West Bengal,Dakshin Dinajpur,Balurghat APMC,Bhindi(Ladies Finger),Other,FAQ,2500,3000,2800,08/09/2026
West Bengal,Hooghly,Champadanga APMC,Bhindi(Ladies Finger),Bhindi,FAQ,3400,3600,3600,08/09/2026
West Bengal,Dakshin Dinajpur,Gangarampur(Dakshin Dinajpur) APMC,Bhindi(Ladies Finger),Other,FAQ,2500,3000,2800,08/09/2026
West Bengal,Jalpaiguri,Moynaguri APMC,Bhindi(Ladies Finger),Other,FAQ,3000,3300,3200,08/09/2026
West Bengal,Medinipur(W),Medinipur(West) APMC,Bhindi(Ladies Finger),Bhindi,FAQ,2800,3200,3000,08/09/2026
West Bengal,Howrah,Ramkrishanpur(Howrah) APMC,Bhindi(Ladies Finger),Bhindi,FAQ,3000,3800,3500,08/09/2026
West Bengal,Puruliya,Balarampur APMC,Bhindi(Ladies Finger),Other,Local,2000,2500,2200,08/09/2026
West Bengal,Hooghly,Kalipur APMC,Bhindi(Ladies Finger),Bhindi,FAQ,3600,3800,3600,08/09/2026
West Bengal,Sounth 24 Parganas,Baruipur(Canning) APMC,Bhindi(Ladies Finger),Bhindi,FAQ,3100,3300,3200,08/09/2026
West Bengal,Medinipur(W),Ghatal APMC,Bhindi(Ladies Finger),Bhindi,FAQ,4300,4500,4400,08/09/2026
West Bengal,Jalpaiguri,Belacoba APMC,Bhindi(Ladies Finger),Bhindi,FAQ,3300,3500,3400,08/09/2026
West Bengal,Kolkata,Sealdah Koley Market APMC,Bhindi(Ladies Finger),Other,FAQ,3000,3500,3200,08/09/2026
West Bengal,Howrah,Uluberia APMC,Bhindi(Ladies Finger),Other,FAQ,2800,3500,3000,08/09/2026
Odisha,Mayurbhanja,Narasinghpur APMC,Ladies Finger,Ladies Finger,Local,3000,4000,3500,08/09/2026
Odisha,Sonepur,Dungurapalli APMC,Bhindi(Ladies Finger),Bhindi,Local,4000,4500,4200,08/09/2026
Odisha,Bargarh,Bargarh APMC,Bhindi(Ladies Finger),Bhindi,Grade C,4500,5500,5000,08/09/2026
Odisha,Cuttack,Banki APMC,Bhindi(Ladies Finger),Bhindi,Medium,4000,5000,4500,08/09/2026
Odisha,Mayurbhanja,Udala APMC,Bhindi(Ladies Finger),Bhindi,FAQ,3200,3800,3500,08/09/2026
Odisha,Kalahandi,Kalahandi(Dharamagarh) APMC,Bhindi(Ladies Finger),Other,Grade B,1900,2300,2100,08/09/2026
Odisha,Nuapada,Khariar APMC,Bhindi(Ladies Finger),Bhindi,Grade A,5000,5000,5000,08/09/2026
Odisha,Bargarh,Bargarh(Barapalli) APMC,Bhindi(Ladies Finger),Other,Grade C,4000,5000,4500,08/09/2026
Odisha,Mayurbhanja,Baripada APMC,Bhindi(Ladies Finger),Bhindi,Medium,4500,6000,5000,08/09/2026
Odisha,Bargarh,Godbhaga APMC,Bhindi(Ladies Finger),Other,Local,3450,3800,3600,08/09/2026
Odisha,Angul,Angul APMC,Bhindi(Ladies Finger),Other,Grade B,3000,3000,3000,08/09/2026
Odisha,Bargarh,Attabira APMC,Bhindi(Ladies Finger),Bhindi,Local,3450,3750,3600,08/09/2026
Odisha,Sundergarh,Panposh APMC,Bhindi(Ladies Finger),Other,FAQ,3500,4200,4000,08/09/2026
Odisha,Boudh,Boudh APMC,Bhindi(Ladies Finger),Other,Local,6500,7500,7000,08/09/2026
Odisha,Dhenkanal,Dhenkanal APMC,Bhindi(Ladies Finger),Bhindi,Grade B,3800,4100,4000,08/09/2026
Odisha,Koraput,Koraput(Semilguda) APMC,Bhindi(Ladies Finger),Other,Grade B,2800,3600,3200,08/09/2026
Odisha,Khurda,Balugaon APMC,Bhindi(Ladies Finger),Other,Grade A,3500,3500,3500,08/09/2026
Odisha,Kalahandi,Bhawanipatna APMC,Bhindi(Ladies Finger),Bhindi,Local,2800,2800,2800,08/09/2026
Odisha,Dhenkanal,Hindol APMC,Bhindi(Ladies Finger),Bhindi,Grade B,4700,5000,4800,08/09/2026
Odisha,Nayagarh,Sarankul APMC,Bhindi(Ladies Finger),Bhindi,Grade Range-2,3400,3600,3500,08/09/2026
Odisha,Sambalpur,Rairakhol APMC,Bhindi(Ladies Finger),Bhindi,Grade C,6000,6500,6200,08/09/2026
Odisha,Sundergarh,Sargipali APMC,Bhindi(Ladies Finger),Bhindi,FAQ,2800,3200,3000,08/09/2026
Odisha,Deogarh,Tileibani APMC,Bhindi(Ladies Finger),Other,FAQ,3000,3400,3200,08/09/2026
Odisha,Sonepur,Pandkital APMC,Bhindi(Ladies Finger),Other,Local,4000,4500,4200,08/09/2026
Odisha,Kalahandi,Kesinga APMC,Bhindi(Ladies Finger),Other,Grade B,3100,3500,3300,08/09/2026
Odisha,Kendrapara,Kendrapara APMC,Bhindi(Ladies Finger),Bhindi,Grade A,6000,6000,6000,08/09/2026
Odisha,Kendrapara,Gopa APMC,Bhindi(Ladies Finger),Bhindi,Grade B,6000,6000,6000,08/09/2026
Odisha,Sundergarh,Bonai APMC,Bhindi(Ladies Finger),Other,FAQ,1025,1275,1155,08/09/2026
Odisha,Nuapada,Khariar Road APMC,Bhindi(Ladies Finger),Bhindi,Grade A,6000,6000,6000,08/09/2026
Odisha,Rayagada,Rayagada(Muniguda) APMC,Bhindi(Ladies Finger),Bhindi,Grade Range-1,4600,6880,5500,08/09/2026
Odisha,Bolangir,Bolangir APMC,Bhindi(Ladies Finger),Other,Local,3400,4200,3800,08/09/2026
Odisha,Keonjhar,Keonjhar APMC,Bhindi(Ladies Finger),Bhindi,Local,4500,5000,4800,08/09/2026
Odisha,Mayurbhanja,Karanjia APMC,Bhindi(Ladies Finger),Other,Local,5000,5500,5200,08/09/2026
Odisha,Bhadrak,Sahidngar APMC,Bhindi(Ladies Finger),Other,Grade A,3800,4200,3900,08/09/2026
Odisha,Bolangir,Tusura APMC,Bhindi(Ladies Finger),Other,Local,3400,4200,3800,08/09/2026
Odisha,Kalahandi,Junagarh APMC,Bhindi(Ladies Finger),Other,Grade B,2000,2400,2200,08/09/2026
Odisha,Deogarh,Deogarh APMC,Bhindi(Ladies Finger),Other,FAQ,3000,3400,3200,08/09/2026
Odisha,Dhenkanal,Kamakhyanagar APMC,Bhindi(Ladies Finger),Bhindi,Grade A,5000,5000,5000,08/09/2026
Odisha,Kalahandi,Mukhiguda APMC,Bhindi(Ladies Finger),Bhindi,Grade B,2500,3300,2900,08/09/2026
Bihar,Gaya,Tekari APMC,Bhindi(Ladies Finger),Bhindi,Medium,320,320,320,08/09/2026
Bihar,Madhubani,Benipatti APMC,Bhindi(Ladies Finger),Bhindi,FAQ,1400,1500,1500,08/09/2026
Bihar,East Champaran/ Motihari,Chakia APMC,Bhindi(Ladies Finger),Bhindi,Grade A,700,900,800,08/09/2026
Bihar,Madhubani,Madhubani APMC,Bhindi(Ladies Finger),Bhindi,FAQ,1000,1200,1100,08/09/2026
Bihar,East Champaran/ Motihari,Raxaul APMC,Bhindi(Ladies Finger),Bhindi,Grade A,900,1100,1000,08/09/2026
Telangana,Hyderabad,RYTHU BAZAR ERRAGADDA,Ladies Finger,Ladies Finger,Grade A,3500,3500,3500,08/09/2026
Telangana,Hyderabad,RYTHU BAZAR FALAKNUMA,Ladies Finger,Ladies Finger,Grade A,3500,3500,3500,08/09/2026
Telangana,Siddipet,Siddipet(Rythu Bazar) ,Bhindi(Ladies Finger),Bhindi,Grade A,1500,2400,2000,08/09/2026
Telangana,Ranga Reddy,"Saroornagar,RBZ",Bhindi(Ladies Finger),Other,Medium,3500,3500,3500,08/09/2026
Telangana,Warangal,Warangal APMC,Bhindi(Ladies Finger),Bhindi,FAQ,1000,1200,1100,08/09/2026
Telangana,Karimnagar,"Weekly Market Area,RBZ APMC",Bhindi(Ladies Finger),Other,Local,2000,3500,2500,08/09/2026
Telangana,Nalgonda,Venkateswarnagar APMC,Bhindi(Ladies Finger),Bhindi,Local,1000,1200,1100,08/09/2026
Telangana,Nalgonda,Miryalguda(Rythu Bazar) ,Bhindi(Ladies Finger),Bhindi,Grade A,2000,2000,2000,08/09/2026
Telangana,Hanumakonda,"Excise Colony,RBZ ",Bhindi(Ladies Finger),Other,Grade A,2400,2400,2400,08/09/2026
Telangana,Siddipet,Vantamamidi APMC,Bhindi(Ladies Finger),Bhindi,Local,1500,2000,1750,08/09/2026
Telangana,Hyderabad,Bowenpally APMC,Bhindi(Ladies Finger),Other,FAQ,1000,3000,2500,08/09/2026
Telangana,Ranga Reddy,Ibrahimpatnam APMC,Bhindi(Ladies Finger),Bhindi,Local,2500,2500,2500,08/09/2026
Telangana,Mahbubnagar,Mahabubnagar(Rythu Bazar),Bhindi(Ladies Finger),Bhindi,Local,5000,5000,5000,08/09/2026
Telangana,Hyderabad,"Alwal,RBZ",Bhindi(Ladies Finger),Bhindi,FAQ,3500,3500,3500,08/09/2026
Telangana,Hyderabad,Gudimalkapur APMC,Bhindi(Ladies Finger),Bhindi,Grade B,1400,2000,1600,08/09/2026
Telangana,Medchal Malkajgiri,"Kukatpally,RBZ",Bhindi(Ladies Finger),Bhindi,Local,3500,3500,3500,08/09/2026
Telangana,Adilabad,Adilabad (Rythu Bazar) ,Bhindi(Ladies Finger),Bhindi,Local,2000,2200,2000,08/09/2026
Telangana,Ranga Reddy,L B Nagar APMC,Bhindi(Ladies Finger),Bhindi,Medium,1000,2000,1500,08/09/2026
Telangana,Ranga Reddy,Shadnagar APMC,Bhindi(Ladies Finger),Bhindi,Local,1800,2300,2000,08/09/2026
Telangana,Hyderabad,Bowenpally APMC,Bhindi(Ladies Finger),Bhindi,FAQ,600,1500,1200,08/09/2026
Uttarakhand,Udhamsinghnagar,Sitarganj APMC,Bhindi(Ladies Finger),Bhindi,Local,1200,1500,1400,08/09/2026
Uttarakhand,Haridwar,Manglaur APMC,Bhindi(Ladies Finger),Bhindi,Large,600,800,700,08/09/2026
Uttarakhand,Udhamsinghnagar,Khateema APMC,Bhindi(Ladies Finger),Other,Grade A,800,1000,900,08/09/2026
Uttarakhand,Garhwal (Pauri),Kotadwara APMC,Bhindi(Ladies Finger),Bhindi,FAQ,800,800,800,08/09/2026
Uttarakhand,Udhamsinghnagar,Rudrapur APMC,Bhindi(Ladies Finger),Other,Medium,1500,2200,2000,08/09/2026
Uttarakhand,Haridwar,Roorkee APMC,Bhindi(Ladies Finger),Other,Local,1000,1500,1300,08/09/2026
Uttarakhand,Dehradoon,Rishikesh APMC,Bhindi(Ladies Finger),Other,Medium,850,1250,1050,08/09/2026
Uttarakhand,Haridwar,Haridwar Union APMC,Bhindi(Ladies Finger),Bhindi,FAQ,700,1000,800,08/09/2026
Uttarakhand,Haridwar,Bhagwanpur(Naveen Mandi Sthal) APMC,Bhindi(Ladies Finger),Other,Grade A,1000,1250,1010,08/09/2026
Uttarakhand,Udhamsinghnagar,Kashipur APMC,Bhindi(Ladies Finger),Other,Local,1200,1500,1350,08/09/2026
Uttarakhand,Dehradoon,Dehradoon APMC,Bhindi(Ladies Finger),Other,Grade B,850,1200,1050,08/09/2026
Uttarakhand,Nanital,Ramnagar APMC,Bhindi(Ladies Finger),Other,Local,2000,3000,2500,08/09/2026
Himachal Pradesh,Hamirpur,SMY Nadaun,Bhindi(Ladies Finger),Other,Grade B,3000,3200,3100,08/09/2026
Himachal Pradesh,Kangra,SMY Jassur,Bhindi(Ladies Finger),Other,FAQ,800,1000,900,08/09/2026
Himachal Pradesh,Kullu,PMY Kullu,Bhindi(Ladies Finger),Other,FAQ,3000,3500,3200,08/09/2026
Himachal Pradesh,Mandi,SMY Dhanotu,Bhindi(Ladies Finger),Bhindi,FAQ,1200,2000,1500,08/09/2026
Himachal Pradesh,Kangra,SMY Nagrota Bagwan,Bhindi(Ladies Finger),Bhindi,FAQ,2500,2800,2600,08/09/2026
Himachal Pradesh,Kangra,SMY Dharamshala,Bhindi(Ladies Finger),Bhindi,FAQ,2600,2800,2700,08/09/2026
Himachal Pradesh,Bilaspur,PMY Bilaspur,Bhindi(Ladies Finger),Other,Grade B,2000,2500,2300,08/09/2026
Himachal Pradesh,Shimla,SMY Rohroo,Bhindi(Ladies Finger),Bhindi,Grade B,2500,2800,2650,08/09/2026
Himachal Pradesh,Kullu,SMY Bhuntar,Bhindi(Ladies Finger),Other,FAQ,1200,1500,1300,08/09/2026
Himachal Pradesh,Kangra,SMY Jaisinghpur,Bhindi(Ladies Finger),Bhindi,FAQ,2300,2800,2500,08/09/2026
Himachal Pradesh,Una,SMY Santoshgarh,Bhindi(Ladies Finger),Bhindi,FAQ,1000,1000,1000,08/09/2026
Himachal Pradesh,Sirmore,PMY Paonta Sahib,Bhindi(Ladies Finger),Bhindi,FAQ,1500,2000,1800,08/09/2026
Himachal Pradesh,Chamba,PMY Chamba,Bhindi(Ladies Finger),Bhindi,Medium,3500,4000,3750,08/09/2026
Himachal Pradesh,Hamirpur,PMY Hamirpur,Bhindi(Ladies Finger),Other,Grade B,2000,2500,2200,08/09/2026
Himachal Pradesh,Sirmore,SMY Nahan,Bhindi(Ladies Finger),Bhindi,FAQ,2000,2500,2200,08/09/2026
Himachal Pradesh,Kangra,SMY Palampur,Bhindi(Ladies Finger),Bhindi,FAQ,2200,2500,2400,08/09/2026
Himachal Pradesh,Solan,SMY Nalagarh,Bhindi(Ladies Finger),Other,Medium,1500,2000,1800,08/09/2026
Himachal Pradesh,Kangra,SMY Baijnath,Bhindi(Ladies Finger),Bhindi,Grade A,2200,2600,2500,08/09/2026
Himachal Pradesh,Una,PMY Una,Bhindi(Ladies Finger),Bhindi,Local,1000,2000,1500,08/09/2026
Himachal Pradesh,Shimla,PMY Dhalli Shimla,Bhindi(Ladies Finger),Bhindi,Grade A,2000,2500,2000,08/09/2026
Assam,Tinsukia,Tinsukia Market,Bhindi(Ladies Finger),Bhindi,FAQ,2500,4000,3500,08/09/2026
Assam,Darrang,Besimari APMC,Bhindi(Ladies Finger),Bhindi,Local,2300,2700,2500,08/09/2026
Assam,Sonitpur,Dhekiajuli APMC,Bhindi(Ladies Finger),Bhindi,FAQ,1400,1600,1600,08/09/2026
Assam,Kamrup,Pamohi(Garchuk) APMC,Bhindi(Ladies Finger),Bhindi,FAQ,4000,5000,4500,08/09/2026
Assam,Darrang,Balugaon APMC,Bhindi(Ladies Finger),Bhindi,Local,2200,2600,2400,08/09/2026
Assam,Kamrup,Uparhali Pmy APMC,Bhindi(Ladies Finger),Bhindi,FAQ,3000,3200,3000,08/09/2026
Tamil Nadu,Karur,Kulithalai(Uzhavar Sandhai ),Banana,Other,Local,5500,6000,5750,08/09/2026
Tamil Nadu,Chengalpattu,Guduvancheri(Uzhavar Sandhai ),Banana,Poovan,Local,4000,5000,4500,08/09/2026
Tamil Nadu,Thirupur,Palladam(Uzhavar Sandhai ),Banana,Karpura,Local,5000,6000,5500,08/09/2026
Tamil Nadu,Pudukkottai,Viralimalai(Uzhavar Sandhai ),Banana,Besrai,Local,8000,9000,8500,08/09/2026
Tamil Nadu,Thiruvannamalai,Tiruvannamalai(Uzhavar Sandhai ),Banana,Besrai,Local,4000,5000,4500,08/09/2026
Tamil Nadu,Tuticorin,Tuticorin(Uzhavar Sandhai ),Banana,Besrai,Local,2500,3000,2750,08/09/2026
Tamil Nadu,The Nilgiris,Gudalur(Uzhavar Sandhai ),Banana,Besrai,Local,4000,5000,4500,08/09/2026
Tamil Nadu,Erode,Sathiyamagalam(Uzhavar Sandhai ),Banana,Red Banana,Local,6000,6500,6250,08/09/2026
Tamil Nadu,Virudhunagar,Sivakasi(Uzhavar Sandhai ),Banana,Besrai,Local,5000,6000,5500,08/09/2026
Tamil Nadu,Nagercoil (Kannyiakumari),Myladi(Uzhavar Sandhai ),Banana,Besrai,Local,6500,7500,7000,08/09/2026
Tamil Nadu,Chengalpattu,Jameenrayapettai(Uzhavar Sandhai ),Banana,Red Banana,Local,7000,8000,7500,08/09/2026
Tamil Nadu,Krishnagiri,Krishnagiri(Uzhavar Sandhai ),Banana,Besrai,Local,6000,7000,6500,08/09/2026
Tamil Nadu,Thiruvellore,Tiruvallur(Uzhavar Sandhai ),Banana,Karpura,Local,7000,7000,7000,08/09/2026
Tamil Nadu,Madurai,Thirumangalam(Uzhavar Sandhai ),Banana,Besrai,Local,3000,4000,3500,08/09/2026
Tamil Nadu,Dharmapuri,Palacode(Uzhavar Sandhai ),Banana,Poovan,Local,5000,5500,5250,08/09/2026
Tamil Nadu,Madurai,Anaiyur(Uzhavar Sandhai ),Banana,Besrai,Local,3000,4000,3500,08/09/2026
Tamil Nadu,Nagapattinam,Sirkali(Uzhavar Sandhai ),Banana,Besrai,Local,4000,5000,4500,08/09/2026
Tamil Nadu,Namakkal,Namakkal(Uzhavar Sandhai ),Banana,Red Banana,Local,7000,7500,7250,08/09/2026
Tamil Nadu,Madurai,Palanganatham(Uzhavar Sandhai ),Banana,Besrai,Local,3000,3600,3300,08/09/2026
Tamil Nadu,Perambalur,Perambalur(Uzhavar Sandhai ),Banana,Red Banana,Local,7000,8000,7500,08/09/2026
Tamil Nadu,Salem,Thathakapatti(Uzhavar Sandhai ),Banana,Besrai,Local,4000,8000,6000,08/09/2026
Tamil Nadu,Theni,Kambam(Uzhavar Sandhai ),Banana,Besrai,Local,3000,6000,4500,08/09/2026
Tamil Nadu,Thirupur,Kangayam(Uzhavar Sandhai ),Banana,Karpura,Local,4000,4200,4100,08/09/2026
Tamil Nadu,Karur,Vengamedu(Uzhavar Sandhai ),Banana,Red Banana,Local,5000,6000,5500,08/09/2026
Tamil Nadu,Dharmapuri,Harur(Uzhavar Sandhai ),Banana,Besrai,Local,4000,5000,4500,08/09/2026
Tamil Nadu,Thirupathur,Vaniyampadi(Uzhavar Sandhai ),Banana,Besrai,Local,4000,4000,4000,08/09/2026
Tamil Nadu,Thirupur,Dharapuram(Uzhavar Sandhai ),Banana,Karpura,Local,6000,6000,6000,08/09/2026
Tamil Nadu,Pudukkottai,Ponnamaravathi(Uzhavar Sandhai),Banana,Besrai,Local,6500,7000,6750,08/09/2026
Tamil Nadu,Ramanathapuram,Paramakudi(Uzhavar Sandhai ),Banana,Besrai,Local,5000,5500,5250,08/09/2026
Tamil Nadu,Thiruvannamalai,Arani(Uzhavar Sandhai ),Banana,Other,Local,5000,6000,5500,08/09/2026
Tamil Nadu,Thiruvannamalai,Polur(Uzhavar Sandhai ),Banana,Besrai,Local,4000,5000,4500,08/09/2026
Tamil Nadu,Thiruvarur,Mannargudi I(Uzhavar Sandhai ),Banana,Other,Local,6000,6000,6000,08/09/2026
Tamil Nadu,Tuticorin,Kovilpatti(Uzhavar Sandhai ),Banana,Other,Local,3000,3500,3250,08/09/2026
Tamil Nadu,Thanjavur,Papanasam(Uzhavar Sandhai ),Banana,Besrai,Local,4000,6000,5000,08/09/2026
Tamil Nadu,Nagapattinam,Nagapattinam(Uzhavar Sandhai ),Banana,Poovan,Local,4100,4100,4100,08/09/2026
Tamil Nadu,Virudhunagar,Aruppukottai(Uzhavar Sandhai ),Banana,Besrai,Local,3000,4000,3500,08/09/2026
Tamil Nadu,Vellore,Katpadi (Uzhavar Sandhai ),Banana,Besrai,Local,5000,6000,5500,08/09/2026
Tamil Nadu,Salem,Vazhapadi(Uzhavar Sandhai),Banana,Red Banana,Local,7000,7000,7000,08/09/2026
Tamil Nadu,Pudukkottai,Aranthangi(Uzhavar Sandhai ),Banana,Besrai,Local,5500,6000,5750,08/09/2026
Tamil Nadu,Thanjavur,Pattukottai(Uzhavar Sandhai ),Banana,Besrai,Local,3500,3500,3500,08/09/2026
Tamil Nadu,Thanjavur,Thanjavur(Uzhavar Sandhai ),Banana,Besrai,Local,5000,10000,7500,08/09/2026
Tamil Nadu,Thiruchirappalli,KKNagar(Uzhavar Sandhai ),Banana,Karpura,Local,5000,5000,5000,08/09/2026
Tamil Nadu,Thiruchirappalli,Manapparai(Uzhavar Sandhai ),Banana,Poovan,Local,4000,5000,4500,08/09/2026
Tamil Nadu,Villupuram,Tindivanam APMC,Banana,Karpura,Local,5000,5000,5000,08/09/2026
Tamil Nadu,Dharmapuri,Dharmapuri(Uzhavar Sandhai ),Banana,Besrai,Local,5200,5500,5350,08/09/2026
Tamil Nadu,Dindigul,Dindigul(Uzhavar Sandhai ),Banana,Besrai,Local,8000,9000,8500,08/09/2026
Tamil Nadu,Dindigul,Palani(Uzhavar Sandhai ),Banana,Red Banana,Local,8000,9000,8500,08/09/2026
Tamil Nadu,Kallakuruchi,Sankarapuram(Uzhavar Sandhai ),Banana,Besrai,Local,4000,4000,4000,08/09/2026
Tamil Nadu,Namakkal,Rasipuram(Uzhavar Sandhai ),Banana,Red Banana,Local,7000,7500,7250,08/09/2026
Tamil Nadu,Thanjavur,Tirukattupalli(Uzhavar Sandhai ),Banana,Besrai,Local,6500,6500,6500,08/09/2026
Tamil Nadu,Salem,Ammapet(Uzhavar Sandhai ),Banana,Red Banana,Local,7500,8000,7750,08/09/2026
Tamil Nadu,Theni,Theni(Uzhavar Sandhai ),Banana,Red Banana,Local,6000,7000,6500,08/09/2026
Tamil Nadu,Thirunelveli,Melapalayam(Uzhavar Sandhai ),Banana,Red Banana,Local,9000,10000,9500,08/09/2026
Tamil Nadu,Thiruvannamalai,Tamarainagar(Uzhavar Sandhai ),Banana,Besrai,Local,5000,6000,5500,08/09/2026
Tamil Nadu,Pudukkottai,Gandarvakottai(Uzhavar Sandhai ),Banana,Red Banana,Local,6000,7000,6500,08/09/2026
Tamil Nadu,Cuddalore,Panruti(Uzhavar Sandhai ),Banana,Besrai,Local,4000,8000,6000,08/09/2026
Tamil Nadu,Sivaganga,Sivagangai (Uzhavar Sandhai ),Banana,Poovan,Local,4000,4000,4000,08/09/2026
Tamil Nadu,Salem,Hasthampatti(Uzhavar Sandhai ),Banana,Red Banana,Local,7500,8000,7750,08/09/2026
Tamil Nadu,Tenkasi,Tenkasi(Uzhavar Sandhai ),Banana,Red Banana,Local,7000,8000,7500,08/09/2026
Tamil Nadu,Theni,Andipatti(Uzhavar Sandhai ),Banana,Besrai,Local,5000,6000,5500,08/09/2026
Tamil Nadu,Theni,Bodinayakanur(Uzhavar Sandhai ),Banana,Besrai,Local,6000,6000,6000,08/09/2026
Tamil Nadu,Madurai,Chokkikulam(Uzhavar Sandhai ),Banana,Besrai,Local,4000,5000,4500,08/09/2026
Tamil Nadu,Salem,Athur(Uzhavar Sandhai ),Banana,Red Banana,Local,7000,7500,7250,08/09/2026
Tamil Nadu,Virudhunagar,Srivilliputhur(Uzhavar Sandhai ),Banana,Besrai,Local,3500,4000,3750,08/09/2026
Tamil Nadu,Coimbatore,Vadavalli(Uzhavar Sandhai ),Banana,Red Banana,Local,8000,8600,8300,08/09/2026
Tamil Nadu,Vellore,Thirupathur APMC,Banana,Besrai,Local,4000,4000,4000,08/09/2026
Tamil Nadu,Krishnagiri,Kaveripattinam(Uzhavar Sandhai ),Banana,Besrai,Local,4000,7000,5500,08/09/2026
Tamil Nadu,The Nilgiris,Coonoor(Uzhavar Sandhai ),Banana,Besrai,Local,4000,4500,4250,08/09/2026
Tamil Nadu,Coimbatore,Mettupalayam(Uzhavar Sandhai ),Banana,Besrai,Local,4000,8000,6000,08/09/2026
Tamil Nadu,Namakkal,Tiruchengode APMC,Banana,Red Banana,Local,6800,7500,7150,08/09/2026
Tamil Nadu,Coimbatore,Pollachi(Uzhavar Sandhai ),Banana,Red Banana,Local,8000,9000,8500,08/09/2026
Tamil Nadu,Thirupur,Tiruppur (South) (Uzhavar Sandhai ),Banana,Red Banana,Local,6000,7000,6500,08/09/2026
Tamil Nadu,Dharmapuri,Pennagaram(Uzhavar Sandhai ),Banana,Besrai,Local,4500,5000,4750,08/09/2026
Tamil Nadu,Kancheepuram,Kancheepuram(Uzhavar Sandhai ),Banana,Red Banana,Local,6000,7500,6750,08/09/2026
Tamil Nadu,Krishnagiri,Denkanikottai(Uzhavar Sandhai ),Banana,Besrai,Local,5000,7000,6000,08/09/2026
Tamil Nadu,Salem,Jalagandapuram(Uzhavar Sandhai ),Banana,Red Banana,Local,6500,7000,6750,08/09/2026
Tamil Nadu,Sivaganga,Karaikudi(Uzhavar Sandhai ),Banana,Besrai,Local,3500,4500,4000,08/09/2026
Tamil Nadu,Thiruchirappalli,Lalgudi(Uzhavar Sandhai ),Banana,Poovan,Local,4000,5000,4500,08/09/2026
Tamil Nadu,Thiruchirappalli,Musiri(Uzhavar Sandhai ),Banana,Other,Local,4000,5000,4500,08/09/2026
Tamil Nadu,Chengalpattu,Madhuranthagam(Uzhavar Sandhai ),Banana,Karpura,Local,3000,4000,3500,08/09/2026
Tamil Nadu,Villupuram,Ulundurpettai APMC,Banana,Besrai,Local,3000,4000,3500,08/09/2026
Tamil Nadu,Erode,Gobichettipalayam(Uzhavar Sandhai ),Banana,Besrai,Local,2200,2600,2400,08/09/2026
Tamil Nadu,Thiruvarur,Tiruthuraipoondi(Uzhavar Sandhai ),Banana,Besrai,Local,4000,4000,4000,08/09/2026
Tamil Nadu,Vellore,Gudiyatham(Uzhavar Sandhai ),Banana,Red Banana,Local,8000,8000,8000,08/09/2026
Tamil Nadu,Namakkal,Kumarapalayam(Uzhavar Sandhai ),Banana,Red Banana,Local,5500,6000,5750,08/09/2026
Tamil Nadu,Namakkal,Mohanur(Uzhavar Sandhai ),Banana,Red Banana,Local,7200,8000,7600,08/09/2026
Tamil Nadu,Namakkal,Paramathivelur(Uzhavar Sandhai ),Banana,Other,Local,4000,5000,4500,08/09/2026
Tamil Nadu,Madurai,Anna nagar(Uzhavar Sandhai ),Banana,Red Banana,Local,9000,9000,9000,08/09/2026
Tamil Nadu,Salem,Mecheri(Uzhavar Sandhai),Banana,Karpura,Local,4500,5000,4750,08/09/2026
Tamil Nadu,Ranipet,Arcot(Uzhavar Sandhai ),Banana,Other,Local,6000,6000,6000,08/09/2026
Tamil Nadu,Salem,Sooramangalam(Uzhavar Sandhai ),Banana,Red Banana,Local,7000,7500,7250,08/09/2026
Tamil Nadu,Thirunelveli,Palayamkottai(Uzhavar Sandhai ),Banana,Red Banana,Local,9000,10000,9500,08/09/2026
Tamil Nadu,Thirupur,Tiruppur (North) (Uzhavar Sandhai ),Banana,Red Banana,Local,6000,6500,6250,08/09/2026
Tamil Nadu,Coimbatore,Sulur(Uzhavar Sandhai ),Banana,Besrai,Local,5400,9000,7200,08/09/2026
Tamil Nadu,Karur,Pallapatti (Uzhavar Sandhai ),Banana,Other,Local,5500,6000,5750,08/09/2026
Tamil Nadu,Theni,Devaram(Uzhavar Sandhai ),Banana,Besrai,Local,6000,6000,6000,08/09/2026
Tamil Nadu,Sivaganga,Devakottai (Uzhavar Sandhai ),Banana,Poovan,Local,3500,4000,3750,08/09/2026
Tamil Nadu,Salem,Elampillai(Uzhavar Sandhai ),Banana,Red Banana,Local,6500,7500,7000,08/09/2026
Tamil Nadu,Karur,Karur(Uzhavar Sandhai ),Banana,Red Banana,Local,5000,6000,5500,08/09/2026
Tamil Nadu,Coimbatore,Kurichi(Uzhavar Sandhai ),Banana,Red Banana,Local,7500,8000,7750,08/09/2026
Tamil Nadu,Cuddalore,Cuddalore(Uzhavar Sandhai ),Banana,Besrai,Local,4000,8000,6000,08/09/2026
Tamil Nadu,Nagercoil (Kannyiakumari),Vadaseri APMC,Banana,Besrai,Local,7000,7500,7250,08/09/2026
Tamil Nadu,Coimbatore,Sundarapuram(Uzhavar Sandhai ),Banana,Red Banana,Local,8000,8500,8250,08/09/2026
Tamil Nadu,Sivaganga,Tirupatthur(Uzhavar Sandhai ),Banana,Karpura,Local,4000,4000,4000,08/09/2026
Tamil Nadu,Thiruchirappalli,Manachanallur(Uzhavar Sandhai ),Banana,Karpura,Local,5000,6000,5500,08/09/2026
Tamil Nadu,Thiruchirappalli,Thiruverumbur(Uzhavar Sandhai ),Banana,Karpura,Local,4000,5000,4500,08/09/2026
Tamil Nadu,Virudhunagar,Sathur(Uzhavar Sandhai ),Banana,Besrai,Local,3500,4000,3750,08/09/2026
Tamil Nadu,Chengalpattu,Medavakkam(Uzhavar Sandhai ),Banana,Karpura,Local,6000,6000,6000,08/09/2026
Tamil Nadu,Cuddalore,Viruthachalam(Uzhavar Sandhai ),Banana,Besrai,Local,4000,7000,5500,08/09/2026
Tamil Nadu,Tenkasi,Sankarankoil(Uzhavar Sandhai ),Banana,Besrai,Local,5000,6000,5500,08/09/2026
Tamil Nadu,Thanjavur,Kumbakonam (Uzhavar Sandhai ),Banana,Besrai,Local,4000,4000,4000,08/09/2026
Tamil Nadu,The Nilgiris,Udhagamandalam(Uzhavar Sandhai ),Banana,Besrai,Local,3500,5000,4250,08/09/2026
Tamil Nadu,Madurai,Melur(Uzhavar Sandhai ),Banana,Besrai,Local,4000,5000,4500,08/09/2026
Tamil Nadu,Karur,Gandhigramam(Uzhavar Sandhai),Banana,Other,Local,5000,6000,5500,08/09/2026
Tamil Nadu,Vellore,Perampet(Uzhavar Sandhai),Banana,Other,Local,5500,5500,5500,08/09/2026
Tamil Nadu,Thirupathur,Natrampalli(Uzhavar Sandhai ),Banana,Besrai,Local,5000,6000,5500,08/09/2026
Tamil Nadu,Theni,Periyakulam(Uzhavar Sandhai ),Banana,Karpura,Local,5500,6000,5750,08/09/2026
Tamil Nadu,Dindigul,Chinnalapatti(Uzhavar Sandhai ),Banana,Besrai,Local,6000,7000,6500,08/09/2026
Tamil Nadu,Erode,Periyar Nagar(Uzhavar Sandhai ),Banana,Besrai,Local,2400,2800,2600,08/09/2026
Tamil Nadu,Kancheepuram,Kundrathur(Uzhavar Sandhai ),Banana,Red Banana,Local,7000,8000,7500,08/09/2026
Tamil Nadu,Dharmapuri,Karimangalam(Uzhavar Sandhai),Banana,Karpura,Local,5500,6000,5750,08/09/2026
Tamil Nadu,Krishnagiri,Hosur(Uzhavar Sandhai ),Banana,Red Banana,Local,8000,9000,8500,08/09/2026
Tamil Nadu,Ranipet,Ranipettai(Uzhavar Sandhai ),Banana,Red Banana,Local,10000,10000,10000,08/09/2026
Tamil Nadu,Salem,Mettur(Uzhavar Sandhai ),Banana,Red Banana,Local,6500,7000,6750,08/09/2026
Tamil Nadu,Salem,Thammampatti (Uzhavar Sandhai ),Banana,Red Banana,Local,6500,7000,6750,08/09/2026
Tamil Nadu,Thiruvannamalai,Chengam(Uzhavar Sandhai ),Banana,Besrai,Local,4200,5000,4600,08/09/2026
Tamil Nadu,Dharmapuri,AJattihalli(Uzhavar Sandhai ),Banana,Red Banana,Local,8500,8500,8500,08/09/2026
Tamil Nadu,Salem,Edapadi (Uzhavar Sandhai ),Banana,Red Banana,Local,7500,8000,7750,08/09/2026
Tamil Nadu,Erode,Sampath Nagar(Uzhavar Sandhai ),Banana,Besrai,Local,2400,2800,2600,08/09/2026
Tamil Nadu,Vellore,Pallikonda(Uzhavar Sandhai),Banana,Other,Local,6000,6000,6000,08/09/2026
Tamil Nadu,Nagapattinam,Mayiladuthurai(Uzhavar Sandhai ),Banana,Besrai,Local,3600,4000,3800,08/09/2026
Tamil Nadu,Ramanathapuram,Ramanathapuram(Uzhavar Sandhai ),Banana,Besrai,Local,5000,5500,5250,08/09/2026
Tamil Nadu,Pudukkottai,Alangudi(Uzhavar Sandhai ),Banana,Karpura,Local,4500,5000,4750,08/09/2026
Tamil Nadu,Thiruvarur,Mannargudi II(Uzhavar Sandhai ),Banana,Other,Local,6000,6000,6000,08/09/2026
Tamil Nadu,Vellore,Kahithapattarai(Uzhavar Sandhai ),Banana,Besrai,Local,5000,6000,5500,08/09/2026
Tamil Nadu,Villupuram,Villupuram(Uzhavar Sandhai ),Banana,Besrai,Local,4000,6000,5000,08/09/2026
Tamil Nadu,Thiruvannamalai,Cheyyar(Uzhavar Sandhai ),Banana,Karpura,Local,4000,5000,4500,08/09/2026
Tamil Nadu,Nagapattinam,Vedaranyam(Uzhavar Sandhai),Banana,Other,Local,4000,4200,4100,08/09/2026
Tamil Nadu,Kallakuruchi,Kallakurichi(Uzhavar Sandhai ),Banana,Red Banana,Local,7000,7000,7000,08/09/2026
Tamil Nadu,Coimbatore,Udumalpet APMC,Banana,Red Banana,Local,7000,8000,7500,08/09/2026
Tamil Nadu,Coimbatore,RSPuram(Uzhavar Sandhai ),Banana,Red Banana,Local,8000,8600,8300,08/09/2026
Tamil Nadu,Coimbatore,Singanallur(Uzhavar Sandhai ),Banana,Besrai,Local,5400,9000,7200,08/09/2026
Tamil Nadu,Erode,Perundurai(Uzhavar Sandhai ),Banana,Besrai,Local,3000,3500,3250,08/09/2026
Tamil Nadu,Cuddalore,Chidambaram(Uzhavar Sandhai ),Banana,Besrai,Local,4000,4000,4000,08/09/2026
Tamil Nadu,Chengalpattu,Thirukalukundram(Uzhavar Sandhai ),Banana,Besrai,Local,4000,6000,5000,08/09/2026
Tamil Nadu,Pudukkottai,Karambakkudi(Uzhavar Sandhai ),Banana,Other,Local,6000,7000,6500,08/09/2026
Tamil Nadu,Vellore,Vellore APMC,Banana,Red Banana,Local,9000,9000,9000,08/09/2026
Tamil Nadu,Erode,Thalavadi(Uzhavar Sandhai ),Banana,Red Banana,Local,6000,6500,6250,08/09/2026
Tamil Nadu,Pudukkottai,Pudukottai(Uzhavar Sandhai ),Banana,Red Banana,Local,8000,9000,8500,08/09/2026
Tamil Nadu,Villupuram,Gingee(Uzhavar Sandhai ),Banana,Karpura,Local,5000,6000,5500,08/09/2026
Tamil Nadu,Virudhunagar,Kariyapatti(Uzhavar Sandhai ),Banana,Besrai,Local,3500,4000,3750,08/09/2026
Tamil Nadu,Sivaganga,Singampunari(Uzhavar Sandhai ),Banana,Karpura,Local,3500,4000,3750,08/09/2026
Tamil Nadu,Virudhunagar,Rajapalayam(Uzhavar Sandhai ),Banana,Besrai,Local,3500,4000,3750,08/09/2026
Tamil Nadu,Virudhunagar,Thalavaipuram(Uzhavar Sandhai ),Banana,Besrai,Local,3500,4000,3750,08/09/2026
Tamil Nadu,Virudhunagar,Virudhunagar(Uzhavar Sandhai ),Banana,Besrai,Local,3500,4000,3750,08/09/2026
Tamil Nadu,Chengalpattu,Nanganallur(Uzhavar Sandhai ),Banana,Red Banana,Local,9000,10000,9500,08/09/2026
Tamil Nadu,Thiruchirappalli,Thuraiyur APMC,Banana,Besrai,Local,4000,5000,4500,08/09/2026
Tamil Nadu,Thirunelveli,NGO Colony(Uzhavar Sandhai ),Banana,Besrai,Local,5500,6000,5750,08/09/2026
Tamil Nadu,Thiruvannamalai,Keelpennathur(Uzhavar Sandhai ),Banana,Poovan,Local,4500,5000,4750,08/09/2026
Tamil Nadu,Thiruvannamalai,Vandavasi(Uzhavar Sandhai ),Banana,Karpura,Local,5000,6000,5500,08/09/2026
Tamil Nadu,Cuddalore,Vadalur(Uzhavar Sandhai ),Banana,Red Banana,Local,4000,4000,4000,08/09/2026
Tamil Nadu,Thanjavur,Peravurani(Uzhavar Sandhai),Banana,Besrai,Local,3500,3500,3500,08/09/2026
Tamil Nadu,Karur,Velayuthampalayam(Uzhavar Sandhai ),Banana,Other,Local,5000,6000,5500,08/09/2026
Tamil Nadu,Salem,Attayampatti(Uzhavar Sandhai ),Banana,Besrai,Local,5000,8000,6500,08/09/2026
Tamil Nadu,Nagapattinam,Vedaranyam(Uzhavar Sandhai),Banana - Green,Banana - Green,Local,1800,2000,1900,08/09/2026
Tamil Nadu,Vellore,Perampet(Uzhavar Sandhai),Banana - Green,Banana - Green,Local,4000,4000,4000,08/09/2026
Tamil Nadu,Thirupathur,Natrampalli(Uzhavar Sandhai ),Banana - Green,Banana - Green,Local,2500,3000,2750,08/09/2026
Tamil Nadu,Nagapattinam,Mayiladuthurai(Uzhavar Sandhai ),Banana - Green,Banana - Green,Local,3000,3500,3250,08/09/2026
Tamil Nadu,Thiruvannamalai,Polur(Uzhavar Sandhai ),Banana - Green,Banana - Green,Local,1600,2000,1800,08/09/2026
Tamil Nadu,Thiruvellore,Ambattur(Uzhavar Sandhai ),Banana - Green,Banana - Green,Local,4000,4000,4000,08/09/2026
Tamil Nadu,Vellore,Gudiyatham(Uzhavar Sandhai ),Banana - Green,Banana - Green,Local,3500,3500,3500,08/09/2026
Tamil Nadu,Villupuram,Villupuram(Uzhavar Sandhai ),Banana - Green,Banana - Green,Local,3000,3000,3000,08/09/2026
Tamil Nadu,Thiruvannamalai,Cheyyar(Uzhavar Sandhai ),Banana - Green,Banana - Green,Local,1600,2000,1800,08/09/2026
Tamil Nadu,Nagercoil (Kannyiakumari),Vadaseri APMC,Banana - Green,Banana - Green,Local,6500,7000,6750,08/09/2026
Tamil Nadu,Dharmapuri,Harur(Uzhavar Sandhai ),Banana - Green,Banana - Green,Local,2000,2500,2250,08/09/2026
Tamil Nadu,Erode,Sathiyamagalam(Uzhavar Sandhai ),Banana - Green,Banana - Green,Local,3000,3400,3200,08/09/2026
Tamil Nadu,Namakkal,Tiruchengode APMC,Banana - Green,Banana - Green,Local,3500,4000,3750,08/09/2026
Tamil Nadu,Sivaganga,Tirupatthur(Uzhavar Sandhai ),Banana - Green,Banana - Green,Local,2500,3000,2750,08/09/2026
Tamil Nadu,Thanjavur,Thanjavur(Uzhavar Sandhai ),Banana - Green,Banana - Green,Local,4000,4000,4000,08/09/2026
Tamil Nadu,Thiruchirappalli,KKNagar(Uzhavar Sandhai ),Banana - Green,Banana - Green,Local,3000,3000,3000,08/09/2026
Tamil Nadu,Thiruchirappalli,Lalgudi(Uzhavar Sandhai ),Banana - Green,Banana - Green,Local,3000,3000,3000,08/09/2026
Tamil Nadu,Thiruchirappalli,Manapparai(Uzhavar Sandhai ),Banana - Green,Banana - Green,Local,3000,3000,3000,08/09/2026
Tamil Nadu,Chengalpattu,Nanganallur(Uzhavar Sandhai ),Banana - Green,Banana - Green,Local,3500,4000,3750,08/09/2026
Tamil Nadu,Pudukkottai,Pudukottai(Uzhavar Sandhai ),Banana - Green,Banana - Green,Local,2500,3000,2750,08/09/2026
Tamil Nadu,Thiruvellore,Tiruvallur(Uzhavar Sandhai ),Banana - Green,Banana - Green,Local,4000,4000,4000,08/09/2026
Tamil Nadu,Pudukkottai,Aranthangi(Uzhavar Sandhai ),Banana - Green,Banana - Green,Local,2500,3000,2750,08/09/2026
Tamil Nadu,Dharmapuri,Palacode(Uzhavar Sandhai ),Banana - Green,Banana - Green,Local,2000,2500,2250,08/09/2026
Tamil Nadu,Krishnagiri,Avallapalli(Uzhavar Sandhai ),Banana - Green,Banana - Green,Local,3500,4000,3750,08/09/2026
Tamil Nadu,Dharmapuri,Karimangalam(Uzhavar Sandhai),Banana - Green,Banana - Green,Local,2800,3000,2900,08/09/2026
Tamil Nadu,Madurai,Anaiyur(Uzhavar Sandhai ),Banana - Green,Banana - Green,Local,2000,2200,2100,08/09/2026
Tamil Nadu,Ranipet,Ranipettai(Uzhavar Sandhai ),Banana - Green,Banana - Green,Local,4000,5000,4500,08/09/2026
Tamil Nadu,Salem,Thammampatti (Uzhavar Sandhai ),Banana - Green,Banana - Green,Local,2000,2500,2250,08/09/2026
Tamil Nadu,Theni,Chinnamanur(Uzhavar Sandhai ),Banana - Green,Banana - Green,Local,3600,3600,3600,08/09/2026
Tamil Nadu,Sivaganga,Devakottai (Uzhavar Sandhai ),Banana - Green,Banana - Green,Local,2500,3000,2750,08/09/2026
Tamil Nadu,Salem,Edapadi (Uzhavar Sandhai ),Banana - Green,Banana - Green,Local,2500,3000,2750,08/09/2026
Tamil Nadu,Coimbatore,Kurichi(Uzhavar Sandhai ),Banana - Green,Banana - Green,Local,4000,4500,4250,08/09/2026
Tamil Nadu,Pudukkottai,Karambakkudi(Uzhavar Sandhai ),Banana - Green,Banana - Green,Local,2500,3000,2750,08/09/2026
Tamil Nadu,Theni,Periyakulam(Uzhavar Sandhai ),Banana - Green,Banana - Green,Local,3000,3500,3250,08/09/2026
Tamil Nadu,Coimbatore,Udumalpet APMC,Banana - Green,Banana - Green,Local,2500,3000,2750,08/09/2026
Tamil Nadu,Madurai,Chokkikulam(Uzhavar Sandhai ),Banana - Green,Banana - Green,Local,1500,2400,1950,08/09/2026
Tamil Nadu,Pudukkottai,Viralimalai(Uzhavar Sandhai ),Banana - Green,Banana - Green,Local,2500,3000,2750,08/09/2026
Tamil Nadu,Pudukkottai,Alangudi(Uzhavar Sandhai ),Banana - Green,Banana - Green,Local,2500,3000,2750,08/09/2026
Tamil Nadu,Thiruvannamalai,Arani(Uzhavar Sandhai ),Banana - Green,Banana - Green,Local,1500,2000,1750,08/09/2026
Tamil Nadu,Thiruvarur,Tiruthuraipoondi(Uzhavar Sandhai ),Banana - Green,Banana - Green,Local,4000,4000,4000,08/09/2026
Tamil Nadu,Thiruvellore,Naravarikuppam(Uzhavar Sandhai ),Banana - Green,Banana - Green,Local,4000,4000,4000,08/09/2026
Tamil Nadu,Thanjavur,Papanasam(Uzhavar Sandhai ),Banana - Green,Banana - Green,Local,4800,4800,4800,08/09/2026
Tamil Nadu,Erode,Thalavadi(Uzhavar Sandhai ),Banana - Green,Banana - Green,Local,3000,3500,3250,08/09/2026
Tamil Nadu,Nagapattinam,Nagapattinam(Uzhavar Sandhai ),Banana - Green,Banana - Green,Local,2500,3000,2750,08/09/2026
Tamil Nadu,Theni,Andipatti(Uzhavar Sandhai ),Banana - Green,Banana - Green,Local,3000,3500,3250,08/09/2026
Tamil Nadu,Thiruvarur,Tiruvarur(Uzhavar Sandhai ),Banana - Green,Banana - Green,Local,4000,4000,4000,08/09/2026
Tamil Nadu,Virudhunagar,Aruppukottai(Uzhavar Sandhai ),Banana - Green,Banana - Green,Local,3000,3500,3250,08/09/2026
Tamil Nadu,Thiruchirappalli,Manachanallur(Uzhavar Sandhai ),Banana - Green,Banana - Green,Local,2000,2500,2250,08/09/2026
Tamil Nadu,Thiruchirappalli,Musiri(Uzhavar Sandhai ),Banana - Green,Banana - Green,Local,2500,2500,2500,08/09/2026
Tamil Nadu,Virudhunagar,Sivakasi(Uzhavar Sandhai ),Banana - Green,Banana - Green,Local,3500,4000,3750,08/09/2026
Tamil Nadu,Virudhunagar,Thalavaipuram(Uzhavar Sandhai ),Banana - Green,Banana - Green,Local,3000,3500,3250,08/09/2026
Tamil Nadu,Coimbatore,Sundarapuram(Uzhavar Sandhai ),Banana - Green,Banana - Green,Local,4000,4500,4250,08/09/2026
Tamil Nadu,Coimbatore,RSPuram(Uzhavar Sandhai ),Banana - Green,Banana - Green,Local,3500,4000,3750,08/09/2026
Tamil Nadu,Thirupur,Tiruppur (South) (Uzhavar Sandhai ),Banana - Green,Banana - Green,Local,2500,3000,2750,08/09/2026
Tamil Nadu,Dharmapuri,Dharmapuri(Uzhavar Sandhai ),Banana - Green,Banana - Green,Local,2800,3000,2900,08/09/2026
Tamil Nadu,Dindigul,Chinnalapatti(Uzhavar Sandhai ),Banana - Green,Banana - Green,Local,2500,3000,2750,08/09/2026
Tamil Nadu,Dindigul,Dindigul(Uzhavar Sandhai ),Banana - Green,Banana - Green,Local,1500,2000,1750,08/09/2026
Tamil Nadu,Krishnagiri,Denkanikottai(Uzhavar Sandhai ),Banana - Green,Banana - Green,Local,3500,4000,3750,08/09/2026
Tamil Nadu,Namakkal,Paramathivelur(Uzhavar Sandhai ),Banana - Green,Banana - Green,Local,3500,4000,3750,08/09/2026
Tamil Nadu,Salem,Ammapet(Uzhavar Sandhai ),Banana - Green,Banana - Green,Local,2000,2400,2200,08/09/2026
Tamil Nadu,Thirunelveli,Ambasamudram(Uzhavar Sandhai ),Banana - Green,Banana - Green,Local,2500,3000,2750,08/09/2026
Tamil Nadu,Thiruvannamalai,Chengam(Uzhavar Sandhai ),Banana - Green,Banana - Green,Local,1200,1500,1350,08/09/2026
Tamil Nadu,Thiruvarur,Muthupettai(Uzhavar Sandhai ),Banana - Green,Banana - Green,Local,4000,4000,4000,08/09/2026
Tamil Nadu,Cuddalore,Vadalur(Uzhavar Sandhai ),Banana - Green,Banana - Green,Local,3000,3000,3000,08/09/2026
Tamil Nadu,Salem,Hasthampatti(Uzhavar Sandhai ),Banana - Green,Banana - Green,Local,2000,2400,2200,08/09/2026
Tamil Nadu,Cuddalore,Viruthachalam(Uzhavar Sandhai ),Banana - Green,Banana - Green,Local,2500,3000,2750,08/09/2026
Tamil Nadu,Krishnagiri,Krishnagiri(Uzhavar Sandhai ),Banana - Green,Banana - Green,Local,2500,3000,2750,08/09/2026
Tamil Nadu,Tenkasi,Sankarankoil(Uzhavar Sandhai ),Banana - Green,Banana - Green,Local,3500,3500,3500,08/09/2026
Tamil Nadu,Villupuram,Gingee(Uzhavar Sandhai ),Banana - Green,Banana - Green,Local,4000,4000,4000,08/09/2026
Tamil Nadu,Karur,Gandhigramam(Uzhavar Sandhai),Banana - Green,Banana - Green,Local,2000,3000,2500,08/09/2026
Tamil Nadu,Karur,Kulithalai(Uzhavar Sandhai ),Banana - Green,Banana - Green,Local,2500,3000,2750,08/09/2026
Tamil Nadu,Chengalpattu,Guduvancheri(Uzhavar Sandhai ),Banana - Green,Banana - Green,Local,3500,4000,3750,08/09/2026
Tamil Nadu,Thirupur,Dharapuram(Uzhavar Sandhai ),Banana - Green,Banana - Green,Local,3000,3000,3000,08/09/2026
Tamil Nadu,Coimbatore,Vadavalli(Uzhavar Sandhai ),Banana - Green,Banana - Green,Local,4000,4400,4200,08/09/2026
Tamil Nadu,Cuddalore,Chidambaram(Uzhavar Sandhai ),Banana - Green,Banana - Green,Local,2500,3000,2750,08/09/2026
Tamil Nadu,Tuticorin,Tuticorin(Uzhavar Sandhai ),Banana - Green,Banana - Green,Local,2500,3000,2750,08/09/2026
Tamil Nadu,The Nilgiris,Coonoor(Uzhavar Sandhai ),Banana - Green,Banana - Green,Local,4500,5000,4750,08/09/2026
Tamil Nadu,Coimbatore,Mettupalayam(Uzhavar Sandhai ),Banana - Green,Banana - Green,Local,4500,5000,4750,08/09/2026
Tamil Nadu,Kancheepuram,Padappai(Uzhavar Sandhai ),Banana - Green,Banana - Green,Local,3000,4000,3500,08/09/2026
Tamil Nadu,Krishnagiri,Hosur(Uzhavar Sandhai ),Banana - Green,Banana - Green,Local,4500,5000,4750,08/09/2026
Tamil Nadu,Sivaganga,Singampunari(Uzhavar Sandhai ),Banana - Green,Banana - Green,Local,2500,3000,2750,08/09/2026
Tamil Nadu,Sivaganga,Karaikudi(Uzhavar Sandhai ),Banana - Green,Banana - Green,Local,3400,3800,3600,08/09/2026
Tamil Nadu,Chengalpattu,Chengalpet(Uzhavar Sandhai ),Banana - Green,Banana - Green,Local,3500,4000,3750,08/09/2026
Tamil Nadu,Erode,Gobichettipalayam(Uzhavar Sandhai ),Banana - Green,Banana - Green,Local,3200,3400,3300,08/09/2026
Tamil Nadu,Erode,Sampath Nagar(Uzhavar Sandhai ),Banana - Green,Banana - Green,Local,3000,3500,3250,08/09/2026
Tamil Nadu,Madurai,Usilampatti(Uzhavar Sandhai ),Banana - Green,Banana - Green,Local,2500,3000,2750,08/09/2026
Tamil Nadu,Nagapattinam,Sirkali(Uzhavar Sandhai ),Banana - Green,Banana - Green,Local,2500,3000,2750,08/09/2026
Tamil Nadu,Thanjavur,Tirukattupalli(Uzhavar Sandhai ),Banana - Green,Banana - Green,Local,4000,4000,4000,08/09/2026
Tamil Nadu,Thirunelveli,Palayamkottai(Uzhavar Sandhai ),Banana - Green,Banana - Green,Local,2500,3000,2750,08/09/2026
Tamil Nadu,Thirupur,Kangayam(Uzhavar Sandhai ),Banana - Green,Banana - Green,Local,2500,3000,2750,08/09/2026
Tamil Nadu,Cuddalore,Panruti(Uzhavar Sandhai ),Banana - Green,Banana - Green,Local,2500,2500,2500,08/09/2026
Tamil Nadu,Thanjavur,Peravurani(Uzhavar Sandhai),Banana - Green,Banana - Green,Local,3500,3500,3500,08/09/2026
Tamil Nadu,Karur,Vengamedu(Uzhavar Sandhai ),Banana - Green,Banana - Green,Local,2500,3000,2750,08/09/2026
Tamil Nadu,Theni,Devaram(Uzhavar Sandhai ),Banana - Green,Banana - Green,Local,3500,3500,3500,08/09/2026
Tamil Nadu,Sivaganga,Sivagangai (Uzhavar Sandhai ),Banana - Green,Banana - Green,Local,3000,3000,3000,08/09/2026
Tamil Nadu,Vellore,Thirupathur APMC,Banana - Green,Banana - Green,Local,2500,2500,2500,08/09/2026
Tamil Nadu,Krishnagiri,Kaveripattinam(Uzhavar Sandhai ),Banana - Green,Banana - Green,Local,2500,3000,2750,08/09/2026
Tamil Nadu,Coimbatore,Singanallur(Uzhavar Sandhai ),Banana - Green,Banana - Green,Local,4000,4500,4250,08/09/2026
Tamil Nadu,Coimbatore,Pollachi(Uzhavar Sandhai ),Banana - Green,Banana - Green,Local,4000,4500,4250,08/09/2026
Tamil Nadu,Vellore,Pallikonda(Uzhavar Sandhai),Banana - Green,Banana - Green,Local,3000,3000,3000,08/09/2026
Tamil Nadu,Pudukkottai,Ponnamaravathi(Uzhavar Sandhai),Banana - Green,Banana - Green,Local,2500,3000,2750,08/09/2026
Tamil Nadu,Ramanathapuram,Paramakudi(Uzhavar Sandhai ),Banana - Green,Banana - Green,Local,3500,4000,3750,08/09/2026
Tamil Nadu,Ramanathapuram,Ramanathapuram(Uzhavar Sandhai ),Banana - Green,Banana - Green,Local,3500,4000,3750,08/09/2026
Tamil Nadu,Thiruvannamalai,Tiruvannamalai(Uzhavar Sandhai ),Banana - Green,Banana - Green,Local,2500,3000,2750,08/09/2026
Tamil Nadu,Thiruvarur,Mannargudi II(Uzhavar Sandhai ),Banana - Green,Banana - Green,Local,4800,4800,4800,08/09/2026
Tamil Nadu,Thanjavur,Pattukottai(Uzhavar Sandhai ),Banana - Green,Banana - Green,Local,3000,3000,3000,08/09/2026
Tamil Nadu,Thiruchirappalli,Thiruverumbur(Uzhavar Sandhai ),Banana - Green,Banana - Green,Local,2500,2500,2500,08/09/2026
Tamil Nadu,Virudhunagar,Rajapalayam(Uzhavar Sandhai ),Banana - Green,Banana - Green,Local,3000,3600,3300,08/09/2026
Tamil Nadu,Virudhunagar,Sathur(Uzhavar Sandhai ),Banana - Green,Banana - Green,Local,3500,4000,3750,08/09/2026
Tamil Nadu,Virudhunagar,Virudhunagar(Uzhavar Sandhai ),Banana - Green,Banana - Green,Local,2500,3000,2750,08/09/2026
Tamil Nadu,Nagercoil (Kannyiakumari),Myladi(Uzhavar Sandhai ),Banana - Green,Banana - Green,Local,6000,7000,6500,08/09/2026
Tamil Nadu,Chengalpattu,Jameenrayapettai(Uzhavar Sandhai ),Banana - Green,Banana - Green,Local,3500,4000,3750,08/09/2026
Tamil Nadu,Tenkasi,Tenkasi(Uzhavar Sandhai ),Banana - Green,Banana - Green,Local,2500,3000,2750,08/09/2026
Tamil Nadu,Thanjavur,Kumbakonam (Uzhavar Sandhai ),Banana - Green,Banana - Green,Local,4800,4800,4800,08/09/2026
Tamil Nadu,The Nilgiris,Udhagamandalam(Uzhavar Sandhai ),Banana - Green,Banana - Green,Local,4000,4500,4250,08/09/2026
Tamil Nadu,Theni,Bodinayakanur(Uzhavar Sandhai ),Banana - Green,Banana - Green,Local,3600,3600,3600,08/09/2026
Tamil Nadu,Thiruvarur,Needamangalam(Uzhavar Sandhai ),Banana - Green,Banana - Green,Local,4000,4000,4000,08/09/2026
Tamil Nadu,Thiruvarur,Valangaiman APMC,Banana - Green,Banana - Green,Local,4000,4000,4000,08/09/2026
Tamil Nadu,Thiruvellore,Tiruthani(Uzhavar Sandhai ),Banana - Green,Banana - Green,Local,4000,4000,4000,08/09/2026
Tamil Nadu,Virudhunagar,Kariyapatti(Uzhavar Sandhai ),Banana - Green,Banana - Green,Local,3000,3500,3250,08/09/2026
Tamil Nadu,Thirupathur,Vaniyampadi(Uzhavar Sandhai ),Banana - Green,Banana - Green,Local,3000,3000,3000,08/09/2026
Tamil Nadu,Kallakuruchi,Kallakurichi(Uzhavar Sandhai ),Banana - Green,Banana - Green,Local,3000,3000,3000,08/09/2026
Tamil Nadu,Salem,Athur(Uzhavar Sandhai ),Banana - Green,Banana - Green,Local,2000,2400,2200,08/09/2026
Tamil Nadu,Erode,Perundurai(Uzhavar Sandhai ),Banana - Green,Banana - Green,Local,2500,2800,2650,08/09/2026
Tamil Nadu,Dharmapuri,Pennagaram(Uzhavar Sandhai ),Banana - Green,Banana - Green,Local,2500,3000,2750,08/09/2026
Tamil Nadu,Dindigul,Palani(Uzhavar Sandhai ),Banana - Green,Banana - Green,Local,3000,3600,3300,08/09/2026
Tamil Nadu,Erode,Periyar Nagar(Uzhavar Sandhai ),Banana - Green,Banana - Green,Local,3000,3500,3250,08/09/2026
Tamil Nadu,Kancheepuram,Kundrathur(Uzhavar Sandhai ),Banana - Green,Banana - Green,Local,3000,3000,3000,08/09/2026
Tamil Nadu,Namakkal,Kumarapalayam(Uzhavar Sandhai ),Banana - Green,Banana - Green,Local,3000,3500,3250,08/09/2026
Tamil Nadu,Perambalur,Perambalur(Uzhavar Sandhai ),Banana - Green,Banana - Green,Local,3000,4000,3500,08/09/2026
Tamil Nadu,Ranipet,Arcot(Uzhavar Sandhai ),Banana - Green,Banana - Green,Local,4000,5000,4500,08/09/2026
Tamil Nadu,Salem,Mettur(Uzhavar Sandhai ),Banana - Green,Banana - Green,Local,3500,4000,3750,08/09/2026
Tamil Nadu,Salem,Sooramangalam(Uzhavar Sandhai ),Banana - Green,Banana - Green,Local,2000,2400,2200,08/09/2026
Tamil Nadu,Thirunelveli,NGO Colony(Uzhavar Sandhai ),Banana - Green,Banana - Green,Local,2500,3000,2750,08/09/2026
Tamil Nadu,Thiruvannamalai,Keelpennathur(Uzhavar Sandhai ),Banana - Green,Banana - Green,Local,3500,4000,3750,08/09/2026
Tamil Nadu,Pudukkottai,Gandarvakottai(Uzhavar Sandhai ),Banana - Green,Banana - Green,Local,2500,3000,2750,08/09/2026
Tamil Nadu,Salem,Attayampatti(Uzhavar Sandhai ),Banana - Green,Banana - Green,Local,2400,2400,2400,08/09/2026
Tamil Nadu,Salem,Elampillai(Uzhavar Sandhai ),Banana - Green,Banana - Green,Local,2500,3000,2750,08/09/2026
Tamil Nadu,Thiruvarur,Mannargudi I(Uzhavar Sandhai ),Banana - Green,Banana - Green,Local,4800,4800,4800,08/09/2026
Tamil Nadu,Thiruvellore,Paruthipattu(Uzhavar Sandhai ),Banana - Green,Banana - Green,Local,4000,4000,4000,08/09/2026
Tamil Nadu,Tuticorin,Kovilpatti(Uzhavar Sandhai ),Banana - Green,Banana - Green,Local,3000,3500,3250,08/09/2026
Tamil Nadu,Vellore,Kahithapattarai(Uzhavar Sandhai ),Banana - Green,Banana - Green,Local,6000,6000,6000,08/09/2026
Tamil Nadu,Thirupur,Palladam(Uzhavar Sandhai ),Banana - Green,Banana - Green,Local,2500,3000,2750,08/09/2026
Tamil Nadu,Virudhunagar,Srivilliputhur(Uzhavar Sandhai ),Banana - Green,Banana - Green,Local,2500,3000,2750,08/09/2026
Tamil Nadu,Kallakuruchi,Sankarapuram(Uzhavar Sandhai ),Banana - Green,Banana - Green,Local,3000,3000,3000,08/09/2026
Tamil Nadu,Kancheepuram,Kancheepuram(Uzhavar Sandhai ),Banana - Green,Banana - Green,Local,2500,3500,3000,08/09/2026
Tamil Nadu,Kancheepuram,Sunguvarchatram(Uzhavar Sandhai ),Banana - Green,Banana - Green,Local,3000,3000,3000,08/09/2026
Tamil Nadu,Karur,Karur(Uzhavar Sandhai ),Banana - Green,Banana - Green,Local,2500,3000,2750,08/09/2026
Tamil Nadu,Cuddalore,Cuddalore(Uzhavar Sandhai ),Banana - Green,Banana - Green,Local,3000,3500,3250,08/09/2026
Tamil Nadu,Chengalpattu,Thirukalukundram(Uzhavar Sandhai ),Banana - Green,Banana - Green,Local,3800,4000,3900,08/09/2026
Tamil Nadu,Vellore,Vellore APMC,Banana - Green,Banana - Green,Local,3500,3500,3500,08/09/2026
Tamil Nadu,The Nilgiris,Gudalur(Uzhavar Sandhai ),Banana - Green,Banana - Green,Local,4000,5000,4500,08/09/2026
Tamil Nadu,Vellore,Katpadi (Uzhavar Sandhai ),Banana - Green,Banana - Green,Local,3000,3000,3000,08/09/2026
Tamil Nadu,Madurai,Melur(Uzhavar Sandhai ),Banana - Green,Banana - Green,Local,1800,2200,2000,08/09/2026
Tamil Nadu,Salem,Vazhapadi(Uzhavar Sandhai),Banana - Green,Banana - Green,Local,2500,2500,2500,08/09/2026
Tamil Nadu,Salem,Jalagandapuram(Uzhavar Sandhai ),Banana - Green,Banana - Green,Local,2500,2800,2650,08/09/2026
Tamil Nadu,Chengalpattu,Medavakkam(Uzhavar Sandhai ),Banana - Green,Banana - Green,Local,3500,4000,3750,08/09/2026
Tamil Nadu,Chengalpattu,Pallavaram(Uzhavar Sandhai ),Banana - Green,Banana - Green,Local,3500,4000,3750,08/09/2026
Tamil Nadu,Villupuram,Tindivanam APMC,Banana - Green,Banana - Green,Local,5000,5000,5000,08/09/2026
Tamil Nadu,Villupuram,Ulundurpettai APMC,Banana - Green,Banana - Green,Local,3000,3000,3000,08/09/2026
Tamil Nadu,Namakkal,Mohanur(Uzhavar Sandhai ),Banana - Green,Banana - Green,Local,4200,4800,4500,08/09/2026
Tamil Nadu,Namakkal,Namakkal(Uzhavar Sandhai ),Banana - Green,Banana - Green,Local,4000,4500,4250,08/09/2026
Tamil Nadu,Namakkal,Rasipuram(Uzhavar Sandhai ),Banana - Green,Banana - Green,Local,3500,4000,3750,08/09/2026
Tamil Nadu,Madurai,Palanganatham(Uzhavar Sandhai ),Banana - Green,Banana - Green,Local,1500,2000,1750,08/09/2026
Tamil Nadu,Madurai,Anna nagar(Uzhavar Sandhai ),Banana - Green,Banana - Green,Local,2000,2500,2250,08/09/2026
Tamil Nadu,Salem,Mecheri(Uzhavar Sandhai),Banana - Green,Banana - Green,Local,2000,2500,2250,08/09/2026
Tamil Nadu,Thiruchirappalli,Thuraiyur APMC,Banana - Green,Banana - Green,Local,2000,2500,2250,08/09/2026
Tamil Nadu,Salem,Thathakapatti(Uzhavar Sandhai ),Banana - Green,Banana - Green,Local,3500,6000,4750,08/09/2026
Tamil Nadu,Theni,Kambam(Uzhavar Sandhai ),Banana - Green,Banana - Green,Local,3500,3500,3500,08/09/2026
Tamil Nadu,Theni,Theni(Uzhavar Sandhai ),Banana - Green,Banana - Green,Local,3000,3500,3250,08/09/2026
Tamil Nadu,Thirunelveli,Melapalayam(Uzhavar Sandhai ),Banana - Green,Banana - Green,Local,2500,3000,2750,08/09/2026
Tamil Nadu,Thiruvannamalai,Tamarainagar(Uzhavar Sandhai ),Banana - Green,Banana - Green,Local,4500,5000,4750,08/09/2026
Tamil Nadu,Thiruvannamalai,Vandavasi(Uzhavar Sandhai ),Banana - Green,Banana - Green,Local,1600,2000,1800,08/09/2026
Tamil Nadu,Coimbatore,Sulur(Uzhavar Sandhai ),Banana - Green,Banana - Green,Local,4000,4500,4250,08/09/2026
Tamil Nadu,Dharmapuri,AJattihalli(Uzhavar Sandhai ),Banana - Green,Banana - Green,Local,2500,2500,2500,08/09/2026
Tamil Nadu,Karur,Pallapatti (Uzhavar Sandhai ),Banana - Green,Banana - Green,Local,2500,3000,2750,08/09/2026
Tamil Nadu,Karur,Velayuthampalayam(Uzhavar Sandhai ),Banana - Green,Banana - Green,Local,2400,3000,2700,08/09/2026
Madhya Pradesh,Gwalior,Lashkar(F&V) APMC,Banana,Other,Grade B,700,1400,1150,08/09/2026
Madhya Pradesh,Chhatarpur,Chattarpur(F&V) APMC,Banana,Other,Grade C,2300,2300,2300,08/09/2026
Madhya Pradesh,Shivpuri,Karera(F&V) APMC,Banana,Banana-Organic,Local,1600,2200,1900,08/09/2026
Madhya Pradesh,Sehore,Sehore(F&V) APMC,Banana,Banana - Ripe,Grade Range-1,1600,2200,2000,08/09/2026
Madhya Pradesh,Dhar,Dhar(F&V) APMC,Banana,Other,Grade B,3000,4200,3600,08/09/2026
Madhya Pradesh,Burhanpur,Burhanpur(F&V) APMC,Banana,Khandesh,Grade A,400,1200,900,08/09/2026
Madhya Pradesh,Rewa,Rewa(F&V) APMC,Banana,Other,Medium,1500,1500,1500,08/09/2026
Madhya Pradesh,Sagar,Sagar(F&V) APMC,Banana,Medium,Local,1200,1600,1400,08/09/2026
Madhya Pradesh,Hoshangabad,Hoshangabad(F&V) APMC,Banana,Other,Grade A,2110,2580,2230,08/09/2026
Madhya Pradesh,Indore,Indore(F&V) APMC,Banana,Other,Local,600,1000,800,08/09/2026
Maharashtra,Pune,Pune(Moshi) ,Banana,Other,Local,2000,6000,4000,08/09/2026
Maharashtra,Mumbai,Mumbai- Fruit Market ,Banana,Other,Local,2500,3000,2750,08/09/2026
Maharashtra,Ahilyanagar,APMC Ahilyanagar ,Banana,Other,Local,2500,4500,3500,08/09/2026
Maharashtra,Nashik,APMC Nasik ,Banana,Khandesh,Local,700,1700,1400,08/09/2026
Maharashtra,Pune,APMC Pune ,Banana,Other,Local,500,2000,1200,08/09/2026
Maharashtra,Nagpur,APMC Hingna,Banana,Other,Local,1500,2500,1833,08/09/2026
Maharashtra,Jalgaon,APMC Bhusaval ,Banana - Green,Other,Local,2200,3000,2500,08/09/2026
Maharashtra,Mumbai,APMC Mumbai ,Banana - Green,Other,Local,2600,3200,2900,08/09/2026
Uttar Pradesh,Rampur,Bilaspur APMC,Banana,Other,Medium,2000,2200,2100,08/09/2026
Uttar Pradesh,Shamli,Khandhla APMC,Banana,Champa,Medium,2200,2270,2230,08/09/2026
Uttar Pradesh,Farukhabad,Kayamganj APMC,Banana,Banana - Ripe,Medium,3000,3100,3050,08/09/2026
Uttar Pradesh,Mau(Maunathbhanjan),Kopaganj APMC,Banana,Medium,Grade B,3950,4000,3980,08/09/2026
Uttar Pradesh,Siddharth Nagar,Naugarh APMC,Banana,Other,Grade A,1780,1795,1790,08/09/2026
Uttar Pradesh,Badaun,Shahaswan APMC,Banana,Amruthapani,Medium,2000,2200,2100,08/09/2026
Uttar Pradesh,Saharanpur,Rampurmaniharan APMC,Banana - Green,Banana - Green,Grade C,1700,1900,1800,08/09/2026
Uttar Pradesh,Amroha,Hasanpur APMC,Banana - Green,Banana - Green,FAQ,1450,1520,1500,08/09/2026
Uttar Pradesh,Khiri (Lakhimpur),Maigalganj APMC,Banana - Green,Banana - Green,FAQ,1700,1740,1720,08/09/2026
Uttar Pradesh,Siddharth Nagar,Naugarh APMC,Banana - Green,Banana - Green,Grade A,1850,1890,1860,08/09/2026
Uttar Pradesh,Mau(Maunathbhanjan),Kopaganj APMC,Banana - Green,Banana - Green,FAQ,1780,1800,1790,08/09/2026
Uttar Pradesh,Etah,Awagarh APMC,Banana - Green,Banana - Green,FAQ,1400,1600,1500,08/09/2026
Uttar Pradesh,Balrampur,Panchpedwa APMC,Banana - Green,Banana - Green,FAQ,1300,1500,1400,08/09/2026
Uttar Pradesh,Badaun,Shahaswan APMC,Banana - Green,Banana - Green,Medium,1400,1500,1450,08/09/2026
Rajasthan,Ganganagar,Sriganganagar (F&V) APMC,Banana,Banana-Organic,Grade B,3200,3600,3400,08/09/2026
Rajasthan,Jaipur,Jaipur (F&V) APMC,Banana,Other,Medium,1000,2000,1500,08/09/2026
Rajasthan,Ajmer,Ajmer(F&V) APMC,Banana,Other,Medium,1800,2600,2200,08/09/2026
Rajasthan,Jodhpur,Jodhpur (F&V) APMC,Banana,Medium,Medium,1000,2000,1500,08/09/2026
Rajasthan,Udaipur,Udaipur (F&V) APMC,Banana,Medium,Medium,1500,2500,2000,08/09/2026
Karnataka,Bengaluru,Binny Mill (FF&V) Bengaluru APMC,Banana,Elakki Bale,Local,1000,7400,4200,08/09/2026
Karnataka,Davangere,Davangere APMC,Banana,Pachha Bale,Local,900,2700,2000,08/09/2026
Karnataka,Bengaluru,Binny Mill (FF&V) Bengaluru APMC,Banana,Pachha Bale,Local,600,2200,1400,08/09/2026
Karnataka,Bengaluru,Binny Mill (FF&V) Bengaluru APMC,Banana,Nauti Bale,Local,700,2600,1650,08/09/2026
Karnataka,Davangere,Davangere APMC,Banana,Elakki Bale,Local,3000,6200,5000,08/09/2026
Karnataka,Bengaluru,Binny Mill (FF&V) Bengaluru APMC,Banana,Nendra Bale,Local,1000,3400,2200,08/09/2026
Karnataka,Bengaluru,Binny Mill (FF&V) Bengaluru APMC,Banana - Green,Banana - Green,Local,2200,2500,2400,08/09/2026
Gujarat,Valsad,Valsad APMC,Banana,Other,Local,1200,1800,1560,08/09/2026
Gujarat,Navsari,Navsari APMC,Banana,Banana - Ripe,Local,1250,2000,1625,08/09/2026
Gujarat,Surendranagar,Vadhvan APMC,Banana,Other,Medium,2500,3000,2750,08/09/2026
Gujarat,Anand,Khambhat(Veg Yard Khambhat) APMC,Banana,Amruthapani,Large,1600,1700,1600,08/09/2026
Gujarat,Mehsana,Mehsana(Mehsana Veg) APMC,Banana,Other,Local,1650,2500,2250,08/09/2026
Gujarat,Rajkot,Gondal(Veg.market Gondal) APMC,Banana,Banana - Ripe,Local,1400,2800,2100,08/09/2026
Gujarat,Bharuch,Bharuch APMC,Banana - Green,Banana - Green,Local,800,1000,900,08/09/2026
Gujarat,Surendranagar,Vadhvan APMC,Banana - Green,Banana - Green,Medium,1000,1500,1250,08/09/2026
Gujarat,Surat,Surat APMC,Banana - Green,Other,FAQ,700,1500,1100,08/09/2026
Haryana,Rohtak,Rohtak APMC,Banana,Other,Medium,1800,2000,2000,08/09/2026
Haryana,Karnal,Tarori APMC,Banana,Other,Medium,1800,2500,2200,08/09/2026
Haryana,Kurukshetra,Thanesar APMC,Banana,Other,Medium,3500,4500,4000,08/09/2026
Haryana,Fatehabad,Ratia APMC,Banana,Other,Grade A,3000,3500,3200,08/09/2026
Haryana,Ambala,Naraingarh APMC,Banana,Banana - Ripe,Medium,2000,3000,2800,08/09/2026
Haryana,Rohtak,Meham,Banana,Medium,Medium,1700,1700,1700,08/09/2026
Haryana,Faridabad,Ballabhgarh APMC,Banana,Other,Grade A,1500,2000,1800,08/09/2026
Haryana,Hissar,Barwala(Hisar) APMC,Banana,Other,Local,3500,4000,3800,08/09/2026
Haryana,Kaithal,Dhand APMC,Banana,Other,Medium,3500,4000,3800,08/09/2026
Haryana,Sirsa,KALANWALIAPMC,Banana,Other,Local,2500,3500,3000,08/09/2026
Haryana,Gurgaon,Gurgaon APMC,Banana,Other,Grade B,2000,3000,2500,08/09/2026
Haryana,Sonipat,Kharkhoda APMC,Banana,Other,Grade A,2500,3200,2750,08/09/2026
Haryana,Kurukshetra,Ladwa APMC,Banana,Medium,Medium,5500,6000,6000,08/09/2026
Haryana,Karnal,Indri APMC,Banana,Other,Medium,3000,3000,3000,08/09/2026
Haryana,Yamuna Nagar,Sadhaura APMC,Banana,Banana - Ripe,Local,2300,2500,2400,08/09/2026
Haryana,Sonipat,Sonepat APMC,Banana,Other,Medium,3500,4000,3600,08/09/2026
Haryana,Jhajar,Bahadurgarh APMC,Banana,Other,Medium,1500,1600,1550,08/09/2026
Haryana,Kurukshetra,Shahabad APMC,Banana,Medium,Medium,2800,3600,3500,08/09/2026
Haryana,Rohtak,Sampla APMC,Banana,Other,Local,2500,2500,2500,08/09/2026
Haryana,Mahendragarh-Narnaul,Narnaul APMC,Banana,Banana - Ripe,Medium,4000,5000,5000,08/09/2026
Haryana,Rewari,Rewari APMC,Banana,Other,Medium,2500,4500,3500,08/09/2026
Haryana,Panipat,Panipat APMC,Banana,Banana - Ripe,Local,2500,3100,2800,08/09/2026
Haryana,Mahendragarh-Narnaul,Mohindergarh APMC,Banana,Banana - Ripe,Medium,2250,2250,2250,08/09/2026
Haryana,Yamuna Nagar,Jagadhri APMC,Banana,Other,Medium,1500,2000,1800,08/09/2026
Haryana,Karnal,Gharaunda APMC,Banana,Other,Local,6000,6000,6000,08/09/2026
Punjab,Hoshiarpur,Mukerian APMC,Banana,Medium,Grade B,2000,3000,2500,08/09/2026
Punjab,Gurdaspur,Dinanagar APMC,Banana,Medium,Medium,4000,4500,4300,08/09/2026
Punjab,Hoshiarpur,Dasuya APMC,Banana,Banana - Ripe,Grade B,4000,4000,4000,08/09/2026
Punjab,Ludhiana,Doraha APMC,Banana,Amruthapani,Local,2500,3000,2800,08/09/2026
Punjab,Patiala,Nabha APMC,Banana,Other,Grade B,2000,2700,2400,08/09/2026
Punjab,Bhatinda,Raman APMC,Banana,Other,Medium,2505,2595,2540,08/09/2026
Punjab,Gurdaspur,Quadian APMC,Banana,Other,Grade A,2300,2500,2400,08/09/2026
Punjab,Hoshiarpur,GarhShankar (Kotfatuhi) APMC,Banana,Other,Medium,3200,3200,3200,08/09/2026
Punjab,Nawanshahr,Balachaur APMC,Banana,Other,Medium,3000,4000,3500,08/09/2026
Punjab,Fatehgarh,Bassi Pathana APMC,Banana,Medium,Medium,3500,4000,3800,08/09/2026
Punjab,Bhatinda,Maur APMC,Banana,Medium,Grade B,3500,4000,3800,08/09/2026
Punjab,Fazilka,Jalalabad APMC,Banana,Other,Medium,3200,3400,3300,08/09/2026
Punjab,Bhatinda,Bhagta Bhai Ka APMC,Banana,Other,Medium,2700,2700,2700,08/09/2026
Punjab,Muktsar,Malout APMC,Banana,Other,Grade A,1800,1800,1800,08/09/2026
Punjab,Tarntaran,Patti APMC,Banana,Other,Grade B,1.2,1.2,1.2,08/09/2026
Punjab,Hoshiarpur,Garh Shankar APMC,Banana,Other,Medium,3200,3200,3200,08/09/2026
Punjab,Fazilka,Fazilka APMC,Banana,Banana - Ripe,Medium,4000,4000,4000,08/09/2026
Punjab,Ludhiana,Khanna APMC,Banana,Other,Grade A,1800,1800,1800,08/09/2026
Punjab,Moga,Baghapurana APMC,Banana,Medium,Grade B,2500,3500,3000,08/09/2026
Punjab,Patiala,Rajpura APMC,Banana,Other,Grade A,2900,3100,3050,08/09/2026
Punjab,Sangrur,Dhuri APMC,Banana,Other,Medium,1900,2200,2000,08/09/2026
Punjab,Bhatinda,Rampuraphul(Nabha Mandi) APMC,Banana,Other,Grade A,2000,2700,2500,08/09/2026
Punjab,Hoshiarpur,Mukerian(Talwara) APMC,Banana,Banana - Ripe,Medium,2800,3800,3300,08/09/2026
Punjab,Hoshiarpur,Garh Shankar(Mahalpur) APMC,Banana,Other,Medium,2500,2500,2500,08/09/2026
Punjab,Muktsar,Muktsar APMC,Banana,Banana - Ripe,Medium,2400,3200,2800,08/09/2026
Punjab,Mansa,Mansa APMC,Banana,Banana - Ripe,Grade A,2000,2000,2000,08/09/2026
Punjab,Bhatinda,Bathinda APMC,Banana,Other,Grade B,1600,1800,1700,08/09/2026
Punjab,Ludhiana,Jagraon APMC,Banana,Other,Grade A,2200,2200,2200,08/09/2026
Punjab,Patiala,Patran APMC,Banana,Other,Grade A,2800,2800,2800,08/09/2026
Punjab,Sangrur,Ahmedgarh APMC,Banana,Other,Medium,2800,3000,3000,08/09/2026
Punjab,Sangrur,Malerkotla APMC,Banana,Other,Local,1800,1800,1800,08/09/2026
Punjab,Ferozpur,Zira APMC,Banana - Green,Other,Local,1400,1400,1400,08/09/2026
Punjab,Jalandhar,Jalandhar City(Jalandhar) APMC,Banana - Green,Banana - Green,FAQ,1000,1600,1300,08/09/2026
Andhra Pradesh,Dr.B.R.A.Konaseema,Ambajipeta APMC,Banana,Banana - Ripe,Medium,960,2560,1760,08/09/2026
Andhra Pradesh,Dr.B.R.A.Konaseema,Ravulapalem (Kothapeta APMC),Banana,Amruthapani,Local,2600,3800,3400,08/09/2026
Andhra Pradesh,Dr.B.R.A.Konaseema,Ravulapalem (Kothapeta APMC),Banana,Desi(Bontha),Local,1700,2400,1900,08/09/2026
Andhra Pradesh,Tirupathi,Railway Koduru APMC,Banana,Medium,Grade A,800,1000,900,08/09/2026
Andhra Pradesh,Dr.B.R.A.Konaseema,Ravulapalem (Kothapeta APMC),Banana,Chakkarakeli(Red),Local,4300,4800,4500,08/09/2026
Andhra Pradesh,Dr.B.R.A.Konaseema,Ravulapalem (Kothapeta APMC),Banana,Karpura,Local,2400,3800,3400,08/09/2026
Andhra Pradesh,Anakapally,Payakaraopeta APMC,Banana,Karpura,Local,1500,1600,1550,08/09/2026
Andhra Pradesh,YSR Kadapa,Siddavatam APMC,Banana,Medium,Grade B,1500,1700,1600,08/09/2026
Andhra Pradesh,Dr.B.R.A.Konaseema,Ravulapalem (Kothapeta APMC),Banana,Chakkarakeli(White),Local,2200,3700,3400,08/09/2026
Andhra Pradesh,Dr.B.R.A.Konaseema,Ravulapalem (Kothapeta APMC),Banana,Bhushavali(Pacha),Local,2200,2600,2400,08/09/2026
Andhra Pradesh,Tirupathi,Thiruchanur APMC,Banana,Banana - Ripe,Grade A,1000,2000,1600,08/09/2026
West Bengal,Darjeeling,Siliguri APMC,Banana,Banana - Ripe,Grade A,2100,2300,2200,08/09/2026
Odisha,Gajapati,Kasinagar APMC,Banana,Other,Grade Range-1,2300,2500,2400,08/09/2026
Odisha,Kalahandi,Junagarh APMC,Banana - Green,Other,Grade B,1800,2200,2000,08/09/2026
Odisha,Cuttack,Banki APMC,Banana - Green,Banana - Green,Medium,1200,1800,1500,08/09/2026
Odisha,Dhenkanal,Hindol APMC,Banana - Green,Other,Grade B,2500,2800,2700,08/09/2026
Odisha,Sundergarh,Bonai APMC,Banana - Green,Other,FAQ,1300,1500,1400,08/09/2026
Odisha,Kalahandi,Kesinga APMC,Banana - Green,Other,Grade B,1500,1900,1700,08/09/2026
Telangana,Ranga Reddy,L B Nagar APMC,Banana - Green,Banana - Green,Medium,2000,3000,2500,08/09/2026
Telangana,Medchal Malkajgiri,"Kukatpally,RBZ",Banana - Green,Banana - Green,Local,900,900,900,08/09/2026
Telangana,Ranga Reddy,"Saroornagar,RBZ",Banana - Green,Banana - Green,Medium,4000,4000,4000,08/09/2026
Telangana,Hyderabad,RYTHU BAZAR ERRAGADDA,Banana - Green,Banana - Green,Grade A,900,900,900,08/09/2026
Telangana,Hyderabad,Gudimalkapur APMC,Banana - Green,Banana - Green,Grade B,1500,3000,2200,08/09/2026
Telangana,Hyderabad,Bowenpally APMC,Banana - Green,Banana - Green,FAQ,300,600,500,08/09/2026
Uttarakhand,Dehradoon,Dehradoon APMC,Banana,Banana - Ripe,Grade B,1400,1800,1600,08/09/2026
Uttarakhand,Udhamsinghnagar,Rudrapur APMC,Banana,Banana - Ripe,Medium,3000,5000,4000,08/09/2026
Uttarakhand,Udhamsinghnagar,Khateema APMC,Banana,Other,Grade B,1200,1600,1400,08/09/2026
Uttarakhand,Udhamsinghnagar,Kashipur APMC,Banana,Other,Local,1200,1400,1300,08/09/2026
Uttarakhand,Nanital,Haldwani APMC,Banana,Other,Grade A,700,1100,900,08/09/2026
Uttarakhand,Haridwar,Haridwar Union APMC,Banana,Other,Grade B,1300,1800,1500,08/09/2026
Uttarakhand,Dehradoon,Rishikesh APMC,Banana,Other,Medium,1750,1950,1800,08/09/2026
Uttarakhand,Haridwar,Roorkee APMC,Banana,Other,Medium,800,1200,1000,08/09/2026
Uttarakhand,Udhamsinghnagar,Sitarganj APMC,Banana,Banana - Ripe,Grade B,2000,2500,2200,08/09/2026
Uttarakhand,Haridwar,Manglaur APMC,Banana,Other,Medium,1000,1200,1100,08/09/2026
Himachal Pradesh,Hamirpur,PMY Hamirpur,Banana,Other,Grade B,4200,4600,4400,08/09/2026
Himachal Pradesh,Kullu,SMY Bhuntar,Banana,Other,Medium,3600,3800,3700,08/09/2026
Himachal Pradesh,Solan,PMY Kather Solan,Banana,Other,Medium,4800,6100,5500,08/09/2026
Himachal Pradesh,Chamba,PMY Chamba,Banana,Other,Medium,4000,4500,4250,08/09/2026
Himachal Pradesh,Una,PMY Una,Banana,Banana - Ripe,Grade A,3400,3600,3500,08/09/2026
Himachal Pradesh,Kullu,PMY Kullu,Banana,Other,Medium,3900,4200,4000,08/09/2026
Himachal Pradesh,Kangra,SMY Palampur,Banana,Other,Medium,5200,5500,5400,08/09/2026
Himachal Pradesh,Una,SMY Santoshgarh,Banana,Other,Grade A,3400,3500,3450,08/09/2026
Himachal Pradesh,Kangra,SMY Jaisinghpur,Banana,Other,Medium,5400,5600,5500,08/09/2026
Himachal Pradesh,Sirmore,PMY Paonta Sahib,Banana,Medium,Grade A,4500,5000,4800,08/09/2026
Himachal Pradesh,Shimla,SMY Rohroo,Banana,Other,Grade B,5000,5500,5250,08/09/2026
Himachal Pradesh,Kangra,SMY Jassur,Banana,Other,Medium,4000,5000,4500,08/09/2026
Himachal Pradesh,Kangra,SMY Nagrota Bagwan,Banana,Other,Medium,4000,4800,4400,08/09/2026
Himachal Pradesh,Hamirpur,SMY Nadaun,Banana,Other,Grade B,4000,4200,4100,08/09/2026
Himachal Pradesh,Bilaspur,PMY Bilaspur,Banana,Other,Grade B,2900,3400,3200,08/09/2026
Himachal Pradesh,Sirmore,SMY Nahan,Banana,Medium,Grade A,3500,4500,4000,08/09/2026
Himachal Pradesh,Kangra,SMY Dharamshala,Banana,Banana - Ripe,Medium,4500,4700,4600,08/09/2026
Tamil Nadu,Thiruvarur,Tiruthuraipoondi(Uzhavar Sandhai ),Mango,Safeda,Local,7000,7000,7000,08/09/2026
Tamil Nadu,Nagercoil (Kannyiakumari),Vadaseri APMC,Mango,Safeda,Local,6500,7000,6750,08/09/2026
Tamil Nadu,Tenkasi,Tenkasi(Uzhavar Sandhai ),Mango,Neelam,Local,8000,8000,8000,08/09/2026
Tamil Nadu,Madurai,Melur(Uzhavar Sandhai ),Mango,Safeda,Local,7000,8000,7500,08/09/2026
Tamil Nadu,Villupuram,Villupuram(Uzhavar Sandhai ),Mango,Safeda,Local,10000,10000,10000,08/09/2026
Tamil Nadu,Thiruvarur,Mannargudi I(Uzhavar Sandhai ),Mango,Safeda,Local,16000,16000,16000,08/09/2026
Tamil Nadu,Thiruvarur,Mannargudi II(Uzhavar Sandhai ),Mango,Safeda,Local,16000,16000,16000,08/09/2026
Tamil Nadu,Karur,Kulithalai(Uzhavar Sandhai ),Mango,Neelam,Local,5000,6000,5500,08/09/2026
Tamil Nadu,Kallakuruchi,Sankarapuram(Uzhavar Sandhai ),Mango,Neelam,Local,5000,5000,5000,08/09/2026
Tamil Nadu,Nagapattinam,Nagapattinam(Uzhavar Sandhai ),Mango,Other,Local,6000,6000,6000,08/09/2026
Tamil Nadu,Thanjavur,Thanjavur(Uzhavar Sandhai ),Mango,Safeda,Local,8000,8000,8000,08/09/2026
Tamil Nadu,Pudukkottai,Viralimalai(Uzhavar Sandhai ),Mango(Raw-Ripe),Mango - Raw-Ripe,Local,8000,10000,9000,08/09/2026
Tamil Nadu,Thiruvarur,Tiruthuraipoondi(Uzhavar Sandhai ),Mango(Raw-Ripe),Mango - Raw-Ripe,Local,6000,6000,6000,08/09/2026
Tamil Nadu,Nagercoil (Kannyiakumari),Vadaseri APMC,Mango(Raw-Ripe),Mango - Raw-Ripe,Local,6500,7000,6750,08/09/2026
Tamil Nadu,Vellore,Vellore APMC,Mango(Raw-Ripe),Mango - Raw-Ripe,Local,10000,10000,10000,08/09/2026
Tamil Nadu,Erode,Sathiyamagalam(Uzhavar Sandhai ),Mango(Raw-Ripe),Mango - Raw-Ripe,Local,4000,4400,4200,08/09/2026
Tamil Nadu,Sivaganga,Karaikudi(Uzhavar Sandhai ),Mango(Raw-Ripe),Mango - Raw-Ripe,Local,9500,10500,10000,08/09/2026
Tamil Nadu,Thiruchirappalli,Manapparai(Uzhavar Sandhai ),Mango(Raw-Ripe),Mango - Raw-Ripe,Local,8000,10000,9000,08/09/2026
Tamil Nadu,Chengalpattu,Pallavaram(Uzhavar Sandhai ),Mango(Raw-Ripe),Mango - Raw-Ripe,Local,6000,7000,6500,08/09/2026
Tamil Nadu,Cuddalore,Viruthachalam(Uzhavar Sandhai ),Mango(Raw-Ripe),Mango - Raw-Ripe,Local,10000,10000,10000,08/09/2026
Tamil Nadu,Thanjavur,Kumbakonam (Uzhavar Sandhai ),Mango(Raw-Ripe),Mango - Raw-Ripe,Local,13200,13200,13200,08/09/2026
Tamil Nadu,Villupuram,Gingee(Uzhavar Sandhai ),Mango(Raw-Ripe),Mango - Raw-Ripe,Local,9000,9000,9000,08/09/2026
Tamil Nadu,Thiruchirappalli,Thuraiyur APMC,Mango(Raw-Ripe),Mango - Raw-Ripe,Local,8000,9000,8500,08/09/2026
Tamil Nadu,Thiruvannamalai,Tamarainagar(Uzhavar Sandhai ),Mango(Raw-Ripe),Mango - Raw-Ripe,Local,7000,8000,7500,08/09/2026
Tamil Nadu,Coimbatore,Mettupalayam(Uzhavar Sandhai ),Mango(Raw-Ripe),Mango - Raw-Ripe,Local,7000,8000,7500,08/09/2026
Tamil Nadu,Coimbatore,Singanallur(Uzhavar Sandhai ),Mango(Raw-Ripe),Mango - Raw-Ripe,Local,6000,7000,6500,08/09/2026
Tamil Nadu,Vellore,Gudiyatham(Uzhavar Sandhai ),Mango(Raw-Ripe),Mango - Raw-Ripe,Local,7000,7000,7000,08/09/2026
Tamil Nadu,Thiruchirappalli,Thiruverumbur(Uzhavar Sandhai ),Mango(Raw-Ripe),Mango - Raw-Ripe,Local,8000,8000,8000,08/09/2026
Tamil Nadu,Chengalpattu,Chengalpet(Uzhavar Sandhai ),Mango(Raw-Ripe),Mango - Raw-Ripe,Local,6000,7000,6500,08/09/2026
Tamil Nadu,The Nilgiris,Udhagamandalam(Uzhavar Sandhai ),Mango(Raw-Ripe),Mango - Raw-Ripe,Local,8000,10000,9000,08/09/2026
Tamil Nadu,Thiruvarur,Tiruvarur(Uzhavar Sandhai ),Mango(Raw-Ripe),Mango - Raw-Ripe,Local,7000,7000,7000,08/09/2026
Tamil Nadu,Madurai,Melur(Uzhavar Sandhai ),Mango(Raw-Ripe),Mango - Raw-Ripe,Local,9000,10000,9500,08/09/2026
Tamil Nadu,Thirupathur,Vaniyampadi(Uzhavar Sandhai ),Mango(Raw-Ripe),Mango - Raw-Ripe,Local,10000,10000,10000,08/09/2026
Tamil Nadu,Perambalur,Perambalur(Uzhavar Sandhai ),Mango(Raw-Ripe),Mango - Raw-Ripe,Local,8800,9600,9200,08/09/2026
Tamil Nadu,Salem,Sooramangalam(Uzhavar Sandhai ),Mango(Raw-Ripe),Mango - Raw-Ripe,Local,3500,4000,3750,08/09/2026
Tamil Nadu,Thirunelveli,Melapalayam(Uzhavar Sandhai ),Mango(Raw-Ripe),Mango - Raw-Ripe,Local,7000,8000,7500,08/09/2026
Tamil Nadu,Thirunelveli,Palayamkottai(Uzhavar Sandhai ),Mango(Raw-Ripe),Mango - Raw-Ripe,Local,7000,8000,7500,08/09/2026
Tamil Nadu,Cuddalore,Vadalur(Uzhavar Sandhai ),Mango(Raw-Ripe),Mango - Raw-Ripe,Local,5000,5000,5000,08/09/2026
Tamil Nadu,Karur,Pallapatti (Uzhavar Sandhai ),Mango(Raw-Ripe),Mango - Raw-Ripe,Local,8000,10000,9000,08/09/2026
Tamil Nadu,Sivaganga,Sivagangai (Uzhavar Sandhai ),Mango(Raw-Ripe),Mango - Raw-Ripe,Local,10000,10000,10000,08/09/2026
Tamil Nadu,Cuddalore,Chidambaram(Uzhavar Sandhai ),Mango(Raw-Ripe),Mango - Raw-Ripe,Local,9000,9000,9000,08/09/2026
Tamil Nadu,Krishnagiri,Kaveripattinam(Uzhavar Sandhai ),Mango(Raw-Ripe),Mango - Raw-Ripe,Local,9000,9000,9000,08/09/2026
Tamil Nadu,Coimbatore,Udumalpet APMC,Mango(Raw-Ripe),Mango - Raw-Ripe,Local,9000,10000,9500,08/09/2026
Tamil Nadu,Madurai,Chokkikulam(Uzhavar Sandhai ),Mango(Raw-Ripe),Mango - Raw-Ripe,Local,9000,10000,9500,08/09/2026
Tamil Nadu,Thiruvannamalai,Tiruvannamalai(Uzhavar Sandhai ),Mango(Raw-Ripe),Mango - Raw-Ripe,Local,8000,10000,9000,08/09/2026
Tamil Nadu,Thiruvarur,Mannargudi II(Uzhavar Sandhai ),Mango(Raw-Ripe),Mango - Raw-Ripe,Local,9600,9600,9600,08/09/2026
Tamil Nadu,Tuticorin,Kovilpatti(Uzhavar Sandhai ),Mango(Raw-Ripe),Mango - Raw-Ripe,Local,7500,8000,7750,08/09/2026
Tamil Nadu,Villupuram,Villupuram(Uzhavar Sandhai ),Mango(Raw-Ripe),Mango - Raw-Ripe,Local,9000,9000,9000,08/09/2026
Tamil Nadu,Nagapattinam,Nagapattinam(Uzhavar Sandhai ),Mango(Raw-Ripe),Mango - Raw-Ripe,Local,4000,5300,4650,08/09/2026
Tamil Nadu,Tenkasi,Tenkasi(Uzhavar Sandhai ),Mango(Raw-Ripe),Mango - Raw-Ripe,Local,6000,7000,6500,08/09/2026
Tamil Nadu,Thiruchirappalli,Manachanallur(Uzhavar Sandhai ),Mango(Raw-Ripe),Mango - Raw-Ripe,Local,8000,10000,9000,08/09/2026
Tamil Nadu,Chengalpattu,Jameenrayapettai(Uzhavar Sandhai ),Mango(Raw-Ripe),Mango - Raw-Ripe,Local,6000,7000,6500,08/09/2026
Tamil Nadu,Villupuram,Tindivanam APMC,Mango(Raw-Ripe),Mango - Raw-Ripe,Local,6000,6000,6000,08/09/2026
Tamil Nadu,Dindigul,Palani(Uzhavar Sandhai ),Mango(Raw-Ripe),Mango - Raw-Ripe,Local,7000,10000,8500,08/09/2026
Tamil Nadu,Madurai,Anaiyur(Uzhavar Sandhai ),Mango(Raw-Ripe),Mango - Raw-Ripe,Local,8000,10000,9000,08/09/2026
Tamil Nadu,Madurai,Palanganatham(Uzhavar Sandhai ),Mango(Raw-Ripe),Mango - Raw-Ripe,Local,9000,10000,9500,08/09/2026
Tamil Nadu,Ranipet,Ranipettai(Uzhavar Sandhai ),Mango(Raw-Ripe),Mango - Raw-Ripe,Local,8000,10000,9000,08/09/2026
Tamil Nadu,Coimbatore,Sulur(Uzhavar Sandhai ),Mango(Raw-Ripe),Mango - Raw-Ripe,Local,6000,7000,6500,08/09/2026
Tamil Nadu,Thiruvarur,Needamangalam(Uzhavar Sandhai ),Mango(Raw-Ripe),Mango - Raw-Ripe,Local,9000,9000,9000,08/09/2026
Tamil Nadu,Nagapattinam,Vedaranyam(Uzhavar Sandhai),Mango(Raw-Ripe),Mango - Raw-Ripe,Local,4200,4500,4350,08/09/2026
Tamil Nadu,Tuticorin,Tuticorin(Uzhavar Sandhai ),Mango(Raw-Ripe),Mango - Raw-Ripe,Local,11000,12000,11500,08/09/2026
Tamil Nadu,Coimbatore,Sundarapuram(Uzhavar Sandhai ),Mango(Raw-Ripe),Mango - Raw-Ripe,Local,7000,8000,7500,08/09/2026
Tamil Nadu,Thiruchirappalli,KKNagar(Uzhavar Sandhai ),Mango(Raw-Ripe),Mango - Raw-Ripe,Local,10000,10000,10000,08/09/2026
Tamil Nadu,Ramanathapuram,Ramanathapuram(Uzhavar Sandhai ),Mango(Raw-Ripe),Mango - Raw-Ripe,Local,5000,5500,5250,08/09/2026
Tamil Nadu,Thiruvarur,Mannargudi I(Uzhavar Sandhai ),Mango(Raw-Ripe),Mango - Raw-Ripe,Local,9600,9600,9600,08/09/2026
Tamil Nadu,Vellore,Kahithapattarai(Uzhavar Sandhai ),Mango(Raw-Ripe),Mango - Raw-Ripe,Local,9000,9000,9000,08/09/2026
Tamil Nadu,Thiruvannamalai,Cheyyar(Uzhavar Sandhai ),Mango(Raw-Ripe),Mango - Raw-Ripe,Local,7000,8000,7500,08/09/2026
Tamil Nadu,Namakkal,Namakkal(Uzhavar Sandhai ),Mango(Raw-Ripe),Mango - Raw-Ripe,Local,8000,8500,8250,08/09/2026
Tamil Nadu,Namakkal,Rasipuram(Uzhavar Sandhai ),Mango(Raw-Ripe),Mango - Raw-Ripe,Local,4500,5500,5000,08/09/2026
Tamil Nadu,Madurai,Anna nagar(Uzhavar Sandhai ),Mango(Raw-Ripe),Mango - Raw-Ripe,Local,9000,11000,10000,08/09/2026
Tamil Nadu,Thiruvarur,Muthupettai(Uzhavar Sandhai ),Mango(Raw-Ripe),Mango - Raw-Ripe,Local,9000,9000,9000,08/09/2026
Tamil Nadu,Pudukkottai,Gandarvakottai(Uzhavar Sandhai ),Mango(Raw-Ripe),Mango - Raw-Ripe,Local,7000,8000,7500,08/09/2026
Tamil Nadu,Nagapattinam,Mayiladuthurai(Uzhavar Sandhai ),Mango(Raw-Ripe),Mango - Raw-Ripe,Local,7000,8000,7500,08/09/2026
Tamil Nadu,Thiruvannamalai,Arani(Uzhavar Sandhai ),Mango(Raw-Ripe),Mango - Raw-Ripe,Local,8000,10000,9000,08/09/2026
Tamil Nadu,Karur,Kulithalai(Uzhavar Sandhai ),Mango(Raw-Ripe),Mango - Raw-Ripe,Local,7000,9000,8000,08/09/2026
Tamil Nadu,Kallakuruchi,Sankarapuram(Uzhavar Sandhai ),Mango(Raw-Ripe),Mango - Raw-Ripe,Local,9000,9000,9000,08/09/2026
Tamil Nadu,Cuddalore,Cuddalore(Uzhavar Sandhai ),Mango(Raw-Ripe),Mango - Raw-Ripe,Local,10000,10000,10000,08/09/2026
Tamil Nadu,Pudukkottai,Pudukottai(Uzhavar Sandhai ),Mango(Raw-Ripe),Mango - Raw-Ripe,Local,8500,10000,9250,08/09/2026
Tamil Nadu,Thiruvarur,Valangaiman APMC,Mango(Raw-Ripe),Mango - Raw-Ripe,Local,6000,6000,6000,08/09/2026
Tamil Nadu,Thiruvellore,Tiruvallur(Uzhavar Sandhai ),Mango(Raw-Ripe),Mango - Raw-Ripe,Local,5000,5000,5000,08/09/2026
Tamil Nadu,Sivaganga,Singampunari(Uzhavar Sandhai ),Mango(Raw-Ripe),Mango - Raw-Ripe,Local,9000,10000,9500,08/09/2026
Tamil Nadu,Sivaganga,Tirupatthur(Uzhavar Sandhai ),Mango(Raw-Ripe),Mango - Raw-Ripe,Local,9500,10500,10000,08/09/2026
Tamil Nadu,Thiruchirappalli,Lalgudi(Uzhavar Sandhai ),Mango(Raw-Ripe),Mango - Raw-Ripe,Local,10000,10000,10000,08/09/2026
Tamil Nadu,Thiruchirappalli,Musiri(Uzhavar Sandhai ),Mango(Raw-Ripe),Mango - Raw-Ripe,Local,9000,10000,9500,08/09/2026
Tamil Nadu,Nagapattinam,Sirkali(Uzhavar Sandhai ),Mango(Raw-Ripe),Mango - Raw-Ripe,Local,8500,9000,8750,08/09/2026
Tamil Nadu,Sivaganga,Devakottai (Uzhavar Sandhai ),Mango(Raw-Ripe),Mango - Raw-Ripe,Local,9200,10200,9700,08/09/2026
Maharashtra,Ahilyanagar,APMC Ahilyanagar ,Mango(Raw-Ripe),Other,Local,2000,4000,3000,08/09/2026
Maharashtra,Mumbai,APMC Mumbai ,Mango(Raw-Ripe),Other,Local,4000,5000,4500,08/09/2026
Haryana,Hissar,Hansi APMC,Mango,Other,Grade B,10000,12000,11000,08/09/2026
Punjab,Jalandhar,Jalandhar City(Jalandhar) APMC,Mango,Other,Medium,2100,6000,4200,08/09/2026
Andhra Pradesh,Tirupathi,Puttur APMC,Mango,Other,Grade B,1100,1200,1150,08/09/2026
Andhra Pradesh,Chittor,Bangarupalyam APMC,Mango,Other,Grade B,1000,1200,1100,08/09/2026
Andhra Pradesh,Anakapally,Payakaraopeta APMC,Mango,Other,Local,2400,2500,2450,08/09/2026
Telangana,Hyderabad,Bowenpally APMC,Mango(Raw-Ripe),Mango - Raw-Ripe,FAQ,1500,2600,2300,08/09/2026
Tamil Nadu,Erode,Sampath Nagar(Uzhavar Sandhai ),Pomegranate,Pomogranate,Local,15000,16000,15500,08/09/2026
Tamil Nadu,Coimbatore,RSPuram(Uzhavar Sandhai ),Pomegranate,Pomogranate,Local,10000,14000,12000,08/09/2026
Tamil Nadu,Thanjavur,Thanjavur(Uzhavar Sandhai ),Pomegranate,Pomogranate,Local,24000,24000,24000,08/09/2026
Tamil Nadu,Virudhunagar,Aruppukottai(Uzhavar Sandhai ),Pomegranate,Pomogranate,Local,22000,24000,23000,08/09/2026
Tamil Nadu,Krishnagiri,Hosur(Uzhavar Sandhai ),Pomegranate,Pomogranate,Local,10000,12000,11000,08/09/2026
Tamil Nadu,Madurai,Anaiyur(Uzhavar Sandhai ),Pomegranate,Pomogranate,Local,20000,22000,21000,08/09/2026
Tamil Nadu,Chengalpattu,Guduvancheri(Uzhavar Sandhai ),Pomegranate,Pomogranate,Local,12000,14000,13000,08/09/2026
Tamil Nadu,Kancheepuram,Kundrathur(Uzhavar Sandhai ),Pomegranate,Pomogranate,Local,15000,15000,15000,08/09/2026
Tamil Nadu,Thiruchirappalli,KKNagar(Uzhavar Sandhai ),Pomegranate,Pomogranate,Local,17000,17000,17000,08/09/2026
Tamil Nadu,Coimbatore,Vadavalli(Uzhavar Sandhai ),Pomegranate,Pomogranate,Local,10000,14000,12000,08/09/2026
Tamil Nadu,Madurai,Chokkikulam(Uzhavar Sandhai ),Pomegranate,Pomogranate,Local,18000,22000,20000,08/09/2026
Tamil Nadu,Vellore,Katpadi (Uzhavar Sandhai ),Pomegranate,Pomogranate,Local,18000,18000,18000,08/09/2026
Tamil Nadu,Salem,Hasthampatti(Uzhavar Sandhai ),Pomegranate,Pomogranate,Local,10000,12000,11000,08/09/2026
Tamil Nadu,Perambalur,Perambalur(Uzhavar Sandhai ),Pomegranate,Pomogranate,Local,18000,20000,19000,08/09/2026
Tamil Nadu,Theni,Theni(Uzhavar Sandhai ),Pomegranate,Pomogranate,Local,16000,22000,19000,08/09/2026
Tamil Nadu,Thirunelveli,Palayamkottai(Uzhavar Sandhai ),Pomegranate,Pomogranate,Local,16000,20000,18000,08/09/2026
Tamil Nadu,Thiruvarur,Mannargudi I(Uzhavar Sandhai ),Pomegranate,Pomogranate,Local,10000,10000,10000,08/09/2026
Tamil Nadu,Coimbatore,Mettupalayam(Uzhavar Sandhai ),Pomegranate,Pomogranate,Local,14000,15000,14500,08/09/2026
Tamil Nadu,Tuticorin,Tuticorin(Uzhavar Sandhai ),Pomegranate,Pomogranate,Local,21000,22000,21500,08/09/2026
Tamil Nadu,Chengalpattu,Nanganallur(Uzhavar Sandhai ),Pomegranate,Pomogranate,Local,13000,14000,13500,08/09/2026
Tamil Nadu,Madurai,Anna nagar(Uzhavar Sandhai ),Pomegranate,Pomogranate,Local,14000,18000,16000,08/09/2026
Tamil Nadu,Salem,Ammapet(Uzhavar Sandhai ),Pomegranate,Pomogranate,Local,14000,15000,14500,08/09/2026
Tamil Nadu,Coimbatore,Singanallur(Uzhavar Sandhai ),Pomegranate,Pomogranate,Local,12000,14000,13000,08/09/2026
Tamil Nadu,Thiruvannamalai,Tiruvannamalai(Uzhavar Sandhai ),Pomegranate,Pomogranate,Local,14000,16000,15000,08/09/2026
Tamil Nadu,Vellore,Kahithapattarai(Uzhavar Sandhai ),Pomegranate,Pomogranate,Local,14000,14000,14000,08/09/2026
Tamil Nadu,Chengalpattu,Jameenrayapettai(Uzhavar Sandhai ),Pomegranate,Pomogranate,Local,12000,14000,13000,08/09/2026
Tamil Nadu,The Nilgiris,Udhagamandalam(Uzhavar Sandhai ),Pomegranate,Pomogranate,Local,10000,14000,12000,08/09/2026
Tamil Nadu,Coimbatore,Udumalpet APMC,Pomegranate,Pomogranate,Local,11000,13000,12000,08/09/2026
Tamil Nadu,Madurai,Palanganatham(Uzhavar Sandhai ),Pomegranate,Pomogranate,Local,18000,22000,20000,08/09/2026
Tamil Nadu,Salem,Thathakapatti(Uzhavar Sandhai ),Pomegranate,Pomogranate,Local,12000,16000,14000,08/09/2026
Madhya Pradesh,Neemuch,Neemuch APMC,Pomegranate,Other,Medium,2481,2850,2850,08/09/2026
Madhya Pradesh,Burhanpur,Burhanpur(F&V) APMC,Pomegranate,Other,Grade A,2500,6500,5500,08/09/2026
Madhya Pradesh,Ujjain,Ujjain(F&V) APMC,Pomegranate,Pomogranate,Medium,4444,9300,7176,08/09/2026
Madhya Pradesh,Indore,Indore(F&V) APMC,Pomegranate,Pomogranate,Local,3000,9000,6000,08/09/2026
Maharashtra,Jalgaon,APMC Jalgaon ,Pomegranate,Other,Local,5000,12000,8500,08/09/2026
Maharashtra,Chattrapati Sambhajinagar,APMC Chattrapati Sambhajinagar ,Pomegranate,Other,Local,600,12500,6550,08/09/2026
Maharashtra,Solapur,"Perfect Krushi Market Yard, Tal Madha, Dist Solapur",Pomegranate,Other,Local,1450,13200,9200,08/09/2026
Maharashtra,Ahilyanagar,APMC Sangamner ,Pomegranate,Other,Local,1500,10000,6575,08/09/2026
Maharashtra,Nashik,APMC Nasik ,Pomegranate,Other,Local,300,9500,6100,08/09/2026
Maharashtra,Pune,APMC Indapur ,Pomegranate,Other,Local,1500,15500,4500,08/09/2026
Maharashtra,Pune,Pune(Manjri) ,Pomegranate,Other,Local,5000,7000,6000,08/09/2026
Maharashtra,Ahilyanagar,APMC Ahilyanagar ,Pomegranate,Other,Local,1000,9000,5000,08/09/2026
Maharashtra,Nashik,"Perfect Krishi Market Yard Pvt Ltd, Dist Nashik",Pomegranate,Other,Local,1300,12600,8400,08/09/2026
Maharashtra,Ahilyanagar,APMC Shrirampur ,Pomegranate,Other,Local,2000,30000,16000,08/09/2026
Maharashtra,Nagpur,APMC Hingna,Pomegranate,Other,Local,4500,12000,8250,08/09/2026
Maharashtra,Pune,Pune(Moshi) ,Pomegranate,Other,Local,8000,10000,9000,08/09/2026
Maharashtra,Amarawati,Amrawati(Frui & Veg. Market) ,Pomegranate,Other,Local,4000,8000,6000,08/09/2026
Maharashtra,Mumbai,Mumbai- Fruit Market ,Pomegranate,Other,Local,8000,15000,11500,08/09/2026
Maharashtra,Ahilyanagar,APMC Rahata ,Pomegranate,Other,Local,1000,27500,5500,08/09/2026
Maharashtra,Nashik,APMC Pimpalgaon Baswant ,Pomegranate,Other,Local,250,11500,9000,08/09/2026
Maharashtra,Pune,APMC Pune ,Pomegranate,Other,Local,2000,10000,6000,08/09/2026
Maharashtra,Nagpur,APMC Nagpur ,Pomegranate,Other,Local,2000,6000,5000,08/09/2026
Maharashtra,Solapur,APMC Solapur ,Pomegranate,Other,Local,1000,20000,5500,08/09/2026
Maharashtra,Solapur,APMC Sangola ,Pomegranate,Other,Local,2200,14200,8000,08/09/2026
Uttar Pradesh,Siddharth Nagar,Naugarh APMC,Pomegranate,Pomogranate,Grade A,6880,6895,6890,08/09/2026
Rajasthan,Jaipur,Jaipur (F&V) APMC,Pomegranate,Other,Medium,5000,13000,9000,08/09/2026
Rajasthan,Jodhpur,Jodhpur (F&V) APMC,Pomegranate,Other,Medium,4000,8000,6000,08/09/2026
Rajasthan,Ganganagar,Sriganganagar (F&V) APMC,Pomegranate,Pomogranate,Grade B,8800,9200,9000,08/09/2026
Rajasthan,Ajmer,Ajmer(F&V) APMC,Pomegranate,Other,Medium,5000,12000,8500,08/09/2026
Rajasthan,Udaipur,Udaipur (F&V) APMC,Pomegranate,Other,Medium,3000,7000,5000,08/09/2026
Karnataka,Bengaluru,Binny Mill (FF&V) Bengaluru APMC,Pomegranate,Pomogranate,Large,10000,18000,14000,08/09/2026
Karnataka,Davangere,Davangere APMC,Pomegranate,Pomogranate,Local,6000,8000,7000,08/09/2026
Karnataka,Kalaburagi,Kalaburagi APMC,Pomegranate,Pomogranate,Local,2500,3500,3000,08/09/2026
Gujarat,Rajkot,Gondal(Veg.market Gondal) APMC,Pomegranate,Pomogranate,Local,1000,10000,5500,08/09/2026
Haryana,Jind,Narwana APMC,Pomegranate,Pomogranate,Local,8000,9000,8500,08/09/2026
Haryana,Sonipat,Ganaur APMC,Pomegranate,Pomogranate,Medium,12000,15000,14000,08/09/2026
Haryana,Hissar,Barwala(Hisar) APMC,Pomegranate,Pomogranate,Local,12000,13000,12500,08/09/2026
Haryana,Kurukshetra,Ladwa APMC,Pomegranate,Pomogranate,Medium,10000,15000,12000,08/09/2026
Haryana,Sonipat,Gohana APMC,Pomegranate,Other,Medium,10000,12000,11000,08/09/2026
Haryana,Faridabad,Faridabad APMC,Pomegranate,Pomogranate,Grade B,8000,8000,8000,08/09/2026
Haryana,Ambala,Barara APMC,Pomegranate,Other,Medium,7500,9000,8000,08/09/2026
Haryana,Yamuna Nagar,Jagadhri APMC,Pomegranate,Pomogranate,Medium,5000,10000,8000,08/09/2026
Haryana,Sonipat,Sonepat APMC,Pomegranate,Other,Medium,5000,9000,8000,08/09/2026
Haryana,Karnal,Indri APMC,Pomegranate,Other,Medium,9000,13000,9000,08/09/2026
Haryana,Panipat,Panipat APMC,Pomegranate,Pomogranate,Local,4000,8000,6000,08/09/2026
Haryana,Fatehabad,Ratia APMC,Pomegranate,Other,Grade A,7100,11000,9000,08/09/2026
Haryana,Mahendragarh-Narnaul,Narnaul APMC,Pomegranate,Pomogranate,Medium,8000,11000,9000,08/09/2026
Haryana,Hissar,Hansi APMC,Pomegranate,Other,Grade B,8000,15000,12000,08/09/2026
Haryana,Kurukshetra,Thanesar APMC,Pomegranate,Pomogranate,Medium,6000,12000,9000,08/09/2026
Haryana,Mewat,Punhana APMC,Pomegranate,Other,Medium,8000,10000,9000,08/09/2026
Haryana,Gurgaon,Gurgaon APMC,Pomegranate,Other,Grade B,5000,10000,7500,08/09/2026
Haryana,Rohtak,Meham,Pomegranate,Pomogranate,Medium,6000,6000,6000,08/09/2026
Haryana,Fatehabad,Fatehabad APMC,Pomegranate,Pomogranate,Local,8000,8000,8000,08/09/2026
Haryana,Rohtak,Rohtak APMC,Pomegranate,Other,Medium,6000,10000,8000,08/09/2026
Haryana,Ambala,Naraingarh APMC,Pomegranate,Pomogranate,Medium,6000,8500,7000,08/09/2026
Haryana,Mahendragarh-Narnaul,Mohindergarh APMC,Pomegranate,Pomogranate,Medium,6000,6000,6000,08/09/2026
Haryana,Kurukshetra,Shahabad APMC,Pomegranate,Pomogranate,Medium,7000,9000,8000,08/09/2026
Punjab,Hoshiarpur,Mukerian APMC,Pomegranate,Pomogranate,Grade B,12000,14000,13000,08/09/2026
Punjab,Nawanshahr,Balachaur APMC,Pomegranate,Pomogranate,Medium,5000,6000,5500,08/09/2026
Punjab,Sangrur,Malerkotla APMC,Pomegranate,Other,Local,2500,6500,5000,08/09/2026
Punjab,Muktsar,Muktsar APMC,Pomegranate,Pomogranate,Medium,9000,13000,11000,08/09/2026
Punjab,Mansa,Mansa APMC,Pomegranate,Pomogranate,Grade A,13200,13200,13200,08/09/2026
Punjab,Bhatinda,Bathinda APMC,Pomegranate,Pomogranate,Grade B,13000,24000,16000,08/09/2026
Punjab,Ludhiana,Jagraon APMC,Pomegranate,Other,Grade A,8000,8000,8000,08/09/2026
Punjab,Fatehgarh,Bassi Pathana APMC,Pomegranate,Pomogranate,Medium,11000,13000,12000,08/09/2026
Punjab,Hoshiarpur,Garh Shankar APMC,Pomegranate,Other,Medium,7500,7500,7500,08/09/2026
Punjab,Ludhiana,Khanna APMC,Pomegranate,Other,Grade A,8000,8000,8000,08/09/2026
Punjab,Fazilka,Jalalabad APMC,Pomegranate,Other,Medium,14000,14500,14200,08/09/2026
Punjab,Patiala,Patran APMC,Pomegranate,Other,Grade A,9490,9490,9490,08/09/2026
West Bengal,Kolkata,Mechua APMC,Pomegranate,Other,Grade A,11000,12800,11500,08/09/2026
Telangana,Ranga Reddy,Gaddiannaram APMC,Pomegranate,Pomogranate,Medium,1000,12000,3000,08/09/2026
Telangana,Warangal,Warangal APMC,Pomegranate,Pomogranate,Large,6000,13000,9000,08/09/2026
Uttarakhand,Dehradoon,Rishikesh APMC,Pomegranate,Other,Medium,6200,10200,7800,08/09/2026
Uttarakhand,Dehradoon,Vikasnagar APMC,Pomegranate,Other,Medium,3000,5000,5000,08/09/2026
Uttarakhand,Haridwar,Manglaur APMC,Pomegranate,Other,Medium,4000,5300,4500,08/09/2026
Uttarakhand,Udhamsinghnagar,Khateema APMC,Pomegranate,Pomogranate,Grade A,8000,10000,9000,08/09/2026
Uttarakhand,Udhamsinghnagar,Kashipur APMC,Pomegranate,Other,Local,6400,6600,6500,08/09/2026
Uttarakhand,Udhamsinghnagar,Rudrapur APMC,Pomegranate,Other,Medium,5000,8000,7000,08/09/2026
Uttarakhand,Dehradoon,Dehradoon APMC,Pomegranate,Other,Grade B,5500,8500,6500,08/09/2026
Uttarakhand,Dehradoon,Dehradoon APMC,Pomegranate,Other,Grade A,6500,10500,9500,08/09/2026
Uttarakhand,Haridwar,Haridwar Union APMC,Pomegranate,Pomogranate,Grade C,4000,5500,4500,08/09/2026
Himachal Pradesh,Bilaspur,PMY Bilaspur,Pomegranate,Pomogranate,Grade B,10000,13000,12000,08/09/2026
Himachal Pradesh,Kullu,PMY Kullu,Pomegranate,Other,Medium,3000,7000,5000,08/09/2026
Himachal Pradesh,Kangra,SMY Dharamshala,Pomegranate,Pomogranate,Medium,9500,10000,9750,08/09/2026
Himachal Pradesh,Kullu,SMY Bandrol,Pomegranate,Other,Grade A,3000,7000,4500,08/09/2026
Himachal Pradesh,Shimla,PMY Dhalli Shimla,Pomegranate,Other,Grade A,10000,15000,12000,08/09/2026
Himachal Pradesh,Mandi,SMY Dhanotu,Pomegranate,Pomogranate,Medium,5000,13000,9500,08/09/2026
Himachal Pradesh,Una,PMY Una,Pomegranate,Pomogranate,Grade A,9000,14000,11000,08/09/2026
Himachal Pradesh,Kangra,SMY Jassur,Pomegranate,Other,Medium,8000,12000,10000,08/09/2026
Himachal Pradesh,Kangra,SMY Nagrota Bagwan,Pomegranate,Pomogranate,Medium,9000,10500,9500,08/09/2026
Himachal Pradesh,Shimla,SMY Rohroo,Pomegranate,Other,Grade B,8000,9000,8500,08/09/2026
Himachal Pradesh,Hamirpur,SMY Nadaun,Pomegranate,Pomogranate,Grade B,9500,10000,9750,08/09/2026
Himachal Pradesh,Sirmore,SMY Nahan,Pomegranate,Other,Grade A,10000,15000,12000,08/09/2026
Himachal Pradesh,Kullu,SMY Shatt,Pomegranate,Other,Medium,4000,6000,5000,08/09/2026
Himachal Pradesh,Hamirpur,PMY Hamirpur,Pomegranate,Other,Grade B,10000,14000,12000,08/09/2026
Himachal Pradesh,Kullu,SMY Bhuntar,Pomegranate,Other,Medium,3000,8500,6000,08/09/2026
Himachal Pradesh,Kangra,SMY Palampur,Pomegranate,Pomogranate,Medium,6000,15000,11000,08/09/2026
Himachal Pradesh,Sirmore,PMY Paonta Sahib,Pomegranate,Other,Grade A,9000,12000,10000,08/09/2026
Himachal Pradesh,Mandi,SMY Takoli,Pomegranate,Other,Medium,3000,6200,4000,08/09/2026
Tamil Nadu,The Nilgiris,Udhagamandalam(Uzhavar Sandhai ),Grapes,Annabesahai,Local,8000,10000,9000,08/09/2026
Tamil Nadu,Madurai,Palanganatham(Uzhavar Sandhai ),Grapes,Annabesahai,Local,11000,12000,11500,08/09/2026
Tamil Nadu,Perambalur,Perambalur(Uzhavar Sandhai ),Grapes,Annabesahai,Local,10000,12000,11000,08/09/2026
Tamil Nadu,Madurai,Chokkikulam(Uzhavar Sandhai ),Grapes,Annabesahai,Local,11000,12000,11500,08/09/2026
Tamil Nadu,Chengalpattu,Nanganallur(Uzhavar Sandhai ),Grapes,Annabesahai,Local,9000,10000,9500,08/09/2026
Tamil Nadu,Chengalpattu,Jameenrayapettai(Uzhavar Sandhai ),Grapes,Annabesahai,Local,11000,12000,11500,08/09/2026
Tamil Nadu,Coimbatore,Singanallur(Uzhavar Sandhai ),Grapes,Annabesahai,Local,9000,10000,9500,08/09/2026
Tamil Nadu,Thanjavur,Thanjavur(Uzhavar Sandhai ),Grapes,Annabesahai,Local,12000,12000,12000,08/09/2026
Tamil Nadu,Thiruchirappalli,Manapparai(Uzhavar Sandhai ),Grapes,Annabesahai,Local,10000,10000,10000,08/09/2026
Tamil Nadu,Coimbatore,Vadavalli(Uzhavar Sandhai ),Grapes,Annabesahai,Local,9000,10000,9500,08/09/2026
Tamil Nadu,Madurai,Anaiyur(Uzhavar Sandhai ),Grapes,Annabesahai,Local,11000,12000,11500,08/09/2026
Tamil Nadu,Thiruvarur,Mannargudi I(Uzhavar Sandhai ),Grapes,Annabesahai,Local,11000,11000,11000,08/09/2026
Tamil Nadu,Coimbatore,RSPuram(Uzhavar Sandhai ),Grapes,Annabesahai,Local,9000,10000,9500,08/09/2026
Tamil Nadu,Theni,Theni(Uzhavar Sandhai ),Grapes,Annabesahai,Local,12000,12000,12000,08/09/2026
Tamil Nadu,Salem,Hasthampatti(Uzhavar Sandhai ),Grapes,Annabesahai,Local,8000,10000,9000,08/09/2026
Tamil Nadu,Erode,Sampath Nagar(Uzhavar Sandhai ),Grapes,Annabesahai,Local,11000,11500,11250,08/09/2026
Tamil Nadu,Thiruvannamalai,Tiruvannamalai(Uzhavar Sandhai ),Grapes,Annabesahai,Local,8000,10000,9000,08/09/2026
Tamil Nadu,Krishnagiri,Hosur(Uzhavar Sandhai ),Grapes,Annabesahai,Local,14000,16000,15000,08/09/2026
Tamil Nadu,Tuticorin,Tuticorin(Uzhavar Sandhai ),Grapes,Annabesahai,Local,13000,14000,13500,08/09/2026
Tamil Nadu,Vellore,Vellore APMC,Grapes,Annabesahai,Local,10000,10000,10000,08/09/2026
Tamil Nadu,Thiruchirappalli,KKNagar(Uzhavar Sandhai ),Grapes,Annabesahai,Local,13000,13000,13000,08/09/2026
Tamil Nadu,Madurai,Anna nagar(Uzhavar Sandhai ),Grapes,Annabesahai,Local,9500,9500,9500,08/09/2026
Tamil Nadu,Thirunelveli,Palayamkottai(Uzhavar Sandhai ),Grapes,Annabesahai,Local,11000,12000,11500,08/09/2026
Maharashtra,Nagpur,APMC Nagpur ,Grapes,Other,Local,4000,6000,5500,08/09/2026
Maharashtra,Pune,APMC Pune ,Grapes,Other,Local,3000,13000,8000,08/09/2026
Uttar Pradesh,Shamli,Khandhla APMC,Grapes,Green,Medium,4100,4120,4110,08/09/2026
Rajasthan,Ajmer,Ajmer(F&V) APMC,Grapes,Other,Medium,6000,10000,8000,08/09/2026
Rajasthan,Ganganagar,Sriganganagar (F&V) APMC,Grapes,Green,Grade C,15300,15700,15500,08/09/2026
Karnataka,Bengaluru,Binny Mill (FF&V) Bengaluru APMC,Grapes,Black,Local,2000,3000,2500,08/09/2026
Karnataka,Bengaluru,Binny Mill (FF&V) Bengaluru APMC,Grapes,Espani,Local,3000,5000,4000,08/09/2026
Karnataka,Bengaluru,Bengaluru APMC,Dry Grapes,Dry Grapes,Medium,42000,85000,63500,08/09/2026
Gujarat,Rajkot,Gondal(Veg.market Gondal) APMC,Grapes,Green,Local,30000,34000,32000,08/09/2026
Punjab,Jalandhar,Jalandhar City(Jalandhar) APMC,Grapes,Other,Medium,2100,6500,4200,08/09/2026
Punjab,Muktsar,Malout APMC,Grapes,Green,Grade A,9000,9000,9000,08/09/2026
Telangana,Ranga Reddy,Gaddiannaram APMC,Grapes,Other,Medium,16000,30000,20000,08/09/2026
Telangana,Warangal,Warangal APMC,Grapes,Black,Large,6000,6000,6000,08/09/2026
Telangana,Ranga Reddy,Gaddiannaram APMC,Grapes,Black,Medium,1500,5000,2500,08/09/2026
Tamil Nadu,Coimbatore,Mettupalayam(Uzhavar Sandhai ),Apple,American,Local,18000,20000,19000,08/09/2026
Tamil Nadu,Madurai,Anna nagar(Uzhavar Sandhai ),Apple,American,Local,19000,24000,21500,08/09/2026
Tamil Nadu,Thiruvarur,Mannargudi I(Uzhavar Sandhai ),Apple,American,Local,15000,18000,16500,08/09/2026
Tamil Nadu,Vellore,Kahithapattarai(Uzhavar Sandhai ),Apple,American,Local,20000,20000,20000,08/09/2026
Tamil Nadu,Vellore,Vellore APMC,Apple,American,Local,26000,26000,26000,08/09/2026
Tamil Nadu,Coimbatore,Singanallur(Uzhavar Sandhai ),Apple,American,Local,20000,28000,24000,08/09/2026
Tamil Nadu,Madurai,Palanganatham(Uzhavar Sandhai ),Apple,American,Local,20000,24000,22000,08/09/2026
Tamil Nadu,Perambalur,Perambalur(Uzhavar Sandhai ),Apple,American,Local,18000,20000,19000,08/09/2026
Tamil Nadu,Salem,Hasthampatti(Uzhavar Sandhai ),Apple,American,Local,14000,15000,14500,08/09/2026
Tamil Nadu,Madurai,Chokkikulam(Uzhavar Sandhai ),Apple,American,Local,18000,27000,22500,08/09/2026
Tamil Nadu,Coimbatore,Vadavalli(Uzhavar Sandhai ),Apple,American,Local,20000,28000,24000,08/09/2026
Tamil Nadu,Chengalpattu,Nanganallur(Uzhavar Sandhai ),Apple,American,Local,13500,15000,14250,08/09/2026
Tamil Nadu,Madurai,Anaiyur(Uzhavar Sandhai ),Apple,American,Local,20000,27000,23500,08/09/2026
Tamil Nadu,Theni,Theni(Uzhavar Sandhai ),Apple,American,Local,14000,26000,20000,08/09/2026
Tamil Nadu,Erode,Sampath Nagar(Uzhavar Sandhai ),Apple,American,Local,19000,20000,19500,08/09/2026
Tamil Nadu,Krishnagiri,Hosur(Uzhavar Sandhai ),Apple,American,Local,24000,28000,26000,08/09/2026
Tamil Nadu,Tuticorin,Tuticorin(Uzhavar Sandhai ),Apple,American,Local,19000,20000,19500,08/09/2026
Tamil Nadu,Vellore,Katpadi (Uzhavar Sandhai ),Apple,American,Local,25000,25000,25000,08/09/2026
Tamil Nadu,Thiruchirappalli,KKNagar(Uzhavar Sandhai ),Apple,American,Local,23000,23000,23000,08/09/2026
Tamil Nadu,Coimbatore,RSPuram(Uzhavar Sandhai ),Apple,American,Local,20000,28000,24000,08/09/2026
Tamil Nadu,Thiruvannamalai,Tiruvannamalai(Uzhavar Sandhai ),Apple,American,Local,22000,24000,23000,08/09/2026
Tamil Nadu,Thanjavur,Thanjavur(Uzhavar Sandhai ),Apple,American,Local,26000,26000,26000,08/09/2026
Tamil Nadu,Chengalpattu,Jameenrayapettai(Uzhavar Sandhai ),Apple,American,Local,22000,24000,23000,08/09/2026
Tamil Nadu,The Nilgiris,Udhagamandalam(Uzhavar Sandhai ),Apple,American,Local,20000,22000,21000,08/09/2026
Tamil Nadu,Salem,Ammapet(Uzhavar Sandhai ),Apple,American,Local,20000,24000,22000,08/09/2026
Tamil Nadu,Thirunelveli,Palayamkottai(Uzhavar Sandhai ),Apple,American,Local,16000,20000,18000,08/09/2026
Tamil Nadu,Vellore,Thirupathur APMC,Custard Apple(Sharifa),Custard Apple(Sharifa),Local,4000,4000,4000,08/09/2026
Tamil Nadu,Vellore,Vellore APMC,Custard Apple(Sharifa),Custard Apple(Sharifa),Local,4500,4500,4500,08/09/2026
Tamil Nadu,Thiruvannamalai,Tiruvannamalai(Uzhavar Sandhai ),Custard Apple(Sharifa),Custard Apple(Sharifa),Local,7000,8000,7500,08/09/2026
Tamil Nadu,Kallakuruchi,Sankarapuram(Uzhavar Sandhai ),Custard Apple(Sharifa),Custard Apple(Sharifa),Local,5000,5000,5000,08/09/2026
Tamil Nadu,Chengalpattu,Guduvancheri(Uzhavar Sandhai ),Custard Apple(Sharifa),Custard Apple(Sharifa),Local,3500,4000,3750,08/09/2026
Tamil Nadu,Vellore,Gudiyatham(Uzhavar Sandhai ),Custard Apple(Sharifa),Custard Apple(Sharifa),Local,4000,4000,4000,08/09/2026
Tamil Nadu,Vellore,Kahithapattarai(Uzhavar Sandhai ),Custard Apple(Sharifa),Custard Apple(Sharifa),Local,5000,5000,5000,08/09/2026
Tamil Nadu,Namakkal,Rasipuram(Uzhavar Sandhai ),Custard Apple(Sharifa),Custard Apple(Sharifa),Local,3500,4000,3750,08/09/2026
Tamil Nadu,Salem,Thammampatti (Uzhavar Sandhai ),Custard Apple(Sharifa),Custard Apple(Sharifa),Local,4000,4000,4000,08/09/2026
Tamil Nadu,Thiruvannamalai,Chengam(Uzhavar Sandhai ),Custard Apple(Sharifa),Custard Apple(Sharifa),Local,4200,5000,4600,08/09/2026
Tamil Nadu,Thirupathur,Vaniyampadi(Uzhavar Sandhai ),Custard Apple(Sharifa),Custard Apple(Sharifa),Local,4000,4000,4000,08/09/2026
Tamil Nadu,Coimbatore,RSPuram(Uzhavar Sandhai ),Custard Apple(Sharifa),Custard Apple(Sharifa),Local,5000,6000,5500,08/09/2026
Tamil Nadu,Ranipet,Ranipettai(Uzhavar Sandhai ),Custard Apple(Sharifa),Custard Apple(Sharifa),Local,8000,8000,8000,08/09/2026
Tamil Nadu,Theni,Theni(Uzhavar Sandhai ),Custard Apple(Sharifa),Custard Apple(Sharifa),Local,8000,8000,8000,08/09/2026
Tamil Nadu,Thiruvannamalai,Polur(Uzhavar Sandhai ),Custard Apple(Sharifa),Custard Apple(Sharifa),Local,3600,4000,3800,08/09/2026
Tamil Nadu,Vellore,Perampet(Uzhavar Sandhai),Custard Apple(Sharifa),Custard Apple(Sharifa),Local,5000,5000,5000,08/09/2026
Tamil Nadu,Salem,Thathakapatti(Uzhavar Sandhai ),Custard Apple(Sharifa),Custard Apple(Sharifa),Local,4000,5000,4500,08/09/2026
Madhya Pradesh,Indore,Indore(F&V) APMC,Apple,Apple,Local,5000,14000,8000,08/09/2026
Madhya Pradesh,Gwalior,Lashkar(F&V) APMC,Apple,Apple,Grade B,3000,5000,4000,08/09/2026
Madhya Pradesh,Rewa,Rewa(F&V) APMC,Apple,Apple,Medium,5500,5500,5500,08/09/2026
Madhya Pradesh,Ujjain,Ujjain(F&V) APMC,Apple,Apple,Medium,2666,6666,6095,08/09/2026
Madhya Pradesh,Dhar,Dhar(F&V) APMC,Apple,Other,Local,8200,10500,9000,08/09/2026
Madhya Pradesh,Katni,Katni(F&V) APMC,Apple,Other,Grade C,3500,5000,4377.66,08/09/2026
Maharashtra,Nashik,APMC Nasik ,Apple,Other,Local,7000,20000,14000,08/09/2026
Maharashtra,Pune,APMC Pune ,Apple,Other,Local,4000,12000,8000,08/09/2026
Maharashtra,Ahilyanagar,APMC Ahilyanagar ,Apple,Other,Local,4000,16500,10500,08/09/2026
Maharashtra,Mumbai,Mumbai- Fruit Market ,Apple,Other,Local,10000,15000,12500,08/09/2026
Maharashtra,Nagpur,APMC Nagpur ,Apple,Other,Local,11000,13000,12500,08/09/2026
Maharashtra,Nagpur,APMC Nagpur ,Apple,Simla,Local,6000,7000,6750,08/09/2026
Maharashtra,Pune,Pune(Moshi) ,Apple,Other,Local,15000,18000,16500,08/09/2026
Maharashtra,Solapur,APMC Solapur ,Apple,Other,Local,5500,14000,10000,08/09/2026
Maharashtra,Kolhapur,APMC Kolhapur ,Apple,Other,Local,1000,17500,12500,08/09/2026
Maharashtra,Nagpur,APMC Hingna,Apple,Other,Local,15000,20000,17500,08/09/2026
Maharashtra,Amarawati,Amrawati(Frui & Veg. Market) ,Apple,Simla,Local,10000,15000,12500,08/09/2026
Uttar Pradesh,Mau(Maunathbhanjan),Kopaganj APMC,Apple,Apple,Grade B,9000,9200,9100,08/09/2026
Uttar Pradesh,Siddharth Nagar,Naugarh APMC,Apple,Delicious,Grade A,8650,8670,8660,08/09/2026
Uttar Pradesh,Sambhal,Sambhal APMC,Apple,Apple,Grade A,8500,9500,9000,08/09/2026
Uttar Pradesh,Rampur,Bilaspur APMC,Apple,Other,Medium,4000,5000,4500,08/09/2026
Uttar Pradesh,Shamli,Kairana APMC,Apple,Other,Medium,2300,2400,2350,08/09/2026
Uttar Pradesh,Farukhabad,Kayamganj APMC,Apple,Apple,Medium,10600,10700,10650,08/09/2026
Uttar Pradesh,Badaun,Shahaswan APMC,Apple,Apple,Medium,6000,6500,6200,08/09/2026
Uttar Pradesh,Balrampur,Tulsipur APMC,Apple,Kasmir/Shimla - II,Medium,14000,16000,15000,08/09/2026
Rajasthan,Jodhpur,Jodhpur (F&V) APMC,Apple,Apple,Medium,4000,10000,7000,08/09/2026
Rajasthan,Ajmer,Ajmer(F&V) APMC,Apple,Other,Medium,4000,11000,7500,08/09/2026
Rajasthan,Ganganagar,Sriganganagar (F&V) APMC,Apple,Apple,Grade A,7500,7900,7700,08/09/2026
Rajasthan,Jaipur,Jaipur (F&V) APMC,Apple,Other,Medium,6000,20000,13000,08/09/2026
Rajasthan,Udaipur,Udaipur (F&V) APMC,Apple,Apple,Medium,3000,6000,4500,08/09/2026
Rajasthan,Jodhpur,Jodhpur (F&V) APMC,Custard Apple(Sharifa),Other,Medium,1000,2000,1500,08/09/2026
Karnataka,Bengaluru,Binny Mill (FF&V) Bengaluru APMC,Apple,Apple,Large,11000,20000,16000,08/09/2026
Karnataka,Davangere,Davangere APMC,Apple,Apple,Local,10000,20000,15000,08/09/2026
Karnataka,Kalaburagi,Kalaburagi APMC,Apple,Apple,Local,4000,8000,6000,08/09/2026
Gujarat,Surendranagar,Vadhvan APMC,Apple,Apple,Medium,7000,8000,7500,08/09/2026
Gujarat,Bharuch,Bharuch APMC,Apple,Apple,Local,4000,6000,5000,08/09/2026
Gujarat,Rajkot,Gondal(Veg.market Gondal) APMC,Apple,Apple,Local,4000,15000,9500,08/09/2026
Haryana,Fatehabad,Fatehabad APMC,Apple,Apple,Local,8000,8000,8000,08/09/2026
Haryana,Panipat,Panipat APMC,Apple,Other,Local,3000,13000,8000,08/09/2026
Haryana,Yamuna Nagar,Sadhaura APMC,Apple,Apple,Local,7000,8000,7500,08/09/2026
Haryana,Kurukshetra,Thanesar APMC,Apple,Apple,Medium,5000,25000,15000,08/09/2026
Haryana,Sonipat,Ganaur APMC,Apple,Apple,Medium,12000,15000,14000,08/09/2026
Haryana,Karnal,Gharaunda APMC,Apple,Other,Local,9000,9000,9000,08/09/2026
Haryana,Karnal,Tarori APMC,Apple,Other,Medium,2500,6000,4000,08/09/2026
Haryana,Yamuna Nagar,Jagadhri APMC,Apple,Apple,Medium,6000,11000,8000,08/09/2026
Haryana,Kaithal,Dhand APMC,Apple,Other,Medium,9000,10000,9800,08/09/2026
Haryana,Rewari,Rewari APMC,Apple,Apple,Medium,4000,25000,15000,08/09/2026
Haryana,Rohtak,Meham,Apple,Apple,Medium,10000,12000,11000,08/09/2026
Haryana,Kurukshetra,Ladwa APMC,Apple,Simla,Medium,20000,23000,22000,08/09/2026
Haryana,Sonipat,Sonepat APMC,Apple,Other,Medium,5000,10500,8000,08/09/2026
Haryana,Sonipat,Kharkhoda APMC,Apple,Kasmir/Shimla - II,Grade A,11000,13000,12200,08/09/2026
Haryana,Rohtak,Sampla APMC,Apple,Apple,Local,8000,9000,8500,08/09/2026
Haryana,Faridabad,Ballabhgarh APMC,Apple,Other,Grade A,7000,9000,8000,08/09/2026
Haryana,Sonipat,Gohana APMC,Apple,Apple,Medium,8000,12000,10000,08/09/2026
Haryana,Hissar,Hansi APMC,Apple,Other,Grade B,3000,12000,8000,08/09/2026
Haryana,Ambala,Naraingarh APMC,Apple,Apple,Medium,3000,8000,6000,08/09/2026
Haryana,Mahendragarh-Narnaul,Mohindergarh APMC,Apple,Apple,Medium,1500,5000,4000,08/09/2026
Haryana,Hissar,Barwala(Hisar) APMC,Apple,Apple,Local,3000,16000,14000,08/09/2026
Haryana,Mahendragarh-Narnaul,Narnaul APMC,Apple,Apple,Medium,8000,19000,15000,08/09/2026
Haryana,Jind,Narwana APMC,Apple,Apple,Local,5000,10000,6000,08/09/2026
Haryana,Karnal,Indri APMC,Apple,Apple,Medium,6000,13000,9000,08/09/2026
Haryana,Faridabad,Faridabad APMC,Apple,Apple,Grade B,8000,8000,8000,08/09/2026
Haryana,Gurgaon,Gurgaon APMC,Apple,Apple,Grade C,5000,10000,7500,08/09/2026
Haryana,Rohtak,Rohtak APMC,Apple,Other,Medium,8000,15000,10000,08/09/2026
Haryana,Fatehabad,Ratia APMC,Apple,Other,Grade A,7000,11000,9000,08/09/2026
Haryana,Kurukshetra,Shahabad APMC,Apple,Apple,Medium,4000,9000,6000,08/09/2026
Punjab,Fazilka,Jalalabad APMC,Apple,Other,Medium,6000,10000,6500,08/09/2026
Punjab,Muktsar,Muktsar APMC,Apple,Other,Medium,10000,15000,12500,08/09/2026
Punjab,Mansa,Mansa APMC,Apple,Apple,Grade A,10000,10000,10000,08/09/2026
Punjab,Ludhiana,Khanna APMC,Apple,Apple,Grade A,8000,8000,8000,08/09/2026
Punjab,Patiala,Rajpura APMC,Apple,Apple,Grade B,14500,16500,15200,08/09/2026
Punjab,Gurdaspur,Dinanagar APMC,Apple,Apple,Medium,8000,10000,9000,08/09/2026
Punjab,Hoshiarpur,Garh Shankar(Mahalpur) APMC,Apple,Other,Medium,8500,8500,8500,08/09/2026
Punjab,Moga,Moga APMC,Apple,Apple,Medium,8000,12000,10000,08/09/2026
Punjab,Bhatinda,Bathinda APMC,Apple,Kasmir/Shimla - II,Grade B,10000,25000,15000,08/09/2026
Punjab,Hoshiarpur,Mukerian APMC,Apple,Apple,Grade B,10000,12000,11000,08/09/2026
Punjab,Ludhiana,Jagraon APMC,Apple,Apple,Grade A,7900,7900,7900,08/09/2026
Punjab,Patiala,Patran APMC,Apple,Apple,Grade A,8050,8050,8050,08/09/2026
Punjab,Nawanshahr,Balachaur APMC,Apple,Other,Medium,5000,7000,6000,08/09/2026
Punjab,Sangrur,Dhuri APMC,Apple,Other,Medium,5500,8000,6000,08/09/2026
Punjab,Sangrur,Malerkotla APMC,Apple,Apple,Local,2500,3500,3000,08/09/2026
Punjab,Fatehgarh,Bassi Pathana APMC,Apple,Apple,Medium,8000,9000,8500,08/09/2026
Punjab,Gurdaspur,Gurdaspur APMC,Apple,Apple,Grade A,5500,5500,5500,08/09/2026
Punjab,Bhatinda,Maur APMC,Apple,Apple,Grade B,8000,12000,10000,08/09/2026
Punjab,Ferozpur,Zira APMC,Apple,Other,Local,9000,9000,9000,08/09/2026
Punjab,Hoshiarpur,Dasuya APMC,Apple,Apple,Grade B,7500,7500,7500,08/09/2026
Punjab,Hoshiarpur,Garh Shankar APMC,Apple,Apple,Medium,6000,6000,6000,08/09/2026
Punjab,Bhatinda,Rampuraphul(Nabha Mandi) APMC,Apple,Other,Grade A,6000,10000,8000,08/09/2026
Punjab,Ludhiana,Raikot APMC,Apple,Apple,Grade A,7895,7895,7895,08/09/2026
Punjab,Fazilka,Fazilka APMC,Apple,Apple,Medium,15000,15000,15000,08/09/2026
Punjab,Tarntaran,Patti APMC,Apple,Other,Grade B,1600,1600,1600,08/09/2026
Punjab,Hoshiarpur,Tanda Urmur APMC,Apple,Apple,Grade A,8000,9000,8500,08/09/2026
Punjab,Hoshiarpur,Mukerian(Talwara) APMC,Apple,Apple,Medium,4000,10000,7000,08/09/2026
Punjab,Mohali,Kharar APMC,Apple,Other,Medium,7500,10000,9000,08/09/2026
Punjab,Jalandhar,Jalandhar City(Jalandhar) APMC,Apple,Other,Medium,2000,9200,4900,08/09/2026
Punjab,Bhatinda,Bhagta Bhai Ka APMC,Apple,Other,Medium,5100,5100,5100,08/09/2026
Punjab,Gurdaspur,Quadian APMC,Apple,Other,Grade A,3800,4000,3900,08/09/2026
Punjab,Muktsar,Malout APMC,Apple,Apple,Grade A,4000,4000,4000,08/09/2026
Punjab,Patiala,Nabha APMC,Apple,Other,Grade B,3500,7000,4600,08/09/2026
Punjab,Patiala,Rajpura APMC,Apple,Apple,Grade A,18100,22500,20200,08/09/2026
West Bengal,Kolkata,Mechua APMC,Apple,Other,Grade A,17800,19600,18800,08/09/2026
Telangana,Ranga Reddy,Gaddiannaram APMC,Apple,Kasmir/Shimla - II,Medium,5000,30000,14000,08/09/2026
Uttarakhand,Udhamsinghnagar,Kashipur APMC,Apple,Apple,Local,7000,7200,7100,08/09/2026
Uttarakhand,Dehradoon,Dehradoon APMC,Apple,Apple,Grade B,4500,8500,6500,08/09/2026
Uttarakhand,Udhamsinghnagar,Khateema APMC,Apple,Other,Grade A,6000,8000,7000,08/09/2026
Uttarakhand,Udhamsinghnagar,Rudrapur APMC,Apple,Other,Medium,8000,10000,9000,08/09/2026
Uttarakhand,Dehradoon,Rishikesh APMC,Apple,Kasmir/Shimla - II,Medium,2550,7500,3200,08/09/2026
Uttarakhand,Nanital,Haldwani APMC,Apple,Other,Grade A,4000,8000,6000,08/09/2026
Uttarakhand,Dehradoon,Vikasnagar APMC,Apple,Other,Medium,3000,4000,4000,08/09/2026
Uttarakhand,Haridwar,Manglaur APMC,Apple,Other,Medium,5000,6500,5500,08/09/2026
Uttarakhand,Garhwal (Pauri),Kotadwara APMC,Apple,Apple,Medium,3400,3400,3400,08/09/2026
Uttarakhand,Haridwar,Haridwar Union APMC,Apple,Other,Grade B,5000,7500,6000,08/09/2026
Uttarakhand,Haridwar,Roorkee APMC,Apple,Other,Medium,7500,10000,8500,08/09/2026
Himachal Pradesh,Hamirpur,PMY Hamirpur,Apple,Apple,Grade B,6000,14000,10000,08/09/2026
Himachal Pradesh,Mandi,SMY Takoli,Apple,Other,Medium,2000,8300,5500,08/09/2026
Himachal Pradesh,Kangra,SMY Dharamshala,Apple,Apple,Medium,7000,10000,8500,08/09/2026
Himachal Pradesh,Shimla,SMY Kharapather,Apple,Royal Delicious,Grade B,20000,80000,40000,08/09/2026
Himachal Pradesh,Kangra,SMY Nagrota Bagwan,Apple,Apple,Medium,3000,14000,8500,08/09/2026
Himachal Pradesh,Kullu,SMY Bandrol,Apple,Delicious,Grade A,1000,9000,5500,08/09/2026
Himachal Pradesh,Solan,PMY Kather Solan,Apple,Other,Local,2500,16000,11000,08/09/2026
Himachal Pradesh,Shimla,SMY Mehndli,Apple,Royal Delicious,Grade A,10000,77500,37500,08/09/2026
Himachal Pradesh,Sirmore,SMY Nahan,Apple,Apple,Grade A,8000,15000,14000,08/09/2026
Himachal Pradesh,Kangra,SMY Palampur,Apple,Kullu Delicious,Medium,4000,15000,10000,08/09/2026
Himachal Pradesh,Kangra,SMY Baijnath,Apple,Apple,Grade A,3500,9000,6000,08/09/2026
Himachal Pradesh,Kullu,SMY Patli Kulh,Apple,Other,Grade Range-1,1000,9000,7000,08/09/2026
Himachal Pradesh,Kullu,SMY Bhuntar,Apple,Apple,Medium,3500,14000,8500,08/09/2026
Himachal Pradesh,Bilaspur,PMY Bilaspur,Apple,Other,Grade B,7000,13000,10000,08/09/2026
Himachal Pradesh,Kullu,SMY Chauri Bihal,Apple,Other,Grade Range-1,1000,8000,6000,08/09/2026
Himachal Pradesh,Kullu,SMY Khegsu,Apple,Other,Medium,2000,6500,4000,08/09/2026
Himachal Pradesh,Kullu,SMY Shatt,Apple,Apple,Medium,2000,7000,5000,08/09/2026
Himachal Pradesh,Una,SMY Santoshgarh,Apple,Other,Grade A,4000,7500,5750,08/09/2026
Himachal Pradesh,Hamirpur,SMY Nadaun,Apple,Other,Grade B,6000,15000,10000,08/09/2026
Himachal Pradesh,Kangra,SMY Jassur,Apple,Other,Medium,3000,8000,5000,08/09/2026
Himachal Pradesh,Sirmore,PMY Paonta Sahib,Apple,Simla,Grade A,6000,12000,9000,08/09/2026
Himachal Pradesh,Kangra,SMY Jaisinghpur,Apple,Kullu Delicious,Medium,5000,16000,10000,08/09/2026
Himachal Pradesh,Una,PMY Una,Apple,Apple,Grade A,8000,21000,15000,08/09/2026
Himachal Pradesh,Mandi,SMY Dhanotu,Apple,Apple,Medium,4000,15000,10000,08/09/2026
Assam,Kamrup,Uparhali Pmy APMC,Apple,Apple,Grade A,10000,15000,12200,08/09/2026
Tamil Nadu,Namakkal,Rasipuram(Uzhavar Sandhai ),Chili Red,Bold,Local,17000,18000,17500,08/09/2026
Tamil Nadu,Vellore,Kahithapattarai(Uzhavar Sandhai ),Chili Red,Bold,Local,22000,22000,22000,08/09/2026
Tamil Nadu,Thiruchirappalli,KKNagar(Uzhavar Sandhai ),Chili Red,Bold,Local,24000,24000,24000,08/09/2026
Tamil Nadu,Madurai,Anna nagar(Uzhavar Sandhai ),Chili Red,Bold,Local,20000,20000,20000,08/09/2026
Madhya Pradesh,Indore,Indore APMC,Red gram/Arhar/Tur(whole),Arhar Dal(Tur),FAQ,5695,6750,6500,08/09/2026
Madhya Pradesh,Jabalpur,Jabalpur APMC,Red gram/Arhar/Tur(whole),Arhar Dal(Tur),FAQ,3000,7715,5500,08/09/2026
Madhya Pradesh,Hoshangabad,Pipariya APMC,Red gram/Arhar/Tur(whole),Arhar Dal(Tur),FAQ,3550,7100,7100,08/09/2026
Madhya Pradesh,Raisen,Bareli APMC,Red gram/Arhar/Tur(whole),Arhar Dal(Tur),FAQ,4455,8400,8400,08/09/2026
Madhya Pradesh,Harda,Harda APMC,Red gram/Arhar/Tur(whole),Arhar Dal(Tur),FAQ,4801,7201,7201,08/09/2026
Madhya Pradesh,Damoh,Patharia APMC,Red gram/Arhar/Tur(whole),Arhar Dal(Tur),FAQ,8145,8145,8145,08/09/2026
Madhya Pradesh,Khandwa,Harsood APMC,Red gram/Arhar/Tur(whole),Arhar Dal(Tur),Non-FAQ,7300,7600,7600,08/09/2026
Madhya Pradesh,Satna,Satna APMC,Red gram/Arhar/Tur(whole),Arhar Dal(Tur),FAQ,5005,8140,8140,08/09/2026
Madhya Pradesh,Hoshangabad,Itarsi APMC,Red gram/Arhar/Tur(whole),Arhar Dal(Tur),FAQ,4905,7050,7050,08/09/2026
Madhya Pradesh,Khandwa,Khandwa APMC,Red gram/Arhar/Tur(whole),Arhar Dal(Tur),FAQ,5803,6812,6812,08/09/2026
Madhya Pradesh,Narsinghpur,Gadarwada APMC,Red gram/Arhar/Tur(whole),Arhar Dal(Tur),Non-FAQ,7050,8301,8301,08/09/2026
Madhya Pradesh,Narsinghpur,Kareli APMC,Red gram/Arhar/Tur(whole),Arhar Dal(Tur),FAQ,6733,7600,7331,08/09/2026
Madhya Pradesh,Damoh,Damoh APMC,Red gram/Arhar/Tur(whole),Arhar Dal(Tur),FAQ,3800,8400,7650,08/09/2026
Madhya Pradesh,Shehdol,Shahdol APMC,Red gram/Arhar/Tur(whole),Arhar Dal(Tur),FAQ,6500,6500,6500,08/09/2026
Madhya Pradesh,Raisen,Udaipura APMC,Red gram/Arhar/Tur(whole),Arhar Dal(Tur),FAQ,7255,7615,7615,08/09/2026
Madhya Pradesh,Raisen,Gairatganj APMC,Red gram/Arhar/Tur(whole),Arhar Dal(Tur),Non-FAQ,6995,6995,6995,08/09/2026
Madhya Pradesh,Harda,Khirakiya APMC,Red gram/Arhar/Tur(whole),Arhar Dal(Tur),Non-FAQ,5001,5001,5001,08/09/2026
Madhya Pradesh,Dewas,Khategaon APMC,Red gram/Arhar/Tur(whole),Arhar Dal(Tur),FAQ,5501,5501,5501,08/09/2026
Madhya Pradesh,Chhindwara,Amarwda APMC,Red gram/Arhar/Tur(whole),Arhar Dal(Tur),FAQ,6500,6800,6800,08/09/2026
Madhya Pradesh,Panna,Ajaygarh APMC,Red gram/Arhar/Tur(whole),Arhar Dal(Tur),FAQ,7000,7100,7050,08/09/2026
Madhya Pradesh,Narsinghpur,Gadarwada APMC,Red gram/Arhar/Tur(whole),Arhar Dal(Tur),FAQ,6700,8100,8100,08/09/2026
Madhya Pradesh,Katni,Katni APMC,Red gram/Arhar/Tur(whole),Arhar Dal(Tur),FAQ,5925,8794.39,8794.39,08/09/2026
Madhya Pradesh,Mandsaur,Mandsaur APMC,Chili Red,Red,FAQ,16000,16000,16000,08/09/2026
Madhya Pradesh,Dhar,Manawar APMC,Bengal Gram(Gram)(Whole),Gram,FAQ,6000,6100,6100,08/09/2026
Madhya Pradesh,Khargone,Sanawad APMC,Bengal Gram(Gram)(Whole),Gram,FAQ,6805,6805,6805,08/09/2026
Madhya Pradesh,Guna,Binaganj APMC,Bengal Gram(Gram)(Whole),Gram,FAQ,5820,5900,5900,08/09/2026
Madhya Pradesh,Guna,Maksudangarh APMC,Bengal Gram(Gram)(Whole),Gram,FAQ,5635,5635,5635,08/09/2026
Madhya Pradesh,Damoh,Damoh APMC,Bengal Gram(Gram)(Whole),Gram,FAQ,3000,6505,6155,08/09/2026
Madhya Pradesh,Raisen,Gairatganj APMC,Bengal Gram(Gram)(Whole),Gram,Non-FAQ,5450,6250,5960,08/09/2026
Madhya Pradesh,Harda,Timarni APMC,Bengal Gram(Gram)(Whole),Gram,FAQ,6041,6103,6103,08/09/2026
Madhya Pradesh,Sheopur,Sheopurkalan APMC,Bengal Gram(Gram)(Whole),Gram,Non-FAQ,5305,5305,5305,08/09/2026
Madhya Pradesh,Narsinghpur,Gadarwada APMC,Bengal Gram(Gram)(Whole),Gram,FAQ,4750,6225,6000,08/09/2026
Madhya Pradesh,Satna,Nagod APMC,Bengal Gram(Gram)(Whole),Gram,FAQ,5825,6200,5899,08/09/2026
Madhya Pradesh,Panna,Panna APMC,Bengal Gram(Gram)(Whole),Gram,Non-FAQ,5600,5650,5650,08/09/2026
Madhya Pradesh,Dewas,Dewas APMC,Bengal Gram(Gram)(Whole),Gram,Non-FAQ,5000,5000,5000,08/09/2026
Madhya Pradesh,Vidisha,Vidisha APMC,Bengal Gram(Gram)(Whole),Gram,FAQ,3100,6491,6300,08/09/2026
Madhya Pradesh,Sehore,Sehore APMC,Bengal Gram(Gram)(Whole),Chana Kanta,FAQ,5001,6364,6364,08/09/2026
Madhya Pradesh,Khandwa,Khandwa APMC,Bengal Gram(Gram)(Whole),Gram,FAQ,5616,6278,6278,08/09/2026
Madhya Pradesh,Bhind,Gohad APMC,Bengal Gram(Gram)(Whole),Gram,FAQ,6005,6100,6100,08/09/2026
Madhya Pradesh,Sagar,Banda APMC,Bengal Gram(Gram)(Whole),Gram,FAQ,5800,6075,6075,08/09/2026
Madhya Pradesh,Damoh,Javera APMC,Bengal Gram(Gram)(Whole),Gram,Non-FAQ,5500,6000,6000,08/09/2026
Madhya Pradesh,Dewas,Haatpipliya APMC,Bengal Gram(Gram)(Whole),Gram,Non-FAQ,5600,6880,6880,08/09/2026
Madhya Pradesh,Mandsaur,Sitmau APMC,Bengal Gram(Gram)(Whole),Gram,FAQ,5818,6101,6000,08/09/2026
Madhya Pradesh,Jabalpur,Jabalpur APMC,Bengal Gram(Gram)(Whole),Gram,FAQ,3000,6315,6300,08/09/2026
Madhya Pradesh,Damoh,Hata APMC,Bengal Gram(Gram)(Whole),Gram,Non-FAQ,5500,6100,5500,08/09/2026
Madhya Pradesh,Chhatarpur,LavKush Nagar(Laundi) APMC,Bengal Gram(Gram)(Whole),Desi (F.A.Q. Split),Non-FAQ,5790,5790,5790,08/09/2026
Madhya Pradesh,Panna,Ajaygarh APMC,Bengal Gram(Gram)(Whole),Gram,FAQ,5950,6060,6060,08/09/2026
Madhya Pradesh,Narsinghpur,Narsinghpur APMC,Bengal Gram(Gram)(Whole),Desi (F.A.Q. Split),FAQ,5400,7001,6200,08/09/2026
Madhya Pradesh,Raisen,Gairatganj APMC,Bengal Gram(Gram)(Whole),Gram,FAQ,6000,6200,6200,08/09/2026
Madhya Pradesh,Hoshangabad,Pipariya APMC,Bengal Gram(Gram)(Whole),Gram,FAQ,2000,6352,6150,08/09/2026
Madhya Pradesh,Jabalpur,Paatan APMC,Bengal Gram(Gram)(Whole),Gram,FAQ,6180,6180,6180,08/09/2026
Madhya Pradesh,Vidisha,Ganjbasoda APMC,Bengal Gram(Gram)(Whole),Gram,FAQ,5010,6350,5600,08/09/2026
Madhya Pradesh,Sehore,Sehore APMC,Bengal Gram(Gram)(Whole),Gram,FAQ,5900,6285,6050,08/09/2026
Madhya Pradesh,Bhopal,Berasia APMC,Bengal Gram(Gram)(Whole),Gram,FAQ,5410,6040,6000,08/09/2026
Madhya Pradesh,Dewas,Khategaon APMC,Bengal Gram(Gram)(Whole),Gram,FAQ,5902,6456,6456,08/09/2026
Madhya Pradesh,Shajapur,Agar APMC,Bengal Gram(Gram)(Whole),Gram,FAQ,5701,5701,5701,08/09/2026
Madhya Pradesh,Raisen,Silvani APMC,Bengal Gram(Gram)(Whole),Gram,FAQ,4770,6190,6100,08/09/2026
Madhya Pradesh,Sidhi,Sidhi APMC,Bengal Gram(Gram)(Whole),Gram,Non-FAQ,5010,5020,5020,08/09/2026
Madhya Pradesh,Badwani,Anjad APMC,Bengal Gram(Gram)(Whole),Desi (F.A.Q. Split),FAQ,5100,5300,5300,08/09/2026
Madhya Pradesh,Guna,Guna APMC,Bengal Gram(Gram)(Whole),Gram,FAQ,5185,6330,6105,08/09/2026
Madhya Pradesh,Dhar,Dhar APMC,Bengal Gram(Gram)(Whole),Gram,FAQ,5000,5505,5000,08/09/2026
Madhya Pradesh,Sagar,Garhakota APMC,Bengal Gram(Gram)(Whole),Gram,FAQ,5495,6300,6240,08/09/2026
Madhya Pradesh,Sagar,Khurai APMC,Bengal Gram(Gram)(Whole),Gram,FAQ,2100,6412,6101,08/09/2026
Madhya Pradesh,Damoh,Patharia APMC,Bengal Gram(Gram)(Whole),Gram,FAQ,5825,6290,6045,08/09/2026
Madhya Pradesh,Chhindwara,Chaurai APMC,Bengal Gram(Gram)(Whole),Desi (F.A.Q. Split),FAQ,5000,6111,6111,08/09/2026
Madhya Pradesh,Mandsaur,Daloda APMC,Bengal Gram(Gram)(Whole),Gram,FAQ,4000,6182,6182,08/09/2026
Madhya Pradesh,Sagar,Sagar APMC,Bengal Gram(Gram)(Whole),Gram,FAQ,3800,6285,6225,08/09/2026
Madhya Pradesh,Narsinghpur,Kareli APMC,Bengal Gram(Gram)(Whole),Gram,FAQ,5400,6651,6500,08/09/2026
Madhya Pradesh,Rewa,Rewa APMC,Bengal Gram(Gram)(Whole),Gram,FAQ,6200,6200,6200,08/09/2026
Madhya Pradesh,Guna,Aron APMC,Bengal Gram(Gram)(Whole),Gram,FAQ,5515,5870,5870,08/09/2026
Madhya Pradesh,Shivpuri,Kolaras APMC,Bengal Gram(Gram)(Whole),Gram,FAQ,5745,5855,5800,08/09/2026
Madhya Pradesh,Jabalpur,Shahpura Bhitoni (F&V) APMC,Bengal Gram(Gram)(Whole),Desi (F.A.Q. Split),FAQ,5900,5900,5900,08/09/2026
Madhya Pradesh,Jabalpur,Shahpura Bhitoni (F&V) APMC,Bengal Gram(Gram)(Whole),Gram,FAQ,5740,5740,5740,08/09/2026
Madhya Pradesh,Rajgarh,Narsinghgarh APMC,Bengal Gram(Gram)(Whole),Gram,FAQ,5100,6130,6130,08/09/2026
Madhya Pradesh,Ujjain,Badnagar APMC,Bengal Gram(Gram)(Whole),Gram,FAQ,5300,6101,6101,08/09/2026
Madhya Pradesh,Ratlam,Jaora APMC,Bengal Gram(Gram)(Whole),Gram,FAQ,4796,6496,6200,08/09/2026
Madhya Pradesh,Chhatarpur,Bijawar APMC,Bengal Gram(Gram)(Whole),Desi (F.A.Q. Split),Non-FAQ,5828,5900,5900,08/09/2026
Madhya Pradesh,Ujjain,Ujjain APMC,Bengal Gram(Gram)(Whole),Gram,FAQ,5061,5061,5061,08/09/2026
Madhya Pradesh,Ashoknagar,Ashoknagar APMC,Bengal Gram(Gram)(Whole),Gram,FAQ,4390,6375,6270,08/09/2026
Madhya Pradesh,Indore,Indore APMC,Bengal Gram(Gram)(Whole),Chana Kabuli,FAQ,5885.8,5885.8,5885.8,08/09/2026
Madhya Pradesh,Bhopal,Bhopal APMC,Bengal Gram(Gram)(Whole),Gram,FAQ,5742,6139,6139,08/09/2026
Madhya Pradesh,Satna,Satna APMC,Bengal Gram(Gram)(Whole),Gram,FAQ,4610,6225,5950,08/09/2026
Madhya Pradesh,Katni,Katni APMC,Bengal Gram(Gram)(Whole),Gram,Non-FAQ,4400,6377,6050,08/09/2026
Madhya Pradesh,Betul,Betul APMC,Bengal Gram(Gram)(Whole),Gram,FAQ,5650,6201,6049,08/09/2026
Madhya Pradesh,Sehore,Ashta APMC,Bengal Gram(Gram)(Whole),Chana Kabuli,FAQ,7900,7900,7900,08/09/2026
Madhya Pradesh,Sehore,Ashta APMC,Bengal Gram(Gram)(Whole),Gram,FAQ,4771,6737,6737,08/09/2026
Madhya Pradesh,Sehore,Sehore APMC,Bengal Gram(Gram)(Whole),Chana mausami,FAQ,4200,4200,4200,08/09/2026
Madhya Pradesh,Sehore,Sehore APMC,Bengal Gram(Gram)(Whole),Chana Kabuli,FAQ,6507,7000,7000,08/09/2026
Madhya Pradesh,Hoshangabad,Itarsi APMC,Bengal Gram(Gram)(Whole),Gram,FAQ,5401,6036,6036,08/09/2026
Madhya Pradesh,Mandsaur,Mandsaur APMC,Bengal Gram(Gram)(Whole),Gram,Non-FAQ,5399,6443,5799,08/09/2026
Madhya Pradesh,Mandsaur,Mandsaur APMC,Bengal Gram(Gram)(Whole),Gram,FAQ,5600,5600,5600,08/09/2026
Madhya Pradesh,Rajgarh,Jeerapur APMC,Bengal Gram(Gram)(Whole),Gram,FAQ,5795,5795,5795,08/09/2026
Madhya Pradesh,Hoshangabad,Banapura APMC,Bengal Gram(Gram)(Whole),Desi (F.A.Q. Split),FAQ,5199,6400,6400,08/09/2026
Madhya Pradesh,Harda,Harda APMC,Bengal Gram(Gram)(Whole),Chana Kabuli,FAQ,4999,6780,6741,08/09/2026
Madhya Pradesh,Harda,Harda APMC,Bengal Gram(Gram)(Whole),Desi (F.A.Q. Split),FAQ,4500,6550,6021,08/09/2026
Madhya Pradesh,Sagar,Rehli APMC,Bengal Gram(Gram)(Whole),Gram,Non-FAQ,5526,6200,6200,08/09/2026
Madhya Pradesh,Vidisha,Lateri APMC,Bengal Gram(Gram)(Whole),Desi (F.A.Q. Split),Non-FAQ,6000,6000,6000,08/09/2026
Madhya Pradesh,Jabalpur,Sihora APMC,Bengal Gram(Gram)(Whole),Desi (F.A.Q. Split),FAQ,5090,6260,6260,08/09/2026
Madhya Pradesh,Raisen,Udaipura APMC,Bengal Gram(Gram)(Whole),Desi (F.A.Q. Split),FAQ,3350,6405,6235,08/09/2026
Madhya Pradesh,Vidisha,Sironj APMC,Bengal Gram(Gram)(Whole),Gram,FAQ,3860,6390,6162,08/09/2026
Madhya Pradesh,Harda,Khirakiya APMC,Bengal Gram(Gram)(Whole),Gram,Non-FAQ,5700,6301,5700,08/09/2026
Madhya Pradesh,Harda,Khirakiya APMC,Bengal Gram(Gram)(Whole),Desi (F.A.Q. Split),Non-FAQ,5500,6145,6145,08/09/2026
Madhya Pradesh,Chhatarpur,LavKush Nagar(Laundi) APMC,Bengal Gram(Gram)(Whole),Gram,FAQ,5550,5580,5580,08/09/2026
Madhya Pradesh,Narsinghpur,Gadarwada APMC,Bengal Gram(Gram)(Whole),Gram,Non-FAQ,5951,6371,6371,08/09/2026
Madhya Pradesh,Shajapur,Shujalpur APMC,Bengal Gram(Gram)(Whole),Gram,FAQ,3661,5951,5951,08/09/2026
Madhya Pradesh,Datia,Datia APMC,Bengal Gram(Gram)(Whole),Gram,FAQ,6000,6175,6175,08/09/2026
Madhya Pradesh,Narsinghpur,Tendukheda APMC,Bengal Gram(Gram)(Whole),Gram,FAQ,6000,6000,6000,08/09/2026
Madhya Pradesh,Vidisha,Shamshabad APMC,Bengal Gram(Gram)(Whole),Gram,FAQ,5550,5550,5550,08/09/2026
Madhya Pradesh,Mandsaur,Shamgarh APMC,Bengal Gram(Gram)(Whole),Gram,Non-FAQ,4999,7000,7000,08/09/2026
Madhya Pradesh,Sagar,Bina APMC,Bengal Gram(Gram)(Whole),Gram,FAQ,3725,6528,6000,08/09/2026
Madhya Pradesh,Sagar,Bamora APMC,Bengal Gram(Gram)(Whole),Desi (F.A.Q. Split),FAQ,5750,5750,5750,08/09/2026
Madhya Pradesh,Panna,Devandranagar APMC,Bengal Gram(Gram)(Whole),Gram,Non-FAQ,5580,5620,5620,08/09/2026
Madhya Pradesh,Narsinghpur,Narsinghpur APMC,Bengal Gram(Gram)(Whole),Desi (F.A.Q. Split),Non-FAQ,4500,6499,6499,08/09/2026
Madhya Pradesh,Raisen,Begamganj APMC,Bengal Gram(Gram)(Whole),Gram,Non-FAQ,5950,5950,5950,08/09/2026
Madhya Pradesh,Hoshangabad,Semriharchand APMC,Bengal Gram(Gram)(Whole),Desi (F.A.Q. Split),FAQ,2901,6001,6001,08/09/2026
Madhya Pradesh,Shajapur,Kalapipal APMC,Bengal Gram(Gram)(Whole),Gram,FAQ,5799,6725,6725,08/09/2026
Madhya Pradesh,Shivpuri,Kolaras APMC,Bengal Gram(Gram)(Whole),Gram,Non-FAQ,3505,5975,5975,08/09/2026
Madhya Pradesh,Narsinghpur,Gotegaon APMC,Bengal Gram(Gram)(Whole),Gram,FAQ,4900,4900,4900,08/09/2026
Madhya Pradesh,Panna,Panna APMC,Bengal Gram(Gram)(Whole),Gram,FAQ,6055,6210,6210,08/09/2026
Madhya Pradesh,Dewas,Dewas APMC,Bengal Gram(Gram)(Whole),Gram,FAQ,3400,6170,3400,08/09/2026
Madhya Pradesh,Neemuch,Neemuch APMC,Bengal Gram(Gram)(Whole),Gram,FAQ,3100,6825,6400,08/09/2026
Madhya Pradesh,Raisen,Raisen APMC,Bengal Gram(Gram)(Whole),Gram,FAQ,5200,5530,5530,08/09/2026
Madhya Pradesh,Mandsaur,Mandsaur APMC,Bengal Gram(Gram)(Whole),Chana Kabuli,Non-FAQ,4000,7757,7757,08/09/2026
Madhya Pradesh,Neemuch,Manasa APMC,Bengal Gram(Gram)(Whole),Gram,FAQ,3000,6330,6190,08/09/2026
Madhya Pradesh,Raisen,Bareli APMC,Bengal Gram(Gram)(Whole),Gram,FAQ,4225,6160,6160,08/09/2026
Madhya Pradesh,Ujjain,Mahidpur APMC,Bengal Gram(Gram)(Whole),Gram,FAQ,6005,6005,6005,08/09/2026
Madhya Pradesh,Shajapur,Akodiya APMC,Bengal Gram(Gram)(Whole),Gram,FAQ,6901,6901,6901,08/09/2026
Madhya Pradesh,Raisen,Obedullaganj APMC,Bengal Gram(Gram)(Whole),Gram,FAQ,5900,6300,6300,08/09/2026
Madhya Pradesh,Rajgarh,Biaora APMC,Bengal Gram(Gram)(Whole),Gram,FAQ,5555,5985,5985,08/09/2026
Madhya Pradesh,Mandsaur,Piplya APMC,Bengal Gram(Gram)(Whole),Gram,FAQ,3903,3903,3903,08/09/2026
Madhya Pradesh,Chhindwara,Amarwda APMC,Bengal Gram(Gram)(Whole),Gram,FAQ,4600,4900,4900,08/09/2026
Madhya Pradesh,Khargone,Badwaha APMC,Green Gram(Moong)(Whole),Green (Whole),FAQ,7415,7415,7415,08/09/2026
Madhya Pradesh,Guna,Raghogarh APMC,Green Gram(Moong)(Whole),Green (Whole),FAQ,6970,7060,7060,08/09/2026
Madhya Pradesh,Raisen,Udaipura APMC,Green Gram(Moong)(Whole),Green (Whole),FAQ,1450,7630,6800,08/09/2026
Madhya Pradesh,Hoshangabad,Pipariya APMC,Green Gram(Moong)(Whole),Green (Whole),FAQ,1000,8205,7800,08/09/2026
Madhya Pradesh,Jabalpur,Jabalpur APMC,Green Gram(Moong)(Whole),Green (Whole),FAQ,4210,8000,7130,08/09/2026
Madhya Pradesh,Narsinghpur,Narsinghpur APMC,Green Gram(Moong)(Whole),Green (Whole),FAQ,6680,7900,7900,08/09/2026
Madhya Pradesh,Panna,Panna APMC,Green Gram(Moong)(Whole),Green (Whole),FAQ,6575,6610,6610,08/09/2026
Madhya Pradesh,Morena,Morena APMC,Green Gram(Moong)(Whole),Green (Whole),Non-FAQ,7090,7370,7370,08/09/2026
Madhya Pradesh,Khandwa,Khandwa APMC,Green Gram(Moong)(Whole),Green (Whole),FAQ,2020,5555,5555,08/09/2026
Madhya Pradesh,Hoshangabad,Banapura APMC,Green Gram(Moong)(Whole),Green (Whole),FAQ,1000,7944,7400,08/09/2026
Madhya Pradesh,Hoshangabad,Bankhedi APMC,Green Gram(Moong)(Whole),Green (Whole),FAQ,6902,7800,7600,08/09/2026
Madhya Pradesh,Sagar,Khurai APMC,Green Gram(Moong)(Whole),Green (Whole),FAQ,6450,7060,7060,08/09/2026
Madhya Pradesh,Sehore,Rehati APMC,Green Gram(Moong)(Whole),Green (Whole),FAQ,6400,6600,6600,08/09/2026
Madhya Pradesh,Sehore,Nasrullaganj APMC,Green Gram(Moong)(Whole),Green (Whole),Non-FAQ,2151,7800,7351,08/09/2026
Madhya Pradesh,Jabalpur,Sihora APMC,Green Gram(Moong)(Whole),Green (Whole),FAQ,1100,7705,7100,08/09/2026
Madhya Pradesh,Sagar,Sagar APMC,Green Gram(Moong)(Whole),Green (Whole),FAQ,3505,7455,7455,08/09/2026
Madhya Pradesh,Narsinghpur,Gadarwada APMC,Green Gram(Moong)(Whole),Green (Whole),FAQ,1001,7861,7700,08/09/2026
Madhya Pradesh,Harda,Timarni APMC,Green Gram(Moong)(Whole),Green (Whole),FAQ,1550,7901,7780,08/09/2026
Madhya Pradesh,Harda,Khirakiya APMC,Green Gram(Moong)(Whole),Green (Whole),Non-FAQ,2500,7696,7200,08/09/2026
Madhya Pradesh,Jabalpur,Paatan APMC,Green Gram(Moong)(Whole),Green (Whole),FAQ,4000,7570,6925,08/09/2026
Madhya Pradesh,Indore,Indore APMC,Green Gram(Moong)(Whole),Green (Whole),FAQ,5200,7600,7505,08/09/2026
Madhya Pradesh,Raisen,Raisen APMC,Green Gram(Moong)(Whole),Green (Whole),FAQ,1405,5811,5811,08/09/2026
Madhya Pradesh,Dhar,Dhar APMC,Green Gram(Moong)(Whole),Green (Whole),FAQ,6400,6400,6400,08/09/2026
Madhya Pradesh,Rajgarh,Kurawar APMC,Green Gram(Moong)(Whole),Green (Whole),FAQ,6140,6140,6140,08/09/2026
Madhya Pradesh,Khandwa,Harsood APMC,Green Gram(Moong)(Whole),Green (Whole),FAQ,2500,7201,7201,08/09/2026
Madhya Pradesh,Hoshangabad,Semriharchand APMC,Green Gram(Moong)(Whole),Green (Whole),FAQ,802,7791,7101,08/09/2026
Madhya Pradesh,Guna,Maksudangarh APMC,Green Gram(Moong)(Whole),Green (Whole),FAQ,7265,7395,7395,08/09/2026
Madhya Pradesh,Narsinghpur,Gotegaon APMC,Green Gram(Moong)(Whole),Green (Whole),Non-FAQ,2500,3101,3101,08/09/2026
Madhya Pradesh,Narsinghpur,Gotegaon APMC,Green Gram(Moong)(Whole),Green (Whole),FAQ,6030,7200,7200,08/09/2026
Madhya Pradesh,Jabalpur,Paatan APMC,Green Gram(Moong)(Whole),Green (Whole),Non-FAQ,6465,7095,7095,08/09/2026
Madhya Pradesh,Neemuch,Neemuch APMC,Green Gram(Moong)(Whole),Green (Whole),FAQ,7701,7701,7701,08/09/2026
Madhya Pradesh,Sehore,Sehore APMC,Green Gram(Moong)(Whole),Green (Whole),FAQ,6600,7401,7401,08/09/2026
Madhya Pradesh,Khargone,Khargone APMC,Green Gram(Moong)(Whole),Green (Whole),FAQ,7356,7356,7356,08/09/2026
Madhya Pradesh,Bhopal,Berasia APMC,Green Gram(Moong)(Whole),Green (Whole),FAQ,3400,7360,7360,08/09/2026
Madhya Pradesh,Harda,Harda APMC,Green Gram(Moong)(Whole),Green (Whole),FAQ,1000,8000,7000,08/09/2026
Madhya Pradesh,Guna,Kumbhraj APMC,Green Gram(Moong)(Whole),Green (Whole),FAQ,3550,6870,6870,08/09/2026
Madhya Pradesh,Raisen,Obedullaganj APMC,Green Gram(Moong)(Whole),Green (Whole),FAQ,3905,7350,7350,08/09/2026
Madhya Pradesh,Rajgarh,Biaora APMC,Green Gram(Moong)(Whole),Green (Whole),FAQ,6455,7340,7340,08/09/2026
Madhya Pradesh,Narsinghpur,Kareli APMC,Green Gram(Moong)(Whole),Green (Whole),FAQ,6700,8032,7600,08/09/2026
Madhya Pradesh,Damoh,Damoh APMC,Green Gram(Moong)(Whole),Green (Whole),FAQ,4005,7650,7650,08/09/2026
Madhya Pradesh,Raisen,Begamganj APMC,Green Gram(Moong)(Whole),Green (Whole),FAQ,6880,6880,6880,08/09/2026
Madhya Pradesh,Raisen,Begamganj APMC,Green Gram(Moong)(Whole),Green (Whole),Non-FAQ,6500,6500,6500,08/09/2026
Madhya Pradesh,Ujjain,Ujjain APMC,Green Gram(Moong)(Whole),Green (Whole),FAQ,6190,6190,6190,08/09/2026
Madhya Pradesh,Bhopal,Bhopal APMC,Green Gram(Moong)(Whole),Green (Whole),FAQ,6560,7151,7151,08/09/2026
Madhya Pradesh,Satna,Satna APMC,Green Gram(Moong)(Whole),Green (Whole),FAQ,5800,7300,7300,08/09/2026
Madhya Pradesh,Vidisha,Vidisha APMC,Green Gram(Moong)(Whole),Green (Whole),FAQ,2601,7445,7445,08/09/2026
Madhya Pradesh,Katni,Katni APMC,Green Gram(Moong)(Whole),Green (Whole),Non-FAQ,4200,7694,6000,08/09/2026
Madhya Pradesh,Betul,Betul APMC,Green Gram(Moong)(Whole),Green (Whole),FAQ,3450,7501,7501,08/09/2026
Madhya Pradesh,Mandsaur,Mandsaur APMC,Green Gram(Moong)(Whole),Green (Whole),Non-FAQ,7160,7160,7160,08/09/2026
Madhya Pradesh,Rajgarh,Jeerapur APMC,Green Gram(Moong)(Whole),Green (Whole),FAQ,6505,6505,6505,08/09/2026
Madhya Pradesh,Hoshangabad,Bankhedi APMC,Green Gram(Moong)(Whole),Green (Whole),Non-FAQ,1300,5000,5000,08/09/2026
Madhya Pradesh,Sehore,Nasrullaganj APMC,Green Gram(Moong)(Whole),Green (Whole),FAQ,1500,7945,7200,08/09/2026
Madhya Pradesh,Alirajpur,Alirajpur APMC,Green Gram(Moong)(Whole),Green (Whole),FAQ,6150,6200,6200,08/09/2026
Madhya Pradesh,Sheopur,Sheopurkalan APMC,Green Gram(Moong)(Whole),Green (Whole),FAQ,5000,5000,5000,08/09/2026
Madhya Pradesh,Sagar,Bina APMC,Green Gram(Moong)(Whole),Green (Whole),FAQ,6351,7200,7200,08/09/2026
Madhya Pradesh,Narsinghpur,Gadarwada APMC,Green Gram(Moong)(Whole),Green (Whole),Non-FAQ,4000,7300,7300,08/09/2026
Madhya Pradesh,Narsinghpur,Narsinghpur APMC,Green Gram(Moong)(Whole),Green (Whole),Non-FAQ,2501,7930,7500,08/09/2026
Madhya Pradesh,Guna,Guna APMC,Green Gram(Moong)(Whole),Green (Whole),FAQ,4020,7790,7430,08/09/2026
Madhya Pradesh,Satna,Satna APMC,Green Gram(Moong)(Whole),Other,FAQ,6690,6690,6690,08/09/2026
Madhya Pradesh,Vidisha,Ganjbasoda APMC,Green Gram(Moong)(Whole),Green (Whole),FAQ,3600,7481,7481,08/09/2026
Madhya Pradesh,Sehore,Ashta APMC,Green Gram(Moong)(Whole),Green (Whole),FAQ,7011,7011,7011,08/09/2026
Madhya Pradesh,Hoshangabad,Itarsi APMC,Green Gram(Moong)(Whole),Green (Whole),FAQ,500,7850,7500,08/09/2026
Madhya Pradesh,Damoh,Patharia APMC,Green Gram(Moong)(Whole),Green (Whole),FAQ,3800,7555,7555,08/09/2026
Madhya Pradesh,Dewas,Kannod APMC,Green Gram(Moong)(Whole),Green (Whole),FAQ,4500,7335,7335,08/09/2026
Madhya Pradesh,Ratlam,Jaora APMC,Green Gram(Moong)(Whole),Green (Whole),FAQ,7705,7890,7890,08/09/2026
Madhya Pradesh,Narsinghpur,Kareli APMC,Black Gram(Urd Beans)(Whole),Urda/Urd,FAQ,6000,8560,8560,08/09/2026
Madhya Pradesh,Katni,Katni APMC,Black Gram(Urd Beans)(Whole),Urda/Urd,Non-FAQ,5100,8700,7650,08/09/2026
Madhya Pradesh,Jabalpur,Sihora APMC,Black Gram(Urd Beans)(Whole),Urda/Urd,FAQ,1500,8790,8690,08/09/2026
Madhya Pradesh,Dewas,Loharda APMC,Black Gram(Urd Beans)(Whole),Urda/Urd,FAQ,7411,7525,7525,08/09/2026
Madhya Pradesh,Indore,Indore APMC,Black Gram(Urd Beans)(Whole),Urda/Urd,FAQ,6800,6800,6800,08/09/2026
Madhya Pradesh,Neemuch,Manasa APMC,Black Gram(Urd Beans)(Whole),Urda/Urd,FAQ,2501,8001,8001,08/09/2026
Madhya Pradesh,Neemuch,Neemuch APMC,Black Gram(Urd Beans)(Whole),Urda/Urd,FAQ,5759,8811,8000,08/09/2026
Madhya Pradesh,Vidisha,Ganjbasoda APMC,Black Gram(Urd Beans)(Whole),Urda/Urd,FAQ,4450,5000,5000,08/09/2026
Madhya Pradesh,Hoshangabad,Itarsi APMC,Black Gram(Urd Beans)(Whole),Urda/Urd,FAQ,4400,5700,5700,08/09/2026
Madhya Pradesh,Mandsaur,Mandsaur APMC,Black Gram(Urd Beans)(Whole),Urda/Urd,Non-FAQ,6501,6801,6801,08/09/2026
Madhya Pradesh,Damoh,Patharia APMC,Black Gram(Urd Beans)(Whole),Urda/Urd,FAQ,8355,8355,8355,08/09/2026
Madhya Pradesh,Jabalpur,Jabalpur APMC,Black Gram(Urd Beans)(Whole),Urda/Urd,FAQ,5000,8805,8300,08/09/2026
Madhya Pradesh,Narsinghpur,Narsinghpur APMC,Black Gram(Urd Beans)(Whole),Urda/Urd,FAQ,7701,8300,8300,08/09/2026
Madhya Pradesh,Guna,Guna APMC,Black Gram(Urd Beans)(Whole),Urda/Urd,FAQ,4300,4300,4300,08/09/2026
Madhya Pradesh,Jabalpur,Paatan APMC,Black Gram(Urd Beans)(Whole),Urda/Urd,Non-FAQ,8030,8800,8705,08/09/2026
Madhya Pradesh,Chhindwara,Chhindwara APMC,Black Gram(Urd Beans)(Whole),Urda/Urd,FAQ,9001,9001,9001,08/09/2026
Madhya Pradesh,Narsinghpur,Gotegaon APMC,Black Gram(Urd Beans)(Whole),Urda/Urd,FAQ,7225,8501,8501,08/09/2026
Madhya Pradesh,Ratlam,Jaora APMC,Black Gram(Urd Beans)(Whole),Urda/Urd,FAQ,4500,6100,6100,08/09/2026
Madhya Pradesh,Damoh,Damoh APMC,Black Gram(Urd Beans)(Whole),Urda/Urd,FAQ,5100,8460,8460,08/09/2026
Madhya Pradesh,Jabalpur,Paatan APMC,Black Gram(Urd Beans)(Whole),Urda/Urd,FAQ,5500,8900,8900,08/09/2026
Madhya Pradesh,Satna,Satna APMC,Black Gram(Urd Beans)(Whole),Urda/Urd,FAQ,6300,8805,8805,08/09/2026
Madhya Pradesh,Mandsaur,Daloda APMC,Black Gram(Urd Beans)(Whole),Urda/Urd,FAQ,4701,7000,7000,08/09/2026
Madhya Pradesh,Mandsaur,Shamgarh APMC,Black Gram(Urd Beans)(Whole),Urda/Urd,Non-FAQ,4000,4000,4000,08/09/2026
Maharashtra,Akola,APMC Akola ,Red gram/Arhar/Tur(whole),Other,FAQ,8000,8800,8410,08/09/2026
Maharashtra,Buldhana,APMC Malkapur ,Red gram/Arhar/Tur(whole),Other,Non-FAQ,7500,7500,7500,08/09/2026
Maharashtra,Buldhana,APMC Shegaon ,Red gram/Arhar/Tur(whole),Other,FAQ,8000,8650,8330,08/09/2026
Maharashtra,Hingoli,APMC Hingoli ,Red gram/Arhar/Tur(whole),Other,FAQ,8000,8105,8052,08/09/2026
Maharashtra,Jalgaon,APMC Parola ,Red gram/Arhar/Tur(whole),Other,Non-FAQ,6900,6900,6900,08/09/2026
Maharashtra,Solapur,APMC Solapur ,Red gram/Arhar/Tur(whole),Other,FAQ,8000,8300,8300,08/09/2026
Maharashtra,Yavatmal,APMC Aarni ,Red gram/Arhar/Tur(whole),Other,FAQ,8000,8641,8100,08/09/2026
Maharashtra,Buldhana,APMC Deoulgaon Raja ,Red gram/Arhar/Tur(whole),Other,Non-FAQ,6000,6000,6000,08/09/2026
Maharashtra,Buldhana,APMC Mehekar ,Red gram/Arhar/Tur(whole),Other,FAQ,8010,8340,8150,08/09/2026
Maharashtra,Solapur,APMC Dudhani ,Red gram/Arhar/Tur(whole),Other,Non-FAQ,7000,7935,7470,08/09/2026
Maharashtra,Yavatmal,"Mahesh Krushi Utpanna Bazar, Digras, Dist Yeotmal",Red gram/Arhar/Tur(whole),Other,Local,8300,8300,8300,08/09/2026
Maharashtra,Jalna,APMC Jalana ,Red gram/Arhar/Tur(whole),Other,Non-FAQ,5500,5500,5500,08/09/2026
Maharashtra,Dharashiv,APMC Murum ,Red gram/Arhar/Tur(whole),Other,Non-FAQ,7800,7800,7800,08/09/2026
Maharashtra,Nanded,APMC Bhokar ,Red gram/Arhar/Tur(whole),Other,Non-FAQ,7500,7900,7700,08/09/2026
Maharashtra,Buldhana,"Bsk Krishi Bazar Private Limited, Mehkar, Dist Buldhana",Red gram/Arhar/Tur(whole),Other,Local,8000,8000,8000,08/09/2026
Maharashtra,Solapur,APMC Dudhani ,Red gram/Arhar/Tur(whole),Other,FAQ,8000,9280,8643,08/09/2026
Maharashtra,Wardha,APMC Wardha ,Red gram/Arhar/Tur(whole),Other,FAQ,8150,8300,8225,08/09/2026
Maharashtra,Wardha,APMC Samudrapur ,Red gram/Arhar/Tur(whole),Other,Non-FAQ,7500,7500,7500,08/09/2026
Maharashtra,Washim,APMC Risod ,Red gram/Arhar/Tur(whole),Other,FAQ,8000,8400,8200,08/09/2026
Maharashtra,Yavatmal,APMC Vani ,Red gram/Arhar/Tur(whole),Other,FAQ,8130,8315,8200,08/09/2026
Maharashtra,Yavatmal,APMC Babhulgaon ,Red gram/Arhar/Tur(whole),Other,FAQ,8001,8765,8451,08/09/2026
Maharashtra,Nagpur,"M/S Kalpana Agri Commodities Marketing, Nagpur",Red gram/Arhar/Tur(whole),Other,Local,8200,8500,8300,08/09/2026
Maharashtra,Amarawati,APMC Nandgaon Khandeshwar ,Red gram/Arhar/Tur(whole),Other,FAQ,8350,9500,8700,08/09/2026
Maharashtra,Akola,APMC Telhara ,Red gram/Arhar/Tur(whole),Other,FAQ,8200,8605,8570,08/09/2026
Maharashtra,Latur,APMC Udgir ,Red gram/Arhar/Tur(whole),Other,FAQ,8404,9007,8704,08/09/2026
Maharashtra,Nagpur,APMC Nagpur ,Red gram/Arhar/Tur(whole),Other,FAQ,8000,8760,8570,08/09/2026
Maharashtra,Dharashiv,APMC Murum ,Red gram/Arhar/Tur(whole),Other,FAQ,8660,8660,8660,08/09/2026
Maharashtra,Nagpur,APMC Savner ,Red gram/Arhar/Tur(whole),Other,FAQ,8000,8448,8300,08/09/2026
Maharashtra,Nashik,APMC Malegaon ,Red gram/Arhar/Tur(whole),Other,Non-FAQ,7099,7099,7099,08/09/2026
Maharashtra,Yavatmal,"Shekari Krushi Khajgi Bazar, Arni, Dist Yavatmal",Red gram/Arhar/Tur(whole),Other,Local,7900,8000,7950,08/09/2026
Maharashtra,Bhandara,APMC Bhandara ,Red gram/Arhar/Tur(whole),Other,Non-FAQ,7400,7400,7400,08/09/2026
Maharashtra,Beed,APMC Beed ,Red gram/Arhar/Tur(whole),Other,Non-FAQ,6400,6400,6400,08/09/2026
Maharashtra,Buldhana,APMC Khamgaon ,Red gram/Arhar/Tur(whole),Other,FAQ,8000,8950,8475,08/09/2026
Maharashtra,Buldhana,APMC Khamgaon ,Red gram/Arhar/Tur(whole),Other,Non-FAQ,4000,7900,5950,08/09/2026
Maharashtra,Amarawati,APMC Achalpur ,Red gram/Arhar/Tur(whole),Other,FAQ,8050,8500,8275,08/09/2026
Maharashtra,Washim,APMC Mangrulpeer ,Red gram/Arhar/Tur(whole),Other,FAQ,8000,8510,8200,08/09/2026
Maharashtra,Yavatmal,APMC Yavatmal ,Red gram/Arhar/Tur(whole),Other,FAQ,8000,8455,8227,08/09/2026
Maharashtra,Wardha,APMC Arvi ,Red gram/Arhar/Tur(whole),Other,FAQ,8000,8650,8100,08/09/2026
Maharashtra,Yavatmal,APMC Digras ,Red gram/Arhar/Tur(whole),Other,FAQ,8490,8600,8575,08/09/2026
Maharashtra,Yavatmal,Umarked(Danki) ,Red gram/Arhar/Tur(whole),Other,Non-FAQ,6300,6500,6400,08/09/2026
Maharashtra,Beed,APMC Gevrai ,Red gram/Arhar/Tur(whole),Other,FAQ,8000,8650,8325,08/09/2026
Maharashtra,Amarawati,APMC Dhamngaon-Railway ,Red gram/Arhar/Tur(whole),Other,Non-FAQ,5500,6000,5900,08/09/2026
Maharashtra,Akola,APMC Akot ,Red gram/Arhar/Tur(whole),Other,FAQ,8220,8885,8885,08/09/2026
Maharashtra,Akola,APMC Murtizapur ,Red gram/Arhar/Tur(whole),Other,FAQ,8020,8750,8385,08/09/2026
Maharashtra,Amarawati,APMC Amarawati ,Red gram/Arhar/Tur(whole),Other,FAQ,8400,8775,8587,08/09/2026
Maharashtra,Amarawati,APMC Daryapur ,Red gram/Arhar/Tur(whole),Other,FAQ,8450,8805,8550,08/09/2026
Maharashtra,Beed,APMC Majalgaon ,Red gram/Arhar/Tur(whole),Other,FAQ,8600,11200,9351,08/09/2026
Maharashtra,Buldhana,APMC Malkapur ,Red gram/Arhar/Tur(whole),Other,FAQ,8765,8945,8800,08/09/2026
Maharashtra,Buldhana,APMC Shegaon ,Red gram/Arhar/Tur(whole),Other,Non-FAQ,6500,6500,6500,08/09/2026
Maharashtra,Hingoli,APMC Sengoan ,Red gram/Arhar/Tur(whole),Other,Non-FAQ,7300,7700,7500,08/09/2026
Maharashtra,Jalna,APMC Jalana ,Red gram/Arhar/Tur(whole),Other,FAQ,8100,8727,8100,08/09/2026
Maharashtra,Latur,APMC  Latur,Red gram/Arhar/Tur(whole),Other,FAQ,8000,9050,8940,08/09/2026
Maharashtra,Latur,APMC Ahmedpur ,Red gram/Arhar/Tur(whole),Other,FAQ,8000,8733,8366,08/09/2026
Maharashtra,Nagpur,APMC Katol ,Red gram/Arhar/Tur(whole),Other,FAQ,8000,8350,8200,08/09/2026
Maharashtra,Mumbai,APMC Mumbai ,Red gram split/Arhar dal/Tur dal,Other,Local,8500,12500,11000,08/09/2026
Maharashtra,Nagpur,APMC Mandhal ,Chili Red,Other,Local,10000,18000,13000,08/09/2026
Maharashtra,Mumbai,APMC Mumbai ,Chili Red,Other,Local,25000,50000,37500,08/09/2026
Maharashtra,Nagpur,APMC Nagpur ,Chili Red,Other,Local,14000,18000,17000,08/09/2026
Maharashtra,Yavatmal,"Shekari Krushi Khajgi Bazar, Arni, Dist Yavatmal",Bengal Gram(Gram)(Whole),Other,Local,4000,4000,4000,08/09/2026
Maharashtra,Bhandara,APMC Bhandara ,Bengal Gram(Gram)(Whole),Other,FAQ,6000,6000,6000,08/09/2026
Maharashtra,Dhule,APMC Dondaicha ,Bengal Gram(Gram)(Whole),Other,Non-FAQ,5500,5701,5555,08/09/2026
Maharashtra,Ahilyanagar,APMC Rahata ,Bengal Gram(Gram)(Whole),Other,Non-FAQ,5200,5200,5200,08/09/2026
Maharashtra,Nandurbar,APMC Shahada ,Bengal Gram(Gram)(Whole),Other,FAQ,6699,6699,6699,08/09/2026
Maharashtra,Beed,APMC Gevrai ,Bengal Gram(Gram)(Whole),Other,FAQ,5875,6320,5900,08/09/2026
Maharashtra,Amarawati,APMC Dhamngaon-Railway ,Bengal Gram(Gram)(Whole),Average (Whole),Non-FAQ,4000,5000,4900,08/09/2026
Maharashtra,Ahilyanagar,APMC Kopargaon ,Bengal Gram(Gram)(Whole),Other,Non-FAQ,4500,5501,5301,08/09/2026
Maharashtra,Amarawati,APMC Nandgaon Khandeshwar ,Bengal Gram(Gram)(Whole),Other,FAQ,5875,6000,5900,08/09/2026
Maharashtra,Buldhana,APMC Malkapur ,Bengal Gram(Gram)(Whole),Average (Whole),FAQ,6130,6361,6200,08/09/2026
Maharashtra,Dharashiv,APMC Kalamb (Dharashiv) ,Bengal Gram(Gram)(Whole),Other,FAQ,6100,6100,6100,08/09/2026
Maharashtra,Akola,APMC Telhara ,Bengal Gram(Gram)(Whole),Other,FAQ,6100,6300,6240,08/09/2026
Maharashtra,Nagpur,APMC Nagpur ,Bengal Gram(Gram)(Whole),Other,FAQ,5875,6415,6280,08/09/2026
Maharashtra,Buldhana,APMC Mehekar ,Bengal Gram(Gram)(Whole),Other,FAQ,5885,6115,6000,08/09/2026
Maharashtra,Sangli,APMC Tasgaon ,Bengal Gram(Gram)(Whole),Other,FAQ,5900,6100,6030,08/09/2026
Maharashtra,Solapur,APMC Dudhani ,Bengal Gram(Gram)(Whole),Other,Non-FAQ,5000,5725,5383,08/09/2026
Maharashtra,Wardha,APMC Wardha ,Bengal Gram(Gram)(Whole),Other,FAQ,5900,6000,5950,08/09/2026
Maharashtra,Washim,APMC Risod ,Bengal Gram(Gram)(Whole),Other,FAQ,5900,6100,6000,08/09/2026
Maharashtra,Yavatmal,APMC Digras ,Bengal Gram(Gram)(Whole),Average (Whole),FAQ,5895,6280,6185,08/09/2026
Maharashtra,Nashik,APMC Malegaon ,Bengal Gram(Gram)(Whole),Other,Non-FAQ,5100,5870,5570,08/09/2026
Maharashtra,Pune,APMC Pune ,Bengal Gram(Gram)(Whole),Other,FAQ,6200,7400,6800,08/09/2026
Maharashtra,Akola,APMC Akot ,Bengal Gram(Gram)(Whole),Average (Whole),FAQ,6350,6540,6500,08/09/2026
Maharashtra,Akola,APMC Murtizapur ,Bengal Gram(Gram)(Whole),Other,FAQ,5880,6365,6125,08/09/2026
Maharashtra,Amarawati,APMC Amarawati ,Bengal Gram(Gram)(Whole),Other,FAQ,5875,6300,6087,08/09/2026
Maharashtra,Amarawati,APMC Daryapur ,Bengal Gram(Gram)(Whole),Average (Whole),FAQ,5880,6350,5900,08/09/2026
Maharashtra,Beed,APMC Beed ,Bengal Gram(Gram)(Whole),Other,FAQ,6000,6150,6077,08/09/2026
Maharashtra,Jalna,APMC Jalana ,Bengal Gram(Gram)(Whole),Other,FAQ,6211,6300,6211,08/09/2026
Maharashtra,Latur,APMC  Latur,Bengal Gram(Gram)(Whole),Other,FAQ,5875,6250,6050,08/09/2026
Maharashtra,Latur,APMC Ahmedpur ,Bengal Gram(Gram)(Whole),Other,FAQ,5875,5926,5900,08/09/2026
Maharashtra,Nagpur,APMC Nagpur ,Bengal Gram(Gram)(Whole),Other,Non-FAQ,5700,5874,5830,08/09/2026
Maharashtra,Yavatmal,APMC Yavatmal ,Bengal Gram(Gram)(Whole),Other,FAQ,5875,6075,5975,08/09/2026
Maharashtra,Parbhani,APMC Parbhani ,Bengal Gram(Gram)(Whole),Other,FAQ,6000,6250,6100,08/09/2026
Maharashtra,Beed,APMC Majalgaon ,Bengal Gram(Gram)(Whole),Other,FAQ,5891,6265,6141,08/09/2026
Maharashtra,Buldhana,APMC Khamgaon ,Bengal Gram(Gram)(Whole),Average (Whole),Non-FAQ,5050,5825,5438,08/09/2026
Maharashtra,Buldhana,APMC Shegaon ,Bengal Gram(Gram)(Whole),Other,FAQ,5900,6300,6175,08/09/2026
Maharashtra,Chattrapati Sambhajinagar,APMC Chattrapati Sambhajinagar ,Bengal Gram(Gram)(Whole),Other,Non-FAQ,5852,5852,5852,08/09/2026
Maharashtra,Jalgaon,APMC Parola ,Bengal Gram(Gram)(Whole),Average (Whole),Non-FAQ,5300,5300,5300,08/09/2026
Maharashtra,Jalgaon,APMC Amalner ,Bengal Gram(Gram)(Whole),Average (Whole),FAQ,6000,6000,6000,08/09/2026
Maharashtra,Mumbai,APMC Mumbai ,Bengal Gram(Gram)(Whole),Other,FAQ,6800,7800,7500,08/09/2026
Maharashtra,Buldhana,APMC Deoulgaon Raja ,Bengal Gram(Gram)(Whole),Other,Non-FAQ,4000,4000,4000,08/09/2026
Maharashtra,Nandurbar,APMC Nandurbar ,Bengal Gram(Gram)(Whole),Other,Non-FAQ,5500,5500,5500,08/09/2026
Maharashtra,Wardha,APMC Wardha ,Bengal Gram(Gram)(Whole),Other,Non-FAQ,5850,5850,5850,08/09/2026
Maharashtra,Washim,APMC Mangrulpeer ,Bengal Gram(Gram)(Whole),Other,FAQ,5875,6460,6100,08/09/2026
Maharashtra,Akola,APMC Akola ,Bengal Gram(Gram)(Whole),Other,FAQ,5875,6205,6060,08/09/2026
Maharashtra,Buldhana,APMC Malkapur ,Bengal Gram(Gram)(Whole),Average (Whole),Non-FAQ,5000,5000,5000,08/09/2026
Maharashtra,Dhule,APMC Sakri ,Bengal Gram(Gram)(Whole),Average (Whole),Non-FAQ,3000,4800,4800,08/09/2026
Maharashtra,Jalgaon,APMC Chopda ,Bengal Gram(Gram)(Whole),Other,Non-FAQ,4351,4351,4351,08/09/2026
Maharashtra,Latur,APMC Udgir ,Bengal Gram(Gram)(Whole),Other,FAQ,6330,6411,6370,08/09/2026
Maharashtra,Nagpur,APMC Savner ,Bengal Gram(Gram)(Whole),Other,FAQ,6095,6230,6180,08/09/2026
Maharashtra,Nashik,APMC Satana ,Bengal Gram(Gram)(Whole),Other,Non-FAQ,4600,5831,5300,08/09/2026
Maharashtra,Buldhana,APMC Khamgaon ,Bengal Gram(Gram)(Whole),Average (Whole),FAQ,6250,6500,6375,08/09/2026
Maharashtra,Buldhana,APMC Shegaon ,Bengal Gram(Gram)(Whole),Other,Non-FAQ,5025,5855,5395,08/09/2026
Maharashtra,Dharashiv,APMC Kalamb (Dharashiv) ,Bengal Gram(Gram)(Whole),Other,Non-FAQ,5151,5801,5801,08/09/2026
Maharashtra,Jalna,APMC Jalana ,Bengal Gram(Gram)(Whole),Other,Non-FAQ,5000,5000,5000,08/09/2026
Maharashtra,Jalgaon,APMC Chopda ,Bengal Gram(Gram)(Whole),Other,FAQ,8092,8092,8092,08/09/2026
Maharashtra,Nagpur,APMC Katol ,Bengal Gram(Gram)(Whole),Other,FAQ,5875,6500,6350,08/09/2026
Maharashtra,Solapur,APMC Karmala ,Bengal Gram(Gram)(Whole),Other,FAQ,5900,5900,5900,08/09/2026
Maharashtra,Solapur,APMC Dudhani ,Bengal Gram(Gram)(Whole),Other,FAQ,5900,6145,6145,08/09/2026
Maharashtra,Wardha,APMC Arvi ,Bengal Gram(Gram)(Whole),Other,Non-FAQ,5000,5860,5800,08/09/2026
Maharashtra,Yavatmal,APMC Digras ,Bengal Gram(Gram)(Whole),Average (Whole),Non-FAQ,5700,5700,5700,08/09/2026
Maharashtra,Nagpur,"M/S Kalpana Agri Commodities Marketing, Nagpur",Bengal Gram(Gram)(Whole),Other,Local,6300,6300,6300,08/09/2026
Maharashtra,Nashik,APMC Malegaon ,Green Gram(Moong)(Whole),Green (Whole),FAQ,8769,11401,9651,08/09/2026
Maharashtra,Jalgaon,APMC Jalgaon ,Green Gram(Moong)(Whole),Other,FAQ,9000,9000,9000,08/09/2026
Maharashtra,Nashik,Lasalgaon(Vinchur) ,Green Gram(Moong)(Whole),Other,FAQ,8900,12000,11500,08/09/2026
Maharashtra,Dharashiv,APMC Tuljapur ,Green Gram(Moong)(Whole),Green (Whole),Non-FAQ,7500,8700,8600,08/09/2026
Maharashtra,Jalgaon,APMC Pachora ,Green Gram(Moong)(Whole),Other,FAQ,8768,10200,9800,08/09/2026
Maharashtra,Jalgaon,APMC Dharangaon ,Green Gram(Moong)(Whole),Green (Whole),Non-FAQ,8085,8695,8450,08/09/2026
Maharashtra,Jalgaon,Jalgaon(Masawat) ,Green Gram(Moong)(Whole),Other,Non-FAQ,8400,8600,8500,08/09/2026
Maharashtra,Jalgaon,APMC Chopda ,Green Gram(Moong)(Whole),Green (Whole),FAQ,9000,9200,9151,08/09/2026
Maharashtra,Mumbai,APMC Mumbai ,Green Gram(Moong)(Whole),Other,FAQ,8800,11000,10000,08/09/2026
Maharashtra,Nanded,APMC Bhokar ,Green Gram(Moong)(Whole),Other,Non-FAQ,7305,7525,7415,08/09/2026
Maharashtra,Nashik,APMC Manmad ,Green Gram(Moong)(Whole),Green (Whole),FAQ,8768,13000,11500,08/09/2026
Maharashtra,Jalgaon,APMC Jalgaon ,Green Gram(Moong)(Whole),Other,Non-FAQ,8555,8555,8555,08/09/2026
Maharashtra,Pune,APMC Pune ,Green Gram(Moong)(Whole),Green (Whole),FAQ,8800,9700,9250,08/09/2026
Maharashtra,Solapur,APMC Solapur ,Green Gram(Moong)(Whole),Green (Whole),FAQ,8900,9490,9100,08/09/2026
Maharashtra,Solapur,APMC Karmala ,Green Gram(Moong)(Whole),Other,Non-FAQ,8000,8000,8000,08/09/2026
Maharashtra,Ahilyanagar,APMC Kopargaon ,Green Gram(Moong)(Whole),Green (Whole),FAQ,10501,10901,10900,08/09/2026
Maharashtra,Amarawati,APMC Amarawati ,Green Gram(Moong)(Whole),Other,Non-FAQ,6700,7350,7025,08/09/2026
Maharashtra,Buldhana,APMC Malkapur ,Green Gram(Moong)(Whole),Other,FAQ,8925,9625,9000,08/09/2026
Maharashtra,Dharashiv,APMC Kalamb (Dharashiv) ,Green Gram(Moong)(Whole),Green (Whole),FAQ,9000,9500,9400,08/09/2026
Maharashtra,Jalna,APMC Jalana ,Green Gram(Moong)(Whole),Other,FAQ,9100,9499,9100,08/09/2026
Maharashtra,Latur,APMC Udgir ,Green Gram(Moong)(Whole),Green (Whole),FAQ,8768,11200,9100,08/09/2026
Maharashtra,Dharashiv,APMC Murum ,Green Gram(Moong)(Whole),Green (Whole),Non-FAQ,8000,8000,8000,08/09/2026
Maharashtra,Ahilyanagar,APMC Jamkhed ,Green Gram(Moong)(Whole),Other,FAQ,8800,9000,8900,08/09/2026
Maharashtra,Nandurbar,APMC Shahada ,Green Gram(Moong)(Whole),Other,Non-FAQ,8499,8499,8499,08/09/2026
Maharashtra,Jalgaon,APMC Chalisgaon ,Green Gram(Moong)(Whole),Green (Whole),FAQ,8800,9100,8870,08/09/2026
Maharashtra,Solapur,APMC Dudhani ,Green Gram(Moong)(Whole),Green (Whole),FAQ,8790,9300,9000,08/09/2026
Maharashtra,Solapur,APMC Dudhani ,Green Gram(Moong)(Whole),Green (Whole),Non-FAQ,6000,8720,7970,08/09/2026
Maharashtra,Beed,APMC Beed ,Green Gram(Moong)(Whole),Green (Whole),FAQ,8910,9511,9144,08/09/2026
Maharashtra,Chattrapati Sambhajinagar,APMC Paithan ,Green Gram(Moong)(Whole),Other,FAQ,9327,9327,9327,08/09/2026
Maharashtra,Dharashiv,APMC Tuljapur ,Green Gram(Moong)(Whole),Other,FAQ,8780,9000,8900,08/09/2026
Maharashtra,Jalgaon,APMC Pachora ,Green Gram(Moong)(Whole),Other,Non-FAQ,6100,8700,7800,08/09/2026
Maharashtra,Jalna,APMC Jalana ,Green Gram(Moong)(Whole),Other,Non-FAQ,7151,7151,7151,08/09/2026
Maharashtra,Jalgaon,APMC Amalner ,Green Gram(Moong)(Whole),Other,FAQ,9000,9000,9000,08/09/2026
Maharashtra,Dharashiv,APMC Murum ,Green Gram(Moong)(Whole),Green (Whole),FAQ,8900,8900,8900,08/09/2026
Maharashtra,Yavatmal,APMC Vani ,Green Gram(Moong)(Whole),Green (Whole),Non-FAQ,7005,7240,7100,08/09/2026
Maharashtra,Akola,APMC Akola ,Green Gram(Moong)(Whole),Green (Whole),FAQ,11700,11700,11700,08/09/2026
Maharashtra,Akola,APMC Akola ,Green Gram(Moong)(Whole),Green (Whole),Non-FAQ,5105,7260,6975,08/09/2026
Maharashtra,Chattrapati Sambhajinagar,APMC Chattrapati Sambhajinagar ,Green Gram(Moong)(Whole),Other,FAQ,9199,10000,9600,08/09/2026
Maharashtra,Jalna,APMC Jalana ,Green Gram(Moong)(Whole),Green (Whole),FAQ,12300,16600,13500,08/09/2026
Maharashtra,Ahilyanagar,Rahuri(Vambori) ,Green Gram(Moong)(Whole),Other,FAQ,8800,9800,9562,08/09/2026
Maharashtra,Jalgaon,APMC Chopda ,Green Gram(Moong)(Whole),Green (Whole),Non-FAQ,6141,8681,7001,08/09/2026
Maharashtra,Latur,APMC  Latur,Green Gram(Moong)(Whole),Green (Whole),FAQ,8768,12000,10000,08/09/2026
Maharashtra,Latur,APMC Udgir ,Green Gram(Moong)(Whole),Other,FAQ,8768,9000,8800,08/09/2026
Maharashtra,Beed,APMC Gevrai ,Green Gram(Moong)(Whole),Other,FAQ,9000,10001,9500,08/09/2026
Maharashtra,Buldhana,APMC Deoulgaon Raja ,Green Gram(Moong)(Whole),Green (Whole),FAQ,9211,9250,9211,08/09/2026
Maharashtra,Yavatmal,"Shekari Krushi Khajgi Bazar, Arni, Dist Yavatmal",Green Gram(Moong)(Whole),Other,Local,6100,6100,6100,08/09/2026
Maharashtra,Dhule,APMC Dondaicha ,Green Gram(Moong)(Whole),Other,Non-FAQ,8400,8750,8600,08/09/2026
Maharashtra,Akola,APMC Murtizapur ,Green Gram(Moong)(Whole),Green (Whole),Non-FAQ,7000,7195,7100,08/09/2026
Maharashtra,Buldhana,APMC Khamgaon ,Green Gram(Moong)(Whole),Other,FAQ,9000,10000,9500,08/09/2026
Maharashtra,Buldhana,APMC Khamgaon ,Green Gram(Moong)(Whole),Other,Non-FAQ,8500,8501,8500,08/09/2026
Maharashtra,Buldhana,APMC Malkapur ,Green Gram(Moong)(Whole),Other,Non-FAQ,7125,7125,7125,08/09/2026
Maharashtra,Jalgaon,APMC Parola ,Green Gram(Moong)(Whole),Other,Non-FAQ,4000,8700,8000,08/09/2026
Maharashtra,Latur,APMC Ahmedpur ,Green Gram(Moong)(Whole),Other,FAQ,8768,11000,9884,08/09/2026
Maharashtra,Mumbai,APMC Mumbai ,Kulthi(Horse Gram),Other,Local,5800,6700,6300,08/09/2026
Maharashtra,Solapur,APMC Karmala ,Green Gram(Moong)(Whole),Other,FAQ,8800,9300,9200,08/09/2026
Maharashtra,Ahilyanagar,APMC Jamkhed ,Black Gram(Urd Beans)(Whole),Other,FAQ,8200,8600,8400,08/09/2026
Maharashtra,Ahilyanagar,Shevgaon(Bodhegaon) ,Black Gram(Urd Beans)(Whole),Other,FAQ,8300,8400,8300,08/09/2026
Maharashtra,Buldhana,APMC Khamgaon ,Black Gram(Urd Beans)(Whole),Other,FAQ,8800,8800,8800,08/09/2026
Maharashtra,Latur,APMC  Latur,Black Gram(Urd Beans)(Whole),Other,FAQ,7800,9001,8900,08/09/2026
Maharashtra,Dharashiv,APMC Murum ,Black Gram(Urd Beans)(Whole),Other,Non-FAQ,5800,5800,5800,08/09/2026
Maharashtra,Solapur,APMC Dudhani ,Black Gram(Urd Beans)(Whole),Other,FAQ,8000,8835,8633,08/09/2026
Maharashtra,Akola,APMC Akola ,Black Gram(Urd Beans)(Whole),Other,Non-FAQ,6555,6555,6555,08/09/2026
Maharashtra,Mumbai,APMC Mumbai ,Black Gram Dal(Urd Dal),Other,Local,10000,12900,12000,08/09/2026
Maharashtra,Beed,APMC Gevrai ,Black Gram(Urd Beans)(Whole),Other,FAQ,8000,8000,8000,08/09/2026
Maharashtra,Pune,APMC Pune ,Black Gram(Urd Beans)(Whole),Other,FAQ,9200,10200,9700,08/09/2026
Maharashtra,Ahilyanagar,APMC Shevgaon ,Black Gram(Urd Beans)(Whole),Other,FAQ,8100,8200,8200,08/09/2026
Maharashtra,Amarawati,APMC Amarawati ,Black Gram(Urd Beans)(Whole),Other,Non-FAQ,6700,7250,6975,08/09/2026
Maharashtra,Buldhana,APMC Khamgaon ,Black Gram(Urd Beans)(Whole),Other,Non-FAQ,5000,5000,5000,08/09/2026
Maharashtra,Chattrapati Sambhajinagar,APMC Paithan ,Black Gram(Urd Beans)(Whole),Other,FAQ,7890,7890,7890,08/09/2026
Maharashtra,Jalgaon,APMC Chopda ,Black Gram(Urd Beans)(Whole),Other,FAQ,8000,9200,9200,08/09/2026
Maharashtra,Mumbai,APMC Mumbai ,Green Gram Dal(Moong Dal),Other,Local,9100,10500,10300,08/09/2026
Maharashtra,Nanded,APMC Bhokar ,Black Gram(Urd Beans)(Whole),Other,Non-FAQ,7600,7600,7600,08/09/2026
Maharashtra,Solapur,APMC Karmala ,Black Gram(Urd Beans)(Whole),Other,FAQ,8100,8800,8500,08/09/2026
Maharashtra,Solapur,APMC Karmala ,Black Gram(Urd Beans)(Whole),Other,Non-FAQ,7000,7700,7500,08/09/2026
Maharashtra,Solapur,APMC Dudhani ,Black Gram(Urd Beans)(Whole),Other,Non-FAQ,5000,7000,6117,08/09/2026
Maharashtra,Ahilyanagar,"Omchatinya Multi State Agro Purpose Co-Op Society, Dist Ahilyanagar",Black Gram(Urd Beans)(Whole),Other,Local,8200,8400,8300,08/09/2026
Maharashtra,Beed,APMC Gevrai ,Black Gram(Urd Beans)(Whole),Other,Non-FAQ,7500,7750,7600,08/09/2026
Maharashtra,Dharashiv,APMC Tuljapur ,Black Gram(Urd Beans)(Whole),Other,FAQ,8000,8611,8550,08/09/2026
Maharashtra,Jalgaon,APMC Amalner ,Black Gram(Urd Beans)(Whole),Other,Non-FAQ,6900,6900,6900,08/09/2026
Maharashtra,Jalgaon,APMC Chopda ,Black Gram(Urd Beans)(Whole),Other,Non-FAQ,6700,6700,6700,08/09/2026
Maharashtra,Beed,APMC Beed ,Black Gram(Urd Beans)(Whole),Other,FAQ,8370,8370,8370,08/09/2026
Maharashtra,Ahilyanagar,Rahuri(Vambori) ,Black Gram(Urd Beans)(Whole),Other,Non-FAQ,7000,7600,7285,08/09/2026
Maharashtra,Mumbai,APMC Mumbai ,Black Gram(Urd Beans)(Whole),Other,FAQ,9000,11600,10500,08/09/2026
Maharashtra,Mumbai,APMC Mumbai ,Bengal Gram Dal(Chana Dal),Other,Local,7100,8500,7900,08/09/2026
Maharashtra,Dharashiv,APMC Paranda ,Black Gram(Urd Beans)(Whole),Other,FAQ,8400,8550,8500,08/09/2026
Maharashtra,Solapur,APMC Solapur ,Black Gram(Urd Beans)(Whole),Mogan Medium,FAQ,7880,8500,8350,08/09/2026
Uttar Pradesh,Mahoba,Mahoba APMC,Red gram/Arhar/Tur(whole),Other,FAQ,5520,6890,6074.1,08/09/2026
Uttar Pradesh,Hamirpur,Bharuasumerpur APMC,Red gram/Arhar/Tur(whole),Other,FAQ,6500,6500,6500,08/09/2026
Uttar Pradesh,Sonbhadra,Robertsganj APMC,Red gram/Arhar/Tur(whole),Other,FAQ,6500,6800,6621.43,08/09/2026
Uttar Pradesh,Rampur,Tanda(Rampur) APMC,Chili Red,Other,FAQ,9000,9000,9000,08/09/2026
Uttar Pradesh,Lucknow,Lucknow APMC,Chili Red,Other,FAQ,12000,12000,12000,08/09/2026
Uttar Pradesh,Kasganj,Kasganj APMC,Chili Red,Other,FAQ,10000,10000,10000,08/09/2026
Uttar Pradesh,Bareilly,Bareilly APMC,Chili Red,Other,FAQ,9000,18500,13237.23,08/09/2026
Uttar Pradesh,Varanasi,Varanasi APMC,Chili Red,Other,FAQ,13800,13800,13800,08/09/2026
Uttar Pradesh,Raebarelli,Raibareilly APMC,Pegeon Pea(Arhar Fali),Other,FAQ,11111,11111,11111,08/09/2026
Uttar Pradesh,Ghazipur,Jangipura APMC,Pegeon Pea(Arhar Fali),Other,FAQ,11122.1,11122.1,11122.1,08/09/2026
Uttar Pradesh,Ghaziabad,Ghaziabad APMC,Pegeon Pea(Arhar Fali),Other,FAQ,11481.86,11481.86,11481.86,08/09/2026
Uttar Pradesh,Agra,Agra APMC,Pegeon Pea(Arhar Fali),Other,FAQ,10300,10300,10300,08/09/2026
Uttar Pradesh,Lucknow,Banthara APMC,Pegeon Pea(Arhar Fali),Other,FAQ,11544.83,14203.89,11671.44,08/09/2026
Uttar Pradesh,Jaunpur,Jaunpur APMC,Pegeon Pea(Arhar Fali),Other,FAQ,10582.06,10582.06,10582.06,08/09/2026
Uttar Pradesh,Agra,Agra APMC,Gram Raw(Chholia),Other,FAQ,6585,6775,6711.51,08/09/2026
Uttar Pradesh,Mathura,Kosikalan APMC,Green Gram(Moong)(Whole),Other,FAQ,8768,8768,8768,08/09/2026
Uttar Pradesh,Prayagraj,Lediyari APMC,Green Gram(Moong)(Whole),Other,FAQ,8768,8768,8768,08/09/2026
Uttar Pradesh,Agra,Jarar APMC,Green Gram(Moong)(Whole),Other,FAQ,6500,6500,6500,08/09/2026
Uttar Pradesh,Ghaziabad,Ghaziabad APMC,Green Gram(Moong)(Whole),Other,FAQ,10085.08,11160,10254.09,08/09/2026
Uttar Pradesh,Etawah,Jasvantnagar APMC,Green Gram(Moong)(Whole),Other,FAQ,8768,8768,8768,08/09/2026
Uttar Pradesh,Jalaun (Orai),Orai APMC,Green Gram(Moong)(Whole),Other,FAQ,8768,8768,8768,08/09/2026
Uttar Pradesh,Fatehpur,Fatehpur APMC,Green Gram(Moong)(Whole),Other,FAQ,8768,8768,8768,08/09/2026
Uttar Pradesh,Chitrakut,Karvi APMC,Gram Raw(Chholia),Other,FAQ,6000,6000,6000,08/09/2026
Uttar Pradesh,Mahoba,Charkhari APMC,Gram Raw(Chholia),Other,FAQ,5000,5000,5000,08/09/2026
Uttar Pradesh,Jalaun (Orai),Ait APMC,Green Gram(Moong)(Whole),Other,FAQ,8768,8768,8768,08/09/2026
Uttar Pradesh,Baghpat,Baraut APMC,Gram Raw(Chholia),Other,FAQ,10000,10000,10000,08/09/2026
Uttar Pradesh,Lalitpur,Mehrauni APMC,Green Gram(Moong)(Whole),Other,FAQ,8768,8768,8768,08/09/2026
Uttar Pradesh,Mathura,Mathura APMC,Green Gram(Moong)(Whole),Other,FAQ,8767.82,8767.82,8767.82,08/09/2026
Uttar Pradesh,Jhansi,Moth APMC,Gram Raw(Chholia),Other,FAQ,6500,6550,6514.77,08/09/2026
Uttar Pradesh,Kanpur Dehat,Rura APMC,Green Gram(Moong)(Whole),Other,FAQ,6900,7400,7150.22,08/09/2026
Uttar Pradesh,Raebarelli,Raibareilly APMC,Gram Raw(Chholia),Other,FAQ,7135,7135,7135,08/09/2026
Uttar Pradesh,Sonbhadra,Robertsganj APMC,Gram Raw(Chholia),Other,FAQ,5600,5600,5600,08/09/2026
Uttar Pradesh,Firozabad,Sirsaganj APMC,Green Gram(Moong)(Whole),Other,FAQ,6500,8768,8032.74,08/09/2026
Uttar Pradesh,Jhansi,Mauranipur APMC,Gram Raw(Chholia),Other,FAQ,5000,5000,5000,08/09/2026
Uttar Pradesh,Lalitpur,Lalitpur APMC,Gram Raw(Chholia),Other,FAQ,5900,5925,5913.33,08/09/2026
Uttar Pradesh,Kanpur Dehat,Jhijhank APMC,Green Gram(Moong)(Whole),Other,FAQ,7300,7300,7300,08/09/2026
Uttar Pradesh,Shahjahanpur,Shahjahanpur APMC,Green Gram(Moong)(Whole),Other,FAQ,7400,7500,7450.69,08/09/2026
Uttar Pradesh,Hamirpur,Muskara APMC,Gram Raw(Chholia),Other,FAQ,6000,6000,6000,08/09/2026
Uttar Pradesh,Muzaffarnagar,Muzzafarnagar APMC,Gram Raw(Chholia),Other,FAQ,6800,6800,6800,08/09/2026
Uttar Pradesh,Prayagraj,Ajuha APMC,Green Gram(Moong)(Whole),Other,FAQ,8768,8768,8768,08/09/2026
Uttar Pradesh,Mainpuri,Mainpuri APMC,Green Gram(Moong)(Whole),Other,FAQ,8768,8768,8768,08/09/2026
Uttar Pradesh,Baghpat,Baraut APMC,Green Gram(Moong)(Whole),Other,FAQ,9200,9200,9200,08/09/2026
Uttar Pradesh,Agra,Agra APMC,Green Gram(Moong)(Whole),Other,FAQ,8768,8768,8768,08/09/2026
Uttar Pradesh,Banda,Atarra APMC,Gram Raw(Chholia),Other,FAQ,5800,6000,5966.59,08/09/2026
Uttar Pradesh,Mainpuri,Bewar APMC,Green Gram(Moong)(Whole),Other,FAQ,8768,8768,8768,08/09/2026
Uttar Pradesh,Bulandshahar,Anoop Shahar APMC,Green Gram(Moong)(Whole),Other,FAQ,8768,8768,8768,08/09/2026
Uttar Pradesh,Jalaun (Orai),Madhogarh APMC,Green Gram(Moong)(Whole),Other,FAQ,7000,8768,7931.78,08/09/2026
Uttar Pradesh,Kanpur Dehat,Pukharayan APMC,Green Gram(Moong)(Whole),Other,FAQ,7000,7000,7000,08/09/2026
Uttar Pradesh,Hamirpur,Raath APMC,Gram Raw(Chholia),Other,FAQ,5700,6200,5842.72,08/09/2026
Uttar Pradesh,Hamirpur,Maudaha APMC,Gram Raw(Chholia),Other,FAQ,5800,6000,5868.57,08/09/2026
Uttar Pradesh,Kanpur,Kanpur(Grain) APMC,Green Gram(Moong)(Whole),Other,FAQ,8767.99,8768,8768,08/09/2026
Uttar Pradesh,Jalaun (Orai),Orai APMC,Gram Raw(Chholia),Other,FAQ,5000,5000,5000,08/09/2026
Uttar Pradesh,Aligarh,Atrauli APMC,Green Gram(Moong)(Whole),Other,FAQ,8768,8768,8768,08/09/2026
Uttar Pradesh,Fatehpur,Bindki APMC,Green Gram(Moong)(Whole),Other,FAQ,8768,8768,8768,08/09/2026
Uttar Pradesh,Jalaun (Orai),Konch APMC,Green Gram(Moong)(Whole),Other,FAQ,8768,8768,8768,08/09/2026
Uttar Pradesh,Lalitpur,Mehrauni APMC,Gram Raw(Chholia),Other,FAQ,5500,5500,5500,08/09/2026
Uttar Pradesh,Hamirpur,Bharuasumerpur APMC,Gram Raw(Chholia),Other,FAQ,6000,6500,6236.57,08/09/2026
Uttar Pradesh,Aligarh,Charra APMC,Green Gram(Moong)(Whole),Other,FAQ,8768,8768,8768,08/09/2026
Uttar Pradesh,Agra,Jagnair APMC,Gram Raw(Chholia),Other,FAQ,5100,5400,5300.85,08/09/2026
Uttar Pradesh,Lalitpur,Lalitpur APMC,Green Gram(Moong)(Whole),Other,FAQ,8767,8768,8767.93,08/09/2026
Uttar Pradesh,Jalaun (Orai),Jalaun APMC,Green Gram(Moong)(Whole),Other,FAQ,8768,8768,8768,08/09/2026
Uttar Pradesh,Fatehpur,Kishunpur APMC,Green Gram(Moong)(Whole),Other,FAQ,8768,8768,8768,08/09/2026
Uttar Pradesh,Jalaun (Orai),Konch APMC,Gram Raw(Chholia),Other,FAQ,5350,5350,5350,08/09/2026
Uttar Pradesh,Mahoba,Mahoba APMC,Gram Raw(Chholia),Other,FAQ,5200,6990,6087.65,08/09/2026
Uttar Pradesh,Sonbhadra,Robertsganj APMC,Green Gram(Moong)(Whole),Other,FAQ,6000,6000,6000,08/09/2026
Uttar Pradesh,Hathras,Shadabad APMC,Green Gram(Moong)(Whole),Other,FAQ,8768,8768,8768,08/09/2026
Uttar Pradesh,Hathras,Sikandraraau APMC,Green Gram(Moong)(Whole),Other,FAQ,8768,8768,8768,08/09/2026
Uttar Pradesh,Hamirpur,Raath APMC,Green Gram(Moong)(Whole),Other,FAQ,8768,8768,8768,08/09/2026
Uttar Pradesh,Lucknow,Banthara APMC,Gram Raw(Chholia),Other,FAQ,7807.03,7807.03,7807.03,08/09/2026
Uttar Pradesh,Jalaun (Orai),Ait APMC,Gram Raw(Chholia),Other,FAQ,6500,6530,6516.73,08/09/2026
Uttar Pradesh,Aligarh,Khair APMC,Green Gram(Moong)(Whole),Other,FAQ,8767.99,8768,8768,08/09/2026
Uttar Pradesh,Auraiya,Auraiya APMC,Green Gram(Moong)(Whole),Other,FAQ,7500,7500,7500,08/09/2026
Uttar Pradesh,Ghaziabad,Hapur APMC,Black Gram Dal(Urd Dal),Other,FAQ,5200,6500,5265.27,08/09/2026
Uttar Pradesh,Jaunpur,Shahganj APMC,Bengal Gram Dal(Chana Dal),Other,FAQ,7875.13,7875.13,7875.13,08/09/2026
Uttar Pradesh,Shamli,Shamli APMC,Black Gram Dal(Urd Dal),Other,FAQ,9200,9200,9200,08/09/2026
Uttar Pradesh,Ghaziabad,Ghaziabad APMC,Black Gram Dal(Urd Dal),Other,FAQ,11268.99,13800,12230.1,08/09/2026
Uttar Pradesh,Baghpat,Baraut APMC,Black Gram Dal(Urd Dal),Other,FAQ,11200,11200,11200,08/09/2026
Uttar Pradesh,Sitapur,Sidhauli APMC,Black Gram Dal(Urd Dal),Other,FAQ,8000,8000,8000,08/09/2026
Uttar Pradesh,Lucknow,Banthara APMC,Bengal Gram Dal(Chana Dal),Other,FAQ,7519.22,7519.22,7519.22,08/09/2026
Uttar Pradesh,Prayagraj,Prayagraj APMC,Black Gram Dal(Urd Dal),Other,FAQ,9000,9000,9000,08/09/2026
Uttar Pradesh,Firozabad,Sirsaganj APMC,Black Gram Dal(Urd Dal),Other,FAQ,9000,9000,9000,08/09/2026
Uttar Pradesh,Firozabad,Tundla APMC,Black Gram Dal(Urd Dal),Other,FAQ,8000,8000,8000,08/09/2026
Uttar Pradesh,Lalitpur,Lalitpur APMC,Black Gram Dal(Urd Dal),Other,FAQ,7500,8250,7800.43,08/09/2026
Uttar Pradesh,Shahjahanpur,Shahjahanpur APMC,Black Gram Dal(Urd Dal),Other,FAQ,8793,8793,8793,08/09/2026
Uttar Pradesh,Shahjahanpur,Shahjahanpur APMC,Green Gram Dal(Moong Dal),Other,FAQ,8000,8000,8000,08/09/2026
Uttar Pradesh,Lakhimpur,Golagokarnath APMC,Black Gram Dal(Urd Dal),Other,FAQ,9600,9600,9600,08/09/2026
Uttar Pradesh,Lakhimpur,Golagokarnath APMC,Bengal Gram Dal(Chana Dal),Other,FAQ,7650,7650,7650,08/09/2026
Uttar Pradesh,Kanpur,Choubepur APMC,Black Gram Dal(Urd Dal),Other,FAQ,7700,7700,7700,08/09/2026
Uttar Pradesh,Mainpuri,Bewar APMC,Green Gram Dal(Moong Dal),Other,FAQ,8768,8768,8768,08/09/2026
Uttar Pradesh,Bareilly,Bareilly APMC,Green Gram Dal(Moong Dal),Other,FAQ,9700,9700,9700,08/09/2026
Uttar Pradesh,Hardoi,Madhoganj APMC,Black Gram Dal(Urd Dal),Other,FAQ,6000,6000,6000,08/09/2026
Uttar Pradesh,Lalitpur,Mehrauni APMC,Black Gram Dal(Urd Dal),Other,FAQ,8200,8200,8200,08/09/2026
Uttar Pradesh,Raebarelli,Raibareilly APMC,Bengal Gram Dal(Chana Dal),Other,FAQ,7785,7785,7785,08/09/2026
Uttar Pradesh,Agra,Agra APMC,Black Gram Dal(Urd Dal),Other,FAQ,12329.88,12329.88,12329.88,08/09/2026
Uttar Pradesh,Lucknow,Banthara APMC,Green Gram Dal(Moong Dal),Other,FAQ,10291.06,10291.06,10291.06,08/09/2026
Rajasthan,Jodhpur,Jodhpur (F&V) APMC,Chili Red,Other,Local,2000,3500,3000,08/09/2026
Rajasthan,Baran,Nahargarh APMC,Bengal Gram(Gram)(Whole),Other,Local,3800,3800,3800,08/09/2026
Rajasthan,Dausa,Dausa APMC,Bengal Gram(Gram)(Whole),Other,Local,5975,6018,5996,08/09/2026
Rajasthan,Baran,Kawai Salpura - Atru APMC,Bengal Gram(Gram)(Whole),Other,Local,6000,6000,6000,08/09/2026
Rajasthan,Ganganagar,Raisingh Nagar APMC,Bengal Gram(Gram)(Whole),Other,Non-FAQ,5600,6100,5600,08/09/2026
Rajasthan,Bhilwara,Bhilwara APMC,Bengal Gram(Gram)(Whole),Other,FAQ,5750,5750,5750,08/09/2026
Rajasthan,Jhalawar,Iklera APMC,Bengal Gram(Gram)(Whole),Other,Local,5500,5800,5650,08/09/2026
Rajasthan,Dausa,Mandawar APMC,Bengal Gram(Gram)(Whole),Other,FAQ,5960,5960,5960,08/09/2026
Rajasthan,Swai Madhopur,Gangapur City APMC,Bengal Gram(Gram)(Whole),Other,Non-FAQ,5950,6150,5950,08/09/2026
Rajasthan,Bundi,Bundi APMC,Bengal Gram(Gram)(Whole),999,FAQ,5401,6103,5752,08/09/2026
Rajasthan,Jaipur,Bassi APMC,Bengal Gram(Gram)(Whole),999,Local,5200,5891,5545,08/09/2026
Rajasthan,Bundi,Dei APMC,Bengal Gram(Gram)(Whole),Other,Local,5999,6178,6000,08/09/2026
Rajasthan,Kota,Ramganjmandi APMC,Bengal Gram(Gram)(Whole),Other,Local,504,5970,5899,08/09/2026
Rajasthan,Tonk,Deoli APMC,Bengal Gram(Gram)(Whole),Other,FAQ,5751,5851,5801,08/09/2026
Rajasthan,Baran,Baran APMC,Bengal Gram(Gram)(Whole),Other,Local,5430,5950,5881,08/09/2026
Rajasthan,Kota,Kota APMC,Bengal Gram(Gram)(Whole),Other,Local,5800,5800,5800,08/09/2026
Rajasthan,Hanumangarh,Sangriya APMC,Bengal Gram(Gram)(Whole),Other,Local,5690,5690,5690,08/09/2026
Rajasthan,Ganganagar,Gajsinghpur APMC,Bengal Gram(Gram)(Whole),Other,Local,5601,5601,5601,08/09/2026
Rajasthan,Jhalawar,Bhawani Mandi APMC,Bengal Gram(Gram)(Whole),Other,Local,5200,6030,5615,08/09/2026
Rajasthan,Kota,Itawa APMC,Bengal Gram(Gram)(Whole),Other,Local,5000,6119,5559,08/09/2026
Rajasthan,Pratapgarh,Chhotisadri APMC,Bengal Gram(Gram)(Whole),Desi (Whole),Local,5790,6251,5960,08/09/2026
Rajasthan,Jhalawar,Khanpur APMC,Bengal Gram(Gram)(Whole),Other,FAQ,5950,6199,6045,08/09/2026
Rajasthan,Kota,Ramganjmandi APMC,Green Gram(Moong)(Whole),Other,Local,6700,6700,6700,08/09/2026
Rajasthan,Hanumangarh,Sangriya APMC,Green Gram(Moong)(Whole),Other,Local,7700,7975,7975,08/09/2026
Rajasthan,Ganganagar,Gajsinghpur APMC,Green Gram(Moong)(Whole),Other,Local,7600,8298,7900,08/09/2026
Rajasthan,Bundi,Bundi APMC,Green Gram(Moong)(Whole),Other,FAQ,7080,7080,7080,08/09/2026
Rajasthan,Jhalawar,Khanpur APMC,Green Gram(Moong)(Whole),Other,FAQ,5501,7299,7299,08/09/2026
Rajasthan,Ganganagar,Raisingh Nagar APMC,Green Gram(Moong)(Whole),Other,Non-FAQ,7100,8450,7600,08/09/2026
Rajasthan,Kota,Kota APMC,Green Gram(Moong)(Whole),Other,Local,7500,7500,7500,08/09/2026
Rajasthan,Ganganagar,Anupgarh APMC,Green Gram(Moong)(Whole),Local,Grade Range-1,7900,7900,7900,08/09/2026
Rajasthan,Ganganagar,Gharsana APMC,Green Gram(Moong)(Whole),Other,FAQ,6000,8670,8050,08/09/2026
Rajasthan,Jhalawar,Jhalarapatan APMC,Black Gram(Urd Beans)(Whole),Other,Local,5875,6002,5900,08/09/2026
Rajasthan,Ganganagar,Padampur APMC,Green Gram(Moong)(Whole),Green (Whole),FAQ,5650,8110,7800,08/09/2026
Rajasthan,Beawar,Beawar APMC,Green Gram(Moong)(Whole),Other,Local,7500,7500,7500,08/09/2026
Rajasthan,Baran,Baran APMC,Green Gram(Moong)(Whole),Other,Local,7100,7483,7340,08/09/2026
Rajasthan,Bhilwara,Bhilwara APMC,Green Gram(Moong)(Whole),Other,FAQ,6001,6001,6001,08/09/2026
Rajasthan,Ganganagar,Rawla APMC,Green Gram(Moong)(Whole),Local,FAQ,7400,8020,7710,08/09/2026
Rajasthan,Ganganagar,Jaitsar APMC,Green Gram(Moong)(Whole),Other,FAQ,8361,8409,8390,08/09/2026
Rajasthan,Baran,Atru APMC,Green Gram(Moong)(Whole),Other,Local,6621,6621,6621,08/09/2026
Rajasthan,Beawar,Jaitaran APMC,Green Gram(Moong)(Whole),Other,Local,7100,8060,7580,08/09/2026
Rajasthan,Kota,Kota APMC,Black Gram(Urd Beans)(Whole),Other,Local,7000,7000,7000,08/09/2026
Rajasthan,Baran,Atru APMC,Black Gram(Urd Beans)(Whole),Other,Local,6500,6500,6500,08/09/2026
Rajasthan,Tonk,Dooni APMC,Black Gram(Urd Beans)(Whole),Black Gram (Whole),Local,4899,4901,4900,08/09/2026
Rajasthan,Kota,Ramganjmandi APMC,Black Gram(Urd Beans)(Whole),Other,Local,5300,5701,5701,08/09/2026
Rajasthan,Tonk,Deoli APMC,Black Gram(Urd Beans)(Whole),Desi,FAQ,5000,6000,5500,08/09/2026
Rajasthan,Baran,Baran APMC,Black Gram(Urd Beans)(Whole),Other,Local,7001,7850,7425,08/09/2026
Rajasthan,Bundi,Bundi APMC,Black Gram(Urd Beans)(Whole),Other,FAQ,5550,7534,6542,08/09/2026
Karnataka,Bidar,Basava Kalayana APMC,Red gram/Arhar/Tur(whole),Arhar (Whole),FAQ,8300,8800,8500,08/09/2026
Karnataka,Koppal,Kustagi APMC,Red gram/Arhar/Tur(whole),Red,FAQ,8150,8400,8276,08/09/2026
Karnataka,Kalaburagi,Kalaburagi APMC,Red gram/Arhar/Tur(whole),Arhar (Whole),Local,7200,9400,8250,08/09/2026
Karnataka,Chikkaballapur,Gauribidanur APMC,Red gram/Arhar/Tur(whole),Arhar (Whole),Local,6000,8000,6500,08/09/2026
Karnataka,Vijayapura,Talikot APMC,Red gram/Arhar/Tur(whole),Arhar (Whole),FAQ,7209,8569,8504,08/09/2026
Karnataka,Gadag,Gadag APMC,Red gram/Arhar/Tur(whole),Arhar (Whole),FAQ,4089,6525,4881,08/09/2026
Karnataka,Bellary,Ballari APMC,Red gram/Arhar/Tur(whole),Arhar (Whole),Non-FAQ,7809,8069,7939,08/09/2026
Karnataka,Raichur,Sindhanur APMC,Red gram/Arhar/Tur(whole),Arhar (Whole),Local,7900,8000,7980,08/09/2026
Karnataka,Raichur,Lingasugur APMC,Red gram/Arhar/Tur(whole),Arhar (Whole),Non-FAQ,8200,8550,8450,08/09/2026
Karnataka,Bidar,Bidar APMC,Red gram/Arhar/Tur(whole),Arhar (Whole),Non-FAQ,3211,9202,9014,08/09/2026
Karnataka,Gadag,Laxmeshwar APMC,Red gram/Arhar/Tur(whole),Arhar (Whole),Non-FAQ,4958,4958,4958,08/09/2026
Karnataka,Gadag,Gadag APMC,Red gram split/Arhar dal/Tur dal,Arhar Dal(Tur),Medium,10400,10400,10400,08/09/2026
Karnataka,Bengaluru,Bengaluru APMC,Red gram split/Arhar dal/Tur dal,Arhar Dal(Tur),Medium,9500,13500,11500,08/09/2026
Karnataka,Davangere,Davangere APMC,Bengal Gram(Gram)(Whole),Jawari/Local,Local,7050,7050,7050,08/09/2026
Karnataka,Raichur,Sindhanur APMC,Bengal Gram(Gram)(Whole),Average (Whole),Local,6490,6500,6500,08/09/2026
Karnataka,Gadag,Gadag APMC,Bengal Gram(Gram)(Whole),Average (Whole),FAQ,3317,6855,6358,08/09/2026
Karnataka,Bidar,Bidar APMC,Bengal Gram(Gram)(Whole),Jawari/Local,Non-FAQ,4038,6319,5850,08/09/2026
Karnataka,Gadag,Laxmeshwar APMC,Bengal Gram(Gram)(Whole),Jawari/Local,Non-FAQ,2269,6319,5782,08/09/2026
Karnataka,Dharwad,APMC Hubballi,Bengal Gram(Gram)(Whole),Jawari/Local,Local,1729,6138,4775,08/09/2026
Karnataka,Bengaluru,Bengaluru APMC,Bengal Gram(Gram)(Whole),Average (Whole),FAQ,7000,8000,7500,08/09/2026
Karnataka,Bagalkot,Bagalkot APMC,Bengal Gram(Gram)(Whole),Average (Whole),Local,6361,6361,6361,08/09/2026
Karnataka,Bidar,Basava Kalayana APMC,Bengal Gram(Gram)(Whole),Average (Whole),FAQ,5000,6100,5350,08/09/2026
Karnataka,Kalaburagi,Kalaburagi APMC,Bengal Gram(Gram)(Whole),Average (Whole),Local,5100,6405,5850,08/09/2026
Karnataka,Bengaluru,Bengaluru APMC,Alasande Gram,Alasande Gram,Medium,9000,10500,9750,08/09/2026
Karnataka,Yadgir,Yadgir APMC,Alasande Gram,Alasande Gram,Large,7750,7750,7750,08/09/2026
Karnataka,Gadag,Rona APMC,Alasande Gram,Alasande Gram,Small,7459,8409,8142,08/09/2026
Karnataka,Haveri,Hanagal APMC,Alasande Gram,Alasande Gram,Medium,8000,8000,8000,08/09/2026
Karnataka,Gadag,Laxmeshwar APMC,Alasande Gram,Alasande Gram,Small,1909,8809,6898,08/09/2026
Karnataka,Bengaluru,Bengaluru APMC,Kulthi(Horse Gram),Horse gram (Whole),Medium,6000,6800,6400,08/09/2026
Karnataka,Koppal,Kustagi APMC,Green Gram(Moong)(Whole),Local,FAQ,8300,8900,8402,08/09/2026
Karnataka,Gadag,Rona APMC,Green Gram(Moong)(Whole),Green (Whole),Non-FAQ,8700,9338,9168,08/09/2026
Karnataka,Kalaburagi,Kalaburagi APMC,Green Gram(Moong)(Whole),Green (Whole),Non-FAQ,7100,9800,8550,08/09/2026
Karnataka,Dharwad,APMC Hubballi,Green Gram(Moong)(Whole),Green (Whole),Local,1710,8920,7727,08/09/2026
Karnataka,Gadag,Gadag APMC,Green Gram(Moong)(Whole),Green (Whole),FAQ,1517,10110,8188,08/09/2026
Karnataka,Bidar,Bidar APMC,Green Gram(Moong)(Whole),Local,Non-FAQ,2662,11009,7809,08/09/2026
Karnataka,Gadag,Laxmeshwar APMC,Green Gram(Moong)(Whole),Green (Whole),Non-FAQ,1285,9728,7755,08/09/2026
Karnataka,Bidar,Basava Kalayana APMC,Green Gram(Moong)(Whole),Green (Whole),FAQ,6800,9900,9200,08/09/2026
Karnataka,Yadgir,Yadgir APMC,Green Gram(Moong)(Whole),Green (Whole),FAQ,5689,9009,7699,08/09/2026
Karnataka,Bengaluru,Bengaluru APMC,Green Gram(Moong)(Whole),Green (Whole),FAQ,8000,12000,10000,08/09/2026
Karnataka,Bagalkot,Bagalkot APMC,Green Gram(Moong)(Whole),Green (Whole),Local,2099,9750,9008,08/09/2026
Karnataka,Dharwad,Dharwar APMC,Green Gram(Moong)(Whole),Green (Whole),FAQ,3800,3800,3800,08/09/2026
Karnataka,Bengaluru,Bengaluru APMC,Black Gram Dal(Urd Dal),Black Gram Dal,Medium,11000,15000,13000,08/09/2026
Karnataka,Bidar,Bidar APMC,Black Gram(Urd Beans)(Whole),Black Gram (Whole),Non-FAQ,6955,8888,8601,08/09/2026
Karnataka,Dharwad,APMC Hubballi,Black Gram(Urd Beans)(Whole),Black Gram (Whole),Local,2002,8600,8031,08/09/2026
Karnataka,Dharwad,Dharwar APMC,Black Gram(Urd Beans)(Whole),Black Gram (Whole),FAQ,8300,8300,8300,08/09/2026
Karnataka,Kalaburagi,Kalaburagi APMC,Black Gram(Urd Beans)(Whole),Black Gram (Whole),Non-FAQ,6550,8700,7855,08/09/2026
Karnataka,Bengaluru,Bengaluru APMC,Black Gram(Urd Beans)(Whole),Black Gram (Whole),FAQ,11500,13000,12250,08/09/2026
Karnataka,Bidar,Basava Kalayana APMC,Black Gram(Urd Beans)(Whole),Black Gram (Whole),FAQ,8026,8600,8450,08/09/2026
Karnataka,Gadag,Gadag APMC,Black Gram Dal(Urd Dal),Black Gram Dal,Medium,14060,14060,14060,08/09/2026
Karnataka,Gadag,Laxmeshwar APMC,Black Gram(Urd Beans)(Whole),Black Gram (Whole),Non-FAQ,1006,8569,7240,08/09/2026
Karnataka,Gadag,Gadag APMC,Black Gram(Urd Beans)(Whole),Black Gram (Whole),FAQ,2112,8590,8217,08/09/2026
Karnataka,Bengaluru,Bengaluru APMC,Bengal Gram Dal(Chana Dal),Bengal Gram Dal,Medium,7000,8500,7750,08/09/2026
Karnataka,Kalaburagi,Chincholi APMC,Black Gram(Urd Beans)(Whole),Black Gram (Whole),Non-FAQ,7200,8000,7200,08/09/2026
Karnataka,Bengaluru,Bengaluru APMC,Green Gram Dal(Moong Dal),Green Gram Dal,Medium,8000,11000,9500,08/09/2026
Gujarat,Patan,Sami APMC,Red gram/Arhar/Tur(whole),777 New Ind,Local,5000,5500,5250,08/09/2026
Gujarat,Rajkot,Jasdan APMC,Red gram/Arhar/Tur(whole),Arhar (Whole),FAQ,5000,7000,6500,08/09/2026
Gujarat,Junagarh,Visavadar APMC,Red gram/Arhar/Tur(whole),Arhar (Whole),FAQ,6250,7530,6890,08/09/2026
Gujarat,Amreli,The Agricultural Produce Market Committee-Amreli,Red gram/Arhar/Tur(whole),Other,FAQ,5475,8000,7000,08/09/2026
Gujarat,Ahmedabad,Mandal APMC,Red gram/Arhar/Tur(whole),Arhar (Whole),Local,6250,7750,7000,08/09/2026
Gujarat,Junagarh,Junagadh APMC,Red gram/Arhar/Tur(whole),Arhar (Whole),FAQ,7500,8885,8125,08/09/2026
Gujarat,Botad,Botad APMC,Red gram/Arhar/Tur(whole),Other,Local,4150,6350,5300,08/09/2026
Gujarat,Amreli,Rajula APMC,Red gram/Arhar/Tur(whole),Other,Local,5000,5000,5000,08/09/2026
Gujarat,Rajkot,Jetpur(Dist.Rajkot) APMC,Red gram/Arhar/Tur(whole),Arhar (Whole),FAQ,6500,7605,7250,08/09/2026
Gujarat,Rajkot,Rajkot APMC,Red gram/Arhar/Tur(whole),Arhar (Whole),FAQ,6500,8555,7550,08/09/2026
Gujarat,Bhavnagar,Palitana APMC,Red gram/Arhar/Tur(whole),Other,Local,4900,7250,6075,08/09/2026
Gujarat,Dahod,Dahod APMC,Red gram/Arhar/Tur(whole),Arhar (Whole),Non-FAQ,6000,6500,6300,08/09/2026
Gujarat,Jamnagar,Jamnagar APMC,Bengal Gram(Gram)(Whole),Other,Local,6000,6385,6285,08/09/2026
Gujarat,Jamnagar,Jam Jodhpur APMC,Bengal Gram(Gram)(Whole),Average (Whole),Local,5500,6275,6000,08/09/2026
Gujarat,Bhavnagar,Palitana APMC,Bengal Gram(Gram)(Whole),Medium,Local,5390,5975,5680,08/09/2026
Gujarat,Surat,Vyra APMC,Bengal Gram(Gram)(Whole),Average (Whole),FAQ,4500,5750,5125,08/09/2026
Gujarat,Amreli,Savarkundla APMC,Bengal Gram(Gram)(Whole),Average (Whole),Local,6000,6295,6150,08/09/2026
Gujarat,Amreli,APMC Bagasara,Bengal Gram(Gram)(Whole),Desi (Whole),Local,5500,6000,5750,08/09/2026
Gujarat,Surat,Surat APMC,Pegeon Pea(Arhar Fali),Other,FAQ,4000,7000,5500,08/09/2026
Gujarat,Rajkot,Jetpur(Dist.Rajkot) APMC,Bengal Gram(Gram)(Whole),Desi (Whole),FAQ,5500,6180,6000,08/09/2026
Gujarat,Morbi,Morbi APMC,Bengal Gram(Gram)(Whole),Other,FAQ,5390,6060,5725,08/09/2026
Gujarat,Morbi,APMC HALVAD,Bengal Gram(Gram)(Whole),Other,Local,6020,6035,6025,08/09/2026
Gujarat,Bhavnagar,Taleja APMC,Bengal Gram(Gram)(Whole),Other,FAQ,5460,5665,5565,08/09/2026
Gujarat,Morbi,Vankaner APMC,Bengal Gram(Gram)(Whole),Desi (Whole),FAQ,5350,6000,5900,08/09/2026
Gujarat,Rajkot,Rajkot APMC,Bengal Gram(Gram)(Whole),White (whole),FAQ,6500,9455,8600,08/09/2026
Gujarat,Botad,Botad APMC,Bengal Gram(Gram)(Whole),Other,Local,5500,6090,5845,08/09/2026
Gujarat,Jamnagar,Dhrol APMC,Bengal Gram(Gram)(Whole),Other,Local,5450,6010,5740,08/09/2026
Gujarat,Rajkot,Rajkot APMC,Bengal Gram(Gram)(Whole),Desi (Whole),FAQ,5500,6655,6375,08/09/2026
Gujarat,Amreli,The Agricultural Produce Market Committee-Amreli,Bengal Gram(Gram)(Whole),Other,FAQ,4050,6325,6075,08/09/2026
Gujarat,Dahod,Dahod APMC,Bengal Gram(Gram)(Whole),Desi (Whole),Local,6250,6300,6275,08/09/2026
Gujarat,Sabarkantha,Himatnagar APMC,Bengal Gram(Gram)(Whole),Desi (Whole),Local,5000,6000,5700,08/09/2026
Gujarat,Gir Somnath,Veraval APMC,Bengal Gram(Gram)(Whole),Other,FAQ,5505,5905,5725,08/09/2026
Gujarat,Navsari,Navsari APMC,Pegeon Pea(Arhar Fali),Pigeon Pea (Arhar Fali),Local,5500,6000,5750,08/09/2026
Gujarat,Amreli,The Agricultural Produce Market Committee-Amreli,Big Gram,Other,FAQ,7450,7450,7450,08/09/2026
Gujarat,Dahod,Dahod APMC,Green Gram(Moong)(Whole),Green (Whole),Local,7000,7500,7250,08/09/2026
Gujarat,Junagarh,Visavadar APMC,Kulthi(Horse Gram),Horse gram (Whole),FAQ,5375,6255,5815,08/09/2026
Gujarat,Jamnagar,Dhrol APMC,Green Gram(Moong)(Whole),Other,Local,6000,7000,6500,08/09/2026
Gujarat,Bhavnagar,Taleja APMC,Green Gram(Moong)(Whole),Local,FAQ,6375,6375,6375,08/09/2026
Gujarat,Junagarh,Junagadh APMC,Green Gram(Moong)(Whole),Green (Whole),FAQ,7300,7300,7300,08/09/2026
Gujarat,Jamnagar,Jam Jodhpur APMC,Green Gram(Moong)(Whole),Green (Whole),Local,5000,6250,5500,08/09/2026
Gujarat,Junagarh,Junagadh APMC,Kulthi(Horse Gram),Horse gram (Whole),FAQ,5500,6380,6000,08/09/2026
Gujarat,Amreli,Rajula APMC,Green Gram(Moong)(Whole),Local,Local,7500,7500,7500,08/09/2026
Gujarat,Rajkot,Rajkot APMC,Green Gram(Moong)(Whole),Green (Whole),FAQ,6250,8550,7555,08/09/2026
Gujarat,Rajkot,Jasdan APMC,Green Gram(Moong)(Whole),Green (Whole),FAQ,4000,7605,7000,08/09/2026
Gujarat,Rajkot,Rajkot APMC,Black Gram(Urd Beans)(Whole),Black Gram (Whole),FAQ,6660,9000,7500,08/09/2026
Gujarat,Junagarh,Visavadar APMC,Black Gram(Urd Beans)(Whole),Desi,FAQ,5500,6630,6065,08/09/2026
Gujarat,Junagarh,Junagadh APMC,Black Gram(Urd Beans)(Whole),Black Gram (Whole),FAQ,6500,8750,8000,08/09/2026
Gujarat,Dahod,Dahod APMC,Black Gram(Urd Beans)(Whole),Black Gram (Whole),Non-FAQ,7800,8500,8100,08/09/2026
Andhra Pradesh,Markapuram,Podili APMC,Red gram/Arhar/Tur(whole),Arhar (Whole),FAQ,8000,8200,8100,08/09/2026
Andhra Pradesh,Kurnool,Kurnool APMC,Red gram/Arhar/Tur(whole),Local,Non-FAQ,7409,7409,7409,08/09/2026
Andhra Pradesh,Markapuram,Kanigiri APMC,Red gram/Arhar/Tur(whole),(Whole),Local,8600,8800,8700,08/09/2026
Andhra Pradesh,Ananthapuramu,Tadipatri APMC,Red gram/Arhar/Tur(whole),Local,Grade Range-1,5800,5900,5850,08/09/2026
Andhra Pradesh,Palnadu,Macharla APMC,Red gram/Arhar/Tur(whole),Local,Grade Range-1,8100,8100,8100,08/09/2026
Andhra Pradesh,Ananthapuramu,Guntakal APMC,Red gram/Arhar/Tur(whole),Local,Local,7000,8000,7500,08/09/2026
Andhra Pradesh,Ananthapuramu,Gooti APMC,Red gram/Arhar/Tur(whole),Local,Grade Range-1,5250,6770,5800,08/09/2026
Andhra Pradesh,Palnadu,Narasaraopet APMC,Red gram/Arhar/Tur(whole),Local,FAQ,8500,8500,8500,08/09/2026
Andhra Pradesh,Palnadu,Durgi APMC,Red gram split/Arhar dal/Tur dal,Arhar Dal(Tur),FAQ,7800,8400,8100,08/09/2026
Andhra Pradesh,Bapatla,Parchur APMC,Chili Red,Dry,FAQ,15000,20000,18000,08/09/2026
Andhra Pradesh,Palnadu,Gurazala APMC,Chili Red,Red,Local,16000,23000,20500,08/09/2026
Andhra Pradesh,Palnadu,Gurazala APMC,Chili Red,Red,Grade Range-1,17000,28500,25500,08/09/2026
Andhra Pradesh,Prakasam,Maddipadu APMC,Bengal Gram(Gram)(Whole),Gulabi,FAQ,6000,6000,6000,08/09/2026
Andhra Pradesh,Bapatla,Parchur APMC,Bengal Gram(Gram)(Whole),Average (Whole),FAQ,5500,6000,5800,08/09/2026
Andhra Pradesh,Guntur,Tadikonda APMC,Bengal Gram(Gram)(Whole),Average (Whole),Grade Range-1,5700,5700,5700,08/09/2026
Andhra Pradesh,YSR Kadapa,Jammalamadugu APMC,Bengal Gram(Gram)(Whole),Average (Whole),FAQ,6000,6200,6100,08/09/2026
Andhra Pradesh,Ananthapuramu,Tadipatri APMC,Bengal Gram(Gram)(Whole),Bengal Gram (Split),Grade Range-1,5800,5900,5850,08/09/2026
Andhra Pradesh,Nandyal,Nandikotkur APMC,Bengal Gram(Gram)(Whole),Gulabi,FAQ,5400,5650,5500,08/09/2026
Andhra Pradesh,Markapuram,Giddalur APMC,Bengal Gram(Gram)(Whole),Other,FAQ,5850,6000,5950,08/09/2026
Andhra Pradesh,Prakasam,Addanki APMC,Bengal Gram(Gram)(Whole),Gulabi,Local,6000,6050,6030,08/09/2026
Andhra Pradesh,Prakasam,Kondapi APMC,Bengal Gram(Gram)(Whole),Average (Whole),Local,5300,5700,5500,08/09/2026
Andhra Pradesh,Palnadu,Chilakaluripet APMC,Bengal Gram(Gram)(Whole),Other,Local,5000,5800,5400,08/09/2026
Andhra Pradesh,Palnadu,Narasaraopet APMC,Bengal Gram(Gram)(Whole),Desi (Whole),FAQ,6500,6500,6500,08/09/2026
Andhra Pradesh,Ananthapuramu,Guntakal APMC,Bengal Gram(Gram)(Whole),Gulabi,Local,6000,6250,6100,08/09/2026
Andhra Pradesh,YSR Kadapa,Proddatur APMC,Bengal Gram(Gram)(Whole),Jawari/Local,Local,6500,6500,6500,08/09/2026
Andhra Pradesh,Markapuram,Cumbum APMC,Bengal Gram(Gram)(Whole),Desi (Whole),FAQ,5700,5900,5800,08/09/2026
Andhra Pradesh,Ananthapuramu,Urvakonda APMC,Bengal Gram(Gram)(Whole),Other,Local,6300,6500,6400,08/09/2026
Andhra Pradesh,Anakapally,Payakaraopeta APMC,Green Gram(Moong)(Whole),Local,Local,8748,8768,8758,08/09/2026
Andhra Pradesh,Parvathipuram Manyam,Palakonda APMC,Green Gram(Moong)(Whole),Green (Whole),FAQ,6500,6500,6500,08/09/2026
Andhra Pradesh,Palnadu,Narasaraopet APMC,Green Gram(Moong)(Whole),Local (Whole),FAQ,7500,7500,7500,08/09/2026
Andhra Pradesh,NTR,Kanchekacherla APMC,Green Gram(Moong)(Whole),Local,Grade Range-1,6500,6500,6500,08/09/2026
Andhra Pradesh,Krishna,Gudiwada APMC,Black Gram Dal(Urd Dal),Local,FAQ,8500,8600,8550,08/09/2026
Andhra Pradesh,Bapatla,Parchur APMC,Black Gram(Urd Beans)(Whole),Black Gram (Whole),FAQ,8000,9000,8500,08/09/2026
Andhra Pradesh,Parvathipuram Manyam,Palakonda APMC,Black Gram(Urd Beans)(Whole),Black Gram (Whole),FAQ,7500,7500,7500,08/09/2026
Andhra Pradesh,Palnadu,Narasaraopet APMC,Black Gram(Urd Beans)(Whole),Black Gram (Whole),FAQ,9000,9000,9000,08/09/2026
Andhra Pradesh,Krishna,Gudlavalleru APMC,Black Gram Dal(Urd Dal),Black Gram Dal,FAQ,9000,9000,9000,08/09/2026
Andhra Pradesh,Tirupathi,Venkatagiri APMC,Black Gram(Urd Beans)(Whole),Local,FAQ,7300,8000,7700,08/09/2026
Andhra Pradesh,Krishna,Movva (HQ-Kuchipudi) APMC,Black Gram(Urd Beans)(Whole),Local,Local,9500,9500,9500,08/09/2026
Andhra Pradesh,Krishna,Divi (HQ-Avanigadda) APMC,Black Gram(Urd Beans)(Whole),Desi,FAQ,8400,8700,8600,08/09/2026
Andhra Pradesh,Krishna,Pedana APMC,Black Gram(Urd Beans)(Whole),Local,Local,7800,8600,8500,08/09/2026
Andhra Pradesh,Krishna,Penamaluru (HQ-Kankipadu) APMC,Black Gram(Urd Beans)(Whole),Local,Local,8600,8600,8600,08/09/2026
Andhra Pradesh,Krishna,Gannavaram APMC,Black Gram(Urd Beans)(Whole),Desi,Local,8200,8200,8200,08/09/2026
Andhra Pradesh,Guntur,Ponnur APMC,Black Gram(Urd Beans)(Whole),Black Gram (Whole),Grade Range-1,9800,10000,9900,08/09/2026
Andhra Pradesh,Krishna,Vuyyur APMC,Black Gram Dal(Urd Dal),Local,FAQ,8400,8500,8450,08/09/2026
Andhra Pradesh,Visakhapatnam,Pendurthi APMC,Black Gram Dal(Urd Dal),Black Gram Dal,Local,7600,7600,7600,08/09/2026
Andhra Pradesh,Bapatla,Kuchinapudi APMC,Black Gram(Urd Beans)(Whole),Black Gram (Whole),Local,9800,10000,9900,08/09/2026
West Bengal,Paschim Bardhaman,Asansol APMC,Red gram split/Arhar dal/Tur dal,Arhar Dal(Tur),FAQ,12500,12650,12565,08/09/2026
West Bengal,Darjeeling,Siliguri APMC,Green Gram Dal(Moong Dal),Green Gram Dal,FAQ,9600,9800,9700,08/09/2026
West Bengal,Paschim Bardhaman,Asansol APMC,Green Gram Dal(Moong Dal),Green Gram Dal,FAQ,12450,12600,12550,08/09/2026
West Bengal,Howrah,Ramkrishanpur(Howrah) APMC,Green Gram Dal(Moong Dal),Green Gram Dal,FAQ,10800,11200,11000,08/09/2026
West Bengal,Darjeeling,Siliguri APMC,Black Gram Dal(Urd Dal),Black Gram Dal,FAQ,12000,13000,12500,08/09/2026
Telangana,Sangareddy,Zaheerabad APMC,Red gram/Arhar/Tur(whole),Arhar (Whole),Local,5264,8580,7264,08/09/2026
Telangana,Vikarabad,Tanduru APMC,Red gram/Arhar/Tur(whole),(Whole),Grade Range-1,17210,17232,17232,08/09/2026
Telangana,Sangareddy,Zaheerabad APMC,Bengal Gram(Gram)(Whole),Average (Whole),Local,5009,6451,5009,08/09/2026
Telangana,Sangareddy,Zaheerabad APMC,Green Gram(Moong)(Whole),Green (Whole),Local,6050,9999,8712,08/09/2026
Telangana,Vikarabad,Tanduru APMC,Green Gram(Moong)(Whole),Green (Whole),Grade Range-1,12150,17618,14562,08/09/2026
Telangana,Sangareddy,Zaheerabad APMC,Black Gram(Urd Beans)(Whole),Black Gram (Whole),Local,6510,9129,8659,08/09/2026
Telangana,Vikarabad,Tanduru APMC,Black Gram(Urd Beans)(Whole),Black Gram (Whole),Grade Range-1,14000,17676,14000,08/09/2026
Assam,Kamrup,Fancy Bazaar APMC,Red gram split/Arhar dal/Tur dal,Arhar Dal(Tur),FAQ,10000,15000,12500,08/09/2026
Assam,Kamrup,Sontoli APMC,Chili Red,Red,FAQ,24000,25000,24000,08/09/2026
Assam,Kamrup,Fancy Bazaar APMC,Green Gram Dal(Moong Dal),Green Gram Dal,FAQ,7500,8600,8000,08/09/2026
Assam,Kamrup,Fancy Bazaar APMC,Green Gram Dal(Moong Dal),Green,FAQ,5300,5400,5350,08/09/2026
Assam,Kamrup,Fancy Bazaar APMC,Green Gram Dal(Moong Dal),Green gram,FAQ,6800,8500,7700,08/09/2026
Madhya Pradesh,Khargone,Badwaha APMC,Green Gram(Moong)(Whole),Green (Whole),FAQ,7415,7415,7415,08/09/2026
Madhya Pradesh,Guna,Raghogarh APMC,Green Gram(Moong)(Whole),Green (Whole),FAQ,6970,7060,7060,08/09/2026
Madhya Pradesh,Raisen,Udaipura APMC,Green Gram(Moong)(Whole),Green (Whole),FAQ,1450,7630,6800,08/09/2026
Madhya Pradesh,Hoshangabad,Pipariya APMC,Green Gram(Moong)(Whole),Green (Whole),FAQ,1000,8205,7800,08/09/2026
Madhya Pradesh,Jabalpur,Jabalpur APMC,Green Gram(Moong)(Whole),Green (Whole),FAQ,4210,8000,7130,08/09/2026
Madhya Pradesh,Narsinghpur,Narsinghpur APMC,Green Gram(Moong)(Whole),Green (Whole),FAQ,6680,7900,7900,08/09/2026
Madhya Pradesh,Panna,Panna APMC,Green Gram(Moong)(Whole),Green (Whole),FAQ,6575,6610,6610,08/09/2026
Madhya Pradesh,Morena,Morena APMC,Green Gram(Moong)(Whole),Green (Whole),Non-FAQ,7090,7370,7370,08/09/2026
Madhya Pradesh,Khandwa,Khandwa APMC,Green Gram(Moong)(Whole),Green (Whole),FAQ,2020,5555,5555,08/09/2026
Madhya Pradesh,Hoshangabad,Banapura APMC,Green Gram(Moong)(Whole),Green (Whole),FAQ,1000,7944,7400,08/09/2026
Madhya Pradesh,Hoshangabad,Bankhedi APMC,Green Gram(Moong)(Whole),Green (Whole),FAQ,6902,7800,7600,08/09/2026
Madhya Pradesh,Sagar,Khurai APMC,Green Gram(Moong)(Whole),Green (Whole),FAQ,6450,7060,7060,08/09/2026
Madhya Pradesh,Sehore,Rehati APMC,Green Gram(Moong)(Whole),Green (Whole),FAQ,6400,6600,6600,08/09/2026
Madhya Pradesh,Sehore,Nasrullaganj APMC,Green Gram(Moong)(Whole),Green (Whole),Non-FAQ,2151,7800,7351,08/09/2026
Madhya Pradesh,Jabalpur,Sihora APMC,Green Gram(Moong)(Whole),Green (Whole),FAQ,1100,7705,7100,08/09/2026
Madhya Pradesh,Ujjain,Ujjain APMC,Green Gram(Moong)(Whole),Green (Whole),FAQ,6190,6190,6190,08/09/2026
Madhya Pradesh,Bhopal,Bhopal APMC,Green Gram(Moong)(Whole),Green (Whole),FAQ,6560,7151,7151,08/09/2026
Madhya Pradesh,Satna,Satna APMC,Green Gram(Moong)(Whole),Green (Whole),FAQ,5800,7300,7300,08/09/2026
Madhya Pradesh,Vidisha,Vidisha APMC,Green Gram(Moong)(Whole),Green (Whole),FAQ,2601,7445,7445,08/09/2026
Madhya Pradesh,Katni,Katni APMC,Green Gram(Moong)(Whole),Green (Whole),Non-FAQ,4200,7694,6000,08/09/2026
Madhya Pradesh,Betul,Betul APMC,Green Gram(Moong)(Whole),Green (Whole),FAQ,3450,7501,7501,08/09/2026
Madhya Pradesh,Mandsaur,Mandsaur APMC,Green Gram(Moong)(Whole),Green (Whole),Non-FAQ,7160,7160,7160,08/09/2026
Madhya Pradesh,Rajgarh,Jeerapur APMC,Green Gram(Moong)(Whole),Green (Whole),FAQ,6505,6505,6505,08/09/2026
Madhya Pradesh,Hoshangabad,Bankhedi APMC,Green Gram(Moong)(Whole),Green (Whole),Non-FAQ,1300,5000,5000,08/09/2026
Madhya Pradesh,Sehore,Nasrullaganj APMC,Green Gram(Moong)(Whole),Green (Whole),FAQ,1500,7945,7200,08/09/2026
Madhya Pradesh,Alirajpur,Alirajpur APMC,Green Gram(Moong)(Whole),Green (Whole),FAQ,6150,6200,6200,08/09/2026
Madhya Pradesh,Sagar,Sagar APMC,Green Gram(Moong)(Whole),Green (Whole),FAQ,3505,7455,7455,08/09/2026
Madhya Pradesh,Narsinghpur,Gadarwada APMC,Green Gram(Moong)(Whole),Green (Whole),FAQ,1001,7861,7700,08/09/2026
Madhya Pradesh,Harda,Timarni APMC,Green Gram(Moong)(Whole),Green (Whole),FAQ,1550,7901,7780,08/09/2026
Madhya Pradesh,Harda,Khirakiya APMC,Green Gram(Moong)(Whole),Green (Whole),Non-FAQ,2500,7696,7200,08/09/2026
Madhya Pradesh,Jabalpur,Paatan APMC,Green Gram(Moong)(Whole),Green (Whole),FAQ,4000,7570,6925,08/09/2026
Madhya Pradesh,Indore,Indore APMC,Green Gram(Moong)(Whole),Green (Whole),FAQ,5200,7600,7505,08/09/2026
Madhya Pradesh,Raisen,Raisen APMC,Green Gram(Moong)(Whole),Green (Whole),FAQ,1405,5811,5811,08/09/2026
Madhya Pradesh,Dhar,Dhar APMC,Green Gram(Moong)(Whole),Green (Whole),FAQ,6400,6400,6400,08/09/2026
Madhya Pradesh,Rajgarh,Kurawar APMC,Green Gram(Moong)(Whole),Green (Whole),FAQ,6140,6140,6140,08/09/2026
Madhya Pradesh,Khandwa,Harsood APMC,Green Gram(Moong)(Whole),Green (Whole),FAQ,2500,7201,7201,08/09/2026
Madhya Pradesh,Hoshangabad,Semriharchand APMC,Green Gram(Moong)(Whole),Green (Whole),FAQ,802,7791,7101,08/09/2026
Madhya Pradesh,Guna,Maksudangarh APMC,Green Gram(Moong)(Whole),Green (Whole),FAQ,7265,7395,7395,08/09/2026
Madhya Pradesh,Narsinghpur,Gotegaon APMC,Green Gram(Moong)(Whole),Green (Whole),Non-FAQ,2500,3101,3101,08/09/2026
Madhya Pradesh,Narsinghpur,Gotegaon APMC,Green Gram(Moong)(Whole),Green (Whole),FAQ,6030,7200,7200,08/09/2026
Madhya Pradesh,Jabalpur,Paatan APMC,Green Gram(Moong)(Whole),Green (Whole),Non-FAQ,6465,7095,7095,08/09/2026
Madhya Pradesh,Neemuch,Neemuch APMC,Green Gram(Moong)(Whole),Green (Whole),FAQ,7701,7701,7701,08/09/2026
Madhya Pradesh,Sehore,Sehore APMC,Green Gram(Moong)(Whole),Green (Whole),FAQ,6600,7401,7401,08/09/2026
Madhya Pradesh,Khargone,Khargone APMC,Green Gram(Moong)(Whole),Green (Whole),FAQ,7356,7356,7356,08/09/2026
Madhya Pradesh,Bhopal,Berasia APMC,Green Gram(Moong)(Whole),Green (Whole),FAQ,3400,7360,7360,08/09/2026
Madhya Pradesh,Harda,Harda APMC,Green Gram(Moong)(Whole),Green (Whole),FAQ,1000,8000,7000,08/09/2026
Madhya Pradesh,Guna,Kumbhraj APMC,Green Gram(Moong)(Whole),Green (Whole),FAQ,3550,6870,6870,08/09/2026
Madhya Pradesh,Raisen,Obedullaganj APMC,Green Gram(Moong)(Whole),Green (Whole),FAQ,3905,7350,7350,08/09/2026
Madhya Pradesh,Rajgarh,Biaora APMC,Green Gram(Moong)(Whole),Green (Whole),FAQ,6455,7340,7340,08/09/2026
Madhya Pradesh,Narsinghpur,Kareli APMC,Green Gram(Moong)(Whole),Green (Whole),FAQ,6700,8032,7600,08/09/2026
Madhya Pradesh,Damoh,Damoh APMC,Green Gram(Moong)(Whole),Green (Whole),FAQ,4005,7650,7650,08/09/2026
Madhya Pradesh,Raisen,Begamganj APMC,Green Gram(Moong)(Whole),Green (Whole),FAQ,6880,6880,6880,08/09/2026
Madhya Pradesh,Raisen,Begamganj APMC,Green Gram(Moong)(Whole),Green (Whole),Non-FAQ,6500,6500,6500,08/09/2026
Madhya Pradesh,Sheopur,Sheopurkalan APMC,Green Gram(Moong)(Whole),Green (Whole),FAQ,5000,5000,5000,08/09/2026
Madhya Pradesh,Sagar,Bina APMC,Green Gram(Moong)(Whole),Green (Whole),FAQ,6351,7200,7200,08/09/2026
Madhya Pradesh,Narsinghpur,Gadarwada APMC,Green Gram(Moong)(Whole),Green (Whole),Non-FAQ,4000,7300,7300,08/09/2026
Madhya Pradesh,Narsinghpur,Narsinghpur APMC,Green Gram(Moong)(Whole),Green (Whole),Non-FAQ,2501,7930,7500,08/09/2026
Madhya Pradesh,Guna,Guna APMC,Green Gram(Moong)(Whole),Green (Whole),FAQ,4020,7790,7430,08/09/2026
Madhya Pradesh,Satna,Satna APMC,Green Gram(Moong)(Whole),Other,FAQ,6690,6690,6690,08/09/2026
Madhya Pradesh,Vidisha,Ganjbasoda APMC,Green Gram(Moong)(Whole),Green (Whole),FAQ,3600,7481,7481,08/09/2026
Madhya Pradesh,Sehore,Ashta APMC,Green Gram(Moong)(Whole),Green (Whole),FAQ,7011,7011,7011,08/09/2026
Madhya Pradesh,Hoshangabad,Itarsi APMC,Green Gram(Moong)(Whole),Green (Whole),FAQ,500,7850,7500,08/09/2026
Madhya Pradesh,Damoh,Patharia APMC,Green Gram(Moong)(Whole),Green (Whole),FAQ,3800,7555,7555,08/09/2026
Madhya Pradesh,Dewas,Kannod APMC,Green Gram(Moong)(Whole),Green (Whole),FAQ,4500,7335,7335,08/09/2026
Madhya Pradesh,Ratlam,Jaora APMC,Green Gram(Moong)(Whole),Green (Whole),FAQ,7705,7890,7890,08/09/2026
Maharashtra,Nashik,APMC Malegaon ,Green Gram(Moong)(Whole),Green (Whole),FAQ,8769,11401,9651,08/09/2026
Maharashtra,Jalgaon,APMC Jalgaon ,Green Gram(Moong)(Whole),Other,FAQ,9000,9000,9000,08/09/2026
Maharashtra,Nashik,Lasalgaon(Vinchur) ,Green Gram(Moong)(Whole),Other,FAQ,8900,12000,11500,08/09/2026
Maharashtra,Dharashiv,APMC Tuljapur ,Green Gram(Moong)(Whole),Green (Whole),Non-FAQ,7500,8700,8600,08/09/2026
Maharashtra,Jalgaon,APMC Pachora ,Green Gram(Moong)(Whole),Other,FAQ,8768,10200,9800,08/09/2026
Maharashtra,Jalgaon,APMC Dharangaon ,Green Gram(Moong)(Whole),Green (Whole),Non-FAQ,8085,8695,8450,08/09/2026
Maharashtra,Jalgaon,Jalgaon(Masawat) ,Green Gram(Moong)(Whole),Other,Non-FAQ,8400,8600,8500,08/09/2026
Maharashtra,Jalgaon,APMC Chopda ,Green Gram(Moong)(Whole),Green (Whole),FAQ,9000,9200,9151,08/09/2026
Maharashtra,Mumbai,APMC Mumbai ,Green Gram(Moong)(Whole),Other,FAQ,8800,11000,10000,08/09/2026
Maharashtra,Nanded,APMC Bhokar ,Green Gram(Moong)(Whole),Other,Non-FAQ,7305,7525,7415,08/09/2026
Maharashtra,Ahilyanagar,APMC Jamkhed ,Green Gram(Moong)(Whole),Other,FAQ,8800,9000,8900,08/09/2026
Maharashtra,Nandurbar,APMC Shahada ,Green Gram(Moong)(Whole),Other,Non-FAQ,8499,8499,8499,08/09/2026
Maharashtra,Jalgaon,APMC Chalisgaon ,Green Gram(Moong)(Whole),Green (Whole),FAQ,8800,9100,8870,08/09/2026
Maharashtra,Solapur,APMC Dudhani ,Green Gram(Moong)(Whole),Green (Whole),FAQ,8790,9300,9000,08/09/2026
Maharashtra,Solapur,APMC Dudhani ,Green Gram(Moong)(Whole),Green (Whole),Non-FAQ,6000,8720,7970,08/09/2026
Maharashtra,Beed,APMC Beed ,Green Gram(Moong)(Whole),Green (Whole),FAQ,8910,9511,9144,08/09/2026
Maharashtra,Chattrapati Sambhajinagar,APMC Paithan ,Green Gram(Moong)(Whole),Other,FAQ,9327,9327,9327,08/09/2026
Maharashtra,Dharashiv,APMC Tuljapur ,Green Gram(Moong)(Whole),Other,FAQ,8780,9000,8900,08/09/2026
Maharashtra,Jalgaon,APMC Pachora ,Green Gram(Moong)(Whole),Other,Non-FAQ,6100,8700,7800,08/09/2026
Maharashtra,Jalna,APMC Jalana ,Green Gram(Moong)(Whole),Other,Non-FAQ,7151,7151,7151,08/09/2026
Maharashtra,Jalgaon,APMC Amalner ,Green Gram(Moong)(Whole),Other,FAQ,9000,9000,9000,08/09/2026
Maharashtra,Dharashiv,APMC Murum ,Green Gram(Moong)(Whole),Green (Whole),FAQ,8900,8900,8900,08/09/2026
Maharashtra,Nashik,APMC Manmad ,Green Gram(Moong)(Whole),Green (Whole),FAQ,8768,13000,11500,08/09/2026
Maharashtra,Jalgaon,APMC Jalgaon ,Green Gram(Moong)(Whole),Other,Non-FAQ,8555,8555,8555,08/09/2026
Maharashtra,Pune,APMC Pune ,Green Gram(Moong)(Whole),Green (Whole),FAQ,8800,9700,9250,08/09/2026
Maharashtra,Solapur,APMC Solapur ,Green Gram(Moong)(Whole),Green (Whole),FAQ,8900,9490,9100,08/09/2026
Maharashtra,Solapur,APMC Karmala ,Green Gram(Moong)(Whole),Other,Non-FAQ,8000,8000,8000,08/09/2026
Maharashtra,Ahilyanagar,APMC Kopargaon ,Green Gram(Moong)(Whole),Green (Whole),FAQ,10501,10901,10900,08/09/2026
Maharashtra,Amarawati,APMC Amarawati ,Green Gram(Moong)(Whole),Other,Non-FAQ,6700,7350,7025,08/09/2026
Maharashtra,Buldhana,APMC Malkapur ,Green Gram(Moong)(Whole),Other,FAQ,8925,9625,9000,08/09/2026
Maharashtra,Dharashiv,APMC Kalamb (Dharashiv) ,Green Gram(Moong)(Whole),Green (Whole),FAQ,9000,9500,9400,08/09/2026
Maharashtra,Jalna,APMC Jalana ,Green Gram(Moong)(Whole),Other,FAQ,9100,9499,9100,08/09/2026
Maharashtra,Latur,APMC Udgir ,Green Gram(Moong)(Whole),Green (Whole),FAQ,8768,11200,9100,08/09/2026
Maharashtra,Dharashiv,APMC Murum ,Green Gram(Moong)(Whole),Green (Whole),Non-FAQ,8000,8000,8000,08/09/2026
Maharashtra,Yavatmal,APMC Vani ,Green Gram(Moong)(Whole),Green (Whole),Non-FAQ,7005,7240,7100,08/09/2026
Maharashtra,Akola,APMC Akola ,Green Gram(Moong)(Whole),Green (Whole),FAQ,11700,11700,11700,08/09/2026
Maharashtra,Akola,APMC Akola ,Green Gram(Moong)(Whole),Green (Whole),Non-FAQ,5105,7260,6975,08/09/2026
Maharashtra,Chattrapati Sambhajinagar,APMC Chattrapati Sambhajinagar ,Green Gram(Moong)(Whole),Other,FAQ,9199,10000,9600,08/09/2026
Maharashtra,Jalna,APMC Jalana ,Green Gram(Moong)(Whole),Green (Whole),FAQ,12300,16600,13500,08/09/2026
Maharashtra,Ahilyanagar,Rahuri(Vambori) ,Green Gram(Moong)(Whole),Other,FAQ,8800,9800,9562,08/09/2026
Maharashtra,Jalgaon,APMC Chopda ,Green Gram(Moong)(Whole),Green (Whole),Non-FAQ,6141,8681,7001,08/09/2026
Maharashtra,Latur,APMC  Latur,Green Gram(Moong)(Whole),Green (Whole),FAQ,8768,12000,10000,08/09/2026
Maharashtra,Latur,APMC Udgir ,Green Gram(Moong)(Whole),Other,FAQ,8768,9000,8800,08/09/2026
Maharashtra,Beed,APMC Gevrai ,Green Gram(Moong)(Whole),Other,FAQ,9000,10001,9500,08/09/2026
Maharashtra,Buldhana,APMC Deoulgaon Raja ,Green Gram(Moong)(Whole),Green (Whole),FAQ,9211,9250,9211,08/09/2026
Maharashtra,Yavatmal,"Shekari Krushi Khajgi Bazar, Arni, Dist Yavatmal",Green Gram(Moong)(Whole),Other,Local,6100,6100,6100,08/09/2026
Maharashtra,Dhule,APMC Dondaicha ,Green Gram(Moong)(Whole),Other,Non-FAQ,8400,8750,8600,08/09/2026
Maharashtra,Akola,APMC Murtizapur ,Green Gram(Moong)(Whole),Green (Whole),Non-FAQ,7000,7195,7100,08/09/2026
Maharashtra,Buldhana,APMC Khamgaon ,Green Gram(Moong)(Whole),Other,FAQ,9000,10000,9500,08/09/2026
Maharashtra,Buldhana,APMC Khamgaon ,Green Gram(Moong)(Whole),Other,Non-FAQ,8500,8501,8500,08/09/2026
Maharashtra,Buldhana,APMC Malkapur ,Green Gram(Moong)(Whole),Other,Non-FAQ,7125,7125,7125,08/09/2026
Maharashtra,Jalgaon,APMC Parola ,Green Gram(Moong)(Whole),Other,Non-FAQ,4000,8700,8000,08/09/2026
Maharashtra,Latur,APMC Ahmedpur ,Green Gram(Moong)(Whole),Other,FAQ,8768,11000,9884,08/09/2026
Maharashtra,Solapur,APMC Karmala ,Green Gram(Moong)(Whole),Other,FAQ,8800,9300,9200,08/09/2026
Maharashtra,Mumbai,APMC Mumbai ,Green Gram Dal(Moong Dal),Other,Local,9100,10500,10300,08/09/2026
Uttar Pradesh,Mathura,Kosikalan APMC,Green Gram(Moong)(Whole),Other,FAQ,8768,8768,8768,08/09/2026
Uttar Pradesh,Prayagraj,Lediyari APMC,Green Gram(Moong)(Whole),Other,FAQ,8768,8768,8768,08/09/2026
Uttar Pradesh,Agra,Jarar APMC,Green Gram(Moong)(Whole),Other,FAQ,6500,6500,6500,08/09/2026
Uttar Pradesh,Ghaziabad,Ghaziabad APMC,Green Gram(Moong)(Whole),Other,FAQ,10085.08,11160,10254.09,08/09/2026
Uttar Pradesh,Etawah,Jasvantnagar APMC,Green Gram(Moong)(Whole),Other,FAQ,8768,8768,8768,08/09/2026
Uttar Pradesh,Jalaun (Orai),Orai APMC,Green Gram(Moong)(Whole),Other,FAQ,8768,8768,8768,08/09/2026
Uttar Pradesh,Fatehpur,Fatehpur APMC,Green Gram(Moong)(Whole),Other,FAQ,8768,8768,8768,08/09/2026
Uttar Pradesh,Jalaun (Orai),Ait APMC,Green Gram(Moong)(Whole),Other,FAQ,8768,8768,8768,08/09/2026
Uttar Pradesh,Lalitpur,Mehrauni APMC,Green Gram(Moong)(Whole),Other,FAQ,8768,8768,8768,08/09/2026
Uttar Pradesh,Mathura,Mathura APMC,Green Gram(Moong)(Whole),Other,FAQ,8767.82,8767.82,8767.82,08/09/2026
Uttar Pradesh,Kanpur Dehat,Rura APMC,Green Gram(Moong)(Whole),Other,FAQ,6900,7400,7150.22,08/09/2026
Uttar Pradesh,Firozabad,Sirsaganj APMC,Green Gram(Moong)(Whole),Other,FAQ,6500,8768,8032.74,08/09/2026
Uttar Pradesh,Kanpur Dehat,Jhijhank APMC,Green Gram(Moong)(Whole),Other,FAQ,7300,7300,7300,08/09/2026
Uttar Pradesh,Jalaun (Orai),Madhogarh APMC,Green Gram(Moong)(Whole),Other,FAQ,7000,8768,7931.78,08/09/2026
Uttar Pradesh,Kanpur Dehat,Pukharayan APMC,Green Gram(Moong)(Whole),Other,FAQ,7000,7000,7000,08/09/2026
Uttar Pradesh,Kanpur,Kanpur(Grain) APMC,Green Gram(Moong)(Whole),Other,FAQ,8767.99,8768,8768,08/09/2026
Uttar Pradesh,Aligarh,Atrauli APMC,Green Gram(Moong)(Whole),Other,FAQ,8768,8768,8768,08/09/2026
Uttar Pradesh,Fatehpur,Bindki APMC,Green Gram(Moong)(Whole),Other,FAQ,8768,8768,8768,08/09/2026
Uttar Pradesh,Jalaun (Orai),Konch APMC,Green Gram(Moong)(Whole),Other,FAQ,8768,8768,8768,08/09/2026
Uttar Pradesh,Shahjahanpur,Shahjahanpur APMC,Green Gram(Moong)(Whole),Other,FAQ,7400,7500,7450.69,08/09/2026
Uttar Pradesh,Prayagraj,Ajuha APMC,Green Gram(Moong)(Whole),Other,FAQ,8768,8768,8768,08/09/2026
Uttar Pradesh,Mainpuri,Mainpuri APMC,Green Gram(Moong)(Whole),Other,FAQ,8768,8768,8768,08/09/2026
Uttar Pradesh,Baghpat,Baraut APMC,Green Gram(Moong)(Whole),Other,FAQ,9200,9200,9200,08/09/2026
Uttar Pradesh,Agra,Agra APMC,Green Gram(Moong)(Whole),Other,FAQ,8768,8768,8768,08/09/2026
Uttar Pradesh,Mainpuri,Bewar APMC,Green Gram(Moong)(Whole),Other,FAQ,8768,8768,8768,08/09/2026
Uttar Pradesh,Bulandshahar,Anoop Shahar APMC,Green Gram(Moong)(Whole),Other,FAQ,8768,8768,8768,08/09/2026
Uttar Pradesh,Aligarh,Charra APMC,Green Gram(Moong)(Whole),Other,FAQ,8768,8768,8768,08/09/2026
Uttar Pradesh,Lalitpur,Lalitpur APMC,Green Gram(Moong)(Whole),Other,FAQ,8767,8768,8767.93,08/09/2026
Uttar Pradesh,Jalaun (Orai),Jalaun APMC,Green Gram(Moong)(Whole),Other,FAQ,8768,8768,8768,08/09/2026
Uttar Pradesh,Fatehpur,Kishunpur APMC,Green Gram(Moong)(Whole),Other,FAQ,8768,8768,8768,08/09/2026
Uttar Pradesh,Sonbhadra,Robertsganj APMC,Green Gram(Moong)(Whole),Other,FAQ,6000,6000,6000,08/09/2026
Uttar Pradesh,Hathras,Shadabad APMC,Green Gram(Moong)(Whole),Other,FAQ,8768,8768,8768,08/09/2026
Uttar Pradesh,Hathras,Sikandraraau APMC,Green Gram(Moong)(Whole),Other,FAQ,8768,8768,8768,08/09/2026
Uttar Pradesh,Hamirpur,Raath APMC,Green Gram(Moong)(Whole),Other,FAQ,8768,8768,8768,08/09/2026
Uttar Pradesh,Aligarh,Khair APMC,Green Gram(Moong)(Whole),Other,FAQ,8767.99,8768,8768,08/09/2026
Uttar Pradesh,Auraiya,Auraiya APMC,Green Gram(Moong)(Whole),Other,FAQ,7500,7500,7500,08/09/2026
Uttar Pradesh,Shahjahanpur,Shahjahanpur APMC,Green Gram Dal(Moong Dal),Other,FAQ,8000,8000,8000,08/09/2026
Uttar Pradesh,Mainpuri,Bewar APMC,Green Gram Dal(Moong Dal),Other,FAQ,8768,8768,8768,08/09/2026
Uttar Pradesh,Bareilly,Bareilly APMC,Green Gram Dal(Moong Dal),Other,FAQ,9700,9700,9700,08/09/2026
Uttar Pradesh,Lucknow,Banthara APMC,Green Gram Dal(Moong Dal),Other,FAQ,10291.06,10291.06,10291.06,08/09/2026
Rajasthan,Kota,Ramganjmandi APMC,Green Gram(Moong)(Whole),Other,Local,6700,6700,6700,08/09/2026
Rajasthan,Hanumangarh,Sangriya APMC,Green Gram(Moong)(Whole),Other,Local,7700,7975,7975,08/09/2026
Rajasthan,Ganganagar,Gajsinghpur APMC,Green Gram(Moong)(Whole),Other,Local,7600,8298,7900,08/09/2026
Rajasthan,Ganganagar,Raisingh Nagar APMC,Green Gram(Moong)(Whole),Other,Non-FAQ,7100,8450,7600,08/09/2026
Rajasthan,Kota,Kota APMC,Green Gram(Moong)(Whole),Other,Local,7500,7500,7500,08/09/2026
Rajasthan,Ganganagar,Anupgarh APMC,Green Gram(Moong)(Whole),Local,Grade Range-1,7900,7900,7900,08/09/2026
Rajasthan,Bundi,Bundi APMC,Green Gram(Moong)(Whole),Other,FAQ,7080,7080,7080,08/09/2026
Rajasthan,Jhalawar,Khanpur APMC,Green Gram(Moong)(Whole),Other,FAQ,5501,7299,7299,08/09/2026
Rajasthan,Ganganagar,Gharsana APMC,Green Gram(Moong)(Whole),Other,FAQ,6000,8670,8050,08/09/2026
Rajasthan,Ganganagar,Padampur APMC,Green Gram(Moong)(Whole),Green (Whole),FAQ,5650,8110,7800,08/09/2026
Rajasthan,Beawar,Beawar APMC,Green Gram(Moong)(Whole),Other,Local,7500,7500,7500,08/09/2026
Rajasthan,Baran,Baran APMC,Green Gram(Moong)(Whole),Other,Local,7100,7483,7340,08/09/2026
Rajasthan,Bhilwara,Bhilwara APMC,Green Gram(Moong)(Whole),Other,FAQ,6001,6001,6001,08/09/2026
Rajasthan,Ganganagar,Rawla APMC,Green Gram(Moong)(Whole),Local,FAQ,7400,8020,7710,08/09/2026
Rajasthan,Ganganagar,Jaitsar APMC,Green Gram(Moong)(Whole),Other,FAQ,8361,8409,8390,08/09/2026
Rajasthan,Baran,Atru APMC,Green Gram(Moong)(Whole),Other,Local,6621,6621,6621,08/09/2026
Rajasthan,Beawar,Jaitaran APMC,Green Gram(Moong)(Whole),Other,Local,7100,8060,7580,08/09/2026
Karnataka,Koppal,Kustagi APMC,Green Gram(Moong)(Whole),Local,FAQ,8300,8900,8402,08/09/2026
Karnataka,Gadag,Rona APMC,Green Gram(Moong)(Whole),Green (Whole),Non-FAQ,8700,9338,9168,08/09/2026
Karnataka,Kalaburagi,Kalaburagi APMC,Green Gram(Moong)(Whole),Green (Whole),Non-FAQ,7100,9800,8550,08/09/2026
Karnataka,Dharwad,APMC Hubballi,Green Gram(Moong)(Whole),Green (Whole),Local,1710,8920,7727,08/09/2026
Karnataka,Gadag,Gadag APMC,Green Gram(Moong)(Whole),Green (Whole),FAQ,1517,10110,8188,08/09/2026
Karnataka,Bidar,Bidar APMC,Green Gram(Moong)(Whole),Local,Non-FAQ,2662,11009,7809,08/09/2026
Karnataka,Gadag,Laxmeshwar APMC,Green Gram(Moong)(Whole),Green (Whole),Non-FAQ,1285,9728,7755,08/09/2026
Karnataka,Bidar,Basava Kalayana APMC,Green Gram(Moong)(Whole),Green (Whole),FAQ,6800,9900,9200,08/09/2026
Karnataka,Yadgir,Yadgir APMC,Green Gram(Moong)(Whole),Green (Whole),FAQ,5689,9009,7699,08/09/2026
Karnataka,Bengaluru,Bengaluru APMC,Green Gram(Moong)(Whole),Green (Whole),FAQ,8000,12000,10000,08/09/2026
Karnataka,Bagalkot,Bagalkot APMC,Green Gram(Moong)(Whole),Green (Whole),Local,2099,9750,9008,08/09/2026
Karnataka,Dharwad,Dharwar APMC,Green Gram(Moong)(Whole),Green (Whole),FAQ,3800,3800,3800,08/09/2026
Karnataka,Bengaluru,Bengaluru APMC,Green Gram Dal(Moong Dal),Green Gram Dal,Medium,8000,11000,9500,08/09/2026
Gujarat,Dahod,Dahod APMC,Green Gram(Moong)(Whole),Green (Whole),Local,7000,7500,7250,08/09/2026
Gujarat,Jamnagar,Dhrol APMC,Green Gram(Moong)(Whole),Other,Local,6000,7000,6500,08/09/2026
Gujarat,Bhavnagar,Taleja APMC,Green Gram(Moong)(Whole),Local,FAQ,6375,6375,6375,08/09/2026
Gujarat,Junagarh,Junagadh APMC,Green Gram(Moong)(Whole),Green (Whole),FAQ,7300,7300,7300,08/09/2026
Gujarat,Jamnagar,Jam Jodhpur APMC,Green Gram(Moong)(Whole),Green (Whole),Local,5000,6250,5500,08/09/2026
Gujarat,Amreli,Rajula APMC,Green Gram(Moong)(Whole),Local,Local,7500,7500,7500,08/09/2026
Gujarat,Rajkot,Rajkot APMC,Green Gram(Moong)(Whole),Green (Whole),FAQ,6250,8550,7555,08/09/2026
Gujarat,Rajkot,Jasdan APMC,Green Gram(Moong)(Whole),Green (Whole),FAQ,4000,7605,7000,08/09/2026
Andhra Pradesh,Anakapally,Payakaraopeta APMC,Green Gram(Moong)(Whole),Local,Local,8748,8768,8758,08/09/2026
Andhra Pradesh,Parvathipuram Manyam,Palakonda APMC,Green Gram(Moong)(Whole),Green (Whole),FAQ,6500,6500,6500,08/09/2026
Andhra Pradesh,Palnadu,Narasaraopet APMC,Green Gram(Moong)(Whole),Local (Whole),FAQ,7500,7500,7500,08/09/2026
Andhra Pradesh,NTR,Kanchekacherla APMC,Green Gram(Moong)(Whole),Local,Grade Range-1,6500,6500,6500,08/09/2026
West Bengal,Darjeeling,Siliguri APMC,Green Gram Dal(Moong Dal),Green Gram Dal,FAQ,9600,9800,9700,08/09/2026
West Bengal,Paschim Bardhaman,Asansol APMC,Green Gram Dal(Moong Dal),Green Gram Dal,FAQ,12450,12600,12550,08/09/2026
West Bengal,Howrah,Ramkrishanpur(Howrah) APMC,Green Gram Dal(Moong Dal),Green Gram Dal,FAQ,10800,11200,11000,08/09/2026
Telangana,Sangareddy,Zaheerabad APMC,Green Gram(Moong)(Whole),Green (Whole),Local,6050,9999,8712,08/09/2026
Telangana,Vikarabad,Tanduru APMC,Green Gram(Moong)(Whole),Green (Whole),Grade Range-1,12150,17618,14562,08/09/2026
Assam,Kamrup,Fancy Bazaar APMC,Green Gram Dal(Moong Dal),Green Gram Dal,FAQ,7500,8600,8000,08/09/2026
Assam,Kamrup,Fancy Bazaar APMC,Green Gram Dal(Moong Dal),Green,FAQ,5300,5400,5350,08/09/2026
Assam,Kamrup,Fancy Bazaar APMC,Green Gram Dal(Moong Dal),Green gram,FAQ,6800,8500,7700,08/09/2026
Madhya Pradesh,Dewas,Dewas APMC,Kabuli Chana(Chickpeas-White),Dollar Gram,FAQ,4795,8500,5900,08/09/2026
Madhya Pradesh,Harda,Harda APMC,Kabuli Chana(Chickpeas-White),Dollar Gram,FAQ,1700,7801,7801,08/09/2026
Madhya Pradesh,Shajapur,Agar APMC,Kabuli Chana(Chickpeas-White),Dollar Gram,FAQ,5300,6400,6400,08/09/2026
Madhya Pradesh,Khargone,Badwaha APMC,Kabuli Chana(Chickpeas-White),Dollar Gram,FAQ,6000,6000,6000,08/09/2026
Madhya Pradesh,Hoshangabad,Banapura APMC,Kabuli Chana(Chickpeas-White),Russian,FAQ,5200,5200,5200,08/09/2026
Madhya Pradesh,Sehore,Ashta APMC,Kabuli Chana(Chickpeas-White),Dollar Gram,FAQ,7145,7145,7145,08/09/2026
Madhya Pradesh,Khargone,Sanawad APMC,Kabuli Chana(Chickpeas-White),Dollar Gram,FAQ,5300,7800,5305,08/09/2026
Madhya Pradesh,Indore,Indore APMC,Kabuli Chana(Chickpeas-White),Dollar Gram,FAQ,2505,9240,9240,08/09/2026
Madhya Pradesh,Dewas,Khategaon APMC,Kabuli Chana(Chickpeas-White),Dollar Gram,FAQ,2925,7810,7810,08/09/2026
Madhya Pradesh,Dhar,Manawar APMC,Kabuli Chana(Chickpeas-White),Dollar Gram,FAQ,6750,8200,8100,08/09/2026
Madhya Pradesh,Khargone,Karhi APMC,Kabuli Chana(Chickpeas-White),Dollar Gram,FAQ,7655,7655,7655,08/09/2026
Madhya Pradesh,Ratlam,Jaora APMC,Kabuli Chana(Chickpeas-White),Dollar Gram,FAQ,3500,9051,7800,08/09/2026
Madhya Pradesh,Shajapur,Shujalpur APMC,Kabuli Chana(Chickpeas-White),Dollar Gram,FAQ,3600,8341,7840,08/09/2026
Madhya Pradesh,Ujjain,Ujjain APMC,Kabuli Chana(Chickpeas-White),Dollar Gram,FAQ,5500,7851,7851,08/09/2026
Madhya Pradesh,Neemuch,Neemuch APMC,Kabuli Chana(Chickpeas-White),Dollar Gram,FAQ,4800,7900,6700,08/09/2026
Madhya Pradesh,Dhar,Dhar APMC,Kabuli Chana(Chickpeas-White),Dollar Gram,FAQ,4930,8825,8825,08/09/2026
Madhya Pradesh,Dhar,Dhamnod APMC,Kabuli Chana(Chickpeas-White),Dollar Gram,FAQ,5500,8000,8000,08/09/2026
Madhya Pradesh,Ujjain,Badnagar APMC,Kabuli Chana(Chickpeas-White),Dollar Gram,FAQ,4500,7635,7635,08/09/2026
Maharashtra,Mumbai,APMC Mumbai ,Bengal Gram Dal(Chana Dal),Other,Local,7100,8500,7900,08/09/2026
Uttar Pradesh,Raebarelli,Raibareilly APMC,Bengal Gram Dal(Chana Dal),Other,FAQ,7785,7785,7785,08/09/2026
Uttar Pradesh,Jaunpur,Shahganj APMC,Bengal Gram Dal(Chana Dal),Other,FAQ,7875.13,7875.13,7875.13,08/09/2026
Uttar Pradesh,Lucknow,Banthara APMC,Bengal Gram Dal(Chana Dal),Other,FAQ,7519.22,7519.22,7519.22,08/09/2026
Uttar Pradesh,Lakhimpur,Golagokarnath APMC,Bengal Gram Dal(Chana Dal),Other,FAQ,7650,7650,7650,08/09/2026
Karnataka,Bengaluru,Bengaluru APMC,Bengal Gram Dal(Chana Dal),Bengal Gram Dal,Medium,7000,8500,7750,08/09/2026
Gujarat,Junagarh,Junagadh APMC,Kabuli Chana(Chickpeas-White),White (whole),FAQ,5500,6410,6000,08/09/2026
Gujarat,Amreli,Rajula APMC,Kabuli Chana(Chickpeas-White),Kabuli Chana(Chickpeas-white),Local,6060,7125,6592,08/09/2026
Madhya Pradesh,Chhatarpur,LavKush Nagar(Laundi) APMC,Lentil(Masur)(Whole),Masur Dal,Non-FAQ,5775,5850,5850,08/09/2026
Madhya Pradesh,Narsinghpur,Kareli APMC,Lentil(Masur)(Whole),Masur Dal,FAQ,5480,6625,6625,08/09/2026
Madhya Pradesh,Satna,Satna APMC,Lentil(Masur)(Whole),Masur Dal,FAQ,5250,6185,6185,08/09/2026
Madhya Pradesh,Katni,Katni APMC,Lentil(Masur)(Whole),Masur Dal,Non-FAQ,3300,8750,6031,08/09/2026
Madhya Pradesh,Sehore,Ashta APMC,Lentil(Masur)(Whole),Masur Dal,FAQ,6331,6331,6331,08/09/2026
Madhya Pradesh,Damoh,Patharia APMC,Lentil(Masur)(Whole),Masur Dal,FAQ,6210,6300,6300,08/09/2026
Madhya Pradesh,Damoh,Hata APMC,Lentil(Masur)(Whole),Masur Dal,Non-FAQ,5950,6000,6000,08/09/2026
Madhya Pradesh,Guna,Guna APMC,Lentil(Masur)(Whole),Masur Dal,FAQ,5850,5850,5850,08/09/2026
Madhya Pradesh,Shivpuri,Kolaras APMC,Lentil(Masur)(Whole),Masur Dal,FAQ,6225,6225,6225,08/09/2026
Madhya Pradesh,Narsinghpur,Gotegaon APMC,Lentil(Masur)(Whole),Masur Dal,FAQ,5500,5500,5500,08/09/2026
Madhya Pradesh,Mandsaur,Sitmau APMC,Lentil(Masur)(Whole),Masur Dal,FAQ,6571,6571,6571,08/09/2026
Madhya Pradesh,Panna,Panna APMC,Lentil(Masur)(Whole),Masur Dal,FAQ,8600,8600,8600,08/09/2026
Madhya Pradesh,Vidisha,Ganjbasoda APMC,Lentil(Masur)(Whole),Masur Dal,FAQ,3450,9700,6290,08/09/2026
Madhya Pradesh,Dindori,Dindori APMC,Lentil(Masur)(Whole),Local,Non-FAQ,5000,5600,5600,08/09/2026
Madhya Pradesh,Sagar,Garhakota APMC,Lentil(Masur)(Whole),Masur Dal,FAQ,6005,6005,6005,08/09/2026
Madhya Pradesh,Sagar,Khurai APMC,Lentil(Masur)(Whole),Masur Dal,FAQ,5471,8700,6450,08/09/2026
Madhya Pradesh,Shajapur,Shujalpur APMC,Lentil(Masur)(Whole),Masur Dal,FAQ,6401,6401,6401,08/09/2026
Madhya Pradesh,Mandsaur,Piplya APMC,Lentil(Masur)(Whole),Masur Dal,FAQ,5700,5700,5700,08/09/2026
Madhya Pradesh,Ratlam,Jaora APMC,Lentil(Masur)(Whole),Masur Dal,FAQ,6550,6550,6550,08/09/2026
Madhya Pradesh,Raisen,Udaipura APMC,Lentil(Masur)(Whole),Masur Dal,FAQ,5605,6155,6155,08/09/2026
Madhya Pradesh,Raisen,Begamganj APMC,Lentil(Masur)(Whole),Masur Dal,FAQ,5765,8300,8300,08/09/2026
Madhya Pradesh,Rajgarh,Khujner APMC,Lentil(Masur)(Whole),Masur Dal,FAQ,6290,7280,7280,08/09/2026
Madhya Pradesh,Sagar,Bina APMC,Lentil(Masur)(Whole),Masur Dal,FAQ,4500,8200,6400,08/09/2026
Madhya Pradesh,Narsinghpur,Narsinghpur APMC,Lentil(Masur)(Whole),Local,FAQ,5800,6000,6000,08/09/2026
Madhya Pradesh,Satna,Nagod APMC,Lentil(Masur)(Whole),Masur Dal,FAQ,6050,6300,6300,08/09/2026
Madhya Pradesh,Vidisha,Sironj APMC,Lentil(Masur)(Whole),Masur Dal,FAQ,5000,6050,6050,08/09/2026
Madhya Pradesh,Rajgarh,Chhapiheda APMC,Lentil(Masur)(Whole),Masur Dal,FAQ,7800,7850,7850,08/09/2026
Madhya Pradesh,Ashoknagar,Ashoknagar APMC,Lentil(Masur)(Whole),Masur Dal,FAQ,1750,8305,6280,08/09/2026
Madhya Pradesh,Neemuch,Neemuch APMC,Lentil(Masur)(Whole),Masur Dal,FAQ,5951,8775,6650,08/09/2026
Madhya Pradesh,Mandsaur,Mandsaur APMC,Lentil(Masur)(Whole),Masur Dal,Non-FAQ,3750,8001,7201,08/09/2026
Madhya Pradesh,Neemuch,Manasa APMC,Lentil(Masur)(Whole),Masur Dal,FAQ,5901,7901,7901,08/09/2026
Madhya Pradesh,Rajgarh,Sarangpur APMC,Lentil(Masur)(Whole),Masur Dal,FAQ,6010,7260,7260,08/09/2026
Madhya Pradesh,Mandsaur,Shamgarh APMC,Lentil(Masur)(Whole),Masur Dal,Non-FAQ,5500,6000,6000,08/09/2026
Madhya Pradesh,Shivpuri,Kolaras APMC,Lentil(Masur)(Whole),Masur Dal,Non-FAQ,6200,6245,6245,08/09/2026
Madhya Pradesh,Damoh,Damoh APMC,Lentil(Masur)(Whole),Masur Dal,FAQ,4500,9300,4500,08/09/2026
Madhya Pradesh,Sagar,Sagar APMC,Lentil(Masur)(Whole),Masur Dal,FAQ,3905,8575,6250,08/09/2026
Madhya Pradesh,Jabalpur,Jabalpur APMC,Lentil(Masur)(Whole),Masur Dal,FAQ,4505,6065,5705,08/09/2026
Madhya Pradesh,Raisen,Begamganj APMC,Lentil(Masur)(Whole),Masur Dal,Non-FAQ,5805,7900,7900,08/09/2026
Madhya Pradesh,Raisen,Gairatganj APMC,Lentil(Masur)(Whole),Masur Dal,Non-FAQ,6003,6003,6003,08/09/2026
Madhya Pradesh,Rajgarh,Khilchipur APMC,Lentil(Masur)(Whole),Masur Dal,FAQ,6700,7305,7305,08/09/2026
Madhya Pradesh,Dewas,Dewas APMC,Lentil(Masur)(Whole),Masur Dal,FAQ,4500,7000,7000,08/09/2026
Madhya Pradesh,Vidisha,Vidisha APMC,Lentil(Masur)(Whole),Masur Dal,FAQ,5005,6500,6500,08/09/2026
Madhya Pradesh,Sehore,Sehore APMC,Lentil(Masur)(Whole),Masur Dal,FAQ,6000,6000,6000,08/09/2026
Madhya Pradesh,Rajgarh,Jeerapur APMC,Lentil(Masur)(Whole),Masur Dal,FAQ,6650,7250,7250,08/09/2026
Madhya Pradesh,Shajapur,Agar APMC,Lentil(Masur)(Whole),Masur Dal,FAQ,5700,9571,9571,08/09/2026
Madhya Pradesh,Shajapur,Akodiya APMC,Lentil(Masur)(Whole),Masur Dal,FAQ,5800,5800,5800,08/09/2026
Madhya Pradesh,Mandsaur,Daloda APMC,Lentil(Masur)(Whole),Masur Dal,FAQ,4991,4991,4991,08/09/2026
Madhya Pradesh,Jabalpur,Sihora APMC,Lentil(Masur)(Whole),Masur Dal,FAQ,5000,5000,5000,08/09/2026
Madhya Pradesh,Rajgarh,Pachaur APMC,Lentil(Masur)(Whole),Masur Dal,FAQ,6800,7005,7005,08/09/2026
Madhya Pradesh,Rajgarh,Narsinghgarh APMC,Lentil(Masur)(Whole),Masur Dal,FAQ,3500,3500,3500,08/09/2026
Madhya Pradesh,Rajgarh,Kurawar APMC,Lentil(Masur)(Whole),Masur Dal,FAQ,5200,6525,6525,08/09/2026
Madhya Pradesh,Shivpuri,Badarwas APMC,Lentil(Masur)(Whole),Masur Dal,FAQ,5965,5965,5965,08/09/2026
Maharashtra,Mumbai,APMC Mumbai ,Masur Dal,Other,Local,7000,7600,7400,08/09/2026
Maharashtra,Pune,APMC Pune ,Lentil(Masur)(Whole),Other,FAQ,7000,7300,7150,08/09/2026
Maharashtra,Mumbai,APMC Mumbai ,Lentil(Masur)(Whole),Other,FAQ,7050,7200,7100,08/09/2026
Uttar Pradesh,Bareilly,Bareilly APMC,Masur Dal,Other,FAQ,7913.92,7913.92,7913.92,08/09/2026
Uttar Pradesh,Shahjahanpur,Shahjahanpur APMC,Masur Dal,Other,FAQ,7500,7500,7500,08/09/2026
Uttar Pradesh,Lucknow,Banthara APMC,Masur Dal,Other,FAQ,8493.09,10545.08,8646.99,08/09/2026
Uttar Pradesh,Chitrakut,Karvi APMC,Masur Dal,Other,FAQ,6200,6200,6200,08/09/2026
Uttar Pradesh,Lakhimpur,Golagokarnath APMC,Masur Dal,Other,FAQ,8300,8300,8300,08/09/2026
Uttar Pradesh,Ghaziabad,Ghaziabad APMC,Masur Dal,Other,FAQ,8524.55,8524.55,8524.55,08/09/2026
Uttar Pradesh,Shamli,Shamli APMC,Masur Dal,Other,FAQ,6500,8600,7792.31,08/09/2026
Uttar Pradesh,Banda,Banda APMC,Masur Dal,Other,FAQ,6160,6240,6210,08/09/2026
Uttar Pradesh,Balrampur,Tulsipur APMC,Lentil(Masur)(Whole),Masoor Gola,FAQ,9420,9500,9460,08/09/2026
Rajasthan,Bundi,Bundi APMC,Lentil(Masur)(Whole),Other,FAQ,4500,4500,4500,08/09/2026
Rajasthan,Jhalawar,Jhalarapatan APMC,Lentil(Masur)(Whole),Other,Local,6701,7400,7000,08/09/2026
West Bengal,Puruliya,Purulia APMC,Masur Dal,Masur Dal,FAQ,8900,9800,9400,08/09/2026
West Bengal,Paschim Bardhaman,Asansol APMC,Masur Dal,Masur Dal,FAQ,9650,9850,9765,08/09/2026
West Bengal,Bankura,Bishnupur(Bankura) APMC,Masur Dal,Other,FAQ,9900,11000,10500,08/09/2026
West Bengal,Nadia,Ranaghat APMC,Masur Dal,Masur Dal,FAQ,11800,12800,12200,08/09/2026
West Bengal,Paschim Bardhaman,Durgapur APMC,Masur Dal,Masur Dal,FAQ,9675,9850,9785,08/09/2026
West Bengal,Darjeeling,Siliguri APMC,Masur Dal,Masur Dal,FAQ,12300,12700,12500,08/09/2026
West Bengal,Hooghly,Kalipur APMC,Masur Dal,Masur Dal,FAQ,11000,12000,11500,08/09/2026
West Bengal,Nadia,Chakdah APMC,Masur Dal,Masur Dal,FAQ,11700,12700,12300,08/09/2026
West Bengal,Puruliya,Balarampur APMC,Masur Dal,Masur Dal,FAQ,9200,10800,9800,08/09/2026
West Bengal,Birbhum,Birbhum APMC,Masur Dal,Masur Dal,FAQ,14700,14900,14800,08/09/2026
West Bengal,Bankura,Bankura Sadar APMC,Masur Dal,Masur Dal,FAQ,9900,10500,10000,08/09/2026
West Bengal,North 24 Parganas,Habra APMC,Masur Dal,Masur Dal,FAQ,10500,10600,10600,08/09/2026
West Bengal,Nadia,Nadia APMC,Masur Dal,Masur Dal,Local,10300,10500,10400,08/09/2026
West Bengal,Hooghly,Pandua APMC,Masur Dal,Masur Dal,FAQ,10650,10975,10750,08/09/2026
West Bengal,Medinipur(E),Tamluk (Medinipur E) APMC,Masur Dal,Masur Dal,FAQ,10400,10800,10600,08/09/2026
West Bengal,Medinipur(E),Kolaghat APMC,Masur Dal,Masur Dal,FAQ,10400,10800,10600,08/09/2026
West Bengal,Howrah,Ramkrishanpur(Howrah) APMC,Masur Dal,Masur Dal,FAQ,8800,9200,9000,08/09/2026
West Bengal,North 24 Parganas,Barasat APMC,Lentil(Masur)(Whole),Other,FAQ,7500,7500,7500,08/09/2026
Assam,Kamrup,Fancy Bazaar APMC,Lentil(Masur)(Whole),Local,FAQ,9500,12000,10800,08/09/2026
Assam,Kamrup,Fancy Bazaar APMC,Lentil(Masur)(Whole),Masur Dal,FAQ,7200,12000,8500,08/09/2026
Assam,Kamrup,Fancy Bazaar APMC,Lentil(Masur)(Whole),Other,FAQ,12500,14000,13200,08/09/2026
Tamil Nadu,Coimbatore,Coimbatore APMC,Turmeric,Other,Local,13170,16572,14871,08/09/2026
Tamil Nadu,Namakkal,Namagiripettai APMC,Turmeric,Other,Local,7500,11024,9262,08/09/2026
Maharashtra,Hingoli,APMC Hingoli ,Turmeric,Other,Local,13950,15750,14850,08/09/2026
Maharashtra,Mumbai,APMC Mumbai ,Turmeric,Other,Local,16000,22000,19000,08/09/2026
Maharashtra,Hingoli,"Sant Namdev Krushi Bazar, Tal Sengaon Dist Hingoli",Turmeric,Other,Local,15800,16200,16000,08/09/2026
Uttar Pradesh,Kanpur,Kanpur(Grain) APMC,Turmeric,Other,FAQ,10500,10500,10500,08/09/2026
Uttar Pradesh,Badaun,Ujhani APMC,Turmeric,Other,FAQ,1200,1200,1200,08/09/2026
Gujarat,Surat,Surat APMC,Turmeric(raw),Other,FAQ,4000,7500,5750,08/09/2026
Andhra Pradesh,YSR Kadapa,Kadapa,Turmeric,Finger,FAQ,8019,14996,14996,08/09/2026
Andhra Pradesh,YSR Kadapa,Kadapa,Turmeric,Bulb,FAQ,12589,14685,14685,08/09/2026
Andhra Pradesh,Alluri Sitharama Raju,Araku Valley APMC,Turmeric,Finger,Grade Range-1,11500,12000,11950,08/09/2026
Andhra Pradesh,Alluri Sitharama Raju,Paderu APMC,Turmeric,Local,Grade Range-2,12800,12800,12800,08/09/2026
Telangana,Hyderabad,Mahboob Manison APMC,Turmeric(raw),Other,Medium,12000,15000,13000,08/09/2026
Assam,Kamrup,Fancy Bazaar APMC,Turmeric(raw),Turmeric (raw),FAQ,13000,18000,15500,08/09/2026
Madhya Pradesh,Morena,Kailaras APMC,Ginger(Dry),Other,FAQ,6000,7000,7000,08/09/2026
Uttar Pradesh,Ghaziabad,Ghaziabad APMC,Peas(Dry),Other,FAQ,7800,7800,7800,08/09/2026
Uttar Pradesh,Mahoba,Charkhari APMC,Peas(Dry),Other,FAQ,3500,3550,3510.63,08/09/2026
Uttar Pradesh,Jalaun (Orai),Konch APMC,Peas(Dry),Other,FAQ,2800,3550,3097.53,08/09/2026
Uttar Pradesh,Lalitpur,Mehrauni APMC,Peas(Dry),Other,FAQ,3800,3800,3800,08/09/2026
Uttar Pradesh,Jalaun (Orai),Jalaun APMC,Peas(Dry),Other,FAQ,3300,3800,3585.9,08/09/2026
Uttar Pradesh,Lalitpur,Lalitpur APMC,Peas(Dry),Other,FAQ,3250,4550,3771.88,08/09/2026
Uttar Pradesh,Hamirpur,Bharuasumerpur APMC,Peas(Dry),Other,FAQ,3500,3540,3511.24,08/09/2026
Uttar Pradesh,Jalaun (Orai),Ait APMC,Peas(Dry),Other,FAQ,3200,3200,3200,08/09/2026
Uttar Pradesh,Jhansi,Chirgaon APMC,Peas(Dry),Other,FAQ,3890,3900,3895,08/09/2026
Uttar Pradesh,Hamirpur,Maudaha APMC,Peas(Dry),Other,FAQ,4200,4200,4200,08/09/2026
Uttar Pradesh,Banda,Atarra APMC,Peas(Dry),Other,FAQ,3500,3500,3500,08/09/2026
Uttar Pradesh,Hamirpur,Raath APMC,Peas(Dry),Other,FAQ,3700,3800,3711.6,08/09/2026
Rajasthan,Jaipur,Jaipur (F&V) APMC,Ginger(Dry),Dry,FAQ,4500,15000,9750,08/09/2026
Karnataka,Gadag,Gadag APMC,Dry Chillies,Local,Medium,3300,3300,3300,08/09/2026
Karnataka,Haveri,Byadagi APMC,Dry Chillies,Guntur,Medium,1909,24629,14659,08/09/2026
Karnataka,Bengaluru,Bengaluru APMC,Dry Chillies,Guntur,Medium,26000,30000,28000,08/09/2026
Karnataka,Haveri,Byadagi APMC,Dry Chillies,Dabbi,Medium,6419,68000,57509,08/09/2026
Karnataka,Haveri,Byadagi APMC,Dry Chillies,Kaddi,Medium,5289,65700,54009,08/09/2026
Karnataka,Mysuru,Hunsur APMC,Ginger(Dry),Dry,Local,30300,30300,30300,08/09/2026
Karnataka,Bengaluru,Bengaluru APMC,Dry Grapes,Dry Grapes,Medium,42000,85000,63500,08/09/2026
Haryana,Kurukshetra,Thanesar APMC,Peas(Dry),Other,Local,5500,6500,6000,08/09/2026
Haryana,Kurukshetra,Shahabad APMC,Ginger(Dry),Vegitable-fresh,Local,6500,7000,6800,08/09/2026
Haryana,Hissar,Hansi APMC,Ginger(Dry),Other,FAQ,8000,10000,9000,08/09/2026
Punjab,Hoshiarpur,Garh Shankar APMC,Ginger(Dry),Vegitable-fresh,FAQ,6000,6000,6000,08/09/2026
Andhra Pradesh,Guntur,Prathipadu APMC,Dry Chillies,Byadgi,Grade Range-1,14000,22000,19000,08/09/2026
Andhra Pradesh,Guntur,Guntur APMC,Dry Chillies,White,Grade Range-3,8000,15500,14000,08/09/2026
Andhra Pradesh,NTR,Tiruvuru APMC,Dry Chillies,Dry Chillies,Local,21000,21000,21000,08/09/2026
Andhra Pradesh,Guntur,Guntur APMC,Dry Chillies,Red Top,FAQ,17500,28500,26500,08/09/2026
Andhra Pradesh,NTR,Nandigama APMC,Dry Chillies,Dry Chillies,Grade Range-1,21900,21900,21900,08/09/2026
Andhra Pradesh,Guntur,Guntur APMC,Dry Chillies,Red,FAQ,15500,27500,26000,08/09/2026
Andhra Pradesh,Guntur,Guntur APMC,Dry Chillies,Red New,FAQ,15000,28000,25500,08/09/2026
Andhra Pradesh,Guntur,Guntur APMC,Dry Chillies,Guntur,FAQ,18000,28000,27000,08/09/2026
Andhra Pradesh,Sri Sathya Sai,Hindupur APMC,Dry Chillies,Byadgi,FAQ,15000,40000,21000,08/09/2026
West Bengal,Paschim Bardhaman,Asansol APMC,Peas(Dry),Other,FAQ,6825,7000,6900,08/09/2026
West Bengal,Medinipur(W),Medinipur(West) APMC,Ginger(Dry),Dry,FAQ,15000,16000,15500,08/09/2026
West Bengal,Hooghly,Sheoraphuly APMC,Ginger(Dry),Other,FAQ,13500,15600,14200,08/09/2026
West Bengal,Birbhum,Bolpur APMC,Ginger(Dry),Big/Thick,FAQ,12000,12200,12100,08/09/2026
West Bengal,Kolkata,Bara Bazar (Posta Bazar) APMC,Ginger(Dry),Dry,FAQ,15400,16000,15800,08/09/2026
Telangana,Hyderabad,Mahboob Manison APMC,Dry Chillies,Dry Chillies,Grade Range-1,9500,13000,10000,08/09/2026
Telangana,Hyderabad,Mahboob Manison APMC,Dry Chillies,Dry Chillies,Grade Range-2,7000,9000,8000,08/09/2026
Assam,Kamrup,Fancy Bazaar APMC,Dry Chillies,Dry Chillies,FAQ,29000,33000,31500,08/09/2026
Maharashtra,Mumbai,APMC Mumbai ,Cummin Seed(Jeera),Other,Local,22000,38000,30000,08/09/2026
Rajasthan,Jodhpur,Osiyan Mathania APMC,Cummin Seed(Jeera),Other,Local,18000,20000,19000,08/09/2026
Rajasthan,Beawar,Jaitaran APMC,Cummin Seed(Jeera),Cummin Seed(Jeera),Grade Range-1,19325,19325,19325,08/09/2026
Gujarat,Morbi,Morbi APMC,Cummin Seed(Jeera),Cummin Seed(Jeera),FAQ,16500,19750,18125,08/09/2026
Gujarat,Mehsana,Unjha APMC,Cummin Seed(Jeera),Cummin Seed(Jeera),FAQ,17000,25500,20200,08/09/2026
Gujarat,Jamnagar,Jamnagar APMC,Cummin Seed(Jeera),Other,Local,17500,20175,19125,08/09/2026
Gujarat,Surendranagar,Dasada Patadi APMC,Cummin Seed(Jeera),Cummin Seed(Jeera),FAQ,18250,19730,19350,08/09/2026
Gujarat,Amreli,The Agricultural Produce Market Committee-Amreli,Cummin Seed(Jeera),Cummin Seed(Jeera),FAQ,8000,15500,15500,08/09/2026
Gujarat,Patan,Sami APMC,Cummin Seed(Jeera),Cummin Seed(Jeera),Local,18500,20150,19500,08/09/2026
Gujarat,Botad,Botad APMC,Cummin Seed(Jeera),Other,Local,15000,20500,17800,08/09/2026
Gujarat,Jamnagar,Dhrol APMC,Cummin Seed(Jeera),Other,Local,14000,19050,16525,08/09/2026
Gujarat,Morbi,APMC HALVAD,Cummin Seed(Jeera),Cummin Seed(Jeera),Local,17505,20390,20000,08/09/2026
Gujarat,Banaskanth,Vav APMC,Cummin Seed(Jeera),Other,FAQ,15550,20000,19550,08/09/2026
Gujarat,Banaskanth,Tharad APMC,Cummin Seed(Jeera),Other,Local,12500,20940,16720,08/09/2026
Gujarat,Amreli,Babra APMC,Cummin Seed(Jeera),Other,FAQ,17550,19350,18450,08/09/2026
Gujarat,Jamnagar,Jam Jodhpur APMC,Cummin Seed(Jeera),Cummin Seed(Jeera),Local,15000,19500,17750,08/09/2026
Gujarat,Surendranagar,Dhragradhra APMC,Cummin Seed(Jeera),Cummin Seed(Jeera),Local,15025,18770,18000,08/09/2026
Gujarat,Morbi,Vankaner APMC,Cummin Seed(Jeera),Cummin Seed(Jeera),FAQ,17000,20350,19000,08/09/2026
Gujarat,Rajkot,Rajkot APMC,Cummin Seed(Jeera),Cummin Seed(Jeera),FAQ,18300,20360,19350,08/09/2026
Gujarat,Junagarh,Junagadh APMC,Cummin Seed(Jeera),Cummin Seed(Jeera),FAQ,17500,18755,18000,08/09/2026
Gujarat,Kachchh,Anjar APMC,Cummin Seed(Jeera),Other,FAQ,20200,20450,20450,08/09/2026
Gujarat,Kachchh,Rapar APMC,Cummin Seed(Jeera),Cummin Seed(Jeera),Local,19000,20000,19500,08/09/2026
Gujarat,Ahmedabad,Mandal APMC,Cummin Seed(Jeera),Other,Local,17625,20240,19000,08/09/2026
Gujarat,Rajkot,Jasdan APMC,Cummin Seed(Jeera),Cummin Seed(Jeera),FAQ,12500,20650,19500,08/09/2026
Assam,Kamrup,Fancy Bazaar APMC,Cummin Seed(Jeera),Cummin Seed(Jeera),FAQ,27000,29000,28000,08/09/2026
Tamil Nadu,Nagercoil (Kannyiakumari),Vadaseri APMC,Coriander(Leaves),I Sort,Local,4000,4500,4250,08/09/2026
Tamil Nadu,Thirupathur,Vaniyampadi(Uzhavar Sandhai ),Coriander(Leaves),I Sort,Local,4000,4000,4000,08/09/2026
Tamil Nadu,Theni,Periyakulam(Uzhavar Sandhai ),Coriander(Leaves),I Sort,Local,2500,2500,2500,08/09/2026
Tamil Nadu,Virudhunagar,Srivilliputhur(Uzhavar Sandhai ),Coriander(Leaves),I Sort,Local,3500,4000,3750,08/09/2026
Tamil Nadu,Madurai,Chokkikulam(Uzhavar Sandhai ),Coriander(Leaves),I Sort,Local,7000,7500,7250,08/09/2026
Tamil Nadu,Nagapattinam,Mayiladuthurai(Uzhavar Sandhai ),Coriander(Leaves),I Sort,Local,3500,4000,3750,08/09/2026
Tamil Nadu,Thiruvannamalai,Polur(Uzhavar Sandhai ),Coriander(Leaves),I Sort,Local,4500,5000,4750,08/09/2026
Tamil Nadu,Thiruvarur,Mannargudi I(Uzhavar Sandhai ),Coriander(Leaves),I Sort,Local,3500,3500,3500,08/09/2026
Tamil Nadu,Cuddalore,Viruthachalam(Uzhavar Sandhai ),Coriander(Leaves),I Sort,Local,5000,5000,5000,08/09/2026
Tamil Nadu,Tenkasi,Sankarankoil(Uzhavar Sandhai ),Coriander(Leaves),I Sort,Local,4500,4500,4500,08/09/2026
Tamil Nadu,Theni,Andipatti(Uzhavar Sandhai ),Coriander(Leaves),I Sort,Local,2200,2500,2350,08/09/2026
Tamil Nadu,Thiruvarur,Tiruvarur(Uzhavar Sandhai ),Coriander(Leaves),I Sort,Local,4000,4000,4000,08/09/2026
Tamil Nadu,Virudhunagar,Aruppukottai(Uzhavar Sandhai ),Coriander(Leaves),I Sort,Local,3000,4000,3500,08/09/2026
Tamil Nadu,Sivaganga,Singampunari(Uzhavar Sandhai ),Coriander(Leaves),I Sort,Local,7200,7600,7400,08/09/2026
Tamil Nadu,Thiruchirappalli,Manachanallur(Uzhavar Sandhai ),Coriander(Leaves),I Sort,Local,2500,3000,2750,08/09/2026
Tamil Nadu,Virudhunagar,Sivakasi(Uzhavar Sandhai ),Coriander(Leaves),I Sort,Local,4000,5000,4500,08/09/2026
Tamil Nadu,Chengalpattu,Chengalpet(Uzhavar Sandhai ),Coriander(Leaves),I Sort,Local,5000,6000,5500,08/09/2026
Tamil Nadu,Coimbatore,Sundarapuram(Uzhavar Sandhai ),Coriander(Leaves),I Sort,Local,3500,4000,3750,08/09/2026
Tamil Nadu,Dindigul,Chinnalapatti(Uzhavar Sandhai ),Coriander(Leaves),I Sort,Local,2500,3000,2750,08/09/2026
Tamil Nadu,Dindigul,Dindigul(Uzhavar Sandhai ),Coriander(Leaves),I Sort,Local,2000,3000,2500,08/09/2026
Tamil Nadu,Madurai,Usilampatti(Uzhavar Sandhai ),Coriander(Leaves),I Sort,Local,7000,7500,7250,08/09/2026
Tamil Nadu,Namakkal,Mohanur(Uzhavar Sandhai ),Coriander(Leaves),I Sort,Local,7000,8000,7500,08/09/2026
Tamil Nadu,Ranipet,Arcot(Uzhavar Sandhai ),Coriander(Leaves),I Sort,Local,2000,2000,2000,08/09/2026
Tamil Nadu,Thiruvannamalai,Tamarainagar(Uzhavar Sandhai ),Coriander(Leaves),I Sort,Local,4000,5000,4500,08/09/2026
Tamil Nadu,Pudukkottai,Gandarvakottai(Uzhavar Sandhai ),Coriander(Leaves),I Sort,Local,4500,5000,4750,08/09/2026
Tamil Nadu,Karur,Velayuthampalayam(Uzhavar Sandhai ),Coriander(Leaves),I Sort,Local,5200,6000,5600,08/09/2026
Tamil Nadu,Theni,Devaram(Uzhavar Sandhai ),Coriander(Leaves),I Sort,Local,2500,2500,2500,08/09/2026
Tamil Nadu,Salem,Elampillai(Uzhavar Sandhai ),Coriander(Leaves),I Sort,Local,2500,3000,2750,08/09/2026
Tamil Nadu,Thirupathur,Natrampalli(Uzhavar Sandhai ),Coriander(Leaves),I Sort,Local,4000,5000,4500,08/09/2026
Tamil Nadu,Pudukkottai,Viralimalai(Uzhavar Sandhai ),Coriander(Leaves),I Sort,Local,4500,5000,4750,08/09/2026
Tamil Nadu,Ramanathapuram,Kamuthi(Uzhavar Sandhai ),Coriander(Leaves),I Sort,Local,6000,6400,6200,08/09/2026
Tamil Nadu,Vellore,Kahithapattarai(Uzhavar Sandhai ),Coriander(Leaves),I Sort,Local,3000,3000,3000,08/09/2026
Tamil Nadu,Ariyalur,Ariyalur(Uzhavar Sandhai),Coriander(Leaves),I Sort,Local,5000,5500,5250,08/09/2026
Tamil Nadu,Tuticorin,Tuticorin(Uzhavar Sandhai ),Coriander(Leaves),I Sort,Local,4500,5000,4750,08/09/2026
Tamil Nadu,Dharmapuri,Harur(Uzhavar Sandhai ),Coriander(Leaves),I Sort,Local,4500,5000,4750,08/09/2026
Tamil Nadu,The Nilgiris,Coonoor(Uzhavar Sandhai ),Coriander(Leaves),I Sort,Local,6500,7000,6750,08/09/2026
Tamil Nadu,The Nilgiris,Gudalur(Uzhavar Sandhai ),Coriander(Leaves),I Sort,Local,6000,7000,6500,08/09/2026
Tamil Nadu,Coimbatore,Pollachi(Uzhavar Sandhai ),Coriander(Leaves),I Sort,Local,4000,4500,4250,08/09/2026
Tamil Nadu,Sivaganga,Karaikudi(Uzhavar Sandhai ),Coriander(Leaves),I Sort,Local,7500,8000,7750,08/09/2026
Tamil Nadu,Chengalpattu,Pallavaram(Uzhavar Sandhai ),Coriander(Leaves),I Sort,Local,5000,6000,5500,08/09/2026
Tamil Nadu,Villupuram,Tindivanam APMC,Coriander(Leaves),I Sort,Local,4000,4000,4000,08/09/2026
Tamil Nadu,Villupuram,Ulundurpettai APMC,Coriander(Leaves),I Sort,Local,6000,6000,6000,08/09/2026
Tamil Nadu,Thanjavur,Kumbakonam (Uzhavar Sandhai ),Coriander(Leaves),I Sort,Local,4200,4200,4200,08/09/2026
Tamil Nadu,The Nilgiris,Udhagamandalam(Uzhavar Sandhai ),Coriander(Leaves),I Sort,Local,6500,7000,6750,08/09/2026
Tamil Nadu,Villupuram,Gingee(Uzhavar Sandhai ),Coriander(Leaves),I Sort,Local,4000,4000,4000,08/09/2026
Tamil Nadu,Virudhunagar,Kariyapatti(Uzhavar Sandhai ),Coriander(Leaves),I Sort,Local,3500,4000,3750,08/09/2026
Tamil Nadu,Dharmapuri,Palacode(Uzhavar Sandhai ),Coriander(Leaves),I Sort,Local,4600,5000,4800,08/09/2026
Tamil Nadu,Namakkal,Namakkal(Uzhavar Sandhai ),Coriander(Leaves),I Sort,Local,11000,12000,11500,08/09/2026
Tamil Nadu,Thiruchirappalli,Thuraiyur APMC,Coriander(Leaves),I Sort,Local,2200,2800,2500,08/09/2026
Tamil Nadu,Thirunelveli,Melapalayam(Uzhavar Sandhai ),Coriander(Leaves),I Sort,Local,3000,3500,3250,08/09/2026
Tamil Nadu,Coimbatore,Sulur(Uzhavar Sandhai ),Coriander(Leaves),I Sort,Local,3600,4000,3800,08/09/2026
Tamil Nadu,Cuddalore,Panruti(Uzhavar Sandhai ),Coriander(Leaves),I Sort,Local,5000,5000,5000,08/09/2026
Tamil Nadu,Karur,Pallapatti (Uzhavar Sandhai ),Coriander(Leaves),I Sort,Local,4500,5000,4750,08/09/2026
Tamil Nadu,Sivaganga,Sivagangai (Uzhavar Sandhai ),Coriander(Leaves),I Sort,Local,7200,7600,7400,08/09/2026
Tamil Nadu,Erode,Thalavadi(Uzhavar Sandhai ),Coriander(Leaves),I Sort,Local,3500,4000,3750,08/09/2026
Tamil Nadu,Nagapattinam,Nagapattinam(Uzhavar Sandhai ),Coriander(Leaves),I Sort,Local,4200,4200,4200,08/09/2026
Tamil Nadu,Pudukkottai,Pudukottai(Uzhavar Sandhai ),Coriander(Leaves),I Sort,Local,4000,5000,4500,08/09/2026
Tamil Nadu,Kallakuruchi,Kallakurichi(Uzhavar Sandhai ),Coriander(Leaves),I Sort,Local,6000,6000,6000,08/09/2026
Tamil Nadu,Coimbatore,Vadavalli(Uzhavar Sandhai ),Coriander(Leaves),I Sort,Local,3500,4000,3750,08/09/2026
Tamil Nadu,Vellore,Vellore APMC,Coriander(Leaves),I Sort,Local,3000,3000,3000,08/09/2026
Tamil Nadu,Namakkal,Tiruchengode APMC,Coriander(Leaves),I Sort,Local,10500,12000,11250,08/09/2026
Tamil Nadu,Thirupur,Tiruppur (South) (Uzhavar Sandhai ),Coriander(Leaves),I Sort,Local,3000,3600,3300,08/09/2026
Tamil Nadu,Kallakuruchi,Sankarapuram(Uzhavar Sandhai ),Coriander(Leaves),I Sort,Local,6000,6000,6000,08/09/2026
Tamil Nadu,Krishnagiri,Denkanikottai(Uzhavar Sandhai ),Coriander(Leaves),I Sort,Local,3500,4000,3750,08/09/2026
Tamil Nadu,Sivaganga,Tirupatthur(Uzhavar Sandhai ),Coriander(Leaves),I Sort,Local,4500,6000,5250,08/09/2026
Tamil Nadu,Thanjavur,Pattukottai(Uzhavar Sandhai ),Coriander(Leaves),I Sort,Local,3400,3400,3400,08/09/2026
Tamil Nadu,Thiruchirappalli,Lalgudi(Uzhavar Sandhai ),Coriander(Leaves),I Sort,Local,3000,3000,3000,08/09/2026
Tamil Nadu,Virudhunagar,Rajapalayam(Uzhavar Sandhai ),Coriander(Leaves),I Sort,Local,4000,4500,4250,08/09/2026
Tamil Nadu,Chengalpattu,Madhuranthagam(Uzhavar Sandhai ),Coriander(Leaves),I Sort,Local,4000,4000,4000,08/09/2026
Tamil Nadu,Chengalpattu,Medavakkam(Uzhavar Sandhai ),Coriander(Leaves),I Sort,Local,3000,4000,3500,08/09/2026
Tamil Nadu,Chengalpattu,Nanganallur(Uzhavar Sandhai ),Coriander(Leaves),I Sort,Local,2500,3000,2750,08/09/2026
Tamil Nadu,Erode,Gobichettipalayam(Uzhavar Sandhai ),Coriander(Leaves),I Sort,Local,5200,5500,5350,08/09/2026
Tamil Nadu,Thiruvannamalai,Tiruvannamalai(Uzhavar Sandhai ),Coriander(Leaves),I Sort,Local,4000,5000,4500,08/09/2026
Tamil Nadu,Thiruvellore,Paruthipattu(Uzhavar Sandhai ),Coriander(Leaves),I Sort,Local,6000,6000,6000,08/09/2026
Tamil Nadu,Tuticorin,Kovilpatti(Uzhavar Sandhai ),Coriander(Leaves),I Sort,Local,3500,4000,3750,08/09/2026
Tamil Nadu,Vellore,Gudiyatham(Uzhavar Sandhai ),Coriander(Leaves),I Sort,Local,5000,5000,5000,08/09/2026
Tamil Nadu,Thanjavur,Papanasam(Uzhavar Sandhai ),Coriander(Leaves),I Sort,Local,3600,3600,3600,08/09/2026
Tamil Nadu,Madurai,Anna nagar(Uzhavar Sandhai ),Coriander(Leaves),I Sort,Local,3000,3000,3000,08/09/2026
Tamil Nadu,Salem,Ammapet(Uzhavar Sandhai ),Coriander(Leaves),I Sort,Local,3200,3600,3400,08/09/2026
Tamil Nadu,Salem,Sooramangalam(Uzhavar Sandhai ),Coriander(Leaves),I Sort,Local,3400,3600,3500,08/09/2026
Tamil Nadu,Theni,Kambam(Uzhavar Sandhai ),Coriander(Leaves),I Sort,Local,2500,2500,2500,08/09/2026
Tamil Nadu,Theni,Theni(Uzhavar Sandhai ),Coriander(Leaves),I Sort,Local,2500,2500,2500,08/09/2026
Tamil Nadu,Thirunelveli,Palayamkottai(Uzhavar Sandhai ),Coriander(Leaves),I Sort,Local,3000,3500,3250,08/09/2026
Tamil Nadu,Thirupur,Kangayam(Uzhavar Sandhai ),Coriander(Leaves),I Sort,Local,3500,4000,3750,08/09/2026
Tamil Nadu,Karur,Vengamedu(Uzhavar Sandhai ),Coriander(Leaves),I Sort,Local,5500,6000,5750,08/09/2026
Tamil Nadu,Salem,Attayampatti(Uzhavar Sandhai ),Coriander(Leaves),I Sort,Local,2000,2400,2200,08/09/2026
Tamil Nadu,Sivaganga,Devakottai (Uzhavar Sandhai ),Coriander(Leaves),I Sort,Local,4400,5800,5100,08/09/2026
Tamil Nadu,Erode,Sampath Nagar(Uzhavar Sandhai ),Coriander(Leaves),I Sort,Local,3200,3600,3400,08/09/2026
Tamil Nadu,Pudukkottai,Ponnamaravathi(Uzhavar Sandhai),Coriander(Leaves),I Sort,Local,4500,5000,4750,08/09/2026
Tamil Nadu,Ramanathapuram,Paramakudi(Uzhavar Sandhai ),Coriander(Leaves),I Sort,Local,5500,6000,5750,08/09/2026
Tamil Nadu,Ramanathapuram,Ramanathapuram(Uzhavar Sandhai ),Coriander(Leaves),I Sort,Local,6500,7000,6750,08/09/2026
Tamil Nadu,Thiruvannamalai,Arani(Uzhavar Sandhai ),Coriander(Leaves),I Sort,Local,4000,5000,4500,08/09/2026
Tamil Nadu,Thiruvarur,Mannargudi II(Uzhavar Sandhai ),Coriander(Leaves),I Sort,Local,3500,3500,3500,08/09/2026
Tamil Nadu,Karur,Kulithalai(Uzhavar Sandhai ),Coriander(Leaves),I Sort,Local,2500,3000,2750,08/09/2026
Tamil Nadu,Salem,Athur(Uzhavar Sandhai ),Coriander(Leaves),I Sort,Local,2500,3000,2750,08/09/2026
Tamil Nadu,Coimbatore,Udumalpet APMC,Coriander(Leaves),I Sort,Local,5000,5500,5250,08/09/2026
Tamil Nadu,Erode,Sathiyamagalam(Uzhavar Sandhai ),Coriander(Leaves),I Sort,Local,4500,5000,4750,08/09/2026
Tamil Nadu,Coimbatore,RSPuram(Uzhavar Sandhai ),Coriander(Leaves),I Sort,Local,3500,4000,3750,08/09/2026
Tamil Nadu,Erode,Perundurai(Uzhavar Sandhai ),Coriander(Leaves),I Sort,Local,4000,4500,4250,08/09/2026
Tamil Nadu,Dindigul,Palani(Uzhavar Sandhai ),Coriander(Leaves),I Sort,Local,4500,5000,4750,08/09/2026
Tamil Nadu,Erode,Periyar Nagar(Uzhavar Sandhai ),Coriander(Leaves),I Sort,Local,3200,3600,3400,08/09/2026
Tamil Nadu,Krishnagiri,Avallapalli(Uzhavar Sandhai ),Coriander(Leaves),I Sort,Local,5500,6000,5750,08/09/2026
Tamil Nadu,Dharmapuri,Karimangalam(Uzhavar Sandhai),Coriander(Leaves),I Sort,Local,4500,5000,4750,08/09/2026
Tamil Nadu,Krishnagiri,Hosur(Uzhavar Sandhai ),Coriander(Leaves),I Sort,Local,5500,6000,5750,08/09/2026
Tamil Nadu,Karur,Karur(Uzhavar Sandhai ),Coriander(Leaves),I Sort,Local,5500,6000,5750,08/09/2026
Tamil Nadu,Vellore,Thirupathur APMC,Coriander(Leaves),I Sort,Local,4000,4000,4000,08/09/2026
Tamil Nadu,Krishnagiri,Krishnagiri(Uzhavar Sandhai ),Coriander(Leaves),I Sort,Local,1500,2000,1750,08/09/2026
Tamil Nadu,Tenkasi,Tenkasi(Uzhavar Sandhai ),Coriander(Leaves),I Sort,Local,2500,2500,2500,08/09/2026
Tamil Nadu,Theni,Bodinayakanur(Uzhavar Sandhai ),Coriander(Leaves),I Sort,Local,2500,2500,2500,08/09/2026
Tamil Nadu,Thiruvarur,Needamangalam(Uzhavar Sandhai ),Coriander(Leaves),I Sort,Local,3500,3500,3500,08/09/2026
Tamil Nadu,Vellore,Katpadi (Uzhavar Sandhai ),Coriander(Leaves),I Sort,Local,3500,3500,3500,08/09/2026
Tamil Nadu,Madurai,Melur(Uzhavar Sandhai ),Coriander(Leaves),I Sort,Local,7000,7500,7250,08/09/2026
Tamil Nadu,Karur,Gandhigramam(Uzhavar Sandhai),Coriander(Leaves),I Sort,Local,5500,6000,5750,08/09/2026
Tamil Nadu,Salem,Jalagandapuram(Uzhavar Sandhai ),Coriander(Leaves),I Sort,Local,1600,1800,1700,08/09/2026
Tamil Nadu,Thiruchirappalli,Musiri(Uzhavar Sandhai ),Coriander(Leaves),I Sort,Local,2600,3000,2800,08/09/2026
Tamil Nadu,Chengalpattu,Jameenrayapettai(Uzhavar Sandhai ),Coriander(Leaves),I Sort,Local,5000,6000,5500,08/09/2026
Tamil Nadu,Nagapattinam,Sirkali(Uzhavar Sandhai ),Coriander(Leaves),I Sort,Local,3500,4000,3750,08/09/2026
Tamil Nadu,Namakkal,Paramathivelur(Uzhavar Sandhai ),Coriander(Leaves),I Sort,Local,7000,8000,7500,08/09/2026
Tamil Nadu,Namakkal,Rasipuram(Uzhavar Sandhai ),Coriander(Leaves),I Sort,Local,9500,10000,9750,08/09/2026
Tamil Nadu,Perambalur,Perambalur(Uzhavar Sandhai ),Coriander(Leaves),I Sort,Local,3000,3000,3000,08/09/2026
Tamil Nadu,Salem,Mecheri(Uzhavar Sandhai),Coriander(Leaves),I Sort,Local,1500,2000,1750,08/09/2026
Tamil Nadu,Ranipet,Ranipettai(Uzhavar Sandhai ),Coriander(Leaves),I Sort,Local,3000,3000,3000,08/09/2026
Tamil Nadu,Salem,Mettur(Uzhavar Sandhai ),Coriander(Leaves),I Sort,Local,3500,4000,3750,08/09/2026
Tamil Nadu,Theni,Chinnamanur(Uzhavar Sandhai ),Coriander(Leaves),I Sort,Local,2500,2500,2500,08/09/2026
Tamil Nadu,Thirunelveli,Ambasamudram(Uzhavar Sandhai ),Coriander(Leaves),I Sort,Local,3300,4000,3650,08/09/2026
Tamil Nadu,Salem,Edapadi (Uzhavar Sandhai ),Coriander(Leaves),I Sort,Local,1800,2000,1900,08/09/2026
Tamil Nadu,Salem,Hasthampatti(Uzhavar Sandhai ),Coriander(Leaves),I Sort,Local,1800,2000,1900,08/09/2026
Tamil Nadu,Coimbatore,Kurichi(Uzhavar Sandhai ),Coriander(Leaves),I Sort,Local,3000,3500,3250,08/09/2026
Tamil Nadu,Cuddalore,Cuddalore(Uzhavar Sandhai ),Coriander(Leaves),I Sort,Local,4000,4000,4000,08/09/2026
Tamil Nadu,Pudukkottai,Karambakkudi(Uzhavar Sandhai ),Coriander(Leaves),I Sort,Local,4500,5000,4750,08/09/2026
Tamil Nadu,Krishnagiri,Kaveripattinam(Uzhavar Sandhai ),Coriander(Leaves),I Sort,Local,5000,5000,5000,08/09/2026
Tamil Nadu,Coimbatore,Mettupalayam(Uzhavar Sandhai ),Coriander(Leaves),I Sort,Local,4000,4500,4250,08/09/2026
Tamil Nadu,Coimbatore,Singanallur(Uzhavar Sandhai ),Coriander(Leaves),I Sort,Local,3600,4000,3800,08/09/2026
Tamil Nadu,Vellore,Pallikonda(Uzhavar Sandhai),Coriander(Leaves),I Sort,Local,3000,3000,3000,08/09/2026
Tamil Nadu,Villupuram,Villupuram(Uzhavar Sandhai ),Coriander(Leaves),I Sort,Local,5000,5000,5000,08/09/2026
Tamil Nadu,Thiruvannamalai,Cheyyar(Uzhavar Sandhai ),Coriander(Leaves),I Sort,Local,4000,5000,4500,08/09/2026
Tamil Nadu,Thanjavur,Thanjavur(Uzhavar Sandhai ),Coriander(Leaves),I Sort,Local,3500,3500,3500,08/09/2026
Tamil Nadu,Thiruchirappalli,KKNagar(Uzhavar Sandhai ),Coriander(Leaves),I Sort,Local,3000,3000,3000,08/09/2026
Tamil Nadu,Thiruchirappalli,Manapparai(Uzhavar Sandhai ),Coriander(Leaves),I Sort,Local,3000,3000,3000,08/09/2026
Tamil Nadu,Thiruchirappalli,Thiruverumbur(Uzhavar Sandhai ),Coriander(Leaves),I Sort,Local,3000,3000,3000,08/09/2026
Tamil Nadu,Virudhunagar,Sathur(Uzhavar Sandhai ),Coriander(Leaves),I Sort,Local,5500,6000,5750,08/09/2026
Tamil Nadu,Virudhunagar,Thalavaipuram(Uzhavar Sandhai ),Coriander(Leaves),I Sort,Local,4000,4500,4250,08/09/2026
Tamil Nadu,Thiruvellore,Tiruthani(Uzhavar Sandhai ),Coriander(Leaves),I Sort,Local,5000,5000,5000,08/09/2026
Tamil Nadu,Salem,Vazhapadi(Uzhavar Sandhai),Coriander(Leaves),I Sort,Local,4000,5000,4500,08/09/2026
Tamil Nadu,Pudukkottai,Aranthangi(Uzhavar Sandhai ),Coriander(Leaves),I Sort,Local,4500,5000,4750,08/09/2026
Tamil Nadu,Vellore,Perampet(Uzhavar Sandhai),Coriander(Leaves),I Sort,Local,5000,5000,5000,08/09/2026
Tamil Nadu,Chengalpattu,Guduvancheri(Uzhavar Sandhai ),Coriander(Leaves),I Sort,Local,5000,6000,5500,08/09/2026
Tamil Nadu,Thirupur,Dharapuram(Uzhavar Sandhai ),Coriander(Leaves),I Sort,Local,4000,4000,4000,08/09/2026
Tamil Nadu,Thirupur,Palladam(Uzhavar Sandhai ),Coriander(Leaves),I Sort,Local,3500,4000,3750,08/09/2026
Tamil Nadu,Dharmapuri,Dharmapuri(Uzhavar Sandhai ),Coriander(Leaves),I Sort,Local,4700,5000,4850,08/09/2026
Tamil Nadu,Dharmapuri,Pennagaram(Uzhavar Sandhai ),Coriander(Leaves),I Sort,Local,5500,6000,5750,08/09/2026
Tamil Nadu,Kancheepuram,Padappai(Uzhavar Sandhai ),Coriander(Leaves),I Sort,Local,3000,4000,3500,08/09/2026
Tamil Nadu,Madurai,Anaiyur(Uzhavar Sandhai ),Coriander(Leaves),I Sort,Local,7000,7500,7250,08/09/2026
Tamil Nadu,Namakkal,Kumarapalayam(Uzhavar Sandhai ),Coriander(Leaves),I Sort,Local,7000,8000,7500,08/09/2026
Tamil Nadu,Madurai,Palanganatham(Uzhavar Sandhai ),Coriander(Leaves),I Sort,Local,7000,7500,7250,08/09/2026
Tamil Nadu,Salem,Thammampatti (Uzhavar Sandhai ),Coriander(Leaves),I Sort,Local,3000,3500,3250,08/09/2026
Tamil Nadu,Salem,Thathakapatti(Uzhavar Sandhai ),Coriander(Leaves),I Sort,Local,3500,4000,3750,08/09/2026
Tamil Nadu,Thirunelveli,Kandiyaperi(Uzhavar Sandhai ),Coriander(Leaves),I Sort,Local,3000,3500,3250,08/09/2026
Tamil Nadu,Thirunelveli,NGO Colony(Uzhavar Sandhai ),Coriander(Leaves),I Sort,Local,2800,3500,3150,08/09/2026
Tamil Nadu,Thirupur,Tiruppur (North) (Uzhavar Sandhai ),Coriander(Leaves),I Sort,Local,3500,4000,3750,08/09/2026
Tamil Nadu,Thiruvannamalai,Chengam(Uzhavar Sandhai ),Coriander(Leaves),I Sort,Local,3300,4000,3650,08/09/2026
Tamil Nadu,Thiruvannamalai,Vandavasi(Uzhavar Sandhai ),Coriander(Leaves),I Sort,Local,4000,5000,4500,08/09/2026
Tamil Nadu,Thiruvarur,Muthupettai(Uzhavar Sandhai ),Coriander(Leaves),I Sort,Local,3500,3500,3500,08/09/2026
Tamil Nadu,Cuddalore,Vadalur(Uzhavar Sandhai ),Coriander(Leaves),I Sort,Local,4000,4000,4000,08/09/2026
Tamil Nadu,Dharmapuri,AJattihalli(Uzhavar Sandhai ),Coriander(Leaves),I Sort,Local,4500,5000,4750,08/09/2026
Madhya Pradesh,Neemuch,Neemuch APMC,Coriander(Leaves),Coriander,Non-FAQ,4000,11500,11500,08/09/2026
Madhya Pradesh,Rajgarh,Biaora APMC,Coriander(Leaves),Coriander,FAQ,10950,14700,14700,08/09/2026
Madhya Pradesh,Dhar,Kukshi(F&V) APMC,Coriander(Leaves),Coriander,Grade A,1000,1500,1200,08/09/2026
Madhya Pradesh,Shajapur,Shujalpur APMC,Coriander(Leaves),Coriander,FAQ,13011,13011,13011,08/09/2026
Madhya Pradesh,Guna,Binaganj APMC,Coriander(Leaves),Coriander,FAQ,13250,14725,14725,08/09/2026
Madhya Pradesh,Neemuch,Neemuch APMC,Coriander(Leaves),Coriander,FAQ,11600,14801,14580,08/09/2026
Madhya Pradesh,Mandsaur,Shamgarh APMC,Coriander(Leaves),Coriander,Non-FAQ,11650,15100,13600,08/09/2026
Madhya Pradesh,Hoshangabad,Pipariya(F&V) APMC,Coriander(Leaves),Coriander,Local,800,2000,1500,08/09/2026
Madhya Pradesh,Ashoknagar,Ashoknagar APMC,Coriander(Leaves),Coriander,FAQ,13725,14500,14500,08/09/2026
Madhya Pradesh,Shajapur,Agar APMC,Coriander(Leaves),Coriander,FAQ,9900,14675,14400,08/09/2026
Madhya Pradesh,Rajgarh,Narsinghgarh APMC,Coriander(Leaves),Coriander,FAQ,10300,15000,15000,08/09/2026
Madhya Pradesh,Shajapur,Nalkehda APMC,Coriander(Leaves),Coriander,FAQ,11875,13600,13600,08/09/2026
Madhya Pradesh,Ujjain,Ujjain(F&V) APMC,Coriander(Leaves),Coriander,Medium,750,2535,1863,08/09/2026
Madhya Pradesh,Katni,Katni(F&V) APMC,Coriander(Leaves),Other,Grade C,1000,1500,1083.33,08/09/2026
Madhya Pradesh,Mandsaur,Piplya APMC,Coriander(Leaves),Coriander,FAQ,10000,10000,10000,08/09/2026
Madhya Pradesh,Mandsaur,Mandsaur APMC,Coriander(Leaves),Coriander,Non-FAQ,3001,15599,13400,08/09/2026
Madhya Pradesh,Rajgarh,Jeerapur APMC,Coriander(Leaves),Coriander,FAQ,8000,13225,13225,08/09/2026
Madhya Pradesh,Morena,Kailaras APMC,Coriander(Leaves),Coriander,FAQ,2000,3500,2000,08/09/2026
Madhya Pradesh,Guna,Kumbhraj APMC,Coriander(Leaves),Coriander,FAQ,9300,15900,14950,08/09/2026
Madhya Pradesh,Guna,Guna APMC,Coriander(Leaves),Coriander,FAQ,2800,16350,14725,08/09/2026
Madhya Pradesh,Hoshangabad,Hoshangabad(F&V) APMC,Coriander(Leaves),Coriander,FAQ,630,1280,740,08/09/2026
Madhya Pradesh,Indore,Indore(F&V) APMC,Coriander(Leaves),Coriander,Local,400,1000,600,08/09/2026
Maharashtra,Pune,Pune(Khadiki) ,Coriander(Leaves),Other,Local,2,4,3,08/09/2026
Maharashtra,Nagpur,APMC Kalmeshwar ,Coriander(Leaves),Other,Local,2060,2500,2340,08/09/2026
Maharashtra,Solapur,APMC Solapur ,Coriander(Leaves),Other,Local,400,1000,700,08/09/2026
Maharashtra,Chandrapur,Chandrapur(Ganjwad) ,Coriander(Leaves),Other,Local,1000,3000,1500,08/09/2026
Maharashtra,Nagpur,APMC Kamthi ,Coriander(Leaves),Other,Local,2500,3000,2750,08/09/2026
Maharashtra,Kolhapur,APMC Kolhapur ,Coriander(Leaves),Other,Local,2000,4000,3000,08/09/2026
Maharashtra,Pune,APMC Pune ,Coriander(Leaves),Other,Local,4,10,7,08/09/2026
Maharashtra,Pune,Pune(Moshi) ,Coriander(Leaves),Other,Local,10,10,10,08/09/2026
Maharashtra,Amarawati,Amrawati(Frui & Veg. Market) ,Coriander(Leaves),Other,Local,1000,2000,1500,08/09/2026
Maharashtra,Jalgaon,APMC Jalgaon ,Coriander(Leaves),Other,Local,1000,2500,1800,08/09/2026
Maharashtra,Nagpur,APMC Hingna,Coriander(Leaves),Other,Local,1500,5000,3031,08/09/2026
Maharashtra,Satara,APMC Patan ,Coriander(Leaves),Other,Local,7,9,8,08/09/2026
Maharashtra,Chattrapati Sambhajinagar,APMC Chattrapati Sambhajinagar ,Coriander(Leaves),Other,Local,400,500,450,08/09/2026
Maharashtra,Jalgaon,APMC Bhusaval ,Coriander(Leaves),Other,Local,2000,2500,2200,08/09/2026
Maharashtra,Pune,Pune(Manjri) ,Coriander(Leaves),Other,Local,2,7,5,08/09/2026
Maharashtra,Mumbai,APMC Mumbai ,Coriander(Leaves),Other,Local,600,1200,900,08/09/2026
Maharashtra,Nagpur,APMC Nagpur ,Coriander(Leaves),Other,Local,1500,4000,3375,08/09/2026
Maharashtra,Pune,Pune(Pimpri) ,Coriander(Leaves),Other,Local,3,7,5,08/09/2026
Uttar Pradesh,Kanpur,Choubepur APMC,Coriander(Leaves),Other,FAQ,16666.7,16666.7,16666.7,08/09/2026
Rajasthan,Jaipur,Jaipur (F&V) APMC,Coriander(Leaves),Coriander,FAQ,1000,2000,1500,08/09/2026
Rajasthan,Jalore,Jalore APMC,Coriander(Leaves),Coriander,Local,2500,2700,2600,08/09/2026
Rajasthan,Dungarpur,Dungarpur APMC,Coriander(Leaves),Coriander,Medium,1900,2200,2000,08/09/2026
Rajasthan,Ganganagar,Sriganganagar (F&V) APMC,Coriander(Leaves),Coriander,Grade B,7500,7900,7700,08/09/2026
Gujarat,Navsari,Navsari APMC,Coriander(Leaves),Coriander,Local,2500,2750,2625,08/09/2026
Gujarat,Rajkot,Rajkot(Veg.Sub Yard) APMC,Coriander(Leaves),Coriander,FAQ,715,975,845,08/09/2026
Gujarat,Dahod,Dahod(Veg. Market) APMC,Coriander(Leaves),Coriander,Local,400,2000,1000,08/09/2026
Gujarat,Amreli,Damnagar APMC,Coriander(Leaves),Coriander,Local,3000,3000,3000,08/09/2026
Haryana,Ambala,Naraingarh APMC,Coriander(Leaves),Coriander,Medium,2000,4000,3500,08/09/2026
Haryana,Mahendragarh-Narnaul,Mohindergarh APMC,Coriander(Leaves),Coriander,Medium,4000,5000,5000,08/09/2026
Haryana,Panchkula,Raipur Rani APMC,Coriander(Leaves),Coriander,Local,3300,3500,3300,08/09/2026
Haryana,Sonipat,Ganaur APMC,Coriander(Leaves),Coriander,Medium,6000,7000,6500,08/09/2026
Haryana,Mahendragarh-Narnaul,Narnaul APMC,Coriander(Leaves),Coriander,Medium,8000,9000,9000,08/09/2026
Punjab,Jalandhar,Jalandhar City(Jalandhar) APMC,Coriander(Leaves),Coriander,FAQ,4000,6000,5000,08/09/2026
Punjab,Ludhiana,Doraha APMC,Coriander(Leaves),Coriander,Local,4000,6000,5000,08/09/2026
Punjab,Nawanshahr,Balachaur APMC,Coriander(Leaves),Other,Medium,5000,5000,5000,08/09/2026
Punjab,Sangrur,Malerkotla APMC,Coriander(Leaves),Coriander,Local,5000,8000,7000,08/09/2026
Punjab,Fatehgarh,Bassi Pathana APMC,Coriander(Leaves),Coriander,Medium,7000,7500,7300,08/09/2026
Himachal Pradesh,Mandi,SMY Dhanotu,Coriander(Leaves),Coriander,FAQ,5000,10000,7500,08/09/2026
Himachal Pradesh,Kangra,SMY Palampur,Coriander(Leaves),Coriander,FAQ,10000,14000,12000,08/09/2026
Himachal Pradesh,Kullu,SMY Bhuntar,Coriander(Leaves),Other,FAQ,3500,4000,3800,08/09/2026
Himachal Pradesh,Una,PMY Una,Coriander(Leaves),Coriander,Local,10000,11000,10500,08/09/2026
Himachal Pradesh,Kullu,PMY Kullu,Coriander(Leaves),Other,FAQ,7000,8000,7500,08/09/2026
Himachal Pradesh,Shimla,SMY Rohroo,Coriander(Leaves),Coriander,Grade B,8000,9000,8500,08/09/2026
Himachal Pradesh,Solan,PMY Kather Solan,Coriander(Leaves),Other,Medium,2500,4000,2800,08/09/2026
Tamil Nadu,Virudhunagar,Aruppukottai(Uzhavar Sandhai ),Soyabean,Local,Local,8000,10000,9000,08/09/2026
Tamil Nadu,Virudhunagar,Kariyapatti(Uzhavar Sandhai ),Soyabean,Local,Local,9000,10000,9500,08/09/2026
Tamil Nadu,Ramanathapuram,Paramakudi(Uzhavar Sandhai ),Soyabean,Local,Local,9000,10000,9500,08/09/2026
Tamil Nadu,Theni,Chinnamanur(Uzhavar Sandhai ),Soyabean,Local,Local,11000,11000,11000,08/09/2026
Tamil Nadu,Ramanathapuram,Ramanathapuram(Uzhavar Sandhai ),Soyabean,Local,Local,9000,9500,9250,08/09/2026
Tamil Nadu,Dindigul,Dindigul(Uzhavar Sandhai ),Soyabean,Local,Local,10000,12000,11000,08/09/2026
Tamil Nadu,Theni,Theni(Uzhavar Sandhai ),Soyabean,Local,Local,10000,10000,10000,08/09/2026
Tamil Nadu,Theni,Andipatti(Uzhavar Sandhai ),Soyabean,Local,Local,9000,10000,9500,08/09/2026
Madhya Pradesh,Khargone,Khargone APMC,Soyabean,Yellow,FAQ,4115,4115,4115,08/09/2026
Madhya Pradesh,Khargone,Khargone APMC,Soyabean,Soyabeen,FAQ,5250,5780,5780,08/09/2026
Madhya Pradesh,Hoshangabad,Banapura APMC,Soyabean,Yellow,FAQ,4500,4601,4601,08/09/2026
Madhya Pradesh,Bhopal,Berasia APMC,Soyabean,Yellow,FAQ,4405,6050,4600,08/09/2026
Madhya Pradesh,Ujjain,Tarana APMC,Soyabean,Soyabeen,FAQ,3901,6015,6015,08/09/2026
Madhya Pradesh,Dewas,Sonkatch APMC,Soyabean,Soyabeen,FAQ,3000,6130,5981,08/09/2026
Madhya Pradesh,Chhatarpur,Badamalhera APMC,Soyabean,Soyabeen,FAQ,4648,4789,4789,08/09/2026
Madhya Pradesh,Raisen,Gairatganj APMC,Soyabean,Soyabeen,Non-FAQ,5605,5605,5605,08/09/2026
Madhya Pradesh,Rajgarh,Khilchipur APMC,Soyabean,Soyabeen,FAQ,5455,5740,5740,08/09/2026
Madhya Pradesh,Harda,Khirakiya APMC,Soyabean,Yellow,Non-FAQ,2750,5965,5965,08/09/2026
Madhya Pradesh,Narsinghpur,Gadarwada APMC,Soyabean,Soyabeen,Non-FAQ,4332,4800,4800,08/09/2026
Madhya Pradesh,Narsinghpur,Kareli APMC,Soyabean,Soyabeen,FAQ,5400,5454,5454,08/09/2026
Madhya Pradesh,Narsinghpur,Narsinghpur APMC,Soyabean,Yellow,FAQ,4500,5500,5500,08/09/2026
Madhya Pradesh,Indore,Sanwer APMC,Soyabean,Soyabeen,FAQ,4951,5913,5913,08/09/2026
Madhya Pradesh,Shajapur,Kalapipal APMC,Soyabean,Yellow,FAQ,3500,5995,5390,08/09/2026
Madhya Pradesh,Shajapur,Berachha APMC,Soyabean,Soyabeen,FAQ,5128,5800,5800,08/09/2026
Madhya Pradesh,Guna,Maksudangarh APMC,Soyabean,Soyabeen,FAQ,5000,5520,5520,08/09/2026
Madhya Pradesh,Damoh,Damoh APMC,Soyabean,Soyabeen,FAQ,5400,5910,5910,08/09/2026
Madhya Pradesh,Khandwa,Harsood APMC,Soyabean,Yellow,FAQ,5000,6000,6000,08/09/2026
Madhya Pradesh,Dewas,Loharda APMC,Soyabean,Soyabeen,FAQ,4715,5021,5021,08/09/2026
Madhya Pradesh,Rajgarh,Sarangpur APMC,Soyabean,Yellow,Non-FAQ,5701,5701,5701,08/09/2026
Madhya Pradesh,Jabalpur,Paatan APMC,Soyabean,Soyabeen,FAQ,4555,4555,4555,08/09/2026
Madhya Pradesh,Neemuch,Neemuch APMC,Soyabean,Soyabeen,FAQ,1200,5981,5940,08/09/2026
Madhya Pradesh,Dhar,Dhar APMC,Soyabean,Soyabeen,FAQ,1974,6042,5800,08/09/2026
Madhya Pradesh,Burhanpur,Burhanpur APMC,Soyabean,Soyabeen,FAQ,4850,4950,4950,08/09/2026
Madhya Pradesh,Jhabua,Jhabua APMC,Soyabean,Soyabeen,FAQ,5465,5625,5475,08/09/2026
Madhya Pradesh,Shajapur,Nalkehda APMC,Soyabean,Soyabeen,FAQ,3200,5835,5835,08/09/2026
Madhya Pradesh,Dhar,Dhamnod APMC,Soyabean,Soyabeen,FAQ,5705,5740,5740,08/09/2026
Madhya Pradesh,Dewas,Khategaon APMC,Soyabean,Soyabeen,FAQ,4300,6100,4850,08/09/2026
Madhya Pradesh,Shajapur,Agar APMC,Soyabean,Soyabeen,FAQ,4695,6040,5934,08/09/2026
Madhya Pradesh,Damoh,Patharia APMC,Soyabean,Soyabeen,FAQ,5680,5850,5850,08/09/2026
Madhya Pradesh,Khandwa,Mundi APMC,Soyabean,Soyabeen,FAQ,5680,5770,5770,08/09/2026
Madhya Pradesh,Rajgarh,Pachaur APMC,Soyabean,Soyabeen,FAQ,3400,5825,5785,08/09/2026
Madhya Pradesh,Dewas,Haatpipliya APMC,Soyabean,Soyabeen,Non-FAQ,2901,5931,5930,08/09/2026
Madhya Pradesh,Shivpuri,Shivpuri APMC,Soyabean,Soyabeen,FAQ,5380,5380,5380,08/09/2026
Madhya Pradesh,Sagar,Sagar APMC,Soyabean,Soyabeen,FAQ,4700,6055,6010,08/09/2026
Madhya Pradesh,Tikamgarh,Tikamgarh APMC,Soyabean,Soyabeen,FAQ,5750,5750,5750,08/09/2026
Madhya Pradesh,Narsinghpur,Gadarwada APMC,Soyabean,Soyabeen,FAQ,5200,5550,5200,08/09/2026
Madhya Pradesh,Vidisha,Sironj APMC,Soyabean,Soyabeen,FAQ,5200,6000,5700,08/09/2026
Madhya Pradesh,Harda,Timarni APMC,Soyabean,Soyabeen,FAQ,4701,4701,4701,08/09/2026
Madhya Pradesh,Dhar,Rajgarh APMC,Soyabean,Yellow,FAQ,3200,5826,5812,08/09/2026
Madhya Pradesh,Alirajpur,Alirajpur APMC,Soyabean,Soyabeen,FAQ,2505,5210,5200,08/09/2026
Madhya Pradesh,Shajapur,Maksi APMC,Soyabean,Yellow,FAQ,5722,5722,5722,08/09/2026
Madhya Pradesh,Guna,Binaganj APMC,Soyabean,Soyabeen,FAQ,3850,5510,5510,08/09/2026
Madhya Pradesh,Shivpuri,Barad APMC,Soyabean,Soyabeen,FAQ,4806,5675,5675,08/09/2026
Madhya Pradesh,Indore,Indore APMC,Soyabean,Soyabeen,FAQ,1305,8484,5980,08/09/2026
Madhya Pradesh,Dewas,Dewas APMC,Soyabean,Soyabeen,FAQ,1630,6131,6010,08/09/2026
Madhya Pradesh,Vidisha,Vidisha APMC,Soyabean,Soyabeen,FAQ,4700,6000,5844,08/09/2026
Madhya Pradesh,Khandwa,Khandwa APMC,Soyabean,Soyabeen,FAQ,5250,5700,5700,08/09/2026
Madhya Pradesh,Rajgarh,Jeerapur APMC,Soyabean,Soyabeen,FAQ,4125,6100,6100,08/09/2026
Madhya Pradesh,Ujjain,Mahidpur APMC,Soyabean,Soyabeen,FAQ,4345,5905,5800,08/09/2026
Madhya Pradesh,Shajapur,Akodiya APMC,Soyabean,Soyabeen,FAQ,4713,5740,5740,08/09/2026
Madhya Pradesh,Sehore,Jawar APMC,Soyabean,Soyabeen,FAQ,3500,5914,5914,08/09/2026
Madhya Pradesh,Mandsaur,Piplya APMC,Soyabean,Soyabeen,FAQ,1400,6033,5650,08/09/2026
Madhya Pradesh,Mandsaur,Sitmau APMC,Soyabean,Yellow,FAQ,3750,5862,5660,08/09/2026
Madhya Pradesh,Ratlam,Jaora APMC,Soyabean,Soyabeen,FAQ,3750,6214,6000,08/09/2026
Madhya Pradesh,Ratlam,Sailana APMC,Soyabean,Soyabeen,FAQ,3313,5886,5851,08/09/2026
Madhya Pradesh,Ujjain,Ujjain APMC,Soyabean,Soyabeen,FAQ,2450,6000,5500,08/09/2026
Madhya Pradesh,Ashoknagar,Ashoknagar APMC,Soyabean,Soyabeen,FAQ,4235,5870,5870,08/09/2026
Madhya Pradesh,Sehore,Ashta APMC,Soyabean,Soyabeen,FAQ,3520,6091,5961,08/09/2026
Madhya Pradesh,Mandsaur,Mandsaur APMC,Soyabean,Soyabeen,Non-FAQ,600,6100,6000,08/09/2026
Madhya Pradesh,Indore,Mhow APMC,Soyabean,Soyabeen,FAQ,1501,5968,5841,08/09/2026
Madhya Pradesh,Ujjain,Nagda APMC,Soyabean,Soyabeen,Non-FAQ,4400,5570,5570,08/09/2026
Madhya Pradesh,Neemuch,Manasa APMC,Soyabean,Soyabeen,FAQ,2190,6067,5700,08/09/2026
Madhya Pradesh,Sagar,Garhakota APMC,Soyabean,Soyabeen,Non-FAQ,5105,5105,5105,08/09/2026
Madhya Pradesh,Guna,Kumbhraj APMC,Soyabean,Soyabeen,FAQ,4600,5360,5360,08/09/2026
Madhya Pradesh,Sagar,Khurai APMC,Soyabean,Soyabeen,FAQ,4500,6000,6000,08/09/2026
Madhya Pradesh,Sehore,Ichhawar APMC,Soyabean,Soyabeen,FAQ,5770,5966,5800,08/09/2026
Madhya Pradesh,Rajgarh,Biaora APMC,Soyabean,Soyabeen,FAQ,4000,5800,5400,08/09/2026
Madhya Pradesh,Sagar,Bina APMC,Soyabean,Soyabeen,FAQ,4501,5758,5500,08/09/2026
Madhya Pradesh,Indore,Sanwer APMC,Soyabean,Soyabeen,Non-FAQ,5851,5851,5851,08/09/2026
Madhya Pradesh,Alirajpur,Jobat APMC,Soyabean,Soyabeen,FAQ,5810,5825,5825,08/09/2026
Madhya Pradesh,Shajapur,Shajapur APMC,Soyabean,Soyabeen,FAQ,3232,5961,5695,08/09/2026
Madhya Pradesh,Guna,Guna APMC,Soyabean,Soyabeen,FAQ,5540,5810,5810,08/09/2026
Madhya Pradesh,Ujjain,Badnagar APMC,Soyabean,Yellow,FAQ,2600,6138,5900,08/09/2026
Madhya Pradesh,Raisen,Begamganj APMC,Soyabean,Soyabeen,Non-FAQ,5395,5570,5570,08/09/2026
Madhya Pradesh,Rajgarh,Khujner APMC,Soyabean,Soyabeen,FAQ,5655,5835,5825,08/09/2026
Madhya Pradesh,Shivpuri,Pohari APMC,Soyabean,Soyabeen,FAQ,5495,5565,5495,08/09/2026
Madhya Pradesh,Jabalpur,Jabalpur APMC,Soyabean,Soyabeen,FAQ,5000,5000,5000,08/09/2026
Madhya Pradesh,Chhindwara,Chhindwara APMC,Soyabean,Soyabeen,FAQ,5500,5600,5600,08/09/2026
Madhya Pradesh,Raisen,Begamganj APMC,Soyabean,Soyabeen,FAQ,5700,5700,5700,08/09/2026
Madhya Pradesh,Harda,Khirakiya APMC,Soyabean,Soyabeen,Non-FAQ,2151,5936,5936,08/09/2026
Madhya Pradesh,Bhopal,Bhopal APMC,Soyabean,Soyabeen,FAQ,5640,5970,5970,08/09/2026
Madhya Pradesh,Vidisha,Ganjbasoda APMC,Soyabean,Soyabeen,FAQ,4310,6180,6030,08/09/2026
Madhya Pradesh,Betul,Betul APMC,Soyabean,Soyabeen,FAQ,4500,5700,5700,08/09/2026
Madhya Pradesh,Sehore,Sehore APMC,Soyabean,Yellow,FAQ,3016,6000,5970,08/09/2026
Madhya Pradesh,Khandwa,Khandwa APMC,Soyabean,Yellow,FAQ,4000,5860,5700,08/09/2026
Madhya Pradesh,Mandsaur,Mandsaur APMC,Soyabean,Soyabeen,FAQ,4901,5910,5910,08/09/2026
Madhya Pradesh,Ujjain,Nagda APMC,Soyabean,Soyabeen,FAQ,3405,5720,5720,08/09/2026
Madhya Pradesh,Neemuch,Manasa APMC,Soyabean,Yellow,FAQ,5570,5570,5570,08/09/2026
Madhya Pradesh,Sagar,Garhakota APMC,Soyabean,Soyabeen,FAQ,4805,5495,5495,08/09/2026
Madhya Pradesh,Bhopal,Berasia APMC,Soyabean,Soyabeen,FAQ,5245,5245,5245,08/09/2026
Madhya Pradesh,Harda,Harda APMC,Soyabean,Yellow,FAQ,3000,5861,5400,08/09/2026
Madhya Pradesh,Ujjain,Mahidpur APMC,Soyabean,Soyabeen,Non-FAQ,3500,5200,5200,08/09/2026
Madhya Pradesh,Ratlam,A lot APMC,Soyabean,Soyabeen,FAQ,5540,5700,5700,08/09/2026
Madhya Pradesh,Badwani,Khetia APMC,Soyabean,Soyabeen,FAQ,5350,5400,5400,08/09/2026
Madhya Pradesh,Mandsaur,Daloda APMC,Soyabean,Soyabeen,FAQ,2400,6100,5900,08/09/2026
Madhya Pradesh,Vidisha,Shamshabad APMC,Soyabean,Soyabeen,FAQ,5200,5400,5400,08/09/2026
Madhya Pradesh,Rajgarh,Narsinghgarh APMC,Soyabean,Soyabeen,FAQ,4000,6035,6000,08/09/2026
Madhya Pradesh,Rajgarh,Kurawar APMC,Soyabean,Soyabeen,FAQ,1600,6115,6050,08/09/2026
Madhya Pradesh,Ujjain,Unhel APMC,Soyabean,Soyabeen,FAQ,3555,5879,5879,08/09/2026
Madhya Pradesh,Dewas,Kannod APMC,Soyabean,Soyabeen,FAQ,4500,5717,5717,08/09/2026
Madhya Pradesh,Mandsaur,Shamgarh APMC,Soyabean,Soyabeen,Non-FAQ,3290,5790,5400,08/09/2026
Madhya Pradesh,Shajapur,Shujalpur APMC,Soyabean,Soyabeen,FAQ,5865,6015,6015,08/09/2026
Madhya Pradesh,Shivpuri,Kolaras APMC,Soyabean,Soyabeen,FAQ,5500,5950,5950,08/09/2026
Madhya Pradesh,Shivpuri,Kolaras APMC,Soyabean,Soyabeen,Non-FAQ,3900,3900,3900,08/09/2026
Maharashtra,Nashik,Lasalgaon(Niphad) ,Soyabean,Other,Local,5551,6025,6001,08/09/2026
Maharashtra,Pune,APMC Baramati ,Soyabean,Yellow,FAQ,5600,5600,5600,08/09/2026
Maharashtra,Pune,APMC Baramati ,Soyabean,Yellow,Non-FAQ,4001,5325,5320,08/09/2026
Maharashtra,Washim,APMC Washim ,Soyabean,Black,Local,5430,6050,5650,08/09/2026
Maharashtra,Beed,APMC Beed ,Soyabean,Yellow,FAQ,6011,6011,6011,08/09/2026
Maharashtra,Buldhana,APMC Khamgaon ,Soyabean,Yellow,FAQ,5650,6250,5950,08/09/2026
Maharashtra,Amarawati,APMC Achalpur ,Soyabean,Other,Local,5200,6000,5575,08/09/2026
Maharashtra,Latur,APMC Udgir ,Soyabean,Other,FAQ,6097,6101,6099,08/09/2026
Maharashtra,Amarawati,APMC Dhamngaon-Railway ,Soyabean,Yellow,Non-FAQ,4000,5000,4500,08/09/2026
Maharashtra,Latur,APMC Chakur ,Soyabean,Yellow,FAQ,5362,5801,5550,08/09/2026
Maharashtra,Buldhana,"Bsk Krishi Bazar Private Limited, Mehkar, Dist Buldhana",Soyabean,Other,Local,4800,5200,5066,08/09/2026
Maharashtra,Sangli,APMC Sangli ,Soyabean,Other,Local,6300,7000,6650,08/09/2026
Maharashtra,Washim,APMC Mangrulpeer ,Soyabean,Yellow,FAQ,5329,5855,5450,08/09/2026
Maharashtra,Yavatmal,APMC Digras ,Soyabean,Yellow,FAQ,5875,5900,5875,08/09/2026
Maharashtra,Hingoli,APMC Hingoli ,Soyabean,Other,Local,5550,6100,5825,08/09/2026
Maharashtra,Jalna,APMC Jalana ,Soyabean,Yellow,FAQ,5750,5900,5750,08/09/2026
Maharashtra,Latur,APMC  Latur,Soyabean,Yellow,FAQ,6091,6180,6150,08/09/2026
Maharashtra,Latur,Latur(Murud) ,Soyabean,Yellow,FAQ,6000,6100,6050,08/09/2026
Maharashtra,Parbhani,APMC Parbhani ,Soyabean,Yellow,FAQ,6000,6100,6050,08/09/2026
Maharashtra,Beed,APMC Majalgaon ,Soyabean,Other,Local,4400,5751,5500,08/09/2026
Maharashtra,Akola,APMC Telhara ,Soyabean,Yellow,FAQ,5600,5900,5760,08/09/2026
Maharashtra,Nagpur,APMC Savner ,Soyabean,Yellow,FAQ,5876,5876,5876,08/09/2026
Maharashtra,Buldhana,APMC Mehekar ,Soyabean,Other,Local,5500,6025,5850,08/09/2026
Maharashtra,Sangli,APMC Tasgaon ,Soyabean,Yellow,FAQ,5850,6140,5980,08/09/2026
Maharashtra,Yavatmal,APMC Yavatmal ,Soyabean,Yellow,FAQ,5600,5600,5600,08/09/2026
Maharashtra,Ahilyanagar,APMC Kopargaon ,Soyabean,Other,Local,5600,5899,5732,08/09/2026
Maharashtra,Amarawati,APMC Amarawati ,Soyabean,Other,Local,5450,5750,5600,08/09/2026
Maharashtra,Amarawati,APMC Daryapur ,Soyabean,Yellow,FAQ,5500,6005,5850,08/09/2026
Maharashtra,Amarawati,APMC Nandgaon Khandeshwar ,Soyabean,Yellow,FAQ,5465,5755,5600,08/09/2026
Maharashtra,Dharashiv,APMC Tuljapur ,Soyabean,Other,Local,5500,6000,5900,08/09/2026
Maharashtra,Jalna,APMC Jalana ,Soyabean,Yellow,Non-FAQ,5300,5300,5300,08/09/2026
Maharashtra,Nanded,APMC Naigaon ,Soyabean,Yellow,FAQ,5950,5950,5950,08/09/2026
Maharashtra,Wardha,APMC Wardha ,Soyabean,Yellow,FAQ,5850,5850,5850,08/09/2026
Maharashtra,Washim,Washim(Ansing) ,Soyabean,Yellow,FAQ,5950,6200,6050,08/09/2026
Maharashtra,Nashik,APMC Sinner ,Soyabean,Other,Local,5625,5755,5700,08/09/2026
Maharashtra,Nashik,Lasalgaon(Vinchur) ,Soyabean,Other,Local,3000,6026,6000,08/09/2026
Maharashtra,Beed,APMC Gevrai ,Soyabean,Yellow,FAQ,5750,5951,5850,08/09/2026
Maharashtra,Ahilyanagar,APMC Jamkhed ,Soyabean,Yellow,Non-FAQ,4500,5000,4750,08/09/2026
Maharashtra,Akola,APMC Akola ,Soyabean,Yellow,FAQ,5650,5955,5795,08/09/2026
Maharashtra,Beed,APMC Ambejogai ,Soyabean,Yellow,FAQ,5800,5800,5800,08/09/2026
Maharashtra,Buldhana,APMC Malkapur ,Soyabean,Yellow,Non-FAQ,3500,4500,4000,08/09/2026
Maharashtra,Buldhana,APMC Shegaon ,Soyabean,Yellow,FAQ,5705,5900,5790,08/09/2026
Maharashtra,Hingoli,APMC Sengoan ,Soyabean,Yellow,FAQ,5500,5700,5600,08/09/2026
Maharashtra,Latur,APMC Ahmedpur ,Soyabean,Yellow,FAQ,5328,5911,5679,08/09/2026
Maharashtra,Nagpur,APMC Nagpur ,Soyabean,Other,Local,5200,5600,5500,08/09/2026
Uttar Pradesh,Lalitpur,Lalitpur APMC,Soyabean,Other,FAQ,5710,5710,5710,08/09/2026
Rajasthan,Kota,Ramganjmandi APMC,Soyabean,Other,Local,4850,5976,5861,08/09/2026
Rajasthan,Jhalawar,Choumahla APMC,Soyabean,Other,Non-FAQ,5300,5730,5515,08/09/2026
Rajasthan,Baran,Baran APMC,Soyabean,Other,Local,5100,6025,5950,08/09/2026
Rajasthan,Jhalawar,Khanpur APMC,Soyabean,Soyabeen,FAQ,5000,6035,5785,08/09/2026
Rajasthan,Bundi,Bundi APMC,Soyabean,Other,FAQ,5550,5750,5650,08/09/2026
Rajasthan,Jhalawar,Iklera APMC,Soyabean,Soyabeen,Local,5000,5820,5410,08/09/2026
Rajasthan,Baran,Atru APMC,Soyabean,Other,Local,5735,5785,5750,08/09/2026
Rajasthan,Kota,Itawa APMC,Soyabean,Soyabeen,Local,5329,6046,5687,08/09/2026
Rajasthan,Kota,Kota APMC,Soyabean,Local,Local,5850,5850,5850,08/09/2026
Rajasthan,Baran,Kawai Salpura - Atru APMC,Soyabean,Other,Local,5100,5905,5503,08/09/2026
Rajasthan,Pratapgarh,Chhotisadri APMC,Soyabean,Soyabeen,Local,4805,5580,5240,08/09/2026
Rajasthan,Bundi,Dei APMC,Soyabean,Other,Local,5450,5850,5600,08/09/2026
Rajasthan,Chittorgarh,Nimbahera APMC,Soyabean,Soyabeen,FAQ,4400,6031,5200,08/09/2026
Rajasthan,Jhalawar,Bhawani Mandi APMC,Soyabean,Soyabeen,Local,5051,5960,5506,08/09/2026
Rajasthan,Jhalawar,Jhalarapatan APMC,Soyabean,Other,Local,4900,5935,5800,08/09/2026
Karnataka,Dharwad,APMC Hubballi,Soyabean,Soyabeen,Local,4870,5806,5477,08/09/2026
Karnataka,Haveri,Ranebennur APMC,Soyabean,Soyabeen,FAQ,5500,5800,5650,08/09/2026
Karnataka,Belagavi,Bailahongal APMC,Soyabean,Soyabeen,Local,5230,6100,5609,08/09/2026
Karnataka,Gadag,Laxmeshwar APMC,Soyabean,Soyabeen,Non-FAQ,4248,5601,5213,08/09/2026
Karnataka,Bidar,Bidar APMC,Soyabean,Yellow,Non-FAQ,5671,5671,5671,08/09/2026
Karnataka,Kalaburagi,Kalaburagi APMC,Soyabean,Soyabeen,Non-FAQ,5200,6000,5500,08/09/2026
Gujarat,Amreli,The Agricultural Produce Market Committee-Amreli,Soyabean,Soyabeen,FAQ,5300,5800,5750,08/09/2026
Gujarat,Dahod,Dahod APMC,Soyabean,Soyabeen,Local,5600,5800,5725,08/09/2026
Gujarat,Rajkot,Rajkot APMC,Soyabean,Soyabeen,FAQ,5555,5850,5825,08/09/2026
Gujarat,Junagarh,Junagadh APMC,Soyabean,Other,FAQ,5000,5460,5200,08/09/2026
Gujarat,Gir Somnath,Veraval APMC,Soyabean,Other,FAQ,5000,5505,5455,08/09/2026
Gujarat,Rajkot,Dhoraji APMC,Soyabean,Yellow,Non-FAQ,5605,5705,5605,08/09/2026
Gujarat,Rajkot,Jetpur(Dist.Rajkot) APMC,Soyabean,Soyabeen,FAQ,5250,5880,5630,08/09/2026
Gujarat,Junagarh,Visavadar APMC,Soyabean,Black,FAQ,5100,5830,5465,08/09/2026
Gujarat,Rajkot,Jasdan APMC,Soyabean,Soyabeen,FAQ,4750,5550,5250,08/09/2026
Telangana,Sangareddy,Zaheerabad APMC,Soyabean,Soyabeen,Local,5750,5750,5750,08/09/2026
Madhya Pradesh,Narsinghpur,Narsinghpur APMC,Mustard,Sarson(Black),FAQ,6800,6800,6800,08/09/2026
Madhya Pradesh,Rewa,Rewa APMC,Mustard,Sarson(Black),FAQ,7170,7291,7291,08/09/2026
Madhya Pradesh,Harda,Khirakiya APMC,Mustard,Mustard,Non-FAQ,6301,6301,6301,08/09/2026
Madhya Pradesh,Ashoknagar,Shadora APMC,Mustard,Mustard,Non-FAQ,6300,6325,6325,08/09/2026
Madhya Pradesh,Shivpuri,Barad APMC,Mustard,Mustard,FAQ,7500,8125,8071,08/09/2026
Madhya Pradesh,Panna,Panna APMC,Mustard,Mustard,FAQ,7205,7975,7975,08/09/2026
Madhya Pradesh,Morena,Morena APMC,Mustard,Mustard,Non-FAQ,7570,7830,7675,08/09/2026
Madhya Pradesh,Sehore,Sehore APMC,Mustard,Mustard,FAQ,7500,7905,7905,08/09/2026
Madhya Pradesh,Mandsaur,Piplya APMC,Mustard,Mustard,FAQ,6667,6667,6667,08/09/2026
Madhya Pradesh,Shivpuri,Badarwas APMC,Mustard,Mustard,Non-FAQ,7150,7150,7150,08/09/2026
Madhya Pradesh,Shajapur,Shujalpur APMC,Mustard,Mustard,FAQ,6701,7215,7215,08/09/2026
Madhya Pradesh,Shajapur,Shajapur APMC,Mustard,Mustard,FAQ,6000,7325,7300,08/09/2026
Madhya Pradesh,Guna,Binaganj APMC,Mustard,Mustard,FAQ,6130,6130,6130,08/09/2026
Madhya Pradesh,Sheopur,Sheopurkalan APMC,Mustard,Mustard,Non-FAQ,7630,7790,7790,08/09/2026
Madhya Pradesh,Sagar,Sagar APMC,Mustard,Mustard,FAQ,6200,7300,7300,08/09/2026
Madhya Pradesh,Sagar,Bina APMC,Mustard,Mustard,FAQ,2000,7885,7885,08/09/2026
Madhya Pradesh,Vidisha,Ganjbasoda APMC,Mustard,Mustard,FAQ,6910,7934,7422,08/09/2026
Madhya Pradesh,Sehore,Ashta APMC,Mustard,Mustard,FAQ,6851,6851,6851,08/09/2026
Madhya Pradesh,Bhind,Mehgaon APMC,Mustard,Mustard,FAQ,7400,7490,7480,08/09/2026
Madhya Pradesh,Hoshangabad,Banapura APMC,Mustard,Mustard,FAQ,6899,6899,6899,08/09/2026
Madhya Pradesh,Morena,Sabalgarh APMC,Mustard,Mustard,Non-FAQ,7530,7780,7780,08/09/2026
Madhya Pradesh,Shajapur,Agar APMC,Mustard,Mustard,FAQ,6500,7400,7370,08/09/2026
Madhya Pradesh,Guna,Kumbhraj APMC,Mustard,Mustard,FAQ,7000,7310,7310,08/09/2026
Madhya Pradesh,Chhatarpur,Naugaon APMC,Mustard,Mustard,Non-FAQ,7230,7435,7350,08/09/2026
Madhya Pradesh,Rajgarh,Narsinghgarh APMC,Mustard,Mustard,FAQ,5500,7270,7270,08/09/2026
Madhya Pradesh,Rajgarh,Kurawar APMC,Mustard,Mustard,FAQ,6705,7295,7295,08/09/2026
Madhya Pradesh,Mandsaur,Shamgarh APMC,Mustard,Mustard,Non-FAQ,6400,7466,7466,08/09/2026
Madhya Pradesh,Neemuch,Neemuch APMC,Mustard,Mustard,Non-FAQ,7680,7680,7680,08/09/2026
Madhya Pradesh,Satna,Satna APMC,Mustard,Mustard,FAQ,5705,8195,7500,08/09/2026
Madhya Pradesh,Vidisha,Vidisha APMC,Mustard,Mustard,FAQ,6101,7400,7400,08/09/2026
Madhya Pradesh,Katni,Katni APMC,Mustard,Mustard,Non-FAQ,6753,8100,7270,08/09/2026
Madhya Pradesh,Hoshangabad,Itarsi APMC,Mustard,Mustard,FAQ,6700,6700,6700,08/09/2026
Madhya Pradesh,Mandsaur,Mandsaur APMC,Mustard,Mustard,Non-FAQ,5800,7751,7642,08/09/2026
Madhya Pradesh,Rajgarh,Jeerapur APMC,Mustard,Mustard,FAQ,6825,7410,7410,08/09/2026
Madhya Pradesh,Dewas,Khategaon APMC,Mustard,Mustard,FAQ,3400,6700,6700,08/09/2026
Madhya Pradesh,Bhind,Gohad APMC,Mustard,Mustard,FAQ,7660,7850,7705,08/09/2026
Madhya Pradesh,Seoni,Barghat APMC,Mustard,Mustard,FAQ,7150,7175,7175,08/09/2026
Madhya Pradesh,Shivpuri,Pohari APMC,Mustard,Mustard,FAQ,7650,8095,8020,08/09/2026
Madhya Pradesh,Sheopur,Sheopurkalan APMC,Mustard,Mustard,FAQ,6705,6705,6705,08/09/2026
Madhya Pradesh,Sheopur,Vijaypur APMC,Mustard,Mustard,FAQ,7775,7810,7810,08/09/2026
Madhya Pradesh,Jabalpur,Jabalpur APMC,Mustard,Mustard,FAQ,6055,7695,7695,08/09/2026
Madhya Pradesh,Tikamgarh,Tikamgarh APMC,Mustard,Mustard,FAQ,7000,7200,7200,08/09/2026
Madhya Pradesh,Satna,Nagod APMC,Mustard,Mustard,FAQ,7100,7400,7400,08/09/2026
Madhya Pradesh,Shajapur,Kalapipal APMC,Mustard,Sarson(Black),FAQ,7301,7301,7301,08/09/2026
Madhya Pradesh,Shajapur,Kalapipal APMC,Mustard,Mustard,FAQ,6676,7468,7468,08/09/2026
Madhya Pradesh,Guna,Guna APMC,Mustard,Mustard,FAQ,5600,7400,7175,08/09/2026
Madhya Pradesh,Shivpuri,Kolaras APMC,Mustard,Mustard,FAQ,7005,7895,7505,08/09/2026
Madhya Pradesh,Chhatarpur,Bijawar APMC,Mustard,Sarson(Black),Non-FAQ,7320,7359,7359,08/09/2026
Madhya Pradesh,Rajgarh,Pachaur APMC,Mustard,Mustard,FAQ,6870,7305,7305,08/09/2026
Madhya Pradesh,Ashoknagar,Ashoknagar APMC,Mustard,Mustard,FAQ,7000,7500,7300,08/09/2026
Madhya Pradesh,Dewas,Dewas APMC,Mustard,Mustard,FAQ,6905,6905,6905,08/09/2026
Madhya Pradesh,Neemuch,Neemuch APMC,Mustard,Mustard,FAQ,6890,7790,7200,08/09/2026
Madhya Pradesh,Betul,Betul APMC,Mustard,Mustard,FAQ,6800,7800,7351,08/09/2026
Madhya Pradesh,Rewa,Baikunthpur APMC,Mustard,Mustard,Non-FAQ,7500,7500,7500,08/09/2026
Madhya Pradesh,Chhatarpur,Chhatarpur APMC,Mustard,Mustard,Non-FAQ,7345,7450,7450,08/09/2026
Madhya Pradesh,Bhopal,Berasia APMC,Mustard,Mustard,FAQ,6200,6505,6505,08/09/2026
Madhya Pradesh,Damoh,Patharia APMC,Mustard,Mustard,FAQ,7000,7110,7110,08/09/2026
Madhya Pradesh,Morena,Porsa APMC,Mustard,Mustard,FAQ,7500,7590,7550,08/09/2026
Madhya Pradesh,Damoh,Damoh APMC,Mustard,Mustard,FAQ,5900,7505,7245,08/09/2026
Madhya Pradesh,Dewas,Haatpipliya APMC,Mustard,Mustard,Non-FAQ,6250,6250,6250,08/09/2026
Madhya Pradesh,Ratlam,Jaora APMC,Mustard,Mustard,FAQ,6101,7681,7681,08/09/2026
Madhya Pradesh,Shivpuri,Shivpuri APMC,Mustard,Mustard,FAQ,7200,7955,7955,08/09/2026
Madhya Pradesh,Tikamgarh,Prithvipur APMC,Mustard,Mustard,Non-FAQ,7235,7425,7425,08/09/2026
Madhya Pradesh,Shivpuri,Pohari APMC,Mustard,Mustard,Non-FAQ,3000,3000,3000,08/09/2026
Madhya Pradesh,Bhind,Bhind APMC,Mustard,Mustard,FAQ,7530,7675,7675,08/09/2026
Madhya Pradesh,Bhind,Lahar APMC,Mustard,Mustard,FAQ,7510,7680,7523,08/09/2026
Madhya Pradesh,Chhatarpur,Rajnagar APMC,Mustard,Mustard,FAQ,6830,7310,7210,08/09/2026
Madhya Pradesh,Narsinghpur,Narsinghpur APMC,Mustard,Mustard,FAQ,6800,6800,6800,08/09/2026
Madhya Pradesh,Vidisha,Sironj APMC,Mustard,Mustard,FAQ,4000,7075,7075,08/09/2026
Madhya Pradesh,Bhind,Mow APMC,Mustard,Mustard,Non-FAQ,7325,7680,7680,08/09/2026
Madhya Pradesh,Rajgarh,Khilchipur APMC,Mustard,Mustard,FAQ,7145,7175,7175,08/09/2026
Madhya Pradesh,Indore,Indore APMC,Mustard,Mustard,FAQ,7305,7305,7305,08/09/2026
Madhya Pradesh,Sehore,Sehore APMC,Mustard,Sarson(Black),FAQ,7851,7851,7851,08/09/2026
Madhya Pradesh,Morena,Kailaras APMC,Mustard,Mustard,FAQ,7400,7734,7656,08/09/2026
Madhya Pradesh,Harda,Harda APMC,Mustard,Mustard,FAQ,6002,6002,6002,08/09/2026
Madhya Pradesh,Sagar,Khurai APMC,Mustard,Mustard,FAQ,5500,7601,7601,08/09/2026
Madhya Pradesh,Rajgarh,Biaora APMC,Mustard,Mustard,FAQ,6020,7205,7205,08/09/2026
Madhya Pradesh,Mandsaur,Daloda APMC,Mustard,Mustard,FAQ,6980,7450,7450,08/09/2026
Maharashtra,Jalna,APMC Jalana ,Mustard,Other,FAQ,7300,7300,7300,08/09/2026
Maharashtra,Buldhana,APMC Shegaon ,Mustard,Other,FAQ,6650,6650,6650,08/09/2026
Maharashtra,Mumbai,APMC Mumbai ,Mustard,Other,FAQ,8000,10000,9000,08/09/2026
Uttar Pradesh,Kanpur,Kanpur(Grain) APMC,Mustard,Other,FAQ,5400,5650,5461.04,08/09/2026
Uttar Pradesh,Lalitpur,Lalitpur APMC,Mustard,Other,FAQ,5800,8000,6544.25,08/09/2026
Uttar Pradesh,Sitapur,Sitapur APMC,Mustard,Other,FAQ,7000,7000,7000,08/09/2026
Uttar Pradesh,Kanpur Dehat,Rura APMC,Mustard,Other,FAQ,5200,5200,5200,08/09/2026
Uttar Pradesh,Banda,Atarra APMC,Mustard,Other,FAQ,6850,7400,7107.85,08/09/2026
Uttar Pradesh,Hamirpur,Raath APMC,Mustard,Other,FAQ,7300,7550,7361.67,08/09/2026
Uttar Pradesh,Aligarh,Khair APMC,Mustard,Other,FAQ,7300,7300,7300,08/09/2026
Uttar Pradesh,Lucknow,Lucknow APMC,Mustard,Other,FAQ,7000,7000,7000,08/09/2026
Uttar Pradesh,Barabanki,Safdarganj APMC,Mustard,Other,FAQ,6000,7000,6159.87,08/09/2026
Uttar Pradesh,Hamirpur,Maudaha APMC,Mustard,Other,FAQ,7000,7000,7000,08/09/2026
Uttar Pradesh,Kanpur Dehat,Pukharayan APMC,Mustard,Other,FAQ,7000,7000,7000,08/09/2026
Uttar Pradesh,Agra,Khairagarh APMC,Mustard,Sarson(Black),FAQ,7200,7400,7300,08/09/2026
Uttar Pradesh,Agra,Khairagarh APMC,Mustard,Other,FAQ,7510,8030,7978.61,08/09/2026
Uttar Pradesh,Hamirpur,Bharuasumerpur APMC,Mustard,Other,FAQ,7300,7400,7352.63,08/09/2026
Uttar Pradesh,Chitrakut,Karvi APMC,Mustard,Other,FAQ,7300,7440,7382.71,08/09/2026
Uttar Pradesh,Hathras,Haathras APMC,Mustard,Other,FAQ,7350,7350,7350,08/09/2026
Uttar Pradesh,Gonda,Nawabganj APMC,Mustard,Other,FAQ,6849.96,6850,6850,08/09/2026
Uttar Pradesh,Hardoi,Hardoi APMC,Mustard,Other,FAQ,6200,6200,6200,08/09/2026
Uttar Pradesh,Lakhimpur,Lakhimpur APMC,Mustard,Other,FAQ,7050,7100,7075,08/09/2026
Uttar Pradesh,Sitapur,Viswan APMC,Mustard,Other,FAQ,6500,6600.06,6586.67,08/09/2026
Uttar Pradesh,Hamirpur,Muskara APMC,Mustard,Other,FAQ,7300,7400,7346.55,08/09/2026
Uttar Pradesh,Sitapur,Mishrit APMC,Mustard,Other,FAQ,6500,6500,6500,08/09/2026
Uttar Pradesh,Auraiya,Auraiya APMC,Mustard,Other,FAQ,7550,7550,7550,08/09/2026
Uttar Pradesh,Barabanki,Barabanki APMC,Mustard,Other,FAQ,6000,6020,6002.22,08/09/2026
Uttar Pradesh,Agra,Jagnair APMC,Mustard,Other,FAQ,7900,8090,7998.31,08/09/2026
Uttar Pradesh,Hardoi,Madhoganj APMC,Mustard,Other,FAQ,7400,7400,7400,08/09/2026
Uttar Pradesh,Mahoba,Mahoba APMC,Mustard,Other,FAQ,7090,7120,7104.11,08/09/2026
Uttar Pradesh,Agra,Achnera APMC,Mustard,Other,FAQ,7850,7850,7850,08/09/2026
Rajasthan,Kota,Ramganjmandi APMC,Mustard,Other,Local,6901,7701,7531,08/09/2026
Rajasthan,Ganganagar,Gharsana APMC,Mustard,Mustard,FAQ,7286,8119,8000,08/09/2026
Rajasthan,Dausa,Dausa APMC,Mustard,Other,Local,7550,8000,7775,08/09/2026
Rajasthan,Kota,Kota APMC,Mustard,Mustard,Local,7500,7500,7500,08/09/2026
Rajasthan,Swai Madhopur,Gangapur City APMC,Mustard,Other,Non-FAQ,7600,8135,7782,08/09/2026
Rajasthan,Jodhpur,Osiyan Mathania APMC,Mustard,Other,Local,7200,7300,7250,08/09/2026
Rajasthan,Ganganagar,Sadulshahar APMC,Mustard,Other,FAQ,7475,7741,7650,08/09/2026
Rajasthan,Jhunjhunu,Surajgarh APMC,Mustard,Other,FAQ,7600,7600,7600,08/09/2026
Rajasthan,Bharatpur,Bhusawar Bair APMC,Mustard,Other,Local,7600,8000,7800,08/09/2026
Rajasthan,Ganganagar,Padampur APMC,Mustard,Other,FAQ,7300,7751,7608,08/09/2026
Rajasthan,Alwar,Govindgarh APMC,Mustard,Big 100 Kg,FAQ,7000,7200,7100,08/09/2026
Rajasthan,Deeg,Sikri APMC,Mustard,Mustard,Non-FAQ,7230,8150,7740,08/09/2026
Rajasthan,Jhalawar,Bhawani Mandi APMC,Mustard,Other,Local,6891,7650,7271,08/09/2026
Rajasthan,Baran,Kawai Salpura - Atru APMC,Mustard,Other,Local,7045,7535,7290,08/09/2026
Rajasthan,Pratapgarh,Chhotisadri APMC,Mustard,Mustard,Local,7390,7390,7390,08/09/2026
Rajasthan,Chittorgarh,Nimbahera APMC,Mustard,Other,FAQ,6996,7917,7450,08/09/2026
Rajasthan,Ganganagar,Rawla APMC,Mustard,Mustard,FAQ,7555,7985,7770,08/09/2026
Rajasthan,Jhalawar,Iklera APMC,Mustard,Other,Local,6700,7200,6900,08/09/2026
Rajasthan,Jhalawar,Khanpur APMC,Mustard,Mustard,FAQ,7450,7951,7765,08/09/2026
Rajasthan,Ganganagar,Gajsinghpur APMC,Mustard,Other,Local,7642,7925,7743,08/09/2026
Rajasthan,Baran,Atru APMC,Mustard,Other,Local,6871,7648,7259,08/09/2026
Rajasthan,Dausa,Mandawar APMC,Mustard,Other,FAQ,7155,8360,7651,08/09/2026
Rajasthan,Sikar,Palsana APMC,Mustard,Big 100 Kg,FAQ,6500,7000,6800,08/09/2026
Rajasthan,Ajmer,Kekri APMC,Mustard,Other,Local,6000,7922,7250,08/09/2026
Rajasthan,Bundi,Keshoraipatan APMC,Mustard,Mustard,FAQ,7650,7650,7650,08/09/2026
Rajasthan,Bundi,Bundi APMC,Mustard,Other,FAQ,7380,7850,7615,08/09/2026
Rajasthan,Ganganagar,Anupgarh APMC,Mustard,Mustard,Grade Range-1,7686,7686,7686,08/09/2026
Rajasthan,Baran,Nahargarh APMC,Mustard,Other,Local,7090,7090,7090,08/09/2026
Rajasthan,Tonk,Dooni APMC,Mustard,Big 100 Kg,Local,7649,7651,7650,08/09/2026
Rajasthan,Ganganagar,Raisingh Nagar APMC,Mustard,Other,Non-FAQ,7325,7871,7625,08/09/2026
Rajasthan,Jaipur,Bassi APMC,Mustard,Other,Local,8095,8095,8095,08/09/2026
Rajasthan,Kota,Itawa APMC,Mustard,Mustard,Local,7599,8200,7899,08/09/2026
Rajasthan,Tonk,Deoli APMC,Mustard,Mustard,FAQ,7251,8051,7651,08/09/2026
Rajasthan,Baran,Anta APMC,Mustard,Other,Local,7201,7480,7340,08/09/2026
Rajasthan,Bundi,Dei APMC,Mustard,Other,Local,7225,7780,7500,08/09/2026
Rajasthan,Baran,Baran APMC,Mustard,Other,Local,7150,8264,7650,08/09/2026
Rajasthan,Hanumangarh,Sangriya APMC,Mustard,Other,Local,7349,7796,7691,08/09/2026
Rajasthan,Hanumangarh,Pilibanga APMC,Mustard,Mustard,FAQ,7300,7750,7641,08/09/2026
Rajasthan,Ganganagar,Jaitsar APMC,Mustard,Mustard,FAQ,7729,7729,7729,08/09/2026
Rajasthan,Beawar,Jaitaran APMC,Mustard,Mustard,Grade Range-1,7150,7150,7150,08/09/2026
Rajasthan,Jhalawar,Jhalarapatan APMC,Mustard,Other,Local,6900,7200,7000,08/09/2026
Karnataka,Bengaluru,Bengaluru APMC,Mustard,Other,FAQ,10200,14000,12100,08/09/2026
Karnataka,Gadag,Laxmeshwar APMC,Mustard,Other,Non-FAQ,7515,7615,7565,08/09/2026
Gujarat,Banaskanth,Thara(Shihori) APMC,Mustard,Other,FAQ,7300,7350,7325,08/09/2026
Gujarat,Banaskanth,Panthawada APMC,Mustard,Other,FAQ,7670,7670,7670,08/09/2026
Gujarat,Banaskanth,Tharad(Rah) APMC,Mustard,Other,Local,7500,7650,7575,08/09/2026
Gujarat,Banaskanth,Tharad APMC,Mustard,Other,Local,7400,8180,7790,08/09/2026
Gujarat,Mehsana,Mehsana(Jornang) APMC,Mustard,Mustard,Local,7360,7360,7360,08/09/2026
Gujarat,Gandhinagar,Mansa APMC,Mustard,Mustard,Local,6000,7545,7480,08/09/2026
Gujarat,Mehsana,Kadi APMC,Mustard,Mustard,FAQ,7075,7175,7125,08/09/2026
Gujarat,Rajkot,Rajkot APMC,Mustard,Mustard,FAQ,5750,7500,6700,08/09/2026
Gujarat,Mehsana,Mehsana APMC,Mustard,Mustard,Local,7125,7570,7500,08/09/2026
Gujarat,Rajkot,Jasdan APMC,Mustard,Mustard,FAQ,8150,8150,8150,08/09/2026
Gujarat,Gandhinagar,Kalol APMC,Mustard,Mustard,Local,6500,7460,6980,08/09/2026
Haryana,Hissar,Hissar APMC,Mustard,Mustard,Local,7200,7200,7200,08/09/2026
Haryana,Mahendragarh-Narnaul,Ateli APMC,Mustard,Mustard,FAQ,7200,8200,7700,08/09/2026
West Bengal,Purba Bardhaman,Guskara APMC,Mustard,Yellow (Black),FAQ,6100,6200,6200,08/09/2026
West Bengal,Paschim Bardhaman,Durgapur APMC,Mustard,Other,FAQ,6235,6500,6400,08/09/2026
West Bengal,Nadia,Karimpur APMC,Mustard,Yellow (Black),Grade Range-1,6800,7000,6900,08/09/2026
West Bengal,Murshidabad,Jiaganj APMC,Mustard,Yellow (Black),FAQ,6400,6500,6450,08/09/2026
West Bengal,Nadia,Nadia APMC,Mustard,Yellow (Black),Local,7300,7500,7400,08/09/2026
West Bengal,Bankura,Bishnupur(Bankura) APMC,Mustard,Mustard,FAQ,6000,6700,6400,08/09/2026
West Bengal,Bankura,Bankura Sadar APMC,Mustard,Mustard,FAQ,6000,6500,6200,08/09/2026
West Bengal,Bankura,Khatra APMC,Mustard,Mustard,FAQ,6000,6700,6400,08/09/2026
West Bengal,Birbhum,Rampurhat APMC,Mustard,Other,FAQ,7900,8020,8000,08/09/2026
West Bengal,Paschim Bardhaman,Asansol APMC,Mustard,Other,FAQ,6235,6500,6425,08/09/2026
West Bengal,Birbhum,Birbhum APMC,Mustard Oil,Mustard Oil,FAQ,18000,18200,18100,08/09/2026
West Bengal,Puruliya,Purulia APMC,Mustard Oil,Mustard Oil,FAQ,18900,19500,19200,08/09/2026
West Bengal,Birbhum,Sainthia APMC,Mustard Oil,Mustard Oil,FAQ,18000,18200,18100,08/09/2026
West Bengal,Paschim Bardhaman,Durgapur APMC,Mustard Oil,Other,FAQ,17550,18500,18050,08/09/2026
West Bengal,Puruliya,Balarampur APMC,Mustard Oil,Other,FAQ,19200,19800,19500,08/09/2026
Assam,Kamrup,Fancy Bazaar APMC,Mustard Oil,Mustard Oil,FAQ,17000.00085,19000.00095,17666.66755,08/09/2026
Tamil Nadu,Erode,Sampath Nagar(Uzhavar Sandhai ),Groundnut,Big (With Shell),Local,5500,6000,5750,08/09/2026
Tamil Nadu,Thiruvannamalai,Tiruvannamalai(Uzhavar Sandhai ),Groundnut,Big (With Shell),Local,8000,10000,9000,08/09/2026
Tamil Nadu,Villupuram,Villupuram(Uzhavar Sandhai ),Groundnut,Big (With Shell),Local,9000,9000,9000,08/09/2026
Tamil Nadu,Vellore,Thirupathur APMC,Groundnut,Big (With Shell),Local,6000,6000,6000,08/09/2026
Tamil Nadu,Coimbatore,Mettupalayam(Uzhavar Sandhai ),Groundnut,Big (With Shell),Local,7000,8000,7500,08/09/2026
Tamil Nadu,Villupuram,Gingee(Uzhavar Sandhai ),Groundnut,Big (With Shell),Local,7000,7000,7000,08/09/2026
Tamil Nadu,Vellore,Katpadi (Uzhavar Sandhai ),Groundnut,Big (With Shell),Local,8000,8000,8000,08/09/2026
Tamil Nadu,Madurai,Melur(Uzhavar Sandhai ),Groundnut,Big (With Shell),Local,7000,8000,7500,08/09/2026
Tamil Nadu,Dharmapuri,Dharmapuri(Uzhavar Sandhai ),Groundnut,Big (With Shell),Local,5200,5500,5350,08/09/2026
Tamil Nadu,Erode,Periyar Nagar(Uzhavar Sandhai ),Groundnut,Big (With Shell),Local,5500,6000,5750,08/09/2026
Tamil Nadu,Namakkal,Namakkal(Uzhavar Sandhai ),Groundnut,Big (With Shell),Local,6000,7000,6500,08/09/2026
Tamil Nadu,Pudukkottai,Pudukottai(Uzhavar Sandhai ),Groundnut,Big (With Shell),Local,5000,6000,5500,08/09/2026
Tamil Nadu,Dindigul,Dindigul(Uzhavar Sandhai ),Groundnut,Big (With Shell),Local,7000,8000,7500,08/09/2026
Tamil Nadu,Thiruvarur,Tiruthuraipoondi(Uzhavar Sandhai ),Groundnut,Big (With Shell),Local,6000,6000,6000,08/09/2026
Tamil Nadu,Vellore,Gudiyatham(Uzhavar Sandhai ),Groundnut,Big (With Shell),Local,7600,7600,7600,08/09/2026
Tamil Nadu,Namakkal,Rasipuram(Uzhavar Sandhai ),Groundnut,Big (With Shell),Local,6500,7000,6750,08/09/2026
Tamil Nadu,Ranipet,Arcot(Uzhavar Sandhai ),Groundnut,Big (With Shell),Local,6000,6000,6000,08/09/2026
Tamil Nadu,Ranipet,Ranipettai(Uzhavar Sandhai ),Groundnut,Big (With Shell),Local,6000,6000,6000,08/09/2026
Tamil Nadu,Vellore,Vellore APMC,Groundnut,Big (With Shell),Local,8000,8000,8000,08/09/2026
Tamil Nadu,Madurai,Chokkikulam(Uzhavar Sandhai ),Groundnut,Big (With Shell),Local,7000,8000,7500,08/09/2026
Tamil Nadu,Salem,Vazhapadi(Uzhavar Sandhai),Groundnut,Big (With Shell),Local,7000,7000,7000,08/09/2026
Tamil Nadu,Madurai,Anna nagar(Uzhavar Sandhai ),Groundnut,Big (With Shell),Local,7000,8000,7500,08/09/2026
Tamil Nadu,Salem,Ammapet(Uzhavar Sandhai ),Groundnut,Big (With Shell),Local,6500,7000,6750,08/09/2026
Tamil Nadu,Salem,Attayampatti(Uzhavar Sandhai ),Groundnut,Big (With Shell),Local,6500,7000,6750,08/09/2026
Tamil Nadu,Cuddalore,Cuddalore(Uzhavar Sandhai ),Groundnut,Big (With Shell),Local,8000,8000,8000,08/09/2026
Tamil Nadu,Vellore,Perampet(Uzhavar Sandhai),Groundnut,Big (With Shell),Local,7000,7600,7300,08/09/2026
Tamil Nadu,Thirupathur,Vaniyampadi(Uzhavar Sandhai ),Groundnut,Big (With Shell),Local,6000,6000,6000,08/09/2026
Tamil Nadu,Kallakuruchi,Kallakurichi(Uzhavar Sandhai ),Groundnut,Big (With Shell),Local,7000,7000,7000,08/09/2026
Tamil Nadu,Krishnagiri,Krishnagiri(Uzhavar Sandhai ),Groundnut,Big (With Shell),Local,7000,7500,7250,08/09/2026
Tamil Nadu,Salem,Jalagandapuram(Uzhavar Sandhai ),Groundnut,Big (With Shell),Local,6500,7000,6750,08/09/2026
Tamil Nadu,Thiruchirappalli,KKNagar(Uzhavar Sandhai ),Groundnut,Big (With Shell),Local,8000,8000,8000,08/09/2026
Tamil Nadu,Villupuram,Tindivanam APMC,Groundnut,Big (With Shell),Local,7000,7000,7000,08/09/2026
Tamil Nadu,Dharmapuri,Pennagaram(Uzhavar Sandhai ),Groundnut,Big (With Shell),Local,6000,6500,6250,08/09/2026
Tamil Nadu,Kallakuruchi,Sankarapuram(Uzhavar Sandhai ),Groundnut,Big (With Shell),Local,7000,7000,7000,08/09/2026
Tamil Nadu,Krishnagiri,Hosur(Uzhavar Sandhai ),Groundnut,Big (With Shell),Local,9000,10000,9500,08/09/2026
Tamil Nadu,Perambalur,Perambalur(Uzhavar Sandhai ),Groundnut,Big (With Shell),Local,8000,9000,8500,08/09/2026
Tamil Nadu,Salem,Mettur(Uzhavar Sandhai ),Groundnut,Big (With Shell),Local,5500,6000,5750,08/09/2026
Tamil Nadu,Salem,Thathakapatti(Uzhavar Sandhai ),Groundnut,Big (With Shell),Local,7000,8000,7500,08/09/2026
Tamil Nadu,Thiruvannamalai,Tamarainagar(Uzhavar Sandhai ),Groundnut,Big (With Shell),Local,6000,7000,6500,08/09/2026
Tamil Nadu,Salem,Hasthampatti(Uzhavar Sandhai ),Groundnut,Big (With Shell),Local,7000,7500,7250,08/09/2026
Tamil Nadu,Thiruvannamalai,Polur(Uzhavar Sandhai ),Groundnut,Big (With Shell),Local,5000,6000,5500,08/09/2026
Tamil Nadu,Vellore,Kahithapattarai(Uzhavar Sandhai ),Groundnut,Big (With Shell),Local,7000,7000,7000,08/09/2026
Tamil Nadu,Coimbatore,Vadavalli(Uzhavar Sandhai ),Groundnut,Big (With Shell),Local,6500,7000,6750,08/09/2026
Tamil Nadu,Nagapattinam,Nagapattinam(Uzhavar Sandhai ),Groundnut,Big (With Shell),Local,5000,5600,5300,08/09/2026
Tamil Nadu,Chengalpattu,Pallavaram(Uzhavar Sandhai ),Groundnut,Big (With Shell),Local,9000,10000,9500,08/09/2026
Tamil Nadu,Chengalpattu,Jameenrayapettai(Uzhavar Sandhai ),Groundnut,Big (With Shell),Local,9000,10000,9500,08/09/2026
Tamil Nadu,Madurai,Anaiyur(Uzhavar Sandhai ),Groundnut,Big (With Shell),Local,7000,8000,7500,08/09/2026
Tamil Nadu,Nagapattinam,Sirkali(Uzhavar Sandhai ),Groundnut,Big (With Shell),Local,5500,6000,5750,08/09/2026
Tamil Nadu,Thirupur,Tiruppur (North) (Uzhavar Sandhai ),Groundnut,Big (With Shell),Local,5000,6000,5500,08/09/2026
Tamil Nadu,Salem,Elampillai(Uzhavar Sandhai ),Groundnut,Big (With Shell),Local,6000,7000,6500,08/09/2026
Madhya Pradesh,Neemuch,Neemuch APMC,Groundnut,Big (With Shell),FAQ,5112,7560,6950,08/09/2026
Madhya Pradesh,Mandsaur,Mandsaur APMC,Groundnut,Big (With Shell),Non-FAQ,3500,8100,8001,08/09/2026
Madhya Pradesh,Mandsaur,Mandsaur APMC,Groundnut,Big (With Shell),FAQ,3750,5080,5080,08/09/2026
Madhya Pradesh,Neemuch,Neemuch APMC,Groundnut,Groundnut seed,FAQ,3400,10300,10300,08/09/2026
Maharashtra,Jalgaon,APMC Chopda ,Groundnut,Other,Non-FAQ,7001,7001,7001,08/09/2026
Maharashtra,Nashik,APMC Sinner ,Groundnut,Other,Non-FAQ,4400,4400,4400,08/09/2026
Maharashtra,Pune,APMC Baramati ,Groundnut,Other,Non-FAQ,5500,5500,5500,08/09/2026
Maharashtra,Nashik,APMC Malegaon ,Groundnut,Other,Non-FAQ,4300,5500,5300,08/09/2026
Maharashtra,Pune,APMC Baramati ,Groundnut,Other,FAQ,7700,7700,7700,08/09/2026
Maharashtra,Ahilyanagar,APMC Jamkhed ,Groundnut,Other,FAQ,7300,7800,7550,08/09/2026
Uttar Pradesh,Ayodhya,Ayodhya APMC,Groundnut,Other,FAQ,7501,7501,7501,08/09/2026
Uttar Pradesh,Mahoba,Mahoba APMC,Groundnut,Other,FAQ,6790,6790,6790,08/09/2026
Uttar Pradesh,Kanpur,Uttaripura APMC,Groundnut,Other,FAQ,5000,5000,5000,08/09/2026
Uttar Pradesh,Mainpuri,Mainpuri APMC,Groundnut,Other,FAQ,6021,6500,6271.95,08/09/2026
Uttar Pradesh,Etah,Etah APMC,Groundnut,Other,FAQ,6200,6300,6210.61,08/09/2026
Uttar Pradesh,Shahjahanpur,Jalalabad APMC,Groundnut,Other,FAQ,6000,8500,6599.02,08/09/2026
Uttar Pradesh,Mainpuri,Bewar APMC,Groundnut,Other,FAQ,6500,6500,6500,08/09/2026
Uttar Pradesh,Jhansi,Jhansi APMC,Groundnut,Other,FAQ,4910,7200,6074.66,08/09/2026
Rajasthan,Chittorgarh,Nimbahera APMC,Groundnut,Other,FAQ,6600,8000,7200,08/09/2026
Karnataka,Gadag,Laxmeshwar APMC,Groundnut,Gejje,Non-FAQ,1015,9666,6250,08/09/2026
Karnataka,Dharwad,APMC Hubballi,Groundnut,Gejje,Local,3113,9070,6752,08/09/2026
Karnataka,Davangere,Davangere APMC,Groundnut,Gejje,Local,6109,7450,7003,08/09/2026
Karnataka,Raichur,Raichur APMC,Groundnut,Shelled (Bunch),FAQ,5689,8909,7405,08/09/2026
Karnataka,Koppal,Koppal APMC,Groundnut,Gejje,Non-FAQ,6563,9091,7393,08/09/2026
Karnataka,Vijayanagara,Kottur APMC,Groundnut,Natte,Local,3099,9639,8504,08/09/2026
Karnataka,Gadag,Gadag APMC,Groundnut,Gejje,FAQ,5151,9810,8459,08/09/2026
Karnataka,Bagalkot,Bagalkot APMC,Groundnut,Gejje,Local,4000,4000,4000,08/09/2026
Karnataka,Bengaluru,Bengaluru APMC,Groundnut,Big (With Shell),FAQ,5500,6000,5750,08/09/2026
Karnataka,Haveri,Savanur APMC,Groundnut,Gejje,Local,7339,8889,8086,08/09/2026
Gujarat,Junagarh,Visavadar APMC,Groundnut,G20,FAQ,5250,7730,6490,08/09/2026
Gujarat,Rajkot,Jetpur(Dist.Rajkot) APMC,Groundnut,Other,FAQ,3355,7205,6125,08/09/2026
Gujarat,Jamnagar,Jamnagar APMC,Groundnut,Other,Local,6000,9400,8050,08/09/2026
Gujarat,Bhavnagar,Taleja APMC,Groundnut,Bold,FAQ,4310,7405,5860,08/09/2026
Gujarat,Amreli,Savarkundla APMC,Groundnut,Bold,Local,6000,7105,6500,08/09/2026
Gujarat,Gir Somnath,Veraval APMC,Groundnut,G20,FAQ,5505,7235,7005,08/09/2026
Gujarat,Morbi,Morbi APMC,Groundnut,Other,FAQ,7150,7530,7340,08/09/2026
Gujarat,Jamnagar,Jam Jodhpur APMC,Groundnut,G20,Local,5000,6500,6250,08/09/2026
Gujarat,Rajkot,Rajkot APMC,Groundnut,G20,FAQ,6305,9050,7500,08/09/2026
Gujarat,Junagarh,Junagadh APMC,Groundnut,Bold,FAQ,5500,6000,5750,08/09/2026
Gujarat,Amreli,APMC Bagasara,Groundnut,Balli/Habbu,Local,5500,5750,5635,08/09/2026
Gujarat,Rajkot,Rajkot APMC,Groundnut,Bold,FAQ,6500,7755,7300,08/09/2026
Gujarat,Jamnagar,Dhrol APMC,Groundnut,Other,Local,5100,6700,5900,08/09/2026
Gujarat,Morbi,APMC HALVAD,Groundnut,Other,Local,7000,9440,8650,08/09/2026
Gujarat,Amreli,The Agricultural Produce Market Committee-Amreli,Groundnut,Other,FAQ,4750,7500,6600,08/09/2026
Gujarat,Rajkot,Jasdan APMC,Groundnut,G20,FAQ,4000,7750,6400,08/09/2026
Gujarat,Junagarh,Visavadar APMC,Groundnut(Split),Groundnut(Split),FAQ,6500,7500,7000,08/09/2026
Gujarat,Junagarh,Junagadh APMC,Groundnut(Split),Groundnut(Split),FAQ,6500,8450,8250,08/09/2026
Gujarat,Amreli,The Agricultural Produce Market Committee-Amreli,Groundnut(Split),Groundnut(Split),FAQ,7500,9500,9500,08/09/2026
Gujarat,Surat,Surat APMC,Groundnut pods(raw),Other,FAQ,3000,4500,3750,08/09/2026
Andhra Pradesh,Tirupathi,Srikalahasti APMC,Groundnut,Local,Local,6500,6800,6650,08/09/2026
Andhra Pradesh,Ananthapuramu,Guntakal APMC,Groundnut,Local,Local,6000,8500,7000,08/09/2026
Andhra Pradesh,YSR Kadapa,Proddatur APMC,Groundnut,Local,Local,7100,7100,7100,08/09/2026
Andhra Pradesh,Chittor,Rompicherla APMC,Groundnut,Local,Local,3800,3800,3800,08/09/2026
Andhra Pradesh,Nandyal,Dhone APMC,Groundnut,Local,FAQ,6800,7000,6900,08/09/2026
Andhra Pradesh,Ananthapuramu,Kalyandurg APMC,Groundnut,Local,Grade Range-1,8000,8500,8300,08/09/2026
Andhra Pradesh,Ananthapuramu,Gooti APMC,Groundnut,Local,Grade Range-1,4300,6900,5800,08/09/2026
Andhra Pradesh,Kurnool,Kurnool APMC,Groundnut,Local,FAQ,4313,9507,8927,08/09/2026
Andhra Pradesh,Tirupathi,Venkatagiri APMC,Groundnut,Balli/Habbu,FAQ,5400,7200,6500,08/09/2026
Andhra Pradesh,YSR Kadapa,Kadapa,Groundnut,Big (With Shell),FAQ,2566,8359,8359,08/09/2026
Andhra Pradesh,Ananthapuramu,Singanamala APMC,Groundnut,Local,Grade Range-1,6600,7800,7200,08/09/2026
Andhra Pradesh,Annamayya,Rayachoti APMC,Groundnut,Local,Grade Range-1,7800,8200,8000,08/09/2026
Andhra Pradesh,YSR Kadapa,Kamalapuram APMC,Groundnut,Local,Local,7500,7500,7500,08/09/2026
Andhra Pradesh,Kurnool,Adoni APMC,Groundnut,Local,Grade Range-1,4499,9639,7589,08/09/2026
Andhra Pradesh,Sri Sathya Sai,Penukonda APMC,Groundnut,Local,FAQ,7400,7600,7500,08/09/2026
Andhra Pradesh,Sri Sathya Sai,Dharmavaram APMC,Groundnut,Local,FAQ,7000,7200,7100,08/09/2026
Andhra Pradesh,Alluri Sitharama Raju,Chintapally APMC,Groundnut,Local,FAQ,6700,7300,7000,08/09/2026
Andhra Pradesh,Sri Sathya Sai,Madakasira APMC,Groundnut,Local,FAQ,7300,7300,7300,08/09/2026
Andhra Pradesh,Sri Sathya Sai,Puttaparthi  APMC,Groundnut,F.A.Q,FAQ,6400,6800,6600,08/09/2026
Andhra Pradesh,Bapatla,Bapatla APMC,Groundnut,Local,Local,7500,8000,7750,08/09/2026
Andhra Pradesh,Ananthapuramu,Urvakonda APMC,Groundnut,Local,Local,7000,8000,7500,08/09/2026
Telangana,Hyderabad,Bowenpally APMC,Groundnut pods(raw),Groundnut pods (raw),FAQ,2000,4500,3500,08/09/2026
Madhya Pradesh,Jhabua,Petlawad APMC,Wheat,Lokwan,FAQ,2650,2690,2690,08/09/2026
Madhya Pradesh,Indore,Sanwer APMC,Wheat,Wheat,Non-FAQ,2616,2780,2780,08/09/2026
Madhya Pradesh,Khargone,Kasrawad APMC,Wheat,Wheat,FAQ,2555,2870,2800,08/09/2026
Madhya Pradesh,Shajapur,Susner APMC,Wheat,Wheat,Non-FAQ,2440,2725,2591,08/09/2026
Madhya Pradesh,Guna,Binaganj APMC,Wheat,Wheat,FAQ,2575,2705,2670,08/09/2026
Madhya Pradesh,Guna,Maksudangarh APMC,Wheat,Wheat,FAQ,2561,3050,2740,08/09/2026
Madhya Pradesh,Shivpuri,Kolaras APMC,Wheat,Wheat,FAQ,2645,2655,2655,08/09/2026
Madhya Pradesh,Shivpuri,Kolaras APMC,Wheat,Wheat,Non-FAQ,2490,2670,2650,08/09/2026
Madhya Pradesh,Narsinghpur,Gotegaon APMC,Wheat,Wheat,FAQ,2601,2675,2671,08/09/2026
Madhya Pradesh,Raisen,Begamganj APMC,Wheat,Wheat,Non-FAQ,2515,2705,2625,08/09/2026
Madhya Pradesh,Bhind,Mow APMC,Wheat,Mill Quality,Non-FAQ,2490,2490,2490,08/09/2026
Madhya Pradesh,Harda,Timarni APMC,Wheat,Mill Quality,Non-FAQ,2650,2650,2650,08/09/2026
Madhya Pradesh,Bhind,Bhind APMC,Wheat,Wheat,Non-FAQ,2617,2645,2636,08/09/2026
Madhya Pradesh,Sheopur,Vijaypur APMC,Wheat,Wheat,FAQ,2500,2560,2550,08/09/2026
Madhya Pradesh,Sagar,Rahatgarh APMC,Wheat,Wheat,Non-FAQ,2600,2600,2600,08/09/2026
Madhya Pradesh,Chhindwara,Chhindwara APMC,Wheat,Wheat,FAQ,2650,2905,2731,08/09/2026
Madhya Pradesh,Narsinghpur,Gadarwada APMC,Wheat,Mill Quality,Non-FAQ,2596,2650,2642,08/09/2026
Madhya Pradesh,Narsinghpur,Kareli APMC,Wheat,Wheat,FAQ,2626,2692,2654,08/09/2026
Madhya Pradesh,Narsinghpur,Narsinghpur APMC,Wheat,Mill Quality,FAQ,2612,2670,2649,08/09/2026
Madhya Pradesh,Rewa,Rewa APMC,Wheat,Mill Quality,FAQ,2425,2680,2650,08/09/2026
Madhya Pradesh,Shivpuri,Khatora APMC,Wheat,Wheat,FAQ,2520,2755,2520,08/09/2026
Madhya Pradesh,Jabalpur,Paatan APMC,Wheat,Mill Quality,Non-FAQ,2610,2715,2655,08/09/2026
Madhya Pradesh,Jabalpur,Paatan APMC,Wheat,Wheat,FAQ,2600,2780,2680,08/09/2026
Madhya Pradesh,Panna,Panna APMC,Wheat,Mill Quality,FAQ,2505,2585,2583,08/09/2026
Madhya Pradesh,Dewas,Dewas APMC,Wheat,Wheat,FAQ,2200,3086,2640,08/09/2026
Madhya Pradesh,Neemuch,Neemuch APMC,Wheat,Wheat,FAQ,2310,3225,2900,08/09/2026
Madhya Pradesh,Morena,Morena APMC,Wheat,Wheat,Non-FAQ,2620,2684,2684,08/09/2026
Madhya Pradesh,Raisen,Raisen APMC,Wheat,Wheat,FAQ,2560,2801,2601,08/09/2026
Madhya Pradesh,Mandsaur,Mandsaur APMC,Wheat,Lokwan,FAQ,2700,2723,2723,08/09/2026
Madhya Pradesh,Indore,Mhow APMC,Wheat,Wheat,FAQ,2581,2810,2728,08/09/2026
Madhya Pradesh,Burhanpur,Burhanpur APMC,Wheat,Wheat,FAQ,2560,2650,2650,08/09/2026
Madhya Pradesh,Rewa,Baikunthpur APMC,Wheat,Wheat,Non-FAQ,2500,2600,2580,08/09/2026
Madhya Pradesh,Umariya,Umariya APMC,Wheat,Local,Non-FAQ,2540,2540,2540,08/09/2026
Madhya Pradesh,Bhind,Mehgaon APMC,Wheat,Wheat,FAQ,2400,2500,2400,08/09/2026
Madhya Pradesh,Badwani,Badwani APMC,Wheat,Lokwan,FAQ,2150,2390,2390,08/09/2026
Madhya Pradesh,Ujjain,Nagda APMC,Wheat,Wheat,Non-FAQ,2520,2700,2700,08/09/2026
Madhya Pradesh,Bhopal,Berasia APMC,Wheat,Mill Quality,FAQ,2545,2840,2650,08/09/2026
Madhya Pradesh,Ujjain,Mahidpur APMC,Wheat,Wheat,FAQ,2375,2784,2690,08/09/2026
Madhya Pradesh,Dewas,Sonkatch APMC,Wheat,Wheat,FAQ,1301,2786,2600,08/09/2026
Madhya Pradesh,Sagar,Banda APMC,Wheat,Wheat,FAQ,2550,2565,2565,08/09/2026
Madhya Pradesh,Damoh,Javera APMC,Wheat,Mill Quality,Non-FAQ,2560,2600,2600,08/09/2026
Madhya Pradesh,Shajapur,Soyatkalan APMC,Wheat,Wheat,FAQ,2477,2680,2680,08/09/2026
Madhya Pradesh,Raisen,Obedullaganj APMC,Wheat,Sharbati,FAQ,3250,3400,3400,08/09/2026
Madhya Pradesh,Raisen,Obedullaganj APMC,Wheat,Local,FAQ,2540,2816,2720,08/09/2026
Madhya Pradesh,Mandsaur,Daloda APMC,Wheat,Wheat,FAQ,2400,3031,2740,08/09/2026
Madhya Pradesh,Gwalior,Bhitarwar APMC,Wheat,Mill Quality,Non-FAQ,2605,2630,2630,08/09/2026
Madhya Pradesh,Jabalpur,Sihora APMC,Wheat,Mill Quality,Non-FAQ,2691,2691,2691,08/09/2026
Madhya Pradesh,Tikamgarh,Khargapur APMC,Wheat,Mill Quality,FAQ,2550,2610,2600,08/09/2026
Madhya Pradesh,Seoni,Palari APMC,Wheat,Wheat,Non-FAQ,2600,2650,2650,08/09/2026
Madhya Pradesh,Vidisha,Shamshabad APMC,Wheat,Wheat,FAQ,2570,2711,2585,08/09/2026
Madhya Pradesh,Dewas,Loharda APMC,Wheat,Wheat,FAQ,2675,2750,2675,08/09/2026
Madhya Pradesh,Shivpuri,Barad APMC,Wheat,Wheat,FAQ,2550,2610,2610,08/09/2026
Madhya Pradesh,Jabalpur,Paatan APMC,Wheat,Mohan Mondal,Non-FAQ,2655,2655,2655,08/09/2026
Madhya Pradesh,Ashoknagar,Ashoknagar APMC,Wheat,Wheat,FAQ,2550,5770,2625,08/09/2026
Madhya Pradesh,Satna,Satna APMC,Wheat,Wheat,FAQ,2300,2745,2590,08/09/2026
Madhya Pradesh,Katni,Katni APMC,Wheat,Wheat,Non-FAQ,2360,2711,2637,08/09/2026
Madhya Pradesh,Sehore,Sehore APMC,Wheat,Mill Quality,FAQ,2660,3044,3044,08/09/2026
Madhya Pradesh,Raisen,Raisen APMC,Wheat,Mill Quality,FAQ,2560,2690,2690,08/09/2026
Madhya Pradesh,Dhar,Dhar APMC,Wheat,Lokwan,FAQ,2100,2300,2300,08/09/2026
Madhya Pradesh,Mandsaur,Mandsaur APMC,Wheat,Lokwan,Non-FAQ,2690,2770,2725,08/09/2026
Madhya Pradesh,Mandsaur,Mandsaur APMC,Wheat,Wheat,Non-FAQ,1601,3071,2801,08/09/2026
Madhya Pradesh,Burhanpur,Burhanpur APMC,Wheat,Wheat,Non-FAQ,2622,2765,2765,08/09/2026
Madhya Pradesh,Umariya,Umariya APMC,Wheat,Mill Quality,Non-FAQ,2301,2500,2500,08/09/2026
Madhya Pradesh,Umariya,Umariya APMC,Wheat,Wheat,Non-FAQ,2403,2610,2465,08/09/2026
Madhya Pradesh,Dhar,Kukshi APMC,Wheat,Wheat,Non-FAQ,2485,2600,2600,08/09/2026
Madhya Pradesh,Ujjain,Tarana APMC,Wheat,Wheat,FAQ,2351,2821,2600,08/09/2026
Madhya Pradesh,Ratlam,A lot APMC,Wheat,Wheat,FAQ,2505,2696,2680,08/09/2026
Madhya Pradesh,Shajapur,Agar APMC,Wheat,Wheat,FAQ,2390,2925,2600,08/09/2026
Madhya Pradesh,Guna,Kumbhraj APMC,Wheat,Wheat,FAQ,2310,2915,2700,08/09/2026
Madhya Pradesh,Bhind,Gohad APMC,Wheat,Wheat,FAQ,2510,2695,2670,08/09/2026
Madhya Pradesh,Chhindwara,Chaurai APMC,Wheat,Mill Quality,FAQ,2652,2750,2726,08/09/2026
Madhya Pradesh,Vidisha,Lateri APMC,Wheat,Wheat,FAQ,2350,2400,2400,08/09/2026
Madhya Pradesh,Dindori,Shahpura APMC,Wheat,Mill Quality,Non-FAQ,2400,2425,2400,08/09/2026
Madhya Pradesh,Sehore,Nasrullaganj APMC,Wheat,Wheat,Non-FAQ,2600,2620,2600,08/09/2026
Madhya Pradesh,Raisen,Obedullaganj APMC,Wheat,Malwa Shakti,FAQ,2575,2625,2625,08/09/2026
Madhya Pradesh,Hoshangabad,Babai APMC,Wheat,Mill Quality,FAQ,2500,2600,2600,08/09/2026
Madhya Pradesh,Raisen,Udaipura APMC,Wheat,Mill Quality,FAQ,2575,2715,2675,08/09/2026
Madhya Pradesh,Raisen,Begamganj APMC,Wheat,Wheat,FAQ,2460,2660,2610,08/09/2026
Madhya Pradesh,Raisen,Gairatganj APMC,Wheat,Wheat,Non-FAQ,2631,2631,2631,08/09/2026
Madhya Pradesh,Bhind,Mow APMC,Wheat,Wheat,Non-FAQ,2480,2550,2500,08/09/2026
Madhya Pradesh,Rajgarh,Khujner APMC,Wheat,Mill Quality,FAQ,2450,2450,2450,08/09/2026
Madhya Pradesh,Harda,Khirakiya APMC,Wheat,Wheat,Non-FAQ,2200,2705,2688,08/09/2026
Madhya Pradesh,Bhind,Lahar APMC,Wheat,Wheat,FAQ,2600,2648,2640,08/09/2026
Madhya Pradesh,Sagar,Rahatgarh APMC,Wheat,Mill Quality,Non-FAQ,2573,2573,2573,08/09/2026
Madhya Pradesh,Sagar,Kesli APMC,Wheat,Wheat,FAQ,2550,2580,2580,08/09/2026
Madhya Pradesh,Chhatarpur,Harpalpur APMC,Wheat,Wheat,FAQ,2625,2708,2700,08/09/2026
Madhya Pradesh,Chhatarpur,Rajnagar APMC,Wheat,Mill Quality,FAQ,2500,2630,2540,08/09/2026
Madhya Pradesh,Mandla,Nainpur APMC,Wheat,Mill Quality,FAQ,2470,2505,2505,08/09/2026
Madhya Pradesh,Narsinghpur,Gadarwada APMC,Wheat,Mill Quality,FAQ,2450,2656,2638,08/09/2026
Madhya Pradesh,Seoni,Ghansour APMC,Wheat,Mill Quality,Non-FAQ,2401,2430,2405,08/09/2026
Madhya Pradesh,Rewa,Chaakghat APMC,Wheat,Wheat,FAQ,2570,2570,2570,08/09/2026
Madhya Pradesh,Harda,Sirali APMC,Wheat,Mill Quality,FAQ,2700,2760,2711,08/09/2026
Madhya Pradesh,Jhabua,Thandla APMC,Wheat,Lokwan,FAQ,2500,2600,2600,08/09/2026
Madhya Pradesh,Shajapur,Badod APMC,Wheat,Wheat,Non-FAQ,2599,2700,2630,08/09/2026
Madhya Pradesh,Datia,Sevda APMC,Wheat,Mill Quality,Non-FAQ,2586,2620,2620,08/09/2026
Madhya Pradesh,Damoh,Damoh APMC,Wheat,Mill Quality,Non-FAQ,2600,2600,2600,08/09/2026
Madhya Pradesh,Seoni,Seoni APMC,Wheat,Local,FAQ,2595,2650,2620,08/09/2026
Madhya Pradesh,Chhatarpur,Naugaon APMC,Wheat,Wheat,Non-FAQ,2560,2715,2690,08/09/2026
Madhya Pradesh,Jabalpur,Shahpura Bhitoni (F&V) APMC,Wheat,Mill Quality,FAQ,2600,2652,2652,08/09/2026
Madhya Pradesh,Rajgarh,Narsinghgarh APMC,Wheat,Wheat,FAQ,2540,2775,2740,08/09/2026
Madhya Pradesh,Mandsaur,Sitmau APMC,Wheat,Lokwan,FAQ,2552,2859,2752,08/09/2026
Madhya Pradesh,Ratlam,Jaora APMC,Wheat,Wheat,FAQ,2500,3161,2800,08/09/2026
Madhya Pradesh,Ratlam,Sailana APMC,Wheat,Wheat,FAQ,2475,2991,2700,08/09/2026
Madhya Pradesh,Shivpuri,Khatora APMC,Wheat,Wheat,Non-FAQ,2520,2635,2635,08/09/2026
Madhya Pradesh,Chhatarpur,Bakswaha APMC,Wheat,Mill Quality,FAQ,2525,2540,2540,08/09/2026
Madhya Pradesh,Panna,Pawai APMC,Wheat,Wheat,Non-FAQ,2590,2610,2590,08/09/2026
Madhya Pradesh,Shivpuri,Magroni APMC,Wheat,Wheat,FAQ,2409,2655,2655,08/09/2026
Madhya Pradesh,Sheopur,Sheopurkalan APMC,Wheat,Wheat,Non-FAQ,2640,2640,2640,08/09/2026
Madhya Pradesh,Sheopur,Sheopurkalan APMC,Wheat,Wheat,FAQ,2500,2713,2641,08/09/2026
Madhya Pradesh,Sagar,Bina APMC,Wheat,Wheat,FAQ,2500,5005,2650,08/09/2026
Madhya Pradesh,Chhatarpur,LavKush Nagar(Laundi) APMC,Wheat,Mill Quality,FAQ,2425,2450,2450,08/09/2026
Madhya Pradesh,Tikamgarh,Tikamgarh APMC,Wheat,Wheat,FAQ,2530,2656,2630,08/09/2026
Madhya Pradesh,Tikamgarh,Jatara APMC,Wheat,Mill Quality,Non-FAQ,2546,2560,2557,08/09/2026
Madhya Pradesh,Tikamgarh,Niwadi APMC,Wheat,Mill Quality,Non-FAQ,2625,2656,2650,08/09/2026
Madhya Pradesh,Shehdol,Budhar APMC,Wheat,Mill Quality,Non-FAQ,2600,2620,2620,08/09/2026
Madhya Pradesh,Raisen,Udaipura APMC,Wheat,Mill Quality,Non-FAQ,2655,2655,2655,08/09/2026
Madhya Pradesh,Raisen,Begamganj APMC,Wheat,Other,FAQ,2610,2660,2655,08/09/2026
Madhya Pradesh,Rajgarh,Khilchipur APMC,Wheat,Mill Quality,FAQ,2580,2689,2679,08/09/2026
Madhya Pradesh,Harda,Timarni APMC,Wheat,Wheat,FAQ,2676,2720,2717,08/09/2026
Madhya Pradesh,Hoshangabad,Pipariya APMC,Wheat,Wheat,FAQ,2238,2740,2719,08/09/2026
Madhya Pradesh,Datia,Bhander APMC,Wheat,Mill Quality,FAQ,2592,2698,2659,08/09/2026
Madhya Pradesh,Indore,Indore APMC,Wheat,Wheat,Non-FAQ,2490,2500,2500,08/09/2026
Madhya Pradesh,Indore,Indore APMC,Wheat,Malwa Shakti,Non-FAQ,2765,2765,2765,08/09/2026
Madhya Pradesh,Gwalior,Dabra APMC,Wheat,Other,FAQ,2650,2799,2780,08/09/2026
Madhya Pradesh,Satna,Satna APMC,Wheat,Mill Quality,Non-FAQ,2500,2500,2500,08/09/2026
Madhya Pradesh,Vidisha,Ganjbasoda APMC,Wheat,PISSI,FAQ,2625,2750,2750,08/09/2026
Madhya Pradesh,Vidisha,Ganjbasoda APMC,Wheat,Wheat,FAQ,2480,2795,2610,08/09/2026
Madhya Pradesh,Sehore,Ashta APMC,Wheat,Wheat,FAQ,2561,5851,2800,08/09/2026
Madhya Pradesh,Sehore,Sehore APMC,Wheat,Sharbati,FAQ,2982,3632,3632,08/09/2026
Madhya Pradesh,Sehore,Sehore APMC,Wheat,Malwa Shakti,FAQ,2626,2792,2792,08/09/2026
Madhya Pradesh,Hoshangabad,Itarsi APMC,Wheat,Wheat,FAQ,2676,2746,2706,08/09/2026
Madhya Pradesh,Dhar,Dhar APMC,Wheat,Wheat,FAQ,2100,3054,2754,08/09/2026
Madhya Pradesh,Khargone,Khargone APMC,Wheat,Wheat,FAQ,2576,2841,2761,08/09/2026
Madhya Pradesh,Khandwa,Khandwa APMC,Wheat,Wheat,FAQ,2450,2811,2775,08/09/2026
Madhya Pradesh,Khandwa,Khandwa APMC,Wheat,Mill Quality,FAQ,2500,2910,2785,08/09/2026
Madhya Pradesh,Mandsaur,Mandsaur APMC,Wheat,Wheat,FAQ,2520,2761,2761,08/09/2026
Madhya Pradesh,Morena,Kailaras APMC,Wheat,Wheat,FAQ,2526,2629,2600,08/09/2026
Madhya Pradesh,Hoshangabad,Banapura APMC,Wheat,Local,FAQ,2639,2747,2711,08/09/2026
Madhya Pradesh,Hoshangabad,Bankhedi APMC,Wheat,Mill Quality,FAQ,2661,2701,2700,08/09/2026
Madhya Pradesh,Neemuch,Manasa APMC,Wheat,Wheat,FAQ,2500,2970,2661,08/09/2026
Madhya Pradesh,Bhopal,Berasia APMC,Wheat,Wheat,FAQ,2456,2877,2650,08/09/2026
Madhya Pradesh,Dewas,Khategaon APMC,Wheat,Wheat,FAQ,2661,2782,2708,08/09/2026
Madhya Pradesh,Sagar,Khurai APMC,Wheat,Wheat,FAQ,2500,4851,2680,08/09/2026
Madhya Pradesh,Damoh,Patharia APMC,Wheat,Wheat,FAQ,2580,2647,2631,08/09/2026
Madhya Pradesh,Badwani,Khetia APMC,Wheat,Lokwan,FAQ,2150,2200,2200,08/09/2026
Madhya Pradesh,Hoshangabad,Hoshangabad APMC,Wheat,Mill Quality,Non-FAQ,2400,2475,2475,08/09/2026
Madhya Pradesh,Vidisha,Lateri APMC,Wheat,Mill Quality,FAQ,2350,2350,2350,08/09/2026
Madhya Pradesh,Mandsaur,Bhanpura APMC,Wheat,Mill Quality,FAQ,2400,2630,2500,08/09/2026
Madhya Pradesh,Satna,Ramnagar APMC,Wheat,Mill Quality,Non-FAQ,2590,2605,2605,08/09/2026
Madhya Pradesh,Sagar,Malthone APMC,Wheat,Wheat,FAQ,2535,2565,2565,08/09/2026
Madhya Pradesh,Sehore,Nasrullaganj APMC,Wheat,Wheat,FAQ,2675,3009,2700,08/09/2026
Madhya Pradesh,Sehore,Jawar APMC,Wheat,Wheat,FAQ,1650,2839,2612,08/09/2026
Madhya Pradesh,Raisen,Silvani APMC,Wheat,Wheat,FAQ,2632,2659,2641,08/09/2026
Madhya Pradesh,Jabalpur,Sihora APMC,Wheat,Wheat,FAQ,2385,2747,2677,08/09/2026
Madhya Pradesh,Sidhi,Sidhi APMC,Wheat,Mill Quality,Non-FAQ,2300,2460,2320,08/09/2026
Madhya Pradesh,Ujjain,Badnagar APMC,Wheat,Wheat Mix,Non-FAQ,1000,1000,1000,08/09/2026
Madhya Pradesh,Dewas,Haatpipliya APMC,Wheat,Wheat,Non-FAQ,2531,3056,2785,08/09/2026
Madhya Pradesh,Sheopur,Sheopurbadod APMC,Wheat,Wheat,FAQ,2605,2670,2670,08/09/2026
Madhya Pradesh,Shivpuri,Karera APMC,Wheat,Mill Quality,FAQ,2490,2503,2503,08/09/2026
Madhya Pradesh,Shivpuri,Pichhour APMC,Wheat,Wheat,Non-FAQ,2558,2600,2600,08/09/2026
Madhya Pradesh,Hoshangabad,Semriharchand APMC,Wheat,Mill Quality,FAQ,1100,2675,2675,08/09/2026
Madhya Pradesh,Alirajpur,Alirajpur APMC,Wheat,Wheat,FAQ,2350,2600,2500,08/09/2026
Madhya Pradesh,Indore,Sanwer APMC,Wheat,Wheat,FAQ,2551,2780,2690,08/09/2026
Madhya Pradesh,Shajapur,Shujalpur APMC,Wheat,Wheat,FAQ,2561,2912,2912,08/09/2026
Madhya Pradesh,Shivpuri,Khaniadhana APMC,Wheat,Mill Quality,FAQ,2400,2522,2455,08/09/2026
Madhya Pradesh,Datia,Sevda APMC,Wheat,Mill Quality,FAQ,2620,2656,2630,08/09/2026
Madhya Pradesh,Guna,Guna APMC,Wheat,Wheat,FAQ,2460,5700,2780,08/09/2026
Madhya Pradesh,Ashoknagar,Chanderi APMC,Wheat,Wheat,Non-FAQ,2615,2666,2645,08/09/2026
Madhya Pradesh,Seoni,Seoni APMC,Wheat,Wheat,FAQ,2596,2596,2596,08/09/2026
Madhya Pradesh,Ujjain,Ujjain APMC,Wheat,Wheat,FAQ,1823,3141,2780,08/09/2026
Madhya Pradesh,Panna,Panna APMC,Wheat,Mill Quality,Non-FAQ,2480,2571,2510,08/09/2026
Madhya Pradesh,Ashoknagar,Ashoknagar APMC,Wheat,Sharbati,FAQ,2800,6000,4700,08/09/2026
Madhya Pradesh,Datia,Bhander APMC,Wheat,Other,FAQ,2653,2686,2686,08/09/2026
Madhya Pradesh,Indore,Indore APMC,Wheat,Wheat,FAQ,2150,3160,2765,08/09/2026
Madhya Pradesh,Bhopal,Bhopal APMC,Wheat,Wheat,FAQ,2525,3062,2760,08/09/2026
Madhya Pradesh,Gwalior,Dabra APMC,Wheat,Wheat,FAQ,2650,2790,2790,08/09/2026
Madhya Pradesh,Satna,Satna APMC,Wheat,Wheat,Non-FAQ,2450,2500,2500,08/09/2026
Madhya Pradesh,Vidisha,Ganjbasoda APMC,Wheat,Sujatha,FAQ,2445,3300,2900,08/09/2026
Madhya Pradesh,Vidisha,Ganjbasoda APMC,Wheat,Malwa Shakti,FAQ,2613,2633,2633,08/09/2026
Madhya Pradesh,Katni,Katni APMC,Wheat,Mill Quality,FAQ,2400,2625,2600,08/09/2026
Madhya Pradesh,Katni,Katni APMC,Wheat,Mill Quality,Non-FAQ,2680,2680,2680,08/09/2026
Madhya Pradesh,Betul,Betul APMC,Wheat,Mill Quality,FAQ,2500,2780,2690,08/09/2026
Madhya Pradesh,Sehore,Sehore APMC,Wheat,Wheat,FAQ,2550,3131,2800,08/09/2026
Madhya Pradesh,Mandsaur,Mandsaur APMC,Wheat,Malwa Shakti,Non-FAQ,2551,2660,2660,08/09/2026
Madhya Pradesh,Rajgarh,Jeerapur APMC,Wheat,Wheat,FAQ,1555,2665,2655,08/09/2026
Madhya Pradesh,Jhabua,Jhabua APMC,Wheat,Wheat,FAQ,2868,3000,3000,08/09/2026
Madhya Pradesh,Shajapur,Nalkehda APMC,Wheat,Wheat,FAQ,2200,2708,2580,08/09/2026
Madhya Pradesh,Harda,Harda APMC,Wheat,Mill Quality,FAQ,2301,2727,2700,08/09/2026
Madhya Pradesh,Betul,Multai APMC,Wheat,Mill Quality,FAQ,2598,2658,2638,08/09/2026
Madhya Pradesh,Sagar,Rehli APMC,Wheat,Wheat,Non-FAQ,2589,2677,2610,08/09/2026
Madhya Pradesh,Sehore,Rehati APMC,Wheat,Wheat,FAQ,2501,2501,2501,08/09/2026
Madhya Pradesh,Satna,Amarpatan APMC,Wheat,Mill Quality,FAQ,2562,2600,2570,08/09/2026
Madhya Pradesh,Vidisha,Lateri APMC,Wheat,Mill Quality,Non-FAQ,2545,3000,2800,08/09/2026
Madhya Pradesh,Shajapur,Akodiya APMC,Wheat,Wheat,FAQ,2163,2841,2641,08/09/2026
Madhya Pradesh,Raisen,Obedullaganj APMC,Wheat,Wheat,FAQ,2560,2560,2560,08/09/2026
Madhya Pradesh,Rajgarh,Biaora APMC,Wheat,Wheat,FAQ,2200,2810,2695,08/09/2026
Madhya Pradesh,Shivpuri,Pohari APMC,Wheat,Wheat,Non-FAQ,2445,2630,2630,08/09/2026
Madhya Pradesh,Bhind,Alampur APMC,Wheat,Wheat,Non-FAQ,2560,2640,2640,08/09/2026
Madhya Pradesh,Morena,Ambaha APMC,Wheat,Wheat,Non-FAQ,2550,2605,2600,08/09/2026
Madhya Pradesh,Sagar,Deori APMC,Wheat,Wheat,FAQ,2535,2590,2590,08/09/2026
Madhya Pradesh,Sagar,Bamora APMC,Wheat,Mill Quality,FAQ,2524,2700,2700,08/09/2026
Madhya Pradesh,Sagar,Shahagarh APMC,Wheat,Mill Quality,Non-FAQ,2540,2595,2585,08/09/2026
Madhya Pradesh,Panna,Devandranagar APMC,Wheat,Wheat,Non-FAQ,2380,2510,2510,08/09/2026
Madhya Pradesh,Seoni,Chhpara APMC,Wheat,Wheat,Non-FAQ,2410,2500,2500,08/09/2026
Madhya Pradesh,Satna,Nagod APMC,Wheat,Mill Quality,FAQ,2560,2590,2590,08/09/2026
Madhya Pradesh,Shehdol,Shahdol APMC,Wheat,Wheat,FAQ,2500,2500,2500,08/09/2026
Madhya Pradesh,Shehdol,Beohari APMC,Wheat,Mohan Mondal,FAQ,2490,2490,2490,08/09/2026
Madhya Pradesh,Dhar,Manawar APMC,Wheat,Wheat,FAQ,2700,2735,2720,08/09/2026
Madhya Pradesh,Dhar,Manawar APMC,Wheat,Wheat,Non-FAQ,2710,2710,2710,08/09/2026
Madhya Pradesh,Khargone,Sanawad APMC,Wheat,Wheat,FAQ,2558,2891,2755,08/09/2026
Madhya Pradesh,Alirajpur,Jobat APMC,Wheat,Wheat,Non-FAQ,2540,2570,2570,08/09/2026
Madhya Pradesh,Shajapur,Shajapur APMC,Wheat,Wheat,FAQ,2015,2821,2762,08/09/2026
Madhya Pradesh,Shajapur,Kalapipal APMC,Wheat,Wheat,FAQ,2475,2826,2648,08/09/2026
Madhya Pradesh,Ashoknagar,Isagarh APMC,Wheat,Wheat,FAQ,2615,2665,2665,08/09/2026
Madhya Pradesh,Satna,Mehar APMC,Wheat,Wheat,Non-FAQ,2630,2630,2630,08/09/2026
Madhya Pradesh,Satna,Mehar APMC,Wheat,Local,Non-FAQ,2520,2645,2620,08/09/2026
Madhya Pradesh,Narsinghpur,Tendukheda APMC,Wheat,Wheat,FAQ,2450,2500,2500,08/09/2026
Madhya Pradesh,Balaghat,Lalbarra APMC,Wheat,Wheat,FAQ,2400,2400,2400,08/09/2026
Madhya Pradesh,Rajgarh,Pachaur APMC,Wheat,Wheat,FAQ,2201,2680,2580,08/09/2026
Madhya Pradesh,Rajgarh,Kurawar APMC,Wheat,Wheat,FAQ,2370,2920,2650,08/09/2026
Madhya Pradesh,Ujjain,Badnagar APMC,Wheat,Wheat,FAQ,2572,3030,2790,08/09/2026
Madhya Pradesh,Ujjain,Unhel APMC,Wheat,Wheat,FAQ,2561,2669,2669,08/09/2026
Madhya Pradesh,Dewas,Bagli APMC,Wheat,Mill Quality,Non-FAQ,2420,2519,2519,08/09/2026
Madhya Pradesh,Mandsaur,Sitmau APMC,Wheat,Wheat,FAQ,2501,2850,2751,08/09/2026
Madhya Pradesh,Shivpuri,Shivpuri APMC,Wheat,Wheat,FAQ,2500,2640,2640,08/09/2026
Madhya Pradesh,Shivpuri,Karera APMC,Wheat,Wheat,FAQ,2400,2610,2500,08/09/2026
Madhya Pradesh,Shivpuri,Pichhour APMC,Wheat,Mill Quality,Non-FAQ,2568,2598,2575,08/09/2026
Madhya Pradesh,Panna,Simariya APMC,Wheat,Wheat,Non-FAQ,2450,2460,2460,08/09/2026
Madhya Pradesh,Tikamgarh,Palera APMC,Wheat,Mill Quality,Non-FAQ,2550,2587,2570,08/09/2026
Madhya Pradesh,Tikamgarh,Prithvipur APMC,Wheat,Mill Quality,Non-FAQ,2516,2635,2608,08/09/2026
Madhya Pradesh,Sehore,Shyampur APMC,Wheat,Mill Quality,FAQ,2560,2620,2620,08/09/2026
Madhya Pradesh,Raisen,Begamganj APMC,Wheat,Other,Non-FAQ,2625,2640,2625,08/09/2026
Madhya Pradesh,Vidisha,Sironj APMC,Wheat,Wheat,FAQ,2500,2955,2570,08/09/2026
Madhya Pradesh,Rajgarh,Chhapiheda APMC,Wheat,Wheat,FAQ,2640,2789,2765,08/09/2026
Madhya Pradesh,Harda,Khirakiya APMC,Wheat,Mill Quality,Non-FAQ,2450,2712,2696,08/09/2026
Madhya Pradesh,Mandla,Krishi Upaj Mandi Samiti Bichhiya,Wheat,Wheat,FAQ,2500,2510,2500,08/09/2026
Madhya Pradesh,Sidhi,Sidhi APMC,Wheat,Wheat,FAQ,2400,2400,2400,08/09/2026
Madhya Pradesh,Rajgarh,Sarangpur APMC,Wheat,Wheat,Non-FAQ,2581,2794,2661,08/09/2026
Madhya Pradesh,Balaghat,Balaghat APMC,Wheat,Wheat,Non-FAQ,2195,2195,2195,08/09/2026
Madhya Pradesh,Shivpuri,Pohari APMC,Wheat,Wheat,FAQ,2500,2655,2655,08/09/2026
Madhya Pradesh,Bhind,Bhind APMC,Wheat,Wheat,FAQ,2648,2649,2649,08/09/2026
Madhya Pradesh,Bhind,Bhind APMC,Wheat,Mill Quality,Non-FAQ,2648,2648,2648,08/09/2026
Madhya Pradesh,Bhind,Alampur APMC,Wheat,Mill Quality,Non-FAQ,2581,2700,2700,08/09/2026
Madhya Pradesh,Sagar,Sagar APMC,Wheat,Wheat,FAQ,2390,2930,2625,08/09/2026
Madhya Pradesh,Jabalpur,Jabalpur APMC,Wheat,Wheat,FAQ,2550,2719,2650,08/09/2026
Madhya Pradesh,Chhatarpur,LavKush Nagar(Laundi) APMC,Wheat,Mill Quality,Non-FAQ,2420,2510,2510,08/09/2026
Madhya Pradesh,Panna,Ajaygarh APMC,Wheat,Mill Quality,FAQ,2570,2630,2580,08/09/2026
Madhya Pradesh,Panna,Devandranagar APMC,Wheat,Wheat,FAQ,2460,2495,2495,08/09/2026
Madhya Pradesh,Tikamgarh,Niwadi APMC,Wheat,Mill Quality,FAQ,2300,2656,2650,08/09/2026
Madhya Pradesh,Seoni,Ghansour APMC,Wheat,Mill Quality,FAQ,2300,2350,2350,08/09/2026
Madhya Pradesh,Rewa,Hanumana APMC,Wheat,Mill Quality,FAQ,2450,2600,2450,08/09/2026
Madhya Pradesh,Satna,Nagod APMC,Wheat,Wheat,FAQ,2570,2615,2580,08/09/2026
Madhya Pradesh,Shehdol,Shahdol APMC,Wheat,Wheat,Non-FAQ,2500,2500,2500,08/09/2026
Madhya Pradesh,Shehdol,Beohari APMC,Wheat,Mill Quality,FAQ,2475,2521,2520,08/09/2026
Madhya Pradesh,Chhindwara,Pandhurna APMC,Wheat,Wheat,Non-FAQ,2450,2500,2500,08/09/2026
Madhya Pradesh,Rewa,Chaakghat APMC,Wheat,Mill Quality,FAQ,2500,2550,2500,08/09/2026
Madhya Pradesh,Rajgarh,Khujner APMC,Wheat,Wheat,FAQ,2485,2729,2697,08/09/2026
Madhya Pradesh,Dhar,Rajgarh APMC,Wheat,Wheat,FAQ,2576,2833,2751,08/09/2026
Madhya Pradesh,Khargone,Badwaha APMC,Wheat,Wheat,FAQ,2590,2747,2721,08/09/2026
Madhya Pradesh,Shivpuri,Khaniadhana APMC,Wheat,Mill Quality,Non-FAQ,2475,2490,2490,08/09/2026
Madhya Pradesh,Datia,Datia APMC,Wheat,Mill Quality,FAQ,2601,2691,2681,08/09/2026
Madhya Pradesh,Datia,Datia APMC,Wheat,Lokwan,FAQ,2695,2695,2695,08/09/2026
Madhya Pradesh,Gwalior,Lashkar APMC,Wheat,Wheat,FAQ,2635,2635,2635,08/09/2026
Madhya Pradesh,Guna,Raghogarh APMC,Wheat,Wheat,FAQ,2530,2572,2572,08/09/2026
Madhya Pradesh,Guna,Aron APMC,Wheat,Wheat,FAQ,2465,5150,2801,08/09/2026
Madhya Pradesh,Shivpuri,Barad APMC,Wheat,Wheat,Non-FAQ,2600,2600,2600,08/09/2026
Madhya Pradesh,Jabalpur,Paatan APMC,Wheat,Wheat,Non-FAQ,2580,2710,2670,08/09/2026
Madhya Pradesh,Dewas,Dewas APMC,Wheat,Lokwan,FAQ,2826,2826,2826,08/09/2026
Madhya Pradesh,Satna,Satna APMC,Wheat,Mill Quality,FAQ,2500,2545,2545,08/09/2026
Madhya Pradesh,Vidisha,Ganjbasoda APMC,Wheat,Sharbati,FAQ,2606,4575,4575,08/09/2026
Madhya Pradesh,Vidisha,Ganjbasoda APMC,Wheat,Local,FAQ,2614,2690,2629,08/09/2026
Madhya Pradesh,Vidisha,Vidisha APMC,Wheat,Wheat,FAQ,2462,3260,2680,08/09/2026
Madhya Pradesh,Sehore,Sehore APMC,Wheat,Lokwan,FAQ,2700,3300,2941,08/09/2026
Madhya Pradesh,Dindori,Dindori APMC,Wheat,Local,Non-FAQ,2475,2550,2550,08/09/2026
Madhya Pradesh,Indore,Mhow APMC,Wheat,Lokwan,FAQ,2768,2790,2790,08/09/2026
Madhya Pradesh,Rewa,Baikunthpur APMC,Wheat,Mill Quality,Non-FAQ,2500,2575,2500,08/09/2026
Madhya Pradesh,Chhatarpur,Chhatarpur APMC,Wheat,Mill Quality,Non-FAQ,2610,2644,2635,08/09/2026
Madhya Pradesh,Mandla,Mandla APMC,Wheat,Mill Quality,Non-FAQ,2400,2600,2600,08/09/2026
Madhya Pradesh,Indore,Gautampura APMC,Wheat,Wheat,FAQ,2690,2700,2700,08/09/2026
Madhya Pradesh,Ujjain,Nagda APMC,Wheat,Wheat,FAQ,2575,2700,2700,08/09/2026
Madhya Pradesh,Morena,Sabalgarh APMC,Wheat,Mill Quality,Non-FAQ,2580,2619,2605,08/09/2026
Madhya Pradesh,Sagar,Garhakota APMC,Wheat,Wheat,FAQ,2640,2660,2645,08/09/2026
Madhya Pradesh,Raisen,Bareli APMC,Wheat,Mill Quality,FAQ,2500,2685,2651,08/09/2026
Madhya Pradesh,Dhar,Dhamnod APMC,Wheat,Wheat,FAQ,2651,2785,2785,08/09/2026
Madhya Pradesh,Dhar,Kukshi APMC,Wheat,Wheat,FAQ,2500,2785,2650,08/09/2026
Madhya Pradesh,Chhatarpur,Badamalhera APMC,Wheat,Mill Quality,Non-FAQ,2500,2655,2570,08/09/2026
Madhya Pradesh,Ashoknagar,Mungawali APMC,Wheat,Wheat,Non-FAQ,2465,2480,2480,08/09/2026
Madhya Pradesh,Sehore,Ichhawar APMC,Wheat,Wheat,FAQ,2610,2870,2650,08/09/2026
Madhya Pradesh,Vidisha,Lateri APMC,Wheat,Wheat,Non-FAQ,2525,2525,2525,08/09/2026
Madhya Pradesh,Betul,Bhensdehi APMC,Wheat,Wheat,FAQ,2400,2450,2450,08/09/2026
Madhya Pradesh,Dhar,Gandhwani APMC,Wheat,Wheat,FAQ,2675,2750,2750,08/09/2026
Madhya Pradesh,Jabalpur,Sihora APMC,Wheat,Mill Quality,FAQ,1840,2740,2657,08/09/2026
Madhya Pradesh,Khandwa,Mundi APMC,Wheat,Wheat,FAQ,2600,2700,2660,08/09/2026
Madhya Pradesh,Khandwa,Harsood APMC,Wheat,Wheat,FAQ,2500,2730,2720,08/09/2026
Madhya Pradesh,Khandwa,Harsood APMC,Wheat,Mill Quality,Non-FAQ,2501,2511,2511,08/09/2026
Madhya Pradesh,Khandwa,Pandhana APMC,Wheat,Wheat,FAQ,2640,2665,2665,08/09/2026
Madhya Pradesh,Dewas,Kannod APMC,Wheat,Wheat,FAQ,2700,2726,2726,08/09/2026
Madhya Pradesh,Mandsaur,Piplya APMC,Wheat,Wheat,FAQ,2050,2836,2620,08/09/2026
Madhya Pradesh,Mandsaur,Piplya APMC,Wheat,Lokwan,FAQ,2635,2800,2740,08/09/2026
Madhya Pradesh,Mandsaur,Shamgarh APMC,Wheat,Wheat,Non-FAQ,2470,2690,2636,08/09/2026
Madhya Pradesh,Neemuch,Javad APMC,Wheat,Wheat,FAQ,2435,2555,2555,08/09/2026
Madhya Pradesh,Shivpuri,Badarwas APMC,Wheat,Sharbati,Non-FAQ,4230,4635,4635,08/09/2026
Madhya Pradesh,Shivpuri,Badarwas APMC,Wheat,Wheat,Non-FAQ,2575,4195,2625,08/09/2026
Madhya Pradesh,Sagar,Jaisinagar APMC,Wheat,Mill Quality,FAQ,2490,2580,2500,08/09/2026
Madhya Pradesh,Chhatarpur,Bijawar APMC,Wheat,Mill Quality,Non-FAQ,2413,2655,2655,08/09/2026
Maharashtra,Nashik,APMC Malegaon ,Wheat,Other,Non-FAQ,2270,2580,2578,08/09/2026
Maharashtra,Nashik,APMC Satana ,Wheat,Other,FAQ,2650,3000,2838,08/09/2026
Maharashtra,Nashik,APMC Sinner ,Wheat,Other,FAQ,2715,2785,2750,08/09/2026
Maharashtra,Amarawati,APMC Anajngaon ,Wheat,Other,Non-FAQ,2400,2580,2450,08/09/2026
Maharashtra,Ahilyanagar,APMC Jamkhed ,Wheat,Other,Non-FAQ,2400,2550,2475,08/09/2026
Maharashtra,Sangli,APMC Sangli ,Wheat,Other,FAQ,3000,4000,3500,08/09/2026
Maharashtra,Buldhana,APMC Mehekar ,Wheat,Other,Non-FAQ,2200,2580,2400,08/09/2026
Maharashtra,Washim,APMC Mangrulpeer ,Wheat,Other,FAQ,2600,2740,2650,08/09/2026
Maharashtra,Ahilyanagar,APMC Kopargaon ,Wheat,Other,FAQ,2585,2839,2700,08/09/2026
Maharashtra,Amarawati,APMC Nandgaon Khandeshwar ,Wheat,Other,FAQ,2585,2670,2600,08/09/2026
Maharashtra,Beed,APMC Majalgaon ,Wheat,Other,FAQ,2600,2930,2725,08/09/2026
Maharashtra,Jalgaon,Jalgaon(Masawat) ,Wheat,147 Average,Non-FAQ,2500,2500,2500,08/09/2026
Maharashtra,Jalna,APMC Jalana ,Wheat,Other,FAQ,2750,2850,2750,08/09/2026
Maharashtra,Jalna,APMC Jalana ,Wheat,Other,Non-FAQ,2200,2200,2200,08/09/2026
Maharashtra,Kolhapur,Kolhapur(Laxmipuri) ,Wheat,Other,FAQ,3050,4050,3550,08/09/2026
Maharashtra,Latur,APMC Ahmedpur ,Wheat,Other,FAQ,2585,2602,2592,08/09/2026
Maharashtra,Nagpur,APMC Savner ,Wheat,Other,FAQ,2585,2585,2585,08/09/2026
Maharashtra,Nanded,APMC Bhokar ,Wheat,Other,Non-FAQ,2300,2400,2350,08/09/2026
Maharashtra,Akola,APMC Akot ,Wheat,147 Average,FAQ,2590,2675,2600,08/09/2026
Maharashtra,Nashik,APMC Satana ,Wheat,Other,Non-FAQ,2470,2470,2470,08/09/2026
Maharashtra,Amarawati,APMC Dhamngaon-Railway ,Wheat,Other,Non-FAQ,2400,2500,2450,08/09/2026
Maharashtra,Buldhana,APMC Deoulgaon Raja ,Wheat,Other,FAQ,2600,2611,2600,08/09/2026
Maharashtra,Ahilyanagar,APMC Shevgaon ,Wheat,Maharashtra 2189,FAQ,2600,2700,2700,08/09/2026
Maharashtra,Solapur,APMC Karmala ,Wheat,Other,FAQ,2651,2800,2761,08/09/2026
Maharashtra,Wardha,APMC Wardha ,Wheat,Other,FAQ,2720,2790,2750,08/09/2026
Maharashtra,Akola,APMC Murtizapur ,Wheat,Other,FAQ,2590,2730,2660,08/09/2026
Maharashtra,Amarawati,APMC Amarawati ,Wheat,Other,FAQ,2585,2650,2617,08/09/2026
Maharashtra,Buldhana,APMC Shegaon ,Wheat,Other,FAQ,2600,2750,2630,08/09/2026
Maharashtra,Chattrapati Sambhajinagar,APMC Chattrapati Sambhajinagar ,Wheat,Other,Non-FAQ,2426,2500,2463,08/09/2026
Maharashtra,Dharashiv,APMC Kalamb (Dharashiv) ,Wheat,Maharashtra 2189,FAQ,3153,3153,3153,08/09/2026
Maharashtra,Jalgaon,APMC Parola ,Wheat,Kalyan,Non-FAQ,2500,2550,2500,08/09/2026
Maharashtra,Amarawati,APMC Achalpur ,Wheat,Other,FAQ,2585,2650,2600,08/09/2026
Maharashtra,Jalgaon,APMC Amalner ,Wheat,Other,FAQ,2673,2673,2673,08/09/2026
Maharashtra,Jalgaon,APMC Chopda ,Wheat,Other,FAQ,2652,2652,2652,08/09/2026
Maharashtra,Nagpur,APMC Nagpur ,Wheat,Sharbati,FAQ,3200,3500,3425,08/09/2026
Maharashtra,Nagpur,APMC Katol ,Wheat,Other,FAQ,2585,2700,2650,08/09/2026
Maharashtra,Ahilyanagar,APMC Rahata ,Wheat,Other,FAQ,2725,2725,2725,08/09/2026
Maharashtra,Nandurbar,APMC Nandurbar ,Wheat,Other,Non-FAQ,2575,2575,2575,08/09/2026
Maharashtra,Nandurbar,APMC Shahada ,Wheat,Other,FAQ,2861,2929,2900,08/09/2026
Maharashtra,Nashik,Lasalgaon(Niphad) ,Wheat,Maharashtra 2189,FAQ,2722,2781,2729,08/09/2026
Maharashtra,Akola,APMC Akola ,Wheat,Other,FAQ,2590,2765,2600,08/09/2026
Maharashtra,Beed,APMC Beed ,Wheat,Other,Non-FAQ,2400,2500,2450,08/09/2026
Maharashtra,Buldhana,APMC Khamgaon ,Wheat,Other,FAQ,2600,2625,2612,08/09/2026
Maharashtra,Buldhana,APMC Malkapur ,Wheat,Other,FAQ,2715,2800,2750,08/09/2026
Maharashtra,Jalgaon,APMC Pachora ,Wheat,Other,Non-FAQ,2335,2399,2375,08/09/2026
Maharashtra,Jalgaon,APMC Dharangaon ,Wheat,Other,FAQ,2636,2736,2711,08/09/2026
Maharashtra,Latur,Latur(Murud) ,Wheat,Maharashtra 2189,Non-FAQ,2300,2500,2400,08/09/2026
Maharashtra,Mumbai,APMC Mumbai ,Wheat,Other,FAQ,2900,5500,4200,08/09/2026
Maharashtra,Sangli,APMC Tasgaon ,Wheat,Other,FAQ,3950,4200,4060,08/09/2026
Maharashtra,Yavatmal,APMC Digras ,Wheat,Other,FAQ,2730,2800,2785,08/09/2026
Maharashtra,Jalgaon,APMC Chalisgaon ,Wheat,Other,FAQ,2600,2751,2626,08/09/2026
Maharashtra,Solapur,APMC Solapur ,Wheat,Sharbati,FAQ,2660,4180,3650,08/09/2026
Maharashtra,Yavatmal,APMC Yavatmal ,Wheat,Other,FAQ,2725,2745,2735,08/09/2026
Maharashtra,Yavatmal,APMC Umarkhed ,Wheat,Other,Non-FAQ,2200,2350,2300,08/09/2026
Maharashtra,Ahilyanagar,"Omchatinya Multi State Agro Purpose Co-Op Society, Dist Ahilyanagar",Wheat,Other,Local,2600,2600,2600,08/09/2026
Maharashtra,Yavatmal,KISAN MARKET YARD,Wheat,Other,Local,2500,2705,2640,08/09/2026
Maharashtra,Yavatmal,"Mahesh Krushi Utpanna Bazar, Digras, Dist Yeotmal",Wheat,Other,Local,2675,2705,2697,08/09/2026
Maharashtra,Jalgaon,APMC Jalgaon ,Wheat,147 Average,FAQ,2600,2900,2600,08/09/2026
Maharashtra,Jalgaon,APMC Jalgaon ,Wheat,147 Average,Non-FAQ,2000,2000,2000,08/09/2026
Maharashtra,Thane,APMC Ulhasnagar ,Wheat,Other,FAQ,3000,3400,3200,08/09/2026
Maharashtra,Parbhani,APMC Parbhani ,Wheat,Other,Non-FAQ,2325,2575,2400,08/09/2026
Maharashtra,Bhandara,APMC Bhandara ,Wheat,Maharashtra 2189,Non-FAQ,2300,2450,2400,08/09/2026
Maharashtra,Dhule,APMC Dondaicha ,Wheat,Other,FAQ,2600,2830,2700,08/09/2026
Maharashtra,Ahilyanagar,Shevgaon(Bodhegaon) ,Wheat,Maharashtra 2189,FAQ,2600,2700,2600,08/09/2026
Maharashtra,Buldhana,APMC Khamgaon ,Wheat,Other,Non-FAQ,1850,2575,2212,08/09/2026
Maharashtra,Dharashiv,APMC Kalamb (Dharashiv) ,Wheat,Maharashtra 2189,Non-FAQ,2400,2551,2551,08/09/2026
Maharashtra,Dharashiv,APMC Tuljapur ,Wheat,Other,FAQ,2595,2700,2600,08/09/2026
Maharashtra,Jalgaon,APMC Pachora ,Wheat,Other,FAQ,2585,2768,2651,08/09/2026
Maharashtra,Dharashiv,APMC Murum ,Wheat,Bansi,FAQ,2900,2900,2900,08/09/2026
Maharashtra,Buldhana,APMC Deoulgaon Raja ,Wheat,Other,Non-FAQ,2400,2400,2400,08/09/2026
Maharashtra,Beed,APMC Gevrai ,Wheat,Other,FAQ,2600,2900,2750,08/09/2026
Maharashtra,Buldhana,"Bsk Krishi Bazar Private Limited, Mehkar, Dist Buldhana",Wheat,Other,Local,2650,2650,2650,08/09/2026
Maharashtra,Buldhana,APMC Malkapur ,Wheat,Other,Non-FAQ,2575,2575,2575,08/09/2026
Maharashtra,Buldhana,APMC Shegaon ,Wheat,Other,Non-FAQ,2400,2550,2500,08/09/2026
Maharashtra,Chattrapati Sambhajinagar,APMC Chattrapati Sambhajinagar ,Wheat,Other,FAQ,2660,3105,2882,08/09/2026
Maharashtra,Chattrapati Sambhajinagar,APMC Paithan ,Wheat,Bansi,FAQ,2680,2821,2720,08/09/2026
Maharashtra,Ahilyanagar,Rahuri(Vambori) ,Wheat,Other,FAQ,2800,2800,2800,08/09/2026
Maharashtra,Akola,APMC Telhara ,Wheat,Other,FAQ,2585,2650,2600,08/09/2026
Maharashtra,Jalgaon,APMC Chopda ,Wheat,Other,Non-FAQ,2401,2412,2412,08/09/2026
Maharashtra,Nagpur,APMC Nagpur ,Wheat,Other,FAQ,2600,2758,2718,08/09/2026
Maharashtra,Solapur,APMC Dudhani ,Wheat,Maharashtra 2189,FAQ,2600,2600,2600,08/09/2026
Uttar Pradesh,Ayodhya,Ayodhya APMC,Wheat,Medium,FAQ,2500,2500,2500,08/09/2026
Uttar Pradesh,Hathras,Haathras APMC,Wheat,Other,FAQ,2511,2521,2515.81,08/09/2026
Uttar Pradesh,Jalaun (Orai),Jalaun APMC,Wheat,Mill Quality,FAQ,2590,2590,2590,08/09/2026
Uttar Pradesh,Kaushambi,Manjhanpur APMC,Wheat,Other,FAQ,2400,2400,2400,08/09/2026
Uttar Pradesh,Hardoi,Madhoganj APMC,Wheat,Dara Mill Quality,FAQ,2630,2630,2630,08/09/2026
Uttar Pradesh,Hardoi,Madhoganj APMC,Wheat,Dara,FAQ,2500,2500,2500,08/09/2026
Uttar Pradesh,Sitapur,Mehmoodabad APMC,Wheat,Other,FAQ,2600,2650,2635.02,08/09/2026
Uttar Pradesh,Balrampur,Panchpedwa APMC,Wheat,Dara,FAQ,2380,2380,2380,08/09/2026
Uttar Pradesh,Lakhimpur,Paliakala APMC,Wheat,Dara,FAQ,2400,2510,2444.93,08/09/2026
Uttar Pradesh,Shravasti,Payagpur APMC,Wheat,Medium,FAQ,2500,2505,2502.94,08/09/2026
Uttar Pradesh,Shravasti,Payagpur APMC,Wheat,Other,FAQ,2600,2650,2637.69,08/09/2026
Uttar Pradesh,Kanpur Dehat,Rura APMC,Wheat,Medium,FAQ,2500,2650,2618.95,08/09/2026
Uttar Pradesh,Prayagraj,Prayagraj APMC,Wheat,Medium,FAQ,2400,2400,2400,08/09/2026
Uttar Pradesh,Prayagraj,Prayagraj APMC,Wheat,Dara,FAQ,2590,2590,2590,08/09/2026
Uttar Pradesh,Prayagraj,Prayagraj APMC,Wheat,Deshi,FAQ,2250,2250,2250,08/09/2026
Uttar Pradesh,Raebarelli,Raibareilly APMC,Wheat,Other,FAQ,2600,2600,2600,08/09/2026
Uttar Pradesh,Raebarelli,Raibareilly APMC,Wheat,White,FAQ,2400,2400,2400,08/09/2026
Uttar Pradesh,Sonbhadra,Robertsganj APMC,Wheat,Hybrid,FAQ,2700,2700,2700,08/09/2026
Uttar Pradesh,Raebarelli,Salon APMC,Wheat,Dara,FAQ,2600,2600,2600,08/09/2026
Uttar Pradesh,Amethi,Sultanpur APMC,Wheat,Dara,FAQ,2450,2450,2450,08/09/2026
Uttar Pradesh,Hardoi,Sandila APMC,Wheat,Dara,FAQ,2450,2680,2496.65,08/09/2026
Uttar Pradesh,Sambhal,Bhehjoi APMC,Wheat,Mill Quality,FAQ,2544,2551,2548.78,08/09/2026
Uttar Pradesh,Kaushambi,Bharwari APMC,Wheat,Dara,FAQ,2500,2500,2500,08/09/2026
Uttar Pradesh,Hamirpur,Maudaha APMC,Wheat,Deshi,FAQ,2500,2500,2500,08/09/2026
Uttar Pradesh,Bijnor,Chaandpur APMC,Wheat,Dara,FAQ,2510,2510,2510,08/09/2026
Uttar Pradesh,Etawah,Etawah APMC,Wheat,Other,FAQ,2425,2425,2425,08/09/2026
Uttar Pradesh,Lalitpur,Lalitpur APMC,Wheat,Deshi,FAQ,2350,2350,2350,08/09/2026
Uttar Pradesh,Lalitpur,Lalitpur APMC,Wheat,Super Fine,FAQ,2350,2354,2350.75,08/09/2026
Uttar Pradesh,Sitapur,Sitapur APMC,Wheat,Other,FAQ,3000,3000,3000,08/09/2026
Uttar Pradesh,Sitapur,Sitapur APMC,Wheat,Medium,FAQ,2470,2500,2488.57,08/09/2026
Uttar Pradesh,Varanasi,Varanasi APMC,Wheat,Dara,FAQ,2425,2425,2425,08/09/2026
Uttar Pradesh,Maharajganj,Anandnagar APMC,Wheat,Dara,FAQ,2400,2460,2432.24,08/09/2026
Uttar Pradesh,Lucknow,Lucknow APMC,Wheat,Dara Mill Quality,FAQ,2400,2400,2400,08/09/2026
Uttar Pradesh,Lucknow,Lucknow APMC,Wheat,Medium Fine,FAQ,2640,2690,2681.4,08/09/2026
Uttar Pradesh,Lucknow,Lucknow APMC,Wheat,Dara,FAQ,2400,2425,2411.76,08/09/2026
Uttar Pradesh,Mainpuri,Mainpuri APMC,Wheat,Medium,FAQ,2551,2581,2564.47,08/09/2026
Uttar Pradesh,Balrampur,Utraula APMC,Wheat,Dara,FAQ,2405,2405,2405,08/09/2026
Uttar Pradesh,Shahjahanpur,Meeranpur Katra APMC,Wheat,Medium Fine,FAQ,2495,2495,2495,08/09/2026
Uttar Pradesh,Fatehpur,Bindki APMC,Wheat,Hybrid,FAQ,2450,2550,2505.56,08/09/2026
Uttar Pradesh,Basti,Basti APMC,Wheat,Other,FAQ,2450,2450,2450,08/09/2026
Uttar Pradesh,Hamirpur,Bharuasumerpur APMC,Wheat,Other,FAQ,2580,2580,2580,08/09/2026
Uttar Pradesh,Etah,Aliganj APMC,Wheat,Dara,FAQ,2520,2520,2520,08/09/2026
Uttar Pradesh,Auraiya,Achalda APMC,Wheat,Dara,FAQ,2400,2400,2400,08/09/2026
Uttar Pradesh,Aligarh,Aligarh APMC,Wheat,Dara,FAQ,2710,2720,2713.95,08/09/2026
Uttar Pradesh,Chitrakut,Karvi APMC,Wheat,Other,FAQ,2550,2550,2550,08/09/2026
Uttar Pradesh,Jhansi,Jhansi APMC,Wheat,Other,FAQ,2351,2355,2351.99,08/09/2026
Uttar Pradesh,Kanpur Dehat,Jhijhank APMC,Wheat,Dara,FAQ,2350,2650,2551.52,08/09/2026
Uttar Pradesh,Jalaun (Orai),Kadaura APMC,Wheat,Super Fine,FAQ,2350,2350,2350,08/09/2026
Uttar Pradesh,Kasganj,Kasganj APMC,Wheat,Other,FAQ,2750,2750,2750,08/09/2026
Uttar Pradesh,Gorakhpur,Sehjanwa APMC,Wheat,Dara,FAQ,2400,2801,2714.64,08/09/2026
Uttar Pradesh,Kasganj,Ganj Dundwara APMC,Wheat,Dara,FAQ,2500,2500,2500,08/09/2026
Uttar Pradesh,Banda,Atarra APMC,Wheat,Deshi,FAQ,2450,2500,2481.62,08/09/2026
Uttar Pradesh,Rampur,Milak APMC,Wheat,Other,FAQ,2500,2502,2500.77,08/09/2026
Uttar Pradesh,Kanpur Dehat,Pukharayan APMC,Wheat,Deshi,FAQ,2650,2650,2650,08/09/2026
Uttar Pradesh,Rampur,Bilaspur APMC,Wheat,Dara,FAQ,2600,2600,2600,08/09/2026
Uttar Pradesh,Mainpuri,Bewar APMC,Wheat,Dara,FAQ,2500,2500,2500,08/09/2026
Uttar Pradesh,Mahoba,Charkhari APMC,Wheat,Other,FAQ,2400,2600,2482.3,08/09/2026
Uttar Pradesh,Shahjahanpur,Jalalabad APMC,Wheat,2329,FAQ,2430,2430,2430,08/09/2026
Uttar Pradesh,Shahjahanpur,Jalalabad APMC,Wheat,Other,FAQ,2430,2600,2506.78,08/09/2026
Uttar Pradesh,Lucknow,Banthara APMC,Wheat,Other,FAQ,2625,2650,2632.85,08/09/2026
Uttar Pradesh,Agra,Khairagarh APMC,Wheat,Other,FAQ,2560,2560,2560,08/09/2026
Uttar Pradesh,Kannuj,Kannauj APMC,Wheat,Dara,FAQ,2500,2500,2500,08/09/2026
Uttar Pradesh,Mainpuri,Mainpuri APMC,Wheat,Other,FAQ,2551,2590,2569.78,08/09/2026
Uttar Pradesh,Badaun,Badayoun APMC,Wheat,Wheat-Organic,FAQ,2500,2500,2500,08/09/2026
Uttar Pradesh,Badaun,Badayoun APMC,Wheat,Other,FAQ,2500,2500,2500,08/09/2026
Uttar Pradesh,Ayodhya,Ayodhya APMC,Wheat,Dara Mill Quality,FAQ,2600,2600,2600,08/09/2026
Uttar Pradesh,Ayodhya,Ayodhya APMC,Wheat,Dara,FAQ,2500,2500,2500,08/09/2026
Uttar Pradesh,Hathras,Haathras APMC,Wheat,Medium,FAQ,2501,2501,2501,08/09/2026
Uttar Pradesh,Amethi,Jafarganj APMC,Wheat,Dara,FAQ,2300,2575,2337.74,08/09/2026
Uttar Pradesh,Fatehpur,Jahanabad APMC,Wheat,Dara Mill Quality,FAQ,2500,2500,2500,08/09/2026
Uttar Pradesh,Raebarelli,Jayas APMC,Wheat,Dara,FAQ,2400,2680,2481.7,08/09/2026
Uttar Pradesh,Mathura,Kosikalan APMC,Wheat,Sharbati,FAQ,2630,2630,2630,08/09/2026
Uttar Pradesh,Mathura,Kosikalan APMC,Wheat,Local,FAQ,2600,2600,2600,08/09/2026
Uttar Pradesh,Baghpat,Khekda APMC,Wheat,Other,FAQ,2640,2650,2644.62,08/09/2026
Uttar Pradesh,Lalitpur,Mehrauni APMC,Wheat,Dara,FAQ,2300,2615,2503.7,08/09/2026
Uttar Pradesh,Mathura,Mathura APMC,Wheat,Deshi,FAQ,2645,2645,2645,08/09/2026
Uttar Pradesh,Gonda,Nawabganj APMC,Wheat,Other,FAQ,2650,2650,2650,08/09/2026
Uttar Pradesh,Shravasti,Payagpur APMC,Wheat,Dara,FAQ,2625,2625,2625,08/09/2026
Uttar Pradesh,Kanpur Dehat,Rura APMC,Wheat,PBW-343,FAQ,2500,2500,2500,08/09/2026
Uttar Pradesh,Ambedkarnagar,Tanda Akbarpur APMC,Wheat,Dara,FAQ,2450,2450,2450,08/09/2026
Uttar Pradesh,Firozabad,Tundla APMC,Wheat,Super Fine,FAQ,2720,2720,2720,08/09/2026
Uttar Pradesh,Badaun,Ujhani APMC,Wheat,Dara,FAQ,2500,2500,2500,08/09/2026
Uttar Pradesh,Unnao,Unnao APMC,Wheat,Dara,FAQ,2550,2560,2558.78,08/09/2026
Uttar Pradesh,Jhansi,Mauranipur APMC,Wheat,Other,FAQ,2400,2400,2400,08/09/2026
Uttar Pradesh,Lalitpur,Lalitpur APMC,Wheat,Medium Fine,FAQ,2350,2350,2350,08/09/2026
Uttar Pradesh,Lalitpur,Lalitpur APMC,Wheat,Dara,FAQ,2401,3066,2602.28,08/09/2026
Uttar Pradesh,Lalitpur,Lalitpur APMC,Wheat,Medium,FAQ,2600,3500,2756.77,08/09/2026
Uttar Pradesh,Sitapur,Sitapur APMC,Wheat,Dara,FAQ,2640,2640,2640,08/09/2026
Uttar Pradesh,Raebarelli,Lalganj APMC,Wheat,Dara,FAQ,2400,2625,2552.69,08/09/2026
Uttar Pradesh,Amroha,Hasanpur APMC,Wheat,Dara Mill Quality,FAQ,2590,2590,2590,08/09/2026
Uttar Pradesh,Banda,Atarra APMC,Wheat,Dara,FAQ,2450,2450,2450,08/09/2026
Uttar Pradesh,Chitrakut,Mau(Chitrakut) APMC,Wheat,Deshi,FAQ,2300,2400,2358.74,08/09/2026
Uttar Pradesh,Unnao,Purwa APMC,Wheat,Other,FAQ,2500,2550,2542.94,08/09/2026
Uttar Pradesh,Kanpur Dehat,Pukharayan APMC,Wheat,Dara,FAQ,2550,2600,2585.47,08/09/2026
Uttar Pradesh,Auraiya,Dibiapur APMC,Wheat,Dara,FAQ,2400,2650,2504.35,08/09/2026
Uttar Pradesh,Agra,Fatehpur Sikri APMC,Wheat,Dara,FAQ,2560,2850,2671.11,08/09/2026
Uttar Pradesh,Siddharth Nagar,Naugarh APMC,Wheat,Dara,FAQ,1800,2600,2185.18,08/09/2026
Uttar Pradesh,Balrampur,Utraula APMC,Wheat,Other,FAQ,2405,2405,2405,08/09/2026
Uttar Pradesh,Bahraich,Bahraich APMC,Wheat,Deshi,FAQ,2500,2500,2500,08/09/2026
Uttar Pradesh,Bahraich,Bahraich APMC,Wheat,Dara,FAQ,2500,2500,2500,08/09/2026
Uttar Pradesh,Bahraich,Bahraich APMC,Wheat,Other,FAQ,2500,2500,2500,08/09/2026
Uttar Pradesh,Bareilly,Bareilly APMC,Wheat,Other,FAQ,2600,2604,2601.61,08/09/2026
Uttar Pradesh,Fatehpur,Bindki APMC,Wheat,Dara,FAQ,2400,2602,2453.76,08/09/2026
Uttar Pradesh,Fatehpur,Bindki APMC,Wheat,Other,FAQ,2400,2650,2487.56,08/09/2026
Uttar Pradesh,Unnao,Bangarmau APMC,Wheat,Dara,FAQ,2600,2620,2602.6,08/09/2026
Uttar Pradesh,Barabanki,Barabanki APMC,Wheat,Dara,FAQ,2450,2650,2474.56,08/09/2026
Uttar Pradesh,Basti,Basti APMC,Wheat,Dara Mill Quality,FAQ,2500,2500,2500,08/09/2026
Uttar Pradesh,Etawah,Bharthna APMC,Wheat,Dara,FAQ,2550,2550,2550,08/09/2026
Uttar Pradesh,Pillibhit,Bishalpur APMC,Wheat,Dara,FAQ,2500,2500,2500,08/09/2026
Uttar Pradesh,Sitapur,Viswan APMC,Wheat,Mill Quality,FAQ,2400,2400,2400,08/09/2026
Uttar Pradesh,Kanpur,Choubepur APMC,Wheat,Other,FAQ,2510,2510,2510,08/09/2026
Uttar Pradesh,Jhansi,Chirgaon APMC,Wheat,Deshi,FAQ,2403,2405,2403.97,08/09/2026
Uttar Pradesh,Deoria,Devariya APMC,Wheat,White,FAQ,2740,2770,2755.34,08/09/2026
Uttar Pradesh,Fatehpur,Fatehpur APMC,Wheat,Medium,FAQ,2500,2500,2500,08/09/2026
Uttar Pradesh,Fatehpur,Fatehpur APMC,Wheat,Dara,FAQ,2500,2550,2545.36,08/09/2026
Uttar Pradesh,Farukhabad,Kayamganj APMC,Wheat,Dara,FAQ,2380,2500,2410.32,08/09/2026
Uttar Pradesh,Kasganj,Kasganj APMC,Wheat,Medium,FAQ,2650,2650,2650,08/09/2026
Uttar Pradesh,Aligarh,Khair APMC,Wheat,Other,FAQ,2600,2600,2600,08/09/2026
Uttar Pradesh,Fatehpur,Khaga APMC,Wheat,Dara,FAQ,2450,2450,2450,08/09/2026
Uttar Pradesh,Ghazipur,Saidpur APMC,Wheat,Dara,FAQ,2450,2450,2450,08/09/2026
Uttar Pradesh,Shahjahanpur,Meeranpur Katra APMC,Wheat,Super Fine,FAQ,2495,2495,2495,08/09/2026
Uttar Pradesh,Fatehpur,Bindki APMC,Wheat,Kalawal,FAQ,2400,2400,2400,08/09/2026
Uttar Pradesh,Balrampur,Balrampur APMC,Wheat,Local,FAQ,2650,2650,2650,08/09/2026
Uttar Pradesh,Barabanki,Barabanki APMC,Wheat,Other,FAQ,2450,2700,2514.82,08/09/2026
Uttar Pradesh,Basti,Basti APMC,Wheat,Medium,FAQ,2560,2650,2621.09,08/09/2026
Uttar Pradesh,Basti,Basti APMC,Wheat,Dara,FAQ,2450,2650,2497.21,08/09/2026
Uttar Pradesh,Hamirpur,Bharuasumerpur APMC,Wheat,Medium,FAQ,2580,2580,2580,08/09/2026
Uttar Pradesh,Kanpur,Choubepur APMC,Wheat,Kalawal,FAQ,2400,2400,2400,08/09/2026
Uttar Pradesh,Kanpur,Choubepur APMC,Wheat,Dara Mill Quality,FAQ,2400,2400,2400,08/09/2026
Uttar Pradesh,Aligarh,Charra APMC,Wheat,Dara,FAQ,2500,2500,2500,08/09/2026
Uttar Pradesh,Bareilly,Anwala APMC,Wheat,Other,FAQ,2675,2675,2675,08/09/2026
Uttar Pradesh,Kanpur,Kanpur(Grain) APMC,Wheat,Dara Mill Quality,FAQ,2360,2360,2360,08/09/2026
Uttar Pradesh,Kanpur,Kanpur(Grain) APMC,Wheat,Medium,FAQ,2360,2600,2399.35,08/09/2026
Uttar Pradesh,Kanpur,Kanpur(Grain) APMC,Wheat,Other,FAQ,2360,2700,2520.5,08/09/2026
Uttar Pradesh,Lalitpur,Lalitpur APMC,Wheat,2189 No. 1,FAQ,2950,2950,2950,08/09/2026
Uttar Pradesh,Lalitpur,Lalitpur APMC,Wheat,Mill Quality,FAQ,2350,2365,2352.3,08/09/2026
Uttar Pradesh,Ayodhya,Ayodhya APMC,Wheat,Local,FAQ,2500,2500,2500,08/09/2026
Uttar Pradesh,Bulandshahar,Jahangirabad APMC,Wheat,Kalyan,FAQ,2690,2690,2690,08/09/2026
Uttar Pradesh,Bulandshahar,Khurja APMC,Wheat,Other,FAQ,2600,2600,2600,08/09/2026
Uttar Pradesh,Jalaun (Orai),Konch APMC,Wheat,Dara,FAQ,2500,2500,2500,08/09/2026
Uttar Pradesh,Jalaun (Orai),Konch APMC,Wheat,Other,FAQ,2590,2590,2590,08/09/2026
Uttar Pradesh,Mathura,Mathura APMC,Wheat,Other,FAQ,2645,2701,2667.33,08/09/2026
Uttar Pradesh,Mathura,Mathura APMC,Wheat,Medium,FAQ,2500,2630,2520.28,08/09/2026
Uttar Pradesh,Jhansi,Moth APMC,Wheat,Deshi,FAQ,2600,2685,2613.2,08/09/2026
Uttar Pradesh,Pratapgarh,Pratapgarh APMC,Wheat,Medium,FAQ,2400,2400,2400,08/09/2026
Uttar Pradesh,Pillibhit,Puranpur APMC,Wheat,Dara,FAQ,2600,2600,2600,08/09/2026
Uttar Pradesh,Raebarelli,Raibareilly APMC,Wheat,Dara,FAQ,2400,2650,2548.73,08/09/2026
Uttar Pradesh,Barabanki,Safdarganj APMC,Wheat,Hybrid,FAQ,2450,2450,2450,08/09/2026
Uttar Pradesh,Firozabad,Tundla APMC,Wheat,Deshi,FAQ,2750,2750,2750,08/09/2026
Uttar Pradesh,Badaun,Ujhani APMC,Wheat,Super Fine,FAQ,2500,2500,2500,08/09/2026
Uttar Pradesh,Sitapur,Mishrit APMC,Wheat,Dara,FAQ,2500,2500,2500,08/09/2026
Uttar Pradesh,Gautam Budh Nagar,Jewar APMC,Wheat,Deshi,FAQ,2700,2700,2700,08/09/2026
Uttar Pradesh,Siddharth Nagar,Bansi APMC,Wheat,Dara,FAQ,2500,2500,2500,08/09/2026
Uttar Pradesh,Chitrakut,Mau(Chitrakut) APMC,Wheat,Other,FAQ,2300,2600,2389.62,08/09/2026
Uttar Pradesh,Khiri (Lakhimpur),Mohammdi APMC,Wheat,Dara,FAQ,2400,2400,2400,08/09/2026
Uttar Pradesh,Sant Kabir Nagar,Khalilabad APMC,Wheat,Dara,FAQ,2530,2780,2630.41,08/09/2026
Uttar Pradesh,Auraiya,Dibiapur APMC,Wheat,Hybrid,FAQ,2500,2500,2500,08/09/2026
Uttar Pradesh,Badaun,Dataganj APMC,Wheat,Dara,FAQ,2500,2600,2550,08/09/2026
Uttar Pradesh,Shahjahanpur,Jalalabad APMC,Wheat,PBW-343,FAQ,2430,2430,2430,08/09/2026
Uttar Pradesh,Banda,Banda APMC,Wheat,Other,FAQ,2600,2600,2600,08/09/2026
Uttar Pradesh,Raebarelli,Bachranwa APMC,Wheat,Dara,FAQ,2400,2600,2475.59,08/09/2026
Uttar Pradesh,Fatehpur,Fatehpur APMC,Wheat,Other,FAQ,2500,2550,2523.6,08/09/2026
Uttar Pradesh,Chitrakut,Karvi APMC,Wheat,Dara,FAQ,2450,2450,2450,08/09/2026
Uttar Pradesh,Farukhabad,Farukhabad APMC,Wheat,Medium,FAQ,2600,2605,2602.6,08/09/2026
Uttar Pradesh,Lakhimpur,Golagokarnath APMC,Wheat,Other,FAQ,2580,2645,2617.32,08/09/2026
Uttar Pradesh,Lakhimpur,Golagokarnath APMC,Wheat,Dara,FAQ,2580,2650,2585.34,08/09/2026
Uttar Pradesh,Gorakhpur,Gorakhpur APMC,Wheat,Dara,FAQ,2500,2750,2655.17,08/09/2026
Uttar Pradesh,Hardoi,Hardoi APMC,Wheat,Other,FAQ,2550,2800,2599.04,08/09/2026
Uttar Pradesh,Hardoi,Hardoi APMC,Wheat,Dara,FAQ,2550,2650,2559.81,08/09/2026
Uttar Pradesh,Jaunpur,Jaunpur APMC,Wheat,Other,FAQ,2625,2625,2625,08/09/2026
Uttar Pradesh,Mainpuri,Mainpuri APMC,Wheat,Dara,FAQ,2551,2551,2551,08/09/2026
Uttar Pradesh,Auraiya,Auraiya APMC,Wheat,Super Fine,FAQ,2620,2620,2620,08/09/2026
Uttar Pradesh,Auraiya,Auraiya APMC,Wheat,Medium,FAQ,2630,2640,2635.01,08/09/2026
Uttar Pradesh,Auraiya,Auraiya APMC,Wheat,Dara,FAQ,2620,2620,2620,08/09/2026
Uttar Pradesh,Hamirpur,Maudaha APMC,Wheat,Other,FAQ,2500,2500,2500,08/09/2026
Uttar Pradesh,Siddharth Nagar,Shohratgarh APMC,Wheat,Dara,FAQ,2450,2450,2450,08/09/2026
Uttar Pradesh,Bahraich,Naanpara APMC,Wheat,Dara,FAQ,2400,2400,2400,08/09/2026
Uttar Pradesh,Ambedkarnagar,Akbarpur APMC,Wheat,Dara,FAQ,2450,2525,2451.5,08/09/2026
Uttar Pradesh,Maharajganj,Gadaura APMC,Wheat,Dara,FAQ,2500,2500,2500,08/09/2026
Uttar Pradesh,Agra,Jarar APMC,Wheat,Dara,FAQ,2450,2450,2450,08/09/2026
Uttar Pradesh,Kanpur,Kanpur(Grain) APMC,Wheat,Hybrid,FAQ,2680,2680,2680,08/09/2026
Uttar Pradesh,Lakhimpur,Lakhimpur APMC,Wheat,Dara,FAQ,2450,2550,2464.03,08/09/2026
Uttar Pradesh,Lalitpur,Lalitpur APMC,Wheat,Local,FAQ,2350,2350,2350,08/09/2026
Uttar Pradesh,Shahjahanpur,Shahjahanpur APMC,Wheat,Dara,FAQ,2525,2650,2577.79,08/09/2026
Uttar Pradesh,Jhansi,Gurusarai APMC,Wheat,Medium,FAQ,2570,2580,2573.26,08/09/2026
Uttar Pradesh,Fatehpur,Jahanabad APMC,Wheat,Dara,FAQ,2560,2650,2612.73,08/09/2026
Uttar Pradesh,Jalaun (Orai),Jalaun APMC,Wheat,Dara,FAQ,2625,2625,2625,08/09/2026
Uttar Pradesh,Jalaun (Orai),Konch APMC,Wheat,Dara Mill Quality,FAQ,2300,2375,2326.96,08/09/2026
Uttar Pradesh,Sitapur,Mehmoodabad APMC,Wheat,Dara,FAQ,2600,2610,2603.17,08/09/2026
Uttar Pradesh,Mahoba,Mahoba APMC,Wheat,Dara,FAQ,2350,2500,2426.3,08/09/2026
Uttar Pradesh,Lalitpur,Mehrauni APMC,Wheat,Other,FAQ,2307,2700,2501.23,08/09/2026
Uttar Pradesh,Mathura,Mathura APMC,Wheat,Dara,FAQ,2450,2665,2577.63,08/09/2026
Uttar Pradesh,Mathura,Mathura APMC,Wheat,2329,FAQ,2670,2670,2670,08/09/2026
Uttar Pradesh,Sonbhadra,Dudhi APMC,Wheat,Other,FAQ,2400,2400,2400,08/09/2026
Uttar Pradesh,Maharajganj,Nautnava APMC,Wheat,Dara,FAQ,2400,2400,2400,08/09/2026
Uttar Pradesh,Pratapgarh,Pratapgarh APMC,Wheat,Dara,FAQ,2400,2500,2402.93,08/09/2026
Uttar Pradesh,Kanpur Dehat,Rura APMC,Wheat,Dara,FAQ,2500,2650,2563.46,08/09/2026
Uttar Pradesh,Kanpur Dehat,Rura APMC,Wheat,Other,FAQ,2500,2660,2539.28,08/09/2026
Uttar Pradesh,Prayagraj,Prayagraj APMC,Wheat,Other,FAQ,2600,2600,2600,08/09/2026
Uttar Pradesh,Pillibhit,Puranpur APMC,Wheat,Other,FAQ,2650,2650,2650,08/09/2026
Uttar Pradesh,Raebarelli,Raibareilly APMC,Wheat,Dara Mill Quality,FAQ,2600,2600,2600,08/09/2026
Uttar Pradesh,Sonbhadra,Robertsganj APMC,Wheat,Dara Mill Quality,FAQ,2600,2625,2613.71,08/09/2026
Uttar Pradesh,Ayodhya,Rudauli APMC,Wheat,Dara,FAQ,2500,2693,2540.3,08/09/2026
Uttar Pradesh,Barabanki,Safdarganj APMC,Wheat,Dara,FAQ,2450,2650,2459.29,08/09/2026
Uttar Pradesh,Siddharth Nagar,Sahiyapur APMC,Wheat,Other,FAQ,2430,2450,2434.06,08/09/2026
Uttar Pradesh,Jaunpur,Shahganj APMC,Wheat,Other,FAQ,2600,2600,2600,08/09/2026
Uttar Pradesh,Hathras,Sikandraraau APMC,Wheat,Dara,FAQ,2500,2500,2500,08/09/2026
Uttar Pradesh,Amethi,Sultanpur APMC,Wheat,Deshi,FAQ,2452,2454,2452.63,08/09/2026
Uttar Pradesh,Balrampur,Tulsipur APMC,Wheat,Medium,FAQ,2650,2650,2650,08/09/2026
Uttar Pradesh,Unnao,Unnao APMC,Wheat,Other,FAQ,2585,2585,2585,08/09/2026
Uttar Pradesh,Kanpur,Uttaripura APMC,Wheat,Other,FAQ,2400,2400,2400,08/09/2026
Uttar Pradesh,Prayagraj,Ajuha APMC,Wheat,Dara,FAQ,2400,2600,2559.27,08/09/2026
Uttar Pradesh,Shahjahanpur,Powayan APMC,Wheat,Dara,FAQ,2500,2665,2581.2,08/09/2026
Uttar Pradesh,Kaushambi,Bharwari APMC,Wheat,Other,FAQ,2500,2500,2500,08/09/2026
Uttar Pradesh,Gorakhpur,Gorakhpur APMC,Wheat,Dara Mill Quality,FAQ,2500,2500,2500,08/09/2026
Uttar Pradesh,Gorakhpur,Gorakhpur APMC,Wheat,Medium,FAQ,2500,2500,2500,08/09/2026
Uttar Pradesh,Jaunpur,Jaunpur APMC,Wheat,Dara Mill Quality,FAQ,2686,2731,2716.12,08/09/2026
Uttar Pradesh,Baghpat,Baraut APMC,Wheat,Local,FAQ,2600,2600,2600,08/09/2026
Uttar Pradesh,Gonda,Gonda APMC,Wheat,Dara Mill Quality,FAQ,2800,2800,2800,08/09/2026
Uttar Pradesh,Banda,Baberu APMC,Wheat,Dara,FAQ,2600,2600,2600,08/09/2026
Uttar Pradesh,Bijnor,Bijnaur APMC,Wheat,Other,FAQ,2595,2595,2595,08/09/2026
Uttar Pradesh,Jalaun (Orai),Madhogarh APMC,Wheat,Dara,FAQ,2550,2550,2550,08/09/2026
Uttar Pradesh,Banda,Atarra APMC,Wheat,Other,FAQ,2600,2600,2600,08/09/2026
Uttar Pradesh,Sant Kabir Nagar,Khalilabad APMC,Wheat,Medium,FAQ,2530,2530,2530,08/09/2026
Uttar Pradesh,Sant Kabir Nagar,Khalilabad APMC,Wheat,Other,FAQ,2530,2530,2530,08/09/2026
Uttar Pradesh,Hamirpur,Raath APMC,Wheat,Medium,FAQ,2400,2500,2433.77,08/09/2026
Uttar Pradesh,Shahjahanpur,Jalalabad APMC,Wheat,Deshi,FAQ,2650,2650,2650,08/09/2026
Uttar Pradesh,Agra,Khairagarh APMC,Wheat,Dara,FAQ,2500,2600,2550,08/09/2026
Uttar Pradesh,Agra,Achnera APMC,Wheat,Dara,FAQ,2715,2715,2715,08/09/2026
Uttar Pradesh,Aligarh,Aligarh APMC,Wheat,Other,FAQ,2600,2600,2600,08/09/2026
Uttar Pradesh,Azamgarh,Azamgarh APMC,Wheat,Medium,FAQ,2600,2600,2600,08/09/2026
Uttar Pradesh,Azamgarh,Azamgarh APMC,Wheat,Dara,FAQ,2585,2700,2598.91,08/09/2026
Uttar Pradesh,Jhansi,Jhansi APMC,Wheat,Mill Quality,FAQ,2355,2365,2357.65,08/09/2026
Uttar Pradesh,Jalaun (Orai),Kadaura APMC,Wheat,Deshi,FAQ,2500,2500,2500,08/09/2026
Uttar Pradesh,Jalaun (Orai),Kadaura APMC,Wheat,Other,FAQ,2350,2350,2350,08/09/2026
Uttar Pradesh,Kasganj,Kasganj APMC,Wheat,Deshi,FAQ,2661,2665,2663.12,08/09/2026
Uttar Pradesh,Kasganj,Kasganj APMC,Wheat,Dara,FAQ,2500,2700,2548.41,08/09/2026
Uttar Pradesh,Sitapur,Sidhauli APMC,Wheat,Medium,FAQ,2550,2550,2550,08/09/2026
Uttar Pradesh,Shahjahanpur,Meeranpur Katra APMC,Wheat,Dara,FAQ,2590,2590,2590,08/09/2026
Uttar Pradesh,Ballia,Ballia APMC,Wheat,Other,FAQ,2600,2600,2600,08/09/2026
Uttar Pradesh,Fatehpur,Bindki APMC,Wheat,Medium,FAQ,2475,2500,2490.98,08/09/2026
Uttar Pradesh,Fatehpur,Bindki APMC,Wheat,Dara Mill Quality,FAQ,2400,2400,2400,08/09/2026
Uttar Pradesh,Unnao,Bangarmau APMC,Wheat,Other,FAQ,2600,2600,2600,08/09/2026
Uttar Pradesh,Bulandshahar,Buland Shahr APMC,Wheat,Dara,FAQ,2600,2680,2636.6,08/09/2026
Uttar Pradesh,Kanpur,Choubepur APMC,Wheat,Deshi,FAQ,2400,2400,2400,08/09/2026
Uttar Pradesh,Deoria,Devariya APMC,Wheat,Sharbati,FAQ,2715.73,2780,2719.54,08/09/2026
Uttar Pradesh,Deoria,Devariya APMC,Wheat,Dara,FAQ,2450,2750,2501.15,08/09/2026
Uttar Pradesh,Auraiya,Auraiya APMC,Wheat,Other,FAQ,2620,2620,2620,08/09/2026
Uttar Pradesh,Amroha,Dhanaura APMC,Wheat,Dara,FAQ,2500,2603,2551.96,08/09/2026
Uttar Pradesh,Bahraich,Mihipurwa APMC,Wheat,Dara,FAQ,2500,2500,2500,08/09/2026
Uttar Pradesh,Khiri (Lakhimpur),Mohammdi APMC,Wheat,Other,FAQ,2400,2400,2400,08/09/2026
Uttar Pradesh,Unnao,Purwa APMC,Wheat,Hybrid,FAQ,2450,2450,2450,08/09/2026
Uttar Pradesh,Unnao,Purwa APMC,Wheat,Medium,FAQ,2550,2550,2550,08/09/2026
Uttar Pradesh,Unnao,Purwa APMC,Wheat,Dara,FAQ,2450,2550,2480.16,08/09/2026
Uttar Pradesh,Badaun,Dataganj APMC,Wheat,PBW-343,FAQ,2500,2500,2500,08/09/2026
Uttar Pradesh,Mahoba,Charkhari APMC,Wheat,Dara,FAQ,2400,2600,2481.63,08/09/2026
Uttar Pradesh,Mahoba,Charkhari APMC,Wheat,Deshi,FAQ,2400,2600,2519.21,08/09/2026
Uttar Pradesh,Hamirpur,Raath APMC,Wheat,Deshi,FAQ,2400,2450,2413.58,08/09/2026
Uttar Pradesh,Hamirpur,Raath APMC,Wheat,Other,FAQ,2400,2400,2400,08/09/2026
Uttar Pradesh,Lucknow,Banthara APMC,Wheat,Medium,FAQ,2550,2550,2550,08/09/2026
Uttar Pradesh,Lucknow,Banthara APMC,Wheat,Dara,FAQ,2550,2840,2706.16,08/09/2026
Uttar Pradesh,Hamirpur,Maudaha APMC,Wheat,Medium,FAQ,2500,2500,2500,08/09/2026
Uttar Pradesh,Hardoi,Shahabad(New Mandi) APMC,Wheat,Dara,FAQ,2450,2700,2500.25,08/09/2026
Uttar Pradesh,Bulandshahar,Sikanderabad APMC,Wheat,Medium,FAQ,2681,2681,2681,08/09/2026
Uttar Pradesh,Agra,Fatehabad APMC,Wheat,Local,FAQ,2540,2550,2546.32,08/09/2026
Uttar Pradesh,Kanpur,Kanpur(Grain) APMC,Wheat,Dara,FAQ,2675,2740,2727.07,08/09/2026
Uttar Pradesh,Lalitpur,Lalitpur APMC,Wheat,147 Best,FAQ,2700,2800,2752.25,08/09/2026
Uttar Pradesh,Sambhal,Muradabad APMC,Wheat,Other,FAQ,2510,2510,2510,08/09/2026
Uttar Pradesh,Shahjahanpur,Shahjahanpur APMC,Wheat,Other,FAQ,2525,2690,2651.32,08/09/2026
Uttar Pradesh,Gorakhpur,Gorakhpur APMC,Wheat,Other,FAQ,2520,2560,2541.23,08/09/2026
Uttar Pradesh,Bahraich,Risia APMC,Wheat,Other,FAQ,2550,2550,2550,08/09/2026
Uttar Pradesh,Lucknow,Lucknow APMC,Wheat,Deshi,FAQ,2690,2690,2690,08/09/2026
Uttar Pradesh,Lucknow,Lucknow APMC,Wheat,Medium,FAQ,2690,2690,2690,08/09/2026
Uttar Pradesh,Badaun,Badayoun APMC,Wheat,Dara,FAQ,2600,2800,2719.65,08/09/2026
Uttar Pradesh,Auraiya,Achalda APMC,Wheat,Super Fine,FAQ,2400,2400,2400,08/09/2026
Uttar Pradesh,Agra,Achnera APMC,Wheat,Dara Mill Quality,FAQ,2800,2800,2800,08/09/2026
Uttar Pradesh,Jalaun (Orai),Orai APMC,Wheat,Other,FAQ,2402,2640,2520.13,08/09/2026
Uttar Pradesh,Bulandshahar,Anoop Shahar APMC,Wheat,Other,FAQ,2600,2600,2600,08/09/2026
Uttar Pradesh,Aligarh,Atrauli APMC,Wheat,Dara,FAQ,2600,2600,2600,08/09/2026
Uttar Pradesh,Jhansi,Jhansi APMC,Wheat,Deshi,FAQ,2350,2353,2351.16,08/09/2026
Uttar Pradesh,Jalaun (Orai),Kalpi APMC,Wheat,Dara,FAQ,2500,2500,2500,08/09/2026
Uttar Pradesh,Kasganj,Kasganj APMC,Wheat,C-83,FAQ,2660,2660,2660,08/09/2026
Uttar Pradesh,Kasganj,Kasganj APMC,Wheat,Dara Mill Quality,FAQ,2675,2676,2675.57,08/09/2026
Uttar Pradesh,Shahjahanpur,Meeranpur Katra APMC,Wheat,Other,FAQ,2490,2490,2490,08/09/2026
Uttar Pradesh,Ballia,Ballia APMC,Wheat,Dara,FAQ,2600,2600,2600,08/09/2026
Uttar Pradesh,Bareilly,Bareilly APMC,Wheat,Dara Mill Quality,FAQ,2605,2610,2607.56,08/09/2026
Uttar Pradesh,Bareilly,Bareilly APMC,Wheat,Dara,FAQ,2600,2650,2614.22,08/09/2026
Uttar Pradesh,Unnao,Bangarmau APMC,Wheat,Dara Mill Quality,FAQ,2620,2620,2620,08/09/2026
Uttar Pradesh,Barabanki,Barabanki APMC,Wheat,PBW-343,FAQ,2451,2451,2451,08/09/2026
Uttar Pradesh,Etawah,Bharthna APMC,Wheat,Other,FAQ,2550,2550,2550,08/09/2026
Uttar Pradesh,Hamirpur,Bharuasumerpur APMC,Wheat,Medium Fine,FAQ,2580,2580,2580,08/09/2026
Uttar Pradesh,Badaun,Bilsi APMC,Wheat,Other,FAQ,2450,2450,2450,08/09/2026
Uttar Pradesh,Kanpur,Choubepur APMC,Wheat,Dara,FAQ,2500,2500,2500,08/09/2026
Uttar Pradesh,Gorakhpur,Chorichora APMC,Wheat,Dara,FAQ,2400,2400,2400,08/09/2026
Uttar Pradesh,Jhansi,Chirgaon APMC,Wheat,Other,FAQ,2400,2450,2419.03,08/09/2026
Uttar Pradesh,Deoria,Devariya APMC,Wheat,Hybrid,FAQ,2703.62,2728.58,2718.98,08/09/2026
Uttar Pradesh,Sitapur,Hargaon (Laharpur) APMC,Wheat,Dara,FAQ,2650,2650,2650,08/09/2026
Uttar Pradesh,Bulandshahar,Jahangirabad APMC,Wheat,Other,FAQ,2690,2690,2690,08/09/2026
Uttar Pradesh,Mathura,Kosikalan APMC,Wheat,Dara,FAQ,2500,2500,2500,08/09/2026
Uttar Pradesh,Baghpat,Khekda APMC,Wheat,Mill Quality,FAQ,2600,2600,2600,08/09/2026
Uttar Pradesh,Baghpat,Khekda APMC,Wheat,Dara,FAQ,2700,2700,2700,08/09/2026
Uttar Pradesh,Bulandshahar,Khurja APMC,Wheat,PBW-343,FAQ,2600,2600,2600,08/09/2026
Uttar Pradesh,Hamirpur,Kurara APMC,Wheat,Dara,FAQ,2500,2500,2500,08/09/2026
Uttar Pradesh,Lalitpur,Mehrauni APMC,Wheat,Deshi,FAQ,2490,2500,2494.99,08/09/2026
Uttar Pradesh,Gonda,Nawabganj APMC,Wheat,Dara,FAQ,2650,2650,2650,08/09/2026
Uttar Pradesh,Lakhimpur,Paliakala APMC,Wheat,Other,FAQ,2400,2400,2400,08/09/2026
Uttar Pradesh,Pratapgarh,Pratapgarh APMC,Wheat,Wheat-Organic,FAQ,2400,2400,2400,08/09/2026
Uttar Pradesh,Siddharth Nagar,Sahiyapur APMC,Wheat,Dara,FAQ,2430,2600,2478.19,08/09/2026
Uttar Pradesh,Jaunpur,Shahganj APMC,Wheat,Red,FAQ,2400,2400,2400,08/09/2026
Uttar Pradesh,Jaunpur,Shahganj APMC,Wheat,Dara,FAQ,2400,2710,2586.21,08/09/2026
Uttar Pradesh,Bulandshahar,Sikarpur APMC,Wheat,Dara,FAQ,2600,2600,2600,08/09/2026
Uttar Pradesh,Firozabad,Tundla APMC,Wheat,Local,FAQ,2740,2780,2764.49,08/09/2026
Uttar Pradesh,Firozabad,Tundla APMC,Wheat,Medium,FAQ,2735,2745,2740.71,08/09/2026
Uttar Pradesh,Badaun,Ujhani APMC,Wheat,Other,FAQ,2500,2500,2500,08/09/2026
Uttar Pradesh,Unnao,Unnao APMC,Wheat,Dara Mill Quality,FAQ,2550,2550,2550,08/09/2026
Uttar Pradesh,Bulandshahar,Gulavati APMC,Wheat,Other,FAQ,2700,2700,2700,08/09/2026
Uttar Pradesh,Sitapur,Maholi APMC,Wheat,Dara,FAQ,2400,2400,2400,08/09/2026
Uttar Pradesh,Auraiya,Auraiya APMC,Wheat,Sonalika,FAQ,2620,2620,2620,08/09/2026
Uttar Pradesh,Auraiya,Auraiya APMC,Wheat,Sharbati,FAQ,2620,2620,2620,08/09/2026
Uttar Pradesh,Mau(Maunathbhanjan),Kopaganj APMC,Wheat,Dara,FAQ,2585,2632,2590.09,08/09/2026
Uttar Pradesh,Maharajganj,Partaval APMC,Wheat,Wheat-Organic,FAQ,2400,2400,2400,08/09/2026
Uttar Pradesh,Maharajganj,Partaval APMC,Wheat,Dara,FAQ,2400,2400,2400,08/09/2026
Rajasthan,Baran,Nahargarh APMC,Wheat,Other,Local,2505,2710,2607,08/09/2026
Rajasthan,Ganganagar,Padampur APMC,Wheat,Other,FAQ,2727,2882,2882,08/09/2026
Rajasthan,Bhilwara,Bhilwara APMC,Wheat,Other,FAQ,2675,2675,2675,08/09/2026
Rajasthan,Chittorgarh,Nimbahera APMC,Wheat,Other,FAQ,2401,2821,2601,08/09/2026
Rajasthan,Ganganagar,Anupgarh APMC,Wheat,Dara,Grade Range-1,2620,2620,2620,08/09/2026
Rajasthan,Swai Madhopur,Gangapur City APMC,Wheat,Other,Non-FAQ,2525,2595,2550,08/09/2026
Rajasthan,Bundi,Dei APMC,Wheat,Other,Local,2599,2686,2600,08/09/2026
Rajasthan,Kota,Ramganjmandi APMC,Wheat,Other,Local,2589,2847,2690,08/09/2026
Rajasthan,Ganganagar,Raisingh Nagar APMC,Wheat,Other,Non-FAQ,2626,2670,2649,08/09/2026
Rajasthan,Bundi,Keshoraipatan APMC,Wheat,Local,FAQ,2600,2730,2650,08/09/2026
Rajasthan,Kota,Kota APMC,Wheat,Local,Local,2650,2650,2650,08/09/2026
Rajasthan,Hanumangarh,Bhadara APMC,Wheat,1482,Non-FAQ,2805,2805,2805,08/09/2026
Rajasthan,Pratapgarh,Chhotisadri APMC,Wheat,Local,Local,2642,2920,2710,08/09/2026
Rajasthan,Kota,Itawa APMC,Wheat,Other,Local,2576,2821,2698,08/09/2026
Rajasthan,Tonk,Deoli APMC,Wheat,147 Average,FAQ,2580,2640,2610,08/09/2026
Rajasthan,Jhalawar,Choumahla APMC,Wheat,Other,Non-FAQ,2560,2740,2650,08/09/2026
Rajasthan,Bundi,Bundi APMC,Wheat,Other,FAQ,2641,2700,2671,08/09/2026
Rajasthan,Jhalawar,Iklera APMC,Wheat,Other,Local,2450,2760,2605,08/09/2026
Rajasthan,Ganganagar,Gajsinghpur APMC,Wheat,Other,Local,2585,2585,2585,08/09/2026
Rajasthan,Jhalawar,Bhawani Mandi APMC,Wheat,Other,Local,2526,2670,2598,08/09/2026
Rajasthan,Jodhpur,Osiyan Mathania APMC,Wheat,Local,Local,2400,2500,2450,08/09/2026
Rajasthan,Tonk,Dooni APMC,Wheat,147 Average,Local,2570,2650,2610,08/09/2026
Rajasthan,Ganganagar,Gharsana APMC,Wheat,Other,FAQ,2600,2670,2650,08/09/2026
Rajasthan,Baran,Anta APMC,Wheat,Other,Local,2549,2549,2549,08/09/2026
Rajasthan,Baran,Baran APMC,Wheat,Other,Local,2540,2775,2691,08/09/2026
Rajasthan,Baran,Atru APMC,Wheat,Other,Local,2481,2681,2581,08/09/2026
Rajasthan,Dausa,Mandawar APMC,Wheat,Other,FAQ,2570,2589,2580,08/09/2026
Rajasthan,Jaipur,Bassi APMC,Wheat,Other,Local,2520,2672,2596,08/09/2026
Rajasthan,Dausa,Dausa APMC,Wheat,Other,Local,2609,2659,2634,08/09/2026
Rajasthan,Baran,Kawai Salpura - Atru APMC,Wheat,Other,Local,2685,2790,2738,08/09/2026
Rajasthan,Chittorgarh,Begu APMC,Wheat,Other,Local,2700,2700,2700,08/09/2026
Rajasthan,Jhalawar,Jhalarapatan APMC,Wheat,Other,Local,2565,2675,2590,08/09/2026
Rajasthan,Bharatpur,Bhusawar Bair APMC,Wheat,147 Average,Local,2500,2640,2570,08/09/2026
Rajasthan,Pali,Sumerpur APMC,Wheat,Other,Non-FAQ,2770,2871,2821,08/09/2026
Rajasthan,Hanumangarh,Pilibanga APMC,Wheat,Other,FAQ,2693,2705,2702,08/09/2026
Rajasthan,Jhalawar,Khanpur APMC,Wheat,Other,FAQ,2650,2840,2725,08/09/2026
Karnataka,Vijayapura,Talikot APMC,Wheat,Local,FAQ,2625,2625,2625,08/09/2026
Karnataka,Bidar,Basava Kalayana APMC,Wheat,Mill Quality,Non-FAQ,3500,4300,4000,08/09/2026
Karnataka,Gadag,Gadag APMC,Wheat,White,FAQ,1277,4669,2564,08/09/2026
Karnataka,Gadag,Laxmeshwar APMC,Wheat,White,Non-FAQ,2015,2315,2206,08/09/2026
Karnataka,Raichur,Sindhanur APMC,Wheat,Jawari,Local,2500,2500,2500,08/09/2026
Karnataka,Bidar,Basava Kalayana APMC,Wheat,Mexican,FAQ,2550,2650,2600,08/09/2026
Karnataka,Bidar,Bidar APMC,Wheat,Red,Non-FAQ,2600,3451,3100,08/09/2026
Karnataka,Bengaluru,Bengaluru APMC,Wheat,Local,FAQ,3500,4500,4000,08/09/2026
Karnataka,Kalaburagi,Kalaburagi APMC,Wheat,Sharbati,Local,1850,3150,2650,08/09/2026
Gujarat,Ahmedabad,Sanad APMC,Wheat,Sharbati,FAQ,2750,2750,2750,08/09/2026
Gujarat,Rajkot,Jetpur(Dist.Rajkot) APMC,Wheat,Other,FAQ,2550,2865,2750,08/09/2026
Gujarat,Anand,Borsad APMC,Wheat,Other,Local,2150,2150,2150,08/09/2026
Gujarat,Banaskanth,Tharad APMC,Wheat,Other,Local,2625,2750,2687,08/09/2026
Gujarat,Banaskanth,Panthawada APMC,Wheat,Local,FAQ,2500,2500,2500,08/09/2026
Gujarat,Sabarkantha,Vadali APMC,Wheat,Other,FAQ,2575,2640,2608,08/09/2026
Gujarat,Anand,Khambhat(Grain Market) APMC,Wheat,Other,Local,2000,2650,2250,08/09/2026
Gujarat,Banaskanth,Thara(Shihori) APMC,Wheat,Other,FAQ,1850,2600,2225,08/09/2026
Gujarat,Jamnagar,Jamnagar APMC,Wheat,Other,Local,2000,2850,2725,08/09/2026
Gujarat,Rajkot,Dhoraji APMC,Wheat,Milbar,Non-FAQ,2500,2725,2525,08/09/2026
Gujarat,Amreli,Babra APMC,Wheat,Medium,FAQ,2450,2710,2580,08/09/2026
Gujarat,Junagarh,Bhesan APMC,Wheat,Other,FAQ,2000,2750,2500,08/09/2026
Gujarat,Amreli,The Agricultural Produce Market Committee-Amreli,Wheat,Rajasthan Tukdi,FAQ,2650,3500,2900,08/09/2026
Gujarat,Banaskanth,Vadgam APMC,Wheat,Other,FAQ,2650,2700,2665,08/09/2026
Gujarat,Surendranagar,Dhragradhra APMC,Wheat,Wheat,Local,2615,2615,2615,08/09/2026
Gujarat,Sabarkantha,Himatnagar APMC,Wheat,Sonalika,Local,2650,2980,2750,08/09/2026
Gujarat,Amreli,Savarkundla APMC,Wheat,Lokwan,Local,2500,2700,2600,08/09/2026
Gujarat,Amreli,Dhari APMC,Wheat,Lokwan,FAQ,2570,2725,2655,08/09/2026
Gujarat,Morbi,Vankaner APMC,Wheat,Lokwan,FAQ,2300,2815,2680,08/09/2026
Gujarat,Sabarkantha,Malpur APMC,Wheat,Other,FAQ,2375,2425,2400,08/09/2026
Gujarat,Mehsana,Mehsana(Jornang) APMC,Wheat,Other,Local,2330,2930,2600,08/09/2026
Gujarat,Morbi,Morbi APMC,Wheat,Other,FAQ,2505,2835,2670,08/09/2026
Gujarat,Junagarh,Junagadh APMC,Wheat,Lokwan,FAQ,2575,2835,2675,08/09/2026
Gujarat,Jamnagar,Kalawad APMC,Wheat,Other,Local,2355,2515,2485,08/09/2026
Gujarat,Amreli,Rajula APMC,Wheat,PISSI,Local,2555,3000,2777,08/09/2026
Gujarat,Bhavnagar,Taleja APMC,Wheat,Kalyan,FAQ,1525,2905,2215,08/09/2026
Gujarat,Gandhinagar,Mansa APMC,Wheat,Local,Local,2615,2745,2675,08/09/2026
Gujarat,Banaskanth,Palanpur APMC,Wheat,Deshi,Local,2725,2725,2725,08/09/2026
Gujarat,Sabarkantha,Modasa APMC,Wheat,Lokwan Gujrat,FAQ,2650,2780,2780,08/09/2026
Gujarat,Mehsana,Kadi APMC,Wheat,Other,FAQ,2505,3180,2850,08/09/2026
Gujarat,Sabarkantha,Modasa(Tintoi) APMC,Wheat,Lokwan,FAQ,2550,2680,2680,08/09/2026
Gujarat,Rajkot,Rajkot APMC,Wheat,Sharbati,FAQ,2755,3260,2820,08/09/2026
Gujarat,Junagarh,Junagadh APMC,Wheat,Sharbati,FAQ,2550,2800,2650,08/09/2026
Gujarat,Jamnagar,Jam Jodhpur APMC,Wheat,Other,Local,2450,2775,2675,08/09/2026
Gujarat,Morbi,APMC HALVAD,Wheat,Other,Local,2500,2835,2750,08/09/2026
Gujarat,Mehsana,Mehsana APMC,Wheat,Local,Local,2500,2790,2700,08/09/2026
Gujarat,Ahmedabad,Viramgam APMC,Wheat,Other,Local,2300,2825,2560,08/09/2026
Gujarat,Dahod,Dahod APMC,Wheat,147 Average,Local,2800,2900,2860,08/09/2026
Gujarat,Mehsana,Vijapur APMC,Wheat,Local,Grade Range-1,2625,2740,2700,08/09/2026
Gujarat,Sabarkantha,Meghraj APMC,Wheat,Other,Local,2450,2650,2650,08/09/2026
Gujarat,Rajkot,Rajkot APMC,Wheat,Lokwan,FAQ,2750,2920,2800,08/09/2026
Gujarat,Bhavnagar,Palitana APMC,Wheat,Other,Local,2555,2800,2675,08/09/2026
Gujarat,Gandhinagar,Kalol APMC,Wheat,Other,Local,2250,2775,2500,08/09/2026
Gujarat,Amreli,APMC Bagasara,Wheat,Lokwan Gujrat,Local,2500,2610,2555,08/09/2026
Gujarat,Gir Somnath,Veraval APMC,Wheat,Medium Fine,FAQ,2375,2705,2550,08/09/2026
Gujarat,Sabarkantha,Dhansura APMC,Wheat,Milbar,Local,2500,2750,2650,08/09/2026
Gujarat,Sabarkantha,Bhiloda APMC,Wheat,Other,FAQ,2750,2900,2825,08/09/2026
Gujarat,Panchmahals,Morva Hafad APMC,Wheat,Deshi,Local,2250,2400,2325,08/09/2026
Gujarat,Junagarh,Visavadar APMC,Wheat,Lok-1,FAQ,2400,2690,2545,08/09/2026
Gujarat,Botad,Botad APMC,Wheat,Local,Local,2675,2930,2855,08/09/2026
Gujarat,Jamnagar,Dhrol APMC,Wheat,Other,Local,2455,2720,2590,08/09/2026
Gujarat,Amreli,The Agricultural Produce Market Committee-Amreli,Wheat,Lokwan,FAQ,2775,3000,2925,08/09/2026
Gujarat,Rajkot,Jetpur(Dist.Rajkot) APMC,Wheat,Lokwan,FAQ,2505,2810,2725,08/09/2026
Gujarat,Surendranagar,Chotila APMC,Wheat,Local,FAQ,2500,2850,2650,08/09/2026
Gujarat,Sabarkantha,Talod APMC,Wheat,Other,FAQ,2500,2860,2680,08/09/2026
Gujarat,Rajkot,Jasdan APMC,Wheat,2189 No. 2,FAQ,2605,2725,2655,08/09/2026
Gujarat,Amreli,Savarkundla APMC,Wheat,Bansi,Local,2500,2850,2700,08/09/2026
West Bengal,Bankura,Bishnupur(Bankura) APMC,Wheat,Sonalika,FAQ,2600,2800,2700,08/09/2026
West Bengal,Bankura,Khatra APMC,Wheat,Sonalika,FAQ,2600,2800,2700,08/09/2026
West Bengal,Paschim Bardhaman,Durgapur APMC,Wheat,Kalyan,FAQ,2600,2825,2735,08/09/2026
West Bengal,Paschim Bardhaman,Asansol APMC,Wheat,Kalyan,FAQ,2600,2825,2725,08/09/2026
West Bengal,Murshidabad,Jangipur APMC,Wheat,Deshi,FAQ,2600,2700,2650,08/09/2026
West Bengal,Birbhum,Rampurhat APMC,Wheat,Other,FAQ,2620,2650,2640,08/09/2026
West Bengal,Nadia,Karimpur APMC,Wheat,Other,Grade Range-1,2700,2900,2800,08/09/2026
West Bengal,Murshidabad,Jiaganj APMC,Wheat,Sonalika,FAQ,2700,2800,2750,08/09/2026
Bihar,Sheikhpura,Barbigha APMC,Wheat,147 Average,FAQ,2500,2680,2600,08/09/2026
Bihar,Sheikhpura,Shekhpura APMC,Wheat,147 Average,FAQ,2500,2680,2580,08/09/2026
Uttarakhand,Haridwar,Lakshar APMC,Wheat,Other,Local,2585,2600,2600,08/09/2026
Assam,Kamrup,Fancy Bazaar APMC,Wheat Atta,Wheat Atta,FAQ,6600,9200,7600,08/09/2026
Maharashtra,Pune,APMC Pune ,Rice,Other,Local,4800,7200,6000,08/09/2026
Maharashtra,Sangli,APMC Sangli ,Rice,Other,Local,5000,9000,7000,08/09/2026
Maharashtra,Mumbai,APMC Mumbai ,Rice,Other,Local,8000,11000,10000,08/09/2026
Maharashtra,Palghar,APMC Palghar ,Rice,1009 Kar,Local,4900,4900,4900,08/09/2026
Maharashtra,Raigad,APMC Alibagh ,Rice,Other,Local,4000,4500,4250,08/09/2026
Maharashtra,Thane,APMC Ulhasnagar ,Rice,Other,Local,4000,6000,5000,08/09/2026
Maharashtra,Raigad,APMC Karjat(Raigad) ,Rice,Other,Local,4000,5800,5200,08/09/2026
Maharashtra,Solapur,APMC Solapur ,Rice,Other,Local,3575,7360,4170,08/09/2026
Maharashtra,Raigad,APMC Murud ,Rice,Other,Local,4000,4500,4250,08/09/2026
Maharashtra,Nagpur,APMC Nagpur ,Rice,Other,Local,3000,3200,3150,08/09/2026
Maharashtra,Palghar,APMC  VASAI,Rice,1009 Kar,Local,3505,4690,4250,08/09/2026
Maharashtra,Bhandara,APMC Bhandara ,Rice,1009 Kar,Local,5700,5700,5700,08/09/2026
Uttar Pradesh,Unnao,Unnao APMC,Rice,Broken Rice(Kanki),FAQ,2466.85,2830.6,2502.44,08/09/2026
Uttar Pradesh,Kanpur,Uttaripura APMC,Rice,Common,FAQ,2150,2150,2150,08/09/2026
Uttar Pradesh,Siddharth Nagar,Shohratgarh APMC,Rice,Common,FAQ,2550,2550,2550,08/09/2026
Uttar Pradesh,Maharajganj,Gadaura APMC,Rice,Common,FAQ,2300,2300,2300,08/09/2026
Uttar Pradesh,Etawah,Etawah APMC,Rice,Other,FAQ,2300,2300,2300,08/09/2026
Uttar Pradesh,Bahraich,Bahraich APMC,Rice,Common,FAQ,2300,2775,2653.48,08/09/2026
Uttar Pradesh,Basti,Basti APMC,Rice,Common,FAQ,2500,2500,2500,08/09/2026
Uttar Pradesh,Chitrakut,Mau(Chitrakut) APMC,Rice,Other,FAQ,2700,2700,2700,08/09/2026
Uttar Pradesh,Unnao,Purwa APMC,Rice,Common,FAQ,2500,2615,2521.67,08/09/2026
Uttar Pradesh,Lucknow,Banthara APMC,Rice,Common,FAQ,2200,2890,2583.87,08/09/2026
Uttar Pradesh,Banda,Banda APMC,Rice,Other,FAQ,2400,2420,2408.57,08/09/2026
Uttar Pradesh,Balrampur,Utraula APMC,Rice,Common,FAQ,2500,2500,2500,08/09/2026
Uttar Pradesh,Saharanpur,Saharanpur APMC,Rice,Other,FAQ,3450,3450,3450,08/09/2026
Uttar Pradesh,Rampur,Tanda(Rampur) APMC,Rice,Other,FAQ,8500,8500,8500,08/09/2026
Uttar Pradesh,Pillibhit,Pilibhit APMC,Rice,Other,FAQ,10100,10100,10100,08/09/2026
Uttar Pradesh,Sitapur,Mehmoodabad APMC,Rice,Common,FAQ,2220,2230,2224.4,08/09/2026
Uttar Pradesh,Chitrakut,Karvi APMC,Rice,Common,FAQ,2700,2700,2700,08/09/2026
Uttar Pradesh,Kanpur Dehat,Jhijhank APMC,Rice,Common,FAQ,2800,2800,2800,08/09/2026
Uttar Pradesh,Maharajganj,Anandnagar APMC,Rice,Common,FAQ,2400,2400,2400,08/09/2026
Uttar Pradesh,Ambedkarnagar,Akbarpur APMC,Rice,Common,FAQ,2550,2550,2550,08/09/2026
Uttar Pradesh,Ghazipur,Jangipura APMC,Rice,Common,FAQ,2640,2700,2665.51,08/09/2026
Uttar Pradesh,Unnao,Unnao APMC,Rice,Common,FAQ,2480,2480,2480,08/09/2026
Uttar Pradesh,Ghazipur,Yusufpur APMC,Rice,Common,FAQ,2500,2500,2500,08/09/2026
Uttar Pradesh,Hardoi,Hardoi APMC,Rice,Other,FAQ,2600,2600,2600,08/09/2026
Uttar Pradesh,Firozabad,Firozabad APMC,Rice,Common,FAQ,10100.3,10100.3,10100.3,08/09/2026
Uttar Pradesh,Agra,Agra APMC,Rice,Common,FAQ,3451,3451,3451,08/09/2026
Uttar Pradesh,Bijnor,Nagina APMC,Rice,Common,FAQ,5392,5392,5392,08/09/2026
Uttar Pradesh,Raebarelli,Bachranwa APMC,Rice,Common,FAQ,2700,2700,2700,08/09/2026
Uttar Pradesh,Lakhimpur,Golagokarnath APMC,Rice,Other,FAQ,5750,6850,6041.5,08/09/2026
Uttar Pradesh,Balrampur,Balrampur APMC,Rice,Common,FAQ,2700,2800,2743.75,08/09/2026
Uttar Pradesh,Banda,Banda APMC,Rice,Common,FAQ,2405,2405,2405,08/09/2026
Uttar Pradesh,Maharajganj,Nautnava APMC,Rice,Common,FAQ,2000,2000,2000,08/09/2026
Uttar Pradesh,Amethi,Sultanpur APMC,Rice,Common,FAQ,2500,3700,2711.32,08/09/2026
Uttar Pradesh,Varanasi,Varanasi APMC,Rice,Common,FAQ,2500,5510,4373.1,08/09/2026
Uttar Pradesh,Deoria,Devariya APMC,Rice,Common,FAQ,2400,2400,2400,08/09/2026
Uttar Pradesh,Mau(Maunathbhanjan),Kopaganj APMC,Rice,Common,FAQ,2450,2620,2527.66,08/09/2026
Uttar Pradesh,Gorakhpur,Sehjanwa APMC,Rice,Common,FAQ,2200,2200,2200,08/09/2026
Uttar Pradesh,Siddharth Nagar,Naugarh APMC,Rice,Common,FAQ,2000,2600,2014.06,08/09/2026
Uttar Pradesh,Sitapur,Sitapur APMC,Rice,Common,FAQ,2500,2575,2505.38,08/09/2026
Uttar Pradesh,Lucknow,Lucknow APMC,Rice,Common,FAQ,2802.17,9386.5,7391.31,08/09/2026
Uttar Pradesh,Mirzapur,Ahirora APMC,Rice,Common,FAQ,3400,5000,3723.23,08/09/2026
Uttar Pradesh,Azamgarh,Azamgarh APMC,Rice,Common,FAQ,2400,2800,2565.33,08/09/2026
Uttar Pradesh,Hardoi,Madhoganj APMC,Rice,Common,FAQ,3000,3000,3000,08/09/2026
Uttar Pradesh,Jaunpur,Mugrabaadshahpur APMC,Rice,Common,FAQ,2000,2000,2000,08/09/2026
Uttar Pradesh,Rampur,Rampur APMC,Rice,Common,FAQ,9111.1,9111.1,9111.1,08/09/2026
Uttar Pradesh,Sitapur,Viswan APMC,Broken Rice,Broken Rice,FAQ,2000,2000,2000,08/09/2026
Uttar Pradesh,Bahraich,Bahraich APMC,Broken Rice,Broken Rice,FAQ,2211,2300,2264.14,08/09/2026
Uttar Pradesh,Mirzapur,Mirzapur APMC,Broken Rice,Broken Rice,FAQ,2500,2500,2500,08/09/2026
Uttar Pradesh,Barabanki,Barabanki APMC,Broken Rice,Broken Rice,FAQ,2300,2350,2318.95,08/09/2026
Karnataka,Bengaluru,Bengaluru APMC,Rice,Dappa,Medium,3000,3100,3050,08/09/2026
Karnataka,Gadag,Gadag APMC,Rice,Fine,Medium,7800,9500,8690,08/09/2026
Karnataka,Raichur,Sindhanur APMC,Rice,Medium,Local,5010,5010,5010,08/09/2026
Karnataka,Belagavi,Nippani APMC,Rice,Medium,Small,2320,2320,2320,08/09/2026
Karnataka,Mandya,Mandya APMC,Rice,Other,Local,2210,2250,2210,08/09/2026
Karnataka,Raichur,Manvi APMC,Rice,Other,Small,2850,2850,2850,08/09/2026
Karnataka,Davangere,Davangere APMC,Rice,Medium,Local,2400,2400,2400,08/09/2026
Karnataka,Kalaburagi,Kalaburagi APMC,Rice,Broken Rice,Local,2350,3600,2500,08/09/2026
Karnataka,Kalaburagi,Kalaburagi APMC,Rice,Fine,Local,4200,5550,4350,08/09/2026
Karnataka,Bidar,Bidar APMC,Rice,Broken Rice,Small,2500,4000,3500,08/09/2026
Karnataka,Raichur,Sindhanur APMC,Rice,Broken Rice,Local,2300,2320,2300,08/09/2026
Karnataka,Vijayanagara,H.B. Halli APMC,Rice,Broken Rice,Large,2700,2700,2700,08/09/2026
Karnataka,Mandya,Mandya APMC,Rice,Broken Rice,Local,2200,2500,2200,08/09/2026
Karnataka,Bidar,Bidar APMC,Rice,CR 1009 (Coarse) Boiled,Small,4600,5600,5100,08/09/2026
Karnataka,Bengaluru,Bengaluru APMC,Rice,Fine,Medium,6000,7000,6500,08/09/2026
Karnataka,Bengaluru,Bengaluru APMC,Rice,Medium,Medium,5500,6000,5750,08/09/2026
Karnataka,Bellary,Kampli APMC,Rice,Medium,Local,5720,5720,5720,08/09/2026
Karnataka,Davangere,Davangere APMC,Rice,Broken Rice,Local,2200,2200,2200,08/09/2026
Karnataka,Kalaburagi,Kalaburagi APMC,Rice,Coarse,Local,3400,4250,3800,08/09/2026
Gujarat,Dahod,Dahod APMC,Rice,Lashkari,FAQ,5000,6500,6065,08/09/2026
Andhra Pradesh,Palnadu,Narasaraopet APMC,Rice,B P T,FAQ,6000,6000,6000,08/09/2026
Andhra Pradesh,Visakhapatnam,Visakhapatnam APMC,Rice,B P T,Grade Range-1,6300,6300,6300,08/09/2026
Andhra Pradesh,NTR,Tiruvuru APMC,Rice,Sona,Local,4900,4900,4900,08/09/2026
West Bengal,Birbhum,Rampurhat APMC,Rice,Common,FAQ,3450,3510,3500,08/09/2026
West Bengal,Bankura,Khatra APMC,Rice,Common,FAQ,3600,3700,3650,08/09/2026
West Bengal,Birbhum,Bolpur APMC,Rice,Common,FAQ,3650,3750,3700,08/09/2026
West Bengal,Darjeeling,Siliguri APMC,Rice,Fine(Basmati),FAQ,5100,5300,5200,08/09/2026
West Bengal,Hooghly,Champadanga APMC,Rice,Fine,FAQ,4650,4750,4700,08/09/2026
West Bengal,Bankura,Indus(Bankura Sadar) APMC,Rice,Fine,FAQ,4500,4650,4600,08/09/2026
West Bengal,Birbhum,Sainthia APMC,Rice,Common,FAQ,3650,3750,3700,08/09/2026
West Bengal,Medinipur(E),Kolaghat APMC,Rice,Fine,FAQ,4200,4400,4300,08/09/2026
West Bengal,Howrah,Uluberia APMC,Rice,Other,FAQ,3500,3700,3600,08/09/2026
West Bengal,Bankura,Bishnupur(Bankura) APMC,Rice,Fine,FAQ,4600,4800,4700,08/09/2026
West Bengal,Medinipur(E),Tamluk (Medinipur E) APMC,Rice,Fine,FAQ,4200,4400,4300,08/09/2026
West Bengal,Nadia,Bethuadahari APMC,Rice,Fine,Grade Range-1,5100,5300,5200,08/09/2026
West Bengal,Hooghly,Champadanga APMC,Rice,Sona Mansoori Non Basmati,FAQ,3300,3350,3300,08/09/2026
West Bengal,Malda,Samsi APMC,Rice,Fine,FAQ,5200,5400,5350,08/09/2026
West Bengal,Hooghly,Kalipur APMC,Rice,Common,FAQ,3260,3300,3280,08/09/2026
West Bengal,Sounth 24 Parganas,Diamond Harbour(South 24-pgs) APMC,Rice,Super Fine,FAQ,5000,5200,5100,08/09/2026
West Bengal,Coochbehar,Baxirhat APMC,Rice,Common,FAQ,4000,4200,4100,08/09/2026
West Bengal,Sounth 24 Parganas,Baruipur(Canning) APMC,Rice,Fine,FAQ,5100,5300,5200,08/09/2026
West Bengal,Hooghly,Sheoraphuly APMC,Rice,Masuri,FAQ,3125,3300,3225,08/09/2026
West Bengal,Coochbehar,Mathabhanga APMC,Rice,Common,FAQ,4000,4200,4100,08/09/2026
West Bengal,Bankura,Bankura Sadar APMC,Rice,Common,FAQ,3200,3300,3250,08/09/2026
West Bengal,Purba Bardhaman,Kalna APMC,Rice,Fine,FAQ,3850,3900,3900,08/09/2026
West Bengal,Puruliya,Purulia APMC,Rice,Other,FAQ,3400,3600,3500,08/09/2026
West Bengal,Hooghly,Kalipur APMC,Rice,Fine,FAQ,4600,4700,4650,08/09/2026
West Bengal,Sounth 24 Parganas,Diamond Harbour(South 24-pgs) APMC,Rice,Common,FAQ,3300,3500,3400,08/09/2026
West Bengal,Medinipur(E),Tamluk (Medinipur E) APMC,Rice,Common,FAQ,3200,3400,3300,08/09/2026
West Bengal,Medinipur(E),Kolaghat APMC,Rice,Common,FAQ,3200,3600,3400,08/09/2026
West Bengal,Howrah,Ramkrishanpur(Howrah) APMC,Rice,Sona Mansoori Non Basmati,FAQ,3300,3500,3400,08/09/2026
West Bengal,Murshidabad,Jangipur APMC,Rice,Common,FAQ,5100,5300,5200,08/09/2026
West Bengal,Paschim Bardhaman,Durgapur APMC,Rice,Fine,FAQ,4650,4860,4750,08/09/2026
West Bengal,Purba Bardhaman,Memari APMC,Rice,Fine,FAQ,3650,3800,3700,08/09/2026
West Bengal,Purba Bardhaman,Memari APMC,Rice,Common,FAQ,3300,3450,3350,08/09/2026
West Bengal,Nadia,Nadia APMC,Rice,Common,Local,3300,3400,3350,08/09/2026
West Bengal,Nadia,Nadia APMC,Rice,Fine,Local,4700,4800,4750,08/09/2026
West Bengal,Purba Bardhaman,Guskara APMC,Rice,Common,FAQ,3250,3300,3300,08/09/2026
West Bengal,Sounth 24 Parganas,Baruipur(Canning) APMC,Rice,Common,FAQ,3200,3400,3300,08/09/2026
West Bengal,Howrah,Uluberia APMC,Rice,Sona Mansoori Non Basmati,FAQ,3300,3500,3400,08/09/2026
West Bengal,Coochbehar,Dinhata APMC,Rice,Common,FAQ,4000,4200,4100,08/09/2026
West Bengal,Medinipur(W),Ghatal APMC,Rice,Masuri,FAQ,3600,3650,3630,08/09/2026
West Bengal,Coochbehar,Haldibari APMC,Rice,Common,FAQ,4000,4200,4100,08/09/2026
West Bengal,Murshidabad,Lalbagh APMC,Rice,Other,FAQ,3500,3700,3600,08/09/2026
West Bengal,Howrah,Ramkrishanpur(Howrah) APMC,Rice,Other,FAQ,3500,3700,3600,08/09/2026
West Bengal,Murshidabad,Jiaganj APMC,Rice,Fine,FAQ,3550,3650,3600,08/09/2026
West Bengal,Puruliya,Balarampur APMC,Rice,Other,FAQ,3500,3700,3600,08/09/2026
West Bengal,Purba Bardhaman,Burdwan APMC,Rice,Fine,FAQ,3650,3800,3700,08/09/2026
West Bengal,Purba Bardhaman,Burdwan APMC,Rice,Common,FAQ,3300,3500,3350,08/09/2026
West Bengal,Birbhum,Birbhum APMC,Rice,Common,FAQ,3650,3750,3700,08/09/2026
West Bengal,Purba Bardhaman,Guskara APMC,Rice,Fine,FAQ,3800,3900,3850,08/09/2026
West Bengal,Coochbehar,Toofanganj APMC,Rice,Common,FAQ,4000,4200,4100,08/09/2026
West Bengal,Medinipur(E),Egra/contai APMC,Rice,Fine,FAQ,3200,3400,3300,08/09/2026
West Bengal,Purba Bardhaman,Kalna APMC,Rice,Other,FAQ,3250,3300,3300,08/09/2026
West Bengal,Paschim Bardhaman,Asansol APMC,Rice,Fine,FAQ,4675,4850,4750,08/09/2026
West Bengal,Nadia,Karimpur APMC,Rice,Fine,Grade Range-1,4800,5000,4900,08/09/2026
West Bengal,Bankura,Bishnupur(Bankura) APMC,Rice,Common,FAQ,3600,3750,3650,08/09/2026
West Bengal,Hooghly,Pandua APMC,Rice,Fine,FAQ,4400,4625,4500,08/09/2026
West Bengal,Nadia,Ranaghat APMC,Rice,Fine,Local,4600,4800,4700,08/09/2026
West Bengal,Coochbehar,Mekhliganj APMC,Rice,Common,FAQ,4000,4200,4100,08/09/2026
Odisha,Mayurbhanja,Karanjia APMC,Rice,Common,FAQ,3500,3600,3600,08/09/2026
Odisha,Mayurbhanja,Karanjia APMC,Rice,Other,FAQ,3600,3700,3700,08/09/2026
Odisha,Bolangir,Tusura APMC,Rice,Boiled Rice,Local,3600,4000,3800,08/09/2026
Odisha,Bolangir,Bolangir APMC,Rice,Suvarna Best,Local,3600,4000,3800,08/09/2026
Uttarakhand,Champawat,Tanakpur APMC,Rice,Other,Grade Range-1,5100,5100,5100,08/09/2026
Uttarakhand,Udhamsinghnagar,Bazpur APMC,Rice,Common,FAQ,3673,3673,3673,08/09/2026
Uttarakhand,Udhamsinghnagar,Gadarpur APMC,Rice,Other,Local,3590,3590,3590,08/09/2026
Assam,Kamrup,Fancy Bazaar APMC,Rice,Super Fine,FAQ,7500,12000,9500,08/09/2026
Assam,Kamrup,Fancy Bazaar APMC,Rice,Common,FAQ,3100,3500,3300,08/09/2026
Assam,Kamrup,Fancy Bazaar APMC,Rice,Fine,FAQ,3200,11000,7500,08/09/2026
Assam,Kamrup,Fancy Bazaar APMC,Beaten Rice,Beaten Rice,FAQ,21600,32000,26000,08/09/2026
Tamil Nadu,Villupuram,Chinnasalem APMC,Maize,Other,Local,2670,2670,2670,08/09/2026
Tamil Nadu,Villupuram,Manalurpet APMC,Maize,Other,Local,2289,2647,2468,08/09/2026
Tamil Nadu,Ramanathapuram,Kamuthi APMC,Maize,Other,Local,1750,2100,1925,08/09/2026
Tamil Nadu,Erode,Alangeyam APMC,Maize,Other,Local,2800,2830,2815,08/09/2026
Tamil Nadu,Villupuram,Kallakurichi APMC,Maize,Other,Local,2629,2731,2680,08/09/2026
Tamil Nadu,Madurai,Thirumangalam APMC,Maize,Other,Local,2700,2800,2750,08/09/2026
Tamil Nadu,Thiruvannamalai,Kilpennathur APMC,Maize,Other,Local,2589,2689,2639,08/09/2026
Tamil Nadu,Villupuram,Villupuram APMC,Maize,Other,Local,2676,2684,2680,08/09/2026
Tamil Nadu,Cuddalore,Shrimushnam APMC,Maize,Other,Local,2626,2663,2644.5,08/09/2026
Tamil Nadu,Thirunelveli,Sankarankovil APMC,Maize,Other,Local,1600,1800,1700,08/09/2026
Tamil Nadu,Villupuram,Sangarapuram APMC,Maize,Other,Local,2589,2693,2641,08/09/2026
Tamil Nadu,Coimbatore,Pethappampatti APMC,Maize,Other,Local,2430,2600,2515,08/09/2026
Tamil Nadu,Cuddalore,Panruti APMC,Maize,Other,Local,2659,2659,2659,08/09/2026
Tamil Nadu,Namakkal,Namagiripettai APMC,Maize,Other,Local,2480,2600,2540,08/09/2026
Madhya Pradesh,Neemuch,Neemuch APMC,Maize,Local,FAQ,1911,2651,2651,08/09/2026
Madhya Pradesh,Sehore,Sehore APMC,Maize,Local,FAQ,1545,2000,2000,08/09/2026
Madhya Pradesh,Dhar,Dhamnod APMC,Maize,Local,FAQ,1694,2576,1770,08/09/2026
Madhya Pradesh,Dhar,Gandhwani APMC,Maize,Local,FAQ,1600,1850,1850,08/09/2026
Madhya Pradesh,Chhindwara,Chhindwara APMC,Maize,Local,FAQ,2539,2655,2600,08/09/2026
Madhya Pradesh,Khargone,Sanawad APMC,Maize,Local,FAQ,1370,2428,2428,08/09/2026
Madhya Pradesh,Khargone,Badwaha APMC,Maize,Local,FAQ,1610,2535,1740,08/09/2026
Madhya Pradesh,Khargone,Karhi APMC,Maize,Local,FAQ,1625,2410,1660,08/09/2026
Madhya Pradesh,Badwani,Anjad APMC,Maize,Local,FAQ,1600,2100,2100,08/09/2026
Madhya Pradesh,Ashoknagar,Isagarh APMC,Maize,Local,FAQ,1205,1250,1250,08/09/2026
Madhya Pradesh,Dewas,Loharda APMC,Maize,Local,FAQ,1401,2021,2000,08/09/2026
Madhya Pradesh,Vidisha,Ganjbasoda APMC,Maize,Local,FAQ,1860,1860,1860,08/09/2026
Madhya Pradesh,Khargone,Khargone APMC,Maize,Local,FAQ,1600,2456,1790,08/09/2026
Madhya Pradesh,Khandwa,Khandwa APMC,Maize,Local,FAQ,1950,2351,2351,08/09/2026
Madhya Pradesh,Dewas,Khategaon APMC,Maize,Local,FAQ,1641,2299,1690,08/09/2026
Madhya Pradesh,Chhindwara,Chaurai APMC,Maize,Yellow,FAQ,2400,2556,2556,08/09/2026
Madhya Pradesh,Jabalpur,Jabalpur APMC,Maize,Local,FAQ,2530,2535,2535,08/09/2026
Madhya Pradesh,Sagar,Rahatgarh APMC,Maize,Local,Non-FAQ,1750,1937,1937,08/09/2026
Madhya Pradesh,Chhindwara,Pandhurna APMC,Maize,Local,Non-FAQ,2100,2200,2200,08/09/2026
Madhya Pradesh,Jhabua,Petlawad APMC,Maize,Local,FAQ,2055,2055,2055,08/09/2026
Madhya Pradesh,Chhindwara,Amarwda APMC,Maize,Local,FAQ,2300,2300,2300,08/09/2026
Madhya Pradesh,Rajgarh,Khilchipur APMC,Maize,Local,FAQ,2375,2375,2375,08/09/2026
Madhya Pradesh,Dhar,Manawar APMC,Maize,Local,FAQ,1600,1750,1600,08/09/2026
Madhya Pradesh,Khargone,Badwaha APMC,Maize,Local,Non-FAQ,1229,1541,1541,08/09/2026
Madhya Pradesh,Chhindwara,Saunsar APMC,Maize,Yellow,FAQ,2500,2500,2500,08/09/2026
Madhya Pradesh,Indore,Indore APMC,Maize,Local,FAQ,1500,2001,2001,08/09/2026
Madhya Pradesh,Betul,Betul APMC,Maize,Deshi Red,FAQ,2350,2510,2475,08/09/2026
Madhya Pradesh,Hoshangabad,Itarsi APMC,Maize,Local,Non-FAQ,2500,2500,2500,08/09/2026
Madhya Pradesh,Mandsaur,Mandsaur APMC,Maize,Local,Non-FAQ,2050,2500,2391,08/09/2026
Madhya Pradesh,Neemuch,Manasa APMC,Maize,Local,FAQ,1900,2175,2175,08/09/2026
Madhya Pradesh,Harda,Harda APMC,Maize,Yellow,FAQ,1753,2488,2470,08/09/2026
Madhya Pradesh,Betul,Bhensdehi APMC,Maize,Local,FAQ,2120,2150,2150,08/09/2026
Madhya Pradesh,Harda,Khirakiya APMC,Maize,Local,Non-FAQ,1715,2365,2365,08/09/2026
Madhya Pradesh,Khargone,Kasrawad APMC,Maize,Local,FAQ,1420,1650,1500,08/09/2026
Madhya Pradesh,Khargone,Segaon APMC,Maize,Local,FAQ,1650,1700,1700,08/09/2026
Madhya Pradesh,Guna,Guna APMC,Maize,Local,FAQ,2000,2350,2160,08/09/2026
Madhya Pradesh,Vidisha,Vidisha APMC,Maize,Local,FAQ,2045,2345,2345,08/09/2026
Madhya Pradesh,Rajgarh,Jeerapur APMC,Maize,Local,FAQ,2300,2300,2300,08/09/2026
Madhya Pradesh,Dewas,Kannod APMC,Maize,Local,FAQ,1815,2151,2151,08/09/2026
Madhya Pradesh,Ratlam,Sailana APMC,Maize,Local,FAQ,2526,2526,2526,08/09/2026
Madhya Pradesh,Dewas,Dewas APMC,Maize,Local,FAQ,2459,2601,2601,08/09/2026
Madhya Pradesh,Indore,Mhow APMC,Maize,Local,FAQ,1986,1986,1986,08/09/2026
Madhya Pradesh,Dhar,Kukshi APMC,Maize,Local,FAQ,1550,1985,1675,08/09/2026
Madhya Pradesh,Guna,Kumbhraj APMC,Maize,Local,FAQ,2185,2185,2185,08/09/2026
Madhya Pradesh,Sehore,Jawar APMC,Maize,Local,FAQ,2534,2534,2534,08/09/2026
Madhya Pradesh,Mandsaur,Shamgarh APMC,Maize,Local,Non-FAQ,2090,2380,2380,08/09/2026
Madhya Pradesh,Mandsaur,Sitmau APMC,Maize,Local,FAQ,2325,2417,2350,08/09/2026
Maharashtra,Sangli,APMC Tasgaon ,Maize,Other,Non-FAQ,2220,2370,2310,08/09/2026
Maharashtra,Buldhana,APMC Khamgaon ,Maize,Deshi Red,Non-FAQ,2375,2375,2375,08/09/2026
Maharashtra,Jalna,APMC Jalana ,Maize,Deshi Red,Non-FAQ,2275,2275,2275,08/09/2026
Maharashtra,Ahilyanagar,APMC Jamkhed ,Maize,Other,Non-FAQ,1500,1700,1600,08/09/2026
Maharashtra,Nashik,APMC Malegaon ,Maize,Yellow,Non-FAQ,1701,2399,2350,08/09/2026
Maharashtra,Solapur,APMC Karmala ,Maize,Other,FAQ,2426,2426,2426,08/09/2026
Maharashtra,Solapur,APMC Karmala ,Maize,Other,Non-FAQ,2380,2380,2380,08/09/2026
Maharashtra,Nashik,APMC Satana ,Maize,Other,FAQ,2515,2515,2515,08/09/2026
Maharashtra,Nashik,APMC Satana ,Maize,Other,Non-FAQ,2110,2110,2110,08/09/2026
Maharashtra,Dhule,APMC Dondaicha ,Maize,Yellow,Non-FAQ,1711,2290,1841,08/09/2026
Maharashtra,Buldhana,APMC Malkapur ,Maize,Yellow,FAQ,2470,2500,2475,08/09/2026
Maharashtra,Buldhana,APMC Malkapur ,Maize,Yellow,Non-FAQ,2325,2325,2325,08/09/2026
Maharashtra,Jalgaon,APMC Parola ,Maize,Yellow,Non-FAQ,2350,2350,2350,08/09/2026
Maharashtra,Mumbai,APMC Mumbai ,Maize,Other,FAQ,2800,3400,3200,08/09/2026
Maharashtra,Nandurbar,APMC Nandurbar ,Maize,Deshi Red,Non-FAQ,2000,2300,2251,08/09/2026
Maharashtra,Nandurbar,APMC Shahada ,Maize,Deshi Red,Non-FAQ,2311,2311,2311,08/09/2026
Maharashtra,Ahilyanagar,APMC Kopargaon ,Maize,Other,FAQ,2400,2600,2480,08/09/2026
Maharashtra,Jalgaon,APMC Pachora ,Maize,Other,FAQ,2455,2501,2471,08/09/2026
Maharashtra,Jalgaon,APMC Chopda ,Maize,Yellow,Non-FAQ,1621,1831,1766,08/09/2026
Maharashtra,Nashik,Lasalgaon(Niphad) ,Maize,Deshi Red,FAQ,2510,2521,2511,08/09/2026
Maharashtra,Nandurbar,APMC Dhadgaon ,Maize,Other,Non-FAQ,1800,1850,1825,08/09/2026
Maharashtra,Pune,APMC Pune ,Maize,Deshi Red,FAQ,2750,2950,2850,08/09/2026
Maharashtra,Amarawati,APMC Amarawati ,Maize,Deshi Red,Non-FAQ,1900,2000,1950,08/09/2026
Maharashtra,Buldhana,APMC Khamgaon ,Maize,Deshi Red,FAQ,2400,2400,2400,08/09/2026
Maharashtra,Jalna,APMC Jalana ,Maize,Deshi Red,FAQ,2625,2725,2625,08/09/2026
Maharashtra,Jalgaon,APMC Amalner ,Maize,Deshi Red,Non-FAQ,1681,1751,1751,08/09/2026
Uttar Pradesh,Bulandshahar,Khurja APMC,Maize,Other,FAQ,2000,2000,2000,08/09/2026
Uttar Pradesh,Kanpur,Uttaripura APMC,Maize,Other,FAQ,1900,2000,1913.73,08/09/2026
Uttar Pradesh,Sambhal,Muradabad APMC,Maize,Other,FAQ,1550,1550,1550,08/09/2026
Uttar Pradesh,Shahjahanpur,Shahjahanpur APMC,Maize,Other,FAQ,2000,2000,2000,08/09/2026
Uttar Pradesh,Kannuj,Kannauj APMC,Maize,Other,FAQ,2000,2500,2199,08/09/2026
Uttar Pradesh,Badaun,Badayoun APMC,Maize,Other,FAQ,2000,2350,2256.3,08/09/2026
Uttar Pradesh,Badaun,Islam Nagar APMC,Maize,Other,FAQ,1950,1960,1951.58,08/09/2026
Uttar Pradesh,Etah,Etah APMC,Maize,Other,FAQ,2000,2000,2000,08/09/2026
Uttar Pradesh,Badaun,Babrala APMC,Maize,Local,Local,2130,2150,2140,08/09/2026
Uttar Pradesh,Hathras,Sikandraraau APMC,Maize,Other,FAQ,2200,2200,2200,08/09/2026
Uttar Pradesh,Firozabad,Sirsaganj APMC,Maize,Other,FAQ,2100,2421,2240.11,08/09/2026
Uttar Pradesh,Badaun,Bisoli APMC,Maize,Other,FAQ,2000,2169,2034.6,08/09/2026
Uttar Pradesh,Shahjahanpur,Tilhar APMC,Maize,Other,FAQ,1700,1700,1700,08/09/2026
Uttar Pradesh,Etawah,Jasvantnagar APMC,Maize,Other,FAQ,2000,2000,2000,08/09/2026
Uttar Pradesh,Mainpuri,Mainpuri APMC,Maize,Other,FAQ,1950,2000,1980.92,08/09/2026
Uttar Pradesh,Badaun,Dataganj APMC,Maize,Other,FAQ,2250,2250,2250,08/09/2026
Uttar Pradesh,Shahjahanpur,Jalalabad APMC,Maize,Other,FAQ,1910,2100,2042.3,08/09/2026
Uttar Pradesh,Bulandshahar,Anoop Shahar APMC,Maize,Other,FAQ,2300,2300,2300,08/09/2026
Uttar Pradesh,Badaun,Babrala APMC,Maize,Other,FAQ,2200,2201,2200.6,08/09/2026
Uttar Pradesh,Kannuj,Chhibramau APMC,Maize,Other,FAQ,2250,2400,2268.8,08/09/2026
Uttar Pradesh,Khiri (Lakhimpur),Mohammdi APMC,Maize,Other,FAQ,2100,2100,2100,08/09/2026
Uttar Pradesh,Mainpuri,Bewar APMC,Maize,Other,FAQ,2100,2100,2100,08/09/2026
Uttar Pradesh,Aligarh,Atrauli APMC,Maize,Other,FAQ,2100,2100,2100,08/09/2026
Uttar Pradesh,Kasganj,Kasganj APMC,Maize,Other,FAQ,1850,2300,2005.19,08/09/2026
Uttar Pradesh,Unnao,Bangarmau APMC,Maize,Other,FAQ,2200,2200,2200,08/09/2026
Uttar Pradesh,Sambhal,Chandausi APMC,Maize,Other,FAQ,2225,2250,2238.01,08/09/2026
Uttar Pradesh,Hardoi,Madhoganj APMC,Maize,Other,FAQ,2200,2400,2300.6,08/09/2026
Uttar Pradesh,Farukhabad,Mohamadabad APMC,Maize,Other,FAQ,2250,2370,2274.58,08/09/2026
Uttar Pradesh,Bahraich,Risia APMC,Maize,Other,FAQ,1770,1800,1788.48,08/09/2026
Uttar Pradesh,Hathras,Haathras APMC,Maize,Other,FAQ,2000,2321,2248.45,08/09/2026
Uttar Pradesh,Barabanki,Safdarganj APMC,Maize,Other,FAQ,2150,2150,2150,08/09/2026
Uttar Pradesh,Firozabad,Shikohabad APMC,Maize,Other,FAQ,2140,2400,2255.58,08/09/2026
Uttar Pradesh,Badaun,Wazirganj APMC,Maize,Other,FAQ,2000,2200,2007.59,08/09/2026
Uttar Pradesh,Sambhal,Sambhal APMC,Maize,Other,FAQ,1900,2450,2214.86,08/09/2026
Uttar Pradesh,Bareilly,Anwala APMC,Maize,Other,FAQ,2000,2000,2000,08/09/2026
Uttar Pradesh,Kanpur,Kanpur(Grain) APMC,Maize,Other,FAQ,1700,1700,1700,08/09/2026
Uttar Pradesh,Pillibhit,Pilibhit APMC,Maize,Other,FAQ,2500,2500,2500,08/09/2026
Uttar Pradesh,Gorakhpur,Sehjanwa APMC,Maize,Other,FAQ,2000,2645,2280.34,08/09/2026
Uttar Pradesh,Auraiya,Dibiapur APMC,Maize,Other,FAQ,2000,2000,2000,08/09/2026
Uttar Pradesh,Auraiya,Achalda APMC,Maize,Other,FAQ,2000,2000,2000,08/09/2026
Uttar Pradesh,Aligarh,Aligarh APMC,Maize,Other,FAQ,1920,1980,1951.65,08/09/2026
Uttar Pradesh,Farukhabad,Farukhabad APMC,Maize,Other,FAQ,2300,2325,2312.75,08/09/2026
Uttar Pradesh,Badaun,Bilsi APMC,Maize,Other,FAQ,2000,2300,2074.79,08/09/2026
Uttar Pradesh,Bulandshahar,Buland Shahr APMC,Maize,Other,FAQ,2000,2010,2002.04,08/09/2026
Uttar Pradesh,Aligarh,Charra APMC,Maize,Other,FAQ,2100,2420,2266.29,08/09/2026
Uttar Pradesh,Bulandshahar,Divai APMC,Maize,Other,FAQ,2000,2100,2013.58,08/09/2026
Uttar Pradesh,Hardoi,Sandi APMC,Maize,Other,FAQ,1900,1900,1900,08/09/2026
Uttar Pradesh,Bulandshahar,Jahangirabad APMC,Maize,Other,FAQ,2200,2425.35,2233.83,08/09/2026
Uttar Pradesh,Sonbhadra,Dudhi APMC,Maize,Other,FAQ,700,700,700,08/09/2026
Uttar Pradesh,Bulandshahar,Siyana APMC,Maize,Other,FAQ,2050,2250,2135.76,08/09/2026
Uttar Pradesh,Badaun,Ujhani APMC,Maize,Other,FAQ,2100,2500,2172.96,08/09/2026
Uttar Pradesh,Sambhal,Bhehjoi APMC,Maize,Other,FAQ,2100,2441,2233.24,08/09/2026
Uttar Pradesh,Shahjahanpur,Powayan APMC,Maize,Other,FAQ,1950,2000,1968.49,08/09/2026
Uttar Pradesh,Bulandshahar,Gulavati APMC,Maize,Other,FAQ,2150,2160,2153.22,08/09/2026
Uttar Pradesh,Farukhabad,Kamlaganj APMC,Maize,Other,FAQ,2300,2425,2342.05,08/09/2026
Uttar Pradesh,Kasganj,Ganj Dundwara APMC,Maize,Other,FAQ,1800,2300,2076.43,08/09/2026
Uttar Pradesh,Etah,Aliganj APMC,Maize,Other,FAQ,1800,2000,1855.62,08/09/2026
Uttar Pradesh,Farukhabad,Kayamganj APMC,Maize,Other,FAQ,2100,2200,2155.47,08/09/2026
Uttar Pradesh,Aligarh,Khair APMC,Maize,Other,FAQ,2200,2205,2200.49,08/09/2026
Uttar Pradesh,Hardoi,Hardoi APMC,Maize,Other,FAQ,1700,2000,1786.58,08/09/2026
Rajasthan,Bhilwara,Bhilwara APMC,Maize,Hybrid,FAQ,2350,2350,2350,08/09/2026
Rajasthan,Bundi,Bundi APMC,Maize,Other,FAQ,1851,2151,2001,08/09/2026
Rajasthan,Kota,Kota APMC,Maize,Local,Local,2300,2300,2300,08/09/2026
Rajasthan,Pratapgarh,Chhotisadri APMC,Maize,Local,Local,2200,2200,2200,08/09/2026
Rajasthan,Baran,Baran APMC,Maize,Other,Local,2071,2071,2071,08/09/2026
Rajasthan,Tonk,Deoli APMC,Maize,Local,FAQ,2100,2200,2150,08/09/2026
Rajasthan,Chittorgarh,Kapasan APMC,Maize,Hybrid,FAQ,2300,2500,2400,08/09/2026
Karnataka,Bengaluru,Bengaluru APMC,Maize,Hybrid/Local,FAQ,3000,3200,3100,08/09/2026
Karnataka,Bengaluru,Bengaluru APMC,Maize,Popcorn,FAQ,6500,7500,7000,08/09/2026
Karnataka,Koppal,Gangavathi APMC,Maize,Local,Non-FAQ,2580,2775,2600,08/09/2026
Karnataka,Gadag,Laxmeshwar APMC,Maize,Local,Non-FAQ,2215,2501,2350,08/09/2026
Karnataka,Davangere,Honnali APMC,Maize,Local,FAQ,2500,2500,2500,08/09/2026
Karnataka,Bagalkot,Bagalkot APMC,Maize,Hybrid/Local,Local,2401,2401,2401,08/09/2026
Karnataka,Haveri,Hanagal APMC,Maize,Local,FAQ,2650,2650,2650,08/09/2026
Karnataka,Dharwad,APMC Hubballi,Maize,Local,Local,2431,2431,2431,08/09/2026
Karnataka,Bellary,Ballari APMC,Maize,Local,Non-FAQ,2711,2711,2711,08/09/2026
Karnataka,Gadag,Rona APMC,Maize,Hybrid/Local,Non-FAQ,2400,2631,2569,08/09/2026
Karnataka,Davangere,Davangere APMC,Maize,Local,Local,2700,2700,2700,08/09/2026
Karnataka,Vijayanagara,Kottur APMC,Maize,Hybrid/Local,Local,1800,2600,2200,08/09/2026
Karnataka,Mysuru,Periyapatna APMC,Maize,Hybrid/Local,FAQ,2000,2000,2000,08/09/2026
Karnataka,Gadag,Gadag APMC,Maize,Local,FAQ,2600,2700,2626,08/09/2026
Karnataka,Chitradurga,Challakere APMC,Maize,Yellow,Local,2365,2782,2745,08/09/2026
Karnataka,Davangere,HarappanaHalli APMC,Maize,Popcorn,Local,5000,5000,5000,08/09/2026
Karnataka,Davangere,HarappanaHalli APMC,Maize,Hybrid/Local,FAQ,2700,2700,2700,08/09/2026
Gujarat,Panchmahals,Morva Hafad APMC,Maize,Deshi White,Local,2000,2400,2200,08/09/2026
Gujarat,Sabarkantha,Bhiloda APMC,Maize,Other,FAQ,2400,2600,2500,08/09/2026
Gujarat,Narmada,Garudeshwal APMC,Maize,Deshi Red,Local,2300,2300,2300,08/09/2026
Gujarat,Sabarkantha,Himatnagar APMC,Maize,Yellow,Local,2450,2635,2550,08/09/2026
Gujarat,Rajkot,Gondal APMC,Maize,Yellow,FAQ,1105,2555,2455,08/09/2026
Gujarat,Dahod,Dahod APMC,Maize,White (SAFED),Local,2325,2600,2475,08/09/2026
Punjab,Jalandhar,Nakodar APMC,Maize,Other,Local,2520,2520,2520,08/09/2026
Andhra Pradesh,East Godavari,Gopalapuram APMC,Maize,Local,Local,2405,2405,2405,08/09/2026
Andhra Pradesh,Guntur,Mangalagiri APMC,Maize,Fine,FAQ,2480,2480,2480,08/09/2026
Andhra Pradesh,Ananthapuramu,RAYADURG APMC,Maize,Local,Grade Range-1,2200,2600,2400,08/09/2026
Andhra Pradesh,Bapatla,Bapatla APMC,Maize,Local,Local,2200,2400,2300,08/09/2026
Andhra Pradesh,Srikakulam,Ponduru APMC,Maize,Local,FAQ,2400,2400,2400,08/09/2026
Andhra Pradesh,Krishna,Penamaluru (HQ-Kankipadu) APMC,Maize,Hybrid/Local,Local,2600,2600,2600,08/09/2026
Andhra Pradesh,Nandyal,Nandikotkur APMC,Maize,Hybrid,FAQ,2200,2400,2300,08/09/2026
Andhra Pradesh,Vijayanagaram,Chipurupalli APMC,Maize,Local,FAQ,4800,4800,4800,08/09/2026
Andhra Pradesh,Vijayanagaram,Merakamudidam APMC,Maize,Local,Local,1800,2000,1950,08/09/2026
Andhra Pradesh,Parvathipuram Manyam,Kurupam APMC,Maize,Local,Local,2400,2400,2400,08/09/2026
Andhra Pradesh,Parvathipuram Manyam,Saluru APMC,Maize,Hybrid/Local,FAQ,2600,2600,2600,08/09/2026
Andhra Pradesh,Sri Sathya Sai,Puttaparthi  APMC,Maize,Local,FAQ,2400,2500,2450,08/09/2026
Andhra Pradesh,Vijayanagaram,Rajam APMC,Maize,Local,FAQ,4800,4800,4800,08/09/2026
Andhra Pradesh,Palnadu,Rompicherla APMC,Maize,Hybrid/Local,FAQ,2300,2500,2500,08/09/2026
Andhra Pradesh,Bapatla,Kuchinapudi APMC,Maize,Local,Local,2800,3000,2900,08/09/2026
Andhra Pradesh,NTR,Mylavaram APMC,Maize,Hybrid,Local,2450,2450,2450,08/09/2026
Andhra Pradesh,Prakasam,Addanki APMC,Maize,Local,FAQ,2400,2420,2410,08/09/2026
Andhra Pradesh,Sri Sathya Sai,Penukonda APMC,Maize,Hybrid/Local,FAQ,2500,2650,2600,08/09/2026
Andhra Pradesh,NTR,Jaggayyapeta APMC,Maize,Local,Grade Range-1,2410,2410,2410,08/09/2026
Andhra Pradesh,Eluru,Polavaram APMC,Maize,Local,Local,2415,2415,2415,08/09/2026
Andhra Pradesh,Parvathipuram Manyam,Palakonda APMC,Maize,Medium,FAQ,1800,1800,1800,08/09/2026
Andhra Pradesh,NTR,Tiruvuru APMC,Maize,Hybrid,Local,2400,2400,2400,08/09/2026
Andhra Pradesh,Prakasam,Santhamaguluru APMC,Maize,Hybrid,FAQ,2400,2480,2450,08/09/2026
Andhra Pradesh,Nandyal,Allagadda APMC,Maize,Local,FAQ,2000,2150,2050,08/09/2026
Andhra Pradesh,YSR Kadapa,Simhadhripuram APMC,Maize,Hybrid/Local,FAQ,2200,2600,2400,08/09/2026
Andhra Pradesh,Palnadu,Ipur APMC,Maize,Local,FAQ,2200,2400,2300,08/09/2026
Andhra Pradesh,Nandyal,Panyam APMC,Maize,Hybrid/Local,FAQ,2400,2400,2400,08/09/2026
Andhra Pradesh,NTR,Nandigama APMC,Maize,Hybrid,Grade Range-1,2350,2350,2350,08/09/2026
Andhra Pradesh,Vijayanagaram,Bobbili APMC,Maize,Local,FAQ,4800,4800,4800,08/09/2026
Andhra Pradesh,Eluru,Nuzvid APMC,Maize,Local,FAQ,2500,2500,2500,08/09/2026
Andhra Pradesh,Vijayanagaram,Pusapatirega APMC,Maize,Local,FAQ,4800,4800,4800,08/09/2026
Andhra Pradesh,Palnadu,Durgi APMC,Maize,Hybrid/Local,FAQ,1800,2400,2200,08/09/2026
Andhra Pradesh,Srikakulam,Etcherla APMC,Maize,Deshi White,Local,2400,2400,2400,08/09/2026
Andhra Pradesh,East Godavari,Rajanagaram APMC,Maize,Fine,Local,2405,2405,2405,08/09/2026
Andhra Pradesh,Vijayanagaram,Gajapathinagaram APMC,Maize,Local,Local,2400,2400,2400,08/09/2026
Andhra Pradesh,Srikakulam,Hiramandalam APMC,Maize,Medium,Local,2200,2200,2200,08/09/2026
Andhra Pradesh,NTR,Kanchekacherla APMC,Maize,Hybrid,FAQ,2400,2400,2400,08/09/2026
Andhra Pradesh,Parvathipuram Manyam,Parvathipuram APMC,Maize,Local,Local,2400,2400,2400,08/09/2026
Andhra Pradesh,Nandyal,Banaganapalli APMC,Maize,Local,FAQ,2000,2400,2200,08/09/2026
Andhra Pradesh,East Godavari,Nidadavolu APMC,Maize,Local,Local,2445,2445,2445,08/09/2026
Andhra Pradesh,Vijayanagaram,Vijayanagaram APMC,Maize,Local,Local,2400,2400,2400,08/09/2026
Andhra Pradesh,Sri Sathya Sai,Gorantla  APMC,Maize,Hybrid/Local,FAQ,2200,2500,2300,08/09/2026
Andhra Pradesh,Bapatla,Parchur APMC,Maize,Local,FAQ,2200,2400,2300,08/09/2026
West Bengal,Murshidabad,Jangipur APMC,Maize,Other,FAQ,2500,2600,2550,08/09/2026
Odisha,Nowarangpur,Nabarangpur(Umerkote) APMC,Maize,Hybrid/Local,Local,2200,2200,2200,08/09/2026
Telangana,Siddipet,Bejjenki APMC,Maize,Local,FAQ,2250,2250,2250,08/09/2026
Telangana,Warangal,Cherial APMC,Maize,Local,Local,2400,2400,2400,08/09/2026
Telangana,Karimnagar,Husnabad APMC,Maize,Local,Local,2400,2400,2400,08/09/2026
Telangana,Jogulamba Gadwal,Alampur APMC,Maize,Medium,Local,1800,2250,2000,08/09/2026
Telangana,Bhadradri Kothagudem,Yellandu APMC,Maize,Local,Local,2200,2400,2300,08/09/2026
Uttarakhand,Garhwal (Pauri),Kotadwara APMC,Maize,Other,FAQ,1400,1400,1400,08/09/2026
