state,district,market,commodity,variety,grade,min_price,max_price,modal_price,price_date
Madhya Pradesh,Ujjain,Ujjain APMC,Onion,Onion,Non-FAQ,182.74,1175.06,1175.06,14/04/2026
Madhya Pradesh,Indore,Indore APMC,Onion,Onion,Non-FAQ,400,1064,937,14/04/2026
Madhya Pradesh,Khandwa,Khandwa APMC,Onion,Local,FAQ,400,800,800,14/04/2026
Madhya Pradesh,Rajgarh,Sarangpur APMC,Onion,Local,Non-FAQ,265,412,412,14/04/2026
Madhya Pradesh,Dhar,Kukshi(F&V) APMC,Onion,Onion,Grade A,700,1300,1000,14/04/2026
Madhya Pradesh,Indore,Indore APMC,Onion,Other,FAQ,451,995,995,14/04/2026
Madhya Pradesh,Dewas,Sonkatch APMC,Onion,Onion,Non-FAQ,502,525,525,14/04/2026
Madhya Pradesh,Ujjain,Ujjain APMC,Onion,Onion,FAQ,187.25,1095.68,1095.68,14/04/2026
Madhya Pradesh,Indore,Indore APMC,Onion,Onion,FAQ,287,1208,888,14/04/2026
Maharashtra,Nagpur,Hingna APMC,Onion,White,Local,1500,1500,1500,14/04/2026
Maharashtra,Pune,Pune APMC,Onion,Local,Local,400,1200,800,14/04/2026
Maharashtra,Ahmednagar,Jamkhed APMC,Onion,Local,Local,100,1100,600,14/04/2026
Maharashtra,Ahmednagar,Akole APMC,Onion,Other,Local,250,1301,1061,14/04/2026
Maharashtra,Ahmednagar,Sangamner APMC,Onion,Other,Local,200,1356,778,14/04/2026
Maharashtra,Kolhapur,Kolhapur APMC,Onion,Other,Local,500,1200,900,14/04/2026
Maharashtra,Nashik,Lasalgaon(Vinchur) APMC,Onion,Other,Local,500,1500,1125,14/04/2026
Maharashtra,Nashik,Pimpalgaon APMC,Onion,Other,Local,400,1781,1350,14/04/2026
Maharashtra,Pune,Khed(Chakan) APMC,Onion,Other,Local,900,1300,1100,14/04/2026
Maharashtra,Pune,Pune(Khadiki) APMC,Onion,Local,Local,600,1100,850,14/04/2026
Maharashtra,Satara,Vaduj APMC,Onion,Local,Local,500,1200,1000,14/04/2026
Maharashtra,Ahmednagar,Om Chaitanya Multistate Agro Purpose CoOp Society  APMC,Onion,Red,Local,100,1200,800,14/04/2026
Maharashtra,Nagpur,Hingna APMC,Onion,Red,Local,1500,1600,1533,14/04/2026
Maharashtra,Nagpur,Ramtek APMC,Onion,Other,Local,1100,1500,1300,14/04/2026
Maharashtra,Satara,Vai APMC,Onion,Local,Local,700,1300,1000,14/04/2026
Maharashtra,Mumbai,Vashi New Mumbai APMC,Onion,Other,Local,700,1300,1000,14/04/2026
Maharashtra,Nashik,Lasalgaon APMC,Onion,Other,Local,500,1500,1150,14/04/2026
Maharashtra,Nashik,Lasalgaon APMC,Onion,Red,Local,300,970,800,14/04/2026
Maharashtra,Pune,Pune(Moshi) APMC,Onion,Local,Local,500,1200,850,14/04/2026
Maharashtra,Pune,Pune(Pimpri) APMC,Onion,Local,Local,1100,1100,1100,14/04/2026
Maharashtra,Ahmednagar,Rahata APMC,Onion,Other,Local,300,1300,1000,14/04/2026
Maharashtra,Pune,Pune(Moshi) APMC,Onion Green,Other,Local,10,10,10,14/04/2026
Maharashtra,Ahmednagar,Rahata APMC,Onion Green,Other,Local,8,8,8,14/04/2026
Maharashtra,Mumbai,Mumbai APMC,Onion Green,Other,Local,500,700,650,14/04/2026
Maharashtra,Nagpur,Hingna APMC,Onion Green,Other,Local,600,1500,1100,14/04/2026
Uttar Pradesh,Aligarh,Charra APMC,Onion,Dry F.A.Q.,FAQ,1200,1300,1250,14/04/2026
Uttar Pradesh,Saharanpur,Chutmalpur APMC,Onion,Onion,Local,1300,1500,1400,14/04/2026
Uttar Pradesh,Raebarelli,Jayas APMC,Onion,Other,FAQ,1200,1200,1200,14/04/2026
Uttar Pradesh,Lakhimpur,Paliakala APMC,Onion,Other,FAQ,1600,1600,1600,14/04/2026
Uttar Pradesh,Aligarh,Aligarh APMC,Onion,Other,FAQ,1050,1100,1077.27,14/04/2026
Uttar Pradesh,Jhansi,Jhansi APMC,Onion,Other,FAQ,1000,1000,1000,14/04/2026
Uttar Pradesh,Rampur,Rampur APMC,Onion,Other,FAQ,1632.87,1632.87,1632.87,14/04/2026
Uttar Pradesh,Unnao,Unnao APMC,Onion,Other,FAQ,1800,1800,1800,14/04/2026
Uttar Pradesh,Hardoi,Hardoi APMC,Onion,Other,FAQ,1200,1200,1200,14/04/2026
Uttar Pradesh,Bulandshahar,Gulavati APMC,Onion,Onion,FAQ,1400,1600,1500,14/04/2026
Uttar Pradesh,Saharanpur,Chutmalpur APMC,Onion,Other,FAQ,1400,1400,1400,14/04/2026
Uttar Pradesh,Farukhabad,Farukhabad APMC,Onion,Other,FAQ,1200,1500,1207.47,14/04/2026
Uttar Pradesh,Hathras,Shadabad APMC,Onion,Onion,Small,900,1000,950,14/04/2026
Uttar Pradesh,Saharanpur,Saharanpur APMC,Onion,Other,FAQ,800,1100,897.06,14/04/2026
Uttar Pradesh,Etawah,Jasvantnagar APMC,Onion,Red,Medium,1270,1370,1320,14/04/2026
Uttar Pradesh,Baghpat,Khekda APMC,Onion,Other,FAQ,1500,1500,1500,14/04/2026
Uttar Pradesh,Prayagraj,Prayagraj APMC,Onion,Other,FAQ,900,900,900,14/04/2026
Uttar Pradesh,Bulandshahar,Siyana APMC,Onion,Other,Medium,1200,1240,1220,14/04/2026
Uttar Pradesh,Jaunpur,Jaunpur APMC,Onion,Other,FAQ,1000,1100,1049.79,14/04/2026
Uttar Pradesh,Baghpat,Baraut APMC,Onion,Other,FAQ,1000,1000,1000,14/04/2026
Uttar Pradesh,Raebarelli,Lalganj APMC,Onion,Other,FAQ,800,800,800,14/04/2026
Uttar Pradesh,Bulandshahar,Buland Shahr APMC,Onion,Other,FAQ,1200,1200,1200,14/04/2026
Uttar Pradesh,Sambhal,Chandausi APMC,Onion,Other,FAQ,908,912,909.9,14/04/2026
Uttar Pradesh,Jalaun (Orai),Jalaun APMC,Onion,Other,FAQ,800,800,800,14/04/2026
Uttar Pradesh,Mathura,Mathura APMC,Onion,Other,FAQ,1000,1200,1080,14/04/2026
Uttar Pradesh,Shamli,Shamli APMC,Onion,Other,FAQ,1250,1250,1250,14/04/2026
Uttar Pradesh,Maharajganj,Gadaura APMC,Onion,Other,FAQ,1200,1200,1200,14/04/2026
Uttar Pradesh,Kanpur,Kanpur(Grain) APMC,Onion,Other,FAQ,1000,1000,1000,14/04/2026
Uttar Pradesh,Sambhal,Muradabad APMC,Onion,Other,FAQ,800,800,800,14/04/2026
Uttar Pradesh,Varanasi,Varanasi APMC,Onion,Other,FAQ,800,800,800,14/04/2026
Uttar Pradesh,Sant Kabir Nagar,Khalilabad APMC,Onion,Other,FAQ,1000,1000,1000,14/04/2026
Uttar Pradesh,Bijnor,Najibabad APMC,Onion,Other,FAQ,850,900,876.69,14/04/2026
Gujarat,Porbandar,Porbandar APMC,Onion,Other,Non-FAQ,750,1250,1000,14/04/2026
Gujarat,Bhavnagar,Mahuva(Station Road) APMC,Onion,Red,FAQ,300,1185,743,14/04/2026
Gujarat,Anand,"Anand(Veg,Yard,Anand) APMC",Onion,Onion,Grade B,1000,1500,1250,14/04/2026
Gujarat,Bhavnagar,Bhavnagar APMC,Onion,Red,FAQ,647,647,647,14/04/2026
Gujarat,Jamnagar,Jamnagar APMC,Onion,Other,Local,200,750,650,14/04/2026
Gujarat,Navsari,Bilimora APMC,Onion,Nasik,FAQ,800,1700,1200,14/04/2026
Gujarat,Bhavnagar,Mahuva(Station Road) APMC,Onion,White,FAQ,900,1240,1070,14/04/2026
Gujarat,Morbi,Morbi APMC,Onion,Onion,FAQ,500,1400,950,14/04/2026
Gujarat,Bhavnagar,Bhavnagar APMC,Onion,White,FAQ,702,702,702,14/04/2026
Gujarat,Rajkot,Rajkot(Veg.Sub Yard) APMC,Onion,Onion,FAQ,160,1100,755,14/04/2026
Punjab,Jalandhar,Phillaur(Apra Mandi) APMC,Onion,Other,FAQ,1500,1500,1500,14/04/2026
Punjab,Ropar (Rupnagar),Chamkaur Sahib APMC,Onion,Onion,Medium,1600,1600,1600,14/04/2026
Punjab,Mohali,Kurali APMC,Onion,Other,Medium,1400,1600,1500,14/04/2026
Punjab,Mohali,Kharar APMC,Onion,Other,Non-FAQ,1300,2000,1500,14/04/2026
Punjab,Fazilka,Fazilka APMC,Onion,Onion,FAQ,2000,2000,2000,14/04/2026
Punjab,Hoshiarpur,Tanda Urmur APMC,Onion,Onion,Grade A,1600,2000,1800,14/04/2026
Punjab,Fazilka,Jalalabad APMC,Onion,Other,Medium,1500,1700,1600,14/04/2026
Punjab,Patiala,Nabha APMC,Onion,Other,Grade C,800,1300,1000,14/04/2026
Punjab,Fatehgarh,Khamano APMC,Onion,Onion,FAQ,1500,1500,1500,14/04/2026
Punjab,Hoshiarpur,GarhShankar (Kotfatuhi) APMC,Onion,Other,FAQ,1200,1200,1200,14/04/2026
Punjab,Hoshiarpur,Garh Shankar APMC,Onion,Onion,FAQ,1000,1000,1000,14/04/2026
Punjab,Gurdaspur,F.G.Churian APMC,Onion,Onion,Grade A,1300,1300,1300,14/04/2026
Punjab,Hoshiarpur,Garh Shankar(Mahalpur) APMC,Onion,Onion,FAQ,1200,1200,1200,14/04/2026
Punjab,Tarntaran,Tarantaran APMC,Onion,Other,Local,1600,1600,1600,14/04/2026
Punjab,Gurdaspur,Quadian APMC,Onion,Other,Grade A,1200,1400,1300,14/04/2026
Punjab,Ludhiana,Khanna APMC,Onion,Onion,Grade A,1200,1200,1200,14/04/2026
Punjab,Patiala,Patiala APMC,Onion,Onion,Grade B,1300,1700,1500,14/04/2026
Punjab,Ludhiana,Ludhiana APMC,Onion,Other,FAQ,500,1600,1100,14/04/2026
Punjab,Mansa,Mansa APMC,Onion,Nasik,FAQ,1890,1890,1890,14/04/2026
Punjab,Bhatinda,Rampuraphul(Nabha Mandi) APMC,Onion,Other,Grade A,1000,1800,1500,14/04/2026
Punjab,Moga,Moga APMC,Onion,Local,Grade A,1000,1600,1400,14/04/2026
Punjab,Sangrur,Dhuri APMC,Onion,Onion,Medium,1600,1900,1700,14/04/2026
Punjab,Bhatinda,Raman APMC,Onion,Other,Local,1100,1305,1215,14/04/2026
Punjab,Gurdaspur,Dinanagar APMC,Onion,Other,Medium,1500,1700,1600,14/04/2026
Punjab,Ludhiana,Doraha APMC,Onion,Medium,Local,1700,2000,1850,14/04/2026
Punjab,Patiala,Rajpura APMC,Onion,Local,Grade A,1550,1780,1690,14/04/2026
Punjab,Mohali,Dera Bassi APMC,Onion,Onion,Local,1600,1600,1600,14/04/2026
Punjab,Nawanshahr,Nawan Shahar(Subzi Mandi) APMC,Onion,Onion,FAQ,1200,1400,1300,14/04/2026
Punjab,Fatehgarh,Bassi Pathana APMC,Onion,Onion,Medium,1600,1800,1700,14/04/2026
Punjab,Fazilka,Jalalabad APMC,Onion Green,Onion Green,Medium,1500,1500,1500,14/04/2026
Punjab,Patiala,Patiala APMC,Onion Green,Onion Green,Grade A,800,1200,1000,14/04/2026
West Bengal,Nadia,Karimpur APMC,Onion,Local,Grade A,1000,1200,1100,14/04/2026
West Bengal,Bankura,Bishnupur(Bankura) APMC,Onion,Nasik,Non-FAQ,1500,2000,1800,14/04/2026
West Bengal,North 24 Parganas,Habra APMC,Onion,Onion,FAQ,900,1000,900,14/04/2026
West Bengal,Puruliya,Balarampur APMC,Onion,Other,Local,800,1500,1000,14/04/2026
West Bengal,Medinipur(W),Ghatal APMC,Onion,Onion,Medium,1600,1650,1630,14/04/2026
West Bengal,Uttar Dinajpur,Islampur APMC,Onion,Dry F.A.Q.,FAQ,1200,1400,1300,14/04/2026
West Bengal,Hooghly,Kalipur APMC,Onion,Nasik,FAQ,1400,1700,1500,14/04/2026
West Bengal,Birbhum,Rampurhat APMC,Onion,Other,FAQ,1100,1300,1200,14/04/2026
West Bengal,Darjeeling,Karsiyang(Matigara) APMC,Onion,Nasik,FAQ,2700,2900,2800,14/04/2026
West Bengal,Purba Bardhaman,Katwa APMC,Onion,Onion,FAQ,1940,1950,1950,14/04/2026
West Bengal,Medinipur(E),Tamluk (Medinipur E) APMC,Onion,Onion,FAQ,1000,1400,1200,14/04/2026
West Bengal,Darjeeling,Siliguri APMC,Onion,Onion,FAQ,1900,2100,2000,14/04/2026
West Bengal,North 24 Parganas,Barasat APMC,Onion,Other,FAQ,900,1000,1000,14/04/2026
West Bengal,Nadia,Bethuadahari APMC,Onion,Local,Grade A,1000,1200,1100,14/04/2026
West Bengal,Sounth 24 Parganas,Baruipur(Canning) APMC,Onion,Red,FAQ,1500,1800,1600,14/04/2026
Telangana,Hyderabad,Bowenpally APMC,Onion,Onion,FAQ,500,1200,1000,14/04/2026
Telangana,Hyderabad,Gudimalkapur APMC,Onion,Onion,Grade B,300,1200,900,14/04/2026
Telangana,Ranga Reddy,"Kukatpally,RBZ APMC",Onion,Other,Medium,500,1200,850,14/04/2026
Telangana,Medak,Vantamamidi APMC,Onion Green,Onion Green,Local,1000,1000,1000,14/04/2026
Telangana,Hyderabad,Gudimalkapur APMC,Onion Green,Onion Green,Grade B,800,1200,1000,14/04/2026
Telangana,Hyderabad,Bowenpally APMC,Onion Green,Onion Green,FAQ,1500,3500,3000,14/04/2026
Kerala,Kannur,Kannur APMC,Onion,Onion,Grade A,2000,2200,2100,14/04/2026
Kerala,Malappuram,Kottakkal APMC,Onion,Other,Local,2000,2000,2000,14/04/2026
Kerala,Kollam,Anchal APMC,Onion,Small,Local,2500,2500,2500,14/04/2026
Kerala,Kottayam,Ettumanoor APMC,Onion,Big,FAQ,2000,2400,2200,14/04/2026
Kerala,Thirssur,Chavakkad APMC,Onion,Big,FAQ,2000,3000,3000,14/04/2026
Kerala,Palakad,Pattambi APMC,Onion,Big,FAQ,1800,2000,1900,14/04/2026
Kerala,Kottayam,Athirampuzha APMC,Onion,Small,FAQ,5000,5200,5100,14/04/2026
Kerala,Ernakulam,Perumbavoor APMC,Onion,Onion,Medium,2000,3000,2500,14/04/2026
Kerala,Kozhikode(Calicut),Mukkom APMC,Onion,Onion,FAQ,2300,2600,2400,14/04/2026
Kerala,Kottayam,Kottayam APMC,Onion,Big,FAQ,2200,2600,2400,14/04/2026
Kerala,Palakad,Palakkad APMC,Onion,Big,FAQ,2200,3000,2700,14/04/2026
Kerala,Palakad,Palakkad APMC,Onion,Small,FAQ,5000,6000,5600,14/04/2026
Kerala,Palakad,Pattambi APMC,Onion,Onion,FAQ,4500,5000,4800,14/04/2026
Kerala,Kasargod,Kanjangadu APMC,Onion,Big,FAQ,2000,2500,2200,14/04/2026
Kerala,Malappuram,Parappanangadi APMC,Onion,Small,Grade A,4700,4900,4800,14/04/2026
Kerala,Malappuram,Parappanangadi APMC,Onion,Other,FAQ,1750,1900,1850,14/04/2026
Kerala,Kottayam,Kottayam APMC,Onion,Onion,FAQ,4200,4600,4400,14/04/2026
Kerala,Alappuzha,Harippad APMC,Onion,Small,FAQ,4000,4500,4000,14/04/2026
Kerala,Kottayam,Pala APMC,Onion,Onion,FAQ,5700,6000,5900,14/04/2026
Kerala,Kannur,Thalasserry APMC,Onion,1st Sort,FAQ,2200,3000,2400,14/04/2026
Kerala,Kollam,Anchal APMC,Onion,Big,Local,2200,2200,2200,14/04/2026
Kerala,Alappuzha,Harippad APMC,Onion,Big,FAQ,2000,2500,2000,14/04/2026
Kerala,Kottayam,Pala APMC,Onion,Big,FAQ,2200,3000,2600,14/04/2026
Kerala,Kottayam,Athirampuzha APMC,Onion,Big,FAQ,1900,2100,2000,14/04/2026
Himachal Pradesh,Chamba,PMY Chamba,Onion,Onion,Medium,1800,2000,1900,14/04/2026
Himachal Pradesh,Mandi,SMY Jogindernagar,Onion,Local,Grade B,1800,2000,1900,14/04/2026
Himachal Pradesh,Kangra,SMY Palampur,Onion,Onion,FAQ,2000,2200,2100,14/04/2026
Himachal Pradesh,Mandi,SMY Takoli,Onion,Other,Medium,1500,2000,1800,14/04/2026
Assam,Kamrup,P.O. Uparhali Guwahati APMC,Onion,Onion,FAQ,1600,1800,1700,14/04/2026
Assam,Kamrup,Pamohi(Garchuk) APMC,Onion,Local,FAQ,1600,2500,2000,14/04/2026
Assam,Kamrup,Pamohi(Garchuk) APMC,Onion,Onion,FAQ,1800,2500,2000,14/04/2026
Tamil Nadu,Nagapattinam,Mayiladuthurai(Uzhavar Sandhai ),Tomato,Deshi,Local,1500,2000,1750,14/04/2026
Tamil Nadu,Salem,Thammampatti (Uzhavar Sandhai ),Tomato,Local,Local,2500,2800,2650,14/04/2026
Tamil Nadu,Thanjavur,Kumbakonam (Uzhavar Sandhai ),Tomato,Deshi,Local,3200,3600,3400,14/04/2026
Tamil Nadu,Madurai,Anna nagar(Uzhavar Sandhai ),Tomato,Deshi,Local,2500,2800,2650,14/04/2026
Tamil Nadu,Madurai,Usilampatti(Uzhavar Sandhai ),Tomato,Deshi,Local,2800,3200,3000,14/04/2026
Tamil Nadu,Madurai,Anaiyur(Uzhavar Sandhai ),Tomato,Deshi,Local,2500,2800,2650,14/04/2026
Tamil Nadu,The Nilgiris,Udhagamandalam(Uzhavar Sandhai ),Tomato,Deshi,Local,2500,3000,2750,14/04/2026
Tamil Nadu,Pudukkottai,Viralimalai(Uzhavar Sandhai ),Tomato,Deshi,Local,2500,3000,2750,14/04/2026
Tamil Nadu,Salem,Thathakapatti(Uzhavar Sandhai ),Tomato,Local,Local,2800,3000,2900,14/04/2026
Tamil Nadu,Salem,Elampillai(Uzhavar Sandhai ),Tomato,Local,Local,2600,3000,2800,14/04/2026
Tamil Nadu,Thanjavur,Thanjavur(Uzhavar Sandhai ),Tomato,Deshi,Local,2800,2800,2800,14/04/2026
Tamil Nadu,Theni,Kambam(Uzhavar Sandhai ),Tomato,Other,Local,2600,2800,2700,14/04/2026
Tamil Nadu,Theni,Chinnamanur(Uzhavar Sandhai ),Tomato,Local,Local,3000,3000,3000,14/04/2026
Tamil Nadu,Thiruvellore,Tiruthani(Uzhavar Sandhai ),Tomato,Deshi,Local,1500,1500,1500,14/04/2026
Tamil Nadu,Thiruvellore,Ambattur(Uzhavar Sandhai ),Tomato,Deshi,Local,2000,2000,2000,14/04/2026
Tamil Nadu,Thiruvannamalai,Chengam(Uzhavar Sandhai ),Tomato,Deshi,Local,2000,2500,2250,14/04/2026
Tamil Nadu,Thiruvannamalai,Vandavasi(Uzhavar Sandhai ),Tomato,Other,Local,1600,2000,1800,14/04/2026
Tamil Nadu,Chengalpattu,Pallavaram(Uzhavar Sandhai ),Tomato,Other,Local,2500,3000,2750,14/04/2026
Tamil Nadu,Chengalpattu,Madhuranthagam(Uzhavar Sandhai ),Tomato,Deshi,Local,1500,2000,1750,14/04/2026
Tamil Nadu,Coimbatore,Sundarapuram(Uzhavar Sandhai ),Tomato,Local,Local,2200,2800,2500,14/04/2026
Tamil Nadu,Cuddalore,Cuddalore(Uzhavar Sandhai ),Tomato,Deshi,Local,3000,3000,3000,14/04/2026
Tamil Nadu,Cuddalore,Chidambaram(Uzhavar Sandhai ),Tomato,Local,Local,2500,2500,2500,14/04/2026
Tamil Nadu,Kallakuruchi,Sankarapuram(Uzhavar Sandhai ),Tomato,Deshi,Local,2400,2400,2400,14/04/2026
Tamil Nadu,Pudukkottai,Karambakkudi(Uzhavar Sandhai ),Tomato,Other,Local,2000,2500,2250,14/04/2026
Tamil Nadu,Salem,Ammapet(Uzhavar Sandhai ),Tomato,Local,Local,2400,2800,2600,14/04/2026
Tamil Nadu,Theni,Periyakulam(Uzhavar Sandhai ),Tomato,Other,Local,2800,3000,2900,14/04/2026
Tamil Nadu,Vellore,Thirupathur APMC,Tomato,Deshi,Local,2400,2400,2400,14/04/2026
Tamil Nadu,Virudhunagar,Srivilliputhur(Uzhavar Sandhai ),Tomato,Deshi,Local,2000,2500,2250,14/04/2026
Tamil Nadu,Coimbatore,Udumalpet APMC,Tomato,Deshi,Local,2000,3000,2500,14/04/2026
Tamil Nadu,Dharmapuri,Karimangalam(Uzhavar Sandhai),Tomato,Local,Local,2000,2200,2100,14/04/2026
Tamil Nadu,Pudukkottai,Ponnamaravathi(Uzhavar Sandhai),Tomato,Other,Local,2000,2500,2250,14/04/2026
Tamil Nadu,Cuddalore,Vadalur(Uzhavar Sandhai ),Tomato,Local,Local,2000,2000,2000,14/04/2026
Tamil Nadu,Dharmapuri,Palacode(Uzhavar Sandhai ),Tomato,Local,Local,2200,2400,2300,14/04/2026
Tamil Nadu,Dindigul,Palani(Uzhavar Sandhai ),Tomato,Deshi,Local,1600,2800,2200,14/04/2026
Tamil Nadu,Karur,Velayuthampalayam(Uzhavar Sandhai ),Tomato,Other,Local,2800,3500,3150,14/04/2026
Tamil Nadu,Karur,Pallapatti (Uzhavar Sandhai ),Tomato,Deshi,Local,3000,3500,3250,14/04/2026
Tamil Nadu,Madurai,Chokkikulam(Uzhavar Sandhai ),Tomato,Deshi,Local,2800,3200,3000,14/04/2026
Tamil Nadu,Madurai,Palanganatham(Uzhavar Sandhai ),Tomato,Other,Local,2500,2800,2650,14/04/2026
Tamil Nadu,Madurai,Melur(Uzhavar Sandhai ),Tomato,Deshi,Local,2500,2800,2650,14/04/2026
Tamil Nadu,Pudukkottai,Aranthangi(Uzhavar Sandhai ),Tomato,Other,Local,2500,3000,2750,14/04/2026
Tamil Nadu,Salem,Attayampatti(Uzhavar Sandhai ),Tomato,Deshi,Local,2800,2800,2800,14/04/2026
Tamil Nadu,Thirunelveli,Melapalayam(Uzhavar Sandhai ),Tomato,Other,Local,3400,3600,3500,14/04/2026
Tamil Nadu,Thiruvellore,Naravarikuppam(Uzhavar Sandhai ),Tomato,Deshi,Local,2000,2000,2000,14/04/2026
Tamil Nadu,Tuticorin,Kovilpatti(Uzhavar Sandhai ),Tomato,Local,Local,3000,3500,3250,14/04/2026
Tamil Nadu,Thiruchirappalli,KKNagar(Uzhavar Sandhai ),Tomato,Local,Local,3400,3400,3400,14/04/2026
Tamil Nadu,Thiruchirappalli,Thiruverumbur(Uzhavar Sandhai ),Tomato,Other,Local,3400,3400,3400,14/04/2026
Tamil Nadu,Villupuram,Villupuram(Uzhavar Sandhai ),Tomato,Deshi,Local,3000,3000,3000,14/04/2026
Tamil Nadu,Villupuram,Gingee(Uzhavar Sandhai ),Tomato,Local,Local,2000,2000,2000,14/04/2026
Tamil Nadu,Virudhunagar,Rajapalayam(Uzhavar Sandhai ),Tomato,Deshi,Local,2500,2800,2650,14/04/2026
Tamil Nadu,Virudhunagar,Sathur(Uzhavar Sandhai ),Tomato,Deshi,Local,1800,2000,1900,14/04/2026
Tamil Nadu,Chengalpattu,Nanganallur(Uzhavar Sandhai ),Tomato,Deshi,Local,2000,2500,2250,14/04/2026
Tamil Nadu,Chengalpattu,Guduvancheri(Uzhavar Sandhai ),Tomato,Deshi,Local,2500,3000,2750,14/04/2026
Tamil Nadu,Thiruvannamalai,Cheyyar(Uzhavar Sandhai ),Tomato,Local,Local,2000,2500,2250,14/04/2026
Tamil Nadu,Thanjavur,Papanasam(Uzhavar Sandhai ),Tomato,Deshi,Local,3200,3600,3400,14/04/2026
Tamil Nadu,Coimbatore,Vadavalli(Uzhavar Sandhai ),Tomato,Other,Local,2200,2600,2400,14/04/2026
Tamil Nadu,Pudukkottai,Pudukottai(Uzhavar Sandhai ),Tomato,Other,Local,2500,3000,2750,14/04/2026
Tamil Nadu,Ranipet,Arcot(Uzhavar Sandhai ),Tomato,Local,Local,2000,2500,2250,14/04/2026
Tamil Nadu,Tuticorin,Tuticorin(Uzhavar Sandhai ),Tomato,Local,Local,2500,3000,2750,14/04/2026
Tamil Nadu,The Nilgiris,Coonoor(Uzhavar Sandhai ),Tomato,Local,Local,2800,3000,2900,14/04/2026
Tamil Nadu,Villupuram,Ulundurpettai APMC,Tomato,Deshi,Local,1800,1800,1800,14/04/2026
Tamil Nadu,Vellore,Pallikonda(Uzhavar Sandhai),Tomato,Deshi,Local,2200,2200,2200,14/04/2026
Tamil Nadu,Vellore,Perampet(Uzhavar Sandhai),Tomato,Deshi,Local,1600,2000,1800,14/04/2026
Tamil Nadu,Thiruvarur,Tiruvarur(Uzhavar Sandhai ),Tomato,Deshi,Local,2000,2000,2000,14/04/2026
Tamil Nadu,Cuddalore,Viruthachalam(Uzhavar Sandhai ),Tomato,Deshi,Local,3500,3500,3500,14/04/2026
Tamil Nadu,Dharmapuri,Dharmapuri(Uzhavar Sandhai ),Tomato,Local,Local,2200,2400,2300,14/04/2026
Tamil Nadu,Dharmapuri,Pennagaram(Uzhavar Sandhai ),Tomato,Local,Local,2400,2500,2450,14/04/2026
Tamil Nadu,Dharmapuri,AJattihalli(Uzhavar Sandhai ),Tomato,Deshi,Local,2000,2500,2250,14/04/2026
Tamil Nadu,Erode,Periyar Nagar(Uzhavar Sandhai ),Tomato,Other,Local,2200,2600,2400,14/04/2026
Tamil Nadu,Kancheepuram,Padappai(Uzhavar Sandhai ),Tomato,Local,Local,1200,1800,1500,14/04/2026
Tamil Nadu,Karur,Kulithalai(Uzhavar Sandhai ),Tomato,Deshi,Local,2400,3000,2700,14/04/2026
Tamil Nadu,Krishnagiri,Avallapalli(Uzhavar Sandhai ),Tomato,Deshi,Local,2000,2500,2250,14/04/2026
Tamil Nadu,Nagapattinam,Nagapattinam(Uzhavar Sandhai ),Tomato,Deshi,Local,2000,2500,2250,14/04/2026
Tamil Nadu,Namakkal,Kumarapalayam(Uzhavar Sandhai ),Tomato,Deshi,Local,1500,2000,1750,14/04/2026
Tamil Nadu,Namakkal,Mohanur(Uzhavar Sandhai ),Tomato,Deshi,Local,2000,3000,2500,14/04/2026
Tamil Nadu,Perambalur,Perambalur(Uzhavar Sandhai ),Tomato,Local,Local,2500,3000,2750,14/04/2026
Tamil Nadu,Thirunelveli,NGO Colony(Uzhavar Sandhai ),Tomato,Deshi,Local,3000,3600,3300,14/04/2026
Tamil Nadu,Thiruvannamalai,Polur(Uzhavar Sandhai ),Tomato,Deshi,Local,2000,2500,2250,14/04/2026
Tamil Nadu,Thiruvannamalai,Arani(Uzhavar Sandhai ),Tomato,Deshi,Local,2000,2500,2250,14/04/2026
Tamil Nadu,Thiruchirappalli,Lalgudi(Uzhavar Sandhai ),Tomato,Deshi,Local,3400,3400,3400,14/04/2026
Tamil Nadu,Vellore,Gudiyatham(Uzhavar Sandhai ),Tomato,Deshi,Local,2500,2500,2500,14/04/2026
Tamil Nadu,Vellore,Kahithapattarai(Uzhavar Sandhai ),Tomato,Deshi,Local,2400,2600,2500,14/04/2026
Tamil Nadu,Virudhunagar,Aruppukottai(Uzhavar Sandhai ),Tomato,Deshi,Local,1500,2000,1750,14/04/2026
Tamil Nadu,Virudhunagar,Kariyapatti(Uzhavar Sandhai ),Tomato,Deshi,Local,1800,2000,1900,14/04/2026
Tamil Nadu,Nagercoil (Kannyiakumari),Myladi(Uzhavar Sandhai ),Tomato,Deshi,Local,1000,1200,1100,14/04/2026
Tamil Nadu,Chengalpattu,Chengalpet(Uzhavar Sandhai ),Tomato,Deshi,Local,1800,2500,2150,14/04/2026
Tamil Nadu,Thirupathur,Vaniyampadi(Uzhavar Sandhai ),Tomato,Deshi,Local,2500,2500,2500,14/04/2026
Tamil Nadu,Thirupur,Tiruppur (South) (Uzhavar Sandhai ),Tomato,Local,Local,1700,2000,1850,14/04/2026
Tamil Nadu,Thirupur,Kangayam(Uzhavar Sandhai ),Tomato,Other,Local,2500,3300,2900,14/04/2026
Tamil Nadu,Thiruvarur,Valangaiman APMC,Tomato,Deshi,Local,2600,2600,2600,14/04/2026
Tamil Nadu,Karur,Karur(Uzhavar Sandhai ),Tomato,Deshi,Local,3000,3500,3250,14/04/2026
Tamil Nadu,Chengalpattu,Thirukalukundram(Uzhavar Sandhai ),Tomato,Deshi,Local,2000,3000,2500,14/04/2026
Tamil Nadu,Kallakuruchi,Kallakurichi(Uzhavar Sandhai ),Tomato,Deshi,Local,3000,3000,3000,14/04/2026
Tamil Nadu,Ranipet,Ranipettai(Uzhavar Sandhai ),Tomato,Other,Local,2500,2800,2650,14/04/2026
Tamil Nadu,Vellore,Vellore APMC,Tomato,Deshi,Local,2400,2600,2500,14/04/2026
Tamil Nadu,Villupuram,Tindivanam APMC,Tomato,Deshi,Local,2500,2500,2500,14/04/2026
Tamil Nadu,Salem,Vazhapadi(Uzhavar Sandhai),Tomato,Deshi,Local,2000,2500,2250,14/04/2026
Tamil Nadu,Coimbatore,Sulur(Uzhavar Sandhai ),Tomato,Deshi,Local,2600,3000,2800,14/04/2026
Tamil Nadu,Pudukkottai,Gandarvakottai(Uzhavar Sandhai ),Tomato,Deshi,Local,2500,3000,2750,14/04/2026
Tamil Nadu,Nagapattinam,Vedaranyam(Uzhavar Sandhai),Tomato,Deshi,Local,1500,1800,1650,14/04/2026
Tamil Nadu,Namakkal,Paramathivelur(Uzhavar Sandhai ),Tomato,Other,Local,2400,2800,2600,14/04/2026
Tamil Nadu,Cuddalore,Panruti(Uzhavar Sandhai ),Tomato,Deshi,Local,2500,2500,2500,14/04/2026
Tamil Nadu,Dindigul,Dindigul(Uzhavar Sandhai ),Tomato,Deshi,Local,2500,3000,2750,14/04/2026
Tamil Nadu,Dindigul,Chinnalapatti(Uzhavar Sandhai ),Tomato,Deshi,Local,2500,3000,2750,14/04/2026
Tamil Nadu,Kancheepuram,Sunguvarchatram(Uzhavar Sandhai ),Tomato,Deshi,Local,1500,2000,1750,14/04/2026
Tamil Nadu,Kancheepuram,Kundrathur(Uzhavar Sandhai ),Tomato,Other,Local,1500,1800,1650,14/04/2026
Tamil Nadu,Krishnagiri,Denkanikottai(Uzhavar Sandhai ),Tomato,Deshi,Local,2000,2500,2250,14/04/2026
Tamil Nadu,Namakkal,Namakkal(Uzhavar Sandhai ),Tomato,Local,Local,2400,2800,2600,14/04/2026
Tamil Nadu,Ramanathapuram,Ramanathapuram(Uzhavar Sandhai ),Tomato,Deshi,Local,2500,2800,2650,14/04/2026
Tamil Nadu,Sivaganga,Devakottai (Uzhavar Sandhai ),Tomato,Deshi,Local,3000,3200,3100,14/04/2026
Tamil Nadu,Sivaganga,Karaikudi(Uzhavar Sandhai ),Tomato,Deshi,Local,2800,3200,3000,14/04/2026
Tamil Nadu,Sivaganga,Tirupatthur(Uzhavar Sandhai ),Tomato,Other,Local,3000,3200,3100,14/04/2026
Tamil Nadu,Sivaganga,Singampunari(Uzhavar Sandhai ),Tomato,Other,Local,3000,3200,3100,14/04/2026
Tamil Nadu,Theni,Theni(Uzhavar Sandhai ),Tomato,Other,Local,2500,3000,2750,14/04/2026
Tamil Nadu,Thirunelveli,Ambasamudram(Uzhavar Sandhai ),Tomato,Other,Local,3400,3600,3500,14/04/2026
Tamil Nadu,Thiruvarur,Mannargudi I(Uzhavar Sandhai ),Tomato,Deshi,Local,3000,3000,3000,14/04/2026
Tamil Nadu,Thiruvannamalai,Tamarainagar(Uzhavar Sandhai ),Tomato,Deshi,Local,2400,3000,2700,14/04/2026
Tamil Nadu,Thiruchirappalli,Manapparai(Uzhavar Sandhai ),Tomato,Other,Local,3400,3400,3400,14/04/2026
Tamil Nadu,Thiruchirappalli,Musiri(Uzhavar Sandhai ),Tomato,Local,Local,3000,3400,3200,14/04/2026
Tamil Nadu,Virudhunagar,Virudhunagar(Uzhavar Sandhai ),Tomato,Deshi,Local,2100,2200,2150,14/04/2026
Tamil Nadu,Virudhunagar,Sivakasi(Uzhavar Sandhai ),Tomato,Deshi,Local,2000,2500,2250,14/04/2026
Tamil Nadu,Virudhunagar,Thalavaipuram(Uzhavar Sandhai ),Tomato,Deshi,Local,2000,2800,2400,14/04/2026
Tamil Nadu,Chengalpattu,Medavakkam(Uzhavar Sandhai ),Tomato,Other,Local,2500,2500,2500,14/04/2026
Tamil Nadu,Chengalpattu,Jameenrayapettai(Uzhavar Sandhai ),Tomato,Other,Local,2000,2500,2250,14/04/2026
Tamil Nadu,Thirupathur,Natrampalli(Uzhavar Sandhai ),Tomato,Deshi,Local,2000,2500,2250,14/04/2026
Tamil Nadu,Thirupur,Palladam(Uzhavar Sandhai ),Tomato,Local,Local,2000,2500,2250,14/04/2026
Tamil Nadu,Thirupur,Tiruppur (North) (Uzhavar Sandhai ),Tomato,Deshi,Local,2200,2500,2350,14/04/2026
Tamil Nadu,Thirupur,Dharapuram(Uzhavar Sandhai ),Tomato,Other,Local,2000,2500,2250,14/04/2026
Tamil Nadu,Erode,Sathiyamagalam(Uzhavar Sandhai ),Tomato,Local,Local,2500,3000,2750,14/04/2026
Tamil Nadu,Ariyalur,Ariyalur(Uzhavar Sandhai),Tomato,Deshi,Local,2000,2600,2300,14/04/2026
Tamil Nadu,Coimbatore,Pollachi(Uzhavar Sandhai ),Tomato,Deshi,Local,2000,2500,2250,14/04/2026
Tamil Nadu,Coimbatore,Mettupalayam(Uzhavar Sandhai ),Tomato,Deshi,Local,2500,3000,2750,14/04/2026
Tamil Nadu,Coimbatore,Kurichi(Uzhavar Sandhai ),Tomato,Local,Local,2000,2500,2250,14/04/2026
Tamil Nadu,Thiruvarur,Muthupettai(Uzhavar Sandhai ),Tomato,Deshi,Local,2000,2000,2000,14/04/2026
Tamil Nadu,Tenkasi,Sankarankoil(Uzhavar Sandhai ),Tomato,Local,Local,2000,2000,2000,14/04/2026
Tamil Nadu,Nagercoil (Kannyiakumari),Vadaseri APMC,Tomato,Deshi,Local,2200,2500,2350,14/04/2026
Tamil Nadu,Dharmapuri,Harur(Uzhavar Sandhai ),Tomato,Deshi,Local,2000,2200,2100,14/04/2026
Tamil Nadu,Salem,Mecheri(Uzhavar Sandhai),Tomato,Other,Local,2000,2500,2250,14/04/2026
Tamil Nadu,Thanjavur,Peravurani(Uzhavar Sandhai),Tomato,Deshi,Local,2000,2500,2250,14/04/2026
Tamil Nadu,Karur,Gandhigramam(Uzhavar Sandhai),Tomato,Other,Local,3200,3500,3350,14/04/2026
Tamil Nadu,Vellore,Katpadi (Uzhavar Sandhai ),Tomato,Deshi,Local,2000,2500,2250,14/04/2026
Tamil Nadu,Erode,Perundurai(Uzhavar Sandhai ),Tomato,Deshi,Local,2800,3000,2900,14/04/2026
Tamil Nadu,Erode,Thalavadi(Uzhavar Sandhai ),Tomato,Other,Local,2200,2600,2400,14/04/2026
Tamil Nadu,Kancheepuram,Kancheepuram(Uzhavar Sandhai ),Tomato,Deshi,Local,1200,1500,1350,14/04/2026
Tamil Nadu,Karur,Vengamedu(Uzhavar Sandhai ),Tomato,Deshi,Local,3000,3500,3250,14/04/2026
Tamil Nadu,Krishnagiri,Hosur(Uzhavar Sandhai ),Tomato,Deshi,Local,1500,2500,2000,14/04/2026
Tamil Nadu,Krishnagiri,Krishnagiri(Uzhavar Sandhai ),Tomato,Deshi,Local,1500,2000,1750,14/04/2026
Tamil Nadu,Madurai,Thirumangalam(Uzhavar Sandhai ),Tomato,Deshi,Local,2500,2800,2650,14/04/2026
Tamil Nadu,Nagapattinam,Sirkali(Uzhavar Sandhai ),Tomato,Deshi,Local,2000,2200,2100,14/04/2026
Tamil Nadu,Ramanathapuram,Paramakudi(Uzhavar Sandhai ),Tomato,Other,Local,2000,2500,2250,14/04/2026
Tamil Nadu,Ramanathapuram,Kamuthi(Uzhavar Sandhai ),Tomato,Other,Local,2500,2500,2500,14/04/2026
Tamil Nadu,Salem,Mettur(Uzhavar Sandhai ),Tomato,Local,Local,1600,2500,2050,14/04/2026
Tamil Nadu,Salem,Hasthampatti(Uzhavar Sandhai ),Tomato,Local,Local,2600,3000,2800,14/04/2026
Tamil Nadu,Salem,Jalagandapuram(Uzhavar Sandhai ),Tomato,Other,Local,2600,3000,2800,14/04/2026
Tamil Nadu,Salem,Edapadi (Uzhavar Sandhai ),Tomato,Other,Local,2400,3000,2700,14/04/2026
Tamil Nadu,Sivaganga,Sivagangai (Uzhavar Sandhai ),Tomato,Deshi,Local,2600,3000,2800,14/04/2026
Tamil Nadu,Thanjavur,Pattukottai(Uzhavar Sandhai ),Tomato,Deshi,Local,3400,3400,3400,14/04/2026
Tamil Nadu,Thanjavur,Tirukattupalli(Uzhavar Sandhai ),Tomato,Deshi,Local,3200,3200,3200,14/04/2026
Tamil Nadu,Theni,Bodinayakanur(Uzhavar Sandhai ),Tomato,Deshi,Local,3000,3000,3000,14/04/2026
Tamil Nadu,Theni,Devaram(Uzhavar Sandhai ),Tomato,Deshi,Local,3000,3000,3000,14/04/2026
Tamil Nadu,Thirunelveli,Palayamkottai(Uzhavar Sandhai ),Tomato,Other,Local,3400,3600,3500,14/04/2026
Tamil Nadu,Thirunelveli,Kandiyaperi(Uzhavar Sandhai ),Tomato,Other,Local,3400,3600,3500,14/04/2026
Tamil Nadu,Thiruvellore,Paruthipattu(Uzhavar Sandhai ),Tomato,Deshi,Local,2000,2000,2000,14/04/2026
Tamil Nadu,Thiruvarur,Mannargudi II(Uzhavar Sandhai ),Tomato,Deshi,Local,3000,3000,3000,14/04/2026
Tamil Nadu,Thiruvannamalai,Tiruvannamalai(Uzhavar Sandhai ),Tomato,Deshi,Local,2000,2500,2250,14/04/2026
Tamil Nadu,Thiruvannamalai,Keelpennathur(Uzhavar Sandhai ),Tomato,Deshi,Local,2000,2500,2250,14/04/2026
Tamil Nadu,Thiruchirappalli,Manachanallur(Uzhavar Sandhai ),Tomato,Deshi,Local,2800,3400,3100,14/04/2026
Tamil Nadu,Dindigul,Vedasanthur(Uzhavar Sandhai ),Tomato,Deshi,Local,2000,2800,2400,14/04/2026
Tamil Nadu,Erode,Sampath Nagar(Uzhavar Sandhai ),Tomato,Other,Local,2200,2600,2400,14/04/2026
Tamil Nadu,Erode,Gobichettipalayam(Uzhavar Sandhai ),Tomato,Deshi,Local,3000,3200,3100,14/04/2026
Tamil Nadu,Namakkal,Tiruchengode APMC,Tomato,Other,Local,2400,2800,2600,14/04/2026
Tamil Nadu,Thiruchirappalli,Thuraiyur APMC,Tomato,Other,Local,3000,3400,3200,14/04/2026
Tamil Nadu,Ariyalur,Jeyankondam (Uzhavar Sandhai ),Tomato,Deshi,Local,1800,2000,1900,14/04/2026
Tamil Nadu,Coimbatore,RSPuram(Uzhavar Sandhai ),Tomato,Local,Local,2400,2600,2500,14/04/2026
Tamil Nadu,Coimbatore,Singanallur(Uzhavar Sandhai ),Tomato,Deshi,Local,2500,3000,2750,14/04/2026
Tamil Nadu,Thiruvarur,Needamangalam(Uzhavar Sandhai ),Tomato,Deshi,Local,2800,2800,2800,14/04/2026
Tamil Nadu,Tenkasi,Tenkasi(Uzhavar Sandhai ),Tomato,Local,Local,1800,1800,1800,14/04/2026
Tamil Nadu,Krishnagiri,Kaveripattinam(Uzhavar Sandhai ),Tomato,Local,Local,2500,2500,2500,14/04/2026
Tamil Nadu,The Nilgiris,Gudalur(Uzhavar Sandhai ),Tomato,Deshi,Local,3000,3300,3150,14/04/2026
Uttar Pradesh,Aligarh,Khair APMC,Tomato,Other,FAQ,1200,1200,1200,14/04/2026
Uttar Pradesh,Lakhimpur,Paliakala APMC,Tomato,Other,FAQ,1049.98,1049.98,1049.98,14/04/2026
Uttar Pradesh,Rampur,Rampur APMC,Tomato,Other,FAQ,1281.4,1281.4,1281.4,14/04/2026
Uttar Pradesh,Sonbhadra,Robertsganj APMC,Tomato,Other,FAQ,2149.21,2149.21,2149.21,14/04/2026
Uttar Pradesh,Barabanki,Safdarganj APMC,Tomato,Other,FAQ,800,800,800,14/04/2026
Uttar Pradesh,Amroha,Hasanpur APMC,Tomato,Deshi,FAQ,1850,2020,2000,14/04/2026
Uttar Pradesh,Agra,Fatehpur Sikri APMC,Tomato,Other,FAQ,1200,1200,1200,14/04/2026
Uttar Pradesh,Aligarh,Aligarh APMC,Tomato,Other,FAQ,800,850,843.93,14/04/2026
Uttar Pradesh,Sambhal,Chandausi APMC,Tomato,Other,FAQ,1000,1050,1025,14/04/2026
Uttar Pradesh,Aligarh,Charra APMC,Tomato,Deshi,FAQ,1000,1100,1050,14/04/2026
Uttar Pradesh,Baghpat,Khekda APMC,Tomato,Other,FAQ,1400,1400,1400,14/04/2026
Uttar Pradesh,Bijnor,Kiratpur APMC,Tomato,Other,FAQ,1400,1400,1400,14/04/2026
Uttar Pradesh,Hathras,Shadabad APMC,Tomato,Tomato,Small,900,1000,950,14/04/2026
Uttar Pradesh,Shamli,Shamli APMC,Tomato,Other,FAQ,1000,1000,1000,14/04/2026
Uttar Pradesh,Saharanpur,Chutmalpur APMC,Tomato,Other,FAQ,1600,1700,1640.91,14/04/2026
Uttar Pradesh,Jhansi,Jhansi APMC,Tomato,Other,FAQ,1500,1500,1500,14/04/2026
Uttar Pradesh,Baghpat,Baraut APMC,Tomato,Other,FAQ,1000,1000,1000,14/04/2026
Uttar Pradesh,Etawah,Jasvantnagar APMC,Tomato,Hybrid,Medium,1470,1570,1520,14/04/2026
Uttar Pradesh,Agra,Khairagarh APMC,Tomato,Other,FAQ,600,600,600,14/04/2026
Uttar Pradesh,Auraiya,Auraiya APMC,Tomato,Other,FAQ,1000,1000,1000,14/04/2026
Uttar Pradesh,Saharanpur,Chutmalpur APMC,Tomato,Hybrid,Local,1600,1800,1700,14/04/2026
Uttar Pradesh,Mathura,Mathura APMC,Tomato,Other,FAQ,600,1400,692.27,14/04/2026
Uttar Pradesh,Bulandshahar,Siyana APMC,Tomato,Tomato,Medium,1128,1180,1160,14/04/2026
Uttar Pradesh,Ghaziabad,Noida APMC,Tomato,Other,FAQ,1000,1000,1000,14/04/2026
Uttar Pradesh,Agra,Jagnair APMC,Tomato,Other,FAQ,1450,1450,1450,14/04/2026
Uttar Pradesh,Unnao,Unnao APMC,Tomato,Other,FAQ,1792.72,1792.72,1792.72,14/04/2026
Uttar Pradesh,Badaun,Badayoun APMC,Tomato,Other,FAQ,1500,1500,1500,14/04/2026
Uttar Pradesh,Gorakhpur,Gorakhpur APMC,Tomato,Other,FAQ,1500,1500,1500,14/04/2026
Uttar Pradesh,Amroha,Hasanpur APMC,Tomato,Other,FAQ,2000,2000,2000,14/04/2026
Rajasthan,Jodhpur,Jodhpur (F&V) APMC,Tomato,Other,Medium,700,1500,1000,14/04/2026
Rajasthan,Jalore,Bhinmal APMC,Tomato,Other,Non-FAQ,1000,1000,1000,14/04/2026
Rajasthan,Sirohi,Abu Road APMC,Tomato,Other,Local,575,625,600,14/04/2026
Rajasthan,Rajsamand,Rajsamand APMC,Tomato,Tomato,FAQ,900,1300,1100,14/04/2026
Rajasthan,Hanumangarh,Rawatsar APMC,Tomato,Deshi,FAQ,1300,1300,1300,14/04/2026
Rajasthan,Ganganagar,Sriganganagar (F&V) APMC,Tomato,Tomato,Medium,2100,2500,2300,14/04/2026
Rajasthan,Hanumangarh,HanumangarhTown APMC,Tomato,Deshi,Non-FAQ,1500,1500,1500,14/04/2026
Karnataka,Haveri,Ranebennur APMC,Tomato,Tomato,Medium,1500,2600,2100,14/04/2026
Karnataka,Chamrajnagar,Chamaraj Nagar APMC,Tomato,Tomato,Local,1500,2000,1750,14/04/2026
Karnataka,Bangalore,Ramanagara APMC,Tomato,Tomato,Local,1500,2500,2000,14/04/2026
Gujarat,Porbandar,Porbandar APMC,Tomato,Deshi,Local,500,1000,750,14/04/2026
Gujarat,Navsari,Bilimora APMC,Tomato,Other,FAQ,1000,1750,1300,14/04/2026
Gujarat,Morbi,Morbi APMC,Tomato,Tomato,FAQ,500,1200,850,14/04/2026
Gujarat,Rajkot,Gondal(Veg.market Gondal) APMC,Tomato,Tomato,Local,500,1500,1000,14/04/2026
Gujarat,Gandhinagar,Mansa(Manas Veg Yard) APMC,Tomato,Tomato,Local,800,1000,800,14/04/2026
Gujarat,Amreli,Damnagar APMC,Tomato,Local,Local,4500,4500,4500,14/04/2026
Gujarat,Anand,"Anand(Veg,Yard,Anand) APMC",Tomato,Tomato,Grade B,500,1000,750,14/04/2026
Gujarat,Rajkot,Rajkot(Veg.Sub Yard) APMC,Tomato,Tomato,FAQ,590,1195,890,14/04/2026
Haryana,Palwal,Hodal APMC,Tomato,Hybrid,FAQ,700,900,800,14/04/2026
Haryana,Jind,Jind APMC,Tomato,Other,FAQ,700,1300,850,14/04/2026
Haryana,Sonipat,Ganaur APMC,Tomato,Tomato,FAQ,1000,1200,1000,14/04/2026
Haryana,Panchkula,Barwala APMC,Tomato,Local,FAQ,1000,1500,1250,14/04/2026
Haryana,Sirsa,Sirsa APMC,Tomato,Other,FAQ,1200,1600,1400,14/04/2026
Haryana,Gurgaon,Gurgaon APMC,Tomato,Other,Grade B,1500,2500,2000,14/04/2026
Haryana,Sirsa,Rania(Jiwan nagar) APMC,Tomato,Deshi,FAQ,320,480,410,14/04/2026
Haryana,Kurukshetra,Pehowa APMC,Tomato,Other,Medium,1200,1600,1400,14/04/2026
Haryana,Kurukshetra,Shahabad APMC,Tomato,Tomato,Medium,800,2000,1200,14/04/2026
Haryana,Ambala,Shahzadpur APMC,Tomato,Tomato,FAQ,1000,1500,1500,14/04/2026
Haryana,Yamuna Nagar,Mustafabad APMC,Tomato,Other,FAQ,1200,1400,1400,14/04/2026
Haryana,Yamuna Nagar,Sadhaura APMC,Tomato,Tomato,Local,1000,1400,1300,14/04/2026
Haryana,Hissar,Uklana APMC,Tomato,Tomato,Medium,1500,1500,1500,14/04/2026
Haryana,Kaithal,Dhand APMC,Tomato,Other,Medium,1500,2500,2000,14/04/2026
Haryana,Panipat,Samalkha APMC,Tomato,Other,FAQ,1000,1000,1000,14/04/2026
Haryana,Kurukshetra,Ladwa APMC,Tomato,Tomato,Medium,3500,4000,4000,14/04/2026
Haryana,Sonipat,Gohana APMC,Tomato,Tomato,Medium,800,1500,1000,14/04/2026
Haryana,Gurgaon,Sohna APMC,Tomato,Tomato,Local,1000,1400,1200,14/04/2026
Haryana,Hissar,Hansi APMC,Tomato,Other,Grade Range-1,800,1500,1000,14/04/2026
Haryana,Jhajar,Jhajjar APMC,Tomato,Other,Medium,1500,1500,1500,14/04/2026
Haryana,Panipat,Panipat APMC,Tomato,Other,Local,500,1000,750,14/04/2026
Haryana,Hissar,Barwala(Hisar) APMC,Tomato,Tomato,Local,1000,1600,1500,14/04/2026
Haryana,Rewari,Rewari APMC,Tomato,Other,Medium,1000,1500,1200,14/04/2026
Haryana,Ambala,Naraingarh APMC,Tomato,Tomato,Medium,600,1400,1000,14/04/2026
Haryana,Mahendragarh-Narnaul,Mohindergarh APMC,Tomato,Tomato,FAQ,1000,1500,1500,14/04/2026
Haryana,Sonipat,Sonepat APMC,Tomato,Deshi,FAQ,800,1500,1000,14/04/2026
Haryana,Yamuna Nagar,Jagadhri APMC,Tomato,Tomato,FAQ,800,1300,1300,14/04/2026
Haryana,Fatehabad,Ratia APMC,Tomato,Other,Grade A,1300,1500,1400,14/04/2026
Haryana,Rohtak,Meham APMC,Tomato,Tomato,Medium,1200,1400,1300,14/04/2026
Haryana,Mahendragarh-Narnaul,Narnaul APMC,Tomato,Tomato,Medium,800,1500,1000,14/04/2026
Haryana,Jind,Narwana APMC,Tomato,Tomato,Local,1500,1500,1500,14/04/2026
Haryana,Kurukshetra,Thanesar APMC,Tomato,Tomato,Medium,600,3000,1800,14/04/2026
Haryana,Karnal,Gharaunda APMC,Tomato,Other,Local,800,2000,2000,14/04/2026
Haryana,Mewat,FerozpurZirkha(Nagina) APMC,Tomato,Other,Local,800,1200,1000,14/04/2026
Punjab,Jalandhar,Phillaur(Apra Mandi) APMC,Tomato,Other,FAQ,2000,2000,2000,14/04/2026
Punjab,Fazilka,Fazilka APMC,Tomato,Tomato,FAQ,2000,2000,2000,14/04/2026
Punjab,Hoshiarpur,Garh Shankar APMC,Tomato,Tomato,FAQ,2000,2000,2000,14/04/2026
Punjab,Patiala,Rajpura APMC,Tomato,Local,Grade A,700,950,800,14/04/2026
Punjab,Sangrur,Ahmedgarh APMC,Tomato,Local,Local,1500,1800,1800,14/04/2026
Punjab,Mohali,Kharar APMC,Tomato,Tomato,Non-FAQ,800,2000,1200,14/04/2026
Punjab,Ludhiana,Khanna APMC,Tomato,Tomato,Grade A,1200,1200,1200,14/04/2026
Punjab,Ludhiana,Doraha APMC,Tomato,Deshi,Local,1800,2500,2400,14/04/2026
Punjab,Fatehgarh,Khamano APMC,Tomato,Tomato,FAQ,2200,2200,2200,14/04/2026
Punjab,Sangrur,Dhuri APMC,Tomato,Tomato,Medium,1600,1800,1700,14/04/2026
Punjab,Mansa,Mansa APMC,Tomato,Other,FAQ,5000,5000,5000,14/04/2026
Punjab,Hoshiarpur,Tanda Urmur APMC,Tomato,Tomato,Grade A,2500,3000,2800,14/04/2026
Punjab,Ropar (Rupnagar),Chamkaur Sahib APMC,Tomato,Tomato,Medium,2000,2000,2000,14/04/2026
Punjab,Mohali,Kurali APMC,Tomato,Other,Medium,1500,1680,1590,14/04/2026
Punjab,Mohali,Dera Bassi APMC,Tomato,Other,Local,1800,1800,1800,14/04/2026
Punjab,Nawanshahr,Nawan Shahar(Subzi Mandi) APMC,Tomato,Tomato,FAQ,1600,1800,1700,14/04/2026
Punjab,Bhatinda,Rampuraphul(Nabha Mandi) APMC,Tomato,Other,Grade A,1000,2000,1500,14/04/2026
Punjab,Patiala,Nabha APMC,Tomato,Other,Grade C,1000,1700,1400,14/04/2026
Punjab,Gurdaspur,Quadian APMC,Tomato,Other,Grade A,1700,1900,1800,14/04/2026
Punjab,Patiala,Patiala APMC,Tomato,Tomato,Grade A,700,900,800,14/04/2026
Punjab,Ludhiana,Sahnewal APMC,Tomato,Tomato,FAQ,2500,2500,2500,14/04/2026
Punjab,Fazilka,Jalalabad APMC,Tomato,Tomato,Medium,1600,1800,1700,14/04/2026
Punjab,Fatehgarh,Bassi Pathana APMC,Tomato,Tomato,Medium,1500,1700,1600,14/04/2026
Punjab,Hoshiarpur,GarhShankar (Kotfatuhi) APMC,Tomato,Other,FAQ,1700,1700,1700,14/04/2026
Punjab,Bhatinda,Raman APMC,Tomato,Other,Local,1615,1715,1655,14/04/2026
Punjab,Ludhiana,Ludhiana APMC,Tomato,Other,FAQ,300,1800,1000,14/04/2026
Punjab,Gurdaspur,Dinanagar APMC,Tomato,Tomato,Medium,1800,2000,1900,14/04/2026
Punjab,Gurdaspur,F.G.Churian APMC,Tomato,Tomato,Grade A,2000,2000,2000,14/04/2026
Punjab,Hoshiarpur,Garh Shankar(Mahalpur) APMC,Tomato,Tomato,FAQ,1800,1800,1800,14/04/2026
Punjab,Tarntaran,Tarantaran APMC,Tomato,Other,Local,2100,2100,2100,14/04/2026
Andhra Pradesh,Chittor,Madanapalli APMC,Tomato,Local,FAQ,2200,2800,2600,14/04/2026
Andhra Pradesh,Chittor,Punganur APMC,Tomato,Hybrid,FAQ,1140,2000,1670,14/04/2026
Andhra Pradesh,Chittor,Kalikiri APMC,Tomato,Hybrid,FAQ,2500,3000,2800,14/04/2026
West Bengal,Bankura,Khatra APMC,Tomato,Tomato,Non-FAQ,1000,1500,1200,14/04/2026
West Bengal,Hooghly,Kalipur APMC,Tomato,Deshi,FAQ,1100,1300,1200,14/04/2026
West Bengal,North 24 Parganas,Barasat APMC,Tomato,Other,FAQ,1000,1100,1100,14/04/2026
West Bengal,Puruliya,Balarampur APMC,Tomato,Other,Local,800,1200,1000,14/04/2026
West Bengal,Darjeeling,Karsiyang(Matigara) APMC,Tomato,Other,FAQ,2200,2400,2300,14/04/2026
West Bengal,Sounth 24 Parganas,Baruipur(Canning) APMC,Tomato,Tomato,FAQ,1300,1500,1400,14/04/2026
West Bengal,Darjeeling,Darjeeling APMC,Tomato,Other,FAQ,2200,2400,2300,14/04/2026
West Bengal,Darjeeling,Siliguri APMC,Tomato,Tomato,FAQ,1400,1600,1500,14/04/2026
West Bengal,Medinipur(W),Ghatal APMC,Tomato,Hybrid,Local,1200,1400,1300,14/04/2026
West Bengal,North 24 Parganas,Habra APMC,Tomato,Other,FAQ,1200,1300,1200,14/04/2026
Odisha,Cuttack,Banki APMC,Tomato,Tomato,Medium,800,1200,1000,14/04/2026
Odisha,Bargarh,Attabira APMC,Tomato,Other,Local,600,1000,800,14/04/2026
Odisha,Kalahandi,Kesinga APMC,Tomato,Local,Grade B,1000,1400,1200,14/04/2026
Odisha,Sundergarh,Panposh APMC,Tomato,Local,FAQ,1500,2500,2000,14/04/2026
Odisha,Boudh,Boudh APMC,Tomato,Other,Local,600,800,700,14/04/2026
Odisha,Sundergarh,Sargipali APMC,Tomato,Local,FAQ,600,800,700,14/04/2026
Odisha,Dhenkanal,Hindol APMC,Tomato,Tomato,Grade B,1700,2000,1800,14/04/2026
Odisha,Bolangir,Kantabaji APMC,Tomato,Other,Grade B,1000,1000,1000,14/04/2026
Telangana,Mahbubnagar,Shadnagar APMC,Tomato,Local,Local,600,900,800,14/04/2026
Telangana,Adilabad,Mancharial APMC,Tomato,Deshi,Non-FAQ,2200,2200,2200,14/04/2026
Telangana,Hyderabad,Bowenpally APMC,Tomato,Deshi,FAQ,400,2000,1500,14/04/2026
Telangana,Hyderabad,Bowenpally APMC,Tomato,Other,FAQ,400,2000,1500,14/04/2026
Telangana,Ranga Reddy,Chevella APMC,Tomato,Local,Local,1000,1000,1000,14/04/2026
Telangana,Hyderabad,Gudimalkapur APMC,Tomato,Tomato,Grade B,800,2000,1200,14/04/2026
Telangana,Ranga Reddy,"Kukatpally,RBZ APMC",Tomato,Deshi,Medium,800,1600,1200,14/04/2026
Uttarakhand,Haridwar,Roorkee APMC,Tomato,Other,Medium,1200,2200,1600,14/04/2026
Uttarakhand,Nanital,Haldwani APMC,Tomato,Other,FAQ,1000,1400,1200,14/04/2026
Uttarakhand,Dehradoon,Vikasnagar APMC,Tomato,Other,Medium,1500,1900,1900,14/04/2026
Himachal Pradesh,Kangra,SMY Palampur,Tomato,Tomato,FAQ,2000,2100,2050,14/04/2026
Himachal Pradesh,Mandi,SMY Jogindernagar,Tomato,Other,Grade B,2000,2200,2100,14/04/2026
Himachal Pradesh,Kangra,SMY Jaisinghpur,Tomato,Tomato,FAQ,2100,2200,2150,14/04/2026
Himachal Pradesh,Chamba,PMY Chamba,Tomato,Tomato,Medium,2200,2400,2300,14/04/2026
Himachal Pradesh,Mandi,SMY Takoli,Tomato,Other,Medium,2000,2500,2300,14/04/2026
Assam,Kamrup,P.O. Uparhali Guwahati APMC,Tomato,Tomato,FAQ,1200,1800,1500,14/04/2026
Assam,Kamrup,Pamohi(Garchuk) APMC,Tomato,Tomato,FAQ,2000,2700,2500,14/04/2026
Tamil Nadu,Villupuram,Ulundurpettai APMC,Potato,Red Nanital,Local,3000,3000,3000,14/04/2026
Tamil Nadu,Dharmapuri,Karimangalam(Uzhavar Sandhai),Potato,Other,Local,2600,2800,2700,14/04/2026
Tamil Nadu,Salem,Vazhapadi(Uzhavar Sandhai),Potato,Other,Local,3400,3400,3400,14/04/2026
Tamil Nadu,Karur,Gandhigramam(Uzhavar Sandhai),Potato,Other,Local,3000,4000,3500,14/04/2026
Tamil Nadu,Pudukkottai,Gandarvakottai(Uzhavar Sandhai ),Potato,Red Nanital,Local,2500,3000,2750,14/04/2026
Tamil Nadu,Nagapattinam,Mayiladuthurai(Uzhavar Sandhai ),Potato,Red Nanital,Local,4000,4000,4000,14/04/2026
Tamil Nadu,Salem,Thammampatti (Uzhavar Sandhai ),Potato,Other,Local,3000,3500,3250,14/04/2026
Tamil Nadu,Kancheepuram,Kancheepuram(Uzhavar Sandhai ),Potato,Red Nanital,Local,3000,3500,3250,14/04/2026
Tamil Nadu,Karur,Kulithalai(Uzhavar Sandhai ),Potato,Other,Local,2000,2500,2250,14/04/2026
Tamil Nadu,Krishnagiri,Denkanikottai(Uzhavar Sandhai ),Potato,Red Nanital,Local,1500,2000,1750,14/04/2026
Tamil Nadu,Nagapattinam,Sirkali(Uzhavar Sandhai ),Potato,Red Nanital,Local,3600,4000,3800,14/04/2026
Tamil Nadu,Namakkal,Namakkal(Uzhavar Sandhai ),Potato,Other,Local,2000,2200,2100,14/04/2026
Tamil Nadu,Namakkal,Kumarapalayam(Uzhavar Sandhai ),Potato,Red Nanital,Local,2500,3000,2750,14/04/2026
Tamil Nadu,Salem,Hasthampatti(Uzhavar Sandhai ),Potato,Red Nanital,Local,2600,2800,2700,14/04/2026
Tamil Nadu,Salem,Jalagandapuram(Uzhavar Sandhai ),Potato,Other,Local,2800,3000,2900,14/04/2026
Tamil Nadu,Tuticorin,Kovilpatti(Uzhavar Sandhai ),Potato,Other,Local,2500,3000,2750,14/04/2026
Tamil Nadu,Thiruvannamalai,Chengam(Uzhavar Sandhai ),Potato,Red Nanital,Local,3000,3600,3300,14/04/2026
Tamil Nadu,Villupuram,Villupuram(Uzhavar Sandhai ),Potato,Red Nanital,Local,3000,3000,3000,14/04/2026
Tamil Nadu,Chengalpattu,Guduvancheri(Uzhavar Sandhai ),Potato,Other,Local,2500,3000,2750,14/04/2026
Tamil Nadu,Thirupathur,Natrampalli(Uzhavar Sandhai ),Potato,Red Nanital,Local,3000,3500,3250,14/04/2026
Tamil Nadu,Thirupur,Palladam(Uzhavar Sandhai ),Potato,Other,Local,2000,2500,2250,14/04/2026
Tamil Nadu,Coimbatore,Sundarapuram(Uzhavar Sandhai ),Potato,Other,Local,3000,3600,3300,14/04/2026
Tamil Nadu,Thiruchirappalli,Thuraiyur APMC,Potato,Other,Local,3500,4000,3750,14/04/2026
Tamil Nadu,Coimbatore,Pollachi(Uzhavar Sandhai ),Potato,Red Nanital,Local,3000,3500,3250,14/04/2026
Tamil Nadu,Coimbatore,Mettupalayam(Uzhavar Sandhai ),Potato,Red Nanital,Local,2500,3000,2750,14/04/2026
Tamil Nadu,Karur,Karur(Uzhavar Sandhai ),Potato,Other,Local,3500,4000,3750,14/04/2026
Tamil Nadu,Cuddalore,Cuddalore(Uzhavar Sandhai ),Potato,Red Nanital,Local,3000,3500,3250,14/04/2026
Tamil Nadu,The Nilgiris,Coonoor(Uzhavar Sandhai ),Potato,Other,Local,3000,3500,3250,14/04/2026
Tamil Nadu,Theni,Andipatti(Uzhavar Sandhai ),Potato,Other,Local,2600,2800,2700,14/04/2026
Tamil Nadu,Cuddalore,Viruthachalam(Uzhavar Sandhai ),Potato,Red Nanital,Local,3000,3000,3000,14/04/2026
Tamil Nadu,Cuddalore,Panruti(Uzhavar Sandhai ),Potato,Red Nanital,Local,3500,3500,3500,14/04/2026
Tamil Nadu,Dharmapuri,Dharmapuri(Uzhavar Sandhai ),Potato,Red Nanital,Local,2600,2800,2700,14/04/2026
Tamil Nadu,Erode,Thalavadi(Uzhavar Sandhai ),Potato,Red Nanital,Local,3000,3400,3200,14/04/2026
Tamil Nadu,Madurai,Anna nagar(Uzhavar Sandhai ),Potato,Red Nanital,Local,3000,3200,3100,14/04/2026
Tamil Nadu,Madurai,Chokkikulam(Uzhavar Sandhai ),Potato,Red Nanital,Local,3000,3200,3100,14/04/2026
Tamil Nadu,Madurai,Anaiyur(Uzhavar Sandhai ),Potato,Red Nanital,Local,3000,3200,3100,14/04/2026
Tamil Nadu,The Nilgiris,Udhagamandalam(Uzhavar Sandhai ),Potato,Other,Local,2500,3000,2750,14/04/2026
Tamil Nadu,Sivaganga,Sivagangai (Uzhavar Sandhai ),Potato,Red Nanital,Local,3400,3400,3400,14/04/2026
Tamil Nadu,Thanjavur,Pattukottai(Uzhavar Sandhai ),Potato,Red Nanital,Local,2800,2800,2800,14/04/2026
Tamil Nadu,Theni,Devaram(Uzhavar Sandhai ),Potato,Red Nanital,Local,2400,2400,2400,14/04/2026
Tamil Nadu,Thirunelveli,Melapalayam(Uzhavar Sandhai ),Potato,Other,Local,2200,2300,2250,14/04/2026
Tamil Nadu,Thiruvannamalai,Tiruvannamalai(Uzhavar Sandhai ),Potato,Red Nanital,Local,2000,2500,2250,14/04/2026
Tamil Nadu,Vellore,Kahithapattarai(Uzhavar Sandhai ),Potato,Red Nanital,Local,1800,1800,1800,14/04/2026
Tamil Nadu,Chengalpattu,Pallavaram(Uzhavar Sandhai ),Potato,Other,Local,2500,3000,2750,14/04/2026
Tamil Nadu,Chengalpattu,Chengalpet(Uzhavar Sandhai ),Potato,Red Nanital,Local,3500,4000,3750,14/04/2026
Tamil Nadu,Chengalpattu,Jameenrayapettai(Uzhavar Sandhai ),Potato,Other,Local,2500,3000,2750,14/04/2026
Tamil Nadu,Thirupur,Tiruppur (South) (Uzhavar Sandhai ),Potato,Other,Local,2500,3000,2750,14/04/2026
Tamil Nadu,Thiruvannamalai,Cheyyar(Uzhavar Sandhai ),Potato,Other,Local,2000,2500,2250,14/04/2026
Tamil Nadu,Coimbatore,Vadavalli(Uzhavar Sandhai ),Potato,Red Nanital,Local,2800,3200,3000,14/04/2026
Tamil Nadu,Erode,Gobichettipalayam(Uzhavar Sandhai ),Potato,Red Nanital,Local,3200,3600,3400,14/04/2026
Tamil Nadu,Namakkal,Tiruchengode APMC,Potato,Other,Local,2200,2600,2400,14/04/2026
Tamil Nadu,Ariyalur,Ariyalur(Uzhavar Sandhai),Potato,Red Nanital,Local,3000,3400,3200,14/04/2026
Tamil Nadu,Tuticorin,Tuticorin(Uzhavar Sandhai ),Potato,Red Nanital,Local,2500,3000,2750,14/04/2026
Tamil Nadu,Vellore,Vellore APMC,Potato,Red Nanital,Local,1800,1800,1800,14/04/2026
Tamil Nadu,Salem,Ammapet(Uzhavar Sandhai ),Potato,Red Nanital,Local,2800,3500,3150,14/04/2026
Tamil Nadu,Vellore,Pallikonda(Uzhavar Sandhai),Potato,Red Nanital,Local,1800,1800,1800,14/04/2026
Tamil Nadu,Nagapattinam,Vedaranyam(Uzhavar Sandhai),Potato,Red Nanital,Local,3000,3200,3100,14/04/2026
Tamil Nadu,Vellore,Katpadi (Uzhavar Sandhai ),Potato,Red Nanital,Local,2500,2500,2500,14/04/2026
Tamil Nadu,Thanjavur,Kumbakonam (Uzhavar Sandhai ),Potato,Red Nanital,Local,2400,3000,2700,14/04/2026
Tamil Nadu,Dharmapuri,Palacode(Uzhavar Sandhai ),Potato,Other,Local,2500,2800,2650,14/04/2026
Tamil Nadu,Erode,Perundurai(Uzhavar Sandhai ),Potato,Red Nanital,Local,2600,3000,2800,14/04/2026
Tamil Nadu,Kancheepuram,Padappai(Uzhavar Sandhai ),Potato,Other,Local,2500,3200,2850,14/04/2026
Tamil Nadu,Krishnagiri,Hosur(Uzhavar Sandhai ),Potato,Red Nanital,Local,1500,2000,1750,14/04/2026
Tamil Nadu,Perambalur,Perambalur(Uzhavar Sandhai ),Potato,Other,Local,2400,2400,2400,14/04/2026
Tamil Nadu,Ramanathapuram,Paramakudi(Uzhavar Sandhai ),Potato,Other,Local,3000,3500,3250,14/04/2026
Tamil Nadu,Salem,Thathakapatti(Uzhavar Sandhai ),Potato,Red Nanital,Local,2800,3400,3100,14/04/2026
Tamil Nadu,Salem,Mettur(Uzhavar Sandhai ),Potato,Red Nanital,Local,3000,3500,3250,14/04/2026
Tamil Nadu,Salem,Attayampatti(Uzhavar Sandhai ),Potato,Red Nanital,Local,3600,4000,3800,14/04/2026
Tamil Nadu,Sivaganga,Tirupatthur(Uzhavar Sandhai ),Potato,Red Nanital,Local,3200,3500,3350,14/04/2026
Tamil Nadu,Sivaganga,Singampunari(Uzhavar Sandhai ),Potato,Other,Local,3000,3500,3250,14/04/2026
Tamil Nadu,Thirunelveli,NGO Colony(Uzhavar Sandhai ),Potato,Red Nanital,Local,1500,2300,1900,14/04/2026
Tamil Nadu,Thiruvarur,Mannargudi I(Uzhavar Sandhai ),Potato,Red Nanital,Local,3400,3400,3400,14/04/2026
Tamil Nadu,Thiruvarur,Mannargudi II(Uzhavar Sandhai ),Potato,Red Nanital,Local,3400,3400,3400,14/04/2026
Tamil Nadu,Thiruvannamalai,Arani(Uzhavar Sandhai ),Potato,Red Nanital,Local,2500,3000,2750,14/04/2026
Tamil Nadu,Thiruvannamalai,Keelpennathur(Uzhavar Sandhai ),Potato,Red Nanital,Local,2500,3000,2750,14/04/2026
Tamil Nadu,Thiruchirappalli,KKNagar(Uzhavar Sandhai ),Potato,Other,Local,3000,3000,3000,14/04/2026
Tamil Nadu,Thiruchirappalli,Lalgudi(Uzhavar Sandhai ),Potato,Red Nanital,Local,4000,4000,4000,14/04/2026
Tamil Nadu,Thiruchirappalli,Manachanallur(Uzhavar Sandhai ),Potato,Red Nanital,Local,2000,2500,2250,14/04/2026
Tamil Nadu,Virudhunagar,Kariyapatti(Uzhavar Sandhai ),Potato,Red Nanital,Local,2500,3000,2750,14/04/2026
Tamil Nadu,Thirupur,Dharapuram(Uzhavar Sandhai ),Potato,Red Nanital,Local,2200,2800,2500,14/04/2026
Tamil Nadu,Thanjavur,Papanasam(Uzhavar Sandhai ),Potato,Red Nanital,Local,2400,3000,2700,14/04/2026
Tamil Nadu,Ariyalur,Jeyankondam (Uzhavar Sandhai ),Potato,Red Nanital,Local,3000,3400,3200,14/04/2026
Tamil Nadu,Thiruvarur,Muthupettai(Uzhavar Sandhai ),Potato,Red Nanital,Local,3500,3500,3500,14/04/2026
Tamil Nadu,Kallakuruchi,Sankarapuram(Uzhavar Sandhai ),Potato,Red Nanital,Local,3000,3000,3000,14/04/2026
Tamil Nadu,Nagercoil (Kannyiakumari),Vadaseri APMC,Potato,Red Nanital,Local,2700,3000,2850,14/04/2026
Tamil Nadu,Salem,Athur(Uzhavar Sandhai ),Potato,Other,Local,2500,2800,2650,14/04/2026
Tamil Nadu,Dharmapuri,Harur(Uzhavar Sandhai ),Potato,Red Nanital,Local,2500,2800,2650,14/04/2026
Tamil Nadu,The Nilgiris,Gudalur(Uzhavar Sandhai ),Potato,Red Nanital,Local,3000,3500,3250,14/04/2026
Tamil Nadu,Coimbatore,Sulur(Uzhavar Sandhai ),Potato,Red Nanital,Local,2800,3400,3100,14/04/2026
Tamil Nadu,Namakkal,Paramathivelur(Uzhavar Sandhai ),Potato,Red Nanital,Local,2500,3000,2750,14/04/2026
Tamil Nadu,Dindigul,Dindigul(Uzhavar Sandhai ),Potato,Other,Local,3000,4000,3500,14/04/2026
Tamil Nadu,Dindigul,Palani(Uzhavar Sandhai ),Potato,Other,Local,2400,2800,2600,14/04/2026
Tamil Nadu,Krishnagiri,Krishnagiri(Uzhavar Sandhai ),Potato,Red Nanital,Local,2000,2400,2200,14/04/2026
Tamil Nadu,Nagapattinam,Nagapattinam(Uzhavar Sandhai ),Potato,Other,Local,3500,4000,3750,14/04/2026
Tamil Nadu,Pudukkottai,Alangudi(Uzhavar Sandhai ),Potato,Other,Local,3500,4000,3750,14/04/2026
Tamil Nadu,Ramanathapuram,Ramanathapuram(Uzhavar Sandhai ),Potato,Red Nanital,Local,3000,3800,3400,14/04/2026
Tamil Nadu,Salem,Sooramangalam(Uzhavar Sandhai ),Potato,Other,Local,2400,2600,2500,14/04/2026
Tamil Nadu,Sivaganga,Devakottai (Uzhavar Sandhai ),Potato,Red Nanital,Local,3200,3400,3300,14/04/2026
Tamil Nadu,Theni,Kambam(Uzhavar Sandhai ),Potato,Other,Local,2300,2300,2300,14/04/2026
Tamil Nadu,Theni,Bodinayakanur(Uzhavar Sandhai ),Potato,Red Nanital,Local,2500,2500,2500,14/04/2026
Tamil Nadu,Thirunelveli,Palayamkottai(Uzhavar Sandhai ),Potato,Red Nanital,Local,2000,2300,2150,14/04/2026
Tamil Nadu,Thiruvellore,Tiruthani(Uzhavar Sandhai ),Potato,Red Nanital,Local,3000,3000,3000,14/04/2026
Tamil Nadu,Thiruvellore,Paruthipattu(Uzhavar Sandhai ),Potato,Red Nanital,Local,3000,3000,3000,14/04/2026
Tamil Nadu,Thiruvannamalai,Polur(Uzhavar Sandhai ),Potato,Red Nanital,Local,2000,2400,2200,14/04/2026
Tamil Nadu,Thiruchirappalli,Manapparai(Uzhavar Sandhai ),Potato,Other,Local,3000,4000,3500,14/04/2026
Tamil Nadu,Thiruchirappalli,Thiruverumbur(Uzhavar Sandhai ),Potato,Other,Local,2500,3000,2750,14/04/2026
Tamil Nadu,Vellore,Gudiyatham(Uzhavar Sandhai ),Potato,Red Nanital,Local,2500,2500,2500,14/04/2026
Tamil Nadu,Villupuram,Gingee(Uzhavar Sandhai ),Potato,Other,Local,4000,4000,4000,14/04/2026
Tamil Nadu,Virudhunagar,Rajapalayam(Uzhavar Sandhai ),Potato,Red Nanital,Local,2500,2800,2650,14/04/2026
Tamil Nadu,Virudhunagar,Thalavaipuram(Uzhavar Sandhai ),Potato,Red Nanital,Local,2000,2800,2400,14/04/2026
Tamil Nadu,Chengalpattu,Madhuranthagam(Uzhavar Sandhai ),Potato,Red Nanital,Local,3000,3000,3000,14/04/2026
Tamil Nadu,Thirupathur,Vaniyampadi(Uzhavar Sandhai ),Potato,Red Nanital,Local,2500,2500,2500,14/04/2026
Tamil Nadu,Erode,Sampath Nagar(Uzhavar Sandhai ),Potato,Other,Local,3000,3200,3100,14/04/2026
Tamil Nadu,Erode,Sathiyamagalam(Uzhavar Sandhai ),Potato,Red Nanital,Local,3000,3500,3250,14/04/2026
Tamil Nadu,Pudukkottai,Pudukottai(Uzhavar Sandhai ),Potato,Other,Local,2500,3000,2750,14/04/2026
Tamil Nadu,Kallakuruchi,Kallakurichi(Uzhavar Sandhai ),Potato,Red Nanital,Local,3000,3000,3000,14/04/2026
Tamil Nadu,Theni,Periyakulam(Uzhavar Sandhai ),Potato,Other,Local,2600,2800,2700,14/04/2026
Tamil Nadu,Coimbatore,Udumalpet APMC,Potato,Red Nanital,Local,2500,3000,2750,14/04/2026
Tamil Nadu,Villupuram,Tindivanam APMC,Potato,Red Nanital,Local,2800,2800,2800,14/04/2026
Tamil Nadu,Salem,Mecheri(Uzhavar Sandhai),Potato,Other,Local,2500,3000,2750,14/04/2026
Tamil Nadu,Vellore,Perampet(Uzhavar Sandhai),Potato,Red Nanital,Local,2500,2500,2500,14/04/2026
Tamil Nadu,Thanjavur,Peravurani(Uzhavar Sandhai),Potato,Red Nanital,Local,3000,3000,3000,14/04/2026
Tamil Nadu,Cuddalore,Vadalur(Uzhavar Sandhai ),Potato,Other,Local,2000,3000,2500,14/04/2026
Tamil Nadu,Dharmapuri,Pennagaram(Uzhavar Sandhai ),Potato,Red Nanital,Local,2800,3000,2900,14/04/2026
Tamil Nadu,Dharmapuri,AJattihalli(Uzhavar Sandhai ),Potato,Other,Local,2500,2800,2650,14/04/2026
Tamil Nadu,Dindigul,Chinnalapatti(Uzhavar Sandhai ),Potato,Red Nanital,Local,3500,4000,3750,14/04/2026
Tamil Nadu,Kancheepuram,Sunguvarchatram(Uzhavar Sandhai ),Potato,Other,Local,3000,3500,3250,14/04/2026
Tamil Nadu,Kancheepuram,Kundrathur(Uzhavar Sandhai ),Potato,Other,Local,2500,3000,2750,14/04/2026
Tamil Nadu,Krishnagiri,Avallapalli(Uzhavar Sandhai ),Potato,Red Nanital,Local,1500,2000,1750,14/04/2026
Tamil Nadu,Madurai,Palanganatham(Uzhavar Sandhai ),Potato,Red Nanital,Local,2600,3800,3200,14/04/2026
Tamil Nadu,Namakkal,Mohanur(Uzhavar Sandhai ),Potato,Other,Local,2400,3000,2700,14/04/2026
Tamil Nadu,Salem,Elampillai(Uzhavar Sandhai ),Potato,Other,Local,2600,3000,2800,14/04/2026
Tamil Nadu,Salem,Edapadi (Uzhavar Sandhai ),Potato,Other,Local,2500,3000,2750,14/04/2026
Tamil Nadu,Sivaganga,Karaikudi(Uzhavar Sandhai ),Potato,Red Nanital,Local,3400,3600,3500,14/04/2026
Tamil Nadu,Thanjavur,Thanjavur(Uzhavar Sandhai ),Potato,Red Nanital,Local,2600,2600,2600,14/04/2026
Tamil Nadu,Thanjavur,Tirukattupalli(Uzhavar Sandhai ),Potato,Red Nanital,Local,2400,2400,2400,14/04/2026
Tamil Nadu,Theni,Theni(Uzhavar Sandhai ),Potato,Other,Local,2800,2800,2800,14/04/2026
Tamil Nadu,Theni,Chinnamanur(Uzhavar Sandhai ),Potato,Other,Local,2500,2800,2650,14/04/2026
Tamil Nadu,Thiruvellore,Ambattur(Uzhavar Sandhai ),Potato,Red Nanital,Local,4000,4000,4000,14/04/2026
Tamil Nadu,Thiruvannamalai,Vandavasi(Uzhavar Sandhai ),Potato,Other,Local,1600,2000,1800,14/04/2026
Tamil Nadu,Thiruchirappalli,Musiri(Uzhavar Sandhai ),Potato,Other,Local,2500,3000,2750,14/04/2026
Tamil Nadu,Virudhunagar,Aruppukottai(Uzhavar Sandhai ),Potato,Red Nanital,Local,2500,3000,2750,14/04/2026
Tamil Nadu,Virudhunagar,Sivakasi(Uzhavar Sandhai ),Potato,Red Nanital,Local,3500,4000,3750,14/04/2026
Tamil Nadu,Virudhunagar,Sathur(Uzhavar Sandhai ),Potato,Red Nanital,Local,3500,4000,3750,14/04/2026
Tamil Nadu,Nagercoil (Kannyiakumari),Myladi(Uzhavar Sandhai ),Potato,Red Nanital,Local,2500,3000,2750,14/04/2026
Tamil Nadu,Chengalpattu,Medavakkam(Uzhavar Sandhai ),Potato,Other,Local,2500,2500,2500,14/04/2026
Tamil Nadu,Chengalpattu,Nanganallur(Uzhavar Sandhai ),Potato,Red Nanital,Local,2500,3000,2750,14/04/2026
Tamil Nadu,Thirupur,Tiruppur (North) (Uzhavar Sandhai ),Potato,Other,Local,2500,3000,2750,14/04/2026
Tamil Nadu,Coimbatore,RSPuram(Uzhavar Sandhai ),Potato,Other,Local,2800,3200,3000,14/04/2026
Tamil Nadu,Coimbatore,Singanallur(Uzhavar Sandhai ),Potato,Other,Local,3000,3400,3200,14/04/2026
Tamil Nadu,Cuddalore,Chidambaram(Uzhavar Sandhai ),Potato,Red Nanital,Local,3000,3500,3250,14/04/2026
Tamil Nadu,Ranipet,Ranipettai(Uzhavar Sandhai ),Potato,Other,Local,2000,2000,2000,14/04/2026
Tamil Nadu,Ranipet,Arcot(Uzhavar Sandhai ),Potato,Other,Local,2400,2400,2400,14/04/2026
Tamil Nadu,Vellore,Thirupathur APMC,Potato,Red Nanital,Local,3000,3000,3000,14/04/2026
Tamil Nadu,Krishnagiri,Kaveripattinam(Uzhavar Sandhai ),Potato,Red Nanital,Local,3500,3500,3500,14/04/2026
Tamil Nadu,Virudhunagar,Srivilliputhur(Uzhavar Sandhai ),Potato,Red Nanital,Local,2500,3000,2750,14/04/2026
Tamil Nadu,Salem,Vazhapadi(Uzhavar Sandhai),Sweet Potato,Hosur Red,Local,4000,4000,4000,14/04/2026
Tamil Nadu,Namakkal,Paramathivelur(Uzhavar Sandhai ),Sweet Potato,Hosur Red,Local,4000,4800,4400,14/04/2026
Tamil Nadu,Dindigul,Chinnalapatti(Uzhavar Sandhai ),Sweet Potato,Hosur Red,Local,4500,5000,4750,14/04/2026
Tamil Nadu,Erode,Periyar Nagar(Uzhavar Sandhai ),Sweet Potato,Hosur Red,Local,3000,3500,3250,14/04/2026
Tamil Nadu,Karur,Kulithalai(Uzhavar Sandhai ),Sweet Potato,Hosur Red,Local,2500,3000,2750,14/04/2026
Tamil Nadu,Karur,Pallapatti (Uzhavar Sandhai ),Sweet Potato,Hosur Red,Local,3000,3500,3250,14/04/2026
Tamil Nadu,Krishnagiri,Krishnagiri(Uzhavar Sandhai ),Sweet Potato,Hosur Red,Local,1500,2000,1750,14/04/2026
Tamil Nadu,Salem,Elampillai(Uzhavar Sandhai ),Sweet Potato,Hosur Red,Local,3500,4000,3750,14/04/2026
Tamil Nadu,Theni,Chinnamanur(Uzhavar Sandhai ),Sweet Potato,Hosur Red,Local,3500,3500,3500,14/04/2026
Tamil Nadu,Thirunelveli,Palayamkottai(Uzhavar Sandhai ),Sweet Potato,Hosur Red,Local,2500,3000,2750,14/04/2026
Tamil Nadu,Thiruchirappalli,KKNagar(Uzhavar Sandhai ),Sweet Potato,Hosur Red,Local,4000,4000,4000,14/04/2026
Tamil Nadu,Thiruchirappalli,Musiri(Uzhavar Sandhai ),Sweet Potato,Hosur Red,Local,3000,3600,3300,14/04/2026
Tamil Nadu,Chengalpattu,Guduvancheri(Uzhavar Sandhai ),Sweet Potato,Hosur Red,Local,4000,5000,4500,14/04/2026
Tamil Nadu,Thirupathur,Natrampalli(Uzhavar Sandhai ),Sweet Potato,Hosur Red,Local,2500,3000,2750,14/04/2026
Tamil Nadu,Coimbatore,Sundarapuram(Uzhavar Sandhai ),Sweet Potato,Hosur Red,Local,3000,3400,3200,14/04/2026
Tamil Nadu,Erode,Sampath Nagar(Uzhavar Sandhai ),Sweet Potato,Hosur Red,Local,3000,3500,3250,14/04/2026
Tamil Nadu,Coimbatore,RSPuram(Uzhavar Sandhai ),Sweet Potato,Hosur Red,Local,2200,2800,2500,14/04/2026
Tamil Nadu,Coimbatore,Singanallur(Uzhavar Sandhai ),Sweet Potato,Hosur Red,Local,3000,3400,3200,14/04/2026
Tamil Nadu,Coimbatore,Kurichi(Uzhavar Sandhai ),Sweet Potato,Hosur Red,Local,3000,3400,3200,14/04/2026
Tamil Nadu,Ranipet,Arcot(Uzhavar Sandhai ),Sweet Potato,Hosur Red,Local,3000,3000,3000,14/04/2026
Tamil Nadu,Vellore,Thirupathur APMC,Sweet Potato,Hosur Red,Local,4000,4000,4000,14/04/2026
Tamil Nadu,Dharmapuri,Harur(Uzhavar Sandhai ),Sweet Potato,Hosur Red,Local,3000,3500,3250,14/04/2026
Tamil Nadu,Villupuram,Tindivanam APMC,Sweet Potato,Hosur Red,Local,4000,4000,4000,14/04/2026
Tamil Nadu,Vellore,Perampet(Uzhavar Sandhai),Sweet Potato,Hosur Red,Local,3000,3000,3000,14/04/2026
Tamil Nadu,Vellore,Katpadi (Uzhavar Sandhai ),Sweet Potato,Hosur Red,Local,3000,3000,3000,14/04/2026
Tamil Nadu,Cuddalore,Panruti(Uzhavar Sandhai ),Sweet Potato,Hosur Red,Local,4000,4000,4000,14/04/2026
Tamil Nadu,Dharmapuri,Dharmapuri(Uzhavar Sandhai ),Sweet Potato,Hosur Red,Local,1800,2000,1900,14/04/2026
Tamil Nadu,Dharmapuri,Palacode(Uzhavar Sandhai ),Sweet Potato,Hosur Red,Local,2000,2500,2250,14/04/2026
Tamil Nadu,Dindigul,Dindigul(Uzhavar Sandhai ),Sweet Potato,Hosur Red,Local,4000,5000,4500,14/04/2026
Tamil Nadu,Dindigul,Palani(Uzhavar Sandhai ),Sweet Potato,Hosur Red,Local,2500,3000,2750,14/04/2026
Tamil Nadu,Krishnagiri,Avallapalli(Uzhavar Sandhai ),Sweet Potato,Hosur Red,Local,4000,4500,4250,14/04/2026
Tamil Nadu,Madurai,Anna nagar(Uzhavar Sandhai ),Sweet Potato,Hosur Red,Local,3000,3600,3300,14/04/2026
Tamil Nadu,Nagapattinam,Nagapattinam(Uzhavar Sandhai ),Sweet Potato,Hosur Red,Local,6500,6500,6500,14/04/2026
Tamil Nadu,Sivaganga,Tirupatthur(Uzhavar Sandhai ),Sweet Potato,Hosur Red,Local,3500,4000,3750,14/04/2026
Tamil Nadu,Theni,Kambam(Uzhavar Sandhai ),Sweet Potato,Hosur Red,Local,2600,3000,2800,14/04/2026
Tamil Nadu,Thirunelveli,Melapalayam(Uzhavar Sandhai ),Sweet Potato,Hosur Red,Local,2000,3000,2500,14/04/2026
Tamil Nadu,Thiruvannamalai,Polur(Uzhavar Sandhai ),Sweet Potato,Hosur Red,Local,3500,4000,3750,14/04/2026
Tamil Nadu,Thiruvannamalai,Tamarainagar(Uzhavar Sandhai ),Sweet Potato,Hosur Red,Local,2500,3000,2750,14/04/2026
Tamil Nadu,Thiruchirappalli,Lalgudi(Uzhavar Sandhai ),Sweet Potato,Hosur Red,Local,3600,3600,3600,14/04/2026
Tamil Nadu,Vellore,Gudiyatham(Uzhavar Sandhai ),Sweet Potato,Hosur Red,Local,2400,2400,2400,14/04/2026
Tamil Nadu,Coimbatore,Vadavalli(Uzhavar Sandhai ),Sweet Potato,Hosur Red,Local,2200,2800,2500,14/04/2026
Tamil Nadu,Cuddalore,Cuddalore(Uzhavar Sandhai ),Sweet Potato,Hosur Red,Local,4000,4000,4000,14/04/2026
Tamil Nadu,Kallakuruchi,Kallakurichi(Uzhavar Sandhai ),Sweet Potato,Hosur Red,Local,3000,3000,3000,14/04/2026
Tamil Nadu,Ranipet,Ranipettai(Uzhavar Sandhai ),Sweet Potato,Hosur Red,Local,3000,3500,3250,14/04/2026
Tamil Nadu,Vellore,Vellore APMC,Sweet Potato,Hosur Red,Local,2000,2500,2250,14/04/2026
Tamil Nadu,Dharmapuri,Karimangalam(Uzhavar Sandhai),Sweet Potato,Hosur Red,Local,1800,2000,1900,14/04/2026
Tamil Nadu,Vellore,Pallikonda(Uzhavar Sandhai),Sweet Potato,Hosur Red,Local,2500,2500,2500,14/04/2026
Tamil Nadu,Nagapattinam,Sirkali(Uzhavar Sandhai ),Sweet Potato,Hosur Red,Local,5500,6000,5750,14/04/2026
Tamil Nadu,Namakkal,Namakkal(Uzhavar Sandhai ),Sweet Potato,Hosur Red,Local,5000,5500,5250,14/04/2026
Tamil Nadu,Salem,Jalagandapuram(Uzhavar Sandhai ),Sweet Potato,Hosur Red,Local,3500,4000,3750,14/04/2026
Tamil Nadu,Theni,Devaram(Uzhavar Sandhai ),Sweet Potato,Hosur Red,Local,3000,3000,3000,14/04/2026
Tamil Nadu,Thiruvarur,Tiruthuraipoondi(Uzhavar Sandhai ),Sweet Potato,Hosur Red,Local,4000,4000,4000,14/04/2026
Tamil Nadu,Thiruvannamalai,Chengam(Uzhavar Sandhai ),Sweet Potato,Hosur Red,Local,2500,3000,2750,14/04/2026
Tamil Nadu,Thiruchirappalli,Thiruverumbur(Uzhavar Sandhai ),Sweet Potato,Hosur Red,Local,4000,4000,4000,14/04/2026
Tamil Nadu,Chengalpattu,Pallavaram(Uzhavar Sandhai ),Sweet Potato,Hosur Red,Local,4000,5000,4500,14/04/2026
Tamil Nadu,Tenkasi,Tenkasi(Uzhavar Sandhai ),Sweet Potato,Hosur Red,Local,3500,3500,3500,14/04/2026
Tamil Nadu,Salem,Ammapet(Uzhavar Sandhai ),Sweet Potato,Hosur Red,Local,3500,4000,3750,14/04/2026
Tamil Nadu,Dharmapuri,Pennagaram(Uzhavar Sandhai ),Sweet Potato,Hosur Red,Local,2800,3000,2900,14/04/2026
Tamil Nadu,Dharmapuri,AJattihalli(Uzhavar Sandhai ),Sweet Potato,Hosur Red,Local,2500,2800,2650,14/04/2026
Tamil Nadu,Kancheepuram,Kundrathur(Uzhavar Sandhai ),Sweet Potato,Hosur Red,Local,3000,3000,3000,14/04/2026
Tamil Nadu,Krishnagiri,Denkanikottai(Uzhavar Sandhai ),Sweet Potato,Hosur Red,Local,4000,5000,4500,14/04/2026
Tamil Nadu,Madurai,Chokkikulam(Uzhavar Sandhai ),Sweet Potato,Hosur Red,Local,3000,3600,3300,14/04/2026
Tamil Nadu,Salem,Mettur(Uzhavar Sandhai ),Sweet Potato,Hosur Red,Local,3500,3500,3500,14/04/2026
Tamil Nadu,Salem,Hasthampatti(Uzhavar Sandhai ),Sweet Potato,Hosur Red,Local,3500,4000,3750,14/04/2026
Tamil Nadu,Salem,Edapadi (Uzhavar Sandhai ),Sweet Potato,Hosur Red,Local,3500,4000,3750,14/04/2026
Tamil Nadu,Thanjavur,Thanjavur(Uzhavar Sandhai ),Sweet Potato,Hosur Red,Local,4000,4000,4000,14/04/2026
Tamil Nadu,Theni,Theni(Uzhavar Sandhai ),Sweet Potato,Hosur Red,Local,2800,2800,2800,14/04/2026
Tamil Nadu,Thiruvannamalai,Keelpennathur(Uzhavar Sandhai ),Sweet Potato,Hosur Red,Local,4000,5000,4500,14/04/2026
Tamil Nadu,Villupuram,Villupuram(Uzhavar Sandhai ),Sweet Potato,Hosur Red,Local,4000,4000,4000,14/04/2026
Tamil Nadu,Thirupathur,Vaniyampadi(Uzhavar Sandhai ),Sweet Potato,Hosur Red,Local,3000,3000,3000,14/04/2026
Tamil Nadu,Thirupur,Tiruppur (North) (Uzhavar Sandhai ),Sweet Potato,Hosur Red,Local,4500,5000,4750,14/04/2026
Tamil Nadu,Namakkal,Tiruchengode APMC,Sweet Potato,Hosur Red,Local,3000,3500,3250,14/04/2026
Tamil Nadu,Thiruchirappalli,Thuraiyur APMC,Sweet Potato,Hosur Red,Local,3000,3500,3250,14/04/2026
Tamil Nadu,Coimbatore,Mettupalayam(Uzhavar Sandhai ),Sweet Potato,Hosur Red,Local,2500,3000,2750,14/04/2026
Tamil Nadu,Tenkasi,Sankarankoil(Uzhavar Sandhai ),Sweet Potato,Hosur Red,Local,4000,4000,4000,14/04/2026
Tamil Nadu,Tuticorin,Tuticorin(Uzhavar Sandhai ),Sweet Potato,Hosur Red,Local,3500,4000,3750,14/04/2026
Tamil Nadu,Salem,Athur(Uzhavar Sandhai ),Sweet Potato,Hosur Red,Local,3500,4000,3750,14/04/2026
Tamil Nadu,Coimbatore,Udumalpet APMC,Sweet Potato,Hosur Red,Local,3500,4000,3750,14/04/2026
Tamil Nadu,Salem,Mecheri(Uzhavar Sandhai),Sweet Potato,Hosur Red,Local,3500,4000,3750,14/04/2026
Tamil Nadu,Karur,Gandhigramam(Uzhavar Sandhai),Sweet Potato,Hosur Red,Local,3500,4000,3750,14/04/2026
Tamil Nadu,Coimbatore,Sulur(Uzhavar Sandhai ),Sweet Potato,Hosur Red,Local,3000,3400,3200,14/04/2026
Tamil Nadu,Thanjavur,Kumbakonam (Uzhavar Sandhai ),Sweet Potato,Hosur Red,Local,5000,5000,5000,14/04/2026
Tamil Nadu,Krishnagiri,Hosur(Uzhavar Sandhai ),Sweet Potato,Hosur Red,Local,3500,4000,3750,14/04/2026
Tamil Nadu,Madurai,Melur(Uzhavar Sandhai ),Sweet Potato,Hosur Red,Local,3000,3600,3300,14/04/2026
Tamil Nadu,Madurai,Anaiyur(Uzhavar Sandhai ),Sweet Potato,Hosur Red,Local,3000,3600,3300,14/04/2026
Tamil Nadu,The Nilgiris,Udhagamandalam(Uzhavar Sandhai ),Sweet Potato,Hosur Red,Local,3000,3500,3250,14/04/2026
Tamil Nadu,Pudukkottai,Aranthangi(Uzhavar Sandhai ),Sweet Potato,Hosur Red,Local,3500,4000,3750,14/04/2026
Tamil Nadu,Salem,Sooramangalam(Uzhavar Sandhai ),Sweet Potato,Hosur Red,Local,3500,4000,3750,14/04/2026
Tamil Nadu,Salem,Thathakapatti(Uzhavar Sandhai ),Sweet Potato,Hosur Red,Local,3500,4000,3750,14/04/2026
Tamil Nadu,Salem,Attayampatti(Uzhavar Sandhai ),Sweet Potato,Hosur Red,Local,4000,4000,4000,14/04/2026
Tamil Nadu,Thirunelveli,NGO Colony(Uzhavar Sandhai ),Sweet Potato,Hosur Red,Local,2500,3000,2750,14/04/2026
Tamil Nadu,Thiruvannamalai,Tiruvannamalai(Uzhavar Sandhai ),Sweet Potato,Hosur Red,Local,2500,3000,2750,14/04/2026
Tamil Nadu,Thiruvannamalai,Arani(Uzhavar Sandhai ),Sweet Potato,Hosur Red,Local,2500,3000,2750,14/04/2026
Tamil Nadu,Vellore,Kahithapattarai(Uzhavar Sandhai ),Sweet Potato,Hosur Red,Local,2500,2500,2500,14/04/2026
Tamil Nadu,Virudhunagar,Aruppukottai(Uzhavar Sandhai ),Sweet Potato,Hosur Red,Local,3000,4000,3500,14/04/2026
Tamil Nadu,Chengalpattu,Chengalpet(Uzhavar Sandhai ),Sweet Potato,Hosur Red,Local,4000,5000,4500,14/04/2026
Tamil Nadu,Chengalpattu,Nanganallur(Uzhavar Sandhai ),Sweet Potato,Hosur Red,Local,4000,5000,4500,14/04/2026
Tamil Nadu,Chengalpattu,Jameenrayapettai(Uzhavar Sandhai ),Sweet Potato,Hosur Red,Local,4000,5000,4500,14/04/2026
Tamil Nadu,Pudukkottai,Pudukottai(Uzhavar Sandhai ),Sweet Potato,Hosur Red,Local,4000,4500,4250,14/04/2026
Tamil Nadu,Kallakuruchi,Sankarapuram(Uzhavar Sandhai ),Sweet Potato,Hosur Red,Local,3000,3000,3000,14/04/2026
Maharashtra,Nagpur,Hingna APMC,Potato,Local,Local,1200,1500,1425,14/04/2026
Maharashtra,Satara,Vai APMC,Potato,Local,Local,1500,1700,1650,14/04/2026
Maharashtra,Mumbai,Vashi New Mumbai APMC,Potato,Other,Local,600,1000,800,14/04/2026
Maharashtra,Nagpur,Ramtek APMC,Potato,Local,Local,800,1000,900,14/04/2026
Maharashtra,Pune,Pune APMC,Potato,Local,Local,400,1300,850,14/04/2026
Maharashtra,Pune,Pune(Moshi) APMC,Potato,Local,Local,900,1100,1000,14/04/2026
Maharashtra,Ahmednagar,Rahata APMC,Potato,Other,Local,1000,1000,1000,14/04/2026
Maharashtra,Chattrapati Sambhajinagar,Chattrapati Sambhajinagar APMC,Potato,Other,Local,500,900,700,14/04/2026
Maharashtra,Pune,Pune(Khadiki) APMC,Potato,Local,Local,700,1200,950,14/04/2026
Maharashtra,Pune,Khed(Chakan) APMC,Potato,Other,Local,800,1200,1000,14/04/2026
Maharashtra,Satara,Vaduj APMC,Potato,Local,Local,800,1200,1000,14/04/2026
Maharashtra,Pune,Pune APMC,Sweet Potato,Other,Local,2000,3000,2500,14/04/2026
Maharashtra,Mumbai,Mumbai APMC,Sweet Potato,Other,Local,2000,3000,2500,14/04/2026
Uttar Pradesh,Hathras,Haathras APMC,Potato,Other,FAQ,500,500,500,14/04/2026
Uttar Pradesh,Bulandshahar,Jahangirabad APMC,Potato,Other,FAQ,400,500,429.81,14/04/2026
Uttar Pradesh,Farukhabad,Mohamadabad APMC,Potato,Other,FAQ,450,450,450,14/04/2026
Uttar Pradesh,Hathras,Shadabad APMC,Potato,Potato,Small,400,500,450,14/04/2026
Uttar Pradesh,Hardoi,Shahabad(New Mandi) APMC,Potato,Other,FAQ,500,500,500,14/04/2026
Uttar Pradesh,Firozabad,Shikohabad APMC,Potato,Other,FAQ,500,500,500,14/04/2026
Uttar Pradesh,Firozabad,Tundla APMC,Potato,Other,FAQ,500,500,500,14/04/2026
Uttar Pradesh,Etawah,Etawah APMC,Potato,Other,FAQ,550,700.27,564.38,14/04/2026
Uttar Pradesh,Jaunpur,Jaunpur APMC,Potato,Other,FAQ,800,900,858.82,14/04/2026
Uttar Pradesh,Sambhal,Muradabad APMC,Potato,Other,FAQ,400,400,400,14/04/2026
Uttar Pradesh,Badaun,Badayoun APMC,Potato,Other,FAQ,450,450,450,14/04/2026
Uttar Pradesh,Etawah,Jasvantnagar APMC,Potato,Desi,Medium,500,700,600,14/04/2026
Uttar Pradesh,Khiri (Lakhimpur),Mohammdi APMC,Potato,Other,FAQ,505,505,505,14/04/2026
Uttar Pradesh,Mainpuri,Bewar APMC,Potato,Other,FAQ,500,500,500,14/04/2026
Uttar Pradesh,Auraiya,Achalda APMC,Potato,Other,FAQ,500,500,500,14/04/2026
Uttar Pradesh,Aligarh,Atrauli APMC,Potato,Potato,FAQ,500,600,550,14/04/2026
Uttar Pradesh,Saharanpur,Chutmalpur APMC,Potato,Other,FAQ,600,600,600,14/04/2026
Uttar Pradesh,Mainpuri,Ghiraur APMC,Potato,Other,FAQ,500,500,500,14/04/2026
Uttar Pradesh,Aligarh,Khair APMC,Potato,Other,FAQ,500,500,500,14/04/2026
Uttar Pradesh,Prayagraj,Prayagraj APMC,Potato,Other,FAQ,500,500,500,14/04/2026
Uttar Pradesh,Sonbhadra,Robertsganj APMC,Potato,Other,FAQ,1210.14,1210.14,1210.14,14/04/2026
Uttar Pradesh,Bulandshahar,Sikanderabad APMC,Potato,Other,FAQ,500,500,500,14/04/2026
Uttar Pradesh,Kannuj,Kannauj APMC,Potato,Other,FAQ,450,450,450,14/04/2026
Uttar Pradesh,Shahjahanpur,Jalalabad APMC,Potato,Other,FAQ,500,500,500,14/04/2026
Uttar Pradesh,Agra,Fatehabad APMC,Potato,Other,FAQ,500,500,500,14/04/2026
Uttar Pradesh,Amroha,Dhanaura APMC,Potato,Other,FAQ,400,400,400,14/04/2026
Uttar Pradesh,Barabanki,Barabanki APMC,Potato,Other,FAQ,500,500,500,14/04/2026
Uttar Pradesh,Bulandshahar,Buland Shahr APMC,Potato,Other,FAQ,400,400,400,14/04/2026
Uttar Pradesh,Sambhal,Chandausi APMC,Potato,Other,FAQ,450,500,484.43,14/04/2026
Uttar Pradesh,Kannuj,Chhibramau APMC,Potato,Other,FAQ,450,470,451.04,14/04/2026
Uttar Pradesh,Fatehpur,Fatehpur APMC,Potato,Other,FAQ,500,500,500,14/04/2026
Uttar Pradesh,Farukhabad,Kayamganj APMC,Potato,Other,FAQ,450,450,450,14/04/2026
Uttar Pradesh,Bijnor,Kiratpur APMC,Potato,Other,FAQ,800,800,800,14/04/2026
Uttar Pradesh,Jalaun (Orai),Konch APMC,Potato,Other,FAQ,500,500,500,14/04/2026
Uttar Pradesh,Lakhimpur,Paliakala APMC,Potato,Other,FAQ,500,600,534.78,14/04/2026
Uttar Pradesh,Raebarelli,Raibareilly APMC,Potato,Other,FAQ,700,700,700,14/04/2026
Uttar Pradesh,Sambhal,Sambhal APMC,Potato,Other,FAQ,400,400,400,14/04/2026
Uttar Pradesh,Bulandshahar,Siyana APMC,Potato,Potato,Medium,600,640,620,14/04/2026
Uttar Pradesh,Firozabad,Sirsaganj APMC,Potato,Other,FAQ,500,600,507.55,14/04/2026
Uttar Pradesh,Firozabad,Firozabad APMC,Potato,Other,FAQ,500,500,500,14/04/2026
Uttar Pradesh,Saharanpur,Saharanpur APMC,Potato,Other,FAQ,320,500,426.69,14/04/2026
Uttar Pradesh,Etawah,Jasvantnagar APMC,Potato,Other,FAQ,550,550,550,14/04/2026
Uttar Pradesh,Amroha,Hasanpur APMC,Potato,Other,FAQ,410,410,410,14/04/2026
Uttar Pradesh,Agra,Agra APMC,Potato,Other,FAQ,500,500,500,14/04/2026
Uttar Pradesh,Auraiya,Auraiya APMC,Potato,Other,FAQ,600,600,600,14/04/2026
Uttar Pradesh,Agra,Achnera APMC,Potato,Other,FAQ,500,500,500,14/04/2026
Uttar Pradesh,Aligarh,Charra APMC,Potato,Desi,FAQ,700,800,750,14/04/2026
Uttar Pradesh,Ghaziabad,Hapur APMC,Potato,Other,FAQ,610,610,610,14/04/2026
Uttar Pradesh,Jhansi,Jhansi APMC,Potato,Other,FAQ,1000,1000,1000,14/04/2026
Uttar Pradesh,Sitapur,Mehmoodabad APMC,Potato,Other,FAQ,500,500,500,14/04/2026
Uttar Pradesh,Mathura,Mathura APMC,Potato,Other,FAQ,600,600,600,14/04/2026
Uttar Pradesh,Barabanki,Safdarganj APMC,Potato,Other,FAQ,500,500,500,14/04/2026
Uttar Pradesh,Bulandshahar,Sikarpur APMC,Potato,Other,FAQ,400,450,407.89,14/04/2026
Uttar Pradesh,Unnao,Unnao APMC,Potato,Other,FAQ,945.87,945.87,945.87,14/04/2026
Uttar Pradesh,Varanasi,Varanasi APMC,Potato,Other,FAQ,1216.58,1216.58,1216.58,14/04/2026
Uttar Pradesh,Badaun,Bisoli APMC,Potato,Desi,Medium,500,500,500,14/04/2026
Uttar Pradesh,Bijnor,Najibabad APMC,Potato,Other,FAQ,500,500,500,14/04/2026
Uttar Pradesh,Etah,Aliganj APMC,Potato,Other,FAQ,500,500,500,14/04/2026
Uttar Pradesh,Aligarh,Aligarh APMC,Potato,Other,FAQ,600,650,621.43,14/04/2026
Uttar Pradesh,Etawah,Bharthna APMC,Potato,Other,FAQ,500,500,500,14/04/2026
Uttar Pradesh,Farukhabad,Farukhabad APMC,Potato,Other,FAQ,450,451,450.09,14/04/2026
Uttar Pradesh,Baghpat,Khekda APMC,Potato,Other,FAQ,600,600,600,14/04/2026
Uttar Pradesh,Rampur,Rampur APMC,Potato,Other,FAQ,586.94,586.94,586.94,14/04/2026
Uttar Pradesh,Hathras,Shadabad APMC,Potato,Other,FAQ,500,500,500,14/04/2026
Uttar Pradesh,Badaun,Shahaswan APMC,Potato,Potato,Medium,800,800,800,14/04/2026
Uttar Pradesh,Shamli,Shamli APMC,Potato,Other,FAQ,500,700,612.39,14/04/2026
Uttar Pradesh,Kanpur,Uttaripura APMC,Potato,Other,FAQ,450,450,450,14/04/2026
Uttar Pradesh,Kanpur,Kanpur(Grain) APMC,Potato,Other,FAQ,600,600,600,14/04/2026
Uttar Pradesh,Mainpuri,Mainpuri APMC,Potato,Other,FAQ,500,500,500,14/04/2026
Uttar Pradesh,Sitapur,Sitapur APMC,Potato,Other,FAQ,500,500,500,14/04/2026
Uttar Pradesh,Baghpat,Baraut APMC,Potato,Other,FAQ,600,600,600,14/04/2026
Uttar Pradesh,Shahjahanpur,Powayan APMC,Potato,Other,FAQ,700,700,700,14/04/2026
Uttar Pradesh,Bulandshahar,Gulavati APMC,Potato,Desi,FAQ,500,700,600,14/04/2026
Uttar Pradesh,Amroha,Hasanpur APMC,Potato,Desi,FAQ,400,420,410,14/04/2026
Uttar Pradesh,Agra,Samsabad APMC,Potato,Other,FAQ,400,500,420.75,14/04/2026
Rajasthan,Hanumangarh,Rawatsar APMC,Potato,Red Nanital,FAQ,600,600,600,14/04/2026
Rajasthan,Rajsamand,Rajsamand APMC,Potato,Potato,FAQ,500,900,700,14/04/2026
Rajasthan,Jodhpur,Jodhpur (F&V) APMC,Potato,Other,Medium,300,700,500,14/04/2026
Rajasthan,Baran,Baran APMC,Potato,Other,Local,500,700,600,14/04/2026
Rajasthan,Ganganagar,Sriganganagar (F&V) APMC,Potato,Potato,Medium,600,1000,800,14/04/2026
Rajasthan,Hanumangarh,HanumangarhTown APMC,Potato,Red Nanital,Non-FAQ,400,400,400,14/04/2026
Gujarat,Navsari,Bilimora APMC,Potato,Other,FAQ,1200,1600,1400,14/04/2026
Gujarat,Rajkot,Rajkot(Veg.Sub Yard) APMC,Potato,Potato,FAQ,470,1265,870,14/04/2026
Gujarat,Anand,"Anand(Veg,Yard,Anand) APMC",Potato,Potato,Grade B,500,700,600,14/04/2026
Gujarat,Rajkot,Gondal(Veg.market Gondal) APMC,Potato,Potato,Local,700,1250,975,14/04/2026
Gujarat,Porbandar,Porbandar APMC,Potato,Red Nanital,Non-FAQ,750,1250,1000,14/04/2026
Gujarat,Rajkot,Gondal(Veg.market Gondal) APMC,Sweet Potato,Sweet Potato,Local,1000,2000,1500,14/04/2026
Haryana,Jhajar,Jhajjar APMC,Potato,Other,Medium,600,600,600,14/04/2026
Haryana,Sonipat,Sonepat APMC,Potato,Desi,FAQ,700,900,900,14/04/2026
Haryana,Yamuna Nagar,Jagadhri APMC,Potato,Potato,FAQ,500,705,650,14/04/2026
Haryana,Hissar,Barwala(Hisar) APMC,Potato,Potato,Local,700,800,750,14/04/2026
Haryana,Hissar,Uklana APMC,Potato,Potato,Medium,700,700,700,14/04/2026
Haryana,Gurgaon,Gurgaon APMC,Potato,Other,Grade B,500,700,600,14/04/2026
Haryana,Jind,Narwana APMC,Potato,Potato,Non-FAQ,500,500,500,14/04/2026
Haryana,Kurukshetra,Ladwa APMC,Potato,Local,Medium,800,1000,1000,14/04/2026
Haryana,Kurukshetra,Pehowa APMC,Potato,Other,Medium,350,416,400,14/04/2026
Haryana,Palwal,Hodal APMC,Potato,Potato,FAQ,500,700,600,14/04/2026
Haryana,Fatehabad,Fatehabad APMC,Potato,Potato,Local,500,600,600,14/04/2026
Haryana,Rewari,Rewari APMC,Potato,Other,Medium,700,1000,900,14/04/2026
Haryana,Jind,Jind APMC,Potato,Other,FAQ,450,750,550,14/04/2026
Haryana,Yamuna Nagar,Sadhaura APMC,Potato,Potato,Local,400,600,550,14/04/2026
Haryana,Kaithal,Dhand APMC,Potato,Other,Medium,800,1300,1100,14/04/2026
Haryana,Sonipat,Ganaur APMC,Potato,Potato,FAQ,600,1000,800,14/04/2026
Haryana,Sirsa,Rania(Jiwan nagar) APMC,Potato,Other,FAQ,30,55,40,14/04/2026
Haryana,Gurgaon,Sohna APMC,Potato,Potato,Local,800,1000,1000,14/04/2026
Haryana,Karnal,Gharaunda APMC,Potato,Other,Local,500,800,800,14/04/2026
Haryana,Ambala,Ambala City(Subji Mandi) APMC,Potato,Other,Local,250,250,250,14/04/2026
Haryana,Ambala,Naraingarh APMC,Potato,Potato,Medium,400,600,550,14/04/2026
Haryana,Mahendragarh-Narnaul,Mohindergarh APMC,Potato,Potato,FAQ,600,700,600,14/04/2026
Haryana,Yamuna Nagar,Mustafabad APMC,Potato,Potato,FAQ,500,600,600,14/04/2026
Haryana,Panipat,Samalkha APMC,Potato,Other,FAQ,600,600,600,14/04/2026
Haryana,Kurukshetra,Thanesar APMC,Potato,Potato,Local,500,800,650,14/04/2026
Haryana,Sonipat,Gohana APMC,Potato,Other,Medium,500,1200,1000,14/04/2026
Haryana,Panipat,Panipat APMC,Potato,Potato,Local,400,800,600,14/04/2026
Haryana,Ambala,Shahzadpur APMC,Potato,Potato,FAQ,250,1000,400,14/04/2026
Haryana,Fatehabad,Ratia APMC,Potato,Other,Grade A,300,300,300,14/04/2026
Haryana,Mahendragarh-Narnaul,Narnaul APMC,Potato,Potato,Medium,700,800,750,14/04/2026
Haryana,Panchkula,Barwala APMC,Potato,Local,FAQ,400,600,500,14/04/2026
Haryana,Sirsa,Sirsa APMC,Potato,Other,FAQ,200,600,400,14/04/2026
Haryana,Hissar,Hansi APMC,Potato,Other,Grade Range-1,300,2500,700,14/04/2026
Punjab,Ludhiana,Khanna APMC,Potato,Local,Grade A,400,400,400,14/04/2026
Punjab,Ropar (Rupnagar),Chamkaur Sahib APMC,Potato,Other,Medium,400,400,400,14/04/2026
Punjab,Sangrur,Ahmedgarh APMC,Potato,Local,Local,500,600,600,14/04/2026
Punjab,Hoshiarpur,Garh Shankar(Mahalpur) APMC,Potato,Potato,FAQ,600,600,600,14/04/2026
Punjab,Patiala,Nabha APMC,Potato,Other,Grade C,280,500,370,14/04/2026
Punjab,Ludhiana,Ludhiana APMC,Potato,Other,FAQ,100,400,200,14/04/2026
Punjab,Gurdaspur,Dinanagar APMC,Potato,Potato,Medium,500,600,550,14/04/2026
Punjab,Patiala,Rajpura APMC,Potato,Local,Grade A,500,650,600,14/04/2026
Punjab,Mohali,Kurali APMC,Potato,Other,Medium,600,700,650,14/04/2026
Punjab,Mohali,Dera Bassi APMC,Potato,Potato,Local,1000,1000,1000,14/04/2026
Punjab,Fazilka,Jalalabad APMC,Potato,Potato,Medium,500,700,600,14/04/2026
Punjab,Nawanshahr,Nawan Shahar(Subzi Mandi) APMC,Potato,Potato,FAQ,400,500,450,14/04/2026
Punjab,Bhatinda,Rampuraphul(Nabha Mandi) APMC,Potato,Other,Grade A,400,600,500,14/04/2026
Punjab,Gurdaspur,Quadian APMC,Potato,Other,Grade A,300,500,400,14/04/2026
Punjab,Fatehgarh,Bassi Pathana APMC,Potato,Potato,Medium,400,600,500,14/04/2026
Punjab,Fazilka,Fazilka APMC,Potato,Potato,FAQ,700,700,700,14/04/2026
Punjab,Hoshiarpur,GarhShankar (Kotfatuhi) APMC,Potato,Other,FAQ,450,450,450,14/04/2026
Punjab,Mohali,Kharar APMC,Potato,Potato,Non-FAQ,400,600,500,14/04/2026
Punjab,Bhatinda,Raman APMC,Potato,Other,Local,505,615,565,14/04/2026
Punjab,Hoshiarpur,Tanda Urmur APMC,Potato,Local,Grade B,1000,1200,1100,14/04/2026
Punjab,Gurdaspur,Batala APMC,Potato,Desi,Grade C,500,500,500,14/04/2026
Punjab,Patiala,Patiala APMC,Potato,Potato,Grade B,100,300,200,14/04/2026
Punjab,Mansa,Mansa APMC,Potato,Other,FAQ,560,560,560,14/04/2026
Punjab,Hoshiarpur,Garh Shankar APMC,Potato,Potato,FAQ,450,450,450,14/04/2026
Punjab,Ludhiana,Sahnewal APMC,Potato,Potato,FAQ,500,520,520,14/04/2026
Punjab,Jalandhar,Bhogpur APMC,Potato,Local,Local,500,500,500,14/04/2026
Punjab,Tarntaran,Tarantaran APMC,Potato,Other,Local,330,330,330,14/04/2026
West Bengal,Medinipur(W),Ghatal APMC,Potato,Jyoti,Local,730,750,740,14/04/2026
West Bengal,Darjeeling,Karsiyang(Matigara) APMC,Potato,Red,FAQ,1400,1600,1500,14/04/2026
West Bengal,Uttar Dinajpur,Kaliaganj APMC,Potato,Other,FAQ,500,580,525,14/04/2026
West Bengal,Jhargram,Jhargram APMC,Potato,Jyoti,FAQ,550,620,600,14/04/2026
West Bengal,Coochbehar,Haldibari APMC,Potato,Jyoti,FAQ,780,820,800,14/04/2026
West Bengal,Bankura,Khatra APMC,Potato,Other,Non-FAQ,320,380,340,14/04/2026
West Bengal,Nadia,Bethuadahari APMC,Potato,Desi,Grade A,690,710,700,14/04/2026
West Bengal,Coochbehar,Mekhliganj APMC,Potato,Jyoti,FAQ,780,820,810,14/04/2026
West Bengal,Nadia,Karimpur APMC,Potato,Jyoti,Grade A,670,690,680,14/04/2026
West Bengal,Bankura,Bishnupur(Bankura) APMC,Potato,Other,Non-FAQ,320,370,350,14/04/2026
West Bengal,Bankura,Khatra APMC,Potato,Jyoti,Non-FAQ,340,420,380,14/04/2026
West Bengal,Uttar Dinajpur,Raiganj APMC,Potato,Other,FAQ,600,630,620,14/04/2026
West Bengal,Coochbehar,Toofanganj APMC,Potato,Jyoti,FAQ,780,820,800,14/04/2026
West Bengal,Darjeeling,Siliguri APMC,Potato,Jyoti,FAQ,730,760,750,14/04/2026
West Bengal,Puruliya,Balarampur APMC,Potato,Other,Local,700,1000,800,14/04/2026
West Bengal,Birbhum,Rampurhat APMC,Potato,Other,FAQ,470,490,480,14/04/2026
West Bengal,Coochbehar,Dinhata APMC,Potato,Jyoti,FAQ,780,820,800,14/04/2026
West Bengal,Medinipur(E),Kolaghat APMC,Potato,Jyoti,FAQ,600,680,650,14/04/2026
West Bengal,North 24 Parganas,Habra APMC,Potato,Jyoti,FAQ,800,800,800,14/04/2026
West Bengal,North 24 Parganas,Barasat APMC,Potato,Jyoti,FAQ,1000,1000,1000,14/04/2026
West Bengal,Purba Bardhaman,Katwa APMC,Potato,Jyoti,FAQ,680,710,690,14/04/2026
West Bengal,Bankura,Bishnupur(Bankura) APMC,Potato,Jyoti,Non-FAQ,340,420,380,14/04/2026
West Bengal,Darjeeling,Darjeeling APMC,Potato,Red,FAQ,1400,1600,1500,14/04/2026
West Bengal,Medinipur(E),Tamluk (Medinipur E) APMC,Potato,Jyoti,FAQ,600,680,630,14/04/2026
West Bengal,Uttar Dinajpur,Islampur APMC,Potato,Other,FAQ,600,630,620,14/04/2026
West Bengal,Coochbehar,Mathabhanga APMC,Potato,Jyoti,FAQ,790,820,810,14/04/2026
West Bengal,Hooghly,Kalipur APMC,Potato,Jyoti,FAQ,640,660,660,14/04/2026
West Bengal,Coochbehar,Baxirhat APMC,Potato,Jyoti,FAQ,780,820,810,14/04/2026
Odisha,Dhenkanal,Hindol APMC,Potato,Potato,Grade B,1000,1200,1100,14/04/2026
Odisha,Sundergarh,Sargipali APMC,Potato,Other,FAQ,700,1000,800,14/04/2026
Odisha,Boudh,Boudh APMC,Potato,Other,Local,1500,2000,1800,14/04/2026
Telangana,Hyderabad,Bowenpally APMC,Potato,Local,FAQ,400,600,550,14/04/2026
Telangana,Hyderabad,Gudimalkapur APMC,Potato,Potato,Grade B,900,1300,1000,14/04/2026
Telangana,Ranga Reddy,"Kukatpally,RBZ APMC",Potato,Other,Medium,800,1500,1150,14/04/2026
Telangana,Hyderabad,Bowenpally APMC,Potato,Potato,FAQ,700,1400,1200,14/04/2026
Telangana,Medak,Vantamamidi APMC,Potato,Potato,Local,1000,1000,1000,14/04/2026
Telangana,Hyderabad,Gudimalkapur APMC,Sweet Potato,Sweet Potato,Grade B,600,1200,800,14/04/2026
Telangana,Hyderabad,Bowenpally APMC,Sweet Potato,Sweet Potato,FAQ,600,1500,1200,14/04/2026
Telangana,Ranga Reddy,"Kukatpally,RBZ APMC",Sweet Potato,Hosur Green,Medium,2000,2000,2000,14/04/2026
Kerala,Malappuram,Parappanangadi APMC,Potato,Other,FAQ,2000,2200,2100,14/04/2026
Kerala,Kottayam,Kottayam APMC,Potato,Potato,FAQ,2700,3100,2900,14/04/2026
Kerala,Ernakulam,Perumbavoor APMC,Potato,Potato,Medium,2000,3000,2500,14/04/2026
Kerala,Palakad,Palakkad APMC,Potato,Potato,FAQ,2600,3500,3100,14/04/2026
Kerala,Malappuram,Kottakkal APMC,Potato,Other,Local,2200,2200,2200,14/04/2026
Kerala,Kannur,Thalasserry APMC,Potato,Other,FAQ,2000,2700,2300,14/04/2026
Kerala,Kasargod,Kanjangadu APMC,Potato,Other,FAQ,2800,3400,3000,14/04/2026
Kerala,Kottayam,Athirampuzha APMC,Potato,Potato,FAQ,2600,2800,2700,14/04/2026
Kerala,Kollam,Anchal APMC,Potato,Potato,Local,3700,3700,3700,14/04/2026
Kerala,Palakad,Pattambi APMC,Potato,Potato,FAQ,2400,2600,2500,14/04/2026
Kerala,Kottayam,Pala APMC,Potato,Other,FAQ,2700,3200,3000,14/04/2026
Kerala,Kozhikode(Calicut),Mukkom APMC,Potato,Potato,FAQ,2300,2600,2500,14/04/2026
Kerala,Palakad,Palakkad APMC,Sweet Potato,Sweet Potato,FAQ,2300,3000,2700,14/04/2026
Kerala,Malappuram,Parappanangadi APMC,Sweet Potato,Hosur Green,FAQ,1500,1700,1600,14/04/2026
Kerala,Palakad,Pattambi APMC,Sweet Potato,Sweet Potato,FAQ,2500,3000,2800,14/04/2026
Uttarakhand,Nanital,Haldwani APMC,Potato,Other,FAQ,500,700,600,14/04/2026
Uttarakhand,Haridwar,Roorkee APMC,Potato,Other,Medium,800,1200,1000,14/04/2026
Himachal Pradesh,Chamba,PMY Chamba,Potato,Potato,Medium,1000,1200,1100,14/04/2026
Himachal Pradesh,Kangra,SMY Palampur,Potato,Potato,FAQ,700,1000,800,14/04/2026
Himachal Pradesh,Kangra,SMY Jaisinghpur,Potato,Potato,FAQ,800,1100,1000,14/04/2026
Himachal Pradesh,Mandi,SMY Takoli,Potato,Other,Medium,400,800,600,14/04/2026
Himachal Pradesh,Mandi,SMY Jogindernagar,Potato,Desi,Grade B,700,800,750,14/04/2026
Assam,Kamrup,P.O. Uparhali Guwahati APMC,Potato,Potato,FAQ,900,1000,1000,14/04/2026
Assam,Kamrup,Pamohi(Garchuk) APMC,Potato,Potato,FAQ,1000,1500,1200,14/04/2026
Assam,Kamrup,Pamohi(Garchuk) APMC,Potato,Other,FAQ,1300,2000,1600,14/04/2026
Tamil Nadu,Coimbatore,Sulur(Uzhavar Sandhai ),Garlic,Garlic,Local,14000,16000,15000,14/04/2026
Tamil Nadu,Thanjavur,Kumbakonam (Uzhavar Sandhai ),Garlic,Garlic,Local,15000,18000,16500,14/04/2026
Tamil Nadu,Krishnagiri,Avallapalli(Uzhavar Sandhai ),Garlic,Garlic,Local,15000,16000,15500,14/04/2026
Tamil Nadu,Theni,Theni(Uzhavar Sandhai ),Garlic,Garlic,Local,10000,20000,15000,14/04/2026
Tamil Nadu,Thiruvannamalai,Keelpennathur(Uzhavar Sandhai ),Garlic,Garlic,Local,11000,12000,11500,14/04/2026
Tamil Nadu,Thiruchirappalli,Thiruverumbur(Uzhavar Sandhai ),Garlic,Garlic,Local,16000,16000,16000,14/04/2026
Tamil Nadu,Vellore,Kahithapattarai(Uzhavar Sandhai ),Garlic,Garlic,Local,14500,14500,14500,14/04/2026
Tamil Nadu,Nagercoil (Kannyiakumari),Myladi(Uzhavar Sandhai ),Garlic,Garlic,Local,11000,12000,11500,14/04/2026
Tamil Nadu,Chengalpattu,Pallavaram(Uzhavar Sandhai ),Garlic,Garlic,Local,16000,24000,20000,14/04/2026
Tamil Nadu,Chengalpattu,Guduvancheri(Uzhavar Sandhai ),Garlic,Garlic,Local,16000,24000,20000,14/04/2026
Tamil Nadu,Kallakuruchi,Kallakurichi(Uzhavar Sandhai ),Garlic,Garlic,Local,16000,16000,16000,14/04/2026
Tamil Nadu,Nagercoil (Kannyiakumari),Vadaseri APMC,Garlic,Garlic,Local,13000,14000,13500,14/04/2026
Tamil Nadu,Salem,Vazhapadi(Uzhavar Sandhai),Garlic,Garlic,Local,18000,18000,18000,14/04/2026
Tamil Nadu,Vellore,Katpadi (Uzhavar Sandhai ),Garlic,Garlic,Local,15000,15000,15000,14/04/2026
Tamil Nadu,Dharmapuri,AJattihalli(Uzhavar Sandhai ),Garlic,Garlic,Local,13000,16000,14500,14/04/2026
Tamil Nadu,Dindigul,Dindigul(Uzhavar Sandhai ),Garlic,Garlic,Local,28000,32000,30000,14/04/2026
Tamil Nadu,Krishnagiri,Hosur(Uzhavar Sandhai ),Garlic,Garlic,Local,14000,16000,15000,14/04/2026
Tamil Nadu,Krishnagiri,Denkanikottai(Uzhavar Sandhai ),Garlic,Garlic,Local,13000,16000,14500,14/04/2026
Tamil Nadu,Madurai,Palanganatham(Uzhavar Sandhai ),Garlic,Garlic,Local,18000,24000,21000,14/04/2026
Tamil Nadu,Salem,Sooramangalam(Uzhavar Sandhai ),Garlic,Garlic,Local,15000,16000,15500,14/04/2026
Tamil Nadu,Salem,Thathakapatti(Uzhavar Sandhai ),Garlic,Garlic,Local,18000,20000,19000,14/04/2026
Tamil Nadu,Salem,Elampillai(Uzhavar Sandhai ),Garlic,Garlic,Local,17000,18000,17500,14/04/2026
Tamil Nadu,Thirunelveli,Melapalayam(Uzhavar Sandhai ),Garlic,Garlic,Local,14000,16000,15000,14/04/2026
Tamil Nadu,Thiruvannamalai,Tiruvannamalai(Uzhavar Sandhai ),Garlic,Garlic,Local,16000,18000,17000,14/04/2026
Tamil Nadu,Thiruvannamalai,Polur(Uzhavar Sandhai ),Garlic,Garlic,Local,14000,15000,14500,14/04/2026
Tamil Nadu,Cuddalore,Vadalur(Uzhavar Sandhai ),Garlic,Garlic,Local,13000,16000,14500,14/04/2026
Tamil Nadu,Dharmapuri,Dharmapuri(Uzhavar Sandhai ),Garlic,Garlic,Local,15500,16000,15750,14/04/2026
Tamil Nadu,Thanjavur,Pattukottai(Uzhavar Sandhai ),Garlic,Garlic,Local,12000,12000,12000,14/04/2026
Tamil Nadu,Thiruvellore,Tiruthani(Uzhavar Sandhai ),Garlic,Garlic,Local,12000,12000,12000,14/04/2026
Tamil Nadu,Thiruvarur,Mannargudi I(Uzhavar Sandhai ),Garlic,Garlic,Local,16000,20000,18000,14/04/2026
Tamil Nadu,Thiruvarur,Mannargudi II(Uzhavar Sandhai ),Garlic,Garlic,Local,16000,20000,18000,14/04/2026
Tamil Nadu,Thiruchirappalli,Manachanallur(Uzhavar Sandhai ),Garlic,Garlic,Local,14000,15000,14500,14/04/2026
Tamil Nadu,Chengalpattu,Nanganallur(Uzhavar Sandhai ),Garlic,Garlic,Local,11000,12000,11500,14/04/2026
Tamil Nadu,Thirupathur,Natrampalli(Uzhavar Sandhai ),Garlic,Garlic,Local,18000,20000,19000,14/04/2026
Tamil Nadu,Coimbatore,Sundarapuram(Uzhavar Sandhai ),Garlic,Garlic,Local,14000,15000,14500,14/04/2026
Tamil Nadu,Coimbatore,Pollachi(Uzhavar Sandhai ),Garlic,Garlic,Local,13000,16000,14500,14/04/2026
Tamil Nadu,Ranipet,Arcot(Uzhavar Sandhai ),Garlic,Garlic,Local,14000,14000,14000,14/04/2026
Tamil Nadu,Vellore,Thirupathur APMC,Garlic,Garlic,Local,17500,17500,17500,14/04/2026
Tamil Nadu,The Nilgiris,Gudalur(Uzhavar Sandhai ),Garlic,Garlic,Local,15000,16000,15500,14/04/2026
Tamil Nadu,Vellore,Pallikonda(Uzhavar Sandhai),Garlic,Garlic,Local,14500,14500,14500,14/04/2026
Tamil Nadu,Dharmapuri,Pennagaram(Uzhavar Sandhai ),Garlic,Garlic,Local,16500,17000,16750,14/04/2026
Tamil Nadu,Dindigul,Palani(Uzhavar Sandhai ),Garlic,Garlic,Local,30000,30000,30000,14/04/2026
Tamil Nadu,Madurai,Anna nagar(Uzhavar Sandhai ),Garlic,Garlic,Local,14000,14000,14000,14/04/2026
Tamil Nadu,Namakkal,Namakkal(Uzhavar Sandhai ),Garlic,Garlic,Local,16000,18000,17000,14/04/2026
Tamil Nadu,Salem,Hasthampatti(Uzhavar Sandhai ),Garlic,Garlic,Local,15000,16000,15500,14/04/2026
Tamil Nadu,Thirunelveli,Palayamkottai(Uzhavar Sandhai ),Garlic,Garlic,Local,16000,20000,18000,14/04/2026
Tamil Nadu,Thiruvannamalai,Chengam(Uzhavar Sandhai ),Garlic,Garlic,Local,12000,14000,13000,14/04/2026
Tamil Nadu,Chengalpattu,Medavakkam(Uzhavar Sandhai ),Garlic,Garlic,Local,10000,15000,12500,14/04/2026
Tamil Nadu,Chengalpattu,Madhuranthagam(Uzhavar Sandhai ),Garlic,Garlic,Local,12000,12000,12000,14/04/2026
Tamil Nadu,Thirupur,Tiruppur (South) (Uzhavar Sandhai ),Garlic,Garlic,Local,12000,14000,13000,14/04/2026
Tamil Nadu,Namakkal,Tiruchengode APMC,Garlic,Garlic,Local,12500,14000,13250,14/04/2026
Tamil Nadu,Coimbatore,Singanallur(Uzhavar Sandhai ),Garlic,Garlic,Local,14000,16000,15000,14/04/2026
Tamil Nadu,Pudukkottai,Pudukottai(Uzhavar Sandhai ),Garlic,Garlic,Local,22000,24000,23000,14/04/2026
Tamil Nadu,Vellore,Vellore APMC,Garlic,Garlic,Local,13000,14500,13750,14/04/2026
Tamil Nadu,Dharmapuri,Harur(Uzhavar Sandhai ),Garlic,Garlic,Local,15000,16000,15500,14/04/2026
Tamil Nadu,Theni,Andipatti(Uzhavar Sandhai ),Garlic,Garlic,Local,24000,24000,24000,14/04/2026
Tamil Nadu,Dharmapuri,Karimangalam(Uzhavar Sandhai),Garlic,Garlic,Local,13000,14000,13500,14/04/2026
Tamil Nadu,Vellore,Perampet(Uzhavar Sandhai),Garlic,Garlic,Local,15000,15000,15000,14/04/2026
Tamil Nadu,Dharmapuri,Palacode(Uzhavar Sandhai ),Garlic,Garlic,Local,14000,14500,14250,14/04/2026
Tamil Nadu,Krishnagiri,Krishnagiri(Uzhavar Sandhai ),Garlic,Garlic,Local,14000,16000,15000,14/04/2026
Tamil Nadu,Madurai,Chokkikulam(Uzhavar Sandhai ),Garlic,Garlic,Local,18000,22000,20000,14/04/2026
Tamil Nadu,Madurai,Anaiyur(Uzhavar Sandhai ),Garlic,Garlic,Local,18000,22000,20000,14/04/2026
Tamil Nadu,Nagapattinam,Nagapattinam(Uzhavar Sandhai ),Garlic,Garlic,Local,12000,16000,14000,14/04/2026
Tamil Nadu,The Nilgiris,Udhagamandalam(Uzhavar Sandhai ),Garlic,Garlic,Local,10000,15000,12500,14/04/2026
Tamil Nadu,Perambalur,Perambalur(Uzhavar Sandhai ),Garlic,Garlic,Local,13000,15000,14000,14/04/2026
Tamil Nadu,Salem,Mettur(Uzhavar Sandhai ),Garlic,Garlic,Local,16000,18000,17000,14/04/2026
Tamil Nadu,Thanjavur,Thanjavur(Uzhavar Sandhai ),Garlic,Garlic,Local,15000,15000,15000,14/04/2026
Tamil Nadu,Theni,Chinnamanur(Uzhavar Sandhai ),Garlic,Garlic,Local,8000,20000,14000,14/04/2026
Tamil Nadu,Thiruvannamalai,Arani(Uzhavar Sandhai ),Garlic,Garlic,Local,17000,20000,18500,14/04/2026
Tamil Nadu,Thiruchirappalli,KKNagar(Uzhavar Sandhai ),Garlic,Garlic,Local,20000,20000,20000,14/04/2026
Tamil Nadu,Thiruchirappalli,Manapparai(Uzhavar Sandhai ),Garlic,Garlic,Local,15000,18000,16500,14/04/2026
Tamil Nadu,Vellore,Gudiyatham(Uzhavar Sandhai ),Garlic,Garlic,Local,15000,15000,15000,14/04/2026
Tamil Nadu,Virudhunagar,Aruppukottai(Uzhavar Sandhai ),Garlic,Garlic,Local,12000,14000,13000,14/04/2026
Tamil Nadu,Chengalpattu,Chengalpet(Uzhavar Sandhai ),Garlic,Garlic,Local,12000,13000,12500,14/04/2026
Tamil Nadu,Thirupathur,Vaniyampadi(Uzhavar Sandhai ),Garlic,Garlic,Local,18000,18000,18000,14/04/2026
Tamil Nadu,Thirupur,Tiruppur (North) (Uzhavar Sandhai ),Garlic,Garlic,Local,14000,15000,14500,14/04/2026
Tamil Nadu,Coimbatore,Vadavalli(Uzhavar Sandhai ),Garlic,Garlic,Local,11000,14200,12600,14/04/2026
Tamil Nadu,Coimbatore,RSPuram(Uzhavar Sandhai ),Garlic,Garlic,Local,11000,14200,12600,14/04/2026
Tamil Nadu,Coimbatore,Mettupalayam(Uzhavar Sandhai ),Garlic,Garlic,Local,13000,16000,14500,14/04/2026
Tamil Nadu,Ranipet,Ranipettai(Uzhavar Sandhai ),Garlic,Garlic,Local,14000,14000,14000,14/04/2026
Tamil Nadu,Tenkasi,Tenkasi(Uzhavar Sandhai ),Garlic,Garlic,Local,14000,14000,14000,14/04/2026
Tamil Nadu,Tuticorin,Tuticorin(Uzhavar Sandhai ),Garlic,Garlic,Local,21000,22000,21500,14/04/2026
Tamil Nadu,Salem,Athur(Uzhavar Sandhai ),Garlic,Garlic,Local,17000,18000,17500,14/04/2026
Tamil Nadu,The Nilgiris,Coonoor(Uzhavar Sandhai ),Garlic,Garlic,Local,15000,16000,15500,14/04/2026
Maharashtra,Nagpur,Hingna APMC,Garlic,Other,Local,12000,14000,13000,14/04/2026
Maharashtra,Pune,Pune(Moshi) APMC,Garlic,Other,Local,9000,10000,9500,14/04/2026
Maharashtra,Ahmednagar,Rahata APMC,Garlic,Other,Local,5000,6000,5500,14/04/2026
Maharashtra,Chattrapati Sambhajinagar,Chattrapati Sambhajinagar APMC,Garlic,Other,Local,3000,9000,6000,14/04/2026
Maharashtra,Nagpur,Ramtek APMC,Garlic,Other,Local,6000,7000,6500,14/04/2026
Maharashtra,Pune,Pune APMC,Garlic,Other,Local,3000,21000,12000,14/04/2026
Uttar Pradesh,Bulandshahar,Siyana APMC,Garlic,Average,FAQ,5900,5940,5920,14/04/2026
Uttar Pradesh,Kasganj,Ganj Dundwara APMC,Garlic,Other,FAQ,7000,7000,7000,14/04/2026
Uttar Pradesh,Mathura,Mathura APMC,Garlic,Other,FAQ,9200,9200,9200,14/04/2026
Uttar Pradesh,Rampur,Rampur APMC,Garlic,Other,FAQ,4000,4000,4000,14/04/2026
Uttar Pradesh,Etawah,Etawah APMC,Garlic,Other,FAQ,7000,7000,7000,14/04/2026
Uttar Pradesh,Bulandshahar,Gulavati APMC,Garlic,Desi,FAQ,6000,6200,6100,14/04/2026
Uttar Pradesh,Gorakhpur,Gorakhpur APMC,Garlic,Other,FAQ,5000,5000,5000,14/04/2026
Uttar Pradesh,Ghazipur,Jangipura APMC,Garlic,Other,FAQ,6000,6000,6000,14/04/2026
Uttar Pradesh,Sitapur,Mehmoodabad APMC,Garlic,Other,FAQ,4000,4000,4000,14/04/2026
Uttar Pradesh,Barabanki,Safdarganj APMC,Garlic,Other,FAQ,4200,4200,4200,14/04/2026
Uttar Pradesh,Jaunpur,Jaunpur APMC,Garlic,Other,FAQ,5500,5500,5500,14/04/2026
Uttar Pradesh,Kasganj,Kasganj APMC,Garlic,Other,FAQ,7000,7000,7000,14/04/2026
Uttar Pradesh,Sonbhadra,Robertsganj APMC,Garlic,Other,FAQ,10034,10034,10034,14/04/2026
Uttar Pradesh,Kanpur,Kanpur(Grain) APMC,Garlic,Other,FAQ,5000,5000,5000,14/04/2026
Uttar Pradesh,Varanasi,Varanasi APMC,Garlic,Other,FAQ,3500,3508,3500.69,14/04/2026
Uttar Pradesh,Saharanpur,Saharanpur APMC,Garlic,Other,FAQ,4000,4000,4000,14/04/2026
Uttar Pradesh,Jhansi,Jhansi APMC,Garlic,Other,FAQ,6000,6000,6000,14/04/2026
Uttar Pradesh,Hardoi,Hardoi APMC,Garlic,Other,FAQ,5000,5000,5000,14/04/2026
Rajasthan,Ganganagar,Sriganganagar (F&V) APMC,Garlic,Garlic,Grade Range-1,7300,7700,7500,14/04/2026
Rajasthan,Baran,Baran APMC,Garlic,Other,Local,2500,14910,9000,14/04/2026
Rajasthan,Jodhpur,Jodhpur (F&V) APMC,Garlic,Garlic,Local,3000,9000,6000,14/04/2026
Gujarat,Rajkot,Rajkot APMC,Garlic,Garlic,FAQ,3900,8150,6100,14/04/2026
Gujarat,Junagarh,Visavadar APMC,Garlic,Other,FAQ,1950,6480,4215,14/04/2026
Gujarat,Porbandar,Porbandar APMC,Garlic,Average,FAQ,8000,14000,11000,14/04/2026
Gujarat,Jamnagar,Jamnagar APMC,Garlic,Other,Local,4125,7750,6175,14/04/2026
Haryana,Sonipat,Ganaur APMC,Garlic,Average,Local,7000,8000,7500,14/04/2026
Haryana,Kurukshetra,Thanesar APMC,Garlic,Other,Local,4000,8000,6000,14/04/2026
Haryana,Kurukshetra,Shahabad APMC,Garlic,Garlic,Local,2500,7300,4500,14/04/2026
Haryana,Yamuna Nagar,Jagadhri APMC,Garlic,Other,FAQ,5000,5200,5200,14/04/2026
Haryana,Hissar,Barwala(Hisar) APMC,Garlic,Garlic,Local,6000,7000,6500,14/04/2026
Haryana,Mahendragarh-Narnaul,Narnaul APMC,Garlic,Garlic,FAQ,12000,13000,13000,14/04/2026
Punjab,Kapurthala,Sultanpur APMC,Garlic,Other,Local,5000,5000,5000,14/04/2026
Punjab,Ludhiana,Ludhiana APMC,Garlic,Other,FAQ,3000,6000,4000,14/04/2026
Punjab,Gurdaspur,Quadian APMC,Garlic,Other,FAQ,7500,8000,7800,14/04/2026
Punjab,Ludhiana,Khanna APMC,Garlic,Other,Grade Range-1,4000,4000,4000,14/04/2026
Punjab,Hoshiarpur,Tanda Urmur APMC,Garlic,Garlic,Grade Range-2,10000,12000,11000,14/04/2026
Punjab,Patiala,Patiala APMC,Garlic,Garlic,Grade Range-1,4500,6800,5000,14/04/2026
Punjab,Ropar (Rupnagar),Chamkaur Sahib APMC,Garlic,Other,Local,7000,7000,7000,14/04/2026
Punjab,Nawanshahr,Nawan Shahar(Subzi Mandi) APMC,Garlic,Garlic,FAQ,7000,7500,7300,14/04/2026
Punjab,Hoshiarpur,Garh Shankar(Mahalpur) APMC,Garlic,Other,FAQ,4800,4800,4800,14/04/2026
Punjab,Mansa,Mansa APMC,Garlic,Garlic,FAQ,14000,14000,14000,14/04/2026
Punjab,Hoshiarpur,Garh Shankar APMC,Garlic,Average,FAQ,4000,4000,4000,14/04/2026
Punjab,Fazilka,Jalalabad APMC,Garlic,Garlic,Local,7000,7000,7000,14/04/2026
Punjab,Patiala,Nabha APMC,Garlic,Other,Grade Range-3,4000,7000,4900,14/04/2026
Punjab,Fatehgarh,Bassi Pathana APMC,Garlic,Garlic,FAQ,7000,7500,7200,14/04/2026
Punjab,Fatehgarh,Khamano APMC,Garlic,Garlic,FAQ,7000,7000,7000,14/04/2026
Kerala,Palakad,Palakkad APMC,Garlic,Garlic,FAQ,16000,17000,16600,14/04/2026
Kerala,Thirssur,Chavakkad APMC,Garlic,Other,FAQ,13500,16000,16000,14/04/2026
Kerala,Kottayam,Athirampuzha APMC,Garlic,Garlic,FAQ,13500,13700,13600,14/04/2026
Kerala,Malappuram,Parappanangadi APMC,Garlic,Average,Grade Range-1,13000,13200,13100,14/04/2026
Tamil Nadu,Vellore,Perampet(Uzhavar Sandhai),Ginger(Green),Green Ginger,Local,8000,8000,8000,14/04/2026
Tamil Nadu,Karur,Gandhigramam(Uzhavar Sandhai),Ginger(Green),Green Ginger,Local,7000,8000,7500,14/04/2026
Tamil Nadu,Coimbatore,Sulur(Uzhavar Sandhai ),Ginger(Green),Green Ginger,Local,6000,7000,6500,14/04/2026
Tamil Nadu,Pudukkottai,Gandarvakottai(Uzhavar Sandhai ),Ginger(Green),Green Ginger,Local,7000,8000,7500,14/04/2026
Tamil Nadu,Nagapattinam,Mayiladuthurai(Uzhavar Sandhai ),Ginger(Green),Green Ginger,Local,7000,8000,7500,14/04/2026
Tamil Nadu,Vellore,Katpadi (Uzhavar Sandhai ),Ginger(Green),Green Ginger,Local,6800,6800,6800,14/04/2026
Tamil Nadu,Cuddalore,Vadalur(Uzhavar Sandhai ),Ginger(Green),Green Ginger,Local,8000,8000,8000,14/04/2026
Tamil Nadu,Dindigul,Palani(Uzhavar Sandhai ),Ginger(Green),Green Ginger,Local,6000,7000,6500,14/04/2026
Tamil Nadu,Kancheepuram,Kancheepuram(Uzhavar Sandhai ),Ginger(Green),Green Ginger,Local,7000,7500,7250,14/04/2026
Tamil Nadu,Krishnagiri,Krishnagiri(Uzhavar Sandhai ),Ginger(Green),Green Ginger,Local,7000,8000,7500,14/04/2026
Tamil Nadu,Madurai,Anaiyur(Uzhavar Sandhai ),Ginger(Green),Green Ginger,Local,8000,9000,8500,14/04/2026
Tamil Nadu,Namakkal,Rasipuram(Uzhavar Sandhai ),Ginger(Green),Green Ginger,Local,6000,7000,6500,14/04/2026
Tamil Nadu,Namakkal,Kumarapalayam(Uzhavar Sandhai ),Ginger(Green),Green Ginger,Local,7000,7500,7250,14/04/2026
Tamil Nadu,Namakkal,Mohanur(Uzhavar Sandhai ),Ginger(Green),Green Ginger,Local,8400,10000,9200,14/04/2026
Tamil Nadu,Salem,Attayampatti(Uzhavar Sandhai ),Ginger(Green),Green Ginger,Local,8000,8000,8000,14/04/2026
Tamil Nadu,Thirunelveli,Melapalayam(Uzhavar Sandhai ),Ginger(Green),Green Ginger,Local,6800,7000,6900,14/04/2026
Tamil Nadu,Thiruvellore,Tiruthani(Uzhavar Sandhai ),Ginger(Green),Green Ginger,Local,8000,8000,8000,14/04/2026
Tamil Nadu,Thiruvannamalai,Chengam(Uzhavar Sandhai ),Ginger(Green),Green Ginger,Local,8000,10000,9000,14/04/2026
Tamil Nadu,Thiruchirappalli,Manachanallur(Uzhavar Sandhai ),Ginger(Green),Green Ginger,Local,6500,7600,7050,14/04/2026
Tamil Nadu,Villupuram,Gingee(Uzhavar Sandhai ),Ginger(Green),Green Ginger,Local,8000,8000,8000,14/04/2026
Tamil Nadu,Virudhunagar,Kariyapatti(Uzhavar Sandhai ),Ginger(Green),Green Ginger,Local,7500,8000,7750,14/04/2026
Tamil Nadu,Coimbatore,Vadavalli(Uzhavar Sandhai ),Ginger(Green),Green Ginger,Local,6000,6500,6250,14/04/2026
Tamil Nadu,Erode,Sathiyamagalam(Uzhavar Sandhai ),Ginger(Green),Green Ginger,Local,8500,9000,8750,14/04/2026
Tamil Nadu,Coimbatore,Mettupalayam(Uzhavar Sandhai ),Ginger(Green),Green Ginger,Local,6000,7000,6500,14/04/2026
Tamil Nadu,Pudukkottai,Pudukottai(Uzhavar Sandhai ),Ginger(Green),Green Ginger,Local,9000,10000,9500,14/04/2026
Tamil Nadu,Vellore,Vellore APMC,Ginger(Green),Green Ginger,Local,6500,6500,6500,14/04/2026
Tamil Nadu,Vellore,Thirupathur APMC,Ginger(Green),Green Ginger,Local,8000,8000,8000,14/04/2026
Tamil Nadu,The Nilgiris,Coonoor(Uzhavar Sandhai ),Ginger(Green),Green Ginger,Local,7000,7500,7250,14/04/2026
Tamil Nadu,Vellore,Pallikonda(Uzhavar Sandhai),Ginger(Green),Green Ginger,Local,6500,6500,6500,14/04/2026
Tamil Nadu,Nagapattinam,Vedaranyam(Uzhavar Sandhai),Ginger(Green),Green Ginger,Local,5500,6000,5750,14/04/2026
Tamil Nadu,Salem,Thammampatti (Uzhavar Sandhai ),Ginger(Green),Green Ginger,Local,7000,8000,7500,14/04/2026
Tamil Nadu,Cuddalore,Viruthachalam(Uzhavar Sandhai ),Ginger(Green),Green Ginger,Local,7000,7000,7000,14/04/2026
Tamil Nadu,Dharmapuri,Pennagaram(Uzhavar Sandhai ),Ginger(Green),Green Ginger,Local,8600,9000,8800,14/04/2026
Tamil Nadu,Dindigul,Chinnalapatti(Uzhavar Sandhai ),Ginger(Green),Green Ginger,Local,8000,9000,8500,14/04/2026
Tamil Nadu,Krishnagiri,Hosur(Uzhavar Sandhai ),Ginger(Green),Green Ginger,Local,6000,7000,6500,14/04/2026
Tamil Nadu,Krishnagiri,Denkanikottai(Uzhavar Sandhai ),Ginger(Green),Green Ginger,Local,7000,7500,7250,14/04/2026
Tamil Nadu,The Nilgiris,Udhagamandalam(Uzhavar Sandhai ),Ginger(Green),Green Ginger,Local,7000,7500,7250,14/04/2026
Tamil Nadu,Sivaganga,Singampunari(Uzhavar Sandhai ),Ginger(Green),Green Ginger,Local,8500,9500,9000,14/04/2026
Tamil Nadu,Thiruvarur,Mannargudi II(Uzhavar Sandhai ),Ginger(Green),Green Ginger,Local,8000,8000,8000,14/04/2026
Tamil Nadu,Thiruvannamalai,Arani(Uzhavar Sandhai ),Ginger(Green),Green Ginger,Local,7000,8000,7500,14/04/2026
Tamil Nadu,Thiruchirappalli,Musiri(Uzhavar Sandhai ),Ginger(Green),Green Ginger,Local,7000,8000,7500,14/04/2026
Tamil Nadu,Vellore,Kahithapattarai(Uzhavar Sandhai ),Ginger(Green),Green Ginger,Local,6500,6500,6500,14/04/2026
Tamil Nadu,Virudhunagar,Sathur(Uzhavar Sandhai ),Ginger(Green),Green Ginger,Local,7500,8000,7750,14/04/2026
Tamil Nadu,Chengalpattu,Medavakkam(Uzhavar Sandhai ),Ginger(Green),Green Ginger,Local,6000,7000,6500,14/04/2026
Tamil Nadu,Chengalpattu,Guduvancheri(Uzhavar Sandhai ),Ginger(Green),Green Ginger,Local,6000,7000,6500,14/04/2026
Tamil Nadu,Thirupathur,Natrampalli(Uzhavar Sandhai ),Ginger(Green),Green Ginger,Local,7000,8000,7500,14/04/2026
Tamil Nadu,Thanjavur,Papanasam(Uzhavar Sandhai ),Ginger(Green),Green Ginger,Local,8400,8400,8400,14/04/2026
Tamil Nadu,Coimbatore,Pollachi(Uzhavar Sandhai ),Ginger(Green),Green Ginger,Local,5000,7000,6000,14/04/2026
Tamil Nadu,Karur,Karur(Uzhavar Sandhai ),Ginger(Green),Green Ginger,Local,7500,8000,7750,14/04/2026
Tamil Nadu,Salem,Athur(Uzhavar Sandhai ),Ginger(Green),Green Ginger,Local,7000,8000,7500,14/04/2026
Tamil Nadu,Villupuram,Ulundurpettai APMC,Ginger(Green),Green Ginger,Local,8000,8000,8000,14/04/2026
Tamil Nadu,Dharmapuri,Karimangalam(Uzhavar Sandhai),Ginger(Green),Green Ginger,Local,7500,8000,7750,14/04/2026
Tamil Nadu,Salem,Vazhapadi(Uzhavar Sandhai),Ginger(Green),Green Ginger,Local,8000,8000,8000,14/04/2026
Tamil Nadu,Dharmapuri,Dharmapuri(Uzhavar Sandhai ),Ginger(Green),Green Ginger,Local,8000,8400,8200,14/04/2026
Tamil Nadu,Erode,Thalavadi(Uzhavar Sandhai ),Ginger(Green),Green Ginger,Local,7000,7500,7250,14/04/2026
Tamil Nadu,Kancheepuram,Kundrathur(Uzhavar Sandhai ),Ginger(Green),Green Ginger,Local,6000,6000,6000,14/04/2026
Tamil Nadu,Karur,Velayuthampalayam(Uzhavar Sandhai ),Ginger(Green),Green Ginger,Local,7000,8000,7500,14/04/2026
Tamil Nadu,Madurai,Palanganatham(Uzhavar Sandhai ),Ginger(Green),Green Ginger,Local,8000,9000,8500,14/04/2026
Tamil Nadu,Ramanathapuram,Ramanathapuram(Uzhavar Sandhai ),Ginger(Green),Green Ginger,Local,9000,9500,9250,14/04/2026
Tamil Nadu,Sivaganga,Karaikudi(Uzhavar Sandhai ),Ginger(Green),Green Ginger,Local,8500,9500,9000,14/04/2026
Tamil Nadu,Sivaganga,Tirupatthur(Uzhavar Sandhai ),Ginger(Green),Green Ginger,Local,8400,9500,8950,14/04/2026
Tamil Nadu,Thanjavur,Thanjavur(Uzhavar Sandhai ),Ginger(Green),Green Ginger,Local,8000,8000,8000,14/04/2026
Tamil Nadu,Theni,Chinnamanur(Uzhavar Sandhai ),Ginger(Green),Green Ginger,Local,6400,6400,6400,14/04/2026
Tamil Nadu,Tuticorin,Kovilpatti(Uzhavar Sandhai ),Ginger(Green),Green Ginger,Local,7000,7500,7250,14/04/2026
Tamil Nadu,Thiruvannamalai,Tiruvannamalai(Uzhavar Sandhai ),Ginger(Green),Green Ginger,Local,8000,10000,9000,14/04/2026
Tamil Nadu,Thiruchirappalli,Manapparai(Uzhavar Sandhai ),Ginger(Green),Green Ginger,Local,8000,8000,8000,14/04/2026
Tamil Nadu,Thiruchirappalli,Thiruverumbur(Uzhavar Sandhai ),Ginger(Green),Green Ginger,Local,8000,8000,8000,14/04/2026
Tamil Nadu,Thiruchirappalli,Lalgudi(Uzhavar Sandhai ),Ginger(Green),Green Ginger,Local,8000,8000,8000,14/04/2026
Tamil Nadu,Vellore,Gudiyatham(Uzhavar Sandhai ),Ginger(Green),Green Ginger,Local,8000,8000,8000,14/04/2026
Tamil Nadu,Virudhunagar,Sivakasi(Uzhavar Sandhai ),Ginger(Green),Green Ginger,Local,7000,8000,7500,14/04/2026
Tamil Nadu,Chengalpattu,Pallavaram(Uzhavar Sandhai ),Ginger(Green),Green Ginger,Local,6000,7000,6500,14/04/2026
Tamil Nadu,Chengalpattu,Chengalpet(Uzhavar Sandhai ),Ginger(Green),Green Ginger,Local,6000,7000,6500,14/04/2026
Tamil Nadu,Chengalpattu,Nanganallur(Uzhavar Sandhai ),Ginger(Green),Green Ginger,Local,6000,7000,6500,14/04/2026
Tamil Nadu,Thirupathur,Vaniyampadi(Uzhavar Sandhai ),Ginger(Green),Green Ginger,Local,8000,8000,8000,14/04/2026
Tamil Nadu,Thirupur,Dharapuram(Uzhavar Sandhai ),Ginger(Green),Green Ginger,Local,7000,8000,7500,14/04/2026
Tamil Nadu,Coimbatore,RSPuram(Uzhavar Sandhai ),Ginger(Green),Green Ginger,Local,6000,6500,6250,14/04/2026
Tamil Nadu,Coimbatore,Singanallur(Uzhavar Sandhai ),Ginger(Green),Green Ginger,Local,6500,7000,6750,14/04/2026
Tamil Nadu,Theni,Periyakulam(Uzhavar Sandhai ),Ginger(Green),Green Ginger,Local,6000,6400,6200,14/04/2026
Tamil Nadu,Dharmapuri,Harur(Uzhavar Sandhai ),Ginger(Green),Green Ginger,Local,7000,7500,7250,14/04/2026
Tamil Nadu,Krishnagiri,Kaveripattinam(Uzhavar Sandhai ),Ginger(Green),Green Ginger,Local,8000,8000,8000,14/04/2026
Tamil Nadu,Virudhunagar,Srivilliputhur(Uzhavar Sandhai ),Ginger(Green),Green Ginger,Local,7000,8000,7500,14/04/2026
Tamil Nadu,Salem,Mecheri(Uzhavar Sandhai),Ginger(Green),Green Ginger,Local,7500,8000,7750,14/04/2026
Tamil Nadu,Dharmapuri,Palacode(Uzhavar Sandhai ),Ginger(Green),Green Ginger,Local,7500,8000,7750,14/04/2026
Tamil Nadu,Dharmapuri,AJattihalli(Uzhavar Sandhai ),Ginger(Green),Green Ginger,Local,8000,8400,8200,14/04/2026
Tamil Nadu,Kancheepuram,Sunguvarchatram(Uzhavar Sandhai ),Ginger(Green),Green Ginger,Local,6500,7000,6750,14/04/2026
Tamil Nadu,Karur,Kulithalai(Uzhavar Sandhai ),Ginger(Green),Green Ginger,Local,7500,8000,7750,14/04/2026
Tamil Nadu,Madurai,Chokkikulam(Uzhavar Sandhai ),Ginger(Green),Green Ginger,Local,8000,9000,8500,14/04/2026
Tamil Nadu,Nagapattinam,Nagapattinam(Uzhavar Sandhai ),Ginger(Green),Green Ginger,Local,5500,6500,6000,14/04/2026
Tamil Nadu,Nagapattinam,Sirkali(Uzhavar Sandhai ),Ginger(Green),Green Ginger,Local,6500,7000,6750,14/04/2026
Tamil Nadu,Namakkal,Namakkal(Uzhavar Sandhai ),Ginger(Green),Green Ginger,Local,6000,7000,6500,14/04/2026
Tamil Nadu,Perambalur,Perambalur(Uzhavar Sandhai ),Ginger(Green),Green Ginger,Local,7000,7500,7250,14/04/2026
Tamil Nadu,Ramanathapuram,Paramakudi(Uzhavar Sandhai ),Ginger(Green),Green Ginger,Local,8000,9000,8500,14/04/2026
Tamil Nadu,Salem,Sooramangalam(Uzhavar Sandhai ),Ginger(Green),Green Ginger,Local,7500,8000,7750,14/04/2026
Tamil Nadu,Salem,Mettur(Uzhavar Sandhai ),Ginger(Green),Green Ginger,Local,7000,8000,7500,14/04/2026
Tamil Nadu,Salem,Elampillai(Uzhavar Sandhai ),Ginger(Green),Green Ginger,Local,7500,8000,7750,14/04/2026
Tamil Nadu,Salem,Jalagandapuram(Uzhavar Sandhai ),Ginger(Green),Green Ginger,Local,7500,8000,7750,14/04/2026
Tamil Nadu,Salem,Edapadi (Uzhavar Sandhai ),Ginger(Green),Green Ginger,Local,7000,8000,7500,14/04/2026
Tamil Nadu,Sivaganga,Sivagangai (Uzhavar Sandhai ),Ginger(Green),Green Ginger,Local,8200,9200,8700,14/04/2026
Tamil Nadu,Sivaganga,Devakottai (Uzhavar Sandhai ),Ginger(Green),Green Ginger,Local,8400,9400,8900,14/04/2026
Tamil Nadu,Thanjavur,Pattukottai(Uzhavar Sandhai ),Ginger(Green),Green Ginger,Local,8400,9400,8900,14/04/2026
Tamil Nadu,Theni,Bodinayakanur(Uzhavar Sandhai ),Ginger(Green),Green Ginger,Local,6400,6400,6400,14/04/2026
Tamil Nadu,Thiruvannamalai,Polur(Uzhavar Sandhai ),Ginger(Green),Green Ginger,Local,7500,8400,7950,14/04/2026
Tamil Nadu,Thiruvannamalai,Keelpennathur(Uzhavar Sandhai ),Ginger(Green),Green Ginger,Local,6000,7000,6500,14/04/2026
Tamil Nadu,Villupuram,Villupuram(Uzhavar Sandhai ),Ginger(Green),Green Ginger,Local,7000,7000,7000,14/04/2026
Tamil Nadu,Virudhunagar,Aruppukottai(Uzhavar Sandhai ),Ginger(Green),Green Ginger,Local,7000,8000,7500,14/04/2026
Tamil Nadu,Virudhunagar,Rajapalayam(Uzhavar Sandhai ),Ginger(Green),Green Ginger,Local,7000,8000,7500,14/04/2026
Tamil Nadu,Thirupur,Tiruppur (North) (Uzhavar Sandhai ),Ginger(Green),Green Ginger,Local,6500,7000,6750,14/04/2026
Tamil Nadu,Erode,Sampath Nagar(Uzhavar Sandhai ),Ginger(Green),Green Ginger,Local,6500,6800,6650,14/04/2026
Tamil Nadu,Namakkal,Tiruchengode APMC,Ginger(Green),Green Ginger,Local,6200,7000,6600,14/04/2026
Tamil Nadu,Thiruchirappalli,Thuraiyur APMC,Ginger(Green),Green Ginger,Local,7000,7600,7300,14/04/2026
Tamil Nadu,Ariyalur,Ariyalur(Uzhavar Sandhai),Ginger(Green),Green Ginger,Local,7000,8000,7500,14/04/2026
Tamil Nadu,Ranipet,Ranipettai(Uzhavar Sandhai ),Ginger(Green),Green Ginger,Local,7000,7000,7000,14/04/2026
Tamil Nadu,Nagercoil (Kannyiakumari),Vadaseri APMC,Ginger(Green),Green Ginger,Local,8500,9000,8750,14/04/2026
Tamil Nadu,Salem,Ammapet(Uzhavar Sandhai ),Ginger(Green),Green Ginger,Local,8000,8000,8000,14/04/2026
Tamil Nadu,Theni,Andipatti(Uzhavar Sandhai ),Ginger(Green),Green Ginger,Local,6000,6400,6200,14/04/2026
Tamil Nadu,Coimbatore,Udumalpet APMC,Ginger(Green),Green Ginger,Local,7500,8000,7750,14/04/2026
Tamil Nadu,Villupuram,Tindivanam APMC,Ginger(Green),Green Ginger,Local,8000,8000,8000,14/04/2026
Tamil Nadu,Namakkal,Paramathivelur(Uzhavar Sandhai ),Ginger(Green),Green Ginger,Local,7000,8000,7500,14/04/2026
Tamil Nadu,Thanjavur,Kumbakonam (Uzhavar Sandhai ),Ginger(Green),Green Ginger,Local,8400,8400,8400,14/04/2026
Tamil Nadu,Dindigul,Dindigul(Uzhavar Sandhai ),Ginger(Green),Green Ginger,Local,8000,9000,8500,14/04/2026
Tamil Nadu,Erode,Perundurai(Uzhavar Sandhai ),Ginger(Green),Green Ginger,Local,7200,7500,7350,14/04/2026
Tamil Nadu,Kancheepuram,Padappai(Uzhavar Sandhai ),Ginger(Green),Green Ginger,Local,5000,6000,5500,14/04/2026
Tamil Nadu,Krishnagiri,Avallapalli(Uzhavar Sandhai ),Ginger(Green),Green Ginger,Local,6000,7000,6500,14/04/2026
Tamil Nadu,Madurai,Anna nagar(Uzhavar Sandhai ),Ginger(Green),Green Ginger,Local,8000,9000,8500,14/04/2026
Tamil Nadu,Salem,Thathakapatti(Uzhavar Sandhai ),Ginger(Green),Green Ginger,Local,7000,8000,7500,14/04/2026
Tamil Nadu,Salem,Hasthampatti(Uzhavar Sandhai ),Ginger(Green),Green Ginger,Local,7500,8000,7750,14/04/2026
Tamil Nadu,Theni,Theni(Uzhavar Sandhai ),Ginger(Green),Green Ginger,Local,6400,6400,6400,14/04/2026
Tamil Nadu,Theni,Kambam(Uzhavar Sandhai ),Ginger(Green),Green Ginger,Local,6400,6400,6400,14/04/2026
Tamil Nadu,Thirunelveli,Palayamkottai(Uzhavar Sandhai ),Ginger(Green),Green Ginger,Local,6800,7000,6900,14/04/2026
Tamil Nadu,Thiruvarur,Mannargudi I(Uzhavar Sandhai ),Ginger(Green),Green Ginger,Local,8000,8000,8000,14/04/2026
Tamil Nadu,Thiruchirappalli,KKNagar(Uzhavar Sandhai ),Ginger(Green),Green Ginger,Local,8400,8400,8400,14/04/2026
Tamil Nadu,Virudhunagar,Thalavaipuram(Uzhavar Sandhai ),Ginger(Green),Green Ginger,Local,7000,8000,7500,14/04/2026
Tamil Nadu,Nagercoil (Kannyiakumari),Myladi(Uzhavar Sandhai ),Ginger(Green),Green Ginger,Local,7000,8000,7500,14/04/2026
Tamil Nadu,Chengalpattu,Madhuranthagam(Uzhavar Sandhai ),Ginger(Green),Green Ginger,Local,8000,8000,8000,14/04/2026
Tamil Nadu,Chengalpattu,Jameenrayapettai(Uzhavar Sandhai ),Ginger(Green),Green Ginger,Local,6000,7000,6500,14/04/2026
Tamil Nadu,Thirupur,Palladam(Uzhavar Sandhai ),Ginger(Green),Green Ginger,Local,6500,7000,6750,14/04/2026
Tamil Nadu,Thirupur,Tiruppur (South) (Uzhavar Sandhai ),Ginger(Green),Green Ginger,Local,4500,6000,5250,14/04/2026
Tamil Nadu,Coimbatore,Sundarapuram(Uzhavar Sandhai ),Ginger(Green),Green Ginger,Local,7000,7500,7250,14/04/2026
Tamil Nadu,Erode,Gobichettipalayam(Uzhavar Sandhai ),Ginger(Green),Green Ginger,Local,6500,7000,6750,14/04/2026
Tamil Nadu,Cuddalore,Cuddalore(Uzhavar Sandhai ),Ginger(Green),Green Ginger,Local,8000,8000,8000,14/04/2026
Tamil Nadu,Kallakuruchi,Kallakurichi(Uzhavar Sandhai ),Ginger(Green),Green Ginger,Local,9000,9000,9000,14/04/2026
Tamil Nadu,Kallakuruchi,Sankarapuram(Uzhavar Sandhai ),Ginger(Green),Green Ginger,Local,9000,9000,9000,14/04/2026
Tamil Nadu,Ranipet,Arcot(Uzhavar Sandhai ),Ginger(Green),Green Ginger,Local,7000,8000,7500,14/04/2026
Tamil Nadu,Tenkasi,Tenkasi(Uzhavar Sandhai ),Ginger(Green),Green Ginger,Local,7000,7000,7000,14/04/2026
Tamil Nadu,Tuticorin,Tuticorin(Uzhavar Sandhai ),Ginger(Green),Green Ginger,Local,9000,10000,9500,14/04/2026
Tamil Nadu,The Nilgiris,Gudalur(Uzhavar Sandhai ),Ginger(Green),Green Ginger,Local,6500,7000,6750,14/04/2026
Maharashtra,Pune,Pune(Moshi) APMC,Ginger(Green),Other,Local,2500,3000,2750,14/04/2026
Maharashtra,Satara,Vaduj APMC,Ginger(Green),Other,Local,2000,3000,2500,14/04/2026
Maharashtra,Nagpur,Hingna APMC,Ginger(Green),Other,Local,6000,7000,6500,14/04/2026
Maharashtra,Sangli,Palus APMC,Ginger(Green),Other,Local,2000,4500,4000,14/04/2026
Maharashtra,Satara,Vai APMC,Ginger(Green),Other,Local,4000,5000,4500,14/04/2026
Maharashtra,Ahmednagar,Rahata APMC,Ginger(Green),Other,Local,2000,5000,3500,14/04/2026
Maharashtra,Nagpur,Ramtek APMC,Ginger(Green),Other,Local,4000,5000,4500,14/04/2026
Maharashtra,Pune,Pune APMC,Ginger(Green),Other,Local,1700,4000,2350,14/04/2026
Maharashtra,Chattrapati Sambhajinagar,Chattrapati Sambhajinagar APMC,Ginger(Green),Other,Local,1400,4000,2700,14/04/2026
Maharashtra,Mumbai,Mumbai APMC,Ginger(Green),Other,Local,3400,5400,4400,14/04/2026
Maharashtra,Pune,Khed(Chakan) APMC,Ginger(Green),Other,Local,3000,4500,3500,14/04/2026
Rajasthan,Ganganagar,Sriganganagar (F&V) APMC,Ginger(Green),Green Ginger,Medium,7600,8000,7800,14/04/2026
Rajasthan,Jodhpur,Jodhpur (F&V) APMC,Ginger(Green),Other,Medium,4000,4500,4200,14/04/2026
Karnataka,Bangalore,Ramanagara APMC,Ginger(Green),Green Ginger,Local,4800,5500,5000,14/04/2026
Gujarat,Amreli,Damnagar APMC,Ginger(Green),Green Ginger,Local,8000,8000,8000,14/04/2026
Gujarat,Anand,"Anand(Veg,Yard,Anand) APMC",Ginger(Green),Green Ginger,Grade B,4000,4500,4250,14/04/2026
Gujarat,Rajkot,Rajkot(Veg.Sub Yard) APMC,Ginger(Green),Green Ginger,FAQ,4525,5400,4960,14/04/2026
Gujarat,Porbandar,Porbandar APMC,Ginger(Green),Green Ginger,FAQ,7000,8000,7500,14/04/2026
Haryana,Kurukshetra,Thanesar APMC,Ginger(Green),Green Ginger,Local,6000,7000,6500,14/04/2026
Haryana,Sonipat,Ganaur APMC,Ginger(Green),Green Ginger,Medium,7000,8000,7500,14/04/2026
Haryana,Panipat,Samalkha APMC,Ginger(Green),Other,FAQ,7000,7000,7000,14/04/2026
Haryana,Ambala,Naraingarh APMC,Ginger(Green),Green Ginger,Medium,2000,4500,3500,14/04/2026
Haryana,Mahendragarh-Narnaul,Mohindergarh APMC,Ginger(Green),Green Ginger,FAQ,4000,4000,4000,14/04/2026
Haryana,Yamuna Nagar,Jagadhri APMC,Ginger(Green),Green Ginger,Medium,5000,5200,5200,14/04/2026
Haryana,Mahendragarh-Narnaul,Narnaul APMC,Ginger(Green),Green Ginger,Medium,4000,6000,5000,14/04/2026
Haryana,Kurukshetra,Shahabad APMC,Ginger(Dry),Vegitable-fresh,Local,5500,6500,6000,14/04/2026
Punjab,Hoshiarpur,Garh Shankar(Mahalpur) APMC,Ginger(Green),Green Ginger,FAQ,5800,5800,5800,14/04/2026
Punjab,Ludhiana,Doraha APMC,Ginger(Green),Green Ginger,Local,7000,7000,7000,14/04/2026
Punjab,Ropar (Rupnagar),Chamkaur Sahib APMC,Ginger(Green),Green Ginger,Medium,6000,6000,6000,14/04/2026
Punjab,Fazilka,Fazilka APMC,Ginger(Dry),Dry,FAQ,12000,12000,12000,14/04/2026
Punjab,Ludhiana,Khanna APMC,Ginger(Green),Green Ginger,Grade A,4000,4000,4000,14/04/2026
Punjab,Nawanshahr,Nawan Shahar(Subzi Mandi) APMC,Ginger(Green),Green Ginger,FAQ,6000,6200,6100,14/04/2026
Punjab,Ludhiana,Ludhiana APMC,Ginger(Green),Other,FAQ,3200,5800,4500,14/04/2026
Punjab,Hoshiarpur,Garh Shankar APMC,Ginger(Dry),Vegitable-fresh,FAQ,5000,5000,5000,14/04/2026
Punjab,Hoshiarpur,Tanda Urmur APMC,Ginger(Green),Other,Grade A,6000,7000,6500,14/04/2026
Punjab,Mohali,Kurali APMC,Ginger(Green),Other,Medium,5000,5500,5300,14/04/2026
Punjab,Fazilka,Jalalabad APMC,Ginger(Green),Other,Medium,6200,6500,6300,14/04/2026
Punjab,Patiala,Nabha APMC,Ginger(Green),Other,Grade C,5000,7000,6100,14/04/2026
Punjab,Gurdaspur,Quadian APMC,Ginger(Green),Other,Grade A,6000,6300,6200,14/04/2026
Punjab,Fatehgarh,Bassi Pathana APMC,Ginger(Green),Green Ginger,Medium,7000,7500,7200,14/04/2026
Kerala,Kasargod,Kanjangadu APMC,Ginger(Green),Other,FAQ,10000,10700,10400,14/04/2026
Kerala,Ernakulam,Perumbavoor APMC,Ginger(Green),Green Ginger,Medium,5500,6500,6000,14/04/2026
Kerala,Kozhikode(Calicut),Mukkom APMC,Ginger(Green),Green Ginger,FAQ,8500,9300,8900,14/04/2026
Kerala,Palakad,Palakkad APMC,Ginger(Green),Green Ginger,FAQ,6500,7500,7100,14/04/2026
Kerala,Thirssur,Chavakkad APMC,Ginger(Green),Green Ginger,FAQ,7000,8000,8000,14/04/2026
Kerala,Kottayam,Athirampuzha APMC,Ginger(Green),Green Ginger,FAQ,8500,8700,8600,14/04/2026
Kerala,Wayanad,Kalpetta APMC,Ginger(Green),Green Ginger,FAQ,3400,3500,3500,14/04/2026
Kerala,Palakad,Pattambi APMC,Ginger(Green),Green Ginger,FAQ,7000,7500,7200,14/04/2026
Kerala,Wayanad,Manathavady APMC,Ginger(Green),Green Ginger,Local,3600,3600,3600,14/04/2026
Kerala,Malappuram,Parappanangadi APMC,Ginger(Green),Green Ginger,Grade A,6000,6200,6100,14/04/2026
Kerala,Malappuram,Kottakkal APMC,Ginger(Green),Other,Local,6500,6500,6500,14/04/2026
Uttarakhand,Dehradoon,Vikasnagar APMC,Ginger(Green),Green Ginger,Medium,4500,4500,4500,14/04/2026
Himachal Pradesh,Kangra,SMY Palampur,Ginger(Green),Green Ginger,FAQ,8500,9000,8800,14/04/2026
Tamil Nadu,Coimbatore,Udumalpet APMC,Brinjal,Other,Local,2500,2700,2600,14/04/2026
Tamil Nadu,Villupuram,Tindivanam APMC,Brinjal,Other,Local,3000,3000,3000,14/04/2026
Tamil Nadu,Dharmapuri,Karimangalam(Uzhavar Sandhai),Brinjal,Other,Local,2400,2600,2500,14/04/2026
Tamil Nadu,Salem,Mecheri(Uzhavar Sandhai),Brinjal,Other,Local,2500,3000,2750,14/04/2026
Tamil Nadu,Salem,Thammampatti (Uzhavar Sandhai ),Brinjal,Other,Local,3000,3400,3200,14/04/2026
Tamil Nadu,Thiruvarur,Tiruvarur(Uzhavar Sandhai ),Brinjal,Round,Local,3000,3000,3000,14/04/2026
Tamil Nadu,Vellore,Katpadi (Uzhavar Sandhai ),Brinjal,Round,Local,3500,4000,3750,14/04/2026
Tamil Nadu,Erode,Perundurai(Uzhavar Sandhai ),Brinjal,Round,Local,2400,2600,2500,14/04/2026
Tamil Nadu,Krishnagiri,Avallapalli(Uzhavar Sandhai ),Brinjal,Round,Local,2500,3000,2750,14/04/2026
Tamil Nadu,Salem,Jalagandapuram(Uzhavar Sandhai ),Brinjal,Other,Local,2200,2500,2350,14/04/2026
Tamil Nadu,Sivaganga,Devakottai (Uzhavar Sandhai ),Brinjal,Round,Local,4000,5400,4700,14/04/2026
Tamil Nadu,Thiruvannamalai,Arani(Uzhavar Sandhai ),Brinjal,Round,Local,3500,4200,3850,14/04/2026
Tamil Nadu,Thiruchirappalli,KKNagar(Uzhavar Sandhai ),Brinjal,Other,Local,7000,7000,7000,14/04/2026
Tamil Nadu,Thiruchirappalli,Thiruverumbur(Uzhavar Sandhai ),Brinjal,Other,Local,7000,7000,7000,14/04/2026
Tamil Nadu,Villupuram,Gingee(Uzhavar Sandhai ),Brinjal,Other,Local,3000,4000,3500,14/04/2026
Tamil Nadu,Virudhunagar,Aruppukottai(Uzhavar Sandhai ),Brinjal,Round,Local,3000,4000,3500,14/04/2026
Tamil Nadu,Chengalpattu,Pallavaram(Uzhavar Sandhai ),Brinjal,Round,Local,3500,4000,3750,14/04/2026
Tamil Nadu,Chengalpattu,Nanganallur(Uzhavar Sandhai ),Brinjal,Round,Local,3500,4000,3750,14/04/2026
Tamil Nadu,Chengalpattu,Guduvancheri(Uzhavar Sandhai ),Brinjal,Round,Local,3500,4000,3750,14/04/2026
Tamil Nadu,Thirupur,Dharapuram(Uzhavar Sandhai ),Brinjal,Round,Local,3000,4000,3500,14/04/2026
Tamil Nadu,Dindigul,Vedasanthur(Uzhavar Sandhai ),Brinjal,Round,Local,2500,3000,2750,14/04/2026
Tamil Nadu,Coimbatore,Singanallur(Uzhavar Sandhai ),Brinjal,Round,Local,3000,4400,3700,14/04/2026
Tamil Nadu,Thiruvarur,Needamangalam(Uzhavar Sandhai ),Brinjal,Round,Local,4200,4200,4200,14/04/2026
Tamil Nadu,Ranipet,Arcot(Uzhavar Sandhai ),Brinjal,Other,Local,4800,4800,4800,14/04/2026
Tamil Nadu,Tenkasi,Tenkasi(Uzhavar Sandhai ),Brinjal,Other,Local,4000,4500,4250,14/04/2026
Tamil Nadu,Salem,Athur(Uzhavar Sandhai ),Brinjal,Other,Local,2800,3000,2900,14/04/2026
Tamil Nadu,Krishnagiri,Kaveripattinam(Uzhavar Sandhai ),Brinjal,Round,Local,2500,3500,3000,14/04/2026
Tamil Nadu,Vellore,Perampet(Uzhavar Sandhai),Brinjal,Other,Local,3000,3500,3250,14/04/2026
Tamil Nadu,Karur,Gandhigramam(Uzhavar Sandhai),Brinjal,Other,Local,3000,3500,3250,14/04/2026
Tamil Nadu,Namakkal,Paramathivelur(Uzhavar Sandhai ),Brinjal,Round,Local,4200,4800,4500,14/04/2026
Tamil Nadu,Cuddalore,Panruti(Uzhavar Sandhai ),Brinjal,Round,Local,3000,4000,3500,14/04/2026
Tamil Nadu,Dharmapuri,AJattihalli(Uzhavar Sandhai ),Brinjal,Other,Local,1600,2000,1800,14/04/2026
Tamil Nadu,Dindigul,Palani(Uzhavar Sandhai ),Brinjal,Other,Local,2000,2500,2250,14/04/2026
Tamil Nadu,Kancheepuram,Padappai(Uzhavar Sandhai ),Brinjal,Other,Local,2500,3500,3000,14/04/2026
Tamil Nadu,Krishnagiri,Krishnagiri(Uzhavar Sandhai ),Brinjal,Round,Local,2000,2600,2300,14/04/2026
Tamil Nadu,Krishnagiri,Denkanikottai(Uzhavar Sandhai ),Brinjal,Round,Local,2000,3000,2500,14/04/2026
Tamil Nadu,Madurai,Chokkikulam(Uzhavar Sandhai ),Brinjal,Round,Local,3500,4500,4000,14/04/2026
Tamil Nadu,Madurai,Palanganatham(Uzhavar Sandhai ),Brinjal,Other,Local,3500,4000,3750,14/04/2026
Tamil Nadu,Namakkal,Kumarapalayam(Uzhavar Sandhai ),Brinjal,Round,Local,4300,4800,4550,14/04/2026
Tamil Nadu,Perambalur,Perambalur(Uzhavar Sandhai ),Brinjal,Other,Local,3600,3800,3700,14/04/2026
Tamil Nadu,Salem,Sooramangalam(Uzhavar Sandhai ),Brinjal,Other,Local,2500,2800,2650,14/04/2026
Tamil Nadu,Salem,Attayampatti(Uzhavar Sandhai ),Brinjal,Round,Local,2500,3000,2750,14/04/2026
Tamil Nadu,Thanjavur,Tirukattupalli(Uzhavar Sandhai ),Brinjal,Round,Local,3600,3600,3600,14/04/2026
Tamil Nadu,Thirunelveli,Melapalayam(Uzhavar Sandhai ),Brinjal,Other,Local,2000,2500,2250,14/04/2026
Tamil Nadu,Thirunelveli,Ambasamudram(Uzhavar Sandhai ),Brinjal,Other,Local,2800,3000,2900,14/04/2026
Tamil Nadu,Thiruvellore,Naravarikuppam(Uzhavar Sandhai ),Brinjal,Round,Local,4000,4000,4000,14/04/2026
Tamil Nadu,Thiruvarur,Mannargudi I(Uzhavar Sandhai ),Brinjal,Round,Local,4400,4600,4500,14/04/2026
Tamil Nadu,Tuticorin,Kovilpatti(Uzhavar Sandhai ),Brinjal,Other,Local,2500,3000,2750,14/04/2026
Tamil Nadu,Thiruchirappalli,Manapparai(Uzhavar Sandhai ),Brinjal,Other,Local,4000,4000,4000,14/04/2026
Tamil Nadu,Villupuram,Villupuram(Uzhavar Sandhai ),Brinjal,Round,Local,4000,4000,4000,14/04/2026
Tamil Nadu,Nagercoil (Kannyiakumari),Myladi(Uzhavar Sandhai ),Brinjal,Round,Local,3500,4000,3750,14/04/2026
Tamil Nadu,Thirupur,Tiruppur (South) (Uzhavar Sandhai ),Brinjal,Other,Local,2500,3000,2750,14/04/2026
Tamil Nadu,Coimbatore,Vadavalli(Uzhavar Sandhai ),Brinjal,Round,Local,3200,4400,3800,14/04/2026
Tamil Nadu,Erode,Sampath Nagar(Uzhavar Sandhai ),Brinjal,Other,Local,4000,4200,4100,14/04/2026
Tamil Nadu,Thiruvarur,Valangaiman APMC,Brinjal,Round,Local,4000,4000,4000,14/04/2026
Tamil Nadu,Coimbatore,Mettupalayam(Uzhavar Sandhai ),Brinjal,Round,Local,3000,3400,3200,14/04/2026
Tamil Nadu,Thiruvarur,Muthupettai(Uzhavar Sandhai ),Brinjal,Round,Local,3000,3000,3000,14/04/2026
Tamil Nadu,Kallakuruchi,Sankarapuram(Uzhavar Sandhai ),Brinjal,Round,Local,2500,3000,2750,14/04/2026
Tamil Nadu,Ranipet,Ranipettai(Uzhavar Sandhai ),Brinjal,Other,Local,4000,4500,4250,14/04/2026
Tamil Nadu,Salem,Ammapet(Uzhavar Sandhai ),Brinjal,Other,Local,2500,2500,2500,14/04/2026
Tamil Nadu,Theni,Periyakulam(Uzhavar Sandhai ),Brinjal,Other,Local,2600,2800,2700,14/04/2026
Tamil Nadu,The Nilgiris,Coonoor(Uzhavar Sandhai ),Brinjal,Other,Local,3200,3600,3400,14/04/2026
Tamil Nadu,Villupuram,Ulundurpettai APMC,Brinjal,Round,Local,2500,3000,2750,14/04/2026
Tamil Nadu,Thanjavur,Peravurani(Uzhavar Sandhai),Brinjal,Round,Local,3000,4000,3500,14/04/2026
Tamil Nadu,Coimbatore,Sulur(Uzhavar Sandhai ),Brinjal,Round,Local,3400,4400,3900,14/04/2026
Tamil Nadu,Dindigul,Dindigul(Uzhavar Sandhai ),Brinjal,Other,Local,8000,9000,8500,14/04/2026
Tamil Nadu,Dindigul,Chinnalapatti(Uzhavar Sandhai ),Brinjal,Other,Local,3500,4000,3750,14/04/2026
Tamil Nadu,Erode,Periyar Nagar(Uzhavar Sandhai ),Brinjal,Other,Local,4000,4200,4100,14/04/2026
Tamil Nadu,Karur,Velayuthampalayam(Uzhavar Sandhai ),Brinjal,Other,Local,2800,3500,3150,14/04/2026
Tamil Nadu,Karur,Vengamedu(Uzhavar Sandhai ),Brinjal,Other,Local,3500,4500,4000,14/04/2026
Tamil Nadu,Madurai,Melur(Uzhavar Sandhai ),Brinjal,Round,Local,3500,4500,4000,14/04/2026
Tamil Nadu,Nagapattinam,Nagapattinam(Uzhavar Sandhai ),Brinjal,Round,Local,3500,4500,4000,14/04/2026
Tamil Nadu,Namakkal,Namakkal(Uzhavar Sandhai ),Brinjal,Other,Local,4000,4800,4400,14/04/2026
Tamil Nadu,Pudukkottai,Aranthangi(Uzhavar Sandhai ),Brinjal,Other,Local,3500,4000,3750,14/04/2026
Tamil Nadu,Pudukkottai,Viralimalai(Uzhavar Sandhai ),Brinjal,Round,Local,5000,6000,5500,14/04/2026
Tamil Nadu,Ramanathapuram,Ramanathapuram(Uzhavar Sandhai ),Brinjal,Round,Local,5000,5500,5250,14/04/2026
Tamil Nadu,Salem,Hasthampatti(Uzhavar Sandhai ),Brinjal,Round,Local,2800,3000,2900,14/04/2026
Tamil Nadu,Salem,Edapadi (Uzhavar Sandhai ),Brinjal,Other,Local,2000,2500,2250,14/04/2026
Tamil Nadu,Sivaganga,Sivagangai (Uzhavar Sandhai ),Brinjal,Round,Local,4200,5200,4700,14/04/2026
Tamil Nadu,Thanjavur,Thanjavur(Uzhavar Sandhai ),Brinjal,Round,Local,6000,6000,6000,14/04/2026
Tamil Nadu,Thanjavur,Pattukottai(Uzhavar Sandhai ),Brinjal,Round,Local,4800,6400,5600,14/04/2026
Tamil Nadu,Theni,Kambam(Uzhavar Sandhai ),Brinjal,Other,Local,2500,2600,2550,14/04/2026
Tamil Nadu,Thirunelveli,Palayamkottai(Uzhavar Sandhai ),Brinjal,Other,Local,2000,2500,2250,14/04/2026
Tamil Nadu,Thirunelveli,Kandiyaperi(Uzhavar Sandhai ),Brinjal,Other,Local,2000,2500,2250,14/04/2026
Tamil Nadu,Thiruvannamalai,Tiruvannamalai(Uzhavar Sandhai ),Brinjal,Round,Local,3000,3600,3300,14/04/2026
Tamil Nadu,Thiruvannamalai,Chengam(Uzhavar Sandhai ),Brinjal,Round,Local,2500,3000,2750,14/04/2026
Tamil Nadu,Thiruvannamalai,Tamarainagar(Uzhavar Sandhai ),Brinjal,Other,Local,1700,2000,1850,14/04/2026
Tamil Nadu,Thiruchirappalli,Manachanallur(Uzhavar Sandhai ),Brinjal,Round,Local,3500,4000,3750,14/04/2026
Tamil Nadu,Virudhunagar,Sathur(Uzhavar Sandhai ),Brinjal,Round,Local,4500,5000,4750,14/04/2026
Tamil Nadu,Virudhunagar,Kariyapatti(Uzhavar Sandhai ),Brinjal,Round,Local,3500,4000,3750,14/04/2026
Tamil Nadu,Chengalpattu,Jameenrayapettai(Uzhavar Sandhai ),Brinjal,Round,Local,3500,4000,3750,14/04/2026
Tamil Nadu,Thirupathur,Vaniyampadi(Uzhavar Sandhai ),Brinjal,Round,Local,4000,4000,4000,14/04/2026
Tamil Nadu,Thirupur,Tiruppur (North) (Uzhavar Sandhai ),Brinjal,Other,Local,2500,3000,2750,14/04/2026
Tamil Nadu,Coimbatore,RSPuram(Uzhavar Sandhai ),Brinjal,Other,Local,3000,3400,3200,14/04/2026
Tamil Nadu,Pudukkottai,Pudukottai(Uzhavar Sandhai ),Brinjal,Round,Local,5000,6000,5500,14/04/2026
Tamil Nadu,Nagercoil (Kannyiakumari),Vadaseri APMC,Brinjal,Round,Local,5500,6000,5750,14/04/2026
Tamil Nadu,Virudhunagar,Srivilliputhur(Uzhavar Sandhai ),Brinjal,Round,Local,3500,4000,3750,14/04/2026
Tamil Nadu,Pudukkottai,Ponnamaravathi(Uzhavar Sandhai),Brinjal,Other,Local,4000,4500,4250,14/04/2026
Tamil Nadu,Pudukkottai,Gandarvakottai(Uzhavar Sandhai ),Brinjal,Round,Local,4000,4500,4250,14/04/2026
Tamil Nadu,Nagapattinam,Mayiladuthurai(Uzhavar Sandhai ),Brinjal,Round,Local,3500,4000,3750,14/04/2026
Tamil Nadu,Thanjavur,Kumbakonam (Uzhavar Sandhai ),Brinjal,Round,Local,3600,6400,5000,14/04/2026
Tamil Nadu,Cuddalore,Viruthachalam(Uzhavar Sandhai ),Brinjal,Round,Local,3000,4000,3500,14/04/2026
Tamil Nadu,Kancheepuram,Kancheepuram(Uzhavar Sandhai ),Brinjal,Round,Local,2500,3000,2750,14/04/2026
Tamil Nadu,Kancheepuram,Kundrathur(Uzhavar Sandhai ),Brinjal,Other,Local,2500,3000,2750,14/04/2026
Tamil Nadu,Madurai,Anna nagar(Uzhavar Sandhai ),Brinjal,Round,Local,5000,6000,5500,14/04/2026
Tamil Nadu,Madurai,Thirumangalam(Uzhavar Sandhai ),Brinjal,Round,Local,5000,5500,5250,14/04/2026
Tamil Nadu,Madurai,Anaiyur(Uzhavar Sandhai ),Brinjal,Round,Local,3500,4500,4000,14/04/2026
Tamil Nadu,Nagapattinam,Sirkali(Uzhavar Sandhai ),Brinjal,Round,Local,4000,5000,4500,14/04/2026
Tamil Nadu,The Nilgiris,Udhagamandalam(Uzhavar Sandhai ),Brinjal,Other,Local,3000,3400,3200,14/04/2026
Tamil Nadu,Pudukkottai,Alangudi(Uzhavar Sandhai ),Brinjal,Other,Local,4500,5000,4750,14/04/2026
Tamil Nadu,Ramanathapuram,Paramakudi(Uzhavar Sandhai ),Brinjal,Round,Local,6000,6500,6250,14/04/2026
Tamil Nadu,Sivaganga,Karaikudi(Uzhavar Sandhai ),Brinjal,Round,Local,4400,5400,4900,14/04/2026
Tamil Nadu,Sivaganga,Singampunari(Uzhavar Sandhai ),Brinjal,Other,Local,4500,5400,4950,14/04/2026
Tamil Nadu,Theni,Bodinayakanur(Uzhavar Sandhai ),Brinjal,Round,Local,2800,2800,2800,14/04/2026
Tamil Nadu,Thirunelveli,NGO Colony(Uzhavar Sandhai ),Brinjal,Round,Local,2000,2500,2250,14/04/2026
Tamil Nadu,Thiruvarur,Tiruthuraipoondi(Uzhavar Sandhai ),Brinjal,Round,Local,4000,4000,4000,14/04/2026
Tamil Nadu,Thiruvarur,Mannargudi II(Uzhavar Sandhai ),Brinjal,Round,Local,4400,4600,4500,14/04/2026
Tamil Nadu,Thiruvannamalai,Keelpennathur(Uzhavar Sandhai ),Brinjal,Round,Local,3500,4000,3750,14/04/2026
Tamil Nadu,Thiruchirappalli,Musiri(Uzhavar Sandhai ),Brinjal,Other,Local,3500,4000,3750,14/04/2026
Tamil Nadu,Vellore,Kahithapattarai(Uzhavar Sandhai ),Brinjal,Round,Local,3000,3000,3000,14/04/2026
Tamil Nadu,Virudhunagar,Rajapalayam(Uzhavar Sandhai ),Brinjal,Round,Local,3500,4000,3750,14/04/2026
Tamil Nadu,Virudhunagar,Sivakasi(Uzhavar Sandhai ),Brinjal,Round,Local,4000,4500,4250,14/04/2026
Tamil Nadu,Virudhunagar,Thalavaipuram(Uzhavar Sandhai ),Brinjal,Round,Local,2500,3000,2750,14/04/2026
Tamil Nadu,Chengalpattu,Chengalpet(Uzhavar Sandhai ),Brinjal,Other,Local,3500,4000,3750,14/04/2026
Tamil Nadu,Thirupathur,Natrampalli(Uzhavar Sandhai ),Brinjal,Round,Local,2500,3000,2750,14/04/2026
Tamil Nadu,Thirupur,Kangayam(Uzhavar Sandhai ),Brinjal,Round,Local,5000,5600,5300,14/04/2026
Tamil Nadu,Thiruvannamalai,Cheyyar(Uzhavar Sandhai ),Brinjal,Other,Local,2500,3000,2750,14/04/2026
Tamil Nadu,Thanjavur,Papanasam(Uzhavar Sandhai ),Brinjal,Round,Local,3600,4800,4200,14/04/2026
Tamil Nadu,Erode,Gobichettipalayam(Uzhavar Sandhai ),Brinjal,Round,Local,3600,4000,3800,14/04/2026
Tamil Nadu,Erode,Sathiyamagalam(Uzhavar Sandhai ),Brinjal,Round,Local,3400,3800,3600,14/04/2026
Tamil Nadu,Namakkal,Tiruchengode APMC,Brinjal,Other,Local,4500,5000,4750,14/04/2026
Tamil Nadu,Ariyalur,Ariyalur(Uzhavar Sandhai),Brinjal,Round,Local,3000,3400,3200,14/04/2026
Tamil Nadu,Coimbatore,Kurichi(Uzhavar Sandhai ),Brinjal,Round,Local,3000,4000,3500,14/04/2026
Tamil Nadu,Cuddalore,Cuddalore(Uzhavar Sandhai ),Brinjal,Round,Local,3500,4000,3750,14/04/2026
Tamil Nadu,Chengalpattu,Thirukalukundram(Uzhavar Sandhai ),Brinjal,Round,Local,3000,4000,3500,14/04/2026
Tamil Nadu,Tenkasi,Sankarankoil(Uzhavar Sandhai ),Brinjal,Other,Local,3500,3500,3500,14/04/2026
Tamil Nadu,Tuticorin,Tuticorin(Uzhavar Sandhai ),Brinjal,Round,Local,4000,5000,4500,14/04/2026
Tamil Nadu,Vellore,Vellore APMC,Brinjal,Round,Local,3500,3800,3650,14/04/2026
Tamil Nadu,Vellore,Thirupathur APMC,Brinjal,Round,Local,2400,2400,2400,14/04/2026
Tamil Nadu,Dharmapuri,Harur(Uzhavar Sandhai ),Brinjal,Round,Local,2200,2600,2400,14/04/2026
Tamil Nadu,The Nilgiris,Gudalur(Uzhavar Sandhai ),Brinjal,Other,Local,3500,4000,3750,14/04/2026
Tamil Nadu,Salem,Vazhapadi(Uzhavar Sandhai),Brinjal,Other,Local,3000,3000,3000,14/04/2026
Tamil Nadu,Nagapattinam,Vedaranyam(Uzhavar Sandhai),Brinjal,Round,Local,4000,4500,4250,14/04/2026
Tamil Nadu,Cuddalore,Vadalur(Uzhavar Sandhai ),Brinjal,Other,Local,2500,2500,2500,14/04/2026
Tamil Nadu,Dharmapuri,Dharmapuri(Uzhavar Sandhai ),Brinjal,Round,Local,2400,2600,2500,14/04/2026
Tamil Nadu,Dharmapuri,Pennagaram(Uzhavar Sandhai ),Brinjal,Round,Local,3000,3200,3100,14/04/2026
Tamil Nadu,Dharmapuri,Palacode(Uzhavar Sandhai ),Brinjal,Other,Local,2200,2500,2350,14/04/2026
Tamil Nadu,Erode,Thalavadi(Uzhavar Sandhai ),Brinjal,Round,Local,3000,3400,3200,14/04/2026
Tamil Nadu,Kancheepuram,Sunguvarchatram(Uzhavar Sandhai ),Brinjal,Other,Local,3500,4000,3750,14/04/2026
Tamil Nadu,Karur,Kulithalai(Uzhavar Sandhai ),Brinjal,Other,Local,2400,2800,2600,14/04/2026
Tamil Nadu,Karur,Pallapatti (Uzhavar Sandhai ),Brinjal,Other,Local,3000,4000,3500,14/04/2026
Tamil Nadu,Krishnagiri,Hosur(Uzhavar Sandhai ),Brinjal,Round,Local,2500,3000,2750,14/04/2026
Tamil Nadu,Madurai,Usilampatti(Uzhavar Sandhai ),Brinjal,Round,Local,3500,5000,4250,14/04/2026
Tamil Nadu,Ramanathapuram,Kamuthi(Uzhavar Sandhai ),Brinjal,Round,Local,5500,5500,5500,14/04/2026
Tamil Nadu,Salem,Thathakapatti(Uzhavar Sandhai ),Brinjal,Round,Local,2400,3000,2700,14/04/2026
Tamil Nadu,Salem,Mettur(Uzhavar Sandhai ),Brinjal,Other,Local,2500,3500,3000,14/04/2026
Tamil Nadu,Salem,Elampillai(Uzhavar Sandhai ),Brinjal,Other,Local,2600,2800,2700,14/04/2026
Tamil Nadu,Sivaganga,Tirupatthur(Uzhavar Sandhai ),Brinjal,Other,Local,4400,5500,4950,14/04/2026
Tamil Nadu,Theni,Theni(Uzhavar Sandhai ),Brinjal,Other,Local,2500,2800,2650,14/04/2026
Tamil Nadu,Theni,Devaram(Uzhavar Sandhai ),Brinjal,Round,Local,2500,2500,2500,14/04/2026
Tamil Nadu,Theni,Chinnamanur(Uzhavar Sandhai ),Brinjal,Other,Local,2400,2500,2450,14/04/2026
Tamil Nadu,Thiruvellore,Tiruthani(Uzhavar Sandhai ),Brinjal,Round,Local,3000,3000,3000,14/04/2026
Tamil Nadu,Thiruvellore,Paruthipattu(Uzhavar Sandhai ),Brinjal,Round,Local,4000,4000,4000,14/04/2026
Tamil Nadu,Thiruvannamalai,Polur(Uzhavar Sandhai ),Brinjal,Round,Local,3200,3600,3400,14/04/2026
Tamil Nadu,Thiruvannamalai,Vandavasi(Uzhavar Sandhai ),Brinjal,Other,Local,2500,3000,2750,14/04/2026
Tamil Nadu,Thiruchirappalli,Lalgudi(Uzhavar Sandhai ),Brinjal,Round,Local,7000,7000,7000,14/04/2026
Tamil Nadu,Vellore,Gudiyatham(Uzhavar Sandhai ),Brinjal,Other,Local,3500,4000,3750,14/04/2026
Tamil Nadu,Virudhunagar,Virudhunagar(Uzhavar Sandhai ),Brinjal,Round,Local,4000,4100,4050,14/04/2026
Tamil Nadu,Chengalpattu,Madhuranthagam(Uzhavar Sandhai ),Brinjal,Round,Local,3000,3000,3000,14/04/2026
Tamil Nadu,Thirupur,Palladam(Uzhavar Sandhai ),Brinjal,Round,Local,2500,3000,2750,14/04/2026
Tamil Nadu,Coimbatore,Sundarapuram(Uzhavar Sandhai ),Brinjal,Other,Local,2500,3000,2750,14/04/2026
Tamil Nadu,Thiruchirappalli,Thuraiyur APMC,Brinjal,Other,Local,4000,4500,4250,14/04/2026
Tamil Nadu,Ariyalur,Jeyankondam (Uzhavar Sandhai ),Brinjal,Round,Local,3400,4000,3700,14/04/2026
Tamil Nadu,Coimbatore,Pollachi(Uzhavar Sandhai ),Brinjal,Other,Local,2000,2500,2250,14/04/2026
Tamil Nadu,Karur,Karur(Uzhavar Sandhai ),Brinjal,Other,Local,3500,4500,4000,14/04/2026
Tamil Nadu,Cuddalore,Chidambaram(Uzhavar Sandhai ),Brinjal,Round,Local,3000,3000,3000,14/04/2026
Tamil Nadu,Kallakuruchi,Kallakurichi(Uzhavar Sandhai ),Brinjal,Other,Local,3000,3000,3000,14/04/2026
Tamil Nadu,Pudukkottai,Karambakkudi(Uzhavar Sandhai ),Brinjal,Other,Local,3000,4000,3500,14/04/2026
Madhya Pradesh,Morena,Morena APMC,Brinjal,Brinjal,Non-FAQ,1500,1500,1500,14/04/2026
Madhya Pradesh,Badwani,Badwani(F&V) APMC,Brinjal,Brinjal,Local,1000,1000,1000,14/04/2026
Madhya Pradesh,Dhar,Kukshi(F&V) APMC,Brinjal,Brinjal,Grade A,500,1200,800,14/04/2026
Maharashtra,Nagpur,Ramtek APMC,Brinjal,Other,Local,800,1000,900,14/04/2026
Maharashtra,Nashik,Nasik APMC,Brinjal,Other,Local,800,2500,1500,14/04/2026
Maharashtra,Pune,Pune(Moshi) APMC,Brinjal,Other,Local,1000,2000,1500,14/04/2026
Maharashtra,Pune,Pune(Pimpri) APMC,Brinjal,Other,Local,2200,2200,2200,14/04/2026
Maharashtra,Ahmednagar,Rahata APMC,Brinjal,Other,Local,500,1600,1100,14/04/2026
Maharashtra,Pune,Junnar(Otur) APMC,Brinjal,Other,Local,500,1300,1100,14/04/2026
Maharashtra,Chattrapati Sambhajinagar,Chattrapati Sambhajinagar APMC,Brinjal,Other,Local,500,700,600,14/04/2026
Maharashtra,Kolhapur,Kolhapur APMC,Brinjal,Other,Local,1000,2000,1500,14/04/2026
Maharashtra,Sangli,Palus APMC,Brinjal,Other,Local,1500,2500,2000,14/04/2026
Maharashtra,Jalgaon,Bhusaval APMC,Brinjal,Other,Local,1000,2000,1500,14/04/2026
Maharashtra,Nagpur,Hingna APMC,Brinjal,Other,Local,350,1500,894,14/04/2026
Maharashtra,Satara,Vai APMC,Brinjal,Other,Local,2000,3500,2500,14/04/2026
Maharashtra,Pune,Khed(Chakan) APMC,Brinjal,Other,Local,1000,2000,1500,14/04/2026
Maharashtra,Pune,Pune APMC,Brinjal,Other,Local,1000,3000,2000,14/04/2026
Maharashtra,Pune,Pune(Khadiki) APMC,Brinjal,Other,Local,1200,1600,1400,14/04/2026
Rajasthan,Jodhpur,Jodhpur (F&V) APMC,Brinjal,Other,Medium,500,1500,1000,14/04/2026
Rajasthan,Ganganagar,Sriganganagar (F&V) APMC,Brinjal,Brinjal,Medium,2300,2700,2500,14/04/2026
Karnataka,Bangalore,Ramanagara APMC,Brinjal,Brinjal,Local,2000,3200,2500,14/04/2026
Karnataka,Bangalore,Ramanagara APMC,Brinjal,Round,Local,2000,2800,2400,14/04/2026
Karnataka,Chamrajnagar,Chamaraj Nagar APMC,Brinjal,Round/Long,Local,1000,1500,1300,14/04/2026
Karnataka,Chamrajnagar,Chamaraj Nagar APMC,Brinjal,Other,Local,1000,1500,1300,14/04/2026
Haryana,Sonipat,Sonepat APMC,Brinjal,Other,FAQ,1100,2600,1100,14/04/2026
Haryana,Hissar,Uklana APMC,Brinjal,Brinjal,Medium,1200,1200,1200,14/04/2026
Haryana,Hissar,Hansi APMC,Brinjal,Other,Grade Range-1,1000,1200,1100,14/04/2026
Haryana,Ambala,Naraingarh APMC,Brinjal,Brinjal,Medium,1000,2200,1500,14/04/2026
Haryana,Mahendragarh-Narnaul,Mohindergarh APMC,Brinjal,Brinjal,FAQ,1000,1000,1000,14/04/2026
Haryana,Yamuna Nagar,Jagadhri APMC,Brinjal,Brinjal,Medium,1500,1800,1800,14/04/2026
Haryana,Sonipat,Ganaur APMC,Brinjal,Brinjal,Medium,1500,1800,1600,14/04/2026
Haryana,Mahendragarh-Narnaul,Narnaul APMC,Brinjal,Brinjal,Medium,1000,2000,1500,14/04/2026
Haryana,Kurukshetra,Ladwa APMC,Brinjal,Brinjal,Medium,2500,2800,2500,14/04/2026
Haryana,Kurukshetra,Shahabad APMC,Brinjal,Brinjal,Medium,1500,2000,1600,14/04/2026
Haryana,Kurukshetra,Thanesar APMC,Brinjal,Brinjal,Local,1500,2500,2000,14/04/2026
Haryana,Mewat,FerozpurZirkha(Nagina) APMC,Brinjal,Other,Local,1000,1400,1200,14/04/2026
Haryana,Hissar,Barwala(Hisar) APMC,Brinjal,Brinjal,Local,1500,2000,1800,14/04/2026
Haryana,Fatehabad,Ratia APMC,Brinjal,Other,Grade A,900,1800,1500,14/04/2026
Haryana,Sonipat,Gohana APMC,Brinjal,Other,Medium,1500,3000,2000,14/04/2026
Haryana,Panipat,Samalkha APMC,Brinjal,Brinjal,FAQ,1000,1200,1200,14/04/2026
Haryana,Panchkula,Barwala APMC,Brinjal,Brinjal,FAQ,2000,2000,2000,14/04/2026
Punjab,Fazilka,Fazilka APMC,Brinjal,Brinjal,FAQ,2000,2000,2000,14/04/2026
Punjab,Ludhiana,Khanna APMC,Brinjal,Round,Grade A,1000,1000,1000,14/04/2026
Punjab,Gurdaspur,Dinanagar APMC,Brinjal,Brinjal,Medium,2200,2500,2400,14/04/2026
Punjab,Sangrur,Ahmedgarh APMC,Brinjal,Brinjal,Local,2000,2200,2200,14/04/2026
Punjab,Jalandhar,Mehatpur APMC,Brinjal,Brinjal,Local,2000,2000,2000,14/04/2026
Punjab,Patiala,Patiala APMC,Brinjal,Brinjal,Grade A,1000,1800,1500,14/04/2026
Punjab,Jalandhar,Nakodar APMC,Brinjal,Round,Local,1250,1250,1250,14/04/2026
Punjab,Mansa,Mansa APMC,Brinjal,Brinjal,FAQ,2700,2700,2700,14/04/2026
Punjab,Bhatinda,Rampuraphul(Nabha Mandi) APMC,Brinjal,Brinjal,Grade A,900,1200,1000,14/04/2026
Punjab,Gurdaspur,Quadian APMC,Brinjal,Other,Grade A,1900,2000,1950,14/04/2026
Punjab,Fatehgarh,Bassi Pathana APMC,Brinjal,Brinjal,Medium,2000,2200,2100,14/04/2026
Punjab,Hoshiarpur,Garh Shankar APMC,Brinjal,Brinjal,FAQ,2000,2000,2000,14/04/2026
Punjab,Fatehgarh,Khamano APMC,Brinjal,Brinjal,FAQ,2000,2000,2000,14/04/2026
Punjab,Ludhiana,Ludhiana APMC,Brinjal,Other,FAQ,700,1600,1000,14/04/2026
Punjab,Hoshiarpur,Tanda Urmur APMC,Brinjal,Brinjal,Grade A,2500,3000,2800,14/04/2026
Punjab,Ludhiana,Doraha APMC,Brinjal,Other,Local,1200,1200,1200,14/04/2026
Punjab,Ludhiana,Sahnewal APMC,Brinjal,Brinjal,FAQ,1500,1500,1500,14/04/2026
Punjab,Gurdaspur,Dera Baba Nanak APMC,Brinjal,Other,Grade B,1087,1087,1087,14/04/2026
Punjab,Fazilka,Jalalabad APMC,Brinjal,Other,Medium,1300,1500,1400,14/04/2026
Punjab,Nawanshahr,Nawan Shahar(Subzi Mandi) APMC,Brinjal,Brinjal,FAQ,2500,2600,2530,14/04/2026
Punjab,Tarntaran,Harike APMC,Brinjal,Brinjal,FAQ,900,1000,950,14/04/2026
Punjab,Patiala,Nabha APMC,Brinjal,Other,Grade C,600,1200,800,14/04/2026
Punjab,Kapurthala,Sultanpur APMC,Brinjal,Other,Local,2000,2000,2000,14/04/2026
Punjab,Tarntaran,Tarantaran APMC,Brinjal,Other,Local,1900,1900,1900,14/04/2026
West Bengal,Medinipur(W),Ghatal APMC,Brinjal,Brinjal,Local,3900,4100,4000,14/04/2026
West Bengal,North 24 Parganas,Habra APMC,Brinjal,Brinjal,FAQ,5500,5500,5500,14/04/2026
West Bengal,Uttar Dinajpur,Raiganj APMC,Brinjal,Round/Long,FAQ,2600,3000,2800,14/04/2026
West Bengal,Medinipur(E),Tamluk (Medinipur E) APMC,Brinjal,Brinjal,FAQ,3200,3600,3400,14/04/2026
West Bengal,Jhargram,Jhargram APMC,Brinjal,Other,FAQ,3200,3600,3400,14/04/2026
West Bengal,Nadia,Karimpur APMC,Brinjal,Other,Grade A,3600,3800,3700,14/04/2026
West Bengal,Bankura,Bishnupur(Bankura) APMC,Brinjal,Brinjal,Local,2700,3600,3200,14/04/2026
West Bengal,Murshidabad,Lalbagh APMC,Brinjal,Brinjal,FAQ,4400,4500,4450,14/04/2026
West Bengal,North 24 Parganas,Barasat APMC,Brinjal,Other,FAQ,5000,5000,5000,14/04/2026
West Bengal,Uttar Dinajpur,Islampur APMC,Brinjal,Brinjal,FAQ,2500,2900,2700,14/04/2026
West Bengal,Bankura,Khatra APMC,Brinjal,Round/Long,Medium,2600,3600,3200,14/04/2026
West Bengal,Hooghly,Kalipur APMC,Brinjal,Brinjal,FAQ,4000,4400,4200,14/04/2026
West Bengal,Sounth 24 Parganas,Baruipur(Canning) APMC,Brinjal,Brinjal,FAQ,4200,4500,4300,14/04/2026
West Bengal,Puruliya,Balarampur APMC,Brinjal,Other,Local,1500,2000,1800,14/04/2026
Odisha,Sundergarh,Panposh APMC,Brinjal,Brinjal,FAQ,1500,2500,2000,14/04/2026
Odisha,Cuttack,Banki APMC,Brinjal,Other,Local,3000,4000,3500,14/04/2026
Odisha,Sundergarh,Sargipali APMC,Brinjal,Brinjal,FAQ,900,1100,1000,14/04/2026
Odisha,Dhenkanal,Hindol APMC,Brinjal,Brinjal,Grade B,4000,5000,4500,14/04/2026
Odisha,Boudh,Boudh APMC,Brinjal,Other,Local,3000,4000,3500,14/04/2026
Odisha,Bargarh,Godabhaga APMC,Brinjal,Other,Local,2200,2600,2400,14/04/2026
Odisha,Bargarh,Attabira APMC,Brinjal,Other,Local,2200,2600,2400,14/04/2026
Telangana,Hyderabad,Bowenpally APMC,Brinjal,Round,FAQ,500,1500,1200,14/04/2026
Telangana,Ranga Reddy,Chevella APMC,Brinjal,Brinjal,Local,3000,3000,3000,14/04/2026
Telangana,Hyderabad,Bowenpally APMC,Brinjal,Brinjal,FAQ,1000,2000,1800,14/04/2026
Telangana,Hyderabad,Gudimalkapur APMC,Brinjal,Brinjal,Grade B,400,800,600,14/04/2026
Telangana,Ranga Reddy,"Kukatpally,RBZ APMC",Brinjal,Brinjal,Medium,700,1500,1100,14/04/2026
Telangana,Mahbubnagar,Shadnagar APMC,Brinjal,Brinjal,Local,800,1200,1000,14/04/2026
Telangana,Medak,Vantamamidi APMC,Brinjal,Brinjal,Local,500,1500,1000,14/04/2026
Telangana,Hyderabad,Bowenpally APMC,Brinjal,Round/Long,FAQ,500,1500,1200,14/04/2026
Kerala,Palakad,Palakkad APMC,Brinjal,Brinjal,FAQ,3500,4500,4100,14/04/2026
Kerala,Ernakulam,Perumbavoor APMC,Brinjal,Brinjal,Medium,3500,4500,4000,14/04/2026
Kerala,Kottayam,Pala APMC,Brinjal,Brinjal,FAQ,5500,6600,6000,14/04/2026
Kerala,Kasargod,Kanjangadu APMC,Brinjal,Other,FAQ,5600,6500,6000,14/04/2026
Kerala,Wayanad,Kalpetta APMC,Brinjal,Other,FAQ,2100,2200,2200,14/04/2026
Kerala,Malappuram,Kottakkal APMC,Brinjal,Other,Local,4800,4800,4800,14/04/2026
Kerala,Kottayam,Kottayam APMC,Brinjal,Brinjal,FAQ,5200,5600,5400,14/04/2026
Kerala,Kottayam,Pampady APMC,Brinjal,Brinjal,FAQ,3500,4500,4000,14/04/2026
Kerala,Kozhikode(Calicut),Kallachi APMC,Brinjal,Brinjal,FAQ,4300,4700,4500,14/04/2026
Kerala,Kollam,Anchal APMC,Brinjal,Brinjal,Local,3600,3600,3600,14/04/2026
Kerala,Alappuzha,Harippad APMC,Brinjal,Brinjal,FAQ,4500,5000,4500,14/04/2026
Kerala,Kozhikode(Calicut),Mukkom APMC,Brinjal,Brinjal,FAQ,3500,3800,3700,14/04/2026
Kerala,Idukki,Munnar APMC,Brinjal,Other,Medium,5000,5000,5000,14/04/2026
Kerala,Kottayam,Ettumanoor APMC,Brinjal,Brinjal,FAQ,3000,3400,3200,14/04/2026
Kerala,Palakad,Pattambi APMC,Brinjal,Brinjal,FAQ,5500,6000,5800,14/04/2026
Kerala,Malappuram,Parappanangadi APMC,Brinjal,Other,FAQ,4300,4500,4400,14/04/2026
Uttarakhand,Haridwar,Roorkee APMC,Brinjal,Other,Local,550,750,650,14/04/2026
Uttarakhand,Dehradoon,Vikasnagar APMC,Brinjal,Other,Medium,1000,1200,1200,14/04/2026
Himachal Pradesh,Kangra,SMY Jaisinghpur,Brinjal,Brinjal,FAQ,2800,4000,3500,14/04/2026
Himachal Pradesh,Kangra,SMY Palampur,Brinjal,Brinjal,FAQ,2500,3500,3000,14/04/2026
Himachal Pradesh,Mandi,SMY Jogindernagar,Brinjal,Other,Grade B,2800,3000,2900,14/04/2026
Himachal Pradesh,Chamba,PMY Chamba,Brinjal,Brinjal,Medium,2000,2500,2250,14/04/2026
Assam,Kamrup,Pamohi(Garchuk) APMC,Brinjal,Round,FAQ,4000,4500,4200,14/04/2026
Assam,Kamrup,P.O. Uparhali Guwahati APMC,Brinjal,Round/Long,FAQ,2000,2500,2200,14/04/2026
Assam,Kamrup,Pamohi(Garchuk) APMC,Brinjal,Round/Long,FAQ,4500,5500,5000,14/04/2026
Tamil Nadu,Salem,Mecheri(Uzhavar Sandhai),Cauliflower,Ranchi,Local,2500,3000,2750,14/04/2026
Tamil Nadu,Vellore,Pallikonda(Uzhavar Sandhai),Cauliflower,Ranchi,Local,2500,2500,2500,14/04/2026
Tamil Nadu,Thanjavur,Kumbakonam (Uzhavar Sandhai ),Cauliflower,Ranchi,Local,4200,4200,4200,14/04/2026
Tamil Nadu,Krishnagiri,Krishnagiri(Uzhavar Sandhai ),Cauliflower,Ranchi,Local,2000,2500,2250,14/04/2026
Tamil Nadu,Nagapattinam,Sirkali(Uzhavar Sandhai ),Cauliflower,Ranchi,Local,5000,5000,5000,14/04/2026
Tamil Nadu,Perambalur,Perambalur(Uzhavar Sandhai ),Cauliflower,Ranchi,Local,3000,4000,3500,14/04/2026
Tamil Nadu,Ramanathapuram,Paramakudi(Uzhavar Sandhai ),Cauliflower,Ranchi,Local,4500,5000,4750,14/04/2026
Tamil Nadu,Salem,Attayampatti(Uzhavar Sandhai ),Cauliflower,Ranchi,Local,2500,2800,2650,14/04/2026
Tamil Nadu,Sivaganga,Singampunari(Uzhavar Sandhai ),Cauliflower,Ranchi,Local,2500,3000,2750,14/04/2026
Tamil Nadu,Theni,Theni(Uzhavar Sandhai ),Cauliflower,Ranchi,Local,1500,2500,2000,14/04/2026
Tamil Nadu,Theni,Kambam(Uzhavar Sandhai ),Cauliflower,Ranchi,Local,2000,2500,2250,14/04/2026
Tamil Nadu,Theni,Chinnamanur(Uzhavar Sandhai ),Cauliflower,Ranchi,Local,2500,3000,2750,14/04/2026
Tamil Nadu,Thirunelveli,NGO Colony(Uzhavar Sandhai ),Cauliflower,Ranchi,Local,3000,3600,3300,14/04/2026
Tamil Nadu,Thiruvarur,Mannargudi I(Uzhavar Sandhai ),Cauliflower,Ranchi,Local,4600,4600,4600,14/04/2026
Tamil Nadu,Thiruvannamalai,Polur(Uzhavar Sandhai ),Cauliflower,Ranchi,Local,2500,3000,2750,14/04/2026
Tamil Nadu,Thiruchirappalli,KKNagar(Uzhavar Sandhai ),Cauliflower,Ranchi,Local,3500,3500,3500,14/04/2026
Tamil Nadu,Nagercoil (Kannyiakumari),Myladi(Uzhavar Sandhai ),Cauliflower,Ranchi,Local,4000,4500,4250,14/04/2026
Tamil Nadu,Thirupur,Kangayam(Uzhavar Sandhai ),Cauliflower,Ranchi,Local,2500,3000,2750,14/04/2026
Tamil Nadu,Erode,Sathiyamagalam(Uzhavar Sandhai ),Cauliflower,Ranchi,Local,3000,3300,3150,14/04/2026
Tamil Nadu,Coimbatore,Singanallur(Uzhavar Sandhai ),Cauliflower,Ranchi,Local,3000,3500,3250,14/04/2026
Tamil Nadu,Vellore,Thirupathur APMC,Cauliflower,Ranchi,Local,2500,2500,2500,14/04/2026
Tamil Nadu,Theni,Andipatti(Uzhavar Sandhai ),Cauliflower,Ranchi,Local,2000,2500,2250,14/04/2026
Tamil Nadu,Dharmapuri,Karimangalam(Uzhavar Sandhai),Cauliflower,Ranchi,Local,2800,3000,2900,14/04/2026
Tamil Nadu,Salem,Vazhapadi(Uzhavar Sandhai),Cauliflower,Ranchi,Local,2500,2500,2500,14/04/2026
Tamil Nadu,Coimbatore,Sulur(Uzhavar Sandhai ),Cauliflower,Ranchi,Local,3000,3500,3250,14/04/2026
Tamil Nadu,Vellore,Katpadi (Uzhavar Sandhai ),Cauliflower,Ranchi,Local,2500,2500,2500,14/04/2026
Tamil Nadu,Dharmapuri,Pennagaram(Uzhavar Sandhai ),Cauliflower,Ranchi,Local,2400,2500,2450,14/04/2026
Tamil Nadu,Dharmapuri,Palacode(Uzhavar Sandhai ),Cauliflower,Ranchi,Local,2500,3000,2750,14/04/2026
Tamil Nadu,Kancheepuram,Sunguvarchatram(Uzhavar Sandhai ),Cauliflower,Ranchi,Local,2500,3000,2750,14/04/2026
Tamil Nadu,Kancheepuram,Kundrathur(Uzhavar Sandhai ),Cauliflower,Ranchi,Local,2000,2500,2250,14/04/2026
Tamil Nadu,Madurai,Anna nagar(Uzhavar Sandhai ),Cauliflower,Ranchi,Local,2000,2500,2250,14/04/2026
Tamil Nadu,Madurai,Palanganatham(Uzhavar Sandhai ),Cauliflower,Ranchi,Local,2000,2500,2250,14/04/2026
Tamil Nadu,Nagapattinam,Nagapattinam(Uzhavar Sandhai ),Cauliflower,Ranchi,Local,4500,4500,4500,14/04/2026
Tamil Nadu,Ramanathapuram,Ramanathapuram(Uzhavar Sandhai ),Cauliflower,Ranchi,Local,5000,5500,5250,14/04/2026
Tamil Nadu,Salem,Elampillai(Uzhavar Sandhai ),Cauliflower,Ranchi,Local,2500,3000,2750,14/04/2026
Tamil Nadu,Thanjavur,Thanjavur(Uzhavar Sandhai ),Cauliflower,Ranchi,Local,4000,4000,4000,14/04/2026
Tamil Nadu,Thirunelveli,Melapalayam(Uzhavar Sandhai ),Cauliflower,Ranchi,Local,3400,3600,3500,14/04/2026
Tamil Nadu,Thiruvellore,Tiruthani(Uzhavar Sandhai ),Cauliflower,Ranchi,Local,3000,3000,3000,14/04/2026
Tamil Nadu,Thiruchirappalli,Manapparai(Uzhavar Sandhai ),Cauliflower,Ranchi,Local,5000,5000,5000,14/04/2026
Tamil Nadu,Thiruchirappalli,Musiri(Uzhavar Sandhai ),Cauliflower,Ranchi,Local,2500,3000,2750,14/04/2026
Tamil Nadu,Thiruchirappalli,Lalgudi(Uzhavar Sandhai ),Cauliflower,Ranchi,Local,3000,3000,3000,14/04/2026
Tamil Nadu,Virudhunagar,Virudhunagar(Uzhavar Sandhai ),Cauliflower,Ranchi,Local,3300,3500,3400,14/04/2026
Tamil Nadu,Virudhunagar,Thalavaipuram(Uzhavar Sandhai ),Cauliflower,Ranchi,Local,2500,3000,2750,14/04/2026
Tamil Nadu,Namakkal,Tiruchengode APMC,Cauliflower,Ranchi,Local,2500,3000,2750,14/04/2026
Tamil Nadu,Coimbatore,RSPuram(Uzhavar Sandhai ),Cauliflower,Ranchi,Local,3000,3500,3250,14/04/2026
Tamil Nadu,Pudukkottai,Pudukottai(Uzhavar Sandhai ),Cauliflower,Ranchi,Local,4000,5000,4500,14/04/2026
Tamil Nadu,Vellore,Vellore APMC,Cauliflower,Ranchi,Local,2000,2500,2250,14/04/2026
Tamil Nadu,Dharmapuri,Harur(Uzhavar Sandhai ),Cauliflower,Ranchi,Local,3000,3500,3250,14/04/2026
Tamil Nadu,Coimbatore,Udumalpet APMC,Cauliflower,Ranchi,Local,2000,2500,2250,14/04/2026
Tamil Nadu,Karur,Gandhigramam(Uzhavar Sandhai),Cauliflower,Ranchi,Local,3000,3500,3250,14/04/2026
Tamil Nadu,Dharmapuri,AJattihalli(Uzhavar Sandhai ),Cauliflower,Ranchi,Local,3000,3000,3000,14/04/2026
Tamil Nadu,Krishnagiri,Denkanikottai(Uzhavar Sandhai ),Cauliflower,Ranchi,Local,2000,2500,2250,14/04/2026
Tamil Nadu,Namakkal,Namakkal(Uzhavar Sandhai ),Cauliflower,Ranchi,Local,2000,2500,2250,14/04/2026
Tamil Nadu,Namakkal,Rasipuram(Uzhavar Sandhai ),Cauliflower,Ranchi,Local,2500,3500,3000,14/04/2026
Tamil Nadu,The Nilgiris,Udhagamandalam(Uzhavar Sandhai ),Cauliflower,Ranchi,Local,3000,3500,3250,14/04/2026
Tamil Nadu,Sivaganga,Sivagangai (Uzhavar Sandhai ),Cauliflower,Ranchi,Local,2200,2600,2400,14/04/2026
Tamil Nadu,Sivaganga,Devakottai (Uzhavar Sandhai ),Cauliflower,Ranchi,Local,2500,3000,2750,14/04/2026
Tamil Nadu,Sivaganga,Karaikudi(Uzhavar Sandhai ),Cauliflower,Ranchi,Local,2400,2800,2600,14/04/2026
Tamil Nadu,Sivaganga,Tirupatthur(Uzhavar Sandhai ),Cauliflower,Ranchi,Local,2500,3000,2750,14/04/2026
Tamil Nadu,Theni,Bodinayakanur(Uzhavar Sandhai ),Cauliflower,Ranchi,Local,2500,2500,2500,14/04/2026
Tamil Nadu,Thirunelveli,Palayamkottai(Uzhavar Sandhai ),Cauliflower,Ranchi,Local,3400,3600,3500,14/04/2026
Tamil Nadu,Virudhunagar,Kariyapatti(Uzhavar Sandhai ),Cauliflower,Ranchi,Local,3000,3500,3250,14/04/2026
Tamil Nadu,Chengalpattu,Pallavaram(Uzhavar Sandhai ),Cauliflower,Ranchi,Local,2000,2500,2250,14/04/2026
Tamil Nadu,Chengalpattu,Chengalpet(Uzhavar Sandhai ),Cauliflower,Ranchi,Local,2000,3000,2500,14/04/2026
Tamil Nadu,Chengalpattu,Jameenrayapettai(Uzhavar Sandhai ),Cauliflower,Ranchi,Local,2200,2500,2350,14/04/2026
Tamil Nadu,Thirupathur,Natrampalli(Uzhavar Sandhai ),Cauliflower,Ranchi,Local,2500,3000,2750,14/04/2026
Tamil Nadu,Thirupur,Tiruppur (North) (Uzhavar Sandhai ),Cauliflower,Ranchi,Local,2500,3000,2750,14/04/2026
Tamil Nadu,Thirupur,Tiruppur (South) (Uzhavar Sandhai ),Cauliflower,Ranchi,Local,2500,3000,2750,14/04/2026
Tamil Nadu,Coimbatore,Vadavalli(Uzhavar Sandhai ),Cauliflower,Ranchi,Local,3000,3800,3400,14/04/2026
Tamil Nadu,Coimbatore,Mettupalayam(Uzhavar Sandhai ),Cauliflower,Ranchi,Local,3000,3500,3250,14/04/2026
Tamil Nadu,Ranipet,Ranipettai(Uzhavar Sandhai ),Cauliflower,Ranchi,Local,3000,3000,3000,14/04/2026
Tamil Nadu,Ranipet,Arcot(Uzhavar Sandhai ),Cauliflower,Ranchi,Local,3000,3500,3250,14/04/2026
Tamil Nadu,Tuticorin,Tuticorin(Uzhavar Sandhai ),Cauliflower,Ranchi,Local,3000,4000,3500,14/04/2026
Tamil Nadu,The Nilgiris,Gudalur(Uzhavar Sandhai ),Cauliflower,Ranchi,Local,3000,3500,3250,14/04/2026
Tamil Nadu,Namakkal,Paramathivelur(Uzhavar Sandhai ),Cauliflower,Ranchi,Local,2500,3000,2750,14/04/2026
Tamil Nadu,Dharmapuri,Dharmapuri(Uzhavar Sandhai ),Cauliflower,Ranchi,Local,2800,3000,2900,14/04/2026
Tamil Nadu,Dindigul,Chinnalapatti(Uzhavar Sandhai ),Cauliflower,Ranchi,Local,4500,5000,4750,14/04/2026
Tamil Nadu,Erode,Perundurai(Uzhavar Sandhai ),Cauliflower,Ranchi,Local,3200,3500,3350,14/04/2026
Tamil Nadu,Kancheepuram,Kancheepuram(Uzhavar Sandhai ),Cauliflower,Ranchi,Local,2500,3000,2750,14/04/2026
Tamil Nadu,Kancheepuram,Padappai(Uzhavar Sandhai ),Cauliflower,Ranchi,Local,3000,4000,3500,14/04/2026
Tamil Nadu,Krishnagiri,Hosur(Uzhavar Sandhai ),Cauliflower,Ranchi,Local,2000,2500,2250,14/04/2026
Tamil Nadu,Madurai,Chokkikulam(Uzhavar Sandhai ),Cauliflower,Ranchi,Local,2000,2500,2250,14/04/2026
Tamil Nadu,Madurai,Anaiyur(Uzhavar Sandhai ),Cauliflower,Ranchi,Local,2000,2500,2250,14/04/2026
Tamil Nadu,Salem,Thathakapatti(Uzhavar Sandhai ),Cauliflower,Ranchi,Local,2500,3000,2750,14/04/2026
Tamil Nadu,Salem,Mettur(Uzhavar Sandhai ),Cauliflower,Ranchi,Local,1500,2000,1750,14/04/2026
Tamil Nadu,Salem,Hasthampatti(Uzhavar Sandhai ),Cauliflower,Ranchi,Local,2500,3000,2750,14/04/2026
Tamil Nadu,Salem,Jalagandapuram(Uzhavar Sandhai ),Cauliflower,Ranchi,Local,2500,3000,2750,14/04/2026
Tamil Nadu,Salem,Edapadi (Uzhavar Sandhai ),Cauliflower,Ranchi,Local,2500,3000,2750,14/04/2026
Tamil Nadu,Thanjavur,Pattukottai(Uzhavar Sandhai ),Cauliflower,Ranchi,Local,4400,4400,4400,14/04/2026
Tamil Nadu,Thiruchirappalli,Manachanallur(Uzhavar Sandhai ),Cauliflower,Ranchi,Local,3000,4000,3500,14/04/2026
Tamil Nadu,Villupuram,Villupuram(Uzhavar Sandhai ),Cauliflower,Ranchi,Local,2500,3000,2750,14/04/2026
Tamil Nadu,Virudhunagar,Sivakasi(Uzhavar Sandhai ),Cauliflower,Ranchi,Local,2500,3000,2750,14/04/2026
Tamil Nadu,Chengalpattu,Nanganallur(Uzhavar Sandhai ),Cauliflower,Ranchi,Local,1500,2000,1750,14/04/2026
Tamil Nadu,Chengalpattu,Guduvancheri(Uzhavar Sandhai ),Cauliflower,Ranchi,Local,1800,2000,1900,14/04/2026
Tamil Nadu,Thirupur,Palladam(Uzhavar Sandhai ),Cauliflower,Ranchi,Local,2500,3000,2750,14/04/2026
Tamil Nadu,Thirupur,Dharapuram(Uzhavar Sandhai ),Cauliflower,Ranchi,Local,3000,3500,3250,14/04/2026
Tamil Nadu,Coimbatore,Sundarapuram(Uzhavar Sandhai ),Cauliflower,Ranchi,Local,3500,4000,3750,14/04/2026
Tamil Nadu,Erode,Gobichettipalayam(Uzhavar Sandhai ),Cauliflower,Ranchi,Local,3000,3500,3250,14/04/2026
Tamil Nadu,Thiruchirappalli,Thuraiyur APMC,Cauliflower,Ranchi,Local,3500,4000,3750,14/04/2026
Tamil Nadu,Coimbatore,Pollachi(Uzhavar Sandhai ),Cauliflower,Ranchi,Local,3500,4000,3750,14/04/2026
Tamil Nadu,Karur,Karur(Uzhavar Sandhai ),Cauliflower,Ranchi,Local,3000,3500,3250,14/04/2026
Tamil Nadu,Cuddalore,Cuddalore(Uzhavar Sandhai ),Cauliflower,Ranchi,Local,3000,4000,3500,14/04/2026
Tamil Nadu,Kallakuruchi,Kallakurichi(Uzhavar Sandhai ),Cauliflower,Ranchi,Local,4000,4000,4000,14/04/2026
Tamil Nadu,Nagercoil (Kannyiakumari),Vadaseri APMC,Cauliflower,Ranchi,Local,4000,4500,4250,14/04/2026
Tamil Nadu,Nagapattinam,Mayiladuthurai(Uzhavar Sandhai ),Cauliflower,Ranchi,Local,5000,5000,5000,14/04/2026
Tamil Nadu,Salem,Thammampatti (Uzhavar Sandhai ),Cauliflower,Ranchi,Local,2500,3000,2750,14/04/2026
Tamil Nadu,Dindigul,Dindigul(Uzhavar Sandhai ),Cauliflower,Ranchi,Local,4000,5000,4500,14/04/2026
Tamil Nadu,Dindigul,Palani(Uzhavar Sandhai ),Cauliflower,Ranchi,Local,1000,2000,1500,14/04/2026
Tamil Nadu,Erode,Thalavadi(Uzhavar Sandhai ),Cauliflower,Ranchi,Local,2500,3000,2750,14/04/2026
Tamil Nadu,Karur,Kulithalai(Uzhavar Sandhai ),Cauliflower,Ranchi,Local,3500,4000,3750,14/04/2026
Tamil Nadu,Krishnagiri,Avallapalli(Uzhavar Sandhai ),Cauliflower,Ranchi,Local,2000,2500,2250,14/04/2026
Tamil Nadu,Namakkal,Kumarapalayam(Uzhavar Sandhai ),Cauliflower,Ranchi,Local,2500,3000,2750,14/04/2026
Tamil Nadu,Namakkal,Mohanur(Uzhavar Sandhai ),Cauliflower,Ranchi,Local,2000,3000,2500,14/04/2026
Tamil Nadu,Theni,Devaram(Uzhavar Sandhai ),Cauliflower,Ranchi,Local,3000,3000,3000,14/04/2026
Tamil Nadu,Thiruvarur,Mannargudi II(Uzhavar Sandhai ),Cauliflower,Ranchi,Local,4600,4600,4600,14/04/2026
Tamil Nadu,Tuticorin,Kovilpatti(Uzhavar Sandhai ),Cauliflower,Ranchi,Local,3000,3500,3250,14/04/2026
Tamil Nadu,Thiruvannamalai,Tiruvannamalai(Uzhavar Sandhai ),Cauliflower,Ranchi,Local,3500,4000,3750,14/04/2026
Tamil Nadu,Thiruvannamalai,Chengam(Uzhavar Sandhai ),Cauliflower,Ranchi,Local,2500,3000,2750,14/04/2026
Tamil Nadu,Thiruvannamalai,Keelpennathur(Uzhavar Sandhai ),Cauliflower,Ranchi,Local,1500,2000,1750,14/04/2026
Tamil Nadu,Thiruchirappalli,Thiruverumbur(Uzhavar Sandhai ),Cauliflower,Ranchi,Local,3500,3500,3500,14/04/2026
Tamil Nadu,Vellore,Kahithapattarai(Uzhavar Sandhai ),Cauliflower,Ranchi,Local,2000,2000,2000,14/04/2026
Tamil Nadu,Virudhunagar,Aruppukottai(Uzhavar Sandhai ),Cauliflower,Ranchi,Local,3000,3500,3250,14/04/2026
Tamil Nadu,Virudhunagar,Rajapalayam(Uzhavar Sandhai ),Cauliflower,Ranchi,Local,2500,3000,2750,14/04/2026
Tamil Nadu,Virudhunagar,Sathur(Uzhavar Sandhai ),Cauliflower,Ranchi,Local,3500,4000,3750,14/04/2026
Tamil Nadu,Chengalpattu,Medavakkam(Uzhavar Sandhai ),Cauliflower,Ranchi,Local,2500,2500,2500,14/04/2026
Tamil Nadu,Thanjavur,Papanasam(Uzhavar Sandhai ),Cauliflower,Ranchi,Local,4200,4200,4200,14/04/2026
Tamil Nadu,Tenkasi,Tenkasi(Uzhavar Sandhai ),Cauliflower,Ranchi,Local,4000,4000,4000,14/04/2026
Tamil Nadu,Salem,Ammapet(Uzhavar Sandhai ),Cauliflower,Ranchi,Local,2500,3000,2750,14/04/2026
Tamil Nadu,Theni,Periyakulam(Uzhavar Sandhai ),Cauliflower,Ranchi,Local,2000,2500,2250,14/04/2026
Tamil Nadu,The Nilgiris,Coonoor(Uzhavar Sandhai ),Cauliflower,Ranchi,Local,3500,4000,3750,14/04/2026
Tamil Nadu,Virudhunagar,Srivilliputhur(Uzhavar Sandhai ),Cauliflower,Ranchi,Local,2500,3000,2750,14/04/2026
Madhya Pradesh,Dhar,Kukshi(F&V) APMC,Cauliflower,Cauliflower,Grade A,1000,1700,1300,14/04/2026
Madhya Pradesh,Badwani,Badwani(F&V) APMC,Cauliflower,Cauliflower,Local,1000,1000,1000,14/04/2026
Maharashtra,Kolhapur,Kolhapur APMC,Cauliflower,Other,Local,500,1000,750,14/04/2026
Maharashtra,Nagpur,Hingna APMC,Cauliflower,Other,Local,400,2000,1062,14/04/2026
Maharashtra,Pune,Khed(Chakan) APMC,Cauliflower,Other,Local,700,1000,800,14/04/2026
Maharashtra,Pune,Pune APMC,Cauliflower,Other,Local,500,1500,1000,14/04/2026
Maharashtra,Jalgaon,Bhusaval APMC,Cauliflower,Other,Local,1000,1600,1600,14/04/2026
Maharashtra,Nagpur,Ramtek APMC,Cauliflower,Other,Local,800,1000,900,14/04/2026
Maharashtra,Pune,Pune(Khadiki) APMC,Cauliflower,Other,Local,600,900,750,14/04/2026
Maharashtra,Pune,Pune(Pimpri) APMC,Cauliflower,Other,Local,1500,1500,1500,14/04/2026
Maharashtra,Satara,Vai APMC,Cauliflower,Other,Local,1500,2200,1800,14/04/2026
Maharashtra,Mumbai,Mumbai APMC,Cauliflower,Other,Local,800,1400,1100,14/04/2026
Maharashtra,Pune,Khed APMC,Cauliflower,Other,Local,500,1000,800,14/04/2026
Maharashtra,Ahmednagar,Rahata APMC,Cauliflower,Other,Local,500,1000,800,14/04/2026
Maharashtra,Chattrapati Sambhajinagar,Chattrapati Sambhajinagar APMC,Cauliflower,Other,Local,300,400,350,14/04/2026
Maharashtra,Nashik,Nasik APMC,Cauliflower,Other,Local,570,1320,890,14/04/2026
Maharashtra,Pune,Junnar(Otur) APMC,Cauliflower,Other,Local,500,1100,900,14/04/2026
Maharashtra,Pune,Pune(Moshi) APMC,Cauliflower,Other,Local,800,1000,900,14/04/2026
Uttar Pradesh,Aligarh,Atrauli APMC,Cauliflower,Cauliflower,FAQ,1000,1100,1050,14/04/2026
Uttar Pradesh,Badaun,Shahaswan APMC,Cauliflower,Cauliflower,Medium,2000,2000,2000,14/04/2026
Uttar Pradesh,Bulandshahar,Siyana APMC,Cauliflower,Cauliflower,Medium,1700,1760,1730,14/04/2026
Uttar Pradesh,Bulandshahar,Gulavati APMC,Cauliflower,Cauliflower,FAQ,2000,2200,2100,14/04/2026
Uttar Pradesh,Amroha,Hasanpur APMC,Cauliflower,Local,FAQ,1450,1520,1500,14/04/2026
Uttar Pradesh,Jalaun (Orai),Jalaun APMC,Cauliflower,Cauliflower,FAQ,2000,2000,2000,14/04/2026
Karnataka,Haveri,Ranebennur APMC,Cauliflower,Local,Medium,1000,1800,1400,14/04/2026
Karnataka,Bangalore,Ramanagara APMC,Cauliflower,Cauliflower,Local,2000,3000,2400,14/04/2026
Gujarat,Amreli,Damnagar APMC,Cauliflower,Cauliflower,Local,3000,3000,3000,14/04/2026
Gujarat,Porbandar,Porbandar APMC,Cauliflower,African Sarson,Local,2500,3500,3000,14/04/2026
Gujarat,Anand,"Anand(Veg,Yard,Anand) APMC",Cauliflower,Cauliflower,Grade B,1000,1500,1250,14/04/2026
Gujarat,Navsari,Bilimora APMC,Cauliflower,Other,FAQ,1000,2000,1500,14/04/2026
Gujarat,Gandhinagar,Mansa(Manas Veg Yard) APMC,Cauliflower,Cauliflower,Local,2000,2500,2000,14/04/2026
Gujarat,Rajkot,Gondal(Veg.market Gondal) APMC,Cauliflower,Cauliflower,Local,200,2000,1100,14/04/2026
Haryana,Sonipat,Ganaur APMC,Cauliflower,Other,Medium,1500,1800,1600,14/04/2026
Haryana,Gurgaon,Sohna APMC,Cauliflower,Cauliflower,Local,1500,2500,2000,14/04/2026
Haryana,Yamuna Nagar,Mustafabad APMC,Cauliflower,Cauliflower,FAQ,1700,1800,1700,14/04/2026
Haryana,Mahendragarh-Narnaul,Narnaul APMC,Cauliflower,Cauliflower,Medium,1000,2000,1500,14/04/2026
Haryana,Sonipat,Gohana APMC,Cauliflower,Other,Medium,1500,2000,1800,14/04/2026
Haryana,Hissar,Hansi APMC,Cauliflower,Other,Grade Range-1,1000,1500,1300,14/04/2026
Haryana,Sonipat,Sonepat APMC,Cauliflower,Other,FAQ,1200,2000,1200,14/04/2026
Haryana,Ambala,Shahzadpur APMC,Cauliflower,Cauliflower,FAQ,1000,2000,2000,14/04/2026
Haryana,Jind,Narwana APMC,Cauliflower,Cauliflower,Local,2500,2500,2500,14/04/2026
Haryana,Faridabad,Faridabad APMC,Cauliflower,Cauliflower,Local,2000,2000,2000,14/04/2026
Haryana,Mewat,FerozpurZirkha(Nagina) APMC,Cauliflower,Other,Local,1400,1800,1600,14/04/2026
Haryana,Yamuna Nagar,Sadhaura APMC,Cauliflower,Cauliflower,Local,1500,2100,1800,14/04/2026
Haryana,Hissar,Barwala(Hisar) APMC,Cauliflower,Cauliflower,Local,1200,1500,1400,14/04/2026
Haryana,Kurukshetra,Thanesar APMC,Cauliflower,Cauliflower,Local,1500,3500,2500,14/04/2026
Haryana,Ambala,Naraingarh APMC,Cauliflower,Cauliflower,Medium,1200,2000,1500,14/04/2026
Haryana,Yamuna Nagar,Jagadhri APMC,Cauliflower,Cauliflower,Medium,2200,2600,2400,14/04/2026
Haryana,Fatehabad,Ratia APMC,Cauliflower,Other,Grade A,2000,2600,2300,14/04/2026
Haryana,Panipat,Samalkha APMC,Cauliflower,Cauliflower,FAQ,800,1000,900,14/04/2026
Haryana,Kurukshetra,Ladwa APMC,Cauliflower,Cauliflower,Medium,3500,3800,3800,14/04/2026
Haryana,Kurukshetra,Shahabad APMC,Cauliflower,Cauliflower,Medium,2000,2700,2200,14/04/2026
Punjab,Ludhiana,Khanna APMC,Cauliflower,Local,Grade A,1500,1500,1500,14/04/2026
Punjab,Patiala,Rajpura APMC,Cauliflower,Cauliflower,Grade A,1500,2000,1800,14/04/2026
Punjab,Jalandhar,Mehatpur APMC,Cauliflower,Cauliflower,Local,2000,2000,2000,14/04/2026
Punjab,Tarntaran,Harike APMC,Cauliflower,Cauliflower,FAQ,1200,1300,1250,14/04/2026
Punjab,Hoshiarpur,GarhShankar (Kotfatuhi) APMC,Cauliflower,Other,FAQ,1800,1800,1800,14/04/2026
Punjab,Gurdaspur,Batala APMC,Cauliflower,Other,Grade C,1600,2000,1900,14/04/2026
Punjab,Ludhiana,Doraha APMC,Cauliflower,Local,Local,2000,2000,2000,14/04/2026
Punjab,Ropar (Rupnagar),Chamkaur Sahib APMC,Cauliflower,Cauliflower,Medium,2200,2200,2200,14/04/2026
Punjab,Sangrur,Ahmedgarh APMC,Cauliflower,Local,Local,1400,1600,1600,14/04/2026
Punjab,Gurdaspur,F.G.Churian APMC,Cauliflower,Cauliflower,Grade A,2500,2500,2500,14/04/2026
Punjab,Hoshiarpur,Garh Shankar(Mahalpur) APMC,Cauliflower,Cauliflower,FAQ,1700,1700,1700,14/04/2026
Punjab,Patiala,Nabha APMC,Cauliflower,Other,Grade C,2000,2800,2400,14/04/2026
Punjab,Gurdaspur,Quadian APMC,Cauliflower,Other,Grade A,2000,2200,2100,14/04/2026
Punjab,Fazilka,Fazilka APMC,Cauliflower,Cauliflower,FAQ,2000,2000,2000,14/04/2026
Punjab,Kapurthala,Sultanpur APMC,Cauliflower,Other,Local,2000,2000,2000,14/04/2026
Punjab,Hoshiarpur,Garh Shankar APMC,Cauliflower,Cauliflower,FAQ,2500,2500,2500,14/04/2026
Punjab,Hoshiarpur,Tanda Urmur APMC,Cauliflower,Cauliflower,Grade A,3000,4000,3500,14/04/2026
Punjab,Bhatinda,Rampuraphul(Nabha Mandi) APMC,Cauliflower,Cauliflower,Grade A,1000,2000,1500,14/04/2026
Punjab,Nawanshahr,Nawan Shahar(Subzi Mandi) APMC,Cauliflower,Cauliflower,FAQ,1900,2100,2000,14/04/2026
Punjab,Fatehgarh,Bassi Pathana APMC,Cauliflower,Cauliflower,Medium,1500,1700,1600,14/04/2026
Punjab,Jalandhar,Phillaur(Apra Mandi) APMC,Cauliflower,Other,FAQ,2500,2500,2500,14/04/2026
Punjab,Patiala,Patiala APMC,Cauliflower,Cauliflower,Grade B,1500,2500,2000,14/04/2026
Punjab,Ludhiana,Ludhiana APMC,Cauliflower,Other,FAQ,800,1600,1200,14/04/2026
Punjab,Mohali,Kurali APMC,Cauliflower,Cauliflower,Medium,1000,1200,1100,14/04/2026
Punjab,Tarntaran,Tarantaran APMC,Cauliflower,Other,Local,1300,1300,1300,14/04/2026
West Bengal,Puruliya,Balarampur APMC,Cauliflower,Other,Local,2500,3500,3000,14/04/2026
West Bengal,Jhargram,Jhargram APMC,Cauliflower,Other,FAQ,3000,3500,3400,14/04/2026
Odisha,Malkangiri,Malkanagiri APMC,Cauliflower,Other,Grade B,2540,2540,2540,14/04/2026
Odisha,Boudh,Boudh APMC,Cauliflower,Other,Local,3500,4500,4000,14/04/2026
Odisha,Sundergarh,Panposh APMC,Cauliflower,Local,FAQ,2500,3200,3000,14/04/2026
Telangana,Hyderabad,Gudimalkapur APMC,Cauliflower,Cauliflower,Grade B,800,1200,1000,14/04/2026
Telangana,Hyderabad,Bowenpally APMC,Cauliflower,Cauliflower,FAQ,500,1200,1000,14/04/2026
Himachal Pradesh,Kangra,SMY Palampur,Cauliflower,Cauliflower,FAQ,3000,3500,3200,14/04/2026
Himachal Pradesh,Kangra,SMY Jaisinghpur,Cauliflower,Cauliflower,FAQ,3200,3800,3500,14/04/2026
Himachal Pradesh,Mandi,SMY Takoli,Cauliflower,Other,Medium,1000,2500,1700,14/04/2026
Himachal Pradesh,Chamba,PMY Chamba,Cauliflower,Cauliflower,Medium,2500,3000,2750,14/04/2026
Himachal Pradesh,Mandi,SMY Jogindernagar,Cauliflower,Local,Grade B,2800,3500,3150,14/04/2026
Assam,Kamrup,Pamohi(Garchuk) APMC,Cauliflower,Cauliflower,FAQ,4500,5500,5000,14/04/2026
Tamil Nadu,Nagapattinam,Mayiladuthurai(Uzhavar Sandhai ),Cabbage,Cabbage,Local,3000,3000,3000,14/04/2026
Tamil Nadu,Dharmapuri,Dharmapuri(Uzhavar Sandhai ),Cabbage,Cabbage,Local,2600,2800,2700,14/04/2026
Tamil Nadu,Dharmapuri,AJattihalli(Uzhavar Sandhai ),Cabbage,Cabbage,Local,2500,2800,2650,14/04/2026
Tamil Nadu,Kancheepuram,Kancheepuram(Uzhavar Sandhai ),Cabbage,Cabbage,Local,2000,2500,2250,14/04/2026
Tamil Nadu,Karur,Kulithalai(Uzhavar Sandhai ),Cabbage,Cabbage,Local,1600,2000,1800,14/04/2026
Tamil Nadu,Krishnagiri,Hosur(Uzhavar Sandhai ),Cabbage,Cabbage,Local,800,1000,900,14/04/2026
Tamil Nadu,Krishnagiri,Avallapalli(Uzhavar Sandhai ),Cabbage,Cabbage,Local,500,1000,750,14/04/2026
Tamil Nadu,Madurai,Anna nagar(Uzhavar Sandhai ),Cabbage,Cabbage,Local,1500,2000,1750,14/04/2026
Tamil Nadu,Namakkal,Namakkal(Uzhavar Sandhai ),Cabbage,Cabbage,Local,1500,1800,1650,14/04/2026
Tamil Nadu,Perambalur,Perambalur(Uzhavar Sandhai ),Cabbage,Cabbage,Local,2400,2400,2400,14/04/2026
Tamil Nadu,Ramanathapuram,Ramanathapuram(Uzhavar Sandhai ),Cabbage,Cabbage,Local,3000,3200,3100,14/04/2026
Tamil Nadu,Salem,Sooramangalam(Uzhavar Sandhai ),Cabbage,Cabbage,Local,2500,3000,2750,14/04/2026
Tamil Nadu,Salem,Jalagandapuram(Uzhavar Sandhai ),Cabbage,Cabbage,Local,3000,3500,3250,14/04/2026
Tamil Nadu,Salem,Edapadi (Uzhavar Sandhai ),Cabbage,Cabbage,Local,2500,3000,2750,14/04/2026
Tamil Nadu,Theni,Devaram(Uzhavar Sandhai ),Cabbage,Cabbage,Local,2000,2000,2000,14/04/2026
Tamil Nadu,Thirunelveli,Melapalayam(Uzhavar Sandhai ),Cabbage,Cabbage,Local,1800,2000,1900,14/04/2026
Tamil Nadu,Vellore,Kahithapattarai(Uzhavar Sandhai ),Cabbage,Cabbage,Local,1800,1800,1800,14/04/2026
Tamil Nadu,Virudhunagar,Aruppukottai(Uzhavar Sandhai ),Cabbage,Cabbage,Local,2500,3000,2750,14/04/2026
Tamil Nadu,Virudhunagar,Sathur(Uzhavar Sandhai ),Cabbage,Cabbage,Local,2500,3000,2750,14/04/2026
Tamil Nadu,Thirupur,Dharapuram(Uzhavar Sandhai ),Cabbage,Cabbage,Local,2500,3000,2750,14/04/2026
Tamil Nadu,Erode,Sampath Nagar(Uzhavar Sandhai ),Cabbage,Cabbage,Local,1200,1500,1350,14/04/2026
Tamil Nadu,Erode,Gobichettipalayam(Uzhavar Sandhai ),Cabbage,Cabbage,Local,1200,1400,1300,14/04/2026
Tamil Nadu,Erode,Sathiyamagalam(Uzhavar Sandhai ),Cabbage,Cabbage,Local,2000,2400,2200,14/04/2026
Tamil Nadu,Ariyalur,Jeyankondam (Uzhavar Sandhai ),Cabbage,Cabbage,Local,2200,2600,2400,14/04/2026
Tamil Nadu,Theni,Periyakulam(Uzhavar Sandhai ),Cabbage,Cabbage,Local,1800,2000,1900,14/04/2026
Tamil Nadu,Vellore,Thirupathur APMC,Cabbage,Cabbage,Local,2500,2500,2500,14/04/2026
Tamil Nadu,Theni,Andipatti(Uzhavar Sandhai ),Cabbage,Cabbage,Local,1800,2000,1900,14/04/2026
Tamil Nadu,Coimbatore,Sulur(Uzhavar Sandhai ),Cabbage,Cabbage,Local,1600,1800,1700,14/04/2026
Tamil Nadu,Nagapattinam,Vedaranyam(Uzhavar Sandhai),Cabbage,Cabbage,Local,2500,2800,2650,14/04/2026
Tamil Nadu,Namakkal,Paramathivelur(Uzhavar Sandhai ),Cabbage,Cabbage,Local,1500,2000,1750,14/04/2026
Tamil Nadu,Thanjavur,Kumbakonam (Uzhavar Sandhai ),Cabbage,Cabbage,Local,2400,2400,2400,14/04/2026
Tamil Nadu,Dharmapuri,Pennagaram(Uzhavar Sandhai ),Cabbage,Cabbage,Local,2400,2500,2450,14/04/2026
Tamil Nadu,Dharmapuri,Palacode(Uzhavar Sandhai ),Cabbage,Cabbage,Local,2000,2400,2200,14/04/2026
Tamil Nadu,Erode,Thalavadi(Uzhavar Sandhai ),Cabbage,Cabbage,Local,1000,1300,1150,14/04/2026
Tamil Nadu,Salem,Hasthampatti(Uzhavar Sandhai ),Cabbage,Cabbage,Local,3000,3200,3100,14/04/2026
Tamil Nadu,Salem,Elampillai(Uzhavar Sandhai ),Cabbage,Cabbage,Local,2500,3000,2750,14/04/2026
Tamil Nadu,Sivaganga,Tirupatthur(Uzhavar Sandhai ),Cabbage,Cabbage,Local,2000,2500,2250,14/04/2026
Tamil Nadu,Theni,Kambam(Uzhavar Sandhai ),Cabbage,Cabbage,Local,2000,2000,2000,14/04/2026
Tamil Nadu,Theni,Bodinayakanur(Uzhavar Sandhai ),Cabbage,Cabbage,Local,2000,2000,2000,14/04/2026
Tamil Nadu,Theni,Chinnamanur(Uzhavar Sandhai ),Cabbage,Cabbage,Local,2000,2000,2000,14/04/2026
Tamil Nadu,Thiruvellore,Tiruthani(Uzhavar Sandhai ),Cabbage,Cabbage,Local,2000,2000,2000,14/04/2026
Tamil Nadu,Thiruvellore,Ambattur(Uzhavar Sandhai ),Cabbage,Cabbage,Local,2000,2000,2000,14/04/2026
Tamil Nadu,Thiruvellore,Paruthipattu(Uzhavar Sandhai ),Cabbage,Cabbage,Local,3000,3000,3000,14/04/2026
Tamil Nadu,Thiruvannamalai,Arani(Uzhavar Sandhai ),Cabbage,Cabbage,Local,2000,2400,2200,14/04/2026
Tamil Nadu,Thiruchirappalli,Lalgudi(Uzhavar Sandhai ),Cabbage,Cabbage,Local,3000,3000,3000,14/04/2026
Tamil Nadu,Virudhunagar,Virudhunagar(Uzhavar Sandhai ),Cabbage,Cabbage,Local,3400,3500,3450,14/04/2026
Tamil Nadu,Chengalpattu,Chengalpet(Uzhavar Sandhai ),Cabbage,Cabbage,Local,1800,2500,2150,14/04/2026
Tamil Nadu,Chengalpattu,Guduvancheri(Uzhavar Sandhai ),Cabbage,Cabbage,Local,1800,2000,1900,14/04/2026
Tamil Nadu,Thiruvannamalai,Cheyyar(Uzhavar Sandhai ),Cabbage,Cabbage,Local,2000,2400,2200,14/04/2026
Tamil Nadu,Thiruchirappalli,Thuraiyur APMC,Cabbage,Cabbage,Local,2500,3000,2750,14/04/2026
Tamil Nadu,Karur,Karur(Uzhavar Sandhai ),Cabbage,Cabbage,Local,2500,3000,2750,14/04/2026
Tamil Nadu,Pudukkottai,Pudukottai(Uzhavar Sandhai ),Cabbage,Cabbage,Local,2000,2500,2250,14/04/2026
Tamil Nadu,Vellore,Vellore APMC,Cabbage,Cabbage,Local,1800,2000,1900,14/04/2026
Tamil Nadu,The Nilgiris,Gudalur(Uzhavar Sandhai ),Cabbage,Cabbage,Local,1500,1800,1650,14/04/2026
Tamil Nadu,Villupuram,Tindivanam APMC,Cabbage,Cabbage,Local,2500,2500,2500,14/04/2026
Tamil Nadu,Cuddalore,Viruthachalam(Uzhavar Sandhai ),Cabbage,Cabbage,Local,2000,2000,2000,14/04/2026
Tamil Nadu,Dindigul,Dindigul(Uzhavar Sandhai ),Cabbage,Cabbage,Local,2000,3000,2500,14/04/2026
Tamil Nadu,Kancheepuram,Padappai(Uzhavar Sandhai ),Cabbage,Cabbage,Local,1000,1500,1250,14/04/2026
Tamil Nadu,Kancheepuram,Sunguvarchatram(Uzhavar Sandhai ),Cabbage,Cabbage,Local,1200,1500,1350,14/04/2026
Tamil Nadu,Madurai,Palanganatham(Uzhavar Sandhai ),Cabbage,Cabbage,Local,1600,2000,1800,14/04/2026
Tamil Nadu,Madurai,Anaiyur(Uzhavar Sandhai ),Cabbage,Cabbage,Local,1600,2000,1800,14/04/2026
Tamil Nadu,Nagapattinam,Nagapattinam(Uzhavar Sandhai ),Cabbage,Cabbage,Local,3000,3500,3250,14/04/2026
Tamil Nadu,Namakkal,Mohanur(Uzhavar Sandhai ),Cabbage,Cabbage,Local,2000,2500,2250,14/04/2026
Tamil Nadu,The Nilgiris,Udhagamandalam(Uzhavar Sandhai ),Cabbage,Cabbage,Local,1200,1500,1350,14/04/2026
Tamil Nadu,Sivaganga,Sivagangai (Uzhavar Sandhai ),Cabbage,Cabbage,Local,1800,2200,2000,14/04/2026
Tamil Nadu,Theni,Theni(Uzhavar Sandhai ),Cabbage,Cabbage,Local,2000,2000,2000,14/04/2026
Tamil Nadu,Thirunelveli,Palayamkottai(Uzhavar Sandhai ),Cabbage,Cabbage,Local,1800,2000,1900,14/04/2026
Tamil Nadu,Thiruvarur,Mannargudi II(Uzhavar Sandhai ),Cabbage,Cabbage,Local,3400,3400,3400,14/04/2026
Tamil Nadu,Thiruvannamalai,Polur(Uzhavar Sandhai ),Cabbage,Cabbage,Local,2000,2400,2200,14/04/2026
Tamil Nadu,Thiruchirappalli,KKNagar(Uzhavar Sandhai ),Cabbage,Cabbage,Local,3000,3000,3000,14/04/2026
Tamil Nadu,Vellore,Gudiyatham(Uzhavar Sandhai ),Cabbage,Cabbage,Local,2500,2500,2500,14/04/2026
Tamil Nadu,Villupuram,Gingee(Uzhavar Sandhai ),Cabbage,Cabbage,Local,3500,3500,3500,14/04/2026
Tamil Nadu,Thirupur,Palladam(Uzhavar Sandhai ),Cabbage,Cabbage,Local,2000,2500,2250,14/04/2026
Tamil Nadu,Thanjavur,Papanasam(Uzhavar Sandhai ),Cabbage,Cabbage,Local,2400,2400,2400,14/04/2026
Tamil Nadu,Coimbatore,Vadavalli(Uzhavar Sandhai ),Cabbage,Cabbage,Local,1600,2000,1800,14/04/2026
Tamil Nadu,Coimbatore,Sundarapuram(Uzhavar Sandhai ),Cabbage,Cabbage,Local,1500,2000,1750,14/04/2026
Tamil Nadu,Namakkal,Tiruchengode APMC,Cabbage,Cabbage,Local,1800,2000,1900,14/04/2026
Tamil Nadu,Coimbatore,Mettupalayam(Uzhavar Sandhai ),Cabbage,Cabbage,Local,2000,2400,2200,14/04/2026
Tamil Nadu,Cuddalore,Cuddalore(Uzhavar Sandhai ),Cabbage,Cabbage,Local,2500,2500,2500,14/04/2026
Tamil Nadu,Ranipet,Ranipettai(Uzhavar Sandhai ),Cabbage,Cabbage,Local,1500,1500,1500,14/04/2026
Tamil Nadu,Virudhunagar,Srivilliputhur(Uzhavar Sandhai ),Cabbage,Cabbage,Local,2500,3000,2750,14/04/2026
Tamil Nadu,Coimbatore,Udumalpet APMC,Cabbage,Cabbage,Local,2000,2500,2250,14/04/2026
Tamil Nadu,Salem,Mecheri(Uzhavar Sandhai),Cabbage,Cabbage,Local,2500,3000,2750,14/04/2026
Tamil Nadu,Vellore,Perampet(Uzhavar Sandhai),Cabbage,Cabbage,Local,2000,2000,2000,14/04/2026
Tamil Nadu,Karur,Gandhigramam(Uzhavar Sandhai),Cabbage,Cabbage,Local,2500,3000,2750,14/04/2026
Tamil Nadu,Dindigul,Chinnalapatti(Uzhavar Sandhai ),Cabbage,Cabbage,Local,2500,3000,2750,14/04/2026
Tamil Nadu,Erode,Perundurai(Uzhavar Sandhai ),Cabbage,Cabbage,Local,1200,1400,1300,14/04/2026
Tamil Nadu,Kancheepuram,Kundrathur(Uzhavar Sandhai ),Cabbage,Cabbage,Local,2000,2000,2000,14/04/2026
Tamil Nadu,Krishnagiri,Krishnagiri(Uzhavar Sandhai ),Cabbage,Cabbage,Local,1000,1500,1250,14/04/2026
Tamil Nadu,Namakkal,Rasipuram(Uzhavar Sandhai ),Cabbage,Cabbage,Local,1800,2000,1900,14/04/2026
Tamil Nadu,Salem,Thathakapatti(Uzhavar Sandhai ),Cabbage,Cabbage,Local,2500,3000,2750,14/04/2026
Tamil Nadu,Salem,Mettur(Uzhavar Sandhai ),Cabbage,Cabbage,Local,2000,2000,2000,14/04/2026
Tamil Nadu,Sivaganga,Singampunari(Uzhavar Sandhai ),Cabbage,Cabbage,Local,2000,2500,2250,14/04/2026
Tamil Nadu,Thanjavur,Thanjavur(Uzhavar Sandhai ),Cabbage,Cabbage,Local,2400,2400,2400,14/04/2026
Tamil Nadu,Tuticorin,Kovilpatti(Uzhavar Sandhai ),Cabbage,Cabbage,Local,2500,3000,2750,14/04/2026
Tamil Nadu,Thiruvannamalai,Tiruvannamalai(Uzhavar Sandhai ),Cabbage,Cabbage,Local,1500,2000,1750,14/04/2026
Tamil Nadu,Thiruvannamalai,Chengam(Uzhavar Sandhai ),Cabbage,Cabbage,Local,2500,3000,2750,14/04/2026
Tamil Nadu,Thiruchirappalli,Manapparai(Uzhavar Sandhai ),Cabbage,Cabbage,Local,3000,3000,3000,14/04/2026
Tamil Nadu,Villupuram,Villupuram(Uzhavar Sandhai ),Cabbage,Cabbage,Local,2500,2500,2500,14/04/2026
Tamil Nadu,Virudhunagar,Kariyapatti(Uzhavar Sandhai ),Cabbage,Cabbage,Local,2500,3000,2750,14/04/2026
Tamil Nadu,Nagercoil (Kannyiakumari),Myladi(Uzhavar Sandhai ),Cabbage,Cabbage,Local,3500,4000,3750,14/04/2026
Tamil Nadu,Chengalpattu,Pallavaram(Uzhavar Sandhai ),Cabbage,Cabbage,Local,2000,2500,2250,14/04/2026
Tamil Nadu,Chengalpattu,Nanganallur(Uzhavar Sandhai ),Cabbage,Cabbage,Local,1500,2000,1750,14/04/2026
Tamil Nadu,Thirupathur,Vaniyampadi(Uzhavar Sandhai ),Cabbage,Cabbage,Local,3000,3000,3000,14/04/2026
Tamil Nadu,Thirupur,Tiruppur (North) (Uzhavar Sandhai ),Cabbage,Cabbage,Local,2200,2500,2350,14/04/2026
Tamil Nadu,Thirupur,Tiruppur (South) (Uzhavar Sandhai ),Cabbage,Cabbage,Local,1800,2000,1900,14/04/2026
Tamil Nadu,Ariyalur,Ariyalur(Uzhavar Sandhai),Cabbage,Cabbage,Local,2000,2600,2300,14/04/2026
Tamil Nadu,Coimbatore,RSPuram(Uzhavar Sandhai ),Cabbage,Cabbage,Local,1400,1600,1500,14/04/2026
Tamil Nadu,Coimbatore,Singanallur(Uzhavar Sandhai ),Cabbage,Cabbage,Local,1600,1800,1700,14/04/2026
Tamil Nadu,Tenkasi,Tenkasi(Uzhavar Sandhai ),Cabbage,Cabbage,Local,2000,2000,2000,14/04/2026
Tamil Nadu,Tuticorin,Tuticorin(Uzhavar Sandhai ),Cabbage,Cabbage,Local,2500,3000,2750,14/04/2026
Tamil Nadu,Salem,Athur(Uzhavar Sandhai ),Cabbage,Cabbage,Local,2000,2500,2250,14/04/2026
Tamil Nadu,Dharmapuri,Harur(Uzhavar Sandhai ),Cabbage,Cabbage,Local,2200,2600,2400,14/04/2026
Tamil Nadu,Dharmapuri,Karimangalam(Uzhavar Sandhai),Cabbage,Cabbage,Local,2600,2800,2700,14/04/2026
Tamil Nadu,Vellore,Pallikonda(Uzhavar Sandhai),Cabbage,Cabbage,Local,2000,2000,2000,14/04/2026
Tamil Nadu,Salem,Vazhapadi(Uzhavar Sandhai),Cabbage,Cabbage,Local,2500,2500,2500,14/04/2026
Tamil Nadu,Salem,Thammampatti (Uzhavar Sandhai ),Cabbage,Cabbage,Local,2000,2500,2250,14/04/2026
Tamil Nadu,Vellore,Katpadi (Uzhavar Sandhai ),Cabbage,Cabbage,Local,2000,2000,2000,14/04/2026
Tamil Nadu,Cuddalore,Vadalur(Uzhavar Sandhai ),Cabbage,Cabbage,Local,3000,3000,3000,14/04/2026
Tamil Nadu,Dindigul,Palani(Uzhavar Sandhai ),Cabbage,Cabbage,Local,1600,2200,1900,14/04/2026
Tamil Nadu,Krishnagiri,Denkanikottai(Uzhavar Sandhai ),Cabbage,Cabbage,Local,800,1000,900,14/04/2026
Tamil Nadu,Madurai,Chokkikulam(Uzhavar Sandhai ),Cabbage,Cabbage,Local,1600,2000,1800,14/04/2026
Tamil Nadu,Nagapattinam,Sirkali(Uzhavar Sandhai ),Cabbage,Cabbage,Local,2500,3000,2750,14/04/2026
Tamil Nadu,Namakkal,Kumarapalayam(Uzhavar Sandhai ),Cabbage,Cabbage,Local,1500,2000,1750,14/04/2026
Tamil Nadu,Ramanathapuram,Paramakudi(Uzhavar Sandhai ),Cabbage,Cabbage,Local,2500,3000,2750,14/04/2026
Tamil Nadu,Salem,Attayampatti(Uzhavar Sandhai ),Cabbage,Cabbage,Local,2500,3000,2750,14/04/2026
Tamil Nadu,Sivaganga,Devakottai (Uzhavar Sandhai ),Cabbage,Cabbage,Local,2000,2500,2250,14/04/2026
Tamil Nadu,Sivaganga,Karaikudi(Uzhavar Sandhai ),Cabbage,Cabbage,Local,2000,2400,2200,14/04/2026
Tamil Nadu,Thanjavur,Pattukottai(Uzhavar Sandhai ),Cabbage,Cabbage,Local,2200,2200,2200,14/04/2026
Tamil Nadu,Thirunelveli,NGO Colony(Uzhavar Sandhai ),Cabbage,Cabbage,Local,1500,2000,1750,14/04/2026
Tamil Nadu,Thiruvarur,Mannargudi I(Uzhavar Sandhai ),Cabbage,Cabbage,Local,3400,3400,3400,14/04/2026
Tamil Nadu,Thiruvannamalai,Keelpennathur(Uzhavar Sandhai ),Cabbage,Cabbage,Local,1500,2000,1750,14/04/2026
Tamil Nadu,Thiruchirappalli,Musiri(Uzhavar Sandhai ),Cabbage,Cabbage,Local,2000,2600,2300,14/04/2026
Tamil Nadu,Thiruchirappalli,Thiruverumbur(Uzhavar Sandhai ),Cabbage,Cabbage,Local,2500,3000,2750,14/04/2026
Tamil Nadu,Thiruchirappalli,Manachanallur(Uzhavar Sandhai ),Cabbage,Cabbage,Local,2500,3000,2750,14/04/2026
Tamil Nadu,Virudhunagar,Rajapalayam(Uzhavar Sandhai ),Cabbage,Cabbage,Local,2500,3000,2750,14/04/2026
Tamil Nadu,Virudhunagar,Sivakasi(Uzhavar Sandhai ),Cabbage,Cabbage,Local,2500,3000,2750,14/04/2026
Tamil Nadu,Virudhunagar,Thalavaipuram(Uzhavar Sandhai ),Cabbage,Cabbage,Local,2500,3000,2750,14/04/2026
Tamil Nadu,Chengalpattu,Jameenrayapettai(Uzhavar Sandhai ),Cabbage,Cabbage,Local,1800,2000,1900,14/04/2026
Tamil Nadu,Thirupathur,Natrampalli(Uzhavar Sandhai ),Cabbage,Cabbage,Local,2000,3000,2500,14/04/2026
Tamil Nadu,Coimbatore,Pollachi(Uzhavar Sandhai ),Cabbage,Cabbage,Local,1600,2000,1800,14/04/2026
Tamil Nadu,Thiruvarur,Muthupettai(Uzhavar Sandhai ),Cabbage,Cabbage,Local,3000,3000,3000,14/04/2026
Tamil Nadu,Kallakuruchi,Kallakurichi(Uzhavar Sandhai ),Cabbage,Cabbage,Local,3000,3000,3000,14/04/2026
Tamil Nadu,Ranipet,Arcot(Uzhavar Sandhai ),Cabbage,Cabbage,Local,2000,2000,2000,14/04/2026
Tamil Nadu,Nagercoil (Kannyiakumari),Vadaseri APMC,Cabbage,Cabbage,Local,3000,3500,3250,14/04/2026
Tamil Nadu,Salem,Ammapet(Uzhavar Sandhai ),Cabbage,Cabbage,Local,2500,2500,2500,14/04/2026
Tamil Nadu,The Nilgiris,Coonoor(Uzhavar Sandhai ),Cabbage,Cabbage,Local,1200,1500,1350,14/04/2026
Madhya Pradesh,Dhar,Kukshi(F&V) APMC,Cabbage,Cabbage,Grade A,400,700,500,14/04/2026
Madhya Pradesh,Badwani,Badwani(F&V) APMC,Cabbage,Cabbage,Local,1000,1000,1000,14/04/2026
Rajasthan,Jalore,Jalore APMC,Cabbage,Cabbage,Local,800,1000,900,14/04/2026
Rajasthan,Jodhpur,Jodhpur (F&V) APMC,Cabbage,Other,Medium,500,1000,800,14/04/2026
Rajasthan,Ganganagar,Sriganganagar (F&V) APMC,Cabbage,Cabbage,Medium,400,600,500,14/04/2026
Karnataka,Chamrajnagar,Chamaraj Nagar APMC,Cabbage,Cabbage,Local,1000,1500,1300,14/04/2026
Karnataka,Bangalore,Ramanagara APMC,Cabbage,Cabbage,Local,700,1000,800,14/04/2026
Haryana,Mahendragarh-Narnaul,Mohindergarh APMC,Cabbage,Cabbage,FAQ,600,600,600,14/04/2026
Haryana,Ambala,Shahzadpur APMC,Cabbage,Cabbage,FAQ,1000,1000,1000,14/04/2026
Haryana,Kurukshetra,Thanesar APMC,Cabbage,Cabbage,Local,400,600,500,14/04/2026
Haryana,Hissar,Hansi APMC,Cabbage,Other,Grade Range-1,400,500,450,14/04/2026
Haryana,Mahendragarh-Narnaul,Narnaul APMC,Cabbage,Cabbage,Medium,600,800,700,14/04/2026
Haryana,Faridabad,Faridabad APMC,Cabbage,Cabbage,Local,700,700,700,14/04/2026
Haryana,Kurukshetra,Ladwa APMC,Cabbage,Cabbage,Medium,1500,1500,1500,14/04/2026
Haryana,Ambala,Naraingarh APMC,Cabbage,Cabbage,Medium,400,600,500,14/04/2026
Haryana,Yamuna Nagar,Mustafabad APMC,Cabbage,Other,FAQ,700,800,800,14/04/2026
Haryana,Kurukshetra,Shahabad APMC,Cabbage,Cabbage,Medium,500,800,700,14/04/2026
Haryana,Sonipat,Sonepat APMC,Cabbage,Other,FAQ,700,800,800,14/04/2026
Haryana,Yamuna Nagar,Jagadhri APMC,Cabbage,Cabbage,Medium,400,500,500,14/04/2026
Haryana,Hissar,Barwala(Hisar) APMC,Cabbage,Cabbage,Local,400,500,500,14/04/2026
Haryana,Sonipat,Ganaur APMC,Cabbage,Cabbage,Medium,1000,1200,1200,14/04/2026
Haryana,Panipat,Samalkha APMC,Cabbage,Cabbage,FAQ,500,500,500,14/04/2026
Kerala,Malappuram,Kottakkal APMC,Cabbage,Other,Local,1500,1500,1500,14/04/2026
Kerala,Kasargod,Kanjangadu APMC,Cabbage,Cabbage,FAQ,3300,3900,3500,14/04/2026
Kerala,Kozhikode(Calicut),Mukkom APMC,Cabbage,Cabbage,FAQ,2300,2700,2500,14/04/2026
Kerala,Idukki,Munnar APMC,Cabbage,Other,Medium,3000,3000,3000,14/04/2026
Kerala,Kollam,Anchal APMC,Cabbage,Cabbage,Medium,4800,4800,4800,14/04/2026
Kerala,Kottayam,Pala APMC,Cabbage,Cabbage,FAQ,2700,3600,3200,14/04/2026
Kerala,Ernakulam,Perumbavoor APMC,Cabbage,Cabbage,Medium,2500,3500,3000,14/04/2026
Kerala,Malappuram,Parappanangadi APMC,Cabbage,Other,FAQ,1300,1500,1400,14/04/2026
Kerala,Palakad,Palakkad APMC,Cabbage,Cabbage,FAQ,1300,2000,1700,14/04/2026
Kerala,Kottayam,Pampady APMC,Cabbage,Cabbage,FAQ,4500,5500,5000,14/04/2026
Kerala,Alappuzha,Harippad APMC,Cabbage,Cabbage,FAQ,4000,4500,4000,14/04/2026
Kerala,Kottayam,Kottayam APMC,Cabbage,Cabbage,FAQ,3000,3400,3200,14/04/2026
Kerala,Thirssur,Chavakkad APMC,Cabbage,Cabbage,FAQ,2000,3000,3000,14/04/2026
Kerala,Palakad,Pattambi APMC,Cabbage,Cabbage,FAQ,1500,1800,1600,14/04/2026
Kerala,Kottayam,Athirampuzha APMC,Cabbage,Cabbage,FAQ,2400,2600,2500,14/04/2026
Kerala,Kottayam,Ettumanoor APMC,Cabbage,Cabbage,FAQ,2800,3200,3000,14/04/2026
Kerala,Idukki,Kanthaloor VFPCK APMC,Cabbage,Cabbage,FAQ,2800,3400,3100,14/04/2026
Himachal Pradesh,Mandi,SMY Jogindernagar,Cabbage,Cabbage,Grade B,1000,1200,1100,14/04/2026
Himachal Pradesh,Mandi,SMY Takoli,Cabbage,Other,Medium,500,1000,800,14/04/2026
Himachal Pradesh,Chamba,PMY Chamba,Cabbage,Cabbage,Medium,1000,1500,1250,14/04/2026
Himachal Pradesh,Kangra,SMY Jaisinghpur,Cabbage,Cabbage,FAQ,1100,1400,1300,14/04/2026
Himachal Pradesh,Kangra,SMY Palampur,Cabbage,Cabbage,FAQ,1000,1200,1100,14/04/2026
Assam,Kamrup,P.O. Uparhali Guwahati APMC,Cabbage,Cabbage,FAQ,2000,2500,2300,14/04/2026
Assam,Kamrup,Pamohi(Garchuk) APMC,Cabbage,Cabbage,FAQ,2000,2500,2300,14/04/2026
Tamil Nadu,Villupuram,Ulundurpettai APMC,Bitter gourd,Bitter Gourd,Local,5000,5000,5000,14/04/2026
Tamil Nadu,Dharmapuri,Karimangalam(Uzhavar Sandhai),Bitter gourd,Other,Local,3800,4000,3900,14/04/2026
Tamil Nadu,Pudukkottai,Gandarvakottai(Uzhavar Sandhai ),Bitter gourd,Bitter Gourd,Local,2500,3000,2750,14/04/2026
Tamil Nadu,Salem,Thammampatti (Uzhavar Sandhai ),Bitter gourd,Bitter Gourd,Local,3500,4000,3750,14/04/2026
Tamil Nadu,Thiruvarur,Tiruvarur(Uzhavar Sandhai ),Bitter gourd,Bitter Gourd,Local,3000,3000,3000,14/04/2026
Tamil Nadu,Cuddalore,Panruti(Uzhavar Sandhai ),Bitter gourd,Bitter Gourd,Local,4000,4000,4000,14/04/2026
Tamil Nadu,Cuddalore,Vadalur(Uzhavar Sandhai ),Bitter gourd,Other,Local,4000,4000,4000,14/04/2026
Tamil Nadu,Dharmapuri,Palacode(Uzhavar Sandhai ),Bitter gourd,Other,Local,3200,3500,3350,14/04/2026
Tamil Nadu,Erode,Perundurai(Uzhavar Sandhai ),Bitter gourd,Bitter Gourd,Local,4000,4200,4100,14/04/2026
Tamil Nadu,Kancheepuram,Kancheepuram(Uzhavar Sandhai ),Bitter gourd,Bitter Gourd,Local,3000,4000,3500,14/04/2026
Tamil Nadu,Krishnagiri,Hosur(Uzhavar Sandhai ),Bitter gourd,Bitter Gourd,Local,3500,4000,3750,14/04/2026
Tamil Nadu,Krishnagiri,Krishnagiri(Uzhavar Sandhai ),Bitter gourd,Bitter Gourd,Local,2500,2800,2650,14/04/2026
Tamil Nadu,Madurai,Anaiyur(Uzhavar Sandhai ),Bitter gourd,Bitter Gourd,Local,3000,3600,3300,14/04/2026
Tamil Nadu,Namakkal,Kumarapalayam(Uzhavar Sandhai ),Bitter gourd,Bitter Gourd,Local,4500,5000,4750,14/04/2026
Tamil Nadu,Pudukkottai,Viralimalai(Uzhavar Sandhai ),Bitter gourd,Bitter Gourd,Local,3300,4000,3650,14/04/2026
Tamil Nadu,Salem,Mettur(Uzhavar Sandhai ),Bitter gourd,Bitter Gourd,Local,3500,4000,3750,14/04/2026
Tamil Nadu,Salem,Edapadi (Uzhavar Sandhai ),Bitter gourd,Other,Local,3800,4000,3900,14/04/2026
Tamil Nadu,Sivaganga,Tirupatthur(Uzhavar Sandhai ),Bitter gourd,Other,Local,3500,4000,3750,14/04/2026
Tamil Nadu,Thiruvarur,Tiruthuraipoondi(Uzhavar Sandhai ),Bitter gourd,Bitter Gourd,Local,3000,3000,3000,14/04/2026
Tamil Nadu,Thiruvannamalai,Polur(Uzhavar Sandhai ),Bitter gourd,Bitter Gourd,Local,4200,4800,4500,14/04/2026
Tamil Nadu,Chengalpattu,Guduvancheri(Uzhavar Sandhai ),Bitter gourd,Bitter Gourd,Local,4000,5000,4500,14/04/2026
Tamil Nadu,Thirupathur,Vaniyampadi(Uzhavar Sandhai ),Bitter gourd,Bitter Gourd,Local,4000,4000,4000,14/04/2026
Tamil Nadu,Thirupur,Tiruppur (South) (Uzhavar Sandhai ),Bitter gourd,Other,Local,4000,5000,4500,14/04/2026
Tamil Nadu,Thanjavur,Papanasam(Uzhavar Sandhai ),Bitter gourd,Other,Local,3600,3600,3600,14/04/2026
Tamil Nadu,Erode,Gobichettipalayam(Uzhavar Sandhai ),Bitter gourd,Bitter Gourd,Local,4000,4200,4100,14/04/2026
Tamil Nadu,Coimbatore,RSPuram(Uzhavar Sandhai ),Bitter gourd,Other,Local,4000,4600,4300,14/04/2026
Tamil Nadu,Coimbatore,Pollachi(Uzhavar Sandhai ),Bitter gourd,Bitter Gourd,Local,4500,5000,4750,14/04/2026
Tamil Nadu,Kallakuruchi,Kallakurichi(Uzhavar Sandhai ),Bitter gourd,Bitter Gourd,Local,6000,6000,6000,14/04/2026
Tamil Nadu,Tuticorin,Tuticorin(Uzhavar Sandhai ),Bitter gourd,Other,Local,4000,5000,4500,14/04/2026
Tamil Nadu,Vellore,Thirupathur APMC,Bitter gourd,Bitter Gourd,Local,4000,4000,4000,14/04/2026
Tamil Nadu,Dharmapuri,Harur(Uzhavar Sandhai ),Bitter gourd,Bitter Gourd,Local,3200,3600,3400,14/04/2026
Tamil Nadu,Villupuram,Tindivanam APMC,Bitter gourd,Other,Local,3000,3000,3000,14/04/2026
Tamil Nadu,Thanjavur,Peravurani(Uzhavar Sandhai),Bitter gourd,Bitter Gourd,Local,4500,4500,4500,14/04/2026
Tamil Nadu,Namakkal,Paramathivelur(Uzhavar Sandhai ),Bitter gourd,Bitter Gourd,Local,4200,4800,4500,14/04/2026
Tamil Nadu,Dindigul,Dindigul(Uzhavar Sandhai ),Bitter gourd,Other,Local,4000,5000,4500,14/04/2026
Tamil Nadu,Dindigul,Chinnalapatti(Uzhavar Sandhai ),Bitter gourd,Bitter Gourd,Local,4500,5000,4750,14/04/2026
Tamil Nadu,Kancheepuram,Kundrathur(Uzhavar Sandhai ),Bitter gourd,Bitter Gourd,Local,3500,3500,3500,14/04/2026
Tamil Nadu,Karur,Pallapatti (Uzhavar Sandhai ),Bitter gourd,Other,Local,3500,4000,3750,14/04/2026
Tamil Nadu,Krishnagiri,Avallapalli(Uzhavar Sandhai ),Bitter gourd,Bitter Gourd,Local,3500,4000,3750,14/04/2026
Tamil Nadu,Madurai,Usilampatti(Uzhavar Sandhai ),Bitter gourd,Other,Local,3000,3600,3300,14/04/2026
Tamil Nadu,Madurai,Thirumangalam(Uzhavar Sandhai ),Bitter gourd,Bitter Gourd,Local,3000,3600,3300,14/04/2026
Tamil Nadu,Namakkal,Namakkal(Uzhavar Sandhai ),Bitter gourd,Other,Local,4000,4800,4400,14/04/2026
Tamil Nadu,Salem,Hasthampatti(Uzhavar Sandhai ),Bitter gourd,Other,Local,3800,4000,3900,14/04/2026
Tamil Nadu,Thanjavur,Tirukattupalli(Uzhavar Sandhai ),Bitter gourd,Bitter Gourd,Local,2400,2400,2400,14/04/2026
Tamil Nadu,Theni,Devaram(Uzhavar Sandhai ),Bitter gourd,Bitter Gourd,Local,2500,2500,2500,14/04/2026
Tamil Nadu,Thiruvellore,Paruthipattu(Uzhavar Sandhai ),Bitter gourd,Bitter Gourd,Local,4000,4000,4000,14/04/2026
Tamil Nadu,Thiruvannamalai,Tamarainagar(Uzhavar Sandhai ),Bitter gourd,Bitter Gourd,Local,2500,3000,2750,14/04/2026
Tamil Nadu,Thiruchirappalli,KKNagar(Uzhavar Sandhai ),Bitter gourd,Other,Local,4600,4600,4600,14/04/2026
Tamil Nadu,Thiruchirappalli,Manapparai(Uzhavar Sandhai ),Bitter gourd,Other,Local,4000,4000,4000,14/04/2026
Tamil Nadu,Villupuram,Gingee(Uzhavar Sandhai ),Bitter gourd,Other,Local,3500,4500,4000,14/04/2026
Tamil Nadu,Nagercoil (Kannyiakumari),Myladi(Uzhavar Sandhai ),Bitter gourd,Bitter Gourd,Local,4000,4500,4250,14/04/2026
Tamil Nadu,Chengalpattu,Jameenrayapettai(Uzhavar Sandhai ),Bitter gourd,Other,Local,4000,5000,4500,14/04/2026
Tamil Nadu,Thirupur,Tiruppur (North) (Uzhavar Sandhai ),Bitter gourd,Other,Local,4500,5000,4750,14/04/2026
Tamil Nadu,Thirupur,Kangayam(Uzhavar Sandhai ),Bitter gourd,Bitter Gourd,Local,4000,5000,4500,14/04/2026
Tamil Nadu,Dindigul,Vedasanthur(Uzhavar Sandhai ),Bitter gourd,Bitter Gourd,Local,3500,4000,3750,14/04/2026
Tamil Nadu,Coimbatore,Mettupalayam(Uzhavar Sandhai ),Bitter gourd,Bitter Gourd,Local,4000,4500,4250,14/04/2026
Tamil Nadu,Chengalpattu,Thirukalukundram(Uzhavar Sandhai ),Bitter gourd,Bitter Gourd,Local,4000,5000,4500,14/04/2026
Tamil Nadu,Tenkasi,Tenkasi(Uzhavar Sandhai ),Bitter gourd,Bitter Gourd,Local,4000,4500,4250,14/04/2026
Tamil Nadu,Nagercoil (Kannyiakumari),Vadaseri APMC,Bitter gourd,Bitter Gourd,Local,4500,5000,4750,14/04/2026
Tamil Nadu,Virudhunagar,Srivilliputhur(Uzhavar Sandhai ),Bitter gourd,Bitter Gourd,Local,4500,5000,4750,14/04/2026
Tamil Nadu,Karur,Gandhigramam(Uzhavar Sandhai),Bitter gourd,Other,Local,3000,3500,3250,14/04/2026
Tamil Nadu,Coimbatore,Sulur(Uzhavar Sandhai ),Bitter gourd,Bitter Gourd,Local,4000,4500,4250,14/04/2026
Tamil Nadu,Nagapattinam,Mayiladuthurai(Uzhavar Sandhai ),Bitter gourd,Bitter Gourd,Local,4500,5000,4750,14/04/2026
Tamil Nadu,Cuddalore,Viruthachalam(Uzhavar Sandhai ),Bitter gourd,Bitter Gourd,Local,4000,4000,4000,14/04/2026
Tamil Nadu,Kancheepuram,Sunguvarchatram(Uzhavar Sandhai ),Bitter gourd,Other,Local,3500,4000,3750,14/04/2026
Tamil Nadu,Karur,Vengamedu(Uzhavar Sandhai ),Bitter gourd,Other,Local,3000,3500,3250,14/04/2026
Tamil Nadu,Madurai,Melur(Uzhavar Sandhai ),Bitter gourd,Other,Local,3000,3600,3300,14/04/2026
Tamil Nadu,The Nilgiris,Udhagamandalam(Uzhavar Sandhai ),Bitter gourd,Bitter Gourd,Local,3500,4000,3750,14/04/2026
Tamil Nadu,Perambalur,Perambalur(Uzhavar Sandhai ),Bitter gourd,Bitter Gourd,Local,4400,4800,4600,14/04/2026
Tamil Nadu,Pudukkottai,Alangudi(Uzhavar Sandhai ),Bitter gourd,Other,Local,3500,4000,3750,14/04/2026
Tamil Nadu,Salem,Sooramangalam(Uzhavar Sandhai ),Bitter gourd,Other,Local,3600,4000,3800,14/04/2026
Tamil Nadu,Salem,Elampillai(Uzhavar Sandhai ),Bitter gourd,Other,Local,3500,4000,3750,14/04/2026
Tamil Nadu,Salem,Jalagandapuram(Uzhavar Sandhai ),Bitter gourd,Other,Local,4000,4400,4200,14/04/2026
Tamil Nadu,Sivaganga,Singampunari(Uzhavar Sandhai ),Bitter gourd,Other,Local,3500,4000,3750,14/04/2026
Tamil Nadu,Theni,Kambam(Uzhavar Sandhai ),Bitter gourd,Other,Local,3000,3000,3000,14/04/2026
Tamil Nadu,Theni,Chinnamanur(Uzhavar Sandhai ),Bitter gourd,Other,Local,2500,2500,2500,14/04/2026
Tamil Nadu,Thirunelveli,Palayamkottai(Uzhavar Sandhai ),Bitter gourd,Other,Local,3000,4000,3500,14/04/2026
Tamil Nadu,Thirunelveli,NGO Colony(Uzhavar Sandhai ),Bitter gourd,Bitter Gourd,Local,3000,4000,3500,14/04/2026
Tamil Nadu,Thiruvarur,Mannargudi II(Uzhavar Sandhai ),Bitter gourd,Bitter Gourd,Local,3600,3600,3600,14/04/2026
Tamil Nadu,Thiruvannamalai,Keelpennathur(Uzhavar Sandhai ),Bitter gourd,Bitter Gourd,Local,3500,4000,3750,14/04/2026
Tamil Nadu,Thiruchirappalli,Manachanallur(Uzhavar Sandhai ),Bitter gourd,Other,Local,3000,3500,3250,14/04/2026
Tamil Nadu,Vellore,Gudiyatham(Uzhavar Sandhai ),Bitter gourd,Bitter Gourd,Local,2400,2400,2400,14/04/2026
Tamil Nadu,Villupuram,Villupuram(Uzhavar Sandhai ),Bitter gourd,Bitter Gourd,Local,4000,4000,4000,14/04/2026
Tamil Nadu,Chengalpattu,Madhuranthagam(Uzhavar Sandhai ),Bitter gourd,Bitter Gourd,Local,3000,4000,3500,14/04/2026
Tamil Nadu,Thirupur,Palladam(Uzhavar Sandhai ),Bitter gourd,Bitter Gourd,Local,4000,5000,4500,14/04/2026
Tamil Nadu,Coimbatore,Vadavalli(Uzhavar Sandhai ),Bitter gourd,Bitter Gourd,Local,4000,4600,4300,14/04/2026
Tamil Nadu,Coimbatore,Sundarapuram(Uzhavar Sandhai ),Bitter gourd,Other,Local,4000,4600,4300,14/04/2026
Tamil Nadu,Coimbatore,Singanallur(Uzhavar Sandhai ),Bitter gourd,Bitter Gourd,Local,4000,4500,4250,14/04/2026
Tamil Nadu,Pudukkottai,Pudukottai(Uzhavar Sandhai ),Bitter gourd,Other,Local,3000,4000,3500,14/04/2026
Tamil Nadu,Kallakuruchi,Sankarapuram(Uzhavar Sandhai ),Bitter gourd,Bitter Gourd,Local,5000,6000,5500,14/04/2026
Tamil Nadu,Ranipet,Ranipettai(Uzhavar Sandhai ),Bitter gourd,Other,Local,3000,3000,3000,14/04/2026
Tamil Nadu,Theni,Andipatti(Uzhavar Sandhai ),Bitter gourd,Other,Local,3000,3500,3250,14/04/2026
Tamil Nadu,Vellore,Perampet(Uzhavar Sandhai),Bitter gourd,Bitter Gourd,Local,2600,2600,2600,14/04/2026
Tamil Nadu,Nagapattinam,Vedaranyam(Uzhavar Sandhai),Bitter gourd,Bitter Gourd,Local,3400,3600,3500,14/04/2026
Tamil Nadu,Thanjavur,Kumbakonam (Uzhavar Sandhai ),Bitter gourd,Bitter Gourd,Local,3600,6000,4800,14/04/2026
Tamil Nadu,Dharmapuri,Dharmapuri(Uzhavar Sandhai ),Bitter gourd,Bitter Gourd,Local,3300,3600,3450,14/04/2026
Tamil Nadu,Dharmapuri,AJattihalli(Uzhavar Sandhai ),Bitter gourd,Other,Local,3600,3600,3600,14/04/2026
Tamil Nadu,Dindigul,Palani(Uzhavar Sandhai ),Bitter gourd,Bitter Gourd,Local,3500,4000,3750,14/04/2026
Tamil Nadu,Krishnagiri,Denkanikottai(Uzhavar Sandhai ),Bitter gourd,Bitter Gourd,Local,2500,3000,2750,14/04/2026
Tamil Nadu,Nagapattinam,Nagapattinam(Uzhavar Sandhai ),Bitter gourd,Other,Local,4000,4000,4000,14/04/2026
Tamil Nadu,Nagapattinam,Sirkali(Uzhavar Sandhai ),Bitter gourd,Bitter Gourd,Local,5000,5500,5250,14/04/2026
Tamil Nadu,Pudukkottai,Aranthangi(Uzhavar Sandhai ),Bitter gourd,Other,Local,3500,4000,3750,14/04/2026
Tamil Nadu,Salem,Thathakapatti(Uzhavar Sandhai ),Bitter gourd,Bitter Gourd,Local,4000,4400,4200,14/04/2026
Tamil Nadu,Sivaganga,Devakottai (Uzhavar Sandhai ),Bitter gourd,Bitter Gourd,Local,3500,4000,3750,14/04/2026
Tamil Nadu,Thanjavur,Thanjavur(Uzhavar Sandhai ),Bitter gourd,Bitter Gourd,Local,5000,5000,5000,14/04/2026
Tamil Nadu,Thanjavur,Pattukottai(Uzhavar Sandhai ),Bitter gourd,Bitter Gourd,Local,3500,3500,3500,14/04/2026
Tamil Nadu,Theni,Theni(Uzhavar Sandhai ),Bitter gourd,Other,Local,3500,3500,3500,14/04/2026
Tamil Nadu,Thiruvellore,Tiruthani(Uzhavar Sandhai ),Bitter gourd,Bitter Gourd,Local,6000,6000,6000,14/04/2026
Tamil Nadu,Thiruvannamalai,Tiruvannamalai(Uzhavar Sandhai ),Bitter gourd,Bitter Gourd,Local,3600,4000,3800,14/04/2026
Tamil Nadu,Thiruvannamalai,Arani(Uzhavar Sandhai ),Bitter gourd,Bitter Gourd,Local,3500,4200,3850,14/04/2026
Tamil Nadu,Thiruvannamalai,Chengam(Uzhavar Sandhai ),Bitter gourd,Bitter Gourd,Local,3300,4000,3650,14/04/2026
Tamil Nadu,Thiruchirappalli,Thiruverumbur(Uzhavar Sandhai ),Bitter gourd,Other,Local,4000,4000,4000,14/04/2026
Tamil Nadu,Thiruchirappalli,Lalgudi(Uzhavar Sandhai ),Bitter gourd,Bitter Gourd,Local,4000,4000,4000,14/04/2026
Tamil Nadu,Vellore,Kahithapattarai(Uzhavar Sandhai ),Bitter gourd,Bitter Gourd,Local,2500,2500,2500,14/04/2026
Tamil Nadu,Virudhunagar,Rajapalayam(Uzhavar Sandhai ),Bitter gourd,Bitter Gourd,Local,4500,5000,4750,14/04/2026
Tamil Nadu,Virudhunagar,Virudhunagar(Uzhavar Sandhai ),Bitter gourd,Bitter Gourd,Local,5600,5700,5650,14/04/2026
Tamil Nadu,Chengalpattu,Pallavaram(Uzhavar Sandhai ),Bitter gourd,Other,Local,4000,5000,4500,14/04/2026
Tamil Nadu,Chengalpattu,Nanganallur(Uzhavar Sandhai ),Bitter gourd,Bitter Gourd,Local,3500,4000,3750,14/04/2026
Tamil Nadu,Thirupathur,Natrampalli(Uzhavar Sandhai ),Bitter gourd,Bitter Gourd,Local,3000,4000,3500,14/04/2026
Tamil Nadu,Erode,Sampath Nagar(Uzhavar Sandhai ),Bitter gourd,Other,Local,3600,4000,3800,14/04/2026
Tamil Nadu,Erode,Sathiyamagalam(Uzhavar Sandhai ),Bitter gourd,Bitter Gourd,Local,4400,4800,4600,14/04/2026
Tamil Nadu,Ariyalur,Ariyalur(Uzhavar Sandhai),Bitter gourd,Bitter Gourd,Local,3600,4000,3800,14/04/2026
Tamil Nadu,Coimbatore,Kurichi(Uzhavar Sandhai ),Bitter gourd,Other,Local,4000,4500,4250,14/04/2026
Tamil Nadu,Ranipet,Arcot(Uzhavar Sandhai ),Bitter gourd,Other,Local,4000,4000,4000,14/04/2026
Tamil Nadu,Tenkasi,Sankarankoil(Uzhavar Sandhai ),Bitter gourd,Other,Local,7500,8000,7750,14/04/2026
Tamil Nadu,Pudukkottai,Karambakkudi(Uzhavar Sandhai ),Bitter gourd,Other,Local,3000,3500,3250,14/04/2026
Tamil Nadu,Krishnagiri,Kaveripattinam(Uzhavar Sandhai ),Bitter gourd,Bitter Gourd,Local,4000,4000,4000,14/04/2026
Tamil Nadu,The Nilgiris,Coonoor(Uzhavar Sandhai ),Bitter gourd,Other,Local,3600,4000,3800,14/04/2026
Tamil Nadu,Coimbatore,Udumalpet APMC,Bitter gourd,Bitter Gourd,Local,4500,5000,4750,14/04/2026
Tamil Nadu,Vellore,Pallikonda(Uzhavar Sandhai),Bitter gourd,Bitter Gourd,Local,2500,2500,2500,14/04/2026
Tamil Nadu,Pudukkottai,Ponnamaravathi(Uzhavar Sandhai),Bitter gourd,Bitter Gourd,Local,3000,3500,3250,14/04/2026
Tamil Nadu,Salem,Vazhapadi(Uzhavar Sandhai),Bitter gourd,Bitter Gourd,Local,4000,4000,4000,14/04/2026
Tamil Nadu,Vellore,Katpadi (Uzhavar Sandhai ),Bitter gourd,Bitter Gourd,Local,3500,3500,3500,14/04/2026
Tamil Nadu,Dharmapuri,Pennagaram(Uzhavar Sandhai ),Bitter gourd,Bitter Gourd,Local,3800,4000,3900,14/04/2026
Tamil Nadu,Erode,Periyar Nagar(Uzhavar Sandhai ),Bitter gourd,Other,Local,3500,4000,3750,14/04/2026
Tamil Nadu,Erode,Thalavadi(Uzhavar Sandhai ),Bitter gourd,Other,Local,3500,4000,3750,14/04/2026
Tamil Nadu,Karur,Kulithalai(Uzhavar Sandhai ),Bitter gourd,Other,Local,3000,3600,3300,14/04/2026
Tamil Nadu,Karur,Velayuthampalayam(Uzhavar Sandhai ),Bitter gourd,Bitter Gourd,Local,2800,3500,3150,14/04/2026
Tamil Nadu,Madurai,Anna nagar(Uzhavar Sandhai ),Bitter gourd,Bitter Gourd,Local,3000,3600,3300,14/04/2026
Tamil Nadu,Madurai,Chokkikulam(Uzhavar Sandhai ),Bitter gourd,Bitter Gourd,Local,3000,3600,3300,14/04/2026
Tamil Nadu,Madurai,Palanganatham(Uzhavar Sandhai ),Bitter gourd,Bitter Gourd,Local,2600,3600,3100,14/04/2026
Tamil Nadu,Ramanathapuram,Ramanathapuram(Uzhavar Sandhai ),Bitter gourd,Bitter Gourd,Local,5500,6000,5750,14/04/2026
Tamil Nadu,Ramanathapuram,Paramakudi(Uzhavar Sandhai ),Bitter gourd,Bitter Gourd,Local,6000,6500,6250,14/04/2026
Tamil Nadu,Salem,Attayampatti(Uzhavar Sandhai ),Bitter gourd,Bitter Gourd,Local,4400,4400,4400,14/04/2026
Tamil Nadu,Sivaganga,Karaikudi(Uzhavar Sandhai ),Bitter gourd,Bitter Gourd,Local,3400,4000,3700,14/04/2026
Tamil Nadu,Thirunelveli,Melapalayam(Uzhavar Sandhai ),Bitter gourd,Other,Local,3000,4000,3500,14/04/2026
Tamil Nadu,Thiruvarur,Mannargudi I(Uzhavar Sandhai ),Bitter gourd,Bitter Gourd,Local,3600,3600,3600,14/04/2026
Tamil Nadu,Tuticorin,Kovilpatti(Uzhavar Sandhai ),Bitter gourd,Other,Local,7000,7500,7250,14/04/2026
Tamil Nadu,Thiruvannamalai,Vandavasi(Uzhavar Sandhai ),Bitter gourd,Other,Local,3000,3500,3250,14/04/2026
Tamil Nadu,Thiruchirappalli,Musiri(Uzhavar Sandhai ),Bitter gourd,Bitter Gourd,Local,3600,4000,3800,14/04/2026
Tamil Nadu,Virudhunagar,Aruppukottai(Uzhavar Sandhai ),Bitter gourd,Bitter Gourd,Local,4000,5000,4500,14/04/2026
Tamil Nadu,Virudhunagar,Sivakasi(Uzhavar Sandhai ),Bitter gourd,Bitter Gourd,Local,4000,5000,4500,14/04/2026
Tamil Nadu,Virudhunagar,Sathur(Uzhavar Sandhai ),Bitter gourd,Bitter Gourd,Local,4500,5000,4750,14/04/2026
Tamil Nadu,Virudhunagar,Kariyapatti(Uzhavar Sandhai ),Bitter gourd,Bitter Gourd,Local,4500,5000,4750,14/04/2026
Tamil Nadu,Virudhunagar,Thalavaipuram(Uzhavar Sandhai ),Bitter gourd,Bitter Gourd,Local,4500,5000,4750,14/04/2026
Tamil Nadu,Chengalpattu,Chengalpet(Uzhavar Sandhai ),Bitter gourd,Other,Local,5000,6000,5500,14/04/2026
Tamil Nadu,Thirupur,Dharapuram(Uzhavar Sandhai ),Bitter gourd,Bitter Gourd,Local,4500,5000,4750,14/04/2026
Tamil Nadu,Thiruvannamalai,Cheyyar(Uzhavar Sandhai ),Bitter gourd,Other,Local,3000,3500,3250,14/04/2026
Tamil Nadu,Thiruvarur,Valangaiman APMC,Bitter gourd,Bitter Gourd,Local,3200,3200,3200,14/04/2026
Tamil Nadu,Namakkal,Tiruchengode APMC,Bitter gourd,Other,Local,4000,4500,4250,14/04/2026
Tamil Nadu,Thiruchirappalli,Thuraiyur APMC,Bitter gourd,Other,Local,4000,4000,4000,14/04/2026
Tamil Nadu,Karur,Karur(Uzhavar Sandhai ),Bitter gourd,Other,Local,3000,3500,3250,14/04/2026
Tamil Nadu,Cuddalore,Cuddalore(Uzhavar Sandhai ),Bitter gourd,Bitter Gourd,Local,4000,5000,4500,14/04/2026
Tamil Nadu,Thiruvarur,Needamangalam(Uzhavar Sandhai ),Bitter gourd,Bitter Gourd,Local,3400,3400,3400,14/04/2026
Tamil Nadu,Thiruvarur,Muthupettai(Uzhavar Sandhai ),Bitter gourd,Bitter Gourd,Local,3000,3000,3000,14/04/2026
Tamil Nadu,Vellore,Vellore APMC,Bitter gourd,Bitter Gourd,Local,2500,3000,2750,14/04/2026
Tamil Nadu,Salem,Ammapet(Uzhavar Sandhai ),Bitter gourd,Bitter Gourd,Local,4000,4000,4000,14/04/2026
Tamil Nadu,Salem,Athur(Uzhavar Sandhai ),Bitter gourd,Other,Local,4000,4500,4250,14/04/2026
Tamil Nadu,Theni,Periyakulam(Uzhavar Sandhai ),Bitter gourd,Other,Local,3200,3500,3350,14/04/2026
Tamil Nadu,The Nilgiris,Gudalur(Uzhavar Sandhai ),Bitter gourd,Bitter Gourd,Local,3200,3500,3350,14/04/2026
Tamil Nadu,Villupuram,Tindivanam APMC,Bottle gourd,Bottle Gourd,Local,1500,1500,1500,14/04/2026
Tamil Nadu,Pudukkottai,Gandarvakottai(Uzhavar Sandhai ),Bottle gourd,Bottle Gourd,Local,1500,2000,1750,14/04/2026
Tamil Nadu,Salem,Thammampatti (Uzhavar Sandhai ),Bottle gourd,Bottle Gourd,Local,1200,1500,1350,14/04/2026
Tamil Nadu,Dindigul,Dindigul(Uzhavar Sandhai ),Bottle gourd,Bottle Gourd,Local,1500,2000,1750,14/04/2026
Tamil Nadu,Erode,Thalavadi(Uzhavar Sandhai ),Bottle gourd,Bottle Gourd,Local,1400,1800,1600,14/04/2026
Tamil Nadu,Krishnagiri,Avallapalli(Uzhavar Sandhai ),Bottle gourd,Bottle Gourd,Local,2000,2500,2250,14/04/2026
Tamil Nadu,Salem,Jalagandapuram(Uzhavar Sandhai ),Bottle gourd,Bottle Gourd,Local,1500,2000,1750,14/04/2026
Tamil Nadu,Sivaganga,Devakottai (Uzhavar Sandhai ),Bottle gourd,Bottle Gourd,Local,3000,3400,3200,14/04/2026
Tamil Nadu,Theni,Kambam(Uzhavar Sandhai ),Bottle gourd,Bottle Gourd,Local,1200,1400,1300,14/04/2026
Tamil Nadu,Thirunelveli,Palayamkottai(Uzhavar Sandhai ),Bottle gourd,Bottle Gourd,Local,1200,2500,1850,14/04/2026
Tamil Nadu,Thirunelveli,NGO Colony(Uzhavar Sandhai ),Bottle gourd,Bottle Gourd,Local,2000,2800,2400,14/04/2026
Tamil Nadu,Thiruvarur,Mannargudi II(Uzhavar Sandhai ),Bottle gourd,Bottle Gourd,Local,2400,2400,2400,14/04/2026
Tamil Nadu,Thiruvannamalai,Vandavasi(Uzhavar Sandhai ),Bottle gourd,Bottle Gourd,Local,1600,2000,1800,14/04/2026
Tamil Nadu,Virudhunagar,Kariyapatti(Uzhavar Sandhai ),Bottle gourd,Bottle Gourd,Local,1800,2000,1900,14/04/2026
Tamil Nadu,Virudhunagar,Thalavaipuram(Uzhavar Sandhai ),Bottle gourd,Bottle Gourd,Local,1200,1500,1350,14/04/2026
Tamil Nadu,Chengalpattu,Pallavaram(Uzhavar Sandhai ),Bottle gourd,Bottle Gourd,Local,3000,4000,3500,14/04/2026
Tamil Nadu,Chengalpattu,Chengalpet(Uzhavar Sandhai ),Bottle gourd,Bottle Gourd,Local,2500,3000,2750,14/04/2026
Tamil Nadu,Thirupur,Kangayam(Uzhavar Sandhai ),Bottle gourd,Bottle Gourd,Local,1000,1500,1250,14/04/2026
Tamil Nadu,Dindigul,Vedasanthur(Uzhavar Sandhai ),Bottle gourd,Bottle Gourd,Local,1000,1200,1100,14/04/2026
Tamil Nadu,Coimbatore,Sundarapuram(Uzhavar Sandhai ),Bottle gourd,Bottle Gourd,Local,2000,2800,2400,14/04/2026
Tamil Nadu,Erode,Gobichettipalayam(Uzhavar Sandhai ),Bottle gourd,Bottle Gourd,Local,800,1000,900,14/04/2026
Tamil Nadu,Thiruchirappalli,Thuraiyur APMC,Bottle gourd,Bottle Gourd,Local,2000,2500,2250,14/04/2026
Tamil Nadu,Tenkasi,Tenkasi(Uzhavar Sandhai ),Bottle gourd,Bottle Gourd,Local,1000,1200,1100,14/04/2026
Tamil Nadu,Dharmapuri,Harur(Uzhavar Sandhai ),Bottle gourd,Bottle Gourd,Local,1200,1600,1400,14/04/2026
Tamil Nadu,The Nilgiris,Coonoor(Uzhavar Sandhai ),Bottle gourd,Bottle Gourd,Local,2000,2400,2200,14/04/2026
Tamil Nadu,Thanjavur,Peravurani(Uzhavar Sandhai),Bottle gourd,Bottle Gourd,Local,3000,3000,3000,14/04/2026
Tamil Nadu,Coimbatore,Sulur(Uzhavar Sandhai ),Bottle gourd,Bottle Gourd,Local,2000,2600,2300,14/04/2026
Tamil Nadu,Nagapattinam,Mayiladuthurai(Uzhavar Sandhai ),Bottle gourd,Bottle Gourd,Local,2500,3000,2750,14/04/2026
Tamil Nadu,Dharmapuri,Pennagaram(Uzhavar Sandhai ),Bottle gourd,Bottle Gourd,Local,2400,2500,2450,14/04/2026
Tamil Nadu,Kancheepuram,Sunguvarchatram(Uzhavar Sandhai ),Bottle gourd,Bottle Gourd,Local,2000,2500,2250,14/04/2026
Tamil Nadu,Kancheepuram,Kundrathur(Uzhavar Sandhai ),Bottle gourd,Bottle Gourd,Local,2500,2500,2500,14/04/2026
Tamil Nadu,Karur,Pallapatti (Uzhavar Sandhai ),Bottle gourd,Bottle Gourd,Local,1200,1500,1350,14/04/2026
Tamil Nadu,Karur,Vengamedu(Uzhavar Sandhai ),Bottle gourd,Bottle Gourd,Local,500,1000,750,14/04/2026
Tamil Nadu,Krishnagiri,Denkanikottai(Uzhavar Sandhai ),Bottle gourd,Bottle Gourd,Local,1500,2000,1750,14/04/2026
Tamil Nadu,Madurai,Thirumangalam(Uzhavar Sandhai ),Bottle gourd,Bottle Gourd,Local,1800,2500,2150,14/04/2026
Tamil Nadu,Namakkal,Kumarapalayam(Uzhavar Sandhai ),Bottle gourd,Bottle Gourd,Local,1500,1800,1650,14/04/2026
Tamil Nadu,Namakkal,Mohanur(Uzhavar Sandhai ),Bottle gourd,Bottle Gourd,Local,1000,1400,1200,14/04/2026
Tamil Nadu,The Nilgiris,Udhagamandalam(Uzhavar Sandhai ),Bottle gourd,Bottle Gourd,Local,1500,2000,1750,14/04/2026
Tamil Nadu,Ramanathapuram,Ramanathapuram(Uzhavar Sandhai ),Bottle gourd,Bottle Gourd,Local,1800,2000,1900,14/04/2026
Tamil Nadu,Salem,Thathakapatti(Uzhavar Sandhai ),Bottle gourd,Bottle Gourd,Local,2200,2600,2400,14/04/2026
Tamil Nadu,Sivaganga,Sivagangai (Uzhavar Sandhai ),Bottle gourd,Bottle Gourd,Local,2600,3200,2900,14/04/2026
Tamil Nadu,Thanjavur,Pattukottai(Uzhavar Sandhai ),Bottle gourd,Bottle Gourd,Local,2600,2600,2600,14/04/2026
Tamil Nadu,Thanjavur,Tirukattupalli(Uzhavar Sandhai ),Bottle gourd,Bottle Gourd,Local,3600,3600,3600,14/04/2026
Tamil Nadu,Theni,Bodinayakanur(Uzhavar Sandhai ),Bottle gourd,Bottle Gourd,Local,1400,1400,1400,14/04/2026
Tamil Nadu,Thirunelveli,Ambasamudram(Uzhavar Sandhai ),Bottle gourd,Bottle Gourd,Local,1000,1200,1100,14/04/2026
Tamil Nadu,Thiruvellore,Tiruthani(Uzhavar Sandhai ),Bottle gourd,Bottle Gourd,Local,3000,3000,3000,14/04/2026
Tamil Nadu,Villupuram,Gingee(Uzhavar Sandhai ),Bottle gourd,Bottle Gourd,Local,2000,2000,2000,14/04/2026
Tamil Nadu,Thirupathur,Natrampalli(Uzhavar Sandhai ),Bottle gourd,Bottle Gourd,Local,1500,2000,1750,14/04/2026
Tamil Nadu,Thiruvannamalai,Cheyyar(Uzhavar Sandhai ),Bottle gourd,Bottle Gourd,Local,1500,2000,1750,14/04/2026
Tamil Nadu,Coimbatore,Vadavalli(Uzhavar Sandhai ),Bottle gourd,Bottle Gourd,Local,2200,2600,2400,14/04/2026
Tamil Nadu,Erode,Sampath Nagar(Uzhavar Sandhai ),Bottle gourd,Bottle Gourd,Local,1200,1600,1400,14/04/2026
Tamil Nadu,Ariyalur,Ariyalur(Uzhavar Sandhai),Bottle gourd,Bottle Gourd,Local,1200,1800,1500,14/04/2026
Tamil Nadu,Salem,Athur(Uzhavar Sandhai ),Bottle gourd,Bottle Gourd,Local,1500,1500,1500,14/04/2026
Tamil Nadu,Vellore,Thirupathur APMC,Bottle gourd,Bottle Gourd,Local,1500,1500,1500,14/04/2026
Tamil Nadu,Krishnagiri,Kaveripattinam(Uzhavar Sandhai ),Bottle gourd,Bottle Gourd,Local,2000,2500,2250,14/04/2026
Tamil Nadu,Dharmapuri,Karimangalam(Uzhavar Sandhai),Bottle gourd,Bottle Gourd,Local,1400,1600,1500,14/04/2026
Tamil Nadu,Salem,Mecheri(Uzhavar Sandhai),Bottle gourd,Bottle Gourd,Local,1500,2000,1750,14/04/2026
Tamil Nadu,Vellore,Perampet(Uzhavar Sandhai),Bottle gourd,Bottle Gourd,Local,1200,1500,1350,14/04/2026
Tamil Nadu,Karur,Gandhigramam(Uzhavar Sandhai),Bottle gourd,Bottle Gourd,Local,800,1000,900,14/04/2026
Tamil Nadu,Nagapattinam,Vedaranyam(Uzhavar Sandhai),Bottle gourd,Bottle Gourd,Local,2800,3000,2900,14/04/2026
Tamil Nadu,Namakkal,Paramathivelur(Uzhavar Sandhai ),Bottle gourd,Bottle Gourd,Local,1000,1200,1100,14/04/2026
Tamil Nadu,Cuddalore,Viruthachalam(Uzhavar Sandhai ),Bottle gourd,Bottle Gourd,Local,2000,2500,2250,14/04/2026
Tamil Nadu,Dharmapuri,AJattihalli(Uzhavar Sandhai ),Bottle gourd,Bottle Gourd,Local,1600,1600,1600,14/04/2026
Tamil Nadu,Dindigul,Palani(Uzhavar Sandhai ),Bottle gourd,Bottle Gourd,Local,800,1200,1000,14/04/2026
Tamil Nadu,Erode,Periyar Nagar(Uzhavar Sandhai ),Bottle gourd,Bottle Gourd,Local,1000,1500,1250,14/04/2026
Tamil Nadu,Erode,Perundurai(Uzhavar Sandhai ),Bottle gourd,Bottle Gourd,Local,800,1000,900,14/04/2026
Tamil Nadu,Kancheepuram,Kancheepuram(Uzhavar Sandhai ),Bottle gourd,Bottle Gourd,Local,2000,2500,2250,14/04/2026
Tamil Nadu,Kancheepuram,Padappai(Uzhavar Sandhai ),Bottle gourd,Bottle Gourd,Local,1500,2500,2000,14/04/2026
Tamil Nadu,Madurai,Anna nagar(Uzhavar Sandhai ),Bottle gourd,Bottle Gourd,Local,2000,2500,2250,14/04/2026
Tamil Nadu,Madurai,Palanganatham(Uzhavar Sandhai ),Bottle gourd,Bottle Gourd,Local,1800,3000,2400,14/04/2026
Tamil Nadu,Nagapattinam,Nagapattinam(Uzhavar Sandhai ),Bottle gourd,Bottle Gourd,Local,2500,3000,2750,14/04/2026
Tamil Nadu,Nagapattinam,Sirkali(Uzhavar Sandhai ),Bottle gourd,Bottle Gourd,Local,2500,3000,2750,14/04/2026
Tamil Nadu,Namakkal,Rasipuram(Uzhavar Sandhai ),Bottle gourd,Bottle Gourd,Local,1600,1800,1700,14/04/2026
Tamil Nadu,Salem,Sooramangalam(Uzhavar Sandhai ),Bottle gourd,Bottle Gourd,Local,2200,2600,2400,14/04/2026
Tamil Nadu,Salem,Attayampatti(Uzhavar Sandhai ),Bottle gourd,Bottle Gourd,Local,1500,1800,1650,14/04/2026
Tamil Nadu,Salem,Elampillai(Uzhavar Sandhai ),Bottle gourd,Bottle Gourd,Local,1800,2000,1900,14/04/2026
Tamil Nadu,Thanjavur,Thanjavur(Uzhavar Sandhai ),Bottle gourd,Bottle Gourd,Local,2800,2800,2800,14/04/2026
Tamil Nadu,Theni,Chinnamanur(Uzhavar Sandhai ),Bottle gourd,Bottle Gourd,Local,1500,1500,1500,14/04/2026
Tamil Nadu,Thiruvannamalai,Tiruvannamalai(Uzhavar Sandhai ),Bottle gourd,Bottle Gourd,Local,1500,2000,1750,14/04/2026
Tamil Nadu,Thiruvannamalai,Polur(Uzhavar Sandhai ),Bottle gourd,Bottle Gourd,Local,1500,2000,1750,14/04/2026
Tamil Nadu,Thiruvannamalai,Chengam(Uzhavar Sandhai ),Bottle gourd,Bottle Gourd,Local,1600,2000,1800,14/04/2026
Tamil Nadu,Thiruvannamalai,Keelpennathur(Uzhavar Sandhai ),Bottle gourd,Bottle Gourd,Local,3000,4000,3500,14/04/2026
Tamil Nadu,Virudhunagar,Aruppukottai(Uzhavar Sandhai ),Bottle gourd,Bottle Gourd,Local,1500,2000,1750,14/04/2026
Tamil Nadu,Thirupur,Tiruppur (North) (Uzhavar Sandhai ),Bottle gourd,Bottle Gourd,Local,1600,1800,1700,14/04/2026
Tamil Nadu,Thiruvarur,Valangaiman APMC,Bottle gourd,Bottle Gourd,Local,2000,2000,2000,14/04/2026
Tamil Nadu,Namakkal,Tiruchengode APMC,Bottle gourd,Bottle Gourd,Local,1000,1200,1100,14/04/2026
Tamil Nadu,Coimbatore,Pollachi(Uzhavar Sandhai ),Bottle gourd,Bottle Gourd,Local,2000,2500,2250,14/04/2026
Tamil Nadu,Cuddalore,Cuddalore(Uzhavar Sandhai ),Bottle gourd,Bottle Gourd,Local,2000,3000,2500,14/04/2026
Tamil Nadu,Pudukkottai,Pudukottai(Uzhavar Sandhai ),Bottle gourd,Bottle Gourd,Local,1500,2000,1750,14/04/2026
Tamil Nadu,Thiruvarur,Muthupettai(Uzhavar Sandhai ),Bottle gourd,Bottle Gourd,Local,2000,2000,2000,14/04/2026
Tamil Nadu,Kallakuruchi,Kallakurichi(Uzhavar Sandhai ),Bottle gourd,Bottle Gourd,Local,2000,2000,2000,14/04/2026
Tamil Nadu,Ranipet,Arcot(Uzhavar Sandhai ),Bottle gourd,Bottle Gourd,Local,2000,2000,2000,14/04/2026
Tamil Nadu,Tuticorin,Tuticorin(Uzhavar Sandhai ),Bottle gourd,Bottle Gourd,Local,1000,1500,1250,14/04/2026
Tamil Nadu,Nagercoil (Kannyiakumari),Vadaseri APMC,Bottle gourd,Bottle Gourd,Local,2200,2500,2350,14/04/2026
Tamil Nadu,The Nilgiris,Gudalur(Uzhavar Sandhai ),Bottle gourd,Bottle Gourd,Local,1800,2000,1900,14/04/2026
Tamil Nadu,Theni,Andipatti(Uzhavar Sandhai ),Bottle gourd,Bottle Gourd,Local,1000,1200,1100,14/04/2026
Tamil Nadu,Coimbatore,Udumalpet APMC,Bottle gourd,Bottle Gourd,Local,1000,1800,1400,14/04/2026
Tamil Nadu,Pudukkottai,Ponnamaravathi(Uzhavar Sandhai),Bottle gourd,Bottle Gourd,Local,1000,1500,1250,14/04/2026
Tamil Nadu,Thiruvarur,Tiruvarur(Uzhavar Sandhai ),Bottle gourd,Bottle Gourd,Local,2000,2000,2000,14/04/2026
Tamil Nadu,Vellore,Katpadi (Uzhavar Sandhai ),Bottle gourd,Bottle Gourd,Local,2500,2500,2500,14/04/2026
Tamil Nadu,Cuddalore,Vadalur(Uzhavar Sandhai ),Bottle gourd,Bottle Gourd,Local,2000,2000,2000,14/04/2026
Tamil Nadu,Dharmapuri,Dharmapuri(Uzhavar Sandhai ),Bottle gourd,Bottle Gourd,Local,1500,1600,1550,14/04/2026
Tamil Nadu,Dindigul,Chinnalapatti(Uzhavar Sandhai ),Bottle gourd,Bottle Gourd,Local,1500,2000,1750,14/04/2026
Tamil Nadu,Karur,Kulithalai(Uzhavar Sandhai ),Bottle gourd,Bottle Gourd,Local,1000,1500,1250,14/04/2026
Tamil Nadu,Krishnagiri,Hosur(Uzhavar Sandhai ),Bottle gourd,Bottle Gourd,Local,2000,2500,2250,14/04/2026
Tamil Nadu,Krishnagiri,Krishnagiri(Uzhavar Sandhai ),Bottle gourd,Bottle Gourd,Local,1000,1400,1200,14/04/2026
Tamil Nadu,Namakkal,Namakkal(Uzhavar Sandhai ),Bottle gourd,Bottle Gourd,Local,1200,1400,1300,14/04/2026
Tamil Nadu,Perambalur,Perambalur(Uzhavar Sandhai ),Bottle gourd,Bottle Gourd,Local,1200,1400,1300,14/04/2026
Tamil Nadu,Pudukkottai,Alangudi(Uzhavar Sandhai ),Bottle gourd,Bottle Gourd,Local,1000,1500,1250,14/04/2026
Tamil Nadu,Pudukkottai,Viralimalai(Uzhavar Sandhai ),Bottle gourd,Bottle Gourd,Local,1300,1500,1400,14/04/2026
Tamil Nadu,Salem,Hasthampatti(Uzhavar Sandhai ),Bottle gourd,Bottle Gourd,Local,2000,2400,2200,14/04/2026
Tamil Nadu,Salem,Edapadi (Uzhavar Sandhai ),Bottle gourd,Bottle Gourd,Local,1500,2000,1750,14/04/2026
Tamil Nadu,Sivaganga,Tirupatthur(Uzhavar Sandhai ),Bottle gourd,Bottle Gourd,Local,3000,3500,3250,14/04/2026
Tamil Nadu,Theni,Devaram(Uzhavar Sandhai ),Bottle gourd,Bottle Gourd,Local,1400,1400,1400,14/04/2026
Tamil Nadu,Thirunelveli,Kandiyaperi(Uzhavar Sandhai ),Bottle gourd,Bottle Gourd,Local,1000,1200,1100,14/04/2026
Tamil Nadu,Thirunelveli,Melapalayam(Uzhavar Sandhai ),Bottle gourd,Bottle Gourd,Local,1000,1200,1100,14/04/2026
Tamil Nadu,Thiruvarur,Mannargudi I(Uzhavar Sandhai ),Bottle gourd,Bottle Gourd,Local,2400,2400,2400,14/04/2026
Tamil Nadu,Thiruchirappalli,KKNagar(Uzhavar Sandhai ),Bottle gourd,Bottle Gourd,Local,2000,2000,2000,14/04/2026
Tamil Nadu,Thiruchirappalli,Thiruverumbur(Uzhavar Sandhai ),Bottle gourd,Bottle Gourd,Local,2000,2000,2000,14/04/2026
Tamil Nadu,Thiruchirappalli,Lalgudi(Uzhavar Sandhai ),Bottle gourd,Bottle Gourd,Local,2000,2000,2000,14/04/2026
Tamil Nadu,Vellore,Kahithapattarai(Uzhavar Sandhai ),Bottle gourd,Bottle Gourd,Local,1500,1500,1500,14/04/2026
Tamil Nadu,Virudhunagar,Rajapalayam(Uzhavar Sandhai ),Bottle gourd,Bottle Gourd,Local,1000,1500,1250,14/04/2026
Tamil Nadu,Virudhunagar,Sivakasi(Uzhavar Sandhai ),Bottle gourd,Bottle Gourd,Local,1500,2000,1750,14/04/2026
Tamil Nadu,Virudhunagar,Sathur(Uzhavar Sandhai ),Bottle gourd,Bottle Gourd,Local,1800,2000,1900,14/04/2026
Tamil Nadu,Chengalpattu,Jameenrayapettai(Uzhavar Sandhai ),Bottle gourd,Bottle Gourd,Local,3000,3500,3250,14/04/2026
Tamil Nadu,Thirupur,Palladam(Uzhavar Sandhai ),Bottle gourd,Bottle Gourd,Local,1500,2000,1750,14/04/2026
Tamil Nadu,Thirupur,Dharapuram(Uzhavar Sandhai ),Bottle gourd,Bottle Gourd,Local,1000,1500,1250,14/04/2026
Tamil Nadu,Thanjavur,Papanasam(Uzhavar Sandhai ),Bottle gourd,Bottle Gourd,Local,2400,2400,2400,14/04/2026
Tamil Nadu,Erode,Sathiyamagalam(Uzhavar Sandhai ),Bottle gourd,Bottle Gourd,Local,1400,1800,1600,14/04/2026
Tamil Nadu,Ariyalur,Jeyankondam (Uzhavar Sandhai ),Bottle gourd,Bottle Gourd,Local,1600,2000,1800,14/04/2026
Tamil Nadu,Coimbatore,Kurichi(Uzhavar Sandhai ),Bottle gourd,Bottle Gourd,Local,2000,2600,2300,14/04/2026
Tamil Nadu,Chengalpattu,Thirukalukundram(Uzhavar Sandhai ),Bottle gourd,Bottle Gourd,Local,2000,3000,2500,14/04/2026
Tamil Nadu,Kallakuruchi,Sankarapuram(Uzhavar Sandhai ),Bottle gourd,Bottle Gourd,Local,2000,2000,2000,14/04/2026
Tamil Nadu,Ranipet,Ranipettai(Uzhavar Sandhai ),Bottle gourd,Bottle Gourd,Local,1500,2000,1750,14/04/2026
Tamil Nadu,Salem,Ammapet(Uzhavar Sandhai ),Bottle gourd,Bottle Gourd,Local,1500,2000,1750,14/04/2026
Tamil Nadu,Villupuram,Ulundurpettai APMC,Bottle gourd,Bottle Gourd,Local,2000,2000,2000,14/04/2026
Tamil Nadu,Salem,Vazhapadi(Uzhavar Sandhai),Bottle gourd,Bottle Gourd,Local,1600,1600,1600,14/04/2026
Tamil Nadu,Thanjavur,Kumbakonam (Uzhavar Sandhai ),Bottle gourd,Bottle Gourd,Local,2400,2400,2400,14/04/2026
Tamil Nadu,Cuddalore,Panruti(Uzhavar Sandhai ),Bottle gourd,Bottle Gourd,Local,2000,2000,2000,14/04/2026
Tamil Nadu,Dharmapuri,Palacode(Uzhavar Sandhai ),Bottle gourd,Bottle Gourd,Local,1200,1500,1350,14/04/2026
Tamil Nadu,Karur,Velayuthampalayam(Uzhavar Sandhai ),Bottle gourd,Bottle Gourd,Local,600,1000,800,14/04/2026
Tamil Nadu,Madurai,Chokkikulam(Uzhavar Sandhai ),Bottle gourd,Bottle Gourd,Local,2500,3000,2750,14/04/2026
Tamil Nadu,Madurai,Usilampatti(Uzhavar Sandhai ),Bottle gourd,Bottle Gourd,Local,1800,2500,2150,14/04/2026
Tamil Nadu,Madurai,Melur(Uzhavar Sandhai ),Bottle gourd,Bottle Gourd,Local,1800,2500,2150,14/04/2026
Tamil Nadu,Madurai,Anaiyur(Uzhavar Sandhai ),Bottle gourd,Bottle Gourd,Local,1800,2500,2150,14/04/2026
Tamil Nadu,Pudukkottai,Aranthangi(Uzhavar Sandhai ),Bottle gourd,Bottle Gourd,Local,1500,2000,1750,14/04/2026
Tamil Nadu,Ramanathapuram,Paramakudi(Uzhavar Sandhai ),Bottle gourd,Bottle Gourd,Local,1800,2000,1900,14/04/2026
Tamil Nadu,Salem,Mettur(Uzhavar Sandhai ),Bottle gourd,Bottle Gourd,Local,1000,2000,1500,14/04/2026
Tamil Nadu,Sivaganga,Karaikudi(Uzhavar Sandhai ),Bottle gourd,Bottle Gourd,Local,2800,3400,3100,14/04/2026
Tamil Nadu,Sivaganga,Singampunari(Uzhavar Sandhai ),Bottle gourd,Bottle Gourd,Local,3000,3200,3100,14/04/2026
Tamil Nadu,Theni,Theni(Uzhavar Sandhai ),Bottle gourd,Bottle Gourd,Local,1000,1200,1100,14/04/2026
Tamil Nadu,Thiruvellore,Ambattur(Uzhavar Sandhai ),Bottle gourd,Bottle Gourd,Local,3000,3000,3000,14/04/2026
Tamil Nadu,Thiruvellore,Paruthipattu(Uzhavar Sandhai ),Bottle gourd,Bottle Gourd,Local,3000,3000,3000,14/04/2026
Tamil Nadu,Thiruvellore,Naravarikuppam(Uzhavar Sandhai ),Bottle gourd,Bottle Gourd,Local,3000,3000,3000,14/04/2026
Tamil Nadu,Thiruvarur,Tiruthuraipoondi(Uzhavar Sandhai ),Bottle gourd,Bottle Gourd,Local,2000,2000,2000,14/04/2026
Tamil Nadu,Tuticorin,Kovilpatti(Uzhavar Sandhai ),Bottle gourd,Bottle Gourd,Local,2000,2500,2250,14/04/2026
Tamil Nadu,Thiruvannamalai,Arani(Uzhavar Sandhai ),Bottle gourd,Bottle Gourd,Local,1600,2000,1800,14/04/2026
Tamil Nadu,Thiruvannamalai,Tamarainagar(Uzhavar Sandhai ),Bottle gourd,Bottle Gourd,Local,1500,2000,1750,14/04/2026
Tamil Nadu,Thiruchirappalli,Manapparai(Uzhavar Sandhai ),Bottle gourd,Bottle Gourd,Local,2000,2000,2000,14/04/2026
Tamil Nadu,Thiruchirappalli,Musiri(Uzhavar Sandhai ),Bottle gourd,Bottle Gourd,Local,1500,2000,1750,14/04/2026
Tamil Nadu,Thiruchirappalli,Manachanallur(Uzhavar Sandhai ),Bottle gourd,Bottle Gourd,Local,1500,2000,1750,14/04/2026
Tamil Nadu,Vellore,Gudiyatham(Uzhavar Sandhai ),Bottle gourd,Bottle Gourd,Local,1800,1800,1800,14/04/2026
Tamil Nadu,Villupuram,Villupuram(Uzhavar Sandhai ),Bottle gourd,Bottle Gourd,Local,3000,3000,3000,14/04/2026
Tamil Nadu,Nagercoil (Kannyiakumari),Myladi(Uzhavar Sandhai ),Bottle gourd,Bottle Gourd,Local,1200,1500,1350,14/04/2026
Tamil Nadu,Chengalpattu,Medavakkam(Uzhavar Sandhai ),Bottle gourd,Bottle Gourd,Local,2500,3000,2750,14/04/2026
Tamil Nadu,Chengalpattu,Nanganallur(Uzhavar Sandhai ),Bottle gourd,Bottle Gourd,Local,3000,4000,3500,14/04/2026
Tamil Nadu,Chengalpattu,Madhuranthagam(Uzhavar Sandhai ),Bottle gourd,Bottle Gourd,Local,2500,2500,2500,14/04/2026
Tamil Nadu,Chengalpattu,Guduvancheri(Uzhavar Sandhai ),Bottle gourd,Bottle Gourd,Local,3500,4000,3750,14/04/2026
Tamil Nadu,Thirupathur,Vaniyampadi(Uzhavar Sandhai ),Bottle gourd,Bottle Gourd,Local,2000,2000,2000,14/04/2026
Tamil Nadu,Thirupur,Tiruppur (South) (Uzhavar Sandhai ),Bottle gourd,Bottle Gourd,Local,1000,1500,1250,14/04/2026
Tamil Nadu,Coimbatore,RSPuram(Uzhavar Sandhai ),Bottle gourd,Bottle Gourd,Local,2200,2600,2400,14/04/2026
Tamil Nadu,Coimbatore,Singanallur(Uzhavar Sandhai ),Bottle gourd,Bottle Gourd,Local,2000,2600,2300,14/04/2026
Tamil Nadu,Coimbatore,Mettupalayam(Uzhavar Sandhai ),Bottle gourd,Bottle Gourd,Local,1600,2000,1800,14/04/2026
Tamil Nadu,Karur,Karur(Uzhavar Sandhai ),Bottle gourd,Bottle Gourd,Local,500,1000,750,14/04/2026
Tamil Nadu,Thiruvarur,Needamangalam(Uzhavar Sandhai ),Bottle gourd,Bottle Gourd,Local,2200,2200,2200,14/04/2026
Tamil Nadu,Tenkasi,Sankarankoil(Uzhavar Sandhai ),Bottle gourd,Bottle Gourd,Local,1000,1000,1000,14/04/2026
Tamil Nadu,Pudukkottai,Karambakkudi(Uzhavar Sandhai ),Bottle gourd,Bottle Gourd,Local,1500,2000,1750,14/04/2026
Tamil Nadu,Vellore,Vellore APMC,Bottle gourd,Bottle Gourd,Local,1600,1600,1600,14/04/2026
Tamil Nadu,Theni,Periyakulam(Uzhavar Sandhai ),Bottle gourd,Bottle Gourd,Local,1000,1200,1100,14/04/2026
Tamil Nadu,Virudhunagar,Srivilliputhur(Uzhavar Sandhai ),Bottle gourd,Bottle Gourd,Local,1500,2000,1750,14/04/2026
Madhya Pradesh,Dhar,Kukshi(F&V) APMC,Bitter gourd,Bitter Gourd,Grade A,1300,2300,1800,14/04/2026
Madhya Pradesh,Dhar,Kukshi(F&V) APMC,Bottle gourd,Bottle Gourd,Grade A,400,600,500,14/04/2026
Madhya Pradesh,Badwani,Badwani(F&V) APMC,Bottle gourd,Bottle Gourd,Local,1000,1000,1000,14/04/2026
Madhya Pradesh,Badwani,Badwani(F&V) APMC,Sponge gourd,Sponge gourd,Local,1600,1600,1600,14/04/2026
Madhya Pradesh,Dhar,Kukshi(F&V) APMC,Sponge gourd,Sponge gourd,Grade A,1000,2000,1500,14/04/2026
Maharashtra,Pune,Pune(Moshi) APMC,Bitter gourd,Other,Local,3000,3000,3000,14/04/2026
Maharashtra,Nagpur,Hingna APMC,Bitter gourd,Other,Local,1500,3500,2792,14/04/2026
Maharashtra,Pune,Pune APMC,Bitter gourd,Other,Local,2000,3200,2600,14/04/2026
Maharashtra,Pune,Pune(Pimpri) APMC,Bitter gourd,Other,Local,3500,3500,3500,14/04/2026
Maharashtra,Chattrapati Sambhajinagar,Chattrapati Sambhajinagar APMC,Bitter gourd,Other,Local,1000,2500,1750,14/04/2026
Maharashtra,Pune,Junnar(Otur) APMC,Bitter gourd,Other,Local,1000,2500,2000,14/04/2026
Maharashtra,Pune,Pune(Khadiki) APMC,Bitter gourd,Other,Local,1500,1700,1600,14/04/2026
Maharashtra,Raigad,Panvel APMC,Bitter gourd,Other,Local,3000,4000,3500,14/04/2026
Maharashtra,Nashik,Nasik APMC,Bitter gourd,Other,Local,1670,3085,2085,14/04/2026
Maharashtra,Pune,Khed(Chakan) APMC,Bitter gourd,Other,Local,2500,3500,3000,14/04/2026
Maharashtra,Satara,Vai APMC,Bitter gourd,Other,Local,3000,4500,3800,14/04/2026
Maharashtra,Ahmednagar,Rahata APMC,Bitter gourd,Other,Local,1500,2000,1800,14/04/2026
Maharashtra,Mumbai,Mumbai APMC,Bitter gourd,Other,Local,1600,3000,2300,14/04/2026
Maharashtra,Nagpur,Hingna APMC,Bottle gourd,Other,Local,350,750,533,14/04/2026
Maharashtra,Pune,Pune(Moshi) APMC,Bottle gourd,Other,Local,2000,2500,2250,14/04/2026
Maharashtra,Pune,Pune(Pimpri) APMC,Bottle gourd,Other,Local,1300,1700,1500,14/04/2026
Maharashtra,Raigad,Panvel APMC,Bottle gourd,Other,Local,2500,3000,2750,14/04/2026
Maharashtra,Sangli,Palus APMC,Bottle gourd,Other,Local,500,700,600,14/04/2026
Maharashtra,Nashik,Nasik APMC,Bottle gourd,Other,Local,270,1000,670,14/04/2026
Maharashtra,Pune,Junnar(Otur) APMC,Bottle gourd,Other,Local,300,700,600,14/04/2026
Maharashtra,Mumbai,Mumbai APMC,Bottle gourd,Other,Local,1400,2000,1700,14/04/2026
Maharashtra,Pune,Khed(Chakan) APMC,Bottle gourd,Other,Local,1000,1600,1200,14/04/2026
Maharashtra,Satara,Vai APMC,Bottle gourd,Other,Local,1500,2000,1800,14/04/2026
Maharashtra,Ahmednagar,Rahata APMC,Little gourd(Kundru),Other,Local,2000,2500,2300,14/04/2026
Maharashtra,Chattrapati Sambhajinagar,Chattrapati Sambhajinagar APMC,Bottle gourd,Other,Local,600,1200,900,14/04/2026
Maharashtra,Pune,Pune APMC,Bottle gourd,Other,Local,1000,2000,1500,14/04/2026
Maharashtra,Pune,Pune(Khadiki) APMC,Bottle gourd,Other,Local,700,1100,900,14/04/2026
Maharashtra,Ahmednagar,Rahata APMC,Bottle gourd,Other,Local,500,1000,800,14/04/2026
Maharashtra,Nagpur,Hingna APMC,Little gourd(Kundru),Other,Local,3000,3000,3000,14/04/2026
Maharashtra,Pune,Pune APMC,Pointed gourd(Parval),Other,Local,3000,5000,4000,14/04/2026
Maharashtra,Pune,Pune APMC,Little gourd(Kundru),Other,Local,2000,4000,3000,14/04/2026
Maharashtra,Pune,Pune(Moshi) APMC,Little gourd(Kundru),Other,Local,3000,3000,3000,14/04/2026
Rajasthan,Ganganagar,Sriganganagar (F&V) APMC,Bitter gourd,Bitter Gourd,Medium,4800,5200,5000,14/04/2026
Rajasthan,Jodhpur,Jodhpur (F&V) APMC,Bitter gourd,Other,Medium,1000,2200,1500,14/04/2026
Rajasthan,Jalore,Jalore APMC,Bitter gourd,Other,Local,2000,2500,2300,14/04/2026
Rajasthan,Jalore,Jalore APMC,Bottle gourd,Bottle Gourd,Local,500,800,600,14/04/2026
Rajasthan,Jodhpur,Jodhpur (F&V) APMC,Round gourd,Other,Medium,500,2500,1500,14/04/2026
Rajasthan,Jodhpur,Jodhpur (F&V) APMC,Bottle gourd,Other,Medium,500,1500,1000,14/04/2026
Rajasthan,Ganganagar,Sriganganagar (F&V) APMC,Sponge gourd,Sponge gourd,Medium,5800,6200,6000,14/04/2026
Gujarat,Gandhinagar,Mansa(Manas Veg Yard) APMC,Bitter gourd,Other,Local,2500,3000,3000,14/04/2026
Gujarat,Rajkot,Gondal(Veg.market Gondal) APMC,Bitter gourd,Bitter Gourd,Local,1000,2500,1750,14/04/2026
Gujarat,Morbi,Morbi APMC,Bitter gourd,Bitter Gourd,FAQ,1500,2500,2000,14/04/2026
Gujarat,Anand,"Anand(Veg,Yard,Anand) APMC",Bottle gourd,Bottle Gourd,Grade B,500,1000,750,14/04/2026
Gujarat,Gandhinagar,Mansa(Manas Veg Yard) APMC,Bottle gourd,Other,Local,800,1500,1500,14/04/2026
Gujarat,Rajkot,Rajkot(Veg.Sub Yard) APMC,Bottle gourd,Bottle Gourd,FAQ,505,795,650,14/04/2026
Gujarat,Morbi,Morbi APMC,Bottle gourd,Bottle Gourd,FAQ,500,700,600,14/04/2026
Gujarat,Amreli,Damnagar APMC,Bottle gourd,Bottle Gourd,Local,2500,2500,2500,14/04/2026
Gujarat,Navsari,Bilimora APMC,Bottle gourd,Other,FAQ,1000,1500,1200,14/04/2026
Punjab,Hoshiarpur,Garh Shankar APMC,Bitter gourd,Bitter Gourd,FAQ,3500,3500,3500,14/04/2026
Punjab,Hoshiarpur,Tanda Urmur APMC,Bitter gourd,Bitter Gourd,Grade A,5000,6000,5500,14/04/2026
Punjab,Nawanshahr,Nawan Shahar(Subzi Mandi) APMC,Bitter gourd,Bitter Gourd,FAQ,3500,4000,3800,14/04/2026
Punjab,Fatehgarh,Bassi Pathana APMC,Bitter gourd,Bitter Gourd,Medium,7000,7000,7000,14/04/2026
Punjab,Kapurthala,Sultanpur APMC,Bitter gourd,Other,Local,3500,3500,3500,14/04/2026
Punjab,Ludhiana,Ludhiana APMC,Bitter gourd,Bitter Gourd,FAQ,2000,3000,2500,14/04/2026
Punjab,Fazilka,Jalalabad APMC,Bitter gourd,Bitter Gourd,Medium,4200,4500,4300,14/04/2026
Punjab,Hoshiarpur,Garh Shankar(Mahalpur) APMC,Bitter gourd,Other,FAQ,2300,2300,2300,14/04/2026
Punjab,Gurdaspur,Quadian APMC,Bitter gourd,Other,Grade A,5000,5550,5500,14/04/2026
Punjab,Fazilka,Fazilka APMC,Bitter gourd,Bitter Gourd,FAQ,6000,6000,6000,14/04/2026
Punjab,Ludhiana,Khanna APMC,Bitter gourd,Bitter Gourd,Grade A,2500,2500,2500,14/04/2026
Punjab,Ludhiana,Doraha APMC,Bitter gourd,Other,Local,2200,2200,2200,14/04/2026
Punjab,Patiala,Nabha APMC,Bitter gourd,Other,Grade C,2500,4000,3000,14/04/2026
Punjab,Mohali,Dera Bassi APMC,Bottle gourd,Bottle Gourd,Local,1800,1800,1800,14/04/2026
Punjab,Nawanshahr,Nawan Shahar(Subzi Mandi) APMC,Round gourd,Other,FAQ,1000,1500,1200,14/04/2026
Punjab,Fatehgarh,Bassi Pathana APMC,Bottle gourd,Bottle Gourd,Medium,1800,2000,1900,14/04/2026
Punjab,Mohali,Kharar APMC,Bottle gourd,Bottle Gourd,Local,1500,2000,1700,14/04/2026
Punjab,Ludhiana,Ludhiana APMC,Bottle gourd,Other,FAQ,200,900,700,14/04/2026
Punjab,Fatehgarh,Khamano APMC,Bottle gourd,Bottle Gourd,FAQ,2000,2000,2000,14/04/2026
Punjab,Ludhiana,Khanna APMC,Bottle gourd,Other,Grade A,1200,1200,1200,14/04/2026
Punjab,Ludhiana,Doraha APMC,Bottle gourd,Bottle Gourd,Local,1500,1500,1500,14/04/2026
Punjab,Gurdaspur,Dinanagar APMC,Bottle gourd,Bottle Gourd,Medium,2000,2400,2200,14/04/2026
Punjab,Hoshiarpur,Garh Shankar(Mahalpur) APMC,Bottle gourd,Bottle Gourd,FAQ,1600,1600,1600,14/04/2026
Punjab,Mohali,Kurali APMC,Bottle gourd,Bottle Gourd,Medium,1000,1500,1250,14/04/2026
Punjab,Nawanshahr,Nawan Shahar(Subzi Mandi) APMC,Sponge gourd,Other,FAQ,3500,3800,3700,14/04/2026
West Bengal,North 24 Parganas,Barasat APMC,Bitter gourd,Other,FAQ,4000,4000,4000,14/04/2026
West Bengal,Medinipur(E),Tamluk (Medinipur E) APMC,Bitter gourd,Bitter Gourd,FAQ,3800,4200,4000,14/04/2026
West Bengal,North 24 Parganas,Habra APMC,Bitter gourd,Other,FAQ,3500,3500,3500,14/04/2026
West Bengal,Sounth 24 Parganas,Baruipur(Canning) APMC,Bitter gourd,Bitter Gourd,FAQ,4500,4800,4600,14/04/2026
West Bengal,Hooghly,Kalipur APMC,Bitter gourd,Bitter Gourd,FAQ,4400,4600,4400,14/04/2026
West Bengal,Bankura,Khatra APMC,Bottle gourd,Bottle Gourd,Local,1400,1800,1550,14/04/2026
West Bengal,Bankura,Bishnupur(Bankura) APMC,Bottle gourd,Bottle Gourd,Local,1400,1800,1600,14/04/2026
West Bengal,Hooghly,Kalipur APMC,Pointed gourd(Parval),Pointed gourd (Parval),FAQ,4000,4400,4200,14/04/2026
Odisha,Boudh,Boudh APMC,Bitter gourd,Other,Local,3500,4500,4000,14/04/2026
Odisha,Dhenkanal,Hindol APMC,Bitter gourd,Bitter Gourd,Grade B,4000,4500,4200,14/04/2026
Odisha,Cuttack,Banki APMC,Bitter gourd,Other,Medium,5000,6000,5500,14/04/2026
Odisha,Sundergarh,Panposh APMC,Bottle gourd,Other,FAQ,2000,2400,2200,14/04/2026
Odisha,Malkangiri,Malkanagiri APMC,Bottle gourd,Other,Grade B,1800,1800,1800,14/04/2026
Odisha,Boudh,Boudh APMC,Pointed gourd(Parval),Other,Local,6000,7000,6500,14/04/2026
Odisha,Bargarh,Godabhaga APMC,Pointed gourd(Parval),Other,Local,3800,4200,4000,14/04/2026
Odisha,Bargarh,Attabira APMC,Pointed gourd(Parval),Other,Local,3800,4200,4000,14/04/2026
Odisha,Cuttack,Banki APMC,Pointed gourd(Parval),Other,Local,9000,10000,9500,14/04/2026
Odisha,Sundergarh,Sargipali APMC,Pointed gourd(Parval),Pointed gourd (Parval),FAQ,5800,6200,6000,14/04/2026
Telangana,Hyderabad,Gudimalkapur APMC,Bitter gourd,Bitter Gourd,Grade B,1800,3000,2500,14/04/2026
Telangana,Mahbubnagar,Shadnagar APMC,Bitter gourd,Bitter Gourd,Local,1600,2100,1800,14/04/2026
Telangana,Medak,Vantamamidi APMC,Bitter gourd,Bitter Gourd,Local,1000,2000,1500,14/04/2026
Telangana,Ranga Reddy,"Kukatpally,RBZ APMC",Bitter gourd,Bitter Gourd,Medium,1500,2000,1750,14/04/2026
Telangana,Hyderabad,Bowenpally APMC,Bitter gourd,Bitter Gourd,FAQ,700,2700,2000,14/04/2026
Telangana,Hyderabad,Gudimalkapur APMC,Bottle gourd,Bottle Gourd,Grade B,200,500,300,14/04/2026
Telangana,Hyderabad,Bowenpally APMC,Bottle gourd,Bottle Gourd,FAQ,200,600,500,14/04/2026
Telangana,Ranga Reddy,"Kukatpally,RBZ APMC",Bottle gourd,Bottle Gourd,Medium,400,1000,700,14/04/2026
Telangana,Hyderabad,Bowenpally APMC,Pointed gourd(Parval),Other,FAQ,2000,4500,3600,14/04/2026
Kerala,Kannur,Kannur APMC,Bitter gourd,Bitter Gourd,Grade A,8000,8600,8200,14/04/2026
Kerala,Palakad,Palakkad APMC,Bitter gourd,Bitter Gourd,FAQ,4500,5500,5100,14/04/2026
Kerala,Kottayam,Ettumanoor APMC,Bitter gourd,Bitter Gourd,FAQ,5400,5800,5600,14/04/2026
Kerala,Thirssur,Chavakkad APMC,Bitter gourd,Bitter Gourd,FAQ,4000,5600,5600,14/04/2026
Kerala,Kasargod,Pullur Periya  VFPCK APMC,Bitter gourd,Bitter Gourd,Grade A,4800,5000,4900,14/04/2026
Kerala,Wayanad,Kalpetta APMC,Bitter gourd,Other,FAQ,2800,2900,2900,14/04/2026
Kerala,Thirssur,Elanad  VFPCK APMC,Bitter gourd,Bitter Gourd,Grade A,4500,5000,4800,14/04/2026
Kerala,Idukki,Munnar APMC,Bitter gourd,Other,Medium,4500,4500,4500,14/04/2026
Kerala,Palakad,Pattambi APMC,Bitter gourd,Bitter Gourd,FAQ,5000,5500,5200,14/04/2026
Kerala,Kasargod,Kanjangadu APMC,Bitter gourd,Other,FAQ,8800,9500,9000,14/04/2026
Kerala,Kozhikode(Calicut),Mukkom APMC,Bitter gourd,Bitter Gourd,FAQ,5500,6000,5700,14/04/2026
Kerala,Kottayam,Pampady APMC,Bitter gourd,Bitter Gourd,FAQ,5500,6500,6000,14/04/2026
Kerala,Malappuram,Kottakkal APMC,Bitter gourd,Other,Local,4400,4400,4400,14/04/2026
Kerala,Pathanamthitta,Ranniangadi APMC,Bitter gourd,Bitter Gourd,Local,6200,6400,6400,14/04/2026
Kerala,Kottayam,Athirampuzha APMC,Bitter gourd,Bitter Gourd,FAQ,6000,6200,6100,14/04/2026
Kerala,Wayanad,Pulpally APMC,Bitter gourd,Other,Local,3300,3500,3400,14/04/2026
Kerala,Kottayam,Kottayam APMC,Bitter gourd,Bitter Gourd,FAQ,6200,6600,6400,14/04/2026
Kerala,Kozhikode(Calicut),Kallachi APMC,Bitter gourd,Bitter Gourd,FAQ,5800,6200,6000,14/04/2026
Kerala,Malappuram,Kottakkal APMC,Bitter gourd,Bitter Gourd,Local,5000,5000,5000,14/04/2026
Kerala,Alappuzha,Harippad APMC,Bitter gourd,Other,FAQ,5000,5500,5000,14/04/2026
Kerala,Wayanad,Manathavady APMC,Bitter gourd,Bitter Gourd,FAQ,3500,3600,3600,14/04/2026
Kerala,Malappuram,Parappanangadi APMC,Bitter gourd,Other,FAQ,5600,5800,5700,14/04/2026
Kerala,Kollam,Anchal APMC,Bitter gourd,Bitter Gourd,Local,7800,7800,7800,14/04/2026
Kerala,Kottayam,Pala APMC,Bitter gourd,Bitter Gourd,FAQ,5000,6000,5500,14/04/2026
Kerala,Kollam,Neduvathoor  VFPCK APMC,Bitter gourd,Bitter Gourd,Grade A,12000,12000,12000,14/04/2026
Kerala,Ernakulam,Perumbavoor APMC,Bitter gourd,Bitter Gourd,Medium,4000,5000,4500,14/04/2026
Kerala,Palakad,Palakkad APMC,Bottle gourd,Bottle Gourd,FAQ,2500,3500,3100,14/04/2026
Kerala,Alappuzha,Harippad APMC,Bottle gourd,Other,FAQ,1500,2000,1500,14/04/2026
Kerala,Kozhikode(Calicut),Mukkom APMC,Bottle gourd,Bottle Gourd,FAQ,2200,2500,2300,14/04/2026
Kerala,Ernakulam,Perumbavoor APMC,Bottle gourd,Bottle Gourd,Large,3000,4000,3500,14/04/2026
Kerala,Malappuram,Parappanangadi APMC,Bottle gourd,Bottle Gourd,FAQ,2600,2800,2700,14/04/2026
Kerala,Idukki,Munnar APMC,Bottle gourd,Bottle Gourd,Medium,4000,4000,4000,14/04/2026
Kerala,Kozhikode(Calicut),Kallachi APMC,Bottle gourd,Bottle Gourd,FAQ,3800,4200,4000,14/04/2026
Kerala,Kollam,Anchal APMC,Bottle gourd,Bottle Gourd,Local,2000,2000,2000,14/04/2026
Kerala,Palakad,Pattambi APMC,Bottle gourd,Bottle Gourd,FAQ,2000,2500,2200,14/04/2026
Kerala,Malappuram,Kottakkal APMC,Bottle gourd,Other,Local,2000,2000,2000,14/04/2026
Kerala,Kottayam,Pala APMC,Little gourd(Kundru),Other,FAQ,2600,4000,3200,14/04/2026
Kerala,Kottayam,Athirampuzha APMC,Little gourd(Kundru),Other,FAQ,3500,3700,3600,14/04/2026
Kerala,Malappuram,Parappanangadi APMC,Little gourd(Kundru),Little gourd (Kundru),FAQ,3300,3500,3400,14/04/2026
Kerala,Palakad,Pattambi APMC,Little gourd(Kundru),Other,FAQ,3500,4000,3800,14/04/2026
Kerala,Ernakulam,Perumbavoor APMC,Little gourd(Kundru),Other,Medium,3000,3600,3300,14/04/2026
Kerala,Kottayam,Kottayam APMC,Little gourd(Kundru),Other,FAQ,3200,3600,3400,14/04/2026
Kerala,Palakad,Palakkad APMC,Little gourd(Kundru),Other,FAQ,3000,4000,3600,14/04/2026
Kerala,Kottayam,Athirampuzha VFPCK APMC,Little gourd(Kundru),Little gourd (Kundru),Grade A,2000,2000,2000,14/04/2026
Kerala,Kasargod,Kanjangadu APMC,Little gourd(Kundru),Other,FAQ,6800,7400,7000,14/04/2026
Uttarakhand,Haridwar,Roorkee APMC,Bitter gourd,Other,Local,650,850,720,14/04/2026
Uttarakhand,Dehradoon,Vikasnagar APMC,Bottle gourd,Other,Medium,1000,1200,1200,14/04/2026
Uttarakhand,Haridwar,Roorkee APMC,Bottle gourd,Other,Local,600,800,700,14/04/2026
Himachal Pradesh,Kangra,SMY Palampur,Bitter gourd,Bitter Gourd,FAQ,6000,6500,6200,14/04/2026
Himachal Pradesh,Kangra,SMY Jaisinghpur,Bitter gourd,Bitter Gourd,FAQ,6200,6800,6500,14/04/2026
Himachal Pradesh,Chamba,PMY Chamba,Bitter gourd,Bitter Gourd,Medium,7000,7500,7250,14/04/2026
Himachal Pradesh,Mandi,SMY Jogindernagar,Bitter gourd,Other,Grade B,4500,5000,4750,14/04/2026
Himachal Pradesh,Chamba,PMY Chamba,Bottle gourd,Bottle Gourd,Medium,2000,2200,2100,14/04/2026
Himachal Pradesh,Kangra,SMY Jaisinghpur,Bottle gourd,Bottle Gourd,FAQ,2800,3800,3200,14/04/2026
Himachal Pradesh,Kangra,SMY Palampur,Bottle gourd,Bottle Gourd,FAQ,2500,3500,3000,14/04/2026
Himachal Pradesh,Mandi,SMY Jogindernagar,Bottle gourd,Other,Grade B,2800,3000,2900,14/04/2026
Assam,Kamrup,Pamohi(Garchuk) APMC,Bitter gourd,Bitter Gourd,FAQ,4000,4500,4200,14/04/2026
Assam,Kamrup,P.O. Uparhali Guwahati APMC,Bitter gourd,Bitter Gourd,FAQ,3200,3500,3300,14/04/2026
Assam,Kamrup,P.O. Uparhali Guwahati APMC,Sponge gourd,Sponge gourd,FAQ,3500,3700,3600,14/04/2026
Assam,Kamrup,Pamohi(Garchuk) APMC,Pointed gourd(Parval),Pointed gourd (Parval),FAQ,5000,6000,5500,14/04/2026
Assam,Kamrup,Pamohi(Garchuk) APMC,Sponge gourd,Sponge gourd,FAQ,3500,4500,4000,14/04/2026
Assam,Kamrup,Pamohi(Garchuk) APMC,Bottle gourd,Bottle Gourd,FAQ,3500,4000,3700,14/04/2026
Assam,Kamrup,P.O. Uparhali Guwahati APMC,Pointed gourd(Parval),Pointed gourd (Parval),FAQ,4000,4500,4300,14/04/2026
Tamil Nadu,Villupuram,Ulundurpettai APMC,Bhindi(Ladies Finger),Bhindi,Local,4000,4000,4000,14/04/2026
Tamil Nadu,Pudukkottai,Ponnamaravathi(Uzhavar Sandhai),Bhindi(Ladies Finger),Bhindi,Local,3500,4000,3750,14/04/2026
Tamil Nadu,Nagapattinam,Vedaranyam(Uzhavar Sandhai),Bhindi(Ladies Finger),Bhindi,Local,4000,4200,4100,14/04/2026
Tamil Nadu,Dharmapuri,Pennagaram(Uzhavar Sandhai ),Bhindi(Ladies Finger),Bhindi,Local,4200,4500,4350,14/04/2026
Tamil Nadu,Erode,Perundurai(Uzhavar Sandhai ),Bhindi(Ladies Finger),Bhindi,Local,3400,3600,3500,14/04/2026
Tamil Nadu,Karur,Kulithalai(Uzhavar Sandhai ),Bhindi(Ladies Finger),Bhindi,Local,4400,4800,4600,14/04/2026
Tamil Nadu,Krishnagiri,Hosur(Uzhavar Sandhai ),Bhindi(Ladies Finger),Bhindi,Local,4000,5000,4500,14/04/2026
Tamil Nadu,Madurai,Usilampatti(Uzhavar Sandhai ),Bhindi(Ladies Finger),Bhindi,Local,5000,5500,5250,14/04/2026
Tamil Nadu,Madurai,Anaiyur(Uzhavar Sandhai ),Bhindi(Ladies Finger),Bhindi,Local,5000,5500,5250,14/04/2026
Tamil Nadu,Nagapattinam,Sirkali(Uzhavar Sandhai ),Bhindi(Ladies Finger),Bhindi,Local,4500,5000,4750,14/04/2026
Tamil Nadu,The Nilgiris,Udhagamandalam(Uzhavar Sandhai ),Bhindi(Ladies Finger),Bhindi,Local,5500,6000,5750,14/04/2026
Tamil Nadu,Sivaganga,Sivagangai (Uzhavar Sandhai ),Bhindi(Ladies Finger),Bhindi,Local,5200,5600,5400,14/04/2026
Tamil Nadu,Sivaganga,Devakottai (Uzhavar Sandhai ),Bhindi(Ladies Finger),Bhindi,Local,5000,5800,5400,14/04/2026
Tamil Nadu,Sivaganga,Karaikudi(Uzhavar Sandhai ),Bhindi(Ladies Finger),Bhindi,Local,5400,5800,5600,14/04/2026
Tamil Nadu,Thanjavur,Pattukottai(Uzhavar Sandhai ),Bhindi(Ladies Finger),Bhindi,Local,5800,5800,5800,14/04/2026
Tamil Nadu,Thirunelveli,NGO Colony(Uzhavar Sandhai ),Bhindi(Ladies Finger),Bhindi,Local,3500,4500,4000,14/04/2026
Tamil Nadu,Thiruvellore,Tiruthani(Uzhavar Sandhai ),Bhindi(Ladies Finger),Bhindi,Local,3000,3000,3000,14/04/2026
Tamil Nadu,Tuticorin,Kovilpatti(Uzhavar Sandhai ),Bhindi(Ladies Finger),Bhindi,Local,4000,4500,4250,14/04/2026
Tamil Nadu,Thiruchirappalli,Thiruverumbur(Uzhavar Sandhai ),Bhindi(Ladies Finger),Bhindi,Local,7000,7000,7000,14/04/2026
Tamil Nadu,Thiruchirappalli,Lalgudi(Uzhavar Sandhai ),Bhindi(Ladies Finger),Bhindi,Local,7000,7000,7000,14/04/2026
Tamil Nadu,Virudhunagar,Sivakasi(Uzhavar Sandhai ),Bhindi(Ladies Finger),Bhindi,Local,4000,5000,4500,14/04/2026
Tamil Nadu,Thanjavur,Papanasam(Uzhavar Sandhai ),Bhindi(Ladies Finger),Bhindi,Local,3600,3600,3600,14/04/2026
Tamil Nadu,Erode,Gobichettipalayam(Uzhavar Sandhai ),Bhindi(Ladies Finger),Bhindi,Local,4300,4600,4450,14/04/2026
Tamil Nadu,Erode,Sathiyamagalam(Uzhavar Sandhai ),Bhindi(Ladies Finger),Bhindi,Local,4400,4800,4600,14/04/2026
Tamil Nadu,Coimbatore,Pollachi(Uzhavar Sandhai ),Bhindi(Ladies Finger),Bhindi,Local,6000,6500,6250,14/04/2026
Tamil Nadu,Cuddalore,Cuddalore(Uzhavar Sandhai ),Bhindi(Ladies Finger),Bhindi,Local,5000,5000,5000,14/04/2026
Tamil Nadu,Ranipet,Ranipettai(Uzhavar Sandhai ),Bhindi(Ladies Finger),Bhindi,Local,4000,4500,4250,14/04/2026
Tamil Nadu,Vellore,Vellore APMC,Bhindi(Ladies Finger),Bhindi,Local,3500,4000,3750,14/04/2026
Tamil Nadu,Salem,Ammapet(Uzhavar Sandhai ),Bhindi(Ladies Finger),Bhindi,Local,4500,4500,4500,14/04/2026
Tamil Nadu,Vellore,Thirupathur APMC,Bhindi(Ladies Finger),Bhindi,Local,4000,4000,4000,14/04/2026
Tamil Nadu,Salem,Vazhapadi(Uzhavar Sandhai),Bhindi(Ladies Finger),Bhindi,Local,4400,4400,4400,14/04/2026
Tamil Nadu,Salem,Thammampatti (Uzhavar Sandhai ),Bhindi(Ladies Finger),Bhindi,Local,3500,4000,3750,14/04/2026
Tamil Nadu,Thiruvarur,Tiruvarur(Uzhavar Sandhai ),Bhindi(Ladies Finger),Bhindi,Local,4000,4000,4000,14/04/2026
Tamil Nadu,Vellore,Katpadi (Uzhavar Sandhai ),Bhindi(Ladies Finger),Bhindi,Local,4000,4000,4000,14/04/2026
Tamil Nadu,Karur,Pallapatti (Uzhavar Sandhai ),Bhindi(Ladies Finger),Bhindi,Local,5500,6000,5750,14/04/2026
Tamil Nadu,Krishnagiri,Denkanikottai(Uzhavar Sandhai ),Bhindi(Ladies Finger),Bhindi,Local,4000,5000,4500,14/04/2026
Tamil Nadu,Madurai,Palanganatham(Uzhavar Sandhai ),Bhindi(Ladies Finger),Bhindi,Local,5000,5500,5250,14/04/2026
Tamil Nadu,Namakkal,Mohanur(Uzhavar Sandhai ),Bhindi(Ladies Finger),Bhindi,Local,4800,5200,5000,14/04/2026
Tamil Nadu,Perambalur,Perambalur(Uzhavar Sandhai ),Bhindi(Ladies Finger),Bhindi,Local,4400,4400,4400,14/04/2026
Tamil Nadu,Ramanathapuram,Ramanathapuram(Uzhavar Sandhai ),Bhindi(Ladies Finger),Bhindi,Local,4800,5000,4900,14/04/2026
Tamil Nadu,Salem,Sooramangalam(Uzhavar Sandhai ),Bhindi(Ladies Finger),Bhindi,Local,4800,5000,4900,14/04/2026
Tamil Nadu,Salem,Thathakapatti(Uzhavar Sandhai ),Bhindi(Ladies Finger),Bhindi,Local,4000,5000,4500,14/04/2026
Tamil Nadu,Salem,Jalagandapuram(Uzhavar Sandhai ),Bhindi(Ladies Finger),Bhindi,Local,3800,4000,3900,14/04/2026
Tamil Nadu,Salem,Edapadi (Uzhavar Sandhai ),Bhindi(Ladies Finger),Bhindi,Local,3500,4000,3750,14/04/2026
Tamil Nadu,Sivaganga,Singampunari(Uzhavar Sandhai ),Bhindi(Ladies Finger),Bhindi,Local,5500,6000,5750,14/04/2026
Tamil Nadu,Theni,Theni(Uzhavar Sandhai ),Bhindi(Ladies Finger),Bhindi,Local,4500,5000,4750,14/04/2026
Tamil Nadu,Theni,Kambam(Uzhavar Sandhai ),Bhindi(Ladies Finger),Bhindi,Local,5000,5000,5000,14/04/2026
Tamil Nadu,Thirunelveli,Melapalayam(Uzhavar Sandhai ),Bhindi(Ladies Finger),Bhindi,Local,4000,4500,4250,14/04/2026
Tamil Nadu,Thiruvannamalai,Polur(Uzhavar Sandhai ),Bhindi(Ladies Finger),Bhindi,Local,3000,3600,3300,14/04/2026
Tamil Nadu,Thiruchirappalli,Manachanallur(Uzhavar Sandhai ),Bhindi(Ladies Finger),Bhindi,Local,5000,6000,5500,14/04/2026
Tamil Nadu,Vellore,Gudiyatham(Uzhavar Sandhai ),Bhindi(Ladies Finger),Bhindi,Local,3600,3600,3600,14/04/2026
Tamil Nadu,Villupuram,Gingee(Uzhavar Sandhai ),Bhindi(Ladies Finger),Bhindi,Local,4000,4000,4000,14/04/2026
Tamil Nadu,Nagercoil (Kannyiakumari),Myladi(Uzhavar Sandhai ),Bhindi(Ladies Finger),Bhindi,Local,5500,6000,5750,14/04/2026
Tamil Nadu,Chengalpattu,Nanganallur(Uzhavar Sandhai ),Bhindi(Ladies Finger),Bhindi,Local,4000,5000,4500,14/04/2026
Tamil Nadu,Thirupur,Tiruppur (North) (Uzhavar Sandhai ),Bhindi(Ladies Finger),Bhindi,Local,5500,6000,5750,14/04/2026
Tamil Nadu,Coimbatore,Vadavalli(Uzhavar Sandhai ),Bhindi(Ladies Finger),Bhindi,Local,5600,6000,5800,14/04/2026
Tamil Nadu,Erode,Sampath Nagar(Uzhavar Sandhai ),Bhindi(Ladies Finger),Bhindi,Local,4600,5000,4800,14/04/2026
Tamil Nadu,Namakkal,Tiruchengode APMC,Bhindi(Ladies Finger),Bhindi,Local,4800,5400,5100,14/04/2026
Tamil Nadu,Ariyalur,Jeyankondam (Uzhavar Sandhai ),Bhindi(Ladies Finger),Bhindi,Local,3800,4400,4100,14/04/2026
Tamil Nadu,Coimbatore,Mettupalayam(Uzhavar Sandhai ),Bhindi(Ladies Finger),Bhindi,Local,6000,6500,6250,14/04/2026
Tamil Nadu,Coimbatore,Kurichi(Uzhavar Sandhai ),Bhindi(Ladies Finger),Bhindi,Local,6000,6500,6250,14/04/2026
Tamil Nadu,Pudukkottai,Pudukottai(Uzhavar Sandhai ),Bhindi(Ladies Finger),Bhindi,Local,4000,4500,4250,14/04/2026
Tamil Nadu,Salem,Athur(Uzhavar Sandhai ),Bhindi(Ladies Finger),Bhindi,Local,3000,3500,3250,14/04/2026
Tamil Nadu,Villupuram,Tindivanam APMC,Bhindi(Ladies Finger),Bhindi,Local,4000,4000,4000,14/04/2026
Tamil Nadu,Dharmapuri,Karimangalam(Uzhavar Sandhai),Bhindi(Ladies Finger),Bhindi,Local,4000,4500,4250,14/04/2026
Tamil Nadu,Vellore,Perampet(Uzhavar Sandhai),Bhindi(Ladies Finger),Bhindi,Local,3600,3600,3600,14/04/2026
Tamil Nadu,Cuddalore,Panruti(Uzhavar Sandhai ),Bhindi(Ladies Finger),Bhindi,Local,3500,3500,3500,14/04/2026
Tamil Nadu,Dindigul,Palani(Uzhavar Sandhai ),Bhindi(Ladies Finger),Bhindi,Local,4000,5000,4500,14/04/2026
Tamil Nadu,Kancheepuram,Sunguvarchatram(Uzhavar Sandhai ),Bhindi(Ladies Finger),Bhindi,Local,4500,5000,4750,14/04/2026
Tamil Nadu,Karur,Velayuthampalayam(Uzhavar Sandhai ),Bhindi(Ladies Finger),Bhindi,Local,5200,6000,5600,14/04/2026
Tamil Nadu,Karur,Vengamedu(Uzhavar Sandhai ),Bhindi(Ladies Finger),Bhindi,Local,5500,6000,5750,14/04/2026
Tamil Nadu,Krishnagiri,Krishnagiri(Uzhavar Sandhai ),Bhindi(Ladies Finger),Bhindi,Local,3000,3600,3300,14/04/2026
Tamil Nadu,Krishnagiri,Avallapalli(Uzhavar Sandhai ),Bhindi(Ladies Finger),Bhindi,Local,4000,5000,4500,14/04/2026
Tamil Nadu,Namakkal,Rasipuram(Uzhavar Sandhai ),Bhindi(Ladies Finger),Bhindi,Local,3800,4200,4000,14/04/2026
Tamil Nadu,Salem,Elampillai(Uzhavar Sandhai ),Bhindi(Ladies Finger),Bhindi,Local,4500,5000,4750,14/04/2026
Tamil Nadu,Thiruvarur,Mannargudi I(Uzhavar Sandhai ),Bhindi(Ladies Finger),Bhindi,Local,4000,4000,4000,14/04/2026
Tamil Nadu,Vellore,Kahithapattarai(Uzhavar Sandhai ),Bhindi(Ladies Finger),Bhindi,Local,3500,4000,3750,14/04/2026
Tamil Nadu,Virudhunagar,Sathur(Uzhavar Sandhai ),Bhindi(Ladies Finger),Bhindi,Local,3500,4000,3750,14/04/2026
Tamil Nadu,Thirupur,Palladam(Uzhavar Sandhai ),Bhindi(Ladies Finger),Bhindi,Local,5000,6000,5500,14/04/2026
Tamil Nadu,Thirupur,Tiruppur (South) (Uzhavar Sandhai ),Bhindi(Ladies Finger),Bhindi,Local,5500,6000,5750,14/04/2026
Tamil Nadu,Thirupur,Kangayam(Uzhavar Sandhai ),Bhindi(Ladies Finger),Bhindi,Local,5000,6000,5500,14/04/2026
Tamil Nadu,Thiruvarur,Valangaiman APMC,Bhindi(Ladies Finger),Bhindi,Local,3600,3600,3600,14/04/2026
Tamil Nadu,Thiruchirappalli,Thuraiyur APMC,Bhindi(Ladies Finger),Bhindi,Local,6000,7000,6500,14/04/2026
Tamil Nadu,Ariyalur,Ariyalur(Uzhavar Sandhai),Bhindi(Ladies Finger),Bhindi,Local,3400,4000,3700,14/04/2026
Tamil Nadu,Coimbatore,RSPuram(Uzhavar Sandhai ),Bhindi(Ladies Finger),Bhindi,Local,5600,6000,5800,14/04/2026
Tamil Nadu,Coimbatore,Singanallur(Uzhavar Sandhai ),Bhindi(Ladies Finger),Bhindi,Local,5500,5800,5650,14/04/2026
Tamil Nadu,Karur,Karur(Uzhavar Sandhai ),Bhindi(Ladies Finger),Bhindi,Local,5500,6000,5750,14/04/2026
Tamil Nadu,Thiruvarur,Muthupettai(Uzhavar Sandhai ),Bhindi(Ladies Finger),Bhindi,Local,4000,4000,4000,14/04/2026
Tamil Nadu,Kallakuruchi,Kallakurichi(Uzhavar Sandhai ),Bhindi(Ladies Finger),Bhindi,Local,4000,4000,4000,14/04/2026
Tamil Nadu,Tuticorin,Tuticorin(Uzhavar Sandhai ),Bhindi(Ladies Finger),Bhindi,Local,4500,5000,4750,14/04/2026
Tamil Nadu,Nagercoil (Kannyiakumari),Vadaseri APMC,Bhindi(Ladies Finger),Bhindi,Local,5500,6000,5750,14/04/2026
Tamil Nadu,Pudukkottai,Karambakkudi(Uzhavar Sandhai ),Bhindi(Ladies Finger),Bhindi,Local,3000,4000,3500,14/04/2026
Tamil Nadu,Theni,Andipatti(Uzhavar Sandhai ),Bhindi(Ladies Finger),Bhindi,Local,4800,5000,4900,14/04/2026
Tamil Nadu,Virudhunagar,Srivilliputhur(Uzhavar Sandhai ),Bhindi(Ladies Finger),Bhindi,Local,2500,3000,2750,14/04/2026
Tamil Nadu,Coimbatore,Udumalpet APMC,Bhindi(Ladies Finger),Bhindi,Local,5500,6500,6000,14/04/2026
Tamil Nadu,Coimbatore,Sulur(Uzhavar Sandhai ),Bhindi(Ladies Finger),Bhindi,Local,5000,5800,5400,14/04/2026
Tamil Nadu,Pudukkottai,Gandarvakottai(Uzhavar Sandhai ),Bhindi(Ladies Finger),Bhindi,Local,3000,3500,3250,14/04/2026
Tamil Nadu,Namakkal,Paramathivelur(Uzhavar Sandhai ),Bhindi(Ladies Finger),Bhindi,Local,4000,4200,4100,14/04/2026
Tamil Nadu,Thanjavur,Kumbakonam (Uzhavar Sandhai ),Bhindi(Ladies Finger),Bhindi,Local,7000,7000,7000,14/04/2026
Tamil Nadu,Erode,Periyar Nagar(Uzhavar Sandhai ),Bhindi(Ladies Finger),Bhindi,Local,4500,5000,4750,14/04/2026
Tamil Nadu,Kancheepuram,Kancheepuram(Uzhavar Sandhai ),Bhindi(Ladies Finger),Bhindi,Local,3500,4000,3750,14/04/2026
Tamil Nadu,Kancheepuram,Padappai(Uzhavar Sandhai ),Bhindi(Ladies Finger),Bhindi,Local,3500,4500,4000,14/04/2026
Tamil Nadu,Kancheepuram,Kundrathur(Uzhavar Sandhai ),Bhindi(Ladies Finger),Bhindi,Local,3500,3500,3500,14/04/2026
Tamil Nadu,Madurai,Melur(Uzhavar Sandhai ),Bhindi(Ladies Finger),Bhindi,Local,5000,5500,5250,14/04/2026
Tamil Nadu,Nagapattinam,Nagapattinam(Uzhavar Sandhai ),Bhindi(Ladies Finger),Bhindi,Local,5000,5500,5250,14/04/2026
Tamil Nadu,Namakkal,Namakkal(Uzhavar Sandhai ),Bhindi(Ladies Finger),Bhindi,Local,3500,4200,3850,14/04/2026
Tamil Nadu,Namakkal,Kumarapalayam(Uzhavar Sandhai ),Bhindi(Ladies Finger),Bhindi,Local,3500,4000,3750,14/04/2026
Tamil Nadu,Pudukkottai,Aranthangi(Uzhavar Sandhai ),Bhindi(Ladies Finger),Bhindi,Local,4000,4500,4250,14/04/2026
Tamil Nadu,Pudukkottai,Alangudi(Uzhavar Sandhai ),Bhindi(Ladies Finger),Bhindi,Local,3500,4000,3750,14/04/2026
Tamil Nadu,Pudukkottai,Viralimalai(Uzhavar Sandhai ),Bhindi(Ladies Finger),Bhindi,Local,4000,4500,4250,14/04/2026
Tamil Nadu,Ramanathapuram,Paramakudi(Uzhavar Sandhai ),Bhindi(Ladies Finger),Bhindi,Local,5000,5500,5250,14/04/2026
Tamil Nadu,Salem,Mettur(Uzhavar Sandhai ),Bhindi(Ladies Finger),Bhindi,Local,3500,4000,3750,14/04/2026
Tamil Nadu,Salem,Hasthampatti(Uzhavar Sandhai ),Bhindi(Ladies Finger),Bhindi,Local,4800,5000,4900,14/04/2026
Tamil Nadu,Sivaganga,Tirupatthur(Uzhavar Sandhai ),Bhindi(Ladies Finger),Bhindi,Local,5500,6000,5750,14/04/2026
Tamil Nadu,Thanjavur,Thanjavur(Uzhavar Sandhai ),Bhindi(Ladies Finger),Bhindi,Local,6000,6000,6000,14/04/2026
Tamil Nadu,Theni,Devaram(Uzhavar Sandhai ),Bhindi(Ladies Finger),Bhindi,Local,5500,5500,5500,14/04/2026
Tamil Nadu,Theni,Chinnamanur(Uzhavar Sandhai ),Bhindi(Ladies Finger),Bhindi,Local,6000,6000,6000,14/04/2026
Tamil Nadu,Thirunelveli,Palayamkottai(Uzhavar Sandhai ),Bhindi(Ladies Finger),Bhindi,Local,4000,4500,4250,14/04/2026
Tamil Nadu,Thiruvarur,Mannargudi II(Uzhavar Sandhai ),Bhindi(Ladies Finger),Bhindi,Local,4000,4000,4000,14/04/2026
Tamil Nadu,Thiruvannamalai,Tiruvannamalai(Uzhavar Sandhai ),Bhindi(Ladies Finger),Bhindi,Local,3000,3600,3300,14/04/2026
Tamil Nadu,Thiruvannamalai,Keelpennathur(Uzhavar Sandhai ),Bhindi(Ladies Finger),Bhindi,Local,4000,5000,4500,14/04/2026
Tamil Nadu,Thiruvannamalai,Tamarainagar(Uzhavar Sandhai ),Bhindi(Ladies Finger),Bhindi,Local,3500,4000,3750,14/04/2026
Tamil Nadu,Thiruchirappalli,Musiri(Uzhavar Sandhai ),Bhindi(Ladies Finger),Bhindi,Local,5000,6000,5500,14/04/2026
Tamil Nadu,Villupuram,Villupuram(Uzhavar Sandhai ),Bhindi(Ladies Finger),Bhindi,Local,6000,6000,6000,14/04/2026
Tamil Nadu,Virudhunagar,Rajapalayam(Uzhavar Sandhai ),Bhindi(Ladies Finger),Bhindi,Local,2500,3000,2750,14/04/2026
Tamil Nadu,Virudhunagar,Thalavaipuram(Uzhavar Sandhai ),Bhindi(Ladies Finger),Bhindi,Local,2500,3000,2750,14/04/2026
Tamil Nadu,Chengalpattu,Medavakkam(Uzhavar Sandhai ),Bhindi(Ladies Finger),Bhindi,Local,3000,4000,3500,14/04/2026
Tamil Nadu,Chengalpattu,Madhuranthagam(Uzhavar Sandhai ),Bhindi(Ladies Finger),Bhindi,Local,3500,4000,3750,14/04/2026
Tamil Nadu,Chengalpattu,Guduvancheri(Uzhavar Sandhai ),Bhindi(Ladies Finger),Bhindi,Local,5000,6000,5500,14/04/2026
Tamil Nadu,Thirupathur,Vaniyampadi(Uzhavar Sandhai ),Bhindi(Ladies Finger),Bhindi,Local,4000,4000,4000,14/04/2026
Tamil Nadu,Thirupur,Dharapuram(Uzhavar Sandhai ),Bhindi(Ladies Finger),Bhindi,Local,5000,6000,5500,14/04/2026
Tamil Nadu,Ranipet,Arcot(Uzhavar Sandhai ),Bhindi(Ladies Finger),Bhindi,Local,4000,4000,4000,14/04/2026
Tamil Nadu,Tenkasi,Tenkasi(Uzhavar Sandhai ),Bhindi(Ladies Finger),Bhindi,Local,5000,5000,5000,14/04/2026
Tamil Nadu,Dharmapuri,Harur(Uzhavar Sandhai ),Bhindi(Ladies Finger),Bhindi,Local,4000,4400,4200,14/04/2026
Tamil Nadu,Salem,Mecheri(Uzhavar Sandhai),Bhindi(Ladies Finger),Bhindi,Local,3500,4000,3750,14/04/2026
Tamil Nadu,Vellore,Pallikonda(Uzhavar Sandhai),Bhindi(Ladies Finger),Bhindi,Local,3000,3000,3000,14/04/2026
Tamil Nadu,Thanjavur,Peravurani(Uzhavar Sandhai),Bhindi(Ladies Finger),Bhindi,Local,3000,4000,3500,14/04/2026
Tamil Nadu,Karur,Gandhigramam(Uzhavar Sandhai),Bhindi(Ladies Finger),Bhindi,Local,5500,6000,5750,14/04/2026
Tamil Nadu,Nagapattinam,Mayiladuthurai(Uzhavar Sandhai ),Bhindi(Ladies Finger),Bhindi,Local,4500,5000,4750,14/04/2026
Tamil Nadu,Cuddalore,Viruthachalam(Uzhavar Sandhai ),Bhindi(Ladies Finger),Bhindi,Local,4000,4500,4250,14/04/2026
Tamil Nadu,Cuddalore,Vadalur(Uzhavar Sandhai ),Bhindi(Ladies Finger),Bhindi,Local,4000,4000,4000,14/04/2026
Tamil Nadu,Dharmapuri,Dharmapuri(Uzhavar Sandhai ),Bhindi(Ladies Finger),Bhindi,Local,2400,2600,2500,14/04/2026
Tamil Nadu,Dharmapuri,Palacode(Uzhavar Sandhai ),Bhindi(Ladies Finger),Bhindi,Local,2800,3000,2900,14/04/2026
Tamil Nadu,Dharmapuri,AJattihalli(Uzhavar Sandhai ),Bhindi(Ladies Finger),Bhindi,Local,4500,4500,4500,14/04/2026
Tamil Nadu,Dindigul,Dindigul(Uzhavar Sandhai ),Bhindi(Ladies Finger),Bhindi,Local,4000,5000,4500,14/04/2026
Tamil Nadu,Dindigul,Chinnalapatti(Uzhavar Sandhai ),Bhindi(Ladies Finger),Bhindi,Local,4500,5000,4750,14/04/2026
Tamil Nadu,Erode,Thalavadi(Uzhavar Sandhai ),Bhindi(Ladies Finger),Bhindi,Local,4000,4600,4300,14/04/2026
Tamil Nadu,Madurai,Anna nagar(Uzhavar Sandhai ),Bhindi(Ladies Finger),Bhindi,Local,5000,5500,5250,14/04/2026
Tamil Nadu,Madurai,Chokkikulam(Uzhavar Sandhai ),Bhindi(Ladies Finger),Bhindi,Local,5000,5500,5250,14/04/2026
Tamil Nadu,Madurai,Thirumangalam(Uzhavar Sandhai ),Bhindi(Ladies Finger),Bhindi,Local,5000,5500,5250,14/04/2026
Tamil Nadu,Ramanathapuram,Kamuthi(Uzhavar Sandhai ),Bhindi(Ladies Finger),Bhindi,Local,4500,4500,4500,14/04/2026
Tamil Nadu,Salem,Attayampatti(Uzhavar Sandhai ),Bhindi(Ladies Finger),Bhindi,Local,5200,5200,5200,14/04/2026
Tamil Nadu,Thanjavur,Tirukattupalli(Uzhavar Sandhai ),Bhindi(Ladies Finger),Bhindi,Local,3000,3000,3000,14/04/2026
Tamil Nadu,Theni,Bodinayakanur(Uzhavar Sandhai ),Bhindi(Ladies Finger),Bhindi,Local,5000,5000,5000,14/04/2026
Tamil Nadu,Thirunelveli,Kandiyaperi(Uzhavar Sandhai ),Bhindi(Ladies Finger),Bhindi,Local,4000,4500,4250,14/04/2026
Tamil Nadu,Thirunelveli,Ambasamudram(Uzhavar Sandhai ),Bhindi(Ladies Finger),Bhindi,Local,4000,4500,4250,14/04/2026
Tamil Nadu,Thiruvellore,Paruthipattu(Uzhavar Sandhai ),Bhindi(Ladies Finger),Bhindi,Local,4000,4000,4000,14/04/2026
Tamil Nadu,Thiruvarur,Tiruthuraipoondi(Uzhavar Sandhai ),Bhindi(Ladies Finger),Bhindi,Local,2000,2000,2000,14/04/2026
Tamil Nadu,Thiruvannamalai,Arani(Uzhavar Sandhai ),Bhindi(Ladies Finger),Bhindi,Local,3300,4000,3650,14/04/2026
Tamil Nadu,Thiruvannamalai,Chengam(Uzhavar Sandhai ),Bhindi(Ladies Finger),Bhindi,Local,3300,4000,3650,14/04/2026
Tamil Nadu,Thiruvannamalai,Vandavasi(Uzhavar Sandhai ),Bhindi(Ladies Finger),Bhindi,Local,3500,4000,3750,14/04/2026
Tamil Nadu,Thiruchirappalli,KKNagar(Uzhavar Sandhai ),Bhindi(Ladies Finger),Bhindi,Local,7000,7000,7000,14/04/2026
Tamil Nadu,Thiruchirappalli,Manapparai(Uzhavar Sandhai ),Bhindi(Ladies Finger),Bhindi,Local,6000,6000,6000,14/04/2026
Tamil Nadu,Virudhunagar,Aruppukottai(Uzhavar Sandhai ),Bhindi(Ladies Finger),Bhindi,Local,3000,3500,3250,14/04/2026
Tamil Nadu,Virudhunagar,Virudhunagar(Uzhavar Sandhai ),Bhindi(Ladies Finger),Bhindi,Local,3800,4000,3900,14/04/2026
Tamil Nadu,Virudhunagar,Kariyapatti(Uzhavar Sandhai ),Bhindi(Ladies Finger),Bhindi,Local,3500,4000,3750,14/04/2026
Tamil Nadu,Chengalpattu,Pallavaram(Uzhavar Sandhai ),Bhindi(Ladies Finger),Bhindi,Local,5000,6000,5500,14/04/2026
Tamil Nadu,Chengalpattu,Chengalpet(Uzhavar Sandhai ),Bhindi(Ladies Finger),Bhindi,Local,5000,6000,5500,14/04/2026
Tamil Nadu,Chengalpattu,Jameenrayapettai(Uzhavar Sandhai ),Bhindi(Ladies Finger),Bhindi,Local,5000,6000,5500,14/04/2026
Tamil Nadu,Thirupathur,Natrampalli(Uzhavar Sandhai ),Bhindi(Ladies Finger),Bhindi,Local,4000,5000,4500,14/04/2026
Tamil Nadu,Thiruvannamalai,Cheyyar(Uzhavar Sandhai ),Bhindi(Ladies Finger),Bhindi,Local,3200,4000,3600,14/04/2026
Tamil Nadu,Dindigul,Vedasanthur(Uzhavar Sandhai ),Bhindi(Ladies Finger),Bhindi,Local,4000,5000,4500,14/04/2026
Tamil Nadu,Coimbatore,Sundarapuram(Uzhavar Sandhai ),Bhindi(Ladies Finger),Bhindi,Local,5800,6200,6000,14/04/2026
Tamil Nadu,Thiruvarur,Needamangalam(Uzhavar Sandhai ),Bhindi(Ladies Finger),Bhindi,Local,3800,3800,3800,14/04/2026
Tamil Nadu,Chengalpattu,Thirukalukundram(Uzhavar Sandhai ),Bhindi(Ladies Finger),Bhindi,Local,3000,4000,3500,14/04/2026
Tamil Nadu,Kallakuruchi,Sankarapuram(Uzhavar Sandhai ),Bhindi(Ladies Finger),Bhindi,Local,4000,4000,4000,14/04/2026
Tamil Nadu,Tenkasi,Sankarankoil(Uzhavar Sandhai ),Bhindi(Ladies Finger),Bhindi,Local,3500,3500,3500,14/04/2026
Tamil Nadu,Theni,Periyakulam(Uzhavar Sandhai ),Bhindi(Ladies Finger),Bhindi,Local,4800,5000,4900,14/04/2026
Tamil Nadu,Krishnagiri,Kaveripattinam(Uzhavar Sandhai ),Bhindi(Ladies Finger),Bhindi,Local,4000,4000,4000,14/04/2026
Tamil Nadu,The Nilgiris,Coonoor(Uzhavar Sandhai ),Bhindi(Ladies Finger),Bhindi,Local,5500,6000,5750,14/04/2026
Tamil Nadu,The Nilgiris,Gudalur(Uzhavar Sandhai ),Bhindi(Ladies Finger),Bhindi,Local,6500,7000,6750,14/04/2026
Rajasthan,Ganganagar,Sriganganagar (F&V) APMC,Bhindi(Ladies Finger),Bhindi,Medium,5800,6200,6000,14/04/2026
Rajasthan,Jodhpur,Jodhpur (F&V) APMC,Bhindi(Ladies Finger),Other,Medium,1500,3200,2500,14/04/2026
Rajasthan,Jalore,Jalore APMC,Bhindi(Ladies Finger),Bhindi,Local,2000,2500,2300,14/04/2026
Karnataka,Bangalore,Ramanagara APMC,Ladies Finger,Ladies Finger,Local,3000,4000,3500,14/04/2026
Karnataka,Haveri,Ranebennur APMC,Ragi(Finger Millet),Local,FAQ,2932,3090,3011,14/04/2026
Haryana,Panipat,Samalkha APMC,Bhindi(Ladies Finger),Bhindi,FAQ,3000,3000,3000,14/04/2026
Haryana,Mahendragarh-Narnaul,Narnaul APMC,Bhindi(Ladies Finger),Bhindi,Medium,3000,4000,4000,14/04/2026
Haryana,Sirsa,Rania(Jiwan nagar) APMC,Bhindi(Ladies Finger),Bhindi,FAQ,4000,4500,4300,14/04/2026
Haryana,Kurukshetra,Ladwa APMC,Bhindi(Ladies Finger),Bhindi,Medium,4500,5000,5000,14/04/2026
Haryana,Kurukshetra,Shahabad APMC,Bhindi(Ladies Finger),Bhindi,Medium,4000,6500,4500,14/04/2026
Haryana,Ambala,Naraingarh APMC,Bhindi(Ladies Finger),Bhindi,Medium,3500,5000,4000,14/04/2026
Haryana,Sonipat,Sonepat APMC,Bhindi(Ladies Finger),Other,FAQ,4500,7000,7000,14/04/2026
Haryana,Sonipat,Ganaur APMC,Bhindi(Ladies Finger),Bhindi,Medium,5500,6000,5800,14/04/2026
Haryana,Sonipat,Gohana APMC,Bhindi(Ladies Finger),Other,Medium,4000,6000,5000,14/04/2026
Haryana,Mahendragarh-Narnaul,Mohindergarh APMC,Bhindi(Ladies Finger),Bhindi,FAQ,1800,3500,2500,14/04/2026
Haryana,Jind,Narwana APMC,Bhindi(Ladies Finger),Bhindi,Local,4000,4000,4000,14/04/2026
Haryana,Hissar,Barwala(Hisar) APMC,Bhindi(Ladies Finger),Bhindi,Local,6000,7000,6500,14/04/2026
Haryana,Kurukshetra,Thanesar APMC,Bhindi(Ladies Finger),Bhindi,Local,5000,6000,5500,14/04/2026
Punjab,Gurdaspur,Dinanagar APMC,Bhindi(Ladies Finger),Bhindi,Medium,6000,7000,6500,14/04/2026
Punjab,Hoshiarpur,Garh Shankar APMC,Bhindi(Ladies Finger),Bhindi,FAQ,5000,5000,5000,14/04/2026
Punjab,Bhatinda,Rampuraphul(Nabha Mandi) APMC,Bhindi(Ladies Finger),Bhindi,Grade A,5000,7500,6500,14/04/2026
Punjab,Patiala,Nabha APMC,Bhindi(Ladies Finger),Other,Grade C,5000,7500,6700,14/04/2026
Punjab,Fazilka,Fazilka APMC,Bhindi(Ladies Finger),Bhindi,FAQ,6000,6000,6000,14/04/2026
Punjab,Ludhiana,Khanna APMC,Bhindi(Ladies Finger),Bhindi,Grade A,3000,3000,3000,14/04/2026
Punjab,Patiala,Patiala APMC,Bhindi(Ladies Finger),Bhindi,Grade B,5800,6200,6000,14/04/2026
Punjab,Hoshiarpur,Tanda Urmur APMC,Bhindi(Ladies Finger),Bhindi,Grade A,5000,6000,5500,14/04/2026
Punjab,Hoshiarpur,Garh Shankar(Mahalpur) APMC,Bhindi(Ladies Finger),Bhindi,FAQ,5500,5500,5500,14/04/2026
Punjab,Gurdaspur,Quadian APMC,Bhindi(Ladies Finger),Other,Grade A,5000,5200,5100,14/04/2026
Punjab,Mohali,Kurali APMC,Bhindi(Ladies Finger),Bhindi,Medium,6500,7000,6800,14/04/2026
Punjab,Mohali,Dera Bassi APMC,Bhindi(Ladies Finger),Bhindi,Local,3500,3500,3500,14/04/2026
Punjab,Ludhiana,Ludhiana APMC,Bhindi(Ladies Finger),Other,FAQ,1500,3000,2200,14/04/2026
Punjab,Ludhiana,Sahnewal APMC,Bhindi(Ladies Finger),Bhindi,FAQ,4000,4000,4000,14/04/2026
Punjab,Fazilka,Jalalabad APMC,Bhindi(Ladies Finger),Bhindi,Medium,5000,5000,5000,14/04/2026
Punjab,Nawanshahr,Nawan Shahar(Subzi Mandi) APMC,Bhindi(Ladies Finger),Bhindi,FAQ,6000,6200,6100,14/04/2026
Punjab,Fatehgarh,Bassi Pathana APMC,Bhindi(Ladies Finger),Bhindi,Medium,7000,8000,7500,14/04/2026
Odisha,Malkangiri,Malkanagiri APMC,Bhindi(Ladies Finger),Other,Grade B,2500,2500,2500,14/04/2026
Odisha,Sundergarh,Panposh APMC,Bhindi(Ladies Finger),Other,FAQ,4500,5200,5000,14/04/2026
Odisha,Boudh,Boudh APMC,Bhindi(Ladies Finger),Other,Local,3500,4500,4000,14/04/2026
Odisha,Sundergarh,Sargipali APMC,Bhindi(Ladies Finger),Bhindi,FAQ,2200,2500,2400,14/04/2026
Odisha,Dhenkanal,Hindol APMC,Bhindi(Ladies Finger),Bhindi,Grade B,3700,4000,3800,14/04/2026
Odisha,Cuttack,Banki APMC,Bhindi(Ladies Finger),Bhindi,Local,6000,7000,6500,14/04/2026
Kerala,Kottayam,Kottayam APMC,Bhindi(Ladies Finger),Bhindi,FAQ,4700,5100,4900,14/04/2026
Kerala,Wayanad,Kalpetta APMC,Bhindi(Ladies Finger),Bhindi,FAQ,2800,2900,2900,14/04/2026
Kerala,Malappuram,Kottakkal APMC,Bhindi(Ladies Finger),Other,Local,5000,5000,5000,14/04/2026
Kerala,Palakad,Pattambi APMC,Bhindi(Ladies Finger),Bhindi,FAQ,6000,7000,6500,14/04/2026
Kerala,Malappuram,Parappanangadi APMC,Bhindi(Ladies Finger),Bhindi,FAQ,6300,6500,6400,14/04/2026
Kerala,Kasargod,Kasargod APMC,Bhindi(Ladies Finger),Bhindi,Local,5500,6000,5800,14/04/2026
Kerala,Kasargod,Kanjangadu APMC,Bhindi(Ladies Finger),Other,FAQ,6800,7400,7000,14/04/2026
Kerala,Kottayam,Athirampuzha APMC,Bhindi(Ladies Finger),Bhindi,FAQ,5800,6000,5900,14/04/2026
Kerala,Kozhikode(Calicut),Mukkom APMC,Bhindi(Ladies Finger),Bhindi,FAQ,5600,6000,5800,14/04/2026
Kerala,Alappuzha,Harippad APMC,Bhindi(Ladies Finger),Other,FAQ,4000,4500,4000,14/04/2026
Kerala,Kottayam,Pampady APMC,Bhindi(Ladies Finger),Bhindi,FAQ,4500,5500,5000,14/04/2026
Kerala,Idukki,Munnar APMC,Bhindi(Ladies Finger),Other,Medium,6000,6000,6000,14/04/2026
Kerala,Kozhikode(Calicut),Kallachi APMC,Bhindi(Ladies Finger),Other,FAQ,6800,7200,7000,14/04/2026
Kerala,Kollam,Anchal APMC,Bhindi(Ladies Finger),Bhindi,Local,4300,4300,4300,14/04/2026
Kerala,Ernakulam,Perumbavoor APMC,Bhindi(Ladies Finger),Bhindi,Medium,4500,5500,5000,14/04/2026
Kerala,Kannur,Kannur APMC,Bhindi(Ladies Finger),Bhindi,Grade A,7300,7800,7500,14/04/2026
Kerala,Palakad,Palakkad APMC,Bhindi(Ladies Finger),Bhindi,FAQ,6500,7500,7100,14/04/2026
Kerala,Kottayam,Ettumanoor APMC,Bhindi(Ladies Finger),Bhindi,FAQ,5400,5700,5500,14/04/2026
Kerala,Kottayam,Pala APMC,Bhindi(Ladies Finger),Bhindi,FAQ,5500,6600,6000,14/04/2026
Kerala,Kannur,Thalasserry APMC,Bhindi(Ladies Finger),Other,FAQ,5300,6000,5500,14/04/2026
Himachal Pradesh,Kangra,SMY Jaisinghpur,Bhindi(Ladies Finger),Bhindi,FAQ,5800,6500,6200,14/04/2026
Himachal Pradesh,Kangra,SMY Palampur,Bhindi(Ladies Finger),Bhindi,FAQ,5500,6000,5800,14/04/2026
Himachal Pradesh,Mandi,SMY Jogindernagar,Bhindi(Ladies Finger),Other,Grade B,5000,5500,5250,14/04/2026
Himachal Pradesh,Chamba,PMY Chamba,Bhindi(Ladies Finger),Bhindi,Medium,7000,7500,7250,14/04/2026
Assam,Kamrup,P.O. Uparhali Guwahati APMC,Bhindi(Ladies Finger),Bhindi,FAQ,4000,5000,4500,14/04/2026
Maharashtra,Pune,Pune(Moshi) APMC,Banana,Other,Local,2000,6000,4000,14/04/2026
Maharashtra,Mumbai,Mumbai- Fruit Market APMC,Banana,Other,Local,3000,4000,3500,14/04/2026
Maharashtra,Nashik,Nasik APMC,Banana,Khandesh,Local,700,1800,1500,14/04/2026
Maharashtra,Mumbai,Mumbai APMC,Banana - Green,Other,Local,2400,3000,2700,14/04/2026
Rajasthan,Ganganagar,Sriganganagar (F&V) APMC,Banana,Banana-Organic,Medium,2500,2900,2700,14/04/2026
Gujarat,Narmada,Rajpipla APMC,Banana,Other,Medium,1850,2000,1925,14/04/2026
Gujarat,Porbandar,Porbandar APMC,Banana,Amruthapani,Grade A,2000,2500,2250,14/04/2026
Gujarat,Rajkot,Gondal(Veg.market Gondal) APMC,Banana,Banana - Ripe,Local,1300,2500,1900,14/04/2026
Punjab,Bhatinda,Raman APMC,Banana,Other,Medium,2400,2495,2435,14/04/2026
Punjab,Fazilka,Jalalabad APMC,Banana,Other,Medium,3100,3300,3200,14/04/2026
Punjab,Fazilka,Fazilka APMC,Banana,Banana - Ripe,Medium,3500,3500,3500,14/04/2026
Punjab,Sangrur,Dhuri APMC,Banana,Banana - Ripe,Medium,1800,2100,2000,14/04/2026
Punjab,Hoshiarpur,Garh Shankar APMC,Banana,Other,Medium,2700,2700,2700,14/04/2026
Punjab,Nawanshahr,Nawan Shahar(Subzi Mandi) APMC,Banana,Medium,Medium,3500,4000,3800,14/04/2026
Punjab,Hoshiarpur,Garh Shankar(Mahalpur) APMC,Banana,Other,Medium,2300,2300,2300,14/04/2026
Punjab,Gurdaspur,Quadian APMC,Banana,Other,Grade A,3200,3300,3250,14/04/2026
Punjab,Fatehgarh,Bassi Pathana APMC,Banana,Other,Medium,3000,3500,3200,14/04/2026
Punjab,Hoshiarpur,GarhShankar (Kotfatuhi) APMC,Banana,Other,Medium,3200,3200,3200,14/04/2026
Punjab,Patiala,Patiala APMC,Banana,Banana - Ripe,Grade B,2000,2800,2500,14/04/2026
Punjab,Mansa,Mansa APMC,Banana,Banana - Ripe,Grade A,1890,1890,1890,14/04/2026
Punjab,Patiala,Rajpura APMC,Banana,Other,Grade A,2000,2250,2150,14/04/2026
Punjab,Ropar (Rupnagar),Chamkaur Sahib APMC,Banana,Other,Medium,3500,3500,3500,14/04/2026
Punjab,Gurdaspur,Dinanagar APMC,Banana,Other,Medium,3500,4000,3800,14/04/2026
Punjab,Bhatinda,Rampuraphul(Nabha Mandi) APMC,Banana,Other,Grade A,2000,3000,2500,14/04/2026
Odisha,Cuttack,Banki APMC,Banana - Green,Banana - Green,Small,1000,1200,1100,14/04/2026
Odisha,Dhenkanal,Hindol APMC,Banana - Green,Other,Grade B,2600,2800,2700,14/04/2026
Odisha,Ganjam,Digapahandi APMC,Banana - Green,Banana - Green,FAQ,1800,2200,2000,14/04/2026
Telangana,Hyderabad,Gudimalkapur APMC,Banana - Green,Banana - Green,Grade B,1000,2000,1500,14/04/2026
Kerala,Wayanad,Pulpally APMC,Banana,Other,Medium,1900,2100,2000,14/04/2026
Kerala,Kottayam,Kottayam APMC,Banana,Poovan,Medium,4000,4400,4200,14/04/2026
Kerala,Kollam,Anchal APMC,Banana,Poovan,Medium,7600,7600,7600,14/04/2026
Kerala,Ernakulam,Pothanikkadu VFPCK APMC,Banana,Poovan,Grade A,2800,3500,3200,14/04/2026
Kerala,Ernakulam,Thuravoor VFPCK APMC,Banana,Nendra Bale,Grade Range-1,3700,3700,3700,14/04/2026
Kerala,Kottayam,Vayala  VFPCK APMC,Banana,Nendra Bale,Grade A,5000,5000,5000,14/04/2026
Kerala,Malappuram,Kodakkad  VFPCK APMC,Banana,Nendra Bale,Local,2300,2500,2400,14/04/2026
Kerala,Kannur,Thalasserry APMC,Banana,Other,Small,4200,5000,4400,14/04/2026
Kerala,Kasargod,Kasargod APMC,Banana,Medium,Local,5000,5500,5200,14/04/2026
Kerala,Kasargod,Kanjangadu APMC,Banana,Other,Large,4800,5300,5000,14/04/2026
Kerala,Ernakulam,Perumbavoor APMC,Banana,Poovan,Medium,5000,6000,5500,14/04/2026
Kerala,Malappuram,Parappanangadi APMC,Banana,Palayamthodan,Grade A,2500,2700,2600,14/04/2026
Kerala,Malappuram,Parappanangadi APMC,Banana,Poovan,Small,4800,5000,4900,14/04/2026
Kerala,Kozhikode(Calicut),Mukkom APMC,Banana,Other,Large,4500,4800,4600,14/04/2026
Kerala,Kozhikode(Calicut),Perambra APMC,Banana,Robusta,Local,1500,1500,1500,14/04/2026
Kerala,Palakad,Palakkad APMC,Banana,Nendra Bale,Small,2300,3500,3000,14/04/2026
Kerala,Palakad,Palakkad APMC,Banana,Poovan,Medium,4000,5500,4800,14/04/2026
Kerala,Kollam,Anchal APMC,Banana,Nendra Bale,Medium,6300,6300,6300,14/04/2026
Kerala,Kollam,Anchal APMC,Banana,Palayamthodan,Medium,3600,3600,3600,14/04/2026
Kerala,Malappuram,Elamkulam VFPCK APMC,Banana,Nendra Bale,Local,2000,2100,2100,14/04/2026
Kerala,Ernakulam,Mookkannur  VFPCK APMC,Banana,Nendra Bale,Grade A,3000,4000,3200,14/04/2026
Kerala,Ernakulam,Mookkannur  VFPCK APMC,Banana,Palayamthodan,Grade A,1200,1700,1500,14/04/2026
Kerala,Thirssur,Marottichal  VFPCK APMC,Banana,Nendra Bale,Grade A,1000,3500,2015,14/04/2026
Kerala,Kasargod,Kasargod APMC,Banana,Nendra Bale,Local,3200,3600,3400,14/04/2026
Kerala,Malappuram,Parappanangadi APMC,Banana,Robusta,Grade A,2100,2300,2200,14/04/2026
Kerala,Kollam,Kulathoopuzha VFPCK APMC,Banana,Nendra Bale,Grade A,6200,6200,6200,14/04/2026
Kerala,Kollam,Anchal APMC,Banana,Rasakathai,Medium,6500,6500,6500,14/04/2026
Kerala,Palakad,Pattambi APMC,Banana,Nendra Bale,Grade B,4000,4500,4200,14/04/2026
Kerala,Thirssur,Karalam VFPCK APMC,Banana,Nendra Bale,Grade A,1000,3580,2000,14/04/2026
Kerala,Thirssur,Thottippal VFPCK APMC,Banana,Nendra Bale,Grade A,1000,4500,2150,14/04/2026
Kerala,Thirssur,Thottippal VFPCK APMC,Banana,Palayamthodan,Grade A,800,1800,1200,14/04/2026
Kerala,Malappuram,Vazhayur VFPCK APMC,Banana,Nendra Bale,Local,2300,2500,2400,14/04/2026
Kerala,Kollam,Neduvathoor  VFPCK APMC,Banana,Poovan,Grade A,3500,3500,3500,14/04/2026
Kerala,Kollam,Neduvathoor  VFPCK APMC,Banana,Banana - Ripe,Grade A,8000,8000,8000,14/04/2026
Kerala,Kollam,Kadakkal  VFPCK APMC,Banana,Red Banana,Grade A,5800,5800,5800,14/04/2026
Kerala,Kollam,Kadakkal  VFPCK APMC,Banana,Poovan,Grade A,4200,4200,4200,14/04/2026
Kerala,Ernakulam,Kunnukara  VFPCK APMC,Banana,Nendra Bale,Grade A,3700,3900,3800,14/04/2026
Kerala,Kannur,Thalasserry APMC,Banana,Other,Large,2800,3500,3000,14/04/2026
Kerala,Kannur,Kuthuparambu APMC,Banana,Other,Small,7300,7700,7500,14/04/2026
Kerala,Ernakulam,Perumbavoor APMC,Banana,Palayamthodan,Medium,2500,3500,3000,14/04/2026
Kerala,Kannur,Irityy APMC,Banana,Nendra Bale,Medium,4000,4200,4100,14/04/2026
Kerala,Thiruvananthapuram,Balaramapuram  VFPCK APMC,Banana,Nendra Bale,Grade A,3800,4200,4000,14/04/2026
Kerala,Thiruvananthapuram,Vellarada  VFPCK APMC,Banana,Nendra Bale,Grade B,1500,3000,2500,14/04/2026
Kerala,Kottayam,Kottayam APMC,Banana,Nendra Bale,Medium,3600,4000,3800,14/04/2026
Kerala,Kollam,Plappally VFPCK APMC,Banana,Banana - Ripe,Grade A,8000,8000,8000,14/04/2026
Kerala,Kottayam,Pala APMC,Banana,Banana - Ripe,Large,3200,4000,3600,14/04/2026
Kerala,Kottayam,Kaithepalam VFPCK APMC,Banana,Nendra Bale,Grade A,4000,4200,4100,14/04/2026
Kerala,Ernakulam,Kurumassery VFPCK APMC,Banana,Robusta,Grade A,1300,1500,1400,14/04/2026
Kerala,Ernakulam,Thuravoor VFPCK APMC,Banana,Palayamthodan,Grade Range-1,1400,1400,1400,14/04/2026
Kerala,Ernakulam,Thuravoor VFPCK APMC,Banana,Poovan,Grade Range-1,3500,3500,3500,14/04/2026
Kerala,Kannur,Kolayad VFPCK APMC,Banana,Nendra Bale,Grade A,3800,3800,3800,14/04/2026
Kerala,Kollam,Elamad  VFPCK APMC,Banana,Poovan,Grade A,3000,3500,3200,14/04/2026
Kerala,Kollam,Kadakkal  VFPCK APMC,Banana,Banana - Ripe,Grade A,5500,5500,5500,14/04/2026
Kerala,Kollam,Kadakkal  VFPCK APMC,Banana,Palayamthodan,Grade A,3100,3100,3100,14/04/2026
Kerala,Kasargod,Kanjangadu APMC,Banana,Poovan,Small,6800,7400,7000,14/04/2026
Kerala,Palakad,Kizhakkancheri VFPCK APMC,Banana,Nendra Bale,Grade A,2400,2600,2500,14/04/2026
Kerala,Thiruvananthapuram,Vellarada  VFPCK APMC,Banana,Rasakathai,Grade B,2500,3500,3000,14/04/2026
Kerala,Thiruvananthapuram,Vellarada  VFPCK APMC,Banana,Red Banana,Grade B,3000,3700,3500,14/04/2026
Kerala,Kottayam,Kottayam APMC,Banana,Palayamthodan,Medium,2000,2400,2200,14/04/2026
Kerala,Palakad,Palakkad APMC,Banana,Nendra Bale,Large,2600,4000,3400,14/04/2026
Kerala,Palakad,Palakkad APMC,Banana,Palayamthodan,Medium,2500,4000,3300,14/04/2026
Kerala,Kollam,Thalavoor VFPCK APMC,Banana,Banana - Ripe,Grade A,7600,7600,7600,14/04/2026
Kerala,Pathanamthitta,Chittar  VFPCK APMC,Banana,Robusta,Grade Range-1,1700,2300,2000,14/04/2026
Kerala,Kollam,Anchal APMC,Banana,Red Banana,Medium,6700,6700,6700,14/04/2026
Kerala,Kollam,Anchal APMC,Banana,Robusta,Local,4000,4000,4000,14/04/2026
Kerala,Pathanamthitta,Enadimangalam VFPCK APMC,Banana,Poovan,Grade A,2500,3200,2800,14/04/2026
Kerala,Palakad,Pattambi APMC,Banana,Palayamthodan,Grade B,3500,4000,3800,14/04/2026
Kerala,Thirssur,Kadukutty VFPCK APMC,Banana,Palayamthodan,Grade A,800,1200,1000,14/04/2026
Kerala,Palakad,Karimpuzha VFPCK APMC,Banana,Nendra Bale,Grade A,2200,2600,2400,14/04/2026
Kerala,Malappuram,Angadippuram VFPCK APMC,Banana,Nendra Bale,Local,2000,2100,2100,14/04/2026
Kerala,Malappuram,Mankada VFPCK APMC,Banana,Nendra Bale,Local,2350,2550,2450,14/04/2026
Kerala,Malappuram,Pallikkal VFPCK APMC,Banana,Nendra Bale,Local,2300,2500,2400,14/04/2026
Kerala,Kollam,Neduvathoor  VFPCK APMC,Banana,Red Banana,Grade A,4000,4000,4000,14/04/2026
Kerala,Kollam,Elamad  VFPCK APMC,Banana,Nendra Bale,Grade A,5500,6000,5800,14/04/2026
Kerala,Kollam,Chengamanad  VFPCK APMC,Banana,Banana - Ripe,Grade A,7200,7200,7200,14/04/2026
Kerala,Kollam,Valakom  VFPCK APMC,Banana,Nendra Bale,Grade A,6200,6200,6200,14/04/2026
Kerala,Pathanamthitta,Seethathode  VFPCK APMC,Banana,Poovan,Grade Range-1,3700,4500,4000,14/04/2026
Kerala,Malappuram,Thiruvali  VFPCK APMC,Banana,Nendra Bale,Local,2000,2200,2100,14/04/2026
Kerala,Kannur,Kuthuparambu APMC,Banana,Other,Large,6300,6700,6500,14/04/2026
Kerala,Malappuram,Parappanangadi APMC,Banana,Nendra Bale,Grade A,3100,3300,3200,14/04/2026
Kerala,Thiruvananthapuram,Vengannore  VFPCK APMC,Banana,Nendra Bale,Grade A,3800,4200,4000,14/04/2026
Kerala,Thiruvananthapuram,Vellarada  VFPCK APMC,Banana,Palayamthodan,Grade C,1200,1200,1200,14/04/2026
Kerala,Palakad,Palakkad APMC,Banana - Green,Banana - Green,FAQ,2100,3000,2600,14/04/2026
Kerala,Idukki,Munnar APMC,Banana - Green,Banana - Green,Medium,6400,6400,6400,14/04/2026
Kerala,Alappuzha,Harippad APMC,Banana - Green,Other,FAQ,3000,3500,3000,14/04/2026
Kerala,Kasargod,Kanjangadu APMC,Banana - Green,Other,FAQ,3200,3900,3500,14/04/2026
Kerala,Ernakulam,Perumbavoor APMC,Banana - Green,Banana - Green,Medium,2600,3000,2800,14/04/2026
Kerala,Kannur,Kannur APMC,Banana - Green,Other,Grade A,3200,3600,3400,14/04/2026
Kerala,Kottayam,Pampady APMC,Banana - Green,Banana - Green,FAQ,4500,5500,5000,14/04/2026
Kerala,Kollam,Channapetta VFPCK APMC,Banana - Green,Banana - Green,Grade A,5500,6200,6000,14/04/2026
Kerala,Alappuzha,Kayamkulam APMC,Banana - Green,Other,FAQ,2700,2900,2800,14/04/2026
Kerala,Kottayam,Athirampuzha APMC,Banana - Green,Banana - Green,FAQ,3200,3400,3300,14/04/2026
Kerala,Kozhikode(Calicut),Mukkom APMC,Banana - Green,Banana - Green,FAQ,2900,3200,3100,14/04/2026
Kerala,Kozhikode(Calicut),Perambra APMC,Banana - Green,Banana - Green,FAQ,1900,1900,1900,14/04/2026
Kerala,Kozhikode(Calicut),Kallachi APMC,Banana - Green,Banana - Green,FAQ,3300,3700,3500,14/04/2026
Kerala,Malappuram,Kottakkal APMC,Banana - Green,Other,Local,3800,3800,3800,14/04/2026
Kerala,Kottayam,Ettumanoor APMC,Banana - Green,Banana - Green,FAQ,2600,3000,2800,14/04/2026
Kerala,Palakad,Pattambi APMC,Banana - Green,Banana - Green,FAQ,3000,3500,3200,14/04/2026
Kerala,Alappuzha,Pandanadu  VFPCK APMC,Banana - Green,Banana - Green,Grade A,5800,5800,5800,14/04/2026
Kerala,Kannur,Kuthuparambu APMC,Banana - Green,Banana - Green,FAQ,4800,5200,5000,14/04/2026
Kerala,Wayanad,Manathavady APMC,Banana - Green,Other,Large,2000,2100,2100,14/04/2026
Kerala,Wayanad,Kalpetta APMC,Banana - Green,Other,FAQ,2000,2100,2100,14/04/2026
Kerala,Kollam,Chathannoore VFPCK APMC,Banana - Green,Banana - Green,Grade A,5500,6000,5800,14/04/2026
Kerala,Alappuzha,Chengannur APMC,Banana - Green,Banana - Green,FAQ,2800,3100,3000,14/04/2026
Kerala,Kottayam,Pala APMC,Banana - Green,Banana - Green,FAQ,2800,3800,3400,14/04/2026
Kerala,Thirssur,Chavakkad APMC,Banana - Green,Banana - Green,FAQ,2700,3600,3600,14/04/2026
Kerala,Malappuram,Parappanangadi APMC,Banana - Green,Banana - Green,Grade A,2000,2200,2100,14/04/2026
Himachal Pradesh,Mandi,SMY Jogindernagar,Banana,Other,Grade B,3500,4000,3750,14/04/2026
Himachal Pradesh,Chamba,PMY Chamba,Banana,Other,Medium,4000,4200,4100,14/04/2026
Himachal Pradesh,Kangra,SMY Jaisinghpur,Banana,Banana - Ripe,Medium,4800,5000,4900,14/04/2026
Himachal Pradesh,Kangra,SMY Palampur,Banana,Banana - Ripe,Medium,4500,4800,4600,14/04/2026
Tamil Nadu,Dindigul,Palani(Uzhavar Sandhai ),Mango,Neelam,Local,6000,8000,7000,14/04/2026
Tamil Nadu,Thirupur,Tiruppur (North) (Uzhavar Sandhai ),Mango,Other,Local,9000,10000,9500,14/04/2026
Tamil Nadu,Karur,Karur(Uzhavar Sandhai ),Mango,Safeda,Local,10000,12000,11000,14/04/2026
Tamil Nadu,Namakkal,Namakkal(Uzhavar Sandhai ),Mango,Other,Local,7000,8000,7500,14/04/2026
Tamil Nadu,Theni,Theni(Uzhavar Sandhai ),Mango,Other,Local,10000,10000,10000,14/04/2026
Tamil Nadu,Thirupathur,Vaniyampadi(Uzhavar Sandhai ),Mango,Safeda,Local,8000,8000,8000,14/04/2026
Tamil Nadu,Coimbatore,RSPuram(Uzhavar Sandhai ),Mango,Other,Local,10000,12000,11000,14/04/2026
Tamil Nadu,Pudukkottai,Pudukottai(Uzhavar Sandhai ),Mango,Other,Local,10000,12000,11000,14/04/2026
Tamil Nadu,Tenkasi,Tenkasi(Uzhavar Sandhai ),Mango,Other,Local,8000,8000,8000,14/04/2026
Tamil Nadu,Tuticorin,Tuticorin(Uzhavar Sandhai ),Mango,Safeda,Local,9000,10000,9500,14/04/2026
Tamil Nadu,Salem,Ammapet(Uzhavar Sandhai ),Mango,Other,Local,16000,16000,16000,14/04/2026
Tamil Nadu,Madurai,Chokkikulam(Uzhavar Sandhai ),Mango,Safeda,Local,8000,9000,8500,14/04/2026
Tamil Nadu,Salem,Sooramangalam(Uzhavar Sandhai ),Mango,Other,Local,15000,17000,16000,14/04/2026
Tamil Nadu,Salem,Thathakapatti(Uzhavar Sandhai ),Mango,Other,Local,12000,15000,13500,14/04/2026
Tamil Nadu,Salem,Hasthampatti(Uzhavar Sandhai ),Mango,Other,Local,16000,17000,16500,14/04/2026
Tamil Nadu,Coimbatore,Sundarapuram(Uzhavar Sandhai ),Mango,Safeda,Local,14000,15000,14500,14/04/2026
Tamil Nadu,Ranipet,Ranipettai(Uzhavar Sandhai ),Mango,Other,Local,10000,12000,11000,14/04/2026
Tamil Nadu,Vellore,Thirupathur APMC,Mango,Safeda,Local,6000,6000,6000,14/04/2026
Tamil Nadu,Dindigul,Dindigul(Uzhavar Sandhai ),Mango,Safeda,Local,8000,10000,9000,14/04/2026
Tamil Nadu,Madurai,Anna nagar(Uzhavar Sandhai ),Mango,Other,Local,10000,10000,10000,14/04/2026
Tamil Nadu,Krishnagiri,Hosur(Uzhavar Sandhai ),Mango,Other,Local,8000,10000,9000,14/04/2026
Tamil Nadu,Nagapattinam,Nagapattinam(Uzhavar Sandhai ),Mango,Other,Local,6000,7000,6500,14/04/2026
Tamil Nadu,The Nilgiris,Udhagamandalam(Uzhavar Sandhai ),Mango,Safeda,Local,10000,15000,12500,14/04/2026
Tamil Nadu,Perambalur,Perambalur(Uzhavar Sandhai ),Mango,Other,Local,7000,8000,7500,14/04/2026
Tamil Nadu,Theni,Kambam(Uzhavar Sandhai ),Mango,Other,Local,6000,8000,7000,14/04/2026
Tamil Nadu,Thiruvarur,Tiruthuraipoondi(Uzhavar Sandhai ),Mango,Safeda,Local,8000,8000,8000,14/04/2026
Tamil Nadu,Thiruchirappalli,KKNagar(Uzhavar Sandhai ),Mango,Malgoa,Local,12000,12000,12000,14/04/2026
Tamil Nadu,Erode,Sampath Nagar(Uzhavar Sandhai ),Mango,Other,Local,7000,8000,7500,14/04/2026
Tamil Nadu,Nagapattinam,Vedaranyam(Uzhavar Sandhai),Mango(Raw-Ripe),Mango - Raw-Ripe,Local,3800,4000,3900,14/04/2026
Tamil Nadu,Thanjavur,Kumbakonam (Uzhavar Sandhai ),Mango(Raw-Ripe),Mango - Raw-Ripe,Local,2400,3000,2700,14/04/2026
Tamil Nadu,Dharmapuri,Dharmapuri(Uzhavar Sandhai ),Mango(Raw-Ripe),Mango - Raw-Ripe,Local,3800,4000,3900,14/04/2026
Tamil Nadu,Karur,Kulithalai(Uzhavar Sandhai ),Mango(Raw-Ripe),Mango - Raw-Ripe,Local,2000,3000,2500,14/04/2026
Tamil Nadu,Krishnagiri,Krishnagiri(Uzhavar Sandhai ),Mango(Raw-Ripe),Mango - Raw-Ripe,Local,2500,3000,2750,14/04/2026
Tamil Nadu,Madurai,Anaiyur(Uzhavar Sandhai ),Mango(Raw-Ripe),Mango - Raw-Ripe,Local,1600,2000,1800,14/04/2026
Tamil Nadu,Namakkal,Kumarapalayam(Uzhavar Sandhai ),Mango(Raw-Ripe),Mango - Raw-Ripe,Local,2500,3000,2750,14/04/2026
Tamil Nadu,Pudukkottai,Viralimalai(Uzhavar Sandhai ),Mango(Raw-Ripe),Mango - Raw-Ripe,Local,2500,3000,2750,14/04/2026
Tamil Nadu,Salem,Sooramangalam(Uzhavar Sandhai ),Mango(Raw-Ripe),Mango - Raw-Ripe,Local,2500,3000,2750,14/04/2026
Tamil Nadu,Sivaganga,Karaikudi(Uzhavar Sandhai ),Mango(Raw-Ripe),Mango - Raw-Ripe,Local,2000,2500,2250,14/04/2026
Tamil Nadu,Sivaganga,Singampunari(Uzhavar Sandhai ),Mango(Raw-Ripe),Mango - Raw-Ripe,Local,1500,2000,1750,14/04/2026
Tamil Nadu,Theni,Kambam(Uzhavar Sandhai ),Mango(Raw-Ripe),Mango - Raw-Ripe,Local,2500,2600,2550,14/04/2026
Tamil Nadu,Thiruvannamalai,Chengam(Uzhavar Sandhai ),Mango(Raw-Ripe),Mango - Raw-Ripe,Local,2500,3000,2750,14/04/2026
Tamil Nadu,Thiruvannamalai,Keelpennathur(Uzhavar Sandhai ),Mango(Raw-Ripe),Mango - Raw-Ripe,Local,5000,6000,5500,14/04/2026
Tamil Nadu,Thirupur,Palladam(Uzhavar Sandhai ),Mango(Raw-Ripe),Mango - Raw-Ripe,Local,3000,3500,3250,14/04/2026
Tamil Nadu,Thirupur,Tiruppur (South) (Uzhavar Sandhai ),Mango(Raw-Ripe),Mango - Raw-Ripe,Local,2500,3000,2750,14/04/2026
Tamil Nadu,Thanjavur,Papanasam(Uzhavar Sandhai ),Mango(Raw-Ripe),Mango - Raw-Ripe,Local,2400,3000,2700,14/04/2026
Tamil Nadu,Coimbatore,Singanallur(Uzhavar Sandhai ),Mango(Raw-Ripe),Mango - Raw-Ripe,Local,4000,6000,5000,14/04/2026
Tamil Nadu,Thiruvarur,Needamangalam(Uzhavar Sandhai ),Mango(Raw-Ripe),Mango - Raw-Ripe,Local,3200,3200,3200,14/04/2026
Tamil Nadu,Ranipet,Ranipettai(Uzhavar Sandhai ),Mango(Raw-Ripe),Mango - Raw-Ripe,Local,3000,4000,3500,14/04/2026
Tamil Nadu,Tenkasi,Tenkasi(Uzhavar Sandhai ),Mango(Raw-Ripe),Mango - Raw-Ripe,Local,4000,4000,4000,14/04/2026
Tamil Nadu,Tuticorin,Tuticorin(Uzhavar Sandhai ),Mango(Raw-Ripe),Mango - Raw-Ripe,Local,6000,7000,6500,14/04/2026
Tamil Nadu,Vellore,Thirupathur APMC,Mango(Raw-Ripe),Mango - Raw-Ripe,Local,3000,3000,3000,14/04/2026
Tamil Nadu,Coimbatore,Udumalpet APMC,Mango(Raw-Ripe),Mango - Raw-Ripe,Local,2500,3800,3150,14/04/2026
Tamil Nadu,Vellore,Pallikonda(Uzhavar Sandhai),Mango(Raw-Ripe),Mango - Raw-Ripe,Local,2500,2500,2500,14/04/2026
Tamil Nadu,Vellore,Perampet(Uzhavar Sandhai),Mango(Raw-Ripe),Mango - Raw-Ripe,Local,3000,3000,3000,14/04/2026
Tamil Nadu,Coimbatore,Sulur(Uzhavar Sandhai ),Mango(Raw-Ripe),Mango - Raw-Ripe,Local,4000,5000,4500,14/04/2026
Tamil Nadu,Vellore,Katpadi (Uzhavar Sandhai ),Mango(Raw-Ripe),Mango - Raw-Ripe,Local,2500,3000,2750,14/04/2026
Tamil Nadu,Cuddalore,Viruthachalam(Uzhavar Sandhai ),Mango(Raw-Ripe),Mango - Raw-Ripe,Local,3000,3500,3250,14/04/2026
Tamil Nadu,Cuddalore,Vadalur(Uzhavar Sandhai ),Mango(Raw-Ripe),Mango - Raw-Ripe,Local,3000,4000,3500,14/04/2026
Tamil Nadu,Dharmapuri,Palacode(Uzhavar Sandhai ),Mango(Raw-Ripe),Mango - Raw-Ripe,Local,4500,5000,4750,14/04/2026
Tamil Nadu,Erode,Periyar Nagar(Uzhavar Sandhai ),Mango(Raw-Ripe),Mango - Raw-Ripe,Local,2000,2200,2100,14/04/2026
Tamil Nadu,Karur,Pallapatti (Uzhavar Sandhai ),Mango(Raw-Ripe),Mango - Raw-Ripe,Local,3600,4000,3800,14/04/2026
Tamil Nadu,The Nilgiris,Udhagamandalam(Uzhavar Sandhai ),Mango(Raw-Ripe),Mango - Raw-Ripe,Local,3500,4000,3750,14/04/2026
Tamil Nadu,Pudukkottai,Alangudi(Uzhavar Sandhai ),Mango(Raw-Ripe),Mango - Raw-Ripe,Local,2500,3000,2750,14/04/2026
Tamil Nadu,Salem,Mettur(Uzhavar Sandhai ),Mango(Raw-Ripe),Mango - Raw-Ripe,Local,2500,3000,2750,14/04/2026
Tamil Nadu,Salem,Elampillai(Uzhavar Sandhai ),Mango(Raw-Ripe),Mango - Raw-Ripe,Local,2500,3000,2750,14/04/2026
Tamil Nadu,Theni,Chinnamanur(Uzhavar Sandhai ),Mango(Raw-Ripe),Mango - Raw-Ripe,Local,2200,2200,2200,14/04/2026
Tamil Nadu,Thiruvannamalai,Vandavasi(Uzhavar Sandhai ),Mango(Raw-Ripe),Mango - Raw-Ripe,Local,4000,5000,4500,14/04/2026
Tamil Nadu,Villupuram,Villupuram(Uzhavar Sandhai ),Mango(Raw-Ripe),Mango - Raw-Ripe,Local,2000,4000,3000,14/04/2026
Tamil Nadu,Nagercoil (Kannyiakumari),Myladi(Uzhavar Sandhai ),Mango(Raw-Ripe),Mango - Raw-Ripe,Local,2500,3000,2750,14/04/2026
Tamil Nadu,Chengalpattu,Pallavaram(Uzhavar Sandhai ),Mango(Raw-Ripe),Mango - Raw-Ripe,Local,3000,4000,3500,14/04/2026
Tamil Nadu,Chengalpattu,Nanganallur(Uzhavar Sandhai ),Mango(Raw-Ripe),Mango - Raw-Ripe,Local,5000,6000,5500,14/04/2026
Tamil Nadu,Coimbatore,Sundarapuram(Uzhavar Sandhai ),Mango(Raw-Ripe),Mango - Raw-Ripe,Local,4000,5000,4500,14/04/2026
Tamil Nadu,Thiruvarur,Valangaiman APMC,Mango(Raw-Ripe),Mango - Raw-Ripe,Local,3000,3000,3000,14/04/2026
Tamil Nadu,Thiruvarur,Muthupettai(Uzhavar Sandhai ),Mango(Raw-Ripe),Mango - Raw-Ripe,Local,3000,3000,3000,14/04/2026
Tamil Nadu,Ranipet,Arcot(Uzhavar Sandhai ),Mango(Raw-Ripe),Mango - Raw-Ripe,Local,3000,4000,3500,14/04/2026
Tamil Nadu,Virudhunagar,Srivilliputhur(Uzhavar Sandhai ),Mango(Raw-Ripe),Mango - Raw-Ripe,Local,2500,3000,2750,14/04/2026
Tamil Nadu,Villupuram,Tindivanam APMC,Mango(Raw-Ripe),Mango - Raw-Ripe,Local,4000,4000,4000,14/04/2026
Tamil Nadu,Pudukkottai,Ponnamaravathi(Uzhavar Sandhai),Mango(Raw-Ripe),Mango - Raw-Ripe,Local,2500,3000,2750,14/04/2026
Tamil Nadu,Namakkal,Paramathivelur(Uzhavar Sandhai ),Mango(Raw-Ripe),Mango - Raw-Ripe,Local,5500,6000,5750,14/04/2026
Tamil Nadu,Thiruvarur,Tiruvarur(Uzhavar Sandhai ),Mango(Raw-Ripe),Mango - Raw-Ripe,Local,3000,3000,3000,14/04/2026
Tamil Nadu,Cuddalore,Panruti(Uzhavar Sandhai ),Mango(Raw-Ripe),Mango - Raw-Ripe,Local,4000,4000,4000,14/04/2026
Tamil Nadu,Dharmapuri,AJattihalli(Uzhavar Sandhai ),Mango(Raw-Ripe),Mango - Raw-Ripe,Local,4000,4500,4250,14/04/2026
Tamil Nadu,Dindigul,Dindigul(Uzhavar Sandhai ),Mango(Raw-Ripe),Mango - Raw-Ripe,Local,2000,3000,2500,14/04/2026
Tamil Nadu,Kancheepuram,Padappai(Uzhavar Sandhai ),Mango(Raw-Ripe),Mango - Raw-Ripe,Local,2500,4000,3250,14/04/2026
Tamil Nadu,Madurai,Chokkikulam(Uzhavar Sandhai ),Mango(Raw-Ripe),Mango - Raw-Ripe,Local,1500,2000,1750,14/04/2026
Tamil Nadu,Nagapattinam,Nagapattinam(Uzhavar Sandhai ),Mango(Raw-Ripe),Mango - Raw-Ripe,Local,3500,6500,5000,14/04/2026
Tamil Nadu,Nagapattinam,Sirkali(Uzhavar Sandhai ),Mango(Raw-Ripe),Mango - Raw-Ripe,Local,4500,5000,4750,14/04/2026
Tamil Nadu,Namakkal,Rasipuram(Uzhavar Sandhai ),Mango(Raw-Ripe),Mango - Raw-Ripe,Local,2500,3500,3000,14/04/2026
Tamil Nadu,Namakkal,Mohanur(Uzhavar Sandhai ),Mango(Raw-Ripe),Mango - Raw-Ripe,Local,2400,3200,2800,14/04/2026
Tamil Nadu,Perambalur,Perambalur(Uzhavar Sandhai ),Mango(Raw-Ripe),Mango - Raw-Ripe,Local,2000,3200,2600,14/04/2026
Tamil Nadu,Thanjavur,Pattukottai(Uzhavar Sandhai ),Mango(Raw-Ripe),Mango - Raw-Ripe,Local,3500,5000,4250,14/04/2026
Tamil Nadu,Theni,Theni(Uzhavar Sandhai ),Mango(Raw-Ripe),Mango - Raw-Ripe,Local,2000,2400,2200,14/04/2026
Tamil Nadu,Thiruvarur,Mannargudi I(Uzhavar Sandhai ),Mango(Raw-Ripe),Mango - Raw-Ripe,Local,2200,3200,2700,14/04/2026
Tamil Nadu,Thiruvarur,Mannargudi II(Uzhavar Sandhai ),Mango(Raw-Ripe),Mango - Raw-Ripe,Local,2200,3200,2700,14/04/2026
Tamil Nadu,Thiruvannamalai,Arani(Uzhavar Sandhai ),Mango(Raw-Ripe),Mango - Raw-Ripe,Local,2500,3000,2750,14/04/2026
Tamil Nadu,Thiruchirappalli,KKNagar(Uzhavar Sandhai ),Mango(Raw-Ripe),Mango - Raw-Ripe,Local,3000,3000,3000,14/04/2026
Tamil Nadu,Thiruchirappalli,Manapparai(Uzhavar Sandhai ),Mango(Raw-Ripe),Mango - Raw-Ripe,Local,2500,3500,3000,14/04/2026
Tamil Nadu,Thiruchirappalli,Thiruverumbur(Uzhavar Sandhai ),Mango(Raw-Ripe),Mango - Raw-Ripe,Local,3600,3600,3600,14/04/2026
Tamil Nadu,Vellore,Kahithapattarai(Uzhavar Sandhai ),Mango(Raw-Ripe),Mango - Raw-Ripe,Local,2500,2500,2500,14/04/2026
Tamil Nadu,Thiruchirappalli,Thuraiyur APMC,Mango(Raw-Ripe),Mango - Raw-Ripe,Local,3000,3500,3250,14/04/2026
Tamil Nadu,Coimbatore,RSPuram(Uzhavar Sandhai ),Mango(Raw-Ripe),Mango - Raw-Ripe,Local,2600,4000,3300,14/04/2026
Tamil Nadu,Coimbatore,Mettupalayam(Uzhavar Sandhai ),Mango(Raw-Ripe),Mango - Raw-Ripe,Local,2500,3000,2750,14/04/2026
Tamil Nadu,Coimbatore,Kurichi(Uzhavar Sandhai ),Mango(Raw-Ripe),Mango - Raw-Ripe,Local,4000,5000,4500,14/04/2026
Tamil Nadu,Kallakuruchi,Kallakurichi(Uzhavar Sandhai ),Mango(Raw-Ripe),Mango - Raw-Ripe,Local,3000,3000,3000,14/04/2026
Tamil Nadu,Kallakuruchi,Sankarapuram(Uzhavar Sandhai ),Mango(Raw-Ripe),Mango - Raw-Ripe,Local,4000,4000,4000,14/04/2026
Tamil Nadu,Tenkasi,Sankarankoil(Uzhavar Sandhai ),Mango(Raw-Ripe),Mango - Raw-Ripe,Local,4000,4000,4000,14/04/2026
Tamil Nadu,Nagercoil (Kannyiakumari),Vadaseri APMC,Mango(Raw-Ripe),Mango - Raw-Ripe,Local,3000,3500,3250,14/04/2026
Tamil Nadu,Salem,Athur(Uzhavar Sandhai ),Mango(Raw-Ripe),Mango - Raw-Ripe,Local,2500,3000,2750,14/04/2026
Tamil Nadu,Dharmapuri,Karimangalam(Uzhavar Sandhai),Mango(Raw-Ripe),Mango - Raw-Ripe,Local,4000,4500,4250,14/04/2026
Tamil Nadu,Thanjavur,Peravurani(Uzhavar Sandhai),Mango(Raw-Ripe),Mango - Raw-Ripe,Local,3500,3500,3500,14/04/2026
Tamil Nadu,Salem,Vazhapadi(Uzhavar Sandhai),Mango(Raw-Ripe),Mango - Raw-Ripe,Local,4000,4000,4000,14/04/2026
Tamil Nadu,Karur,Gandhigramam(Uzhavar Sandhai),Mango(Raw-Ripe),Mango - Raw-Ripe,Local,2500,3000,2750,14/04/2026
Tamil Nadu,Salem,Thammampatti (Uzhavar Sandhai ),Mango(Raw-Ripe),Mango - Raw-Ripe,Local,2500,3000,2750,14/04/2026
Tamil Nadu,Dindigul,Chinnalapatti(Uzhavar Sandhai ),Mango(Raw-Ripe),Mango - Raw-Ripe,Local,3000,3600,3300,14/04/2026
Tamil Nadu,Krishnagiri,Hosur(Uzhavar Sandhai ),Mango(Raw-Ripe),Mango - Raw-Ripe,Local,3500,4000,3750,14/04/2026
Tamil Nadu,Madurai,Melur(Uzhavar Sandhai ),Mango(Raw-Ripe),Mango - Raw-Ripe,Local,1600,2000,1800,14/04/2026
Tamil Nadu,Ramanathapuram,Ramanathapuram(Uzhavar Sandhai ),Mango(Raw-Ripe),Mango - Raw-Ripe,Local,5000,5500,5250,14/04/2026
Tamil Nadu,Salem,Hasthampatti(Uzhavar Sandhai ),Mango(Raw-Ripe),Mango - Raw-Ripe,Local,2500,3000,2750,14/04/2026
Tamil Nadu,Salem,Edapadi (Uzhavar Sandhai ),Mango(Raw-Ripe),Mango - Raw-Ripe,Local,2500,3000,2750,14/04/2026
Tamil Nadu,Sivaganga,Devakottai (Uzhavar Sandhai ),Mango(Raw-Ripe),Mango - Raw-Ripe,Local,1500,2000,1750,14/04/2026
Tamil Nadu,Sivaganga,Tirupatthur(Uzhavar Sandhai ),Mango(Raw-Ripe),Mango - Raw-Ripe,Local,1500,2000,1750,14/04/2026
Tamil Nadu,Thanjavur,Tirukattupalli(Uzhavar Sandhai ),Mango(Raw-Ripe),Mango - Raw-Ripe,Local,2400,2400,2400,14/04/2026
Tamil Nadu,Theni,Devaram(Uzhavar Sandhai ),Mango(Raw-Ripe),Mango - Raw-Ripe,Local,3000,3000,3000,14/04/2026
Tamil Nadu,Thiruvannamalai,Tiruvannamalai(Uzhavar Sandhai ),Mango(Raw-Ripe),Mango - Raw-Ripe,Local,2500,3000,2750,14/04/2026
Tamil Nadu,Vellore,Gudiyatham(Uzhavar Sandhai ),Mango(Raw-Ripe),Mango - Raw-Ripe,Local,2500,2500,2500,14/04/2026
Tamil Nadu,Villupuram,Gingee(Uzhavar Sandhai ),Mango(Raw-Ripe),Mango - Raw-Ripe,Local,3500,3500,3500,14/04/2026
Tamil Nadu,Chengalpattu,Chengalpet(Uzhavar Sandhai ),Mango(Raw-Ripe),Mango - Raw-Ripe,Local,7000,8000,7500,14/04/2026
Tamil Nadu,Chengalpattu,Jameenrayapettai(Uzhavar Sandhai ),Mango(Raw-Ripe),Mango - Raw-Ripe,Local,3000,4000,3500,14/04/2026
Tamil Nadu,Thirupathur,Vaniyampadi(Uzhavar Sandhai ),Mango(Raw-Ripe),Mango - Raw-Ripe,Local,2500,2500,2500,14/04/2026
Tamil Nadu,Thirupur,Tiruppur (North) (Uzhavar Sandhai ),Mango(Raw-Ripe),Mango - Raw-Ripe,Local,3500,4000,3750,14/04/2026
Tamil Nadu,Thirupur,Dharapuram(Uzhavar Sandhai ),Mango(Raw-Ripe),Mango - Raw-Ripe,Local,4000,5000,4500,14/04/2026
Tamil Nadu,Cuddalore,Cuddalore(Uzhavar Sandhai ),Mango(Raw-Ripe),Mango - Raw-Ripe,Local,3000,4000,3500,14/04/2026
Tamil Nadu,Cuddalore,Chidambaram(Uzhavar Sandhai ),Mango(Raw-Ripe),Mango - Raw-Ripe,Local,3000,4000,3500,14/04/2026
Tamil Nadu,The Nilgiris,Gudalur(Uzhavar Sandhai ),Mango(Raw-Ripe),Mango - Raw-Ripe,Local,3000,3500,3250,14/04/2026
Tamil Nadu,Pudukkottai,Gandarvakottai(Uzhavar Sandhai ),Mango(Raw-Ripe),Mango - Raw-Ripe,Local,2500,3000,2750,14/04/2026
Tamil Nadu,Nagapattinam,Mayiladuthurai(Uzhavar Sandhai ),Mango(Raw-Ripe),Mango - Raw-Ripe,Local,4500,5000,4750,14/04/2026
Tamil Nadu,Dindigul,Palani(Uzhavar Sandhai ),Mango(Raw-Ripe),Mango - Raw-Ripe,Local,2000,2400,2200,14/04/2026
Tamil Nadu,Kancheepuram,Kancheepuram(Uzhavar Sandhai ),Mango(Raw-Ripe),Mango - Raw-Ripe,Local,3000,3500,3250,14/04/2026
Tamil Nadu,Kancheepuram,Kundrathur(Uzhavar Sandhai ),Mango(Raw-Ripe),Mango - Raw-Ripe,Local,4000,4000,4000,14/04/2026
Tamil Nadu,Karur,Vengamedu(Uzhavar Sandhai ),Mango(Raw-Ripe),Mango - Raw-Ripe,Local,2500,3000,2750,14/04/2026
Tamil Nadu,Madurai,Anna nagar(Uzhavar Sandhai ),Mango(Raw-Ripe),Mango - Raw-Ripe,Local,1500,2000,1750,14/04/2026
Tamil Nadu,Madurai,Palanganatham(Uzhavar Sandhai ),Mango(Raw-Ripe),Mango - Raw-Ripe,Local,1500,2000,1750,14/04/2026
Tamil Nadu,Namakkal,Namakkal(Uzhavar Sandhai ),Mango(Raw-Ripe),Mango - Raw-Ripe,Local,2000,2400,2200,14/04/2026
Tamil Nadu,Pudukkottai,Aranthangi(Uzhavar Sandhai ),Mango(Raw-Ripe),Mango - Raw-Ripe,Local,2500,3000,2750,14/04/2026
Tamil Nadu,Salem,Thathakapatti(Uzhavar Sandhai ),Mango(Raw-Ripe),Mango - Raw-Ripe,Local,2500,3000,2750,14/04/2026
Tamil Nadu,Sivaganga,Sivagangai (Uzhavar Sandhai ),Mango(Raw-Ripe),Mango - Raw-Ripe,Local,1200,2200,1700,14/04/2026
Tamil Nadu,Thanjavur,Thanjavur(Uzhavar Sandhai ),Mango(Raw-Ripe),Mango - Raw-Ripe,Local,3000,3000,3000,14/04/2026
Tamil Nadu,Thirunelveli,Palayamkottai(Uzhavar Sandhai ),Mango(Raw-Ripe),Mango - Raw-Ripe,Local,2000,3500,2750,14/04/2026
Tamil Nadu,Thirunelveli,Melapalayam(Uzhavar Sandhai ),Mango(Raw-Ripe),Mango - Raw-Ripe,Local,2000,3500,2750,14/04/2026
Tamil Nadu,Thiruvarur,Tiruthuraipoondi(Uzhavar Sandhai ),Mango(Raw-Ripe),Mango - Raw-Ripe,Local,2000,3000,2500,14/04/2026
Tamil Nadu,Tuticorin,Kovilpatti(Uzhavar Sandhai ),Mango(Raw-Ripe),Mango - Raw-Ripe,Local,6000,6500,6250,14/04/2026
Tamil Nadu,Thiruvannamalai,Polur(Uzhavar Sandhai ),Mango(Raw-Ripe),Mango - Raw-Ripe,Local,3500,4000,3750,14/04/2026
Tamil Nadu,Thiruvannamalai,Tamarainagar(Uzhavar Sandhai ),Mango(Raw-Ripe),Mango - Raw-Ripe,Local,3500,4000,3750,14/04/2026
Tamil Nadu,Thiruchirappalli,Musiri(Uzhavar Sandhai ),Mango(Raw-Ripe),Mango - Raw-Ripe,Local,2000,3000,2500,14/04/2026
Tamil Nadu,Thiruchirappalli,Lalgudi(Uzhavar Sandhai ),Mango(Raw-Ripe),Mango - Raw-Ripe,Local,3000,3000,3000,14/04/2026
Tamil Nadu,Thiruchirappalli,Manachanallur(Uzhavar Sandhai ),Mango(Raw-Ripe),Mango - Raw-Ripe,Local,2500,3500,3000,14/04/2026
Tamil Nadu,Virudhunagar,Aruppukottai(Uzhavar Sandhai ),Mango(Raw-Ripe),Mango - Raw-Ripe,Local,3500,4000,3750,14/04/2026
Tamil Nadu,Chengalpattu,Guduvancheri(Uzhavar Sandhai ),Mango(Raw-Ripe),Mango - Raw-Ripe,Local,3500,4000,3750,14/04/2026
Tamil Nadu,Thiruvannamalai,Cheyyar(Uzhavar Sandhai ),Mango(Raw-Ripe),Mango - Raw-Ripe,Local,4000,5000,4500,14/04/2026
Tamil Nadu,Coimbatore,Vadavalli(Uzhavar Sandhai ),Mango(Raw-Ripe),Mango - Raw-Ripe,Local,2600,4000,3300,14/04/2026
Tamil Nadu,Erode,Sampath Nagar(Uzhavar Sandhai ),Mango(Raw-Ripe),Mango - Raw-Ripe,Local,2000,2200,2100,14/04/2026
Tamil Nadu,Namakkal,Tiruchengode APMC,Mango(Raw-Ripe),Mango - Raw-Ripe,Local,2600,3000,2800,14/04/2026
Tamil Nadu,Coimbatore,Pollachi(Uzhavar Sandhai ),Mango(Raw-Ripe),Mango - Raw-Ripe,Local,3500,4000,3750,14/04/2026
Tamil Nadu,Karur,Karur(Uzhavar Sandhai ),Mango(Raw-Ripe),Mango - Raw-Ripe,Local,2500,3000,2750,14/04/2026
Tamil Nadu,Pudukkottai,Pudukottai(Uzhavar Sandhai ),Mango(Raw-Ripe),Mango - Raw-Ripe,Local,2500,3000,2750,14/04/2026
Tamil Nadu,Pudukkottai,Karambakkudi(Uzhavar Sandhai ),Mango(Raw-Ripe),Mango - Raw-Ripe,Local,4000,5000,4500,14/04/2026
Tamil Nadu,Vellore,Vellore APMC,Mango(Raw-Ripe),Mango - Raw-Ripe,Local,2000,2500,2250,14/04/2026
Tamil Nadu,Salem,Ammapet(Uzhavar Sandhai ),Mango(Raw-Ripe),Mango - Raw-Ripe,Local,3000,3000,3000,14/04/2026
Tamil Nadu,Dharmapuri,Harur(Uzhavar Sandhai ),Mango(Raw-Ripe),Mango - Raw-Ripe,Local,4000,4500,4250,14/04/2026
Tamil Nadu,Krishnagiri,Kaveripattinam(Uzhavar Sandhai ),Mango(Raw-Ripe),Mango - Raw-Ripe,Local,3000,3000,3000,14/04/2026
Rajasthan,Jodhpur,Jodhpur (F&V) APMC,Mango,Hapus(Alphaso),Medium,12000,22000,17000,14/04/2026
Rajasthan,Jodhpur,Jodhpur (F&V) APMC,Mango,Badami,Medium,3000,7000,5000,14/04/2026
Rajasthan,Ganganagar,Sriganganagar (F&V) APMC,Mango,Amrapali,Medium,12800,13200,13000,14/04/2026
Rajasthan,Jodhpur,Jodhpur (F&V) APMC,Mango(Raw-Ripe),Other,Medium,2000,3500,3000,14/04/2026
Rajasthan,Ganganagar,Sriganganagar (F&V) APMC,Mango(Raw-Ripe),Mango - Raw-Ripe,Medium,4800,5200,5000,14/04/2026
Gujarat,Surat,Songadh APMC,Mango,Other,Grade A,1000,4000,3450,14/04/2026
Gujarat,Rajkot,Gondal(Veg.market Gondal) APMC,Mango,Keshar,Local,5000,16000,10500,14/04/2026
Gujarat,Porbandar,Porbandar APMC,Mango,Keshar,Grade A,10000,15000,12500,14/04/2026
Punjab,Patiala,Patiala APMC,Mango,Other,Grade B,9000,12000,11000,14/04/2026
Punjab,Sangrur,Dhuri APMC,Mango,Safeda,Medium,10000,10200,10100,14/04/2026
Punjab,Nawanshahr,Nawan Shahar(Subzi Mandi) APMC,Mango,Other,Medium,9000,10000,9650,14/04/2026
Punjab,Patiala,Nabha APMC,Mango,Other,Grade B,8000,11000,9800,14/04/2026
Punjab,Hoshiarpur,Garh Shankar APMC,Mango,Safeda,Medium,8500,8500,8500,14/04/2026
Punjab,Hoshiarpur,Tanda Urmur APMC,Mango,Safeda,Grade A,11000,13000,12000,14/04/2026
Punjab,Ludhiana,Ludhiana APMC,Mango,Other,Medium,5000,9000,7000,14/04/2026
Punjab,Fazilka,Jalalabad APMC,Mango,Other,Medium,8700,9000,8800,14/04/2026
Punjab,Bhatinda,Rampuraphul(Nabha Mandi) APMC,Mango,Other,Grade A,9000,11000,10000,14/04/2026
Telangana,Hyderabad,Bowenpally APMC,Mango(Raw-Ripe),Mango - Raw-Ripe,FAQ,600,2000,1500,14/04/2026
Kerala,Palakad,Palakkad APMC,Mango,Other,Medium,6000,8000,7100,14/04/2026
Kerala,Palakad,Pattambi APMC,Mango(Raw-Ripe),Mango - Raw-Ripe,FAQ,2000,2500,2200,14/04/2026
Kerala,Malappuram,Parappanangadi APMC,Mango(Raw-Ripe),Mango - Raw-Ripe,Grade A,3300,3500,3400,14/04/2026
Kerala,Kottayam,Athirampuzha APMC,Mango(Raw-Ripe),Mango - Raw-Ripe,FAQ,3000,3200,3100,14/04/2026
Kerala,Ernakulam,Perumbavoor APMC,Mango(Raw-Ripe),Mango - Raw-Ripe,Medium,3000,4000,3500,14/04/2026
Kerala,Palakad,Palakkad APMC,Mango(Raw-Ripe),Mango - Raw-Ripe,FAQ,2000,3000,2600,14/04/2026
Kerala,Kottayam,Ettumanoor APMC,Mango(Raw-Ripe),Mango - Raw-Ripe,FAQ,3000,3400,3200,14/04/2026
Kerala,Thirssur,Chavakkad APMC,Mango(Raw-Ripe),Mango - Raw-Ripe,FAQ,3000,4000,4000,14/04/2026
Himachal Pradesh,Kangra,SMY Palampur,Mango,Safeda,Medium,12500,15000,13500,14/04/2026
Himachal Pradesh,Kangra,SMY Jaisinghpur,Mango,Safeda,Medium,13000,16000,14500,14/04/2026
Maharashtra,Sholapur,Sangola APMC,Pomegranate,Other,Local,6500,15500,11000,14/04/2026
Maharashtra,Mumbai,Mumbai- Fruit Market APMC,Pomegranate,Other,Local,10000,16000,13000,14/04/2026
Maharashtra,Pune,Pune(Moshi) APMC,Pomegranate,Other,Local,13000,16000,14500,14/04/2026
Maharashtra,Sholapur,Perfect Krishi Market Yard Pvt Ltd  APMC,Pomegranate,Other,Local,2200,16200,10850,14/04/2026
Maharashtra,Ahmednagar,Sangamner APMC,Pomegranate,Other,Local,2000,14000,7000,14/04/2026
Maharashtra,Chattrapati Sambhajinagar,Chattrapati Sambhajinagar APMC,Pomegranate,Other,Local,4000,13000,8500,14/04/2026
Uttar Pradesh,Bulandshahar,Siyana APMC,Pomegranate,Pomogranate,Medium,8500,8900,8700,14/04/2026
Rajasthan,Jodhpur,Jodhpur (F&V) APMC,Pomegranate,Other,Medium,5000,13000,9000,14/04/2026
Rajasthan,Ganganagar,Sriganganagar (F&V) APMC,Pomegranate,Pomegranate-Organic,Medium,14300,14700,14500,14/04/2026
Gujarat,Rajkot,Gondal(Veg.market Gondal) APMC,Pomegranate,Pomogranate,Local,2000,8000,5000,14/04/2026
Gujarat,Porbandar,Porbandar APMC,Pomegranate,Other,Grade A,3000,10000,6500,14/04/2026
Haryana,Mahendragarh-Narnaul,Mohindergarh APMC,Pomegranate,Pomogranate,Medium,7000,7000,7000,14/04/2026
Haryana,Ambala,Naraingarh APMC,Pomegranate,Pomogranate,Medium,12000,12000,12000,14/04/2026
Haryana,Yamuna Nagar,Jagadhri APMC,Pomegranate,Pomogranate,Medium,8200,10750,10750,14/04/2026
Haryana,Kurukshetra,Thanesar APMC,Pomegranate,Pomogranate,Medium,10000,18000,14000,14/04/2026
Haryana,Hissar,Barwala(Hisar) APMC,Pomegranate,Pomogranate,Local,14000,15000,14500,14/04/2026
Haryana,Mahendragarh-Narnaul,Narnaul APMC,Pomegranate,Pomogranate,Medium,12000,13500,13500,14/04/2026
Haryana,Kurukshetra,Ladwa APMC,Pomegranate,Pomogranate,Medium,20000,21000,21000,14/04/2026
Haryana,Kurukshetra,Shahabad APMC,Pomegranate,Pomogranate,Medium,7500,12500,8500,14/04/2026
Haryana,Hissar,Hansi APMC,Pomegranate,Other,Grade Range-2,6000,10000,8000,14/04/2026
Haryana,Sonipat,Gohana APMC,Pomegranate,Pomogranate,Medium,10000,12000,11000,14/04/2026
Punjab,Patiala,Patiala APMC,Pomegranate,Pomogranate,Grade A,10000,13000,11000,14/04/2026
Punjab,Hoshiarpur,Garh Shankar APMC,Pomegranate,Other,Medium,8000,8000,8000,14/04/2026
Punjab,Ropar (Rupnagar),Chamkaur Sahib APMC,Pomegranate,Other,Medium,12000,12000,12000,14/04/2026
Punjab,Ludhiana,Khanna APMC,Pomegranate,Other,Grade A,8000,8000,8000,14/04/2026
Punjab,Mansa,Mansa APMC,Pomegranate,Pomogranate,Grade A,14000,14000,14000,14/04/2026
Punjab,Fatehgarh,Bassi Pathana APMC,Pomegranate,Pomogranate,Medium,7000,8000,7500,14/04/2026
Punjab,Ludhiana,Ludhiana APMC,Pomegranate,Other,Medium,2500,6000,3000,14/04/2026
Punjab,Fazilka,Jalalabad APMC,Pomegranate,Other,Medium,15000,15000,15000,14/04/2026
Punjab,Nawanshahr,Nawan Shahar(Subzi Mandi) APMC,Pomegranate,Pomogranate,Medium,10000,11000,10600,14/04/2026
Himachal Pradesh,Kangra,SMY Jaisinghpur,Pomegranate,Other,Medium,12500,15000,13500,14/04/2026
Himachal Pradesh,Chamba,PMY Chamba,Pomegranate,Other,Medium,10000,12000,11000,14/04/2026
Himachal Pradesh,Kangra,SMY Palampur,Pomegranate,Pomogranate,Medium,12500,15000,13500,14/04/2026
Himachal Pradesh,Mandi,SMY Jogindernagar,Pomegranate,Other,Grade B,12000,14000,13000,14/04/2026
Tamil Nadu,Krishnagiri,Hosur(Uzhavar Sandhai ),Grapes,Annabesahai,Local,8000,10000,9000,14/04/2026
Tamil Nadu,Perambalur,Perambalur(Uzhavar Sandhai ),Grapes,Annabesahai,Local,8000,12000,10000,14/04/2026
Tamil Nadu,Thirunelveli,Palayamkottai(Uzhavar Sandhai ),Grapes,Annabesahai,Local,9000,10000,9500,14/04/2026
Tamil Nadu,Tuticorin,Tuticorin(Uzhavar Sandhai ),Grapes,Annabesahai,Local,9000,10000,9500,14/04/2026
Tamil Nadu,Vellore,Vellore APMC,Grapes,Annabesahai,Local,10000,11000,10500,14/04/2026
Tamil Nadu,Madurai,Palanganatham(Uzhavar Sandhai ),Grapes,Annabesahai,Local,10000,11000,10500,14/04/2026
Tamil Nadu,Salem,Sooramangalam(Uzhavar Sandhai ),Grapes,Annabesahai,Local,7000,8000,7500,14/04/2026
Tamil Nadu,Nagercoil (Kannyiakumari),Myladi(Uzhavar Sandhai ),Grapes,Annabesahai,Local,9000,10000,9500,14/04/2026
Tamil Nadu,Salem,Ammapet(Uzhavar Sandhai ),Grapes,Annabesahai,Local,8000,8000,8000,14/04/2026
Tamil Nadu,The Nilgiris,Udhagamandalam(Uzhavar Sandhai ),Grapes,Annabesahai,Local,8000,10000,9000,14/04/2026
Tamil Nadu,Thiruvarur,Mannargudi I(Uzhavar Sandhai ),Grapes,Annabesahai,Local,9000,13000,11000,14/04/2026
Tamil Nadu,Thiruvannamalai,Tiruvannamalai(Uzhavar Sandhai ),Grapes,Annabesahai,Local,10000,12000,11000,14/04/2026
Tamil Nadu,Thiruchirappalli,KKNagar(Uzhavar Sandhai ),Grapes,Annabesahai,Local,9000,9000,9000,14/04/2026
Tamil Nadu,Erode,Sampath Nagar(Uzhavar Sandhai ),Grapes,Annabesahai,Local,9500,12500,11000,14/04/2026
Tamil Nadu,Coimbatore,RSPuram(Uzhavar Sandhai ),Grapes,Annabesahai,Local,8000,20000,14000,14/04/2026
Tamil Nadu,Madurai,Chokkikulam(Uzhavar Sandhai ),Grapes,Annabesahai,Local,14000,15000,14500,14/04/2026
Tamil Nadu,Thanjavur,Thanjavur(Uzhavar Sandhai ),Grapes,Annabesahai,Local,12000,12000,12000,14/04/2026
Tamil Nadu,Thiruchirappalli,Manapparai(Uzhavar Sandhai ),Grapes,Annabesahai,Local,8000,8000,8000,14/04/2026
Tamil Nadu,Vellore,Kahithapattarai(Uzhavar Sandhai ),Grapes,Annabesahai,Local,12000,12000,12000,14/04/2026
Tamil Nadu,Chengalpattu,Jameenrayapettai(Uzhavar Sandhai ),Grapes,Annabesahai,Local,12000,14000,13000,14/04/2026
Tamil Nadu,Vellore,Katpadi (Uzhavar Sandhai ),Grapes,Annabesahai,Local,12000,12000,12000,14/04/2026
Tamil Nadu,Kancheepuram,Kundrathur(Uzhavar Sandhai ),Grapes,Annabesahai,Local,8000,10000,9000,14/04/2026
Tamil Nadu,Madurai,Anna nagar(Uzhavar Sandhai ),Grapes,Annabesahai,Local,10000,11000,10500,14/04/2026
Tamil Nadu,Madurai,Anaiyur(Uzhavar Sandhai ),Grapes,Annabesahai,Local,10000,11000,10500,14/04/2026
Tamil Nadu,Salem,Hasthampatti(Uzhavar Sandhai ),Grapes,Annabesahai,Local,10000,12000,11000,14/04/2026
Tamil Nadu,Theni,Theni(Uzhavar Sandhai ),Grapes,Annabesahai,Local,10000,20000,15000,14/04/2026
Tamil Nadu,Coimbatore,Vadavalli(Uzhavar Sandhai ),Grapes,Annabesahai,Local,8000,9000,8500,14/04/2026
Tamil Nadu,Ranipet,Ranipettai(Uzhavar Sandhai ),Grapes,Annabesahai,Local,12000,12000,12000,14/04/2026
Maharashtra,Pune,Pune(Moshi) APMC,Grapes,Other,Local,7000,8000,7500,14/04/2026
Maharashtra,Mumbai,Mumbai- Fruit Market APMC,Grapes,Other,Local,8000,10000,9000,14/04/2026
Maharashtra,Chattrapati Sambhajinagar,Chattrapati Sambhajinagar APMC,Grapes,Other,Local,5500,9500,7500,14/04/2026
Maharashtra,Ahmednagar,Rahata APMC,Grapes,Other,Local,3000,3000,3000,14/04/2026
Rajasthan,Ganganagar,Sriganganagar (F&V) APMC,Grapes,Green,Medium,8300,8700,8500,14/04/2026
Rajasthan,Jodhpur,Jodhpur (F&V) APMC,Grapes,Other,Medium,5000,9000,7000,14/04/2026
Gujarat,Rajkot,Gondal(Veg.market Gondal) APMC,Grapes,Green,Local,7000,10000,8500,14/04/2026
Gujarat,Porbandar,Porbandar APMC,Grapes,Green,Grade A,9000,11000,10000,14/04/2026
Haryana,Hissar,Barwala(Hisar) APMC,Grapes,Other,Local,8000,10000,9000,14/04/2026
Haryana,Rohtak,Meham APMC,Grapes,Other,Medium,6000,6000,6000,14/04/2026
Haryana,Kurukshetra,Shahabad APMC,Grapes,Green,Medium,6500,10000,9500,14/04/2026
Haryana,Sonipat,Gohana APMC,Grapes,Other,Medium,8000,10000,9000,14/04/2026
Haryana,Hissar,Hansi APMC,Grapes,Other,Grade Range-2,6000,10000,8000,14/04/2026
Haryana,Ambala,Naraingarh APMC,Grapes,Green,Medium,4000,5500,5000,14/04/2026
Haryana,Mahendragarh-Narnaul,Mohindergarh APMC,Grapes,Green,Medium,5000,6500,5000,14/04/2026
Haryana,Yamuna Nagar,Jagadhri APMC,Grapes,Other,Medium,7000,12500,9500,14/04/2026
Haryana,Jhajar,Jhajjar APMC,Grapes,Other,Medium,10000,10000,10000,14/04/2026
Haryana,Hissar,Uklana APMC,Grapes,Green,Medium,5000,5000,5000,14/04/2026
Haryana,Mewat,Punhana APMC,Grapes,Other,Medium,5000,5000,5000,14/04/2026
Haryana,Fatehabad,Ratia APMC,Grapes,Other,Grade A,7000,9000,8000,14/04/2026
Haryana,Mahendragarh-Narnaul,Narnaul APMC,Grapes,Green,Medium,9000,10000,10000,14/04/2026
Haryana,Jind,Narwana APMC,Grapes,Indian,Local,12000,12000,12000,14/04/2026
Haryana,Kurukshetra,Ladwa APMC,Grapes,Green,Medium,9000,10000,10000,14/04/2026
Haryana,Kurukshetra,Thanesar APMC,Grapes,Other,Medium,6000,10000,8000,14/04/2026
Punjab,Hoshiarpur,Garh Shankar(Mahalpur) APMC,Grapes,Green,Medium,7000,7000,7000,14/04/2026
Punjab,Ropar (Rupnagar),Chamkaur Sahib APMC,Grapes,Other,Medium,12000,12000,12000,14/04/2026
Punjab,Bhatinda,Rampuraphul(Nabha Mandi) APMC,Grapes,Other,Grade A,7000,9000,8000,14/04/2026
Punjab,Gurdaspur,Quadian APMC,Grapes,Other,Grade A,8000,8550,8500,14/04/2026
Punjab,Mohali,Kharar APMC,Grapes,Other,Medium,7000,8000,7500,14/04/2026
Punjab,Fazilka,Fazilka APMC,Grapes,Green,Medium,10000,10000,10000,14/04/2026
Punjab,Hoshiarpur,Tanda Urmur APMC,Grapes,Black,Grade A,8000,10000,9000,14/04/2026
Punjab,Hoshiarpur,Tanda Urmur APMC,Grapes,Green,Grade A,7000,8000,7500,14/04/2026
Punjab,Mohali,Kurali APMC,Grapes,Other,Medium,6000,7000,6500,14/04/2026
Punjab,Patiala,Patiala APMC,Grapes,Other,Grade A,9000,10000,9500,14/04/2026
Punjab,Mansa,Mansa APMC,Grapes,Green,Grade A,19800,19800,19800,14/04/2026
Punjab,Nawanshahr,Nawan Shahar(Subzi Mandi) APMC,Grapes,Indian,Medium,8500,9000,8800,14/04/2026
Punjab,Patiala,Nabha APMC,Grapes,Other,Grade B,7000,10800,8800,14/04/2026
Punjab,Fatehgarh,Bassi Pathana APMC,Grapes,Other,Medium,7000,7500,7200,14/04/2026
Punjab,Ludhiana,Khanna APMC,Grapes,Green,Grade A,6000,6000,6000,14/04/2026
Punjab,Sangrur,Dhuri APMC,Grapes,Green,Medium,9800,10000,9900,14/04/2026
Punjab,Hoshiarpur,Garh Shankar APMC,Grapes,Other,Medium,5500,5500,5500,14/04/2026
Punjab,Fazilka,Jalalabad APMC,Grapes,Other,Medium,7000,7500,7200,14/04/2026
Telangana,Hyderabad,Gaddiannaram APMC,Grapes,Black,Medium,1500,5625,2500,14/04/2026
Telangana,Hyderabad,Gaddiannaram APMC,Grapes,Green,Medium,2500,8750,5000,14/04/2026
Kerala,Kozhikode(Calicut),Mukkom APMC,Grapes,Other,Large,10000,11000,10500,14/04/2026
Himachal Pradesh,Chamba,PMY Chamba,Grapes,Other,Medium,9000,10000,9500,14/04/2026
Tamil Nadu,The Nilgiris,Udhagamandalam(Uzhavar Sandhai ),Apple,American,Local,20000,25000,22500,14/04/2026
Tamil Nadu,Salem,Hasthampatti(Uzhavar Sandhai ),Apple,American,Local,18000,20000,19000,14/04/2026
Tamil Nadu,Vellore,Kahithapattarai(Uzhavar Sandhai ),Apple,American,Local,24000,24000,24000,14/04/2026
Tamil Nadu,Nagercoil (Kannyiakumari),Myladi(Uzhavar Sandhai ),Apple,American,Local,25000,26000,25500,14/04/2026
Tamil Nadu,Chengalpattu,Nanganallur(Uzhavar Sandhai ),Apple,American,Local,12000,15000,13500,14/04/2026
Tamil Nadu,Chengalpattu,Guduvancheri(Uzhavar Sandhai ),Apple,American,Local,22000,25000,23500,14/04/2026
Tamil Nadu,Madurai,Chokkikulam(Uzhavar Sandhai ),Apple,American,Local,20000,24000,22000,14/04/2026
Tamil Nadu,Madurai,Palanganatham(Uzhavar Sandhai ),Apple,American,Local,18000,24000,21000,14/04/2026
Tamil Nadu,Theni,Theni(Uzhavar Sandhai ),Apple,American,Local,14000,26000,20000,14/04/2026
Tamil Nadu,Thirunelveli,Palayamkottai(Uzhavar Sandhai ),Apple,American,Local,20000,24000,22000,14/04/2026
Tamil Nadu,Erode,Sampath Nagar(Uzhavar Sandhai ),Apple,American,Local,25000,26000,25500,14/04/2026
Tamil Nadu,Krishnagiri,Hosur(Uzhavar Sandhai ),Apple,American,Local,22000,24000,23000,14/04/2026
Tamil Nadu,Madurai,Anna nagar(Uzhavar Sandhai ),Apple,American,Local,18000,20000,19000,14/04/2026
Tamil Nadu,Thanjavur,Thanjavur(Uzhavar Sandhai ),Apple,American,Local,20000,20000,20000,14/04/2026
Tamil Nadu,Thiruvannamalai,Tiruvannamalai(Uzhavar Sandhai ),Apple,American,Local,20000,22000,21000,14/04/2026
Tamil Nadu,Coimbatore,RSPuram(Uzhavar Sandhai ),Apple,American,Local,20000,28000,24000,14/04/2026
Tamil Nadu,Coimbatore,Singanallur(Uzhavar Sandhai ),Apple,American,Local,26000,28000,27000,14/04/2026
Tamil Nadu,Vellore,Vellore APMC,Apple,American,Local,18000,20000,19000,14/04/2026
Tamil Nadu,Kancheepuram,Kundrathur(Uzhavar Sandhai ),Apple,American,Local,16000,18000,17000,14/04/2026
Tamil Nadu,Thiruvannamalai,Keelpennathur(Uzhavar Sandhai ),Apple,American,Local,12000,15000,13500,14/04/2026
Tamil Nadu,Coimbatore,Vadavalli(Uzhavar Sandhai ),Apple,American,Local,20000,28000,24000,14/04/2026
Tamil Nadu,Salem,Ammapet(Uzhavar Sandhai ),Apple,American,Local,22000,22000,22000,14/04/2026
Tamil Nadu,Madurai,Anaiyur(Uzhavar Sandhai ),Apple,American,Local,18000,20000,19000,14/04/2026
Tamil Nadu,Perambalur,Perambalur(Uzhavar Sandhai ),Apple,American,Local,20000,22000,21000,14/04/2026
Tamil Nadu,Salem,Sooramangalam(Uzhavar Sandhai ),Apple,American,Local,16000,18000,17000,14/04/2026
Tamil Nadu,Thiruvarur,Mannargudi I(Uzhavar Sandhai ),Apple,American,Local,22000,26000,24000,14/04/2026
Tamil Nadu,Thiruchirappalli,KKNagar(Uzhavar Sandhai ),Apple,American,Local,30000,30000,30000,14/04/2026
Tamil Nadu,Virudhunagar,Aruppukottai(Uzhavar Sandhai ),Apple,American,Local,18000,20000,19000,14/04/2026
Tamil Nadu,Chengalpattu,Jameenrayapettai(Uzhavar Sandhai ),Apple,American,Local,25000,28000,26500,14/04/2026
Tamil Nadu,Tuticorin,Tuticorin(Uzhavar Sandhai ),Apple,American,Local,24000,25000,24500,14/04/2026
Tamil Nadu,Coimbatore,RSPuram(Uzhavar Sandhai ),Custard Apple(Sharifa),Custard Apple(Sharifa),Local,3500,4000,3750,14/04/2026
Tamil Nadu,Namakkal,Rasipuram(Uzhavar Sandhai ),Custard Apple(Sharifa),Custard Apple(Sharifa),Local,3500,4000,3750,14/04/2026
Tamil Nadu,Madurai,Chokkikulam(Uzhavar Sandhai ),Custard Apple(Sharifa),Custard Apple(Sharifa),Local,6000,7000,6500,14/04/2026
Maharashtra,Pune,Pune(Moshi) APMC,Apple,Other,Local,15000,17000,16000,14/04/2026
Maharashtra,Nashik,Nasik APMC,Apple,Other,Local,6500,16000,13000,14/04/2026
Uttar Pradesh,Bulandshahar,Siyana APMC,Apple,Other,Medium,9500,10400,10000,14/04/2026
Uttar Pradesh,Badaun,Shahaswan APMC,Apple,Apple,Medium,8000,8000,8000,14/04/2026
Rajasthan,Ganganagar,Sriganganagar (F&V) APMC,Apple,Apple,Medium,15300,15700,15500,14/04/2026
Rajasthan,Jodhpur,Jodhpur (F&V) APMC,Apple,Apple,Medium,5000,11000,8000,14/04/2026
Gujarat,Porbandar,Porbandar APMC,Apple,Apple,Grade A,10000,14000,12000,14/04/2026
Haryana,Yamuna Nagar,Jagadhri APMC,Apple,Apple,Medium,7000,8900,8900,14/04/2026
Haryana,Kaithal,Dhand APMC,Apple,Other,Medium,8000,9500,9200,14/04/2026
Haryana,Mahendragarh-Narnaul,Narnaul APMC,Apple,Apple,Medium,10000,11000,11000,14/04/2026
Haryana,Jind,Narwana APMC,Apple,Apple,Local,17000,17000,17000,14/04/2026
Haryana,Karnal,Gharaunda APMC,Apple,Other,Local,10000,14000,14000,14/04/2026
Haryana,Hissar,Barwala(Hisar) APMC,Apple,Apple,Local,11000,12000,11500,14/04/2026
Haryana,Kurukshetra,Shahabad APMC,Apple,Apple,Medium,8000,15000,10000,14/04/2026
Haryana,Kurukshetra,Thanesar APMC,Apple,Apple,Medium,8000,20000,14000,14/04/2026
Haryana,Hissar,Hansi APMC,Apple,Other,Grade Range-2,6000,12000,9000,14/04/2026
Haryana,Sirsa,Sirsa APMC,Apple,Other,Medium,10000,10000,10000,14/04/2026
Haryana,Mahendragarh-Narnaul,Mohindergarh APMC,Apple,Apple,Medium,6000,6000,6000,14/04/2026
Haryana,Sonipat,Sonepat APMC,Apple,Apple,Medium,10000,12000,10000,14/04/2026
Haryana,Fatehabad,Ratia APMC,Apple,Other,Grade A,13700,15200,14500,14/04/2026
Haryana,Rewari,Rewari APMC,Apple,Apple,Medium,7000,18000,13000,14/04/2026
Haryana,Ambala,Naraingarh APMC,Apple,Apple,Medium,6500,6500,6500,14/04/2026
Haryana,Mewat,Punhana APMC,Apple,Other,Medium,10000,10000,10000,14/04/2026
Haryana,Sonipat,Ganaur APMC,Apple,Apple,Medium,7000,8000,7500,14/04/2026
Haryana,Kurukshetra,Ladwa APMC,Apple,Apple,Medium,18000,19000,18000,14/04/2026
Punjab,Patiala,Patiala APMC,Apple,Apple,Grade A,10000,12000,11000,14/04/2026
Punjab,Hoshiarpur,Garh Shankar(Mahalpur) APMC,Apple,Other,Medium,9000,9000,9000,14/04/2026
Punjab,Patiala,Nabha APMC,Apple,Other,Grade B,5000,10000,6700,14/04/2026
Punjab,Fatehgarh,Bassi Pathana APMC,Apple,Apple,Medium,9000,9500,9200,14/04/2026
Punjab,Hoshiarpur,Garh Shankar APMC,Apple,Apple,Medium,8500,8500,8500,14/04/2026
Punjab,Fazilka,Fazilka APMC,Apple,Apple,Medium,13000,13000,13000,14/04/2026
Punjab,Hoshiarpur,Tanda Urmur APMC,Apple,Apple,Grade B,9000,11000,10000,14/04/2026
Punjab,Ropar (Rupnagar),Chamkaur Sahib APMC,Apple,Apple,Medium,12000,12000,12000,14/04/2026
Punjab,Ludhiana,Ludhiana APMC,Apple,Other,Medium,3000,9000,5000,14/04/2026
Punjab,Mansa,Mansa APMC,Apple,Apple,Grade A,10000,10000,10000,14/04/2026
Punjab,Fazilka,Jalalabad APMC,Apple,Other,Medium,8000,8500,8200,14/04/2026
Punjab,Bhatinda,Rampuraphul(Nabha Mandi) APMC,Apple,Other,Grade A,8000,12000,9000,14/04/2026
Punjab,Gurdaspur,Quadian APMC,Apple,Other,Grade A,6800,6900,6850,14/04/2026
Punjab,Ludhiana,Khanna APMC,Apple,Apple,Grade A,8000,8000,8000,14/04/2026
Punjab,Patiala,Rajpura APMC,Apple,Apple,Grade A,11400,14500,13500,14/04/2026
Punjab,Nawanshahr,Nawan Shahar(Subzi Mandi) APMC,Apple,Apple,Medium,10000,11000,10700,14/04/2026
Telangana,Hyderabad,Gaddiannaram APMC,Apple,Kasmir/Shimla - II,Medium,6000,12000,8000,14/04/2026
Telangana,Hyderabad,Gaddiannaram APMC,Apple,Other,Medium,6666.667,25333.3346,10000.0005,14/04/2026
Kerala,Kozhikode(Calicut),Mukkom APMC,Apple,Other,Large,28000,29500,28500,14/04/2026
Uttarakhand,Nanital,Haldwani APMC,Apple,Other,Grade A,4500,5000,4800,14/04/2026
Himachal Pradesh,Chamba,PMY Chamba,Apple,Royal Delicious,Medium,10000,12000,11000,14/04/2026
Himachal Pradesh,Kangra,SMY Jaisinghpur,Apple,Apple,Medium,14000,14500,14200,14/04/2026
Himachal Pradesh,Kangra,SMY Palampur,Apple,Apple,Medium,13500,14000,13800,14/04/2026
Himachal Pradesh,Mandi,SMY Jogindernagar,Apple,Other,Grade B,13000,15000,14000,14/04/2026
Tamil Nadu,Krishnagiri,Avallapalli(Uzhavar Sandhai ),Arhar(Tur/Red Gram)(Whole),Arhar (Whole),Local,4000,5000,4500,14/04/2026
Tamil Nadu,Krishnagiri,Krishnagiri(Uzhavar Sandhai ),Arhar(Tur/Red Gram)(Whole),Arhar (Whole),Local,4000,4500,4250,14/04/2026
Tamil Nadu,Chengalpattu,Pallavaram(Uzhavar Sandhai ),Arhar(Tur/Red Gram)(Whole),Arhar (Whole),Local,9000,10000,9500,14/04/2026
Tamil Nadu,Vellore,Thirupathur APMC,Arhar(Tur/Red Gram)(Whole),Arhar (Whole),Local,6000,6000,6000,14/04/2026
Tamil Nadu,Namakkal,Rasipuram(Uzhavar Sandhai ),Chili Red,Bold,Local,14000,15000,14500,14/04/2026
Tamil Nadu,Theni,Theni(Uzhavar Sandhai ),Chili Red,Bold,Local,10000,10000,10000,14/04/2026
Tamil Nadu,Madurai,Anna nagar(Uzhavar Sandhai ),Chili Red,Bold,Local,20000,20000,20000,14/04/2026
Tamil Nadu,Thiruchirappalli,KKNagar(Uzhavar Sandhai ),Chili Red,Bold,Local,28000,28000,28000,14/04/2026
Madhya Pradesh,Katni,Katni APMC,Arhar(Tur/Red Gram)(Whole),Arhar Dal(Tur),FAQ,7644,7900,7900,14/04/2026
Madhya Pradesh,Alirajpur,Alirajpur APMC,Arhar(Tur/Red Gram)(Whole),Arhar Dal(Tur),Non-FAQ,6300,6300,6300,14/04/2026
Madhya Pradesh,Indore,Indore APMC,Arhar(Tur/Red Gram)(Whole),Arhar Dal(Tur),FAQ,6200,6200,6200,14/04/2026
Madhya Pradesh,Dhar,Rajgarh APMC,Bengal Gram(Gram)(Whole),Gram,FAQ,4925,5025,5025,14/04/2026
Madhya Pradesh,Dhar,Gandhwani APMC,Bengal Gram(Gram)(Whole),Desi (F.A.Q. Split),FAQ,5100,5200,5200,14/04/2026
Madhya Pradesh,Khargone,Bedia APMC,Chili Red,Red,FAQ,21000,21000,21000,14/04/2026
Madhya Pradesh,Badwani,Sendhwa APMC,Bengal Gram(Gram)(Whole),Gram,FAQ,5175,5211,5211,14/04/2026
Madhya Pradesh,Jhabua,Petlawad APMC,Bengal Gram(Gram)(Whole),Gram,FAQ,4800,4800,4800,14/04/2026
Madhya Pradesh,Alirajpur,Jobat APMC,Bengal Gram(Gram)(Whole),Chana Kanta,FAQ,5100,5100,5100,14/04/2026
Madhya Pradesh,Bhind,Alampur APMC,Bengal Gram(Gram)(Whole),Gram,Non-FAQ,5265,5280,5280,14/04/2026
Madhya Pradesh,Morena,Ambaha APMC,Bengal Gram(Gram)(Whole),Gram,FAQ,5100,5125,5125,14/04/2026
Madhya Pradesh,Bhind,Gohad APMC,Bengal Gram(Gram)(Whole),Desi (F.A.Q. Split),FAQ,4900,5145,4900,14/04/2026
Madhya Pradesh,Khandwa,Mundi APMC,Bengal Gram(Gram)(Whole),Gram,FAQ,5100,5100,5100,14/04/2026
Madhya Pradesh,Datia,Sevda APMC,Bengal Gram(Gram)(Whole),Gram,FAQ,5000,5300,5300,14/04/2026
Madhya Pradesh,Narsinghpur,Tendukheda APMC,Bengal Gram(Gram)(Whole),Gram,FAQ,5100,5205,5125,14/04/2026
Madhya Pradesh,Narsinghpur,Tendukheda APMC,Bengal Gram(Gram)(Whole),Chana Kanta,FAQ,5000,5100,5100,14/04/2026
Madhya Pradesh,Seoni,Lakhnadon APMC,Bengal Gram(Gram)(Whole),Gram,FAQ,5187,5187,5187,14/04/2026
Madhya Pradesh,Raisen,Raisen APMC,Bengal Gram(Gram)(Whole),Desi (F.A.Q. Split),FAQ,5200,5950,5950,14/04/2026
Madhya Pradesh,Datia,Sevda APMC,Bengal Gram(Gram)(Whole),Gram,Non-FAQ,5200,5200,5200,14/04/2026
Madhya Pradesh,Sagar,Bina APMC,Bengal Gram(Gram)(Whole),Gram,FAQ,5000,5100,5100,14/04/2026
Madhya Pradesh,Chhatarpur,LavKush Nagar(Laundi) APMC,Bengal Gram(Gram)(Whole),Desi (F.A.Q. Split),Non-FAQ,4900,5000,4900,14/04/2026
Madhya Pradesh,Raisen,Bareli APMC,Bengal Gram(Gram)(Whole),Gram,FAQ,5175,5175,5175,14/04/2026
Madhya Pradesh,Jhabua,Jhabua APMC,Bengal Gram(Gram)(Whole),Gram,FAQ,5150,5350,5300,14/04/2026
Madhya Pradesh,Alirajpur,Jobat APMC,Bengal Gram(Gram)(Whole),Gram,FAQ,5025,5100,5100,14/04/2026
Madhya Pradesh,Ratlam,Jaora APMC,Bengal Gram(Gram)(Whole),Gram,Non-FAQ,4983,4995,4995,14/04/2026
Madhya Pradesh,Narsinghpur,Narsinghpur APMC,Bengal Gram(Gram)(Whole),Desi (F.A.Q. Split),FAQ,5100,5310,5310,14/04/2026
Madhya Pradesh,Gwalior,Dabra APMC,Bengal Gram(Gram)(Whole),Gram,FAQ,5475,5475,5475,14/04/2026
Madhya Pradesh,Dhar,Kukshi APMC,Bengal Gram(Gram)(Whole),Gram,FAQ,4900,5250,5000,14/04/2026
Madhya Pradesh,Chhindwara,Chaurai APMC,Bengal Gram(Gram)(Whole),Gram,FAQ,5200,5250,5200,14/04/2026
Madhya Pradesh,Damoh,Javera APMC,Bengal Gram(Gram)(Whole),Gram,FAQ,4995,5210,5210,14/04/2026
Madhya Pradesh,Mandsaur,Garoth APMC,Bengal Gram(Gram)(Whole),Gram,Non-FAQ,450,5152,5152,14/04/2026
Madhya Pradesh,Narsinghpur,Tendukheda APMC,Green Gram(Moong)(Whole),Green (Whole),FAQ,6205,6205,6205,14/04/2026
Madhya Pradesh,Khandwa,Mundi APMC,Green Gram(Moong)(Whole),Green (Whole),FAQ,7480,7480,7480,14/04/2026
Madhya Pradesh,Khandwa,Harsood APMC,Green Gram(Moong)(Whole),Green (Whole),FAQ,7800,7800,7800,14/04/2026
Maharashtra,Amarawati,Varud APMC,Arhar(Tur/Red Gram)(Whole),Other,Non-FAQ,6000,6300,6075,14/04/2026
Maharashtra,Ahmednagar,Om Chaitanya Multistate Agro Purpose CoOp Society  APMC,Arhar(Tur/Red Gram)(Whole),Other,Local,7700,7700,7700,14/04/2026
Maharashtra,Sholapur,Dudhani APMC,Arhar(Tur/Red Gram)(Whole),Other,Non-FAQ,6005,7600,6983,14/04/2026
Maharashtra,Mumbai,Mumbai APMC,Arhar Dal(Tur Dal),Other,Local,8000,11000,10000,14/04/2026
Maharashtra,Mumbai,Mumbai APMC,Bengal Gram(Gram)(Whole),Other,FAQ,6000,7500,7200,14/04/2026
Maharashtra,Amarawati,Varud APMC,Bengal Gram(Gram)(Whole),Other,Non-FAQ,5080,5080,5080,14/04/2026
Maharashtra,Pune,Pune APMC,Bengal Gram(Gram)(Whole),Other,FAQ,6200,7300,6750,14/04/2026
Maharashtra,Sholapur,Dudhani APMC,Bengal Gram(Gram)(Whole),Other,Non-FAQ,5000,5270,5211,14/04/2026
Maharashtra,Yavatmal,Umarkhed APMC,Bengal Gram(Gram)(Whole),Other,Non-FAQ,5300,5500,5400,14/04/2026
Maharashtra,Yavatmal,Umarked(Danki) APMC,Bengal Gram(Gram)(Whole),Other,Non-FAQ,5250,5450,5350,14/04/2026
Maharashtra,Ahmednagar,Rahata APMC,Bengal Gram(Gram)(Whole),Other,Non-FAQ,4700,5260,5125,14/04/2026
Maharashtra,Mumbai,Mumbai APMC,Green Gram(Moong)(Whole),Other,FAQ,8900,12000,10500,14/04/2026
Maharashtra,Mumbai,Mumbai APMC,Bengal Gram Dal(Chana Dal),Other,Local,6700,7500,7150,14/04/2026
Maharashtra,Pune,Pune APMC,Green Gram(Moong)(Whole),Green (Whole),FAQ,9000,9500,9250,14/04/2026
Maharashtra,Mumbai,Mumbai APMC,Green Gram Dal(Moong Dal),Other,Local,7000,12500,10800,14/04/2026
Maharashtra,Mumbai,Mumbai APMC,Black Gram(Urd Beans)(Whole),Other,FAQ,8000,11000,9250,14/04/2026
Maharashtra,Mumbai,Mumbai APMC,Black Gram Dal(Urd Dal),Other,Local,8500,10700,10250,14/04/2026
Maharashtra,Pune,Pune APMC,Black Gram(Urd Beans)(Whole),Other,FAQ,9200,10600,9900,14/04/2026
Uttar Pradesh,Kanpur Dehat,Rura APMC,Arhar Dal(Tur Dal),Arhar Dal(Tur),FAQ,9000,10000,9500,14/04/2026
Uttar Pradesh,Kanpur,Choubepur APMC,Chili Red,Other,FAQ,21039.96,22000,21510.74,14/04/2026
Uttar Pradesh,Lakhimpur,Lakhimpur APMC,Chili Red,Other,FAQ,10000,10000,10000,14/04/2026
Uttar Pradesh,Varanasi,Varanasi APMC,Chili Red,Other,FAQ,9000,13700,11713.71,14/04/2026
Uttar Pradesh,Varanasi,Varanasi APMC,Bengal Gram(Gram)(Whole),Other,FAQ,7150,7150,7150,14/04/2026
Uttar Pradesh,Bareilly,Bareilly APMC,Chili Red,Other,FAQ,8700,10100,9043.58,14/04/2026
Uttar Pradesh,Ghaziabad,Ghaziabad APMC,Chili Red,Other,FAQ,8500,8500,8500,14/04/2026
Uttar Pradesh,Kanpur,Kanpur(Grain) APMC,Chili Red,Other,FAQ,8000,8000,8000,14/04/2026
Uttar Pradesh,Prayagraj,Prayagraj APMC,Chili Red,Other,FAQ,6500,6500,6500,14/04/2026
Uttar Pradesh,Hamirpur,Maudaha APMC,Bengal Gram(Gram)(Whole),Other,FAQ,5000,5000,5000,14/04/2026
Uttar Pradesh,Mahoba,Mahoba APMC,Bengal Gram(Gram)(Whole),Other,FAQ,4810,4830,4819.93,14/04/2026
Uttar Pradesh,Mathura,Mathura APMC,Pegeon Pea(Arhar Fali),Other,FAQ,8000,8000,8000,14/04/2026
Uttar Pradesh,Baghpat,Baraut APMC,Pegeon Pea(Arhar Fali),Other,FAQ,4400,4400,4400,14/04/2026
Uttar Pradesh,Amroha,Hasanpur APMC,Pegeon Pea(Arhar Fali),Other,FAQ,4010,4010,4010,14/04/2026
Uttar Pradesh,Saharanpur,Chutmalpur APMC,Pegeon Pea(Arhar Fali),Other,FAQ,2300,2350,2325,14/04/2026
Uttar Pradesh,Sonbhadra,Robertsganj APMC,Pegeon Pea(Arhar Fali),Other,FAQ,10000,10000,10000,14/04/2026
Uttar Pradesh,Ghaziabad,Noida APMC,Pegeon Pea(Arhar Fali),Other,FAQ,12650,12650,12650,14/04/2026
Uttar Pradesh,Varanasi,Varanasi APMC,Pegeon Pea(Arhar Fali),Other,FAQ,6000,6000,6000,14/04/2026
Uttar Pradesh,Rampur,Rampur APMC,Pegeon Pea(Arhar Fali),Other,FAQ,6000,6000,6000,14/04/2026
Uttar Pradesh,Shahjahanpur,Shahjahanpur APMC,Pegeon Pea(Arhar Fali),Other,FAQ,10450,10450,10450,14/04/2026
Uttar Pradesh,Saharanpur,Saharanpur APMC,Pegeon Pea(Arhar Fali),Other,FAQ,2500,3200,2675,14/04/2026
Uttar Pradesh,Sambhal,Chandausi APMC,Pegeon Pea(Arhar Fali),Other,FAQ,5600,5600,5600,14/04/2026
Uttar Pradesh,Hathras,Haathras APMC,Pegeon Pea(Arhar Fali),Other,FAQ,10000,10000,10000,14/04/2026
Uttar Pradesh,Lakhimpur,Paliakala APMC,Pegeon Pea(Arhar Fali),Other,FAQ,5000,5000,5000,14/04/2026
Uttar Pradesh,Prayagraj,Prayagraj APMC,Pegeon Pea(Arhar Fali),Other,FAQ,5000,5000,5000,14/04/2026
Uttar Pradesh,Lucknow,Lucknow APMC,Pegeon Pea(Arhar Fali),Other,FAQ,11100,11100,11100,14/04/2026
Uttar Pradesh,Lakhimpur,Golagokarnath APMC,Pegeon Pea(Arhar Fali),Other,FAQ,7000,7000,7000,14/04/2026
Uttar Pradesh,Meerut,Meerut APMC,Pegeon Pea(Arhar Fali),Other,FAQ,10000,10000,10000,14/04/2026
Uttar Pradesh,Agra,Agra APMC,Pegeon Pea(Arhar Fali),Other,FAQ,6500,10775,8735.57,14/04/2026
Uttar Pradesh,Agra,Agra APMC,Green Gram Dal(Moong Dal),Other,FAQ,19000,19000,19000,14/04/2026
Uttar Pradesh,Badaun,Bilsi APMC,Black Gram Dal(Urd Dal),Other,FAQ,8000,8000,8000,14/04/2026
Uttar Pradesh,Lucknow,Lucknow APMC,Green Gram Dal(Moong Dal),Other,FAQ,9350,10400,9792.11,14/04/2026
Uttar Pradesh,Sambhal,Muradabad APMC,Black Gram Dal(Urd Dal),Other,FAQ,9932.36,9932.36,9932.36,14/04/2026
Uttar Pradesh,Agra,Agra APMC,Black Gram Dal(Urd Dal),Other,FAQ,8478.32,8478.32,8478.32,14/04/2026
Uttar Pradesh,Lucknow,Lucknow APMC,Black Gram Dal(Urd Dal),Other,FAQ,11150,11150,11150,14/04/2026
Uttar Pradesh,Lucknow,Lucknow APMC,Bengal Gram Dal(Chana Dal),Other,FAQ,6300,6650,6350.09,14/04/2026
Uttar Pradesh,Shamli,Shamli APMC,Bengal Gram Dal(Chana Dal),Other,FAQ,6200,6200,6200,14/04/2026
Uttar Pradesh,Ghaziabad,Noida APMC,Black Gram Dal(Urd Dal),Other,FAQ,11300,11300,11300,14/04/2026
Uttar Pradesh,Ghaziabad,Noida APMC,Bengal Gram Dal(Chana Dal),Other,FAQ,9100,9100,9100,14/04/2026
Uttar Pradesh,Lakhimpur,Lakhimpur APMC,Black Gram Dal(Urd Dal),Other,FAQ,8868.75,8868.75,8868.75,14/04/2026
Rajasthan,Baran,Baran APMC,Bengal Gram(Gram)(Whole),Other,Local,4800,5302,5125,14/04/2026
Rajasthan,Nagaur,Nagaur APMC,Bengal Gram(Gram)(Whole),Other,Local,4800,4950,4900,14/04/2026
Rajasthan,Kota,Manohararthana APMC,Bengal Gram(Gram)(Whole),Other,Non-FAQ,4800,5100,4950,14/04/2026
Rajasthan,Tonk,Dooni APMC,Bengal Gram(Gram)(Whole),999,Local,4900,5038,4969,14/04/2026
Rajasthan,Kota,Khatauli APMC,Bengal Gram(Gram)(Whole),999,Local,4900,5182,5090,14/04/2026
Rajasthan,Jhalawar,Khanpur APMC,Bengal Gram(Gram)(Whole),Other,FAQ,4800,5150,4940,14/04/2026
Rajasthan,Beawar,Jaitaran APMC,Bengal Gram(Gram)(Whole),Other,Grade Range-2,4750,4950,4850,14/04/2026
Rajasthan,Bundi,Dei APMC,Bengal Gram(Gram)(Whole),Other,Local,4800,5233,5100,14/04/2026
Rajasthan,Ganganagar,Raisingh Nagar APMC,Bengal Gram(Gram)(Whole),Other,Non-FAQ,4900,5352,5226,14/04/2026
Rajasthan,Udaipur,Fatehnagar APMC,Bengal Gram(Gram)(Whole),Average (Whole),FAQ,4934,5011,4965,14/04/2026
Rajasthan,Tonk,Uniyara APMC,Bengal Gram(Gram)(Whole),Other,FAQ,4500,5166,4833,14/04/2026
Rajasthan,Baran,Anta APMC,Bengal Gram(Gram)(Whole),Other,Local,4948,5124,5036,14/04/2026
Rajasthan,Ganganagar,Padampur APMC,Bengal Gram(Gram)(Whole),Other,FAQ,4900,5261,5100,14/04/2026
Rajasthan,Pali,Rani APMC,Bengal Gram(Gram)(Whole),Other,Local,4900,4997,4950,14/04/2026
Rajasthan,Baran,Samraniyan APMC,Bengal Gram(Gram)(Whole),Other,Local,4956,4956,4956,14/04/2026
Rajasthan,Nagaur,Nagaur APMC,Green Gram(Moong)(Whole),Local,FAQ,5000,7800,7400,14/04/2026
Rajasthan,Tonk,Dooni APMC,Black Gram(Urd Beans)(Whole),Black Gram (Whole),Local,4700,4700,4700,14/04/2026
Rajasthan,Bundi,Dei APMC,Black Gram(Urd Beans)(Whole),Other,Local,5599,6351,6000,14/04/2026
Haryana,Sirsa,Ellanabad APMC,Bengal Gram(Gram)(Whole),Desi (Whole),FAQ,4855,5270,5260,14/04/2026
Assam,Kamrup,Fancy Bazaar APMC,Arhar Dal(Tur Dal),Arhar Dal(Tur),FAQ,10500,13000,11800,14/04/2026
Assam,Kamrup,Sontoli APMC,Chili Red,Red,FAQ,15000,15500,15300,14/04/2026
Assam,Kamrup,Fancy Bazaar APMC,Green Gram Dal(Moong Dal),Green Gram Dal,FAQ,9000,11500,11200,14/04/2026
Assam,Kamrup,Fancy Bazaar APMC,Green Gram Dal(Moong Dal),Green gram,FAQ,7050,12050,9050,14/04/2026
Assam,Kamrup,Fancy Bazaar APMC,Green Gram Dal(Moong Dal),Green,FAQ,6400,7500,7200,14/04/2026
Madhya Pradesh,Khandwa,Mundi APMC,Green Gram(Moong)(Whole),Green (Whole),FAQ,7480,7480,7480,14/04/2026
Madhya Pradesh,Khandwa,Harsood APMC,Green Gram(Moong)(Whole),Green (Whole),FAQ,7800,7800,7800,14/04/2026
Madhya Pradesh,Narsinghpur,Tendukheda APMC,Green Gram(Moong)(Whole),Green (Whole),FAQ,6205,6205,6205,14/04/2026
Uttar Pradesh,Lucknow,Lucknow APMC,Green Gram Dal(Moong Dal),Other,FAQ,9350,10400,9792.11,14/04/2026
Uttar Pradesh,Agra,Agra APMC,Green Gram Dal(Moong Dal),Other,FAQ,19000,19000,19000,14/04/2026
Rajasthan,Nagaur,Nagaur APMC,Green Gram(Moong)(Whole),Local,FAQ,5000,7800,7400,14/04/2026
Gujarat,Surat,Vyra APMC,Green Gram(Moong)(Whole),Other,FAQ,7500,8500,8000,14/04/2026
Gujarat,Rajkot,Rajkot APMC,Green Gram(Moong)(Whole),Green (Whole),FAQ,5700,9250,7100,14/04/2026
Gujarat,Rajkot,Jasdan APMC,Green Gram(Moong)(Whole),Green (Whole),FAQ,6000,6000,6000,14/04/2026
Gujarat,Bhavnagar,Mahuva(Station Road) APMC,Green Gram(Moong)(Whole),Hybrid,FAQ,2600,7250,4925,14/04/2026
Gujarat,Surat,Mandvi APMC,Green Gram(Moong)(Whole),Other,Non-FAQ,8000,8500,8250,14/04/2026
West Bengal,Darjeeling,Siliguri APMC,Green Gram Dal(Moong Dal),Green Gram Dal,FAQ,9600,9800,9700,14/04/2026
Kerala,Kottayam,Kottayam APMC,Green Gram(Moong)(Whole),Green (Whole),FAQ,9800,10800,10300,14/04/2026
Kerala,Palakad,Palakkad APMC,Green Gram(Moong)(Whole),Green (Whole),FAQ,12000,13000,12600,14/04/2026
Kerala,Palakad,Palakkad APMC,Green Gram(Moong)(Whole),Green Gram Dhall-I,FAQ,11000,12500,11800,14/04/2026
Assam,Kamrup,Fancy Bazaar APMC,Green Gram Dal(Moong Dal),Green Gram Dal,FAQ,9000,11500,11200,14/04/2026
Assam,Kamrup,Fancy Bazaar APMC,Green Gram Dal(Moong Dal),Green gram,FAQ,7050,12050,9050,14/04/2026
Assam,Kamrup,Fancy Bazaar APMC,Green Gram Dal(Moong Dal),Green,FAQ,6400,7500,7200,14/04/2026
Maharashtra,Mumbai,Mumbai APMC,Bengal Gram Dal(Chana Dal),Other,Local,6700,7500,7150,14/04/2026
Uttar Pradesh,Lucknow,Lucknow APMC,Bengal Gram Dal(Chana Dal),Other,FAQ,6300,6650,6350.09,14/04/2026
Uttar Pradesh,Shamli,Shamli APMC,Bengal Gram Dal(Chana Dal),Other,FAQ,6200,6200,6200,14/04/2026
Uttar Pradesh,Ghaziabad,Noida APMC,Bengal Gram Dal(Chana Dal),Other,FAQ,9100,9100,9100,14/04/2026
Gujarat,Jamnagar,Jam Jodhpur APMC,Kabuli Chana(Chickpeas-White),Kabuli Chana(Chickpeas-white),Local,5000,7725,6750,14/04/2026
Gujarat,Junagarh,Junagadh APMC,Kabuli Chana(Chickpeas-White),Kabuli Chana(Chickpeas-white),FAQ,5000,8250,6750,14/04/2026
Gujarat,Porbandar,Porbandar APMC,Kabuli Chana(Chickpeas-White),Other,FAQ,5625,6400,6010,14/04/2026
Kerala,Palakad,Palakkad APMC,Kabuli Chana(Chickpeas-White),Kabuli Chana(Chickpeas-white),FAQ,10000,12000,11100,14/04/2026
Madhya Pradesh,Mandla,Bichhiya APMC,Lentil(Masur)(Whole),Masur Dal,FAQ,6000,6050,6050,14/04/2026
Madhya Pradesh,Narsinghpur,Tendukheda APMC,Lentil(Masur)(Whole),Masur Dal,FAQ,6175,6498,6248,14/04/2026
Madhya Pradesh,Rajgarh,Biaora APMC,Lentil(Masur)(Whole),Masur Dal,FAQ,6400,6450,6450,14/04/2026
Madhya Pradesh,Sagar,Banda APMC,Lentil(Masur)(Whole),Masur Dal,Non-FAQ,6500,6500,6500,14/04/2026
Madhya Pradesh,Mandsaur,Garoth APMC,Lentil(Masur)(Whole),Masur Dal,Non-FAQ,6799,7100,7100,14/04/2026
Madhya Pradesh,Mandla,Mandla APMC,Lentil(Masur)(Whole),Local,Non-FAQ,5700,5725,5725,14/04/2026
Maharashtra,Mumbai,Mumbai APMC,Masur Dal,Other,Local,6000,8000,7500,14/04/2026
Maharashtra,Mumbai,Mumbai APMC,Lentil(Masur)(Whole),Other,FAQ,7100,9500,9050,14/04/2026
Maharashtra,Pune,Pune APMC,Lentil(Masur)(Whole),Other,FAQ,7000,7300,7150,14/04/2026
Uttar Pradesh,Balrampur,Tulsipur APMC,Masur Dal,Other,FAQ,7400,8000,7847.54,14/04/2026
Uttar Pradesh,Bijnor,Najibabad APMC,Masur Dal,Other,FAQ,7100,7100,7100,14/04/2026
Uttar Pradesh,Farukhabad,Farukhabad APMC,Masur Dal,Other,FAQ,6500,6500,6500,14/04/2026
Uttar Pradesh,Sitapur,Viswan APMC,Masur Dal,Other,FAQ,7500,7500,7500,14/04/2026
Uttar Pradesh,Sitapur,Sitapur APMC,Masur Dal,Other,FAQ,7510,7520,7515.12,14/04/2026
Uttar Pradesh,Jalaun (Orai),Orai APMC,Masur Dal,Other,FAQ,5940,5940,5940,14/04/2026
Uttar Pradesh,Balrampur,Balrampur APMC,Masur Dal,Other,FAQ,8500,8500,8500,14/04/2026
Uttar Pradesh,Balrampur,Panchpedwa APMC,Masur Dal,Other,FAQ,6500,7000,6652.59,14/04/2026
Uttar Pradesh,Kanpur Dehat,Rura APMC,Masur Dal,Masur Dal,FAQ,850,9500,9000,14/04/2026
Uttar Pradesh,Banda,Baberu APMC,Masur Dal,Other,FAQ,6000,6000,6000,14/04/2026
Uttar Pradesh,Banda,Banda APMC,Masur Dal,Other,FAQ,6300,6300,6300,14/04/2026
Uttar Pradesh,Hamirpur,Bharuasumerpur APMC,Masur Dal,Other,FAQ,6000,6000,6000,14/04/2026
Uttar Pradesh,Hardoi,Madhoganj APMC,Masur Dal,Other,FAQ,7500,7800,7644.62,14/04/2026
Uttar Pradesh,Prayagraj,Prayagraj APMC,Masur Dal,Other,FAQ,6425,6425,6425,14/04/2026
Uttar Pradesh,Shamli,Shamli APMC,Masur Dal,Other,FAQ,6500,6500,6500,14/04/2026
Uttar Pradesh,Ghaziabad,Noida APMC,Masur Dal,Other,FAQ,7500,9300,7567.65,14/04/2026
Uttar Pradesh,Mahoba,Charkhari APMC,Masur Dal,Other,FAQ,6000,6000,6000,14/04/2026
West Bengal,Bankura,Bishnupur(Bankura) APMC,Masur Dal,Other,Grade Range-2,9500,10500,10175,14/04/2026
West Bengal,Medinipur(E),Tamluk (Medinipur E) APMC,Masur Dal,Masur Dal,FAQ,10300,10700,10500,14/04/2026
West Bengal,Puruliya,Balarampur APMC,Masur Dal,Masur Dal,FAQ,10200,11500,10600,14/04/2026
West Bengal,Hooghly,Kalipur APMC,Masur Dal,Masur Dal,FAQ,9800,10200,10000,14/04/2026
West Bengal,Medinipur(E),Kolaghat APMC,Masur Dal,Masur Dal,FAQ,10300,10700,10500,14/04/2026
West Bengal,North 24 Parganas,Habra APMC,Masur Dal,Masur Dal,FAQ,11000,11000,11000,14/04/2026
West Bengal,Darjeeling,Siliguri APMC,Masur Dal,Masur Dal,FAQ,12100,12300,12200,14/04/2026
West Bengal,North 24 Parganas,Barasat APMC,Lentil(Masur)(Whole),Other,FAQ,8500,8500,8500,14/04/2026
Assam,Kamrup,Fancy Bazaar APMC,Lentil(Masur)(Whole),Other,FAQ,10500,13000,12000,14/04/2026
Assam,Kamrup,Fancy Bazaar APMC,Lentil(Masur)(Whole),Local,FAQ,6850,7850,7350,14/04/2026
Assam,Kamrup,Fancy Bazaar APMC,Lentil(Masur)(Whole),Masur Dal,FAQ,7250,8950,8150,14/04/2026
Madhya Pradesh,Dhar,Dhar APMC,Turmeric,Finger,FAQ,16100,16100,16100,14/04/2026
Madhya Pradesh,Dhar,Dhar APMC,Turmeric,Finger,FAQ,16100,16100,16100,14/04/2026
Maharashtra,Hingoli,Gajanan Krushi Utpanna Bazar (India) Pvt Ltd  APMC,Turmeric,Other,Local,12100,14500,13309,14/04/2026
Uttar Pradesh,Ghaziabad,Ghaziabad APMC,Turmeric,Other,FAQ,13700,13700,13700,14/04/2026
Uttar Pradesh,Lucknow,Lucknow APMC,Turmeric,Other,FAQ,10000,15800,12537.29,14/04/2026
Uttar Pradesh,Kanpur,Kanpur(Grain) APMC,Turmeric,Other,FAQ,16476.19,16476.19,16476.19,14/04/2026
Telangana,Karimnagar,Metpally APMC,Turmeric,Finger,FAQ,9100,14333,12500,14/04/2026
Telangana,Karimnagar,Metpally APMC,Turmeric,Finger,FAQ,9100,14333,12500,14/04/2026
Assam,Kamrup,Fancy Bazaar APMC,Turmeric(raw),Turmeric (raw),FAQ,12500,17500,16500,14/04/2026
Gujarat,Rajkot,Jasdan APMC,Dry Chillies,Dry Chillies,FAQ,5500,14250,12750,14/04/2026
Gujarat,Rajkot,Rajkot APMC,Dry Chillies,Dry Chillies,FAQ,10000,32500,22500,14/04/2026
Gujarat,Jamnagar,Jamnagar APMC,Dry Chillies,Other,Local,9850,24500,19525,14/04/2026
Haryana,Ambala,Ambala Cantt. APMC,Dry Fodder,Dry Fodder,Local,640,680,650,14/04/2026
Haryana,Kurukshetra,Shahabad APMC,Ginger(Dry),Vegitable-fresh,Local,5500,6500,6000,14/04/2026
Haryana,Ambala,Ambala City APMC,Dry Fodder,Dry Fodder,Local,750,750,750,14/04/2026
Punjab,Hoshiarpur,Garh Shankar APMC,Ginger(Dry),Vegitable-fresh,FAQ,5000,5000,5000,14/04/2026
Punjab,Fazilka,Fazilka APMC,Ginger(Dry),Dry,FAQ,12000,12000,12000,14/04/2026
Assam,Kamrup,Fancy Bazaar APMC,Dry Chillies,Dry Chillies,FAQ,28500,32500,31500,14/04/2026
Madhya Pradesh,Indore,Indore APMC,Cummin Seed(Jeera),Cummin Seed(Jeera),FAQ,20200,20200,20200,14/04/2026
Rajasthan,Beawar,Jaitaran APMC,Cummin Seed(Jeera),Cummin Seed(Jeera),Grade Range-2,18000,21500,19750,14/04/2026
Rajasthan,Nagaur,Nagaur APMC,Cummin Seed(Jeera),Other,Local,16000,23500,22000,14/04/2026
Assam,Kamrup,Fancy Bazaar APMC,Cummin Seed(Jeera),Cummin Seed(Jeera),FAQ,26200,31500,28800,14/04/2026
Tamil Nadu,Dharmapuri,Karimangalam(Uzhavar Sandhai),Coriander(Leaves),I Sort,Local,4500,5000,4750,14/04/2026
Tamil Nadu,Pudukkottai,Ponnamaravathi(Uzhavar Sandhai),Coriander(Leaves),I Sort,Local,4500,5000,4750,14/04/2026
Tamil Nadu,Karur,Gandhigramam(Uzhavar Sandhai),Coriander(Leaves),I Sort,Local,5500,6000,5750,14/04/2026
Tamil Nadu,Cuddalore,Vadalur(Uzhavar Sandhai ),Coriander(Leaves),I Sort,Local,5000,5000,5000,14/04/2026
Tamil Nadu,Dharmapuri,Dharmapuri(Uzhavar Sandhai ),Coriander(Leaves),I Sort,Local,7500,8000,7750,14/04/2026
Tamil Nadu,Dharmapuri,Pennagaram(Uzhavar Sandhai ),Coriander(Leaves),I Sort,Local,4600,5000,4800,14/04/2026
Tamil Nadu,Dindigul,Dindigul(Uzhavar Sandhai ),Coriander(Leaves),I Sort,Local,3000,4000,3500,14/04/2026
Tamil Nadu,Karur,Kulithalai(Uzhavar Sandhai ),Coriander(Leaves),I Sort,Local,3500,4000,3750,14/04/2026
Tamil Nadu,Karur,Velayuthampalayam(Uzhavar Sandhai ),Coriander(Leaves),I Sort,Local,5200,6000,5600,14/04/2026
Tamil Nadu,Krishnagiri,Avallapalli(Uzhavar Sandhai ),Coriander(Leaves),I Sort,Local,4000,5000,4500,14/04/2026
Tamil Nadu,Nagapattinam,Nagapattinam(Uzhavar Sandhai ),Coriander(Leaves),I Sort,Local,4000,4000,4000,14/04/2026
Tamil Nadu,Ramanathapuram,Ramanathapuram(Uzhavar Sandhai ),Coriander(Leaves),I Sort,Local,6500,7000,6750,14/04/2026
Tamil Nadu,Salem,Attayampatti(Uzhavar Sandhai ),Coriander(Leaves),I Sort,Local,2500,3000,2750,14/04/2026
Tamil Nadu,Salem,Jalagandapuram(Uzhavar Sandhai ),Coriander(Leaves),I Sort,Local,2200,2500,2350,14/04/2026
Tamil Nadu,Sivaganga,Sivagangai (Uzhavar Sandhai ),Coriander(Leaves),I Sort,Local,5200,6600,5900,14/04/2026
Tamil Nadu,Sivaganga,Devakottai (Uzhavar Sandhai ),Coriander(Leaves),I Sort,Local,5400,6800,6100,14/04/2026
Tamil Nadu,Thanjavur,Pattukottai(Uzhavar Sandhai ),Coriander(Leaves),I Sort,Local,4200,4200,4200,14/04/2026
Tamil Nadu,Thiruvellore,Paruthipattu(Uzhavar Sandhai ),Coriander(Leaves),I Sort,Local,5000,5000,5000,14/04/2026
Tamil Nadu,Thiruvarur,Mannargudi II(Uzhavar Sandhai ),Coriander(Leaves),I Sort,Local,4500,4500,4500,14/04/2026
Tamil Nadu,Thiruvannamalai,Vandavasi(Uzhavar Sandhai ),Coriander(Leaves),I Sort,Local,4000,5000,4500,14/04/2026
Tamil Nadu,Villupuram,Villupuram(Uzhavar Sandhai ),Coriander(Leaves),I Sort,Local,4000,4000,4000,14/04/2026
Tamil Nadu,Virudhunagar,Rajapalayam(Uzhavar Sandhai ),Coriander(Leaves),I Sort,Local,5000,6000,5500,14/04/2026
Tamil Nadu,Chengalpattu,Pallavaram(Uzhavar Sandhai ),Coriander(Leaves),I Sort,Local,7000,8000,7500,14/04/2026
Tamil Nadu,Chengalpattu,Jameenrayapettai(Uzhavar Sandhai ),Coriander(Leaves),I Sort,Local,7000,8000,7500,14/04/2026
Tamil Nadu,Thirupathur,Natrampalli(Uzhavar Sandhai ),Coriander(Leaves),I Sort,Local,2000,3000,2500,14/04/2026
Tamil Nadu,Thirupur,Palladam(Uzhavar Sandhai ),Coriander(Leaves),I Sort,Local,4000,5000,4500,14/04/2026
Tamil Nadu,Thiruvannamalai,Cheyyar(Uzhavar Sandhai ),Coriander(Leaves),I Sort,Local,4000,5000,4500,14/04/2026
Tamil Nadu,Erode,Sampath Nagar(Uzhavar Sandhai ),Coriander(Leaves),I Sort,Local,3500,4000,3750,14/04/2026
Tamil Nadu,Namakkal,Tiruchengode APMC,Coriander(Leaves),I Sort,Local,9500,11000,10250,14/04/2026
Tamil Nadu,Thiruchirappalli,Thuraiyur APMC,Coriander(Leaves),I Sort,Local,3400,3800,3600,14/04/2026
Tamil Nadu,Ranipet,Ranipettai(Uzhavar Sandhai ),Coriander(Leaves),I Sort,Local,4000,4500,4250,14/04/2026
Tamil Nadu,Theni,Periyakulam(Uzhavar Sandhai ),Coriander(Leaves),I Sort,Local,4600,4800,4700,14/04/2026
Tamil Nadu,Virudhunagar,Srivilliputhur(Uzhavar Sandhai ),Coriander(Leaves),I Sort,Local,4500,5000,4750,14/04/2026
Tamil Nadu,Cuddalore,Panruti(Uzhavar Sandhai ),Coriander(Leaves),I Sort,Local,4000,4000,4000,14/04/2026
Tamil Nadu,Dindigul,Palani(Uzhavar Sandhai ),Coriander(Leaves),I Sort,Local,6000,7000,6500,14/04/2026
Tamil Nadu,Krishnagiri,Hosur(Uzhavar Sandhai ),Coriander(Leaves),I Sort,Local,4000,5000,4500,14/04/2026
Tamil Nadu,Krishnagiri,Krishnagiri(Uzhavar Sandhai ),Coriander(Leaves),I Sort,Local,3000,3400,3200,14/04/2026
Tamil Nadu,Madurai,Palanganatham(Uzhavar Sandhai ),Coriander(Leaves),I Sort,Local,5000,6500,5750,14/04/2026
Tamil Nadu,Madurai,Usilampatti(Uzhavar Sandhai ),Coriander(Leaves),I Sort,Local,5000,6500,5750,14/04/2026
Tamil Nadu,The Nilgiris,Udhagamandalam(Uzhavar Sandhai ),Coriander(Leaves),I Sort,Local,5500,6000,5750,14/04/2026
Tamil Nadu,Pudukkottai,Aranthangi(Uzhavar Sandhai ),Coriander(Leaves),I Sort,Local,4500,5000,4750,14/04/2026
Tamil Nadu,Ramanathapuram,Kamuthi(Uzhavar Sandhai ),Coriander(Leaves),I Sort,Local,6000,6000,6000,14/04/2026
Tamil Nadu,Salem,Thathakapatti(Uzhavar Sandhai ),Coriander(Leaves),I Sort,Local,4000,4500,4250,14/04/2026
Tamil Nadu,Salem,Mettur(Uzhavar Sandhai ),Coriander(Leaves),I Sort,Local,3000,4000,3500,14/04/2026
Tamil Nadu,Sivaganga,Tirupatthur(Uzhavar Sandhai ),Coriander(Leaves),I Sort,Local,5500,7000,6250,14/04/2026
Tamil Nadu,Thanjavur,Thanjavur(Uzhavar Sandhai ),Coriander(Leaves),I Sort,Local,3500,3500,3500,14/04/2026
Tamil Nadu,Theni,Theni(Uzhavar Sandhai ),Coriander(Leaves),I Sort,Local,4800,4800,4800,14/04/2026
Tamil Nadu,Theni,Kambam(Uzhavar Sandhai ),Coriander(Leaves),I Sort,Local,4800,4800,4800,14/04/2026
Tamil Nadu,Thiruvarur,Mannargudi I(Uzhavar Sandhai ),Coriander(Leaves),I Sort,Local,4500,4500,4500,14/04/2026
Tamil Nadu,Thiruchirappalli,Thiruverumbur(Uzhavar Sandhai ),Coriander(Leaves),I Sort,Local,4000,4000,4000,14/04/2026
Tamil Nadu,Thiruchirappalli,Manachanallur(Uzhavar Sandhai ),Coriander(Leaves),I Sort,Local,3200,3800,3500,14/04/2026
Tamil Nadu,Villupuram,Gingee(Uzhavar Sandhai ),Coriander(Leaves),I Sort,Local,4000,4000,4000,14/04/2026
Tamil Nadu,Chengalpattu,Medavakkam(Uzhavar Sandhai ),Coriander(Leaves),I Sort,Local,4000,4000,4000,14/04/2026
Tamil Nadu,Chengalpattu,Nanganallur(Uzhavar Sandhai ),Coriander(Leaves),I Sort,Local,5000,6000,5500,14/04/2026
Tamil Nadu,Chengalpattu,Guduvancheri(Uzhavar Sandhai ),Coriander(Leaves),I Sort,Local,5000,6000,5500,14/04/2026
Tamil Nadu,Thirupathur,Vaniyampadi(Uzhavar Sandhai ),Coriander(Leaves),I Sort,Local,4000,4000,4000,14/04/2026
Tamil Nadu,Thirupur,Dharapuram(Uzhavar Sandhai ),Coriander(Leaves),I Sort,Local,3000,4000,3500,14/04/2026
Tamil Nadu,Thirupur,Kangayam(Uzhavar Sandhai ),Coriander(Leaves),I Sort,Local,3000,4000,3500,14/04/2026
Tamil Nadu,Coimbatore,Sundarapuram(Uzhavar Sandhai ),Coriander(Leaves),I Sort,Local,6000,6500,6250,14/04/2026
Tamil Nadu,Coimbatore,Singanallur(Uzhavar Sandhai ),Coriander(Leaves),I Sort,Local,6000,6500,6250,14/04/2026
Tamil Nadu,Cuddalore,Cuddalore(Uzhavar Sandhai ),Coriander(Leaves),I Sort,Local,4000,4000,4000,14/04/2026
Tamil Nadu,Tenkasi,Tenkasi(Uzhavar Sandhai ),Coriander(Leaves),I Sort,Local,5500,5500,5500,14/04/2026
Tamil Nadu,Vellore,Thirupathur APMC,Coriander(Leaves),I Sort,Local,4000,4000,4000,14/04/2026
Tamil Nadu,Villupuram,Tindivanam APMC,Coriander(Leaves),I Sort,Local,4000,4000,4000,14/04/2026
Tamil Nadu,Salem,Mecheri(Uzhavar Sandhai),Coriander(Leaves),I Sort,Local,2000,2500,2250,14/04/2026
Tamil Nadu,Salem,Vazhapadi(Uzhavar Sandhai),Coriander(Leaves),I Sort,Local,2000,2500,2250,14/04/2026
Tamil Nadu,Coimbatore,Sulur(Uzhavar Sandhai ),Coriander(Leaves),I Sort,Local,5000,5800,5400,14/04/2026
Tamil Nadu,Nagapattinam,Mayiladuthurai(Uzhavar Sandhai ),Coriander(Leaves),I Sort,Local,3500,4000,3750,14/04/2026
Tamil Nadu,Thanjavur,Kumbakonam (Uzhavar Sandhai ),Coriander(Leaves),I Sort,Local,4200,4200,4200,14/04/2026
Tamil Nadu,Dharmapuri,Palacode(Uzhavar Sandhai ),Coriander(Leaves),I Sort,Local,6500,7000,6750,14/04/2026
Tamil Nadu,Dharmapuri,AJattihalli(Uzhavar Sandhai ),Coriander(Leaves),I Sort,Local,7000,8000,7500,14/04/2026
Tamil Nadu,Erode,Thalavadi(Uzhavar Sandhai ),Coriander(Leaves),I Sort,Local,4000,4500,4250,14/04/2026
Tamil Nadu,Karur,Pallapatti (Uzhavar Sandhai ),Coriander(Leaves),I Sort,Local,4500,5000,4750,14/04/2026
Tamil Nadu,Karur,Vengamedu(Uzhavar Sandhai ),Coriander(Leaves),I Sort,Local,5500,6000,5750,14/04/2026
Tamil Nadu,Nagapattinam,Sirkali(Uzhavar Sandhai ),Coriander(Leaves),I Sort,Local,3500,4000,3750,14/04/2026
Tamil Nadu,Namakkal,Rasipuram(Uzhavar Sandhai ),Coriander(Leaves),I Sort,Local,8600,9000,8800,14/04/2026
Tamil Nadu,Namakkal,Kumarapalayam(Uzhavar Sandhai ),Coriander(Leaves),I Sort,Local,8500,9000,8750,14/04/2026
Tamil Nadu,Ramanathapuram,Paramakudi(Uzhavar Sandhai ),Coriander(Leaves),I Sort,Local,6000,6500,6250,14/04/2026
Tamil Nadu,Salem,Hasthampatti(Uzhavar Sandhai ),Coriander(Leaves),I Sort,Local,2000,2200,2100,14/04/2026
Tamil Nadu,Theni,Devaram(Uzhavar Sandhai ),Coriander(Leaves),I Sort,Local,4800,4800,4800,14/04/2026
Tamil Nadu,Thiruvellore,Tiruthani(Uzhavar Sandhai ),Coriander(Leaves),I Sort,Local,6000,6000,6000,14/04/2026
Tamil Nadu,Thiruvannamalai,Polur(Uzhavar Sandhai ),Coriander(Leaves),I Sort,Local,4500,5000,4750,14/04/2026
Tamil Nadu,Thiruvannamalai,Chengam(Uzhavar Sandhai ),Coriander(Leaves),I Sort,Local,3300,4000,3650,14/04/2026
Tamil Nadu,Thiruchirappalli,KKNagar(Uzhavar Sandhai ),Coriander(Leaves),I Sort,Local,4000,4000,4000,14/04/2026
Tamil Nadu,Thiruchirappalli,Manapparai(Uzhavar Sandhai ),Coriander(Leaves),I Sort,Local,4000,4000,4000,14/04/2026
Tamil Nadu,Chengalpattu,Madhuranthagam(Uzhavar Sandhai ),Coriander(Leaves),I Sort,Local,4000,4000,4000,14/04/2026
Tamil Nadu,Thirupur,Tiruppur (South) (Uzhavar Sandhai ),Coriander(Leaves),I Sort,Local,4500,5000,4750,14/04/2026
Tamil Nadu,Coimbatore,Vadavalli(Uzhavar Sandhai ),Coriander(Leaves),I Sort,Local,6000,6500,6250,14/04/2026
Tamil Nadu,Erode,Gobichettipalayam(Uzhavar Sandhai ),Coriander(Leaves),I Sort,Local,4400,4600,4500,14/04/2026
Tamil Nadu,Erode,Sathiyamagalam(Uzhavar Sandhai ),Coriander(Leaves),I Sort,Local,4000,4500,4250,14/04/2026
Tamil Nadu,Ariyalur,Ariyalur(Uzhavar Sandhai),Coriander(Leaves),I Sort,Local,4000,4500,4250,14/04/2026
Tamil Nadu,Ariyalur,Jeyankondam (Uzhavar Sandhai ),Coriander(Leaves),I Sort,Local,4000,4500,4250,14/04/2026
Tamil Nadu,Coimbatore,Kurichi(Uzhavar Sandhai ),Coriander(Leaves),I Sort,Local,5000,6000,5500,14/04/2026
Tamil Nadu,Pudukkottai,Pudukottai(Uzhavar Sandhai ),Coriander(Leaves),I Sort,Local,4000,5000,4500,14/04/2026
Tamil Nadu,Thiruvarur,Muthupettai(Uzhavar Sandhai ),Coriander(Leaves),I Sort,Local,4000,4000,4000,14/04/2026
Tamil Nadu,Kallakuruchi,Sankarapuram(Uzhavar Sandhai ),Coriander(Leaves),I Sort,Local,4000,4000,4000,14/04/2026
Tamil Nadu,Vellore,Vellore APMC,Coriander(Leaves),I Sort,Local,4500,4500,4500,14/04/2026
Tamil Nadu,Salem,Ammapet(Uzhavar Sandhai ),Coriander(Leaves),I Sort,Local,4400,4400,4400,14/04/2026
Tamil Nadu,Salem,Athur(Uzhavar Sandhai ),Coriander(Leaves),I Sort,Local,3000,3500,3250,14/04/2026
Tamil Nadu,Dharmapuri,Harur(Uzhavar Sandhai ),Coriander(Leaves),I Sort,Local,3500,4000,3750,14/04/2026
Tamil Nadu,Coimbatore,Udumalpet APMC,Coriander(Leaves),I Sort,Local,6000,7000,6500,14/04/2026
Tamil Nadu,Vellore,Pallikonda(Uzhavar Sandhai),Coriander(Leaves),I Sort,Local,4500,4500,4500,14/04/2026
Tamil Nadu,Erode,Periyar Nagar(Uzhavar Sandhai ),Coriander(Leaves),I Sort,Local,3500,4000,3750,14/04/2026
Tamil Nadu,Kancheepuram,Sunguvarchatram(Uzhavar Sandhai ),Coriander(Leaves),I Sort,Local,3000,3500,3250,14/04/2026
Tamil Nadu,Madurai,Anna nagar(Uzhavar Sandhai ),Coriander(Leaves),I Sort,Local,6000,6500,6250,14/04/2026
Tamil Nadu,Madurai,Chokkikulam(Uzhavar Sandhai ),Coriander(Leaves),I Sort,Local,5000,6500,5750,14/04/2026
Tamil Nadu,Madurai,Anaiyur(Uzhavar Sandhai ),Coriander(Leaves),I Sort,Local,5000,6500,5750,14/04/2026
Tamil Nadu,Namakkal,Namakkal(Uzhavar Sandhai ),Coriander(Leaves),I Sort,Local,10000,11000,10500,14/04/2026
Tamil Nadu,Salem,Sooramangalam(Uzhavar Sandhai ),Coriander(Leaves),I Sort,Local,3800,4000,3900,14/04/2026
Tamil Nadu,Salem,Elampillai(Uzhavar Sandhai ),Coriander(Leaves),I Sort,Local,3500,4000,3750,14/04/2026
Tamil Nadu,Salem,Edapadi (Uzhavar Sandhai ),Coriander(Leaves),I Sort,Local,2500,3000,2750,14/04/2026
Tamil Nadu,Theni,Bodinayakanur(Uzhavar Sandhai ),Coriander(Leaves),I Sort,Local,4800,4800,4800,14/04/2026
Tamil Nadu,Thirunelveli,Palayamkottai(Uzhavar Sandhai ),Coriander(Leaves),I Sort,Local,5200,5600,5400,14/04/2026
Tamil Nadu,Thirunelveli,Melapalayam(Uzhavar Sandhai ),Coriander(Leaves),I Sort,Local,5000,5600,5300,14/04/2026
Tamil Nadu,Thiruvannamalai,Tamarainagar(Uzhavar Sandhai ),Coriander(Leaves),I Sort,Local,5000,6000,5500,14/04/2026
Tamil Nadu,Thiruchirappalli,Musiri(Uzhavar Sandhai ),Coriander(Leaves),I Sort,Local,3000,3600,3300,14/04/2026
Tamil Nadu,Thiruchirappalli,Lalgudi(Uzhavar Sandhai ),Coriander(Leaves),I Sort,Local,4000,4000,4000,14/04/2026
Tamil Nadu,Vellore,Gudiyatham(Uzhavar Sandhai ),Coriander(Leaves),I Sort,Local,4000,4000,4000,14/04/2026
Tamil Nadu,Vellore,Kahithapattarai(Uzhavar Sandhai ),Coriander(Leaves),I Sort,Local,4000,4000,4000,14/04/2026
Tamil Nadu,Virudhunagar,Aruppukottai(Uzhavar Sandhai ),Coriander(Leaves),I Sort,Local,4000,5000,4500,14/04/2026
Tamil Nadu,Chengalpattu,Chengalpet(Uzhavar Sandhai ),Coriander(Leaves),I Sort,Local,5000,6000,5500,14/04/2026
Tamil Nadu,Thirupur,Tiruppur (North) (Uzhavar Sandhai ),Coriander(Leaves),I Sort,Local,3500,4000,3750,14/04/2026
Tamil Nadu,Coimbatore,Mettupalayam(Uzhavar Sandhai ),Coriander(Leaves),I Sort,Local,6000,7000,6500,14/04/2026
Tamil Nadu,Karur,Karur(Uzhavar Sandhai ),Coriander(Leaves),I Sort,Local,5500,6000,5750,14/04/2026
Tamil Nadu,Thiruvarur,Needamangalam(Uzhavar Sandhai ),Coriander(Leaves),I Sort,Local,4500,4500,4500,14/04/2026
Tamil Nadu,Kallakuruchi,Kallakurichi(Uzhavar Sandhai ),Coriander(Leaves),I Sort,Local,4000,4000,4000,14/04/2026
Tamil Nadu,Tenkasi,Sankarankoil(Uzhavar Sandhai ),Coriander(Leaves),I Sort,Local,5000,5000,5000,14/04/2026
Tamil Nadu,Tuticorin,Tuticorin(Uzhavar Sandhai ),Coriander(Leaves),I Sort,Local,6000,7000,6500,14/04/2026
Tamil Nadu,The Nilgiris,Gudalur(Uzhavar Sandhai ),Coriander(Leaves),I Sort,Local,6000,7000,6500,14/04/2026
Tamil Nadu,Theni,Andipatti(Uzhavar Sandhai ),Coriander(Leaves),I Sort,Local,4600,4800,4700,14/04/2026
Tamil Nadu,Villupuram,Ulundurpettai APMC,Coriander(Leaves),I Sort,Local,6000,6000,6000,14/04/2026
Tamil Nadu,Vellore,Perampet(Uzhavar Sandhai),Coriander(Leaves),I Sort,Local,4000,4000,4000,14/04/2026
Tamil Nadu,Pudukkottai,Gandarvakottai(Uzhavar Sandhai ),Coriander(Leaves),I Sort,Local,5000,6000,5500,14/04/2026
Tamil Nadu,Namakkal,Paramathivelur(Uzhavar Sandhai ),Coriander(Leaves),I Sort,Local,9000,10000,9500,14/04/2026
Tamil Nadu,Salem,Thammampatti (Uzhavar Sandhai ),Coriander(Leaves),I Sort,Local,2500,3000,2750,14/04/2026
Tamil Nadu,Vellore,Katpadi (Uzhavar Sandhai ),Coriander(Leaves),I Sort,Local,4500,4500,4500,14/04/2026
Tamil Nadu,Cuddalore,Viruthachalam(Uzhavar Sandhai ),Coriander(Leaves),I Sort,Local,4000,4000,4000,14/04/2026
Tamil Nadu,Dindigul,Chinnalapatti(Uzhavar Sandhai ),Coriander(Leaves),I Sort,Local,3500,4000,3750,14/04/2026
Tamil Nadu,Erode,Perundurai(Uzhavar Sandhai ),Coriander(Leaves),I Sort,Local,4400,4600,4500,14/04/2026
Tamil Nadu,Kancheepuram,Padappai(Uzhavar Sandhai ),Coriander(Leaves),I Sort,Local,2500,4000,3250,14/04/2026
Tamil Nadu,Kancheepuram,Kundrathur(Uzhavar Sandhai ),Coriander(Leaves),I Sort,Local,5000,5000,5000,14/04/2026
Tamil Nadu,Madurai,Melur(Uzhavar Sandhai ),Coriander(Leaves),I Sort,Local,5000,6500,5750,14/04/2026
Tamil Nadu,Namakkal,Mohanur(Uzhavar Sandhai ),Coriander(Leaves),I Sort,Local,5000,6000,5500,14/04/2026
Tamil Nadu,Perambalur,Perambalur(Uzhavar Sandhai ),Coriander(Leaves),I Sort,Local,4000,4000,4000,14/04/2026
Tamil Nadu,Pudukkottai,Viralimalai(Uzhavar Sandhai ),Coriander(Leaves),I Sort,Local,4200,5000,4600,14/04/2026
Tamil Nadu,Sivaganga,Karaikudi(Uzhavar Sandhai ),Coriander(Leaves),I Sort,Local,5400,6800,6100,14/04/2026
Tamil Nadu,Sivaganga,Singampunari(Uzhavar Sandhai ),Coriander(Leaves),I Sort,Local,5500,7000,6250,14/04/2026
Tamil Nadu,Theni,Chinnamanur(Uzhavar Sandhai ),Coriander(Leaves),I Sort,Local,4800,4800,4800,14/04/2026
Tamil Nadu,Thirunelveli,Kandiyaperi(Uzhavar Sandhai ),Coriander(Leaves),I Sort,Local,5000,5600,5300,14/04/2026
Tamil Nadu,Thirunelveli,NGO Colony(Uzhavar Sandhai ),Coriander(Leaves),I Sort,Local,5000,5600,5300,14/04/2026
Tamil Nadu,Tuticorin,Kovilpatti(Uzhavar Sandhai ),Coriander(Leaves),I Sort,Local,5000,5500,5250,14/04/2026
Tamil Nadu,Thiruvannamalai,Tiruvannamalai(Uzhavar Sandhai ),Coriander(Leaves),I Sort,Local,4000,5000,4500,14/04/2026
Tamil Nadu,Thiruvannamalai,Arani(Uzhavar Sandhai ),Coriander(Leaves),I Sort,Local,4000,5000,4500,14/04/2026
Tamil Nadu,Thiruvannamalai,Keelpennathur(Uzhavar Sandhai ),Coriander(Leaves),I Sort,Local,5000,6000,5500,14/04/2026
Tamil Nadu,Virudhunagar,Sivakasi(Uzhavar Sandhai ),Coriander(Leaves),I Sort,Local,4000,5000,4500,14/04/2026
Tamil Nadu,Virudhunagar,Sathur(Uzhavar Sandhai ),Coriander(Leaves),I Sort,Local,4500,5000,4750,14/04/2026
Tamil Nadu,Virudhunagar,Kariyapatti(Uzhavar Sandhai ),Coriander(Leaves),I Sort,Local,4500,5000,4750,14/04/2026
Tamil Nadu,Virudhunagar,Thalavaipuram(Uzhavar Sandhai ),Coriander(Leaves),I Sort,Local,5000,6000,5500,14/04/2026
Tamil Nadu,Coimbatore,RSPuram(Uzhavar Sandhai ),Coriander(Leaves),I Sort,Local,6000,6500,6250,14/04/2026
Tamil Nadu,Coimbatore,Pollachi(Uzhavar Sandhai ),Coriander(Leaves),I Sort,Local,5000,6000,5500,14/04/2026
Tamil Nadu,Ranipet,Arcot(Uzhavar Sandhai ),Coriander(Leaves),I Sort,Local,4500,4500,4500,14/04/2026
Tamil Nadu,Nagercoil (Kannyiakumari),Vadaseri APMC,Coriander(Leaves),I Sort,Local,6000,6500,6250,14/04/2026
Tamil Nadu,Pudukkottai,Karambakkudi(Uzhavar Sandhai ),Coriander(Leaves),I Sort,Local,5000,6000,5500,14/04/2026
Tamil Nadu,Krishnagiri,Kaveripattinam(Uzhavar Sandhai ),Coriander(Leaves),I Sort,Local,4000,4000,4000,14/04/2026
Tamil Nadu,The Nilgiris,Coonoor(Uzhavar Sandhai ),Coriander(Leaves),I Sort,Local,6500,7000,6750,14/04/2026
Madhya Pradesh,Guna,Binaganj APMC,Coriander(Leaves),Coriander,FAQ,13150,13150,13150,14/04/2026
Madhya Pradesh,Guna,Guna APMC,Coriander(Leaves),Coriander,FAQ,7400,7400,7400,14/04/2026
Madhya Pradesh,Mandsaur,Garoth APMC,Coriander(Leaves),Coriander,Non-FAQ,10305,10305,10305,14/04/2026
Maharashtra,Pune,Pune(Moshi) APMC,Coriander(Leaves),Other,Local,10,12,11,14/04/2026
Maharashtra,Nagpur,Hingna APMC,Coriander(Leaves),Other,Local,1000,6000,3542,14/04/2026
Maharashtra,Pune,Khed(Chakan) APMC,Coriander(Leaves),Other,Local,1000,1500,1200,14/04/2026
Maharashtra,Pune,Pune(Khadiki) APMC,Coriander(Leaves),Other,Local,4,6,5,14/04/2026
Maharashtra,Satara,Vaduj APMC,Coriander(Leaves),Other,Local,10,12,11,14/04/2026
Maharashtra,Chattrapati Sambhajinagar,Chattrapati Sambhajinagar APMC,Coriander(Leaves),Other,Local,700,1250,975,14/04/2026
Maharashtra,Kolhapur,Kolhapur APMC,Coriander(Leaves),Other,Local,1500,3500,2500,14/04/2026
Maharashtra,Mumbai,Mumbai APMC,Coriander(Leaves),Other,Local,800,1200,1000,14/04/2026
Maharashtra,Nagpur,Ramtek APMC,Coriander(Leaves),Other,Local,1000,2000,1500,14/04/2026
Maharashtra,Pune,Pune APMC,Coriander(Leaves),Other,Local,6,12,9,14/04/2026
Maharashtra,Pune,Pune(Pimpri) APMC,Coriander(Leaves),Other,Local,7,10,9,14/04/2026
Maharashtra,Jalgaon,Bhusaval APMC,Coriander(Leaves),Other,Local,2000,2500,2200,14/04/2026
Maharashtra,Pune,Khed APMC,Coriander(Leaves),Other,Local,400,1500,1000,14/04/2026
Maharashtra,Ahmednagar,Rahata APMC,Coriander(Leaves),Other,Local,5,25,15,14/04/2026
Rajasthan,Ganganagar,Sriganganagar (F&V) APMC,Coriander(Leaves),Coriander,Medium,1200,1600,1400,14/04/2026
Rajasthan,Jalore,Jalore APMC,Coriander(Leaves),Coriander,Local,1500,1700,1600,14/04/2026
Rajasthan,Dungarpur,Dungarpur APMC,Coriander(Leaves),Coriander,Medium,2500,3000,2800,14/04/2026
Gujarat,Amreli,Damnagar APMC,Coriander(Leaves),Coriander,Local,3000,3000,3000,14/04/2026
Gujarat,Rajkot,Rajkot(Veg.Sub Yard) APMC,Coriander(Leaves),Coriander,FAQ,915,1515,1215,14/04/2026
Gujarat,Porbandar,Porbandar APMC,Coriander(Leaves),Coriander,Local,1500,2500,2000,14/04/2026
Haryana,Ambala,Naraingarh APMC,Coriander(Leaves),Coriander,Medium,1000,2000,1500,14/04/2026
Haryana,Sonipat,Ganaur APMC,Coriander(Leaves),Coriander,Medium,1000,1200,1000,14/04/2026
Haryana,Mahendragarh-Narnaul,Narnaul APMC,Coriander(Leaves),Coriander,Medium,1500,2500,2000,14/04/2026
Haryana,Mahendragarh-Narnaul,Mohindergarh APMC,Coriander(Leaves),Coriander,FAQ,2000,2000,2000,14/04/2026
Haryana,Kurukshetra,Thanesar APMC,Coriander(Leaves),Coriander,Medium,1000,2000,1500,14/04/2026
Punjab,Ludhiana,Ludhiana APMC,Coriander(Leaves),Other,FAQ,800,1500,1200,14/04/2026
Punjab,Nawanshahr,Nawan Shahar(Subzi Mandi) APMC,Coriander(Leaves),Coriander,FAQ,4000,4500,4300,14/04/2026
Punjab,Jalandhar,Phillaur(Apra Mandi) APMC,Coriander(Leaves),Other,FAQ,1000,1000,1000,14/04/2026
Punjab,Patiala,Patiala APMC,Coriander(Leaves),Other,Grade A,1000,1800,1500,14/04/2026
Punjab,Gurdaspur,Quadian APMC,Coriander(Leaves),Other,Grade A,1800,1950,1900,14/04/2026
Punjab,Fatehgarh,Bassi Pathana APMC,Coriander(Leaves),Coriander,Medium,2000,2200,2100,14/04/2026
Kerala,Idukki,Munnar APMC,Coriander(Leaves),Coriander,Medium,7000,7000,7000,14/04/2026
Kerala,Malappuram,Parappanangadi APMC,Coriander(Leaves),Coriander,FAQ,6200,6400,6300,14/04/2026
Himachal Pradesh,Kangra,SMY Palampur,Coriander(Leaves),Coriander,FAQ,4500,5000,4800,14/04/2026
Himachal Pradesh,Chamba,PMY Chamba,Coriander(Leaves),Other,Medium,4000,5000,4500,14/04/2026
Tamil Nadu,Madurai,Anna nagar(Uzhavar Sandhai ),Soyabean,Local,Local,10000,11000,10500,14/04/2026
Tamil Nadu,Madurai,Anaiyur(Uzhavar Sandhai ),Soyabean,Local,Local,9000,11000,10000,14/04/2026
Tamil Nadu,Ramanathapuram,Paramakudi(Uzhavar Sandhai ),Soyabean,Local,Local,9000,10000,9500,14/04/2026
Tamil Nadu,Ramanathapuram,Ramanathapuram(Uzhavar Sandhai ),Soyabean,Local,Local,8500,9000,8750,14/04/2026
Tamil Nadu,Madurai,Chokkikulam(Uzhavar Sandhai ),Soyabean,Local,Local,9000,11000,10000,14/04/2026
Tamil Nadu,Madurai,Palanganatham(Uzhavar Sandhai ),Soyabean,Local,Local,9000,11000,10000,14/04/2026
Tamil Nadu,Theni,Chinnamanur(Uzhavar Sandhai ),Soyabean,Local,Local,10000,10000,10000,14/04/2026
Tamil Nadu,Sivaganga,Sivagangai (Uzhavar Sandhai ),Soyabean,Local,Local,9000,11000,10000,14/04/2026
Tamil Nadu,Theni,Theni(Uzhavar Sandhai ),Soyabean,Local,Local,9500,9500,9500,14/04/2026
Tamil Nadu,Theni,Andipatti(Uzhavar Sandhai ),Soyabean,Local,Local,9000,9500,9250,14/04/2026
Madhya Pradesh,Badwani,Sendhwa APMC,Soyabean,Soyabeen,FAQ,4805,4805,4805,14/04/2026
Madhya Pradesh,Sagar,Shahagarh APMC,Soyabean,Soyabeen,FAQ,5400,5500,5500,14/04/2026
Madhya Pradesh,Chhindwara,Pandhurna APMC,Soyabean,Soyabeen,Non-FAQ,5000,5525,5525,14/04/2026
Madhya Pradesh,Khandwa,Khandwa APMC,Soyabean,Soyabeen,Non-FAQ,5251,5251,5251,14/04/2026
Madhya Pradesh,Alirajpur,Alirajpur APMC,Soyabean,Soyabeen,FAQ,5000,5000,5000,14/04/2026
Madhya Pradesh,Shajapur,Shajapur APMC,Soyabean,Soyabeen,FAQ,5400,5500,5500,14/04/2026
Madhya Pradesh,Sagar,Shahagarh APMC,Soyabean,Soyabeen,Non-FAQ,5325,5560,5560,14/04/2026
Madhya Pradesh,Chhindwara,Chhindwara APMC,Soyabean,Soyabeen,Non-FAQ,5500,5500,5500,14/04/2026
Madhya Pradesh,Betul,Betul APMC,Soyabean,Yellow,Non-FAQ,4521,4950,4950,14/04/2026
Madhya Pradesh,Khandwa,Khandwa APMC,Soyabean,Soyabeen,FAQ,5000,5425,5000,14/04/2026
Madhya Pradesh,Dhar,Rajgarh APMC,Soyabean,Soyabeen,Non-FAQ,5210,5210,5210,14/04/2026
Madhya Pradesh,Shehdol,Shahdol APMC,Soyabean,Soyabeen,Non-FAQ,5000,5000,5000,14/04/2026
Madhya Pradesh,Indore,Indore APMC,Soyabean,Soyabeen,FAQ,4235,4248,4248,14/04/2026
Madhya Pradesh,Neemuch,Neemuch APMC,Soyabean,Soyabeen,FAQ,5725,5725,5725,14/04/2026
Madhya Pradesh,Chhatarpur,Chhatarpur APMC,Soyabean,Soyabeen,Non-FAQ,5315,5405,5400,14/04/2026
Madhya Pradesh,Chhatarpur,Badamalhera APMC,Soyabean,Soyabeen,FAQ,4450,4500,4500,14/04/2026
Madhya Pradesh,Dhar,Rajgarh APMC,Soyabean,Yellow,FAQ,4799,5050,4799,14/04/2026
Madhya Pradesh,Tikamgarh,Khargapur APMC,Soyabean,Soyabeen,FAQ,5000,5200,5200,14/04/2026
Madhya Pradesh,Sagar,Banda APMC,Soyabean,Soyabeen,Non-FAQ,5200,5250,5200,14/04/2026
Madhya Pradesh,Dhar,Gandhwani APMC,Soyabean,Soyabeen,FAQ,5250,5365,5365,14/04/2026
Madhya Pradesh,Badwani,Anjad APMC,Soyabean,Yellow,FAQ,4710,4800,4710,14/04/2026
Madhya Pradesh,Khandwa,Pandhana APMC,Soyabean,Yellow,FAQ,5190,5435,5435,14/04/2026
Madhya Pradesh,Ujjain,Badnagar APMC,Soyabean,Yellow,FAQ,3299,3500,3400,14/04/2026
Madhya Pradesh,Chhatarpur,Bijawar APMC,Soyabean,Yellow,FAQ,4900,5100,5100,14/04/2026
Madhya Pradesh,Indore,Indore APMC,Soyabean,Yellow,FAQ,4000,4000,4000,14/04/2026
Madhya Pradesh,Khargone,Khargone APMC,Soyabean,Soyabeen,FAQ,4430,4500,4500,14/04/2026
Madhya Pradesh,Mandsaur,Garoth APMC,Soyabean,Soyabeen,Non-FAQ,4740,5190,5190,14/04/2026
Madhya Pradesh,Mandsaur,Daloda APMC,Soyabean,Soyabeen,FAQ,5250,5350,5300,14/04/2026
Maharashtra,Amarawati,Varud APMC,Soyabean,Yellow,Non-FAQ,4880,4990,4926,14/04/2026
Maharashtra,Pune,Baramati APMC,Soyabean,Yellow,Non-FAQ,5090,5320,5300,14/04/2026
Maharashtra,Yavatmal,Umarkhed APMC,Soyabean,Yellow,Non-FAQ,4900,5100,5000,14/04/2026
Maharashtra,Pune,Baramati APMC,Soyabean,Yellow,FAQ,5350,5401,5400,14/04/2026
Rajasthan,Bundi,Dei APMC,Soyabean,Other,Local,4700,5500,5400,14/04/2026
Rajasthan,Jhalawar,Khanpur APMC,Soyabean,Soyabeen,FAQ,4000,5525,5301,14/04/2026
Gujarat,Rajkot,Rajkot APMC,Soyabean,Soyabeen,FAQ,4000,5300,4750,14/04/2026
Gujarat,Sabarkantha,APMCKHEDBRAHMA,Soyabean,Other,Local,5100,5300,5200,14/04/2026
Gujarat,Junagarh,Visavadar APMC,Soyabean,Black,FAQ,4875,5205,5040,14/04/2026
Gujarat,Junagarh,Junagadh APMC,Soyabean,Soyabeen,FAQ,4750,5440,5250,14/04/2026
Gujarat,Rajkot,Dhoraji APMC,Soyabean,Yellow,Non-FAQ,4755,5160,5105,14/04/2026
Gujarat,Jamnagar,Jam Jodhpur APMC,Soyabean,Soyabeen,Local,5000,5335,5225,14/04/2026
Gujarat,Gir Somnath,Veraval APMC,Soyabean,Other,FAQ,4935,5355,5200,14/04/2026
Gujarat,Rajkot,Jasdan APMC,Soyabean,Soyabeen,FAQ,4000,5000,4750,14/04/2026
Madhya Pradesh,Panna,Panna APMC,Mustard,Mustard,FAQ,6200,6400,6200,14/04/2026
Madhya Pradesh,Katni,Katni APMC,Mustard,Sarson(Black),Non-FAQ,6000,6000,6000,14/04/2026
Madhya Pradesh,Bhind,Lahar APMC,Mustard,Mustard,FAQ,6401,6669,6669,14/04/2026
Madhya Pradesh,Chhatarpur,LavKush Nagar(Laundi) APMC,Mustard,Mustard,Non-FAQ,6250,6300,6250,14/04/2026
Madhya Pradesh,Chhatarpur,LavKush Nagar(Laundi) APMC,Mustard,Mustard,FAQ,6225,6400,6400,14/04/2026
Madhya Pradesh,Bhind,Gohad APMC,Mustard,Mustard,FAQ,6350,6805,6730,14/04/2026
Madhya Pradesh,Rajgarh,Jeerapur APMC,Mustard,Mustard,FAQ,6220,6390,6355,14/04/2026
Madhya Pradesh,Damoh,Javera APMC,Mustard,Mustard,Non-FAQ,6310,6310,6310,14/04/2026
Madhya Pradesh,Ashoknagar,Mungawali APMC,Mustard,Mustard,Non-FAQ,6100,6100,6100,14/04/2026
Madhya Pradesh,Dewas,Kannod APMC,Mustard,Mustard,Non-FAQ,5950,6000,6000,14/04/2026
Madhya Pradesh,Shivpuri,Pohari APMC,Mustard,Mustard,Non-FAQ,6700,6700,6700,14/04/2026
Madhya Pradesh,Seoni,Seoni APMC,Mustard,Mustard,Non-FAQ,6400,6400,6400,14/04/2026
Madhya Pradesh,Shivpuri,Karera APMC,Mustard,Mustard,FAQ,6300,6350,6300,14/04/2026
Madhya Pradesh,Bhind,Alampur APMC,Mustard,Sarson(Black),Non-FAQ,6600,6600,6600,14/04/2026
Madhya Pradesh,Sheopur,Sheopurkalan APMC,Mustard,Mustard,FAQ,6650,6661,6651,14/04/2026
Madhya Pradesh,Chhatarpur,LavKush Nagar(Laundi) APMC,Mustard,Sarson(Black),FAQ,6295,6330,6305,14/04/2026
Madhya Pradesh,Chhatarpur,Bijawar APMC,Mustard,Mustard,FAQ,6200,6250,6220,14/04/2026
Madhya Pradesh,Satna,Satna APMC,Mustard,Mustard,FAQ,6410,6705,6600,14/04/2026
Madhya Pradesh,Morena,Kailaras APMC,Mustard,Mustard,FAQ,6410,6776,6776,14/04/2026
Madhya Pradesh,Chhatarpur,Chhatarpur APMC,Mustard,Mustard,FAQ,6380,6395,6395,14/04/2026
Madhya Pradesh,Datia,Sevda APMC,Mustard,Mustard,Non-FAQ,6615,6805,6700,14/04/2026
Madhya Pradesh,Shivpuri,Pohari APMC,Mustard,Sarson(Black),FAQ,6550,6550,6550,14/04/2026
Madhya Pradesh,Sheopur,Vijaypur APMC,Mustard,Mustard,FAQ,6580,6675,6675,14/04/2026
Madhya Pradesh,Sheopur,Vijaypur APMC,Mustard,Mustard,Non-FAQ,6625,6735,6650,14/04/2026
Madhya Pradesh,Seoni,Seoni APMC,Mustard,Sarson(Black),Non-FAQ,6350,6350,6350,14/04/2026
Madhya Pradesh,Rewa,Hanumana APMC,Mustard,Mustard,FAQ,6250,6300,6250,14/04/2026
Madhya Pradesh,Jabalpur,Shahpura(Jabalpur) APMC,Mustard,Sarson(Black),FAQ,6200,6220,6215,14/04/2026
Madhya Pradesh,Bhind,Mow APMC,Mustard,Mustard,FAQ,6305,6770,6770,14/04/2026
Madhya Pradesh,Vidisha,Ganjbasoda APMC,Mustard,Mustard,FAQ,6300,6370,6350,14/04/2026
Madhya Pradesh,Katni,Katni APMC,Mustard,Mustard,FAQ,6490,6500,6500,14/04/2026
Madhya Pradesh,Bhind,Mehgaon APMC,Mustard,Mustard,FAQ,6605,6750,6700,14/04/2026
Madhya Pradesh,Morena,Sabalgarh APMC,Mustard,Mustard,Non-FAQ,6250,6710,6670,14/04/2026
Uttar Pradesh,Hamirpur,Bharuasumerpur APMC,Mustard,Other,FAQ,6500,6500,6500,14/04/2026
Uttar Pradesh,Hamirpur,Maudaha APMC,Mustard,Other,FAQ,6400,6400,6400,14/04/2026
Uttar Pradesh,Amroha,Hasanpur APMC,Mustard,Other,FAQ,6000,6050,6013.13,14/04/2026
Uttar Pradesh,Balrampur,Balrampur APMC,Mustard,Other,FAQ,5500,5500,5500,14/04/2026
Uttar Pradesh,Hamirpur,Kurara APMC,Mustard,Other,FAQ,6000,6000,6000,14/04/2026
Uttar Pradesh,Jhansi,Mauranipur APMC,Mustard,Other,FAQ,6200,6200,6200,14/04/2026
Uttar Pradesh,Hamirpur,Muskara APMC,Mustard,Other,FAQ,6300,6300,6300,14/04/2026
Uttar Pradesh,Kanpur Dehat,Rura APMC,Mustard,Lohi Black,FAQ,6000,6100,6050,14/04/2026
Uttar Pradesh,Ghaziabad,Ghaziabad APMC,Mustard,Other,FAQ,6300,6300,6300,14/04/2026
Uttar Pradesh,Bulandshahar,Gulavati APMC,Mustard,Other,FAQ,5600,5800,5723.2,14/04/2026
Uttar Pradesh,Agra,Achnera APMC,Mustard,Other,FAQ,6025,6025,6025,14/04/2026
Uttar Pradesh,Aligarh,Charra APMC,Mustard,Sarson(Black),FAQ,6200,6400,6300,14/04/2026
Uttar Pradesh,Agra,Jarar APMC,Mustard,Other,FAQ,6000,6000,6000,14/04/2026
Uttar Pradesh,Sitapur,Sitapur APMC,Mustard,Other,FAQ,6000,6010,6004.74,14/04/2026
Uttar Pradesh,Lucknow,Banthara APMC,Mustard,Other,FAQ,6200,6200,6200,14/04/2026
Uttar Pradesh,Sitapur,Viswan APMC,Mustard,Other,FAQ,5400,5400,5400,14/04/2026
Uttar Pradesh,Gonda,Nawabganj APMC,Mustard,Other,FAQ,5700,5700,5700,14/04/2026
Uttar Pradesh,Barabanki,Safdarganj APMC,Mustard,Other,FAQ,5300,5700,5455.17,14/04/2026
Uttar Pradesh,Kanpur,Kanpur(Grain) APMC,Mustard,Other,FAQ,5400,5400,5400,14/04/2026
Uttar Pradesh,Jalaun (Orai),Madhogarh APMC,Mustard,Other,FAQ,6500,6500,6500,14/04/2026
Uttar Pradesh,Chitrakut,Karvi APMC,Mustard,Other,FAQ,6350,6550,6436.94,14/04/2026
Uttar Pradesh,Jalaun (Orai),Jalaun APMC,Mustard,Other,FAQ,6000,6000,6000,14/04/2026
Uttar Pradesh,Jhansi,Jhansi APMC,Mustard,Other,FAQ,5300,5300,5300,14/04/2026
Uttar Pradesh,Hardoi,Madhoganj APMC,Mustard,Other,FAQ,6000,6000,6000,14/04/2026
Uttar Pradesh,Bulandshahar,Siyana APMC,Mustard,Other,FAQ,6000,6000,6000,14/04/2026
Uttar Pradesh,Lakhimpur,Lakhimpur APMC,Mustard,Other,FAQ,6000,6600,6247.59,14/04/2026
Uttar Pradesh,Chitrakut,Mau(Chitrakut) APMC,Mustard,Other,FAQ,6021,6051,6031.29,14/04/2026
Rajasthan,Ganganagar,Raisingh Nagar APMC,Mustard,Other,Non-FAQ,6003,6577,6335,14/04/2026
Rajasthan,Udaipur,Fatehnagar APMC,Mustard,Mustard,FAQ,6351,6590,6486,14/04/2026
Rajasthan,Beawar,Jaitaran APMC,Mustard,Other,Grade Range-2,6000,6300,6150,14/04/2026
Rajasthan,Baran,Samraniyan APMC,Mustard,Other,Local,6326,6350,6340,14/04/2026
Rajasthan,Ganganagar,Padampur APMC,Mustard,Other,FAQ,5850,6507,6335,14/04/2026
Rajasthan,Pali,Rani APMC,Mustard,Mustard,Local,6466,6466,6466,14/04/2026
Rajasthan,Jhalawar,Choumahla APMC,Mustard,Other,Non-FAQ,6200,6300,6250,14/04/2026
Rajasthan,Baran,Baran APMC,Mustard,Other,Local,6000,7011,6605,14/04/2026
Rajasthan,Jhunjhunu,Surajgarh APMC,Mustard,Other,FAQ,6230,6230,6230,14/04/2026
Rajasthan,Tonk,Uniyara APMC,Mustard,Other,FAQ,6137,6531,6334,14/04/2026
Rajasthan,Bundi,Dei APMC,Mustard,Other,Local,6000,7001,6650,14/04/2026
Rajasthan,Kota,Khatauli APMC,Mustard,Mustard,Local,6470,6750,6550,14/04/2026
Rajasthan,Nagaur,Nagaur APMC,Mustard,Other,FAQ,6400,6400,6400,14/04/2026
Rajasthan,Jhalawar,Khanpur APMC,Mustard,Mustard,FAQ,6201,6763,6575,14/04/2026
Rajasthan,Kota,Manohararthana APMC,Mustard,Mustard,Non-FAQ,6000,6160,6080,14/04/2026
Rajasthan,Tonk,Dooni APMC,Mustard,Big 100 Kg,Local,6200,6800,6500,14/04/2026
Gujarat,Jamnagar,Jamnagar APMC,Mustard,Other,Local,5250,6175,5975,14/04/2026
Gujarat,Morbi,APMC HALVAD,Mustard,Rai UP,Local,6050,7560,7250,14/04/2026
Gujarat,Banaskanth,Lakhani APMC,Mustard,Mustard,Local,6235,6235,6235,14/04/2026
Gujarat,Junagarh,Visavadar APMC,Mustard,Mustard,FAQ,4750,5500,5125,14/04/2026
Gujarat,Devbhumi Dwarka,Jam Khambalia APMC,Mustard,Other,Local,5500,5805,5650,14/04/2026
Gujarat,Rajkot,Jasdan APMC,Mustard,Mustard,FAQ,4500,6500,5500,14/04/2026
Gujarat,Morbi,APMC HALVAD,Mustard,Mustard,Local,5690,6105,5750,14/04/2026
Gujarat,Banaskanth,Deesa APMC,Mustard,Other,FAQ,5960,6750,6325,14/04/2026
Gujarat,Gir Somnath,Veraval APMC,Mustard,Mustard,FAQ,5655,6005,5855,14/04/2026
Gujarat,Banaskanth,Bhabhar APMC,Mustard,Mustard,FAQ,6250,6460,6355,14/04/2026
Gujarat,Banaskanth,Diyodar APMC,Mustard,Mustard,FAQ,6100,6550,6327,14/04/2026
Gujarat,Rajkot,Rajkot APMC,Mustard,Mustard,FAQ,5500,6150,5800,14/04/2026
Gujarat,Jamnagar,Jam Jodhpur APMC,Mustard,Other,Local,5500,6075,5750,14/04/2026
Haryana,Kurukshetra,Babain APMC,Mustard,Mustard,Local,6200,6200,6200,14/04/2026
Haryana,Sirsa,Ellanabad APMC,Mustard,Mustard,FAQ,6032,6482,6235,14/04/2026
Haryana,Ambala,Barara APMC,Mustard,Big 100 Kg,FAQ,6200,6200,6200,14/04/2026
Haryana,Hissar,Hissar APMC,Mustard,Mustard,Local,5480,6750,6181,14/04/2026
Haryana,Bhiwani,Tosham APMC,Mustard,Mustard,FAQ,6200,6210,6210,14/04/2026
Haryana,Mahendragarh-Narnaul,Khanina APMC,Mustard,Mustard,FAQ,6210,6400,6400,14/04/2026
Haryana,Bhiwani,Loharu APMC,Mustard,Mustard,FAQ,6200,6300,6210,14/04/2026
Haryana,Sonipat,"New Grain Market , Sonipat APMC",Mustard,Other,FAQ,6000,6000,6000,14/04/2026
Punjab,Nawanshahr,Nawanshahar APMC,Mustard,Mustard,FAQ,6300,6450,6450,14/04/2026
West Bengal,Nadia,Karimpur APMC,Mustard,Yellow (Black),Grade Range-1,6600,6800,6700,14/04/2026
West Bengal,Purba Bardhaman,Katwa APMC,Mustard,Yellow (Black),FAQ,5800,5950,5900,14/04/2026
West Bengal,Birbhum,Rampurhat APMC,Mustard,Other,FAQ,7000,7200,7100,14/04/2026
West Bengal,Bankura,Bishnupur(Bankura) APMC,Mustard,Mustard,Non-FAQ,6000,6600,6200,14/04/2026
West Bengal,Bankura,Khatra APMC,Mustard,Mustard,Non-FAQ,6000,6700,6300,14/04/2026
West Bengal,Puruliya,Balarampur APMC,Mustard Oil,Other,FAQ,19200,19800,19600,14/04/2026
West Bengal,Purba Bardhaman,Katwa APMC,Mustard Oil,Other,FAQ,15060,15075,15070,14/04/2026
Assam,Kamrup,Sontoli APMC,Mustard,Mustard,FAQ,6125,6250,6200,14/04/2026
Assam,Kamrup,Fancy Bazaar APMC,Mustard Oil,Mustard Oil,FAQ,16000.0008,17666.66755,17666.66755,14/04/2026
Tamil Nadu,Dharmapuri,AJattihalli(Uzhavar Sandhai ),Groundnut,Big (With Shell),Local,6500,6500,6500,14/04/2026
Tamil Nadu,Namakkal,Rasipuram(Uzhavar Sandhai ),Groundnut,Big (With Shell),Local,6500,7000,6750,14/04/2026
Tamil Nadu,Perambalur,Perambalur(Uzhavar Sandhai ),Groundnut,Big (With Shell),Local,7000,8000,7500,14/04/2026
Tamil Nadu,Salem,Thathakapatti(Uzhavar Sandhai ),Groundnut,Big (With Shell),Local,7000,8000,7500,14/04/2026
Tamil Nadu,Salem,Jalagandapuram(Uzhavar Sandhai ),Groundnut,Big (With Shell),Local,6000,6500,6250,14/04/2026
Tamil Nadu,Thiruvannamalai,Tamarainagar(Uzhavar Sandhai ),Groundnut,Big (With Shell),Local,7000,8000,7500,14/04/2026
Tamil Nadu,Villupuram,Villupuram(Uzhavar Sandhai ),Groundnut,Big (With Shell),Local,9000,9000,9000,14/04/2026
Tamil Nadu,Chengalpattu,Pallavaram(Uzhavar Sandhai ),Groundnut,Big (With Shell),Local,7500,8000,7750,14/04/2026
Tamil Nadu,Chengalpattu,Jameenrayapettai(Uzhavar Sandhai ),Groundnut,Big (With Shell),Local,7500,8000,7750,14/04/2026
Tamil Nadu,Thirupathur,Vaniyampadi(Uzhavar Sandhai ),Groundnut,Big (With Shell),Local,6000,6000,6000,14/04/2026
Tamil Nadu,Dindigul,Dindigul(Uzhavar Sandhai ),Groundnut,Big (With Shell),Local,6000,7000,6500,14/04/2026
Tamil Nadu,Krishnagiri,Krishnagiri(Uzhavar Sandhai ),Groundnut,Big (With Shell),Local,6000,6500,6250,14/04/2026
Tamil Nadu,Madurai,Chokkikulam(Uzhavar Sandhai ),Groundnut,Big (With Shell),Local,6000,7000,6500,14/04/2026
Tamil Nadu,Salem,Sooramangalam(Uzhavar Sandhai ),Groundnut,Big (With Shell),Local,6000,7000,6500,14/04/2026
Tamil Nadu,Salem,Mettur(Uzhavar Sandhai ),Groundnut,Big (With Shell),Local,5000,6000,5500,14/04/2026
Tamil Nadu,Thanjavur,Thanjavur(Uzhavar Sandhai ),Groundnut,Big (With Shell),Local,7000,7000,7000,14/04/2026
Tamil Nadu,Thiruvannamalai,Tiruvannamalai(Uzhavar Sandhai ),Groundnut,Big (With Shell),Local,7000,8000,7500,14/04/2026
Tamil Nadu,Thiruvannamalai,Polur(Uzhavar Sandhai ),Groundnut,Big (With Shell),Local,5000,6000,5500,14/04/2026
Tamil Nadu,Thiruvannamalai,Chengam(Uzhavar Sandhai ),Groundnut,Big (With Shell),Local,6000,7000,6500,14/04/2026
Tamil Nadu,Coimbatore,Vadavalli(Uzhavar Sandhai ),Groundnut,Big (With Shell),Local,6400,6800,6600,14/04/2026
Tamil Nadu,Erode,Sampath Nagar(Uzhavar Sandhai ),Groundnut,Big (With Shell),Local,5600,6000,5800,14/04/2026
Tamil Nadu,Ranipet,Arcot(Uzhavar Sandhai ),Groundnut,Big (With Shell),Local,7000,8000,7500,14/04/2026
Tamil Nadu,Salem,Vazhapadi(Uzhavar Sandhai),Groundnut,Big (With Shell),Local,6000,6000,6000,14/04/2026
Tamil Nadu,Madurai,Anna nagar(Uzhavar Sandhai ),Groundnut,Big (With Shell),Local,6000,7000,6500,14/04/2026
Tamil Nadu,Namakkal,Namakkal(Uzhavar Sandhai ),Groundnut,Big (With Shell),Local,6500,7500,7000,14/04/2026
Tamil Nadu,Salem,Hasthampatti(Uzhavar Sandhai ),Groundnut,Big (With Shell),Local,6500,7000,6750,14/04/2026
Tamil Nadu,Thiruvarur,Tiruthuraipoondi(Uzhavar Sandhai ),Groundnut,Big (With Shell),Local,5000,5000,5000,14/04/2026
Tamil Nadu,Coimbatore,Sundarapuram(Uzhavar Sandhai ),Groundnut,Big (With Shell),Local,7000,7500,7250,14/04/2026
Tamil Nadu,Kallakuruchi,Sankarapuram(Uzhavar Sandhai ),Groundnut,Big (With Shell),Local,8000,8000,8000,14/04/2026
Tamil Nadu,Tenkasi,Tenkasi(Uzhavar Sandhai ),Groundnut,Big (With Shell),Local,8000,8000,8000,14/04/2026
Tamil Nadu,Salem,Ammapet(Uzhavar Sandhai ),Groundnut,Big (With Shell),Local,7000,7000,7000,14/04/2026
Tamil Nadu,Salem,Athur(Uzhavar Sandhai ),Groundnut,Big (With Shell),Local,6000,7000,6500,14/04/2026
Tamil Nadu,Vellore,Thirupathur APMC,Groundnut,Big (With Shell),Local,6000,6000,6000,14/04/2026
Tamil Nadu,Villupuram,Tindivanam APMC,Groundnut,Big (With Shell),Local,6500,6500,6500,14/04/2026
Tamil Nadu,Vellore,Pallikonda(Uzhavar Sandhai),Groundnut,Big (With Shell),Local,7500,7500,7500,14/04/2026
Tamil Nadu,Dharmapuri,Pennagaram(Uzhavar Sandhai ),Groundnut,Big (With Shell),Local,6200,6500,6350,14/04/2026
Tamil Nadu,Krishnagiri,Hosur(Uzhavar Sandhai ),Groundnut,Big (With Shell),Local,7000,8000,7500,14/04/2026
Tamil Nadu,Nagapattinam,Sirkali(Uzhavar Sandhai ),Groundnut,Big (With Shell),Local,5500,6000,5750,14/04/2026
Tamil Nadu,Salem,Elampillai(Uzhavar Sandhai ),Groundnut,Big (With Shell),Local,6500,7000,6750,14/04/2026
Tamil Nadu,Thiruvannamalai,Keelpennathur(Uzhavar Sandhai ),Groundnut,Big (With Shell),Local,7500,8000,7750,14/04/2026
Tamil Nadu,Thiruchirappalli,KKNagar(Uzhavar Sandhai ),Groundnut,Big (With Shell),Local,7000,7000,7000,14/04/2026
Tamil Nadu,Vellore,Gudiyatham(Uzhavar Sandhai ),Groundnut,Big (With Shell),Local,6600,6600,6600,14/04/2026
Tamil Nadu,Vellore,Kahithapattarai(Uzhavar Sandhai ),Groundnut,Big (With Shell),Local,7500,7500,7500,14/04/2026
Tamil Nadu,Villupuram,Gingee(Uzhavar Sandhai ),Groundnut,Big (With Shell),Local,6000,6000,6000,14/04/2026
Tamil Nadu,Chengalpattu,Guduvancheri(Uzhavar Sandhai ),Groundnut,Big (With Shell),Local,7000,8000,7500,14/04/2026
Tamil Nadu,Coimbatore,RSPuram(Uzhavar Sandhai ),Groundnut,Big (With Shell),Local,6400,6800,6600,14/04/2026
Tamil Nadu,Coimbatore,Mettupalayam(Uzhavar Sandhai ),Groundnut,Big (With Shell),Local,7000,8000,7500,14/04/2026
Tamil Nadu,Kallakuruchi,Kallakurichi(Uzhavar Sandhai ),Groundnut,Big (With Shell),Local,6000,6000,6000,14/04/2026
Tamil Nadu,Vellore,Katpadi (Uzhavar Sandhai ),Groundnut,Big (With Shell),Local,7500,7500,7500,14/04/2026
Tamil Nadu,Dindigul,Chinnalapatti(Uzhavar Sandhai ),Groundnut,Big (With Shell),Local,7000,8000,7500,14/04/2026
Tamil Nadu,Erode,Periyar Nagar(Uzhavar Sandhai ),Groundnut,Big (With Shell),Local,5500,6000,5750,14/04/2026
Tamil Nadu,Madurai,Melur(Uzhavar Sandhai ),Groundnut,Big (With Shell),Local,6000,7000,6500,14/04/2026
Tamil Nadu,Madurai,Anaiyur(Uzhavar Sandhai ),Groundnut,Big (With Shell),Local,6000,7000,6500,14/04/2026
Tamil Nadu,Nagapattinam,Nagapattinam(Uzhavar Sandhai ),Groundnut,Big (With Shell),Local,5500,6200,5850,14/04/2026
Tamil Nadu,Chengalpattu,Nanganallur(Uzhavar Sandhai ),Groundnut,Big (With Shell),Local,7500,8000,7750,14/04/2026
Tamil Nadu,Thirupur,Dharapuram(Uzhavar Sandhai ),Groundnut,Big (With Shell),Local,5000,6000,5500,14/04/2026
Tamil Nadu,Cuddalore,Cuddalore(Uzhavar Sandhai ),Groundnut,Big (With Shell),Local,6000,7000,6500,14/04/2026
Tamil Nadu,Pudukkottai,Pudukottai(Uzhavar Sandhai ),Groundnut,Big (With Shell),Local,5000,6000,5500,14/04/2026
Tamil Nadu,Ranipet,Ranipettai(Uzhavar Sandhai ),Groundnut,Big (With Shell),Local,6000,7000,6500,14/04/2026
Tamil Nadu,Vellore,Vellore APMC,Groundnut,Big (With Shell),Local,6500,7500,7000,14/04/2026
Tamil Nadu,Dharmapuri,Harur(Uzhavar Sandhai ),Groundnut,Big (With Shell),Local,6000,7000,6500,14/04/2026
Madhya Pradesh,Chhatarpur,Chhatarpur APMC,Groundnut,Big (With Shell),FAQ,5950,6000,6000,14/04/2026
Maharashtra,Pune,Baramati APMC,Groundnut,Other,Non-FAQ,3800,4051,4051,14/04/2026
Karnataka,Haveri,Ranebennur APMC,Groundnut,Gejje,FAQ,3469,6469,4970,14/04/2026
Gujarat,Porbandar,Porbandar APMC,Groundnut,Bold,Non-FAQ,5500,6850,6175,14/04/2026
Gujarat,Surat,Vyra APMC,Groundnut,Other,FAQ,6750,8250,7500,14/04/2026
Gujarat,Rajkot,Rajkot APMC,Groundnut,G20,FAQ,6900,8355,7600,14/04/2026
Gujarat,Rajkot,Rajkot APMC,Groundnut,Bold,FAQ,6575,7700,7200,14/04/2026
Gujarat,Jamnagar,Dhrol APMC,Groundnut,Other,Local,5225,8100,6665,14/04/2026
Gujarat,Morbi,Morbi APMC,Groundnut,Other,FAQ,5700,7000,6350,14/04/2026
Gujarat,Jamnagar,Jamnagar APMC,Groundnut,Other,Local,5000,7550,7150,14/04/2026
Gujarat,Jamnagar,Jam Jodhpur APMC,Groundnut,G20,Local,4000,7700,6500,14/04/2026
Gujarat,Jamnagar,Jam Jodhpur APMC,Groundnut,Other,Local,4250,7700,6750,14/04/2026
Gujarat,Junagarh,Junagadh APMC,Groundnut,Bold,FAQ,5250,7660,6750,14/04/2026
Gujarat,Rajkot,Jasdan APMC,Groundnut,G20,FAQ,4650,7900,6550,14/04/2026
Gujarat,Junagarh,Visavadar APMC,Groundnut,Other,FAQ,5300,7730,6515,14/04/2026
Gujarat,Gir Somnath,Veraval APMC,Groundnut,G20,FAQ,5675,7000,6500,14/04/2026
Gujarat,Junagarh,Junagadh APMC,Groundnut(Split),Groundnut(Split),FAQ,6000,8775,7500,14/04/2026
Gujarat,Junagarh,Visavadar APMC,Groundnut(Split),Groundnut(Split),FAQ,7375,8705,8040,14/04/2026
Telangana,Medak,Vantamamidi APMC,Groundnut pods(raw),Groundnut pods (raw),Local,2500,3500,3000,14/04/2026
Telangana,Hyderabad,Bowenpally APMC,Groundnut pods(raw),Groundnut pods (raw),FAQ,2000,3500,3000,14/04/2026
Madhya Pradesh,Dhar,Badnawar APMC,Wheat,Wheat,FAQ,2150,2400,2300,14/04/2026
Madhya Pradesh,Dhar,Rajgarh APMC,Wheat,Lokwan,Non-FAQ,2300,2350,2350,14/04/2026
Madhya Pradesh,Khargone,Badwaha APMC,Wheat,Wheat,FAQ,1335,2600,2600,14/04/2026
Madhya Pradesh,Khargone,Segaon APMC,Wheat,Wheat,Non-FAQ,2300,2475,2475,14/04/2026
Madhya Pradesh,Ujjain,Unhel APMC,Wheat,Wheat,FAQ,2100,2100,2100,14/04/2026
Madhya Pradesh,Ratlam,Ratlam APMC,Wheat,Wheat,Non-FAQ,2200,3000,2250,14/04/2026
Madhya Pradesh,Ratlam,Taal APMC,Wheat,Mill Quality,Non-FAQ,2160,2300,2300,14/04/2026
Madhya Pradesh,Ratlam,Taal APMC,Wheat,Other,FAQ,2480,2500,2500,14/04/2026
Madhya Pradesh,Datia,Sevda APMC,Wheat,Mill Quality,FAQ,2206,2360,2360,14/04/2026
Madhya Pradesh,Morena,Banmorkalan APMC,Wheat,Wheat,Non-FAQ,2210,2210,2210,14/04/2026
Madhya Pradesh,Sagar,Sagar APMC,Wheat,Mill Quality,FAQ,2401,2401,2401,14/04/2026
Madhya Pradesh,Sagar,Deori APMC,Wheat,Mill Quality,FAQ,2250,2255,2255,14/04/2026
Madhya Pradesh,Sagar,Rahatgarh APMC,Wheat,Mill Quality,Non-FAQ,2235,2300,2300,14/04/2026
Madhya Pradesh,Sagar,Shahagarh APMC,Wheat,Mill Quality,Non-FAQ,2230,2250,2250,14/04/2026
Madhya Pradesh,Chhindwara,Amarwda APMC,Wheat,Local,FAQ,2280,2300,2300,14/04/2026
Madhya Pradesh,Mandla,Bichhiya APMC,Wheat,Mill Quality,Non-FAQ,2400,2400,2400,14/04/2026
Madhya Pradesh,Seoni,Chhpara APMC,Wheat,Wheat,Non-FAQ,2150,2308,2250,14/04/2026
Madhya Pradesh,Seoni,Lakhnadon APMC,Wheat,Mill Quality,FAQ,2210,2210,2210,14/04/2026
Madhya Pradesh,Seoni,Lakhnadon APMC,Wheat,Local,Non-FAQ,2150,2201,2201,14/04/2026
Madhya Pradesh,Anupur,Anuppur APMC,Wheat,Local,FAQ,2100,2100,2100,14/04/2026
Madhya Pradesh,Jabalpur,Shahpura(Jabalpur) APMC,Wheat,Mill Quality,Non-FAQ,2050,2050,2050,14/04/2026
Madhya Pradesh,Jabalpur,Sehora APMC,Wheat,Wheat,Non-FAQ,2225,2261,2261,14/04/2026
Madhya Pradesh,Panna,Panna APMC,Wheat,Mill Quality,FAQ,2300,2400,2400,14/04/2026
Madhya Pradesh,Gwalior,Dabra APMC,Wheat,Other,FAQ,2260,2290,2290,14/04/2026
Madhya Pradesh,Katni,Katni APMC,Wheat,Wheat,FAQ,2200,2300,2300,14/04/2026
Madhya Pradesh,Katni,Katni APMC,Wheat,Mill Quality,FAQ,2100,2300,2300,14/04/2026
Madhya Pradesh,Dhar,Dhar APMC,Wheat,Mill Quality,FAQ,2000,2400,2400,14/04/2026
Madhya Pradesh,Khargone,Khargone APMC,Wheat,Wheat,FAQ,2000,2390,2210,14/04/2026
Madhya Pradesh,Khandwa,Khandwa APMC,Wheat,Wheat,FAQ,2200,2250,2210,14/04/2026
Madhya Pradesh,Burhanpur,Burhanpur APMC,Wheat,Wheat,FAQ,2150,2150,2150,14/04/2026
Madhya Pradesh,Chhatarpur,Chhatarpur APMC,Wheat,Mill Quality,Non-FAQ,2275,2289,2289,14/04/2026
Madhya Pradesh,Mandla,Mandla APMC,Wheat,Wheat,FAQ,2050,2055,2055,14/04/2026
Madhya Pradesh,Rewa,Baikunthpur APMC,Wheat,Mill Quality,Non-FAQ,2200,2200,2200,14/04/2026
Madhya Pradesh,Shajapur,Nalkehda APMC,Wheat,Mill Quality,FAQ,2200,2200,2200,14/04/2026
Madhya Pradesh,Sagar,Banda APMC,Wheat,Wheat,Non-FAQ,2100,2150,2150,14/04/2026
Madhya Pradesh,Sagar,Rehli APMC,Wheat,Wheat,Non-FAQ,2196,2350,2300,14/04/2026
Madhya Pradesh,Mandsaur,Bhanpura APMC,Wheat,Wheat,Non-FAQ,2350,2350,2350,14/04/2026
Madhya Pradesh,Mandsaur,Garoth APMC,Wheat,Wheat,Non-FAQ,2232,2250,2250,14/04/2026
Madhya Pradesh,Mandsaur,Garoth APMC,Wheat,Mill Quality,Non-FAQ,1525,2452,2251,14/04/2026
Madhya Pradesh,Shajapur,Soyatkalan APMC,Wheat,Wheat,Non-FAQ,2150,2250,2250,14/04/2026
Madhya Pradesh,Khandwa,Mundi APMC,Wheat,Local,FAQ,2200,2200,2200,14/04/2026
Madhya Pradesh,Vidisha,Sironj APMC,Wheat,Wheat,FAQ,2005,2010,2010,14/04/2026
Madhya Pradesh,Vidisha,Shamshabad APMC,Wheat,Mill Quality,FAQ,2130,2150,2150,14/04/2026
Madhya Pradesh,Dhar,Rajgarh APMC,Wheat,Wheat,Non-FAQ,2125,2200,2130,14/04/2026
Madhya Pradesh,Alirajpur,Jobat APMC,Wheat,Wheat,FAQ,2050,2200,2200,14/04/2026
Madhya Pradesh,Khargone,Sanawad APMC,Wheat,Local,FAQ,2000,2000,2000,14/04/2026
Madhya Pradesh,Khargone,Sanawad APMC,Wheat,Mill Quality,FAQ,2000,2250,2110,14/04/2026
Madhya Pradesh,Khargone,Bhikangaon APMC,Wheat,Wheat,FAQ,2200,2225,2225,14/04/2026
Madhya Pradesh,Khargone,Segaon APMC,Wheat,Wheat,FAQ,2225,2225,2225,14/04/2026
Madhya Pradesh,Ratlam,Taal APMC,Wheat,Mill Quality,FAQ,2200,2450,2310,14/04/2026
Madhya Pradesh,Datia,Datia APMC,Wheat,Mill Quality,FAQ,2270,2350,2300,14/04/2026
Madhya Pradesh,Datia,Sevda APMC,Wheat,Mill Quality,Non-FAQ,2221,2380,2250,14/04/2026
Madhya Pradesh,Gwalior,Lashkar APMC,Wheat,Wheat,FAQ,2190,2190,2190,14/04/2026
Madhya Pradesh,Ashoknagar,Chanderi APMC,Wheat,Wheat,Non-FAQ,2200,2300,2250,14/04/2026
Madhya Pradesh,Shivpuri,Shivpuri APMC,Wheat,Mill Quality,Non-FAQ,2400,2400,2400,14/04/2026
Madhya Pradesh,Shivpuri,Karera APMC,Wheat,Mill Quality,FAQ,2100,2320,2125,14/04/2026
Madhya Pradesh,Shivpuri,Pohari APMC,Wheat,Wheat,Non-FAQ,2190,2265,2265,14/04/2026
Madhya Pradesh,Sheopur,Sheopurkalan APMC,Wheat,Local,FAQ,2325,2375,2350,14/04/2026
Madhya Pradesh,Sheopur,Sheopurbadod APMC,Wheat,Wheat,Non-FAQ,2250,2280,2280,14/04/2026
Madhya Pradesh,Sheopur,Vijaypur APMC,Wheat,Wheat,FAQ,2210,2280,2225,14/04/2026
Madhya Pradesh,Sagar,Bina APMC,Wheat,Wheat,FAQ,2300,2450,2450,14/04/2026
Madhya Pradesh,Chhatarpur,LavKush Nagar(Laundi) APMC,Wheat,Mill Quality,Non-FAQ,2210,2210,2210,14/04/2026
Madhya Pradesh,Chhatarpur,Bijawar APMC,Wheat,Mill Quality,Non-FAQ,2305,2305,2305,14/04/2026
Madhya Pradesh,Chhatarpur,Bijawar APMC,Wheat,Wheat,Non-FAQ,2360,2385,2375,14/04/2026
Madhya Pradesh,Tikamgarh,Tikamgarh APMC,Wheat,Wheat,FAQ,2210,2225,2225,14/04/2026
Madhya Pradesh,Chhindwara,Chhindwara APMC,Wheat,Wheat,FAQ,2325,2430,2430,14/04/2026
Madhya Pradesh,Chhindwara,Amarwda APMC,Wheat,Wheat,FAQ,2200,2300,2300,14/04/2026
Madhya Pradesh,Narsinghpur,Narsinghpur APMC,Wheat,Mill Quality,Non-FAQ,2235,2242,2242,14/04/2026
Madhya Pradesh,Seoni,Palari APMC,Wheat,Wheat,FAQ,2275,2275,2275,14/04/2026
Madhya Pradesh,Bhind,Mow APMC,Wheat,Wheat,FAQ,2050,2290,2100,14/04/2026
Madhya Pradesh,Shivpuri,Khatora APMC,Wheat,Wheat,FAQ,2690,2850,2850,14/04/2026
Madhya Pradesh,Jabalpur,Paatan APMC,Wheat,Mill Quality,FAQ,2225,2225,2225,14/04/2026
Madhya Pradesh,Jabalpur,Paatan APMC,Wheat,Local,FAQ,2600,2650,2650,14/04/2026
Madhya Pradesh,Indore,Indore APMC,Wheat,Mill Quality,FAQ,2050,2510,2350,14/04/2026
Madhya Pradesh,Indore,Indore APMC,Wheat,Malwa Shakti,Non-FAQ,2380,2510,2500,14/04/2026
Madhya Pradesh,Gwalior,Dabra APMC,Wheat,Wheat,FAQ,2200,2250,2250,14/04/2026
Madhya Pradesh,Vidisha,Vidisha APMC,Wheat,Wheat,Non-FAQ,2305,2330,2330,14/04/2026
Madhya Pradesh,Dhar,Dhar APMC,Wheat,Lokwan,FAQ,2235,2800,2511,14/04/2026
Madhya Pradesh,Khargone,Khargone APMC,Wheat,Local,FAQ,2280,2280,2280,14/04/2026
Madhya Pradesh,Khargone,Khargone APMC,Wheat,Wheat,Non-FAQ,2175,2360,2300,14/04/2026
Madhya Pradesh,Harda,Harda APMC,Wheat,Mill Quality,Non-FAQ,2280,2400,2300,14/04/2026
Madhya Pradesh,Dhar,Kukshi APMC,Wheat,Wheat,FAQ,2000,2260,2200,14/04/2026
Madhya Pradesh,Ratlam,A lot APMC,Wheat,Wheat,FAQ,21.6,2100,2100,14/04/2026
Madhya Pradesh,Shajapur,Agar APMC,Wheat,Wheat,FAQ,2103,2135,2135,14/04/2026
Madhya Pradesh,Chhindwara,Chaurai APMC,Wheat,Mill Quality,Non-FAQ,2210,2210,2210,14/04/2026
Madhya Pradesh,Rewa,Baikunthpur APMC,Wheat,Wheat,Non-FAQ,2100,2100,2100,14/04/2026
Madhya Pradesh,Bhind,Mehgaon APMC,Wheat,Wheat,Non-FAQ,2260,2275,2265,14/04/2026
Madhya Pradesh,Rajgarh,Biaora APMC,Wheat,Wheat,FAQ,2275,2275,2275,14/04/2026
Madhya Pradesh,Jhabua,Jhabua APMC,Wheat,Wheat,FAQ,2300,2450,2300,14/04/2026
Madhya Pradesh,Badwani,Badwani APMC,Wheat,Lokwan,Non-FAQ,2175,2175,2175,14/04/2026
Madhya Pradesh,Mandsaur,Suvasra APMC,Wheat,Mill Quality,Non-FAQ,2200,2200,2200,14/04/2026
Madhya Pradesh,Morena,Sabalgarh APMC,Wheat,Mill Quality,Non-FAQ,2135,2272,2260,14/04/2026
Madhya Pradesh,Chhatarpur,Badamalhera APMC,Wheat,Mill Quality,FAQ,2395,2410,2400,14/04/2026
Madhya Pradesh,Satna,Amarpatan APMC,Wheat,Mill Quality,FAQ,2300,2300,2300,14/04/2026
Madhya Pradesh,Dhar,Gandhwani APMC,Wheat,Wheat,FAQ,2100,2300,2300,14/04/2026
Madhya Pradesh,Badwani,Sendhwa APMC,Wheat,Lokwan,FAQ,2420,2420,2420,14/04/2026
Madhya Pradesh,Raisen,Udaipura APMC,Wheat,Mill Quality,FAQ,2320,2320,2320,14/04/2026
Madhya Pradesh,Vidisha,Shamshabad APMC,Wheat,Mill Quality,Non-FAQ,2112,2112,2112,14/04/2026
Madhya Pradesh,Vidisha,Kurwai APMC,Wheat,Mill Quality,Non-FAQ,2500,2500,2500,14/04/2026
Madhya Pradesh,Rajgarh,Pachaur APMC,Wheat,Wheat,FAQ,2125,2125,2125,14/04/2026
Madhya Pradesh,Rajgarh,Khilchipur APMC,Wheat,Wheat,Non-FAQ,2200,2200,2200,14/04/2026
Madhya Pradesh,Rajgarh,Khujner APMC,Wheat,Wheat,FAQ,2250,2275,2275,14/04/2026
Madhya Pradesh,Rajgarh,Khujner APMC,Wheat,Mill Quality,FAQ,2200,2200,2200,14/04/2026
Madhya Pradesh,Dhar,Manawar APMC,Wheat,Wheat,FAQ,22.75,2311,2300,14/04/2026
Madhya Pradesh,Dhar,Manawar APMC,Wheat,Wheat,Non-FAQ,2250,2250,2250,14/04/2026
Madhya Pradesh,Alirajpur,Alirajpur APMC,Wheat,Local,FAQ,2100,2100,2100,14/04/2026
Madhya Pradesh,Khargone,Kasrawad APMC,Wheat,Wheat Mix,Non-FAQ,2325,2370,2370,14/04/2026
Madhya Pradesh,Khargone,Kasrawad APMC,Wheat,Wheat,Non-FAQ,2150,2320,2320,14/04/2026
Madhya Pradesh,Ujjain,Badnagar APMC,Wheat,Wheat,Non-FAQ,2100,2100,2100,14/04/2026
Madhya Pradesh,Dewas,Haatpipliya APMC,Wheat,Wheat,Non-FAQ,2100,2300,2200,14/04/2026
Madhya Pradesh,Ratlam,Ratlam APMC,Wheat,Mill Quality,FAQ,2392,2396,2396,14/04/2026
Madhya Pradesh,Ratlam,Taal APMC,Wheat,Wheat,Non-FAQ,2460,2460,2460,14/04/2026
Madhya Pradesh,Shajapur,Susner APMC,Wheat,Wheat,Non-FAQ,22.5,2273,2250,14/04/2026
Madhya Pradesh,Datia,Datia APMC,Wheat,Wheat,Non-FAQ,2269,2350,2296,14/04/2026
Madhya Pradesh,Datia,Datia APMC,Wheat,Wheat,FAQ,2250,2275,2270,14/04/2026
Madhya Pradesh,Ashoknagar,Chanderi APMC,Wheat,Wheat,FAQ,2239,2250,2250,14/04/2026
Madhya Pradesh,Shivpuri,Shivpuri APMC,Wheat,Wheat,Non-FAQ,2200,2340,2340,14/04/2026
Madhya Pradesh,Shivpuri,Karera APMC,Wheat,Other,FAQ,2210,2210,2210,14/04/2026
Madhya Pradesh,Bhind,Lahar APMC,Wheat,Wheat,FAQ,2191,2265,2250,14/04/2026
Madhya Pradesh,Sheopur,Vijaypur APMC,Wheat,Wheat,Non-FAQ,2210,2250,2250,14/04/2026
Madhya Pradesh,Sheopur,Vijaypur APMC,Wheat,Mill Quality,Non-FAQ,2200,2225,2225,14/04/2026
Madhya Pradesh,Sagar,Shahagarh APMC,Wheat,Wheat,FAQ,2150,2175,2175,14/04/2026
Madhya Pradesh,Chhatarpur,Bakswaha APMC,Wheat,Mill Quality,FAQ,2200,2225,2225,14/04/2026
Madhya Pradesh,Tikamgarh,Khargapur APMC,Wheat,Mill Quality,FAQ,2200,2220,2215,14/04/2026
Madhya Pradesh,Tikamgarh,Khargapur APMC,Wheat,Mill Quality,Non-FAQ,2225,2230,2230,14/04/2026
Madhya Pradesh,Mandla,Nainpur APMC,Wheat,Wheat,FAQ,2200,2500,2200,14/04/2026
Madhya Pradesh,Seoni,Chhpara APMC,Wheat,Mill Quality,FAQ,2150,2211,2211,14/04/2026
Madhya Pradesh,Seoni,Ghansour APMC,Wheat,Local,Non-FAQ,2200,2250,2250,14/04/2026
Madhya Pradesh,Ujjain,Ujjain APMC,Wheat,Wheat,FAQ,2100,2100,2100,14/04/2026
Madhya Pradesh,Indore,Indore APMC,Wheat,Wheat,FAQ,2500,2650,2650,14/04/2026
Madhya Pradesh,Ashoknagar,Ashoknagar APMC,Wheat,Wheat,Non-FAQ,2150,2511,2511,14/04/2026
Madhya Pradesh,Satna,Satna APMC,Wheat,Wheat,Non-FAQ,2213,2248,2218,14/04/2026
Madhya Pradesh,Vidisha,Vidisha APMC,Wheat,Wheat,FAQ,2553,2553,2553,14/04/2026
Madhya Pradesh,Dhar,Dhar APMC,Wheat,Malwa Shakti,FAQ,2250,2250,2250,14/04/2026
Madhya Pradesh,Dhar,Dhar APMC,Wheat,Mill Quality,Non-FAQ,2050,2055,2055,14/04/2026
Madhya Pradesh,Dhar,Dhar APMC,Wheat,Wheat,Non-FAQ,2500,2500,2500,14/04/2026
Madhya Pradesh,Chhatarpur,Chhatarpur APMC,Wheat,Wheat,FAQ,2250,2440,2440,14/04/2026
Madhya Pradesh,Mandla,Mandla APMC,Wheat,Mill Quality,FAQ,2000,2005,2005,14/04/2026
Madhya Pradesh,Harda,Harda APMC,Wheat,Mill Quality,FAQ,2280,2350,2280,14/04/2026
Madhya Pradesh,Shajapur,Agar APMC,Wheat,Mill Quality,FAQ,2280,2280,2280,14/04/2026
Madhya Pradesh,Bhind,Gohad APMC,Wheat,Wheat,FAQ,2100,2450,2270,14/04/2026
Madhya Pradesh,Bhind,Gohad APMC,Wheat,Mill Quality,FAQ,2200,2400,2400,14/04/2026
Madhya Pradesh,Chhindwara,Chaurai APMC,Wheat,Wheat,FAQ,2200,2350,2200,14/04/2026
Madhya Pradesh,Raisen,Bareli APMC,Wheat,Wheat,FAQ,2400,2450,2450,14/04/2026
Madhya Pradesh,Indore,Gautampura APMC,Wheat,Wheat,Non-FAQ,2125,2475,2475,14/04/2026
Madhya Pradesh,Badwani,Badwani APMC,Wheat,Wheat,FAQ,2125,2125,2125,14/04/2026
Madhya Pradesh,Shajapur,Nalkehda APMC,Wheat,Wheat,FAQ,2150,2220,2220,14/04/2026
Madhya Pradesh,Rajgarh,Sarangpur APMC,Wheat,Mill Quality,FAQ,2125,2300,2200,14/04/2026
Madhya Pradesh,Raisen,Silvani APMC,Wheat,Mill Quality,Non-FAQ,2212,2212,2212,14/04/2026
Madhya Pradesh,Gwalior,Bhitarwar APMC,Wheat,Mill Quality,Non-FAQ,2250,2310,2250,14/04/2026
Madhya Pradesh,Khandwa,Mundi APMC,Wheat,Wheat,FAQ,2000,2270,2200,14/04/2026
Madhya Pradesh,Badwani,Sendhwa APMC,Wheat,Wheat,FAQ,2000,2420,2350,14/04/2026
Madhya Pradesh,Badwani,Sendhwa APMC,Wheat,Wheat,Non-FAQ,2250,2300,2300,14/04/2026
Madhya Pradesh,Sehore,Shyampur APMC,Wheat,Mill Quality,FAQ,2080,2280,2280,14/04/2026
Madhya Pradesh,Indore,Sanwer APMC,Wheat,Wheat,FAQ,2000,2500,2311,14/04/2026
Madhya Pradesh,Indore,Sanwer APMC,Wheat,Wheat,Non-FAQ,1900,2450,2125,14/04/2026
Madhya Pradesh,Dhar,Badnawar APMC,Wheat,Lokwan,FAQ,2100,2100,2100,14/04/2026
Madhya Pradesh,Dhar,Rajgarh APMC,Wheat,Wheat,FAQ,2070,2450,2450,14/04/2026
Madhya Pradesh,Jhabua,Petlawad APMC,Wheat,Wheat,FAQ,2125,2250,2200,14/04/2026
Madhya Pradesh,Jhabua,Petlawad APMC,Wheat,Mill Quality,FAQ,2101,2101,2101,14/04/2026
Madhya Pradesh,Khandwa,Pandhana APMC,Wheat,Wheat,FAQ,2265,2300,2265,14/04/2026
Madhya Pradesh,Dewas,Loharda APMC,Wheat,Wheat,FAQ,2250,2270,2270,14/04/2026
Madhya Pradesh,Dewas,Bagli APMC,Wheat,Mill Quality,Non-FAQ,2150,2292,2292,14/04/2026
Madhya Pradesh,Mandsaur,Piplya APMC,Wheat,Mill Quality,FAQ,2200,2200,2200,14/04/2026
Madhya Pradesh,Mandsaur,Sitmau APMC,Wheat,Lokwan,FAQ,2250,2250,2250,14/04/2026
Madhya Pradesh,Ratlam,Jaora APMC,Wheat,Lokwan,FAQ,2508,2508,2508,14/04/2026
Madhya Pradesh,Ratlam,Jaora APMC,Wheat,Mill Quality,FAQ,2171,2171,2171,14/04/2026
Madhya Pradesh,Ratlam,Ratlam APMC,Wheat,Mill Quality,Non-FAQ,2408,2417,2417,14/04/2026
Madhya Pradesh,Gwalior,Lashkar APMC,Wheat,Wheat,Non-FAQ,2200,2475,2290,14/04/2026
Madhya Pradesh,Guna,Raghogarh APMC,Wheat,Wheat,FAQ,2140,2295,2245,14/04/2026
Madhya Pradesh,Shivpuri,Pohari APMC,Wheat,Mill Quality,Non-FAQ,2210,2270,2270,14/04/2026
Madhya Pradesh,Bhind,Alampur APMC,Wheat,Mill Quality,Non-FAQ,2105,2340,2290,14/04/2026
Madhya Pradesh,Sheopur,Sheopurkalan APMC,Wheat,Wheat,FAQ,2231,2345,2330,14/04/2026
Madhya Pradesh,Jabalpur,Jabalpur APMC,Wheat,Wheat,Non-FAQ,2200,2405,2200,14/04/2026
Madhya Pradesh,Chhatarpur,LavKush Nagar(Laundi) APMC,Wheat,Mill Quality,FAQ,2125,2200,2200,14/04/2026
Madhya Pradesh,Chhatarpur,Bijawar APMC,Wheat,Mill Quality,FAQ,2254,2325,2315,14/04/2026
Madhya Pradesh,Chhindwara,Chhindwara APMC,Wheat,Wheat,Non-FAQ,2199,2350,2300,14/04/2026
Madhya Pradesh,Chhindwara,Chhindwara APMC,Wheat,Mill Quality,FAQ,2200,2200,2200,14/04/2026
Madhya Pradesh,Narsinghpur,Narsinghpur APMC,Wheat,Mill Quality,FAQ,2100,2301,2200,14/04/2026
Madhya Pradesh,Seoni,Seoni APMC,Wheat,Mill Quality,Non-FAQ,2585,2591,2590,14/04/2026
Madhya Pradesh,Seoni,Seoni APMC,Wheat,Local,Non-FAQ,2250,2300,2300,14/04/2026
Madhya Pradesh,Seoni,Chhpara APMC,Wheat,Mill Quality,Non-FAQ,2200,2300,2300,14/04/2026
Madhya Pradesh,Seoni,Palari APMC,Wheat,Local,Non-FAQ,2200,2250,2250,14/04/2026
Madhya Pradesh,Satna,Mehar APMC,Wheat,Local,Non-FAQ,2120,2230,2220,14/04/2026
Madhya Pradesh,Jabalpur,Paatan APMC,Wheat,Other,FAQ,2240,2250,2250,14/04/2026
Madhya Pradesh,Ujjain,Ujjain APMC,Wheat,Wheat,Non-FAQ,2350,2411,2381,14/04/2026
Madhya Pradesh,Indore,Indore APMC,Wheat,Malwa Shakti,FAQ,2460,2460,2460,14/04/2026
Madhya Pradesh,Bhopal,Bhopal APMC,Wheat,Wheat,Non-FAQ,2450,2450,2450,14/04/2026
Madhya Pradesh,Vidisha,Ganjbasoda APMC,Wheat,Sharbati,FAQ,3200,3200,3200,14/04/2026
Madhya Pradesh,Betul,Betul APMC,Wheat,Mill Quality,FAQ,2000,2276,2000,14/04/2026
Madhya Pradesh,Hoshangabad,Itarsi APMC,Wheat,Wheat,FAQ,2415,2415,2415,14/04/2026
Madhya Pradesh,Dhar,Dhar APMC,Wheat,Lokwan,Non-FAQ,2400,2400,2400,14/04/2026
Madhya Pradesh,Chhatarpur,Chhatarpur APMC,Wheat,Wheat,Non-FAQ,2210,2250,2250,14/04/2026
Madhya Pradesh,Mandla,Mandla APMC,Wheat,Mill Quality,Non-FAQ,2100,2151,2100,14/04/2026
Madhya Pradesh,Dhar,Dhamnod APMC,Wheat,Wheat,FAQ,2250,2352,2352,14/04/2026
Madhya Pradesh,Ratlam,A lot APMC,Wheat,Wheat,Non-FAQ,2050,2050,2050,14/04/2026
Madhya Pradesh,Sagar,Khurai APMC,Wheat,Wheat,FAQ,2000,2500,2500,14/04/2026
Madhya Pradesh,Rajgarh,Biaora APMC,Wheat,Wheat,Non-FAQ,2100,2325,2325,14/04/2026
Madhya Pradesh,Raisen,Bareli APMC,Wheat,Mill Quality,FAQ,2200,2200,2200,14/04/2026
Madhya Pradesh,Indore,Gautampura APMC,Wheat,Lokwan,FAQ,2180,2200,2200,14/04/2026
Madhya Pradesh,Badwani,Badwani APMC,Wheat,Lokwan,FAQ,2200,2200,2200,14/04/2026
Madhya Pradesh,Rajgarh,Sarangpur APMC,Wheat,Wheat,FAQ,2221,2221,2221,14/04/2026
Madhya Pradesh,Satna,Amarpatan APMC,Wheat,Mill Quality,Non-FAQ,2320,2320,2320,14/04/2026
Madhya Pradesh,Mandsaur,Bhanpura APMC,Wheat,Mill Quality,Non-FAQ,2250,2300,2300,14/04/2026
Madhya Pradesh,Rajgarh,Pachaur APMC,Wheat,Mill Quality,FAQ,2110,2550,2240,14/04/2026
Madhya Pradesh,Rajgarh,Narsinghgarh APMC,Wheat,Wheat,Non-FAQ,2160,2160,2160,14/04/2026
Madhya Pradesh,Rajgarh,Khilchipur APMC,Wheat,Mill Quality,FAQ,2220,2310,2310,14/04/2026
Madhya Pradesh,Rajgarh,Khilchipur APMC,Wheat,Mill Quality,Non-FAQ,2100,2200,2200,14/04/2026
Madhya Pradesh,Dhar,Rajgarh APMC,Wheat,Lokwan,FAQ,2100,2800,2800,14/04/2026
Madhya Pradesh,Alirajpur,Jobat APMC,Wheat,Mill Quality,Non-FAQ,2100,2100,2100,14/04/2026
Madhya Pradesh,Alirajpur,Jobat APMC,Wheat,Wheat,Non-FAQ,2050,2100,2100,14/04/2026
Madhya Pradesh,Khargone,Sanawad APMC,Wheat,Wheat,FAQ,2125,2285,2285,14/04/2026
Madhya Pradesh,Khargone,Badwaha APMC,Wheat,Wheat,Non-FAQ,2240,2258,2258,14/04/2026
Madhya Pradesh,Khargone,Kasrawad APMC,Wheat,Wheat,FAQ,2150,2370,2350,14/04/2026
Madhya Pradesh,Ujjain,Badnagar APMC,Wheat,Wheat,FAQ,2000,2000,2000,14/04/2026
Madhya Pradesh,Ujjain,Badnagar APMC,Wheat,Mill Quality,FAQ,2250,2250,2250,14/04/2026
Madhya Pradesh,Ujjain,Unhel APMC,Wheat,Mill Quality,FAQ,2300,2300,2300,14/04/2026
Madhya Pradesh,Dewas,Haatpipliya APMC,Wheat,Wheat,FAQ,2200,2200,2200,14/04/2026
Madhya Pradesh,Mandsaur,Shamgarh APMC,Wheat,Mill Quality,FAQ,2190,2200,2200,14/04/2026
Madhya Pradesh,Ratlam,Ratlam APMC,Wheat,Wheat,FAQ,2160,2975,2210,14/04/2026
Madhya Pradesh,Ratlam,Ratlam APMC,Wheat,Lokwan,FAQ,2210,2541,2541,14/04/2026
Madhya Pradesh,Ratlam,Ratlam APMC,Wheat,Lokwan,Non-FAQ,2100,3025,2302,14/04/2026
Madhya Pradesh,Ratlam,Sailana APMC,Wheat,Wheat,FAQ,2400,2530,2530,14/04/2026
Madhya Pradesh,Ratlam,Taal APMC,Wheat,Wheat,FAQ,2400,2560,2400,14/04/2026
Madhya Pradesh,Gwalior,Lashkar APMC,Wheat,Mill Quality,FAQ,2050,2250,2250,14/04/2026
Madhya Pradesh,Shivpuri,Karera APMC,Wheat,Wheat,Non-FAQ,2300,2310,2300,14/04/2026
Madhya Pradesh,Shivpuri,Pichhour APMC,Wheat,Wheat,Non-FAQ,2009,2240,2240,14/04/2026
Madhya Pradesh,Shivpuri,Pohari APMC,Wheat,Wheat,FAQ,2225,2235,2235,14/04/2026
Madhya Pradesh,Bhind,Alampur APMC,Wheat,Wheat,Non-FAQ,2200,2250,2250,14/04/2026
Madhya Pradesh,Morena,Ambaha APMC,Wheat,Wheat,FAQ,2200,2290,2290,14/04/2026
Madhya Pradesh,Sheopur,Sheopurkalan APMC,Wheat,Mill Quality,Non-FAQ,2150,2270,2270,14/04/2026
Madhya Pradesh,Sheopur,Sheopurkalan APMC,Wheat,Wheat Mix,FAQ,2260,2260,2260,14/04/2026
Madhya Pradesh,Sagar,Bina APMC,Wheat,Mill Quality,FAQ,2250,2250,2250,14/04/2026
Madhya Pradesh,Sagar,Rahatgarh APMC,Wheat,Wheat,FAQ,2300,2300,2300,14/04/2026
Madhya Pradesh,Tikamgarh,Palera APMC,Wheat,Mill Quality,Non-FAQ,2190,2230,2218,14/04/2026
Madhya Pradesh,Tikamgarh,Niwadi APMC,Wheat,Mill Quality,Non-FAQ,2200,2227,2220,14/04/2026
Madhya Pradesh,Mandla,Nainpur APMC,Wheat,Wheat,Non-FAQ,2255,2515,2265,14/04/2026
Madhya Pradesh,Narsinghpur,Tendukheda APMC,Wheat,Wheat,FAQ,2225,2311,2311,14/04/2026
Madhya Pradesh,Seoni,Seoni APMC,Wheat,Mill Quality,FAQ,2200,2210,2210,14/04/2026
Madhya Pradesh,Seoni,Seoni APMC,Wheat,Wheat,FAQ,2175,2550,2499,14/04/2026
Madhya Pradesh,Seoni,Ghansour APMC,Wheat,Mill Quality,FAQ,2250,2305,2300,14/04/2026
Madhya Pradesh,Rewa,Chaakghat APMC,Wheat,Mill Quality,FAQ,2425,2425,2425,14/04/2026
Madhya Pradesh,Satna,Nagod APMC,Wheat,Wheat,FAQ,2235,2235,2235,14/04/2026
Madhya Pradesh,Jabalpur,Sehora APMC,Wheat,Mill Quality,FAQ,2132,2301,2301,14/04/2026
Madhya Pradesh,Shivpuri,Barad APMC,Wheat,Wheat,FAQ,2158,2186,2169,14/04/2026
Madhya Pradesh,Dewas,Dewas APMC,Wheat,Wheat,FAQ,2290,2400,2290,14/04/2026
Madhya Pradesh,Neemuch,Neemuch APMC,Wheat,Wheat,FAQ,2475,2750,2750,14/04/2026
Madhya Pradesh,Satna,Satna APMC,Wheat,Wheat,FAQ,2201,2250,2205,14/04/2026
Madhya Pradesh,Betul,Betul APMC,Wheat,Mill Quality,Non-FAQ,2300,2300,2300,14/04/2026
Madhya Pradesh,Dhar,Dhar APMC,Wheat,Wheat,FAQ,2100,2800,2400,14/04/2026
Madhya Pradesh,Khargone,Khargone APMC,Wheat,Mill Quality,FAQ,2175,2320,2320,14/04/2026
Madhya Pradesh,Khandwa,Khandwa APMC,Wheat,Wheat,Non-FAQ,2250,2250,2250,14/04/2026
Madhya Pradesh,Burhanpur,Burhanpur APMC,Wheat,Lokwan,FAQ,2125,2165,2165,14/04/2026
Madhya Pradesh,Morena,Kailaras APMC,Wheat,Wheat,FAQ,2261,2316,2300,14/04/2026
Madhya Pradesh,Chhatarpur,Chhatarpur APMC,Wheat,Mill Quality,FAQ,2250,2250,2250,14/04/2026
Madhya Pradesh,Dewas,Sonkatch APMC,Wheat,Wheat,FAQ,2160,2170,2170,14/04/2026
Madhya Pradesh,Dewas,Sonkatch APMC,Wheat,Wheat,Non-FAQ,2371,2371,2371,14/04/2026
Madhya Pradesh,Shajapur,Agar APMC,Wheat,Other,FAQ,2181,2181,2181,14/04/2026
Madhya Pradesh,Bhind,Gohad APMC,Wheat,Mill Quality,Non-FAQ,2220,2310,2250,14/04/2026
Madhya Pradesh,Umariya,Umariya APMC,Wheat,Local,Non-FAQ,2300,2300,2300,14/04/2026
Madhya Pradesh,Umariya,Umariya APMC,Wheat,Wheat,Non-FAQ,2050,2300,2250,14/04/2026
Madhya Pradesh,Umariya,Umariya APMC,Wheat,Mill Quality,Non-FAQ,2290,2290,2290,14/04/2026
Madhya Pradesh,Raisen,Obedullaganj APMC,Wheat,Wheat,FAQ,2355,2450,2355,14/04/2026
Madhya Pradesh,Rajgarh,Jeerapur APMC,Wheat,Wheat,FAQ,2200,2330,2300,14/04/2026
Madhya Pradesh,Indore,Gautampura APMC,Wheat,Wheat,FAQ,2160,2525,2400,14/04/2026
Madhya Pradesh,Sagar,Garhakota APMC,Wheat,Wheat,Non-FAQ,2260,2260,2260,14/04/2026
Madhya Pradesh,Damoh,Javera APMC,Wheat,Wheat,Non-FAQ,2200,2235,2230,14/04/2026
Madhya Pradesh,Damoh,Javera APMC,Wheat,Mill Quality,Non-FAQ,2200,2250,2200,14/04/2026
Madhya Pradesh,Mandsaur,Bhanpura APMC,Wheat,Mill Quality,FAQ,2225,2225,2225,14/04/2026
Madhya Pradesh,Mandsaur,Daloda APMC,Wheat,Wheat,FAQ,2600,2622,2600,14/04/2026
Maharashtra,Ahmednagar,Rahata APMC,Wheat,Other,Non-FAQ,2050,2350,2200,14/04/2026
Maharashtra,Pune,Pune APMC,Wheat,Sharbati,FAQ,4200,5200,4700,14/04/2026
Maharashtra,Mumbai,Mumbai APMC,Wheat,Other,FAQ,2900,5600,4250,14/04/2026
Maharashtra,Ahmednagar,Om Chaitanya Multistate Agro Purpose CoOp Society  APMC,Wheat,Other,Local,2200,2200,2200,14/04/2026
Uttar Pradesh,Raebarelli,Bachranwa APMC,Wheat,Dara,FAQ,2400,2400,2400,14/04/2026
Uttar Pradesh,Bahraich,Bahraich APMC,Wheat,Hybrid,FAQ,2430,2460,2437.58,14/04/2026
Uttar Pradesh,Bahraich,Bahraich APMC,Wheat,Other,FAQ,2430,2430,2430,14/04/2026
Uttar Pradesh,Unnao,Bangarmau APMC,Wheat,Sharbati,FAQ,2300,2300,2300,14/04/2026
Uttar Pradesh,Barabanki,Barabanki APMC,Wheat,Other,FAQ,2400,2400,2400,14/04/2026
Uttar Pradesh,Basti,Basti APMC,Wheat,Other,FAQ,2450,2450,2450,14/04/2026
Uttar Pradesh,Etawah,Bharthna APMC,Wheat,Other,FAQ,2350,2350,2350,14/04/2026
Uttar Pradesh,Fatehpur,Bindki APMC,Wheat,Medium,FAQ,2320,2350,2348.74,14/04/2026
Uttar Pradesh,Fatehpur,Bindki APMC,Wheat,Dara,FAQ,2300,2320,2303.16,14/04/2026
Uttar Pradesh,Bulandshahar,Buland Shahr APMC,Wheat,Dara,FAQ,2450,2455,2452.17,14/04/2026
Uttar Pradesh,Sambhal,Chandausi APMC,Wheat,Dara,FAQ,2500,2500.01,2500,14/04/2026
Uttar Pradesh,Gautam Budh Nagar,Dankaur APMC,Wheat,Dara,FAQ,2500,2501,2500.73,14/04/2026
Uttar Pradesh,Deoria,Devariya APMC,Wheat,PBW-373,FAQ,2375,2375,2375,14/04/2026
Uttar Pradesh,Mainpuri,Ghiraur APMC,Wheat,Dara,FAQ,2300,2300,2300,14/04/2026
Uttar Pradesh,Lakhimpur,Golagokarnath APMC,Wheat,Other,FAQ,2280,2500,2374.77,14/04/2026
Uttar Pradesh,Ghaziabad,Hapur APMC,Wheat,Other,FAQ,2585,2600,2586.78,14/04/2026
Uttar Pradesh,Hathras,Haathras APMC,Wheat,Other,FAQ,2585,2625,2587.37,14/04/2026
Uttar Pradesh,Jalaun (Orai),Jalaun APMC,Wheat,Mill Quality,FAQ,2585,2585,2585,14/04/2026
Uttar Pradesh,Jalaun (Orai),Kadaura APMC,Wheat,Other,FAQ,2585,2585,2585,14/04/2026
Uttar Pradesh,Kasganj,Kasganj APMC,Wheat,Other,FAQ,2585,2585,2585,14/04/2026
Uttar Pradesh,Baghpat,Khekda APMC,Wheat,Dara,FAQ,2600,2600,2600,14/04/2026
Uttar Pradesh,Bulandshahar,Khurja APMC,Wheat,Other,FAQ,2450,2450,2450,14/04/2026
Uttar Pradesh,Jalaun (Orai),Konch APMC,Wheat,Dara,FAQ,2586,2587,2586.8,14/04/2026
Uttar Pradesh,Hardoi,Madhoganj APMC,Wheat,Dara,FAQ,2280,2400,2297.21,14/04/2026
Uttar Pradesh,Sitapur,Mehmoodabad APMC,Wheat,Other,FAQ,2300,2315,2302.94,14/04/2026
Uttar Pradesh,Mathura,Mathura APMC,Wheat,Other,FAQ,2400,2400,2400,14/04/2026
Uttar Pradesh,Mathura,Mathura APMC,Wheat,Dara,FAQ,2400,2430,2409.84,14/04/2026
Uttar Pradesh,Mathura,Mathura APMC,Wheat,2329,FAQ,2401,2410,2407.12,14/04/2026
Uttar Pradesh,Hamirpur,Maudaha APMC,Wheat,Other,FAQ,2585,2590,2585.91,14/04/2026
Uttar Pradesh,Hamirpur,Maudaha APMC,Wheat,Dara,FAQ,2585,2585,2585,14/04/2026
Uttar Pradesh,Jhansi,Mauranipur APMC,Wheat,Other,FAQ,2300,2300,2300,14/04/2026
Uttar Pradesh,Lakhimpur,Paliakala APMC,Wheat,Medium,FAQ,2300,2300,2300,14/04/2026
Uttar Pradesh,Lakhimpur,Paliakala APMC,Wheat,Other,FAQ,2300,2300,2300,14/04/2026
Uttar Pradesh,Shravasti,Payagpur APMC,Wheat,Medium,FAQ,2425,2425,2425,14/04/2026
Uttar Pradesh,Shravasti,Payagpur APMC,Wheat,Sharbati,FAQ,2425,2425,2425,14/04/2026
Uttar Pradesh,Pillibhit,Puranpur APMC,Wheat,PBW-343,FAQ,2300,2310,2309.55,14/04/2026
Uttar Pradesh,Kanpur Dehat,Rura APMC,Wheat,Other,FAQ,2300,2300,2300,14/04/2026
Uttar Pradesh,Siddharth Nagar,Sahiyapur APMC,Wheat,Medium,FAQ,2430,2430,2430,14/04/2026
Uttar Pradesh,Bulandshahar,Sikarpur APMC,Wheat,Dara,FAQ,2450,2452,2450.89,14/04/2026
Uttar Pradesh,Amethi,Sultanpur APMC,Wheat,Local,FAQ,2450,2450,2450,14/04/2026
Uttar Pradesh,Firozabad,Tundla APMC,Wheat,Dara,FAQ,2550,2550,2550,14/04/2026
Uttar Pradesh,Sambhal,Bhehjoi APMC,Wheat,Mill Quality,FAQ,2500,2590,2535.92,14/04/2026
Uttar Pradesh,Shahjahanpur,Meeranpur Katra APMC,Wheat,2329,FAQ,2280,2280,2280,14/04/2026
Uttar Pradesh,Agra,Jarar APMC,Wheat,Medium,FAQ,2425,2425,2425,14/04/2026
Uttar Pradesh,Bahraich,Rupaidiha APMC,Wheat,Other,FAQ,2300,2350,2325.06,14/04/2026
Uttar Pradesh,Jaunpur,Jaunpur APMC,Wheat,Dara,FAQ,2350,2375,2364.18,14/04/2026
Uttar Pradesh,Lalitpur,Lalitpur APMC,Wheat,Other,FAQ,2300,2600,2405.75,14/04/2026
Uttar Pradesh,Lalitpur,Lalitpur APMC,Wheat,Mill Quality,FAQ,2300,2325,2308.03,14/04/2026
Uttar Pradesh,Lucknow,Lucknow APMC,Wheat,Other,FAQ,4300,4300,4300,14/04/2026
Uttar Pradesh,Lucknow,Lucknow APMC,Wheat,Dara,FAQ,2590,2590,2590,14/04/2026
Uttar Pradesh,Mainpuri,Mainpuri APMC,Wheat,Other,FAQ,2350,2420,2354.97,14/04/2026
Uttar Pradesh,Sambhal,Muradabad APMC,Wheat,Dara,FAQ,2585,2585,2585,14/04/2026
Uttar Pradesh,Pillibhit,Pilibhit APMC,Wheat,Local,FAQ,2300,2300,2300,14/04/2026
Uttar Pradesh,Sitapur,Sitapur APMC,Wheat,Medium,FAQ,2300,2320,2305.23,14/04/2026
Uttar Pradesh,Badaun,Bisoli APMC,Wheat,343,Local,2350,2350,2350,14/04/2026
Uttar Pradesh,Badaun,Bisoli APMC,Wheat,Dara,FAQ,2350,2350,2350,14/04/2026
Uttar Pradesh,Shahjahanpur,Powayan APMC,Wheat,Medium Fine,FAQ,2300,2300,2300,14/04/2026
Uttar Pradesh,Shahjahanpur,Powayan APMC,Wheat,PBW-343,FAQ,2320,2320,2320,14/04/2026
Uttar Pradesh,Shahjahanpur,Powayan APMC,Wheat,Other,FAQ,2300,2400,2326.09,14/04/2026
Uttar Pradesh,Bulandshahar,Gulavati APMC,Wheat,Other,FAQ,2450,2453,2450.16,14/04/2026
Uttar Pradesh,Bulandshahar,Gulavati APMC,Wheat,Dara,FAQ,2450,2455,2453.06,14/04/2026
Uttar Pradesh,Maharajganj,Anandnagar APMC,Wheat,Dara,FAQ,2250,2305,2261.75,14/04/2026
Uttar Pradesh,Bahraich,Mihipurwa APMC,Wheat,Sharbati,FAQ,2400,2400,2400,14/04/2026
Uttar Pradesh,Jalaun (Orai),Madhogarh APMC,Wheat,Dara,FAQ,2590,2590,2590,14/04/2026
Uttar Pradesh,Shahjahanpur,Jalalabad APMC,Wheat,Dara Mill Quality,FAQ,2300,2310,2303.63,14/04/2026
Uttar Pradesh,Hamirpur,Raath APMC,Wheat,Deshi,FAQ,2590,2590,2590,14/04/2026
Uttar Pradesh,Hamirpur,Raath APMC,Wheat,Other,FAQ,2590,2600,2593.39,14/04/2026
Uttar Pradesh,Rampur,Milak APMC,Wheat,Dara,FAQ,2400,2550,2450.06,14/04/2026
Uttar Pradesh,Khiri (Lakhimpur),Mohammdi APMC,Wheat,Other,FAQ,2300,2300,2300,14/04/2026
Uttar Pradesh,Bareilly,Anwala APMC,Wheat,Other,FAQ,2400,2410,2402.11,14/04/2026
Uttar Pradesh,Bijnor,Chaandpur APMC,Wheat,Dara,FAQ,2600,2600,2600,14/04/2026
Uttar Pradesh,Rampur,Bilaspur APMC,Wheat,Dara,FAQ,2420,2585,2489.88,14/04/2026
Uttar Pradesh,Siddharth Nagar,Naugarh APMC,Wheat,Other,FAQ,2300,2300,2300,14/04/2026
Uttar Pradesh,Muzaffarnagar,Shahpur APMC,Wheat,Other,FAQ,2600,2600,2600,14/04/2026
Uttar Pradesh,Shravasti,Bhinga APMC,Wheat,Dara,FAQ,2430,2430,2430,14/04/2026
Uttar Pradesh,Auraiya,Auraiya APMC,Wheat,Kalawal,FAQ,2250,2250,2250,14/04/2026
Uttar Pradesh,Sitapur,Sidhauli APMC,Wheat,Dara,FAQ,2400,2410,2406.55,14/04/2026
Uttar Pradesh,Aligarh,Aligarh APMC,Wheat,Other,FAQ,2400,2400,2400,14/04/2026
Uttar Pradesh,Azamgarh,Azamgarh APMC,Wheat,Dara,FAQ,2425,2585,2443.44,14/04/2026
Uttar Pradesh,Badaun,Babrala APMC,Wheat,Dara,FAQ,2500,2500,2500,14/04/2026
Uttar Pradesh,Bahraich,Bahraich APMC,Wheat,Medium,FAQ,2430,2430,2430,14/04/2026
Uttar Pradesh,Balrampur,Balrampur APMC,Wheat,Deshi,FAQ,2330,2330,2330,14/04/2026
Uttar Pradesh,Banda,Banda APMC,Wheat,Other,FAQ,2600,2610,2601.03,14/04/2026
Uttar Pradesh,Basti,Basti APMC,Wheat,Dara,FAQ,2550,2550,2550,14/04/2026
Uttar Pradesh,Etawah,Bharthna APMC,Wheat,Dara,FAQ,2350,2350,2350,14/04/2026
Uttar Pradesh,Badaun,Bilsi APMC,Wheat,Medium,FAQ,2450,2450,2450,14/04/2026
Uttar Pradesh,Pillibhit,Bishalpur APMC,Wheat,Medium Fine,FAQ,2300,2300,2300,14/04/2026
Uttar Pradesh,Pillibhit,Bishalpur APMC,Wheat,Dara,FAQ,2300,2310,2300.23,14/04/2026
Uttar Pradesh,Sitapur,Viswan APMC,Wheat,Deshi,FAQ,2300,2300,2300,14/04/2026
Uttar Pradesh,Sambhal,Chandausi APMC,Wheat,Local,FAQ,2505,2520,2512.38,14/04/2026
Uttar Pradesh,Gorakhpur,Chorichora APMC,Wheat,Dara,FAQ,2400,2400,2400,14/04/2026
Uttar Pradesh,Aligarh,Charra APMC,Wheat,Sharbati,FAQ,2450,2450,2450,14/04/2026
Uttar Pradesh,Deoria,Devariya APMC,Wheat,Sharbati,FAQ,2421.98,2424.96,2423.01,14/04/2026
Uttar Pradesh,Lakhimpur,Golagokarnath APMC,Wheat,Dara,FAQ,2280,2300,2283.41,14/04/2026
Uttar Pradesh,Ghaziabad,Hapur APMC,Wheat,Kanak,FAQ,2600,2600,2600,14/04/2026
Uttar Pradesh,Bulandshahar,Jahangirabad APMC,Wheat,Dara,FAQ,2450,2450,2450,14/04/2026
Uttar Pradesh,Bulandshahar,Jahangirabad APMC,Wheat,Medium,FAQ,2450,2450,2450,14/04/2026
Uttar Pradesh,Bulandshahar,Jahangirabad APMC,Wheat,Dara Mill Quality,FAQ,2450,2450,2450,14/04/2026
Uttar Pradesh,Ghazipur,Jangipura APMC,Wheat,Dara,FAQ,2425,2425,2425,14/04/2026
Uttar Pradesh,Kanpur Dehat,Jhijhank APMC,Wheat,Dara,FAQ,2280,2280,2280,14/04/2026
Uttar Pradesh,Jalaun (Orai),Kadaura APMC,Wheat,Deshi,FAQ,2585,2585,2585,14/04/2026
Uttar Pradesh,Jalaun (Orai),Konch APMC,Wheat,Other,FAQ,2585,2585,2585,14/04/2026
Uttar Pradesh,Mathura,Kosikalan APMC,Wheat,Dara,FAQ,2450,2450.4,2450.01,14/04/2026
Uttar Pradesh,Mathura,Kosikalan APMC,Wheat,Medium,FAQ,2450,2450,2450,14/04/2026
Uttar Pradesh,Mathura,Kosikalan APMC,Wheat,Wheat-Organic,FAQ,2450,2450,2450,14/04/2026
Uttar Pradesh,Meerut,Mawana APMC,Wheat,Dara,FAQ,2590,2600,2597.14,14/04/2026
Uttar Pradesh,Maharajganj,Nautnava APMC,Wheat,Dara,FAQ,2250,2300,2250.88,14/04/2026
Uttar Pradesh,Pillibhit,Puranpur APMC,Wheat,Other,FAQ,2300,2320,2308.96,14/04/2026
Uttar Pradesh,Rampur,Rampur APMC,Wheat,Other,FAQ,2600,2600,2600,14/04/2026
Uttar Pradesh,Sonbhadra,Robertsganj APMC,Wheat,Dara,FAQ,2400,2400,2400,14/04/2026
Uttar Pradesh,Kanpur Dehat,Rura APMC,Wheat,Sharbati,FAQ,2300,2300,2300,14/04/2026
Uttar Pradesh,Barabanki,Safdarganj APMC,Wheat,Hybrid,FAQ,2400,2400,2400,14/04/2026
Uttar Pradesh,Hardoi,Shahabad(New Mandi) APMC,Wheat,Dara,FAQ,2400,2405,2400.14,14/04/2026
Uttar Pradesh,Hathras,Sikandraraau APMC,Wheat,Dara,FAQ,2585,2585,2585,14/04/2026
Uttar Pradesh,Shahjahanpur,Tilhar APMC,Wheat,Dara,FAQ,2300,2300,2300,14/04/2026
Uttar Pradesh,Balrampur,Tulsipur APMC,Wheat,Other,FAQ,2450,2450,2450,14/04/2026
Uttar Pradesh,Firozabad,Tundla APMC,Wheat,Local,FAQ,2550,2550,2550,14/04/2026
Uttar Pradesh,Firozabad,Tundla APMC,Wheat,Medium,FAQ,2550,2550,2550,14/04/2026
Uttar Pradesh,Hardoi,Sandila APMC,Wheat,Dara,FAQ,2350,2350,2350,14/04/2026
Uttar Pradesh,Shahjahanpur,Meeranpur Katra APMC,Wheat,Other,FAQ,2280,2390,2289.05,14/04/2026
Uttar Pradesh,Agra,Jagnair APMC,Wheat,Medium,FAQ,2350,2355,2351.35,14/04/2026
Uttar Pradesh,Kanpur,Kanpur(Grain) APMC,Wheat,Dara Mill Quality,FAQ,2300,2300,2300,14/04/2026
Uttar Pradesh,Mainpuri,Mainpuri APMC,Wheat,Medium,FAQ,2350,2400,2359,14/04/2026
Uttar Pradesh,Sambhal,Muradabad APMC,Wheat,Other,FAQ,2585,2585,2585,14/04/2026
Uttar Pradesh,Shahjahanpur,Shahjahanpur APMC,Wheat,Other,FAQ,2300,2300,2300,14/04/2026
Uttar Pradesh,Sitapur,Sitapur APMC,Wheat,Other,FAQ,2300,2300,2300,14/04/2026
Uttar Pradesh,Varanasi,Varanasi APMC,Wheat,Dara,FAQ,2425,2425,2425,14/04/2026
Uttar Pradesh,Varanasi,Varanasi APMC,Wheat,Other,FAQ,2425,2425,2425,14/04/2026
Uttar Pradesh,Siddharth Nagar,Shohratgarh APMC,Wheat,Dara,FAQ,2350,2350,2350,14/04/2026
Uttar Pradesh,Baghpat,Baraut APMC,Wheat,Local,FAQ,2600,2600,2600,14/04/2026
Uttar Pradesh,Badaun,Islam Nagar APMC,Wheat,Medium,FAQ,2350,2350,2350,14/04/2026
Uttar Pradesh,Kushinagar,Kushinagar APMC,Wheat,Dara,FAQ,2350,2350,2350,14/04/2026
Uttar Pradesh,Bulandshahar,Sikanderabad APMC,Wheat,Dara Mill Quality,FAQ,2585,2585,2585,14/04/2026
Uttar Pradesh,Bulandshahar,Sikanderabad APMC,Wheat,Other,FAQ,2458,2587,2527.58,14/04/2026
Uttar Pradesh,Banda,Atarra APMC,Wheat,Medium,FAQ,2600,2600,2600,14/04/2026
Uttar Pradesh,Gorakhpur,Gorakhpur APMC,Wheat,Medium,FAQ,2350,2350,2350,14/04/2026
Uttar Pradesh,Gorakhpur,Sehjanwa APMC,Wheat,Dara,FAQ,2400,2450,2423.97,14/04/2026
Uttar Pradesh,Saharanpur,Nanuta APMC,Wheat,Other,FAQ,2600,2600,2600,14/04/2026
Uttar Pradesh,Bahraich,Mihipurwa APMC,Wheat,Hybrid,FAQ,2400,2400,2400,14/04/2026
Uttar Pradesh,Jalaun (Orai),Madhogarh APMC,Wheat,Local,FAQ,2590,2590,2590,14/04/2026
Uttar Pradesh,Khiri (Lakhimpur),Maigalganj APMC,Wheat,Dara,FAQ,2250,2300,2261.94,14/04/2026
Uttar Pradesh,Unnao,Purwa APMC,Wheat,Dara,FAQ,2350,2350,2350,14/04/2026
Uttar Pradesh,Saharanpur,Gangoh APMC,Wheat,Wheat-Organic,FAQ,2325,2350,2336.1,14/04/2026
Uttar Pradesh,Saharanpur,Gangoh APMC,Wheat,Other,FAQ,2320,2400,2337.08,14/04/2026
Uttar Pradesh,Kanpur Dehat,Pukharayan APMC,Wheat,Deshi,FAQ,2300,2300,2300,14/04/2026
Uttar Pradesh,Bareilly,Baheri APMC,Wheat,Dara,FAQ,2300,2315,2304.14,14/04/2026
Uttar Pradesh,Siddharth Nagar,Naugarh APMC,Wheat,Dara,FAQ,2300,2450,2359.45,14/04/2026
Uttar Pradesh,Mahoba,Charkhari APMC,Wheat,Dara,FAQ,2590,2592,2590.21,14/04/2026
Uttar Pradesh,Banda,Baberu APMC,Wheat,Dara,FAQ,2600,2600,2600,14/04/2026
Uttar Pradesh,Shravasti,Bhinga APMC,Wheat,Medium,FAQ,2430,2430,2430,14/04/2026
Uttar Pradesh,Auraiya,Auraiya APMC,Wheat,Sharbati,FAQ,2250,2250,2250,14/04/2026
Uttar Pradesh,Auraiya,Auraiya APMC,Wheat,Hybrid,FAQ,2250,2250,2250,14/04/2026
Uttar Pradesh,Jalaun (Orai),Orai APMC,Wheat,Other,FAQ,2585,2585,2585,14/04/2026
Uttar Pradesh,Badaun,Babrala APMC,Wheat,Other,Local,2595,2600,2598,14/04/2026
Uttar Pradesh,Ballia,Ballia APMC,Wheat,Dara,FAQ,2600,2600,2600,14/04/2026
Uttar Pradesh,Banda,Banda APMC,Wheat,Deshi,FAQ,2600,2600,2600,14/04/2026
Uttar Pradesh,Bareilly,Bareilly APMC,Wheat,Dara,FAQ,2300,2320,2302.06,14/04/2026
Uttar Pradesh,Basti,Basti APMC,Wheat,Medium,FAQ,2450,2450,2450,14/04/2026
Uttar Pradesh,Pillibhit,Bishalpur APMC,Wheat,Dara Mill Quality,FAQ,2300,2300,2300,14/04/2026
Uttar Pradesh,Bulandshahar,Buland Shahr APMC,Wheat,Other,FAQ,2450,2455,2450.02,14/04/2026
Uttar Pradesh,Sambhal,Chandausi APMC,Wheat,Other,FAQ,2500,2500,2500,14/04/2026
Uttar Pradesh,Aligarh,Charra APMC,Wheat,Super Fine,FAQ,2450,2450,2450,14/04/2026
Uttar Pradesh,Jhansi,Chirgaon APMC,Wheat,Other,FAQ,2585,2586,2585.43,14/04/2026
Uttar Pradesh,Gautam Budh Nagar,Dadri APMC,Wheat,Dara,FAQ,2590,2590,2590,14/04/2026
Uttar Pradesh,Deoria,Devariya APMC,Wheat,Other,FAQ,2375,2400,2395.88,14/04/2026
Uttar Pradesh,Deoria,Devariya APMC,Wheat,White,FAQ,2390,2410,2403.35,14/04/2026
Uttar Pradesh,Bulandshahar,Divai APMC,Wheat,Dara,FAQ,2400,2450,2432.26,14/04/2026
Uttar Pradesh,Mau(Maunathbhanjan),Doharighat APMC,Wheat,Dara,FAQ,2500,2500,2500,14/04/2026
Uttar Pradesh,Jhansi,Jhansi APMC,Wheat,Mill Quality,FAQ,2350,2355,2351.64,14/04/2026
Uttar Pradesh,Jalaun (Orai),Kalpi APMC,Wheat,Dara,FAQ,2585,2585,2585,14/04/2026
Uttar Pradesh,Hamirpur,Kurara APMC,Wheat,Dara,FAQ,2600,2600,2600,14/04/2026
Uttar Pradesh,Hardoi,Madhoganj APMC,Wheat,Dara Mill Quality,FAQ,2280,2280,2280,14/04/2026
Uttar Pradesh,Lalitpur,Mehrauni APMC,Wheat,Other,FAQ,2340,2341,2340.02,14/04/2026
Uttar Pradesh,Hamirpur,Maudaha APMC,Wheat,Coarse,FAQ,2585,2585,2585,14/04/2026
Uttar Pradesh,Hamirpur,Muskara APMC,Wheat,Other,FAQ,2585,2585,2585,14/04/2026
Uttar Pradesh,Muzaffarnagar,Muzzafarnagar APMC,Wheat,Local,FAQ,2590,2590,2590,14/04/2026
Uttar Pradesh,Muzaffarnagar,Muzzafarnagar APMC,Wheat,Other,FAQ,2590,2590,2590,14/04/2026
Uttar Pradesh,Bahraich,Naanpara APMC,Wheat,Dara,FAQ,2300,2300,2300,14/04/2026
Uttar Pradesh,Shravasti,Payagpur APMC,Wheat,Dara,FAQ,2425,2425,2425,14/04/2026
Uttar Pradesh,Prayagraj,Prayagraj APMC,Wheat,Dara,FAQ,2250,2250,2250,14/04/2026
Uttar Pradesh,Kanpur Dehat,Rura APMC,Wheat,Dara,FAQ,2300,2300,2300,14/04/2026
Uttar Pradesh,Kanpur Dehat,Rura APMC,Wheat,Medium,FAQ,2300,2300,2300,14/04/2026
Uttar Pradesh,Barabanki,Safdarganj APMC,Wheat,Deshi,FAQ,2400,2400,2400,14/04/2026
Uttar Pradesh,Siddharth Nagar,Sahiyapur APMC,Wheat,Sharbati,FAQ,2430,2430,2430,14/04/2026
Uttar Pradesh,Hardoi,Sandi APMC,Wheat,Dara,FAQ,2300,2300,2300,14/04/2026
Uttar Pradesh,Rampur,Shahabad APMC,Wheat,Deshi,FAQ,2590,2590,2590,14/04/2026
Uttar Pradesh,Bulandshahar,Siyana APMC,Wheat,Dara,FAQ,2590,2600,2595,14/04/2026
Uttar Pradesh,Amethi,Sultanpur APMC,Wheat,Dara,FAQ,2450,2450,2450,14/04/2026
Uttar Pradesh,Badaun,Ujhani APMC,Wheat,Dara,FAQ,2450,2452,2450.06,14/04/2026
Uttar Pradesh,Unnao,Unnao APMC,Wheat,Dara Mill Quality,FAQ,2450,2450,2450,14/04/2026
Uttar Pradesh,Ambedkarnagar,Tanda Akbarpur APMC,Wheat,Dara,FAQ,2425,2425,2425,14/04/2026
Uttar Pradesh,Sitapur,Maholi APMC,Wheat,Dara,FAQ,2300,2300,2300,14/04/2026
Uttar Pradesh,Bahraich,Rupaidiha APMC,Wheat,Dara,FAQ,2300,2300,2300,14/04/2026
Uttar Pradesh,Lalitpur,Lalitpur APMC,Wheat,Deshi,FAQ,2300,2300,2300,14/04/2026
Uttar Pradesh,Mainpuri,Mainpuri APMC,Wheat,Dara,FAQ,2350,2351,2350.84,14/04/2026
Uttar Pradesh,Mainpuri,Mainpuri APMC,Wheat,Wheat-Organic,FAQ,2350,2350,2350,14/04/2026
Uttar Pradesh,Pillibhit,Pilibhit APMC,Wheat,Medium,FAQ,2300,2303,2301.6,14/04/2026
Uttar Pradesh,Pillibhit,Pilibhit APMC,Wheat,Other,FAQ,2300,2345,2331.49,14/04/2026
Uttar Pradesh,Shahjahanpur,Shahjahanpur APMC,Wheat,Medium Fine,FAQ,2300,2302,2300.13,14/04/2026
Uttar Pradesh,Siddharth Nagar,Shohratgarh APMC,Wheat,Dara Mill Quality,FAQ,2350,2350,2350,14/04/2026
Uttar Pradesh,Badaun,Badayoun APMC,Wheat,Medium,FAQ,2450,2450,2450,14/04/2026
Uttar Pradesh,Badaun,Islam Nagar APMC,Wheat,Deshi,FAQ,2360,2360,2360,14/04/2026
Uttar Pradesh,Kushinagar,Kushinagar APMC,Wheat,Deshi,FAQ,2350,2350,2350,14/04/2026
Uttar Pradesh,Bulandshahar,Sikanderabad APMC,Wheat,Medium,FAQ,2455,2460,2458.99,14/04/2026
Uttar Pradesh,Bulandshahar,Sikanderabad APMC,Wheat,Local,FAQ,2455,2577,2468.78,14/04/2026
Uttar Pradesh,Gorakhpur,Gorakhpur APMC,Wheat,Dara,FAQ,2200,2585,2369.27,14/04/2026
Uttar Pradesh,Kasganj,Ganj Dundwara APMC,Wheat,Other,FAQ,2585,2585,2585,14/04/2026
Uttar Pradesh,Kasganj,Ganj Dundwara APMC,Wheat,Dara,FAQ,2585,2585,2585,14/04/2026
Uttar Pradesh,Gautam Budh Nagar,Jewar APMC,Wheat,Deshi,FAQ,2585,2585,2585,14/04/2026
Uttar Pradesh,Shahjahanpur,Jalalabad APMC,Wheat,Deshi,FAQ,2300,2300,2300,14/04/2026
Uttar Pradesh,Shahjahanpur,Jalalabad APMC,Wheat,2329,FAQ,2300,2300,2300,14/04/2026
Uttar Pradesh,Shahjahanpur,Jalalabad APMC,Wheat,Other,FAQ,2300,2320,2302.58,14/04/2026
Uttar Pradesh,Shahjahanpur,Jalalabad APMC,Wheat,Dara,FAQ,2300,2300,2300,14/04/2026
Uttar Pradesh,Siddharth Nagar,Bansi APMC,Wheat,Dara,FAQ,2350,2350,2350,14/04/2026
Uttar Pradesh,Khiri (Lakhimpur),Mohammdi APMC,Wheat,Medium,FAQ,2300,2300,2300,14/04/2026
Uttar Pradesh,Khiri (Lakhimpur),Mohammdi APMC,Wheat,Dara,FAQ,2300,2310,2302.86,14/04/2026
Uttar Pradesh,Saharanpur,Gangoh APMC,Wheat,Medium,FAQ,2325,2560,2390.69,14/04/2026
Uttar Pradesh,Kanpur Dehat,Pukharayan APMC,Wheat,Dara Mill Quality,FAQ,2300,2300,2300,14/04/2026
Uttar Pradesh,Bareilly,Baheri APMC,Wheat,PBW-226,FAQ,2340,2350,2345.13,14/04/2026
Uttar Pradesh,Auraiya,Dibiapur APMC,Wheat,Dara,FAQ,2300,2300,2300,14/04/2026
Uttar Pradesh,Rampur,Bilaspur APMC,Wheat,Other,FAQ,2420,2420,2420,14/04/2026
Uttar Pradesh,Badaun,Dataganj APMC,Wheat,Other,FAQ,2250,2450,2320,14/04/2026
Uttar Pradesh,Badaun,Dataganj APMC,Wheat,Dara,FAQ,2450,2450,2450,14/04/2026
Uttar Pradesh,Banda,Baberu APMC,Wheat,Deshi,FAQ,2600,2600,2600,14/04/2026
Uttar Pradesh,Shravasti,Bhinga APMC,Wheat,Deshi,FAQ,2585,2585,2585,14/04/2026
Uttar Pradesh,Shravasti,Bhinga APMC,Wheat,Other,FAQ,2430,2440,2430.56,14/04/2026
Uttar Pradesh,Auraiya,Auraiya APMC,Wheat,Coarse,FAQ,2250,2250,2250,14/04/2026
Uttar Pradesh,Auraiya,Auraiya APMC,Wheat,Dara Mill Quality,FAQ,2250,2250,2250,14/04/2026
Uttar Pradesh,Auraiya,Auraiya APMC,Wheat,C-83,FAQ,2250,2250,2250,14/04/2026
Uttar Pradesh,Mau(Maunathbhanjan),Kopaganj APMC,Wheat,Dara,FAQ,2585,2585,2585,14/04/2026
Uttar Pradesh,Maharajganj,Partaval APMC,Wheat,Other,FAQ,2200,2250,2214.13,14/04/2026
Uttar Pradesh,Fatehpur,Khaga APMC,Wheat,Dara,FAQ,2400,2400,2400,14/04/2026
Uttar Pradesh,Etah,Aliganj APMC,Wheat,Dara,FAQ,2600,2600,2600,14/04/2026
Uttar Pradesh,Chitrakut,Karvi APMC,Wheat,Other,FAQ,2585,2585,2585,14/04/2026
Uttar Pradesh,Agra,Achnera APMC,Wheat,Dara Mill Quality,FAQ,2325,2350,2338.54,14/04/2026
Uttar Pradesh,Aligarh,Aligarh APMC,Wheat,Dara,FAQ,2400,2410,2403.16,14/04/2026
Uttar Pradesh,Aligarh,Aligarh APMC,Wheat,PBW-343,FAQ,2405,2405,2405,14/04/2026
Uttar Pradesh,Azamgarh,Azamgarh APMC,Wheat,Other,FAQ,2425,2425,2425,14/04/2026
Uttar Pradesh,Bahraich,Bahraich APMC,Wheat,Dara,FAQ,2430,2500,2482.89,14/04/2026
Uttar Pradesh,Balrampur,Balrampur APMC,Wheat,Local,FAQ,2300,2300,2300,14/04/2026
Uttar Pradesh,Unnao,Bangarmau APMC,Wheat,Dara,FAQ,2300,2300,2300,14/04/2026
Uttar Pradesh,Barabanki,Barabanki APMC,Wheat,Mill Quality,FAQ,2400,2400,2400,14/04/2026
Uttar Pradesh,Ballia,Vilthararoad APMC,Wheat,Dara,FAQ,2585,2585,2585,14/04/2026
Uttar Pradesh,Fatehpur,Bindki APMC,Wheat,Dara Mill Quality,FAQ,2300,2320,2310.75,14/04/2026
Uttar Pradesh,Fatehpur,Bindki APMC,Wheat,Other,FAQ,2300,2300,2300,14/04/2026
Uttar Pradesh,Sitapur,Viswan APMC,Wheat,Dara,FAQ,2300,2300,2300,14/04/2026
Uttar Pradesh,Aligarh,Charra APMC,Wheat,Dara,FAQ,2300,2350,2325,14/04/2026
Uttar Pradesh,Aligarh,Charra APMC,Wheat,Deshi,FAQ,2450,2450,2450,14/04/2026
Uttar Pradesh,Etah,Etah APMC,Wheat,Dara,FAQ,2600,2600,2600,14/04/2026
Uttar Pradesh,Jhansi,Gurusarai APMC,Wheat,Medium,FAQ,2585,2585,2585,14/04/2026
Uttar Pradesh,Sitapur,Hargaon (Laharpur) APMC,Wheat,Dara Mill Quality,FAQ,2400,2400,2400,14/04/2026
Uttar Pradesh,Amethi,Jafarganj APMC,Wheat,Dara,FAQ,2600,2600,2600,14/04/2026
Uttar Pradesh,Bulandshahar,Jahangirabad APMC,Wheat,Other,FAQ,2450,2455,2451.47,14/04/2026
Uttar Pradesh,Ghazipur,Jangipura APMC,Wheat,Other,FAQ,2425,2425,2425,14/04/2026
Uttar Pradesh,Prayagraj,Jasra APMC,Wheat,Dara,FAQ,2300,2300,2300,14/04/2026
Uttar Pradesh,Farukhabad,Kayamganj APMC,Wheat,Other,FAQ,2400,2400,2400,14/04/2026
Uttar Pradesh,Kasganj,Kasganj APMC,Wheat,Dara,FAQ,2585,2585,2585,14/04/2026
Uttar Pradesh,Kasganj,Kasganj APMC,Wheat,Medium,FAQ,2585,2585,2585,14/04/2026
Uttar Pradesh,Aligarh,Khair APMC,Wheat,Dara,FAQ,2300,2300,2300,14/04/2026
Uttar Pradesh,Aligarh,Khair APMC,Wheat,Other,FAQ,2300,2300.92,2300.02,14/04/2026
Uttar Pradesh,Mathura,Kosikalan APMC,Wheat,Other,FAQ,2450,2452,2451.28,14/04/2026
Uttar Pradesh,Hamirpur,Maudaha APMC,Wheat,Dara Mill Quality,FAQ,2585,2585,2585,14/04/2026
Uttar Pradesh,Hamirpur,Maudaha APMC,Wheat,Deshi,FAQ,2585,2585,2585,14/04/2026
Uttar Pradesh,Meerut,Mawana APMC,Wheat,PBW-343,FAQ,2588,2588,2588,14/04/2026
Uttar Pradesh,Mirzapur,Mirzapur APMC,Wheat,Other,FAQ,2500,2500,2500,14/04/2026
Uttar Pradesh,Jhansi,Moth APMC,Wheat,Dara,FAQ,2600,2600,2600,14/04/2026
Uttar Pradesh,Gonda,Nawabganj APMC,Wheat,Dara,FAQ,2350,2350,2350,14/04/2026
Uttar Pradesh,Pillibhit,Puranpur APMC,Wheat,Medium,FAQ,2300,2300,2300,14/04/2026
Uttar Pradesh,Pillibhit,Puranpur APMC,Wheat,Dara,FAQ,2300,2340,2302.3,14/04/2026
Uttar Pradesh,Sonbhadra,Robertsganj APMC,Wheat,Other,FAQ,2400,2400,2400,14/04/2026
Uttar Pradesh,Ayodhya,Rudauli APMC,Wheat,Dara,FAQ,2450,2450,2450,14/04/2026
Uttar Pradesh,Kanpur Dehat,Rura APMC,Wheat,2329,FAQ,2300,2300,2300,14/04/2026
Uttar Pradesh,Kanpur Dehat,Rura APMC,Wheat,Bansi,FAQ,2300,2300,2300,14/04/2026
Uttar Pradesh,Siddharth Nagar,Sahiyapur APMC,Wheat,Dara,FAQ,2430,2585,2431.06,14/04/2026
Uttar Pradesh,Siddharth Nagar,Sahiyapur APMC,Wheat,Other,FAQ,2430,2430,2430,14/04/2026
Uttar Pradesh,Jaunpur,Shahganj APMC,Wheat,Dara,FAQ,2350,2450,2354.64,14/04/2026
Uttar Pradesh,Bulandshahar,Sikarpur APMC,Wheat,Other,FAQ,2450,2450,2450,14/04/2026
Uttar Pradesh,Amethi,Sultanpur APMC,Wheat,Deshi,FAQ,2451,2471,2460.7,14/04/2026
Uttar Pradesh,Khiri (Lakhimpur),Tikonia APMC,Wheat,Dara,FAQ,2300,2400,2302.15,14/04/2026
Uttar Pradesh,Shahjahanpur,Tilhar APMC,Wheat,Other,FAQ,2300,2300,2300,14/04/2026
Uttar Pradesh,Unnao,Unnao APMC,Wheat,Other,FAQ,2450,2450,2450,14/04/2026
Uttar Pradesh,Kanpur,Uttaripura APMC,Wheat,Dara,FAQ,2350,2350,2350,14/04/2026
Uttar Pradesh,Badaun,Wazirganj APMC,Wheat,Wheat-Organic,FAQ,2415,2415,2415,14/04/2026
Uttar Pradesh,Badaun,Wazirganj APMC,Wheat,Dara,FAQ,2410,2410,2410,14/04/2026
Uttar Pradesh,Hardoi,Sandila APMC,Wheat,Dara Mill Quality,FAQ,2350,2350,2350,14/04/2026
Uttar Pradesh,Bahraich,Risia APMC,Wheat,Dara,FAQ,2250,2320,2269.58,14/04/2026
Uttar Pradesh,Hardoi,Hardoi APMC,Wheat,Dara,FAQ,2250,2398,2267.37,14/04/2026
Uttar Pradesh,Hardoi,Hardoi APMC,Wheat,Medium,FAQ,2250,2250,2250,14/04/2026
Uttar Pradesh,Jaunpur,Jaunpur APMC,Wheat,Medium,FAQ,2350,2350,2350,14/04/2026
Uttar Pradesh,Jaunpur,Jaunpur APMC,Wheat,Dara Mill Quality,FAQ,2361,2364,2362.34,14/04/2026
Uttar Pradesh,Kanpur,Kanpur(Grain) APMC,Wheat,Dara,FAQ,2300,2320,2316.69,14/04/2026
Uttar Pradesh,Lalitpur,Lalitpur APMC,Wheat,Medium,FAQ,2403,2443,2421.6,14/04/2026
Uttar Pradesh,Pillibhit,Pilibhit APMC,Wheat,Dara,FAQ,2300,2425,2304.3,14/04/2026
Uttar Pradesh,Shahjahanpur,Shahjahanpur APMC,Wheat,Dara,FAQ,2300,2300,2300,14/04/2026
Uttar Pradesh,Badaun,Badayoun APMC,Wheat,Other,FAQ,2450,2450,2450,14/04/2026
Uttar Pradesh,Shahjahanpur,Powayan APMC,Wheat,U.P. 301,FAQ,2310,2310,2310,14/04/2026
Uttar Pradesh,Gorakhpur,Gorakhpur APMC,Wheat,Other,FAQ,2200,2380,2227.25,14/04/2026
Uttar Pradesh,Raebarelli,Lalganj APMC,Wheat,Dara,FAQ,2400,2400,2400,14/04/2026
Uttar Pradesh,Gautam Budh Nagar,Jewar APMC,Wheat,Other,FAQ,2585,2585,2585,14/04/2026
Uttar Pradesh,Shahjahanpur,Jalalabad APMC,Wheat,2189 No. 2,FAQ,2300,2300,2300,14/04/2026
Uttar Pradesh,Hamirpur,Raath APMC,Wheat,Medium,FAQ,2590,2590,2590,14/04/2026
Uttar Pradesh,Kanpur Dehat,Pukharayan APMC,Wheat,Dara,FAQ,2300,2300,2300,14/04/2026
Uttar Pradesh,Kanpur Dehat,Pukharayan APMC,Wheat,Other,FAQ,2300,2300,2300,14/04/2026
Uttar Pradesh,Agra,Fatehpur Sikri APMC,Wheat,Dara,FAQ,2300,2300,2300,14/04/2026
Uttar Pradesh,Amroha,Dhanaura APMC,Wheat,Dara,FAQ,2590,2590,2590,14/04/2026
Uttar Pradesh,Shravasti,Bhinga APMC,Wheat,Hybrid,FAQ,2431,2435,2433.46,14/04/2026
Uttar Pradesh,Agra,Agra APMC,Wheat,Medium,FAQ,2740,2740,2740,14/04/2026
Uttar Pradesh,Auraiya,Auraiya APMC,Wheat,Medium,FAQ,2230,2280,2244.92,14/04/2026
Uttar Pradesh,Auraiya,Auraiya APMC,Wheat,Other,FAQ,2220,2220,2220,14/04/2026
Uttar Pradesh,Auraiya,Auraiya APMC,Wheat,Medium Fine,FAQ,2250,2250,2250,14/04/2026
Uttar Pradesh,Maharajganj,Partaval APMC,Wheat,PBW-343,FAQ,2200,2200,2200,14/04/2026
Uttar Pradesh,Maharajganj,Partaval APMC,Wheat,Sharbati,FAQ,2200,2200,2200,14/04/2026
Uttar Pradesh,Maharajganj,Partaval APMC,Wheat,Dara,FAQ,2200,2350,2208.98,14/04/2026
Uttar Pradesh,Chitrakut,Karvi APMC,Wheat,Dara Mill Quality,FAQ,2585,2585,2585,14/04/2026
Uttar Pradesh,Agra,Achnera APMC,Wheat,Sharbati,FAQ,2600,2600,2600,14/04/2026
Uttar Pradesh,Agra,Achnera APMC,Wheat,Dara,FAQ,2325,2450,2351.95,14/04/2026
Uttar Pradesh,Balrampur,Utraula APMC,Wheat,Dara,FAQ,2405,2405,2405,14/04/2026
Uttar Pradesh,Aligarh,Atrauli APMC,Wheat,Dara,FAQ,2400,2500,2450,14/04/2026
Uttar Pradesh,Ayodhya,Ayodhya APMC,Wheat,Deshi,FAQ,2300,2300,2300,14/04/2026
Uttar Pradesh,Ayodhya,Ayodhya APMC,Wheat,Dara Mill Quality,FAQ,2300,2300,2300,14/04/2026
Uttar Pradesh,Badaun,Babrala APMC,Wheat,Other,FAQ,2500,2501,2500.65,14/04/2026
Uttar Pradesh,Balrampur,Balrampur APMC,Wheat,Dara,FAQ,2300,2300,2300,14/04/2026
Uttar Pradesh,Banda,Banda APMC,Wheat,PBW-343,FAQ,2600,2600,2600,14/04/2026
Uttar Pradesh,Barabanki,Barabanki APMC,Wheat,Dara,FAQ,2400,2500,2425.57,14/04/2026
Uttar Pradesh,Bareilly,Bareilly APMC,Wheat,Other,FAQ,2300,2304,2300.97,14/04/2026
Uttar Pradesh,Sitapur,Viswan APMC,Wheat,Local,FAQ,2300,2315,2302.7,14/04/2026
Uttar Pradesh,Aligarh,Charra APMC,Wheat,Medium,FAQ,2450,2450,2450,14/04/2026
Uttar Pradesh,Aligarh,Charra APMC,Wheat,Other,FAQ,2450,2450,2450,14/04/2026
Uttar Pradesh,Aligarh,Charra APMC,Wheat,Hybrid,FAQ,2450,2451,2450.09,14/04/2026
Uttar Pradesh,Gautam Budh Nagar,Dadri APMC,Wheat,Deshi,FAQ,2590,2590,2590,14/04/2026
Uttar Pradesh,Deoria,Devariya APMC,Wheat,Sonalika,FAQ,2404.54,2404.54,2404.54,14/04/2026
Uttar Pradesh,Deoria,Devariya APMC,Wheat,Dara,FAQ,2375,2375,2375,14/04/2026
Uttar Pradesh,Deoria,Devariya APMC,Wheat,Hybrid,FAQ,2403.18,2403.18,2403.18,14/04/2026
Uttar Pradesh,Gonda,Colonelganj APMC,Wheat,Dara Mill Quality,FAQ,2450,2450,2450,14/04/2026
Uttar Pradesh,Gonda,Colonelganj APMC,Wheat,Dara,FAQ,2450,2450,2450,14/04/2026
Uttar Pradesh,Fatehpur,Fatehpur APMC,Wheat,Medium,FAQ,2400,2400,2400,14/04/2026
Uttar Pradesh,Fatehpur,Fatehpur APMC,Wheat,Dara,FAQ,2400,2400,2400,14/04/2026
Uttar Pradesh,Ghaziabad,Hapur APMC,Wheat,Dara,FAQ,2585,2590,2585.8,14/04/2026
Uttar Pradesh,Ghaziabad,Hapur APMC,Wheat,Dara Mill Quality,FAQ,2585,2585,2585,14/04/2026
Uttar Pradesh,Hathras,Haathras APMC,Wheat,Dara,FAQ,2586,2601,2591.86,14/04/2026
Uttar Pradesh,Raebarelli,Jayas APMC,Wheat,Dara,FAQ,2300,2325,2301.02,14/04/2026
Uttar Pradesh,Prayagraj,Jasra APMC,Wheat,Medium,FAQ,2300,2300,2300,14/04/2026
Uttar Pradesh,Bulandshahar,Khurja APMC,Wheat,PBW-343,FAQ,2450,2450,2450,14/04/2026
Uttar Pradesh,Mahoba,Mahoba APMC,Wheat,Dara,FAQ,2586,2586,2586,14/04/2026
Uttar Pradesh,Mathura,Mathura APMC,Wheat,Medium,FAQ,2400,2400,2400,14/04/2026
Uttar Pradesh,Mirzapur,Mirzapur APMC,Wheat,Medium,FAQ,2500,2500,2500,14/04/2026
Uttar Pradesh,Balrampur,Panchpedwa APMC,Wheat,Dara,FAQ,2400,2400,2400,14/04/2026
Uttar Pradesh,Lakhimpur,Paliakala APMC,Wheat,Dara,FAQ,2300,2300,2300,14/04/2026
Uttar Pradesh,Pratapgarh,Pratapgarh APMC,Wheat,Dara,FAQ,2300,2300,2300,14/04/2026
Uttar Pradesh,Pillibhit,Puranpur APMC,Wheat,147 Average,FAQ,2300,2300,2300,14/04/2026
Uttar Pradesh,Pillibhit,Puranpur APMC,Wheat,Mill Quality,FAQ,2300,2400,2318.12,14/04/2026
Uttar Pradesh,Pillibhit,Puranpur APMC,Wheat,Deshi,FAQ,2310,2310,2310,14/04/2026
Uttar Pradesh,Raebarelli,Raibareilly APMC,Wheat,Dara,FAQ,2400,2505,2419.38,14/04/2026
Uttar Pradesh,Rampur,Rampur APMC,Wheat,Dara,FAQ,2585,2585,2585,14/04/2026
Uttar Pradesh,Sonbhadra,Robertsganj APMC,Wheat,Wheat-Organic,FAQ,2400,2400,2400,14/04/2026
Uttar Pradesh,Kanpur Dehat,Rura APMC,Wheat,PBW-343,FAQ,2300,2300,2300,14/04/2026
Uttar Pradesh,Barabanki,Safdarganj APMC,Wheat,Dara,FAQ,2400,2400,2400,14/04/2026
Uttar Pradesh,Raebarelli,Salon APMC,Wheat,Dara,FAQ,2325,2325,2325,14/04/2026
Uttar Pradesh,Sambhal,Sambhal APMC,Wheat,PBW-343,FAQ,2595,2595,2595,14/04/2026
Uttar Pradesh,Rampur,Shahabad APMC,Wheat,Other,FAQ,2400,2590.01,2417.68,14/04/2026
Uttar Pradesh,Jaunpur,Shahganj APMC,Wheat,Other,FAQ,2500,2500,2500,14/04/2026
Uttar Pradesh,Bulandshahar,Siyana APMC,Wheat,Other,FAQ,2590,2590,2590,14/04/2026
Uttar Pradesh,Amethi,Sultanpur APMC,Wheat,Other,FAQ,2450,2450,2450,14/04/2026
Uttar Pradesh,Shahjahanpur,Tilhar APMC,Wheat,Wheat-Organic,FAQ,2300,2300,2300,14/04/2026
Uttar Pradesh,Badaun,Ujhani APMC,Wheat,Other,FAQ,2450,2450,2450,14/04/2026
Uttar Pradesh,Unnao,Unnao APMC,Wheat,Dara,FAQ,2450,2450,2450,14/04/2026
Uttar Pradesh,Kanpur,Uttaripura APMC,Wheat,Other,FAQ,2350,2350,2350,14/04/2026
Uttar Pradesh,Kanpur,Uttaripura APMC,Wheat,Medium,FAQ,2350,2350,2350,14/04/2026
Uttar Pradesh,Sambhal,Bhehjoi APMC,Wheat,Other,FAQ,2500,2520,2503.02,14/04/2026
Uttar Pradesh,Sitapur,Maholi APMC,Wheat,Wheat-Organic,FAQ,2300,2300,2300,14/04/2026
Uttar Pradesh,Shahjahanpur,Meeranpur Katra APMC,Wheat,Medium Fine,FAQ,2280,2280,2280,14/04/2026
Uttar Pradesh,Shahjahanpur,Meeranpur Katra APMC,Wheat,Dara,FAQ,2280,2300,2286.96,14/04/2026
Uttar Pradesh,Shahjahanpur,Meeranpur Katra APMC,Wheat,Medium,FAQ,2280,2300,2289.25,14/04/2026
Uttar Pradesh,Maharajganj,Gadaura APMC,Wheat,Dara,FAQ,2400,2405,2400.07,14/04/2026
Uttar Pradesh,Agra,Jarar APMC,Wheat,Dara,FAQ,2425,2425,2425,14/04/2026
Uttar Pradesh,Hardoi,Hardoi APMC,Wheat,Mill Quality,FAQ,2350,2350,2350,14/04/2026
Uttar Pradesh,Hardoi,Hardoi APMC,Wheat,Other,FAQ,2250,2250,2250,14/04/2026
Uttar Pradesh,Kanpur,Kanpur(Grain) APMC,Wheat,Medium,FAQ,2300,2305,2303.26,14/04/2026
Uttar Pradesh,Lakhimpur,Lakhimpur APMC,Wheat,Dara,FAQ,2300,2310,2301.7,14/04/2026
Uttar Pradesh,Lalitpur,Lalitpur APMC,Wheat,Medium Fine,FAQ,2402,2402,2402,14/04/2026
Uttar Pradesh,Lalitpur,Lalitpur APMC,Wheat,Dara,FAQ,2300,2315,2303.49,14/04/2026
Uttar Pradesh,Pillibhit,Pilibhit APMC,Wheat,Medium Fine,FAQ,2302,2304,2303,14/04/2026
Uttar Pradesh,Shahjahanpur,Shahjahanpur APMC,Wheat,Mill Quality,FAQ,2300,2300,2300,14/04/2026
Uttar Pradesh,Shahjahanpur,Shahjahanpur APMC,Wheat,Medium,FAQ,2300,2310,2305,14/04/2026
Uttar Pradesh,Sitapur,Sitapur APMC,Wheat,Dara,FAQ,2300,2345,2312.22,14/04/2026
Uttar Pradesh,Sitapur,Sitapur APMC,Wheat,Dara Mill Quality,FAQ,2300,2300,2300,14/04/2026
Uttar Pradesh,Badaun,Badayoun APMC,Wheat,Dara,FAQ,2450,2450,2450,14/04/2026
Uttar Pradesh,Gonda,Gonda APMC,Wheat,Dara,FAQ,2400,2400,2400,14/04/2026
Uttar Pradesh,Badaun,Islam Nagar APMC,Wheat,Other,FAQ,2350,2350,2350,14/04/2026
Uttar Pradesh,Kushinagar,Kushinagar APMC,Wheat,Local,FAQ,2350,2350,2350,14/04/2026
Uttar Pradesh,Kushinagar,Kushinagar APMC,Wheat,Other,FAQ,2350,2350,2350,14/04/2026
Uttar Pradesh,Bijnor,Bijnaur APMC,Wheat,Other,FAQ,2605,2605,2605,14/04/2026
Uttar Pradesh,Badaun,Bisoli APMC,Wheat,Other,FAQ,2350,2350,2350,14/04/2026
Uttar Pradesh,Shahjahanpur,Powayan APMC,Wheat,2329,FAQ,2305,2325,2312.5,14/04/2026
Uttar Pradesh,Shahjahanpur,Powayan APMC,Wheat,Dara,FAQ,2300,2380,2307.06,14/04/2026
Uttar Pradesh,Ambedkarnagar,Akbarpur APMC,Wheat,Hybrid,FAQ,2450,2450,2450,14/04/2026
Uttar Pradesh,Banda,Atarra APMC,Wheat,Dara,FAQ,2600,2600,2600,14/04/2026
Uttar Pradesh,Banda,Atarra APMC,Wheat,Deshi,FAQ,2600,2605,2600.11,14/04/2026
Uttar Pradesh,Jalaun (Orai),Madhogarh APMC,Wheat,Dara,Local,2585,2590,2586,14/04/2026
Uttar Pradesh,Gautam Budh Nagar,Jewar APMC,Wheat,Wheat-Organic,FAQ,2450,2450,2450,14/04/2026
Uttar Pradesh,Lucknow,Banthara APMC,Wheat,Dara,FAQ,2350,2450,2374.61,14/04/2026
Uttar Pradesh,Khiri (Lakhimpur),Maigalganj APMC,Wheat,White,FAQ,2260,2260,2260,14/04/2026
Uttar Pradesh,Rampur,Milak APMC,Wheat,Other,FAQ,2400,2420,2405.66,14/04/2026
Uttar Pradesh,Sant Kabir Nagar,Khalilabad APMC,Wheat,Other,FAQ,2450,2450,2450,14/04/2026
Uttar Pradesh,Sant Kabir Nagar,Khalilabad APMC,Wheat,Dara,FAQ,2400,2400,2400,14/04/2026
Uttar Pradesh,Jalaun (Orai),Ait APMC,Wheat,Other,FAQ,2585,2590,2587.06,14/04/2026
Uttar Pradesh,Mahoba,Charkhari APMC,Wheat,Deshi,FAQ,2590,2590,2590,14/04/2026
Uttar Pradesh,Auraiya,Auraiya APMC,Wheat,Deshi,FAQ,2250,2250,2250,14/04/2026
Rajasthan,Tonk,Uniyara APMC,Wheat,Other,FAQ,2212,2341,2276,14/04/2026
Rajasthan,Baran,Anta APMC,Wheat,Other,Local,2192,2438,2315,14/04/2026
Rajasthan,Kota,Manohararthana APMC,Wheat,Wheat,Non-FAQ,2100,2540,2320,14/04/2026
Rajasthan,Ganganagar,Padampur APMC,Wheat,Other,FAQ,2265,2571,2370,14/04/2026
Rajasthan,Jhalawar,Khanpur APMC,Wheat,Other,FAQ,2100,2611,2370,14/04/2026
Rajasthan,Bundi,Dei APMC,Wheat,Other,Local,2100,2471,2300,14/04/2026
Rajasthan,Kota,Khatauli APMC,Wheat,Wheat,Local,2241,2360,2300,14/04/2026
Rajasthan,Baran,Baran APMC,Wheat,Other,Local,2300,2964,2460,14/04/2026
Rajasthan,Udaipur,Fatehnagar APMC,Wheat,Local,FAQ,2076,2441,2300,14/04/2026
Rajasthan,Jhalawar,Choumahla APMC,Wheat,Other,Non-FAQ,2000,2450,2225,14/04/2026
Rajasthan,Ganganagar,Raisingh Nagar APMC,Wheat,Other,Non-FAQ,2240,2471,2350,14/04/2026
Rajasthan,Pali,Rani APMC,Wheat,Deshi,Local,2200,2280,2252,14/04/2026
Rajasthan,Baran,Samraniyan APMC,Wheat,Other,Local,2340,2570,2460,14/04/2026
Rajasthan,Tonk,Dooni APMC,Wheat,147 Average,Local,2115,2237,2176,14/04/2026
Haryana,Jind,Pillukhera APMC,Wheat,Local,FAQ,2585,2585,2585,14/04/2026
Haryana,Jind,Uchana APMC,Wheat,Other,FAQ,2585,2585,2585,14/04/2026
Haryana,Panipat,Panipat(Baharpur) APMC,Wheat,Other,FAQ,2585,2585,2585,14/04/2026
Haryana,Jind,"New Grain Market , Jind APMC",Wheat,147 Average,Local,2585,2585,2585,14/04/2026
Haryana,Ambala,Barara APMC,Wheat,Other,FAQ,2585,2585,2585,14/04/2026
Haryana,Panipat,Bapauli APMC,Wheat,Other,FAQ,2585,2585,2585,14/04/2026
Haryana,Mahendragarh-Narnaul,Khanina APMC,Wheat,Other,FAQ,2585,2585,2585,14/04/2026
Haryana,Kurukshetra,Pehowa(Gumthala Gahru) APMC,Wheat,Other,Local,2585,2585,2585,14/04/2026
Haryana,Hissar,Hissar APMC,Wheat,Local,Local,2585,2590,2585,14/04/2026
Haryana,Jind,Safidon APMC,Wheat,Other,FAQ,2585,2585,2585,14/04/2026
Haryana,Kaithal,Pai APMC,Wheat,Other,FAQ,2585,2585,2585,14/04/2026
Haryana,Ambala,Ambala City APMC,Wheat,Other,FAQ,2585,2585,2585,14/04/2026
Haryana,Kurukshetra,Pipli APMC,Wheat,Wheat,Local,2585,2585,2585,14/04/2026
Haryana,Kurukshetra,Babain APMC,Wheat,Local,Local,2585,2585,2585,14/04/2026
Haryana,Sirsa,Kalawali(Odhan) APMC,Wheat,Other,FAQ,2585,2585,2585,14/04/2026
Haryana,Bhiwani,Loharu APMC,Wheat,Other,FAQ,2585,2585,2585,14/04/2026
Haryana,Ambala,Mullana(saha) APMC,Wheat,Other,FAQ,2585,2585,2585,14/04/2026
Haryana,Panipat,Panipat APMC,Wheat,Other,FAQ,2585,2585,2585,14/04/2026
Haryana,Ambala,Mullana APMC,Wheat,Other,FAQ,2585,2585,2585,14/04/2026
Haryana,Bhiwani,Tosham APMC,Wheat,Local,FAQ,2585,2585,2585,14/04/2026
Haryana,Kurukshetra,Shahabad APMC,Wheat,Super Fine,FAQ,2585,2585,2585,14/04/2026
Haryana,Karnal,Kunjpura APMC,Wheat,Other,FAQ,2585,2585,2585,14/04/2026
Punjab,Patiala,Patiala(New Anaj Mandi) APMC,Wheat,Other,Grade Range-2,2585,2585,2585,14/04/2026
Punjab,Mansa,Bareta APMC,Wheat,Other,FAQ,2585,2585,2585,14/04/2026
Punjab,Mansa,Bhikhi APMC,Wheat,Other,FAQ,2585,2585,2585,14/04/2026
Punjab,Ludhiana,Ludhiana(Mandi gill Road) APMC,Wheat,Other,FAQ,2585,2590,2585,14/04/2026
Punjab,Bhatinda,Rampuraphul(Bhai Rupan) APMC,Wheat,Other,Grade Range-1,2585,2585,2585,14/04/2026
Punjab,Bhatinda,Rampuraphul(Dhapali) APMC,Wheat,Other,Grade Range-1,2585,2585,2585,14/04/2026
Punjab,Ludhiana,Sahnewal APMC,Wheat,Other,FAQ,2585,2585,2585,14/04/2026
Punjab,Barnala,Mehal Kalan APMC,Wheat,Other,Local,2585,2585,2585,14/04/2026
Punjab,Faridkot,Jaitu APMC,Wheat,Local,Local,2585,2585,2585,14/04/2026
Punjab,Moga,Ajitwal APMC,Wheat,Other,Grade Range-1,2585,2585,2585,14/04/2026
Punjab,Patiala,Patiala(Anaj Mandi Sanaur Road) APMC,Wheat,Other,Grade Range-1,2585,2585,2585,14/04/2026
Punjab,Patiala,Samana(Gajewas) APMC,Wheat,Kanak,Local,5170,5170,5170,14/04/2026
Punjab,Patiala,Samana(Kakrala) APMC,Wheat,Hybrid,Local,5170,5170,5170,14/04/2026
Punjab,Fatehgarh,Bassi Pathana APMC,Wheat,Other,FAQ,2585,2585,2585,14/04/2026
Punjab,Fazilka,Abohar APMC,Wheat,Other,FAQ,2585,2590,2585,14/04/2026
Punjab,Patiala,Samana APMC,Wheat,Hybrid,Local,5170,5170,5170,14/04/2026
Punjab,Fatehgarh,Amloh(Gobind Garh Mandi) APMC,Wheat,Other,FAQ,5170,5170,5170,14/04/2026
Punjab,Ludhiana,Ludhiana(Salem Tabri) APMC,Wheat,Other,FAQ,2585,2590,2585,14/04/2026
West Bengal,Bankura,Bishnupur(Bankura) APMC,Wheat,Sonalika,Non-FAQ,2900,3200,3100,14/04/2026
West Bengal,Bankura,Khatra APMC,Wheat,Sonalika,Non-FAQ,2900,3200,3100,14/04/2026
West Bengal,Nadia,Karimpur APMC,Wheat,Local,Grade Range-1,2800,3000,2900,14/04/2026
Uttarakhand,Udhamsinghnagar,Gadarpur APMC,Wheat,Other,Local,2500,2500,2500,14/04/2026
Assam,Kamrup,Fancy Bazaar APMC,Wheat Atta,Wheat Atta,FAQ,6400,8000,7400,14/04/2026
Maharashtra,Raigad,Murud APMC,Rice,Other,Local,2500,2700,2600,14/04/2026
Maharashtra,Mumbai,Mumbai APMC,Rice,Other,Local,3000,6000,4500,14/04/2026
Maharashtra,Raigad,Alibagh APMC,Rice,Other,Local,2500,2700,2600,14/04/2026
Maharashtra,Pune,Pune APMC,Rice,Other,Local,4200,7200,5700,14/04/2026
Maharashtra,Raigad,Karjat(Raigad) APMC,Rice,Other,Local,3700,6000,5100,14/04/2026
Uttar Pradesh,Chitrakut,Karvi APMC,Rice,Common,FAQ,2400,2450,2446.06,14/04/2026
Uttar Pradesh,Fatehpur,Jahanabad APMC,Rice,Common,FAQ,2450,2450,2450,14/04/2026
Uttar Pradesh,Barabanki,Safdarganj APMC,Rice,Common,FAQ,2575,2750,2708.87,14/04/2026
Uttar Pradesh,Kanpur,Kanpur(Grain) APMC,Rice,Common,FAQ,3369.47,3369.47,3369.47,14/04/2026
Uttar Pradesh,Maharajganj,Anandnagar APMC,Rice,Common,FAQ,2200,2200,2200,14/04/2026
Uttar Pradesh,Siddharth Nagar,Naugarh APMC,Rice,Kalanamak,FAQ,12000,12000,12000,14/04/2026
Uttar Pradesh,Azamgarh,Azamgarh APMC,Rice,Common,FAQ,2400,2500,2441.31,14/04/2026
Uttar Pradesh,Bahraich,Bahraich APMC,Rice,Broken Rice(Kanki),FAQ,2250,2250,2250,14/04/2026
Uttar Pradesh,Siddharth Nagar,Sahiyapur APMC,Rice,Other,FAQ,2510,2510,2510,14/04/2026
Uttar Pradesh,Hathras,Sikandraraau APMC,Rice,Other,FAQ,2145,2205,2180,14/04/2026
Uttar Pradesh,Kannuj,Kannauj APMC,Rice,Common,FAQ,2500,2500,2500,14/04/2026
Uttar Pradesh,Saharanpur,Deoband APMC,Rice,Other,FAQ,3200,3200,3200,14/04/2026
Uttar Pradesh,Mau(Maunathbhanjan),Kopaganj APMC,Rice,Basmati Mogra (Raw/New),FAQ,3412.5,3412.5,3412.5,14/04/2026
Uttar Pradesh,Bulandshahar,Buland Shahr APMC,Rice,Common,FAQ,4000,4000,4000,14/04/2026
Uttar Pradesh,Ayodhya,Rudauli APMC,Rice,Common,FAQ,2400,2400,2400,14/04/2026
Uttar Pradesh,Kanpur Dehat,Rura APMC,Rice,Other,FAQ,2600,2650,2625,14/04/2026
Uttar Pradesh,Varanasi,Varanasi APMC,Rice,Common,FAQ,2500,4341.16,4075,14/04/2026
Uttar Pradesh,Siddharth Nagar,Shohratgarh APMC,Rice,Common,FAQ,2500,2500,2500,14/04/2026
Uttar Pradesh,Siddharth Nagar,Naugarh APMC,Rice,Common,FAQ,2300,2400,2305.66,14/04/2026
Uttar Pradesh,Mau(Maunathbhanjan),Kopaganj APMC,Rice,Common,FAQ,2450,2450,2450,14/04/2026
Uttar Pradesh,Bahraich,Bahraich APMC,Rice,Common,FAQ,2550,2550,2550,14/04/2026
Uttar Pradesh,Barabanki,Barabanki APMC,Rice,Common,FAQ,2400,2400,2400,14/04/2026
Uttar Pradesh,Basti,Basti APMC,Rice,Common,FAQ,2500,2500,2500,14/04/2026
Uttar Pradesh,Fatehpur,Bindki APMC,Rice,Common,FAQ,2510,2510,2510,14/04/2026
Uttar Pradesh,Kanpur,Kanpur(Grain) APMC,Rice,Other,FAQ,3531.34,3531.34,3531.34,14/04/2026
Uttar Pradesh,Lakhimpur,Lakhimpur APMC,Rice,Common,FAQ,2665,2665,2665,14/04/2026
Uttar Pradesh,Lucknow,Lucknow APMC,Rice,Common,FAQ,6200,6200,6200,14/04/2026
Uttar Pradesh,Kushinagar,Kushinagar APMC,Rice,Common,FAQ,2150,2150,2150,14/04/2026
Uttar Pradesh,Deoria,Devariya APMC,Rice,Common,FAQ,2000,2200,2173.81,14/04/2026
Uttar Pradesh,Ghaziabad,Hapur APMC,Rice,Other,FAQ,4187.5,4187.5,4187.5,14/04/2026
Uttar Pradesh,Gonda,Nawabganj APMC,Rice,Common,FAQ,2400,2450,2433.76,14/04/2026
Uttar Pradesh,Barabanki,Safdarganj APMC,Rice,Other,FAQ,2710,2850,2810.44,14/04/2026
Uttar Pradesh,Siddharth Nagar,Sahiyapur APMC,Rice,Common,FAQ,2510,2510,2510,14/04/2026
Uttar Pradesh,Kanpur,Uttaripura APMC,Rice,Other,FAQ,2200,2200,2200,14/04/2026
Uttar Pradesh,Ghazipur,Yusufpur APMC,Rice,Common,FAQ,2400,2400,2400,14/04/2026
Uttar Pradesh,Lucknow,Banthara APMC,Rice,Common,FAQ,2280,2700,2423.17,14/04/2026
West Bengal,Bankura,Bishnupur(Bankura) APMC,Rice,Common,Local,3650,3850,3750,14/04/2026
West Bengal,Coochbehar,Dinhata APMC,Rice,Common,FAQ,3900,4100,4000,14/04/2026
West Bengal,Coochbehar,Haldibari APMC,Rice,Common,FAQ,3900,4100,4000,14/04/2026
West Bengal,Murshidabad,Lalbagh APMC,Rice,Other,FAQ,3350,3500,3400,14/04/2026
West Bengal,Medinipur(E),Kolaghat APMC,Rice,Fine,FAQ,4400,4600,4500,14/04/2026
West Bengal,Coochbehar,Toofanganj APMC,Rice,Common,FAQ,3900,4100,4000,14/04/2026
West Bengal,Puruliya,Balarampur APMC,Rice,Other,FAQ,3900,4200,4000,14/04/2026
West Bengal,Medinipur(W),Ghatal APMC,Rice,Masuri,Local,3180,3240,3200,14/04/2026
West Bengal,Purba Bardhaman,Katwa APMC,Rice,Common,FAQ,3150,3175,3160,14/04/2026
West Bengal,Coochbehar,Mekhliganj APMC,Rice,Common,FAQ,3900,4100,4000,14/04/2026
West Bengal,Nadia,Karimpur APMC,Rice,Fine,Grade Range-1,4900,5100,5000,14/04/2026
West Bengal,Medinipur(E),Kolaghat APMC,Rice,Common,FAQ,3600,3800,3700,14/04/2026
West Bengal,Medinipur(E),Tamluk (Medinipur E) APMC,Rice,Common,FAQ,3600,3800,3700,14/04/2026
West Bengal,Darjeeling,Siliguri APMC,Rice,Fine(Basmati),FAQ,4800,5000,4900,14/04/2026
West Bengal,Hooghly,Kalipur APMC,Rice,Fine,FAQ,4960,4980,4960,14/04/2026
West Bengal,Coochbehar,Baxirhat APMC,Rice,Common,FAQ,3900,4100,4000,14/04/2026
West Bengal,Bankura,Bishnupur(Bankura) APMC,Rice,Fine,Grade Range-3,4550,4700,4650,14/04/2026
West Bengal,Murshidabad,Kasimbazar APMC,Rice,Common,FAQ,3400,3700,3550,14/04/2026
West Bengal,Nadia,Bethuadahari APMC,Rice,Fine,Grade Range-1,4900,5100,5000,14/04/2026
West Bengal,Sounth 24 Parganas,Baruipur(Canning) APMC,Rice,Fine,FAQ,4700,4900,4800,14/04/2026
West Bengal,Coochbehar,Mathabhanga APMC,Rice,Common,FAQ,3900,4100,4000,14/04/2026
West Bengal,Hooghly,Kalipur APMC,Rice,Common,FAQ,3260,3300,3280,14/04/2026
West Bengal,Bankura,Khatra APMC,Rice,Common,Local,3700,3850,3750,14/04/2026
West Bengal,Medinipur(E),Tamluk (Medinipur E) APMC,Rice,Fine,FAQ,4400,4600,4500,14/04/2026
West Bengal,Uttar Dinajpur,Kaliaganj APMC,Rice,Fine,FAQ,4500,4700,4600,14/04/2026
West Bengal,Sounth 24 Parganas,Baruipur(Canning) APMC,Rice,Common,FAQ,3200,3400,3300,14/04/2026
Kerala,Kottayam,Kottayam APMC,Rice,Other,FAQ,4500,5100,4800,14/04/2026
Uttarakhand,Udhamsinghnagar,Bazpur APMC,Rice,Common,FAQ,2516,3150,2935,14/04/2026
Uttarakhand,Udhamsinghnagar,Gadarpur APMC,Rice,Other,Local,3150,3150,3150,14/04/2026
Assam,Kamrup,Fancy Bazaar APMC,Rice,Fine,FAQ,3550,8150,7100,14/04/2026
Assam,Kamrup,Fancy Bazaar APMC,Rice,Super Fine,FAQ,6250,18100,12100,14/04/2026
Assam,Kamrup,Fancy Bazaar APMC,Rice,Common,FAQ,3250,4050,3550,14/04/2026
Assam,Kamrup,Fancy Bazaar APMC,Beaten Rice,Beaten Rice,FAQ,21600,32000,27200,14/04/2026
Madhya Pradesh,Dhar,Manawar APMC,Maize,Local,Non-FAQ,1511,1700,1700,14/04/2026
Madhya Pradesh,Alirajpur,Alirajpur APMC,Maize,Local,FAQ,1554.55,1554.55,1554.55,14/04/2026
Madhya Pradesh,Khargone,Bhikangaon APMC,Maize,Local,FAQ,1450,1825,1800,14/04/2026
Madhya Pradesh,Khandwa,Harsood APMC,Maize,Yellow,FAQ,1650,1650,1650,14/04/2026
Madhya Pradesh,Chhindwara,Pandhurna APMC,Maize,Local,Non-FAQ,1725,1729,1729,14/04/2026
Madhya Pradesh,Khargone,Khargone APMC,Maize,Local,FAQ,1400,1635,1400,14/04/2026
Madhya Pradesh,Chhindwara,Chaurai APMC,Maize,Local,Non-FAQ,1650,1710,1650,14/04/2026
Madhya Pradesh,Vidisha,Sironj APMC,Maize,Local,FAQ,1600,1610,1600,14/04/2026
Madhya Pradesh,Dhar,Manawar APMC,Maize,Local,FAQ,1250,1775,1650,14/04/2026
Madhya Pradesh,Jhabua,Petlawad APMC,Maize,Local,Non-FAQ,1400,1400,1400,14/04/2026
Madhya Pradesh,Alirajpur,Jobat APMC,Maize,Local,FAQ,1800,1800,1800,14/04/2026
Madhya Pradesh,Khargone,Kasrawad APMC,Maize,Local,FAQ,1450,1450,1450,14/04/2026
Madhya Pradesh,Khargone,Segaon APMC,Maize,Local,Non-FAQ,1600,1760,1700,14/04/2026
Madhya Pradesh,Badwani,Anjad APMC,Maize,Local,Non-FAQ,1031,2155,1700,14/04/2026
Madhya Pradesh,Chhindwara,Chhindwara APMC,Maize,Yellow,FAQ,1541,1552,1552,14/04/2026
Madhya Pradesh,Seoni,Seoni APMC,Maize,Local,FAQ,1750,1750,1750,14/04/2026
Madhya Pradesh,Khargone,Khargone APMC,Maize,Sweet Corn (For Biscuits),FAQ,1600,1600,1600,14/04/2026
Madhya Pradesh,Khandwa,Khandwa APMC,Maize,Local,FAQ,1550,1600,1560,14/04/2026
Madhya Pradesh,Khandwa,Khandwa APMC,Maize,Local,Non-FAQ,1710,1710,1710,14/04/2026
Madhya Pradesh,Badwani,Badwani APMC,Maize,Local,FAQ,1725,1725,1725,14/04/2026
Madhya Pradesh,Jhabua,Petlawad APMC,Maize,Local,FAQ,1500,1500,1500,14/04/2026
Madhya Pradesh,Khargone,Sanawad APMC,Maize,Local,FAQ,1000,1625,1300,14/04/2026
Madhya Pradesh,Khargone,Segaon APMC,Maize,Local,FAQ,1350,1711,1700,14/04/2026
Madhya Pradesh,Badwani,Anjad APMC,Maize,Yellow,FAQ,15.5,1775,1500,14/04/2026
Madhya Pradesh,Dewas,Kannod APMC,Maize,Local,Non-FAQ,1600,1650,1650,14/04/2026
Madhya Pradesh,Dewas,Bagli APMC,Maize,Yellow,Non-FAQ,1450,1510,1510,14/04/2026
Madhya Pradesh,Chhindwara,Amarwda APMC,Maize,Local,Non-FAQ,1501,1521,1511,14/04/2026
Madhya Pradesh,Seoni,Lakhnadon APMC,Maize,Local,Non-FAQ,1500,1620,1600,14/04/2026
Madhya Pradesh,Seoni,Lakhnadon APMC,Maize,Local,FAQ,1655,1700,1700,14/04/2026
Madhya Pradesh,Khandwa,Mundi APMC,Maize,Local,FAQ,1345,1660,1660,14/04/2026
Madhya Pradesh,Badwani,Sendhwa APMC,Maize,Local,FAQ,1450,1750,1450,14/04/2026
Madhya Pradesh,Badwani,Sendhwa APMC,Maize,Local,Non-FAQ,1320,1660,1640,14/04/2026
Madhya Pradesh,Dhar,Rajgarh APMC,Maize,Yellow,Non-FAQ,1700,1700,1700,14/04/2026
Madhya Pradesh,Khargone,Badwaha APMC,Maize,Local,Non-FAQ,1400,1435,1435,14/04/2026
Madhya Pradesh,Khandwa,Harsood APMC,Maize,Yellow,Non-FAQ,1420,1420,1420,14/04/2026
Madhya Pradesh,Chhindwara,Amarwda APMC,Maize,Local,FAQ,1650,1755,1700,14/04/2026
Madhya Pradesh,Seoni,Seoni APMC,Maize,Local,Non-FAQ,1750,1750,1750,14/04/2026
Madhya Pradesh,Khargone,Khargone APMC,Maize,Local,Non-FAQ,1250,1650,1400,14/04/2026
Madhya Pradesh,Burhanpur,Burhanpur APMC,Maize,Local,FAQ,5.39,1760,1750,14/04/2026
Madhya Pradesh,Burhanpur,Burhanpur APMC,Maize,Local,Non-FAQ,1405,1680,1680,14/04/2026
Madhya Pradesh,Dhar,Dhamnod APMC,Maize,Yellow,FAQ,15.25,1571,1557,14/04/2026
Madhya Pradesh,Dhar,Dhamnod APMC,Maize,Local,FAQ,1207,1760,1450,14/04/2026
Madhya Pradesh,Dhar,Kukshi APMC,Maize,Local,FAQ,1460,1500,1500,14/04/2026
Madhya Pradesh,Dhar,Kukshi APMC,Maize,Local,Non-FAQ,1300,1440,1440,14/04/2026
Madhya Pradesh,Sehore,Nasrullaganj APMC,Maize,Local,FAQ,1625,1699,1685,14/04/2026
Madhya Pradesh,Dhar,Manawar APMC,Maize,Yellow,FAQ,1380,1720,1720,14/04/2026
Madhya Pradesh,Khargone,Badwaha APMC,Maize,Local,FAQ,1330,1725,1625,14/04/2026
Madhya Pradesh,Khargone,Karhi APMC,Maize,Local,FAQ,1200,1755,1750,14/04/2026
Madhya Pradesh,Badwani,Anjad APMC,Maize,Local,FAQ,1300,1770,1500,14/04/2026
Madhya Pradesh,Khandwa,Harsood APMC,Maize,Local,Non-FAQ,1400,1600,1600,14/04/2026
Madhya Pradesh,Khandwa,Pandhana APMC,Maize,Yellow,FAQ,1685,1725,1725,14/04/2026
Madhya Pradesh,Dewas,Loharda APMC,Maize,Local,FAQ,1350,1600,1400,14/04/2026
Madhya Pradesh,Seoni,Ghansour APMC,Maize,Local,Non-FAQ,1580,1610,1610,14/04/2026
Madhya Pradesh,Dhar,Dhar APMC,Maize,Local,FAQ,1660,1750,1750,14/04/2026
Madhya Pradesh,Badwani,Badwani APMC,Maize,Yellow,FAQ,1225,1600,1300,14/04/2026
Madhya Pradesh,Dhar,Gandhwani APMC,Maize,Local,FAQ,1300,1700,1500,14/04/2026
Madhya Pradesh,Mandsaur,Garoth APMC,Maize,Local,Non-FAQ,1526,1526,1526,14/04/2026
Maharashtra,Ahmednagar,Om Chaitanya Multistate Agro Purpose CoOp Society  APMC,Maize,Other,Local,1700,1700,1700,14/04/2026
Maharashtra,Mumbai,Mumbai APMC,Maize,Other,FAQ,2400,2900,2700,14/04/2026
Maharashtra,Amarawati,Varud APMC,Maize,Other,Non-FAQ,1325,1325,1325,14/04/2026
Maharashtra,Pune,Pune APMC,Maize,Deshi Red,FAQ,2500,2900,2700,14/04/2026
Uttar Pradesh,Hardoi,Hardoi APMC,Maize,Other,FAQ,1700,1700,1700,14/04/2026
Uttar Pradesh,Sambhal,Chandausi APMC,Maize,Other,FAQ,1800,1800,1800,14/04/2026
Uttar Pradesh,Aligarh,Charra APMC,Maize,Hybrid,FAQ,1800,1900,1850,14/04/2026
Uttar Pradesh,Mainpuri,Mainpuri APMC,Maize,Other,FAQ,1650,1650,1650,14/04/2026
Uttar Pradesh,Kasganj,Kasganj APMC,Maize,Other,FAQ,1750,1750,1750,14/04/2026
Uttar Pradesh,Kanpur Dehat,Rura APMC,Maize,Yellow,FAQ,1950,2000,1975,14/04/2026
Uttar Pradesh,Bulandshahar,Siyana APMC,Maize,Other,FAQ,2280,2290,2285,14/04/2026
Uttar Pradesh,Fatehpur,Bindki APMC,Maize,Other,FAQ,2100,2100,2100,14/04/2026
Uttar Pradesh,Hardoi,Madhoganj APMC,Maize,Other,FAQ,1800,1850,1827.5,14/04/2026
Rajasthan,Udaipur,Fatehnagar APMC,Maize,Hybrid,FAQ,1540,1747,1643,14/04/2026
Rajasthan,Chittorgarh,Kapasan APMC,Maize,Hybrid,Grade Range-2,1600,1700,1650,14/04/2026
Rajasthan,Baran,Baran APMC,Maize,Other,Local,1590,1701,1670,14/04/2026
Rajasthan,Bundi,Dei APMC,Maize,Other,Local,1689,1689,1689,14/04/2026
Karnataka,Haveri,Ranebennur APMC,Maize,Local,FAQ,1570,2000,1785,14/04/2026
Telangana,Karimnagar,Ibrahimpatnam APMC,Maize,Local,FAQ,2400,2400,2400,14/04/2026
Assam,Kamrup,Sontoli APMC,Maize,Maize/Corn-Organic,FAQ,1500,1600,1600,14/04/2026
